Date,Open,High,Low,Close,Adj Close,Volume
1985-08-08,0.0,0.5625,0.5546879768371582,0.5546879768371582,0.41705384850502014,6630400
1985-08-09,0.0,0.5546879768371582,0.546875,0.546875,0.4111792743206024,10294400
1985-08-12,0.0,0.546875,0.5390629768371582,0.5390629768371582,0.40530580282211304,3756800
1985-08-13,0.0,0.53125,0.5234379768371582,0.5234379768371582,0.39355796575546265,15484800
1985-08-14,0.0,0.5390629768371582,0.5234379768371582,0.5234379768371582,0.39355796575546265,5305600
1985-08-15,0.0,0.53125,0.5234379768371582,0.5234379768371582,0.39355796575546265,4633600
1985-08-16,0.0,0.53125,0.5195310115814209,0.5195310115814209,0.3906204104423523,2230400
1985-08-19,0.0,0.5273439884185791,0.5195310115814209,0.5195310115814209,0.3906204104423523,665600
1985-08-20,0.0,0.53125,0.5273439884185791,0.5273439884185791,0.39649465680122375,1875200
1985-08-21,0.0,0.5390629768371582,0.53125,0.53125,0.3994314670562744,7030400
1985-08-22,0.0,0.5429689884185791,0.5351560115814209,0.5351560115814209,0.4023682475090027,6822400
1985-08-23,0.0,0.5390629768371582,0.53125,0.53125,0.3994314670562744,2720000
1985-08-26,0.0,0.5351560115814209,0.5273439884185791,0.5273439884185791,0.39649465680122375,2262400
1985-08-27,0.0,0.5273439884185791,0.5195310115814209,0.5195310115814209,0.3906204104423523,2342400
1985-08-28,0.0,0.5273439884185791,0.5234379768371582,0.5234379768371582,0.39355796575546265,342400
1985-08-29,0.0,0.5273439884185791,0.5234379768371582,0.5234379768371582,0.39355796575546265,368000
1985-08-30,0.0,0.5273439884185791,0.5195310115814209,0.5195310115814209,0.3906204104423523,963200
1985-09-03,0.0,0.5234379768371582,0.515625,0.515625,0.38768360018730164,1718400
1985-09-04,0.0,0.5234379768371582,0.515625,0.515625,0.38768360018730164,1708800
1985-09-05,0.0,0.5195310115814209,0.515625,0.515625,0.38768360018730164,1651200
1985-09-06,0.0,0.5273439884185791,0.5234379768371582,0.5234379768371582,0.39355796575546265,2441600
1985-09-09,0.0,0.53125,0.5234379768371582,0.5234379768371582,0.39355796575546265,2803200
1985-09-10,0.0,0.53125,0.5234379768371582,0.5234379768371582,0.39355796575546265,1958400
1985-09-11,0.0,0.5234379768371582,0.515625,0.515625,0.38768360018730164,2272000
1985-09-12,0.0,0.5195310115814209,0.5117189884185791,0.5117189884185791,0.38474658131599426,4339200
1985-09-13,0.0,0.46875,0.4609380066394806,0.4609380066394806,0.34656596183776855,2185600
1985-09-16,0.0,0.4570310115814209,0.4453130066394806,0.4453130066394806,0.3348179757595062,2265600
1985-09-17,0.0,0.4140630066394806,0.40625,0.40625,0.30544763803482056,2179200
1985-09-18,0.0,0.4609380066394806,0.453125,0.453125,0.34069159626960754,2150400
1985-09-19,0.0,0.484375,0.4804689884185791,0.4804689884185791,0.36125075817108154,1712000
1985-09-20,0.0,0.4804689884185791,0.4765630066394806,0.4765630066394806,0.3583139181137085,444800
1985-09-23,0.0,0.4882810115814209,0.4765630066394806,0.4765630066394806,0.3583139181137085,441600
1985-09-24,0.0,0.484375,0.4765630066394806,0.4765630066394806,0.3583139181137085,224000
1985-09-25,0.0,0.484375,0.4765630066394806,0.4765630066394806,0.3583139181137085,3385600
1985-09-26,0.0,0.484375,0.4765630066394806,0.4765630066394806,0.3583139181137085,646400
1985-09-30,0.0,0.4765630066394806,0.46875,0.46875,0.3524395823478699,707200
1985-10-01,0.0,0.4765630066394806,0.46875,0.46875,0.3524395823478699,137600
1985-10-02,0.0,0.484375,0.4765630066394806,0.4765630066394806,0.3583139181137085,540800
1985-10-03,0.0,0.484375,0.4765630066394806,0.4765630066394806,0.3583139181137085,179200
1985-10-04,0.0,0.484375,0.4726560115814209,0.4726560115814209,0.35537633299827576,262400
1985-10-07,0.0,0.4804689884185791,0.4726560115814209,0.4726560115814209,0.35537633299827576,83200
1985-10-08,0.0,0.4804689884185791,0.4726560115814209,0.4726560115814209,0.35537633299827576,108800
1985-10-09,0.0,0.4765630066394806,0.46875,0.46875,0.3524395823478699,412800
1985-10-10,0.0,0.4765630066394806,0.46875,0.46875,0.3524395823478699,934400
1985-10-11,0.0,0.4804689884185791,0.4726560115814209,0.4726560115814209,0.35537633299827576,2243200
1985-10-14,0.0,0.5,0.4882810115814209,0.4882810115814209,0.3671243190765381,361600
1985-10-15,0.0,0.4882810115814209,0.484375,0.484375,0.3641875684261322,771200
1985-10-16,0.0,0.4921880066394806,0.4882810115814209,0.4882810115814209,0.3671243190765381,892800
1985-10-17,0.0,0.5195310115814209,0.5117189884185791,0.5117189884185791,0.38474658131599426,1600000
1985-10-18,0.0,0.5195310115814209,0.5117189884185791,0.5117189884185791,0.38474658131599426,736000
1985-10-21,0.0,0.515625,0.5078129768371582,0.5078129768371582,0.38180992007255554,156800
1985-10-22,0.0,0.515625,0.5078129768371582,0.5078129768371582,0.38180992007255554,147200
1985-10-23,0.0,0.5351560115814209,0.53125,0.53125,0.3994314670562744,1235200
1985-10-24,0.0,0.5117189884185791,0.5078129768371582,0.5078129768371582,0.38180992007255554,1971200
1985-10-25,0.0,0.515625,0.5078129768371582,0.5078129768371582,0.38180992007255554,329600
1985-10-28,0.0,0.5039060115814209,0.4960939884185791,0.4960939884185791,0.37299874424934387,889600
1985-10-29,0.0,0.5078129768371582,0.4960939884185791,0.4960939884185791,0.37299874424934387,835200
1985-10-30,0.0,0.515625,0.5039060115814209,0.5039060115814209,0.37887248396873474,1564800
1985-10-31,0.0,0.515625,0.5117189884185791,0.5117189884185791,0.38474658131599426,796800
1985-11-01,0.0,0.515625,0.5078129768371582,0.5078129768371582,0.38180992007255554,806400
1985-11-04,0.0,0.515625,0.5078129768371582,0.5078129768371582,0.38180992007255554,348800
1985-11-05,0.0,0.515625,0.5117189884185791,0.5117189884185791,0.38474658131599426,912000
1985-11-06,0.0,0.5390629768371582,0.5273439884185791,0.5273439884185791,0.39649465680122375,1648000
1985-11-07,0.0,0.546875,0.5429689884185791,0.5429689884185791,0.40824252367019653,3670400
1985-11-08,0.0,0.5625,0.5546879768371582,0.5546879768371582,0.41705384850502014,3062400
1985-11-11,0.0,0.5625,0.5546879768371582,0.5546879768371582,0.41705384850502014,3395200
1985-11-12,0.0,0.5625,0.5546879768371582,0.5546879768371582,0.41705384850502014,2217600
1985-11-13,0.0,0.5664060115814209,0.5585939884185791,0.5585939884185791,0.4199906587600708,1024000
1985-11-14,0.0,0.5625,0.5585939884185791,0.5585939884185791,0.4199906587600708,2643200
1985-11-15,0.0,0.5625,0.5507810115814209,0.5585939884185791,0.4199906587600708,5955200
1985-11-18,0.0,0.5664060115814209,0.5585939884185791,0.5585939884185791,0.4199906587600708,422400
1985-11-19,0.0,0.5625,0.5546879768371582,0.5625,0.42292752861976624,1590400
1985-11-20,0.0,0.5664060115814209,0.5585939884185791,0.5585939884185791,0.4199906587600708,160000
1985-11-21,0.0,0.5664060115814209,0.5585939884185791,0.5625,0.42292752861976624,486400
1985-11-22,0.0,0.5625,0.5585939884185791,0.5625,0.42292752861976624,518400
1985-11-25,0.0,0.5625,0.546875,0.5585939884185791,0.4199906587600708,1670400
1985-11-26,0.0,0.5625,0.5546879768371582,0.5625,0.42292752861976624,1241600
1985-11-27,0.0,0.6210939884185791,0.5585939884185791,0.6015629768371582,0.4522976875305176,3932800
1985-11-29,0.0,0.6328129768371582,0.6015629768371582,0.6289060115814209,0.4728561341762543,1740800
1985-12-02,0.0,0.6289060115814209,0.6132810115814209,0.6210939884185791,0.4669826030731201,921600
1985-12-03,0.0,0.625,0.6171879768371582,0.625,0.46991950273513794,1667200
1985-12-04,0.0,0.625,0.6171879768371582,0.6171879768371582,0.4640458822250366,614400
1985-12-05,0.0,0.625,0.6171879768371582,0.6210939884185791,0.4669826030731201,4579200
1985-12-06,0.0,0.6210939884185791,0.609375,0.6171879768371582,0.4640458822250366,1558400
1985-12-09,0.0,0.6171879768371582,0.6132810115814209,0.6132810115814209,0.46110838651657104,268800
1985-12-10,0.0,0.6171879768371582,0.5703129768371582,0.5742189884185791,0.4317386746406555,2435200
1985-12-11,0.0,0.6015629768371582,0.5820310115814209,0.59375,0.44642341136932373,1945600
1985-12-12,0.0,0.6132810115814209,0.5976560115814209,0.609375,0.4581712782382965,2496000
1985-12-13,0.0,0.6171879768371582,0.6054689884185791,0.6054689884185791,0.4552346467971802,1088000
1985-12-16,0.0,0.609375,0.59375,0.59375,0.44642341136932373,1414400
1985-12-17,0.0,0.5976560115814209,0.5703129768371582,0.578125,0.4346756339073181,3750400
1985-12-18,0.0,0.578125,0.5625,0.5664060115814209,0.4258645176887512,6140800
1985-12-19,0.0,0.5742189884185791,0.5625,0.5664060115814209,0.4258645176887512,592000
1985-12-20,0.0,0.5703129768371582,0.5546879768371582,0.5625,0.42292752861976624,1971200
1985-12-23,0.0,0.5625,0.53125,0.53125,0.3994314670562744,2748800
1985-12-24,0.0,0.5429689884185791,0.5351560115814209,0.5390629768371582,0.40530580282211304,1628800
1985-12-26,0.0,0.546875,0.5390629768371582,0.5390629768371582,0.40530580282211304,406400
1985-12-27,0.0,0.5429689884185791,0.5351560115814209,0.5429689884185791,0.40824252367019653,275200
1985-12-30,0.0,0.5507810115814209,0.5351560115814209,0.5507810115814209,0.41411611437797546,864000
1985-12-31,0.0,0.5703129768371582,0.546875,0.5625,0.42292752861976624,508800
1986-01-02,0.0,0.5703129768371582,0.5625,0.5625,0.42292752861976624,236800
1986-01-03,0.0,0.5703129768371582,0.5585939884185791,0.5703129768371582,0.42880189418792725,73600
1986-01-06,0.0,0.5703129768371582,0.546875,0.5507810115814209,0.41411611437797546,1020800
1986-01-07,0.0,0.5585939884185791,0.546875,0.546875,0.4111792743206024,1011200
1986-01-08,0.0,0.5507810115814209,0.546875,0.546875,0.4111792743206024,339200
1986-01-09,0.0,0.5507810115814209,0.5429689884185791,0.546875,0.4111792743206024,1238400
1986-01-10,0.0,0.5507810115814209,0.40625,0.4375,0.32894352078437805,38217600
1986-01-13,0.0,0.4375,0.3789060115814209,0.3867189884185791,0.29076284170150757,7932800
1986-01-14,0.0,0.40625,0.3828130066394806,0.40625,0.30544763803482056,14672000
1986-01-15,0.0,0.4296880066394806,0.4023439884185791,0.4257810115814209,0.32013261318206787,7385600
1986-01-16,0.0,0.4335939884185791,0.4179689884185791,0.421875,0.3171957731246948,6566400
1986-01-17,0.0,0.4296880066394806,0.4179689884185791,0.421875,0.3171957731246948,1795200
1986-01-20,0.0,0.4257810115814209,0.4101560115814209,0.421875,0.3171957731246948,2902400
1986-01-21,0.0,0.421875,0.3984380066394806,0.40625,0.30544763803482056,1107200
1986-01-22,0.0,0.4140630066394806,0.3984380066394806,0.4101560115814209,0.30838456749916077,1475200
1986-01-23,0.0,0.4101560115814209,0.3867189884185791,0.3867189884185791,0.29076284170150757,1910400
1986-01-24,0.0,0.3984380066394806,0.3945310115814209,0.3945310115814209,0.2966364622116089,1504000
1986-01-27,0.0,0.4101560115814209,0.3945310115814209,0.4101560115814209,0.30838456749916077,2992000
1986-01-28,0.0,0.40625,0.3945310115814209,0.4023439884185791,0.30251073837280273,604800
1986-01-29,0.0,0.40625,0.3984380066394806,0.3984380066394806,0.29957401752471924,729600
1986-01-30,0.0,0.4179689884185791,0.4023439884185791,0.40625,0.30544763803482056,5052800
1986-01-31,0.0,0.4140630066394806,0.4023439884185791,0.40625,0.30544763803482056,1363200
1986-02-03,0.0,0.4140630066394806,0.40625,0.40625,0.30544763803482056,1020800
1986-02-04,0.0,0.4101560115814209,0.40625,0.4101560115814209,0.30838456749916077,6425600
1986-02-05,0.0,0.421875,0.40625,0.421875,0.3171957731246948,3804800
1986-02-06,0.0,0.4492189884185791,0.4179689884185791,0.4492189884185791,0.3377547264099121,12576000
1986-02-07,0.0,0.4492189884185791,0.4335939884185791,0.4453130066394806,0.3348179757595062,3740800
1986-02-10,0.0,0.4453130066394806,0.4101560115814209,0.4257810115814209,0.32013261318206787,2563200
1986-02-11,0.0,0.4296880066394806,0.40625,0.4140630066394806,0.31132203340530396,6323200
1986-02-12,0.0,0.4101560115814209,0.375,0.3789060115814209,0.28488850593566895,3545600
1986-02-13,0.0,0.4023439884185791,0.3789060115814209,0.390625,0.29369956254959106,1334400
1986-02-14,0.0,0.3984380066394806,0.390625,0.390625,0.29369956254959106,1283200
1986-02-18,0.0,0.3984380066394806,0.390625,0.3984380066394806,0.29957401752471924,2041600
1986-02-19,0.0,0.4023439884185791,0.3867189884185791,0.390625,0.29369956254959106,7113600
1986-02-20,0.0,0.3984380066394806,0.3828130066394806,0.3867189884185791,0.29076284170150757,3376000
1986-02-21,0.0,0.3867189884185791,0.359375,0.3671880066394806,0.27607813477516174,2339200
1986-02-24,0.0,0.3671880066394806,0.3515630066394806,0.3554689884185791,0.2672668397426605,803200
1986-02-25,0.0,0.359375,0.3515630066394806,0.359375,0.27020370960235596,633600
1986-02-26,0.0,0.3671880066394806,0.359375,0.3671880066394806,0.27607813477516174,1696000
1986-02-27,0.0,0.375,0.3632810115814209,0.3710939884185791,0.27901485562324524,1667200
1986-02-28,0.0,0.3789060115814209,0.3671880066394806,0.375,0.2819516062736511,777600
1986-03-03,0.0,0.3828130066394806,0.375,0.3828130066394806,0.2878260314464569,2076800
1986-03-04,0.0,0.4296880066394806,0.3828130066394806,0.421875,0.3171957731246948,7254400
1986-03-05,0.0,0.4257810115814209,0.4140630066394806,0.4179689884185791,0.314258873462677,1785600
1986-03-06,0.0,0.421875,0.4101560115814209,0.4140630066394806,0.31132203340530396,7369600
1986-03-07,0.0,0.4179689884185791,0.40625,0.40625,0.30544763803482056,652800
1986-03-10,0.0,0.4140630066394806,0.3945310115814209,0.4023439884185791,0.30251073837280273,723200
1986-03-11,0.0,0.3984380066394806,0.3867189884185791,0.3945310115814209,0.2966364622116089,582400
1986-03-12,0.0,0.40625,0.390625,0.40625,0.30544763803482056,2825600
1986-03-13,0.0,0.40625,0.3984380066394806,0.3984380066394806,0.29957401752471924,2422400
1986-03-14,0.0,0.4023439884185791,0.3945310115814209,0.3945310115814209,0.2966364622116089,1689600
1986-03-17,0.0,0.3984380066394806,0.3867189884185791,0.3945310115814209,0.2966364622116089,518400
1986-03-18,0.0,0.3984380066394806,0.3867189884185791,0.3945310115814209,0.2966364622116089,294400
1986-03-19,0.0,0.3945310115814209,0.390625,0.3945310115814209,0.2966364622116089,316800
1986-03-20,0.0,0.3984380066394806,0.390625,0.3945310115814209,0.2966364622116089,864000
1986-03-21,0.0,0.3945310115814209,0.359375,0.3710939884185791,0.27901485562324524,2982400
1986-03-24,0.0,0.3789060115814209,0.359375,0.3632810115814209,0.2731405198574066,3264000
1986-03-25,0.0,0.390625,0.359375,0.3789060115814209,0.28488850593566895,7494400
1986-03-26,0.0,0.3867189884185791,0.375,0.3828130066394806,0.2878260314464569,18662400
1986-03-27,0.0,0.4101560115814209,0.3867189884185791,0.40625,0.30544763803482056,9478400
1986-03-31,0.0,0.4140630066394806,0.4023439884185791,0.40625,0.30544763803482056,14361600
1986-04-01,0.0,0.4140630066394806,0.3945310115814209,0.3945310115814209,0.2966364622116089,5616000
1986-04-02,0.0,0.40625,0.3984380066394806,0.3984380066394806,0.29957401752471924,1539200
1986-04-03,0.0,0.40625,0.3984380066394806,0.40625,0.30544763803482056,2793600
1986-04-04,0.0,0.40625,0.3945310115814209,0.3984380066394806,0.29957401752471924,3964800
1986-04-07,0.0,0.3984380066394806,0.390625,0.3984380066394806,0.29957401752471924,358400
1986-04-08,0.0,0.3984380066394806,0.390625,0.390625,0.29369956254959106,793600
1986-04-09,0.0,0.4023439884185791,0.390625,0.3984380066394806,0.29957401752471924,1427200
1986-04-10,0.0,0.3984380066394806,0.3710939884185791,0.3828130066394806,0.2878260314464569,3632000
1986-04-11,0.0,0.3867189884185791,0.375,0.3789060115814209,0.28488850593566895,6662400
1986-04-14,0.0,0.3945310115814209,0.3789060115814209,0.3867189884185791,0.29076284170150757,2451200
1986-04-15,0.0,0.3945310115814209,0.3828130066394806,0.3867189884185791,0.29076284170150757,764800
1986-04-16,0.0,0.3945310115814209,0.3867189884185791,0.390625,0.29369956254959106,2665600
1986-04-17,0.0,0.3945310115814209,0.390625,0.3945310115814209,0.2966364622116089,918400
1986-04-18,0.0,0.3945310115814209,0.390625,0.390625,0.29369956254959106,1619200
1986-04-21,0.0,0.3945310115814209,0.3867189884185791,0.3867189884185791,0.29076284170150757,4140800
1986-04-22,0.0,0.3945310115814209,0.3867189884185791,0.3945310115814209,0.2966364622116089,6649600
1986-04-23,0.0,0.3945310115814209,0.390625,0.3945310115814209,0.2966364622116089,4544000
1986-04-24,0.0,0.4140630066394806,0.390625,0.4101560115814209,0.30838456749916077,4006400
1986-04-25,0.0,0.4414060115814209,0.4101560115814209,0.4257810115814209,0.32013261318206787,3776000
1986-04-28,0.0,0.4335939884185791,0.4257810115814209,0.4257810115814209,0.32013261318206787,3804800
1986-04-29,0.0,0.4296880066394806,0.4101560115814209,0.4179689884185791,0.314258873462677,1318400
1986-04-30,0.0,0.4179689884185791,0.40625,0.40625,0.30544763803482056,979200
1986-05-01,0.0,0.4101560115814209,0.4023439884185791,0.4101560115814209,0.30838456749916077,1449600
1986-05-02,0.0,0.4101560115814209,0.3984380066394806,0.4023439884185791,0.30251073837280273,707200
1986-05-05,0.0,0.4023439884185791,0.375,0.3789060115814209,0.28488850593566895,1766400
1986-05-06,0.0,0.3945310115814209,0.3828130066394806,0.390625,0.29369956254959106,2761600
1986-05-07,0.0,0.390625,0.375,0.375,0.2819516062736511,780800
1986-05-08,0.0,0.390625,0.375,0.3867189884185791,0.29076284170150757,3129600
1986-05-09,0.0,0.390625,0.3828130066394806,0.390625,0.29369956254959106,1708800
1986-05-12,0.0,0.4101560115814209,0.3867189884185791,0.40625,0.30544763803482056,3977600
1986-05-13,0.0,0.4101560115814209,0.3984380066394806,0.3984380066394806,0.29957401752471924,2601600
1986-05-14,0.0,0.40625,0.3945310115814209,0.3984380066394806,0.29957401752471924,1689600
1986-05-15,0.0,0.3984380066394806,0.3867189884185791,0.3867189884185791,0.29076284170150757,1340800
1986-05-16,0.0,0.3945310115814209,0.3867189884185791,0.390625,0.29369956254959106,1033600
1986-05-19,0.0,0.3945310115814209,0.390625,0.390625,0.29369956254959106,1571200
1986-05-20,0.0,0.3945310115814209,0.3867189884185791,0.390625,0.29369956254959106,1267200
1986-05-21,0.0,0.390625,0.3867189884185791,0.390625,0.29369956254959106,726400
1986-05-22,0.0,0.3945310115814209,0.3867189884185791,0.3945310115814209,0.2966364622116089,9555200
1986-05-23,0.0,0.3984380066394806,0.390625,0.3984380066394806,0.29957401752471924,1392000
1986-05-27,0.0,0.4140630066394806,0.3945310115814209,0.4140630066394806,0.31132203340530396,9193600
1986-05-28,0.0,0.4335939884185791,0.4140630066394806,0.4335939884185791,0.3260066509246826,3872000
1986-05-29,0.0,0.4335939884185791,0.4179689884185791,0.4257810115814209,0.32013261318206787,1376000
1986-05-30,0.0,0.4296880066394806,0.4257810115814209,0.4296880066394806,0.32306984066963196,1420800
1986-06-02,0.0,0.4375,0.4296880066394806,0.4335939884185791,0.3260066509246826,5062400
1986-06-03,0.0,0.4375,0.4257810115814209,0.4335939884185791,0.3260066509246826,969600
1986-06-04,0.0,0.4296880066394806,0.4101560115814209,0.4179689884185791,0.314258873462677,3331200
1986-06-05,0.0,0.4726560115814209,0.4179689884185791,0.4726560115814209,0.35537633299827576,20592000
1986-06-06,0.0,0.4921880066394806,0.46875,0.4804689884185791,0.36125075817108154,12707200
1986-06-09,0.0,0.484375,0.4492189884185791,0.4609380066394806,0.34656596183776855,4560000
1986-06-10,0.0,0.4804689884185791,0.4570310115814209,0.4765630066394806,0.3583139181137085,3401600
1986-06-11,0.0,0.484375,0.4726560115814209,0.484375,0.3641875684261322,4099200
1986-06-12,0.0,0.4882810115814209,0.4804689884185791,0.4804689884185791,0.36125075817108154,5187200
1986-06-13,0.0,0.484375,0.4726560115814209,0.4726560115814209,0.35537633299827576,4032000
1986-06-16,0.0,0.4804689884185791,0.4726560115814209,0.4765630066394806,0.3583139181137085,4483200
1986-06-17,0.0,0.4765630066394806,0.4570310115814209,0.4570310115814209,0.34362828731536865,4675200
1986-06-18,0.0,0.4648439884185791,0.4570310115814209,0.4648439884185791,0.3495028018951416,1459200
1986-06-19,0.0,0.46875,0.4609380066394806,0.4648439884185791,0.3495028018951416,880000
1986-06-20,0.0,0.46875,0.4570310115814209,0.4648439884185791,0.3495028018951416,4348800
1986-06-23,0.0,0.4726560115814209,0.4609380066394806,0.4726560115814209,0.35537633299827576,1382400
1986-06-24,0.0,0.4921880066394806,0.46875,0.4882810115814209,0.3671243190765381,3254400
1986-06-25,0.0,0.5078129768371582,0.4921880066394806,0.5078129768371582,0.38180992007255554,4361600
1986-06-26,0.0,0.5117189884185791,0.5039060115814209,0.5117189884185791,0.38474658131599426,1680000
1986-06-27,0.0,0.5117189884185791,0.4882810115814209,0.4960939884185791,0.37299874424934387,3363200
1986-06-30,0.0,0.5,0.4882810115814209,0.4960939884185791,0.37299874424934387,1491200
1986-07-01,0.0,0.5,0.484375,0.4921880066394806,0.370061993598938,1344000
1986-07-02,0.0,0.4921880066394806,0.3945310115814209,0.4101560115814209,0.30838456749916077,9542400
1986-07-03,0.0,0.4101560115814209,0.3828130066394806,0.3984380066394806,0.29957401752471924,8451200
1986-07-07,0.0,0.3984380066394806,0.3671880066394806,0.3710939884185791,0.27901485562324524,2003200
1986-07-08,0.0,0.3789060115814209,0.3554689884185791,0.3710939884185791,0.27901485562324524,5603200
1986-07-09,0.375,0.40625,0.3710939884185791,0.40625,0.30544763803482056,4051200
1986-07-10,0.40625,0.4101560115814209,0.3945310115814209,0.4023439884185791,0.30251073837280273,5110400
1986-07-11,0.4023439884185791,0.4023439884185791,0.375,0.3789060115814209,0.28488850593566895,2720000
1986-07-14,0.3789060115814209,0.3789060115814209,0.3671880066394806,0.375,0.2819516062736511,1344000
1986-07-15,0.3789060115814209,0.3789060115814209,0.3710939884185791,0.375,0.2819516062736511,2230400
1986-07-16,0.3710939884185791,0.375,0.3710939884185791,0.375,0.2819516062736511,774400
1986-07-17,0.375,0.375,0.3671880066394806,0.3710939884185791,0.27901485562324524,2332800
1986-07-18,0.3710939884185791,0.375,0.3710939884185791,0.3710939884185791,0.27901485562324524,732800
1986-07-21,0.375,0.375,0.3632810115814209,0.3671880066394806,0.27607813477516174,956800
1986-07-22,0.3671880066394806,0.3671880066394806,0.3632810115814209,0.3632810115814209,0.2731405198574066,688000
1986-07-23,0.3632810115814209,0.3632810115814209,0.3359380066394806,0.3359380066394806,0.2525821030139923,1763200
1986-07-24,0.3359380066394806,0.3476560115814209,0.3203130066394806,0.328125,0.2467077076435089,1571200
1986-07-25,0.328125,0.328125,0.3125,0.3164060115814209,0.23789645731449127,1408000
1986-07-28,0.3242189884185791,0.3242189884185791,0.3164060115814209,0.3242189884185791,0.24377085268497467,784000
1986-07-29,0.3242189884185791,0.3242189884185791,0.3164060115814209,0.3203130066394806,0.2408341020345688,2387200
1986-07-30,0.3164060115814209,0.3203130066394806,0.3125,0.3203130066394806,0.2408341020345688,2601600
1986-07-31,0.3164060115814209,0.3242189884185791,0.3164060115814209,0.3203130066394806,0.2408341020345688,2412800
1986-08-01,0.3242189884185791,0.3242189884185791,0.3164060115814209,0.3242189884185791,0.24377085268497467,1203200
1986-08-04,0.3242189884185791,0.3242189884185791,0.3203130066394806,0.3242189884185791,0.24377085268497467,566400
1986-08-05,0.3242189884185791,0.3398439884185791,0.3203130066394806,0.3359380066394806,0.2525821030139923,1612800
1986-08-06,0.3359380066394806,0.3359380066394806,0.328125,0.3320310115814209,0.24964456260204315,1788800
1986-08-07,0.3359380066394806,0.3398439884185791,0.3320310115814209,0.3359380066394806,0.2525821030139923,3238400
1986-08-08,0.3320310115814209,0.3398439884185791,0.3320310115814209,0.3320310115814209,0.24964456260204315,748800
1986-08-11,0.328125,0.3320310115814209,0.328125,0.3320310115814209,0.24964456260204315,835200
1986-08-12,0.328125,0.3359380066394806,0.328125,0.3320310115814209,0.24964456260204315,1811200
1986-08-13,0.328125,0.3359380066394806,0.328125,0.3359380066394806,0.2525821030139923,1411200
1986-08-14,0.3359380066394806,0.3359380066394806,0.3242189884185791,0.3320310115814209,0.24964456260204315,2281600
1986-08-15,0.3320310115814209,0.3320310115814209,0.328125,0.328125,0.2467077076435089,412800
1986-08-18,0.328125,0.3320310115814209,0.328125,0.3320310115814209,0.24964456260204315,211200
1986-08-19,0.3320310115814209,0.3359380066394806,0.328125,0.3359380066394806,0.2525821030139923,4278400
1986-08-20,0.3359380066394806,0.3359380066394806,0.328125,0.3359380066394806,0.2525821030139923,131200
1986-08-21,0.3320310115814209,0.3398439884185791,0.328125,0.328125,0.2467077076435089,2156800
1986-08-22,0.3359380066394806,0.3359380066394806,0.328125,0.3359380066394806,0.2525821030139923,1651200
1986-08-25,0.3359380066394806,0.3398439884185791,0.328125,0.3320310115814209,0.24964456260204315,4022400
1986-08-26,0.328125,0.3320310115814209,0.3125,0.3203130066394806,0.2408341020345688,2073600
1986-08-27,0.3164060115814209,0.3203130066394806,0.3125,0.3164060115814209,0.23789645731449127,768000
1986-08-28,0.3203130066394806,0.3203130066394806,0.3125,0.3125,0.23495975136756897,1702400
1986-08-29,0.3125,0.3164060115814209,0.3007810115814209,0.3046880066394806,0.22908608615398407,1865600
1986-09-02,0.3085939884185791,0.3085939884185791,0.2695310115814209,0.2695310115814209,0.20265255868434906,2320000
1986-09-03,0.2734380066394806,0.2773439884185791,0.25,0.2773439884185791,0.20852692425251007,4416000
1986-09-04,0.2734380066394806,0.28125,0.2539060115814209,0.2734380066394806,0.20558997988700867,3968000
1986-09-05,0.2773439884185791,0.28125,0.2695310115814209,0.2695310115814209,0.20265255868434906,1680000
1986-09-08,0.2773439884185791,0.2773439884185791,0.2617189884185791,0.2695310115814209,0.20265255868434906,972800
1986-09-09,0.2695310115814209,0.2695310115814209,0.2617189884185791,0.2617189884185791,0.19677898287773132,3564800
1986-09-10,0.265625,0.265625,0.2578130066394806,0.265625,0.1997157335281372,1993600
1986-09-11,0.2617189884185791,0.2617189884185791,0.2382809966802597,0.2421880066394806,0.18209420144557953,3200000
1986-09-12,0.2460940033197403,0.25,0.234375,0.2460940033197403,0.185030996799469,1302400
1986-09-15,0.2460940033197403,0.25,0.2460940033197403,0.25,0.18796780705451965,438400
1986-09-16,0.2460940033197403,0.25,0.2421880066394806,0.2460940033197403,0.185030996799469,684800
1986-09-17,0.25,0.25,0.2421880066394806,0.2460940033197403,0.185030996799469,547200
1986-09-18,0.2460940033197403,0.2460940033197403,0.2421880066394806,0.2421880066394806,0.18209420144557953,1523200
1986-09-19,0.2421880066394806,0.2460940033197403,0.234375,0.234375,0.17621979117393494,396800
1986-09-22,0.2421880066394806,0.2421880066394806,0.234375,0.234375,0.17621979117393494,947200
1986-09-23,0.2421880066394806,0.2421880066394806,0.234375,0.2382809966802597,0.17915654182434082,10979200
1986-09-24,0.2382809966802597,0.2382809966802597,0.234375,0.234375,0.17621979117393494,10355200
1986-09-25,0.234375,0.2382809966802597,0.2304690033197403,0.234375,0.17621979117393494,17702400
1986-09-26,0.2382809966802597,0.2421880066394806,0.234375,0.2421880066394806,0.18209420144557953,4611200
1986-09-29,0.2421880066394806,0.25,0.2382809966802597,0.25,0.18796780705451965,4435200
1986-09-30,0.25,0.3007810115814209,0.25,0.2773439884185791,0.20852692425251007,7555200
1986-10-01,0.28125,0.2851560115814209,0.2695310115814209,0.2695310115814209,0.20265255868434906,3577600
1986-10-02,0.2773439884185791,0.2773439884185791,0.2578130066394806,0.265625,0.1997157335281372,1120000
1986-10-03,0.2695310115814209,0.2695310115814209,0.2617189884185791,0.2695310115814209,0.20265255868434906,556800
1986-10-06,0.265625,0.2695310115814209,0.2617189884185791,0.2617189884185791,0.19677898287773132,288000
1986-10-07,0.265625,0.265625,0.2617189884185791,0.2617189884185791,0.19677898287773132,246400
1986-10-08,0.265625,0.265625,0.2617189884185791,0.2617189884185791,0.19677898287773132,1004800
1986-10-09,0.2617189884185791,0.265625,0.25,0.2539060115814209,0.19090455770492554,3100800
1986-10-10,0.25,0.2578130066394806,0.25,0.2539060115814209,0.19090455770492554,2492800
1986-10-13,0.2539060115814209,0.2578130066394806,0.2539060115814209,0.2578130066394806,0.1938420981168747,2380800
1986-10-14,0.2539060115814209,0.2578130066394806,0.2382809966802597,0.2539060115814209,0.19090455770492554,26294400
1986-10-15,0.25,0.2539060115814209,0.2421880066394806,0.25,0.18796780705451965,2505600
1986-10-16,0.2460940033197403,0.25,0.2421880066394806,0.2460940033197403,0.185030996799469,713600
1986-10-17,0.2421880066394806,0.25,0.2421880066394806,0.25,0.18796780705451965,3017600
1986-10-20,0.25,0.25,0.2460940033197403,0.2460940033197403,0.185030996799469,515200
1986-10-21,0.2460940033197403,0.2460940033197403,0.2421880066394806,0.2460940033197403,0.185030996799469,816000
1986-10-22,0.2421880066394806,0.2460940033197403,0.2421880066394806,0.2460940033197403,0.185030996799469,1452800
1986-10-23,0.2460940033197403,0.2460940033197403,0.2421880066394806,0.2460940033197403,0.185030996799469,144000
1986-10-24,0.2460940033197403,0.2460940033197403,0.2421880066394806,0.2460940033197403,0.185030996799469,451200
1986-10-27,0.2421880066394806,0.2460940033197403,0.2421880066394806,0.2421880066394806,0.18209420144557953,240000
1986-10-28,0.2421880066394806,0.2460940033197403,0.2421880066394806,0.2421880066394806,0.18209420144557953,371200
1986-10-29,0.2460940033197403,0.2539060115814209,0.2382809966802597,0.2539060115814209,0.19090455770492554,4995200
1986-10-30,0.2539060115814209,0.2578130066394806,0.25,0.2539060115814209,0.19090455770492554,1513600
1986-10-31,0.25,0.2539060115814209,0.2421880066394806,0.2421880066394806,0.18209420144557953,1542400
1986-11-03,0.2460940033197403,0.2460940033197403,0.234375,0.234375,0.17621979117393494,3328000
1986-11-04,0.234375,0.2382809966802597,0.234375,0.234375,0.17621979117393494,3248000
1986-11-05,0.2382809966802597,0.2382809966802597,0.2304690033197403,0.234375,0.17621979117393494,2230400
1986-11-06,0.234375,0.2382809966802597,0.2304690033197403,0.234375,0.17621979117393494,2064000
1986-11-07,0.2382809966802597,0.2382809966802597,0.2226559966802597,0.234375,0.17621979117393494,8099200
1986-11-10,0.2304690033197403,0.234375,0.2226559966802597,0.2265630066394806,0.17034614086151123,7584000
1986-11-11,0.2304690033197403,0.2304690033197403,0.2265630066394806,0.2265630066394806,0.17034614086151123,1027200
1986-11-12,0.2265630066394806,0.2304690033197403,0.2226559966802597,0.2265630066394806,0.17034614086151123,2291200
1986-11-13,0.2226559966802597,0.2265630066394806,0.21875,0.21875,0.16447176039218903,1292800
1986-11-14,0.2226559966802597,0.2226559966802597,0.1875,0.203125,0.15272381901741028,23904000
1986-11-17,0.2070309966802597,0.2070309966802597,0.1835940033197403,0.1835940033197403,0.13803906738758087,3702400
1986-11-18,0.1835940033197403,0.1875,0.171875,0.1757809966802597,0.1321646273136139,6428800
1986-11-19,0.1757809966802597,0.1875,0.1757809966802597,0.1835940033197403,0.13803906738758087,3020800
1986-11-20,0.1835940033197403,0.1953130066394806,0.1796880066394806,0.1914059966802597,0.1439126580953598,4684800
1986-11-21,0.1914059966802597,0.1914059966802597,0.1835940033197403,0.1875,0.14097580313682556,4825600
1986-11-24,0.1835940033197403,0.1875,0.1757809966802597,0.1796880066394806,0.13510221242904663,2422400
1986-11-25,0.1796880066394806,0.1796880066394806,0.15625,0.1601559966802597,0.12041667103767395,5782400
1986-11-26,0.1601559966802597,0.1640630066394806,0.1484380066394806,0.1484380066394806,0.11160623282194138,3872000
1986-11-28,0.1523440033197403,0.171875,0.1328130066394806,0.171875,0.12922781705856323,132160000
1986-12-01,0.1757809966802597,0.1757809966802597,0.1640630066394806,0.171875,0.12922781705856323,5024000
1986-12-02,0.1757809966802597,0.1757809966802597,0.15625,0.1640630066394806,0.12335420399904251,4259200
1986-12-03,0.1679690033197403,0.1679690033197403,0.1601559966802597,0.1640630066394806,0.12335420399904251,5059200
1986-12-04,0.1601559966802597,0.1640630066394806,0.1523440033197403,0.1640630066394806,0.12335420399904251,10121600
1986-12-05,0.1640630066394806,0.1679690033197403,0.1523440033197403,0.15625,0.11747987568378448,5593600
1986-12-08,0.15625,0.15625,0.1445309966802597,0.1523440033197403,0.11454304307699203,5011200
1986-12-09,0.1523440033197403,0.15625,0.1445309966802597,0.15625,0.11747987568378448,5804800
1986-12-10,0.15625,0.15625,0.1523440033197403,0.1523440033197403,0.11454304307699203,1635200
1986-12-11,0.15625,0.15625,0.1484380066394806,0.1523440033197403,0.11454304307699203,2492800
1986-12-12,0.1484380066394806,0.1523440033197403,0.1445309966802597,0.1484380066394806,0.11160623282194138,1078400
1986-12-15,0.1484380066394806,0.1523440033197403,0.1445309966802597,0.1484380066394806,0.11160623282194138,1132800
1986-12-16,0.1445309966802597,0.1523440033197403,0.1445309966802597,0.1523440033197403,0.11454304307699203,2009600
1986-12-17,0.1523440033197403,0.1523440033197403,0.1484380066394806,0.1484380066394806,0.11160623282194138,2585600
1986-12-18,0.1484380066394806,0.1601559966802597,0.1484380066394806,0.1523440033197403,0.11454304307699203,7753600
1986-12-19,0.1523440033197403,0.15625,0.1484380066394806,0.15625,0.11747987568378448,3811200
1986-12-22,0.15625,0.15625,0.1484380066394806,0.1523440033197403,0.11454304307699203,3536000
1986-12-23,0.1523440033197403,0.15625,0.140625,0.1445309966802597,0.10866871476173401,3350400
1986-12-24,0.1445309966802597,0.1484380066394806,0.1367190033197403,0.1484380066394806,0.11160623282194138,2832000
1986-12-26,0.1445309966802597,0.1523440033197403,0.140625,0.1523440033197403,0.11454304307699203,972800
1986-12-29,0.1523440033197403,0.1523440033197403,0.1445309966802597,0.1445309966802597,0.10866871476173401,2502400
1986-12-30,0.1445309966802597,0.1523440033197403,0.1445309966802597,0.1445309966802597,0.10866871476173401,3158400
1986-12-31,0.1484380066394806,0.1484380066394806,0.1445309966802597,0.1484380066394806,0.11160623282194138,3385600
1987-01-02,0.1484380066394806,0.15625,0.1484380066394806,0.15625,0.11747987568378448,2940800
1987-01-05,0.1601559966802597,0.171875,0.15625,0.171875,0.12922781705856323,3062400
1987-01-06,0.1757809966802597,0.1796880066394806,0.1679690033197403,0.1757809966802597,0.1321646273136139,3123200
1987-01-07,0.1757809966802597,0.1757809966802597,0.1679690033197403,0.1757809966802597,0.1321646273136139,2166400
1987-01-08,0.1757809966802597,0.1835940033197403,0.1679690033197403,0.1796880066394806,0.13510221242904663,2524800
1987-01-09,0.1796880066394806,0.1835940033197403,0.1757809966802597,0.1835940033197403,0.13803906738758087,6054400
1987-01-12,0.1835940033197403,0.1835940033197403,0.1757809966802597,0.1796880066394806,0.13510221242904663,1990400
1987-01-13,0.1796880066394806,0.1796880066394806,0.171875,0.1796880066394806,0.13510221242904663,2166400
1987-01-14,0.1796880066394806,0.1796880066394806,0.171875,0.1757809966802597,0.1321646273136139,2070400
1987-01-15,0.1796880066394806,0.1835940033197403,0.1757809966802597,0.1796880066394806,0.13510221242904663,2636800
1987-01-16,0.1796880066394806,0.1796880066394806,0.171875,0.1796880066394806,0.13510221242904663,32320000
1987-01-19,0.171875,0.1796880066394806,0.1640630066394806,0.1679690033197403,0.12629105150699615,4812800
1987-01-20,0.1679690033197403,0.1757809966802597,0.1679690033197403,0.171875,0.12922781705856323,3139200
1987-01-21,0.171875,0.1757809966802597,0.1679690033197403,0.1679690033197403,0.12629105150699615,1814400
1987-01-22,0.1679690033197403,0.171875,0.1679690033197403,0.171875,0.12922781705856323,611200
1987-01-23,0.171875,0.171875,0.1640630066394806,0.1679690033197403,0.12629105150699615,4892800
1987-01-26,0.1640630066394806,0.1679690033197403,0.1601559966802597,0.1679690033197403,0.12629105150699615,924800
1987-01-27,0.1601559966802597,0.1640630066394806,0.15625,0.15625,0.11747987568378448,1398400
1987-01-28,0.1601559966802597,0.1601559966802597,0.15625,0.15625,0.11747987568378448,1961600
1987-01-29,0.15625,0.1601559966802597,0.15625,0.1601559966802597,0.12041667103767395,777600
1987-01-30,0.1601559966802597,0.1640630066394806,0.15625,0.1640630066394806,0.12335420399904251,1897600
1987-02-02,0.15625,0.1640630066394806,0.15625,0.1640630066394806,0.12335420399904251,867200
1987-02-03,0.1640630066394806,0.1875,0.1601559966802597,0.1875,0.14097580313682556,8880000
1987-02-04,0.1875,0.1992190033197403,0.1835940033197403,0.1953130066394806,0.14685015380382538,12198400
1987-02-05,0.1953130066394806,0.2265630066394806,0.1914059966802597,0.2148440033197403,0.16153492033481598,29062400
1987-02-06,0.21875,0.2304690033197403,0.2148440033197403,0.2304690033197403,0.17328298091888428,23776000
1987-02-09,0.234375,0.2382809966802597,0.21875,0.2265630066394806,0.17034614086151123,10380800
1987-02-10,0.2265630066394806,0.2304690033197403,0.2148440033197403,0.2226559966802597,0.1674085557460785,4934400
1987-02-11,0.2226559966802597,0.2382809966802597,0.2148440033197403,0.2226559966802597,0.1674085557460785,3030400
1987-02-12,0.2226559966802597,0.2226559966802597,0.2109380066394806,0.2148440033197403,0.16153492033481598,5692800
1987-02-13,0.21875,0.2226559966802597,0.2148440033197403,0.21875,0.16447176039218903,5225600
1987-02-17,0.2226559966802597,0.2226559966802597,0.203125,0.2070309966802597,0.15566061437129974,6294400
1987-02-18,0.2070309966802597,0.2070309966802597,0.1992190033197403,0.1992190033197403,0.14978700876235962,4521600
1987-02-19,0.1992190033197403,0.203125,0.1953130066394806,0.203125,0.15272381901741028,5545600
1987-02-20,0.203125,0.203125,0.1992190033197403,0.1992190033197403,0.14978700876235962,4627200
1987-02-23,0.203125,0.2226559966802597,0.1992190033197403,0.2109380066394806,0.15859824419021606,14902400
1987-02-24,0.2109380066394806,0.2421880066394806,0.2070309966802597,0.234375,0.17621979117393494,26163200
1987-02-25,0.2382809966802597,0.2578130066394806,0.234375,0.2578130066394806,0.1938420981168747,28160000
1987-02-26,0.2578130066394806,0.2734380066394806,0.25,0.2617189884185791,0.19677898287773132,14764800
1987-02-27,0.2539060115814209,0.2578130066394806,0.234375,0.25,0.18796780705451965,26486400
1987-03-02,0.2460940033197403,0.25,0.2421880066394806,0.2460940033197403,0.185030996799469,6972800
1987-03-03,0.2421880066394806,0.2460940033197403,0.2382809966802597,0.2382809966802597,0.17915654182434082,5686400
1987-03-04,0.2382809966802597,0.2578130066394806,0.2382809966802597,0.25,0.18796780705451965,16214400
1987-03-05,0.2539060115814209,0.2539060115814209,0.2460940033197403,0.25,0.18796780705451965,8265600
1987-03-06,0.2539060115814209,0.2539060115814209,0.2421880066394806,0.2460940033197403,0.185030996799469,4432000
1987-03-09,0.2421880066394806,0.25,0.2304690033197403,0.234375,0.17621979117393494,3491200
1987-03-10,0.234375,0.2460940033197403,0.2304690033197403,0.2421880066394806,0.18209420144557953,6844800
1987-03-11,0.2421880066394806,0.2421880066394806,0.234375,0.234375,0.17621979117393494,4230400
1987-03-12,0.234375,0.2421880066394806,0.234375,0.234375,0.17621979117393494,1020800
1987-03-13,0.2382809966802597,0.2382809966802597,0.2304690033197403,0.2382809966802597,0.17915654182434082,1516800
1987-03-16,0.2382809966802597,0.2382809966802597,0.2265630066394806,0.234375,0.17621979117393494,873600
1987-03-17,0.234375,0.234375,0.2148440033197403,0.21875,0.16447176039218903,1548800
1987-03-18,0.21875,0.2226559966802597,0.21875,0.21875,0.16447176039218903,4262400
1987-03-19,0.21875,0.2226559966802597,0.21875,0.2226559966802597,0.1674085557460785,784000
1987-03-20,0.2226559966802597,0.2226559966802597,0.21875,0.2226559966802597,0.1674085557460785,630400
1987-03-23,0.21875,0.2226559966802597,0.21875,0.21875,0.16447176039218903,3635200
1987-03-24,0.21875,0.2226559966802597,0.21875,0.21875,0.16447176039218903,7952000
1987-03-25,0.2148440033197403,0.2226559966802597,0.2148440033197403,0.21875,0.16447176039218903,2617600
1987-03-26,0.21875,0.21875,0.2109380066394806,0.2109380066394806,0.15859824419021606,1225600
1987-03-27,0.2109380066394806,0.21875,0.203125,0.2070309966802597,0.15566061437129974,4588800
1987-03-30,0.2070309966802597,0.2109380066394806,0.1992190033197403,0.2070309966802597,0.15566061437129974,1459200
1987-03-31,0.2109380066394806,0.2109380066394806,0.2070309966802597,0.2109380066394806,0.15859824419021606,2118400
1987-04-01,0.2070309966802597,0.2070309966802597,0.203125,0.2070309966802597,0.15566061437129974,1804800
1987-04-02,0.2070309966802597,0.2070309966802597,0.203125,0.2070309966802597,0.15566061437129974,768000
1987-04-03,0.203125,0.2070309966802597,0.203125,0.203125,0.15272381901741028,896000
1987-04-06,0.2070309966802597,0.2070309966802597,0.203125,0.2070309966802597,0.15566061437129974,2425600
1987-04-07,0.2070309966802597,0.2226559966802597,0.203125,0.2148440033197403,0.16153492033481598,8886400
1987-04-08,0.2109380066394806,0.21875,0.2109380066394806,0.2109380066394806,0.15859824419021606,566400
1987-04-09,0.2109380066394806,0.21875,0.2109380066394806,0.2148440033197403,0.16153492033481598,1404800
1987-04-10,0.2148440033197403,0.21875,0.2109380066394806,0.2109380066394806,0.15859824419021606,592000
1987-04-13,0.21875,0.21875,0.2109380066394806,0.2148440033197403,0.16153492033481598,1862400
1987-04-14,0.2148440033197403,0.2148440033197403,0.2070309966802597,0.2070309966802597,0.15566061437129974,1667200
1987-04-15,0.2109380066394806,0.21875,0.2109380066394806,0.2109380066394806,0.15859824419021606,7782400
1987-04-16,0.2148440033197403,0.21875,0.2148440033197403,0.21875,0.16447176039218903,4102400
1987-04-20,0.21875,0.21875,0.2148440033197403,0.21875,0.16447176039218903,1459200
1987-04-21,0.2148440033197403,0.21875,0.2109380066394806,0.2148440033197403,0.16153492033481598,940800
1987-04-22,0.2148440033197403,0.21875,0.2070309966802597,0.2070309966802597,0.15566061437129974,1699200
1987-04-23,0.2070309966802597,0.2109380066394806,0.203125,0.2109380066394806,0.15859824419021606,435200
1987-04-24,0.2070309966802597,0.2109380066394806,0.203125,0.2109380066394806,0.15859824419021606,2995200
1987-04-27,0.203125,0.2070309966802597,0.1953130066394806,0.2070309966802597,0.15566061437129974,1459200
1987-04-28,0.2070309966802597,0.2109380066394806,0.203125,0.2070309966802597,0.15566061437129974,947200
1987-04-29,0.2109380066394806,0.2148440033197403,0.2070309966802597,0.2109380066394806,0.15859824419021606,2428800
1987-04-30,0.2070309966802597,0.2148440033197403,0.2070309966802597,0.2109380066394806,0.15859824419021606,1660800
1987-05-01,0.2070309966802597,0.2109380066394806,0.2070309966802597,0.2070309966802597,0.15566061437129974,537600
1987-05-04,0.2070309966802597,0.2109380066394806,0.2070309966802597,0.2070309966802597,0.15566061437129974,1225600
1987-05-05,0.2109380066394806,0.2109380066394806,0.203125,0.203125,0.15272381901741028,4080000
1987-05-06,0.203125,0.2109380066394806,0.203125,0.2070309966802597,0.15566061437129974,1472000
1987-05-07,0.2070309966802597,0.2382809966802597,0.203125,0.2304690033197403,0.17328298091888428,17523200
1987-05-08,0.2304690033197403,0.2382809966802597,0.21875,0.2304690033197403,0.17328298091888428,9606400
1987-05-11,0.2304690033197403,0.2304690033197403,0.2265630066394806,0.2265630066394806,0.17034614086151123,828800
1987-05-12,0.2265630066394806,0.2304690033197403,0.2226559966802597,0.2304690033197403,0.17328298091888428,1526400
1987-05-13,0.2265630066394806,0.2304690033197403,0.2265630066394806,0.2304690033197403,0.17328298091888428,601600
1987-05-14,0.2304690033197403,0.2304690033197403,0.2265630066394806,0.2304690033197403,0.17328298091888428,1923200
1987-05-15,0.2304690033197403,0.2304690033197403,0.2265630066394806,0.2265630066394806,0.17034614086151123,1120000
1987-05-18,0.2304690033197403,0.2304690033197403,0.2109380066394806,0.21875,0.16447176039218903,2057600
1987-05-19,0.21875,0.2226559966802597,0.2148440033197403,0.21875,0.16447176039218903,595200
1987-05-20,0.2148440033197403,0.2226559966802597,0.2148440033197403,0.21875,0.16447176039218903,3628800
1987-05-21,0.21875,0.21875,0.2148440033197403,0.2148440033197403,0.16153492033481598,1657600
1987-05-22,0.2148440033197403,0.21875,0.2109380066394806,0.2109380066394806,0.15859824419021606,3443200
1987-05-26,0.2148440033197403,0.2226559966802597,0.2109380066394806,0.2226559966802597,0.1674085557460785,2188800
1987-05-27,0.21875,0.2226559966802597,0.21875,0.2226559966802597,0.1674085557460785,1385600
1987-05-28,0.21875,0.2226559966802597,0.21875,0.21875,0.16447176039218903,2291200
1987-05-29,0.2265630066394806,0.2265630066394806,0.21875,0.2226559966802597,0.1674085557460785,2160000
1987-06-01,0.21875,0.2226559966802597,0.21875,0.2226559966802597,0.1674085557460785,902400
1987-06-02,0.2226559966802597,0.2226559966802597,0.21875,0.21875,0.16447176039218903,2172800
1987-06-03,0.2226559966802597,0.2226559966802597,0.2109380066394806,0.2109380066394806,0.15859824419021606,2595200
1987-06-04,0.2148440033197403,0.2148440033197403,0.2109380066394806,0.2148440033197403,0.16153492033481598,6534400
1987-06-05,0.2148440033197403,0.21875,0.2109380066394806,0.21875,0.16447176039218903,4220800
1987-06-08,0.21875,0.21875,0.2148440033197403,0.21875,0.16447176039218903,1827200
1987-06-09,0.21875,0.21875,0.2148440033197403,0.2148440033197403,0.16153492033481598,2579200
1987-06-10,0.21875,0.2226559966802597,0.2148440033197403,0.21875,0.16447176039218903,1952000
1987-06-11,0.2226559966802597,0.2421880066394806,0.21875,0.2382809966802597,0.17915654182434082,6131200
1987-06-12,0.2421880066394806,0.2695310115814209,0.2421880066394806,0.2617189884185791,0.19677898287773132,13472000
1987-06-15,0.2617189884185791,0.2695310115814209,0.2578130066394806,0.265625,0.1997157335281372,4211200
1987-06-16,0.2617189884185791,0.265625,0.2617189884185791,0.2617189884185791,0.19677898287773132,4099200
1987-06-17,0.2617189884185791,0.265625,0.25,0.25,0.18796780705451965,5500800
1987-06-18,0.25,0.2539060115814209,0.2460940033197403,0.25,0.18796780705451965,4006400
1987-06-19,0.25,0.2539060115814209,0.25,0.25,0.18796780705451965,2089600
1987-06-22,0.25,0.2539060115814209,0.25,0.2539060115814209,0.19090455770492554,2652800
1987-06-23,0.2539060115814209,0.2539060115814209,0.2421880066394806,0.2460940033197403,0.185030996799469,3193600
1987-06-24,0.25,0.2539060115814209,0.2460940033197403,0.2460940033197403,0.185030996799469,2406400
1987-06-25,0.2460940033197403,0.2539060115814209,0.2460940033197403,0.25,0.18796780705451965,1488000
1987-06-26,0.2539060115814209,0.2539060115814209,0.25,0.2539060115814209,0.19090455770492554,2480000
1987-06-29,0.25,0.2578130066394806,0.25,0.2539060115814209,0.19090455770492554,4652800
1987-06-30,0.2578130066394806,0.2695310115814209,0.2539060115814209,0.265625,0.1997157335281372,5785600
1987-07-01,0.2695310115814209,0.2695310115814209,0.265625,0.265625,0.1997157335281372,2691200
1987-07-02,0.265625,0.2851560115814209,0.265625,0.2851560115814209,0.21440058946609497,4883200
1987-07-06,0.2851560115814209,0.2851560115814209,0.2773439884185791,0.28125,0.21146376430988312,3030400
1987-07-07,0.28125,0.2851560115814209,0.28125,0.2851560115814209,0.21440058946609497,2745600
1987-07-08,0.28125,0.2929689884185791,0.28125,0.2929689884185791,0.2202749401330948,2841600
1987-07-09,0.296875,0.3085939884185791,0.2929689884185791,0.3046880066394806,0.22908608615398407,8105600
1987-07-10,0.3046880066394806,0.3046880066394806,0.296875,0.3046880066394806,0.22908608615398407,9248000
1987-07-13,0.3007810115814209,0.3125,0.3007810115814209,0.3125,0.23495975136756897,4720000
1987-07-14,0.3125,0.3320310115814209,0.3085939884185791,0.328125,0.2467077076435089,6345600
1987-07-15,0.3320310115814209,0.3359380066394806,0.328125,0.3359380066394806,0.2525821030139923,4992000
1987-07-16,0.3359380066394806,0.3476560115814209,0.3320310115814209,0.3398439884185791,0.25551891326904297,11552000
1987-07-17,0.3398439884185791,0.34375,0.3320310115814209,0.3359380066394806,0.2525821030139923,4044800
1987-07-20,0.328125,0.3320310115814209,0.3164060115814209,0.3203130066394806,0.2408341020345688,5667200
1987-07-21,0.3164060115814209,0.3203130066394806,0.296875,0.296875,0.22321170568466187,4256000
1987-07-22,0.296875,0.3007810115814209,0.2851560115814209,0.2890630066394806,0.21733812987804413,3177600
1987-07-23,0.2890630066394806,0.296875,0.2851560115814209,0.2851560115814209,0.21440058946609497,1164800
1987-07-24,0.2929689884185791,0.2929689884185791,0.28125,0.2851560115814209,0.21440058946609497,1657600
1987-07-27,0.2890630066394806,0.296875,0.2851560115814209,0.296875,0.22321170568466187,2515200
1987-07-28,0.296875,0.3007810115814209,0.2929689884185791,0.296875,0.22321170568466187,1331200
1987-07-29,0.296875,0.3320310115814209,0.2929689884185791,0.328125,0.2467077076435089,8294400
1987-07-30,0.3320310115814209,0.3320310115814209,0.3203130066394806,0.328125,0.2467077076435089,5596800
1987-07-31,0.3242189884185791,0.3320310115814209,0.3242189884185791,0.328125,0.2467077076435089,3916800
1987-08-03,0.328125,0.328125,0.3203130066394806,0.3203130066394806,0.2408341020345688,2112000
1987-08-04,0.3242189884185791,0.3242189884185791,0.3125,0.3125,0.23495975136756897,3715200
1987-08-05,0.3164060115814209,0.328125,0.3125,0.3242189884185791,0.24377085268497467,13776000
1987-08-06,0.328125,0.3398439884185791,0.3242189884185791,0.3359380066394806,0.2525821030139923,11113600
1987-08-07,0.3359380066394806,0.3398439884185791,0.328125,0.3320310115814209,0.24964456260204315,4252800
1987-08-10,0.3359380066394806,0.3359380066394806,0.328125,0.3320310115814209,0.24964456260204315,3929600
1987-08-11,0.328125,0.3359380066394806,0.328125,0.328125,0.2467077076435089,6227200
1987-08-12,0.328125,0.3320310115814209,0.3242189884185791,0.328125,0.2467077076435089,7059200
1987-08-13,0.328125,0.3320310115814209,0.3242189884185791,0.3320310115814209,0.24964456260204315,7190400
1987-08-14,0.328125,0.3320310115814209,0.3242189884185791,0.3242189884185791,0.24377085268497467,1622400
1987-08-17,0.3242189884185791,0.328125,0.3242189884185791,0.3242189884185791,0.24377085268497467,851200
1987-08-18,0.328125,0.328125,0.3164060115814209,0.3203130066394806,0.2408341020345688,2220800
1987-08-19,0.3203130066394806,0.328125,0.3203130066394806,0.3203130066394806,0.2408341020345688,3683200
1987-08-20,0.3242189884185791,0.3242189884185791,0.3203130066394806,0.3242189884185791,0.24377085268497467,2230400
1987-08-21,0.3242189884185791,0.3242189884185791,0.3203130066394806,0.3242189884185791,0.24377085268497467,3676800
1987-08-24,0.3242189884185791,0.3476560115814209,0.3203130066394806,0.3359380066394806,0.2525821030139923,27504000
1987-08-25,0.3359380066394806,0.3359380066394806,0.3242189884185791,0.3359380066394806,0.2525821030139923,8723200
1987-08-26,0.328125,0.328125,0.3242189884185791,0.328125,0.2467077076435089,2214400
1987-08-27,0.3242189884185791,0.328125,0.3203130066394806,0.328125,0.2467077076435089,21305600
1987-08-28,0.328125,0.328125,0.3242189884185791,0.328125,0.2467077076435089,1353600
1987-08-31,0.3242189884185791,0.328125,0.3242189884185791,0.3242189884185791,0.24377085268497467,5462400
1987-09-01,0.328125,0.328125,0.3125,0.3125,0.23495975136756897,4704000
1987-09-02,0.3125,0.3203130066394806,0.3007810115814209,0.3046880066394806,0.22908608615398407,6825600
1987-09-03,0.3007810115814209,0.3125,0.2929689884185791,0.3007810115814209,0.22614844143390656,3241600
1987-09-04,0.296875,0.3007810115814209,0.2929689884185791,0.296875,0.22321170568466187,2432000
1987-09-08,0.3007810115814209,0.3007810115814209,0.2851560115814209,0.2890630066394806,0.21733812987804413,4694400
1987-09-09,0.2890630066394806,0.296875,0.2890630066394806,0.296875,0.22321170568466187,889600
1987-09-10,0.2929689884185791,0.296875,0.2929689884185791,0.2929689884185791,0.2202749401330948,640000
1987-09-11,0.296875,0.3085939884185791,0.2929689884185791,0.3046880066394806,0.22908608615398407,2259200
1987-09-14,0.3007810115814209,0.3085939884185791,0.3007810115814209,0.3046880066394806,0.22908608615398407,828800
1987-09-15,0.3007810115814209,0.3085939884185791,0.296875,0.3046880066394806,0.22908608615398407,1216000
1987-09-16,0.3046880066394806,0.3242189884185791,0.296875,0.3164060115814209,0.23789645731449127,7542400
1987-09-17,0.3164060115814209,0.3164060115814209,0.296875,0.3007810115814209,0.22614844143390656,4531200
1987-09-18,0.3007810115814209,0.3085939884185791,0.2929689884185791,0.3046880066394806,0.22908608615398407,5225600
1987-09-21,0.3046880066394806,0.3046880066394806,0.2890630066394806,0.2890630066394806,0.21733812987804413,3516800
1987-09-22,0.296875,0.296875,0.2890630066394806,0.2929689884185791,0.2202749401330948,2195200
1987-09-23,0.2929689884185791,0.2929689884185791,0.2890630066394806,0.2890630066394806,0.21733812987804413,944000
1987-09-24,0.2890630066394806,0.296875,0.2851560115814209,0.2890630066394806,0.21733812987804413,2774400
1987-09-25,0.2890630066394806,0.2929689884185791,0.2890630066394806,0.2929689884185791,0.2202749401330948,1328000
1987-09-28,0.2890630066394806,0.2929689884185791,0.2773439884185791,0.28125,0.21146376430988312,1769600
1987-09-29,0.2773439884185791,0.28125,0.25,0.25,0.18796780705451965,8473600
1987-09-30,0.2539060115814209,0.2578130066394806,0.2382809966802597,0.25,0.18796780705451965,6860800
1987-10-01,0.2460940033197403,0.25,0.2382809966802597,0.2460940033197403,0.185030996799469,3708800
1987-10-02,0.2460940033197403,0.2539060115814209,0.2304690033197403,0.2539060115814209,0.19090455770492554,23299200
1987-10-05,0.25,0.2578130066394806,0.25,0.2539060115814209,0.19090455770492554,2921600
1987-10-06,0.25,0.2539060115814209,0.2382809966802597,0.2421880066394806,0.18209420144557953,2656000
1987-10-07,0.2382809966802597,0.2460940033197403,0.2382809966802597,0.2421880066394806,0.18209420144557953,1516800
1987-10-08,0.2460940033197403,0.2460940033197403,0.21875,0.2382809966802597,0.17915654182434082,3641600
1987-10-09,0.21875,0.2265630066394806,0.2148440033197403,0.21875,0.16447176039218903,6550400
1987-10-12,0.2226559966802597,0.2226559966802597,0.2148440033197403,0.21875,0.16447176039218903,4822400
1987-10-13,0.21875,0.2226559966802597,0.2070309966802597,0.21875,0.16447176039218903,3846400
1987-10-14,0.21875,0.2226559966802597,0.2148440033197403,0.21875,0.16447176039218903,889600
1987-10-15,0.2148440033197403,0.21875,0.2148440033197403,0.21875,0.16447176039218903,1014400
1987-10-16,0.2148440033197403,0.2226559966802597,0.203125,0.203125,0.15272381901741028,6534400
1987-10-19,0.203125,0.203125,0.1640630066394806,0.1640630066394806,0.12335420399904251,3660800
1987-10-20,0.171875,0.1757809966802597,0.140625,0.1484380066394806,0.11160623282194138,5008000
1987-10-21,0.1523440033197403,0.1757809966802597,0.1484380066394806,0.1640630066394806,0.12335420399904251,9187200
1987-10-22,0.1679690033197403,0.171875,0.1523440033197403,0.15625,0.11747987568378448,3702400
1987-10-23,0.1601559966802597,0.1601559966802597,0.1445309966802597,0.1484380066394806,0.11160623282194138,7811200
1987-10-26,0.1445309966802597,0.1523440033197403,0.1132809966802597,0.1289059966802597,0.09692070633172989,7193600
1987-10-27,0.125,0.1289059966802597,0.1132809966802597,0.1132809966802597,0.08517272770404816,13142400
1987-10-28,0.1171879991889,0.1171879991889,0.1132809966802597,0.1171879991889,0.08811026811599731,7731200
1987-10-29,0.1171879991889,0.140625,0.1171879991889,0.1367190033197403,0.10279498994350433,9280000
1987-10-30,0.1367190033197403,0.1484380066394806,0.1367190033197403,0.1445309966802597,0.10866871476173401,5923200
1987-11-02,0.1484380066394806,0.1484380066394806,0.1445309966802597,0.1445309966802597,0.10866871476173401,3609600
1987-11-03,0.1445309966802597,0.1445309966802597,0.125,0.1289059966802597,0.09692070633172989,3347200
1987-11-04,0.1328130066394806,0.1367190033197403,0.125,0.1367190033197403,0.10279498994350433,2521600
1987-11-05,0.1367190033197403,0.1445309966802597,0.1289059966802597,0.140625,0.10573188215494156,4428800
1987-11-06,0.1445309966802597,0.1523440033197403,0.140625,0.1484380066394806,0.11160623282194138,2758400
1987-11-09,0.1445309966802597,0.1445309966802597,0.1367190033197403,0.140625,0.10573188215494156,2531200
1987-11-10,0.140625,0.140625,0.1289059966802597,0.1328130066394806,0.09985823184251785,3910400
1987-11-11,0.1328130066394806,0.140625,0.1289059966802597,0.1367190033197403,0.10279498994350433,5171200
1987-11-12,0.140625,0.1484380066394806,0.1328130066394806,0.1445309966802597,0.10866871476173401,8012800
1987-11-13,0.1484380066394806,0.1523440033197403,0.140625,0.1523440033197403,0.11454304307699203,1872000
1987-11-16,0.1484380066394806,0.1601559966802597,0.1484380066394806,0.15625,0.11747987568378448,870400
1987-11-17,0.15625,0.15625,0.1484380066394806,0.1523440033197403,0.11454304307699203,1030400
1987-11-18,0.15625,0.15625,0.140625,0.1523440033197403,0.11454304307699203,1712000
1987-11-19,0.1523440033197403,0.1523440033197403,0.140625,0.140625,0.10573188215494156,2051200
1987-11-20,0.1484380066394806,0.1484380066394806,0.1367190033197403,0.140625,0.10573188215494156,2668800
1987-11-23,0.1445309966802597,0.1445309966802597,0.1367190033197403,0.140625,0.10573188215494156,3136000
1987-11-24,0.1445309966802597,0.1445309966802597,0.1367190033197403,0.140625,0.10573188215494156,1648000
1987-11-25,0.1445309966802597,0.1445309966802597,0.1367190033197403,0.140625,0.10573188215494156,1120000
1987-11-27,0.1367190033197403,0.140625,0.1328130066394806,0.140625,0.10573188215494156,176000
1987-11-30,0.140625,0.140625,0.1171879991889,0.125,0.09398390352725983,2985600
1987-12-01,0.1289059966802597,0.1328130066394806,0.125,0.125,0.09398390352725983,1804800
1987-12-02,0.125,0.1289059966802597,0.1210940033197403,0.1289059966802597,0.09692070633172989,2803200
1987-12-03,0.1210940033197403,0.1289059966802597,0.1210940033197403,0.1210940033197403,0.09104710072278976,1254400
1987-12-04,0.1171879991889,0.125,0.1171879991889,0.1171879991889,0.08811026811599731,2092800
1987-12-07,0.1171879991889,0.125,0.1132809966802597,0.1210940033197403,0.09104710072278976,2723200
1987-12-08,0.1171879991889,0.125,0.1171879991889,0.1210940033197403,0.09104710072278976,1072000
1987-12-09,0.125,0.13085900247097015,0.1210940033197403,0.1289059966802597,0.09692070633172989,2038400
1987-12-10,0.1289059966802597,0.1328130066394806,0.125,0.125,0.09398390352725983,2156800
1987-12-11,0.125,0.1328130066394806,0.125,0.125,0.09398390352725983,2796800
1987-12-14,0.125,0.1367190033197403,0.125,0.1289059966802597,0.09692070633172989,848000
1987-12-15,0.1289059966802597,0.1445309966802597,0.1289059966802597,0.1367190033197403,0.10279498994350433,4246400
1987-12-16,0.140625,0.140625,0.1367190033197403,0.140625,0.10573188215494156,2592000
1987-12-17,0.1367190033197403,0.140625,0.1367190033197403,0.1367190033197403,0.10279498994350433,1689600
1987-12-18,0.140625,0.140625,0.1367190033197403,0.1367190033197403,0.10279498994350433,4345600
1987-12-21,0.1367190033197403,0.140625,0.1367190033197403,0.1367190033197403,0.10279498994350433,3596800
1987-12-22,0.1367190033197403,0.140625,0.125,0.1328130066394806,0.09985823184251785,5043200
1987-12-23,0.140625,0.140625,0.1328130066394806,0.1367190033197403,0.10279498994350433,4288000
1987-12-24,0.1328130066394806,0.1367190033197403,0.1328130066394806,0.1328130066394806,0.09985823184251785,6172800
1987-12-28,0.1328130066394806,0.1328130066394806,0.1210940033197403,0.125,0.09398390352725983,5772800
1987-12-29,0.125,0.1289059966802597,0.1210940033197403,0.125,0.09398390352725983,2777600
1987-12-30,0.1289059966802597,0.1289059966802597,0.1210940033197403,0.1289059966802597,0.09692070633172989,10201600
1987-12-31,0.125,0.1328130066394806,0.125,0.1289059966802597,0.09692070633172989,7660800
1988-01-04,0.1328130066394806,0.1445309966802597,0.1289059966802597,0.140625,0.10573188215494156,3731200
1988-01-05,0.1445309966802597,0.1523440033197403,0.1445309966802597,0.1523440033197403,0.11454304307699203,12035200
1988-01-06,0.1484380066394806,0.1796880066394806,0.1484380066394806,0.1757809966802597,0.1321646273136139,8956800
1988-01-07,0.1796880066394806,0.1835940033197403,0.1679690033197403,0.1796880066394806,0.13510221242904663,10329600
1988-01-08,0.1796880066394806,0.1835940033197403,0.15625,0.1679690033197403,0.12629105150699615,7363200
1988-01-11,0.15625,0.1679690033197403,0.1523440033197403,0.1679690033197403,0.12629105150699615,4915200
1988-01-12,0.1679690033197403,0.1679690033197403,0.1523440033197403,0.1601559966802597,0.12041667103767395,3331200
1988-01-13,0.1601559966802597,0.1835940033197403,0.1523440033197403,0.1757809966802597,0.1321646273136139,6121600
1988-01-14,0.1796880066394806,0.1796880066394806,0.171875,0.1757809966802597,0.1321646273136139,5929600
1988-01-15,0.1796880066394806,0.1796880066394806,0.1757809966802597,0.1796880066394806,0.13510221242904663,5644800
1988-01-18,0.1757809966802597,0.1796880066394806,0.1757809966802597,0.17773400247097015,0.13363298773765564,2236800
1988-01-19,0.1757809966802597,0.1796880066394806,0.171875,0.1757809966802597,0.1321646273136139,1244800
1988-01-20,0.1757809966802597,0.1757809966802597,0.1640630066394806,0.1679690033197403,0.12629105150699615,1859200
1988-01-21,0.1679690033197403,0.171875,0.1601559966802597,0.1640630066394806,0.12335420399904251,1750400
1988-01-22,0.1679690033197403,0.1757809966802597,0.1640630066394806,0.1679690033197403,0.12629105150699615,2732800
1988-01-25,0.1679690033197403,0.1757809966802597,0.1679690033197403,0.1757809966802597,0.1321646273136139,1632000
1988-01-26,0.1757809966802597,0.1757809966802597,0.1679690033197403,0.171875,0.12922781705856323,3152000
1988-01-27,0.1757809966802597,0.1757809966802597,0.1679690033197403,0.171875,0.12922781705856323,4873600
1988-01-28,0.171875,0.2304690033197403,0.1679690033197403,0.2109380066394806,0.15859824419021606,47040000
1988-01-29,0.2148440033197403,0.21875,0.203125,0.2109380066394806,0.15859824419021606,24380800
1988-02-01,0.2109380066394806,0.2148440033197403,0.1796880066394806,0.1835940033197403,0.13803906738758087,14681600
1988-02-02,0.1835940033197403,0.1875,0.1757809966802597,0.1875,0.14097580313682556,3289600
1988-02-03,0.1914059966802597,0.203125,0.1914059966802597,0.1992190033197403,0.14978700876235962,7276800
1988-02-04,0.1953130066394806,0.2109380066394806,0.1953130066394806,0.1992190033197403,0.14978700876235962,3795200
1988-02-05,0.203125,0.203125,0.1835940033197403,0.1914059966802597,0.1439126580953598,3206400
1988-02-08,0.1835940033197403,0.1875,0.1835940033197403,0.1835940033197403,0.13803906738758087,1692800
1988-02-09,0.1835940033197403,0.1875,0.1835940033197403,0.1835940033197403,0.13803906738758087,1622400
1988-02-10,0.1875,0.1914059966802597,0.1835940033197403,0.1875,0.14097580313682556,7948800
1988-02-11,0.1835940033197403,0.1914059966802597,0.1835940033197403,0.1875,0.14097580313682556,2995200
1988-02-12,0.1914059966802597,0.1914059966802597,0.1835940033197403,0.1835940033197403,0.13803906738758087,2339200
1988-02-16,0.1875,0.1914059966802597,0.1835940033197403,0.1875,0.14097580313682556,3926400
1988-02-17,0.1835940033197403,0.1914059966802597,0.1796880066394806,0.1835940033197403,0.13803906738758087,953600
1988-02-18,0.1757809966802597,0.1835940033197403,0.1679690033197403,0.171875,0.12922781705856323,4057600
1988-02-19,0.1757809966802597,0.1796880066394806,0.1757809966802597,0.1796880066394806,0.13510221242904663,4448000
1988-02-22,0.1757809966802597,0.1875,0.1757809966802597,0.1835940033197403,0.13803906738758087,2828800
1988-02-23,0.1875,0.1875,0.1757809966802597,0.1835940033197403,0.13803906738758087,3097600
1988-02-24,0.1835940033197403,0.1914059966802597,0.1835940033197403,0.1875,0.14097580313682556,2684800
1988-02-25,0.1875,0.1992190033197403,0.1835940033197403,0.1914059966802597,0.1439126580953598,6998400
1988-02-26,0.1914059966802597,0.1953130066394806,0.1875,0.1914059966802597,0.1439126580953598,2492800
1988-02-29,0.1914059966802597,0.1914059966802597,0.1875,0.1875,0.14097580313682556,4057600
1988-03-01,0.1875,0.1992190033197403,0.1875,0.1953130066394806,0.14685015380382538,3206400
1988-03-02,0.1992190033197403,0.1992190033197403,0.1875,0.1875,0.14097580313682556,5219200
1988-03-03,0.1953130066394806,0.1953130066394806,0.1757809966802597,0.1757809966802597,0.1321646273136139,4592000
1988-03-04,0.1757809966802597,0.1757809966802597,0.171875,0.1757809966802597,0.1321646273136139,1952000
1988-03-07,0.171875,0.1796880066394806,0.171875,0.171875,0.12922781705856323,1532800
1988-03-08,0.1796880066394806,0.1875,0.1757809966802597,0.1757809966802597,0.1321646273136139,2627200
1988-03-09,0.1875,0.1875,0.1835940033197403,0.1875,0.14097580313682556,1990400
1988-03-10,0.1875,0.1875,0.1796880066394806,0.1796880066394806,0.13510221242904663,3664000
1988-03-11,0.1796880066394806,0.1835940033197403,0.171875,0.1757809966802597,0.1321646273136139,915200
1988-03-14,0.1796880066394806,0.1835940033197403,0.1757809966802597,0.1796880066394806,0.13510221242904663,1174400
1988-03-15,0.1796880066394806,0.1796880066394806,0.171875,0.171875,0.12922781705856323,1897600
1988-03-16,0.171875,0.1796880066394806,0.171875,0.1796880066394806,0.13510221242904663,2684800
1988-03-17,0.1796880066394806,0.1835940033197403,0.1796880066394806,0.1796880066394806,0.13510221242904663,1814400
1988-03-18,0.1835940033197403,0.1953130066394806,0.1796880066394806,0.1914059966802597,0.1439126580953598,6579200
1988-03-21,0.1953130066394806,0.1953130066394806,0.1875,0.1914059966802597,0.1439126580953598,17603200
1988-03-22,0.1914059966802597,0.1914059966802597,0.1835940033197403,0.1875,0.14097580313682556,6832000
1988-03-23,0.1914059966802597,0.1914059966802597,0.1835940033197403,0.1835940033197403,0.13803906738758087,2550400
1988-03-24,0.1875,0.1875,0.1796880066394806,0.1796880066394806,0.13510221242904663,6492800
1988-03-25,0.1796880066394806,0.1835940033197403,0.1796880066394806,0.1796880066394806,0.13510221242904663,1427200
1988-03-28,0.1796880066394806,0.1835940033197403,0.1757809966802597,0.1757809966802597,0.1321646273136139,608000
1988-03-29,0.1835940033197403,0.1835940033197403,0.1757809966802597,0.1796880066394806,0.13510221242904663,1312000
1988-03-30,0.1835940033197403,0.1875,0.1796880066394806,0.1796880066394806,0.13510221242904663,1200000
1988-03-31,0.1796880066394806,0.1835940033197403,0.1757809966802597,0.1835940033197403,0.13803906738758087,1548800
1988-04-04,0.1796880066394806,0.1796880066394806,0.1757809966802597,0.1757809966802597,0.1321646273136139,620800
1988-04-05,0.1757809966802597,0.1796880066394806,0.1757809966802597,0.1757809966802597,0.1321646273136139,2236800
1988-04-06,0.1757809966802597,0.1796880066394806,0.171875,0.1796880066394806,0.13510221242904663,2668800
1988-04-07,0.1796880066394806,0.1875,0.1757809966802597,0.1835940033197403,0.13803906738758087,5286400
1988-04-08,0.1835940033197403,0.1875,0.1835940033197403,0.1835940033197403,0.13803906738758087,1161600
1988-04-11,0.1835940033197403,0.1875,0.1757809966802597,0.1757809966802597,0.1321646273136139,2934400
1988-04-12,0.1796880066394806,0.1835940033197403,0.1796880066394806,0.1796880066394806,0.13510221242904663,2112000
1988-04-13,0.1796880066394806,0.1835940033197403,0.1796880066394806,0.1796880066394806,0.13510221242904663,4275200
1988-04-14,0.1796880066394806,0.1835940033197403,0.1796880066394806,0.1796880066394806,0.13510221242904663,2764800
1988-04-15,0.1796880066394806,0.1835940033197403,0.1757809966802597,0.1796880066394806,0.13510221242904663,2710400
1988-04-18,0.1757809966802597,0.1835940033197403,0.1757809966802597,0.1835940033197403,0.13803906738758087,1283200
1988-04-19,0.1796880066394806,0.1796880066394806,0.1757809966802597,0.1757809966802597,0.1321646273136139,1129600
1988-04-20,0.1757809966802597,0.1796880066394806,0.171875,0.171875,0.12922781705856323,3075200
1988-04-21,0.1757809966802597,0.1757809966802597,0.15625,0.1640630066394806,0.12335420399904251,9420800
1988-04-22,0.1640630066394806,0.1640630066394806,0.15625,0.1601559966802597,0.12041667103767395,3059200
1988-04-25,0.1601559966802597,0.1679690033197403,0.15625,0.1601559966802597,0.12041667103767395,5337600
1988-04-26,0.1640630066394806,0.171875,0.1640630066394806,0.1640630066394806,0.12335420399904251,1574400
1988-04-27,0.1679690033197403,0.1679690033197403,0.1640630066394806,0.1679690033197403,0.12629105150699615,1286400
1988-04-28,0.1640630066394806,0.1679690033197403,0.1601559966802597,0.1601559966802597,0.12041667103767395,2054400
1988-04-29,0.16210900247097015,0.1679690033197403,0.1601559966802597,0.1679690033197403,0.12629105150699615,3904000
1988-05-02,0.1640630066394806,0.1796880066394806,0.1640630066394806,0.1796880066394806,0.13510221242904663,4841600
1988-05-03,0.1796880066394806,0.1796880066394806,0.171875,0.1757809966802597,0.1321646273136139,2076800
1988-05-04,0.1757809966802597,0.1796880066394806,0.171875,0.171875,0.12922781705856323,860800
1988-05-05,0.171875,0.1757809966802597,0.1679690033197403,0.171875,0.12922781705856323,4758400
1988-05-06,0.1914059966802597,0.1914059966802597,0.171875,0.171875,0.12922781705856323,4121600
1988-05-09,0.1679690033197403,0.1757809966802597,0.1679690033197403,0.171875,0.12922781705856323,3763200
1988-05-10,0.1679690033197403,0.1757809966802597,0.1679690033197403,0.171875,0.12922781705856323,1657600
1988-05-11,0.1679690033197403,0.171875,0.1640630066394806,0.16992199420928955,0.12775945663452148,2604800
1988-05-12,0.171875,0.1757809966802597,0.1679690033197403,0.1679690033197403,0.12629105150699615,448000
1988-05-13,0.171875,0.1757809966802597,0.171875,0.1757809966802597,0.1321646273136139,1644800
1988-05-16,0.1757809966802597,0.1835940033197403,0.171875,0.1757809966802597,0.1321646273136139,4272000
1988-05-17,0.1796880066394806,0.1875,0.1796880066394806,0.1835940033197403,0.13803906738758087,4390400
1988-05-18,0.1835940033197403,0.1914059966802597,0.1757809966802597,0.1835940033197403,0.13803906738758087,2220800
1988-05-19,0.1835940033197403,0.1835940033197403,0.1757809966802597,0.1835940033197403,0.13803906738758087,1161600
1988-05-20,0.1835940033197403,0.1835940033197403,0.1757809966802597,0.1757809966802597,0.1321646273136139,662400
1988-05-23,0.1757809966802597,0.1835940033197403,0.171875,0.1757809966802597,0.1321646273136139,2300800
1988-05-24,0.1757809966802597,0.1835940033197403,0.1757809966802597,0.1796880066394806,0.13510221242904663,1593600
1988-05-25,0.1757809966802597,0.1835940033197403,0.1757809966802597,0.1835940033197403,0.13803906738758087,1273600
1988-05-26,0.1835940033197403,0.1914059966802597,0.18164099752902985,0.1835940033197403,0.13803906738758087,9593600
1988-05-27,0.1914059966802597,0.1914059966802597,0.1835940033197403,0.1875,0.14097580313682556,3302400
1988-05-31,0.1914059966802597,0.1953130066394806,0.1875,0.1953130066394806,0.14685015380382538,3590400
1988-06-01,0.1992190033197403,0.1992190033197403,0.1914059966802597,0.1914059966802597,0.1439126580953598,3360000
1988-06-02,0.1914059966802597,0.1992190033197403,0.1914059966802597,0.1953130066394806,0.14685015380382538,2707200
1988-06-03,0.1953130066394806,0.1992190033197403,0.1914059966802597,0.1992190033197403,0.14978700876235962,2182400
1988-06-06,0.1992190033197403,0.1992190033197403,0.1914059966802597,0.1953130066394806,0.14685015380382538,656000
1988-06-07,0.1914059966802597,0.1992190033197403,0.1914059966802597,0.19726599752902985,0.1483185738325119,4518400
1988-06-08,0.1953130066394806,0.2148440033197403,0.1953130066394806,0.2109380066394806,0.15859824419021606,9555200
1988-06-09,0.2070309966802597,0.2070309966802597,0.1992190033197403,0.203125,0.15272381901741028,3897600
1988-06-10,0.1992190033197403,0.203125,0.1953130066394806,0.1953130066394806,0.14685015380382538,1852800
1988-06-13,0.203125,0.203125,0.1953130066394806,0.1992190033197403,0.14978700876235962,4339200
1988-06-14,0.1992190033197403,0.203125,0.1953130066394806,0.1953130066394806,0.14685015380382538,886400
1988-06-15,0.1953130066394806,0.203125,0.1953130066394806,0.1992190033197403,0.14978700876235962,2473600
1988-06-16,0.203125,0.203125,0.1953130066394806,0.1953130066394806,0.14685015380382538,1862400
1988-06-17,0.1953130066394806,0.1992190033197403,0.1953130066394806,0.1953130066394806,0.14685015380382538,1692800
1988-06-20,0.1953130066394806,0.1992190033197403,0.1875,0.1914059966802597,0.1439126580953598,3606400
1988-06-21,0.1914059966802597,0.1953130066394806,0.1914059966802597,0.1914059966802597,0.1439126580953598,1193600
1988-06-22,0.1953130066394806,0.1953130066394806,0.1914059966802597,0.1953130066394806,0.14685015380382538,1948800
1988-06-23,0.1914059966802597,0.203125,0.1914059966802597,0.1992190033197403,0.14978700876235962,3542400
1988-06-24,0.203125,0.203125,0.1992190033197403,0.203125,0.15272381901741028,4502400
1988-06-27,0.2070309966802597,0.21875,0.1992190033197403,0.2148440033197403,0.16153492033481598,6668800
1988-06-28,0.2148440033197403,0.2148440033197403,0.2109380066394806,0.2148440033197403,0.16153492033481598,3286400
1988-06-29,0.2148440033197403,0.2226559966802597,0.2148440033197403,0.21875,0.16447176039218903,7452800
1988-06-30,0.21875,0.2226559966802597,0.2148440033197403,0.2226559966802597,0.1674085557460785,6809600
1988-07-01,0.2226559966802597,0.2226559966802597,0.21875,0.21875,0.16447176039218903,5955200
1988-07-05,0.22070300579071045,0.2226559966802597,0.21875,0.2226559966802597,0.1674085557460785,3545600
1988-07-06,0.2226559966802597,0.2382809966802597,0.21875,0.2382809966802597,0.17915654182434082,12726400
1988-07-07,0.23632800579071045,0.2460940033197403,0.234375,0.2421880066394806,0.18209420144557953,10198400
1988-07-08,0.2382809966802597,0.25,0.2382809966802597,0.24023400247097015,0.18062500655651093,6332800
1988-07-11,0.2382809966802597,0.2421880066394806,0.2304690033197403,0.234375,0.17621979117393494,4803200
1988-07-12,0.234375,0.234375,0.2226559966802597,0.2304690033197403,0.17328298091888428,3894400
1988-07-13,0.2265630066394806,0.2304690033197403,0.2226559966802597,0.2265630066394806,0.17034614086151123,2390400
1988-07-14,0.2265630066394806,0.2304690033197403,0.2265630066394806,0.2304690033197403,0.17328298091888428,1763200
1988-07-15,0.2304690033197403,0.2304690033197403,0.2265630066394806,0.2265630066394806,0.17034614086151123,1027200
1988-07-18,0.2304690033197403,0.2304690033197403,0.2265630066394806,0.2265630066394806,0.17034614086151123,1260800
1988-07-19,0.2265630066394806,0.2304690033197403,0.2265630066394806,0.2304690033197403,0.17328298091888428,2912000
1988-07-20,0.2265630066394806,0.2304690033197403,0.2265630066394806,0.2265630066394806,0.17034614086151123,1577600
1988-07-21,0.2304690033197403,0.2304690033197403,0.2265630066394806,0.2265630066394806,0.17034614086151123,2489600
1988-07-22,0.2304690033197403,0.2304690033197403,0.2226559966802597,0.22460900247097015,0.1688770353794098,3104000
1988-07-25,0.2226559966802597,0.2265630066394806,0.2226559966802597,0.2226559966802597,0.1674085557460785,2006400
1988-07-26,0.2265630066394806,0.2304690033197403,0.2226559966802597,0.2265630066394806,0.17034614086151123,1363200
1988-07-27,0.2265630066394806,0.2421880066394806,0.2265630066394806,0.2382809966802597,0.17915654182434082,5792000
1988-07-28,0.2421880066394806,0.2617189884185791,0.234375,0.2539060115814209,0.19090455770492554,24208000
1988-07-29,0.2578130066394806,0.2734380066394806,0.25,0.2695310115814209,0.20265255868434906,14646400
1988-08-01,0.2695310115814209,0.2890630066394806,0.2695310115814209,0.2890630066394806,0.21733812987804413,12563200
1988-08-02,0.2851560115814209,0.2890630066394806,0.2695310115814209,0.27929699420928955,0.2099953293800354,18742400
1988-08-03,0.2734380066394806,0.28125,0.2734380066394806,0.27929699420928955,0.2099953293800354,12428800
1988-08-04,0.2773439884185791,0.3046880066394806,0.2773439884185791,0.2890630066394806,0.21733812987804413,21968000
1988-08-05,0.2890630066394806,0.2929689884185791,0.2851560115814209,0.2929689884185791,0.2202749401330948,3516800
1988-08-08,0.2890630066394806,0.296875,0.2890630066394806,0.2929689884185791,0.2202749401330948,3190400
1988-08-09,0.2929689884185791,0.296875,0.2851560115814209,0.2851560115814209,0.21440058946609497,10649600
1988-08-10,0.2890630066394806,0.2890630066394806,0.2734380066394806,0.28125,0.21146376430988312,5676800
1988-08-11,0.2773439884185791,0.28320300579071045,0.2773439884185791,0.28125,0.21146376430988312,6348800
1988-08-12,0.28125,0.2851560115814209,0.2773439884185791,0.28125,0.21146376430988312,3891200
1988-08-15,0.28125,0.2851560115814209,0.2773439884185791,0.2851560115814209,0.21440058946609497,14182400
1988-08-16,0.28125,0.2851560115814209,0.28125,0.28320300579071045,0.2129322588443756,8409600
1988-08-17,0.28125,0.2851560115814209,0.2773439884185791,0.2773439884185791,0.20852692425251007,17712000
1988-08-18,0.2773439884185791,0.28125,0.2773439884185791,0.28125,0.21146376430988312,5728000
1988-08-19,0.2773439884185791,0.28125,0.2773439884185791,0.2773439884185791,0.20852692425251007,2329600
1988-08-22,0.2773439884185791,0.28125,0.2773439884185791,0.28125,0.21146376430988312,5920000
1988-08-23,0.2773439884185791,0.2851560115814209,0.2773439884185791,0.28320300579071045,0.2129322588443756,21104000
1988-08-24,0.28125,0.2851560115814209,0.2734380066394806,0.28125,0.21146376430988312,2886400
1988-08-25,0.2773439884185791,0.2851560115814209,0.2773439884185791,0.2851560115814209,0.21440058946609497,4217600
1988-08-26,0.2851560115814209,0.2929689884185791,0.28125,0.2851560115814209,0.21440058946609497,6953600
1988-08-29,0.2890630066394806,0.2929689884185791,0.2851560115814209,0.2890630066394806,0.21733812987804413,2553600
1988-08-30,0.2929689884185791,0.2929689884185791,0.2890630066394806,0.2929689884185791,0.2202749401330948,2972800
1988-08-31,0.2890630066394806,0.296875,0.2890630066394806,0.296875,0.22321170568466187,2716800
1988-09-01,0.296875,0.296875,0.2890630066394806,0.2890630066394806,0.21733812987804413,4032000
1988-09-02,0.2929689884185791,0.3046880066394806,0.2929689884185791,0.296875,0.22321170568466187,3590400
1988-09-06,0.3046880066394806,0.3085939884185791,0.3007810115814209,0.3007810115814209,0.22614844143390656,4592000
1988-09-07,0.3046880066394806,0.3046880066394806,0.3007810115814209,0.3046880066394806,0.22908608615398407,8508800
1988-09-08,0.3046880066394806,0.3125,0.3007810115814209,0.3125,0.23495975136756897,6243200
1988-09-09,0.3085939884185791,0.3164060115814209,0.3046880066394806,0.3125,0.23495975136756897,3744000
1988-09-12,0.3164060115814209,0.3164060115814209,0.3085939884185791,0.3085939884185791,0.2320229411125183,1321600
1988-09-13,0.3085939884185791,0.3085939884185791,0.296875,0.3046880066394806,0.22908608615398407,6387200
1988-09-14,0.3046880066394806,0.3125,0.3046880066394806,0.3125,0.23495975136756897,2406400
1988-09-15,0.3085939884185791,0.3164060115814209,0.3085939884185791,0.3125,0.23495975136756897,1129600
1988-09-16,0.3125,0.3125,0.3085939884185791,0.3125,0.23495975136756897,720000
1988-09-19,0.3085939884185791,0.3203130066394806,0.3085939884185791,0.3164060115814209,0.23789645731449127,6166400
1988-09-20,0.3203130066394806,0.3398439884185791,0.3203130066394806,0.3398439884185791,0.25551891326904297,8867200
1988-09-21,0.34375,0.3515630066394806,0.3398439884185791,0.3398439884185791,0.25551891326904297,4217600
1988-09-22,0.3398439884185791,0.3476560115814209,0.3359380066394806,0.34375,0.25845563411712646,7920000
1988-09-23,0.34375,0.3476560115814209,0.3398439884185791,0.3398439884185791,0.25551891326904297,3369600
1988-09-26,0.3476560115814209,0.3476560115814209,0.328125,0.328125,0.2467077076435089,3321600
1988-09-27,0.328125,0.3398439884185791,0.328125,0.3320310115814209,0.24964456260204315,5315200
1988-09-28,0.3242189884185791,0.3320310115814209,0.3242189884185791,0.3242189884185791,0.24377085268497467,665600
1988-09-29,0.3242189884185791,0.3359380066394806,0.3242189884185791,0.3359380066394806,0.2525821030139923,3193600
1988-09-30,0.3320310115814209,0.3320310115814209,0.3203130066394806,0.3203130066394806,0.2408341020345688,4614400
1988-10-03,0.3203130066394806,0.3203130066394806,0.3085939884185791,0.3203130066394806,0.2408341020345688,3241600
1988-10-04,0.3125,0.3164060115814209,0.3046880066394806,0.3046880066394806,0.22908608615398407,2492800
1988-10-05,0.3046880066394806,0.3125,0.3046880066394806,0.3125,0.23495975136756897,2752000
1988-10-06,0.3085939884185791,0.3164060115814209,0.3085939884185791,0.3125,0.23495975136756897,1366400
1988-10-07,0.3125,0.3164060115814209,0.3007810115814209,0.3085939884185791,0.2320229411125183,1299200
1988-10-10,0.3085939884185791,0.3125,0.3007810115814209,0.3085939884185791,0.2320229411125183,1206400
1988-10-11,0.3085939884185791,0.3125,0.3046880066394806,0.3046880066394806,0.22908608615398407,4544000
1988-10-12,0.3046880066394806,0.3085939884185791,0.296875,0.3046880066394806,0.22908608615398407,1542400
1988-10-13,0.2929689884185791,0.3125,0.2929689884185791,0.3085939884185791,0.2320229411125183,2940800
1988-10-14,0.3046880066394806,0.3320310115814209,0.3046880066394806,0.3242189884185791,0.24377085268497467,6550400
1988-10-17,0.3203130066394806,0.3242189884185791,0.3203130066394806,0.3242189884185791,0.24377085268497467,3289600
1988-10-18,0.3203130066394806,0.3398439884185791,0.3203130066394806,0.3398439884185791,0.25551891326904297,4246400
1988-10-19,0.3398439884185791,0.3476560115814209,0.3359380066394806,0.34375,0.25845563411712646,5804800
1988-10-20,0.3398439884185791,0.34375,0.3398439884185791,0.34375,0.25845563411712646,1456000
1988-10-21,0.3398439884185791,0.34375,0.328125,0.3398439884185791,0.25551891326904297,6147200
1988-10-24,0.3320310115814209,0.3320310115814209,0.328125,0.328125,0.2467077076435089,886400
1988-10-25,0.328125,0.328125,0.3125,0.3125,0.23495975136756897,1936000
1988-10-26,0.3164060115814209,0.3203130066394806,0.3125,0.3125,0.23495975136756897,1273600
1988-10-27,0.3125,0.3203130066394806,0.3125,0.3125,0.23495975136756897,1638400
1988-10-28,0.3203130066394806,0.3242189884185791,0.3164060115814209,0.3203130066394806,0.2408341020345688,3084800
1988-10-31,0.3203130066394806,0.3203130066394806,0.3164060115814209,0.3164060115814209,0.23789645731449127,457600
1988-11-01,0.3203130066394806,0.3203130066394806,0.3125,0.3164060115814209,0.23789645731449127,1040000
1988-11-02,0.3125,0.3203130066394806,0.3125,0.3164060115814209,0.23789645731449127,940800
1988-11-03,0.3203130066394806,0.3359380066394806,0.3203130066394806,0.3359380066394806,0.2525821030139923,5376000
1988-11-04,0.3320310115814209,0.3359380066394806,0.328125,0.328125,0.2467077076435089,3612800
1988-11-07,0.328125,0.328125,0.3164060115814209,0.3164060115814209,0.23789645731449127,1900800
1988-11-08,0.3164060115814209,0.3203130066394806,0.3164060115814209,0.3164060115814209,0.23789645731449127,3024000
1988-11-09,0.3164060115814209,0.3203130066394806,0.3085939884185791,0.3085939884185791,0.2320229411125183,2057600
1988-11-10,0.3085939884185791,0.3125,0.3046880066394806,0.3085939884185791,0.2320229411125183,1081600
1988-11-11,0.3046880066394806,0.3085939884185791,0.296875,0.3007810115814209,0.22614844143390656,864000
1988-11-14,0.3007810115814209,0.3007810115814209,0.2851560115814209,0.2890630066394806,0.21733812987804413,3401600
1988-11-15,0.2890630066394806,0.296875,0.2890630066394806,0.296875,0.22321170568466187,544000
1988-11-16,0.296875,0.296875,0.2851560115814209,0.2929689884185791,0.2202749401330948,1168000
1988-11-17,0.2851560115814209,0.2929689884185791,0.2851560115814209,0.2929689884185791,0.2202749401330948,1977600
1988-11-18,0.2851560115814209,0.2929689884185791,0.2851560115814209,0.2890630066394806,0.21733812987804413,729600
1988-11-21,0.2929689884185791,0.2929689884185791,0.2851560115814209,0.2851560115814209,0.21440058946609497,1776000
1988-11-22,0.2890630066394806,0.2890630066394806,0.2773439884185791,0.2851560115814209,0.21440058946609497,1987200
1988-11-23,0.2851560115814209,0.2890630066394806,0.2851560115814209,0.2890630066394806,0.21733812987804413,2768000
1988-11-25,0.2851560115814209,0.2890630066394806,0.2851560115814209,0.2851560115814209,0.21440058946609497,1292800
1988-11-28,0.28125,0.2890630066394806,0.28125,0.2890630066394806,0.21733812987804413,633600
1988-11-29,0.2890630066394806,0.328125,0.2890630066394806,0.328125,0.2467077076435089,5555200
1988-11-30,0.328125,0.3476560115814209,0.3242189884185791,0.3398439884185791,0.25551891326904297,8921600
1988-12-01,0.3359380066394806,0.34375,0.3359380066394806,0.3398439884185791,0.25551891326904297,3177600
1988-12-02,0.3359380066394806,0.3476560115814209,0.3320310115814209,0.3359380066394806,0.2525821030139923,2364800
1988-12-05,0.3359380066394806,0.3398439884185791,0.3320310115814209,0.3320310115814209,0.24964456260204315,2112000
1988-12-06,0.3320310115814209,0.3359380066394806,0.3242189884185791,0.3359380066394806,0.2525821030139923,1740800
1988-12-07,0.3320310115814209,0.3398439884185791,0.328125,0.3398439884185791,0.25551891326904297,16969600
1988-12-08,0.3359380066394806,0.3476560115814209,0.3359380066394806,0.34375,0.25845563411712646,8211200
1988-12-09,0.34375,0.3515630066394806,0.3398439884185791,0.34375,0.25845563411712646,4841600
1988-12-12,0.34375,0.34375,0.3359380066394806,0.34375,0.25845563411712646,1043200
1988-12-13,0.3320310115814209,0.3359380066394806,0.3320310115814209,0.3359380066394806,0.2525821030139923,476800
1988-12-14,0.3359380066394806,0.3359380066394806,0.3203130066394806,0.3320310115814209,0.24964456260204315,1411200
1988-12-15,0.3242189884185791,0.3320310115814209,0.3242189884185791,0.3242189884185791,0.24377085268497467,1337600
1988-12-16,0.328125,0.3359380066394806,0.3242189884185791,0.3359380066394806,0.2525821030139923,3920000
1988-12-19,0.328125,0.3359380066394806,0.328125,0.328125,0.2467077076435089,7904000
1988-12-20,0.3320310115814209,0.3359380066394806,0.3164060115814209,0.3164060115814209,0.23789645731449127,3113600
1988-12-21,0.3164060115814209,0.3203130066394806,0.3085939884185791,0.3203130066394806,0.2408341020345688,681600
1988-12-22,0.3125,0.328125,0.3125,0.328125,0.2467077076435089,4217600
1988-12-23,0.328125,0.3320310115814209,0.328125,0.328125,0.2467077076435089,640000
1988-12-27,0.328125,0.3320310115814209,0.3242189884185791,0.3242189884185791,0.24377085268497467,790400
1988-12-28,0.328125,0.328125,0.3164060115814209,0.3164060115814209,0.23789645731449127,1072000
1988-12-29,0.3164060115814209,0.328125,0.3164060115814209,0.3242189884185791,0.24377085268497467,2908800
1988-12-30,0.328125,0.3320310115814209,0.328125,0.328125,0.2467077076435089,1088000
1989-01-03,0.328125,0.328125,0.3203130066394806,0.328125,0.2467077076435089,761600
1989-01-04,0.328125,0.328125,0.3203130066394806,0.3203130066394806,0.2408341020345688,1513600
1989-01-05,0.3203130066394806,0.3359380066394806,0.3203130066394806,0.3320310115814209,0.24964456260204315,10976000
1989-01-06,0.3320310115814209,0.3359380066394806,0.328125,0.328125,0.2467077076435089,8400000
1989-01-09,0.3320310115814209,0.3320310115814209,0.3203130066394806,0.328125,0.2467077076435089,2313600
1989-01-10,0.3203130066394806,0.328125,0.3164060115814209,0.3203130066394806,0.2408341020345688,6131200
1989-01-11,0.3164060115814209,0.3242189884185791,0.3164060115814209,0.3164060115814209,0.23789645731449127,2508800
1989-01-12,0.3242189884185791,0.328125,0.3203130066394806,0.3242189884185791,0.24377085268497467,2691200
1989-01-13,0.3242189884185791,0.3320310115814209,0.3242189884185791,0.3242189884185791,0.24377085268497467,1177600
1989-01-16,0.3242189884185791,0.3359380066394806,0.3242189884185791,0.328125,0.2467077076435089,1916800
1989-01-17,0.328125,0.328125,0.3242189884185791,0.328125,0.2467077076435089,1504000
1989-01-18,0.3242189884185791,0.3359380066394806,0.3242189884185791,0.3320310115814209,0.24964456260204315,5116800
1989-01-19,0.3359380066394806,0.3398439884185791,0.3320310115814209,0.3320310115814209,0.24964456260204315,5126400
1989-01-20,0.3359380066394806,0.3359380066394806,0.328125,0.328125,0.2467077076435089,8758400
1989-01-23,0.328125,0.3320310115814209,0.328125,0.328125,0.2467077076435089,11555200
1989-01-24,0.328125,0.3320310115814209,0.328125,0.328125,0.2467077076435089,2352000
1989-01-25,0.328125,0.3320310115814209,0.328125,0.328125,0.2467077076435089,1219200
1989-01-26,0.328125,0.3320310115814209,0.3242189884185791,0.3242189884185791,0.24377085268497467,9792000
1989-01-27,0.3242189884185791,0.3320310115814209,0.3242189884185791,0.3320310115814209,0.24964456260204315,6140800
1989-01-30,0.328125,0.3320310115814209,0.328125,0.328125,0.2467077076435089,5212800
1989-01-31,0.328125,0.3515630066394806,0.328125,0.3515630066394806,0.26433005928993225,5491200
1989-02-01,0.3515630066394806,0.3515630066394806,0.3398439884185791,0.34375,0.25845563411712646,4988800
1989-02-02,0.3476560115814209,0.3671880066394806,0.34375,0.3632810115814209,0.2731405198574066,8182400
1989-02-03,0.359375,0.3632810115814209,0.3554689884185791,0.3632810115814209,0.2731405198574066,6256000
1989-02-06,0.359375,0.3671880066394806,0.359375,0.359375,0.27020370960235596,5990400
1989-02-07,0.3632810115814209,0.3828130066394806,0.3632810115814209,0.3789060115814209,0.28488850593566895,7968000
1989-02-08,0.3789060115814209,0.40625,0.3789060115814209,0.3945310115814209,0.2966364622116089,8560000
1989-02-09,0.3984380066394806,0.4023439884185791,0.390625,0.3984380066394806,0.29957401752471924,7001600
1989-02-10,0.3945310115814209,0.3984380066394806,0.390625,0.390625,0.29369956254959106,5833600
1989-02-13,0.390625,0.3945310115814209,0.390625,0.390625,0.29369956254959106,3475200
1989-02-14,0.390625,0.3984380066394806,0.390625,0.3945310115814209,0.2966364622116089,6208000
1989-02-15,0.3984380066394806,0.40625,0.3945310115814209,0.40625,0.30544763803482056,3475200
1989-02-16,0.40625,0.40625,0.4023439884185791,0.40625,0.30544763803482056,2828800
1989-02-17,0.4101560115814209,0.4140630066394806,0.40625,0.4101560115814209,0.30838456749916077,3542400
1989-02-21,0.4179689884185791,0.4296880066394806,0.4101560115814209,0.421875,0.3171957731246948,3782400
1989-02-22,0.421875,0.4257810115814209,0.4179689884185791,0.4179689884185791,0.314258873462677,892800
1989-02-23,0.4179689884185791,0.421875,0.4179689884185791,0.4179689884185791,0.314258873462677,3740800
1989-02-24,0.4179689884185791,0.421875,0.4140630066394806,0.4179689884185791,0.314258873462677,7225600
1989-02-27,0.4140630066394806,0.421875,0.4140630066394806,0.421875,0.3171957731246948,1820800
1989-02-28,0.4140630066394806,0.4179689884185791,0.4140630066394806,0.4140630066394806,0.31132203340530396,1564800
1989-03-01,0.4140630066394806,0.421875,0.4140630066394806,0.4179689884185791,0.314258873462677,1123200
1989-03-02,0.4140630066394806,0.421875,0.4140630066394806,0.421875,0.3171957731246948,10579200
1989-03-03,0.421875,0.4335939884185791,0.421875,0.4296880066394806,0.32306984066963196,6284800
1989-03-06,0.4375,0.4375,0.4296880066394806,0.4335939884185791,0.3260066509246826,2659200
1989-03-07,0.4335939884185791,0.4375,0.4296880066394806,0.4375,0.32894352078437805,2793600
1989-03-08,0.4335939884185791,0.4375,0.4296880066394806,0.4296880066394806,0.32306984066963196,4723200
1989-03-09,0.4296880066394806,0.4335939884185791,0.4296880066394806,0.4335939884185791,0.3260066509246826,985600
1989-03-10,0.4296880066394806,0.4335939884185791,0.4296880066394806,0.4335939884185791,0.3260066509246826,2041600
1989-03-13,0.4335939884185791,0.4375,0.4296880066394806,0.4335939884185791,0.3260066509246826,1382400
1989-03-14,0.4335939884185791,0.4414060115814209,0.4335939884185791,0.4335939884185791,0.3260066509246826,5328000
1989-03-15,0.4335939884185791,0.4414060115814209,0.4335939884185791,0.4375,0.32894352078437805,4998400
1989-03-16,0.4375,0.4414060115814209,0.4335939884185791,0.4414060115814209,0.3318804204463959,1379200
1989-03-17,0.4335939884185791,0.4375,0.4296880066394806,0.4375,0.32894352078437805,7244800
1989-03-20,0.4335939884185791,0.4453130066394806,0.4335939884185791,0.4335939884185791,0.3260066509246826,4076800
1989-03-21,0.4335939884185791,0.4375,0.4335939884185791,0.4335939884185791,0.3260066509246826,3203200
1989-03-22,0.4335939884185791,0.4375,0.4335939884185791,0.4375,0.32894352078437805,4867200
1989-03-23,0.4375,0.4375,0.4335939884185791,0.4375,0.32894352078437805,822400
1989-03-27,0.4375,0.4375,0.4335939884185791,0.4335939884185791,0.3260066509246826,1392000
1989-03-28,0.4335939884185791,0.4375,0.4335939884185791,0.4335939884185791,0.3260066509246826,3260800
1989-03-29,0.4335939884185791,0.4453130066394806,0.4335939884185791,0.4414060115814209,0.3318804204463959,2544000
1989-03-30,0.4414060115814209,0.4414060115814209,0.4375,0.4375,0.32894352078437805,147200
1989-03-31,0.4375,0.4414060115814209,0.4375,0.4375,0.32894352078437805,2176000
1989-04-03,0.4414060115814209,0.4414060115814209,0.4375,0.4414060115814209,0.3318804204463959,2716800
1989-04-04,0.4335939884185791,0.4414060115814209,0.4257810115814209,0.4257810115814209,0.32013261318206787,976000
1989-04-05,0.4257810115814209,0.4335939884185791,0.4257810115814209,0.4296880066394806,0.32306984066963196,2448000
1989-04-06,0.4296880066394806,0.4296880066394806,0.4257810115814209,0.4296880066394806,0.32306984066963196,3484800
1989-04-07,0.4335939884185791,0.4335939884185791,0.4257810115814209,0.4296880066394806,0.32306984066963196,291200
1989-04-10,0.4296880066394806,0.4375,0.4296880066394806,0.4375,0.32894352078437805,636800
1989-04-11,0.4375,0.453125,0.4335939884185791,0.453125,0.34069159626960754,5187200
1989-04-12,0.453125,0.4726560115814209,0.4453130066394806,0.46875,0.3524395823478699,8339200
1989-04-13,0.46875,0.4804689884185791,0.46875,0.4765630066394806,0.3583139181137085,3651200
1989-04-14,0.4804689884185791,0.484375,0.4726560115814209,0.4804689884185791,0.36125075817108154,876800
1989-04-17,0.4804689884185791,0.4921880066394806,0.4804689884185791,0.4882810115814209,0.3671243190765381,2764800
1989-04-18,0.4921880066394806,0.4921880066394806,0.4804689884185791,0.4882810115814209,0.3671243190765381,2060800
1989-04-19,0.4882810115814209,0.4882810115814209,0.4804689884185791,0.4804689884185791,0.36125075817108154,1289600
1989-04-20,0.4804689884185791,0.4804689884185791,0.4648439884185791,0.46875,0.3524395823478699,2870400
1989-04-21,0.46875,0.4921880066394806,0.46875,0.484375,0.3641875684261322,5648000
1989-04-24,0.484375,0.4921880066394806,0.484375,0.484375,0.3641875684261322,1267200
1989-04-25,0.4804689884185791,0.4882810115814209,0.4804689884185791,0.4804689884185791,0.36125075817108154,713600
1989-04-26,0.484375,0.484375,0.4804689884185791,0.4804689884185791,0.36125075817108154,1600000
1989-04-27,0.4804689884185791,0.4882810115814209,0.4804689884185791,0.484375,0.3641875684261322,1846400
1989-04-28,0.4804689884185791,0.484375,0.4804689884185791,0.484375,0.3641875684261322,5001600
1989-05-01,0.484375,0.4882810115814209,0.4804689884185791,0.4882810115814209,0.3671243190765381,1344000
1989-05-02,0.4882810115814209,0.5234379768371582,0.484375,0.5117189884185791,0.38474658131599426,7468800
1989-05-03,0.5195310115814209,0.53125,0.5117189884185791,0.5234379768371582,0.39355796575546265,3420800
1989-05-04,0.5234379768371582,0.5507810115814209,0.5234379768371582,0.546875,0.4111792743206024,12243200
1989-05-05,0.546875,0.5507810115814209,0.5429689884185791,0.5429689884185791,0.40824252367019653,4716800
1989-05-08,0.546875,0.5507810115814209,0.5351560115814209,0.546875,0.4111792743206024,5270400
1989-05-09,0.5429689884185791,0.5546879768371582,0.5429689884185791,0.5507810115814209,0.41411611437797546,2896000
1989-05-10,0.546875,0.5507810115814209,0.546875,0.546875,0.4111792743206024,1657600
1989-05-11,0.5507810115814209,0.5507810115814209,0.546875,0.5507810115814209,0.41411611437797546,3955200
1989-05-12,0.5507810115814209,0.5546879768371582,0.546875,0.5507810115814209,0.41411611437797546,2627200
1989-05-15,0.5546879768371582,0.5625,0.5507810115814209,0.5585939884185791,0.4199906587600708,7571200
1989-05-16,0.5625,0.5625,0.5507810115814209,0.5507810115814209,0.41411611437797546,5763200
1989-05-17,0.5585939884185791,0.5585939884185791,0.5507810115814209,0.5507810115814209,0.41411611437797546,422400
1989-05-18,0.5546879768371582,0.5585939884185791,0.5507810115814209,0.5585939884185791,0.4199906587600708,2016000
1989-05-19,0.5546879768371582,0.5625,0.5546879768371582,0.5625,0.42292752861976624,4470400
1989-05-22,0.5625,0.5664060115814209,0.5546879768371582,0.5585939884185791,0.4199906587600708,3987200
1989-05-23,0.5625,0.5625,0.5507810115814209,0.5507810115814209,0.41411611437797546,2620800
1989-05-24,0.5507810115814209,0.5546879768371582,0.5429689884185791,0.546875,0.4111792743206024,2246400
1989-05-25,0.5429689884185791,0.546875,0.5429689884185791,0.546875,0.4111792743206024,2294400
1989-05-26,0.5429689884185791,0.5546879768371582,0.5429689884185791,0.5546879768371582,0.41705384850502014,14278400
1989-05-30,0.5585939884185791,0.5625,0.5546879768371582,0.5625,0.42292752861976624,3667200
1989-05-31,0.5625,0.6015629768371582,0.5625,0.59375,0.44642341136932373,6985600
1989-06-01,0.59375,0.6210939884185791,0.59375,0.6210939884185791,0.4669826030731201,6835200
1989-06-02,0.6171879768371582,0.6367189884185791,0.6171879768371582,0.6210939884185791,0.4669826030731201,8841600
1989-06-05,0.625,0.625,0.6210939884185791,0.6210939884185791,0.4669826030731201,11008000
1989-06-06,0.625,0.625,0.6171879768371582,0.6210939884185791,0.4669826030731201,1638400
1989-06-07,0.6210939884185791,0.6210939884185791,0.5976560115814209,0.6015629768371582,0.4522976875305176,4249600
1989-06-08,0.6015629768371582,0.6015629768371582,0.578125,0.5859379768371582,0.4405498802661896,4544000
1989-06-09,0.5859379768371582,0.5976560115814209,0.578125,0.5976560115814209,0.44936031103134155,11436800
1989-06-12,0.5976560115814209,0.5976560115814209,0.5898439884185791,0.59375,0.44642341136932373,2102400
1989-06-13,0.59375,0.59375,0.5742189884185791,0.578125,0.4346756339073181,5558400
1989-06-14,0.5742189884185791,0.5898439884185791,0.5742189884185791,0.5859379768371582,0.4405498802661896,4976000
1989-06-15,0.5820310115814209,0.5898439884185791,0.5820310115814209,0.5820310115814209,0.4376124441623688,2486400
1989-06-16,0.5820310115814209,0.5898439884185791,0.5820310115814209,0.5859379768371582,0.4405498802661896,3625600
1989-06-19,0.5859379768371582,0.5859379768371582,0.5742189884185791,0.5742189884185791,0.4317386746406555,3459200
1989-06-20,0.5820310115814209,0.5859379768371582,0.5742189884185791,0.5820310115814209,0.4376124441623688,486400
1989-06-21,0.5820310115814209,0.5820310115814209,0.5742189884185791,0.578125,0.4346756339073181,2774400
1989-06-22,0.5820310115814209,0.5820310115814209,0.5742189884185791,0.578125,0.4346756339073181,4387200
1989-06-23,0.5820310115814209,0.5820310115814209,0.5625,0.5625,0.42292752861976624,2294400
1989-06-26,0.5625,0.5742189884185791,0.5585939884185791,0.5585939884185791,0.4199906587600708,982400
1989-06-27,0.5585939884185791,0.5625,0.546875,0.5585939884185791,0.4199906587600708,3417600
1989-06-28,0.5546879768371582,0.5585939884185791,0.546875,0.5507810115814209,0.41411611437797546,6310400
1989-06-29,0.5507810115814209,0.5546879768371582,0.5039060115814209,0.515625,0.38768360018730164,6956800
1989-06-30,0.5117189884185791,0.5195310115814209,0.5,0.515625,0.38768360018730164,9612800
1989-07-03,0.5117189884185791,0.5195310115814209,0.5117189884185791,0.5195310115814209,0.3906204104423523,352000
1989-07-05,0.5234379768371582,0.53125,0.5195310115814209,0.53125,0.3994314670562744,4102400
1989-07-06,0.5273439884185791,0.5429689884185791,0.5273439884185791,0.5390629768371582,0.40530580282211304,5017600
1989-07-07,0.5351560115814209,0.5625,0.5351560115814209,0.5546879768371582,0.41705384850502014,6528000
1989-07-10,0.5625,0.5625,0.5429689884185791,0.546875,0.4111792743206024,1945600
1989-07-11,0.546875,0.5585939884185791,0.5429689884185791,0.5507810115814209,0.41411611437797546,4121600
1989-07-12,0.5585939884185791,0.5625,0.5507810115814209,0.5625,0.42292752861976624,6480000
1989-07-13,0.5625,0.5625,0.5585939884185791,0.5625,0.42292752861976624,2060800
1989-07-14,0.5625,0.5625,0.5507810115814209,0.5585939884185791,0.4199906587600708,2147200
1989-07-17,0.5625,0.5742189884185791,0.5585939884185791,0.5703129768371582,0.42880189418792725,5603200
1989-07-18,0.5703129768371582,0.5703129768371582,0.5664060115814209,0.5664060115814209,0.4258645176887512,4403200
1989-07-19,0.5703129768371582,0.578125,0.5664060115814209,0.578125,0.4346756339073181,3910400
1989-07-20,0.578125,0.5820310115814209,0.5742189884185791,0.5742189884185791,0.4317386746406555,3379200
1989-07-21,0.5820310115814209,0.5820310115814209,0.5742189884185791,0.5820310115814209,0.4376124441623688,2076800
1989-07-24,0.5820310115814209,0.5820310115814209,0.5507810115814209,0.5507810115814209,0.41411611437797546,4240000
1989-07-25,0.5507810115814209,0.5625,0.5507810115814209,0.5625,0.42292752861976624,3536000
1989-07-26,0.5625,0.5664060115814209,0.5585939884185791,0.5585939884185791,0.4199906587600708,3100800
1989-07-27,0.5585939884185791,0.5742189884185791,0.5585939884185791,0.5703129768371582,0.42880189418792725,4787200
1989-07-28,0.5742189884185791,0.5898439884185791,0.5703129768371582,0.5898439884185791,0.44348669052124023,9385600
1989-07-31,0.5898439884185791,0.6054689884185791,0.5859379768371582,0.6015629768371582,0.4522976875305176,6486400
1989-08-01,0.6015629768371582,0.625,0.5976560115814209,0.625,0.46991950273513794,9008000
1989-08-02,0.6289060115814209,0.6523439884185791,0.6210939884185791,0.6523439884185791,0.49047866463661194,12102400
1989-08-03,0.65625,0.6640629768371582,0.6484379768371582,0.6523439884185791,0.49047866463661194,10400000
1989-08-04,0.6523439884185791,0.6523439884185791,0.6289060115814209,0.640625,0.48166748881340027,7254400
1989-08-07,0.6367189884185791,0.6445310115814209,0.6171879768371582,0.6171879768371582,0.4640458822250366,4492800
1989-08-08,0.6210939884185791,0.6367189884185791,0.6171879768371582,0.6289060115814209,0.4728561341762543,3568000
1989-08-09,0.6328129768371582,0.6367189884185791,0.625,0.625,0.46991950273513794,9174400
1989-08-10,0.625,0.6289060115814209,0.6210939884185791,0.6210939884185791,0.4669826030731201,3702400
1989-08-11,0.625,0.6328129768371582,0.6054689884185791,0.6132810115814209,0.46110838651657104,10086400
1989-08-14,0.6054689884185791,0.6132810115814209,0.5820310115814209,0.5976560115814209,0.44936031103134155,3120000
1989-08-15,0.5898439884185791,0.6054689884185791,0.5820310115814209,0.6054689884185791,0.4552346467971802,5008000
1989-08-16,0.6015629768371582,0.6171879768371582,0.6015629768371582,0.6132810115814209,0.46110838651657104,3632000
1989-08-17,0.6171879768371582,0.6210939884185791,0.6132810115814209,0.6132810115814209,0.46110838651657104,1779200
1989-08-18,0.6210939884185791,0.6367189884185791,0.6171879768371582,0.6328129768371582,0.475793719291687,3996800
1989-08-21,0.6328129768371582,0.65625,0.6210939884185791,0.6210939884185791,0.4669826030731201,16224000
1989-08-22,0.6210939884185791,0.6210939884185791,0.5976560115814209,0.6015629768371582,0.4522976875305176,7120000
1989-08-23,0.6054689884185791,0.6054689884185791,0.5976560115814209,0.6054689884185791,0.4552346467971802,4160000
1989-08-24,0.6054689884185791,0.6210939884185791,0.5976560115814209,0.609375,0.4581712782382965,7075200
1989-08-25,0.609375,0.6132810115814209,0.59375,0.59375,0.44642341136932373,4217600
1989-08-28,0.59375,0.5976560115814209,0.5859379768371582,0.5898439884185791,0.44348669052124023,4361600
1989-08-29,0.59375,0.6132810115814209,0.59375,0.6054689884185791,0.4552346467971802,8732800
1989-08-30,0.609375,0.6367189884185791,0.609375,0.625,0.46991950273513794,16080000
1989-08-31,0.625,0.6367189884185791,0.625,0.6328129768371582,0.475793719291687,5859200
1989-09-01,0.6328129768371582,0.6367189884185791,0.6328129768371582,0.6328129768371582,0.475793719291687,7772800
1989-09-05,0.6328129768371582,0.6523439884185791,0.6328129768371582,0.6484379768371582,0.48754170536994934,11132800
1989-09-06,0.6523439884185791,0.65625,0.640625,0.6523439884185791,0.49047866463661194,3033600
1989-09-07,0.6484379768371582,0.6953129768371582,0.6484379768371582,0.6953129768371582,0.5227855443954468,12275200
1989-09-08,0.6953129768371582,0.703125,0.6835939884185791,0.6992189884185791,0.5257226228713989,4080000
1989-09-11,0.703125,0.7070310115814209,0.6835939884185791,0.6953129768371582,0.5227855443954468,2115200
1989-09-12,0.6953129768371582,0.6953129768371582,0.6875,0.6953129768371582,0.5227855443954468,2038400
1989-09-13,0.6914060115814209,0.7226560115814209,0.6914060115814209,0.71875,0.5404074192047119,5964800
1989-09-14,0.7109379768371582,0.7265629768371582,0.7109379768371582,0.7109379768371582,0.534533679485321,10752000
1989-09-15,0.71875,0.7226560115814209,0.7109379768371582,0.71875,0.5404074192047119,4710400
1989-09-18,0.71875,0.7226560115814209,0.71875,0.71875,0.5404074192047119,4310400
1989-09-19,0.7226560115814209,0.7226560115814209,0.7109379768371582,0.7109379768371582,0.534533679485321,6524800
1989-09-20,0.7148439884185791,0.71875,0.7109379768371582,0.7148439884185791,0.5374704599380493,1958400
1989-09-21,0.71875,0.71875,0.7109379768371582,0.7148439884185791,0.5374704599380493,1260800
1989-09-22,0.7148439884185791,0.7226560115814209,0.7148439884185791,0.71875,0.5404074192047119,5923200
1989-09-25,0.7226560115814209,0.7226560115814209,0.7148439884185791,0.71875,0.5404074192047119,806400
1989-09-26,0.7148439884185791,0.7226560115814209,0.7148439884185791,0.7226560115814209,0.5433443188667297,4083200
1989-09-27,0.7148439884185791,0.7304689884185791,0.7148439884185791,0.7304689884185791,0.5492183566093445,6656000
1989-09-28,0.7304689884185791,0.7304689884185791,0.71875,0.7265629768371582,0.5462817549705505,6985600
1989-09-29,0.7304689884185791,0.7382810115814209,0.7226560115814209,0.7382810115814209,0.5550920963287354,3744000
1989-10-02,0.7382810115814209,0.7460939884185791,0.734375,0.7382810115814209,0.5550920963287354,3264000
1989-10-03,0.7421879768371582,0.7421879768371582,0.734375,0.7421879768371582,0.5580297112464905,2348800
1989-10-04,0.7421879768371582,0.7578129768371582,0.7265629768371582,0.7539060115814209,0.5668402910232544,5804800
1989-10-05,0.75,0.7617189884185791,0.75,0.7539060115814209,0.5668402910232544,1459200
1989-10-06,0.7578129768371582,0.7578129768371582,0.75,0.7539060115814209,0.5668402910232544,4118400
1989-10-09,0.7539060115814209,0.7578129768371582,0.7539060115814209,0.7578129768371582,0.5697776675224304,406400
1989-10-10,0.7578129768371582,0.7695310115814209,0.7578129768371582,0.7695310115814209,0.5785881876945496,2787200
1989-10-11,0.7695310115814209,0.7695310115814209,0.7617189884185791,0.7617189884185791,0.5727148056030273,2009600
1989-10-12,0.7617189884185791,0.7695310115814209,0.7617189884185791,0.7695310115814209,0.5785881876945496,1270400
1989-10-13,0.7695310115814209,0.7695310115814209,0.7382810115814209,0.7460939884185791,0.5609663128852844,18140800
1989-10-16,0.7304689884185791,0.75,0.6992189884185791,0.71875,0.5404074192047119,8563200
1989-10-17,0.7109379768371582,0.71875,0.6875,0.6914060115814209,0.5198484063148499,3859200
1989-10-18,0.6875,0.7070310115814209,0.65625,0.671875,0.5051636695861816,8364800
1989-10-19,0.6757810115814209,0.6796879768371582,0.6601560115814209,0.6601560115814209,0.49635225534439087,8540800
1989-10-20,0.6679689884185791,0.6679689884185791,0.6445310115814209,0.65625,0.4934154152870178,1731200
1989-10-23,0.6484379768371582,0.6601560115814209,0.6484379768371582,0.6484379768371582,0.48754170536994934,4713600
1989-10-24,0.6445310115814209,0.6523439884185791,0.6328129768371582,0.6367189884185791,0.4787307679653168,1795200
1989-10-25,0.6328129768371582,0.6484379768371582,0.6328129768371582,0.6445310115814209,0.4846044182777405,4716800
1989-10-26,0.6445310115814209,0.6484379768371582,0.6367189884185791,0.6445310115814209,0.4846044182777405,2313600
1989-10-27,0.6367189884185791,0.640625,0.609375,0.609375,0.4581712782382965,2428800
1989-10-30,0.609375,0.6132810115814209,0.6015629768371582,0.6015629768371582,0.4522976875305176,3046400
1989-10-31,0.6015629768371582,0.609375,0.5820310115814209,0.5976560115814209,0.44936031103134155,2246400
1989-11-01,0.6015629768371582,0.625,0.6015629768371582,0.6171879768371582,0.4640458822250366,3769600
1989-11-02,0.625,0.6484379768371582,0.6210939884185791,0.6445310115814209,0.4846044182777405,6585600
1989-11-03,0.6445310115814209,0.6445310115814209,0.6367189884185791,0.6445310115814209,0.4846044182777405,224000
1989-11-06,0.640625,0.6445310115814209,0.6171879768371582,0.625,0.46991950273513794,1728000
1989-11-07,0.6171879768371582,0.6210939884185791,0.609375,0.6171879768371582,0.4640458822250366,4243200
1989-11-08,0.6171879768371582,0.6328129768371582,0.6171879768371582,0.625,0.46991950273513794,2892800
1989-11-09,0.6328129768371582,0.6367189884185791,0.6289060115814209,0.6289060115814209,0.4728561341762543,3891200
1989-11-10,0.6328129768371582,0.640625,0.6289060115814209,0.640625,0.48166748881340027,3446400
1989-11-13,0.640625,0.640625,0.6289060115814209,0.6289060115814209,0.4728561341762543,1315200
1989-11-14,0.6289060115814209,0.6289060115814209,0.53125,0.5351560115814209,0.4023682475090027,23504000
1989-11-15,0.5390629768371582,0.5390629768371582,0.46875,0.4765630066394806,0.3583139181137085,28416000
1989-11-16,0.4765630066394806,0.4921880066394806,0.46875,0.484375,0.3641875684261322,15372800
1989-11-17,0.484375,0.5,0.4804689884185791,0.5,0.3759356141090393,8361600
1989-11-20,0.5,0.5,0.4804689884185791,0.4921880066394806,0.370061993598938,6332800
1989-11-21,0.484375,0.4921880066394806,0.4609380066394806,0.46875,0.3524395823478699,5132800
1989-11-22,0.4726560115814209,0.484375,0.4648439884185791,0.4765630066394806,0.3583139181137085,10841600
1989-11-24,0.4765630066394806,0.4765630066394806,0.46875,0.4765630066394806,0.3583139181137085,684800
1989-11-27,0.4804689884185791,0.4960939884185791,0.4765630066394806,0.4921880066394806,0.370061993598938,7004800
1989-11-28,0.4882810115814209,0.4921880066394806,0.4765630066394806,0.4882810115814209,0.3671243190765381,4176000
1989-11-29,0.484375,0.5,0.4804689884185791,0.5,0.3759356141090393,5318400
1989-11-30,0.4921880066394806,0.5078129768371582,0.4921880066394806,0.4921880066394806,0.370061993598938,2851200
1989-12-01,0.5,0.5,0.4648439884185791,0.4765630066394806,0.3583139181137085,8678400
1989-12-04,0.4726560115814209,0.484375,0.453125,0.4648439884185791,0.3495028018951416,8460800
1989-12-05,0.4609380066394806,0.4726560115814209,0.4609380066394806,0.4648439884185791,0.3495028018951416,4921600
1989-12-06,0.4609380066394806,0.4648439884185791,0.4570310115814209,0.4609380066394806,0.34656596183776855,6080000
1989-12-07,0.4609380066394806,0.4648439884185791,0.4570310115814209,0.4570310115814209,0.34362828731536865,3824000
1989-12-08,0.4648439884185791,0.4648439884185791,0.4570310115814209,0.4609380066394806,0.34656596183776855,3795200
1989-12-11,0.4609380066394806,0.46875,0.4609380066394806,0.4648439884185791,0.3495028018951416,5084800
1989-12-12,0.4648439884185791,0.4726560115814209,0.4609380066394806,0.4648439884185791,0.3495028018951416,12102400
1989-12-13,0.4648439884185791,0.4765630066394806,0.4609380066394806,0.4726560115814209,0.35537633299827576,5552000
1989-12-14,0.4765630066394806,0.4804689884185791,0.46875,0.4726560115814209,0.35537633299827576,3344000
1989-12-15,0.4765630066394806,0.4765630066394806,0.4492189884185791,0.4570310115814209,0.34362828731536865,22896000
1989-12-18,0.4609380066394806,0.4609380066394806,0.4414060115814209,0.4414060115814209,0.3318804204463959,6521600
1989-12-19,0.4492189884185791,0.4492189884185791,0.4140630066394806,0.421875,0.3171957731246948,5132800
1989-12-20,0.4257810115814209,0.4375,0.421875,0.4375,0.32894352078437805,9852800
1989-12-21,0.4335939884185791,0.4453130066394806,0.4296880066394806,0.4375,0.32894352078437805,3072000
1989-12-22,0.4453130066394806,0.4492189884185791,0.4414060115814209,0.4492189884185791,0.3377547264099121,1542400
1989-12-26,0.453125,0.4570310115814209,0.4453130066394806,0.4570310115814209,0.34362828731536865,2092800
1989-12-27,0.4570310115814209,0.4609380066394806,0.453125,0.4570310115814209,0.34362828731536865,4217600
1989-12-28,0.4570310115814209,0.4609380066394806,0.4492189884185791,0.4570310115814209,0.34362828731536865,2560000
1989-12-29,0.4492189884185791,0.4609380066394806,0.4414060115814209,0.4453130066394806,0.3348179757595062,16454400
1990-01-02,0.4453130066394806,0.4453130066394806,0.4335939884185791,0.4414060115814209,0.3318804204463959,3225600
1990-01-03,0.4375,0.4570310115814209,0.4375,0.4492189884185791,0.3377547264099121,4169600
1990-01-04,0.4492189884185791,0.4570310115814209,0.4375,0.4453130066394806,0.3348179757595062,11123200
1990-01-05,0.4453130066394806,0.4492189884185791,0.4414060115814209,0.4492189884185791,0.3377547264099121,3366400
1990-01-08,0.4492189884185791,0.4492189884185791,0.4414060115814209,0.4414060115814209,0.3318804204463959,2236800
1990-01-09,0.4414060115814209,0.4453130066394806,0.4101560115814209,0.4140630066394806,0.31132203340530396,5244800
1990-01-10,0.40625,0.4101560115814209,0.3984380066394806,0.4023439884185791,0.30251073837280273,17542400
1990-01-11,0.4101560115814209,0.4101560115814209,0.4023439884185791,0.40625,0.30544763803482056,3964800
1990-01-12,0.4023439884185791,0.4023439884185791,0.3710939884185791,0.3789060115814209,0.28488850593566895,6022400
1990-01-15,0.3671880066394806,0.375,0.3632810115814209,0.3632810115814209,0.2731405198574066,5536000
1990-01-16,0.3632810115814209,0.375,0.3515630066394806,0.375,0.2819516062736511,3411200
1990-01-17,0.375,0.4023439884185791,0.3710939884185791,0.3984380066394806,0.29957401752471924,17654400
1990-01-18,0.4023439884185791,0.421875,0.390625,0.421875,0.3171957731246948,12400000
1990-01-19,0.421875,0.453125,0.421875,0.4492189884185791,0.3377547264099121,17427200
1990-01-22,0.4414060115814209,0.4492189884185791,0.4335939884185791,0.4335939884185791,0.3260066509246826,9404800
1990-01-23,0.4335939884185791,0.4414060115814209,0.4335939884185791,0.4414060115814209,0.3318804204463959,7356800
1990-01-24,0.4335939884185791,0.4375,0.4179689884185791,0.4257810115814209,0.32013261318206787,6022400
1990-01-25,0.4257810115814209,0.4296880066394806,0.4179689884185791,0.421875,0.3171957731246948,1696000
1990-01-26,0.4140630066394806,0.4179689884185791,0.3984380066394806,0.4023439884185791,0.30251073837280273,3881600
1990-01-29,0.4101560115814209,0.4101560115814209,0.375,0.3828130066394806,0.2878260314464569,2793600
1990-01-30,0.3828130066394806,0.3828130066394806,0.3710939884185791,0.3710939884185791,0.27901485562324524,332800
1990-01-31,0.375,0.3828130066394806,0.375,0.375,0.2819516062736511,1833600
1990-02-01,0.3789060115814209,0.390625,0.375,0.375,0.2819516062736511,5148800
1990-02-02,0.3789060115814209,0.3789060115814209,0.3710939884185791,0.375,0.2819516062736511,4422400
1990-02-05,0.375,0.3828130066394806,0.375,0.375,0.2819516062736511,3260800
1990-02-06,0.3789060115814209,0.3789060115814209,0.359375,0.3632810115814209,0.2731405198574066,4732800
1990-02-07,0.3671880066394806,0.3710939884185791,0.3671880066394806,0.3671880066394806,0.27607813477516174,1427200
1990-02-08,0.3671880066394806,0.375,0.3632810115814209,0.3710939884185791,0.27901485562324524,6995200
1990-02-09,0.375,0.375,0.359375,0.3632810115814209,0.2731405198574066,7129600
1990-02-12,0.359375,0.3632810115814209,0.3398439884185791,0.3476560115814209,0.2613925635814667,9100800
1990-02-13,0.3476560115814209,0.3476560115814209,0.3125,0.3164060115814209,0.23789645731449127,5507200
1990-02-14,0.3242189884185791,0.3320310115814209,0.3164060115814209,0.3320310115814209,0.24964456260204315,4544000
1990-02-15,0.3320310115814209,0.3398439884185791,0.328125,0.3398439884185791,0.25551891326904297,8518400
1990-02-16,0.3398439884185791,0.3398439884185791,0.328125,0.3320310115814209,0.24964456260204315,3968000
1990-02-20,0.3359380066394806,0.3359380066394806,0.3203130066394806,0.3203130066394806,0.2408341020345688,1932800
1990-02-21,0.3242189884185791,0.3242189884185791,0.3164060115814209,0.3164060115814209,0.23789645731449127,10121600
1990-02-22,0.3125,0.3242189884185791,0.3125,0.3203130066394806,0.2408341020345688,1740800
1990-02-23,0.3164060115814209,0.328125,0.3164060115814209,0.328125,0.2467077076435089,1344000
1990-02-26,0.3203130066394806,0.3359380066394806,0.3203130066394806,0.3320310115814209,0.24964456260204315,1302400
1990-02-27,0.3398439884185791,0.3476560115814209,0.3398439884185791,0.34375,0.25845563411712646,3276800
1990-02-28,0.34375,0.3671880066394806,0.3398439884185791,0.3632810115814209,0.2731405198574066,11820800
1990-03-01,0.359375,0.3828130066394806,0.3554689884185791,0.375,0.2819516062736511,12588800
1990-03-02,0.3828130066394806,0.3945310115814209,0.3828130066394806,0.3867189884185791,0.29076284170150757,8243200
1990-03-05,0.390625,0.3984380066394806,0.3828130066394806,0.3867189884185791,0.29076284170150757,4025600
1990-03-06,0.390625,0.390625,0.3671880066394806,0.3789060115814209,0.28488850593566895,3491200
1990-03-07,0.3789060115814209,0.390625,0.3710939884185791,0.390625,0.29369956254959106,3193600
1990-03-08,0.390625,0.3945310115814209,0.375,0.3828130066394806,0.2878260314464569,5430400
1990-03-09,0.3828130066394806,0.3867189884185791,0.3710939884185791,0.3828130066394806,0.2878260314464569,7884800
1990-03-12,0.3828130066394806,0.3945310115814209,0.3828130066394806,0.3945310115814209,0.2966364622116089,3267200
1990-03-13,0.3945310115814209,0.3945310115814209,0.3828130066394806,0.3828130066394806,0.2878260314464569,2387200
1990-03-14,0.390625,0.390625,0.3828130066394806,0.3867189884185791,0.29076284170150757,2070400
1990-03-15,0.3828130066394806,0.3867189884185791,0.3789060115814209,0.3828130066394806,0.2878260314464569,1712000
1990-03-16,0.3789060115814209,0.390625,0.3789060115814209,0.3867189884185791,0.29076284170150757,5200000
1990-03-19,0.3828130066394806,0.3867189884185791,0.3828130066394806,0.3867189884185791,0.29076284170150757,4982400
1990-03-20,0.3867189884185791,0.390625,0.3789060115814209,0.3828130066394806,0.2878260314464569,5366400
1990-03-21,0.3867189884185791,0.390625,0.3828130066394806,0.3867189884185791,0.29076284170150757,16854400
1990-03-22,0.390625,0.3984380066394806,0.3828130066394806,0.390625,0.29369956254959106,2108800
1990-03-23,0.3984380066394806,0.4296880066394806,0.3945310115814209,0.4296880066394806,0.32306984066963196,10179200
1990-03-26,0.421875,0.4335939884185791,0.4179689884185791,0.4296880066394806,0.32306984066963196,1174400
1990-03-27,0.421875,0.4296880066394806,0.421875,0.4296880066394806,0.32306984066963196,1811200
1990-03-28,0.421875,0.453125,0.421875,0.4492189884185791,0.3377547264099121,3334400
1990-03-29,0.453125,0.453125,0.4414060115814209,0.4453130066394806,0.3348179757595062,2067200
1990-03-30,0.4492189884185791,0.4492189884185791,0.4335939884185791,0.4335939884185791,0.3260066509246826,1916800
1990-04-02,0.4296880066394806,0.4375,0.4257810115814209,0.4296880066394806,0.32306984066963196,1123200
1990-04-03,0.4375,0.453125,0.4335939884185791,0.4492189884185791,0.3377547264099121,2860800
1990-04-04,0.453125,0.453125,0.4453130066394806,0.4453130066394806,0.3348179757595062,2204800
1990-04-05,0.4492189884185791,0.4492189884185791,0.4335939884185791,0.4335939884185791,0.3260066509246826,1600000
1990-04-06,0.4335939884185791,0.4335939884185791,0.421875,0.4296880066394806,0.32306984066963196,1926400
1990-04-09,0.421875,0.4296880066394806,0.421875,0.4257810115814209,0.32013261318206787,2105600
1990-04-10,0.4257810115814209,0.4296880066394806,0.421875,0.421875,0.3171957731246948,1632000
1990-04-11,0.421875,0.4296880066394806,0.421875,0.421875,0.3171957731246948,809600
1990-04-12,0.421875,0.4257810115814209,0.3867189884185791,0.3867189884185791,0.29076284170150757,9833600
1990-04-16,0.390625,0.390625,0.3632810115814209,0.3671880066394806,0.27607813477516174,11625600
1990-04-17,0.3632810115814209,0.3671880066394806,0.3320310115814209,0.3398439884185791,0.25551891326904297,21363200
1990-04-18,0.3398439884185791,0.34375,0.3203130066394806,0.328125,0.2467077076435089,5673600
1990-04-19,0.3164060115814209,0.3203130066394806,0.3085939884185791,0.3164060115814209,0.23789645731449127,14163200
1990-04-20,0.3125,0.3242189884185791,0.3125,0.3203130066394806,0.2408341020345688,7907200
1990-04-23,0.3203130066394806,0.3203130066394806,0.3085939884185791,0.3085939884185791,0.2320229411125183,8825600
1990-04-24,0.3125,0.3125,0.3046880066394806,0.3125,0.23495975136756897,6505600
1990-04-25,0.3046880066394806,0.328125,0.3046880066394806,0.328125,0.2467077076435089,13043200
1990-04-26,0.328125,0.3398439884185791,0.328125,0.3320310115814209,0.24964456260204315,6451200
1990-04-27,0.3359380066394806,0.3359380066394806,0.3242189884185791,0.3320310115814209,0.24964456260204315,2492800
1990-04-30,0.3320310115814209,0.3320310115814209,0.3242189884185791,0.3242189884185791,0.24377085268497467,3795200
1990-05-01,0.3320310115814209,0.3320310115814209,0.3164060115814209,0.3242189884185791,0.24377085268497467,2889600
1990-05-02,0.3242189884185791,0.3242189884185791,0.3125,0.3164060115814209,0.23789645731449127,11846400
1990-05-03,0.3203130066394806,0.3203130066394806,0.3125,0.3125,0.23495975136756897,1612800
1990-05-04,0.3203130066394806,0.3203130066394806,0.3046880066394806,0.3125,0.23495975136756897,3024000
1990-05-07,0.3125,0.3125,0.2890630066394806,0.296875,0.22321170568466187,1942400
1990-05-08,0.296875,0.296875,0.28125,0.28125,0.21146376430988312,4000000
1990-05-09,0.2890630066394806,0.2890630066394806,0.2734380066394806,0.2773439884185791,0.20852692425251007,2553600
1990-05-10,0.28125,0.2851560115814209,0.2578130066394806,0.265625,0.1997157335281372,15561600
1990-05-11,0.2695310115814209,0.2773439884185791,0.265625,0.2773439884185791,0.20852692425251007,21324800
1990-05-14,0.2773439884185791,0.2929689884185791,0.2734380066394806,0.2890630066394806,0.21733812987804413,17731200
1990-05-15,0.2929689884185791,0.296875,0.2851560115814209,0.2929689884185791,0.2202749401330948,9932800
1990-05-16,0.2929689884185791,0.296875,0.2890630066394806,0.296875,0.22321170568466187,2288000
1990-05-17,0.296875,0.296875,0.2890630066394806,0.2929689884185791,0.2202749401330948,8640000
1990-05-18,0.296875,0.296875,0.2851560115814209,0.2929689884185791,0.2202749401330948,6489600
1990-05-21,0.2929689884185791,0.296875,0.2851560115814209,0.296875,0.22321170568466187,16032000
1990-05-22,0.296875,0.3007810115814209,0.2929689884185791,0.3007810115814209,0.22614844143390656,5430400
1990-05-23,0.3046880066394806,0.34375,0.296875,0.3398439884185791,0.25551891326904297,16588800
1990-05-24,0.34375,0.375,0.34375,0.3710939884185791,0.27901485562324524,20502400
1990-05-25,0.3710939884185791,0.375,0.3632810115814209,0.3710939884185791,0.27901485562324524,7539200
1990-05-29,0.375,0.3828130066394806,0.3671880066394806,0.3789060115814209,0.28488850593566895,6576000
1990-05-30,0.375,0.3789060115814209,0.3632810115814209,0.3671880066394806,0.27607813477516174,9299200
1990-05-31,0.3671880066394806,0.3671880066394806,0.3398439884185791,0.3398439884185791,0.25551891326904297,5552000
1990-06-01,0.3476560115814209,0.3476560115814209,0.3203130066394806,0.3242189884185791,0.24377085268497467,4348800
1990-06-04,0.3203130066394806,0.3203130066394806,0.3046880066394806,0.3085939884185791,0.2320229411125183,6873600
1990-06-05,0.3164060115814209,0.3164060115814209,0.3125,0.3164060115814209,0.23789645731449127,5497600
1990-06-06,0.3164060115814209,0.3398439884185791,0.3125,0.3398439884185791,0.25551891326904297,5334400
1990-06-07,0.34375,0.3515630066394806,0.3320310115814209,0.34375,0.25845563411712646,5932800
1990-06-08,0.34375,0.34375,0.328125,0.3320310115814209,0.24964456260204315,4688000
1990-06-11,0.3242189884185791,0.3359380066394806,0.3242189884185791,0.328125,0.2467077076435089,1558400
1990-06-12,0.3320310115814209,0.3320310115814209,0.328125,0.328125,0.2467077076435089,4624000
1990-06-13,0.3320310115814209,0.3320310115814209,0.328125,0.328125,0.2467077076435089,732800
1990-06-14,0.3320310115814209,0.3320310115814209,0.328125,0.3320310115814209,0.24964456260204315,1788800
1990-06-15,0.3320310115814209,0.3554689884185791,0.328125,0.3554689884185791,0.2672668397426605,3148800
1990-06-18,0.3515630066394806,0.3710939884185791,0.3476560115814209,0.3710939884185791,0.27901485562324524,2716800
1990-06-19,0.3710939884185791,0.3710939884185791,0.3554689884185791,0.3554689884185791,0.2672668397426605,2131200
1990-06-20,0.359375,0.359375,0.34375,0.3515630066394806,0.26433005928993225,3004800
1990-06-21,0.3515630066394806,0.3515630066394806,0.3476560115814209,0.3515630066394806,0.26433005928993225,2089600
1990-06-22,0.3515630066394806,0.3554689884185791,0.3476560115814209,0.3476560115814209,0.2613925635814667,883200
1990-06-25,0.3476560115814209,0.3515630066394806,0.34375,0.3515630066394806,0.26433005928993225,1363200
1990-06-26,0.3476560115814209,0.3476560115814209,0.3320310115814209,0.3359380066394806,0.2525821030139923,1734400
1990-06-27,0.3398439884185791,0.359375,0.3359380066394806,0.3554689884185791,0.2672668397426605,3200000
1990-06-28,0.359375,0.359375,0.3515630066394806,0.3515630066394806,0.26433005928993225,3686400
1990-06-29,0.3515630066394806,0.359375,0.3515630066394806,0.3554689884185791,0.2672668397426605,2883200
1990-07-02,0.3554689884185791,0.3632810115814209,0.3515630066394806,0.3632810115814209,0.2731405198574066,3228800
1990-07-03,0.359375,0.3671880066394806,0.359375,0.3671880066394806,0.27607813477516174,1718400
1990-07-05,0.3710939884185791,0.3710939884185791,0.3632810115814209,0.3671880066394806,0.27607813477516174,1024000
1990-07-06,0.3632810115814209,0.3671880066394806,0.359375,0.3671880066394806,0.27607813477516174,1209600
1990-07-09,0.3671880066394806,0.3671880066394806,0.3515630066394806,0.3515630066394806,0.26433005928993225,1702400
1990-07-10,0.3515630066394806,0.359375,0.3398439884185791,0.3398439884185791,0.25551891326904297,5945600
1990-07-11,0.3398439884185791,0.34375,0.3320310115814209,0.3320310115814209,0.24964456260204315,5616000
1990-07-12,0.3359380066394806,0.3515630066394806,0.3203130066394806,0.3320310115814209,0.24964456260204315,14428800
1990-07-13,0.3320310115814209,0.3359380066394806,0.328125,0.328125,0.2467077076435089,6540800
1990-07-16,0.3359380066394806,0.3398439884185791,0.328125,0.3398439884185791,0.25551891326904297,835200
1990-07-17,0.3398439884185791,0.3476560115814209,0.3320310115814209,0.3398439884185791,0.25551891326904297,1590400
1990-07-18,0.3398439884185791,0.34375,0.3359380066394806,0.34375,0.25845563411712646,3251200
1990-07-19,0.3359380066394806,0.34375,0.3359380066394806,0.3359380066394806,0.2525821030139923,1936000
1990-07-20,0.34375,0.34375,0.3359380066394806,0.3359380066394806,0.2525821030139923,950400
1990-07-23,0.34375,0.34375,0.3242189884185791,0.328125,0.2467077076435089,3494400
1990-07-24,0.3320310115814209,0.3320310115814209,0.3242189884185791,0.3242189884185791,0.24377085268497467,2659200
1990-07-25,0.3242189884185791,0.3320310115814209,0.3242189884185791,0.3242189884185791,0.24377085268497467,5280000
1990-07-26,0.3320310115814209,0.3320310115814209,0.3242189884185791,0.328125,0.2467077076435089,2508800
1990-07-27,0.3242189884185791,0.3320310115814209,0.3203130066394806,0.3242189884185791,0.24377085268497467,5622400
1990-07-30,0.3203130066394806,0.3242189884185791,0.3164060115814209,0.3164060115814209,0.23789645731449127,2060800
1990-07-31,0.3203130066394806,0.3203130066394806,0.3125,0.3164060115814209,0.23789645731449127,1216000
1990-08-01,0.3203130066394806,0.3203130066394806,0.3085939884185791,0.3085939884185791,0.2320229411125183,5987200
1990-08-02,0.3125,0.3125,0.3046880066394806,0.3046880066394806,0.22908608615398407,7548800
1990-08-03,0.3085939884185791,0.3085939884185791,0.2851560115814209,0.2890630066394806,0.21733812987804413,6457600
1990-08-06,0.28125,0.28125,0.2734380066394806,0.2773439884185791,0.20852692425251007,3248000
1990-08-07,0.28125,0.2851560115814209,0.2773439884185791,0.2773439884185791,0.20852692425251007,10729600
1990-08-08,0.28125,0.28125,0.2734380066394806,0.2773439884185791,0.20852692425251007,1276800
1990-08-09,0.28125,0.28125,0.2695310115814209,0.28125,0.21146376430988312,278400
1990-08-10,0.2773439884185791,0.2773439884185791,0.2695310115814209,0.2695310115814209,0.20265255868434906,10873600
1990-08-13,0.2773439884185791,0.2773439884185791,0.2617189884185791,0.265625,0.1997157335281372,2892800
1990-08-14,0.2617189884185791,0.2773439884185791,0.2617189884185791,0.2695310115814209,0.20265255868434906,1267200
1990-08-15,0.2773439884185791,0.2773439884185791,0.2695310115814209,0.2734380066394806,0.20558997988700867,518400
1990-08-16,0.2695310115814209,0.2734380066394806,0.2695310115814209,0.2734380066394806,0.20558997988700867,403200
1990-08-17,0.2695310115814209,0.2695310115814209,0.2578130066394806,0.2578130066394806,0.1938420981168747,2972800
1990-08-20,0.2617189884185791,0.2617189884185791,0.2578130066394806,0.2578130066394806,0.1938420981168747,262400
1990-08-21,0.2617189884185791,0.2617189884185791,0.25,0.25,0.18796780705451965,2640000
1990-08-22,0.25,0.2539060115814209,0.2460940033197403,0.2460940033197403,0.185030996799469,2534400
1990-08-23,0.2460940033197403,0.25,0.2421880066394806,0.2421880066394806,0.18209420144557953,1203200
1990-08-24,0.2460940033197403,0.2539060115814209,0.2460940033197403,0.2460940033197403,0.185030996799469,2604800
1990-08-27,0.2460940033197403,0.265625,0.2460940033197403,0.2617189884185791,0.19677898287773132,1395200
1990-08-28,0.2617189884185791,0.265625,0.2578130066394806,0.265625,0.1997157335281372,2028800
1990-08-29,0.265625,0.265625,0.2578130066394806,0.2617189884185791,0.19677898287773132,1001600
1990-08-30,0.2617189884185791,0.2617189884185791,0.2578130066394806,0.2617189884185791,0.19677898287773132,1478400
1990-08-31,0.2617189884185791,0.2617189884185791,0.2539060115814209,0.2617189884185791,0.19677898287773132,2617600
1990-09-04,0.2578130066394806,0.265625,0.2578130066394806,0.265625,0.1997157335281372,348800
1990-09-05,0.2578130066394806,0.265625,0.2539060115814209,0.2539060115814209,0.19090455770492554,1267200
1990-09-06,0.25,0.265625,0.234375,0.2382809966802597,0.17915654182434082,13753600
1990-09-07,0.2421880066394806,0.2421880066394806,0.234375,0.234375,0.17621979117393494,15312000
1990-09-10,0.234375,0.2421880066394806,0.234375,0.2382809966802597,0.17915654182434082,11411200
1990-09-11,0.2304690033197403,0.234375,0.2226559966802597,0.2226559966802597,0.1674085557460785,5936000
1990-09-12,0.2226559966802597,0.2265630066394806,0.203125,0.2070309966802597,0.15566061437129974,3587200
1990-09-13,0.2109380066394806,0.2148440033197403,0.203125,0.2070309966802597,0.15566061437129974,2700800
1990-09-14,0.203125,0.2070309966802597,0.203125,0.203125,0.15272381901741028,1961600
1990-09-17,0.203125,0.2070309966802597,0.1992190033197403,0.1992190033197403,0.14978700876235962,918400
1990-09-18,0.2070309966802597,0.2070309966802597,0.1992190033197403,0.1992190033197403,0.14978700876235962,1804800
1990-09-19,0.1953130066394806,0.1992190033197403,0.1875,0.1875,0.14097580313682556,4291200
1990-09-20,0.1914059966802597,0.1914059966802597,0.1796880066394806,0.1835940033197403,0.13803906738758087,2828800
1990-09-21,0.1796880066394806,0.1875,0.1757809966802597,0.1835940033197403,0.13803906738758087,1622400
1990-09-24,0.1835940033197403,0.1835940033197403,0.1679690033197403,0.1679690033197403,0.12629105150699615,1916800
1990-09-25,0.1679690033197403,0.1757809966802597,0.1640630066394806,0.1640630066394806,0.12335420399904251,5017600
1990-09-26,0.1640630066394806,0.171875,0.140625,0.140625,0.10573188215494156,2844800
1990-09-27,0.1484380066394806,0.1523440033197403,0.140625,0.1484380066394806,0.11160623282194138,636800
1990-09-28,0.1484380066394806,0.15625,0.140625,0.15625,0.11747987568378448,4787200
1990-10-01,0.15625,0.171875,0.15625,0.1640630066394806,0.12335420399904251,2006400
1990-10-02,0.1757809966802597,0.1875,0.1757809966802597,0.1835940033197403,0.13803906738758087,1715200
1990-10-03,0.1835940033197403,0.1835940033197403,0.1640630066394806,0.1640630066394806,0.12335420399904251,2659200
1990-10-04,0.1640630066394806,0.1757809966802597,0.15625,0.1757809966802597,0.1321646273136139,1142400
1990-10-05,0.1640630066394806,0.1757809966802597,0.1640630066394806,0.1640630066394806,0.12335420399904251,1472000
1990-10-08,0.1679690033197403,0.171875,0.1601559966802597,0.1601559966802597,0.12041667103767395,201600
1990-10-09,0.1601559966802597,0.1679690033197403,0.1445309966802597,0.1445309966802597,0.10866871476173401,2272000
1990-10-10,0.1484380066394806,0.1601559966802597,0.140625,0.1601559966802597,0.12041667103767395,2156800
1990-10-11,0.1523440033197403,0.1601559966802597,0.15039099752902985,0.15625,0.11747987568378448,4035200
1990-10-12,0.15625,0.15625,0.1523440033197403,0.15625,0.11747987568378448,1395200
1990-10-15,0.15625,0.1640630066394806,0.1484380066394806,0.1484380066394806,0.11160623282194138,5465600
1990-10-16,0.15625,0.15625,0.140625,0.14257800579071045,0.10720029473304749,1267200
1990-10-17,0.1445309966802597,0.1484380066394806,0.140625,0.1484380066394806,0.11160623282194138,777600
1990-10-18,0.140625,0.1484380066394806,0.140625,0.14257800579071045,0.10720029473304749,2771200
1990-10-19,0.1484380066394806,0.1523440033197403,0.1445309966802597,0.1484380066394806,0.11160623282194138,3257600
1990-10-22,0.1523440033197403,0.1640630066394806,0.1484380066394806,0.1640630066394806,0.12335420399904251,6409600
1990-10-23,0.1640630066394806,0.1640630066394806,0.1523440033197403,0.1601559966802597,0.12041667103767395,11705600
1990-10-24,0.1601559966802597,0.1601559966802597,0.15625,0.15625,0.11747987568378448,748800
1990-10-25,0.15625,0.1601559966802597,0.1523440033197403,0.1601559966802597,0.12041667103767395,640000
1990-10-26,0.1523440033197403,0.1601559966802597,0.1484380066394806,0.1484380066394806,0.11160623282194138,5603200
1990-10-29,0.1445309966802597,0.1523440033197403,0.1445309966802597,0.1523440033197403,0.11454304307699203,224000
1990-10-30,0.1523440033197403,0.1523440033197403,0.140625,0.1484380066394806,0.11160623282194138,467200
1990-10-31,0.1445309966802597,0.1445309966802597,0.1367190033197403,0.140625,0.10573188215494156,2524800
1990-11-01,0.140625,0.140625,0.1367190033197403,0.1367190033197403,0.10279498994350433,9984000
1990-11-02,0.140625,0.1484380066394806,0.1367190033197403,0.1484380066394806,0.11160623282194138,11129600
1990-11-05,0.1523440033197403,0.1523440033197403,0.1445309966802597,0.1523440033197403,0.11454304307699203,416000
1990-11-06,0.15625,0.1601559966802597,0.1484380066394806,0.15625,0.11747987568378448,3478400
1990-11-07,0.1523440033197403,0.1601559966802597,0.1484380066394806,0.1523440033197403,0.11454304307699203,5676800
1990-11-08,0.1523440033197403,0.1523440033197403,0.140625,0.140625,0.10573188215494156,3366400
1990-11-09,0.1445309966802597,0.1445309966802597,0.1367190033197403,0.140625,0.10573188215494156,2201600
1990-11-12,0.1484380066394806,0.1601559966802597,0.1484380066394806,0.15625,0.11747987568378448,3062400
1990-11-13,0.1523440033197403,0.1601559966802597,0.1523440033197403,0.15625,0.11747987568378448,6012800
1990-11-14,0.1601559966802597,0.1601559966802597,0.15625,0.15625,0.11747987568378448,556800
1990-11-15,0.15625,0.1796880066394806,0.15625,0.1796880066394806,0.13510221242904663,8796800
1990-11-16,0.1757809966802597,0.1757809966802597,0.1679690033197403,0.1679690033197403,0.12629105150699615,6982400
1990-11-19,0.1679690033197403,0.1757809966802597,0.1679690033197403,0.17382800579071045,0.13069628179073334,7689600
1990-11-20,0.1796880066394806,0.1835940033197403,0.1679690033197403,0.1679690033197403,0.12629105150699615,1875200
1990-11-21,0.1679690033197403,0.1757809966802597,0.1679690033197403,0.1679690033197403,0.12629105150699615,1052800
1990-11-23,0.171875,0.171875,0.1679690033197403,0.171875,0.12922781705856323,396800
1990-11-26,0.171875,0.171875,0.15625,0.15625,0.11747987568378448,1414400
1990-11-27,0.1601559966802597,0.171875,0.1601559966802597,0.171875,0.12922781705856323,1920000
1990-11-28,0.1679690033197403,0.1757809966802597,0.1679690033197403,0.1757809966802597,0.1321646273136139,291200
1990-11-29,0.171875,0.1796880066394806,0.171875,0.17773400247097015,0.13363298773765564,3731200
1990-11-30,0.1796880066394806,0.1796880066394806,0.171875,0.171875,0.12922781705856323,937600
1990-12-03,0.1757809966802597,0.1796880066394806,0.1757809966802597,0.17773400247097015,0.13363298773765564,1120000
1990-12-04,0.1757809966802597,0.1796880066394806,0.1640630066394806,0.17382800579071045,0.13069628179073334,3667200
1990-12-05,0.1796880066394806,0.1796880066394806,0.171875,0.1757809966802597,0.1321646273136139,2172800
1990-12-06,0.1835940033197403,0.2070309966802597,0.1796880066394806,0.1953130066394806,0.14685015380382538,7430400
1990-12-07,0.1992190033197403,0.1992190033197403,0.1875,0.1875,0.14097580313682556,1804800
1990-12-10,0.1875,0.1914059966802597,0.1835940033197403,0.1875,0.14097580313682556,2227200
1990-12-11,0.1835940033197403,0.1992190033197403,0.1835940033197403,0.1953130066394806,0.14685015380382538,6537600
1990-12-12,0.1992190033197403,0.2148440033197403,0.1992190033197403,0.2148440033197403,0.16153492033481598,6243200
1990-12-13,0.2148440033197403,0.2148440033197403,0.2109380066394806,0.2148440033197403,0.16153492033481598,3148800
1990-12-14,0.2109380066394806,0.2148440033197403,0.2109380066394806,0.2109380066394806,0.15859824419021606,3164800
1990-12-17,0.2070309966802597,0.2148440033197403,0.2070309966802597,0.2148440033197403,0.16153492033481598,1148800
1990-12-18,0.2109380066394806,0.21875,0.2070309966802597,0.21289099752902985,0.16006658971309662,6777600
1990-12-19,0.2148440033197403,0.21875,0.2109380066394806,0.21679699420928955,0.1630033254623413,2291200
1990-12-20,0.2148440033197403,0.2265630066394806,0.2148440033197403,0.2226559966802597,0.1674085557460785,6396800
1990-12-21,0.21875,0.2226559966802597,0.21875,0.2226559966802597,0.1674085557460785,2118400
1990-12-24,0.2265630066394806,0.2265630066394806,0.21875,0.2265630066394806,0.17034614086151123,611200
1990-12-26,0.21875,0.2226559966802597,0.21875,0.2226559966802597,0.1674085557460785,1452800
1990-12-27,0.21875,0.2226559966802597,0.2070309966802597,0.2070309966802597,0.15566061437129974,2342400
1990-12-28,0.2070309966802597,0.2109380066394806,0.1953130066394806,0.1953130066394806,0.14685015380382538,1955200
1990-12-31,0.1953130066394806,0.1992190033197403,0.1757809966802597,0.1875,0.14097580313682556,3993600
1991-01-02,0.1835940033197403,0.1875,0.1796880066394806,0.1835940033197403,0.13803906738758087,1590400
1991-01-03,0.1875,0.1914059966802597,0.1835940033197403,0.1875,0.14097580313682556,2041600
1991-01-04,0.1835940033197403,0.1835940033197403,0.1757809966802597,0.1757809966802597,0.1321646273136139,4259200
1991-01-07,0.1796880066394806,0.1796880066394806,0.1601559966802597,0.1640630066394806,0.12335420399904251,2009600
1991-01-08,0.16601599752902985,0.1679690033197403,0.1601559966802597,0.16601599752902985,0.12482266873121262,940800
1991-01-09,0.1640630066394806,0.1679690033197403,0.1523440033197403,0.15429699420928955,0.11601147055625916,1952000
1991-01-10,0.1601559966802597,0.1601559966802597,0.1523440033197403,0.15625,0.11747987568378448,1865600
1991-01-11,0.1523440033197403,0.1601559966802597,0.15039099752902985,0.1523440033197403,0.11454304307699203,4355200
1991-01-14,0.15625,0.15625,0.1523440033197403,0.15625,0.11747987568378448,1097600
1991-01-15,0.15625,0.1601559966802597,0.1523440033197403,0.15625,0.11747987568378448,7609600
1991-01-16,0.1601559966802597,0.1601559966802597,0.15625,0.1601559966802597,0.12041667103767395,371200
1991-01-17,0.1796880066394806,0.1796880066394806,0.1601559966802597,0.1679690033197403,0.12629105150699615,4249600
1991-01-18,0.1640630066394806,0.1679690033197403,0.1640630066394806,0.1640630066394806,0.12335420399904251,873600
1991-01-21,0.1640630066394806,0.171875,0.1640630066394806,0.171875,0.12922781705856323,1916800
1991-01-22,0.1640630066394806,0.1796880066394806,0.1640630066394806,0.1757809966802597,0.1321646273136139,2576000
1991-01-23,0.1796880066394806,0.1796880066394806,0.171875,0.1796880066394806,0.13510221242904663,7315200
1991-01-24,0.1796880066394806,0.2109380066394806,0.1757809966802597,0.2070309966802597,0.15566061437129974,7155200
1991-01-25,0.2109380066394806,0.21875,0.203125,0.21875,0.16447176039218903,5075200
1991-01-28,0.21875,0.2226559966802597,0.2148440033197403,0.2226559966802597,0.1674085557460785,864000
1991-01-29,0.2148440033197403,0.2265630066394806,0.203125,0.203125,0.15272381901741028,7779200
1991-01-30,0.2109380066394806,0.2148440033197403,0.2070309966802597,0.2148440033197403,0.16153492033481598,1033600
1991-01-31,0.2109380066394806,0.21289099752902985,0.1914059966802597,0.1953130066394806,0.14685015380382538,4044800
1991-02-01,0.1992190033197403,0.2148440033197403,0.1953130066394806,0.2109380066394806,0.15859824419021606,4112000
1991-02-04,0.2148440033197403,0.2304690033197403,0.2070309966802597,0.2226559966802597,0.1674085557460785,4601600
1991-02-05,0.2304690033197403,0.2382809966802597,0.2265630066394806,0.2304690033197403,0.17328298091888428,5600000
1991-02-06,0.2382809966802597,0.2382809966802597,0.2304690033197403,0.2304690033197403,0.17328298091888428,1184000
1991-02-07,0.2304690033197403,0.234375,0.2226559966802597,0.2226559966802597,0.1674085557460785,5148800
1991-02-08,0.2226559966802597,0.2304690033197403,0.21875,0.2265630066394806,0.17034614086151123,1964800
1991-02-11,0.21875,0.2265630066394806,0.21875,0.2265630066394806,0.17034614086151123,2633600
1991-02-12,0.2265630066394806,0.2265630066394806,0.2148440033197403,0.2148440033197403,0.16153492033481598,5673600
1991-02-13,0.2226559966802597,0.2226559966802597,0.2148440033197403,0.2226559966802597,0.1674085557460785,470400
1991-02-14,0.21875,0.2265630066394806,0.21875,0.21875,0.16447176039218903,3670400
1991-02-15,0.21875,0.234375,0.21875,0.2304690033197403,0.17328298091888428,4748800
1991-02-19,0.2304690033197403,0.234375,0.2304690033197403,0.2304690033197403,0.17328298091888428,508800
1991-02-20,0.2304690033197403,0.234375,0.2304690033197403,0.2304690033197403,0.17328298091888428,2982400
1991-02-21,0.234375,0.234375,0.2226559966802597,0.2265630066394806,0.17034614086151123,2016000
1991-02-22,0.2226559966802597,0.2265630066394806,0.21875,0.2265630066394806,0.17034614086151123,1625600
1991-02-25,0.2265630066394806,0.2304690033197403,0.22460900247097015,0.2265630066394806,0.17034614086151123,1401600
1991-02-26,0.2265630066394806,0.2304690033197403,0.2265630066394806,0.2304690033197403,0.17328298091888428,2588800
1991-02-27,0.2304690033197403,0.2382809966802597,0.22851599752902985,0.2382809966802597,0.17915654182434082,2643200
1991-02-28,0.2382809966802597,0.2382809966802597,0.234375,0.234375,0.17621979117393494,7862400
1991-03-01,0.2421880066394806,0.2734380066394806,0.2304690033197403,0.265625,0.1997157335281372,11024000
1991-03-04,0.2695310115814209,0.2890630066394806,0.265625,0.28125,0.21146376430988312,5622400
1991-03-05,0.28125,0.28125,0.2695310115814209,0.2773439884185791,0.20852692425251007,3472000
1991-03-06,0.2773439884185791,0.2773439884185791,0.2578130066394806,0.265625,0.1997157335281372,6659200
1991-03-07,0.2695310115814209,0.28125,0.265625,0.2734380066394806,0.20558997988700867,8505600
1991-03-08,0.2695310115814209,0.2773439884185791,0.2695310115814209,0.2734380066394806,0.20558997988700867,2921600
1991-03-11,0.2773439884185791,0.2773439884185791,0.2695310115814209,0.2695310115814209,0.20265255868434906,4816000
1991-03-12,0.2695310115814209,0.2734380066394806,0.2695310115814209,0.2695310115814209,0.20265255868434906,2000000
1991-03-13,0.2734380066394806,0.28125,0.2695310115814209,0.2773439884185791,0.20852692425251007,19785600
1991-03-14,0.2851560115814209,0.2851560115814209,0.27148398756980896,0.27148398756980896,0.20412088930606842,5600000
1991-03-15,0.2734380066394806,0.2773439884185791,0.265625,0.2773439884185791,0.20852692425251007,3737600
1991-03-18,0.2773439884185791,0.2773439884185791,0.2617189884185791,0.2695310115814209,0.20265255868434906,1344000
1991-03-19,0.2617189884185791,0.2695310115814209,0.2578130066394806,0.2578130066394806,0.1938420981168747,876800
1991-03-20,0.2617189884185791,0.265625,0.2539060115814209,0.2578130066394806,0.1938420981168747,3494400
1991-03-21,0.2617189884185791,0.2617189884185791,0.25,0.2539060115814209,0.19090455770492554,6537600
1991-03-22,0.25,0.2578130066394806,0.2460940033197403,0.25,0.18796780705451965,1990400
1991-03-25,0.2539060115814209,0.2578130066394806,0.2460940033197403,0.2578130066394806,0.1938420981168747,2480000
1991-03-26,0.25,0.2617189884185791,0.25,0.2578130066394806,0.1938420981168747,2332800
1991-03-27,0.265625,0.265625,0.2539060115814209,0.265625,0.1997157335281372,1836800
1991-03-28,0.2578130066394806,0.2695310115814209,0.2578130066394806,0.2695310115814209,0.20265255868434906,1532800
1991-04-01,0.2695310115814209,0.2695310115814209,0.2617189884185791,0.2617189884185791,0.19677898287773132,1350400
1991-04-02,0.265625,0.2695310115814209,0.2617189884185791,0.2617189884185791,0.19677898287773132,1033600
1991-04-03,0.2695310115814209,0.2695310115814209,0.2617189884185791,0.265625,0.1997157335281372,1068800
1991-04-04,0.265625,0.2695310115814209,0.2617189884185791,0.2695310115814209,0.20265255868434906,3004800
1991-04-05,0.265625,0.2734380066394806,0.265625,0.2734380066394806,0.20558997988700867,1190400
1991-04-08,0.2734380066394806,0.28125,0.265625,0.2734380066394806,0.20558997988700867,716800
1991-04-09,0.28125,0.2851560115814209,0.2773439884185791,0.2851560115814209,0.21440058946609497,3088000
1991-04-10,0.2851560115814209,0.2851560115814209,0.2734380066394806,0.2773439884185791,0.20852692425251007,2809600
1991-04-11,0.28125,0.2851560115814209,0.2734380066394806,0.2851560115814209,0.21440058946609497,1168000
1991-04-12,0.2851560115814209,0.2851560115814209,0.265625,0.2695310115814209,0.20265255868434906,2192000
1991-04-15,0.2695310115814209,0.2695310115814209,0.2578130066394806,0.2578130066394806,0.1938420981168747,1776000
1991-04-16,0.2578130066394806,0.2695310115814209,0.2539060115814209,0.2695310115814209,0.20265255868434906,1139200
1991-04-17,0.265625,0.2773439884185791,0.265625,0.2773439884185791,0.20852692425251007,7993600
1991-04-18,0.2734380066394806,0.2773439884185791,0.2695310115814209,0.2734380066394806,0.20558997988700867,7705600
1991-04-19,0.2695310115814209,0.2773439884185791,0.2695310115814209,0.2773439884185791,0.20852692425251007,4118400
1991-04-22,0.2695310115814209,0.2734380066394806,0.2617189884185791,0.2617189884185791,0.19677898287773132,1366400
1991-04-23,0.2695310115814209,0.2734380066394806,0.2617189884185791,0.265625,0.1997157335281372,345600
1991-04-24,0.2617189884185791,0.2734380066394806,0.2617189884185791,0.265625,0.1997157335281372,294400
1991-04-25,0.2617189884185791,0.265625,0.2617189884185791,0.2617189884185791,0.19677898287773132,1753600
1991-04-26,0.2617189884185791,0.2734380066394806,0.2617189884185791,0.2695310115814209,0.20265255868434906,6899200
1991-04-29,0.2695310115814209,0.2734380066394806,0.265625,0.2695310115814209,0.20265255868434906,1491200
1991-04-30,0.2617189884185791,0.2695310115814209,0.2617189884185791,0.2617189884185791,0.19677898287773132,7110400
1991-05-01,0.2617189884185791,0.2695310115814209,0.2617189884185791,0.265625,0.1997157335281372,441600
1991-05-02,0.265625,0.265625,0.2617189884185791,0.2617189884185791,0.19677898287773132,1001600
1991-05-03,0.2617189884185791,0.265625,0.2617189884185791,0.265625,0.1997157335281372,1616000
1991-05-06,0.265625,0.265625,0.2617189884185791,0.265625,0.1997157335281372,2192000
1991-05-07,0.2617189884185791,0.265625,0.2617189884185791,0.265625,0.1997157335281372,1120000
1991-05-08,0.2617189884185791,0.3007810115814209,0.2617189884185791,0.296875,0.22321170568466187,26313600
1991-05-09,0.3046880066394806,0.3164060115814209,0.3046880066394806,0.3164060115814209,0.23789645731449127,46147200
1991-05-10,0.3164060115814209,0.3203130066394806,0.3046880066394806,0.3085939884185791,0.2320229411125183,14284800
1991-05-13,0.3085939884185791,0.3203130066394806,0.3046880066394806,0.3203130066394806,0.2408341020345688,5123200
1991-05-14,0.3125,0.3242189884185791,0.3125,0.3125,0.23495975136756897,9747200
1991-05-15,0.3125,0.3203130066394806,0.2929689884185791,0.3007810115814209,0.22614844143390656,4563200
1991-05-16,0.3007810115814209,0.3164060115814209,0.3007810115814209,0.3085939884185791,0.2320229411125183,9955200
1991-05-17,0.3085939884185791,0.3125,0.3046880066394806,0.3046880066394806,0.22908608615398407,2524800
1991-05-20,0.3125,0.3125,0.296875,0.3046880066394806,0.22908608615398407,2659200
1991-05-21,0.296875,0.3085939884185791,0.296875,0.3046880066394806,0.22908608615398407,3590400
1991-05-22,0.3007810115814209,0.3203130066394806,0.3007810115814209,0.3164060115814209,0.23789645731449127,7628800
1991-05-23,0.3203130066394806,0.359375,0.3203130066394806,0.3554689884185791,0.2672668397426605,10422400
1991-05-24,0.3554689884185791,0.375,0.3398439884185791,0.375,0.2819516062736511,9721600
1991-05-28,0.375,0.3828130066394806,0.359375,0.3671880066394806,0.27607813477516174,21862400
1991-05-29,0.3632810115814209,0.3828130066394806,0.359375,0.3828130066394806,0.2878260314464569,24521600
1991-05-30,0.3867189884185791,0.3945310115814209,0.3789060115814209,0.3945310115814209,0.2966364622116089,36816000
1991-05-31,0.3945310115814209,0.40625,0.390625,0.40625,0.30544763803482056,30614400
1991-06-03,0.40625,0.4101560115814209,0.3945310115814209,0.4023439884185791,0.30251073837280273,12051200
1991-06-04,0.3945310115814209,0.3945310115814209,0.3710939884185791,0.3945310115814209,0.2966364622116089,36022400
1991-06-05,0.390625,0.3984380066394806,0.375,0.3789060115814209,0.28488850593566895,16012800
1991-06-06,0.3867189884185791,0.4101560115814209,0.3789060115814209,0.40625,0.30544763803482056,29971200
1991-06-07,0.40625,0.4101560115814209,0.3867189884185791,0.390625,0.29369956254959106,6073600
1991-06-10,0.3945310115814209,0.3984380066394806,0.3867189884185791,0.3984380066394806,0.29957401752471924,4352000
1991-06-11,0.3984380066394806,0.4023439884185791,0.390625,0.3945310115814209,0.2966364622116089,6428800
1991-06-12,0.3984380066394806,0.4101560115814209,0.390625,0.4101560115814209,0.30838456749916077,9216000
1991-06-13,0.40625,0.4140630066394806,0.4023439884185791,0.40625,0.30544763803482056,5702400
1991-06-14,0.4101560115814209,0.4179689884185791,0.4023439884185791,0.4179689884185791,0.314258873462677,14579200
1991-06-17,0.4179689884185791,0.4179689884185791,0.4101560115814209,0.4140630066394806,0.31132203340530396,5193600
1991-06-18,0.4179689884185791,0.4257810115814209,0.4101560115814209,0.4257810115814209,0.32013261318206787,3472000
1991-06-19,0.4296880066394806,0.4296880066394806,0.40625,0.4140630066394806,0.31132203340530396,3385600
1991-06-20,0.40625,0.4179689884185791,0.4023439884185791,0.4101560115814209,0.30838456749916077,2524800
1991-06-21,0.4101560115814209,0.4179689884185791,0.4023439884185791,0.4101560115814209,0.30838456749916077,5568000
1991-06-24,0.4023439884185791,0.4101560115814209,0.3828130066394806,0.3828130066394806,0.2878260314464569,7763200
1991-06-25,0.390625,0.390625,0.375,0.3789060115814209,0.28488850593566895,3289600
1991-06-26,0.3789060115814209,0.3945310115814209,0.3789060115814209,0.3867189884185791,0.29076284170150757,7612800
1991-06-27,0.3945310115814209,0.3945310115814209,0.3867189884185791,0.3945310115814209,0.2966364622116089,3907200
1991-06-28,0.390625,0.4101560115814209,0.3828130066394806,0.4101560115814209,0.30838456749916077,8713600
1991-07-01,0.4101560115814209,0.4179689884185791,0.40625,0.4179689884185791,0.314258873462677,8713600
1991-07-02,0.4101560115814209,0.4179689884185791,0.4101560115814209,0.4101560115814209,0.30838456749916077,7065600
1991-07-03,0.421875,0.4257810115814209,0.4101560115814209,0.421875,0.3171957731246948,28451200
1991-07-05,0.4257810115814209,0.4414060115814209,0.421875,0.4335939884185791,0.3260066509246826,3673600
1991-07-08,0.4375,0.453125,0.4296880066394806,0.453125,0.34069159626960754,6342400
1991-07-09,0.453125,0.4570310115814209,0.4453130066394806,0.4492189884185791,0.3377547264099121,12544000
1991-07-10,0.4492189884185791,0.4765630066394806,0.4492189884185791,0.46875,0.3524395823478699,21651200
1991-07-11,0.4765630066394806,0.4960939884185791,0.46875,0.4921880066394806,0.370061993598938,29552000
1991-07-12,0.4960939884185791,0.4960939884185791,0.4804689884185791,0.4882810115814209,0.3671243190765381,10265600
1991-07-15,0.484375,0.4882810115814209,0.4804689884185791,0.4804689884185791,0.36125075817108154,4457600
1991-07-16,0.4765630066394806,0.484375,0.453125,0.453125,0.34069159626960754,6131200
1991-07-17,0.453125,0.4765630066394806,0.453125,0.46875,0.3524395823478699,14182400
1991-07-18,0.46875,0.484375,0.46875,0.4804689884185791,0.36125075817108154,14800000
1991-07-19,0.4804689884185791,0.484375,0.4804689884185791,0.484375,0.3641875684261322,4284800
1991-07-22,0.4804689884185791,0.4882810115814209,0.4804689884185791,0.484375,0.3641875684261322,4400000
1991-07-23,0.484375,0.484375,0.4609380066394806,0.4609380066394806,0.34656596183776855,4755200
1991-07-24,0.4609380066394806,0.46875,0.4453130066394806,0.4492189884185791,0.3377547264099121,5235200
1991-07-25,0.4453130066394806,0.4570310115814209,0.4414060115814209,0.4453130066394806,0.3348179757595062,8067200
1991-07-26,0.453125,0.4570310115814209,0.4492189884185791,0.4492189884185791,0.3377547264099121,700800
1991-07-29,0.4492189884185791,0.4570310115814209,0.4453130066394806,0.4453130066394806,0.3348179757595062,9516800
1991-07-30,0.4453130066394806,0.4570310115814209,0.4453130066394806,0.4492189884185791,0.3377547264099121,17081600
1991-07-31,0.4492189884185791,0.453125,0.4375,0.4375,0.32894352078437805,11481600
1991-08-01,0.4375,0.4492189884185791,0.4375,0.4492189884185791,0.3377547264099121,5577600
1991-08-02,0.453125,0.4765630066394806,0.4492189884185791,0.4609380066394806,0.34656596183776855,8499200
1991-08-05,0.4609380066394806,0.46875,0.453125,0.453125,0.34069159626960754,3030400
1991-08-06,0.4609380066394806,0.4726560115814209,0.453125,0.46875,0.3524395823478699,4192000
1991-08-07,0.46875,0.4921880066394806,0.46875,0.484375,0.3641875684261322,24131200
1991-08-08,0.4882810115814209,0.53125,0.484375,0.5234379768371582,0.39355796575546265,15696000
1991-08-09,0.5234379768371582,0.53125,0.5039060115814209,0.5039060115814209,0.37887248396873474,6457600
1991-08-12,0.5,0.5195310115814209,0.5,0.5195310115814209,0.3906204104423523,4246400
1991-08-13,0.515625,0.53125,0.515625,0.5273439884185791,0.39649465680122375,4579200
1991-08-14,0.5351560115814209,0.5429689884185791,0.5234379768371582,0.53125,0.3994314670562744,8422400
1991-08-15,0.5273439884185791,0.5351560115814209,0.5078129768371582,0.5117189884185791,0.38474658131599426,5715200
1991-08-16,0.5117189884185791,0.515625,0.4960939884185791,0.5,0.3759356141090393,4800000
1991-08-19,0.4960939884185791,0.4960939884185791,0.453125,0.4765630066394806,0.3583139181137085,16636800
1991-08-20,0.4804689884185791,0.4960939884185791,0.4765630066394806,0.4921880066394806,0.370061993598938,11504000
1991-08-21,0.5,0.5585939884185791,0.5,0.5585939884185791,0.4199906587600708,17948800
1991-08-22,0.5585939884185791,0.5703129768371582,0.5507810115814209,0.5507810115814209,0.41411611437797546,8380800
1991-08-23,0.5507810115814209,0.5507810115814209,0.5195310115814209,0.5273439884185791,0.39649465680122375,3379200
1991-08-26,0.5195310115814209,0.5664060115814209,0.515625,0.5546879768371582,0.41705384850502014,14275200
1991-08-27,0.5664060115814209,0.5664060115814209,0.5429689884185791,0.5507810115814209,0.41411611437797546,13878400
1991-08-28,0.546875,0.546875,0.5390629768371582,0.5429689884185791,0.40824252367019653,18809600
1991-08-29,0.5390629768371582,0.5390629768371582,0.515625,0.5390629768371582,0.40530580282211304,10448000
1991-08-30,0.5390629768371582,0.5390629768371582,0.53125,0.53125,0.3994314670562744,4880000
1991-09-03,0.53125,0.5429689884185791,0.5234379768371582,0.5234379768371582,0.39355796575546265,5305600
1991-09-04,0.5234379768371582,0.5390629768371582,0.5234379768371582,0.53125,0.3994314670562744,3072000
1991-09-05,0.53125,0.5390629768371582,0.5273439884185791,0.5351560115814209,0.4023682475090027,4246400
1991-09-06,0.53125,0.5390629768371582,0.5273439884185791,0.5351560115814209,0.4023682475090027,5036800
1991-09-09,0.53125,0.5390629768371582,0.53125,0.53125,0.3994314670562744,9184000
1991-09-10,0.5351560115814209,0.5390629768371582,0.5234379768371582,0.5273439884185791,0.39649465680122375,5139200
1991-09-11,0.5234379768371582,0.53125,0.515625,0.5273439884185791,0.39649465680122375,3660800
1991-09-12,0.53125,0.546875,0.5273439884185791,0.5429689884185791,0.40824252367019653,10704000
1991-09-13,0.546875,0.546875,0.515625,0.5234379768371582,0.39355796575546265,2496000
1991-09-16,0.5195310115814209,0.5234379768371582,0.5039060115814209,0.5117189884185791,0.38474658131599426,6547200
1991-09-17,0.5039060115814209,0.5117189884185791,0.4609380066394806,0.4609380066394806,0.34656596183776855,5110400
1991-09-18,0.4609380066394806,0.4921880066394806,0.4609380066394806,0.4921880066394806,0.370061993598938,8998400
1991-09-19,0.4882810115814209,0.5078129768371582,0.4882810115814209,0.5,0.3759356141090393,6960000
1991-09-20,0.5,0.53125,0.4960939884185791,0.5273439884185791,0.39649465680122375,5017600
1991-09-23,0.5195310115814209,0.5390629768371582,0.5195310115814209,0.5273439884185791,0.39649465680122375,6288000
1991-09-24,0.5273439884185791,0.5351560115814209,0.46875,0.4882810115814209,0.3671243190765381,9971200
1991-09-25,0.4882810115814209,0.4960939884185791,0.4726560115814209,0.4726560115814209,0.35537633299827576,6422400
1991-09-26,0.4726560115814209,0.4726560115814209,0.453125,0.4570310115814209,0.34362828731536865,12064000
1991-09-27,0.4570310115814209,0.4726560115814209,0.4570310115814209,0.4609380066394806,0.34656596183776855,9174400
1991-09-30,0.4570310115814209,0.4648439884185791,0.4570310115814209,0.4648439884185791,0.3495028018951416,8025600
1991-10-01,0.4648439884185791,0.484375,0.4570310115814209,0.4804689884185791,0.36125075817108154,13721600
1991-10-02,0.484375,0.4921880066394806,0.484375,0.484375,0.3641875684261322,3955200
1991-10-03,0.484375,0.4882810115814209,0.4726560115814209,0.4726560115814209,0.35537633299827576,3324800
1991-10-04,0.4726560115814209,0.4765630066394806,0.4648439884185791,0.4726560115814209,0.35537633299827576,6390400
1991-10-07,0.46875,0.4726560115814209,0.4648439884185791,0.4648439884185791,0.3495028018951416,3964800
1991-10-08,0.4726560115814209,0.4726560115814209,0.4648439884185791,0.46875,0.3524395823478699,6166400
1991-10-09,0.453125,0.4609380066394806,0.421875,0.421875,0.3171957731246948,16108800
1991-10-10,0.421875,0.4257810115814209,0.4101560115814209,0.4101560115814209,0.30838456749916077,19580800
1991-10-11,0.4179689884185791,0.4179689884185791,0.4101560115814209,0.4140630066394806,0.31132203340530396,803200
1991-10-14,0.4140630066394806,0.4179689884185791,0.3945310115814209,0.4140630066394806,0.31132203340530396,16649600
1991-10-15,0.4101560115814209,0.4296880066394806,0.4101560115814209,0.4296880066394806,0.32306984066963196,8371200
1991-10-16,0.4335939884185791,0.4648439884185791,0.4257810115814209,0.4648439884185791,0.3495028018951416,7984000
1991-10-17,0.4570310115814209,0.4726560115814209,0.453125,0.4570310115814209,0.34362828731536865,5804800
1991-10-18,0.453125,0.4804689884185791,0.453125,0.4609380066394806,0.34656596183776855,3193600
1991-10-21,0.46875,0.484375,0.4609380066394806,0.4726560115814209,0.35537633299827576,6092800
1991-10-22,0.4726560115814209,0.4726560115814209,0.4570310115814209,0.4570310115814209,0.34362828731536865,6393600
1991-10-23,0.4570310115814209,0.46875,0.4335939884185791,0.4414060115814209,0.3318804204463959,5209600
1991-10-24,0.4335939884185791,0.4453130066394806,0.4335939884185791,0.4335939884185791,0.3260066509246826,1849600
1991-10-25,0.4414060115814209,0.4453130066394806,0.4335939884185791,0.4335939884185791,0.3260066509246826,1593600
1991-10-28,0.4414060115814209,0.4453130066394806,0.4335939884185791,0.4453130066394806,0.3348179757595062,2153600
1991-10-29,0.4453130066394806,0.4609380066394806,0.4414060115814209,0.453125,0.34069159626960754,9795200
1991-10-30,0.4609380066394806,0.4726560115814209,0.453125,0.46875,0.3524395823478699,1574400
1991-10-31,0.46875,0.484375,0.46875,0.4765630066394806,0.3583139181137085,6860800
1991-11-01,0.4765630066394806,0.4804689884185791,0.4726560115814209,0.4804689884185791,0.36125075817108154,4854400
1991-11-04,0.4726560115814209,0.4804689884185791,0.4726560115814209,0.4726560115814209,0.35537633299827576,2208000
1991-11-05,0.4726560115814209,0.4960939884185791,0.4726560115814209,0.4921880066394806,0.370061993598938,11737600
1991-11-06,0.5078129768371582,0.515625,0.4960939884185791,0.5039060115814209,0.37887248396873474,18684800
1991-11-07,0.5078129768371582,0.5429689884185791,0.5078129768371582,0.5273439884185791,0.39649465680122375,17097600
1991-11-08,0.5351560115814209,0.5429689884185791,0.5273439884185791,0.53125,0.3994314670562744,16368000
1991-11-11,0.53125,0.5351560115814209,0.5234379768371582,0.53125,0.3994314670562744,4326400
1991-11-12,0.5351560115814209,0.5664060115814209,0.53125,0.5585939884185791,0.4199906587600708,22963200
1991-11-13,0.5546879768371582,0.5742189884185791,0.5546879768371582,0.5703129768371582,0.42880189418792725,9977600
1991-11-14,0.5742189884185791,0.5742189884185791,0.5546879768371582,0.5625,0.42292752861976624,10652800
1991-11-15,0.5585939884185791,0.5664060115814209,0.5351560115814209,0.5429689884185791,0.40824252367019653,13964800
1991-11-18,0.53125,0.5351560115814209,0.4921880066394806,0.5078129768371582,0.38180992007255554,11686400
1991-11-19,0.5,0.5,0.4765630066394806,0.4882810115814209,0.3671243190765381,7616000
1991-11-20,0.484375,0.4960939884185791,0.4804689884185791,0.484375,0.3641875684261322,5145600
1991-11-21,0.484375,0.5078129768371582,0.484375,0.4960939884185791,0.37299874424934387,4976000
1991-11-22,0.4882810115814209,0.4960939884185791,0.4765630066394806,0.4882810115814209,0.3671243190765381,5836800
1991-11-25,0.5,0.5,0.4765630066394806,0.4804689884185791,0.36125075817108154,15539200
1991-11-26,0.484375,0.4882810115814209,0.4492189884185791,0.4648439884185791,0.3495028018951416,9628800
1991-11-27,0.4609380066394806,0.46875,0.4609380066394806,0.46875,0.3524395823478699,2073600
1991-11-29,0.4609380066394806,0.4648439884185791,0.4570310115814209,0.4609380066394806,0.34656596183776855,502400
1991-12-02,0.4609380066394806,0.4726560115814209,0.4453130066394806,0.46875,0.3524395823478699,4032000
1991-12-03,0.4765630066394806,0.515625,0.4726560115814209,0.515625,0.38768360018730164,10614400
1991-12-04,0.5234379768371582,0.53125,0.515625,0.5234379768371582,0.39355796575546265,1900800
1991-12-05,0.515625,0.5195310115814209,0.4804689884185791,0.5039060115814209,0.37887248396873474,12080000
1991-12-06,0.4960939884185791,0.5117189884185791,0.4960939884185791,0.5078129768371582,0.38180992007255554,2265600
1991-12-09,0.5117189884185791,0.5117189884185791,0.4960939884185791,0.4960939884185791,0.37299874424934387,3804800
1991-12-10,0.5,0.5,0.4921880066394806,0.4921880066394806,0.370061993598938,6396800
1991-12-11,0.5,0.5,0.4882810115814209,0.4921880066394806,0.370061993598938,4412800
1991-12-12,0.5,0.5,0.4921880066394806,0.5,0.3759356141090393,5945600
1991-12-13,0.5039060115814209,0.515625,0.5,0.5117189884185791,0.38474658131599426,4499200
1991-12-16,0.515625,0.515625,0.5078129768371582,0.515625,0.38768360018730164,2230400
1991-12-17,0.515625,0.5273439884185791,0.5078129768371582,0.5234379768371582,0.39355796575546265,6924800
1991-12-18,0.5234379768371582,0.5234379768371582,0.5117189884185791,0.515625,0.38768360018730164,4259200
1991-12-19,0.5195310115814209,0.5195310115814209,0.5,0.5078129768371582,0.38180992007255554,5299200
1991-12-20,0.5117189884185791,0.5117189884185791,0.484375,0.4882810115814209,0.3671243190765381,4364800
1991-12-23,0.4882810115814209,0.5,0.484375,0.4882810115814209,0.3671243190765381,9276800
1991-12-24,0.4882810115814209,0.4882810115814209,0.484375,0.4882810115814209,0.3671243190765381,1424000
1991-12-26,0.484375,0.4921880066394806,0.484375,0.4882810115814209,0.3671243190765381,5356800
1991-12-27,0.484375,0.4921880066394806,0.484375,0.484375,0.3641875684261322,9705600
1991-12-30,0.4921880066394806,0.5117189884185791,0.484375,0.5117189884185791,0.38474658131599426,11376000
1991-12-31,0.5078129768371582,0.515625,0.5039060115814209,0.5078129768371582,0.38180992007255554,16387200
1992-01-02,0.515625,0.515625,0.5,0.5039060115814209,0.37887248396873474,2912000
1992-01-03,0.515625,0.578125,0.515625,0.5664060115814209,0.4258645176887512,29552000
1992-01-06,0.578125,0.6171879768371582,0.5703129768371582,0.609375,0.4581712782382965,22416000
1992-01-07,0.5976560115814209,0.6054689884185791,0.5742189884185791,0.5742189884185791,0.4317386746406555,11555200
1992-01-08,0.5664060115814209,0.6015629768371582,0.5664060115814209,0.6015629768371582,0.4522976875305176,19100800
1992-01-09,0.6054689884185791,0.625,0.5976560115814209,0.625,0.46991950273513794,16441600
1992-01-10,0.6171879768371582,0.625,0.6015629768371582,0.6015629768371582,0.4522976875305176,7062400
1992-01-13,0.609375,0.6171879768371582,0.6015629768371582,0.6171879768371582,0.4640458822250366,6515200
1992-01-14,0.6132810115814209,0.6328129768371582,0.609375,0.6328129768371582,0.475793719291687,18688000
1992-01-15,0.6289060115814209,0.6484379768371582,0.6132810115814209,0.6445310115814209,0.4846044182777405,17091200
1992-01-16,0.6484379768371582,0.6484379768371582,0.6328129768371582,0.640625,0.48166748881340027,4432000
1992-01-17,0.640625,0.640625,0.6289060115814209,0.6289060115814209,0.4728561341762543,3468800
1992-01-20,0.6289060115814209,0.6328129768371582,0.6210939884185791,0.6289060115814209,0.4728561341762543,5408000
1992-01-21,0.6210939884185791,0.6289060115814209,0.609375,0.6132810115814209,0.46110838651657104,5702400
1992-01-22,0.609375,0.6171879768371582,0.609375,0.609375,0.4581712782382965,1760000
1992-01-23,0.609375,0.6210939884185791,0.609375,0.6132810115814209,0.46110838651657104,2771200
1992-01-24,0.6132810115814209,0.6289060115814209,0.6132810115814209,0.625,0.46991950273513794,4019200
1992-01-27,0.6210939884185791,0.6289060115814209,0.6210939884185791,0.6289060115814209,0.4728561341762543,3299200
1992-01-28,0.6210939884185791,0.6289060115814209,0.6132810115814209,0.6210939884185791,0.4669826030731201,1523200
1992-01-29,0.6132810115814209,0.6640629768371582,0.6132810115814209,0.65625,0.4934154152870178,14512000
1992-01-30,0.6523439884185791,0.671875,0.6523439884185791,0.65625,0.4934154152870178,11280000
1992-01-31,0.65625,0.671875,0.65625,0.671875,0.5051636695861816,7974400
1992-02-03,0.6601560115814209,0.671875,0.6601560115814209,0.671875,0.5051636695861816,11062400
1992-02-04,0.671875,0.671875,0.6640629768371582,0.671875,0.5051636695861816,6086400
1992-02-05,0.671875,0.6992189884185791,0.6679689884185791,0.6953129768371582,0.5227855443954468,7632000
1992-02-06,0.7070310115814209,0.71875,0.6796879768371582,0.6796879768371582,0.5110378265380859,9379200
1992-02-07,0.6914060115814209,0.6914060115814209,0.6757810115814209,0.6875,0.5169112682342529,10380800
1992-02-10,0.6875,0.6875,0.671875,0.6757810115814209,0.5081002712249756,6000000
1992-02-11,0.6679689884185791,0.671875,0.6601560115814209,0.6640629768371582,0.4992899000644684,2790400
1992-02-12,0.6601560115814209,0.6757810115814209,0.6445310115814209,0.6523439884185791,0.49047866463661194,6076800
1992-02-13,0.6484379768371582,0.6523439884185791,0.6328129768371582,0.6445310115814209,0.4846044182777405,5625600
1992-02-14,0.6367189884185791,0.6484379768371582,0.6367189884185791,0.6484379768371582,0.48754170536994934,6908800
1992-02-18,0.6484379768371582,0.6484379768371582,0.6015629768371582,0.6054689884185791,0.4552346467971802,9734400
1992-02-19,0.5976560115814209,0.6054689884185791,0.5859379768371582,0.5859379768371582,0.4405498802661896,4950400
1992-02-20,0.578125,0.6328129768371582,0.578125,0.6289060115814209,0.4728561341762543,11465600
1992-02-21,0.6367189884185791,0.6484379768371582,0.6289060115814209,0.640625,0.48166748881340027,11472000
1992-02-24,0.6484379768371582,0.6601560115814209,0.6445310115814209,0.65625,0.4934154152870178,4931200
1992-02-25,0.6601560115814209,0.6601560115814209,0.6328129768371582,0.6367189884185791,0.4787307679653168,6697600
1992-02-26,0.6445310115814209,0.65625,0.6367189884185791,0.65625,0.4934154152870178,5971200
1992-02-27,0.6484379768371582,0.65625,0.6484379768371582,0.6484379768371582,0.48754170536994934,2188800
1992-02-28,0.6445310115814209,0.6523439884185791,0.625,0.6328129768371582,0.475793719291687,3046400
1992-03-02,0.625,0.6367189884185791,0.6171879768371582,0.625,0.46991950273513794,2588800
1992-03-03,0.625,0.6289060115814209,0.5820310115814209,0.59375,0.44642341136932373,7673600
1992-03-04,0.59375,0.609375,0.59375,0.6015629768371582,0.4522976875305176,2352000
1992-03-05,0.6015629768371582,0.609375,0.5820310115814209,0.5820310115814209,0.4376124441623688,2252800
1992-03-06,0.5859379768371582,0.59375,0.53125,0.5429689884185791,0.40824252367019653,8166400
1992-03-09,0.5351560115814209,0.5703129768371582,0.5351560115814209,0.5625,0.42292752861976624,3027200
1992-03-10,0.5703129768371582,0.5742189884185791,0.5625,0.5703129768371582,0.42880189418792725,5206400
1992-03-11,0.5703129768371582,0.5703129768371582,0.5507810115814209,0.5546879768371582,0.41705384850502014,2723200
1992-03-12,0.5546879768371582,0.5546879768371582,0.5351560115814209,0.5351560115814209,0.4023682475090027,4329600
1992-03-13,0.546875,0.5546879768371582,0.5390629768371582,0.5546879768371582,0.41705384850502014,3990400
1992-03-16,0.5625,0.59375,0.5585939884185791,0.59375,0.44642341136932373,7001600
1992-03-17,0.59375,0.6132810115814209,0.5898439884185791,0.6054689884185791,0.4552346467971802,8016000
1992-03-18,0.6054689884185791,0.6132810115814209,0.5898439884185791,0.5898439884185791,0.44348669052124023,3516800
1992-03-19,0.5898439884185791,0.5976560115814209,0.5625,0.578125,0.4346756339073181,6083200
1992-03-20,0.578125,0.578125,0.5664060115814209,0.5742189884185791,0.4317386746406555,611200
1992-03-23,0.5742189884185791,0.578125,0.5664060115814209,0.578125,0.4346756339073181,2704000
1992-03-24,0.578125,0.578125,0.5585939884185791,0.5585939884185791,0.4199906587600708,787200
1992-03-25,0.5585939884185791,0.5585939884185791,0.546875,0.5546879768371582,0.41705384850502014,1958400
1992-03-26,0.5546879768371582,0.5546879768371582,0.5429689884185791,0.5507810115814209,0.41411611437797546,5088000
1992-03-27,0.5429689884185791,0.5507810115814209,0.515625,0.5195310115814209,0.3906204104423523,4822400
1992-03-30,0.515625,0.53125,0.515625,0.53125,0.3994314670562744,3340800
1992-03-31,0.53125,0.5507810115814209,0.5273439884185791,0.5507810115814209,0.41411611437797546,8054400
1992-04-01,0.5429689884185791,0.5664060115814209,0.5429689884185791,0.5625,0.42292752861976624,4022400
1992-04-02,0.5664060115814209,0.5664060115814209,0.5585939884185791,0.5585939884185791,0.4199906587600708,2476800
1992-04-03,0.5585939884185791,0.5625,0.5390629768371582,0.5429689884185791,0.40824252367019653,4489600
1992-04-06,0.546875,0.546875,0.5390629768371582,0.5390629768371582,0.40530580282211304,1536000
1992-04-07,0.546875,0.546875,0.5234379768371582,0.53125,0.3994314670562744,5216000
1992-04-08,0.515625,0.5195310115814209,0.4882810115814209,0.5117189884185791,0.38474658131599426,6931200
1992-04-09,0.5117189884185791,0.5195310115814209,0.5117189884185791,0.515625,0.38768360018730164,2064000
1992-04-10,0.5195310115814209,0.5234379768371582,0.5117189884185791,0.5117189884185791,0.38474658131599426,2390400
1992-04-13,0.5234379768371582,0.5351560115814209,0.5117189884185791,0.5351560115814209,0.4023682475090027,2198400
1992-04-14,0.5429689884185791,0.578125,0.53125,0.5625,0.42292752861976624,5792000
1992-04-15,0.5664060115814209,0.5664060115814209,0.5507810115814209,0.5625,0.42292752861976624,1315200
1992-04-16,0.5507810115814209,0.5585939884185791,0.5351560115814209,0.5390629768371582,0.40530580282211304,3577600
1992-04-20,0.5351560115814209,0.546875,0.4921880066394806,0.4960939884185791,0.37299874424934387,7193600
1992-04-21,0.5039060115814209,0.5039060115814209,0.46875,0.4765630066394806,0.3583139181137085,3648000
1992-04-22,0.4765630066394806,0.4921880066394806,0.4726560115814209,0.484375,0.3641875684261322,2412800
1992-04-23,0.4882810115814209,0.4882810115814209,0.4648439884185791,0.4648439884185791,0.3495028018951416,3516800
1992-04-24,0.4726560115814209,0.4726560115814209,0.4648439884185791,0.4648439884185791,0.3495028018951416,646400
1992-04-27,0.46875,0.46875,0.4609380066394806,0.46875,0.3524395823478699,3603200
1992-04-28,0.46875,0.46875,0.4414060115814209,0.4414060115814209,0.3318804204463959,4454400
1992-04-29,0.4492189884185791,0.4570310115814209,0.4414060115814209,0.4453130066394806,0.3348179757595062,7328000
1992-04-30,0.4492189884185791,0.4960939884185791,0.4492189884185791,0.4960939884185791,0.37299874424934387,14528000
1992-05-01,0.4960939884185791,0.5078129768371582,0.4882810115814209,0.5,0.3759356141090393,10243200
1992-05-04,0.5039060115814209,0.5429689884185791,0.5039060115814209,0.53125,0.3994314670562744,5552000
1992-05-05,0.546875,0.546875,0.5234379768371582,0.53125,0.3994314670562744,6883200
1992-05-06,0.5273439884185791,0.5351560115814209,0.4921880066394806,0.4960939884185791,0.37299874424934387,6256000
1992-05-07,0.4921880066394806,0.4960939884185791,0.46875,0.4726560115814209,0.35537633299827576,7302400
1992-05-08,0.4765630066394806,0.4765630066394806,0.4609380066394806,0.46875,0.3524395823478699,8268800
1992-05-11,0.46875,0.46875,0.4570310115814209,0.4609380066394806,0.34656596183776855,13568000
1992-05-12,0.4609380066394806,0.4648439884185791,0.4414060115814209,0.453125,0.34069159626960754,17244800
1992-05-13,0.4570310115814209,0.4570310115814209,0.4375,0.4453130066394806,0.3348179757595062,15964800
1992-05-14,0.4375,0.4492189884185791,0.4140630066394806,0.4179689884185791,0.314258873462677,22390400
1992-05-15,0.4101560115814209,0.421875,0.4023439884185791,0.4101560115814209,0.30838456749916077,11449600
1992-05-18,0.40625,0.4453130066394806,0.40625,0.4257810115814209,0.32013261318206787,14928000
1992-05-19,0.4257810115814209,0.4335939884185791,0.4179689884185791,0.421875,0.3171957731246948,12659200
1992-05-20,0.4335939884185791,0.4375,0.421875,0.4335939884185791,0.3260066509246826,5398400
1992-05-21,0.4375,0.4414060115814209,0.4296880066394806,0.4414060115814209,0.3318804204463959,9414400
1992-05-22,0.4414060115814209,0.4414060115814209,0.4335939884185791,0.4335939884185791,0.3260066509246826,3808000
1992-05-26,0.4414060115814209,0.4414060115814209,0.4101560115814209,0.4257810115814209,0.32013261318206787,12278400
1992-05-27,0.4179689884185791,0.4414060115814209,0.4179689884185791,0.4414060115814209,0.3318804204463959,18816000
1992-05-28,0.4414060115814209,0.4453130066394806,0.4335939884185791,0.4414060115814209,0.3318804204463959,5942400
1992-05-29,0.4375,0.4570310115814209,0.4375,0.4492189884185791,0.3377547264099121,8617600
1992-06-01,0.4609380066394806,0.46875,0.453125,0.4648439884185791,0.3495028018951416,11926400
1992-06-02,0.46875,0.4726560115814209,0.4609380066394806,0.46875,0.3524395823478699,8249600
1992-06-03,0.4726560115814209,0.4726560115814209,0.4609380066394806,0.46875,0.3524395823478699,13888000
1992-06-04,0.4726560115814209,0.4726560115814209,0.4648439884185791,0.4648439884185791,0.3495028018951416,11609600
1992-06-05,0.46875,0.46875,0.4609380066394806,0.4609380066394806,0.34656596183776855,6915200
1992-06-08,0.4609380066394806,0.4609380066394806,0.4492189884185791,0.4570310115814209,0.34362828731536865,2003200
1992-06-09,0.4492189884185791,0.4609380066394806,0.4335939884185791,0.4414060115814209,0.3318804204463959,6118400
1992-06-10,0.4296880066394806,0.4375,0.4023439884185791,0.4023439884185791,0.30251073837280273,7532800
1992-06-11,0.40625,0.40625,0.3867189884185791,0.3945310115814209,0.2966364622116089,17126400
1992-06-12,0.3984380066394806,0.4140630066394806,0.3867189884185791,0.4140630066394806,0.31132203340530396,19347200
1992-06-15,0.4140630066394806,0.4414060115814209,0.40625,0.4375,0.32894352078437805,10153600
1992-06-16,0.4335939884185791,0.4414060115814209,0.4140630066394806,0.421875,0.3171957731246948,14192000
1992-06-17,0.4179689884185791,0.4179689884185791,0.3945310115814209,0.4023439884185791,0.30251073837280273,14512000
1992-06-18,0.3984380066394806,0.4023439884185791,0.3867189884185791,0.3984380066394806,0.29957401752471924,8323200
1992-06-19,0.4023439884185791,0.421875,0.3945310115814209,0.4179689884185791,0.314258873462677,2604800
1992-06-22,0.4179689884185791,0.4179689884185791,0.4023439884185791,0.4023439884185791,0.30251073837280273,4131200
1992-06-23,0.4140630066394806,0.4179689884185791,0.3984380066394806,0.3984380066394806,0.29957401752471924,7411200
1992-06-24,0.3984380066394806,0.40625,0.3984380066394806,0.4023439884185791,0.30251073837280273,3673600
1992-06-25,0.4023439884185791,0.40625,0.3984380066394806,0.4023439884185791,0.30251073837280273,4969600
1992-06-26,0.40625,0.40625,0.3984380066394806,0.40625,0.30544763803482056,3040000
1992-06-29,0.40625,0.4179689884185791,0.3984380066394806,0.4101560115814209,0.30838456749916077,3820800
1992-06-30,0.4101560115814209,0.4335939884185791,0.4101560115814209,0.4335939884185791,0.3260066509246826,9270400
1992-07-01,0.421875,0.4296880066394806,0.4140630066394806,0.4140630066394806,0.31132203340530396,4492800
1992-07-02,0.4179689884185791,0.421875,0.3867189884185791,0.3867189884185791,0.29076284170150757,13660800
1992-07-06,0.3945310115814209,0.3945310115814209,0.359375,0.375,0.2819516062736511,5516800
1992-07-07,0.3789060115814209,0.3789060115814209,0.3632810115814209,0.3671880066394806,0.27607813477516174,4198400
1992-07-08,0.3671880066394806,0.3671880066394806,0.34375,0.34375,0.25845563411712646,11872000
1992-07-09,0.3515630066394806,0.3789060115814209,0.3476560115814209,0.3671880066394806,0.27607813477516174,12582400
1992-07-10,0.375,0.375,0.359375,0.3671880066394806,0.27607813477516174,4160000
1992-07-13,0.3554689884185791,0.3632810115814209,0.3476560115814209,0.3554689884185791,0.2672668397426605,6553600
1992-07-14,0.359375,0.3671880066394806,0.3554689884185791,0.3632810115814209,0.2731405198574066,9171200
1992-07-15,0.3671880066394806,0.3671880066394806,0.359375,0.3632810115814209,0.2731405198574066,4131200
1992-07-16,0.359375,0.375,0.359375,0.375,0.2819516062736511,2876800
1992-07-17,0.375,0.375,0.3632810115814209,0.3632810115814209,0.2731405198574066,1801600
1992-07-20,0.3632810115814209,0.3632810115814209,0.3554689884185791,0.3632810115814209,0.2731405198574066,2976000
1992-07-21,0.3632810115814209,0.3632810115814209,0.3554689884185791,0.3632810115814209,0.2731405198574066,7692800
1992-07-22,0.359375,0.359375,0.34375,0.3476560115814209,0.2613925635814667,6124800
1992-07-23,0.3476560115814209,0.3515630066394806,0.3398439884185791,0.3476560115814209,0.2613925635814667,8297600
1992-07-24,0.3476560115814209,0.359375,0.3398439884185791,0.359375,0.27020370960235596,9222400
1992-07-27,0.3554689884185791,0.3710939884185791,0.3554689884185791,0.3671880066394806,0.27607813477516174,2563200
1992-07-28,0.3671880066394806,0.390625,0.359375,0.390625,0.29369956254959106,8019200
1992-07-29,0.390625,0.3984380066394806,0.3789060115814209,0.3789060115814209,0.28488850593566895,9040000
1992-07-30,0.3789060115814209,0.4335939884185791,0.3789060115814209,0.4335939884185791,0.3260066509246826,21142400
1992-07-31,0.4296880066394806,0.4375,0.421875,0.4296880066394806,0.32306984066963196,11126400
1992-08-03,0.4375,0.4570310115814209,0.4296880066394806,0.453125,0.34069159626960754,9289600
1992-08-04,0.453125,0.4648439884185791,0.4492189884185791,0.4570310115814209,0.34362828731536865,8780800
1992-08-05,0.4609380066394806,0.4648439884185791,0.4453130066394806,0.4453130066394806,0.3348179757595062,10355200
1992-08-06,0.4492189884185791,0.4570310115814209,0.4179689884185791,0.4257810115814209,0.32013261318206787,10867200
1992-08-07,0.4179689884185791,0.4257810115814209,0.40625,0.4140630066394806,0.31132203340530396,10787200
1992-08-10,0.4140630066394806,0.4453130066394806,0.4101560115814209,0.4453130066394806,0.3348179757595062,9321600
1992-08-11,0.4492189884185791,0.4492189884185791,0.4335939884185791,0.4414060115814209,0.3318804204463959,4668800
1992-08-12,0.4453130066394806,0.4570310115814209,0.4375,0.453125,0.34069159626960754,3539200
1992-08-13,0.4570310115814209,0.4648439884185791,0.4492189884185791,0.453125,0.34069159626960754,6800000
1992-08-14,0.4609380066394806,0.4609380066394806,0.4492189884185791,0.453125,0.34069159626960754,764800
1992-08-17,0.4492189884185791,0.4609380066394806,0.4492189884185791,0.4570310115814209,0.34362828731536865,1014400
1992-08-18,0.4570310115814209,0.4609380066394806,0.4453130066394806,0.4570310115814209,0.34362828731536865,2595200
1992-08-19,0.4570310115814209,0.4609380066394806,0.4492189884185791,0.4492189884185791,0.3377547264099121,3795200
1992-08-20,0.4570310115814209,0.4609380066394806,0.4492189884185791,0.453125,0.34069159626960754,2496000
1992-08-21,0.4609380066394806,0.4609380066394806,0.4492189884185791,0.4570310115814209,0.34362828731536865,5699200
1992-08-24,0.4492189884185791,0.4570310115814209,0.4492189884185791,0.4492189884185791,0.3377547264099121,1718400
1992-08-25,0.4570310115814209,0.4570310115814209,0.4492189884185791,0.4492189884185791,0.3377547264099121,1497600
1992-08-26,0.453125,0.4570310115814209,0.4492189884185791,0.4492189884185791,0.3377547264099121,1273600
1992-08-27,0.4570310115814209,0.4648439884185791,0.453125,0.4570310115814209,0.34362828731536865,1523200
1992-08-28,0.4570310115814209,0.4648439884185791,0.4570310115814209,0.4609380066394806,0.34656596183776855,2502400
1992-08-31,0.4570310115814209,0.4648439884185791,0.4570310115814209,0.4648439884185791,0.3495028018951416,1353600
1992-09-01,0.4570310115814209,0.4648439884185791,0.4570310115814209,0.4648439884185791,0.3495028018951416,592000
1992-09-02,0.4648439884185791,0.4765630066394806,0.4609380066394806,0.4726560115814209,0.35537633299827576,3308800
1992-09-03,0.4648439884185791,0.46875,0.4414060115814209,0.4414060115814209,0.3318804204463959,12550400
1992-09-04,0.4453130066394806,0.4453130066394806,0.4257810115814209,0.4335939884185791,0.3260066509246826,4361600
1992-09-08,0.4375,0.4375,0.40625,0.421875,0.3171957731246948,22294400
1992-09-09,0.4140630066394806,0.4335939884185791,0.4140630066394806,0.4257810115814209,0.32013261318206787,9593600
1992-09-10,0.4257810115814209,0.453125,0.4257810115814209,0.4492189884185791,0.3377547264099121,4620800
1992-09-11,0.453125,0.453125,0.4414060115814209,0.4414060115814209,0.3318804204463959,2992000
1992-09-14,0.4492189884185791,0.4648439884185791,0.4414060115814209,0.4570310115814209,0.34362828731536865,5801600
1992-09-15,0.4609380066394806,0.4609380066394806,0.4335939884185791,0.4375,0.32894352078437805,4310400
1992-09-16,0.4414060115814209,0.4414060115814209,0.4335939884185791,0.4335939884185791,0.3260066509246826,1209600
1992-09-17,0.4414060115814209,0.4414060115814209,0.40625,0.4101560115814209,0.30838456749916077,5427200
1992-09-18,0.4140630066394806,0.421875,0.40625,0.4140630066394806,0.31132203340530396,5491200
1992-09-21,0.421875,0.4296880066394806,0.4140630066394806,0.4296880066394806,0.32306984066963196,2124800
1992-09-22,0.421875,0.4296880066394806,0.3984380066394806,0.4101560115814209,0.30838456749916077,7734400
1992-09-23,0.4101560115814209,0.4101560115814209,0.4023439884185791,0.40625,0.30544763803482056,1094400
1992-09-24,0.4023439884185791,0.4179689884185791,0.4023439884185791,0.40625,0.30544763803482056,4544000
1992-09-25,0.4140630066394806,0.4140630066394806,0.390625,0.3984380066394806,0.29957401752471924,7190400
1992-09-28,0.3984380066394806,0.4101560115814209,0.3867189884185791,0.40625,0.30544763803482056,2041600
1992-09-29,0.40625,0.4101560115814209,0.4023439884185791,0.40625,0.30544763803482056,1020800
1992-09-30,0.40625,0.40625,0.3945310115814209,0.3984380066394806,0.29957401752471924,9494400
1992-10-01,0.3945310115814209,0.4023439884185791,0.3867189884185791,0.390625,0.29369956254959106,10454400
1992-10-02,0.3945310115814209,0.3945310115814209,0.3710939884185791,0.3710939884185791,0.27901485562324524,6323200
1992-10-05,0.375,0.375,0.3554689884185791,0.375,0.2819516062736511,5596800
1992-10-06,0.375,0.3789060115814209,0.3632810115814209,0.375,0.2819516062736511,6921600
1992-10-07,0.3789060115814209,0.3867189884185791,0.3710939884185791,0.3828130066394806,0.2878260314464569,5817600
1992-10-08,0.390625,0.4453130066394806,0.3867189884185791,0.4453130066394806,0.3348179757595062,18019200
1992-10-09,0.4375,0.4492189884185791,0.4375,0.4375,0.32894352078437805,15529600
1992-10-12,0.4375,0.4453130066394806,0.4375,0.4414060115814209,0.3318804204463959,5168000
1992-10-13,0.4375,0.4765630066394806,0.4375,0.4726560115814209,0.35537633299827576,14064000
1992-10-14,0.46875,0.5039060115814209,0.46875,0.4921880066394806,0.370061993598938,17008000
1992-10-15,0.4921880066394806,0.515625,0.484375,0.5078129768371582,0.38180992007255554,16070400
1992-10-16,0.5117189884185791,0.5234379768371582,0.5039060115814209,0.5195310115814209,0.3906204104423523,10457600
1992-10-19,0.515625,0.53125,0.5078129768371582,0.5273439884185791,0.39649465680122375,21068800
1992-10-20,0.5273439884185791,0.546875,0.5273439884185791,0.53125,0.3994314670562744,10224000
1992-10-21,0.5351560115814209,0.5429689884185791,0.5273439884185791,0.5351560115814209,0.4023682475090027,10313600
1992-10-22,0.5351560115814209,0.5351560115814209,0.5234379768371582,0.53125,0.3994314670562744,5801600
1992-10-23,0.53125,0.5351560115814209,0.5234379768371582,0.53125,0.3994314670562744,7616000
1992-10-26,0.5234379768371582,0.5351560115814209,0.5078129768371582,0.5273439884185791,0.39649465680122375,3267200
1992-10-27,0.5234379768371582,0.53125,0.5234379768371582,0.53125,0.3994314670562744,2092800
1992-10-28,0.5234379768371582,0.5351560115814209,0.5234379768371582,0.5351560115814209,0.4023682475090027,12076800
1992-10-29,0.5273439884185791,0.5351560115814209,0.5078129768371582,0.5078129768371582,0.38180992007255554,5977600
1992-10-30,0.5117189884185791,0.546875,0.5117189884185791,0.5429689884185791,0.40824252367019653,18940800
1992-11-02,0.5429689884185791,0.5976560115814209,0.5429689884185791,0.5898439884185791,0.44348669052124023,14483200
1992-11-03,0.5976560115814209,0.6015629768371582,0.5664060115814209,0.5664060115814209,0.4258645176887512,7452800
1992-11-04,0.5664060115814209,0.5898439884185791,0.5664060115814209,0.578125,0.4346756339073181,7427200
1992-11-05,0.5859379768371582,0.5898439884185791,0.5546879768371582,0.5585939884185791,0.4199906587600708,8272000
1992-11-06,0.5625,0.5625,0.5195310115814209,0.5429689884185791,0.40824252367019653,14166400
1992-11-09,0.5351560115814209,0.5585939884185791,0.5351560115814209,0.5585939884185791,0.4199906587600708,2889600
1992-11-10,0.5585939884185791,0.5664060115814209,0.5507810115814209,0.5546879768371582,0.41705384850502014,5174400
1992-11-11,0.5507810115814209,0.5703129768371582,0.5507810115814209,0.5703129768371582,0.42880189418792725,3206400
1992-11-12,0.5585939884185791,0.5703129768371582,0.5351560115814209,0.5429689884185791,0.40824252367019653,5500800
1992-11-13,0.5429689884185791,0.5429689884185791,0.5273439884185791,0.5429689884185791,0.40824252367019653,2780800
1992-11-16,0.5351560115814209,0.5429689884185791,0.5234379768371582,0.5273439884185791,0.39649465680122375,6086400
1992-11-17,0.5273439884185791,0.5351560115814209,0.5195310115814209,0.5234379768371582,0.39355796575546265,6108800
1992-11-18,0.5351560115814209,0.5546879768371582,0.5351560115814209,0.5546879768371582,0.41705384850502014,8310400
1992-11-19,0.5546879768371582,0.59375,0.5546879768371582,0.5859379768371582,0.4405498802661896,22886400
1992-11-20,0.5976560115814209,0.6289060115814209,0.59375,0.625,0.46991950273513794,20006400
1992-11-23,0.6289060115814209,0.6289060115814209,0.609375,0.609375,0.4581712782382965,10499200
1992-11-24,0.6054689884185791,0.65625,0.6054689884185791,0.65625,0.4934154152870178,14012800
1992-11-25,0.6601560115814209,0.6679689884185791,0.640625,0.6484379768371582,0.48754170536994934,16726400
1992-11-27,0.640625,0.6484379768371582,0.640625,0.6445310115814209,0.4846044182777405,2073600
1992-11-30,0.6484379768371582,0.6484379768371582,0.625,0.6328129768371582,0.475793719291687,8736000
1992-12-01,0.6367189884185791,0.6367189884185791,0.6054689884185791,0.6054689884185791,0.4552346467971802,6236800
1992-12-02,0.6054689884185791,0.6171879768371582,0.59375,0.6054689884185791,0.4552346467971802,8988800
1992-12-03,0.6054689884185791,0.625,0.5859379768371582,0.6171879768371582,0.4640458822250366,11212800
1992-12-04,0.625,0.6289060115814209,0.6171879768371582,0.6171879768371582,0.4640458822250366,4313600
1992-12-07,0.6289060115814209,0.6289060115814209,0.6171879768371582,0.6289060115814209,0.4728561341762543,6140800
1992-12-08,0.6328129768371582,0.6328129768371582,0.6210939884185791,0.6210939884185791,0.4669826030731201,15132800
1992-12-09,0.625,0.625,0.5976560115814209,0.5976560115814209,0.44936031103134155,7571200
1992-12-10,0.5976560115814209,0.6054689884185791,0.5820310115814209,0.5898439884185791,0.44348669052124023,7766400
1992-12-11,0.5898439884185791,0.6054689884185791,0.5898439884185791,0.59375,0.44642341136932373,13702400
1992-12-14,0.59375,0.6015629768371582,0.5742189884185791,0.578125,0.4346756339073181,4176000
1992-12-15,0.5742189884185791,0.5820310115814209,0.5703129768371582,0.5703129768371582,0.42880189418792725,1472000
1992-12-16,0.578125,0.5820310115814209,0.5703129768371582,0.5742189884185791,0.4317386746406555,2361600
1992-12-17,0.578125,0.5820310115814209,0.5703129768371582,0.5742189884185791,0.4317386746406555,2713600
1992-12-18,0.5820310115814209,0.5976560115814209,0.5703129768371582,0.5859379768371582,0.4405498802661896,7360000
1992-12-21,0.5859379768371582,0.59375,0.5820310115814209,0.5898439884185791,0.44348669052124023,5609600
1992-12-22,0.5820310115814209,0.5898439884185791,0.5585939884185791,0.5664060115814209,0.4258645176887512,7523200
1992-12-23,0.5664060115814209,0.5703129768371582,0.5390629768371582,0.5429689884185791,0.40824252367019653,6003200
1992-12-24,0.5429689884185791,0.5625,0.5429689884185791,0.5625,0.42292752861976624,2096000
1992-12-28,0.5625,0.578125,0.5546879768371582,0.578125,0.4346756339073181,8752000
1992-12-29,0.59375,0.625,0.5898439884185791,0.6210939884185791,0.4669826030731201,22972800
1992-12-30,0.625,0.6289060115814209,0.6171879768371582,0.6171879768371582,0.4640458822250366,4806400
1992-12-31,0.6171879768371582,0.6289060115814209,0.6132810115814209,0.625,0.46991950273513794,19347200
1993-01-04,0.6210939884185791,0.6484379768371582,0.6171879768371582,0.6289060115814209,0.4728561341762543,27456000
1993-01-05,0.625,0.6289060115814209,0.6210939884185791,0.625,0.46991950273513794,9075200
1993-01-06,0.625,0.6484379768371582,0.6210939884185791,0.6289060115814209,0.4728561341762543,8096000
1993-01-07,0.6445310115814209,0.6835939884185791,0.6445310115814209,0.6523439884185791,0.49047866463661194,38233600
1993-01-08,0.6523439884185791,0.65625,0.6328129768371582,0.6484379768371582,0.48754170536994934,16441600
1993-01-11,0.6523439884185791,0.6523439884185791,0.625,0.640625,0.48166748881340027,8460800
1993-01-12,0.6328129768371582,0.640625,0.6328129768371582,0.6367189884185791,0.4787307679653168,10723200
1993-01-13,0.640625,0.6484379768371582,0.6367189884185791,0.640625,0.48166748881340027,16790400
1993-01-14,0.6367189884185791,0.6484379768371582,0.6367189884185791,0.6367189884185791,0.4787307679653168,15532800
1993-01-15,0.6367189884185791,0.6796879768371582,0.6367189884185791,0.671875,0.5051636695861816,13315200
1993-01-18,0.671875,0.6875,0.671875,0.6875,0.5169112682342529,18384000
1993-01-19,0.6835939884185791,0.703125,0.6835939884185791,0.6992189884185791,0.5257226228713989,19161600
1993-01-20,0.6953129768371582,0.703125,0.6875,0.6914060115814209,0.5198484063148499,19782400
1993-01-21,0.6835939884185791,0.6992189884185791,0.6796879768371582,0.6953129768371582,0.5227855443954468,15900800
1993-01-22,0.6953129768371582,0.7109379768371582,0.6953129768371582,0.703125,0.5286593437194824,19401600
1993-01-25,0.703125,0.71875,0.703125,0.7148439884185791,0.5374704599380493,7097600
1993-01-26,0.7148439884185791,0.7265629768371582,0.7148439884185791,0.71875,0.5404074192047119,6080000
1993-01-27,0.7226560115814209,0.734375,0.71875,0.7265629768371582,0.5462817549705505,16784000
1993-01-28,0.7226560115814209,0.7304689884185791,0.6796879768371582,0.6875,0.5169112682342529,10150400
1993-01-29,0.6914060115814209,0.6953129768371582,0.6835939884185791,0.6914060115814209,0.5198484063148499,3843200
1993-02-01,0.6875,0.71875,0.6875,0.7148439884185791,0.5374704599380493,6336000
1993-02-02,0.71875,0.71875,0.703125,0.7109379768371582,0.534533679485321,1692800
1993-02-03,0.7070310115814209,0.7460939884185791,0.7070310115814209,0.734375,0.552155613899231,9881600
1993-02-04,0.7382810115814209,0.75,0.7265629768371582,0.7265629768371582,0.5462817549705505,5708800
1993-02-05,0.734375,0.734375,0.6953129768371582,0.6953129768371582,0.5227855443954468,7443200
1993-02-08,0.6953129768371582,0.703125,0.6796879768371582,0.6835939884185791,0.5139744877815247,3033600
1993-02-09,0.6796879768371582,0.6835939884185791,0.6640629768371582,0.6640629768371582,0.4992899000644684,9539200
1993-02-10,0.671875,0.6796879768371582,0.6640629768371582,0.6679689884185791,0.5022263526916504,4844800
1993-02-11,0.6640629768371582,0.6757810115814209,0.6484379768371582,0.6523439884185791,0.49047866463661194,4243200
1993-02-12,0.65625,0.65625,0.6367189884185791,0.640625,0.48166748881340027,6483200
1993-02-16,0.6367189884185791,0.6367189884185791,0.6015629768371582,0.6210939884185791,0.4669826030731201,9104000
1993-02-17,0.6132810115814209,0.6171879768371582,0.6015629768371582,0.6054689884185791,0.4552346467971802,14083200
1993-02-18,0.6132810115814209,0.6210939884185791,0.609375,0.6210939884185791,0.4669826030731201,4032000
1993-02-19,0.625,0.625,0.609375,0.609375,0.4581712782382965,6556800
1993-02-22,0.6054689884185791,0.6171879768371582,0.6015629768371582,0.6015629768371582,0.4522976875305176,6060800
1993-02-23,0.6015629768371582,0.609375,0.5976560115814209,0.609375,0.4581712782382965,17894400
1993-02-24,0.6054689884185791,0.6054689884185791,0.5820310115814209,0.5820310115814209,0.4376124441623688,7552000
1993-02-25,0.5820310115814209,0.6132810115814209,0.5820310115814209,0.6132810115814209,0.46110838651657104,16291200
1993-02-26,0.6054689884185791,0.6328129768371582,0.6054689884185791,0.625,0.46991950273513794,6326400
1993-03-01,0.6289060115814209,0.6289060115814209,0.6210939884185791,0.6210939884185791,0.4669826030731201,2688000
1993-03-02,0.6210939884185791,0.6289060115814209,0.6171879768371582,0.625,0.46991950273513794,6566400
1993-03-03,0.6289060115814209,0.671875,0.625,0.6679689884185791,0.5022263526916504,7222400
1993-03-04,0.6679689884185791,0.6679689884185791,0.6210939884185791,0.6210939884185791,0.4669826030731201,14092800
1993-03-05,0.6210939884185791,0.6289060115814209,0.6132810115814209,0.625,0.46991950273513794,7923200
1993-03-08,0.6289060115814209,0.640625,0.6210939884185791,0.6367189884185791,0.4787307679653168,7689600
1993-03-09,0.6328129768371582,0.640625,0.625,0.6367189884185791,0.4787307679653168,1529600
1993-03-10,0.6289060115814209,0.6367189884185791,0.609375,0.6171879768371582,0.4640458822250366,9472000
1993-03-11,0.6132810115814209,0.6289060115814209,0.6132810115814209,0.6210939884185791,0.4669826030731201,5440000
1993-03-12,0.6171879768371582,0.6171879768371582,0.609375,0.6171879768371582,0.4640458822250366,5136000
1993-03-15,0.625,0.6796879768371582,0.625,0.6757810115814209,0.5081002712249756,13411200
1993-03-16,0.6757810115814209,0.7109379768371582,0.6757810115814209,0.6914060115814209,0.5198484063148499,14873600
1993-03-17,0.6914060115814209,0.6953129768371582,0.6640629768371582,0.671875,0.5051636695861816,8896000
1993-03-18,0.671875,0.6796879768371582,0.6445310115814209,0.6523439884185791,0.49047866463661194,11280000
1993-03-19,0.6523439884185791,0.65625,0.6210939884185791,0.625,0.46991950273513794,9289600
1993-03-22,0.6171879768371582,0.625,0.5976560115814209,0.609375,0.4581712782382965,11193600
1993-03-23,0.6210939884185791,0.625,0.609375,0.6210939884185791,0.4669826030731201,4521600
1993-03-24,0.609375,0.6171879768371582,0.59375,0.59375,0.44642341136932373,3593600
1993-03-25,0.5976560115814209,0.609375,0.59375,0.609375,0.4581712782382965,7852800
1993-03-26,0.6132810115814209,0.6171879768371582,0.6054689884185791,0.6132810115814209,0.46110838651657104,11660800
1993-03-29,0.6171879768371582,0.6328129768371582,0.6171879768371582,0.6210939884185791,0.4669826030731201,11472000
1993-03-30,0.625,0.6289060115814209,0.6210939884185791,0.6289060115814209,0.4728561341762543,5356800
1993-03-31,0.6289060115814209,0.6289060115814209,0.6171879768371582,0.625,0.46991950273513794,4140800
1993-04-01,0.6171879768371582,0.625,0.6171879768371582,0.625,0.46991950273513794,595200
1993-04-02,0.6132810115814209,0.6171879768371582,0.5976560115814209,0.6015629768371582,0.4522976875305176,6704000
1993-04-05,0.6015629768371582,0.6171879768371582,0.5976560115814209,0.6015629768371582,0.4522976875305176,3296000
1993-04-06,0.5976560115814209,0.6054689884185791,0.5742189884185791,0.5859379768371582,0.4405498802661896,5209600
1993-04-07,0.5859379768371582,0.609375,0.578125,0.5898439884185791,0.44348669052124023,8323200
1993-04-08,0.5976560115814209,0.5976560115814209,0.5664060115814209,0.5664060115814209,0.4258645176887512,23779200
1993-04-12,0.5664060115814209,0.5742189884185791,0.5664060115814209,0.5703129768371582,0.42880189418792725,1804800
1993-04-13,0.5703129768371582,0.5742189884185791,0.5507810115814209,0.5546879768371582,0.41705384850502014,11728000
1993-04-14,0.5585939884185791,0.5585939884185791,0.5390629768371582,0.5390629768371582,0.40530580282211304,14998400
1993-04-15,0.5390629768371582,0.5429689884185791,0.484375,0.5117189884185791,0.38474658131599426,25952000
1993-04-16,0.515625,0.515625,0.4765630066394806,0.4804689884185791,0.36125075817108154,31164800
1993-04-19,0.4765630066394806,0.484375,0.46875,0.4804689884185791,0.36125075817108154,24624000
1993-04-20,0.484375,0.484375,0.4648439884185791,0.46875,0.3524395823478699,16268800
1993-04-21,0.4726560115814209,0.5039060115814209,0.4648439884185791,0.5039060115814209,0.37887248396873474,8294400
1993-04-22,0.5078129768371582,0.5234379768371582,0.5078129768371582,0.515625,0.38768360018730164,8236800
1993-04-23,0.5117189884185791,0.515625,0.4960939884185791,0.5039060115814209,0.37887248396873474,6617600
1993-04-26,0.5,0.5078129768371582,0.4960939884185791,0.5039060115814209,0.37887248396873474,5638400
1993-04-27,0.4921880066394806,0.5117189884185791,0.4921880066394806,0.5039060115814209,0.37887248396873474,5411200
1993-04-28,0.5117189884185791,0.5117189884185791,0.5039060115814209,0.5117189884185791,0.38474658131599426,3846400
1993-04-29,0.5117189884185791,0.5117189884185791,0.4960939884185791,0.5039060115814209,0.37887248396873474,2684800
1993-04-30,0.5078129768371582,0.5117189884185791,0.4960939884185791,0.5078129768371582,0.38180992007255554,7049600
1993-05-03,0.5078129768371582,0.5117189884185791,0.4921880066394806,0.5,0.3759356141090393,5830400
1993-05-04,0.5039060115814209,0.5039060115814209,0.4960939884185791,0.5039060115814209,0.37887248396873474,13817600
1993-05-05,0.5117189884185791,0.5117189884185791,0.5039060115814209,0.5039060115814209,0.37887248396873474,3254400
1993-05-06,0.5,0.5,0.4140630066394806,0.4375,0.32894352078437805,55862400
1993-05-07,0.4375,0.4414060115814209,0.421875,0.4296880066394806,0.32306984066963196,32924800
1993-05-10,0.4257810115814209,0.453125,0.4257810115814209,0.4453130066394806,0.3348179757595062,15763200
1993-05-11,0.4492189884185791,0.4492189884185791,0.4335939884185791,0.4414060115814209,0.3318804204463959,8275200
1993-05-12,0.4296880066394806,0.4375,0.421875,0.4296880066394806,0.32306984066963196,43078400
1993-05-13,0.4296880066394806,0.4375,0.4179689884185791,0.4335939884185791,0.3260066509246826,10553600
1993-05-14,0.4375,0.4375,0.421875,0.421875,0.3171957731246948,12969600
1993-05-17,0.421875,0.4296880066394806,0.4140630066394806,0.4140630066394806,0.31132203340530396,11971200
1993-05-18,0.421875,0.4335939884185791,0.3945310115814209,0.4023439884185791,0.30251073837280273,16054400
1993-05-19,0.4023439884185791,0.4140630066394806,0.3984380066394806,0.4140630066394806,0.31132203340530396,30604800
1993-05-20,0.4179689884185791,0.4257810115814209,0.4140630066394806,0.4257810115814209,0.32013261318206787,13750400
1993-05-21,0.421875,0.4257810115814209,0.4140630066394806,0.421875,0.3171957731246948,9945600
1993-05-24,0.4179689884185791,0.4375,0.4140630066394806,0.4296880066394806,0.32306984066963196,7360000
1993-05-25,0.4375,0.4375,0.421875,0.4257810115814209,0.32013261318206787,16000000
1993-05-26,0.4257810115814209,0.4296880066394806,0.4179689884185791,0.4257810115814209,0.32013261318206787,20332800
1993-05-27,0.4257810115814209,0.4257810115814209,0.4140630066394806,0.4179689884185791,0.314258873462677,16864000
1993-05-28,0.421875,0.421875,0.4140630066394806,0.421875,0.3171957731246948,3795200
1993-06-01,0.421875,0.421875,0.4140630066394806,0.421875,0.3171957731246948,8793600
1993-06-02,0.421875,0.421875,0.4140630066394806,0.421875,0.3171957731246948,7392000
1993-06-03,0.421875,0.4492189884185791,0.4140630066394806,0.4453130066394806,0.3348179757595062,10688000
1993-06-04,0.4492189884185791,0.4804689884185791,0.4453130066394806,0.4648439884185791,0.3495028018951416,29798400
1993-06-07,0.4765630066394806,0.4765630066394806,0.4609380066394806,0.4609380066394806,0.34656596183776855,6723200
1993-06-08,0.4648439884185791,0.4726560115814209,0.4570310115814209,0.4648439884185791,0.3495028018951416,5350400
1993-06-09,0.46875,0.46875,0.4570310115814209,0.46875,0.3524395823478699,5760000
1993-06-10,0.46875,0.46875,0.4609380066394806,0.4609380066394806,0.34656596183776855,5049600
1993-06-11,0.46875,0.4726560115814209,0.4648439884185791,0.46875,0.3524395823478699,4768000
1993-06-14,0.4726560115814209,0.4726560115814209,0.4648439884185791,0.4726560115814209,0.35537633299827576,2681600
1993-06-15,0.4726560115814209,0.4726560115814209,0.4570310115814209,0.4609380066394806,0.34656596183776855,14233600
1993-06-16,0.4570310115814209,0.4648439884185791,0.453125,0.4648439884185791,0.3495028018951416,8240000
1993-06-17,0.4648439884185791,0.46875,0.4609380066394806,0.4609380066394806,0.34656596183776855,5136000
1993-06-18,0.46875,0.46875,0.4609380066394806,0.4648439884185791,0.3495028018951416,9900800
1993-06-21,0.4648439884185791,0.4648439884185791,0.4453130066394806,0.4609380066394806,0.34656596183776855,9324800
1993-06-22,0.453125,0.4609380066394806,0.4492189884185791,0.4492189884185791,0.3377547264099121,1033600
1993-06-23,0.453125,0.4609380066394806,0.4375,0.4414060115814209,0.3318804204463959,5481600
1993-06-24,0.4414060115814209,0.4414060115814209,0.4257810115814209,0.4335939884185791,0.3260066509246826,11673600
1993-06-25,0.4296880066394806,0.4609380066394806,0.4296880066394806,0.4609380066394806,0.34656596183776855,9062400
1993-06-28,0.4609380066394806,0.484375,0.4609380066394806,0.46875,0.3524395823478699,7008000
1993-06-29,0.4765630066394806,0.4765630066394806,0.4648439884185791,0.46875,0.3524395823478699,3552000
1993-06-30,0.46875,0.4765630066394806,0.46875,0.4765630066394806,0.3583139181137085,12713600
1993-07-01,0.4765630066394806,0.4882810115814209,0.46875,0.484375,0.3641875684261322,8489600
1993-07-02,0.4882810115814209,0.4882810115814209,0.4804689884185791,0.4804689884185791,0.36125075817108154,2204800
1993-07-06,0.4882810115814209,0.4882810115814209,0.4609380066394806,0.46875,0.3524395823478699,16896000
1993-07-07,0.4609380066394806,0.46875,0.4609380066394806,0.46875,0.3524395823478699,6121600
1993-07-08,0.4648439884185791,0.4804689884185791,0.4648439884185791,0.4804689884185791,0.36125075817108154,6435200
1993-07-09,0.4804689884185791,0.4804689884185791,0.46875,0.4726560115814209,0.35537633299827576,2057600
1993-07-12,0.46875,0.4765630066394806,0.4648439884185791,0.46875,0.3524395823478699,1977600
1993-07-13,0.46875,0.4726560115814209,0.4609380066394806,0.4726560115814209,0.35537633299827576,7472000
1993-07-14,0.4648439884185791,0.484375,0.4648439884185791,0.4765630066394806,0.3583139181137085,7817600
1993-07-15,0.4804689884185791,0.484375,0.4726560115814209,0.4804689884185791,0.36125075817108154,3260800
1993-07-16,0.4804689884185791,0.4804689884185791,0.4726560115814209,0.4726560115814209,0.35537633299827576,4368000
1993-07-19,0.4804689884185791,0.4804689884185791,0.46875,0.4765630066394806,0.3583139181137085,4643200
1993-07-20,0.46875,0.4765630066394806,0.46875,0.46875,0.3524395823478699,5603200
1993-07-21,0.4804689884185791,0.4804689884185791,0.46875,0.4765630066394806,0.3583139181137085,2896000
1993-07-22,0.4765630066394806,0.4804689884185791,0.4726560115814209,0.4765630066394806,0.3583139181137085,1776000
1993-07-23,0.4765630066394806,0.4765630066394806,0.453125,0.4570310115814209,0.34362828731536865,5254400
1993-07-26,0.4648439884185791,0.4648439884185791,0.453125,0.453125,0.34069159626960754,3840000
1993-07-27,0.4101560115814209,0.4179689884185791,0.3984380066394806,0.4023439884185791,0.30251073837280273,36912000
1993-07-28,0.40625,0.4257810115814209,0.4023439884185791,0.4257810115814209,0.32013261318206787,10086400
1993-07-29,0.4179689884185791,0.4296880066394806,0.4179689884185791,0.4257810115814209,0.32013261318206787,4476800
1993-07-30,0.4296880066394806,0.4296880066394806,0.4257810115814209,0.4296880066394806,0.32306984066963196,5353600
1993-08-02,0.421875,0.4296880066394806,0.421875,0.4296880066394806,0.32306984066963196,1433600
1993-08-03,0.4296880066394806,0.4296880066394806,0.4179689884185791,0.4296880066394806,0.32306984066963196,2441600
1993-08-04,0.4296880066394806,0.4296880066394806,0.4179689884185791,0.4179689884185791,0.314258873462677,1561600
1993-08-05,0.4179689884185791,0.421875,0.4101560115814209,0.4101560115814209,0.30838456749916077,20297600
1993-08-06,0.4179689884185791,0.4179689884185791,0.4101560115814209,0.4179689884185791,0.314258873462677,17164800
1993-08-09,0.4101560115814209,0.421875,0.4101560115814209,0.4179689884185791,0.314258873462677,19824000
1993-08-10,0.4140630066394806,0.421875,0.40625,0.4140630066394806,0.31132203340530396,17497600
1993-08-11,0.4140630066394806,0.4296880066394806,0.40625,0.4296880066394806,0.32306984066963196,8438400
1993-08-12,0.4296880066394806,0.4453130066394806,0.421875,0.4335939884185791,0.3260066509246826,7328000
1993-08-13,0.4414060115814209,0.453125,0.4335939884185791,0.453125,0.34069159626960754,3097600
1993-08-16,0.4414060115814209,0.4492189884185791,0.4296880066394806,0.4296880066394806,0.32306984066963196,12931200
1993-08-17,0.4375,0.4375,0.4179689884185791,0.421875,0.3171957731246948,15068800
1993-08-18,0.4179689884185791,0.4296880066394806,0.4101560115814209,0.4140630066394806,0.31132203340530396,26198400
1993-08-19,0.4101560115814209,0.4375,0.4101560115814209,0.4296880066394806,0.32306984066963196,39907200
1993-08-20,0.4296880066394806,0.4335939884185791,0.4140630066394806,0.4140630066394806,0.31132203340530396,11488000
1993-08-23,0.421875,0.4257810115814209,0.4140630066394806,0.4179689884185791,0.314258873462677,3411200
1993-08-24,0.4257810115814209,0.4296880066394806,0.4179689884185791,0.4296880066394806,0.32306984066963196,8742400
1993-08-25,0.421875,0.4296880066394806,0.4179689884185791,0.4257810115814209,0.32013261318206787,1958400
1993-08-26,0.4179689884185791,0.4257810115814209,0.4179689884185791,0.4179689884185791,0.314258873462677,2844800
1993-08-27,0.4257810115814209,0.4257810115814209,0.4140630066394806,0.421875,0.3171957731246948,4137600
1993-08-30,0.4179689884185791,0.4335939884185791,0.4179689884185791,0.4335939884185791,0.3260066509246826,2649600
1993-08-31,0.4335939884185791,0.4414060115814209,0.4257810115814209,0.4335939884185791,0.3260066509246826,3270400
1993-09-01,0.4335939884185791,0.4414060115814209,0.4335939884185791,0.4335939884185791,0.3260066509246826,2364800
1993-09-02,0.4335939884185791,0.4375,0.4179689884185791,0.4257810115814209,0.32013261318206787,4400000
1993-09-03,0.4179689884185791,0.4257810115814209,0.4140630066394806,0.4140630066394806,0.31132203340530396,10601600
1993-09-07,0.4140630066394806,0.4296880066394806,0.4140630066394806,0.4296880066394806,0.32306984066963196,3020800
1993-09-08,0.4179689884185791,0.4296880066394806,0.4179689884185791,0.4296880066394806,0.32306984066963196,2086400
1993-09-09,0.4179689884185791,0.4296880066394806,0.4179689884185791,0.4179689884185791,0.314258873462677,7129600
1993-09-10,0.4296880066394806,0.4296880066394806,0.4179689884185791,0.4296880066394806,0.32306984066963196,1292800
1993-09-13,0.4296880066394806,0.4296880066394806,0.421875,0.4296880066394806,0.32306984066963196,1721600
1993-09-14,0.421875,0.4296880066394806,0.421875,0.421875,0.3171957731246948,4352000
1993-09-15,0.421875,0.4296880066394806,0.4179689884185791,0.4257810115814209,0.32013261318206787,2608000
1993-09-16,0.4179689884185791,0.4257810115814209,0.4179689884185791,0.4179689884185791,0.314258873462677,5404800
1993-09-17,0.4257810115814209,0.4257810115814209,0.4140630066394806,0.4257810115814209,0.32013261318206787,3145600
1993-09-20,0.4140630066394806,0.4257810115814209,0.4140630066394806,0.4257810115814209,0.32013261318206787,710400
1993-09-21,0.4140630066394806,0.4335939884185791,0.4140630066394806,0.421875,0.3171957731246948,7795200
1993-09-22,0.4257810115814209,0.4609380066394806,0.4257810115814209,0.4492189884185791,0.3377547264099121,5433600
1993-09-23,0.453125,0.4609380066394806,0.4492189884185791,0.4609380066394806,0.34656596183776855,12086400
1993-09-24,0.4648439884185791,0.4726560115814209,0.4570310115814209,0.4648439884185791,0.3495028018951416,5920000
1993-09-27,0.46875,0.46875,0.4492189884185791,0.453125,0.34069159626960754,10310400
1993-09-28,0.453125,0.4570310115814209,0.4335939884185791,0.4414060115814209,0.3318804204463959,11644800
1993-09-29,0.4453130066394806,0.4492189884185791,0.4257810115814209,0.4296880066394806,0.32306984066963196,7459200
1993-09-30,0.421875,0.4453130066394806,0.421875,0.4335939884185791,0.3260066509246826,13161600
1993-10-01,0.4375,0.4453130066394806,0.4335939884185791,0.4375,0.32894352078437805,9606400
1993-10-04,0.4453130066394806,0.4453130066394806,0.4335939884185791,0.4375,0.32894352078437805,6422400
1993-10-05,0.4414060115814209,0.4414060115814209,0.4257810115814209,0.4296880066394806,0.32306984066963196,6476800
1993-10-06,0.4375,0.4492189884185791,0.4296880066394806,0.4414060115814209,0.3318804204463959,10179200
1993-10-07,0.4335939884185791,0.4453130066394806,0.4296880066394806,0.4414060115814209,0.3318804204463959,14720000
1993-10-08,0.4453130066394806,0.4453130066394806,0.4257810115814209,0.4375,0.32894352078437805,6416000
1993-10-11,0.4257810115814209,0.4453130066394806,0.4257810115814209,0.4414060115814209,0.3318804204463959,4025600
1993-10-12,0.4453130066394806,0.4453130066394806,0.4257810115814209,0.4257810115814209,0.32013261318206787,15782400
1993-10-13,0.4335939884185791,0.4335939884185791,0.4257810115814209,0.4335939884185791,0.3260066509246826,8195200
1993-10-14,0.4335939884185791,0.4414060115814209,0.4296880066394806,0.4414060115814209,0.3318804204463959,10732800
1993-10-15,0.4414060115814209,0.4414060115814209,0.4335939884185791,0.4375,0.32894352078437805,10624000
1993-10-18,0.4335939884185791,0.4453130066394806,0.4335939884185791,0.4453130066394806,0.3348179757595062,2643200
1993-10-19,0.4414060115814209,0.4453130066394806,0.4375,0.4453130066394806,0.3348179757595062,5190400
1993-10-20,0.4453130066394806,0.4453130066394806,0.4375,0.4414060115814209,0.3318804204463959,4697600
1993-10-21,0.4375,0.4453130066394806,0.4375,0.4453130066394806,0.3348179757595062,2969600
1993-10-22,0.4453130066394806,0.4492189884185791,0.4335939884185791,0.4453130066394806,0.3348179757595062,5318400
1993-10-25,0.4492189884185791,0.4609380066394806,0.4414060115814209,0.453125,0.34069159626960754,5305600
1993-10-26,0.4492189884185791,0.4648439884185791,0.4492189884185791,0.4570310115814209,0.34362828731536865,13990400
1993-10-27,0.4609380066394806,0.46875,0.453125,0.4648439884185791,0.3495028018951416,19731200
1993-10-28,0.4648439884185791,0.4921880066394806,0.4609380066394806,0.484375,0.3641875684261322,12880000
1993-10-29,0.4921880066394806,0.4960939884185791,0.4804689884185791,0.4882810115814209,0.3671243190765381,9824000
1993-11-01,0.4921880066394806,0.5,0.484375,0.4960939884185791,0.37299874424934387,10768000
1993-11-02,0.4960939884185791,0.4960939884185791,0.484375,0.4921880066394806,0.370061993598938,9171200
1993-11-03,0.4960939884185791,0.4960939884185791,0.484375,0.4960939884185791,0.37299874424934387,8518400
1993-11-04,0.4882810115814209,0.5351560115814209,0.484375,0.53125,0.3994314670562744,24588800
1993-11-05,0.5195310115814209,0.5351560115814209,0.5078129768371582,0.5351560115814209,0.4023682475090027,8976000
1993-11-08,0.5390629768371582,0.5507810115814209,0.53125,0.5507810115814209,0.41411611437797546,5491200
1993-11-09,0.5546879768371582,0.5585939884185791,0.5195310115814209,0.5234379768371582,0.39355796575546265,14355200
1993-11-10,0.5234379768371582,0.5390629768371582,0.5234379768371582,0.53125,0.3994314670562744,8361600
1993-11-11,0.5429689884185791,0.5429689884185791,0.5351560115814209,0.5429689884185791,0.40824252367019653,4416000
1993-11-12,0.5429689884185791,0.5429689884185791,0.5234379768371582,0.53125,0.3994314670562744,6009600
1993-11-15,0.5351560115814209,0.5507810115814209,0.5273439884185791,0.5507810115814209,0.41411611437797546,10672000
1993-11-16,0.5429689884185791,0.5507810115814209,0.5429689884185791,0.5429689884185791,0.40824252367019653,4566400
1993-11-17,0.546875,0.546875,0.5195310115814209,0.5273439884185791,0.39649465680122375,7379200
1993-11-18,0.5234379768371582,0.5234379768371582,0.5039060115814209,0.5039060115814209,0.37887248396873474,15955200
1993-11-19,0.5117189884185791,0.5117189884185791,0.5,0.5117189884185791,0.38474658131599426,9049600
1993-11-22,0.5039060115814209,0.5117189884185791,0.5039060115814209,0.5039060115814209,0.37887248396873474,6051200
1993-11-23,0.5078129768371582,0.5507810115814209,0.5039060115814209,0.5507810115814209,0.41411611437797546,11920000
1993-11-24,0.5390629768371582,0.5507810115814209,0.5390629768371582,0.5507810115814209,0.41411611437797546,18294400
1993-11-26,0.546875,0.5546879768371582,0.5390629768371582,0.546875,0.4111792743206024,1139200
1993-11-29,0.5507810115814209,0.5664060115814209,0.5429689884185791,0.5625,0.42292752861976624,7568000
1993-11-30,0.5585939884185791,0.5742189884185791,0.5507810115814209,0.5585939884185791,0.4199906587600708,10969600
1993-12-01,0.5625,0.5625,0.5507810115814209,0.5507810115814209,0.41411611437797546,3414400
1993-12-02,0.546875,0.5507810115814209,0.5390629768371582,0.5507810115814209,0.41411611437797546,16656000
1993-12-03,0.5429689884185791,0.5585939884185791,0.5429689884185791,0.5507810115814209,0.41411611437797546,6377600
1993-12-06,0.5585939884185791,0.5585939884185791,0.5507810115814209,0.5507810115814209,0.41411611437797546,3872000
1993-12-07,0.5585939884185791,0.5585939884185791,0.5507810115814209,0.5585939884185791,0.4199906587600708,8006400
1993-12-08,0.5546879768371582,0.5585939884185791,0.5429689884185791,0.5429689884185791,0.40824252367019653,5561600
1993-12-09,0.5429689884185791,0.5507810115814209,0.5273439884185791,0.5351560115814209,0.4023682475090027,6396800
1993-12-10,0.5273439884185791,0.5351560115814209,0.5117189884185791,0.5234379768371582,0.39355796575546265,5462400
1993-12-13,0.5195310115814209,0.53125,0.5195310115814209,0.5234379768371582,0.39355796575546265,2028800
1993-12-14,0.5195310115814209,0.53125,0.5195310115814209,0.53125,0.3994314670562744,1984000
1993-12-15,0.5195310115814209,0.5390629768371582,0.5195310115814209,0.5351560115814209,0.4023682475090027,2665600
1993-12-16,0.5351560115814209,0.5429689884185791,0.5195310115814209,0.5273439884185791,0.39649465680122375,3180800
1993-12-17,0.5273439884185791,0.53125,0.5039060115814209,0.5117189884185791,0.38474658131599426,4784000
1993-12-20,0.5039060115814209,0.5234379768371582,0.5039060115814209,0.5234379768371582,0.39355796575546265,3324800
1993-12-21,0.4414060115814209,0.4414060115814209,0.3984380066394806,0.4101560115814209,0.30838456749916077,86640000
1993-12-22,0.40625,0.4296880066394806,0.40625,0.4257810115814209,0.32013261318206787,18163200
1993-12-23,0.4296880066394806,0.4375,0.4140630066394806,0.421875,0.3171957731246948,6467200
1993-12-27,0.4257810115814209,0.4257810115814209,0.4140630066394806,0.4179689884185791,0.314258873462677,4608000
1993-12-28,0.421875,0.421875,0.40625,0.4179689884185791,0.314258873462677,6777600
1993-12-29,0.4179689884185791,0.4179689884185791,0.4023439884185791,0.4023439884185791,0.30251073837280273,10297600
1993-12-30,0.40625,0.4140630066394806,0.40625,0.40625,0.30544763803482056,8985600
1993-12-31,0.4140630066394806,0.4140630066394806,0.40625,0.40625,0.30544763803482056,9350400
1994-01-03,0.4140630066394806,0.4140630066394806,0.3984380066394806,0.4101560115814209,0.30838456749916077,4073600
1994-01-04,0.4101560115814209,0.4101560115814209,0.4023439884185791,0.40625,0.30544763803482056,3299200
1994-01-05,0.40625,0.4140630066394806,0.4023439884185791,0.4023439884185791,0.30251073837280273,3846400
1994-01-06,0.40625,0.4101560115814209,0.3945310115814209,0.3984380066394806,0.29957401752471924,6643200
1994-01-07,0.390625,0.4023439884185791,0.3828130066394806,0.3945310115814209,0.2966364622116089,9804800
1994-01-10,0.390625,0.4023439884185791,0.3867189884185791,0.3984380066394806,0.29957401752471924,8739200
1994-01-11,0.4023439884185791,0.4101560115814209,0.390625,0.40625,0.30544763803482056,5500800
1994-01-12,0.4101560115814209,0.4179689884185791,0.4023439884185791,0.4101560115814209,0.30838456749916077,5779200
1994-01-13,0.4179689884185791,0.4257810115814209,0.4101560115814209,0.4179689884185791,0.314258873462677,5308800
1994-01-14,0.4296880066394806,0.4375,0.4179689884185791,0.4296880066394806,0.32306984066963196,7328000
1994-01-17,0.4296880066394806,0.4375,0.4140630066394806,0.4179689884185791,0.314258873462677,7152000
1994-01-18,0.4257810115814209,0.4257810115814209,0.4140630066394806,0.4140630066394806,0.31132203340530396,2051200
1994-01-19,0.4257810115814209,0.4296880066394806,0.4140630066394806,0.4257810115814209,0.32013261318206787,5200000
1994-01-20,0.4257810115814209,0.4375,0.421875,0.421875,0.3171957731246948,5635200
1994-01-21,0.4296880066394806,0.4296880066394806,0.4101560115814209,0.4101560115814209,0.30838456749916077,5212800
1994-01-24,0.4140630066394806,0.4140630066394806,0.4023439884185791,0.4023439884185791,0.30251073837280273,18716800
1994-01-25,0.4101560115814209,0.4101560115814209,0.3984380066394806,0.4023439884185791,0.30251073837280273,13222400
1994-01-26,0.40625,0.40625,0.3984380066394806,0.4023439884185791,0.30251073837280273,10060800
1994-01-27,0.4023439884185791,0.421875,0.3984380066394806,0.4179689884185791,0.314258873462677,6249600
1994-01-28,0.4179689884185791,0.421875,0.4140630066394806,0.4140630066394806,0.31132203340530396,2169600
1994-01-31,0.4140630066394806,0.4257810115814209,0.40625,0.4140630066394806,0.31132203340530396,8656000
1994-02-01,0.4101560115814209,0.4140630066394806,0.40625,0.4140630066394806,0.31132203340530396,8793600
1994-02-02,0.4140630066394806,0.421875,0.4140630066394806,0.4140630066394806,0.31132203340530396,2534400
1994-02-03,0.4296880066394806,0.4453130066394806,0.4296880066394806,0.4414060115814209,0.3318804204463959,18243200
1994-02-04,0.4375,0.4453130066394806,0.4335939884185791,0.4414060115814209,0.3318804204463959,3539200
1994-02-07,0.4375,0.4375,0.421875,0.4257810115814209,0.32013261318206787,4432000
1994-02-08,0.4335939884185791,0.4335939884185791,0.421875,0.4257810115814209,0.32013261318206787,2998400
1994-02-09,0.4257810115814209,0.4375,0.4257810115814209,0.4257810115814209,0.32013261318206787,1728000
1994-02-10,0.4375,0.4375,0.4296880066394806,0.4296880066394806,0.32306984066963196,4848000
1994-02-11,0.4296880066394806,0.4375,0.4296880066394806,0.4335939884185791,0.3260066509246826,1369600
1994-02-14,0.4296880066394806,0.4453130066394806,0.4296880066394806,0.4414060115814209,0.3318804204463959,5494400
1994-02-15,0.4453130066394806,0.4453130066394806,0.4375,0.4375,0.32894352078437805,2672000
1994-02-16,0.4453130066394806,0.4921880066394806,0.4375,0.4882810115814209,0.3671243190765381,16230400
1994-02-17,0.4960939884185791,0.4960939884185791,0.46875,0.46875,0.3524395823478699,8857600
1994-02-18,0.46875,0.4765630066394806,0.4648439884185791,0.46875,0.3524395823478699,4259200
1994-02-22,0.4648439884185791,0.4765630066394806,0.4648439884185791,0.46875,0.3524395823478699,2108800
1994-02-23,0.46875,0.4765630066394806,0.4648439884185791,0.4648439884185791,0.3495028018951416,1740800
1994-02-24,0.4609380066394806,0.46875,0.4492189884185791,0.4570310115814209,0.34362828731536865,6809600
1994-02-25,0.4492189884185791,0.4648439884185791,0.4492189884185791,0.4609380066394806,0.34656596183776855,3046400
1994-02-28,0.4648439884185791,0.4648439884185791,0.453125,0.4570310115814209,0.34362828731536865,4419200
1994-03-01,0.4492189884185791,0.4609380066394806,0.4492189884185791,0.4609380066394806,0.34656596183776855,3971200
1994-03-02,0.4570310115814209,0.4804689884185791,0.4492189884185791,0.4804689884185791,0.36125075817108154,5401600
1994-03-03,0.4765630066394806,0.4921880066394806,0.4765630066394806,0.4882810115814209,0.3671243190765381,12035200
1994-03-04,0.4804689884185791,0.4921880066394806,0.4804689884185791,0.484375,0.3641875684261322,5820800
1994-03-07,0.484375,0.4921880066394806,0.484375,0.4882810115814209,0.36831286549568176,1958400
1994-03-08,0.4921880066394806,0.515625,0.4921880066394806,0.515625,0.3889385759830475,7344000
1994-03-09,0.5078129768371582,0.5195310115814209,0.5039060115814209,0.5078129768371582,0.38304585218429565,4377600
1994-03-10,0.5039060115814209,0.5117189884185791,0.5039060115814209,0.5039060115814209,0.38009899854660034,3817600
1994-03-11,0.5039060115814209,0.5117189884185791,0.5039060115814209,0.5039060115814209,0.38009899854660034,2038400
1994-03-14,0.5039060115814209,0.5117189884185791,0.484375,0.4960939884185791,0.37420618534088135,5878400
1994-03-15,0.5078129768371582,0.5195310115814209,0.4921880066394806,0.4960939884185791,0.37420618534088135,7593600
1994-03-16,0.4921880066394806,0.4921880066394806,0.4804689884185791,0.484375,0.36536654829978943,1699200
1994-03-17,0.4804689884185791,0.4882810115814209,0.46875,0.4765630066394806,0.35947394371032715,9622400
1994-03-18,0.4765630066394806,0.4804689884185791,0.4648439884185791,0.4726560115814209,0.3565269410610199,9958400
1994-03-21,0.4648439884185791,0.4726560115814209,0.4570310115814209,0.4570310115814209,0.34474071860313416,8076800
1994-03-22,0.46875,0.4804689884185791,0.4570310115814209,0.4726560115814209,0.3565269410610199,15785600
1994-03-23,0.4765630066394806,0.4882810115814209,0.4726560115814209,0.484375,0.36536654829978943,5516800
1994-03-24,0.4882810115814209,0.4960939884185791,0.4804689884185791,0.4960939884185791,0.37420618534088135,8854400
1994-03-25,0.4882810115814209,0.5,0.4882810115814209,0.4921880066394806,0.3712599277496338,2051200
1994-03-28,0.5,0.5,0.4921880066394806,0.4921880066394806,0.3712599277496338,3216000
1994-03-29,0.4960939884185791,0.5039060115814209,0.484375,0.484375,0.36536654829978943,4624000
1994-03-30,0.484375,0.4882810115814209,0.4726560115814209,0.4804689884185791,0.3624202311038971,9424000
1994-03-31,0.484375,0.484375,0.46875,0.4765630066394806,0.35947394371032715,7379200
1994-04-04,0.4726560115814209,0.4765630066394806,0.4648439884185791,0.4726560115814209,0.3565269410610199,5046400
1994-04-05,0.484375,0.5078129768371582,0.4804689884185791,0.5039060115814209,0.38009899854660034,5507200
1994-04-06,0.5,0.5273439884185791,0.5,0.5273439884185791,0.3977782428264618,12956800
1994-04-07,0.5273439884185791,0.5546879768371582,0.5273439884185791,0.546875,0.41251036524772644,28108800
1994-04-08,0.5390629768371582,0.5507810115814209,0.5390629768371582,0.546875,0.41251036524772644,15843200
1994-04-11,0.546875,0.546875,0.53125,0.5332030057907104,0.40219780802726746,11315200
1994-04-12,0.53125,0.5507810115814209,0.53125,0.5429689884185791,0.4095643162727356,5497600
1994-04-13,0.5429689884185791,0.5546879768371582,0.5234379768371582,0.53125,0.4007245898246765,11065600
1994-04-14,0.5273439884185791,0.53125,0.515625,0.5234379768371582,0.3948318362236023,2633600
1994-04-15,0.515625,0.5390629768371582,0.515625,0.53125,0.4007245898246765,5289600
1994-04-18,0.5273439884185791,0.5429689884185791,0.5273439884185791,0.53125,0.4007245898246765,2272000
1994-04-19,0.53125,0.5429689884185791,0.515625,0.515625,0.3889385759830475,16409600
1994-04-20,0.515625,0.5195310115814209,0.4804689884185791,0.5,0.3771524131298065,12425600
1994-04-21,0.4960939884185791,0.5078129768371582,0.4960939884185791,0.5,0.3771524131298065,5987200
1994-04-22,0.5,0.5078129768371582,0.49414101243019104,0.4960939884185791,0.37420618534088135,6956800
1994-04-25,0.4921880066394806,0.5,0.4765630066394806,0.4765630066394806,0.35947394371032715,3155200
1994-04-26,0.4765630066394806,0.5,0.4765630066394806,0.5,0.3771524131298065,3136000
1994-04-28,0.4960939884185791,0.5,0.4960939884185791,0.5,0.3771524131298065,3865600
1994-04-29,0.5,0.5273439884185791,0.5,0.5273439884185791,0.3977782428264618,13558400
1994-05-02,0.5273439884185791,0.5351560115814209,0.5273439884185791,0.53125,0.4007245898246765,7593600
1994-05-03,0.53125,0.5351560115814209,0.53125,0.53125,0.4007245898246765,4496000
1994-05-04,0.53125,0.5351560115814209,0.5,0.5,0.3771524131298065,6140800
1994-05-05,0.4921880066394806,0.5,0.4726560115814209,0.47460898756980896,0.3579998314380646,4764800
1994-05-06,0.4648439884185791,0.4804689884185791,0.453125,0.4570310115814209,0.34474071860313416,6608000
1994-05-09,0.4570310115814209,0.4570310115814209,0.4414060115814209,0.4492189884185791,0.33884817361831665,2851200
1994-05-10,0.4570310115814209,0.46875,0.4453130066394806,0.4648439884185791,0.35063421726226807,9811200
1994-05-11,0.4726560115814209,0.4765630066394806,0.4648439884185791,0.46875,0.3535803556442261,7200000
1994-05-12,0.46875,0.4765630066394806,0.4648439884185791,0.46875,0.3535803556442261,14246400
1994-05-13,0.4648439884185791,0.46875,0.4609380066394806,0.4648439884185791,0.35063421726226807,4342400
1994-05-16,0.4765630066394806,0.4765630066394806,0.4335939884185791,0.4335939884185791,0.32706212997436523,6672000
1994-05-17,0.4335939884185791,0.4453130066394806,0.4335939884185791,0.4453130066394806,0.3359018862247467,11241600
1994-05-18,0.4414060115814209,0.4492189884185791,0.4335939884185791,0.4414060115814209,0.3329547047615051,4035200
1994-05-19,0.4335939884185791,0.4414060115814209,0.4335939884185791,0.4335939884185791,0.32706212997436523,5673600
1994-05-20,0.4414060115814209,0.4414060115814209,0.4296880066394806,0.4375,0.3300085663795471,6310400
1994-05-23,0.4375,0.4375,0.4257810115814209,0.4335939884185791,0.32706212997436523,3798400
1994-05-24,0.4296880066394806,0.4296880066394806,0.421875,0.421875,0.31822240352630615,3356800
1994-05-25,0.421875,0.4296880066394806,0.40820300579071045,0.4140630066394806,0.3123299777507782,9539200
1994-05-26,0.4140630066394806,0.4179689884185791,0.4101560115814209,0.4140630066394806,0.3123299777507782,10339200
1994-05-27,0.4140630066394806,0.4179689884185791,0.4101560115814209,0.41650399565696716,0.31417116522789,2156800
1994-05-31,0.4179689884185791,0.4179689884185791,0.4101560115814209,0.4179689884185791,0.31527620553970337,13260800
1994-06-01,0.421875,0.4257810115814209,0.4101560115814209,0.4257810115814209,0.3211688697338104,4560000
1994-06-02,0.4257810115814209,0.4414060115814209,0.4140630066394806,0.4335939884185791,0.32706212997436523,7132800
1994-06-03,0.4375,0.4414060115814209,0.4296880066394806,0.4414060115814209,0.3329547047615051,5952000
1994-06-06,0.4414060115814209,0.4414060115814209,0.4335939884185791,0.4414060115814209,0.3329547047615051,1644800
1994-06-07,0.4335939884185791,0.4414060115814209,0.4335939884185791,0.4335939884185791,0.32706212997436523,3772800
1994-06-08,0.4414060115814209,0.4414060115814209,0.4335939884185791,0.4335939884185791,0.32706212997436523,1686400
1994-06-09,0.4335939884185791,0.4414060115814209,0.4335939884185791,0.4375,0.3300085663795471,998400
1994-06-10,0.4414060115814209,0.4414060115814209,0.4335939884185791,0.43554699420928955,0.3285351097583771,2176000
1994-06-13,0.43554699420928955,0.4414060115814209,0.4335939884185791,0.4375,0.3300085663795471,2019200
1994-06-14,0.4414060115814209,0.453125,0.4375,0.4453130066394806,0.33710604906082153,1926400
1994-06-15,0.4453130066394806,0.4570310115814209,0.4453130066394806,0.45507800579071045,0.34449851512908936,1542400
1994-06-16,0.4570310115814209,0.4570310115814209,0.4453130066394806,0.4453130066394806,0.33710604906082153,892800
1994-06-17,0.4453130066394806,0.4570310115814209,0.4375,0.4375,0.3311917185783386,2630400
1994-06-20,0.4335939884185791,0.4375,0.4296880066394806,0.4375,0.3311917185783386,1555200
1994-06-21,0.4375,0.4375,0.4179689884185791,0.4179689884185791,0.3164066672325134,6739200
1994-06-22,0.421875,0.4335939884185791,0.4179689884185791,0.42773398756980896,0.3237987756729126,10950400
1994-06-23,0.4335939884185791,0.4335939884185791,0.4257810115814209,0.43164101243019104,0.32675641775131226,11372800
1994-06-24,0.4296880066394806,0.4335939884185791,0.421875,0.4257810115814209,0.32232043147087097,3136000
1994-06-27,0.421875,0.4335939884185791,0.421875,0.4335939884185791,0.32823485136032104,3836800
1994-06-28,0.4296880066394806,0.4414060115814209,0.4296880066394806,0.4414060115814209,0.3341485857963562,3174400
1994-06-29,0.4375,0.4570310115814209,0.4375,0.4492189884185791,0.3400629758834839,2841600
1994-06-30,0.4570310115814209,0.4570310115814209,0.4492189884185791,0.4570310115814209,0.3459768295288086,2137600
1994-07-01,0.4492189884185791,0.4570310115814209,0.4492189884185791,0.4570310115814209,0.3459768295288086,537600
1994-07-05,0.4492189884185791,0.4726560115814209,0.4492189884185791,0.4726560115814209,0.3578050434589386,2393600
1994-07-06,0.4765630066394806,0.484375,0.46875,0.4765630066394806,0.36076268553733826,3507200
1994-07-07,0.484375,0.4960939884185791,0.47460898756980896,0.484375,0.3666764497756958,7692800
1994-07-08,0.4765630066394806,0.4882810115814209,0.4726560115814209,0.4765630066394806,0.36076268553733826,3750400
1994-07-11,0.4726560115814209,0.4804689884185791,0.4570310115814209,0.4570310115814209,0.3459768295288086,2720000
1994-07-12,0.4609380066394806,0.4726560115814209,0.4570310115814209,0.4648439884185791,0.3518913686275482,553600
1994-07-13,0.4648439884185791,0.4726560115814209,0.4648439884185791,0.46875,0.3548484146595001,816000
1994-07-14,0.4648439884185791,0.48632800579071045,0.4648439884185791,0.484375,0.3666764497756958,6972800
1994-07-15,0.4765630066394806,0.484375,0.4765630066394806,0.484375,0.3666764497756958,4828800
1994-07-18,0.484375,0.484375,0.4765630066394806,0.484375,0.3666764497756958,2512000
1994-07-19,0.484375,0.484375,0.46875,0.46875,0.3548484146595001,1769600
1994-07-20,0.4648439884185791,0.4726560115814209,0.4609380066394806,0.46875,0.3548484146595001,2233600
1994-07-21,0.4726560115814209,0.4726560115814209,0.4648439884185791,0.4648439884185791,0.3518913686275482,2518400
1994-07-22,0.4726560115814209,0.4726560115814209,0.4648439884185791,0.4726560115814209,0.3578050434589386,2720000
1994-07-25,0.46875,0.4726560115814209,0.46875,0.46875,0.3548484146595001,384000
1994-07-26,0.46875,0.4726560115814209,0.46875,0.46875,0.3548484146595001,3497600
1994-07-27,0.46875,0.4726560115814209,0.46875,0.46875,0.3548484146595001,5027200
1994-07-28,0.46875,0.4726560115814209,0.46875,0.46875,0.3548484146595001,2451200
1994-07-29,0.46875,0.4726560115814209,0.46875,0.4726560115814209,0.3578050434589386,1872000
1994-08-01,0.46875,0.4726560115814209,0.46875,0.46875,0.3548484146595001,1254400
1994-08-02,0.46875,0.4726560115814209,0.46875,0.46875,0.3548484146595001,2358400
1994-08-03,0.4648439884185791,0.4726560115814209,0.4648439884185791,0.4648439884185791,0.3518913686275482,950400
1994-08-04,0.4765630066394806,0.4804689884185791,0.4726560115814209,0.4726560115814209,0.3578050434589386,1328000
1994-08-05,0.46875,0.46875,0.4648439884185791,0.4648439884185791,0.3518913686275482,467200
1994-08-08,0.4648439884185791,0.4804689884185791,0.4648439884185791,0.4804689884185791,0.363719642162323,1840000
1994-08-09,0.4804689884185791,0.4804689884185791,0.4726560115814209,0.4726560115814209,0.3578050434589386,1059200
1994-08-10,0.4804689884185791,0.4960939884185791,0.4765630066394806,0.49023398756980896,0.3711118996143341,3238400
1994-08-11,0.484375,0.4960939884185791,0.4726560115814209,0.4726560115814209,0.3578050434589386,2003200
1994-08-12,0.4726560115814209,0.4960939884185791,0.4726560115814209,0.4960939884185791,0.375547856092453,4790400
1994-08-15,0.5,0.5078129768371582,0.484375,0.4921880066394806,0.3725910782814026,6934400
1994-08-16,0.4960939884185791,0.4960939884185791,0.484375,0.4882810115814209,0.36963343620300293,1168000
1994-08-17,0.4882810115814209,0.49804699420928955,0.484375,0.4921880066394806,0.3725910782814026,2528000
1994-08-18,0.4921880066394806,0.5039060115814209,0.4921880066394806,0.5019530057907104,0.37998318672180176,7286400
1994-08-19,0.5039060115814209,0.5039060115814209,0.4882810115814209,0.4960939884185791,0.375547856092453,3411200
1994-08-22,0.5,0.5,0.4882810115814209,0.4960939884185791,0.375547856092453,2886400
1994-08-23,0.4960939884185791,0.5,0.4921880066394806,0.4960939884185791,0.375547856092453,1561600
1994-08-24,0.5,0.5039060115814209,0.4921880066394806,0.5019530057907104,0.37998318672180176,2595200
1994-08-25,0.5039060115814209,0.5039060115814209,0.4921880066394806,0.4921880066394806,0.3725910782814026,2822400
1994-08-26,0.5,0.5078129768371582,0.4960939884185791,0.5039060115814209,0.38146182894706726,4563200
1994-08-29,0.4960939884185791,0.5117189884185791,0.4960939884185791,0.5078129768371582,0.38441935181617737,2115200
1994-08-30,0.5,0.5117189884185791,0.5,0.5117189884185791,0.38737618923187256,2512000
1994-08-31,0.5039060115814209,0.5117189884185791,0.5039060115814209,0.5078129768371582,0.38441935181617737,1788800
1994-09-01,0.4960939884185791,0.5,0.4804689884185791,0.484375,0.3666764497756958,9155200
1994-09-02,0.484375,0.4960939884185791,0.484375,0.4921880066394806,0.3737972676753998,1564800
1994-09-06,0.4804689884185791,0.5,0.4804689884185791,0.4960939884185791,0.3767636716365814,1945600
1994-09-07,0.4960939884185791,0.5,0.4882810115814209,0.4921880066394806,0.3737972676753998,4800000
1994-09-08,0.4960939884185791,0.4960939884185791,0.4921880066394806,0.4960939884185791,0.3767636716365814,3267200
1994-09-09,0.4921880066394806,0.5039060115814209,0.4921880066394806,0.5,0.3797300457954407,10342400
1994-09-12,0.4960939884185791,0.5078129768371582,0.4960939884185791,0.5,0.3797300457954407,6947200
1994-09-13,0.5078129768371582,0.53125,0.5,0.53125,0.40346309542655945,8118400
1994-09-14,0.53125,0.53125,0.5078129768371582,0.515625,0.3915967047214508,3280000
1994-09-15,0.5078129768371582,0.515625,0.5039060115814209,0.5078129768371582,0.38566380739212036,988800
1994-09-16,0.5039060115814209,0.515625,0.5039060115814209,0.515625,0.3915967047214508,761600
1994-09-19,0.515625,0.515625,0.5,0.5,0.3797300457954407,5737600
1994-09-20,0.5,0.5078129768371582,0.4882810115814209,0.4960939884185791,0.3767636716365814,5500800
1994-09-21,0.4882810115814209,0.5,0.4648439884185791,0.4726560115814209,0.3589634299278259,4710400
1994-09-22,0.4726560115814209,0.4765630066394806,0.4648439884185791,0.46875,0.35599690675735474,7404800
1994-09-23,0.46875,0.4804689884185791,0.46875,0.4804689884185791,0.3648970127105713,1616000
1994-09-26,0.46875,0.4726560115814209,0.4648439884185791,0.47070300579071045,0.3574802577495575,2659200
1994-09-27,0.46875,0.4726560115814209,0.46875,0.4726560115814209,0.3589634299278259,422400
1994-09-28,0.4765630066394806,0.4765630066394806,0.46875,0.4765630066394806,0.3619306981563568,400000
1994-09-29,0.4804689884185791,0.4804689884185791,0.46875,0.4765630066394806,0.3619306981563568,771200
1994-09-30,0.4726560115814209,0.4726560115814209,0.4570310115814209,0.4570310115814209,0.34709692001342773,2499200
1994-10-03,0.4570310115814209,0.46875,0.453125,0.4609380066394806,0.35006409883499146,3536000
1994-10-04,0.4609380066394806,0.46875,0.45898398756980896,0.45898398756980896,0.34858015179634094,6368000
1994-10-05,0.4648439884185791,0.4648439884185791,0.4570310115814209,0.4570310115814209,0.34709692001342773,1324800
1994-10-06,0.4570310115814209,0.4609380066394806,0.421875,0.4335939884185791,0.3292973041534424,14051200
1994-10-07,0.4296880066394806,0.4453130066394806,0.4296880066394806,0.4414060115814209,0.33523029088974,2556800
1994-10-10,0.4375,0.4609380066394806,0.4375,0.453125,0.3441304862499237,2537600
1994-10-11,0.453125,0.46875,0.453125,0.45507800579071045,0.3456137180328369,3699200
1994-10-12,0.453125,0.4609380066394806,0.453125,0.4570310115814209,0.34709692001342773,1385600
1994-10-13,0.4648439884185791,0.46875,0.453125,0.4648439884185791,0.3530304431915283,2835200
1994-10-14,0.4609380066394806,0.4726560115814209,0.4609380066394806,0.47070300579071045,0.3574802577495575,15059200
1994-10-17,0.46875,0.4726560115814209,0.4609380066394806,0.46875,0.35599690675735474,2364800
1994-10-18,0.4609380066394806,0.4726560115814209,0.4609380066394806,0.46875,0.35599690675735474,1164800
1994-10-19,0.46875,0.46875,0.4492189884185791,0.45117199420928955,0.3426472544670105,3110400
1994-10-20,0.4570310115814209,0.4570310115814209,0.4453130066394806,0.453125,0.3441304862499237,1238400
1994-10-21,0.4453130066394806,0.453125,0.4414060115814209,0.4492189884185791,0.34116387367248535,2310400
1994-10-24,0.4453130066394806,0.4492189884185791,0.4414060115814209,0.4492189884185791,0.34116387367248535,2396800
1994-10-25,0.4375,0.4570310115814209,0.4375,0.453125,0.3441304862499237,2364800
1994-10-26,0.453125,0.4570310115814209,0.4375,0.43945300579071045,0.33374711871147156,3750400
1994-10-27,0.4453130066394806,0.4492189884185791,0.4375,0.4414060115814209,0.33523029088974,3129600
1994-10-28,0.4453130066394806,0.4570310115814209,0.4375,0.4414060115814209,0.33523029088974,1872000
1994-10-31,0.4492189884185791,0.4492189884185791,0.4335939884185791,0.4335939884185791,0.3292973041534424,2822400
1994-11-01,0.4414060115814209,0.4414060115814209,0.4296880066394806,0.4375,0.3322637975215912,1625600
1994-11-02,0.4492189884185791,0.453125,0.4414060115814209,0.4492189884185791,0.34116387367248535,7033600
1994-11-03,0.4492189884185791,0.4492189884185791,0.4335939884185791,0.4414060115814209,0.33523029088974,5366400
1994-11-04,0.4335939884185791,0.4414060115814209,0.4335939884185791,0.4414060115814209,0.33523029088974,6928000
1994-11-07,0.4375,0.4453130066394806,0.4296880066394806,0.4375,0.3322637975215912,3072000
1994-11-08,0.4335939884185791,0.4453130066394806,0.4335939884185791,0.4375,0.3322637975215912,7724800
1994-11-09,0.4414060115814209,0.4492189884185791,0.4414060115814209,0.4453130066394806,0.3381974995136261,5510400
1994-11-10,0.4492189884185791,0.453125,0.4453130066394806,0.4453130066394806,0.3381974995136261,6329600
1994-11-11,0.4414060115814209,0.453125,0.4296880066394806,0.4296880066394806,0.32633092999458313,3840000
1994-11-14,0.4335939884185791,0.4375,0.4257810115814209,0.4296880066394806,0.32633092999458313,3395200
1994-11-15,0.43164101243019104,0.4375,0.4179689884185791,0.4296880066394806,0.32633092999458313,3628800
1994-11-16,0.421875,0.4296880066394806,0.421875,0.421875,0.3203972578048706,1619200
1994-11-17,0.421875,0.4296880066394806,0.4179689884185791,0.4179689884185791,0.3174307942390442,1222400
1994-11-18,0.4179689884185791,0.4257810115814209,0.4179689884185791,0.42382800579071045,0.3218805193901062,6214400
1994-11-21,0.4179689884185791,0.4296880066394806,0.4179689884185791,0.4179689884185791,0.3174307942390442,2640000
1994-11-22,0.421875,0.4257810115814209,0.4140630066394806,0.4257810115814209,0.3233637809753418,1993600
1994-11-23,0.4179689884185791,0.4179689884185791,0.40625,0.4179689884185791,0.3174307942390442,4921600
1994-11-25,0.4179689884185791,0.4179689884185791,0.40625,0.4101560115814209,0.31149721145629883,3187200
1994-11-28,0.4179689884185791,0.421875,0.4101560115814209,0.421875,0.3203972578048706,5737600
1994-11-29,0.421875,0.421875,0.4140630066394806,0.4140630066394806,0.3144643008708954,3139200
1994-11-30,0.4140630066394806,0.4296880066394806,0.4140630066394806,0.4296880066394806,0.32633092999458313,1584000
1994-12-01,0.4296880066394806,0.4296880066394806,0.4140630066394806,0.4179689884185791,0.3174307942390442,3929600
1994-12-02,0.4179689884185791,0.4257810115814209,0.4179689884185791,0.4257810115814209,0.3233637809753418,2617600
1994-12-05,0.4257810115814209,0.4257810115814209,0.4140630066394806,0.4179689884185791,0.31860044598579407,3292800
1994-12-06,0.4140630066394806,0.4179689884185791,0.4101560115814209,0.4101560115814209,0.3126450479030609,1379200
1994-12-07,0.40625,0.4140630066394806,0.4023439884185791,0.4023439884185791,0.30668994784355164,652800
1994-12-08,0.4023439884185791,0.40625,0.3789060115814209,0.3867189884185791,0.29477977752685547,6163200
1994-12-09,0.3789060115814209,0.3867189884185791,0.3789060115814209,0.3828130066394806,0.29180243611335754,2854400
1994-12-12,0.3867189884185791,0.3867189884185791,0.3671880066394806,0.3710939884185791,0.28286951780319214,5852800
1994-12-13,0.375,0.3828130066394806,0.3671880066394806,0.3828130066394806,0.29180243611335754,3929600
1994-12-14,0.3828130066394806,0.390625,0.375,0.390625,0.2977573275566101,1894400
1994-12-15,0.390625,0.390625,0.3789060115814209,0.3867189884185791,0.29477977752685547,2179200
1994-12-16,0.3710939884185791,0.3710939884185791,0.3359380066394806,0.3359380066394806,0.2560715675354004,11065600
1994-12-19,0.34375,0.3554689884185791,0.3359380066394806,0.3476560115814209,0.26500365138053894,5216000
1994-12-20,0.3554689884185791,0.3554689884185791,0.3359380066394806,0.3398439884185791,0.2590489983558655,3360000
1994-12-21,0.3359380066394806,0.3554689884185791,0.3359380066394806,0.3554689884185791,0.2709592580795288,4220800
1994-12-22,0.3554689884185791,0.3554689884185791,0.3398439884185791,0.3476560115814209,0.26500365138053894,4169600
1994-12-23,0.3515630066394806,0.3554689884185791,0.34375,0.3515630066394806,0.26798176765441895,4326400
1994-12-27,0.3554689884185791,0.3554689884185791,0.34375,0.34375,0.2620263695716858,5724800
1994-12-28,0.3515630066394806,0.3515630066394806,0.3398439884185791,0.34375,0.2620263695716858,3856000
1994-12-29,0.3476560115814209,0.359375,0.3398439884185791,0.3515630066394806,0.26798176765441895,7331200
1994-12-30,0.3515630066394806,0.359375,0.3476560115814209,0.3515630066394806,0.26798176765441895,6361600
1995-01-03,0.3515630066394806,0.3515630066394806,0.328125,0.328125,0.25011593103408813,7392000
1995-01-04,0.3359380066394806,0.3476560115814209,0.328125,0.3476560115814209,0.26500365138053894,4380800
1995-01-05,0.34375,0.3671880066394806,0.34375,0.3554689884185791,0.2709592580795288,5977600
1995-01-06,0.3554689884185791,0.3632810115814209,0.3398439884185791,0.3398439884185791,0.2590489983558655,6220800
1995-01-09,0.3398439884185791,0.34375,0.328125,0.328125,0.25011593103408813,12531200
1995-01-10,0.3320310115814209,0.3398439884185791,0.3242189884185791,0.33007800579071045,0.2516046166419983,12800000
1995-01-11,0.3320310115814209,0.3398439884185791,0.328125,0.328125,0.25011593103408813,7244800
1995-01-12,0.328125,0.3359380066394806,0.3242189884185791,0.328125,0.25011593103408813,9094400
1995-01-13,0.3242189884185791,0.3320310115814209,0.3242189884185791,0.328125,0.25011593103408813,12704000
1995-01-16,0.3242189884185791,0.3359380066394806,0.3242189884185791,0.32617199420928955,0.24862752854824066,6854400
1995-01-17,0.3242189884185791,0.3398439884185791,0.3242189884185791,0.3398439884185791,0.2590489983558655,5129600
1995-01-18,0.3359380066394806,0.34375,0.328125,0.328125,0.25011593103408813,7612800
1995-01-19,0.32617199420928955,0.3359380066394806,0.32617199420928955,0.3320310115814209,0.2530933618545532,2758400
1995-01-20,0.328125,0.3359380066394806,0.3242189884185791,0.328125,0.25011593103408813,7196800
1995-01-23,0.3320310115814209,0.3359380066394806,0.328125,0.3359380066394806,0.2560715675354004,1801600
1995-01-24,0.3359380066394806,0.3359380066394806,0.328125,0.3320310115814209,0.2530933618545532,3043200
1995-01-25,0.3320310115814209,0.3320310115814209,0.3242189884185791,0.328125,0.25011593103408813,1033600
1995-01-26,0.3320310115814209,0.3320310115814209,0.3242189884185791,0.3242189884185791,0.24713876843452454,886400
1995-01-27,0.3242189884185791,0.3359380066394806,0.3242189884185791,0.33007800579071045,0.2516046166419983,1084800
1995-01-30,0.3242189884185791,0.3320310115814209,0.3242189884185791,0.3320310115814209,0.2530933618545532,316800
1995-01-31,0.3359380066394806,0.3398439884185791,0.328125,0.3359380066394806,0.2560715675354004,3638400
1995-02-01,0.3359380066394806,0.3359380066394806,0.3242189884185791,0.3359380066394806,0.2560715675354004,499200
1995-02-02,0.3359380066394806,0.3632810115814209,0.3320310115814209,0.3632810115814209,0.2769138813018799,13174400
1995-02-03,0.3632810115814209,0.3828130066394806,0.359375,0.3710939884185791,0.28286951780319214,17801600
1995-02-06,0.3710939884185791,0.3828130066394806,0.359375,0.359375,0.2739366292953491,13388800
1995-02-07,0.359375,0.3671880066394806,0.3515630066394806,0.3632810115814209,0.2769138813018799,7731200
1995-02-08,0.3671880066394806,0.3710939884185791,0.3632810115814209,0.3710939884185791,0.28286951780319214,4963200
1995-02-09,0.3710939884185791,0.375,0.3632810115814209,0.3671880066394806,0.27989229559898376,4656000
1995-02-10,0.375,0.375,0.3671880066394806,0.3710939884185791,0.28286951780319214,2438400
1995-02-13,0.375,0.375,0.3671880066394806,0.37304699420928955,0.2843581438064575,4326400
1995-02-14,0.375,0.375,0.3671880066394806,0.37304699420928955,0.2843581438064575,6080000
1995-02-15,0.375,0.3828130066394806,0.3710939884185791,0.3828130066394806,0.29180243611335754,19836800
1995-02-16,0.3828130066394806,0.3828130066394806,0.3789060115814209,0.38085898756980896,0.2903129458427429,12668800
1995-02-17,0.375,0.3828130066394806,0.3671880066394806,0.375,0.2858467996120453,17299200
1995-02-21,0.3671880066394806,0.3789060115814209,0.3671880066394806,0.37304699420928955,0.2843581438064575,2886400
1995-02-22,0.3789060115814209,0.3789060115814209,0.3710939884185791,0.37304699420928955,0.2843581438064575,6435200
1995-02-23,0.375,0.3789060115814209,0.3554689884185791,0.359375,0.2739366292953491,6617600
1995-02-24,0.3554689884185791,0.3632810115814209,0.3398439884185791,0.3476560115814209,0.26500365138053894,8054400
1995-02-27,0.3476560115814209,0.3671880066394806,0.34375,0.3554689884185791,0.2709592580795288,10947200
1995-02-28,0.359375,0.3671880066394806,0.3515630066394806,0.36523398756980896,0.2784026563167572,2128000
1995-03-01,0.359375,0.3789060115814209,0.359375,0.3710939884185791,0.28286951780319214,6844800
1995-03-02,0.3710939884185791,0.3789060115814209,0.3710939884185791,0.3710939884185791,0.28286951780319214,1472000
1995-03-03,0.3710939884185791,0.3789060115814209,0.3710939884185791,0.3710939884185791,0.28286951780319214,5075200
1995-03-06,0.3789060115814209,0.3789060115814209,0.3671880066394806,0.3789060115814209,0.2902909219264984,364800
1995-03-07,0.3789060115814209,0.3789060115814209,0.3632810115814209,0.3671880066394806,0.2813136875629425,940800
1995-03-08,0.3671880066394806,0.375,0.3671880066394806,0.3671880066394806,0.2813136875629425,2985600
1995-03-09,0.375,0.375,0.3671880066394806,0.36914101243019104,0.28280967473983765,2566400
1995-03-10,0.3671880066394806,0.375,0.3671880066394806,0.3671880066394806,0.2813136875629425,2995200
1995-03-13,0.3671880066394806,0.375,0.3632810115814209,0.3632810115814209,0.27832019329071045,3417600
1995-03-14,0.3632810115814209,0.375,0.3632810115814209,0.375,0.28729838132858276,4528000
1995-03-15,0.3632810115814209,0.3710939884185791,0.359375,0.359375,0.2753277122974396,7158400
1995-03-16,0.359375,0.3710939884185791,0.359375,0.3671880066394806,0.2813136875629425,3161600
1995-03-17,0.3632810115814209,0.36914101243019104,0.359375,0.36523398756980896,0.2798164188861847,10217600
1995-03-20,0.3632810115814209,0.3671880066394806,0.359375,0.359375,0.2753277122974396,4793600
1995-03-21,0.359375,0.3671880066394806,0.359375,0.3632810115814209,0.27832019329071045,2979200
1995-03-22,0.359375,0.3632810115814209,0.3554689884185791,0.3632810115814209,0.27832019329071045,950400
1995-03-23,0.3554689884185791,0.3632810115814209,0.3554689884185791,0.3632810115814209,0.27832019329071045,1052800
1995-03-24,0.3554689884185791,0.36523398756980896,0.3554689884185791,0.359375,0.2753277122974396,3507200
1995-03-27,0.3554689884185791,0.3710939884185791,0.3554689884185791,0.3671880066394806,0.2813136875629425,3724800
1995-03-28,0.3632810115814209,0.3710939884185791,0.3554689884185791,0.3554689884185791,0.2723352313041687,3078400
1995-03-29,0.3671880066394806,0.3671880066394806,0.3398439884185791,0.34570300579071045,0.26485344767570496,3369600
1995-03-30,0.34570300579071045,0.3515630066394806,0.3398439884185791,0.3476560115814209,0.2663494348526001,3510400
1995-03-31,0.34375,0.3476560115814209,0.3359380066394806,0.34375,0.2633570432662964,5910400
1995-04-03,0.3476560115814209,0.3476560115814209,0.3398439884185791,0.34375,0.2633570432662964,473600
1995-04-04,0.3398439884185791,0.3476560115814209,0.3398439884185791,0.34375,0.2633570432662964,5004800
1995-04-05,0.3476560115814209,0.3476560115814209,0.3359380066394806,0.3398439884185791,0.26036447286605835,2310400
1995-04-06,0.3359380066394806,0.3359380066394806,0.328125,0.328125,0.25138619542121887,3913600
1995-04-07,0.328125,0.3359380066394806,0.3242189884185791,0.3242189884185791,0.24839380383491516,12902400
1995-04-10,0.3242189884185791,0.3398439884185791,0.3242189884185791,0.3398439884185791,0.26036447286605835,3520000
1995-04-11,0.34375,0.34375,0.328125,0.3320310115814209,0.25437867641448975,5948800
1995-04-12,0.3320310115814209,0.34375,0.3320310115814209,0.3320310115814209,0.25437867641448975,1520000
1995-04-13,0.3320310115814209,0.3398439884185791,0.328125,0.3359380066394806,0.2573719620704651,3190400
1995-04-17,0.3359380066394806,0.3398439884185791,0.328125,0.3320310115814209,0.25437867641448975,4473600
1995-04-18,0.3320310115814209,0.3359380066394806,0.328125,0.3320310115814209,0.25437867641448975,4979200
1995-04-19,0.328125,0.3359380066394806,0.3242189884185791,0.328125,0.25138619542121887,2896000
1995-04-20,0.3203130066394806,0.3320310115814209,0.3203130066394806,0.3242189884185791,0.24839380383491516,592000
1995-04-21,0.3320310115814209,0.3320310115814209,0.3203130066394806,0.3320310115814209,0.25437867641448975,771200
1995-04-24,0.3242189884185791,0.3320310115814209,0.3164060115814209,0.3203130066394806,0.24540121853351593,2012800
1995-04-25,0.3164060115814209,0.3164060115814209,0.296875,0.3046880066394806,0.2334303855895996,11552000
1995-04-26,0.3085939884185791,0.3085939884185791,0.3007810115814209,0.3007810115814209,0.23043711483478546,3017600
1995-04-27,0.3007810115814209,0.3085939884185791,0.3007810115814209,0.3046880066394806,0.2334303855895996,2742400
1995-04-28,0.3085939884185791,0.3085939884185791,0.3007810115814209,0.3046880066394806,0.2334303855895996,2684800
1995-05-01,0.3007810115814209,0.3125,0.3007810115814209,0.3085939884185791,0.23642291128635406,9008000
1995-05-02,0.3046880066394806,0.3125,0.3007810115814209,0.30664101243019104,0.23492659628391266,5008000
1995-05-03,0.3125,0.3125,0.3046880066394806,0.3085939884185791,0.23642291128635406,2025600
1995-05-04,0.3085939884185791,0.3242189884185791,0.3085939884185791,0.3203130066394806,0.24540121853351593,6934400
1995-05-05,0.3242189884185791,0.3242189884185791,0.3125,0.3242189884185791,0.24839380383491516,2892800
1995-05-08,0.3242189884185791,0.328125,0.3164060115814209,0.32226601243019104,0.24689748883247375,8720000
1995-05-09,0.3203130066394806,0.328125,0.3203130066394806,0.3203130066394806,0.24540121853351593,8976000
1995-05-10,0.3203130066394806,0.3242189884185791,0.3125,0.3203130066394806,0.24540121853351593,5699200
1995-05-11,0.3203130066394806,0.3203130066394806,0.3085939884185791,0.3164060115814209,0.24240794777870178,2966400
1995-05-12,0.3085939884185791,0.3242189884185791,0.3085939884185791,0.3203130066394806,0.24540121853351593,10070400
1995-05-15,0.3164060115814209,0.3242189884185791,0.3164060115814209,0.3203130066394806,0.24540121853351593,26569600
1995-05-16,0.3242189884185791,0.3359380066394806,0.3203130066394806,0.32617199420928955,0.24989013373851776,40918400
1995-05-17,0.3320310115814209,0.3320310115814209,0.3203130066394806,0.328125,0.25138619542121887,17324800
1995-05-18,0.328125,0.328125,0.3164060115814209,0.3242189884185791,0.24839380383491516,7481600
1995-05-19,0.3203130066394806,0.3203130066394806,0.3164060115814209,0.31835898756980896,0.24390417337417603,7564800
1995-05-22,0.3203130066394806,0.3242189884185791,0.3164060115814209,0.3203130066394806,0.24540121853351593,7062400
1995-05-23,0.3242189884185791,0.3398439884185791,0.3203130066394806,0.3320310115814209,0.25437867641448975,22108800
1995-05-24,0.3398439884185791,0.3398439884185791,0.3320310115814209,0.3359380066394806,0.2573719620704651,5046400
1995-05-25,0.3320310115814209,0.3398439884185791,0.3320310115814209,0.3359380066394806,0.2573719620704651,1856000
1995-05-26,0.3398439884185791,0.3398439884185791,0.328125,0.328125,0.25138619542121887,5644800
1995-05-30,0.3320310115814209,0.3359380066394806,0.328125,0.3359380066394806,0.2573719620704651,6332800
1995-05-31,0.3398439884185791,0.3398439884185791,0.3320310115814209,0.3320310115814209,0.25437867641448975,5484800
1995-06-01,0.3320310115814209,0.3515630066394806,0.3320310115814209,0.3476560115814209,0.2663494348526001,4704000
1995-06-02,0.3515630066394806,0.3515630066394806,0.34375,0.34375,0.2633570432662964,2150400
1995-06-05,0.3515630066394806,0.3554689884185791,0.34375,0.3554689884185791,0.2723352313041687,2752000
1995-06-06,0.3476560115814209,0.3632810115814209,0.3476560115814209,0.3632810115814209,0.27979612350463867,5968000
1995-06-07,0.359375,0.3632810115814209,0.3554689884185791,0.3632810115814209,0.27979612350463867,3289600
1995-06-08,0.3632810115814209,0.3671880066394806,0.3554689884185791,0.3671880066394806,0.2828053832054138,12883200
1995-06-09,0.3671880066394806,0.3671880066394806,0.359375,0.3671880066394806,0.2828053832054138,2352000
1995-06-12,0.3671880066394806,0.3671880066394806,0.359375,0.3671880066394806,0.2828053832054138,2486400
1995-06-13,0.3632810115814209,0.3710939884185791,0.3632810115814209,0.3671880066394806,0.2828053832054138,4003200
1995-06-14,0.3710939884185791,0.3710939884185791,0.3632810115814209,0.3671880066394806,0.2828053832054138,2096000
1995-06-15,0.3632810115814209,0.3710939884185791,0.3632810115814209,0.3632810115814209,0.27979612350463867,1436800
1995-06-16,0.3710939884185791,0.375,0.3632810115814209,0.3710939884185791,0.28581368923187256,4054400
1995-06-19,0.375,0.375,0.3632810115814209,0.3671880066394806,0.2828053832054138,2384000
1995-06-20,0.3632810115814209,0.3710939884185791,0.359375,0.3632810115814209,0.27979612350463867,4464000
1995-06-21,0.3554689884185791,0.3632810115814209,0.3515630066394806,0.35742199420928955,0.275283545255661,3504000
1995-06-22,0.3554689884185791,0.359375,0.3554689884185791,0.359375,0.2767876386642456,2211200
1995-06-23,0.359375,0.3632810115814209,0.3515630066394806,0.3554689884185791,0.27377942204475403,2300800
1995-06-26,0.3515630066394806,0.3632810115814209,0.3515630066394806,0.359375,0.2767876386642456,2540800
1995-06-27,0.3632810115814209,0.3632810115814209,0.3515630066394806,0.3515630066394806,0.2707710564136505,1238400
1995-06-28,0.3632810115814209,0.3671880066394806,0.3515630066394806,0.359375,0.2767876386642456,3369600
1995-06-29,0.3632810115814209,0.3671880066394806,0.359375,0.359375,0.2767876386642456,2496000
1995-06-30,0.359375,0.3671880066394806,0.359375,0.3671880066394806,0.2828053832054138,2163200
1995-07-03,0.3671880066394806,0.3671880066394806,0.359375,0.3671880066394806,0.2828053832054138,646400
1995-07-05,0.3710939884185791,0.3828130066394806,0.3632810115814209,0.375,0.28882184624671936,13235200
1995-07-06,0.3789060115814209,0.3789060115814209,0.3710939884185791,0.375,0.28882184624671936,9958400
1995-07-07,0.3710939884185791,0.3789060115814209,0.3671880066394806,0.3671880066394806,0.2828053832054138,4208000
1995-07-10,0.3671880066394806,0.375,0.3671880066394806,0.37304699420928955,0.28731781244277954,1136000
1995-07-11,0.3671880066394806,0.375,0.3671880066394806,0.3710939884185791,0.28581368923187256,1072000
1995-07-12,0.375,0.3789060115814209,0.3710939884185791,0.3710939884185791,0.28581368923187256,9737600
1995-07-13,0.375,0.3789060115814209,0.3710939884185791,0.3710939884185791,0.28581368923187256,9638400
1995-07-14,0.3789060115814209,0.3789060115814209,0.3710939884185791,0.3710939884185791,0.28581368923187256,2988800
1995-07-17,0.3789060115814209,0.3945310115814209,0.3710939884185791,0.39257800579071045,0.30236050486564636,6313600
1995-07-18,0.390625,0.3945310115814209,0.3867189884185791,0.390625,0.30085641145706177,4736000
1995-07-19,0.3945310115814209,0.3945310115814209,0.3867189884185791,0.3945310115814209,0.30386459827423096,2233600
1995-07-20,0.3945310115814209,0.3945310115814209,0.3828130066394806,0.390625,0.30085641145706177,1974400
1995-07-21,0.390625,0.3945310115814209,0.3828130066394806,0.3867189884185791,0.2978478968143463,441600
1995-07-24,0.3867189884185791,0.3945310115814209,0.3828130066394806,0.390625,0.30085641145706177,2275200
1995-07-25,0.3945310115814209,0.3945310115814209,0.3828130066394806,0.3945310115814209,0.30386459827423096,582400
1995-07-26,0.3867189884185791,0.3945310115814209,0.3828130066394806,0.3828130066394806,0.29483944177627563,2662400
1995-07-27,0.390625,0.390625,0.3828130066394806,0.3828130066394806,0.29483944177627563,774400
1995-07-28,0.3789060115814209,0.390625,0.3789060115814209,0.3828130066394806,0.29483944177627563,2265600
1995-07-31,0.3789060115814209,0.3828130066394806,0.3789060115814209,0.38085898756980896,0.2933345139026642,1132800
1995-08-01,0.3789060115814209,0.390625,0.375,0.3828130066394806,0.29483944177627563,22483200
1995-08-02,0.375,0.3789060115814209,0.3671880066394806,0.3745119869709015,0.2884460985660553,3996800
1995-08-03,0.3789060115814209,0.390625,0.3710939884185791,0.3867189884185791,0.2978478968143463,42880000
1995-08-04,0.3867189884185791,0.4023439884185791,0.3867189884185791,0.4023439884185791,0.30988195538520813,20678400
1995-08-07,0.4023439884185791,0.4296880066394806,0.3945310115814209,0.4257810115814209,0.32793301343917847,14774400
1995-08-08,0.4335939884185791,0.4453130066394806,0.421875,0.4414060115814209,0.339967280626297,14492800
1995-08-09,0.4375,0.4414060115814209,0.4335939884185791,0.4335939884185791,0.33395063877105713,9846400
1995-08-10,0.4335939884185791,0.4414060115814209,0.4335939884185791,0.4335939884185791,0.33395063877105713,7014400
1995-08-11,0.4335939884185791,0.4453130066394806,0.4335939884185791,0.4414060115814209,0.339967280626297,8889600
1995-08-14,0.4453130066394806,0.4726560115814209,0.4335939884185791,0.46875,0.36102747917175293,24195200
1995-08-15,0.4726560115814209,0.484375,0.4609380066394806,0.47070300579071045,0.36253172159194946,16515200
1995-08-16,0.46875,0.4726560115814209,0.4570310115814209,0.46875,0.36102747917175293,14697600
1995-08-17,0.4726560115814209,0.4921880066394806,0.4648439884185791,0.49023398756980896,0.3775741755962372,14444800
1995-08-18,0.4921880066394806,0.4921880066394806,0.484375,0.4882810115814209,0.3760700821876526,7347200
1995-08-21,0.484375,0.4921880066394806,0.4726560115814209,0.4765630066394806,0.36704492568969727,10950400
1995-08-22,0.46875,0.4765630066394806,0.4648439884185791,0.4726560115814209,0.36403584480285645,3680000
1995-08-23,0.46875,0.4882810115814209,0.46875,0.484375,0.37306174635887146,13795200
1995-08-24,0.484375,0.4960939884185791,0.4804689884185791,0.4921880066394806,0.3790791630744934,12697600
1995-08-25,0.4921880066394806,0.4960939884185791,0.4882810115814209,0.4960939884185791,0.3820876479148865,12323200
1995-08-28,0.4882810115814209,0.5039060115814209,0.4882810115814209,0.49804699420928955,0.38359180092811584,14547200
1995-08-29,0.4960939884185791,0.5039060115814209,0.4960939884185791,0.4960939884185791,0.3820876479148865,9196800
1995-08-30,0.4960939884185791,0.5039060115814209,0.4960939884185791,0.5019530057907104,0.38660016655921936,4172800
1995-08-31,0.4960939884185791,0.5039060115814209,0.4960939884185791,0.5,0.3850959539413452,17628800
1995-09-01,0.5,0.5039060115814209,0.5,0.5,0.3850959539413452,6614400
1995-09-05,0.5078129768371582,0.5078129768371582,0.5,0.5078129768371582,0.3911135196685791,23270400
1995-09-06,0.5039060115814209,0.5117189884185791,0.5039060115814209,0.5039060115814209,0.38954246044158936,33936000
1995-09-07,0.5039060115814209,0.5117189884185791,0.5039060115814209,0.5039060115814209,0.38954246044158936,10230400
1995-09-08,0.5039060115814209,0.5117189884185791,0.5039060115814209,0.5117189884185791,0.3955824375152588,16454400
1995-09-11,0.5078129768371582,0.515625,0.5078129768371582,0.5097659826278687,0.3940727710723877,20204800
1995-09-12,0.5078129768371582,0.515625,0.5078129768371582,0.5078129768371582,0.39256301522254944,4182400
1995-09-13,0.5078129768371582,0.515625,0.4960939884185791,0.5039060115814209,0.38954246044158936,10956800
1995-09-14,0.4960939884185791,0.5078129768371582,0.4960939884185791,0.5078129768371582,0.39256301522254944,5404800
1995-09-15,0.5039060115814209,0.515625,0.5039060115814209,0.5117189884185791,0.3955824375152588,10636800
1995-09-18,0.515625,0.515625,0.5039060115814209,0.5039060115814209,0.38954246044158936,8742400
1995-09-19,0.5039060115814209,0.515625,0.4921880066394806,0.49804699420928955,0.3850134015083313,8931200
1995-09-20,0.4921880066394806,0.5039060115814209,0.4921880066394806,0.5,0.3865230679512024,10160000
1995-09-21,0.5,0.5039060115814209,0.4960939884185791,0.5039060115814209,0.38954246044158936,4819200
1995-09-22,0.5039060115814209,0.5039060115814209,0.4960939884185791,0.4960939884185791,0.3835037052631378,6358400
1995-09-25,0.4960939884185791,0.5039060115814209,0.4960939884185791,0.5,0.3865230679512024,3763200
1995-09-26,0.5039060115814209,0.5039060115814209,0.4960939884185791,0.49804699420928955,0.3850134015083313,11948800
1995-09-27,0.4960939884185791,0.5039060115814209,0.4921880066394806,0.49804699420928955,0.3850134015083313,4067200
1995-09-28,0.4921880066394806,0.5,0.4921880066394806,0.4960939884185791,0.3835037052631378,972800
1995-09-29,0.5,0.5,0.484375,0.4921880066394806,0.38048407435417175,2806400
1995-10-02,0.484375,0.4921880066394806,0.484375,0.484375,0.3744443655014038,7955200
1995-10-03,0.484375,0.4921880066394806,0.484375,0.484375,0.3744443655014038,7174400
1995-10-04,0.484375,0.5039060115814209,0.4804689884185791,0.5039060115814209,0.38954246044158936,9193600
1995-10-05,0.5,0.5273439884185791,0.5,0.5253909826278687,0.4061514437198639,30579200
1995-10-06,0.5234379768371582,0.53125,0.5039060115814209,0.5039060115814209,0.38954246044158936,19142400
1995-10-09,0.5039060115814209,0.5078129768371582,0.4960939884185791,0.5039060115814209,0.38954246044158936,9164800
1995-10-10,0.5,0.5,0.4921880066394806,0.4921880066394806,0.38048407435417175,11449600
1995-10-11,0.4960939884185791,0.5,0.4921880066394806,0.4921880066394806,0.38048407435417175,6454400
1995-10-12,0.4960939884185791,0.5019530057907104,0.4921880066394806,0.5,0.3865230679512024,7715200
1995-10-13,0.5117189884185791,0.5117189884185791,0.5039060115814209,0.5058590173721313,0.3910524249076843,12224000
1995-10-16,0.5039060115814209,0.5117189884185791,0.5,0.5078129768371582,0.39256301522254944,4121600
1995-10-17,0.5039060115814209,0.5117189884185791,0.5,0.5,0.3865230679512024,6246400
1995-10-18,0.5,0.5078129768371582,0.4960939884185791,0.4960939884185791,0.3835037052631378,2204800
1995-10-19,0.4921880066394806,0.5,0.4921880066394806,0.4921880066394806,0.38048407435417175,6662400
1995-10-20,0.5,0.5039060115814209,0.4921880066394806,0.5019530057907104,0.3880329728126526,4976000
1995-10-23,0.4960939884185791,0.5039060115814209,0.4960939884185791,0.4960939884185791,0.3835037052631378,7091200
1995-10-24,0.4960939884185791,0.5,0.4804689884185791,0.484375,0.3744443655014038,9251200
1995-10-25,0.4804689884185791,0.484375,0.4804689884185791,0.484375,0.3744443655014038,11753600
1995-10-26,0.484375,0.4921880066394806,0.4804689884185791,0.4882810115814209,0.37746384739875793,5177600
1995-10-27,0.4921880066394806,0.4921880066394806,0.484375,0.4882810115814209,0.37746384739875793,2118400
1995-10-30,0.4921880066394806,0.4921880066394806,0.484375,0.48632800579071045,0.37595418095588684,1244800
1995-10-31,0.484375,0.4921880066394806,0.484375,0.49023398756980896,0.37897345423698425,3504000
1995-11-01,0.4921880066394806,0.5234379768371582,0.4882810115814209,0.515625,0.39860203862190247,9472000
1995-11-02,0.515625,0.578125,0.515625,0.5429689884185791,0.4197401702404022,29548800
1995-11-03,0.5390629768371582,0.5585939884185791,0.5390629768371582,0.546875,0.4227597415447235,22236800
1995-11-06,0.546875,0.5546879768371582,0.5429689884185791,0.5527340173721313,0.42728906869888306,7232000
1995-11-07,0.546875,0.5546879768371582,0.5429689884185791,0.546875,0.4227597415447235,3136000
1995-11-08,0.5546879768371582,0.5625,0.546875,0.5625,0.4348387122154236,7411200
1995-11-09,0.5546879768371582,0.5625,0.5546879768371582,0.5566409826278687,0.4303092658519745,5872000
1995-11-10,0.5585939884185791,0.5703129768371582,0.5546879768371582,0.5664060115814209,0.4378580152988434,10057600
1995-11-13,0.5703129768371582,0.5859379768371582,0.5625,0.578125,0.44691744446754456,6758400
1995-11-14,0.5820310115814209,0.6054689884185791,0.5703129768371582,0.6015629768371582,0.46503594517707825,19900800
1995-11-15,0.5976560115814209,0.6054689884185791,0.59375,0.5976560115814209,0.46201592683792114,6585600
1995-11-16,0.6015629768371582,0.6132810115814209,0.5976560115814209,0.609375,0.4710749387741089,19568000
1995-11-17,0.6054689884185791,0.6171879768371582,0.6015629768371582,0.609375,0.4710749387741089,15379200
1995-11-20,0.6171879768371582,0.6171879768371582,0.6054689884185791,0.6054689884185791,0.46805545687675476,5200000
1995-11-21,0.6015629768371582,0.6054689884185791,0.5898439884185791,0.59375,0.4589964747428894,9475200
1995-11-22,0.5898439884185791,0.6054689884185791,0.5898439884185791,0.59375,0.4589964747428894,5737600
1995-11-24,0.5976560115814209,0.5976560115814209,0.5898439884185791,0.5898439884185791,0.4559766352176666,739200
1995-11-27,0.5898439884185791,0.59375,0.5859379768371582,0.5859379768371582,0.4529572129249573,4326400
1995-11-28,0.5859379768371582,0.59375,0.578125,0.5800780057907104,0.4484271705150604,8867200
1995-11-29,0.5859379768371582,0.5859379768371582,0.578125,0.5859379768371582,0.4529572129249573,5820800
1995-11-30,0.5820310115814209,0.6132810115814209,0.578125,0.5976560115814209,0.46201592683792114,15664000
1995-12-01,0.5976560115814209,0.6054689884185791,0.5898439884185791,0.59375,0.4589964747428894,5190400
1995-12-04,0.5898439884185791,0.5976560115814209,0.5898439884185791,0.5976560115814209,0.46201592683792114,4956800
1995-12-05,0.5976560115814209,0.6054689884185791,0.5898439884185791,0.5976560115814209,0.46201592683792114,8048000
1995-12-06,0.5976560115814209,0.6210939884185791,0.5961909890174866,0.6132810115814209,0.4755864143371582,8848000
1995-12-07,0.6132810115814209,0.6210939884185791,0.609375,0.609375,0.47255751490592957,6835200
1995-12-08,0.609375,0.625,0.609375,0.6171879768371582,0.47861647605895996,4390400
1995-12-11,0.6171879768371582,0.625,0.6171879768371582,0.6171879768371582,0.47861647605895996,4124800
1995-12-12,0.6171879768371582,0.6210939884185791,0.6132810115814209,0.6132810115814209,0.4755864143371582,3619200
1995-12-13,0.6132810115814209,0.6210939884185791,0.6132810115814209,0.6132810115814209,0.4755864143371582,4617600
1995-12-14,0.6132810115814209,0.6328129768371582,0.609375,0.6210939884185791,0.4816453754901886,9843200
1995-12-15,0.6210939884185791,0.6289060115814209,0.6015629768371582,0.6015629768371582,0.4664994180202484,2665600
1995-12-18,0.6015629768371582,0.6015629768371582,0.5664060115814209,0.5703129768371582,0.4422657787799835,5769600
1995-12-19,0.5742189884185791,0.5820310115814209,0.5664060115814209,0.578125,0.44832393527030945,5542400
1995-12-20,0.578125,0.5820310115814209,0.5703129768371582,0.5751950144767761,0.4460516571998596,3545600
1995-12-21,0.578125,0.6328129768371582,0.5703129768371582,0.625,0.48467403650283813,16742400
1995-12-22,0.6210939884185791,0.671875,0.6210939884185791,0.6484379768371582,0.5028502345085144,17347200
1995-12-26,0.6445310115814209,0.6640629768371582,0.6210939884185791,0.625,0.48467403650283813,13792000
1995-12-27,0.625,0.625,0.5742189884185791,0.5742189884185791,0.4452948570251465,12566400
1995-12-28,0.5742189884185791,0.5976560115814209,0.5742189884185791,0.5898439884185791,0.4574117064476013,3686400
1995-12-29,0.5898439884185791,0.609375,0.5820310115814209,0.5976560115814209,0.46346986293792725,5308800
1996-01-02,0.5976560115814209,0.6210939884185791,0.5976560115814209,0.6171879768371582,0.47861647605895996,6707200
1996-01-03,0.6210939884185791,0.6210939884185791,0.6054689884185791,0.6171879768371582,0.47861647605895996,5948800
1996-01-04,0.6210939884185791,0.640625,0.6171879768371582,0.6230469942092896,0.4831598401069641,13155200
1996-01-05,0.6132810115814209,0.6328129768371582,0.6132810115814209,0.625,0.48467403650283813,20998400
1996-01-08,0.6230469942092896,0.625,0.5898439884185791,0.59375,0.4604409337043762,7878400
1996-01-09,0.5898439884185791,0.6015629768371582,0.5742189884185791,0.5898439884185791,0.4574117064476013,13097600
1996-01-10,0.5898439884185791,0.6015629768371582,0.5859379768371582,0.5898439884185791,0.4574117064476013,7142400
1996-01-11,0.59375,0.609375,0.59375,0.609375,0.47255751490592957,6182400
1996-01-12,0.609375,0.625,0.6054689884185791,0.6210939884185791,0.4816453754901886,5414400
1996-01-15,0.6171879768371582,0.625,0.6171879768371582,0.6210939884185791,0.4816453754901886,5753600
1996-01-16,0.6171879768371582,0.625,0.6132810115814209,0.6210939884185791,0.4816453754901886,2476800
1996-01-17,0.609375,0.6210939884185791,0.609375,0.609375,0.47255751490592957,4544000
1996-01-18,0.609375,0.625,0.609375,0.625,0.48467403650283813,5254400
1996-01-19,0.6171879768371582,0.625,0.6171879768371582,0.6171879768371582,0.47861647605895996,2707200
1996-01-22,0.6171879768371582,0.6210939884185791,0.6132810115814209,0.6171879768371582,0.47861647605895996,2041600
1996-01-23,0.6210939884185791,0.625,0.6132810115814209,0.6132810115814209,0.4755864143371582,4620800
1996-01-24,0.6210939884185791,0.6210939884185791,0.6132810115814209,0.6171879768371582,0.47861647605895996,3446400
1996-01-25,0.6210939884185791,0.6210939884185791,0.6132810115814209,0.6210939884185791,0.4816453754901886,1772800
1996-01-26,0.6132810115814209,0.6210939884185791,0.6132810115814209,0.6210939884185791,0.4816453754901886,2374400
1996-01-29,0.6132810115814209,0.625,0.6132810115814209,0.625,0.48467403650283813,5283200
1996-01-30,0.625,0.6289060115814209,0.6171879768371582,0.6230469942092896,0.4831598401069641,12480000
1996-01-31,0.6210939884185791,0.6289060115814209,0.6210939884185791,0.625,0.48467403650283813,2822400
1996-02-01,0.6210939884185791,0.625,0.6210939884185791,0.625,0.48467403650283813,3420800
1996-02-02,0.6210939884185791,0.6367189884185791,0.6210939884185791,0.6289060115814209,0.48770326375961304,11788800
1996-02-05,0.6289060115814209,0.6367189884185791,0.625,0.625,0.48467403650283813,5584000
1996-02-06,0.625,0.6289060115814209,0.625,0.625,0.48467403650283813,5971200
1996-02-07,0.625,0.6289060115814209,0.6210939884185791,0.6210939884185791,0.4816453754901886,3632000
1996-02-08,0.6484379768371582,0.6875,0.640625,0.6796879768371582,0.5270839333534241,29843200
1996-02-09,0.6875,0.7226560115814209,0.6796879768371582,0.7109379768371582,0.5513176918029785,16476800
1996-02-12,0.7148439884185791,0.71875,0.6953129768371582,0.703125,0.545258641242981,17529600
1996-02-13,0.6953129768371582,0.7109379768371582,0.6953129768371582,0.7021480202674866,0.5445010662078857,35196800
1996-02-14,0.703125,0.7109379768371582,0.703125,0.7109379768371582,0.5513176918029785,5622400
1996-02-15,0.703125,0.7109379768371582,0.703125,0.7109379768371582,0.5513176918029785,8412800
1996-02-16,0.7109379768371582,0.7148439884185791,0.7070310115814209,0.7109379768371582,0.5513176918029785,9577600
1996-02-20,0.7070310115814209,0.7148439884185791,0.703125,0.7070310115814209,0.5482876300811768,18528000
1996-02-21,0.7148439884185791,0.71875,0.703125,0.7148439884185791,0.5543466210365295,19731200
1996-02-22,0.71875,0.7617189884185791,0.7148439884185791,0.7539060115814209,0.5846383571624756,24096000
1996-02-23,0.7539060115814209,0.7539060115814209,0.7421879768371582,0.75,0.5816092491149902,13660800
1996-02-26,0.7460939884185791,0.7539060115814209,0.7460939884185791,0.7480469942092896,0.5800946354866028,21859200
1996-02-27,0.75,0.7539060115814209,0.7382810115814209,0.7460939884185791,0.5785803198814392,34550400
1996-02-28,0.7421879768371582,0.75,0.7421879768371582,0.7460939884185791,0.5785803198814392,36230400
1996-02-29,0.7460939884185791,0.765625,0.7382810115814209,0.765625,0.5937260389328003,10521600
1996-03-01,0.765625,0.84375,0.7578129768371582,0.8125,0.63007652759552,29792000
1996-03-04,0.8085939884185791,0.8203129768371582,0.7929689884185791,0.8007810115814209,0.6209888458251953,8873600
1996-03-05,0.7929689884185791,0.8164060115814209,0.7929689884185791,0.8125,0.63007652759552,6732800
1996-03-06,0.8164060115814209,0.828125,0.8085939884185791,0.8125,0.6317780613899231,10608000
1996-03-07,0.8085939884185791,0.828125,0.7734379768371582,0.828125,0.643927812576294,20742400
1996-03-08,0.8125,0.8242189884185791,0.8046879768371582,0.8085939884185791,0.6287407279014587,9040000
1996-03-11,0.8007810115814209,0.8125,0.7773439884185791,0.8007810115814209,0.6226655840873718,16940800
1996-03-12,0.796875,0.8046879768371582,0.796875,0.8046879768371582,0.6257034540176392,8076800
1996-03-13,0.8046879768371582,0.859375,0.796875,0.8554689884185791,0.6651895046234131,20896000
1996-03-14,0.859375,0.859375,0.84375,0.8515629768371582,0.6621523499488831,4784000
1996-03-15,0.84375,0.8476560115814209,0.8320310115814209,0.8359379768371582,0.6500028967857361,5232000
1996-03-18,0.8398439884185791,0.859375,0.8320310115814209,0.8515629768371582,0.6621523499488831,17712000
1996-03-19,0.859375,0.859375,0.84375,0.8476560115814209,0.6591148376464844,21603200
1996-03-20,0.84375,0.8554689884185791,0.8359379768371582,0.8457030057907104,0.6575959920883179,21872000
1996-03-21,0.84375,0.8476560115814209,0.8203129768371582,0.828125,0.643927812576294,16857600
1996-03-22,0.8203129768371582,0.8320310115814209,0.8203129768371582,0.8320310115814209,0.646964967250824,4822400
1996-03-25,0.8242189884185791,0.8359379768371582,0.8203129768371582,0.8242189884185791,0.6408906579017639,9366400
1996-03-26,0.828125,0.828125,0.8164060115814209,0.8164060115814209,0.6348156332969666,6185600
1996-03-27,0.8164060115814209,0.8164060115814209,0.78125,0.78125,0.6074790954589844,11158400
1996-03-28,0.7851560115814209,0.7851560115814209,0.7734379768371582,0.7851560115814209,0.6105161309242249,9286400
1996-03-29,0.7773439884185791,0.7851560115814209,0.7734379768371582,0.7851560115814209,0.6105161309242249,5084800
1996-04-01,0.7734379768371582,0.8046879768371582,0.7734379768371582,0.796875,0.6196282505989075,10947200
1996-04-02,0.8203129768371582,0.8320310115814209,0.8007810115814209,0.8320310115814209,0.646964967250824,6937600
1996-04-03,0.8320310115814209,0.8691409826278687,0.8242189884185791,0.8398439884185791,0.6530398726463318,12502400
1996-04-04,0.8398439884185791,0.8515629768371582,0.8359379768371582,0.8417969942092896,0.6545585989952087,3948800
1996-04-08,0.84375,0.8476560115814209,0.828125,0.8398439884185791,0.6530398726463318,12067200
1996-04-09,0.8515629768371582,0.859375,0.8398439884185791,0.8476560115814209,0.6591148376464844,8326400
1996-04-10,0.8476560115814209,0.8476560115814209,0.8320310115814209,0.8398439884185791,0.6530398726463318,7497600
1996-04-11,0.8828129768371582,0.9570310115814209,0.875,0.9570310115814209,0.7441615462303162,45875200
1996-04-12,0.96875,1.113281011581421,0.9648439884185791,1.078125,0.8383210897445679,80857600
1996-04-15,1.074218988418579,1.082031011581421,1.0234379768371582,1.035156011581421,0.8049094676971436,36950400
1996-04-16,1.035156011581421,1.050781011581421,1.011718988418579,1.0253909826278687,0.797316312789917,29494400
1996-04-17,1.019531011581421,1.027343988418579,1.0,1.011718988418579,0.7866852283477783,12713600
1996-04-18,1.011718988418579,1.0390629768371582,1.011718988418579,1.019531011581421,0.7927600145339966,12982400
1996-04-19,1.027343988418579,1.027343988418579,1.011718988418579,1.015625,0.7897229790687561,10611200
1996-04-22,1.015625,1.027343988418579,1.015625,1.0234379768371582,0.7957976460456848,11459200
1996-04-23,1.027343988418579,1.0859379768371582,1.019531011581421,1.0800780057907104,0.8398398756980896,40195200
1996-04-24,1.0859379768371582,1.0859379768371582,1.058593988418579,1.058593988418579,0.8231341242790222,12038400
1996-04-25,1.066406011581421,1.082031011581421,1.046875,1.074218988418579,0.8352837562561035,11555200
1996-04-26,1.078125,1.1015629768371582,1.066406011581421,1.078125,0.8383210897445679,16073600
1996-04-29,1.0859379768371582,1.0859379768371582,1.078125,1.0859379768371582,0.8443960547447205,2217600
1996-04-30,1.0859379768371582,1.0859379768371582,1.078125,1.078125,0.8383210897445679,2873600
1996-05-01,1.082031011581421,1.109375,1.078125,1.089843988418579,0.847433865070343,11372800
1996-05-02,1.097656011581421,1.097656011581421,1.058593988418579,1.058593988418579,0.8231341242790222,10579200
1996-05-03,1.066406011581421,1.0859379768371582,1.058593988418579,1.066406011581421,0.8292087316513062,12684800
1996-05-06,1.074218988418579,1.1015629768371582,1.0703129768371582,1.1015629768371582,0.8565459847450256,8726400
1996-05-07,1.1015629768371582,1.160156011581421,1.097656011581421,1.152343988418579,0.8960314989089966,35686400
1996-05-08,1.152343988418579,1.152343988418579,1.078125,1.1015629768371582,0.8565459847450256,34614400
1996-05-09,1.1328129768371582,1.2421879768371582,1.125,1.207031011581421,0.9385549426078796,51801600
1996-05-10,1.21875,1.238281011581421,1.2011719942092896,1.214843988418579,0.9446297287940979,21776000
1996-05-13,1.214843988418579,1.2265629768371582,1.1875,1.21875,0.9476670622825623,21036800
1996-05-14,1.222656011581421,1.277343988418579,1.214843988418579,1.2578129768371582,0.9780414700508118,28211200
1996-05-15,1.253906011581421,1.261718988418579,1.234375,1.2421879768371582,0.9658914804458618,9084800
1996-05-16,1.234375,1.25,1.203125,1.2109379768371582,0.9415925741195679,8956800
1996-05-17,1.21875,1.261718988418579,1.207031011581421,1.2421879768371582,0.9658914804458618,19248000
1996-05-20,1.25,1.300781011581421,1.203125,1.246093988418579,0.9689287543296814,26806400
1996-05-21,1.253906011581421,1.2734379768371582,1.25,1.2578129768371582,0.9780414700508118,13164800
1996-05-22,1.2578129768371582,1.2734379768371582,1.253906011581421,1.2578129768371582,0.9780414700508118,5865600
1996-05-23,1.2578129768371582,1.2890629768371582,1.253906011581421,1.2578129768371582,0.9780414700508118,13014400
1996-05-24,1.2578129768371582,1.3203129768371582,1.2578129768371582,1.300781011581421,1.0114519596099854,25104000
1996-05-28,1.308593988418579,1.308593988418579,1.246093988418579,1.277343988418579,0.9932280778884888,13257600
1996-05-29,1.28125,1.300781011581421,1.246093988418579,1.2578129768371582,0.9780414700508118,12876800
1996-05-30,1.261718988418579,1.2890629768371582,1.199218988418579,1.21875,0.9476670622825623,22659200
1996-05-31,1.21875,1.238281011581421,1.207031011581421,1.2265629768371582,0.953742265701294,12883200
1996-06-03,1.2265629768371582,1.28125,1.21875,1.265625,0.984115719795227,22867200
1996-06-04,1.277343988418579,1.292968988418579,1.25,1.261718988418579,0.9810785055160522,10710400
1996-06-05,1.261718988418579,1.308593988418579,1.253906011581421,1.2988280057907104,1.0099337100982666,18876800
1996-06-06,1.296875,1.3046879768371582,1.28125,1.292968988418579,1.005378007888794,11744000
1996-06-07,1.28125,1.3125,1.246093988418579,1.253906011581421,0.9750034213066101,14288000
1996-06-10,1.253906011581421,1.253906011581421,1.21875,1.230468988418579,0.9567794799804688,10275200
1996-06-11,1.230468988418579,1.230468988418579,1.175781011581421,1.175781011581421,0.9142558574676514,14038400
1996-06-12,1.183593988418579,1.2265629768371582,1.167968988418579,1.207031011581421,0.9403047561645508,26912000
1996-06-13,1.2109379768371582,1.2109379768371582,1.109375,1.109375,0.8642287850379944,13161600
1996-06-14,1.109375,1.222656011581421,1.109375,1.144531011581421,0.8916157484054565,34121600
1996-06-17,1.160156011581421,1.171875,1.128906011581421,1.136718988418579,0.8855301141738892,17219200
1996-06-18,1.1328129768371582,1.136718988418579,1.042968988418579,1.050781011581421,0.8185821175575256,23552000
1996-06-19,1.0703129768371582,1.113281011581421,1.015625,1.027343988418579,0.8003242611885071,25222400
1996-06-20,1.03125,1.058593988418579,0.9570310115814209,0.9960939884185791,0.7759800553321838,35580800
1996-06-21,1.0,1.03125,0.9804689884185791,0.9882810115814209,0.7698934674263,18355200
1996-06-24,0.9882810115814209,1.046875,0.9882810115814209,1.03125,0.8033674955368042,20406400
1996-06-25,1.03125,1.089843988418579,1.0234379768371582,1.0859379768371582,0.8459703326225281,22064000
1996-06-26,1.089843988418579,1.089843988418579,1.03125,1.0644530057907104,0.8292331099510193,36070400
1996-06-27,1.066406011581421,1.074218988418579,1.046875,1.058593988418579,0.8246687054634094,22896000
1996-06-28,1.066406011581421,1.097656011581421,1.058593988418579,1.0859379768371582,0.8459703326225281,27686400
1996-07-01,1.09375,1.105468988418579,1.0625,1.0683590173721313,0.8322758674621582,16982400
1996-07-02,1.0625,1.09375,1.0625,1.0703129768371582,0.8337981104850769,18224000
1996-07-03,1.066406011581421,1.078125,1.042968988418579,1.058593988418579,0.8246687054634094,6291200
1996-07-05,1.035156011581421,1.0625,1.03125,1.03125,0.8033674955368042,3584000
1996-07-08,1.0390629768371582,1.066406011581421,1.015625,1.027343988418579,0.8003242611885071,17036800
1996-07-09,1.027343988418579,1.042968988418579,0.9921879768371582,0.9960939884185791,0.7759800553321838,18956800
1996-07-10,1.0,1.003906011581421,0.9648439884185791,0.9882810115814209,0.7698934674263,15516800
1996-07-11,1.003906011581421,1.0078129768371582,0.9453129768371582,0.9804689884185791,0.7638073563575745,13369600
1996-07-12,0.9726560115814209,0.9804689884185791,0.9335939884185791,0.953125,0.7425060868263245,9590400
1996-07-15,0.9492189884185791,0.9609379768371582,0.90625,0.9179689884185791,0.7151185274124146,20918400
1996-07-16,0.9179689884185791,0.9375,0.90625,0.921875,0.7181617021560669,14185600
1996-07-17,0.9296879768371582,0.9492189884185791,0.921875,0.9296879768371582,0.7242476344108582,11312000
1996-07-18,0.9375,1.0078129768371582,0.9335939884185791,0.9960939884185791,0.7759800553321838,16912000
1996-07-19,0.9882810115814209,1.011718988418579,0.9726560115814209,0.9765629768371582,0.7607647180557251,8115200
1996-07-22,0.9804689884185791,0.9804689884185791,0.953125,0.96875,0.7546784281730652,5001600
1996-07-23,0.9765629768371582,0.9960939884185791,0.953125,0.953125,0.7425060868263245,9088000
1996-07-24,0.9492189884185791,0.9492189884185791,0.9257810115814209,0.9375,0.7303338050842285,4406400
1996-07-25,0.9414060115814209,0.9765629768371582,0.9375,0.9492189884185791,0.7394633293151855,6243200
1996-07-26,0.9492189884185791,0.9570310115814209,0.9492189884185791,0.9570310115814209,0.7455489039421082,1744000
1996-07-29,0.9570310115814209,0.9570310115814209,0.9140629768371582,0.9140629768371582,0.7120760083198547,6294400
1996-07-30,0.9296879768371582,0.9296879768371582,0.8984379768371582,0.90625,0.705989420413971,8624000
1996-07-31,0.9023439884185791,0.9296879768371582,0.8867189884185791,0.921875,0.7181617021560669,12137600
1996-08-01,0.9257810115814209,0.9453129768371582,0.9179689884185791,0.9277340173721313,0.7227258086204529,7376000
1996-08-02,0.9453129768371582,0.953125,0.9335939884185791,0.9375,0.7303338050842285,13440000
1996-08-05,0.9453129768371582,1.082031011581421,0.9414060115814209,1.0703129768371582,0.8337981104850769,29430400
1996-08-06,1.066406011581421,1.105468988418579,1.0390629768371582,1.074218988418579,0.8368410468101501,19888000
1996-08-07,1.0859379768371582,1.140625,1.074218988418579,1.125,0.8764008283615112,18089600
1996-08-08,1.1484379768371582,1.1796879768371582,1.136718988418579,1.160156011581421,0.9037879705429077,20892800
1996-08-09,1.160156011581421,1.183593988418579,1.152343988418579,1.183593988418579,0.9220463037490845,29622400
1996-08-12,1.175781011581421,1.191406011581421,1.1484379768371582,1.1875,0.925089955329895,16816000
1996-08-13,1.175781011581421,1.1875,1.15625,1.15625,0.900745153427124,11302400
1996-08-14,1.171875,1.222656011581421,1.160156011581421,1.222656011581421,0.9524770379066467,22508800
1996-08-15,1.222656011581421,1.230468988418579,1.199218988418579,1.2089840173721313,0.9418262243270874,10592000
1996-08-16,1.207031011581421,1.222656011581421,1.1953129768371582,1.214843988418579,0.9463909268379211,6409600
1996-08-19,1.2109379768371582,1.2421879768371582,1.203125,1.2421879768371582,0.9676923155784607,9129600
1996-08-20,1.2421879768371582,1.2421879768371582,1.214843988418579,1.222656011581421,0.9524770379066467,12121600
1996-08-21,1.21875,1.2578129768371582,1.171875,1.1953129768371582,0.9311763644218445,24716800
1996-08-22,1.191406011581421,1.207031011581421,1.167968988418579,1.1894530057907104,0.9266110062599182,13772800
1996-08-23,1.191406011581421,1.1953129768371582,1.175781011581421,1.175781011581421,0.9159603714942932,13072000
1996-08-26,1.175781011581421,1.1796879768371582,1.15625,1.171875,0.9129174947738647,6806400
1996-08-27,1.175781011581421,1.1796879768371582,1.167968988418579,1.1699219942092896,0.911395788192749,15331200
1996-08-28,1.171875,1.1953129768371582,1.167968988418579,1.1933590173721313,0.9296538829803467,13836800
1996-08-29,1.1953129768371582,1.2421879768371582,1.183593988418579,1.21875,0.9494339227676392,19568000
1996-08-30,1.222656011581421,1.222656011581421,1.203125,1.203125,0.9372617602348328,7100800
1996-09-03,1.203125,1.203125,1.171875,1.175781011581421,0.9159603714942932,6531200
1996-09-04,1.175781011581421,1.183593988418579,1.15625,1.171875,0.9146193861961365,5568000
1996-09-05,1.167968988418579,1.1796879768371582,1.1484379768371582,1.1484379768371582,0.8963274359703064,7030400
1996-09-06,1.15625,1.167968988418579,1.125,1.140625,0.8902296423912048,7865600
1996-09-09,1.140625,1.140625,1.066406011581421,1.074218988418579,0.8384014368057251,16419200
1996-09-10,1.074218988418579,1.1015629768371582,1.074218988418579,1.089843988418579,0.8505964279174805,10320000
1996-09-11,1.089843988418579,1.089843988418579,1.050781011581421,1.054198980331421,0.8227762579917908,11328000
1996-09-12,1.0625,1.128906011581421,1.0546879768371582,1.113281011581421,0.8688887357711792,20444800
1996-09-13,1.136718988418579,1.1640629768371582,1.128906011581421,1.152343988418579,0.8993757367134094,11497600
1996-09-16,1.15625,1.183593988418579,1.144531011581421,1.171875,0.9146193861961365,12259200
1996-09-17,1.167968988418579,1.1953129768371582,1.152343988418579,1.171875,0.9146193861961365,9235200
1996-09-18,1.175781011581421,1.175781011581421,1.140625,1.152343988418579,0.8993757367134094,6368000
1996-09-19,1.160156011581421,1.160156011581421,1.144531011581421,1.1542969942092896,0.9009000658988953,9084800
1996-09-20,1.15625,1.175781011581421,1.152343988418579,1.167968988418579,0.9115711450576782,3158400
1996-09-23,1.171875,1.171875,1.152343988418579,1.15625,0.9024245142936707,3324800
1996-09-24,1.15625,1.191406011581421,1.15625,1.1875,0.9268144369125366,6204800
1996-09-25,1.1953129768371582,1.21875,1.1796879768371582,1.1875,0.9268144369125366,7795200
1996-09-26,1.1796879768371582,1.191406011581421,1.15625,1.183593988418579,0.9237654209136963,6035200
1996-09-27,1.167968988418579,1.1875,1.167968988418579,1.171875,0.9146193861961365,3996800
1996-09-30,1.171875,1.191406011581421,1.125,1.125,0.8780346512794495,7840000
1996-10-01,1.125,1.128906011581421,1.074218988418579,1.105468988418579,0.8627912402153015,11830400
1996-10-02,1.097656011581421,1.136718988418579,1.097656011581421,1.1171879768371582,0.8719375729560852,12649600
1996-10-03,1.113281011581421,1.1171879768371582,1.0859379768371582,1.09375,0.853644847869873,6035200
1996-10-04,1.1015629768371582,1.1171879768371582,1.097656011581421,1.109375,0.8658397197723389,4816000
1996-10-07,1.1015629768371582,1.1171879768371582,1.089843988418579,1.105468988418579,0.8627912402153015,4012800
1996-10-08,1.113281011581421,1.136718988418579,1.1015629768371582,1.113281011581421,0.8688887357711792,7536000
1996-10-09,1.113281011581421,1.1162110567092896,1.09375,1.1015629768371582,0.8597421646118164,6412800
1996-10-10,1.109375,1.2265629768371582,1.105468988418579,1.199218988418579,0.935960590839386,32841600
1996-10-11,1.214843988418579,1.2265629768371582,1.1875,1.1953129768371582,0.9329118728637695,17392000
1996-10-14,1.191406011581421,1.253906011581421,1.183593988418579,1.246093988418579,0.972545325756073,16732800
1996-10-15,1.2578129768371582,1.2734379768371582,1.234375,1.25,0.9755935072898865,15804800
1996-10-16,1.25,1.324218988418579,1.246093988418579,1.316406011581421,1.0274219512939453,17212800
1996-10-17,1.324218988418579,1.332031011581421,1.308593988418579,1.3125,1.0243738889694214,11353600
1996-10-18,1.316406011581421,1.339843988418579,1.3125,1.324218988418579,1.0335203409194946,12179200
1996-10-21,1.316406011581421,1.328125,1.292968988418579,1.300781011581421,1.0152267217636108,17651200
1996-10-22,1.3046879768371582,1.3125,1.28125,1.300781011581421,1.0152267217636108,8892800
1996-10-23,1.296875,1.316406011581421,1.28125,1.296875,1.0121790170669556,10105600
1996-10-24,1.296875,1.3046879768371582,1.261718988418579,1.3046879768371582,1.0182766914367676,10364800
1996-10-25,1.292968988418579,1.316406011581421,1.292968988418579,1.3046879768371582,1.0182766914367676,4726400
1996-10-28,1.3046879768371582,1.3203129768371582,1.285156011581421,1.296875,1.0121790170669556,4902400
1996-10-29,1.285156011581421,1.2890629768371582,1.261718988418579,1.277343988418579,0.996935248374939,6515200
1996-10-30,1.265625,1.285156011581421,1.21875,1.28125,0.9999840259552002,20067200
1996-10-31,1.2890629768371582,1.3125,1.2734379768371582,1.296875,1.0121790170669556,15030400
1996-11-01,1.296875,1.34375,1.2890629768371582,1.332031011581421,1.0396170616149902,9484800
1996-11-04,1.34375,1.417968988418579,1.339843988418579,1.3984379768371582,1.0914465188980103,24928000
1996-11-05,1.402343988418579,1.410156011581421,1.359375,1.371093988418579,1.070104956626892,12400000
1996-11-06,1.371093988418579,1.4375,1.347656011581421,1.4375,1.121933102607727,15305600
1996-11-07,1.480468988418579,1.511718988418579,1.4765629768371582,1.5,1.170712947845459,17814400
1996-11-08,1.5078129768371582,1.5078129768371582,1.46875,1.4765629768371582,1.152420997619629,8960000
1996-11-11,1.484375,1.488281011581421,1.46875,1.480468988418579,1.1554696559906006,4752000
1996-11-12,1.484375,1.496093988418579,1.472656011581421,1.472656011581421,1.1493713855743408,5753600
1996-11-13,1.488281011581421,1.496093988418579,1.453125,1.4765629768371582,1.152420997619629,6476800
1996-11-14,1.480468988418579,1.484375,1.441406011581421,1.453125,1.1341283321380615,4128000
1996-11-15,1.4453129768371582,1.449218988418579,1.394531011581421,1.394531011581421,1.0883970260620117,5241600
1996-11-18,1.40625,1.40625,1.355468988418579,1.375,1.0731533765792847,16179200
1996-11-19,1.3828129768371582,1.4609379768371582,1.375,1.4609379768371582,1.140226125717163,23609600
1996-11-20,1.4609379768371582,1.53125,1.453125,1.5234379768371582,1.1890056133270264,37625600
1996-11-21,1.53125,1.5625,1.503906011581421,1.5078129768371582,1.1768102645874023,22480000
1996-11-22,1.503906011581421,1.5234379768371582,1.4921879768371582,1.503906011581421,1.1737614870071411,6224000
1996-11-25,1.4921879768371582,1.5625,1.4921879768371582,1.5390629768371582,1.2012006044387817,8598400
1996-11-26,1.546875,1.589843988418579,1.5390629768371582,1.5761719942092896,1.2301627397537231,14409600
1996-11-27,1.578125,1.597656011581421,1.558593988418579,1.582031011581421,1.2347368001937866,8528000
1996-11-29,1.582031011581421,1.6015629768371582,1.578125,1.589843988418579,1.2408335208892822,1881600
1996-12-02,1.613281011581421,1.6171879768371582,1.566406011581421,1.605468988418579,1.2530282735824585,17827200
1996-12-03,1.609375,1.65625,1.589843988418579,1.625,1.2682721614837646,17836800
1996-12-04,1.625,1.640625,1.59375,1.636718988418579,1.2791404724121094,12569600
1996-12-05,1.6328129768371582,1.640625,1.597656011581421,1.6015629768371582,1.2516652345657349,11283200
1996-12-06,1.574218988418579,1.6015629768371582,1.515625,1.566406011581421,1.2241894006729126,13065600
1996-12-09,1.574218988418579,1.574218988418579,1.566406011581421,1.5703129768371582,1.2272428274154663,7158400
1996-12-10,1.578125,1.609375,1.5703129768371582,1.574218988418579,1.2302954196929932,11875200
1996-12-11,1.5546879768371582,1.5703129768371582,1.546875,1.5703129768371582,1.2272428274154663,8316800
1996-12-12,1.566406011581421,1.597656011581421,1.566406011581421,1.5859379768371582,1.2394541501998901,7964800
1996-12-13,1.582031011581421,1.597656011581421,1.5644530057907104,1.582031011581421,1.2364006042480469,5564800
1996-12-16,1.574218988418579,1.582031011581421,1.5390629768371582,1.5410159826278687,1.2043465375900269,10278400
1996-12-17,1.527343988418579,1.542968988418579,1.503906011581421,1.519531011581421,1.187554955482483,12992000
1996-12-18,1.515625,1.589843988418579,1.515625,1.578125,1.2333484888076782,14406400
1996-12-19,1.5859379768371582,1.6328129768371582,1.5703129768371582,1.625,1.269981861114502,13292800
1996-12-20,1.628906011581421,1.640625,1.574218988418579,1.574218988418579,1.2302954196929932,9718400
1996-12-23,1.578125,1.5859379768371582,1.558593988418579,1.5625,1.2211370468139648,5843200
1996-12-24,1.558593988418579,1.5703129768371582,1.5546879768371582,1.566406011581421,1.2241894006729126,6860800
1996-12-26,1.566406011581421,1.566406011581421,1.535156011581421,1.5546879768371582,1.2150312662124634,2579200
1996-12-27,1.558593988418579,1.558593988418579,1.535156011581421,1.542968988418579,1.205872654914856,5286400
1996-12-30,1.535156011581421,1.546875,1.527343988418579,1.542968988418579,1.205872654914856,5411200
1996-12-31,1.542968988418579,1.566406011581421,1.5390629768371582,1.5625,1.2211370468139648,3164800
1997-01-02,1.5546879768371582,1.5859379768371582,1.542968988418579,1.5625,1.2211370468139648,9481600
1997-01-03,1.5703129768371582,1.5703129768371582,1.558593988418579,1.5703129768371582,1.2272428274154663,9014400
1997-01-06,1.5546879768371582,1.59375,1.5546879768371582,1.589843988418579,1.2425068616867065,15219200
1997-01-07,1.582031011581421,1.589843988418579,1.5625,1.566406011581421,1.2241894006729126,8361600
1997-01-08,1.566406011581421,1.578125,1.566406011581421,1.578125,1.2333484888076782,7321600
1997-01-09,1.589843988418579,1.636718988418579,1.582031011581421,1.6079100370407104,1.256626009941101,10396800
1997-01-10,1.578125,1.625,1.574218988418579,1.5859379768371582,1.2394541501998901,13302400
1997-01-13,1.589843988418579,1.589843988418579,1.4296879768371582,1.433593988418579,1.12039315700531,20387200
1997-01-14,1.433593988418579,1.472656011581421,1.417968988418579,1.425781011581421,1.1142864227294922,23734400
1997-01-15,1.421875,1.453125,1.421875,1.4296879768371582,1.1173409223556519,25849600
1997-01-16,1.4296879768371582,1.449218988418579,1.4296879768371582,1.442383050918579,1.1272624731063843,23612800
1997-01-17,1.441406011581421,1.4453129768371582,1.410156011581421,1.4140629768371582,1.1051288843154907,7379200
1997-01-20,1.4140629768371582,1.421875,1.402343988418579,1.40625,1.099022626876831,8966400
1997-01-21,1.40625,1.4140629768371582,1.277343988418579,1.277343988418579,0.9982788562774658,25312000
1997-01-22,1.277343988418579,1.3359379768371582,1.277343988418579,1.3125,1.0257540941238403,30521600
1997-01-23,1.3125,1.355468988418579,1.308593988418579,1.3515629768371582,1.0562838315963745,14284800
1997-01-24,1.347656011581421,1.390625,1.347656011581421,1.390625,1.0868116617202759,11280000
1997-01-27,1.386718988418579,1.390625,1.339843988418579,1.347656011581421,1.0532299280166626,9968000
1997-01-28,1.3671879768371582,1.3828129768371582,1.277343988418579,1.292968988418579,1.010490894317627,11561600
1997-01-29,1.2890629768371582,1.324218988418579,1.2890629768371582,1.300781011581421,1.0165960788726807,9193600
1997-01-30,1.308593988418579,1.316406011581421,1.300781011581421,1.300781011581421,1.0165960788726807,4105600
1997-01-31,1.300781011581421,1.3125,1.253906011581421,1.28125,1.0013319253921509,7347200
1997-02-03,1.2734379768371582,1.292968988418579,1.2578129768371582,1.261718988418579,0.9860679507255554,5664000
1997-02-04,1.265625,1.296875,1.21875,1.292968988418579,1.010490894317627,9379200
1997-02-05,1.285156011581421,1.316406011581421,1.269531011581421,1.3125,1.0257540941238403,14204800
1997-02-06,1.375,1.3828129768371582,1.3359379768371582,1.359375,1.0623892545700073,19148800
1997-02-07,1.378906011581421,1.394531011581421,1.359375,1.375,1.074600100517273,15568000
1997-02-10,1.402343988418579,1.4140629768371582,1.394531011581421,1.40625,1.099022626876831,9609600
1997-02-11,1.40625,1.4296879768371582,1.386718988418579,1.421875,1.111234426498413,7462400
1997-02-12,1.421875,1.4375,1.4140629768371582,1.433593988418579,1.12039315700531,5212800
1997-02-13,1.425781011581421,1.4375,1.402343988418579,1.421875,1.111234426498413,7731200
1997-02-14,1.421875,1.433593988418579,1.402343988418579,1.421875,1.111234426498413,4147200
1997-02-18,1.4140629768371582,1.433593988418579,1.378906011581421,1.3925780057907104,1.088337779045105,2883200
1997-02-19,1.375,1.390625,1.359375,1.3671879768371582,1.0684946775436401,5632000
1997-02-20,1.363281011581421,1.4453129768371582,1.34375,1.4375,1.1234455108642578,12928000
1997-02-21,1.449218988418579,1.46875,1.4296879768371582,1.453125,1.1356568336486816,4633600
1997-02-24,1.4453129768371582,1.4453129768371582,1.3984379768371582,1.4238280057907104,1.1127610206604004,5875200
1997-02-25,1.433593988418579,1.480468988418579,1.433593988418579,1.464843988418579,1.1448158025741577,4912000
1997-02-26,1.472656011581421,1.550781011581421,1.453125,1.527343988418579,1.1936614513397217,9782400
1997-02-27,1.535156011581421,1.550781011581421,1.503906011581421,1.5234379768371582,1.1906087398529053,7667200
1997-02-28,1.5234379768371582,1.5234379768371582,1.4375,1.5,1.1722917556762695,12771200
1997-03-03,1.496093988418579,1.542968988418579,1.496093988418579,1.519531011581421,1.187554955482483,4758400
1997-03-04,1.519531011581421,1.558593988418579,1.519531011581421,1.550781011581421,1.2119776010513306,6908800
1997-03-05,1.5625,1.578125,1.5546879768371582,1.5703129768371582,1.2272428274154663,7408000
1997-03-06,1.609375,1.734375,1.5703129768371582,1.7109379768371582,1.339544415473938,12868800
1997-03-07,1.71875,1.765625,1.6796879768371582,1.734375,1.3578944206237793,7016000
1997-03-10,1.734375,1.734375,1.5625,1.6796879768371582,1.3150779008865356,13568000
1997-03-11,1.6796879768371582,1.6875,1.640625,1.671875,1.308961272239685,6001600
1997-03-12,1.65625,1.7421879768371582,1.625,1.734375,1.3578944206237793,5355200
1997-03-13,1.71875,1.7734379768371582,1.6953129768371582,1.71875,1.3456608057022095,8806400
1997-03-14,1.71875,1.7734379768371582,1.71875,1.75,1.3701276779174805,11376000
1997-03-17,1.734375,1.7578129768371582,1.671875,1.75,1.3701276779174805,13544000
1997-03-18,1.75,1.78125,1.625,1.6640629768371582,1.302844762802124,14027200
1997-03-19,1.640625,1.640625,1.5859379768371582,1.6171879768371582,1.2661447525024414,4120000
1997-03-20,1.609375,1.640625,1.6015629768371582,1.6328129768371582,1.2783782482147217,3883200
1997-03-21,1.640625,1.640625,1.5,1.5078129768371582,1.1805119514465332,5843200
1997-03-24,1.53125,1.703125,1.484375,1.640625,1.2844945192337036,10632000
1997-03-25,1.6796879768371582,1.6796879768371582,1.6171879768371582,1.65625,1.2967275381088257,4942400
1997-03-26,1.640625,1.671875,1.6171879768371582,1.640625,1.2844945192337036,7416000
1997-03-27,1.6640629768371582,1.6640629768371582,1.59375,1.625,1.272261142730713,3121600
1997-03-31,1.6015629768371582,1.6328129768371582,1.5859379768371582,1.5859379768371582,1.2416783571243286,4091200
1997-04-01,1.5859379768371582,1.59375,1.515625,1.527343988418579,1.1958030462265015,4540800
1997-04-02,1.515625,1.609375,1.515625,1.589843988418579,1.2447364330291748,7737600
1997-04-03,1.6015629768371582,1.6015629768371582,1.5703129768371582,1.59375,1.2477941513061523,3016000
1997-04-04,1.5703129768371582,1.6484379768371582,1.5703129768371582,1.625,1.272261142730713,4350400
1997-04-07,1.6015629768371582,1.7890629768371582,1.6015629768371582,1.7890629768371582,1.4007105827331543,5054400
1997-04-08,1.78125,1.8046879768371582,1.6796879768371582,1.703125,1.3334269523620605,4192000
1997-04-09,1.734375,1.765625,1.671875,1.734375,1.3578944206237793,3273600
1997-04-10,1.7734379768371582,1.8125,1.703125,1.7421879768371582,1.3640110492706299,6340800
1997-04-11,1.7265629768371582,1.7578129768371582,1.6484379768371582,1.6875,1.3211952447891235,2555200
1997-04-14,1.6953129768371582,1.6953129768371582,1.671875,1.6953129768371582,1.327311396598816,4948800
1997-04-15,1.734375,1.8359379768371582,1.7109379768371582,1.765625,1.3823606967926025,7116800
1997-04-16,1.796875,1.828125,1.734375,1.78125,1.3945939540863037,3276800
1997-04-17,1.78125,1.8125,1.75,1.7734379768371582,1.3884779214859009,3643200
1997-04-18,1.7578129768371582,1.7890629768371582,1.734375,1.765625,1.3823606967926025,2433600
1997-04-21,1.78125,1.796875,1.7578129768371582,1.7734379768371582,1.3884779214859009,5363200
1997-04-22,1.75,1.78125,1.7265629768371582,1.78125,1.3945939540863037,4475200
1997-04-23,1.78125,1.8203129768371582,1.75,1.8125,1.4190605878829956,4972800
1997-04-24,1.8203129768371582,1.875,1.8125,1.828125,1.4312933683395386,7348800
1997-04-25,1.859375,1.859375,1.8203129768371582,1.8203129768371582,1.4251779317855835,12518400
1997-04-28,1.8359379768371582,1.8359379768371582,1.765625,1.78125,1.3945939540863037,3958400
1997-04-29,1.8125,1.828125,1.765625,1.78125,1.3945939540863037,2369600
1997-04-30,1.7890629768371582,1.7890629768371582,1.75,1.7578129768371582,1.376244306564331,4043200
1997-05-01,1.75,1.8203129768371582,1.7421879768371582,1.765625,1.3823606967926025,4128000
1997-05-02,1.765625,1.796875,1.515625,1.6484379768371582,1.2906118631362915,29739200
1997-05-05,1.6484379768371582,1.75,1.6484379768371582,1.7421879768371582,1.3640110492706299,6608000
1997-05-06,1.75,1.75,1.65625,1.699218988418579,1.3303693532943726,5544000
1997-05-07,1.6796879768371582,1.703125,1.640625,1.65625,1.2967275381088257,3545600
1997-05-08,1.65625,1.703125,1.65625,1.6953129768371582,1.327311396598816,12014400
1997-05-09,1.6796879768371582,1.7734379768371582,1.6796879768371582,1.765625,1.3823606967926025,9692800
1997-05-12,1.7734379768371582,1.7890629768371582,1.71875,1.765625,1.3823606967926025,6134400
1997-05-13,1.7421879768371582,1.78125,1.734375,1.7421879768371582,1.3640110492706299,5948800
1997-05-14,1.734375,1.7578129768371582,1.734375,1.75,1.3701276779174805,4200000
1997-05-15,1.734375,1.765625,1.7265629768371582,1.765625,1.3823606967926025,6580800
1997-05-16,1.75,1.765625,1.6875,1.6875,1.3211952447891235,3980800
1997-05-19,1.71875,1.8046879768371582,1.703125,1.8046879768371582,1.4129443168640137,7185600
1997-05-20,1.796875,1.8671879768371582,1.734375,1.8671879768371582,1.4618775844573975,9611200
1997-05-21,1.875,1.890625,1.7421879768371582,1.78125,1.3945939540863037,10964800
1997-05-22,1.7734379768371582,1.796875,1.71875,1.7578129768371582,1.376244306564331,4681600
1997-05-23,1.7421879768371582,1.7734379768371582,1.7421879768371582,1.769531011581421,1.3854186534881592,5017600
1997-05-27,1.7578129768371582,1.7890629768371582,1.7578129768371582,1.7890629768371582,1.4007105827331543,7563200
1997-05-28,1.7890629768371582,1.8125,1.765625,1.777343988418579,1.3915358781814575,4828800
1997-05-29,1.765625,1.8125,1.765625,1.7890629768371582,1.4007105827331543,5948800
1997-05-30,1.796875,1.796875,1.7578129768371582,1.7578129768371582,1.376244306564331,4289600
1997-06-02,1.75,1.765625,1.71875,1.746093988418579,1.3670687675476074,5857600
1997-06-03,1.734375,1.7578129768371582,1.7109379768371582,1.7421879768371582,1.3640110492706299,19841600
1997-06-04,1.7421879768371582,1.78125,1.7421879768371582,1.7578129768371582,1.376244306564331,13388800
1997-06-05,1.765625,1.828125,1.7578129768371582,1.8046879768371582,1.4129443168640137,8614400
1997-06-06,1.875,1.890625,1.859375,1.871093988418579,1.4649356603622437,19489600
1997-06-09,1.8828129768371582,1.9375,1.8515629768371582,1.9375,1.5169271230697632,15324800
1997-06-10,1.9375,2.007812976837158,1.921875,1.984375,1.5536268949508667,13675200
1997-06-11,1.984375,2.078125,1.984375,2.046875,1.604834794998169,22649600
1997-06-12,2.078125,2.078125,2.023437976837158,2.039062976837158,1.5987098217010498,17235200
1997-06-13,2.03125,2.0625,2.015625,2.046875,1.604834794998169,8598400
1997-06-16,2.023437976837158,2.058593988418579,2.023437976837158,2.050781011581421,1.607897162437439,19201600
1997-06-17,2.046875,2.050781011581421,2.015625,2.019531011581421,1.5833958387374878,11584000
1997-06-18,2.015625,2.03125,1.9921879768371582,2.007812976837158,1.574208378791809,4918400
1997-06-19,2.007812976837158,2.03125,1.9921879768371582,2.03125,1.5925843715667725,12769600
1997-06-20,2.015625,2.054687976837158,2.015625,2.015625,1.5803333520889282,9361600
1997-06-23,2.015625,2.039062976837158,2.007812976837158,2.03125,1.5925843715667725,3083200
1997-06-24,2.03125,2.039062976837158,2.007812976837158,2.011718988418579,1.5772713422775269,4155200
1997-06-25,2.007812976837158,2.039062976837158,1.90625,1.9765629768371582,1.5497075319290161,8555200
1997-06-26,1.984375,2.023437976837158,1.953125,2.023437976837158,1.5864591598510742,8313600
1997-06-27,2.023437976837158,2.023437976837158,2.007812976837158,2.019531011581421,1.5833958387374878,3272000
1997-06-30,2.007812976837158,2.0625,2.007812976837158,2.042968988418579,1.6017720699310303,5836800
1997-07-01,2.039062976837158,2.101562976837158,2.039062976837158,2.0625,1.6170849800109863,12227200
1997-07-02,2.078125,2.078125,2.046875,2.070312976837158,1.6232104301452637,7475200
1997-07-03,2.074218988418579,2.140625,2.0625,2.128906011581421,1.6691501140594482,5308800
1997-07-07,2.132812976837158,2.132812976837158,2.089843988418579,2.123047113418579,1.6645559072494507,4894400
1997-07-08,2.101562976837158,2.148437976837158,2.101562976837158,2.117187976837158,1.6599628925323486,4424000
1997-07-09,2.117187976837158,2.140625,2.085937976837158,2.101562976837158,1.647711992263794,8286400
1997-07-10,2.101562976837158,2.140625,2.078125,2.09375,1.6415866613388062,6254400
1997-07-11,2.070312976837158,2.09375,1.832031011581421,1.8359379768371582,1.4394513368606567,14881600
1997-07-14,1.890625,1.96875,1.8828129768371582,1.8828129768371582,1.4762036800384521,16646400
1997-07-15,1.890625,1.921875,1.7578129768371582,1.761718988418579,1.3812607526779175,28766400
1997-07-16,1.796875,1.796875,1.6953129768371582,1.7109379768371582,1.3414462804794312,37064000
1997-07-17,1.6953129768371582,1.84375,1.6953129768371582,1.8125,1.4210748672485352,19384000
1997-07-18,1.8359379768371582,1.890625,1.8125,1.84375,1.445576548576355,8632000
1997-07-21,1.84375,1.890625,1.8203129768371582,1.8671879768371582,1.463952898979187,7696000
1997-07-22,1.9375,2.0,1.921875,1.9589840173721313,1.5359249114990234,8025600
1997-07-23,1.96875,1.9921879768371582,1.9609379768371582,1.972656011581421,1.5466442108154297,7766400
1997-07-24,2.0,2.015625,1.96875,1.9921879768371582,1.5619579553604126,4132800
1997-07-25,1.96875,2.007812976837158,1.953125,1.953125,1.5313304662704468,6974400
1997-07-28,1.9453129768371582,1.9765629768371582,1.9453129768371582,1.9609379768371582,1.5374565124511719,5488000
1997-07-29,1.9453129768371582,1.9765629768371582,1.9296879768371582,1.9296879768371582,1.512955665588379,7646400
1997-07-30,1.9296879768371582,1.9921879768371582,1.9296879768371582,1.9765629768371582,1.5497075319290161,6761600
1997-07-31,2.0,2.0625,1.96875,1.9765629768371582,1.5497075319290161,8644800
1997-08-01,2.0,2.0,1.890625,1.941406011581421,1.522143006324768,9841600
1997-08-04,1.9375,1.9921879768371582,1.9296879768371582,1.9921879768371582,1.5619579553604126,6164800
1997-08-05,2.0,2.039062976837158,1.984375,2.0,1.5680826902389526,5576000
1997-08-06,2.0,2.070312976837158,2.0,2.054687976837158,1.6109598875045776,11462400
1997-08-07,2.070312976837158,2.085937976837158,2.03125,2.039062976837158,1.5987098217010498,11766400
1997-08-08,2.015625,2.039062976837158,1.949218988418579,1.9765629768371582,1.5497075319290161,6984000
1997-08-11,1.9765629768371582,1.9765629768371582,1.921875,1.921875,1.5068291425704956,11262400
1997-08-12,1.9296879768371582,1.9765629768371582,1.9296879768371582,1.953125,1.5313304662704468,13451200
1997-08-13,1.953125,1.9765629768371582,1.9453129768371582,1.96875,1.5435810089111328,10340800
1997-08-14,1.9609379768371582,1.984375,1.9609379768371582,1.9765629768371582,1.5497075319290161,6198400
1997-08-15,1.9921879768371582,2.023437976837158,1.941406011581421,1.9609379768371582,1.5374565124511719,10760000
1997-08-18,1.980468988418579,1.9921879768371582,1.921875,1.9296879768371582,1.512955665588379,4598400
1997-08-19,1.96875,2.007812976837158,1.777343988418579,1.855468988418579,1.4547648429870605,18556800
1997-08-20,1.859375,1.875,1.8125,1.8203129768371582,1.4272007942199707,22720000
1997-08-21,1.8125,1.878906011581421,1.7734379768371582,1.8671879768371582,1.463952898979187,10507200
1997-08-22,1.8125,1.8515629768371582,1.7890629768371582,1.8125,1.4210748672485352,8830400
1997-08-25,1.8359379768371582,1.8515629768371582,1.828125,1.84375,1.445576548576355,8339200
1997-08-26,1.859375,1.875,1.8125,1.8359379768371582,1.4394513368606567,7419200
1997-08-27,1.84375,1.84375,1.796875,1.828125,1.433325171470642,6372800
1997-08-28,1.828125,1.84375,1.796875,1.8125,1.4210748672485352,12643200
1997-08-29,1.8125,1.8515629768371582,1.8125,1.8359379768371582,1.4394513368606567,9100800
1997-09-02,1.859375,1.8984379768371582,1.84375,1.8828129768371582,1.4762036800384521,6864000
1997-09-03,1.921875,1.9296879768371582,1.890625,1.921875,1.5090839862823486,6483200
1997-09-04,1.941406011581421,1.984375,1.9296879768371582,1.9609379768371582,1.5397571325302124,8945600
1997-09-05,2.0,2.03125,1.9765629768371582,1.9921879768371582,1.5642950534820557,7868800
1997-09-08,2.007812976837158,2.039062976837158,2.0,2.035156011581421,1.5980342626571655,8974400
1997-09-09,2.027343988418579,2.054687976837158,2.027343988418579,2.03125,1.594967246055603,7811200
1997-09-10,2.035156011581421,2.058593988418579,2.03125,2.042968988418579,1.6041688919067383,2803200
1997-09-11,2.058593988418579,2.0625,2.007812976837158,2.058593988418579,1.6164381504058838,7049600
1997-09-12,2.066406011581421,2.125,2.054687976837158,2.125,1.6685806512832642,7627200
1997-09-15,2.125,2.140625,2.09375,2.125,1.6685806512832642,4676800
1997-09-16,2.140625,2.1875,2.117187976837158,2.1875,1.7176575660705566,6185600
1997-09-17,2.1875,2.257812976837158,2.1875,2.214843988418579,1.7391281127929688,9121600
1997-09-18,2.21875,2.242187976837158,2.210937976837158,2.210937976837158,1.7360613346099854,6190400
1997-09-19,2.21875,2.226562976837158,2.1875,2.199218988418579,1.726858377456665,7713600
1997-09-22,2.21875,2.21875,2.1875,2.191406011581421,1.7207247018814087,3336000
1997-09-23,2.195312976837158,2.203125,2.179687976837158,2.195312976837158,1.7237918376922607,5784000
1997-09-24,2.195312976837158,2.21875,2.1875,2.210937976837158,1.7360613346099854,4411200
1997-09-25,2.226562976837158,2.234375,2.1875,2.203125,1.729926347732544,3766400
1997-09-26,2.210937976837158,2.226562976837158,2.171875,2.179687976837158,1.7115229368209839,3763200
1997-09-29,2.179687976837158,2.1875,2.125,2.125,1.6685806512832642,3356800
1997-09-30,2.15625,2.179687976837158,2.125,2.132812976837158,1.674715518951416,4390400
1997-10-01,2.148437976837158,2.28125,2.125,2.25,1.7667335271835327,6065600
1997-10-02,2.25,2.332031011581421,2.25,2.292968988418579,1.8004717826843262,5246400
1997-10-03,2.328125,2.382812976837158,2.3125,2.3125,1.8158085346221924,6096000
1997-10-06,2.351562976837158,2.390625,2.328125,2.375,1.8648850917816162,4502400
1997-10-07,2.351562976837158,2.375,2.308593988418579,2.320312976837158,1.8219431638717651,5548800
1997-10-08,2.328125,2.390625,2.289062976837158,2.375,1.8648850917816162,8964800
1997-10-09,2.367187976837158,2.453125,2.328125,2.34375,1.8403465747833252,7195200
1997-10-10,2.320312976837158,2.359375,2.28125,2.359375,1.8526155948638916,2116800
1997-10-13,2.359375,2.367187976837158,2.328125,2.359375,1.8526155948638916,2217600
1997-10-14,2.355468988418579,2.367187976837158,2.320312976837158,2.347656011581421,1.8434135913848877,3419200
1997-10-15,2.328125,2.40625,2.3125,2.320312976837158,1.8219431638717651,5099200
1997-10-16,2.3125,2.328125,2.242187976837158,2.289062976837158,1.7974048852920532,3953600
1997-10-17,2.25,2.296875,2.234375,2.251952886581421,1.7682660818099976,4528000
1997-10-20,2.273437976837158,2.289062976837158,2.234375,2.289062976837158,1.7974048852920532,3315200
1997-10-21,2.289062976837158,2.359375,2.25,2.316406011581421,1.818876028060913,3870400
1997-10-22,2.328125,2.328125,2.296875,2.304687976837158,1.8096752166748047,4360000
1997-10-23,2.289062976837158,2.328125,2.238281011581421,2.328125,1.8280775547027588,7145600
1997-10-24,2.34375,2.351562976837158,2.242187976837158,2.242187976837158,1.76059889793396,5923200
1997-10-27,2.25,2.25,2.140625,2.171875,1.7053874731063843,5302400
1997-10-28,2.09375,2.238281011581421,2.070312976837158,2.238281011581421,1.7575312852859497,7672000
1997-10-29,2.25,2.34375,2.234375,2.324218988418579,1.8250107765197754,5230400
1997-10-30,2.289062976837158,2.328125,2.265625,2.296875,1.803539752960205,4718400
1997-10-31,2.296875,2.351562976837158,2.296875,2.335937976837158,1.8342124223709106,4494400
1997-11-03,2.375,2.429687976837158,2.351562976837158,2.40625,1.8894219398498535,4713600
1997-11-04,2.429687976837158,2.429687976837158,2.390625,2.429687976837158,1.9078257083892822,3969600
1997-11-05,2.429687976837158,2.46875,2.40625,2.429687976837158,1.9078257083892822,4726400
1997-11-06,2.460937976837158,2.515625,2.398437976837158,2.496093988418579,1.9599685668945312,7467200
1997-11-07,2.46875,2.492187976837158,2.375,2.390625,1.8771528005599976,4969600
1997-11-10,2.421875,2.429687976837158,2.3125,2.328125,1.8280775547027588,3310400
1997-11-11,2.34375,2.398437976837158,2.3125,2.382812976837158,1.8710196018218994,4923200
1997-11-12,2.34375,2.382812976837158,2.3125,2.328125,1.8280775547027588,3865600
1997-11-13,2.328125,2.351562976837158,2.28125,2.328125,1.8280775547027588,3798400
1997-11-14,2.34375,2.515625,2.335937976837158,2.492187976837158,1.9569021463394165,9324800
1997-11-17,2.523437976837158,2.648437976837158,2.515625,2.589843988418579,2.0335826873779297,7446400
1997-11-18,2.625,2.632812976837158,2.546875,2.613281011581421,2.051985502243042,4561600
1997-11-19,2.570312976837158,2.617187976837158,2.546875,2.578125,2.024380922317505,2518400
1997-11-20,2.578125,2.617187976837158,2.578125,2.59375,2.0366501808166504,2219200
1997-11-21,2.617187976837158,2.617187976837158,2.574218988418579,2.574218988418579,2.0213146209716797,3454400
1997-11-24,2.609375,2.609375,2.492187976837158,2.519531011581421,1.9783730506896973,5208000
1997-11-25,2.484375,2.492187976837158,2.375,2.402343988418579,1.8863552808761597,8785600
1997-11-26,2.40625,2.453125,2.3974609375,2.414062976837158,1.8955570459365845,3291200
1997-11-28,2.4375,2.472656011581421,2.390625,2.4375,1.9139606952667236,1401600
1997-12-01,2.46875,2.515625,2.4375,2.515625,1.9753047227859497,6027200
1997-12-02,2.515625,2.617187976837158,2.492187976837158,2.5625,2.0121123790740967,13318400
1997-12-03,2.5625,2.625,2.554687976837158,2.554687976837158,2.0081827640533447,7140800
1997-12-04,2.578125,2.578125,2.4375,2.460937976837158,1.9344877004623413,6961600
1997-12-05,2.460937976837158,2.519531011581421,2.421875,2.46875,1.940629243850708,7726400
1997-12-08,2.453125,2.5,2.421875,2.453125,1.9283474683761597,3886400
1997-12-09,2.421875,2.445312976837158,2.390625,2.429687976837158,1.9099236726760864,6449600
1997-12-10,2.4375,2.4375,2.328125,2.351562976837158,1.848510503768921,4707200
1997-12-11,2.328125,2.378906011581421,2.296875,2.339843988418579,1.839298963546753,2326400
1997-12-12,2.351562976837158,2.390625,2.328125,2.382812976837158,1.8730758428573608,3412800
1997-12-15,2.375,2.390625,2.296875,2.320312976837158,1.82394540309906,6264000
1997-12-16,2.351562976837158,2.375,2.21875,2.257812976837158,1.7748157978057861,10019200
1997-12-17,2.25,2.260741949081421,2.21875,2.230468988418579,1.7533212900161743,5596800
1997-12-18,2.226562976837158,2.242187976837158,2.15625,2.1875,1.7195448875427246,7080000
1997-12-19,2.15625,2.171875,2.109375,2.128906011581421,1.6734853982925415,6524800
1997-12-22,2.140625,2.195312976837158,2.109375,2.125,1.6704143285751343,5668800
1997-12-23,2.132812976837158,2.140625,2.101562976837158,2.130858898162842,1.6750199794769287,4742400
1997-12-24,2.109375,2.140625,2.085937976837158,2.085937976837158,1.639709234237671,2769600
1997-12-26,2.113281011581421,2.125,2.054687976837158,2.078125,1.6335675716400146,1339200
1997-12-29,2.0625,2.085937976837158,2.054687976837158,2.058593988418579,1.6182146072387695,4840000
1997-12-30,2.046875,2.328125,2.046875,2.3125,1.817804217338562,11286400
1997-12-31,2.3125,2.4375,2.273437976837158,2.273437976837158,1.7870992422103882,5075200
1998-01-02,2.289062976837158,2.304687976837158,2.257812976837158,2.257812976837158,1.7748157978057861,1294400
1998-01-05,2.257812976837158,2.289062976837158,2.21875,2.253906011581421,1.7717442512512207,2598400
1998-01-06,2.25,2.25,2.125,2.226562976837158,1.7502520084381104,9571200
1998-01-07,2.21875,2.242187976837158,2.195312976837158,2.210937976837158,1.7379684448242188,3126400
1998-01-08,2.21875,2.273437976837158,2.210937976837158,2.25,1.7686744928359985,5888000
1998-01-09,2.25,2.265625,2.226562976837158,2.257812976837158,1.7748157978057861,3734400
1998-01-12,2.203125,2.25,2.171875,2.25,1.7686744928359985,7337600
1998-01-13,2.25,2.28125,2.226562976837158,2.273437976837158,1.7870992422103882,6113600
1998-01-14,2.265625,2.308593988418579,2.257812976837158,2.308593988418579,1.8147332668304443,3180800
1998-01-15,2.296875,2.328125,2.28125,2.304687976837158,1.8116635084152222,2833600
1998-01-16,2.320312976837158,2.328125,2.273437976837158,2.296875,1.805522084236145,7243200
1998-01-20,2.3125,2.3125,2.21875,2.242187976837158,1.7625341415405273,10179200
1998-01-21,2.25,2.265625,2.195312976837158,2.210937976837158,1.7379684448242188,10974400
1998-01-22,2.195312976837158,2.234375,2.140625,2.140625,1.6826967000961304,8708800
1998-01-23,2.15625,2.15625,2.109375,2.132812976837158,1.6765552759170532,8419200
1998-01-26,2.125,2.125,2.085937976837158,2.085937976837158,1.639709234237671,7073600
1998-01-27,2.101562976837158,2.109375,2.078125,2.097656011581421,1.6489195823669434,9992000
1998-01-28,2.101562976837158,2.109375,2.03125,2.0625,1.6212846040725708,10833600
1998-01-29,2.0625,2.101562976837158,2.039062976837158,2.046875,1.6090025901794434,11000000
1998-01-30,2.042968988418579,2.070312976837158,2.007812976837158,2.03125,1.59671950340271,7188800
1998-02-02,2.070312976837158,2.117187976837158,2.070312976837158,2.097656011581421,1.6489195823669434,11145600
1998-02-03,2.101562976837158,2.15625,2.085937976837158,2.117187976837158,1.664273738861084,5257600
1998-02-04,2.101562976837158,2.140625,2.054687976837158,2.132812976837158,1.6765552759170532,3747200
1998-02-05,2.148437976837158,2.25,2.140625,2.246093988418579,1.765604853630066,9200000
1998-02-06,2.234375,2.273437976837158,2.207031011581421,2.207031011581421,1.7348971366882324,10926400
1998-02-09,2.207031011581421,2.230468988418579,2.164062976837158,2.167968988418579,1.7041919231414795,23579200
1998-02-10,2.1875,2.203125,2.164062976837158,2.1875,1.7195448875427246,8209600
1998-02-11,2.1875,2.261718988418579,2.179687976837158,2.25,1.7686744928359985,6014400
1998-02-12,2.261718988418579,2.261718988418579,2.203125,2.226562976837158,1.7502520084381104,6361600
1998-02-13,2.21875,2.25,2.203125,2.234375,1.756392002105713,4070400
1998-02-17,2.25,2.25,2.214843988418579,2.214843988418579,1.7410387992858887,10796800
1998-02-18,2.21875,2.257812976837158,2.214843988418579,2.257812976837158,1.7748157978057861,8785600
1998-02-19,2.234375,2.351562976837158,2.234375,2.324218988418579,1.8270164728164673,10014400
1998-02-20,2.324218988418579,2.375,2.3125,2.355468988418579,1.8515812158584595,9710400
1998-02-23,2.351562976837158,2.386718988418579,2.351562976837158,2.375,1.8669341802597046,12016000
1998-02-24,2.375,2.390625,2.359375,2.371093988418579,1.8638626337051392,5281600
1998-02-25,2.375,2.429687976837158,2.367187976837158,2.414062976837158,1.8976408243179321,4644800
1998-02-26,2.414062976837158,2.46875,2.414062976837158,2.464843988418579,1.9375574588775635,5195200
1998-02-27,2.46875,2.484375,2.4375,2.460937976837158,1.9344877004623413,7768000
1998-03-02,2.46875,2.46875,2.398437976837158,2.414062976837158,1.8976408243179321,5204800
1998-03-03,2.382812976837158,2.421875,2.367187976837158,2.40625,1.8914979696273804,6795200
1998-03-04,2.421875,2.453125,2.382812976837158,2.398437976837158,1.888055682182312,4774400
1998-03-05,2.390625,2.398437976837158,2.359375,2.382812976837158,1.8757561445236206,6016000
1998-03-06,2.382812976837158,2.398437976837158,2.359375,2.378906011581421,1.8726805448532104,12329600
1998-03-09,2.359375,2.460937976837158,2.34375,2.445312976837158,1.9249560832977295,9204800
1998-03-10,2.460937976837158,2.5625,2.4375,2.539062976837158,1.9987565279006958,9185600
1998-03-11,2.546875,2.546875,2.5,2.523437976837158,1.986456274986267,6236800
1998-03-12,2.5,2.523437976837158,2.460937976837158,2.523437976837158,1.986456274986267,6480000
1998-03-13,2.523437976837158,2.59375,2.5,2.578125,2.029505491256714,5248000
1998-03-16,2.578125,2.578125,2.492187976837158,2.53125,1.9926056861877441,11216000
1998-03-17,2.539062976837158,2.582031011581421,2.523437976837158,2.570312976837158,2.02335524559021,4859200
1998-03-18,2.585937976837158,2.648437976837158,2.570312976837158,2.632812976837158,2.072556495666504,13931200
1998-03-19,2.625,2.640625,2.609375,2.625,2.0664050579071045,10552000
1998-03-20,2.632812976837158,2.640625,2.585937976837158,2.601562976837158,2.047956705093384,7824000
1998-03-23,2.605468988418579,2.625,2.546875,2.5625,2.0172059535980225,14729600
1998-03-24,2.5625,2.578125,2.546875,2.5625,2.0172059535980225,5345600
1998-03-25,2.5625,2.628906011581421,2.546875,2.625,2.0664050579071045,14857600
1998-03-26,2.609375,2.621093988418579,2.578125,2.617187976837158,2.060256004333496,8139200
1998-03-27,2.625,2.632812976837158,2.585937976837158,2.601562976837158,2.047956705093384,6483200
1998-03-30,2.605468988418579,2.632812976837158,2.589843988418579,2.632812976837158,2.072556495666504,4112000
1998-03-31,2.632812976837158,2.765625,2.625,2.757812976837158,2.1709563732147217,15571200
1998-04-01,2.765625,2.773437976837158,2.722656011581421,2.75,2.1648075580596924,9126400
1998-04-02,2.75,2.796875,2.734375,2.773437976837158,2.1832568645477295,6568000
1998-04-03,2.78125,2.890625,2.773437976837158,2.882812976837158,2.269357442855835,8339200
1998-04-06,2.882812976837158,2.890625,2.851562976837158,2.859375,2.250905990600586,5859200
1998-04-07,2.867187976837158,2.886718988418579,2.804687976837158,2.820312976837158,2.220156669616699,8883200
1998-04-08,2.828125,2.875,2.8125,2.839843988418579,2.2355313301086426,3971200
1998-04-09,2.859375,2.859375,2.796875,2.816406011581421,2.217081069946289,7825600
1998-04-13,2.8125,2.820312976837158,2.75,2.792968988418579,2.198631763458252,7206400
1998-04-14,2.8125,2.84375,2.785156011581421,2.804687976837158,2.2078568935394287,6438400
1998-04-15,2.804687976837158,2.804687976837158,2.738281011581421,2.769531011581421,2.1801810264587402,5000000
1998-04-16,2.734375,2.835937976837158,2.71875,2.796875,2.201706886291504,7520000
1998-04-17,2.789062976837158,2.882812976837158,2.78125,2.875,2.2632057666778564,6040000
1998-04-20,2.859375,2.953125,2.859375,2.9375,2.3124051094055176,8576000
1998-04-21,2.9375,3.0,2.90625,2.984375,2.3493080139160156,8929600
1998-04-22,2.96875,3.0,2.96875,2.980468988418579,2.34623122215271,6286400
1998-04-23,3.0,3.03125,2.984375,2.996093988418579,2.3585317134857178,6776000
1998-04-24,3.015625,3.039062976837158,2.984375,3.019531011581421,2.3769822120666504,7470400
1998-04-27,2.960937976837158,2.984375,2.789062976837158,2.851562976837158,2.2447564601898193,7380800
1998-04-28,2.882812976837158,2.921875,2.835937976837158,2.921875,2.3001065254211426,5827200
1998-04-29,2.921875,2.992187976837158,2.882812976837158,2.953125,2.324706554412842,7417600
1998-04-30,2.984375,2.984375,2.890625,2.894531011581421,2.2785804271698,6529600
1998-05-01,2.898437976837158,2.917968988418579,2.890625,2.90625,2.2878053188323975,5966400
1998-05-04,2.917968988418579,2.945312976837158,2.90625,2.921875,2.3001065254211426,4651200
1998-05-05,2.921875,2.929687976837158,2.851562976837158,2.875,2.2632057666778564,3713600
1998-05-06,2.90625,2.914062976837158,2.859375,2.90625,2.2878053188323975,4872000
1998-05-07,2.921875,2.921875,2.835937976837158,2.835937976837158,2.2324562072753906,4881600
1998-05-08,2.835937976837158,2.875,2.804687976837158,2.8125,2.2140069007873535,3577600
1998-05-11,2.8125,2.8125,2.710937976837158,2.746093988418579,2.1617321968078613,6908800
1998-05-12,2.742187976837158,2.828125,2.625,2.8125,2.2140069007873535,8996800
1998-05-13,2.835937976837158,2.84375,2.742187976837158,2.746093988418579,2.1617321968078613,10726400
1998-05-14,2.742187976837158,2.757812976837158,2.734375,2.738281011581421,2.1555798053741455,2731200
1998-05-15,2.742187976837158,2.757812976837158,2.5625,2.574218988418579,2.026430606842041,9809600
1998-05-18,2.59375,2.648437976837158,2.585937976837158,2.601562976837158,2.047956705093384,9073600
1998-05-19,2.609375,2.6875,2.59375,2.675781011581421,2.106379747390747,7716800
1998-05-20,2.65625,2.65625,2.597656011581421,2.609375,2.0541062355041504,9139200
1998-05-21,2.609375,2.625,2.570312976837158,2.582031011581421,2.032580852508545,6025600
1998-05-22,2.582031011581421,2.671875,2.582031011581421,2.660156011581421,2.094080686569214,12387200
1998-05-26,2.671875,2.671875,2.625,2.65625,2.0910048484802246,2675200
1998-05-27,2.652343988418579,2.679687976837158,2.59375,2.679687976837158,2.109457015991211,5222400
1998-05-28,2.671875,2.789062976837158,2.671875,2.769531011581421,2.1801810264587402,8526400
1998-05-29,2.769531011581421,2.804687976837158,2.75,2.757812976837158,2.1709563732147217,7048000
1998-06-01,2.796875,2.835937976837158,2.757812976837158,2.789062976837158,2.1955573558807373,4088000
1998-06-02,2.78125,2.808593988418579,2.75,2.78125,2.1894052028656006,3868800
1998-06-03,2.78125,2.78125,2.679687976837158,2.679687976837158,2.109457015991211,5593600
1998-06-04,2.6875,2.6875,2.570312976837158,2.578125,2.029505491256714,13339200
1998-06-05,2.585937976837158,2.585937976837158,2.546875,2.570312976837158,2.02335524559021,12120000
1998-06-08,2.570312976837158,2.6875,2.5625,2.660156011581421,2.094080686569214,9267200
1998-06-09,2.652343988418579,2.757812976837158,2.648437976837158,2.742187976837158,2.158656597137451,5593600
1998-06-10,2.71875,2.84375,2.71875,2.78125,2.1921534538269043,10188800
1998-06-11,2.773437976837158,2.785156011581421,2.742187976837158,2.785156011581421,2.1952338218688965,4660800
1998-06-12,2.765625,2.765625,2.648437976837158,2.683593988418579,2.115182876586914,5017600
1998-06-15,2.664062976837158,2.664062976837158,2.601562976837158,2.609375,2.056684732437134,3294400
1998-06-16,2.640625,2.640625,2.46875,2.523437976837158,1.9889498949050903,14275200
1998-06-17,2.523437976837158,2.632812976837158,2.507812976837158,2.613281011581421,2.0597615242004395,15392000
1998-06-18,2.625,2.625,2.539062976837158,2.570312976837158,2.025895118713379,7729600
1998-06-19,2.578125,2.578125,2.546875,2.550781011581421,2.0105013847351074,14270400
1998-06-22,2.546875,2.578125,2.53125,2.578125,2.032052993774414,7560000
1998-06-23,2.578125,2.578125,2.539062976837158,2.566406011581421,2.0228164196014404,8560000
1998-06-24,2.554687976837158,2.585937976837158,2.507812976837158,2.566406011581421,2.0228164196014404,9368000
1998-06-25,2.585937976837158,2.617187976837158,2.480468988418579,2.546875,2.0074219703674316,8736000
1998-06-26,2.546875,2.578125,2.546875,2.578125,2.032052993774414,8956800
1998-06-29,2.578125,2.71875,2.578125,2.6875,2.1182613372802734,5760000
1998-06-30,2.695312976837158,2.707031011581421,2.664062976837158,2.6875,2.1182613372802734,8524800
1998-07-01,2.703125,2.765625,2.6875,2.742187976837158,2.1613667011260986,7427200
1998-07-02,2.75,2.773437976837158,2.726562976837158,2.757812976837158,2.1736817359924316,6316800
1998-07-06,2.78125,2.835937976837158,2.773437976837158,2.8125,2.2167861461639404,5921600
1998-07-07,2.804687976837158,2.851562976837158,2.804687976837158,2.835937976837158,2.2352588176727295,3512000
1998-07-08,2.84375,2.84375,2.796875,2.8125,2.2167861461639404,6345600
1998-07-09,2.8125,2.828125,2.648437976837158,2.765625,2.179839611053467,16372800
1998-07-10,2.8125,2.902343988418579,2.8125,2.867187976837158,2.2598893642425537,10784000
1998-07-13,2.890625,2.890625,2.84375,2.867187976837158,2.2598893642425537,4076800
1998-07-14,2.851562976837158,2.945312976837158,2.851562976837158,2.929687976837158,2.3091530799865723,8600000
1998-07-15,2.90625,3.046875,2.90625,2.992187976837158,2.3584136962890625,37038400
1998-07-16,2.992187976837158,3.054687976837158,2.929687976837158,2.992187976837158,2.3584136962890625,6323200
1998-07-17,3.023437976837158,3.117187976837158,2.992187976837158,3.0625,2.4138336181640625,9656000
1998-07-20,3.078125,3.109375,3.03125,3.105468988418579,2.447700262069702,12868800
1998-07-21,3.09375,3.125,3.0625,3.089843988418579,2.4353857040405273,6137600
1998-07-22,3.085937976837158,3.087891101837158,3.03125,3.058593988418579,2.410754442214966,5680000
1998-07-23,3.070312976837158,3.070312976837158,2.757812976837158,2.875,2.2660467624664307,16025600
1998-07-24,2.882812976837158,2.886718988418579,2.84375,2.875,2.2660467624664307,5392000
1998-07-27,2.804687976837158,2.8125,2.765625,2.78125,2.1921534538269043,4265600
1998-07-28,2.769531011581421,2.789062976837158,2.710937976837158,2.714843988418579,2.1398138999938965,5755200
1998-07-29,2.765625,2.765625,2.601562976837158,2.65625,2.0936295986175537,8340800
1998-07-30,2.6875,2.765625,2.679687976837158,2.734375,2.155207395553589,5392000
1998-07-31,2.734375,2.734375,2.625,2.628906011581421,2.0720784664154053,3732800
1998-08-03,2.648437976837158,2.648437976837158,2.53125,2.570312976837158,2.025895118713379,10001600
1998-08-04,2.578125,2.585937976837158,2.429687976837158,2.484375,1.9581611156463623,19955200
1998-08-05,2.476562976837158,2.5,2.265625,2.484375,1.9581611156463623,11953600
1998-08-06,2.507812976837158,2.539062976837158,2.453125,2.511718988418579,1.9797122478485107,12462400
1998-08-07,2.53125,2.59375,2.515625,2.542968988418579,2.004343271255493,8124800
1998-08-10,2.570312976837158,2.59375,2.539062976837158,2.558593988418579,2.01665997505188,3819200
1998-08-11,2.523437976837158,2.5625,2.46875,2.527343988418579,1.9920285940170288,7209600
1998-08-12,2.554687976837158,2.664062976837158,2.542968988418579,2.648437976837158,2.087473154067993,5507200
1998-08-13,2.664062976837158,2.664062976837158,2.53125,2.570312976837158,2.025895118713379,5251200
1998-08-14,2.59375,2.65625,2.507812976837158,2.5625,2.01973819732666,7235200
1998-08-17,2.515625,2.632812976837158,2.476562976837158,2.609375,2.056684732437134,8054400
1998-08-18,2.65625,2.78125,2.625,2.75,2.167525053024292,12048000
1998-08-19,2.75,2.773437976837158,2.609375,2.609375,2.056684732437134,5390400
1998-08-20,2.625,2.71875,2.59375,2.6875,2.1182613372802734,3928000
1998-08-21,2.6875,2.742187976837158,2.546875,2.726562976837158,2.1490509510040283,7534400
1998-08-24,2.757812976837158,2.796875,2.6875,2.710937976837158,2.1367340087890625,8268800
1998-08-25,2.703125,2.785156011581421,2.703125,2.75,2.167525053024292,3078400
1998-08-26,2.71875,2.726562976837158,2.648437976837158,2.675781011581421,2.1090238094329834,5192000
1998-08-27,2.585937976837158,2.640625,2.539062976837158,2.601562976837158,2.050527572631836,6230400
1998-08-28,2.59375,2.601562976837158,2.351562976837158,2.421875,1.908897876739502,8156800
1998-08-31,2.414062976837158,2.46875,2.25,2.273437976837158,1.7919026613235474,6340800
1998-09-01,2.289062976837158,2.320312976837158,2.148437976837158,2.257812976837158,1.7795863151550293,16052800
1998-09-02,2.265625,2.289062976837158,2.210937976837158,2.21875,1.7487975358963013,6062400
1998-09-03,2.210937976837158,2.230468988418579,2.15625,2.15625,1.6995348930358887,4848000
1998-09-04,2.1875,2.1875,2.0,2.089843988418579,1.6471951007843018,5084800
1998-09-08,2.140625,2.21875,2.109375,2.191406011581421,1.730092167854309,15688000
1998-09-09,2.210937976837158,2.226562976837158,2.171875,2.183593988418579,1.7239235639572144,11246400
1998-09-10,2.175781011581421,2.191406011581421,2.09375,2.125,1.677664041519165,5371200
1998-09-11,2.117187976837158,2.195312976837158,2.117187976837158,2.1875,1.7270073890686035,6758400
1998-09-14,2.207031011581421,2.3125,2.191406011581421,2.25,1.776350498199463,6057600
1998-09-15,2.28125,2.359375,2.25,2.304687976837158,1.8195264339447021,4564800
1998-09-16,2.328125,2.363281011581421,2.28125,2.359375,1.8627012968063354,2752000
1998-09-17,2.296875,2.328125,2.21875,2.3125,1.8256933689117432,2355200
1998-09-18,2.320312976837158,2.339843988418579,2.296875,2.300781011581421,1.816441535949707,2348800
1998-09-21,2.273437976837158,2.289062976837158,2.167968988418579,2.265625,1.7886857986450195,2756800
1998-09-22,2.289062976837158,2.351562976837158,2.253906011581421,2.320312976837158,1.8318618535995483,2544000
1998-09-23,2.335937976837158,2.335937976837158,2.132812976837158,2.1875,1.7270073890686035,16264000
1998-09-24,2.1875,2.203125,2.09375,2.117187976837158,1.6714963912963867,10755200
1998-09-25,2.140625,2.140625,1.9765629768371582,2.007812976837158,1.5851465463638306,11219200
1998-09-28,2.0,2.007812976837158,1.9765629768371582,1.984375,1.5666427612304688,6748800
1998-09-29,1.9765629768371582,2.0,1.9140629768371582,1.9375,1.5296351909637451,13129600
1998-09-30,1.9296879768371582,1.9453129768371582,1.769531011581421,1.7890629768371582,1.4124456644058228,16342400
1998-10-01,1.75,1.8125,1.53125,1.5703129768371582,1.2397451400756836,30083200
1998-10-02,1.578125,1.7265629768371582,1.5625,1.6171879768371582,1.276752233505249,20428800
1998-10-05,1.5859379768371582,1.625,1.5625,1.5859379768371582,1.2520811557769775,7435200
1998-10-06,1.609375,1.7109379768371582,1.59375,1.667968988418579,1.316842794418335,6985600
1998-10-07,1.6796879768371582,1.6796879768371582,1.4921879768371582,1.546875,1.2212409973144531,13940800
1998-10-08,1.4921879768371582,1.5625,1.453125,1.527343988418579,1.2058216333389282,9020800
1998-10-09,1.5703129768371582,1.625,1.550781011581421,1.5859379768371582,1.2520811557769775,12616000
1998-10-12,1.6484379768371582,1.78125,1.6484379768371582,1.703125,1.3445988893508911,12195200
1998-10-13,1.703125,1.7109379768371582,1.625,1.644531011581421,1.2983394861221313,7918400
1998-10-14,1.6328129768371582,1.8515629768371582,1.609375,1.84375,1.4556206464767456,13198400
1998-10-15,1.8046879768371582,2.117187976837158,1.7890629768371582,2.0625,1.628321647644043,23462400
1998-10-16,2.027343988418579,2.085937976837158,1.988281011581421,2.03125,1.6036492586135864,12233600
1998-10-19,2.023437976837158,2.300781011581421,1.9921879768371582,2.0625,1.628321647644043,18651200
1998-10-20,2.09375,2.164062976837158,2.0625,2.140625,1.6899999380111694,17252800
1998-10-21,2.140625,2.222656011581421,2.054687976837158,2.191406011581421,1.730092167854309,5867200
1998-10-22,2.21875,2.265625,2.148437976837158,2.234375,1.764015793800354,4716800
1998-10-23,2.226562976837158,2.265625,2.171875,2.207031011581421,1.7424266338348389,3110400
1998-10-26,2.179687976837158,2.226562976837158,2.101562976837158,2.226562976837158,1.7578479051589966,7488000
1998-10-27,2.234375,2.257812976837158,2.125,2.15625,1.7023353576660156,6051200
1998-10-28,2.132812976837158,2.1875,2.109375,2.183593988418579,1.7239235639572144,2971200
1998-10-29,2.183593988418579,2.226562976837158,2.140625,2.214843988418579,1.748595118522644,4731200
1998-10-30,2.210937976837158,2.226562976837158,2.03125,2.03125,1.6036492586135864,7963200
1998-11-02,2.046875,2.296875,2.03125,2.1875,1.7270073890686035,17281600
1998-11-03,2.191406011581421,2.242187976837158,2.160156011581421,2.210937976837158,1.745511770248413,3206400
1998-11-04,2.242187976837158,2.25,2.15625,2.222656011581421,1.7547630071640015,6828800
1998-11-05,2.195312976837158,2.210937976837158,1.984375,2.0,1.5789786577224731,36129600
1998-11-06,2.0,2.117187976837158,1.9921879768371582,2.082031011581421,1.6437417268753052,8060800
1998-11-09,2.09375,2.132812976837158,2.070312976837158,2.132812976837158,1.6838315725326538,4230400
1998-11-10,2.125,2.171875,2.082031011581421,2.125,1.677664041519165,7980800
1998-11-11,2.125,2.175781011581421,2.117187976837158,2.125,1.677664041519165,3251200
1998-11-12,2.125,2.144531011581421,2.054687976837158,2.097656011581421,1.6560767889022827,7123200
1998-11-13,2.117187976837158,2.125,2.035156011581421,2.037108898162842,1.6082756519317627,6892800
1998-11-16,2.09375,2.105468988418579,2.011718988418579,2.046875,1.615985631942749,7689600
1998-11-17,2.027343988418579,2.035156011581421,1.949218988418579,1.9921879768371582,1.572811484336853,13380800
1998-11-18,1.984375,2.128906011581421,1.972656011581421,2.09375,1.6529924869537354,8787200
1998-11-19,2.105468988418579,2.128906011581421,2.066406011581421,2.078125,1.6406575441360474,7660800
1998-11-20,2.09375,2.136718988418579,2.066406011581421,2.128906011581421,1.680748462677002,7456000
1998-11-23,2.140625,2.238281011581421,2.132812976837158,2.203125,1.7393440008163452,15318400
1998-11-24,2.203125,2.210937976837158,2.15625,2.203125,1.7393440008163452,9555200
1998-11-25,2.1875,2.234375,2.1875,2.226562976837158,1.7578479051589966,5670400
1998-11-27,2.21875,2.234375,2.210937976837158,2.230468988418579,1.7609312534332275,4440000
1998-11-30,2.242187976837158,2.308593988418579,2.210937976837158,2.273437976837158,1.7948552370071411,8030400
1998-12-01,2.234375,2.265625,2.207031011581421,2.257812976837158,1.7825185060501099,11580800
1998-12-02,2.226562976837158,2.3125,2.226562976837158,2.28125,1.8037689924240112,3993600
1998-12-03,2.3125,2.359375,2.269531011581421,2.269531011581421,1.7945029735565186,11576000
1998-12-04,2.277343988418579,2.289062976837158,2.203125,2.242187976837158,1.7728828191757202,11656000
1998-12-07,2.238281011581421,2.242187976837158,2.179687976837158,2.226562976837158,1.7605279684066772,7996800
1998-12-08,2.234375,2.265625,2.210937976837158,2.257812976837158,1.7852368354797363,5752000
1998-12-09,2.25,2.265625,2.210937976837158,2.242187976837158,1.7728828191757202,3067200
1998-12-10,2.25,2.25,2.214843988418579,2.238281011581421,1.7697933912277222,3556800
1998-12-11,2.25,2.25,2.1875,2.1875,1.7296416759490967,5008000
1998-12-14,2.171875,2.203125,2.058593988418579,2.0625,1.6308046579360962,10889600
1998-12-15,2.078125,2.15625,1.9765629768371582,2.003906011581421,1.5844746828079224,21424000
1998-12-16,2.027343988418579,2.039062976837158,1.984375,2.011718988418579,1.5906528234481812,19467200
1998-12-17,2.015625,2.132812976837158,2.015625,2.097656011581421,1.6586028337478638,12776000
1998-12-18,2.109375,2.125,2.0625,2.0625,1.6308046579360962,14060800
1998-12-21,2.066406011581421,2.226562976837158,2.066406011581421,2.214843988418579,1.7512620687484741,12028800
1998-12-22,2.210937976837158,2.210937976837158,2.0625,2.070312976837158,1.6369826793670654,10356800
1998-12-23,2.070312976837158,2.164062976837158,2.066406011581421,2.132812976837158,1.686400055885315,8948800
1998-12-24,2.152343988418579,2.21875,2.132812976837158,2.210937976837158,1.748173475265503,2422400
1998-12-28,2.21875,2.242187976837158,2.144531011581421,2.171875,1.7172874212265015,7811200
1998-12-29,2.164062976837158,2.242187976837158,2.160156011581421,2.234375,1.7667052745819092,9584000
1998-12-30,2.226562976837158,2.328125,2.226562976837158,2.324218988418579,1.8377429246902466,16918400
1998-12-31,2.3125,2.488281011581421,2.3125,2.460937976837158,1.9458470344543457,13473600
1999-01-04,2.472656011581421,2.472656011581421,2.351562976837158,2.398437976837158,1.8964289426803589,15043200
1999-01-05,2.382812976837158,2.472656011581421,2.375,2.46875,1.952023983001709,10446400
1999-01-06,2.472656011581421,2.5625,2.46875,2.542968988418579,2.010708808898926,15980800
1999-01-07,2.507812976837158,2.53125,2.398437976837158,2.414062976837158,1.9087826013565063,18672000
1999-01-08,2.414062976837158,2.453125,2.414062976837158,2.4375,1.927314043045044,6401600
1999-01-11,2.414062976837158,2.4375,2.335937976837158,2.429687976837158,1.921138882637024,17236800
1999-01-12,2.4375,2.4375,2.335937976837158,2.421875,1.9149595499038696,15649600
1999-01-13,2.351562976837158,2.433593988418579,2.320312976837158,2.367187976837158,1.8717185258865356,18980800
1999-01-14,2.375,2.382812976837158,2.28125,2.3125,1.828477144241333,32102400
1999-01-15,2.328125,2.359375,2.261718988418579,2.308593988418579,1.8253895044326782,5969600
1999-01-19,2.320312976837158,2.398437976837158,2.296875,2.375,1.8778966665267944,4867200
1999-01-20,2.367187976837158,2.375,2.304687976837158,2.351562976837158,1.859365463256836,4022400
1999-01-21,2.304687976837158,2.328125,2.289062976837158,2.324218988418579,1.8377429246902466,3598400
1999-01-22,2.289062976837158,2.390625,2.273437976837158,2.380858898162842,1.8825289011001587,8768000
1999-01-25,2.40625,2.4375,2.373047113418579,2.40625,1.9026051759719849,3803200
1999-01-26,2.4375,2.476562976837158,2.398437976837158,2.460937976837158,1.9458470344543457,4603200
1999-01-27,2.484375,2.492187976837158,2.386718988418579,2.402343988418579,1.8995180130004883,3070400
1999-01-28,2.4375,2.494141101837158,2.40625,2.484375,1.9643783569335938,7272000
1999-01-29,2.5,2.5625,2.460937976837158,2.46875,1.952023983001709,10707200
1999-02-01,2.5,2.539062976837158,2.492187976837158,2.527343988418579,1.9983539581298828,4652800
1999-02-02,2.515625,2.535156011581421,2.484375,2.535156011581421,2.004530906677246,4830400
1999-02-03,2.546875,2.609375,2.515625,2.5625,2.026150941848755,7555200
1999-02-04,2.59375,2.726562976837158,2.59375,2.65625,2.1002790927886963,14024000
1999-02-05,2.691406011581421,2.742187976837158,2.652343988418579,2.6875,2.1249871253967285,10974400
1999-02-08,2.710937976837158,2.726562976837158,2.625,2.714843988418579,2.146608829498291,10187200
1999-02-09,2.734375,2.734375,2.601562976837158,2.613281011581421,2.066302537918091,10064000
1999-02-10,2.59375,2.59375,2.546875,2.570312976837158,2.0323286056518555,14288000
1999-02-11,2.578125,2.695312976837158,2.570312976837158,2.65625,2.1002790927886963,5443200
1999-02-12,2.65625,2.679687976837158,2.625,2.640625,2.087923526763916,2414400
1999-02-16,2.679687976837158,2.703125,2.671875,2.675781011581421,2.115722179412842,4766400
1999-02-17,2.679687976837158,2.703125,2.65625,2.683593988418579,2.121898889541626,6225600
1999-02-18,2.695312976837158,2.8125,2.695312976837158,2.773437976837158,2.1929385662078857,9921600
1999-02-19,2.78125,2.839843988418579,2.773437976837158,2.8125,2.2238247394561768,5995200
1999-02-22,2.808593988418579,2.828125,2.773437976837158,2.8125,2.2238247394561768,9118400
1999-02-23,2.78125,2.859375,2.765625,2.8125,2.2238247394561768,6992000
1999-02-24,2.835937976837158,2.886718988418579,2.804687976837158,2.8125,2.2238247394561768,9825600
1999-02-25,2.804687976837158,2.816406011581421,2.685547113418579,2.742187976837158,2.168229341506958,10080000
1999-02-26,2.773437976837158,2.929687976837158,2.757812976837158,2.859375,2.2608888149261475,11876800
1999-03-01,2.859375,2.859375,2.789062976837158,2.820312976837158,2.230001449584961,4702400
1999-03-02,2.816406011581421,2.875,2.765625,2.785156011581421,2.2022039890289307,4275200
1999-03-03,2.796875,2.960937976837158,2.773437976837158,2.863281011581421,2.267284631729126,4696000
1999-03-04,2.90625,2.988281011581421,2.890625,2.988281011581421,2.3662655353546143,8878400
1999-03-05,2.976562976837158,3.0,2.880858898162842,2.886718988418579,2.285844564437866,10291200
1999-03-08,2.890625,2.929687976837158,2.875,2.921875,2.313683032989502,11387200
1999-03-09,2.90625,2.910156011581421,2.851562976837158,2.867187976837158,2.2703781127929688,8422400
1999-03-10,2.851562976837158,2.875,2.820312976837158,2.847656011581421,2.254911422729492,6073600
1999-03-11,2.851562976837158,2.851562976837158,2.820312976837158,2.832031011581421,2.2425382137298584,9460800
1999-03-12,2.84375,2.855468988418579,2.820312976837158,2.839843988418579,2.248725175857544,3784000
1999-03-15,2.835937976837158,2.9375,2.824218988418579,2.882812976837158,2.2827506065368652,9091200
1999-03-16,2.890625,2.929687976837158,2.757812976837158,2.785156011581421,2.205421209335327,14401600
1999-03-17,2.789062976837158,2.804687976837158,2.683593988418579,2.707031011581421,2.1435599327087402,7688000
1999-03-18,2.71875,2.71875,2.640625,2.695312976837158,2.1342790126800537,8640000
1999-03-19,2.71875,2.71875,2.667968988418579,2.671875,2.1157195568084717,6313600
1999-03-22,2.660156011581421,2.664062976837158,2.460937976837158,2.535156011581421,2.007459878921509,10899200
1999-03-23,2.535156011581421,2.578125,2.519531011581421,2.519531011581421,1.9950854778289795,9699200
1999-03-24,2.515625,2.59375,2.515625,2.585937976837158,2.0476701259613037,5368000
1999-03-25,2.609375,2.65625,2.574218988418579,2.648437976837158,2.0971622467041016,4718400
1999-03-26,2.652343988418579,2.664062976837158,2.601562976837158,2.621093988418579,2.0755085945129395,4640000
1999-03-29,2.648437976837158,2.765625,2.609375,2.71875,2.1528379917144775,5379200
1999-03-30,2.742187976837158,2.742187976837158,2.640625,2.679687976837158,2.121906280517578,4198400
1999-03-31,2.671875,2.769531011581421,2.648437976837158,2.738281011581421,2.1683032512664795,6984000
1999-04-01,2.757812976837158,2.757812976837158,2.703125,2.742187976837158,2.1713974475860596,3184000
1999-04-05,2.734375,2.753906011581421,2.578125,2.640625,2.0909740924835205,12091200
1999-04-06,2.632812976837158,2.75,2.617187976837158,2.734375,2.1652095317840576,2459200
1999-04-07,2.75,2.84375,2.726562976837158,2.75,2.1775827407836914,5590400
1999-04-08,2.777343988418579,2.78125,2.675781011581421,2.679687976837158,2.121906280517578,8534400
1999-04-09,2.675781011581421,2.804687976837158,2.675781011581421,2.773437976837158,2.1961426734924316,2724800
1999-04-12,2.75,2.765625,2.695312976837158,2.75,2.1775827407836914,2462400
1999-04-13,2.757812976837158,2.765625,2.695312976837158,2.705077886581421,2.1420114040374756,3944000
1999-04-14,2.703125,2.734375,2.703125,2.707031011581421,2.1435599327087402,5262400
1999-04-15,2.707031011581421,2.742187976837158,2.65625,2.675781011581421,2.1188130378723145,9169600
1999-04-16,2.6875,2.726562976837158,2.671875,2.6875,2.128091335296631,16318400
1999-04-19,2.703125,2.710937976837158,2.585937976837158,2.625,2.078601598739624,8748800
1999-04-20,2.625,2.6875,2.625,2.679687976837158,2.121906280517578,5744000
1999-04-21,2.679687976837158,2.835937976837158,2.679687976837158,2.765625,2.189954996109009,5358400
1999-04-22,2.78125,2.789062976837158,2.679687976837158,2.710937976837158,2.14665150642395,2332800
1999-04-23,2.695312976837158,2.730468988418579,2.683593988418579,2.730468988418579,2.1621179580688477,2632000
1999-04-26,2.738281011581421,2.773437976837158,2.703125,2.757812976837158,2.1837692260742188,4321600
1999-04-27,2.8125,2.859375,2.773437976837158,2.835937976837158,2.2456319332122803,4523200
1999-04-28,2.851562976837158,2.859375,2.78125,2.792968988418579,2.2116072177886963,4089600
1999-04-29,2.84375,2.84375,2.789062976837158,2.824218988418579,2.2363533973693848,4052800
1999-04-30,2.832031011581421,2.871093988418579,2.820312976837158,2.871093988418579,2.2734711170196533,3065600
1999-05-03,2.882812976837158,2.992187976837158,2.882812976837158,2.976562976837158,2.356985569000244,5945600
1999-05-04,2.980468988418579,3.039062976837158,2.972656011581421,3.0,2.375545024871826,12428800
1999-05-05,3.015625,3.015625,2.898437976837158,2.945312976837158,2.3322415351867676,8032000
1999-05-06,2.957031011581421,2.988281011581421,2.875,2.898437976837158,2.2951231002807617,5854400
1999-05-07,2.898437976837158,2.926758050918579,2.867187976837158,2.902343988418579,2.298215389251709,2830400
1999-05-10,2.902343988418579,2.953125,2.871093988418579,2.890625,2.288936138153076,4926400
1999-05-11,2.914062976837158,2.984375,2.890625,2.976562976837158,2.356985569000244,6566400
1999-05-12,2.984375,3.078125,2.9375,3.078125,2.4374072551727295,8760000
1999-05-13,3.085937976837158,3.136718988418579,3.054687976837158,3.103516101837158,2.4575135707855225,5300800
1999-05-14,3.085937976837158,3.09375,3.03125,3.039062976837158,2.406477928161621,5473600
1999-05-17,3.054687976837158,3.078125,3.039062976837158,3.054687976837158,2.418849468231201,3342400
1999-05-18,3.070312976837158,3.109375,3.046875,3.054687976837158,2.418849468231201,13196800
1999-05-19,3.054687976837158,3.15625,3.035156011581421,3.054687976837158,2.418849468231201,12846400
1999-05-20,3.078125,3.078125,2.984375,3.050781011581421,2.415755271911621,14518400
1999-05-21,3.054687976837158,3.0625,3.007812976837158,3.015625,2.3879175186157227,11929600
1999-05-24,3.039062976837158,3.039062976837158,2.976562976837158,2.988281011581421,2.3662655353546143,5481600
1999-05-25,2.976562976837158,3.007812976837158,2.9375,2.9375,2.3260538578033447,18190400
1999-05-26,2.9375,2.96875,2.785156011581421,2.820312976837158,2.233260154724121,10929600
1999-05-27,2.816406011581421,2.921875,2.816406011581421,2.875,2.2765629291534424,9036800
1999-05-28,2.882812976837158,2.882812976837158,2.84375,2.871093988418579,2.2734711170196533,8832000
1999-06-01,2.851562976837158,2.851562976837158,2.78125,2.796875,2.214700222015381,5849600
1999-06-02,2.8125,2.898437976837158,2.796875,2.867187976837158,2.2703781127929688,3624000
1999-06-03,2.910156011581421,3.03125,2.90625,2.953125,2.3384270668029785,9025600
1999-06-04,2.9375,2.960937976837158,2.902343988418579,2.921875,2.313683032989502,2177600
1999-06-07,2.945312976837158,2.945312976837158,2.882812976837158,2.90625,2.3013079166412354,4859200
1999-06-08,2.898437976837158,2.90625,2.84375,2.851562976837158,2.258004903793335,3904000
1999-06-09,2.851562976837158,2.882812976837158,2.84375,2.855468988418579,2.2643256187438965,5067200
1999-06-10,2.859375,2.859375,2.75,2.761718988418579,2.1899831295013428,4840000
1999-06-11,2.800781011581421,2.863281011581421,2.757812976837158,2.761718988418579,2.1899831295013428,4656000
1999-06-14,2.78125,2.804687976837158,2.761718988418579,2.765625,2.193080425262451,2504000
1999-06-15,2.75,2.859375,2.742187976837158,2.851562976837158,2.2612273693084717,5560000
1999-06-16,2.878906011581421,2.90625,2.851562976837158,2.902343988418579,2.3014943599700928,2398400
1999-06-17,2.90625,3.019531011581421,2.875,2.960937976837158,2.3479597568511963,6676800
1999-06-18,2.898437976837158,2.996093988418579,2.878906011581421,2.984375,2.366544485092163,3560000
1999-06-21,3.0,3.0,2.929687976837158,2.953125,2.341763496398926,1961600
1999-06-22,2.960937976837158,2.980468988418579,2.90625,2.960937976837158,2.3479597568511963,2908800
1999-06-23,2.960937976837158,3.007812976837158,2.953125,3.0,2.378934860229492,3454400
1999-06-24,3.007812976837158,3.046875,2.988281011581421,3.019531011581421,2.3944225311279297,3420800
1999-06-25,3.03125,3.046875,3.0,3.023437976837158,2.397521734237671,3176000
1999-06-28,3.011718988418579,3.113281011581421,3.011718988418579,3.109375,2.4656667709350586,2062400
1999-06-29,3.09375,3.117187976837158,3.03125,3.117187976837158,2.471862316131592,6001600
1999-06-30,3.128906011581421,3.179687976837158,3.0625,3.148437976837158,2.4966423511505127,6179200
1999-07-01,3.148437976837158,3.257812976837158,3.109375,3.246093988418579,2.5740818977355957,4299200
1999-07-02,3.226562976837158,3.246093988418579,3.144531011581421,3.152343988418579,2.4997410774230957,1748800
1999-07-06,3.1875,3.203125,3.15625,3.195312976837158,2.533812999725342,2899200
1999-07-07,3.203125,3.226562976837158,3.117187976837158,3.132812976837158,2.484252691268921,2881600
1999-07-08,3.164062976837158,3.1875,3.140625,3.183593988418579,2.5245211124420166,2912000
1999-07-09,3.1875,3.203125,3.070312976837158,3.125,2.4780566692352295,4051200
1999-07-12,3.140625,3.15625,3.097656011581421,3.101562976837158,2.4594719409942627,5558400
1999-07-13,3.089843988418579,3.15625,3.078125,3.144531011581421,2.493544340133667,2859200
1999-07-14,3.150391101837158,3.195312976837158,3.150391101837158,3.1875,2.527618169784546,5683200
1999-07-15,3.203125,3.234375,3.179687976837158,3.230468988418579,2.5616915225982666,4564800
1999-07-16,3.195312976837158,3.25,3.191406011581421,3.248047113418579,2.5756309032440186,2835200
1999-07-19,3.234375,3.265625,3.171875,3.171875,2.5152289867401123,4585600
1999-07-20,3.171875,3.1875,3.113281011581421,3.113281011581421,2.468764066696167,2339200
1999-07-21,3.128906011581421,3.25,3.125,3.25,2.577178955078125,3862400
1999-07-22,3.199218988418579,3.207031011581421,3.140625,3.175781011581421,2.5183253288269043,4680000
1999-07-23,3.1875,3.195312976837158,3.117187976837158,3.117187976837158,2.471862316131592,2945600
1999-07-26,3.109375,3.117187976837158,3.027343988418579,3.046875,2.4161059856414795,4681600
1999-07-27,3.058593988418579,3.117187976837158,3.035156011581421,3.082031011581421,2.443983554840088,2030400
1999-07-28,3.078125,3.078125,3.046875,3.078125,2.440885305404663,1232000
1999-07-29,3.054687976837158,3.054687976837158,2.992187976837158,3.003906011581421,2.382033348083496,2555200
1999-07-30,3.009766101837158,3.039062976837158,2.984375,3.007812976837158,2.385129690170288,1702400
1999-08-02,3.001952886581421,3.039062976837158,2.953125,3.0,2.378934860229492,3219200
1999-08-03,2.976562976837158,3.019531011581421,2.917968988418579,2.929687976837158,2.323178768157959,3057600
1999-08-04,2.9375,2.957031011581421,2.84375,2.851562976837158,2.2612273693084717,7635200
1999-08-05,2.898437976837158,2.925781011581421,2.804687976837158,2.820312976837158,2.2364466190338135,7412800
1999-08-06,2.808593988418579,2.820312976837158,2.765625,2.785156011581421,2.2085678577423096,5940800
1999-08-09,2.789062976837158,2.789062976837158,2.691406011581421,2.710937976837158,2.149714231491089,8193600
1999-08-10,2.685547113418579,2.703125,2.585937976837158,2.621093988418579,2.078470468521118,9747200
1999-08-11,2.636718988418579,2.753906011581421,2.617187976837158,2.703125,2.143519401550293,7630400
1999-08-12,2.707031011581421,2.773437976837158,2.671875,2.691406011581421,2.134225845336914,8131200
1999-08-13,2.703125,2.746093988418579,2.6875,2.695312976837158,2.137324571609497,11504000
1999-08-16,2.695312976837158,2.703125,2.636718988418579,2.65625,2.1063482761383057,5680000
1999-08-17,2.671875,2.679687976837158,2.609375,2.625,2.0815677642822266,4425600
1999-08-18,2.634766101837158,2.753906011581421,2.601562976837158,2.691406011581421,2.134225845336914,8329600
1999-08-19,2.695312976837158,2.695312976837158,2.632812976837158,2.660156011581421,2.1094460487365723,2364800
1999-08-20,2.671875,2.671875,2.644531011581421,2.667968988418579,2.1156418323516846,1294400
1999-08-23,2.6875,2.691406011581421,2.65625,2.675781011581421,2.1218364238739014,2974400
1999-08-24,2.677733898162842,2.679687976837158,2.570312976837158,2.640625,2.0939576625823975,6195200
1999-08-25,2.636718988418579,2.679687976837158,2.625,2.652343988418579,2.103250741958618,7974400
1999-08-26,2.65625,2.664062976837158,2.632812976837158,2.644531011581421,2.097055435180664,5240000
1999-08-27,2.695312976837158,2.703125,2.609375,2.613281011581421,2.0722737312316895,5718400
1999-08-30,2.644531011581421,2.648437976837158,2.589843988418579,2.589843988418579,2.05368971824646,3174400
1999-08-31,2.621093988418579,2.632812976837158,2.597656011581421,2.601562976837158,2.0629825592041016,5608000
1999-09-01,2.605468988418579,2.625,2.582031011581421,2.59375,2.05678653717041,6990400
1999-09-02,2.585937976837158,2.636718988418579,2.441406011581421,2.546875,2.0227842330932617,13673600
1999-09-03,2.585937976837158,2.601562976837158,2.582031011581421,2.59375,2.06001353263855,4873600
1999-09-07,2.585937976837158,2.59375,2.546875,2.554687976837158,2.0289900302886963,7646400
1999-09-08,2.554687976837158,2.554687976837158,2.515625,2.53125,2.010375499725342,3172800
1999-09-09,2.53125,2.585937976837158,2.523437976837158,2.5625,2.0351955890655518,4430400
1999-09-10,2.578125,2.59375,2.539062976837158,2.558593988418579,2.0320935249328613,2742400
1999-09-13,2.554687976837158,2.59375,2.539062976837158,2.554687976837158,2.0289900302886963,2163200
1999-09-14,2.5625,2.664062976837158,2.546875,2.589843988418579,2.0569114685058594,8616000
1999-09-15,2.609375,2.621093988418579,2.546875,2.556641101837158,2.030541181564331,2508800
1999-09-16,2.550781011581421,2.5625,2.480468988418579,2.5,1.98555588722229,5542400
1999-09-17,2.53125,2.542968988418579,2.480468988418579,2.503906011581421,1.9886581897735596,8200000
1999-09-20,2.511718988418579,2.53125,2.460937976837158,2.460937976837158,1.9545323848724365,2740800
1999-09-21,2.460937976837158,2.488281011581421,2.289062976837158,2.324218988418579,1.8459460735321045,12411200
1999-09-22,2.351562976837158,2.429687976837158,2.34375,2.402343988418579,1.907995581626892,17283200
1999-09-23,2.515625,2.546875,2.34375,2.359375,1.8738685846328735,6320000
1999-09-24,2.4375,2.46875,2.421875,2.429687976837158,1.929711937904358,5134400
1999-09-27,2.4375,2.570312976837158,2.4375,2.53125,2.010375499725342,5594400
1999-09-28,2.507812976837158,2.546875,2.492187976837158,2.507812976837158,1.9917607307434082,5855200
1999-09-29,2.492187976837158,2.585937976837158,2.484375,2.53125,2.010375499725342,4412000
1999-09-30,2.539062976837158,2.671875,2.5,2.515625,1.9979658126831055,5498400
1999-10-01,2.515625,2.648437976837158,2.5,2.582031011581421,2.0507068634033203,3279200
1999-10-04,2.59375,2.804687976837158,2.585937976837158,2.742187976837158,2.1779074668884277,6558400
1999-10-05,2.742187976837158,2.867187976837158,2.71875,2.804687976837158,2.2275447845458984,7312000
1999-10-06,2.78125,2.796875,2.6875,2.703125,2.146883249282837,5406400
1999-10-07,2.734375,3.007812976837158,2.71875,2.90625,2.3082079887390137,17562400
1999-10-08,2.898437976837158,2.898437976837158,2.742187976837158,2.757812976837158,2.190316677093506,9773600
1999-10-11,2.75,2.828125,2.734375,2.820312976837158,2.239955186843872,6059200
1999-10-12,2.835937976837158,2.9375,2.828125,2.875,2.2833900451660156,6385600
1999-10-13,2.867187976837158,2.960937976837158,2.859375,2.875,2.2833900451660156,11015200
1999-10-14,2.90625,2.914062976837158,2.84375,2.867187976837158,2.2771854400634766,10975200
1999-10-15,2.796875,2.828125,2.5625,2.65625,2.109653949737549,7705600
1999-10-18,2.65625,2.703125,2.5625,2.640625,2.097243309020996,6629600
1999-10-19,2.671875,2.679687976837158,2.609375,2.625,2.084833860397339,6857600
1999-10-20,2.625,2.628906011581421,2.5,2.515625,1.9979658126831055,8499200
1999-10-21,2.507812976837158,2.6875,2.507812976837158,2.664062976837158,2.1158580780029297,5040000
1999-10-22,2.679687976837158,2.71875,2.59375,2.609375,2.0724236965179443,5956800
1999-10-25,2.609375,2.625,2.523437976837158,2.5625,2.0351955890655518,3982400
1999-10-26,2.554687976837158,2.578125,2.4375,2.46875,1.960737943649292,4638400
1999-10-27,2.511718988418579,2.53125,2.46875,2.484375,1.973146677017212,6561600
1999-10-28,2.515625,2.554687976837158,2.5,2.539062976837158,2.0165812969207764,6279200
1999-10-29,2.578125,2.703125,2.5625,2.578125,2.0476043224334717,6898400
1999-11-01,2.625,2.6875,2.578125,2.578125,2.0476043224334717,5664800
1999-11-02,2.578125,2.65625,2.570312976837158,2.601562976837158,2.0662195682525635,5690400
1999-11-03,2.59375,2.65625,2.59375,2.625,2.084833860397339,5477600
1999-11-04,2.632812976837158,2.632812976837158,2.476562976837158,2.5,1.98555588722229,7961600
1999-11-05,2.546875,2.546875,2.484375,2.5,1.98555588722229,4847200
1999-11-08,2.515625,2.515625,2.40625,2.429687976837158,1.929711937904358,4464800
1999-11-09,2.46875,2.476562976837158,2.390625,2.398437976837158,1.9048938751220703,4480800
1999-11-10,2.394531011581421,2.4375,2.382812976837158,2.390625,1.8986873626708984,5546400
1999-11-11,2.390625,2.40625,2.328125,2.34375,1.8614593744277954,4725600
1999-11-12,2.394531011581421,2.40625,2.328125,2.335937976837158,1.8552539348602295,7909600
1999-11-15,2.375,2.375,2.296875,2.351562976837158,1.8676637411117554,6840800
1999-11-16,2.367187976837158,2.390625,2.3125,2.375,1.8862791061401367,10147200
1999-11-17,2.3125,2.328125,2.226562976837158,2.273437976837158,1.805614709854126,6897600
1999-11-18,2.289062976837158,2.3125,2.1875,2.257812976837158,1.7932056188583374,10638400
1999-11-19,2.257812976837158,2.265625,2.203125,2.203125,1.7497717142105103,7354400
1999-11-22,2.203125,2.257812976837158,2.140625,2.257812976837158,1.7932056188583374,11627200
1999-11-23,2.273437976837158,2.28125,2.148437976837158,2.230468988418579,1.7714879512786865,9824800
1999-11-24,2.226562976837158,2.234375,2.195312976837158,2.226562976837158,1.7683862447738647,4412000
1999-11-26,2.21875,2.234375,2.203125,2.226562976837158,1.7683862447738647,2216800
1999-11-29,2.226562976837158,2.28125,2.210937976837158,2.242187976837158,1.7807955741882324,7644000
1999-11-30,2.25,2.40625,2.25,2.398437976837158,1.9048938751220703,14427200
1999-12-01,2.40625,2.5,2.382812976837158,2.476562976837158,1.9703309535980225,11301600
1999-12-02,2.476562976837158,2.523437976837158,2.289062976837158,2.453125,1.951683759689331,15297600
1999-12-03,2.492187976837158,2.515625,2.460937976837158,2.484375,1.976546049118042,10718400
1999-12-06,2.46875,2.476562976837158,2.398437976837158,2.40625,1.914390206336975,7229600
1999-12-07,2.402343988418579,2.40625,2.320312976837158,2.359375,1.8770970106124878,11788800
1999-12-08,2.351562976837158,2.359375,2.328125,2.34375,1.8646661043167114,6844800
1999-12-09,2.335937976837158,2.398437976837158,2.328125,2.390625,1.9019585847854614,5119200
1999-12-10,2.398437976837158,2.46875,2.351562976837158,2.4375,1.9392518997192383,3400800
1999-12-13,2.402343988418579,2.40625,2.3125,2.328125,1.85223388671875,6001600
1999-12-14,2.296875,2.367187976837158,2.257812976837158,2.367187976837158,1.8833125829696655,4409600
1999-12-15,2.265625,2.34375,2.179687976837158,2.226562976837158,1.7714332342147827,13479200
1999-12-16,2.203125,2.289062976837158,2.203125,2.257812976837158,1.7962946891784668,12001600
1999-12-17,2.25,2.546875,2.21875,2.53125,2.0138394832611084,23517600
1999-12-20,2.460937976837158,2.484375,2.296875,2.304687976837158,1.8335881233215332,5722400
1999-12-21,2.257812976837158,2.273437976837158,2.179687976837158,2.1875,1.7403545379638672,7988800
1999-12-22,2.21875,2.242187976837158,2.125,2.132812976837158,1.6968462467193604,5531200
1999-12-23,2.140625,2.210937976837158,2.132812976837158,2.199218988418579,1.749678373336792,5712800
1999-12-27,2.140625,2.195312976837158,2.125,2.195312976837158,1.7465702295303345,4842400
1999-12-28,2.203125,2.265625,2.179687976837158,2.234375,1.7776480913162231,5188000
1999-12-29,2.25,2.273437976837158,2.140625,2.179687976837158,1.7341395616531372,3339200
1999-12-30,2.179687976837158,2.359375,2.171875,2.25,1.7900797128677368,4913600
1999-12-31,2.238281011581421,2.28125,2.21875,2.242187976837158,1.7838631868362427,1651200
2000-01-03,2.261718988418579,2.273437976837158,2.164062976837158,2.171875,1.7279231548309326,4067200
2000-01-04,2.15625,2.164062976837158,2.070312976837158,2.078125,1.6533372402191162,7012000
2000-01-05,2.085937976837158,2.132812976837158,2.070312976837158,2.125,1.690630316734314,6990400
2000-01-06,2.101562976837158,2.125,1.8515629768371582,1.8984379768371582,1.5103793144226074,24146400
2000-01-07,1.8828129768371582,1.890625,1.828125,1.875,1.491731882095337,14456000
2000-01-10,1.875,1.9375,1.8671879768371582,1.90625,1.5165948867797852,12168000
2000-01-11,1.890625,1.90625,1.8125,1.8203129768371582,1.4482243061065674,12852800
2000-01-12,1.8203129768371582,1.8203129768371582,1.65625,1.699218988418579,1.3518826961517334,19354400
2000-01-13,1.691406011581421,1.71875,1.609375,1.6328129768371582,1.2990506887435913,23209600
2000-01-14,1.65625,1.703125,1.65625,1.703125,1.3549902439117432,15252800
2000-01-18,1.6953129768371582,1.7109379768371582,1.59375,1.6015629768371582,1.2741886377334595,19511200
2000-01-19,1.605468988418579,1.609375,1.5,1.53125,1.2182482481002808,23520000
2000-01-20,1.53125,1.65625,1.53125,1.628906011581421,1.2959425449371338,19192000
2000-01-21,1.6875,1.703125,1.640625,1.6796879768371582,1.3363440036773682,18298400
2000-01-24,1.675781011581421,1.6875,1.546875,1.5703129768371582,1.249326229095459,19201600
2000-01-25,1.5703129768371582,1.5859379768371582,1.5,1.5703129768371582,1.249326229095459,16684000
2000-01-26,1.546875,1.6640629768371582,1.53125,1.6484379768371582,1.311482310295105,15236000
2000-01-27,1.675781011581421,1.6953129768371582,1.578125,1.6171879768371582,1.2866195440292358,16930400
2000-01-28,1.621093988418579,1.640625,1.5703129768371582,1.609375,1.280403733253479,6237600
2000-01-31,1.609375,1.6328129768371582,1.53125,1.59375,1.2679728269577026,7533600
2000-02-01,1.6328129768371582,1.640625,1.515625,1.5859379768371582,1.261757731437683,6864000
2000-02-02,1.621093988418579,1.6328129768371582,1.5625,1.5703129768371582,1.249326229095459,11957600
2000-02-03,1.765625,1.9609379768371582,1.7578129768371582,1.9375,1.541457176208496,47381600
2000-02-04,1.90625,1.9140629768371582,1.84375,1.875,1.491731882095337,17392800
2000-02-07,1.890625,1.90625,1.859375,1.875,1.491731882095337,13880800
2000-02-08,1.878906011581421,1.921875,1.8671879768371582,1.9140629768371582,1.5228105783462524,4374400
2000-02-09,1.9140629768371582,1.9140629768371582,1.8828129768371582,1.890625,1.5041632652282715,12921600
2000-02-10,1.8984379768371582,1.90625,1.84375,1.859375,1.4793015718460083,14176000
2000-02-11,1.8515629768371582,1.859375,1.8046879768371582,1.8359379768371582,1.4606554508209229,12605600
2000-02-14,1.847656011581421,1.890625,1.8125,1.8359379768371582,1.4606554508209229,6644800
2000-02-15,1.828125,1.84375,1.765625,1.765625,1.404714822769165,5243200
2000-02-16,1.765625,1.78125,1.640625,1.6953129768371582,1.3487753868103027,9887200
2000-02-17,1.6953129768371582,1.703125,1.5703129768371582,1.59375,1.2679728269577026,6380800
2000-02-18,1.609375,1.6640629768371582,1.609375,1.6328129768371582,1.2990506887435913,14096800
2000-02-22,1.671875,1.71875,1.609375,1.6328129768371582,1.2990506887435913,6392000
2000-02-23,1.6484379768371582,1.6640629768371582,1.625,1.65625,1.3176970481872559,9151200
2000-02-24,1.640625,1.6640629768371582,1.609375,1.640625,1.305266261100769,10643200
2000-02-25,1.640625,1.765625,1.6328129768371582,1.7109379768371582,1.3612059354782104,7472800
2000-02-28,1.7265629768371582,1.9921879768371582,1.71875,1.9375,1.541457176208496,11089600
2000-02-29,1.921875,1.9375,1.8046879768371582,1.8125,1.4420086145401,14335200
2000-03-01,1.796875,1.828125,1.7109379768371582,1.8203129768371582,1.4520293474197388,6499200
2000-03-02,1.8828129768371582,2.210937976837158,1.84375,2.195312976837158,1.7511597871780396,17716000
2000-03-03,2.183593988418579,2.203125,2.109375,2.109375,1.6826090812683105,12198400
2000-03-06,2.109375,2.203125,2.109375,2.1875,1.744927167892456,5734400
2000-03-07,2.191406011581421,2.195312976837158,2.09375,2.117187976837158,1.6888400316238403,6342400
2000-03-08,2.101562976837158,2.15625,2.09375,2.101562976837158,1.6763769388198853,2174400
2000-03-09,2.09375,2.125,2.039062976837158,2.078125,1.6576814651489258,10015200
2000-03-10,2.078125,2.078125,2.015625,2.054687976837158,1.6389861106872559,3851200
2000-03-13,2.054687976837158,2.078125,2.046875,2.066406011581421,1.6483328342437744,2647200
2000-03-14,2.078125,2.1875,2.0625,2.179687976837158,1.7386958599090576,11996000
2000-03-15,2.185547113418579,2.375,2.164062976837158,2.367187976837158,1.8882611989974976,17756000
2000-03-16,2.359375,2.765625,2.351562976837158,2.757812976837158,2.199854850769043,30483200
2000-03-17,2.65625,2.734375,2.5625,2.5625,2.044058322906494,11164800
2000-03-20,2.554687976837158,2.59375,2.421875,2.4375,1.944347620010376,3574400
2000-03-21,2.472656011581421,2.671875,2.460937976837158,2.640625,2.106377124786377,5213600
2000-03-22,2.640625,2.65625,2.53125,2.554687976837158,2.0378265380859375,5682400
2000-03-23,2.570312976837158,2.59375,2.5,2.554687976837158,2.0378265380859375,6633600
2000-03-24,2.546875,2.625,2.507812976837158,2.53125,2.019129991531372,4218400
2000-03-27,2.53125,2.640625,2.515625,2.632812976837158,2.1001460552215576,6388800
2000-03-28,2.617187976837158,2.742187976837158,2.609375,2.640625,2.106377124786377,7271200
2000-03-29,2.6875,2.96875,2.640625,2.90625,2.3182597160339355,15530400
2000-03-30,2.828125,2.914062976837158,2.742187976837158,2.773437976837158,2.212318181991577,9836800
2000-03-31,2.78125,3.015625,2.773437976837158,3.007812976837158,2.399275064468384,16415200
2000-04-03,2.914062976837158,2.929687976837158,2.757812976837158,2.796875,2.2310142517089844,10858400
2000-04-04,2.8125,2.859375,2.65625,2.734375,2.1811583042144775,5733600
2000-04-05,2.703125,2.917968988418579,2.617187976837158,2.703125,2.15623140335083,6038400
2000-04-06,2.710937976837158,2.78125,2.609375,2.734375,2.1811583042144775,9016000
2000-04-07,2.65625,2.765625,2.65625,2.757812976837158,2.199854850769043,5465600
2000-04-10,2.695312976837158,2.867187976837158,2.671875,2.835937976837158,2.262174129486084,4705600
2000-04-11,2.796875,3.0,2.796875,2.976562976837158,2.3743479251861572,5720800
2000-04-12,2.90625,3.039062976837158,2.90625,2.960937976837158,2.361884593963623,5984000
2000-04-13,2.984375,2.984375,2.796875,2.96875,2.3681156635284424,10292800
2000-04-14,2.914062976837158,2.921875,2.710937976837158,2.828125,2.255941390991211,7718400
2000-04-17,2.765625,2.8125,2.390625,2.703125,2.15623140335083,10192800
2000-04-18,2.703125,2.734375,2.5625,2.664062976837158,2.1250720024108887,4770400
2000-04-19,2.671875,2.90625,2.671875,2.796875,2.2310142517089844,10495200
2000-04-20,2.765625,2.804687976837158,2.59375,2.625,2.0939128398895264,7930400
2000-04-24,2.625,2.685547113418579,2.578125,2.609375,2.081448793411255,4532800
2000-04-25,2.632812976837158,2.703125,2.601562976837158,2.625,2.0939128398895264,6478400
2000-04-26,2.640625,2.65625,2.585937976837158,2.59375,2.0689849853515625,5135200
2000-04-27,2.570312976837158,2.570312976837158,2.476562976837158,2.5,1.9942023754119873,9666400
2000-04-28,2.484375,2.601562976837158,2.484375,2.59375,2.0689849853515625,2430400
2000-05-01,2.578125,2.765625,2.578125,2.679687976837158,2.13753604888916,9593600
2000-05-02,2.675781011581421,2.679687976837158,2.53125,2.625,2.0939128398895264,4156000
2000-05-03,2.515625,2.539062976837158,2.414062976837158,2.453125,1.9568116664886475,7991200
2000-05-04,2.53125,2.617187976837158,2.507812976837158,2.5625,2.044058322906494,7279200
2000-05-05,2.554687976837158,2.671875,2.554687976837158,2.632812976837158,2.1001460552215576,5454400
2000-05-08,2.625,2.625,2.578125,2.625,2.0939128398895264,2187200
2000-05-09,2.617187976837158,2.732422113418579,2.59375,2.71875,2.168696403503418,5059200
2000-05-10,2.6875,2.703125,2.671875,2.671875,2.1313037872314453,4188000
2000-05-11,2.71875,2.78125,2.6875,2.710937976837158,2.162463426589966,3444800
2000-05-12,2.710937976837158,2.851562976837158,2.710937976837158,2.78125,2.218549966812134,4460000
2000-05-15,2.792968988418579,2.898437976837158,2.75,2.867187976837158,2.2871031761169434,3861600
2000-05-16,2.859375,3.0,2.804687976837158,2.820312976837158,2.249709129333496,5184800
2000-05-17,2.859375,2.859375,2.578125,2.59375,2.0689849853515625,5288000
2000-05-18,2.636718988418579,2.734375,2.546875,2.601562976837158,2.0752179622650146,8504800
2000-05-19,2.582031011581421,2.648437976837158,2.546875,2.625,2.0939128398895264,2049600
2000-05-22,2.617187976837158,2.6875,2.578125,2.671875,2.1313037872314453,3580800
2000-05-23,2.710937976837158,2.734375,2.671875,2.6875,2.1437675952911377,3025600
2000-05-24,2.695312976837158,2.703125,2.4375,2.492187976837158,1.9879711866378784,6912800
2000-05-25,2.53125,2.65625,2.53125,2.554687976837158,2.0378265380859375,5574400
2000-05-26,2.546875,2.5625,2.515625,2.523437976837158,2.0128984451293945,2628800
2000-05-30,2.625,2.640625,2.5625,2.623047113418579,2.092353582382202,3143200
2000-05-31,2.625,2.65625,2.570312976837158,2.640625,2.106377124786377,4836800
2000-06-01,2.574218988418579,2.578125,2.257812976837158,2.375,1.8944931030273438,28425600
2000-06-02,2.394531011581421,2.4375,2.234375,2.320312976837158,1.8508706092834473,6973600
2000-06-05,2.335937976837158,2.34375,2.257812976837158,2.320312976837158,1.8508706092834473,7471200
2000-06-06,2.339843988418579,2.34375,2.304687976837158,2.304687976837158,1.8384066820144653,5084800
2000-06-07,2.296875,2.3125,2.21875,2.242187976837158,1.7885510921478271,6878400
2000-06-08,2.296875,2.300781011581421,2.0625,2.085937976837158,1.663913369178772,8500800
2000-06-09,2.164062976837158,2.171875,2.015625,2.09375,1.6701444387435913,15846400
2000-06-12,2.117187976837158,2.125,1.984375,2.023437976837158,1.614058494567871,10033600
2000-06-13,2.046875,2.070312976837158,1.9609379768371582,1.96875,1.5704345703125,9171200
2000-06-14,1.9921879768371582,2.0,1.796875,1.8671879768371582,1.4894201755523682,24617600
2000-06-15,1.9375,2.078125,1.890625,2.0,1.5994311571121216,15084800
2000-06-16,2.0,2.0625,1.953125,2.046875,1.6369173526763916,11242400
2000-06-19,2.03125,2.03125,1.921875,1.984375,1.5869357585906982,6188800
2000-06-20,2.015625,2.046875,1.9609379768371582,2.039062976837158,1.6306706666946411,5952800
2000-06-21,2.039062976837158,2.0625,1.9453129768371582,1.9609379768371582,1.568192720413208,5857600
2000-06-22,1.964843988418579,2.054687976837158,1.953125,2.039062976837158,1.6306706666946411,8191200
2000-06-23,2.03125,2.132812976837158,2.015625,2.117187976837158,1.6931473016738892,7259200
2000-06-26,2.164062976837158,2.257812976837158,2.125,2.140625,1.7118914127349854,8877600
2000-06-27,2.15625,2.25,2.148437976837158,2.242187976837158,1.793112874031067,3367200
2000-06-28,2.210937976837158,2.304687976837158,2.210937976837158,2.289062976837158,1.8305994272232056,7415200
2000-06-29,2.28125,2.289062976837158,2.15625,2.179687976837158,1.743130087852478,4602400
2000-06-30,2.171875,2.21875,2.09375,2.132812976837158,1.705643892288208,11603200
2000-07-03,2.125,2.1875,2.09375,2.164062976837158,1.7306344509124756,6089600
2000-07-05,2.21875,2.25,2.085937976837158,2.101562976837158,1.680652379989624,3745600
2000-07-06,1.8828129768371582,1.890625,1.78125,1.8515629768371582,1.4807244539260864,44564800
2000-07-07,1.8671879768371582,1.875,1.8203129768371582,1.8515629768371582,1.4807244539260864,19322400
2000-07-10,1.875,1.8828129768371582,1.8515629768371582,1.8671879768371582,1.4932193756103516,20311200
2000-07-11,1.8671879768371582,1.875,1.8515629768371582,1.875,1.4994666576385498,17060000
2000-07-12,1.8671879768371582,2.015625,1.8671879768371582,2.015625,1.611926794052124,28744800
2000-07-13,2.023437976837158,2.03125,1.9375,2.0,1.5994311571121216,14231200
2000-07-14,2.0,2.132812976837158,1.996093988418579,2.109375,1.6869006156921387,8676800
2000-07-17,2.082031011581421,2.085937976837158,2.015625,2.03125,1.6244226694107056,5507200
2000-07-18,1.9765629768371582,2.015625,1.90625,1.984375,1.5869357585906982,5502400
2000-07-19,1.984375,1.984375,1.890625,1.921875,1.5369536876678467,2849600
2000-07-20,1.9453129768371582,1.9453129768371582,1.8671879768371582,1.875,1.4994666576385498,5726400
2000-07-21,1.878906011581421,1.953125,1.875,1.9375,1.5494486093521118,10936800
2000-07-24,1.953125,2.03125,1.9375,1.9921879768371582,1.5931837558746338,7488800
2000-07-25,1.9921879768371582,1.9921879768371582,1.921875,1.9375,1.5494486093521118,3312800
2000-07-26,1.9453129768371582,2.03125,1.921875,2.013672113418579,1.6103649139404297,3128000
2000-07-27,2.023437976837158,2.085937976837158,2.007812976837158,2.015625,1.611926794052124,6184000
2000-07-28,2.0,2.007812976837158,1.9296879768371582,1.9375,1.5494486093521118,4260800
2000-07-31,1.9296879768371582,1.9453129768371582,1.9140629768371582,1.921875,1.5369536876678467,3259200
2000-08-01,1.921875,1.9765629768371582,1.9140629768371582,1.9453129768371582,1.5556976795196533,2500800
2000-08-02,1.9453129768371582,1.953125,1.90625,1.90625,1.524458408355713,4541600
2000-08-03,1.859375,1.921875,1.8203129768371582,1.875,1.4994666576385498,4112800
2000-08-04,1.875,1.9140629768371582,1.828125,1.8828129768371582,1.5057151317596436,2537600
2000-08-07,1.878906011581421,2.03125,1.875,2.007812976837158,1.6056796312332153,2660800
2000-08-08,2.007812976837158,2.054687976837158,1.9921879768371582,2.023437976837158,1.6181750297546387,4620000
2000-08-09,2.027343988418579,2.125,2.023437976837158,2.09375,1.6744037866592407,3954400
2000-08-10,2.078125,2.09375,2.007812976837158,2.007812976837158,1.6056796312332153,2208000
2000-08-11,2.0,2.078125,2.0,2.054687976837158,1.6431660652160645,2156000
2000-08-14,2.066406011581421,2.125,2.046875,2.105468988418579,1.6837762594223022,4188800
2000-08-15,2.132812976837158,2.148437976837158,2.070312976837158,2.074218988418579,1.6587852239608765,2440000
2000-08-16,1.921875,1.921875,1.828125,1.890625,1.511962652206421,17260800
2000-08-17,1.859375,1.90625,1.828125,1.84375,1.4744751453399658,12950400
2000-08-18,1.8359379768371582,1.8984379768371582,1.828125,1.8828129768371582,1.5057151317596436,5144800
2000-08-21,1.878906011581421,1.8828129768371582,1.859375,1.875,1.4994666576385498,2523200
2000-08-22,1.875,1.953125,1.859375,1.953125,1.5619447231292725,3968000
2000-08-23,1.953125,2.023437976837158,1.949218988418579,1.9921879768371582,1.5931837558746338,3943200
2000-08-24,1.96875,1.9921879768371582,1.9140629768371582,1.9296879768371582,1.5432010889053345,5852800
2000-08-25,1.921875,1.988281011581421,1.921875,1.9609379768371582,1.568192720413208,4012000
2000-08-28,1.9765629768371582,1.9921879768371582,1.9296879768371582,1.9296879768371582,1.5432010889053345,4304800
2000-08-29,1.957031011581421,1.9609379768371582,1.9296879768371582,1.9375,1.5494486093521118,4790400
2000-08-30,1.9296879768371582,1.9453129768371582,1.921875,1.9375,1.5494486093521118,6352800
2000-08-31,1.90625,1.9296879768371582,1.8671879768371582,1.890625,1.511962652206421,4569600
2000-09-01,1.917968988418579,2.03125,1.8984379768371582,2.0,1.5994311571121216,4535200
2000-09-05,1.9765629768371582,2.015625,1.9609379768371582,1.984375,1.5869357585906982,3284000
2000-09-06,1.996093988418579,2.007812976837158,1.9609379768371582,1.9921879768371582,1.5970059633255005,2160800
2000-09-07,1.9765629768371582,2.0,1.84375,1.8828129768371582,1.5093282461166382,16573600
2000-09-08,1.871093988418579,2.078125,1.8515629768371582,2.054687976837158,1.6471086740493774,17316800
2000-09-11,2.0,2.046875,2.0,2.015625,1.61579430103302,4734400
2000-09-12,2.0,2.039062976837158,1.9921879768371582,2.0,1.6032686233520508,2631200
2000-09-13,2.0,2.015625,1.9609379768371582,1.9609379768371582,1.5719552040100098,4421600
2000-09-14,1.953125,1.984375,1.9375,1.953125,1.5656921863555908,8266400
2000-09-15,1.9375,1.9609379768371582,1.921875,1.9453129768371582,1.5594295263290405,5313600
2000-09-18,1.941406011581421,1.9453129768371582,1.875,1.890625,1.5155909061431885,5687200
2000-09-19,1.875,1.890625,1.8125,1.84375,1.4780141115188599,9792000
2000-09-20,1.839843988418579,1.8515629768371582,1.828125,1.84375,1.4780141115188599,3603200
2000-09-21,1.8203129768371582,1.8359379768371582,1.7890629768371582,1.8046879768371582,1.446699857711792,5793600
2000-09-22,1.792968988418579,1.8203129768371582,1.65625,1.78125,1.427911400794983,11889600
2000-09-25,1.765625,1.78125,1.75,1.78125,1.427911400794983,4678400
2000-09-26,1.7578129768371582,1.7890629768371582,1.734375,1.765625,1.4153857231140137,7544800
2000-09-27,1.761718988418579,1.765625,1.7578129768371582,1.7578129768371582,1.409123420715332,4104000
2000-09-28,1.761718988418579,1.78125,1.734375,1.78125,1.427911400794983,9044000
2000-09-29,1.765625,1.8203129768371582,1.765625,1.796875,1.4404370784759521,4771200
2000-10-02,1.796875,1.8203129768371582,1.7890629768371582,1.8125,1.4529622793197632,4903200
2000-10-03,1.8125,1.8203129768371582,1.7421879768371582,1.7578129768371582,1.409123420715332,3364000
2000-10-04,1.75,1.8671879768371582,1.734375,1.8203129768371582,1.4592249393463135,5143200
2000-10-05,1.8125,1.90625,1.8046879768371582,1.875,1.503064751625061,10448000
2000-10-06,1.859375,1.875,1.71875,1.7265629768371582,1.3840723037719727,5094400
2000-10-09,1.71875,1.765625,1.71875,1.765625,1.4153857231140137,2345600
2000-10-10,1.7363280057907104,1.765625,1.734375,1.75,1.402860164642334,1412000
2000-10-11,1.75,1.7578129768371582,1.7265629768371582,1.7265629768371582,1.3840723037719727,3114400
2000-10-12,1.7402340173721313,1.7421879768371582,1.640625,1.6640629768371582,1.3339704275131226,6063200
2000-10-13,1.6347659826278687,1.7734379768371582,1.6328129768371582,1.7734379768371582,1.4216489791870117,7985600
2000-10-16,1.75,1.75,1.6640629768371582,1.671875,1.3402327299118042,4684000
2000-10-17,1.671875,1.6953129768371582,1.625,1.65625,1.3277068138122559,2620800
2000-10-18,1.6484379768371582,1.6640629768371582,1.5859379768371582,1.6328129768371582,1.3089195489883423,5678400
2000-10-19,1.65625,1.78125,1.6328129768371582,1.7421879768371582,1.3965973854064941,5269600
2000-10-20,1.734375,1.75,1.671875,1.6796879768371582,1.3464956283569336,8580800
2000-10-23,1.703125,1.703125,1.6796879768371582,1.6953129768371582,1.3590214252471924,7159200
2000-10-24,1.6953129768371582,1.703125,1.671875,1.671875,1.3402327299118042,7127200
2000-10-25,1.671875,1.6953129768371582,1.6484379768371582,1.65625,1.3277068138122559,4126400
2000-10-26,1.65625,1.65625,1.609375,1.625,1.3026559352874756,4179200
2000-10-27,1.6171879768371582,1.6328129768371582,1.6171879768371582,1.6328129768371582,1.3089195489883423,18206400
2000-10-30,1.628906011581421,1.640625,1.6015629768371582,1.6328129768371582,1.3089195489883423,6608000
2000-10-31,1.6269530057907104,1.65625,1.625,1.6484379768371582,1.3214452266693115,13298400
2000-11-01,1.644531011581421,1.734375,1.6015629768371582,1.730468988418579,1.3872038125991821,21056800
2000-11-02,1.765625,2.140625,1.75,2.0625,1.653370976448059,32817600
2000-11-03,2.046875,2.125,2.03125,2.09375,1.6784220933914185,9800000
2000-11-06,2.099608898162842,2.101562976837158,2.054687976837158,2.078125,1.665897011756897,4820800
2000-11-07,2.080077886581421,2.164062976837158,2.0625,2.154297113418579,1.7269591093063354,13007200
2000-11-08,2.125,2.28125,2.117187976837158,2.242187976837158,1.7974153757095337,5536800
2000-11-09,2.214843988418579,2.21875,2.09375,2.117187976837158,1.6972107887268066,10944000
2000-11-10,2.109375,2.125,2.046875,2.078125,1.665897011756897,6245600
2000-11-13,2.068358898162842,2.28125,2.046875,2.257812976837158,1.8099403381347656,10473600
2000-11-14,2.257812976837158,2.265625,2.023437976837158,2.117187976837158,1.6972107887268066,9232800
2000-11-15,2.125,2.21875,1.984375,2.125,1.7034733295440674,6883200
2000-11-16,2.111327886581421,2.132812976837158,2.09375,2.09375,1.6784220933914185,6287200
2000-11-17,2.070312976837158,2.109375,2.070312976837158,2.085937976837158,1.6721596717834473,5368800
2000-11-20,2.039062976837158,2.078125,1.9609379768371582,2.0,1.6032686233520508,4647200
2000-11-21,1.984375,2.054687976837158,1.9765629768371582,1.9921879768371582,1.5970059633255005,5185600
2000-11-22,1.988281011581421,2.0,1.96875,2.0,1.6032686233520508,3532800
2000-11-24,1.9921879768371582,2.0,1.9453129768371582,1.9921879768371582,1.5970059633255005,1486400
2000-11-27,1.9863280057907104,2.046875,1.984375,2.046875,1.6408460140228271,5642400
2000-11-28,2.03125,2.039062976837158,1.8671879768371582,1.9296879768371582,1.546904444694519,6608800
2000-11-29,1.9375,1.953125,1.9140629768371582,1.9375,1.5569995641708374,7194400
2000-11-30,1.9375,1.953125,1.9140629768371582,1.921875,1.5444430112838745,5633600
2000-12-01,1.9140629768371582,1.9921879768371582,1.9140629768371582,1.953125,1.5695557594299316,5714400
2000-12-04,1.953125,2.03125,1.9453129768371582,2.0,1.6072248220443726,4442400
2000-12-05,2.015625,2.078125,1.984375,2.046875,1.6448949575424194,3603200
2000-12-06,2.03125,2.125,2.015625,2.101562976837158,1.6888421773910522,2668000
2000-12-07,2.109375,2.109375,2.054687976837158,2.101562976837158,1.6888421773910522,2478400
2000-12-08,2.09375,2.195312976837158,2.09375,2.1875,1.7579017877578735,6427200
2000-12-11,2.15625,2.1875,2.039062976837158,2.070312976837158,1.6637297868728638,5458400
2000-12-12,2.0625,2.109375,2.046875,2.070312976837158,1.6637297868728638,2980800
2000-12-13,2.072266101837158,2.09375,1.9921879768371582,2.015625,1.619781494140625,3116800
2000-12-14,2.015625,2.023437976837158,1.984375,1.9921879768371582,1.6009469032287598,3666400
2000-12-15,1.9921879768371582,2.03125,1.953125,1.96875,1.5821119546890259,4654400
2000-12-18,1.9765629768371582,1.9921879768371582,1.96875,1.984375,1.5946688652038574,2932000
2000-12-19,1.9863280057907104,2.0,1.9765629768371582,2.0,1.6072248220443726,3648000
2000-12-20,1.984375,1.9980469942092896,1.9296879768371582,1.9296879768371582,1.5507216453552246,3648000
2000-12-21,1.9375,2.0,1.9375,1.9921879768371582,1.6009469032287598,5029600
2000-12-22,2.0,2.09375,1.9921879768371582,2.085937976837158,1.676285982131958,6528800
2000-12-26,2.101562976837158,2.101562976837158,2.03125,2.054687976837158,1.6511732339859009,4319200
2000-12-27,2.033202886581421,2.132812976837158,2.033202886581421,2.132812976837158,1.7139549255371094,7331200
2000-12-28,2.132812976837158,2.140625,2.109375,2.125,1.707676887512207,8184800
2000-12-29,2.117187976837158,2.132812976837158,2.105468988418579,2.109375,1.695120930671692,8732000
2001-01-02,2.123047113418579,2.125,2.09375,2.101562976837158,1.6888421773910522,5162400
2001-01-03,2.117187976837158,2.210937976837158,2.070312976837158,2.189452886581421,1.759472370147705,11529600
2001-01-04,2.199218988418579,2.445312976837158,2.195312976837158,2.398437976837158,1.927414894104004,12230400
2001-01-05,2.345702886581421,2.460937976837158,2.34375,2.390625,1.9211368560791016,6899200
2001-01-08,2.484375,2.5,2.359375,2.429687976837158,1.9525272846221924,9528800
2001-01-09,2.40625,2.4375,2.3125,2.328125,1.8709111213684082,6115200
2001-01-10,2.328125,2.447266101837158,2.328125,2.447266101837158,1.96665358543396,7704800
2001-01-11,2.416016101837158,2.53125,2.414062976837158,2.5,2.009031295776367,7984000
2001-01-12,2.5,2.5,2.460937976837158,2.492187976837158,2.002753973007202,6508000
2001-01-16,2.476562976837158,2.609375,2.460937976837158,2.574218988418579,2.0686750411987305,8478400
2001-01-17,2.601562976837158,2.703125,2.5625,2.695312976837158,2.165987491607666,24997600
2001-01-18,2.703125,2.703125,2.601562976837158,2.609375,2.09692645072937,17093600
2001-01-19,2.609375,2.617187976837158,2.414062976837158,2.4375,1.958806037902832,11890400
2001-01-22,2.441406011581421,2.640625,2.4375,2.564452886581421,2.0608272552490234,14238400
2001-01-23,2.5625,2.632812976837158,2.554687976837158,2.625,2.1094818115234375,4140000
2001-01-24,2.572266101837158,2.71875,2.570312976837158,2.609375,2.09692645072937,8365600
2001-01-25,2.611327886581421,2.695312976837158,2.53125,2.640625,2.1220390796661377,7951200
2001-01-26,2.640625,2.648437976837158,2.554687976837158,2.558593988418579,2.0561187267303467,3617600
2001-01-29,2.554687976837158,2.726562976837158,2.554687976837158,2.71875,2.184821128845215,4295200
2001-01-30,2.71875,2.8125,2.6875,2.71875,2.184821128845215,6505600
2001-01-31,2.71875,2.875,2.703125,2.859375,2.2978289127349854,5500800
2001-02-01,2.867187976837158,2.90625,2.789062976837158,2.84375,2.2852742671966553,5302400
2001-02-02,2.828125,2.851562976837158,2.6875,2.710937976837158,2.178544044494629,4168800
2001-02-05,2.78125,2.820312976837158,2.71875,2.75,2.209934711456299,5814400
2001-02-06,2.720702886581421,2.820312976837158,2.71875,2.796875,2.2476041316986084,7381600
2001-02-07,2.789062976837158,2.992187976837158,2.78125,2.984375,2.3982813358306885,10656000
2001-02-08,2.9375,2.9375,2.6875,2.796875,2.2476041316986084,5124800
2001-02-09,2.773437976837158,2.773437976837158,2.585937976837158,2.585937976837158,2.078092098236084,10036000
2001-02-12,2.583983898162842,2.632812976837158,2.5625,2.585937976837158,2.078092098236084,9321600
2001-02-13,2.585937976837158,2.65625,2.585937976837158,2.59375,2.0843706130981445,11311200
2001-02-14,2.601562976837158,2.625,2.539062976837158,2.585937976837158,2.078092098236084,10253600
2001-02-15,2.578125,2.609375,2.5625,2.585937976837158,2.078092098236084,8743200
2001-02-16,2.587891101837158,2.703125,2.5625,2.648437976837158,2.128319025039673,6169600
2001-02-20,2.648437976837158,2.882812976837158,2.648437976837158,2.84375,2.2852742671966553,11029600
2001-02-21,2.785156011581421,2.802733898162842,2.695312976837158,2.695312976837158,2.165987491607666,4879200
2001-02-22,2.695312976837158,2.734375,2.648437976837158,2.679687976837158,2.1534314155578613,3912000
2001-02-23,2.679687976837158,2.6875,2.539062976837158,2.679687976837158,2.1534314155578613,3954400
2001-02-26,2.6875,2.84375,2.6875,2.835937976837158,2.2789955139160156,2679200
2001-02-27,2.828125,2.835937976837158,2.71875,2.757812976837158,2.2162139415740967,4641600
2001-02-28,2.753906011581421,2.757812976837158,2.585937976837158,2.625,2.1136014461517334,4613600
2001-03-01,2.632812976837158,2.640625,2.46875,2.59375,2.0884411334991455,5334400
2001-03-02,2.59375,2.710937976837158,2.53125,2.601562976837158,2.0947320461273193,5252800
2001-03-05,2.625,2.65625,2.570312976837158,2.609375,2.1010217666625977,1705600
2001-03-06,2.609375,2.6875,2.576172113418579,2.65625,2.1387648582458496,2240800
2001-03-07,2.658202886581421,2.703125,2.640625,2.695312976837158,2.1702170372009277,7244800
2001-03-08,2.685547113418579,2.78125,2.617187976837158,2.71875,2.1890878677368164,5062400
2001-03-09,2.708983898162842,2.78125,2.59375,2.71875,2.1890878677368164,2593600
2001-03-12,2.679687976837158,2.710937976837158,2.617187976837158,2.632812976837158,2.1198928356170654,1672800
2001-03-13,2.626952886581421,2.632812976837158,2.546875,2.601562976837158,2.0947320461273193,1425600
2001-03-14,2.5,2.59375,2.421875,2.515625,2.0255355834960938,7504000
2001-03-15,2.492187976837158,2.5625,2.492187976837158,2.507812976837158,2.019245147705078,5481600
2001-03-16,2.523437976837158,2.570312976837158,2.453125,2.453125,1.9752118587493896,6456000
2001-03-19,2.445312976837158,2.585937976837158,2.445312976837158,2.570312976837158,2.0695676803588867,3627200
2001-03-20,2.550781011581421,2.6875,2.546875,2.59375,2.0884411334991455,7774400
2001-03-21,2.59375,2.632812976837158,2.53125,2.554687976837158,2.056987762451172,8320800
2001-03-22,2.535156011581421,2.546875,2.453125,2.46875,1.9877923727035522,5672000
2001-03-23,2.484375,2.507812976837158,2.453125,2.484375,2.0003747940063477,4486400
2001-03-26,2.501952886581421,2.515625,2.445312976837158,2.476562976837158,1.9940829277038574,5375200
2001-03-27,2.484375,2.484375,2.367187976837158,2.460937976837158,1.9815014600753784,6878400
2001-03-28,2.449218988418579,2.449218988418579,2.335937976837158,2.359375,1.8997257947921753,6237600
2001-03-29,2.34375,2.445312976837158,2.296875,2.40625,1.9374691247940063,6761600
2001-03-30,2.40625,2.484375,2.3125,2.34375,1.8871452808380127,10081600
2001-04-02,2.367187976837158,2.492187976837158,2.359375,2.382812976837158,1.9185974597930908,7726400
2001-04-03,2.375,2.40625,2.296875,2.320312976837158,1.8682740926742554,7101600
2001-04-04,2.314452886581421,2.4375,2.296875,2.40625,1.9374691247940063,6032800
2001-04-05,2.400391101837158,2.523437976837158,2.390625,2.515625,2.0255355834960938,3035200
2001-04-06,2.445312976837158,2.484375,2.414062976837158,2.429687976837158,1.9563401937484741,4707200
2001-04-09,2.4674999713897705,2.625,2.4549999237060547,2.4887499809265137,2.0038979053497314,3403200
2001-04-10,2.490000009536743,2.53125,2.390000104904175,2.424999952316284,1.9525660276412964,4842400
2001-04-11,2.418750047683716,2.430000066757202,2.25,2.259999990463257,1.8197113275527954,13699200
2001-04-12,2.291249990463257,2.3762500286102295,2.28125,2.3375000953674316,1.8821132183074951,15067200
2001-04-16,2.390000104904175,2.453749895095825,2.331249952316284,2.4000000953674316,1.932436227798462,5736800
2001-04-17,2.331249952316284,2.5,2.325000047683716,2.481250047683716,1.9978569746017456,4143200
2001-04-18,2.497499942779541,2.697499990463257,2.481250047683716,2.6524999141693115,2.135745048522949,6122400
2001-04-19,2.682499885559082,2.766249895095825,2.6500000953674316,2.7225000858306885,2.1921088695526123,3438400
2001-04-20,2.7249999046325684,2.7412500381469727,2.637500047683716,2.7100000381469727,2.182044506072998,1594400
2001-04-23,2.6812500953674316,2.752500057220459,2.637500047683716,2.651249885559082,2.1347386837005615,3219200
2001-04-24,2.6362500190734863,2.643749952316284,2.5737500190734863,2.6137499809265137,2.1045432090759277,3447200
2001-04-25,2.6187500953674316,2.6312499046325684,2.612499952316284,2.622499942779541,2.1115903854370117,3663200
2001-04-26,2.6287500858306885,2.783750057220459,2.625,2.7699999809265137,2.230353355407715,6957600
2001-04-27,2.7512500286102295,2.827500104904175,2.7300000190734863,2.8125,2.2645742893218994,5526400
2001-04-30,2.817500114440918,2.825000047683716,2.737499952316284,2.747499942779541,2.2122366428375244,2972000
2001-05-01,2.75,2.84375,2.6875,2.807499885559082,2.2605478763580322,7771200
2001-05-02,2.8062500953674316,2.84375,2.7249999046325684,2.7300000190734863,2.198146104812622,5366400
2001-05-03,2.6987500190734863,2.737499952316284,2.6987500190734863,2.7300000190734863,2.198146104812622,7611200
2001-05-04,2.733750104904175,2.733750104904175,2.643749952316284,2.71875,2.1890878677368164,12788000
2001-05-07,2.6875,2.733750104904175,2.6862499713897705,2.7225000858306885,2.1921088695526123,5860000
2001-05-08,2.7125000953674316,2.731250047683716,2.6875,2.6937499046325684,2.168958902359009,4768000
2001-05-09,2.646250009536743,2.646250009536743,2.617500066757202,2.6387500762939453,2.1246743202209473,7989600
2001-05-10,2.6387500762939453,2.8187499046325684,2.6387500762939453,2.815000057220459,2.266587495803833,11257600
2001-05-11,2.8125,2.8375000953674316,2.7850000858306885,2.819999933242798,2.2706117630004883,4334400
2001-05-14,2.776249885559082,2.872499942779541,2.7750000953674316,2.822499990463257,2.2726259231567383,5715200
2001-05-15,2.827500104904175,2.934999942779541,2.805000066757202,2.916249990463257,2.348112106323242,7257600
2001-05-16,2.8787500858306885,3.1050000190734863,2.8499999046325684,3.0687499046325684,2.4709019660949707,11799200
2001-05-17,3.0625,3.0687499046325684,2.987499952316284,3.0225000381469727,2.4336624145507812,10095200
2001-05-18,3.023750066757202,3.067500114440918,2.947499990463257,3.0562500953674316,2.4608376026153564,6612000
2001-05-21,3.023750066757202,3.0975000858306885,2.983750104904175,3.086250066757202,2.4849934577941895,4200000
2001-05-22,3.0999999046325684,3.108750104904175,3.0,3.0399999618530273,2.447751998901367,4639200
2001-05-23,3.049999952316284,3.0512499809265137,2.924999952316284,3.0,2.4155466556549072,8515200
2001-05-24,2.9937500953674316,3.012500047683716,2.956249952316284,2.987499952316284,2.4054815769195557,6632800
2001-05-25,3.002500057220459,3.018749952316284,2.9375,2.9700000286102295,2.3913917541503906,3728000
2001-05-29,2.963749885559082,2.96875,2.918750047683716,2.924999952316284,2.3551571369171143,8450400
2001-05-30,2.924999952316284,3.0062499046325684,2.882499933242798,2.893749952316284,2.329996109008789,12160800
2001-05-31,2.872499942779541,3.0137500762939453,2.867500066757202,2.9887499809265137,2.406486988067627,5485600
2001-06-01,2.987499952316284,3.140000104904175,2.9749999046325684,3.0975000858306885,2.494051218032837,6379200
2001-06-04,3.0662500858306885,3.112499952316284,3.0250000953674316,3.0562500953674316,2.4608376026153564,9229600
2001-06-05,3.081249952316284,3.09375,3.059999942779541,3.0850000381469727,2.4839868545532227,14144000
2001-06-06,3.0850000381469727,3.117500066757202,3.0299999713897705,3.0487499237060547,2.4547979831695557,7270400
2001-06-07,3.0037500858306885,3.0374999046325684,2.875,3.0225000381469727,2.4336624145507812,15580000
2001-06-08,3.0274999141693115,3.075000047683716,3.0112500190734863,3.0562500953674316,2.4608376026153564,2196800
2001-06-11,3.012500047683716,3.023750066757202,2.9937500953674316,3.0,2.4155466556549072,6942400
2001-06-12,2.9987499713897705,3.002500057220459,2.924999952316284,3.0,2.4155466556549072,2051200
2001-06-13,2.9987499713897705,3.0012500286102295,2.9200000762939453,2.9200000762939453,2.351130723953247,2824800
2001-06-14,2.9200000762939453,2.944999933242798,2.903749942779541,2.944999933242798,2.375633955001831,2642400
2001-06-15,2.9337499141693115,2.950000047683716,2.862499952316284,2.8975000381469727,2.3373167514801025,4951200
2001-06-18,2.924999952316284,2.981250047683716,2.9075000286102295,2.9262499809265137,2.3605093955993652,2855200
2001-06-19,2.9262499809265137,3.012500047683716,2.9262499809265137,3.0,2.4200010299682617,3032000
2001-06-20,2.994999885559082,3.0687499046325684,2.9800000190734863,3.0374999046325684,2.4502501487731934,5017600
2001-06-21,3.0112500190734863,3.174999952316284,3.0112500190734863,3.1500000953674316,2.541001081466675,7420800
2001-06-22,3.151249885559082,3.151249885559082,3.038749933242798,3.1337499618530273,2.5278923511505127,5118400
2001-06-25,3.184999942779541,3.1875,2.978749990463257,2.984999895095825,2.407900333404541,6194400
2001-06-26,2.987499952316284,3.0325000286102295,2.875,3.0174999237060547,2.434116840362549,4352000
2001-06-27,2.9962499141693115,3.047499895095825,2.9887499809265137,3.0325000286102295,2.446216106414795,2407200
2001-06-28,3.012500047683716,3.0875000953674316,3.012500047683716,3.083750009536743,2.4875595569610596,4484800
2001-06-29,3.088749885559082,3.09375,2.7850000858306885,2.9937500953674316,2.4149587154388428,5036800
2001-07-02,3.0225000381469727,3.0975000858306885,2.9312500953674316,3.0824999809265137,2.4865517616271973,4045600
2001-07-03,3.088749885559082,3.143749952316284,3.0374999046325684,3.1212499141693115,2.5178091526031494,2549600
2001-07-05,3.075000047683716,3.0899999141693115,3.0,3.0,2.4200010299682617,2190400
2001-07-06,2.992500066757202,3.0174999237060547,2.9387500286102295,2.947499990463257,2.3776488304138184,1540000
2001-07-09,2.942500114440918,2.987499952316284,2.9362499713897705,2.983750104904175,2.4068918228149414,2364800
2001-07-10,2.981250047683716,2.981250047683716,2.700000047683716,2.7200000286102295,2.1941335201263428,8515200
2001-07-11,2.71875,2.8399999141693115,2.7174999713897705,2.8237500190734863,2.2778263092041016,7836000
2001-07-12,2.7750000953674316,2.901249885559082,2.6875,2.8737499713897705,2.3181588649749756,16273600
2001-07-13,2.8712499141693115,2.908750057220459,2.809999942779541,2.903749942779541,2.3423585891723633,3547200
2001-07-16,2.859999895095825,2.9487500190734863,2.859999895095825,2.9312500953674316,2.3645427227020264,3001600
2001-07-17,2.913749933242798,2.924999952316284,2.833750009536743,2.887500047683716,2.3292508125305176,7738400
2001-07-18,2.8737499713897705,2.880000114440918,2.8499999046325684,2.8575000762939453,2.3050496578216553,7839200
2001-07-19,2.875,2.911250114440918,2.858750104904175,2.8975000381469727,2.3373167514801025,5088800
2001-07-20,2.8862500190734863,2.9625000953674316,2.8762500286102295,2.9312500953674316,2.3645427227020264,2799200
2001-07-23,2.896250009536743,2.9437499046325684,2.8949999809265137,2.9362499713897705,2.368574857711792,1422400
2001-07-24,2.9312500953674316,2.9362499713897705,2.8299999237060547,2.8812499046325684,2.3242087364196777,7455200
2001-07-25,2.8812499046325684,2.908750057220459,2.8575000762939453,2.8787500858306885,2.322192430496216,3484800
2001-07-26,2.880000114440918,2.8887500762939453,2.8687500953674316,2.880000114440918,2.3232009410858154,2205600
2001-07-27,2.8812499046325684,2.8812499046325684,2.8637499809265137,2.8712499141693115,2.3161420822143555,2092800
2001-07-30,2.8712499141693115,2.893749952316284,2.8662500381469727,2.887500047683716,2.3292508125305176,2697600
2001-07-31,2.872499942779541,2.9625000953674316,2.8712499141693115,2.940000057220459,2.3716001510620117,4349600
2001-08-01,2.9549999237060547,2.9749999046325684,2.9100000858306885,2.9200000762939453,2.3554680347442627,4145600
2001-08-02,2.913749933242798,2.9625000953674316,2.9000000953674316,2.953749895095825,2.3826916217803955,3258400
2001-08-03,2.958750009536743,2.9649999141693115,2.932499885559082,2.9412500858306885,2.3726086616516113,4752000
2001-08-06,2.942500114440918,2.9574999809265137,2.90625,2.9262499809265137,2.3605093955993652,4307200
2001-08-07,2.9100000858306885,3.0,2.9100000858306885,2.963749885559082,2.390758752822876,3196800
2001-08-08,2.958750009536743,3.069999933242798,2.9362499713897705,3.012500047683716,2.430084705352783,13141600
2001-08-09,3.119999885559082,3.25,3.0824999809265137,3.1475000381469727,2.5389838218688965,13557600
2001-08-10,3.1262500286102295,3.3162500858306885,3.1262500286102295,3.286250114440918,2.6509082317352295,15924800
2001-08-13,3.2874999046325684,3.4124999046325684,3.286250114440918,3.3637499809265137,2.713425397872925,13757600
2001-08-14,3.375,3.4437499046325684,3.375,3.413749933242798,2.753757953643799,19936000
2001-08-15,3.418750047683716,3.523750066757202,3.369999885559082,3.4600000381469727,2.791067123413086,9492800
2001-08-16,3.4437499046325684,3.523750066757202,3.3125,3.497499942779541,2.821316957473755,17272800
2001-08-17,3.4700000286102295,3.4912500381469727,3.3737499713897705,3.444999933242798,2.7789671421051025,6582400
2001-08-20,3.4312500953674316,3.487499952316284,3.424999952316284,3.4725000858306885,2.801149845123291,4028000
2001-08-21,3.461250066757202,3.5037500858306885,3.367500066757202,3.3712499141693115,2.719475507736206,8724800
2001-08-22,3.3399999141693115,3.546250104904175,3.293750047683716,3.5174999237060547,2.8374500274658203,13621600
2001-08-23,3.533750057220459,3.648750066757202,3.53125,3.6237499713897705,2.923158884048462,22540000
2001-08-24,3.648750066757202,3.723750114440918,3.581249952316284,3.6875,2.974583387374878,17979200
2001-08-27,3.6987500190734863,3.6987500190734863,3.6024999618530273,3.65625,2.949375629425049,12656800
2001-08-28,3.6675000190734863,3.671250104904175,3.601249933242798,3.6475000381469727,2.9423179626464844,5932000
2001-08-29,3.632499933242798,3.740000009536743,3.6262500286102295,3.7225000858306885,3.002817153930664,12268000
2001-08-30,3.7125000953674316,3.759999990463257,3.682499885559082,3.7512500286102295,3.0260086059570312,16848800
2001-08-31,3.75,3.7562499046325684,3.632499933242798,3.6624999046325684,2.958656072616577,9588000
2001-09-04,3.643749952316284,3.762500047683716,3.5824999809265137,3.759999990463257,3.037419557571411,23072000
2001-09-05,3.752500057220459,3.7612500190734863,3.615000009536743,3.7125000953674316,2.9990487098693848,4844800
2001-09-06,3.734999895095825,3.875,3.734999895095825,3.793750047683716,3.0646839141845703,31412000
2001-09-07,3.7637500762939453,3.796250104904175,3.547499895095825,3.559999942779541,2.875854015350342,12741600
2001-09-10,3.547499895095825,3.549999952316284,3.387500047683716,3.5137500762939453,2.838491201400757,9427200
2001-09-17,3.375,3.456249952316284,3.166249990463257,3.1812500953674316,2.5698909759521484,14623200
2001-09-18,3.203749895095825,3.2362499237060547,3.125,3.177500009536743,2.566861629486084,4593600
2001-09-19,3.146250009536743,3.375,3.098750114440918,3.359999895095825,2.714289903640747,13964000
2001-09-20,3.3125,3.362499952316284,3.1387500762939453,3.288749933242798,2.6567320823669434,14063200
2001-09-21,3.174999952316284,3.2825000286102295,3.083750009536743,3.2300000190734863,2.60927152633667,9405600
2001-09-24,3.2412500381469727,3.3924999237060547,3.211250066757202,3.3424999713897705,2.7001523971557617,8702400
2001-09-25,3.331249952316284,3.634999990463257,3.3125,3.598750114440918,2.907158613204956,13517600
2001-09-26,3.5924999713897705,3.612499952316284,3.382499933242798,3.5112500190734863,2.836472749710083,14812800
2001-09-27,3.53125,3.6187500953674316,3.4749999046325684,3.606250047683716,2.9132165908813477,15425600
2001-09-28,3.612499952316284,3.7437500953674316,3.606250047683716,3.65625,2.9536075592041016,22410400
2001-10-01,3.6050000190734863,3.7799999713897705,3.5625,3.7562499046325684,3.034390926361084,8631200
2001-10-02,3.737499952316284,3.8162500858306885,3.672499895095825,3.8162500858306885,3.0828604698181152,13670400
2001-10-03,3.8137500286102295,3.930000066757202,3.776249885559082,3.872499942779541,3.1282999515533447,17133600
2001-10-04,3.893749952316284,3.8949999809265137,3.6837499141693115,3.694999933242798,2.984910011291504,13756800
2001-10-05,3.694999933242798,3.7300000190734863,3.5899999141693115,3.65625,2.9536075592041016,10808000
2001-10-08,3.4625000953674316,3.6649999618530273,3.325000047683716,3.630000114440918,2.9324023723602295,10800800
2001-10-09,3.6237499713897705,3.6887500286102295,3.541249990463257,3.666249990463257,2.9616849422454834,9029600
2001-10-10,3.6837499141693115,3.859999895095825,3.65625,3.783750057220459,3.0566062927246094,27568800
2001-10-11,3.799999952316284,4.0,3.799999952316284,3.8762500286102295,3.1313295364379883,21317600
2001-10-12,3.8575000762939453,3.869999885559082,3.690000057220459,3.78125,3.0545849800109863,11491200
2001-10-15,3.7487499713897705,3.875,3.6862499713897705,3.8424999713897705,3.104064464569092,13772000
2001-10-16,3.8499999046325684,3.8499999046325684,3.7750000953674316,3.8324999809265137,3.0959861278533936,10861600
2001-10-17,3.825000047683716,3.8737499713897705,3.7437500953674316,3.788749933242798,3.060645341873169,5308000
2001-10-18,3.8087499141693115,3.827500104904175,3.700000047683716,3.7587499618530273,3.036410093307495,5033600
2001-10-19,3.7674999237060547,3.898750066757202,3.7249999046325684,3.851249933242798,3.1111338138580322,4904800
2001-10-22,3.8450000286102295,3.918750047683716,3.8375000953674316,3.9100000858306885,3.158592939376831,6901600
2001-10-23,3.9124999046325684,4.101250171661377,3.911250114440918,4.003749847412109,3.2343266010284424,11228800
2001-10-24,4.002500057220459,4.016250133514404,3.8812499046325684,3.8924999237060547,3.144455909729004,3889600
2001-10-25,3.9124999046325684,3.9749999046325684,3.783750057220459,3.9749999046325684,3.211101531982422,3272800
2001-10-26,3.9749999046325684,4.018750190734863,3.9075000286102295,4.018750190734863,3.246443033218384,3749600
2001-10-29,4.013750076293945,4.053750038146973,3.9312500953674316,3.950000047683716,3.1909055709838867,5336000
2001-10-30,3.9375,3.9487500190734863,3.768749952316284,3.797499895095825,3.0677127838134766,9171200
2001-10-31,3.7825000286102295,3.971250057220459,3.78125,3.9124999046325684,3.160611629486084,5255200
2001-11-01,3.950000047683716,4.042500019073486,3.848750114440918,4.008749961853027,3.238365650177002,4864000
2001-11-02,3.997499942779541,4.09250020980835,3.9625000953674316,3.976249933242798,3.212111234664917,11009600
2001-11-05,4.00124979019165,4.068749904632568,3.9912500381469727,4.003749847412109,3.2343266010284424,5449600
2001-11-06,4.014999866485596,4.081250190734863,3.9674999713897705,4.072500228881836,3.289865255355835,4476800
2001-11-07,4.082499980926514,4.173749923706055,4.046249866485596,4.086249828338623,3.300973653793335,18636800
2001-11-08,4.067500114440918,4.068749904632568,3.7125000953674316,3.7562499046325684,3.034390926361084,25748000
2001-11-09,3.723750114440918,3.7249999046325684,3.5112500190734863,3.5350000858306885,2.855658769607544,15479200
2001-11-12,3.5299999713897705,3.6875,3.4774999618530273,3.637500047683716,2.938460350036621,7669600
2001-11-13,3.6449999809265137,3.7437500953674316,3.581249952316284,3.643749952316284,2.943509340286255,7531200
2001-11-14,3.6449999809265137,3.887500047683716,3.6449999809265137,3.8012499809265137,3.070742130279541,12960000
2001-11-15,3.8037500381469727,3.9049999713897705,3.788749933242798,3.8924999237060547,3.144455909729004,10249600
2001-11-16,3.891249895095825,3.8924999237060547,3.5350000858306885,3.555000066757202,2.8718154430389404,11616000
2001-11-19,3.5712499618530273,3.7387499809265137,3.5662500858306885,3.706249952316284,2.9939987659454346,10294400
2001-11-20,3.733750104904175,3.8062500953674316,3.59375,3.59375,2.90311861038208,13352000
2001-11-21,3.6500000953674316,3.6500000953674316,3.4825000762939453,3.567500114440918,2.8819127082824707,9866400
2001-11-23,3.5687499046325684,3.5875000953674316,3.5562500953674316,3.581249952316284,2.893019914627075,2413600
2001-11-26,3.5875000953674316,3.59375,3.5250000953674316,3.567500114440918,2.8819127082824707,10381600
2001-11-27,3.578749895095825,3.581249952316284,3.4937500953674316,3.516249895095825,2.8405117988586426,9299200
2001-11-28,3.502500057220459,3.5174999237060547,3.4375,3.473750114440918,2.806178331375122,8728000
2001-11-29,3.463749885559082,3.481250047683716,3.40625,3.456249952316284,2.792041778564453,8554400
2001-11-30,3.4625000953674316,3.5999999046325684,3.4549999237060547,3.526249885559082,2.8485898971557617,7860000
2001-12-03,3.526249885559082,3.5274999141693115,3.413749933242798,3.4625000953674316,2.797091007232666,6767200
2001-12-04,3.4800000190734863,3.6137499809265137,3.4749999046325684,3.608750104904175,2.915236473083496,5978400
2001-12-05,3.612499952316284,3.8012499809265137,3.608750104904175,3.771250009536743,3.0465073585510254,11594400
2001-12-06,3.773750066757202,3.862499952316284,3.7562499046325684,3.825000047683716,3.0899269580841064,11628800
2001-12-07,3.8237500190734863,3.825000047683716,3.742500066757202,3.75,3.029341459274292,6812800
2001-12-10,3.747499942779541,3.833750009536743,3.71875,3.8112499713897705,3.0832388401031494,5480000
2001-12-11,3.815000057220459,3.8499999046325684,3.75,3.757499933242798,3.0397565364837646,5753600
2001-12-12,3.75,3.786250114440918,3.697499990463257,3.734999895095825,3.0215539932250977,5089600
2001-12-13,3.71875,3.7925000190734863,3.65625,3.726249933242798,3.0144758224487305,5223200
2001-12-14,3.713749885559082,3.742500066757202,3.668750047683716,3.728749990463257,3.016498327255249,5422400
2001-12-17,3.7274999618530273,3.8125,3.619999885559082,3.632499933242798,2.938634157180786,13847200
2001-12-18,3.6312499046325684,3.6575000286102295,3.581249952316284,3.606250047683716,2.9173989295959473,8364800
2001-12-19,3.5875000953674316,3.809999942779541,3.5875000953674316,3.7825000286102295,3.059981107711792,6775200
2001-12-20,4.026249885559082,4.027500152587891,3.825000047683716,3.831249952316284,3.0994207859039307,12273600
2001-12-21,3.8062500953674316,3.984999895095825,3.8062500953674316,3.9262499809265137,3.1762726306915283,5844800
2001-12-24,3.96875,4.03249979019165,3.96875,3.981250047683716,3.2207677364349365,2678400
2001-12-26,3.9800000190734863,4.116250038146973,3.978749990463257,4.103750228881836,3.319868326187134,6568000
2001-12-27,4.105000019073486,4.175000190734863,4.087500095367432,4.148749828338623,3.356271743774414,4096800
2001-12-28,4.143750190734863,4.266250133514404,4.014999866485596,4.058750152587891,3.283463478088379,5856000
2001-12-31,4.052499771118164,4.137499809265137,3.96875,4.010000228881836,3.244025230407715,5287200
2002-01-02,4.056250095367432,4.132500171661377,3.9625000953674316,4.083749771118164,3.3036866188049316,11210400
2002-01-03,4.088749885559082,4.15500020980835,4.007500171661377,4.034999847412109,3.264249086380005,6735200
2002-01-04,4.041250228881836,4.207499980926514,4.037499904632568,4.198750019073486,3.3967199325561523,8258400
2002-01-07,4.21999979019165,4.301249980926514,4.192500114440918,4.193749904632568,3.3926761150360107,7715200
2002-01-08,4.193749904632568,4.243750095367432,4.112500190734863,4.213749885559082,3.4088549613952637,9083200
2002-01-09,4.231249809265137,4.289999961853027,4.228750228881836,4.275000095367432,3.458406686782837,9168000
2002-01-10,4.425000190734863,4.425000190734863,4.182499885559082,4.211249828338623,3.406832456588745,12469600
2002-01-11,4.221250057220459,4.25,4.056250095367432,4.059999942779541,3.2844748497009277,3511200
2002-01-14,4.081250190734863,4.09375,3.9862499237060547,4.012499809265137,3.246047258377075,9016800
2002-01-15,4.072500228881836,4.138750076293945,3.984999895095825,4.12624979019165,3.3380696773529053,6329600
2002-01-16,4.121250152587891,4.172500133514404,4.081250190734863,4.138750076293945,3.3481805324554443,7949600
2002-01-17,4.137499809265137,4.207499980926514,4.026249885559082,4.067500114440918,3.290541410446167,9248000
2002-01-18,4.068749904632568,4.087500095367432,3.994999885559082,4.012499809265137,3.246047258377075,6652000
2002-01-22,4.005000114440918,4.176249980926514,4.0,4.086249828338623,3.305711030960083,7894400
2002-01-23,4.09375,4.295000076293945,4.083749771118164,4.275000095367432,3.458406686782837,14583200
2002-01-24,4.28000020980835,4.397500038146973,4.275000095367432,4.375,3.5393054485321045,15137600
2002-01-25,4.361249923706055,4.465000152587891,4.324999809265137,4.371250152587891,3.5362703800201416,11540000
2002-01-28,4.375,4.461249828338623,4.318749904632568,4.449999809265137,3.5999770164489746,6999200
2002-01-29,4.457499980926514,4.457499980926514,4.324999809265137,4.357500076293945,3.5251474380493164,4727200
2002-01-30,4.381249904632568,4.489999771118164,4.357500076293945,4.483749866485596,3.6272809505462646,7401600
2002-01-31,4.485000133514404,4.568749904632568,4.481249809265137,4.541250228881836,3.6737983226776123,8800000
2002-02-01,4.539999961853027,4.543749809265137,4.393750190734863,4.443749904632568,3.594921350479126,5481600
2002-02-04,4.443749904632568,4.465000152587891,4.366250038146973,4.403749942779541,3.5625617504119873,3468000
2002-02-05,4.412499904632568,4.458749771118164,4.288750171661377,4.412499904632568,3.569641351699829,4181600
2002-02-06,4.397500038146973,4.423749923706055,4.296249866485596,4.323750019073486,3.497844934463501,7141600
2002-02-07,4.380000114440918,4.559999942779541,4.378749847412109,4.43625020980835,3.5888545513153076,14978400
2002-02-08,4.4375,4.505000114440918,4.432499885559082,4.5,3.6404261589050293,5417600
2002-02-11,4.5,4.637499809265137,4.497499942779541,4.618750095367432,3.7364935874938965,10604800
2002-02-12,4.621250152587891,4.647500038146973,4.574999809265137,4.581250190734863,3.7061567306518555,7445600
2002-02-13,4.610000133514404,4.636250019073486,4.550000190734863,4.608749866485596,3.7284045219421387,8422400
2002-02-14,4.619999885559082,4.637499809265137,4.445000171661377,4.512499809265137,3.6505391597747803,7408800
2002-02-15,4.511250019073486,4.588749885559082,4.416250228881836,4.588749885559082,3.7122251987457275,7524800
2002-02-19,4.582499980926514,4.625,4.463749885559082,4.568749904632568,3.696044445037842,9596800
2002-02-20,4.53249979019165,4.570000171661377,4.426249980926514,4.486249923706055,3.629303216934204,6797600
2002-02-21,4.50124979019165,4.637499809265137,4.5,4.581250190734863,3.7061567306518555,13152000
2002-02-22,4.582499980926514,4.587500095367432,4.445000171661377,4.570000171661377,3.6970555782318115,8420000
2002-02-25,4.565000057220459,4.62624979019165,4.523749828338623,4.537499904632568,3.670764207839966,6160000
2002-02-26,4.538750171661377,4.543749809265137,4.429999828338623,4.505000114440918,3.6444733142852783,5896000
2002-02-27,4.513750076293945,4.610000133514404,4.458749771118164,4.568749904632568,3.7009737491607666,5730400
2002-02-28,4.571249961853027,4.632500171661377,4.506249904632568,4.507500171661377,3.6513590812683105,4966400
2002-03-01,4.53000020980835,4.631249904632568,4.480000019073486,4.617499828338623,3.740464448928833,3980800
2002-03-04,4.651249885559082,4.675000190734863,4.287499904632568,4.40625,3.569338321685791,14137600
2002-03-05,4.362500190734863,4.382500171661377,4.141250133514404,4.199999809265137,3.4022624492645264,18387200
2002-03-06,4.233749866485596,4.420000076293945,4.210000038146973,4.369999885559082,3.539973735809326,17209600
2002-03-07,4.476250171661377,4.618750095367432,4.448750019073486,4.541250228881836,3.6786978244781494,12787200
2002-03-08,4.537499904632568,4.775000095367432,4.537499904632568,4.696249961853027,3.8042564392089844,9941600
2002-03-11,4.68874979019165,4.739999771118164,4.537499904632568,4.693749904632568,3.802231788635254,10608000
2002-03-12,4.667500019073486,4.741250038146973,4.618750095367432,4.6875,3.7971694469451904,3596000
2002-03-13,4.684999942779541,4.693749904632568,4.541250228881836,4.652500152587891,3.7688164710998535,3575200
2002-03-14,4.647500038146973,4.699999809265137,4.583749771118164,4.663750171661377,3.7779271602630615,3795200
2002-03-15,4.65625,4.862500190734863,4.641250133514404,4.824999809265137,3.908550977706909,7700800
2002-03-18,4.837500095367432,4.863749980926514,4.712500095367432,4.78125,3.8731136322021484,5199200
2002-03-19,4.78125,4.8125,4.702499866485596,4.756249904632568,3.852860450744629,5379200
2002-03-20,4.761250019073486,4.772500038146973,4.6875,4.762499809265137,3.8579230308532715,2463200
2002-03-21,4.75,4.756249904632568,4.663750171661377,4.722499847412109,3.8255207538604736,2492800
2002-03-22,4.731249809265137,4.773749828338623,4.65625,4.75124979019165,3.848809003829956,5310400
2002-03-25,4.744999885559082,4.8125,4.625,4.628749847412109,3.749577283859253,3956000
2002-03-26,4.639999866485596,4.723750114440918,4.59375,4.643750190734863,3.7617292404174805,5148800
2002-03-27,4.636250019073486,4.706250190734863,4.636250019073486,4.651249885559082,3.7678043842315674,3704000
2002-03-28,4.675000190734863,4.820000171661377,4.675000190734863,4.728750228881836,3.830583333969116,2852800
2002-04-01,4.612500190734863,4.65500020980835,4.441249847412109,4.506249904632568,3.650343894958496,9626400
2002-04-02,4.510000228881836,4.511250019073486,4.361249923706055,4.378749847412109,3.547060966491699,6644800
2002-04-03,4.387499809265137,4.512499809265137,4.297500133514404,4.462500095367432,3.614905595779419,5758400
2002-04-04,4.463749885559082,4.59499979019165,4.462500095367432,4.5,3.6452810764312744,5988800
2002-04-05,4.513750076293945,4.597499847412109,4.492499828338623,4.566249847412109,3.6989495754241943,4308000
2002-04-08,4.586249828338623,4.681250095367432,4.506249904632568,4.659999847412109,3.7748916149139404,3284800
2002-04-09,4.681250095367432,4.746250152587891,4.606249809265137,4.606249809265137,3.731351613998413,5046400
2002-04-10,4.65500020980835,4.866250038146973,4.622499942779541,4.801249980926514,3.8893134593963623,11472000
2002-04-11,4.875,4.9375,4.715000152587891,4.742499828338623,3.841724395751953,9563200
2002-04-12,4.768750190734863,4.84499979019165,4.762499809265137,4.81125020980835,3.897413492202759,2836800
2002-04-15,4.800000190734863,4.918749809265137,4.723750114440918,4.787499904632568,3.8781754970550537,3094400
2002-04-16,4.788750171661377,4.881249904632568,4.784999847412109,4.867499828338623,3.942979097366333,2920000
2002-04-17,4.885000228881836,4.922500133514404,4.868750095367432,4.885000228881836,3.957157850265503,4234400
2002-04-18,4.869999885559082,4.972499847412109,4.869999885559082,4.942500114440918,4.003735065460205,7767200
2002-04-19,4.965000152587891,4.974999904632568,4.893750190734863,4.951250076293945,4.010822296142578,2792800
2002-04-22,4.949999809265137,5.0,4.885000228881836,4.994999885559082,4.046262741088867,3941600
2002-04-23,4.99875020980835,5.047500133514404,4.978750228881836,5.007500171661377,4.056389808654785,6526400
2002-04-24,5.006249904632568,5.087500095367432,4.822500228881836,4.863749980926514,3.939940929412842,4832800
2002-04-25,4.93625020980835,4.99875020980835,4.804999828338623,4.983749866485596,4.037149906158447,3832800
2002-04-26,4.992499828338623,5.076250076293945,4.940000057220459,5.007500171661377,4.056389808654785,4795200
2002-04-29,5.033750057220459,5.033750057220459,4.962500095367432,4.976250171661377,4.031076908111572,2402400
2002-04-30,4.99875020980835,5.085000038146973,4.971250057220459,5.076250076293945,4.112081050872803,4668800
2002-05-01,5.056250095367432,5.114999771118164,4.96750020980835,5.036250114440918,4.079678535461426,4452000
2002-05-02,5.047500133514404,5.142499923706055,5.026249885559082,5.072500228881836,4.109043121337891,5515200
2002-05-03,5.087500095367432,5.15625,5.072500228881836,5.102499961853027,4.133342742919922,3231200
2002-05-06,5.142499923706055,5.161250114440918,5.012499809265137,5.019999980926514,4.066514492034912,4228800
2002-05-07,5.019999980926514,5.112500190734863,4.973750114440918,5.081250190734863,4.116134166717529,2839200
2002-05-08,5.068749904632568,5.172500133514404,5.065000057220459,5.137499809265137,4.1616973876953125,6246400
2002-05-09,5.118750095367432,5.139999866485596,4.971250057220459,4.976250171661377,4.031076908111572,6679200
2002-05-10,4.994999885559082,5.053750038146973,4.893750190734863,4.978750228881836,4.033100605010986,6097600
2002-05-13,4.96875,5.068749904632568,4.883749961853027,5.0625,4.100943565368652,4304000
2002-05-14,5.086249828338623,5.168749809265137,5.074999809265137,5.167500019073486,4.185999870300293,4719200
2002-05-15,5.125,5.291250228881836,5.090000152587891,5.247499942779541,4.2508039474487305,5186400
2002-05-16,5.247499942779541,5.387499809265137,5.226250171661377,5.34375,4.328771591186523,6436000
2002-05-17,5.362500190734863,5.393750190734863,5.3125,5.364999771118164,4.345985412597656,4501600
2002-05-20,5.381249904632568,5.394999980926514,5.193749904632568,5.224999904632568,4.232579231262207,4032000
2002-05-21,5.226250171661377,5.244999885559082,5.018750190734863,5.059999942779541,4.098917484283447,3237600
2002-05-22,5.087500095367432,5.198750019073486,4.925000190734863,5.191249847412109,4.205235004425049,7148000
2002-05-23,5.177499771118164,5.296249866485596,5.125,5.223750114440918,4.231564044952393,3106400
2002-05-24,5.190000057220459,5.247499942779541,5.15749979019165,5.193749904632568,4.207262992858887,2956800
2002-05-28,5.190000057220459,5.241250038146973,5.099999904632568,5.147500038146973,4.169797420501709,2753600
2002-05-29,5.101250171661377,5.15500020980835,5.056250095367432,5.150000095367432,4.171823501586914,2929600
2002-05-30,5.12624979019165,5.150000095367432,4.958749771118164,5.072500228881836,4.109043121337891,4915200
2002-05-31,5.072500228881836,5.31125020980835,5.071249961853027,5.269999980926514,4.26902961730957,4401600
2002-06-03,5.243750095367432,5.28000020980835,5.151249885559082,5.167500019073486,4.185999870300293,4256800
2002-06-04,5.184999942779541,5.21875,5.079999923706055,5.125,4.151569366455078,5225600
2002-06-05,5.135000228881836,5.15749979019165,5.099999904632568,5.130000114440918,4.1556196212768555,6486400
2002-06-06,5.175000190734863,5.230000019073486,5.101250171661377,5.117499828338623,4.145496845245361,11064000
2002-06-07,5.098750114440918,5.224999904632568,5.074999809265137,5.222499847412109,4.2305521965026855,6677600
2002-06-10,5.223750114440918,5.3125,5.207499980926514,5.24875020980835,4.251816749572754,5513600
2002-06-11,5.268750190734863,5.382500171661377,5.25,5.267499923706055,4.267005443572998,8817600
2002-06-12,5.31125020980835,5.429999828338623,5.296249866485596,5.428750038146973,4.397630214691162,6270400
2002-06-13,5.413750171661377,5.420000076293945,5.303750038146973,5.347499847412109,4.336604595184326,3624800
2002-06-14,5.337500095367432,5.361249923706055,5.137499809265137,5.361249923706055,4.347752094268799,4573600
2002-06-17,5.363749980926514,5.5,5.360000133514404,5.461249828338623,4.428850173950195,3564000
2002-06-18,5.489999771118164,5.491250038146973,5.317500114440918,5.362500190734863,4.348769664764404,3646400
2002-06-19,5.387499809265137,5.478750228881836,5.324999809265137,5.412499904632568,4.389317035675049,3100800
2002-06-20,5.452499866485596,5.46875,5.401249885559082,5.447500228881836,4.417697906494141,5181600
2002-06-21,5.487500190734863,5.496250152587891,5.257500171661377,5.309999942779541,4.3061933517456055,5609600
2002-06-24,5.307499885559082,5.307499885559082,5.03125,5.207499980926514,4.2230682373046875,6032000
2002-06-25,5.236249923706055,5.28000020980835,5.112500190734863,5.130000114440918,4.160218238830566,3970400
2002-06-26,5.101250171661377,5.18874979019165,4.894999980926514,5.162499904632568,4.186576843261719,3420000
2002-06-27,5.163750171661377,5.300000190734863,5.083749771118164,5.178750038146973,4.199753761291504,6188000
2002-06-28,5.18874979019165,5.21999979019165,5.077499866485596,5.09375,4.1308207511901855,10946400
2002-07-01,5.099999904632568,5.122499942779541,4.993750095367432,5.017499923706055,4.068986415863037,3722400
2002-07-02,5.03125,5.068749904632568,4.840000152587891,4.889999866485596,3.9655873775482178,9252800
2002-07-03,4.90500020980835,4.965000152587891,4.802499771118164,4.872499942779541,3.951397657394409,5044800
2002-07-05,4.877500057220459,5.051249980926514,4.877500057220459,5.039999961853027,4.087233543395996,2056000
2002-07-08,5.052499771118164,5.113749980926514,4.981249809265137,5.025000095367432,4.07506799697876,4192800
2002-07-09,5.003749847412109,5.216249942779541,5.002500057220459,5.012499809265137,4.064932823181152,5872800
2002-07-10,5.014999866485596,5.142499923706055,4.912499904632568,4.96999979019165,4.0304646492004395,4793600
2002-07-11,5.051249980926514,5.125,4.764999866485596,4.934999942779541,4.002082824707031,12320800
2002-07-12,4.927499771118164,4.961249828338623,4.639999866485596,4.639999866485596,3.7628493309020996,11695200
2002-07-15,4.618750095367432,4.647500038146973,4.300000190734863,4.637499809265137,3.7608225345611572,10711200
2002-07-16,4.5625,4.643750190734863,4.5,4.552499771118164,3.6918909549713135,9047200
2002-07-17,4.548749923706055,4.789999961853027,4.543749809265137,4.787499904632568,3.882467031478882,17908800
2002-07-18,4.738749980926514,4.981249809265137,4.724999904632568,4.858749866485596,3.940246343612671,10049600
2002-07-19,4.78125,4.806250095367432,4.631249904632568,4.668749809265137,3.786165237426758,7571200
2002-07-22,4.630000114440918,4.821249961853027,4.481249809265137,4.607500076293945,3.7364940643310547,7248000
2002-07-23,4.597499847412109,4.672500133514404,4.43625020980835,4.512499809265137,3.659452199935913,9110400
2002-07-24,4.446249961853027,4.883749961853027,4.3125,4.87624979019165,3.954437494277954,8740800
2002-07-25,4.84375,4.897500038146973,4.706250190734863,4.788750171661377,3.883479118347168,7655200
2002-07-26,4.801249980926514,4.96750020980835,4.75,4.908750057220459,3.9807960987091064,4318400
2002-07-29,4.926249980926514,5.199999809265137,4.911250114440918,5.136250019073486,4.165289878845215,7752800
2002-07-30,5.106249809265137,5.148749828338623,4.900000095367432,5.012499809265137,4.064932823181152,8585600
2002-07-31,4.974999904632568,4.988749980926514,4.599999904632568,4.707499980926514,3.8175902366638184,12416800
2002-08-01,4.671249866485596,4.690000057220459,4.487500190734863,4.514999866485596,3.6614809036254883,12692800
2002-08-02,4.37375020980835,4.37375020980835,3.981250047683716,4.268750190734863,3.461782932281494,34958400
2002-08-05,4.206250190734863,4.291250228881836,4.083749771118164,4.09499979019165,3.3208765983581543,15316000
2002-08-06,4.122499942779541,4.28125,4.121250152587891,4.222499847412109,3.424274206161499,9175200
2002-08-07,4.266250133514404,4.284999847412109,3.981250047683716,4.228750228881836,3.4293429851531982,9548000
2002-08-08,4.293749809265137,4.461249828338623,4.196249961853027,4.40625,3.5732874870300293,10514400
2002-08-09,4.398749828338623,4.434999942779541,4.262499809265137,4.34250020980835,3.521589756011963,6368000
2002-08-12,4.332499980926514,4.332499980926514,4.166250228881836,4.256249904632568,3.4516441822052,5966400
2002-08-13,4.258749961853027,4.43874979019165,4.203750133514404,4.287499904632568,3.4769866466522217,6122400
2002-08-14,4.283750057220459,4.403749942779541,4.176249980926514,4.403749942779541,3.571260452270508,6193600
2002-08-15,4.418749809265137,4.617499828338623,4.417500019073486,4.539999961853027,3.6817541122436523,5081600
2002-08-16,4.53249979019165,4.639999866485596,4.4375,4.617499828338623,3.744603395462036,6560000
2002-08-19,4.627500057220459,4.793749809265137,4.512499809265137,4.71999979019165,3.8277249336242676,7909600
2002-08-20,4.737500190734863,4.768750190734863,4.512499809265137,4.632500171661377,3.756767749786377,7394400
2002-08-21,4.710000038146973,4.871250152587891,4.670000076293945,4.78249979019165,3.878410816192627,5394400
2002-08-22,4.757500171661377,4.808750152587891,4.662499904632568,4.68625020980835,3.800356864929199,4483200
2002-08-23,4.690000057220459,4.742499828338623,4.597499847412109,4.625,3.750685930252075,5081600
2002-08-26,4.662499904632568,4.735000133514404,4.573750019073486,4.722499847412109,3.8297531604766846,5198400
2002-08-27,4.732500076293945,4.761250019073486,4.491250038146973,4.519999980926514,3.6655361652374268,6217600
2002-08-28,4.477499961853027,4.491250038146973,4.297500133514404,4.385000228881836,3.556055784225464,7508800
2002-08-29,4.349999904632568,4.525000095367432,4.321249961853027,4.486249923706055,3.638164520263672,4231200
2002-08-30,4.492499828338623,4.579999923706055,4.4375,4.513750076293945,3.665370225906372,4602400
2002-09-03,4.512499809265137,4.53000020980835,4.287499904632568,4.332499980926514,3.518186330795288,5396800
2002-09-04,4.331250190734863,4.550000190734863,4.291250228881836,4.514999866485596,3.666383743286133,10572800
2002-09-05,4.547500133514404,4.659999847412109,4.449999809265137,4.537499904632568,3.6846542358398438,10592000
2002-09-06,4.576250076293945,4.875,4.574999809265137,4.856249809265137,3.9434940814971924,8735200
2002-09-09,4.84250020980835,4.99875020980835,4.78125,4.966249942779541,4.0328168869018555,7964000
2002-09-10,4.973750114440918,5.046249866485596,4.84375,4.996250152587891,4.0571794509887695,10343200
2002-09-11,5.011250019073486,5.131249904632568,4.988749980926514,5.076250076293945,4.122140884399414,5660800
2002-09-12,5.06374979019165,5.06374979019165,4.943749904632568,4.971250057220459,4.036879539489746,7609600
2002-09-13,4.962500095367432,5.131249904632568,4.917500019073486,5.110000133514404,4.149550437927246,5524800
2002-09-16,5.074999809265137,5.276249885559082,5.073750019073486,5.246250152587891,4.260190963745117,5792000
2002-09-17,5.275000095367432,5.323750019073486,4.988749980926514,5.023749828338623,4.0795135498046875,11510400
2002-09-18,5.012499809265137,5.223750114440918,4.981249809265137,5.133749961853027,4.168834686279297,5176800
2002-09-19,5.106249809265137,5.131249904632568,4.925000190734863,4.981249809265137,4.045000076293945,5982400
2002-09-20,5.056250095367432,5.09250020980835,4.894999980926514,4.9375,4.009475231170654,7300800
2002-09-23,4.90625,4.912499904632568,4.643750190734863,4.695000171661377,3.812551975250244,8234400
2002-09-24,4.628749847412109,4.743750095367432,4.514999866485596,4.677499771118164,3.798339366912842,8535200
2002-09-25,4.681250095367432,4.777500152587891,4.599999904632568,4.712500095367432,3.826763868331909,8011200
2002-09-26,4.744999885559082,4.862500190734863,4.692500114440918,4.78125,3.8825905323028564,3946400
2002-09-27,4.78000020980835,4.822500228881836,4.606249809265137,4.619999885559082,3.7516486644744873,7151200
2002-09-30,4.582499980926514,4.59375,4.352499961853027,4.454999923706055,3.6176605224609375,10369600
2002-10-01,4.425000190734863,4.4375,4.231249809265137,4.40625,3.5780725479125977,12765600
2002-10-02,4.40500020980835,4.616250038146973,4.382500171661377,4.445000171661377,3.60953950881958,10865600
2002-10-03,4.426249980926514,4.462500095367432,4.286250114440918,4.315000057220459,3.503974676132202,7509600
2002-10-04,4.300000190734863,4.357500076293945,4.207499980926514,4.349999904632568,3.5323967933654785,8491200
2002-10-07,4.318749904632568,4.403749942779541,4.176249980926514,4.316249847412109,3.5049889087677,8420800
2002-10-08,4.338749885559082,4.614999771118164,4.309999942779541,4.56374979019165,3.705970287322998,10541600
2002-10-09,4.53125,4.550000190734863,4.393750190734863,4.457499980926514,3.6196908950805664,10689600
2002-10-10,4.441249847412109,4.927499771118164,4.362500190734863,4.768750190734863,3.8724396228790283,22204800
2002-10-11,4.784999847412109,5.006249904632568,4.784999847412109,4.954999923706055,4.023681640625,7768800
2002-10-14,4.946249961853027,5.068749904632568,4.885000228881836,4.952499866485596,4.021651268005371,7081600
2002-10-15,4.997499942779541,5.162499904632568,4.997499942779541,5.132500171661377,4.167823791503906,20819200
2002-10-16,5.099999904632568,5.196249961853027,5.013750076293945,5.03125,4.085602760314941,6965600
2002-10-17,5.081250190734863,5.28249979019165,5.074999809265137,5.241250038146973,4.256131649017334,7987200
2002-10-18,5.21875,5.377500057220459,5.198750019073486,5.37375020980835,4.363729000091553,10917600
2002-10-21,5.360000133514404,5.487500190734863,5.264999866485596,5.449999809265137,4.4256439208984375,10424000
2002-10-22,5.418749809265137,5.588749885559082,5.393750190734863,5.488749980926514,4.457112789154053,11911200
2002-10-23,5.46875,5.550000190734863,5.385000228881836,5.542500019073486,4.500758647918701,7639200
2002-10-24,5.5,5.585000038146973,5.420000076293945,5.454999923706055,4.4297051429748535,8126400
2002-10-25,5.5,5.619999885559082,5.458749771118164,5.601250171661377,4.548469066619873,8810400
2002-10-28,5.62624979019165,5.68625020980835,5.429999828338623,5.449999809265137,4.4256439208984375,11074400
2002-10-29,5.286250114440918,5.425000190734863,5.190000057220459,5.387499809265137,4.374893665313721,11344000
2002-10-30,5.377500057220459,5.392499923706055,5.18874979019165,5.24875020980835,4.2622222900390625,9415200
2002-10-31,5.236249923706055,5.358749866485596,5.1875,5.231249809265137,4.248012065887451,6195200
2002-11-01,5.25,5.525000095367432,5.203750133514404,5.507500171661377,4.472339630126953,6096800
2002-11-04,5.551249980926514,5.576250076293945,5.409999847412109,5.409999847412109,4.393163204193115,6175200
2002-11-05,5.396249771118164,5.542500019073486,5.352499961853027,5.49875020980835,4.465233325958252,5736000
2002-11-06,5.510000228881836,5.603750228881836,5.445000171661377,5.534999847412109,4.494670391082764,7521600
2002-11-07,5.5,5.5,5.289999961853027,5.321249961853027,4.321094036102295,10497600
2002-11-08,5.337500095367432,5.418749809265137,5.28125,5.372499942779541,4.362710952758789,5504000
2002-11-11,5.380000114440918,5.380000114440918,5.168749809265137,5.221250057220459,4.2398905754089355,4142400
2002-11-12,5.223750114440918,5.391250133514404,5.213749885559082,5.323750019073486,4.323125839233398,6247200
2002-11-13,5.324999809265137,5.422500133514404,5.199999809265137,5.40749979019165,4.391132831573486,7154400
2002-11-14,5.422500133514404,5.571249961853027,5.422500133514404,5.497499942779541,4.464217185974121,5552800
2002-11-15,5.493750095367432,5.625,5.43625020980835,5.618750095367432,4.562679290771484,11060000
2002-11-18,5.619999885559082,5.712500095367432,5.413750171661377,5.458749771118164,4.4327497482299805,7669600
2002-11-19,5.471250057220459,5.471250057220459,5.206250190734863,5.358749866485596,4.351548194885254,7869600
2002-11-20,5.368750095367432,5.553750038146973,5.362500190734863,5.538750171661377,4.497714519500732,6237600
2002-11-21,5.554999828338623,5.667500019073486,5.537499904632568,5.618750095367432,4.562679290771484,6684000
2002-11-22,5.636250019073486,5.776249885559082,5.5625,5.712500095367432,4.638810157775879,8940800
2002-11-25,5.675000190734863,5.737500190734863,5.638750076293945,5.690000057220459,4.620536804199219,9048000
2002-11-26,5.706250190734863,5.707499980926514,5.597499847412109,5.612500190734863,4.557602882385254,9853600
2002-11-27,5.635000228881836,5.835000038146973,5.612500190734863,5.827499866485596,4.732193470001221,8619200
2002-11-29,5.827499866485596,5.837500095367432,5.766250133514404,5.78125,4.694635391235352,2684000
2002-12-02,5.828750133514404,5.90500020980835,5.653749942779541,5.769999980926514,4.685500621795654,12383200
2002-12-03,5.735000133514404,5.75,5.596250057220459,5.701250076293945,4.629674434661865,8136000
2002-12-04,5.663750171661377,5.663750171661377,5.477499961853027,5.543749809265137,4.50177526473999,16997600
2002-12-05,5.651249885559082,5.721250057220459,5.537499904632568,5.608749866485596,4.5545573234558105,11109600
2002-12-06,5.574999809265137,5.605000019073486,5.507500171661377,5.573750019073486,4.526136875152588,7319200
2002-12-09,5.545000076293945,5.559999942779541,5.4375,5.46875,4.4456586837768555,5124000
2002-12-10,5.462500095367432,5.602499961853027,5.408750057220459,5.462500095367432,4.440577030181885,9117600
2002-12-11,5.451250076293945,5.5625,5.422500133514404,5.558750152587891,4.5188188552856445,7446400
2002-12-12,5.559999942779541,5.625,5.512499809265137,5.573750019073486,4.531015396118164,8257600
2002-12-13,5.582499980926514,5.653749942779541,5.538750171661377,5.565000057220459,4.523901462554932,9487200
2002-12-16,5.586249828338623,5.712500095367432,5.536250114440918,5.668749809265137,4.608240604400635,11217600
2002-12-17,5.625,5.712500095367432,5.565000057220459,5.566249847412109,4.524914264678955,8534400
2002-12-18,5.556250095367432,5.571249961853027,5.456250190734863,5.521249771118164,4.48833703994751,5191200
2002-12-19,5.56125020980835,5.625,5.441249847412109,5.507500171661377,4.477158069610596,9827200
2002-12-20,5.59375,5.618750095367432,5.293749809265137,5.306250095367432,4.313557147979736,44665600
2002-12-23,5.322500228881836,5.349999904632568,5.081250190734863,5.181250095367432,4.211942672729492,21276000
2002-12-24,5.181250095367432,5.184999942779541,5.105000019073486,5.15625,4.1916184425354,3388000
2002-12-26,5.125,5.286250114440918,5.110000133514404,5.183750152587891,4.213973045349121,4604800
2002-12-27,5.181250095367432,5.212500095367432,5.122499942779541,5.12375020980835,4.165201187133789,3948800
2002-12-30,5.143750190734863,5.253749847412109,5.0,5.237500190734863,4.2576727867126465,7187200
2002-12-31,5.263750076293945,5.346250057220459,5.212500095367432,5.298749923706055,4.307461261749268,8405600
2003-01-02,5.347499847412109,5.453750133514404,5.340000152587891,5.403749942779541,4.392816543579102,10967200
2003-01-03,5.40749979019165,5.423749923706055,5.31374979019165,5.356249809265137,4.354201793670654,7526400
2003-01-06,5.358749866485596,5.43625020980835,5.346250057220459,5.372499942779541,4.3674116134643555,8181600
2003-01-07,5.351250171661377,5.525000095367432,5.303750038146973,5.496250152587891,4.468011379241943,11232000
2003-01-08,5.465000152587891,5.617499828338623,5.425000190734863,5.546249866485596,4.508658409118652,19599200
2003-01-09,5.6875,5.806250095367432,5.673749923706055,5.75124979019165,4.6753058433532715,16095200
2003-01-10,5.699999809265137,5.900000095367432,5.667500019073486,5.857500076293945,4.761679649353027,12156000
2003-01-13,5.90625,5.971250057220459,5.822500228881836,5.860000133514404,4.763710021972656,10185600
2003-01-14,5.846250057220459,5.926249980926514,5.818749904632568,5.853750228881836,4.758633136749268,9478400
2003-01-15,5.852499961853027,5.921249866485596,5.752500057220459,5.763750076293945,4.685468673706055,11822400
2003-01-16,5.746250152587891,5.78125,5.661250114440918,5.724999904632568,4.653967380523682,8400000
2003-01-17,5.703750133514404,5.724999904632568,5.573750019073486,5.586249828338623,4.54117488861084,7052800
2003-01-21,5.598750114440918,5.668749809265137,5.487500190734863,5.518750190734863,4.486302375793457,12656000
2003-01-22,5.480000019073486,5.480000019073486,5.366250038146973,5.387499809265137,4.379608631134033,18325600
2003-01-23,5.4375,5.449999809265137,5.324999809265137,5.414999961853027,4.401963710784912,17081600
2003-01-24,5.426249980926514,5.426249980926514,5.226250171661377,5.230000019073486,4.251571178436279,20706400
2003-01-27,5.148749828338623,5.150000095367432,4.801249980926514,4.836249828338623,3.9314849376678467,40326400
2003-01-28,4.868750095367432,4.931250095367432,4.727499961853027,4.882500171661377,3.9690842628479004,21108800
2003-01-29,4.846250057220459,4.940000057220459,4.75,4.887499809265137,3.973146915435791,19004000
2003-01-30,4.925000190734863,4.993750095367432,4.802499771118164,4.827499866485596,3.924370050430298,16460000
2003-01-31,4.8125,4.946249961853027,4.768750190734863,4.87624979019165,3.9640002250671387,15460000
2003-02-03,4.902500152587891,5.0,4.885000228881836,4.93625020980835,4.012778282165527,10517600
2003-02-04,4.878749847412109,4.931250095367432,4.8125,4.856249809265137,3.947742462158203,15709600
2003-02-05,4.875,4.917500019073486,4.71875,4.771249771118164,3.878643035888672,18621600
2003-02-06,4.773749828338623,4.945000171661377,4.764999866485596,4.836249828338623,3.9314849376678467,28266400
2003-02-07,4.887499809265137,4.900000095367432,4.516250133514404,4.596250057220459,3.7363855838775635,29280000
2003-02-10,4.582499980926514,4.668749809265137,4.516250133514404,4.601250171661377,3.7404465675354004,16652000
2003-02-11,4.605000019073486,4.684999942779541,4.53249979019165,4.582499980926514,3.725207805633545,13520000
2003-02-12,4.53125,4.616250038146973,4.525000095367432,4.553750038146973,3.7018370628356934,10477600
2003-02-13,4.556250095367432,4.587500095367432,4.4375,4.492499828338623,3.652043104171753,15914400
2003-02-14,4.483749866485596,4.574999809265137,4.391250133514404,4.534999847412109,3.686593532562256,10227200
2003-02-18,4.551249980926514,4.616250038146973,4.514999866485596,4.586249828338623,3.7282540798187256,13104800
2003-02-19,4.570000171661377,4.625,4.387499809265137,4.434999942779541,3.6053011417388916,16009600
2003-02-20,4.462500095367432,4.482500076293945,4.332499980926514,4.348750114440918,3.5351860523223877,15648000
2003-02-21,4.351250171661377,4.400000095367432,4.323750019073486,4.377500057220459,3.5585579872131348,15560000
2003-02-24,4.372499942779541,4.402500152587891,4.25,4.276249885559082,3.4762496948242188,10320800
2003-02-25,4.28000020980835,4.380000114440918,4.15749979019165,4.34250020980835,3.530104875564575,12487200
2003-02-26,4.323750019073486,4.351250171661377,4.212500095367432,4.221250057220459,3.43727707862854,10753600
2003-02-27,4.1875,4.275000095367432,4.131249904632568,4.215000152587891,3.4321889877319336,17332000
2003-02-28,4.241250038146973,4.329999923706055,4.223750114440918,4.276249885559082,3.482062816619873,9560800
2003-03-03,4.277500152587891,4.340000152587891,4.263750076293945,4.292500019073486,3.4952950477600098,9472000
2003-03-04,4.287499904632568,4.324999809265137,4.146249771118164,4.163750171661377,3.3904571533203125,8030400
2003-03-05,4.136250019073486,4.193749904632568,4.087500095367432,4.182499885559082,3.405724287033081,14132800
2003-03-06,4.183750152587891,4.3125,4.106249809265137,4.121250152587891,3.355849027633667,15108000
2003-03-07,4.101250171661377,4.3125,4.072500228881836,4.266250133514404,3.4739198684692383,9684800
2003-03-10,4.261250019073486,4.321249961853027,4.216249942779541,4.222499847412109,3.438295602798462,7866400
2003-03-11,4.239999771118164,4.349999904632568,4.226250171661377,4.239999771118164,3.452545166015625,10024000
2003-03-12,4.226250171661377,4.25,4.099999904632568,4.178750038146973,3.402670383453369,8994400
2003-03-13,4.25,4.493750095367432,4.216249942779541,4.477499961853027,3.6459364891052246,11788800
2003-03-14,4.494999885559082,4.605000019073486,4.433750152587891,4.514999866485596,3.6764729022979736,15210400
2003-03-17,4.425000190734863,4.632500171661377,4.34375,4.616250038146973,3.758918523788452,12100000
2003-03-18,4.59250020980835,4.691249847412109,4.586249828338623,4.668749809265137,3.801666259765625,12880000
2003-03-19,4.690000057220459,4.762499809265137,4.449999809265137,4.522500038146973,3.6825783252716064,14044000
2003-03-20,4.590000152587891,4.793749809265137,4.53000020980835,4.755000114440918,3.871899127960205,12388000
2003-03-21,4.84250020980835,4.90749979019165,4.737500190734863,4.887499809265137,3.9797916412353516,7700800
2003-03-24,4.786250114440918,4.841249942779541,4.699999809265137,4.727499961853027,3.849506378173828,9272000
2003-03-25,4.731249809265137,4.863749980926514,4.730000019073486,4.824999809265137,3.928898334503174,5212000
2003-03-26,4.831250190734863,4.861249923706055,4.690000057220459,4.701250076293945,3.828132152557373,10083200
2003-03-27,4.65500020980835,4.78000020980835,4.625,4.697500228881836,3.8250794410705566,8055200
2003-03-28,4.683750152587891,4.75,4.543749809265137,4.557499885559082,3.711080551147461,5868000
2003-03-31,4.485000133514404,4.565000057220459,4.37375020980835,4.513750076293945,3.6754562854766846,9668800
2003-04-01,4.610000133514404,4.632500171661377,4.447500228881836,4.5625,3.7151503562927246,8576000
2003-04-02,4.651249885559082,4.737500190734863,4.650000095367432,4.707499980926514,3.8332202434539795,5433600
2003-04-03,4.75,4.816249847412109,4.703750133514404,4.746250152587891,3.864774703979492,4582400
2003-04-04,4.756249904632568,4.851250171661377,4.699999809265137,4.724999904632568,3.84747052192688,5907200
2003-04-07,4.871250152587891,4.934999942779541,4.712500095367432,4.723750114440918,3.84645414352417,8865600
2003-04-08,4.721250057220459,4.721250057220459,4.617499828338623,4.68874979019165,3.8179538249969482,5777600
2003-04-09,4.668749809265137,4.735000133514404,4.559999942779541,4.573750019073486,3.724311351776123,8385600
2003-04-10,4.536250114440918,4.768750190734863,4.517499923706055,4.763750076293945,3.8790252208709717,11091200
2003-04-11,4.793749809265137,4.823750019073486,4.650000095367432,4.671249866485596,3.8037028312683105,7950400
2003-04-14,4.518750190734863,4.68874979019165,4.457499980926514,4.675000190734863,3.8067572116851807,10705600
2003-04-15,4.643750190734863,4.722499847412109,4.625,4.683750152587891,3.8138821125030518,7092000
2003-04-16,4.727499961853027,4.741250038146973,4.590000152587891,4.611249923706055,3.7548468112945557,8392000
2003-04-17,4.631249904632568,4.663750171661377,4.591249942779541,4.617499828338623,3.7599334716796875,8253600
2003-04-21,4.599999904632568,4.602499961853027,4.502500057220459,4.538750171661377,3.695812225341797,11390400
2003-04-22,4.518750190734863,4.771249771118164,4.474999904632568,4.737500190734863,3.8576505184173584,12760800
2003-04-23,4.71875,4.724999904632568,4.573750019073486,4.647500038146973,3.7843639850616455,7702400
2003-04-24,4.618750095367432,4.650000095367432,4.573750019073486,4.612500190734863,3.7558655738830566,6947200
2003-04-25,4.597499847412109,4.617499828338623,4.541250228881836,4.574999809265137,3.725329637527466,9128800
2003-04-28,4.581250190734863,4.704999923706055,4.568749904632568,4.641250133514404,3.7792766094207764,11148000
2003-04-29,4.650000095367432,4.732500076293945,4.579999923706055,4.682499885559082,3.81286358833313,8950400
2003-04-30,4.679999828338623,4.769999980926514,4.612500190734863,4.736249923706055,3.8566317558288574,11489600
2003-05-01,4.693749904632568,4.707499980926514,4.587500095367432,4.625,3.766042947769165,16202400
2003-05-02,4.597499847412109,4.744999885559082,4.59499979019165,4.743750095367432,3.8627395629882812,13066400
2003-05-05,4.726250171661377,4.828750133514404,4.668749809265137,4.796249866485596,3.905487537384033,16027200
2003-05-06,4.800000190734863,4.883749961853027,4.795000076293945,4.822500228881836,3.926863670349121,16029600
2003-05-07,4.818749904632568,4.824999809265137,4.68625020980835,4.731249809265137,3.8525609970092773,11509600
2003-05-08,4.724999904632568,5.091249942779541,4.71875,4.993750095367432,4.066308498382568,24201600
2003-05-09,5.046249866485596,5.051249980926514,4.927499771118164,5.011250019073486,4.080557823181152,6164800
2003-05-12,4.994999885559082,5.346250057220459,4.986249923706055,5.34375,4.351306438446045,19172000
2003-05-13,5.293749809265137,5.318749904632568,5.222499847412109,5.237500190734863,4.264790058135986,10786400
2003-05-14,5.238749980926514,5.256249904632568,5.078750133514404,5.118750095367432,4.168093681335449,7279200
2003-05-15,5.148749828338623,5.158750057220459,5.00124979019165,5.038750171661377,4.10295295715332,11109600
2003-05-16,5.03125,5.03125,4.885000228881836,4.93625020980835,4.019490718841553,9958400
2003-05-19,4.900000095367432,4.961249828338623,4.863749980926514,4.917500019073486,4.0042195320129395,14496800
2003-05-20,4.962500095367432,5.046249866485596,4.90625,4.951250076293945,4.03170108795166,17085600
2003-05-21,4.961249828338623,5.037499904632568,4.886250019073486,4.949999809265137,4.0306830406188965,11851200
2003-05-22,4.961249828338623,5.103750228881836,4.912499904632568,5.026249885559082,4.092772960662842,10572800
2003-05-23,5.013750076293945,5.013750076293945,4.932499885559082,5.008749961853027,4.078523635864258,5148000
2003-05-27,4.981249809265137,5.059999942779541,4.856249809265137,5.045000076293945,4.108039379119873,4428800
2003-05-28,5.041250228881836,5.168749809265137,5.037499904632568,5.116250038146973,4.166056156158447,5376800
2003-05-29,5.143750190734863,5.183750152587891,5.026249885559082,5.047500133514404,4.1100754737854,5049600
2003-05-30,5.050000190734863,5.284999847412109,5.046249866485596,5.277500152587891,4.297360897064209,5951200
2003-06-02,5.268750190734863,5.425000190734863,5.25124979019165,5.298749923706055,4.3146653175354,6556000
2003-06-03,5.31125020980835,5.346250057220459,5.212500095367432,5.238749980926514,4.265805721282959,7376800
2003-06-04,5.244999885559082,5.380000114440918,5.231249809265137,5.337500095367432,4.346218109130859,8694400
2003-06-05,5.346250057220459,5.537499904632568,5.28125,5.502500057220459,4.4805731773376465,9180800
2003-06-06,5.547500133514404,5.566249847412109,5.335000038146973,5.34375,4.351306438446045,7076000
2003-06-09,5.332499980926514,5.335000038146973,5.206250190734863,5.208749771118164,4.241378307342529,6552800
2003-06-10,5.238749980926514,5.300000190734863,5.198750019073486,5.300000190734863,4.315683841705322,5212000
2003-06-11,5.298749923706055,5.298749923706055,5.195000171661377,5.252500057220459,4.277006149291992,7937600
2003-06-12,5.238749980926514,5.268750190734863,5.118750095367432,5.207499980926514,4.24622106552124,10417600
2003-06-13,5.25,5.253749847412109,5.118750095367432,5.144999980926514,4.195260047912598,6603200
2003-06-16,5.146249771118164,5.197500228881836,5.12375020980835,5.177499771118164,4.221760272979736,10400800
2003-06-17,5.235000133514404,5.260000228881836,5.054999828338623,5.202499866485596,4.242144584655762,9341600
2003-06-18,5.195000171661377,5.278749942779541,5.176249980926514,5.224999904632568,4.260490417480469,9166400
2003-06-19,5.21875,5.266250133514404,5.152500152587891,5.173749923706055,4.218700885772705,10988800
2003-06-20,5.195000171661377,5.321249961853027,5.12375020980835,5.295000076293945,4.317569732666016,10024800
2003-06-23,5.287499904632568,5.372499942779541,5.28125,5.372499942779541,4.380763053894043,11650400
2003-06-24,5.351250171661377,5.426249980926514,5.317500114440918,5.358749866485596,4.369554042816162,18105600
2003-06-25,5.368750095367432,5.40625,5.288750171661377,5.357500076293945,4.368532657623291,11192000
2003-06-26,5.323750019073486,5.387499809265137,5.320000171661377,5.353750228881836,4.365475177764893,8001600
2003-06-27,5.352499961853027,5.393750190734863,5.333749771118164,5.37375020980835,4.381783485412598,10728800
2003-06-30,5.367499828338623,5.40625,5.337500095367432,5.369999885559082,4.378725051879883,5143200
2003-07-01,5.317500114440918,5.377500057220459,5.213749885559082,5.37624979019165,4.383820056915283,9134400
2003-07-02,5.371250152587891,5.418749809265137,5.295000076293945,5.358749866485596,4.369554042816162,8678400
2003-07-03,5.353750228881836,5.391250133514404,5.291250228881836,5.326250076293945,4.343052387237549,6997600
2003-07-07,5.331250190734863,5.508749961853027,5.315000057220459,5.5,4.48472785949707,6572800
2003-07-08,5.512499809265137,5.666250228881836,5.476250171661377,5.65749979019165,4.613153457641602,5188000
2003-07-09,5.637499809265137,5.678750038146973,5.477499961853027,5.519999980926514,4.50103759765625,7046400
2003-07-10,5.46750020980835,5.46875,5.320000171661377,5.362500190734863,4.372610092163086,6995200
2003-07-11,5.362500190734863,5.412499904632568,5.316249847412109,5.371250152587891,4.379744052886963,8078400
2003-07-14,5.4375,5.625,5.432499885559082,5.493750095367432,4.479629039764404,6913600
2003-07-15,5.527500152587891,5.606249809265137,5.502500057220459,5.568749904632568,4.5407867431640625,5524000
2003-07-16,5.706250190734863,5.756249904632568,5.554999828338623,5.583749771118164,4.553018569946289,7446400
2003-07-17,5.56125020980835,5.574999809265137,5.462500095367432,5.492499828338623,4.47861385345459,4117600
2003-07-18,5.510000228881836,5.618750095367432,5.412499904632568,5.59499979019165,4.562191009521484,4915200
2003-07-21,5.574999809265137,5.606249809265137,5.449999809265137,5.486249923706055,4.473515510559082,2812000
2003-07-22,5.512499809265137,5.617499828338623,5.446249961853027,5.53249979019165,4.511228561401367,3036800
2003-07-23,5.53125,5.610000133514404,5.481249809265137,5.598750114440918,4.565249919891357,2457600
2003-07-24,5.632500171661377,5.667500019073486,5.472499847412109,5.472499847412109,4.462305545806885,2895200
2003-07-25,5.481249809265137,5.573750019073486,5.416250228881836,5.523749828338623,4.50409460067749,4108000
2003-07-28,5.525000095367432,5.672500133514404,5.502500057220459,5.616250038146973,4.5795183181762695,3526400
2003-07-29,5.627500057220459,5.681250095367432,5.525000095367432,5.545000076293945,4.521421432495117,4541600
2003-07-30,5.543749809265137,5.5625,5.412499904632568,5.458749771118164,4.451091289520264,6153600
2003-07-31,5.512499809265137,5.735000133514404,5.512499809265137,5.679999828338623,4.631499290466309,8879200
2003-08-01,5.726250171661377,5.741250038146973,5.652500152587891,5.6875,4.637616157531738,5694400
2003-08-04,5.691249847412109,5.809999942779541,5.633749961853027,5.760000228881836,4.696732997894287,7097600
2003-08-05,5.756249904632568,5.756249904632568,5.587500095367432,5.621250152587891,4.583596229553223,13045600
2003-08-06,5.613749980926514,5.71875,5.537499904632568,5.662499904632568,4.6172332763671875,8132800
2003-08-07,5.662499904632568,5.808750152587891,5.581250190734863,5.732500076293945,4.674308776855469,11767200
2003-08-08,5.606249809265137,5.708749771118164,5.550000190734863,5.648749828338623,4.606019020080566,9063200
2003-08-11,5.639999866485596,5.659999847412109,5.573750019073486,5.625,4.586655139923096,5124000
2003-08-12,5.621250152587891,5.84375,5.619999885559082,5.836249828338623,4.758907794952393,4412800
2003-08-13,5.84250020980835,5.857500076293945,5.738749980926514,5.816249847412109,4.742599010467529,3712000
2003-08-14,5.816249847412109,5.875,5.786250114440918,5.849999904632568,4.770120143890381,3276000
2003-08-15,5.851250171661377,5.9375,5.71750020980835,5.927499771118164,4.83331298828125,2108000
2003-08-18,5.9375,6.076250076293945,5.931250095367432,6.021249771118164,4.909757137298584,7017600
2003-08-19,6.023749828338623,6.047500133514404,5.953750133514404,5.99875020980835,4.891412734985352,4145600
2003-08-20,6.0,6.03125,5.885000228881836,5.93625020980835,4.840447425842285,12023200
2003-08-21,5.977499961853027,6.065000057220459,5.962500095367432,6.050000190734863,4.933199882507324,11848800
2003-08-22,6.116250038146973,6.117499828338623,5.883749961853027,5.925000190734863,4.831275463104248,7536000
2003-08-25,5.898749828338623,6.017499923706055,5.885000228881836,5.991250038146973,4.88529634475708,3294400
2003-08-26,5.900000095367432,6.026249885559082,5.840000152587891,6.017499923706055,4.90670108795166,5124000
2003-08-27,5.993750095367432,6.079999923706055,5.976250171661377,6.074999809265137,4.953587055206299,2333600
2003-08-28,6.085000038146973,6.302499771118164,6.074999809265137,6.293749809265137,5.131958484649658,7723200
2003-08-29,6.300000190734863,6.315000057220459,6.215000152587891,6.283750057220459,5.123800277709961,9419200
2003-09-02,6.31125020980835,6.446249961853027,6.287499904632568,6.43625020980835,5.254212856292725,9749600
2003-09-03,6.448750019073486,6.512499809265137,6.381249904632568,6.442500114440918,5.259316444396973,9719200
2003-09-04,6.425000190734863,6.43625020980835,6.210000038146973,6.269999980926514,5.118495464324951,12918400
2003-09-05,6.28125,6.291250228881836,6.074999809265137,6.099999904632568,4.979715824127197,3440000
2003-09-08,6.097499847412109,6.130000114440918,6.03125,6.116250038146973,4.99298095703125,3310400
2003-09-09,6.111249923706055,6.116250038146973,5.918749809265137,5.923749923706055,4.835835933685303,6189600
2003-09-10,5.90749979019165,6.050000190734863,5.901249885559082,5.917500019073486,4.830732822418213,4676800
2003-09-11,5.925000190734863,6.111249923706055,5.912499904632568,6.068749904632568,4.9542059898376465,5188000
2003-09-12,6.056250095367432,6.087500095367432,5.900000095367432,6.066249847412109,4.952164649963379,4753600
2003-09-15,6.056250095367432,6.119999885559082,6.021249771118164,6.076250076293945,4.960329055786133,3649600
2003-09-16,6.056250095367432,6.237500190734863,6.053750038146973,6.232500076293945,5.087880611419678,4582400
2003-09-17,6.224999904632568,6.300000190734863,6.097499847412109,6.119999885559082,4.996042251586914,5184000
2003-09-18,6.150000095367432,6.224999904632568,6.09375,6.21999979019165,5.0776801109313965,4617600
2003-09-19,6.28125,6.28125,6.12624979019165,6.179999828338623,5.045024394989014,8528000
2003-09-22,6.130000114440918,6.148749828338623,6.019999980926514,6.034999847412109,4.926653861999512,3824000
2003-09-23,6.042500019073486,6.15749979019165,6.021249771118164,6.118750095367432,4.995022296905518,4572000
2003-09-24,6.133749961853027,6.144999980926514,6.025000095367432,6.028749942779541,4.92155122756958,7139200
2003-09-25,6.027500152587891,6.125,5.973750114440918,5.982500076293945,4.883795738220215,6428000
2003-09-26,5.958749771118164,6.008749961853027,5.878749847412109,5.912499904632568,4.826650619506836,4558400
2003-09-29,5.922500133514404,5.928750038146973,5.726250171661377,5.828750133514404,4.758284568786621,6859200
2003-09-30,5.84499979019165,5.974999904632568,5.789999961853027,5.798749923706055,4.733793258666992,8339200
2003-10-01,5.815000057220459,6.052499771118164,5.796249866485596,6.03000020980835,4.922574520111084,5307200
2003-10-02,6.012499809265137,6.125,5.952499866485596,6.087500095367432,4.969513416290283,4992800
2003-10-03,6.15625,6.275000095367432,6.143750190734863,6.258749961853027,5.109311580657959,4385600
2003-10-06,6.255000114440918,6.292500019073486,6.210000038146973,6.25,5.102169036865234,4277600
2003-10-07,6.206250190734863,6.361249923706055,6.15749979019165,6.28125,5.127679824829102,6406400
2003-10-08,6.338749885559082,6.356249809265137,6.243750095367432,6.331250190734863,5.168495178222656,5588000
2003-10-09,6.428750038146973,6.643750190734863,6.428750038146973,6.590000152587891,5.379726886749268,12968000
2003-10-10,6.576250076293945,6.587500095367432,6.491250038146973,6.5,5.306256294250488,3689600
2003-10-13,6.5,6.625,6.481249809265137,6.616250038146973,5.401155471801758,4058400
2003-10-14,6.554999828338623,6.681250095367432,6.523749828338623,6.662499904632568,5.438912868499756,3797600
2003-10-15,6.723750114440918,6.723750114440918,6.519999980926514,6.582499980926514,5.3736042976379395,5215200
2003-10-16,6.587500095367432,6.652500152587891,6.546249866485596,6.619999885559082,5.404217720031738,2526400
2003-10-17,6.639999866485596,6.695000171661377,6.487500190734863,6.489999771118164,5.298092842102051,3368800
2003-10-20,6.486249923706055,6.673749923706055,6.46875,6.647500038146973,5.426667213439941,10039200
2003-10-21,6.630000114440918,6.661250114440918,6.471250057220459,6.481249809265137,5.290947914123535,9368800
2003-10-22,6.448750019073486,6.462500095367432,6.357500076293945,6.37375020980835,5.203190803527832,10923200
2003-10-23,6.387499809265137,6.486249923706055,6.306250095367432,6.43874979019165,5.256252765655518,11462400
2003-10-24,6.400000095367432,6.432499885559082,6.302499771118164,6.423749923706055,5.244009971618652,6424800
2003-10-27,6.425000190734863,6.519999980926514,6.40749979019165,6.447500228881836,5.263394832611084,3884000
2003-10-28,6.388750076293945,6.503749847412109,6.375,6.462500095367432,5.275642395019531,7851200
2003-10-29,6.474999904632568,6.550000190734863,6.331250190734863,6.347499847412109,5.1817626953125,13700800
2003-10-30,6.411250114440918,6.465000152587891,6.25124979019165,6.277500152587891,5.124617576599121,7674400
2003-10-31,6.297500133514404,6.347499847412109,6.196249961853027,6.262499809265137,5.112373352050781,5412000
2003-11-03,6.272500038146973,6.574999809265137,6.263750076293945,6.53125,5.331765651702881,9170400
2003-11-04,6.5,6.56374979019165,6.458749771118164,6.472499847412109,5.283804416656494,5679200
2003-11-05,6.474999904632568,6.548749923706055,6.387499809265137,6.514999866485596,5.318500995635986,6786400
2003-11-06,6.505000114440918,6.887499809265137,6.49875020980835,6.71875,5.484831809997559,18597600
2003-11-07,6.728750228881836,6.84375,6.638750076293945,6.647500038146973,5.426667213439941,5323200
2003-11-10,6.650000095367432,6.703750133514404,6.587500095367432,6.635000228881836,5.416464805603027,5687200
2003-11-11,6.632500171661377,6.756249904632568,6.614999771118164,6.693749904632568,5.464423656463623,4837600
2003-11-12,6.696249961853027,6.796249866485596,6.68625020980835,6.778749942779541,5.5338134765625,4410400
2003-11-13,6.775000095367432,6.78000020980835,6.627500057220459,6.730000019073486,5.494017124176025,7225600
2003-11-14,6.743750095367432,6.880000114440918,6.543749809265137,6.59250020980835,5.381768226623535,4732800
2003-11-17,6.598750114440918,6.650000095367432,6.474999904632568,6.574999809265137,5.3674821853637695,5631200
2003-11-18,6.432499885559082,6.756249904632568,6.422500133514404,6.521249771118164,5.323602199554443,11302400
2003-11-19,6.512499809265137,6.519999980926514,6.427499771118164,6.449999809265137,5.26543664932251,6693600
2003-11-20,6.46875,6.613749980926514,6.422500133514404,6.573750019073486,5.366461753845215,7871200
2003-11-21,6.585000038146973,6.697500228881836,6.577499866485596,6.678750038146973,5.452178478240967,5592000
2003-11-24,6.733749866485596,6.858749866485596,6.71750020980835,6.858749866485596,5.599119186401367,6204800
2003-11-25,6.832499980926514,6.903749942779541,6.807499885559082,6.872499942779541,5.610345363616943,5523200
2003-11-26,6.878749847412109,6.878749847412109,6.75,6.863749980926514,5.603203296661377,4166400
2003-11-28,6.903749942779541,6.911250114440918,6.822500228881836,6.847499847412109,5.595847129821777,1256000
2003-12-01,6.87624979019165,7.018750190734863,6.866250038146973,6.993750095367432,5.715363025665283,5958400
2003-12-02,6.947500228881836,6.960000038146973,6.728750228881836,6.741250038146973,5.509019374847412,8285600
2003-12-03,6.824999809265137,6.855000019073486,6.68874979019165,6.68874979019165,5.466114521026611,8134400
2003-12-04,6.775000095367432,6.815000057220459,6.5625,6.722499847412109,5.493693828582764,10510400
2003-12-05,6.666250228881836,6.712500095367432,6.596250057220459,6.612500190734863,5.403802394866943,3931200
2003-12-08,6.625,6.6875,6.581250190734863,6.65625,5.439555644989014,6329600
2003-12-09,6.65625,6.6875,6.573750019073486,6.581250190734863,5.378263473510742,4918400
2003-12-10,6.598750114440918,6.630000114440918,6.49875020980835,6.570000171661377,5.369071006774902,7465600
2003-12-11,6.579999923706055,6.78000020980835,6.539999961853027,6.747499942779541,5.514123439788818,5222400
2003-12-12,6.75124979019165,6.804999828338623,6.65625,6.703750133514404,5.478372097015381,4364800
2003-12-15,6.786250114440918,6.836249828338623,6.505000114440918,6.538750171661377,5.343533515930176,6720800
2003-12-16,6.523749828338623,6.622499942779541,6.37624979019165,6.552499771118164,5.3547682762146,6584800
2003-12-17,6.56125020980835,6.728750228881836,6.512499809265137,6.713749885559082,5.486542701721191,5836000
2003-12-18,6.701250076293945,6.756249904632568,6.658750057220459,6.753749847412109,5.519233226776123,5033600
2003-12-19,6.787499904632568,6.837500095367432,6.53000020980835,6.614999771118164,5.405846118927002,7725600
2003-12-22,6.599999904632568,6.672500133514404,6.525000095367432,6.662499904632568,5.444662570953369,4566800
2003-12-23,6.65749979019165,6.78249979019165,6.477499961853027,6.637499809265137,5.42423152923584,3829600
2003-12-24,6.599999904632568,6.662499904632568,6.53000020980835,6.567500114440918,5.36702823638916,1066800
2003-12-26,6.567500114440918,6.699999809265137,6.557499885559082,6.662499904632568,5.444662570953369,1176800
2003-12-29,6.659999847412109,6.712500095367432,6.617499828338623,6.664999961853027,5.446702480316162,3955200
2003-12-30,6.630000114440918,6.704999923706055,6.614999771118164,6.672500133514404,5.452835559844971,3212800
2003-12-31,6.832499980926514,6.832499980926514,6.59499979019165,6.614999771118164,5.405846118927002,4783600
2004-01-02,6.682499885559082,6.730000019073486,6.517499923706055,6.53249979019165,5.338425159454346,2834000
2004-01-05,6.570000171661377,6.807499885559082,6.525000095367432,6.764999866485596,5.5284271240234375,4607600
2004-01-06,6.682499885559082,6.867499828338623,6.670000076293945,6.84499979019165,5.593804359436035,2869200
2004-01-07,6.827499866485596,6.940000057220459,6.767499923706055,6.925000190734863,5.659180641174316,4134000
2004-01-08,7.239999771118164,7.239999771118164,6.960000038146973,7.012499809265137,5.730687141418457,5474800
2004-01-09,6.882500171661377,7.150000095367432,6.882500171661377,7.027500152587891,5.742944717407227,4017200
2004-01-12,7.03249979019165,7.052499771118164,6.897500038146973,6.982500076293945,5.706170082092285,3773200
2004-01-13,6.914999961853027,7.065000057220459,6.900000095367432,7.012499809265137,5.730687141418457,6669200
2004-01-14,7.099999904632568,7.175000190734863,7.025000095367432,7.117499828338623,5.816490650177002,5171200
2004-01-15,7.059999942779541,7.227499961853027,7.057499885559082,7.197500228881836,5.881868839263916,4523600
2004-01-16,7.114999771118164,7.232500076293945,7.070000171661377,7.137499809265137,5.83283805847168,4474800
2004-01-20,7.122499942779541,7.162499904632568,6.927499771118164,7.03000020980835,5.744988918304443,4556400
2004-01-21,6.952499866485596,7.164999961853027,6.927499771118164,7.114999771118164,5.814451694488525,3794400
2004-01-22,7.090000152587891,7.199999809265137,7.050000190734863,7.09499979019165,5.798104763031006,3079200
2004-01-23,7.03000020980835,7.184999942779541,6.887499809265137,7.005000114440918,5.724555015563965,3031200
2004-01-26,6.977499961853027,7.074999809265137,6.849999904632568,7.0,5.720470428466797,4737200
2004-01-27,6.927499771118164,7.027500152587891,6.837500095367432,6.855000019073486,5.6019768714904785,3751600
2004-01-28,6.949999809265137,6.957499980926514,6.675000190734863,6.702499866485596,5.477351188659668,4745600
2004-01-29,6.760000228881836,6.957499980926514,6.732500076293945,6.925000190734863,5.659180641174316,4040800
2004-01-30,6.954999923706055,7.014999866485596,6.837500095367432,6.962500095367432,5.689826011657715,2629600
2004-02-02,7.1875,7.307499885559082,7.050000190734863,7.079999923706055,5.785846710205078,5797600
2004-02-03,7.047500133514404,7.179999828338623,7.0,7.065000057220459,5.773591041564941,2941600
2004-02-04,6.992499828338623,7.114999771118164,6.947500228881836,7.027500152587891,5.742944717407227,4750000
2004-02-05,7.159999847412109,7.372499942779541,7.159999847412109,7.262499809265137,5.934987545013428,5612400
2004-02-06,7.329999923706055,7.599999904632568,7.262499809265137,7.552499771118164,6.17197847366333,7050400
2004-02-09,7.572500228881836,7.65749979019165,7.4375,7.607500076293945,6.216925621032715,5114000
2004-02-10,7.59250020980835,7.672500133514404,7.5,7.642499923706055,6.245532035827637,3384400
2004-02-11,7.642499923706055,7.727499961853027,7.487500190734863,7.712500095367432,6.302732944488525,5030400
2004-02-12,7.652500152587891,7.75,7.625,7.704999923706055,6.296606540679932,3806000
2004-02-13,7.682499885559082,7.75,7.447500228881836,7.525000095367432,6.149507999420166,5135200
2004-02-17,7.585000038146973,7.792500019073486,7.554999828338623,7.764999866485596,6.345639228820801,2724400
2004-02-18,7.679999828338623,7.84250020980835,7.679999828338623,7.800000190734863,6.37423849105835,4473600
2004-02-19,7.849999904632568,7.925000190734863,7.599999904632568,7.599999904632568,6.210797309875488,3323600
2004-02-20,7.597499847412109,7.75,7.442500114440918,7.667500019073486,6.265958309173584,5456400
2004-02-23,7.632500171661377,7.804999828338623,7.632500171661377,7.699999809265137,6.292518615722656,5754000
2004-02-24,7.75,7.977499961853027,7.707499980926514,7.882500171661377,6.441658020019531,5849200
2004-02-25,7.840000152587891,8.079999923706055,7.817500114440918,8.017499923706055,6.5609307289123535,5028400
2004-02-26,8.017499923706055,8.072500228881836,7.96750020980835,8.042499542236328,6.581386089324951,4254400
2004-02-27,8.005000114440918,8.125,7.889999866485596,8.012499809265137,6.556838035583496,6688400
2004-03-01,8.085000038146973,8.21500015258789,8.005000114440918,8.212499618530273,6.720503807067871,6555200
2004-03-02,8.15999984741211,8.21500015258789,8.012499809265137,8.050000190734863,6.587524890899658,4315200
2004-03-03,7.965000152587891,8.069999694824219,7.849999904632568,7.929999828338623,6.489326477050781,4252800
2004-03-04,7.3125,7.652500152587891,7.224999904632568,7.434999942779541,6.084254264831543,32860400
2004-03-05,7.297500133514404,7.517499923706055,7.272500038146973,7.457499980926514,6.102666854858398,7165600
2004-03-08,7.360000133514404,7.525000095367432,7.324999809265137,7.34499979019165,6.010605335235596,4922000
2004-03-09,7.324999809265137,7.474999904632568,7.224999904632568,7.260000228881836,5.9410481452941895,5133600
2004-03-10,7.309999942779541,7.335000038146973,7.125,7.125,5.830573558807373,6347200
2004-03-11,7.107500076293945,7.267499923706055,7.012499809265137,7.039999961853027,5.761014938354492,7870000
2004-03-12,7.039999961853027,7.257500171661377,7.014999866485596,7.244999885559082,5.928773403167725,4259200
2004-03-15,7.159999847412109,7.244999885559082,7.042500019073486,7.087500095367432,5.7998881340026855,5016400
2004-03-16,7.202499866485596,7.472499847412109,7.087500095367432,7.224999904632568,5.912405967712402,10246800
2004-03-17,7.4375,7.462500095367432,7.287499904632568,7.355000019073486,6.018789768218994,4050000
2004-03-18,7.372499942779541,7.372499942779541,7.170000076293945,7.257500171661377,5.939002513885498,4323600
2004-03-19,7.287499904632568,7.335000038146973,7.237500190734863,7.260000228881836,5.9410481452941895,5048000
2004-03-22,7.112500190734863,7.204999923706055,7.107500076293945,7.167500019073486,5.86535120010376,5019200
2004-03-23,7.25,7.277500152587891,7.125,7.125,5.830573558807373,3675600
2004-03-24,7.192500114440918,7.28249979019165,7.112500190734863,7.275000095367432,5.9533233642578125,4090800
2004-03-25,7.307499885559082,7.497499942779541,7.28249979019165,7.487500190734863,6.127216339111328,4249200
2004-03-26,7.449999809265137,7.497499942779541,7.397500038146973,7.400000095367432,6.0556135177612305,3401200
2004-03-29,7.382500171661377,7.5,7.355000019073486,7.487500190734863,6.127216339111328,3220400
2004-03-30,7.485000133514404,7.610000133514404,7.440000057220459,7.610000133514404,6.227461814880371,4082000
2004-03-31,7.559999942779541,7.702499866485596,7.554999828338623,7.65749979019165,6.266332626342773,9596000
2004-04-01,7.5625,7.637499809265137,7.480000019073486,7.610000133514404,6.227461814880371,7117600
2004-04-02,7.722499847412109,7.755000114440918,7.572500228881836,7.675000190734863,6.280654430389404,4584000
2004-04-05,7.699999809265137,7.840000152587891,7.659999847412109,7.784999847412109,6.370667934417725,3658000
2004-04-06,7.739999771118164,7.882500171661377,7.710000038146973,7.832499980926514,6.409539699554443,2962000
2004-04-07,7.872499942779541,7.925000190734863,7.755000114440918,7.849999904632568,6.4238600730896,4342000
2004-04-08,7.869999885559082,7.875,7.602499961853027,7.622499942779541,6.2376909255981445,6273600
2004-04-12,7.667500019073486,7.775000095367432,7.630000114440918,7.727499961853027,6.323615074157715,3600000
2004-04-13,7.75,7.767499923706055,7.545000076293945,7.552499771118164,6.1804070472717285,4470400
2004-04-14,7.567500114440918,7.672500133514404,7.537499904632568,7.672500133514404,6.27860689163208,4837600
2004-04-15,7.642499923706055,7.739999771118164,7.617499828338623,7.690000057220459,6.292929172515869,2591200
2004-04-16,7.712500095367432,7.84499979019165,7.65500020980835,7.747499942779541,6.339981555938721,4044000
2004-04-19,7.75,7.78000020980835,7.659999847412109,7.769999980926514,6.358395099639893,3485600
2004-04-20,7.787499904632568,7.829999923706055,7.627500057220459,7.637499809265137,6.249966621398926,4471200
2004-04-21,7.679999828338623,7.707499980926514,7.610000133514404,7.682499885559082,6.28679084777832,3976800
2004-04-22,7.614999771118164,7.835000038146973,7.614999771118164,7.809999942779541,6.391127109527588,3435600
2004-04-23,7.767499923706055,7.867499828338623,7.6875,7.864999771118164,6.436136722564697,2687200
2004-04-26,7.867499828338623,7.882500171661377,7.742499828338623,7.78249979019165,6.368622303009033,3160800
2004-04-27,7.84250020980835,7.962500095367432,7.784999847412109,7.877500057220459,6.446363925933838,3381600
2004-04-28,7.875,7.885000228881836,7.6875,7.757500171661377,6.348164081573486,3414400
2004-04-29,7.752500057220459,7.832499980926514,7.472499847412109,7.612500190734863,6.229508399963379,8792000
2004-04-30,7.637499809265137,7.755000114440918,7.59499979019165,7.612500190734863,6.229508399963379,3430000
2004-05-03,7.652500152587891,7.712500095367432,7.53000020980835,7.6875,6.2908806800842285,5205600
2004-05-04,7.647500038146973,7.829999923706055,7.630000114440918,7.712500095367432,6.311340808868408,2746400
2004-05-05,7.6875,7.820000171661377,7.617499828338623,7.747499942779541,6.339981555938721,2472800
2004-05-06,7.119999885559082,7.349999904632568,6.9375,7.082499980926514,5.795794486999512,27830400
2004-05-07,7.039999961853027,7.097499847412109,6.957499980926514,6.957499980926514,5.693502902984619,11683200
2004-05-10,6.917500019073486,6.994999885559082,6.795000076293945,6.852499961853027,5.607579708099365,12614000
2004-05-11,6.942500114440918,6.942500114440918,6.775000095367432,6.8125,5.5748467445373535,10873600
2004-05-12,6.797500133514404,6.837500095367432,6.625,6.787499904632568,5.55438756942749,9155600
2004-05-13,6.730000019073486,6.829999923706055,6.662499904632568,6.767499923706055,5.538022994995117,5116400
2004-05-14,6.775000095367432,6.824999809265137,6.625,6.650000095367432,5.441869258880615,13066800
2004-05-17,6.5625,6.632500171661377,6.462500095367432,6.514999866485596,5.33139705657959,8135200
2004-05-18,6.527500152587891,6.614999771118164,6.394999980926514,6.412499904632568,5.247518539428711,9212400
2004-05-19,5.927499771118164,6.375,5.815000057220459,6.125,5.012246608734131,42761200
2004-05-20,6.127500057220459,6.195000171661377,5.972499847412109,6.135000228881836,5.0204315185546875,17556800
2004-05-21,6.102499961853027,6.264999866485596,6.099999904632568,6.215000152587891,5.085897445678711,6034800
2004-05-24,6.269999980926514,6.337500095367432,6.164999961853027,6.297500133514404,5.153408050537109,6899600
2004-05-25,6.320000171661377,6.387499809265137,6.237500190734863,6.387499809265137,5.2270588874816895,5448000
2004-05-26,6.380000114440918,6.414999961853027,6.3125,6.375,5.216827869415283,4386000
2004-05-27,6.434999942779541,6.46999979019165,6.302499771118164,6.429999828338623,5.261835098266602,5882800
2004-05-28,6.505000114440918,6.547500133514404,6.380000114440918,6.547500133514404,5.357991695404053,11564000
2004-06-01,6.5,6.5625,6.28000020980835,6.392499923706055,5.231151103973389,9708800
2004-06-02,6.449999809265137,6.462500095367432,6.292500019073486,6.337500095367432,5.186142444610596,4917600
2004-06-03,6.322500228881836,6.355000019073486,6.202499866485596,6.242499828338623,5.108401298522949,6911200
2004-06-04,6.355000019073486,6.427499771118164,6.232500076293945,6.232500076293945,5.100217819213867,6303600
2004-06-07,6.25,6.414999961853027,6.25,6.372499942779541,5.214782238006592,8450000
2004-06-08,6.355000019073486,6.420000076293945,6.309999942779541,6.380000114440918,5.220922946929932,5338800
2004-06-09,6.377500057220459,6.434999942779541,6.324999809265137,6.380000114440918,5.220922946929932,4083600
2004-06-10,6.4375,6.59250020980835,6.4375,6.557499885559082,5.375232219696045,7368400
2004-06-14,6.537499904632568,6.567500114440918,6.452499866485596,6.527500152587891,5.350639343261719,6172800
2004-06-15,6.590000152587891,6.675000190734863,6.590000152587891,6.65500020980835,5.455152988433838,6607200
2004-06-16,6.585000038146973,6.692500114440918,6.565000057220459,6.662499904632568,5.46129846572876,3180400
2004-06-17,6.637499809265137,6.807499885559082,6.627500057220459,6.764999866485596,5.545318603515625,6404400
2004-06-18,6.697500228881836,6.922500133514404,6.637499809265137,6.730000019073486,5.516630172729492,6012000
2004-06-21,6.704999923706055,6.849999904632568,6.670000076293945,6.797500133514404,5.57196044921875,4119600
2004-06-22,6.829999923706055,6.875,6.699999809265137,6.772500038146973,5.551468372344971,4570400
2004-06-23,6.744999885559082,6.847499847412109,6.737500190734863,6.84499979019165,5.610898017883301,2576400
2004-06-24,6.862500190734863,6.962500095367432,6.835000038146973,6.940000057220459,5.6887664794921875,3886000
2004-06-25,6.962500095367432,7.054999828338623,6.927499771118164,6.994999885559082,5.733853340148926,3883600
2004-06-28,7.045000076293945,7.047500133514404,6.925000190734863,6.947500228881836,5.69491720199585,4614400
2004-06-29,6.929999828338623,6.934999942779541,6.659999847412109,6.784999847412109,5.561715602874756,6741200
2004-06-30,6.757500171661377,6.772500038146973,6.6875,6.690000057220459,5.483842849731445,9695200
2004-07-01,6.772500038146973,6.772500038146973,6.577499866485596,6.684999942779541,5.479744911193848,6522400
2004-07-02,6.710000038146973,6.71999979019165,6.449999809265137,6.494999885559082,5.323997974395752,7225600
2004-07-06,6.539999961853027,6.610000133514404,6.4375,6.4375,5.276865482330322,5720800
2004-07-07,6.460000038146973,6.505000114440918,6.375,6.40749979019165,5.2522735595703125,7174800
2004-07-08,6.03249979019165,6.112500190734863,5.867499828338623,6.099999904632568,5.00021505355835,15467200
2004-07-09,6.0625,6.119999885559082,5.947500228881836,6.099999904632568,5.00021505355835,6011200
2004-07-12,6.127500057220459,6.137499809265137,5.997499942779541,6.090000152587891,4.9920172691345215,3816400
2004-07-13,6.15749979019165,6.28249979019165,6.09499979019165,6.244999885559082,5.119073867797852,6222000
2004-07-14,6.222499847412109,6.255000114440918,5.889999866485596,6.002500057220459,4.92029333114624,11018800
2004-07-15,5.954999923706055,6.070000171661377,5.885000228881836,5.957499980926514,4.883406639099121,4960400
2004-07-16,5.925000190734863,5.934999942779541,5.605000019073486,5.697500228881836,4.670283317565918,14854400
2004-07-19,5.800000190734863,5.800000190734863,5.650000095367432,5.695000171661377,4.668234348297119,3727600
2004-07-20,5.747499942779541,5.875,5.684999942779541,5.809999942779541,4.7624993324279785,7772000
2004-07-21,5.775000095367432,5.820000171661377,5.650000095367432,5.652500152587891,4.633396148681641,4761200
2004-07-22,5.667500019073486,5.727499961853027,5.579999923706055,5.692500114440918,4.666182994842529,4920000
2004-07-23,5.684999942779541,5.724999904632568,5.630000114440918,5.642499923706055,4.625198841094971,4383600
2004-07-26,5.652500152587891,5.742499828338623,5.630000114440918,5.677499771118164,4.653887748718262,3568800
2004-07-27,5.702499866485596,5.887499809265137,5.679999828338623,5.837500095367432,4.7850422859191895,7306000
2004-07-28,5.877500057220459,5.885000228881836,5.672500133514404,5.697500228881836,4.670283317565918,9624800
2004-07-29,5.747499942779541,5.872499942779541,5.712500095367432,5.817500114440918,4.768646240234375,6477600
2004-07-30,5.807499885559082,5.855000019073486,5.75,5.787499904632568,4.744054317474365,5327200
2004-08-02,5.760000228881836,5.792500019073486,5.672500133514404,5.695000171661377,4.668234348297119,7245200
2004-08-03,5.697500228881836,5.697500228881836,5.550000190734863,5.577499866485596,4.571918964385986,6547200
2004-08-04,5.519999980926514,5.755000114440918,5.494999885559082,5.619999885559082,4.606755256652832,7349600
2004-08-05,5.5625,5.985000133514404,5.5625,5.724999904632568,4.69282341003418,11993600
2004-08-06,5.699999809265137,5.71999979019165,5.505000114440918,5.599999904632568,4.59036111831665,5615200
2004-08-09,5.545000076293945,5.739999771118164,5.5,5.642499923706055,4.625198841094971,3841600
2004-08-10,5.632500171661377,5.792500019073486,5.625,5.789999961853027,4.746106147766113,5007200
2004-08-11,5.715000152587891,5.900000095367432,5.662499904632568,5.875,4.815780162811279,5918000
2004-08-12,5.824999809265137,5.912499904632568,5.747499942779541,5.762499809265137,4.723563194274902,3674000
2004-08-13,5.772500038146973,5.862500190734863,5.752500057220459,5.817500114440918,4.768646240234375,3841600
2004-08-16,5.892499923706055,6.022500038146973,5.837500095367432,5.954999923706055,4.881357669830322,4567600
2004-08-17,5.954999923706055,6.182499885559082,5.954999923706055,6.03000020980835,4.942835807800293,6596400
2004-08-18,5.800000190734863,6.159999847412109,5.465000152587891,5.567500114440918,4.563722133636475,30870000
2004-08-19,5.46750020980835,5.800000190734863,5.400000095367432,5.71750020980835,4.686675548553467,12286000
2004-08-20,5.684999942779541,5.71750020980835,5.570000171661377,5.602499961853027,4.592410564422607,6668000
2004-08-23,5.577499866485596,5.619999885559082,5.417500019073486,5.4375,4.457159519195557,10490400
2004-08-24,5.505000114440918,5.53249979019165,5.449999809265137,5.519999980926514,4.524785041809082,5682400
2004-08-25,5.507500171661377,5.554999828338623,5.474999904632568,5.510000228881836,4.516585826873779,3902800
2004-08-26,5.492499828338623,5.537499904632568,5.425000190734863,5.445000171661377,4.4633073806762695,4695200
2004-08-27,5.422500133514404,5.457499980926514,5.300000190734863,5.3125,4.354695796966553,8069200
2004-08-30,5.3125,5.402500152587891,5.295000076293945,5.337500095367432,4.375187873840332,5497600
2004-08-31,5.347499847412109,5.449999809265137,5.237500190734863,5.287499904632568,4.3429484367370605,4170800
2004-09-01,5.297500133514404,5.355000019073486,5.239999771118164,5.355000019073486,4.398392677307129,7625600
2004-09-02,5.547500133514404,5.922500133514404,5.5,5.882500171661377,4.831660270690918,13398800
2004-09-03,5.837500095367432,5.909999847412109,5.797500133514404,5.860000133514404,4.813178062438965,4431200
2004-09-07,5.860000133514404,5.954999923706055,5.84499979019165,5.940000057220459,4.87888765335083,3813200
2004-09-08,5.900000095367432,6.050000190734863,5.887499809265137,5.934999942779541,4.874780178070068,6866400
2004-09-09,5.965000152587891,5.96750020980835,5.75,5.775000095367432,4.7433648109436035,5615600
2004-09-10,5.775000095367432,5.952499866485596,5.724999904632568,5.914999961853027,4.858354568481445,3747600
2004-09-13,5.922500133514404,6.065000057220459,5.857500076293945,5.985000133514404,4.91585111618042,4892800
2004-09-14,5.96750020980835,5.96999979019165,5.840000152587891,5.942500114440918,4.880942344665527,4797600
2004-09-15,5.90749979019165,5.945000171661377,5.809999942779541,5.875,4.825499534606934,3068400
2004-09-16,5.902500152587891,5.940000057220459,5.860000133514404,5.885000228881836,4.833713531494141,3658400
2004-09-17,5.932499885559082,5.949999809265137,5.767499923706055,5.797500133514404,4.761843204498291,5245200
2004-09-20,5.837500095367432,5.837500095367432,5.684999942779541,5.78000020980835,4.747469902038574,4304400
2004-09-21,5.797500133514404,5.900000095367432,5.755000114440918,5.860000133514404,4.813178062438965,4079600
2004-09-22,5.792500019073486,5.832499980926514,5.732500076293945,5.817500114440918,4.7782721519470215,3948800
2004-09-23,5.8125,5.880000114440918,5.78249979019165,5.809999942779541,4.772112846374512,2499600
2004-09-24,5.840000152587891,5.840000152587891,5.787499904632568,5.829999923706055,4.788537502288818,3723200
2004-09-27,5.875,5.877500057220459,5.662499904632568,5.695000171661377,4.67765474319458,3179600
2004-09-28,5.715000152587891,5.71999979019165,5.579999923706055,5.675000190734863,4.661227703094482,3112000
2004-09-29,5.612500190734863,5.877500057220459,5.612500190734863,5.857500076293945,4.811124324798584,4048000
2004-09-30,5.862500190734863,5.90500020980835,5.744999885559082,5.860000133514404,4.813178062438965,3868800
2004-10-01,5.829999923706055,5.977499961853027,5.795000076293945,5.875,4.825499534606934,3335200
2004-10-04,5.912499904632568,6.085000038146973,5.84250020980835,5.980000019073486,4.9117431640625,4702400
2004-10-05,5.987500190734863,6.012499809265137,5.922500133514404,5.972499847412109,4.905580043792725,2823600
2004-10-06,5.962500095367432,6.067500114440918,5.9375,6.03000020980835,4.952810764312744,4156800
2004-10-07,5.715000152587891,6.21750020980835,5.647500038146973,5.862500190734863,4.81523323059082,9838000
2004-10-08,6.047500133514404,6.059999942779541,5.840000152587891,5.855000019073486,4.809072017669678,6084800
2004-10-11,5.832499980926514,5.90749979019165,5.767499923706055,5.804999828338623,4.768005847930908,4902000
2004-10-12,5.757500171661377,5.852499961853027,5.712500095367432,5.777500152587891,4.745416164398193,5454000
2004-10-13,5.824999809265137,5.917500019073486,5.762499809265137,5.872499942779541,4.823446273803711,4631200
2004-10-14,5.902500152587891,5.925000190734863,5.78249979019165,5.800000190734863,4.7638959884643555,4499600
2004-10-15,5.78000020980835,5.827499866485596,5.699999809265137,5.764999866485596,4.735150337219238,7625600
2004-10-18,5.772500038146973,5.889999866485596,5.75,5.860000133514404,4.813178062438965,2436000
2004-10-19,5.817500114440918,5.900000095367432,5.767499923706055,5.817500114440918,4.7782721519470215,4613200
2004-10-20,5.8125,5.84250020980835,5.732500076293945,5.78000020980835,4.747469902038574,6696800
2004-10-21,5.777500152587891,5.84499979019165,5.715000152587891,5.789999961853027,4.755683422088623,8381200
2004-10-22,5.809999942779541,5.855000019073486,5.767499923706055,5.792500019073486,4.757737159729004,6658400
2004-10-25,5.8125,5.822500228881836,5.730000019073486,5.755000114440918,4.726936340332031,4830400
2004-10-26,5.789999961853027,5.989999771118164,5.757500171661377,5.954999923706055,4.891208648681641,6800400
2004-10-27,5.962500095367432,6.252500057220459,5.872499942779541,6.207499980926514,5.098603248596191,9814400
2004-10-28,6.262499809265137,6.417500019073486,6.252500057220459,6.34499979019165,5.211538314819336,7878000
2004-10-29,6.53249979019165,6.579999923706055,6.275000095367432,6.567500114440918,5.394291877746582,9874400
2004-11-01,6.537499904632568,6.627500057220459,6.457499980926514,6.582499980926514,5.40661096572876,6924000
2004-11-02,6.605000019073486,6.715000152587891,6.579999923706055,6.682499885559082,5.488747596740723,6765600
2004-11-03,6.735000133514404,6.75,6.522500038146973,6.652500152587891,5.464108467102051,9222000
2004-11-04,6.75,7.03249979019165,6.659999847412109,6.987500190734863,5.739264488220215,12611200
2004-11-05,6.994999885559082,7.050000190734863,6.75,6.8125,5.595525741577148,6680800
2004-11-08,6.809999942779541,6.860000133514404,6.762499809265137,6.797500133514404,5.583204746246338,5096800
2004-11-09,6.727499961853027,6.792500019073486,6.675000190734863,6.75,5.544189453125,4319600
2004-11-10,6.787499904632568,6.997499942779541,6.742499828338623,6.914999961853027,5.679716110229492,4604400
2004-11-11,6.957499980926514,6.96750020980835,6.84499979019165,6.917500019073486,5.68176794052124,2159200
2004-11-12,6.852499961853027,7.0,6.827499866485596,6.997499942779541,5.747478485107422,4760000
2004-11-15,7.125,7.162499904632568,6.977499961853027,7.074999809265137,5.811132431030273,5802400
2004-11-16,7.03249979019165,7.059999942779541,6.777500152587891,6.852499961853027,5.628379821777344,5229200
2004-11-17,7.139999866485596,7.144999980926514,6.952499866485596,7.012499809265137,5.759796619415283,5515200
2004-11-18,7.017499923706055,7.072500228881836,6.9375,6.974999904632568,5.728996276855469,3275600
2004-11-19,6.9375,6.9375,6.764999866485596,6.809999942779541,5.5934739112854,3396800
2004-11-22,6.769999980926514,6.929999828338623,6.769999980926514,6.902500152587891,5.669450759887695,2429600
2004-11-23,6.947500228881836,7.079999923706055,6.900000095367432,6.985000133514404,5.737209320068359,4224800
2004-11-24,7.025000095367432,7.085000038146973,6.894999980926514,6.957499980926514,5.7146220207214355,2354000
2004-11-26,6.974999904632568,7.002500057220459,6.9375,6.992499828338623,5.743371486663818,850800
2004-11-29,7.0625,7.065000057220459,6.800000190734863,6.887499809265137,5.657127380371094,3374400
2004-11-30,6.889999866485596,6.889999866485596,6.585000038146973,6.724999904632568,5.523655414581299,4698400
2004-12-01,6.702499866485596,6.96999979019165,6.702499866485596,6.90500020980835,5.671501636505127,5750400
2004-12-02,6.8125,6.965000152587891,6.712500095367432,6.860000133514404,5.634542465209961,3114000
2004-12-03,6.815000057220459,6.84250020980835,6.699999809265137,6.762499809265137,5.55445671081543,2674000
2004-12-06,6.872499942779541,6.875,6.664999961853027,6.71750020980835,5.526283264160156,3949600
2004-12-07,6.699999809265137,6.75,6.637499809265137,6.690000057220459,5.503659248352051,2896400
2004-12-08,6.71999979019165,6.837500095367432,6.675000190734863,6.817500114440918,5.608546733856201,1762400
2004-12-09,6.84250020980835,6.864999771118164,6.715000152587891,6.815000057220459,5.606490612030029,2490400
2004-12-10,6.75,6.815000057220459,6.71999979019165,6.78000020980835,5.577700614929199,1638400
2004-12-13,6.860000133514404,6.869999885559082,6.724999904632568,6.769999980926514,5.569471836090088,2438000
2004-12-14,6.727499961853027,6.927499771118164,6.727499961853027,6.912499904632568,5.686702251434326,3682000
2004-12-15,6.929999828338623,6.987500190734863,6.8125,6.974999904632568,5.738119602203369,2908400
2004-12-16,6.922500133514404,6.987500190734863,6.909999847412109,6.945000171661377,5.713437080383301,2957600
2004-12-17,6.989999771118164,6.997499942779541,6.862500190734863,6.867499828338623,5.649681091308594,3397600
2004-12-20,6.887499809265137,6.9375,6.732500076293945,6.792500019073486,5.587984085083008,3276800
2004-12-21,6.769999980926514,6.855000019073486,6.747499942779541,6.852499961853027,5.6373395919799805,3346000
2004-12-22,7.0625,7.125,6.945000171661377,7.067500114440918,5.814213752746582,5458000
2004-12-23,7.079999923706055,7.082499980926514,6.962500095367432,6.987500190734863,5.7484025955200195,2401200
2004-12-27,6.987500190734863,7.074999809265137,6.927499771118164,6.96999979019165,5.734006881713867,1871600
2004-12-28,6.980000019073486,7.099999904632568,6.960000038146973,7.099999904632568,5.840950012207031,1926800
2004-12-29,7.070000171661377,7.147500038146973,7.037499904632568,7.099999904632568,5.840950012207031,1221600
2004-12-30,7.125,7.212500095367432,7.09499979019165,7.184999942779541,5.910879135131836,1750000
2004-12-31,7.1875,7.252500057220459,7.15749979019165,7.21750020980835,5.93761682510376,1972400
2005-01-03,7.207499980926514,7.242499828338623,6.90749979019165,6.929999828338623,5.701098442077637,6026000
2005-01-04,7.0,7.045000076293945,6.892499923706055,6.957499980926514,5.723721027374268,5366800
2005-01-05,6.922500133514404,7.010000228881836,6.897500038146973,6.897500038146973,5.6743621826171875,2669600
2005-01-06,6.855000019073486,7.152500152587891,6.837500095367432,7.117499828338623,5.855350494384766,15237600
2005-01-07,7.147500038146973,7.269999980926514,7.097499847412109,7.150000095367432,5.882084846496582,8946800
2005-01-10,7.099999904632568,7.262499809265137,7.007500171661377,7.162499904632568,5.892369270324707,7846000
2005-01-11,7.125,7.204999923706055,7.079999923706055,7.184999942779541,5.910879135131836,2458000
2005-01-12,7.144999980926514,7.184999942779541,7.0625,7.147500038146973,5.880028247833252,2430800
2005-01-13,7.147500038146973,7.215000152587891,7.034999847412109,7.127500057220459,5.863577365875244,3802800
2005-01-14,7.137499809265137,7.21750020980835,7.125,7.207499980926514,5.9293904304504395,5021200
2005-01-18,7.177499771118164,7.480000019073486,7.150000095367432,7.474999904632568,6.149454116821289,5289600
2005-01-19,7.337500095367432,7.46750020980835,7.320000171661377,7.369999885559082,6.063074588775635,5249600
2005-01-20,7.409999847412109,7.422500133514404,7.320000171661377,7.327499866485596,6.028110980987549,3651200
2005-01-21,7.335000038146973,7.367499828338623,7.147500038146973,7.150000095367432,5.882084846496582,3881600
2005-01-24,7.137499809265137,7.267499923706055,7.132500171661377,7.162499904632568,5.892369270324707,4398400
2005-01-25,7.244999885559082,7.377500057220459,7.167500019073486,7.317500114440918,6.019883632659912,6156000
2005-01-26,7.349999904632568,7.420000076293945,7.179999828338623,7.210000038146973,5.931447505950928,5385600
2005-01-27,7.170000076293945,7.239999771118164,7.132500171661377,7.199999809265137,5.923218250274658,3784400
2005-01-28,7.15500020980835,7.179999828338623,6.900000095367432,6.96999979019165,5.734006881713867,11676000
2005-01-31,7.034999847412109,7.170000076293945,7.014999866485596,7.15500020980835,5.886198043823242,6372000
2005-02-01,7.1875,7.352499961853027,7.150000095367432,7.295000076293945,6.001373291015625,5634000
2005-02-02,7.295000076293945,7.445000171661377,7.295000076293945,7.385000228881836,6.075414657592773,4021200
2005-02-03,7.355000019073486,7.357500076293945,7.175000190734863,7.247499942779541,5.962296009063721,6129600
2005-02-04,7.277500152587891,7.324999809265137,7.167500019073486,7.25,5.964352607727051,2871600
2005-02-07,7.227499961853027,7.287499904632568,7.139999866485596,7.172500133514404,5.900597095489502,4253600
2005-02-08,7.175000190734863,7.175000190734863,6.96750020980835,6.992499828338623,5.752513885498047,7345600
2005-02-09,6.962500095367432,7.0,6.857500076293945,6.90749979019165,5.682587623596191,5626800
2005-02-10,6.957499980926514,6.987500190734863,6.860000133514404,6.954999923706055,5.721665859222412,5482800
2005-02-11,6.929999828338623,7.012499809265137,6.8125,6.945000171661377,5.713437080383301,4303200
2005-02-14,6.934999942779541,7.0,6.887499809265137,6.9375,5.707269668579102,2228800
2005-02-15,6.925000190734863,7.03249979019165,6.900000095367432,6.920000076293945,5.692873001098633,5668400
2005-02-16,6.934999942779541,6.962500095367432,6.835000038146973,6.927499771118164,5.699042320251465,4124000
2005-02-17,6.949999809265137,7.025000095367432,6.897500038146973,6.952499866485596,5.719607830047607,5204000
2005-02-18,6.974999904632568,7.050000190734863,6.875,6.875,5.655851364135742,2984000
2005-02-22,6.84250020980835,6.96750020980835,6.75,6.78249979019165,5.5797553062438965,3934400
2005-02-23,6.809999942779541,6.902500152587891,6.787499904632568,6.800000190734863,5.6044793128967285,2333200
2005-02-24,6.762499809265137,6.965000152587891,6.735000133514404,6.9375,5.717806339263916,3634400
2005-02-25,6.9375,7.045000076293945,6.840000152587891,6.992499828338623,5.76313591003418,3791200
2005-02-28,7.014999866485596,7.125,6.862500190734863,7.0,5.769317150115967,3277600
2005-03-01,6.987500190734863,7.164999961853027,6.987500190734863,7.059999942779541,5.818769454956055,5490400
2005-03-02,7.065000057220459,7.235000133514404,6.992499828338623,7.192500114440918,5.927973747253418,6390800
2005-03-03,7.262499809265137,7.534999847412109,7.25,7.497499942779541,6.179350852966309,19022000
2005-03-04,7.599999904632568,7.84250020980835,7.574999809265137,7.602499961853027,6.26589298248291,8856000
2005-03-07,7.59499979019165,7.684999942779541,7.572500228881836,7.587500095367432,6.2535271644592285,5712000
2005-03-08,7.570000171661377,7.679999828338623,7.514999866485596,7.53249979019165,6.208197116851807,2539200
2005-03-09,7.534999847412109,7.559999942779541,7.465000152587891,7.502500057220459,6.183474063873291,2913200
2005-03-10,7.502500057220459,7.537499904632568,7.349999904632568,7.46750020980835,6.154626846313477,3182800
2005-03-11,7.474999904632568,7.494999885559082,7.347499847412109,7.360000133514404,6.066026210784912,4352800
2005-03-14,7.375,7.46999979019165,7.315000057220459,7.465000152587891,6.152565956115723,2346400
2005-03-15,7.4375,7.622499942779541,7.385000228881836,7.465000152587891,6.152565956115723,4076000
2005-03-16,7.367499828338623,7.505000114440918,7.204999923706055,7.247499942779541,5.973304271697998,5890000
2005-03-17,7.237500190734863,7.262499809265137,7.125,7.152500152587891,5.895007610321045,3293200
2005-03-18,7.137499809265137,7.162499904632568,6.875,6.989999771118164,5.761075973510742,10109200
2005-03-21,6.989999771118164,7.010000228881836,6.872499942779541,6.920000076293945,5.703383922576904,3545600
2005-03-22,6.867499828338623,7.047500133514404,6.867499828338623,6.932499885559082,5.713685989379883,4279200
2005-03-23,6.90749979019165,7.025000095367432,6.894999980926514,7.0,5.769317150115967,4682000
2005-03-24,6.987500190734863,7.135000228881836,6.980000019073486,7.070000171661377,5.8270111083984375,3672800
2005-03-28,7.070000171661377,7.25,7.059999942779541,7.190000057220459,5.925914764404297,2570000
2005-03-29,7.184999942779541,7.267499923706055,7.147500038146973,7.235000133514404,5.963003635406494,3987200
2005-03-30,7.275000095367432,7.347499847412109,7.132500171661377,7.3125,6.026875972747803,3438400
2005-03-31,7.340000152587891,7.340000152587891,7.239999771118164,7.284999847412109,6.004211902618408,3087600
2005-04-01,7.332499980926514,7.360000133514404,6.992499828338623,7.025000095367432,5.7899250984191895,7019200
2005-04-04,7.017499923706055,7.119999885559082,6.960000038146973,7.087500095367432,5.841434001922607,3772400
2005-04-05,7.074999809265137,7.222499847412109,7.054999828338623,7.1875,5.923853397369385,2026400
2005-04-06,7.230000019073486,7.260000228881836,7.070000171661377,7.139999866485596,5.884705543518066,2614800
2005-04-07,7.127500057220459,7.287499904632568,7.007500171661377,7.244999885559082,5.971243858337402,4470000
2005-04-08,7.287499904632568,7.287499904632568,7.102499961853027,7.112500190734863,5.862039566040039,2284800
2005-04-11,7.09499979019165,7.137499809265137,6.965000152587891,7.042500019073486,5.804346561431885,3422400
2005-04-12,7.005000114440918,7.244999885559082,7.0,7.224999904632568,5.954758644104004,5098000
2005-04-13,7.244999885559082,7.275000095367432,7.15749979019165,7.172500133514404,5.911491394042969,4368800
2005-04-14,7.192500114440918,7.322500228881836,6.96999979019165,6.987500190734863,5.759016513824463,5757200
2005-04-15,6.932499885559082,7.132500171661377,6.849999904632568,6.887499809265137,5.6765971183776855,7813200
2005-04-18,6.875,7.012499809265137,6.875,6.914999961853027,5.699263095855713,4366800
2005-04-19,6.932499885559082,6.972499847412109,6.837500095367432,6.909999847412109,5.695141792297363,3468400
2005-04-20,6.867499828338623,6.927499771118164,6.75,6.792500019073486,5.598301887512207,5058800
2005-04-21,6.809999942779541,7.09499979019165,6.809999942779541,7.0625,5.820829391479492,5452000
2005-04-22,6.980000019073486,7.012499809265137,6.752500057220459,6.820000171661377,5.620961666107178,3887600
2005-04-25,6.835000038146973,6.947500228881836,6.757500171661377,6.832499980926514,5.631265640258789,5826000
2005-04-26,6.775000095367432,6.96999979019165,6.75,6.802499771118164,5.606542587280273,3424800
2005-04-27,6.815000057220459,6.952499866485596,6.775000095367432,6.867499828338623,5.66011381149292,2587200
2005-04-28,6.800000190734863,6.864999771118164,6.684999942779541,6.702499866485596,5.524121284484863,2874800
2005-04-29,6.677499771118164,6.75,6.519999980926514,6.679999828338623,5.505578994750977,4549200
2005-05-02,6.71750020980835,6.820000171661377,6.610000133514404,6.710000038146973,5.530304908752441,3221200
2005-05-03,6.679999828338623,6.857500076293945,6.679999828338623,6.75,5.563271522521973,9768800
2005-05-04,6.75,6.877500057220459,6.71999979019165,6.807499885559082,5.610661029815674,3973200
2005-05-05,6.5,6.732500076293945,6.382500171661377,6.614999771118164,5.452006816864014,12279600
2005-05-06,6.715000152587891,6.802499771118164,6.505000114440918,6.572500228881836,5.416979789733887,7946000
2005-05-09,6.587500095367432,6.605000019073486,6.474999904632568,6.552499771118164,5.4004926681518555,4708000
2005-05-10,6.492499828338623,6.552499771118164,6.422500133514404,6.552499771118164,5.4004926681518555,3664400
2005-05-11,6.53249979019165,6.622499942779541,6.332499980926514,6.462500095367432,5.3263163566589355,5541200
2005-05-12,6.454999923706055,6.5625,6.372499942779541,6.454999923706055,5.320135593414307,5385200
2005-05-13,6.480000019073486,6.492499828338623,6.25,6.355000019073486,5.23771858215332,5847600
2005-05-16,6.355000019073486,6.547500133514404,6.284999847412109,6.494999885559082,5.353103160858154,4081600
2005-05-17,6.4375,6.6875,6.427499771118164,6.684999942779541,5.509698390960693,3988800
2005-05-18,6.894999980926514,6.912499904632568,6.684999942779541,6.885000228881836,5.674537181854248,6136800
2005-05-19,6.829999923706055,6.965000152587891,6.824999809265137,6.922500133514404,5.705445289611816,3992000
2005-05-20,6.882500171661377,6.952499866485596,6.849999904632568,6.925000190734863,5.707505226135254,5012400
2005-05-23,6.869999885559082,7.057499885559082,6.869999885559082,7.027500152587891,5.791984558105469,3269200
2005-05-24,7.047500133514404,7.050000190734863,6.940000057220459,6.989999771118164,5.761075973510742,3199600
2005-05-25,6.974999904632568,7.025000095367432,6.929999828338623,6.940000057220459,5.719865798950195,6513600
2005-05-26,6.940000057220459,7.007500171661377,6.925000190734863,6.980000019073486,5.752833366394043,2716000
2005-05-27,7.0,7.130000114440918,6.952499866485596,7.102499961853027,5.853795528411865,3040400
2005-05-31,7.079999923706055,7.117499828338623,6.989999771118164,7.047500133514404,5.808468341827393,4543600
2005-06-01,7.050000190734863,7.25,7.002500057220459,7.21999979019165,5.950639247894287,5003600
2005-06-02,7.164999961853027,7.557499885559082,7.162499904632568,7.382500171661377,6.084569454193115,13004400
2005-06-03,7.364999771118164,7.425000190734863,7.3125,7.340000152587891,6.0495429039001465,3696800
2005-06-06,7.324999809265137,7.4375,7.324999809265137,7.417500019073486,6.11341667175293,3227200
2005-06-07,7.377500057220459,7.517499923706055,7.375,7.397500038146973,6.096932888031006,4489600
2005-06-08,7.389999866485596,7.489999771118164,7.257500171661377,7.267499923706055,5.989787578582764,4767200
2005-06-09,7.300000190734863,7.445000171661377,7.252500057220459,7.382500171661377,6.095053195953369,3848800
2005-06-10,7.400000095367432,7.420000076293945,7.307499885559082,7.402500152587891,6.111565589904785,4006000
2005-06-13,7.402500152587891,7.5,7.372499942779541,7.46750020980835,6.165231704711914,2564800
2005-06-14,7.457499980926514,7.502500057220459,7.417500019073486,7.427499771118164,6.132205009460449,3830400
2005-06-15,7.482500076293945,7.482500076293945,7.317500114440918,7.414999961853027,6.121884346008301,2634400
2005-06-16,7.377500057220459,7.465000152587891,7.329999923706055,7.465000152587891,6.1631669998168945,1784800
2005-06-17,7.462500095367432,7.627500057220459,7.335000038146973,7.414999961853027,6.121884346008301,6106000
2005-06-20,7.34499979019165,7.382500171661377,7.257500171661377,7.292500019073486,6.020747184753418,2262000
2005-06-21,7.255000114440918,7.369999885559082,7.202499866485596,7.25,5.985661506652832,4688400
2005-06-22,7.327499866485596,7.375,7.244999885559082,7.322500228881836,6.045517444610596,2833200
2005-06-23,7.375,7.425000190734863,7.247499942779541,7.25,5.985661506652832,3768800
2005-06-24,7.252500057220459,7.307499885559082,7.119999885559082,7.130000114440918,5.8865885734558105,3423200
2005-06-27,7.142499923706055,7.21750020980835,7.114999771118164,7.177499771118164,5.925804138183594,2256000
2005-06-28,7.175000190734863,7.3125,7.164999961853027,7.275000095367432,6.0063018798828125,2655200
2005-06-29,7.262499809265137,7.385000228881836,7.25,7.357500076293945,6.074413299560547,2704400
2005-06-30,7.357500076293945,7.427499771118164,7.212500095367432,7.227499961853027,5.967085838317871,4725600
2005-07-01,7.224999904632568,7.235000133514404,7.117499828338623,7.172500133514404,5.921677589416504,3240800
2005-07-05,7.125,7.420000076293945,7.125,7.392499923706055,6.1033101081848145,3591200
2005-07-06,7.375,7.402500152587891,7.264999866485596,7.297500133514404,6.024876117706299,4385600
2005-07-07,7.127500057220459,7.127500057220459,6.722499847412109,6.815000057220459,5.626523017883301,16422400
2005-07-08,6.787499904632568,6.912499904632568,6.78000020980835,6.909999847412109,5.704954624176025,7059600
2005-07-11,6.90500020980835,6.934999942779541,6.802499771118164,6.90500020980835,5.700826644897461,5660000
2005-07-12,6.925000190734863,6.962500095367432,6.84499979019165,6.860000133514404,5.663674354553223,4192000
2005-07-13,6.832499980926514,6.945000171661377,6.712500095367432,6.739999771118164,5.564600467681885,5854800
2005-07-14,6.817500114440918,6.817500114440918,6.727499961853027,6.777500152587891,5.5955610275268555,9035200
2005-07-15,6.84499979019165,6.84499979019165,6.767499923706055,6.815000057220459,5.626523017883301,8749600
2005-07-18,6.804999828338623,6.887499809265137,6.78249979019165,6.804999828338623,5.6182661056518555,2455600
2005-07-19,6.837500095367432,6.857500076293945,6.762499809265137,6.802499771118164,5.616201400756836,6929600
2005-07-20,6.800000190734863,6.824999809265137,6.712500095367432,6.727499961853027,5.554279327392578,5242800
2005-07-21,6.712500095367432,6.75,6.650000095367432,6.662499904632568,5.500615119934082,5561600
2005-07-22,6.672500133514404,6.727499961853027,6.650000095367432,6.682499885559082,5.517127513885498,3782000
2005-07-25,6.675000190734863,6.747499942779541,6.619999885559082,6.664999961853027,5.502681255340576,3432800
2005-07-26,6.675000190734863,6.712500095367432,6.599999904632568,6.664999961853027,5.502681255340576,5034400
2005-07-27,6.662499904632568,6.71750020980835,6.599999904632568,6.690000057220459,5.523319721221924,5258800
2005-07-28,6.679999828338623,6.712500095367432,6.619999885559082,6.642499923706055,5.484103202819824,4726800
2005-07-29,6.612500190734863,6.675000190734863,6.599999904632568,6.625,5.469655513763428,7248800
2005-08-01,6.627500057220459,6.727499961853027,6.574999809265137,6.707499980926514,5.537768363952637,6238400
2005-08-02,6.695000171661377,6.732500076293945,6.659999847412109,6.71750020980835,5.546024322509766,4392000
2005-08-03,6.6875,6.702499866485596,6.59499979019165,6.622499942779541,5.467592716217041,4114000
2005-08-04,6.380000114440918,6.695000171661377,6.257500171661377,6.635000228881836,5.477911472320557,11547600
2005-08-05,6.625,6.625,6.5,6.514999866485596,5.378836631774902,4748000
2005-08-08,6.570000171661377,6.715000152587891,6.554999828338623,6.579999923706055,5.4325032234191895,6044400
2005-08-09,6.582499980926514,6.690000057220459,6.579999923706055,6.642499923706055,5.484103202819824,4002800
2005-08-10,6.644999980926514,6.822500228881836,6.644999980926514,6.735000133514404,5.5604705810546875,4577200
2005-08-11,6.75,6.764999866485596,6.630000114440918,6.690000057220459,5.523319721221924,2215600
2005-08-12,6.644999980926514,6.755000114440918,6.614999771118164,6.699999809265137,5.531576156616211,3071600
2005-08-15,6.662499904632568,6.699999809265137,6.554999828338623,6.627500057220459,5.471719264984131,3575600
2005-08-16,6.610000133514404,6.610000133514404,6.262499809265137,6.382500171661377,5.269445896148682,7646400
2005-08-17,6.25,6.809999942779541,6.179999828338623,6.449999809265137,5.325173377990723,22778400
2005-08-18,6.414999961853027,6.417500019073486,6.142499923706055,6.21999979019165,5.135283470153809,13607200
2005-08-19,6.235000133514404,6.297500133514404,6.172500133514404,6.207499980926514,5.124965667724609,7180400
2005-08-22,6.212500095367432,6.262499809265137,6.195000171661377,6.227499961853027,5.141477108001709,5517200
2005-08-23,6.239999771118164,6.257500171661377,6.207499980926514,6.210000038146973,5.127027988433838,4597200
2005-08-24,6.224999904632568,6.304999828338623,6.182499885559082,6.212500095367432,5.129093647003174,9429600
2005-08-25,6.202499866485596,6.260000228881836,6.192500114440918,6.224999904632568,5.139410972595215,5920400
2005-08-26,6.21750020980835,6.25,6.179999828338623,6.192500114440918,5.112580299377441,6628000
2005-08-29,6.179999828338623,6.21750020980835,6.114999771118164,6.207499980926514,5.124965667724609,2320800
2005-08-30,6.212500095367432,6.21750020980835,6.099999904632568,6.15500020980835,5.091874122619629,6092400
2005-08-31,6.164999961853027,6.230000019073486,6.097499847412109,6.207499980926514,5.1353068351745605,6811200
2005-09-01,6.237500190734863,6.347499847412109,6.022500038146973,6.070000171661377,5.021554946899414,12989600
2005-09-02,6.097499847412109,6.179999828338623,6.03249979019165,6.110000133514404,5.0546464920043945,5289600
2005-09-06,6.137499809265137,6.262499809265137,6.117499828338623,6.21999979019165,5.145644664764404,4030800
2005-09-07,6.25,6.25,6.167500019073486,6.242499828338623,5.164258003234863,4712400
2005-09-08,6.204999923706055,6.25,6.175000190734863,6.182499885559082,5.114622592926025,3729200
2005-09-09,6.184999942779541,6.227499961853027,6.179999828338623,6.210000038146973,5.137373924255371,3406400
2005-09-12,6.172500133514404,6.195000171661377,6.135000228881836,6.142499923706055,5.0815324783325195,3072000
2005-09-13,6.144999980926514,6.15500020980835,6.09499979019165,6.102499961853027,5.048440456390381,5027200
2005-09-14,6.099999904632568,6.125,6.087500095367432,6.090000152587891,5.0380988121032715,5831200
2005-09-15,6.112500190734863,6.122499942779541,6.082499980926514,6.105000019073486,5.050508499145508,6240000
2005-09-16,6.074999809265137,6.125,6.054999828338623,6.070000171661377,5.021554946899414,7883600
2005-09-19,6.050000190734863,6.072500228881836,5.929999828338623,5.960000038146973,4.930553913116455,9675200
2005-09-20,5.934999942779541,5.987500190734863,5.727499961853027,5.792500019073486,4.791988372802734,7996000
2005-09-21,5.732500076293945,5.887499809265137,5.684999942779541,5.797500133514404,4.796121120452881,9114000
2005-09-22,5.760000228881836,5.942500114440918,5.737500190734863,5.855000019073486,4.843689918518066,11560000
2005-09-23,5.832499980926514,5.857500076293945,5.724999904632568,5.735000133514404,4.7444167137146,7703200
2005-09-26,5.784999847412109,5.957499980926514,5.784999847412109,5.900000095367432,4.880917072296143,10338000
2005-09-27,5.892499923706055,5.940000057220459,5.860000133514404,5.892499923706055,4.874713897705078,3637600
2005-09-28,5.877500057220459,5.900000095367432,5.647500038146973,5.677499771118164,4.6968488693237305,7920000
2005-09-29,5.650000095367432,5.739999771118164,5.585000038146973,5.739999771118164,4.748551845550537,7454800
2005-09-30,5.71999979019165,5.934999942779541,5.71999979019165,5.925000190734863,4.901600360870361,7142800
2005-10-03,6.067500114440918,6.127500057220459,5.985000133514404,6.002500057220459,4.965714931488037,9114400
2005-10-04,6.0,6.147500038146973,6.0,6.010000228881836,4.971919536590576,5426000
2005-10-05,6.0,6.107500076293945,5.96750020980835,6.019999980926514,4.980190753936768,9922400
2005-10-06,6.212500095367432,6.445000171661377,6.150000095367432,6.244999885559082,5.166328430175781,20266800
2005-10-07,6.227499961853027,6.5,6.215000152587891,6.454999923706055,5.340056896209717,16055600
2005-10-10,6.454999923706055,6.554999828338623,6.414999961853027,6.489999771118164,5.369009971618652,8579600
2005-10-11,6.497499942779541,6.514999866485596,6.394999980926514,6.417500019073486,5.309033393859863,6939600
2005-10-12,6.412499904632568,6.462500095367432,6.199999809265137,6.340000152587891,5.244919776916504,6535200
2005-10-13,6.340000152587891,6.412499904632568,6.295000076293945,6.375,5.273871421813965,6429600
2005-10-14,6.355000019073486,6.454999923706055,6.337500095367432,6.425000190734863,5.315237998962402,6813600
2005-10-17,6.449999809265137,6.449999809265137,6.340000152587891,6.380000114440918,5.278010368347168,5448800
2005-10-18,6.382500171661377,6.420000076293945,6.3125,6.360000133514404,5.261466979980469,6542400
2005-10-19,6.372499942779541,6.590000152587891,6.329999923706055,6.574999809265137,5.439327716827393,5272800
2005-10-20,6.5625,6.652500152587891,6.422500133514404,6.429999828338623,5.319372653961182,6933600
2005-10-21,6.427499771118164,6.552499771118164,6.375,6.494999885559082,5.3731465339660645,10758400
2005-10-24,6.494999885559082,6.635000228881836,6.449999809265137,6.635000228881836,5.488965034484863,4995600
2005-10-25,6.644999980926514,6.652500152587891,6.449999809265137,6.554999828338623,5.422779560089111,4163200
2005-10-26,6.557499885559082,6.602499961853027,6.432499885559082,6.449999809265137,5.33591890335083,4797600
2005-10-27,6.462500095367432,6.462500095367432,6.21999979019165,6.21999979019165,5.145644664764404,7376800
2005-10-28,6.287499904632568,6.485000133514404,6.287499904632568,6.46999979019165,5.352464199066162,6800400
2005-10-31,6.452499866485596,6.795000076293945,6.452499866485596,6.760000228881836,5.592370986938477,10432400
2005-11-01,6.762499809265137,6.847499847412109,6.679999828338623,6.815000057220459,5.637876033782959,9919600
2005-11-02,6.737500190734863,7.014999866485596,6.737500190734863,6.987500190734863,5.780580043792725,6770400
2005-11-03,6.582499980926514,6.887499809265137,6.462500095367432,6.480000019073486,5.360737323760986,20025200
2005-11-04,6.5,6.522500038146973,6.387499809265137,6.449999809265137,5.33591890335083,6975600
2005-11-07,6.449999809265137,6.507500171661377,6.375,6.380000114440918,5.278010368347168,6837600
2005-11-08,6.34499979019165,6.4375,6.289999961853027,6.324999809265137,5.23250675201416,3575600
2005-11-09,6.332499980926514,6.414999961853027,6.222499847412109,6.382500171661377,5.280079364776611,3574400
2005-11-10,6.400000095367432,6.502500057220459,6.324999809265137,6.485000133514404,5.364874362945557,6250800
2005-11-11,6.494999885559082,6.5625,6.46999979019165,6.519999980926514,5.393828868865967,3651600
2005-11-14,6.519999980926514,6.582499980926514,6.5,6.570000171661377,5.435190677642822,4628400
2005-11-15,6.425000190734863,6.527500152587891,6.255000114440918,6.297500133514404,5.2097601890563965,9399200
2005-11-16,6.295000076293945,6.337500095367432,6.25,6.260000228881836,5.178734302520752,8827200
2005-11-17,6.260000228881836,6.5,6.260000228881836,6.5,5.3772807121276855,6254400
2005-11-18,6.574999809265137,6.597499847412109,6.372499942779541,6.454999923706055,5.340056896209717,6324800
2005-11-21,6.409999847412109,6.612500190734863,6.369999885559082,6.605000019073486,5.464147567749023,6288400
2005-11-22,6.542500019073486,6.625,6.489999771118164,6.614999771118164,5.4724202156066895,6844000
2005-11-23,6.567500114440918,6.71750020980835,6.567500114440918,6.702499866485596,5.544805526733398,3715200
2005-11-25,6.672500133514404,6.764999866485596,6.585000038146973,6.747499942779541,5.582034587860107,2417200
2005-11-28,6.735000133514404,6.862500190734863,6.6875,6.775000095367432,5.604783058166504,7603200
2005-11-29,6.804999828338623,6.954999923706055,6.775000095367432,6.892499923706055,5.701986312866211,6678800
2005-11-30,6.869999885559082,6.977499961853027,6.84499979019165,6.875,5.6875104904174805,5496400
2005-12-01,6.900000095367432,6.989999771118164,6.800000190734863,6.960000038146973,5.757829666137695,7547200
2005-12-02,6.84499979019165,7.087500095367432,6.824999809265137,7.0,5.790919303894043,6361200
2005-12-05,6.929999828338623,7.025000095367432,6.909999847412109,7.002500057220459,5.805426597595215,6241200
2005-12-06,7.005000114440918,7.037499904632568,6.872499942779541,6.882500171661377,5.705939769744873,4706400
2005-12-07,6.84499979019165,6.965000152587891,6.84499979019165,6.922500133514404,5.739103317260742,3646800
2005-12-08,6.887499809265137,7.005000114440918,6.789999961853027,6.855000019073486,5.683144569396973,3466400
2005-12-09,6.797500133514404,6.902500152587891,6.752500057220459,6.864999771118164,5.691433906555176,4084400
2005-12-12,6.889999866485596,6.889999866485596,6.795000076293945,6.809999942779541,5.645834445953369,4440400
2005-12-13,6.827499866485596,7.037499904632568,6.764999866485596,6.997499942779541,5.801281452178955,5934400
2005-12-14,6.997499942779541,7.255000114440918,6.997499942779541,7.132500171661377,5.913204669952393,6318800
2005-12-15,7.1875,7.199999809265137,6.965000152587891,7.057499885559082,5.85102653503418,2760400
2005-12-16,7.122499942779541,7.172500133514404,7.050000190734863,7.065000057220459,5.857242584228516,8578800
2005-12-19,7.125,7.21750020980835,7.050000190734863,7.09499979019165,5.882116317749023,5286000
2005-12-20,7.139999866485596,7.202499866485596,7.034999847412109,7.184999942779541,5.956727981567383,2618800
2005-12-21,7.172500133514404,7.269999980926514,7.082499980926514,7.142499923706055,5.92149543762207,2884800
2005-12-22,7.167500019073486,7.385000228881836,7.144999980926514,7.357500076293945,6.099740505218506,5828000
2005-12-23,7.394999980926514,7.432499885559082,7.360000133514404,7.40500020980835,6.139120101928711,2936400
2005-12-27,7.380000114440918,7.434999942779541,7.197500228881836,7.204999923706055,5.9733123779296875,3632800
2005-12-28,7.202499866485596,7.322500228881836,7.195000171661377,7.227499961853027,5.9919657707214355,3058000
2005-12-29,7.212500095367432,7.340000152587891,7.164999961853027,7.272500038146973,6.02927303314209,4106400
2005-12-30,7.227499961853027,7.327499866485596,7.207499980926514,7.224999904632568,5.989892482757568,2200800
2006-01-03,7.1875,7.414999961853027,7.057499885559082,7.360000133514404,6.101813316345215,9282000
2006-01-04,7.382500171661377,7.542500019073486,7.3125,7.422500133514404,6.153628826141357,11060000
2006-01-05,7.482500076293945,7.505000114440918,7.195000171661377,7.272500038146973,6.02927303314209,7875600
2006-01-06,7.369999885559082,7.375,7.21999979019165,7.352499961853027,6.095595836639404,7337600
2006-01-09,7.295000076293945,7.572500228881836,7.295000076293945,7.547500133514404,6.257261276245117,7526800
2006-01-10,7.482500076293945,7.59250020980835,7.482500076293945,7.59250020980835,6.294568061828613,4575200
2006-01-11,7.579999923706055,7.667500019073486,7.422500133514404,7.605000019073486,6.304932117462158,5841600
2006-01-12,7.599999904632568,7.760000228881836,7.590000152587891,7.617499828338623,6.31529426574707,4055600
2006-01-13,7.65749979019165,7.732500076293945,7.597499847412109,7.625,6.321510314941406,4558400
2006-01-17,7.567500114440918,7.650000095367432,7.402500152587891,7.5,6.217881679534912,5515600
2006-01-18,7.46750020980835,7.724999904632568,6.789999961853027,7.420000076293945,6.151556968688965,6179200
2006-01-19,7.412499904632568,7.572500228881836,7.375,7.494999885559082,6.2137346267700195,3255200
2006-01-20,7.497499942779541,7.59250020980835,7.210000038146973,7.264999866485596,6.0230536460876465,6673600
2006-01-23,7.257500171661377,7.337500095367432,7.119999885559082,7.137499809265137,5.917348861694336,5304800
2006-01-24,7.127500057220459,7.320000171661377,7.127500057220459,7.28249979019165,6.037564754486084,10275200
2006-01-25,7.242499828338623,7.34499979019165,7.162499904632568,7.232500076293945,5.996108531951904,4600400
2006-01-26,7.309999942779541,7.369999885559082,7.159999847412109,7.239999771118164,6.002325534820557,5126400
2006-01-27,7.235000133514404,7.477499961853027,7.235000133514404,7.324999809265137,6.0727972984313965,5712000
2006-01-30,7.355000019073486,7.429999828338623,7.195000171661377,7.204999923706055,5.9733123779296875,3592400
2006-01-31,7.227499961853027,7.227499961853027,7.072500228881836,7.125,5.906986713409424,9212800
2006-02-01,7.072500228881836,7.170000076293945,7.0625,7.132500171661377,5.913204669952393,6260800
2006-02-02,7.067500114440918,7.172500133514404,6.820000171661377,6.96750020980835,5.776412010192871,15838000
2006-02-03,6.894999980926514,6.96999979019165,6.764999866485596,6.795000076293945,5.63339900970459,6011600
2006-02-06,6.78249979019165,6.84499979019165,6.735000133514404,6.787499904632568,5.627183437347412,5916000
2006-02-07,6.767499923706055,6.849999904632568,6.75,6.827499866485596,5.660343647003174,3830800
2006-02-08,6.840000152587891,6.864999771118164,6.777500152587891,6.815000057220459,5.6499834060668945,2616800
2006-02-09,6.847499847412109,6.960000038146973,6.792500019073486,6.885000228881836,5.708014965057373,4835200
2006-02-10,6.777500152587891,6.864999771118164,6.764999866485596,6.835000038146973,5.666560173034668,6174800
2006-02-13,6.792500019073486,6.837500095367432,6.715000152587891,6.777500152587891,5.61889123916626,4451200
2006-02-14,6.802499771118164,6.84499979019165,6.704999923706055,6.762499809265137,5.606453895568848,4417600
2006-02-15,6.775000095367432,6.920000076293945,6.737500190734863,6.885000228881836,5.708014965057373,3295600
2006-02-16,6.894999980926514,6.909999847412109,6.809999942779541,6.885000228881836,5.708014965057373,3261200
2006-02-17,6.917500019073486,6.929999828338623,6.792500019073486,6.802499771118164,5.639618396759033,2331200
2006-02-21,6.847499847412109,6.847499847412109,6.639999866485596,6.677499771118164,5.535984516143799,2950800
2006-02-22,6.8125,7.114999771118164,6.784999847412109,7.047500133514404,5.855891227722168,7132800
2006-02-23,7.059999942779541,7.097499847412109,6.974999904632568,6.980000019073486,5.799801826477051,4481600
2006-02-24,7.002500057220459,7.025000095367432,6.795000076293945,7.025000095367432,5.837194442749023,5664000
2006-02-27,7.0625,7.122499942779541,7.014999866485596,7.117499828338623,5.914054870605469,3134000
2006-02-28,7.082499980926514,7.127500057220459,7.007500171661377,7.079999923706055,5.8828959465026855,3912000
2006-03-01,7.114999771118164,7.159999847412109,7.054999828338623,7.15500020980835,5.945213317871094,3429200
2006-03-02,7.087500095367432,7.147500038146973,6.994999885559082,7.107500076293945,5.9057440757751465,3228000
2006-03-03,7.037499904632568,7.202499866485596,6.992499828338623,7.090000152587891,5.8912034034729,2801200
2006-03-06,7.077499866485596,7.132500171661377,6.989999771118164,7.034999847412109,5.845503330230713,2299600
2006-03-07,7.0,7.072500228881836,6.96999979019165,7.059999942779541,5.86627721786499,2475600
2006-03-08,7.054999828338623,7.105000019073486,6.96999979019165,7.047500133514404,5.855891227722168,3215600
2006-03-09,7.070000171661377,7.079999923706055,6.887499809265137,6.900000095367432,5.733329772949219,3094800
2006-03-10,6.922500133514404,7.0625,6.869999885559082,6.962500095367432,5.785261631011963,3521600
2006-03-13,7.010000228881836,7.037499904632568,6.90749979019165,6.965000152587891,5.7873382568359375,4599200
2006-03-14,6.962500095367432,7.010000228881836,6.849999904632568,7.005000114440918,5.8205742835998535,5112400
2006-03-15,7.027500152587891,7.099999904632568,6.769999980926514,7.050000190734863,5.857966899871826,9319600
2006-03-16,7.090000152587891,7.09499979019165,6.932499885559082,6.952499866485596,5.776954174041748,5313600
2006-03-17,6.947500228881836,6.985000133514404,6.857500076293945,6.864999771118164,5.704246520996094,6725600
2006-03-20,6.894999980926514,6.994999885559082,6.877500057220459,6.977499961853027,5.797726154327393,5516400
2006-03-21,6.982500076293945,7.09250020980835,6.880000114440918,6.982500076293945,5.801878929138184,5544400
2006-03-22,6.945000171661377,7.070000171661377,6.925000190734863,7.042500019073486,5.851734161376953,4954400
2006-03-23,7.010000228881836,7.227499961853027,7.007500171661377,7.177499771118164,5.96390962600708,5805200
2006-03-24,7.204999923706055,7.235000133514404,7.162499904632568,7.232500076293945,6.009608268737793,4018400
2006-03-27,7.232500076293945,7.237500190734863,7.1875,7.212500095367432,5.992990970611572,6917200
2006-03-28,7.232500076293945,7.262499809265137,7.179999828338623,7.212500095367432,5.992990970611572,5283600
2006-03-29,7.202499866485596,7.3125,7.199999809265137,7.257500171661377,6.030383110046387,3883200
2006-03-30,7.309999942779541,7.372499942779541,7.242499828338623,7.289999961853027,6.05739164352417,4178000
2006-03-31,7.300000190734863,7.340000152587891,7.28000020980835,7.297500133514404,6.063617706298828,3260800
2006-04-03,7.304999828338623,7.360000133514404,7.162499904632568,7.202499866485596,5.984681606292725,6384400
2006-04-04,7.190000057220459,7.309999942779541,7.190000057220459,7.262499809265137,6.034535884857178,4477600
2006-04-05,7.239999771118164,7.28000020980835,7.167500019073486,7.272500038146973,6.042846202850342,5236000
2006-04-06,7.375,7.557499885559082,7.357500076293945,7.542500019073486,6.267193794250488,6875600
2006-04-07,7.539999961853027,7.677499771118164,7.489999771118164,7.545000076293945,6.2692718505859375,3280400
2006-04-10,7.519999980926514,7.565000057220459,7.377500057220459,7.414999961853027,6.161251068115234,3705600
2006-04-11,7.477499961853027,7.487500190734863,7.364999771118164,7.389999866485596,6.140480041503906,2658000
2006-04-12,7.377500057220459,7.4375,7.349999904632568,7.360000133514404,6.115550518035889,3211200
2006-04-13,7.364999771118164,7.5,7.349999904632568,7.414999961853027,6.161251068115234,3757200
2006-04-17,7.40500020980835,7.457499980926514,7.317500114440918,7.377500057220459,6.130091667175293,2924000
2006-04-18,7.412499904632568,7.537499904632568,7.394999980926514,7.487500190734863,6.221492767333984,3404000
2006-04-19,7.494999885559082,7.59250020980835,7.46999979019165,7.570000171661377,6.290042400360107,4467200
2006-04-20,7.557499885559082,7.650000095367432,7.5,7.570000171661377,6.290042400360107,2669600
2006-04-21,7.610000133514404,7.610000133514404,7.355000019073486,7.394999980926514,6.144632339477539,6045200
2006-04-24,7.357500076293945,7.440000057220459,7.277500152587891,7.349999904632568,6.107240676879883,4287600
2006-04-25,7.352499961853027,7.512499809265137,7.349999904632568,7.454999923706055,6.194488048553467,4534800
2006-04-26,7.477499961853027,7.487500190734863,7.377500057220459,7.432499885559082,6.175792694091797,3363600
2006-04-27,7.442500114440918,7.647500038146973,7.412499904632568,7.572500228881836,6.292119979858398,5628400
2006-04-28,7.574999809265137,7.695000171661377,7.489999771118164,7.659999847412109,6.364826202392578,5184800
2006-05-01,7.659999847412109,7.757500171661377,7.627500057220459,7.652500152587891,6.3585944175720215,4583600
2006-05-02,7.652500152587891,7.707499980926514,7.527500152587891,7.534999847412109,6.260962963104248,3295200
2006-05-03,7.525000095367432,7.65749979019165,7.487500190734863,7.5625,6.283811569213867,3659600
2006-05-04,7.502500057220459,7.534999847412109,7.300000190734863,7.360000133514404,6.115550518035889,8051600
2006-05-05,7.429999828338623,7.46750020980835,7.367499828338623,7.4375,6.179947853088379,3267200
2006-05-08,7.380000114440918,7.505000114440918,7.380000114440918,7.5,6.231880187988281,3947200
2006-05-09,7.512499809265137,7.519999980926514,7.440000057220459,7.474999904632568,6.211106300354004,2280000
2006-05-10,7.449999809265137,7.489999771118164,7.369999885559082,7.40500020980835,6.152941703796387,4992000
2006-05-11,7.364999771118164,7.462500095367432,7.349999904632568,7.364999771118164,6.119704246520996,3362800
2006-05-12,7.309999942779541,7.349999904632568,7.107500076293945,7.127500057220459,5.922362804412842,6719200
2006-05-15,7.110000133514404,7.260000228881836,7.074999809265137,7.215000152587891,5.995068073272705,5514400
2006-05-16,7.167500019073486,7.247499942779541,7.125,7.247499942779541,6.022075653076172,4360800
2006-05-17,7.03249979019165,7.127500057220459,6.872499942779541,6.912499904632568,5.743714332580566,12936000
2006-05-18,6.947500228881836,6.982500076293945,6.880000114440918,6.885000228881836,5.720865249633789,5417600
2006-05-19,6.880000114440918,6.980000019073486,6.864999771118164,6.897500038146973,5.731253623962402,6374000
2006-05-22,6.869999885559082,7.072500228881836,6.752500057220459,7.014999866485596,5.828885555267334,6540800
2006-05-23,7.03249979019165,7.090000152587891,6.980000019073486,6.985000133514404,5.803957462310791,6722800
2006-05-24,6.947500228881836,7.03249979019165,6.827499866485596,7.010000228881836,5.82473087310791,9491600
2006-05-25,6.809999942779541,6.989999771118164,6.747499942779541,6.982500076293945,5.801878929138184,8437600
2006-05-26,6.96750020980835,6.987500190734863,6.882500171661377,6.96999979019165,5.791492462158203,3848400
2006-05-30,6.96999979019165,6.980000019073486,6.817500114440918,6.880000114440918,5.716711521148682,3485600
2006-05-31,6.857500076293945,7.110000133514404,6.837500095367432,7.0625,5.868351936340332,6070400
2006-06-01,7.025000095367432,7.210000038146973,7.0,7.182499885559082,5.968064308166504,6285600
2006-06-02,7.21750020980835,7.21999979019165,7.002500057220459,7.09499979019165,5.895359516143799,2957200
2006-06-05,7.065000057220459,7.082499980926514,6.909999847412109,6.912499904632568,5.743714332580566,3426000
2006-06-06,6.90749979019165,6.960000038146973,6.742499828338623,6.914999961853027,5.745792388916016,4301600
2006-06-07,6.900000095367432,6.900000095367432,6.744999885559082,6.75,5.608691692352295,6909200
2006-06-08,6.710000038146973,6.762499809265137,6.550000190734863,6.737500190734863,5.610772609710693,8111600
2006-06-09,6.760000228881836,6.84250020980835,6.735000133514404,6.775000095367432,5.642004013061523,5270400
2006-06-12,6.769999980926514,6.889999866485596,6.695000171661377,6.704999923706055,5.583709239959717,8294000
2006-06-13,6.684999942779541,6.800000190734863,6.667500019073486,6.692500114440918,5.573299407958984,5485200
2006-06-14,6.739999771118164,6.755000114440918,6.65749979019165,6.735000133514404,5.608692169189453,4964800
2006-06-15,6.755000114440918,6.9375,6.724999904632568,6.887499809265137,5.735688209533691,4184800
2006-06-16,6.900000095367432,6.962500095367432,6.802499771118164,6.824999809265137,5.683640003204346,6244400
2006-06-19,6.822500228881836,6.875,6.710000038146973,6.739999771118164,5.612854957580566,4413600
2006-06-20,6.735000133514404,6.8125,6.724999904632568,6.75,5.621183395385742,2264000
2006-06-21,6.772500038146973,6.922500133514404,6.742499828338623,6.872499942779541,5.7231950759887695,3600000
2006-06-22,6.847499847412109,6.892499923706055,6.787499904632568,6.832499980926514,5.68988561630249,3078800
2006-06-23,6.784999847412109,6.872499942779541,6.767499923706055,6.807499885559082,5.669068336486816,1831600
2006-06-26,6.804999828338623,6.9375,6.800000190734863,6.892499923706055,5.739853382110596,1845600
2006-06-27,6.922500133514404,6.922500133514404,6.760000228881836,6.78000020980835,5.646164894104004,2794000
2006-06-28,6.802499771118164,6.872499942779541,6.755000114440918,6.849999904632568,5.704460144042969,3058800
2006-06-29,6.912499904632568,7.077499866485596,6.84499979019165,7.077499866485596,5.89391565322876,4010800
2006-06-30,7.130000114440918,7.1875,7.012499809265137,7.012499809265137,5.839784622192383,4855600
2006-07-03,7.005000114440918,7.077499866485596,6.872499942779541,6.932499885559082,5.773164749145508,3191600
2006-07-05,6.922500133514404,6.96999979019165,6.644999980926514,6.677499771118164,5.560807228088379,6630400
2006-07-06,6.71750020980835,6.797500133514404,6.34250020980835,6.494999885559082,5.408825874328613,15474800
2006-07-07,6.46750020980835,6.489999771118164,6.385000228881836,6.409999847412109,5.338041305541992,4321600
2006-07-10,6.434999942779541,6.485000133514404,6.385000228881836,6.440000057220459,5.363025188446045,2957600
2006-07-11,6.414999961853027,6.557499885559082,6.349999904632568,6.557499885559082,5.460875988006592,5872400
2006-07-12,6.53249979019165,6.557499885559082,6.392499923706055,6.412499904632568,5.340124130249023,4288400
2006-07-13,6.392499923706055,6.449999809265137,6.28000020980835,6.297500133514404,5.244356155395508,4078800
2006-07-14,6.272500038146973,6.307499885559082,6.135000228881836,6.135000228881836,5.109029293060303,4604400
2006-07-17,6.167500019073486,6.357500076293945,6.15500020980835,6.335000038146973,5.275583267211914,3404400
2006-07-18,6.332499980926514,6.337500095367432,6.162499904632568,6.244999885559082,5.200636386871338,4191200
2006-07-19,6.255000114440918,6.382500171661377,6.244999885559082,6.329999923706055,5.271421909332275,3703200
2006-07-20,6.297500133514404,6.340000152587891,6.172500133514404,6.175000190734863,5.142339706420898,2045600
2006-07-21,6.139999866485596,6.207499980926514,6.087500095367432,6.114999771118164,5.092376708984375,3552800
2006-07-24,6.144999980926514,6.3125,6.139999866485596,6.25,5.204800128936768,3708800
2006-07-25,6.247499942779541,6.427499771118164,6.199999809265137,6.40749979019165,5.3359599113464355,3170400
2006-07-26,6.367499828338623,6.40749979019165,6.317500114440918,6.320000171661377,5.263092994689941,3133600
2006-07-27,6.377500057220459,6.392499923706055,6.125,6.125,5.100703239440918,3705600
2006-07-28,6.182499885559082,6.300000190734863,6.152500152587891,6.227499961853027,5.186061382293701,4012000
2006-07-31,6.210000038146973,6.347499847412109,6.202499866485596,6.222499847412109,5.181898593902588,3972800
2006-08-01,6.1875,6.204999923706055,5.972499847412109,6.082499980926514,5.065308094024658,7572000
2006-08-02,6.082499980926514,6.132500171661377,6.022500038146973,6.090000152587891,5.071556091308594,4564800
2006-08-03,5.977499961853027,5.977499961853027,5.75,5.822500228881836,4.848791122436523,12901600
2006-08-04,5.862500190734863,5.997499942779541,5.772500038146973,5.8125,4.840465068817139,14728000
2006-08-07,5.8125,5.894999980926514,5.767499923706055,5.809999942779541,4.838380336761475,5722800
2006-08-08,5.849999904632568,5.90500020980835,5.777500152587891,5.78000020980835,4.8133978843688965,4862400
2006-08-09,5.817500114440918,5.909999847412109,5.742499828338623,5.755000114440918,4.792579174041748,5000400
2006-08-10,5.755000114440918,5.902500152587891,5.71750020980835,5.882500171661377,4.898756980895996,4082400
2006-08-11,5.880000114440918,5.902500152587891,5.742499828338623,5.747499942779541,4.786333084106445,3346800
2006-08-14,5.760000228881836,5.802499771118164,5.692500114440918,5.699999809265137,4.746777534484863,6835200
2006-08-15,5.787499904632568,5.932499885559082,5.699999809265137,5.902500152587891,4.9154133796691895,8666400
2006-08-16,5.662499904632568,5.875,5.53000020980835,5.875,4.89251184463501,21376000
2006-08-17,5.835000038146973,5.992499828338623,5.809999942779541,5.90500020980835,4.917494297027588,10538400
2006-08-18,5.965000152587891,6.09250020980835,5.847499847412109,5.965000152587891,4.967459678649902,13017200
2006-08-21,5.9375,5.962500095367432,5.875,5.909999847412109,4.92165994644165,3862000
2006-08-22,5.934999942779541,5.945000171661377,5.869999885559082,5.929999828338623,4.938314437866211,5283600
2006-08-23,5.957499980926514,5.965000152587891,5.880000114440918,5.929999828338623,4.938314437866211,6073200
2006-08-24,5.974999904632568,5.974999904632568,5.855000019073486,5.912499904632568,4.923740863800049,7525200
2006-08-25,5.880000114440918,5.957499980926514,5.835000038146973,5.922500133514404,4.932068347930908,4862000
2006-08-28,5.90749979019165,5.972499847412109,5.892499923706055,5.942500114440918,4.948723316192627,5760400
2006-08-29,5.925000190734863,5.985000133514404,5.912499904632568,5.942500114440918,4.948723316192627,5612000
2006-08-30,5.972499847412109,6.012499809265137,5.902500152587891,6.0,5.009250640869141,3888800
2006-08-31,6.012499809265137,6.230000019073486,6.007500171661377,6.122499942779541,5.111523151397705,5614400
2006-09-01,6.15749979019165,6.232500076293945,6.09250020980835,6.227499961853027,5.199185371398926,4318400
2006-09-05,6.199999809265137,6.232500076293945,6.099999904632568,6.159999847412109,5.142831802368164,4800800
2006-09-06,6.097499847412109,6.139999866485596,6.050000190734863,6.097499847412109,5.090653419494629,3330400
2006-09-07,6.057499885559082,6.125,6.012499809265137,6.050000190734863,5.050995349884033,2958000
2006-09-08,6.09499979019165,6.284999847412109,6.022500038146973,6.242499828338623,5.211708068847656,3532000
2006-09-11,6.150000095367432,6.414999961853027,6.139999866485596,6.327499866485596,5.282670497894287,4837600
2006-09-12,6.302499771118164,6.472499847412109,6.277500152587891,6.427499771118164,5.366159915924072,4812000
2006-09-13,6.167500019073486,6.357500076293945,6.150000095367432,6.277500152587891,5.24092960357666,5732400
2006-09-14,6.232500076293945,6.472499847412109,6.21999979019165,6.472499847412109,5.4037299156188965,5467600
2006-09-15,6.542500019073486,6.635000228881836,6.472499847412109,6.489999771118164,5.418341159820557,12253200
2006-09-18,6.492499828338623,6.527500152587891,6.417500019073486,6.5,5.426689147949219,4483600
2006-09-19,6.492499828338623,6.537499904632568,6.337500095367432,6.385000228881836,5.330679416656494,4954000
2006-09-20,6.420000076293945,6.527500152587891,6.420000076293945,6.497499942779541,5.424601078033447,4388800
2006-09-21,6.519999980926514,6.539999961853027,6.380000114440918,6.380000114440918,5.326503276824951,3305600
2006-09-22,6.40500020980835,6.429999828338623,6.297500133514404,6.375,5.322328090667725,2874000
2006-09-25,6.409999847412109,6.492499828338623,6.327499866485596,6.465000152587891,5.3974690437316895,5283200
2006-09-26,6.434999942779541,6.522500038146973,6.434999942779541,6.497499942779541,5.424601078033447,4884000
2006-09-27,6.494999885559082,6.550000190734863,6.335000038146973,6.372499942779541,5.3202433586120605,5636000
2006-09-28,6.392499923706055,6.454999923706055,6.3125,6.452499866485596,5.387031078338623,3633200
2006-09-29,6.445000171661377,6.46750020980835,6.322500228881836,6.352499961853027,5.303543567657471,7491200
2006-10-02,6.382500171661377,6.617499828338623,6.257500171661377,6.4375,5.374507904052734,8255600
2006-10-03,6.434999942779541,6.602499961853027,6.380000114440918,6.5625,5.47886848449707,5958000
2006-10-04,6.534999847412109,6.747499942779541,6.502500057220459,6.737500190734863,5.62497091293335,5653200
2006-10-05,6.837500095367432,7.352499961853027,6.837500095367432,7.21999979019165,6.027799606323242,17626400
2006-10-06,7.192500114440918,7.207499980926514,7.03249979019165,7.130000114440918,5.952659606933594,8964000
2006-10-09,7.125,7.239999771118164,7.045000076293945,7.199999809265137,6.011100769042969,3451200
2006-10-10,7.262499809265137,7.362500190734863,7.25,7.349999904632568,6.136331558227539,4634800
2006-10-11,7.297500133514404,7.380000114440918,7.260000228881836,7.304999828338623,6.098761558532715,4129200
2006-10-12,7.3125,7.670000076293945,7.3125,7.659999847412109,6.395144939422607,9635200
2006-10-13,7.607500076293945,7.75,7.545000076293945,7.590000152587891,6.336703777313232,6264400
2006-10-16,7.744999885559082,7.75,7.602499961853027,7.65500020980835,6.390971660614014,6377200
2006-10-17,7.59250020980835,7.65749979019165,7.480000019073486,7.552499771118164,6.305392742156982,5800800
2006-10-18,7.610000133514404,7.675000190734863,7.502500057220459,7.517499923706055,6.276175498962402,6701600
2006-10-19,7.482500076293945,7.5625,7.400000095367432,7.447500228881836,6.217732906341553,4089200
2006-10-20,7.485000133514404,7.505000114440918,7.375,7.442500114440918,6.213561058044434,5909600
2006-10-23,7.40500020980835,7.695000171661377,7.382500171661377,7.695000171661377,6.42436408996582,4661600
2006-10-24,7.65500020980835,7.690000057220459,7.489999771118164,7.517499923706055,6.276175498962402,4066800
2006-10-25,7.482500076293945,7.614999771118164,7.377500057220459,7.449999809265137,6.219820499420166,5296000
2006-10-26,7.4375,7.65500020980835,7.372499942779541,7.585000038146973,6.332529544830322,4950000
2006-10-27,7.534999847412109,7.547500133514404,7.400000095367432,7.409999847412109,6.186425685882568,3871200
2006-10-30,7.420000076293945,7.519999980926514,7.355000019073486,7.512499809265137,6.271999359130859,3699200
2006-10-31,7.514999866485596,7.534999847412109,7.34499979019165,7.357500076293945,6.142595291137695,4598800
2006-11-01,7.414999961853027,7.442500114440918,7.139999866485596,7.139999866485596,5.961009502410889,6602400
2006-11-02,7.162499904632568,7.730000019073486,7.150000095367432,7.627500057220459,6.368011474609375,14054800
2006-11-03,7.675000190734863,7.724999904632568,7.482500076293945,7.692500114440918,6.422277450561523,7550800
2006-11-06,7.697500228881836,7.90749979019165,7.6875,7.817500114440918,6.526637554168701,7514000
2006-11-07,7.777500152587891,7.827499866485596,7.712500095367432,7.787499904632568,6.501590728759766,5405600
2006-11-08,7.722499847412109,7.877500057220459,7.632500171661377,7.840000152587891,6.545422077178955,3952800
2006-11-09,7.722499847412109,7.802499771118164,7.675000190734863,7.75,6.470282077789307,2647600
2006-11-10,7.769999980926514,7.887499809265137,7.707499980926514,7.84499979019165,6.549596309661865,3963200
2006-11-13,7.84499979019165,7.849999904632568,7.71750020980835,7.792500019073486,6.505764484405518,6532000
2006-11-14,7.755000114440918,7.84499979019165,7.400000095367432,7.574999809265137,6.3241801261901855,12768800
2006-11-15,7.617499828338623,7.949999809265137,7.587500095367432,7.787499904632568,6.501590728759766,11776800
2006-11-16,7.832499980926514,7.877500057220459,7.632500171661377,7.737500190734863,6.459847450256348,5631600
2006-11-17,7.724999904632568,7.757500171661377,7.542500019073486,7.602499961853027,6.347139835357666,6560800
2006-11-20,7.545000076293945,7.650000095367432,7.53000020980835,7.579999923706055,6.3283562660217285,4288400
2006-11-21,7.552499771118164,7.715000152587891,7.527500152587891,7.614999771118164,6.3575758934021,3958400
2006-11-22,7.647500038146973,7.682499885559082,7.525000095367432,7.602499961853027,6.347139835357666,2974400
2006-11-24,7.572500228881836,7.597499847412109,7.472499847412109,7.492499828338623,6.255302429199219,1086000
2006-11-27,7.46750020980835,7.510000228881836,7.360000133514404,7.380000114440918,6.161380290985107,4317600
2006-11-28,7.337500095367432,7.425000190734863,7.277500152587891,7.362500190734863,6.146770000457764,6745600
2006-11-29,7.40500020980835,7.599999904632568,7.40500020980835,7.510000228881836,6.269914150238037,5381200
2006-11-30,7.434999942779541,7.829999923706055,7.300000190734863,7.737500190734863,6.459847450256348,13537200
2006-12-01,7.71750020980835,7.775000095367432,7.507500171661377,7.577499866485596,6.326268196105957,5116800
2006-12-04,7.614999771118164,7.772500038146973,7.550000190734863,7.722499847412109,6.460112571716309,5196400
2006-12-05,7.75,7.757500171661377,7.704999923706055,7.732500076293945,6.468477725982666,4197600
2006-12-06,7.724999904632568,7.767499923706055,7.702499866485596,7.737500190734863,6.472661018371582,3629600
2006-12-07,7.737500190734863,7.78000020980835,7.667500019073486,7.732500076293945,6.468477725982666,4693600
2006-12-08,7.695000171661377,7.704999923706055,7.545000076293945,7.547500133514404,6.313719749450684,3574800
2006-12-11,7.514999866485596,7.664999961853027,7.46999979019165,7.570000171661377,6.33254337310791,4202000
2006-12-12,7.587500095367432,7.627500057220459,7.542500019073486,7.599999904632568,6.357638835906982,4477200
2006-12-13,7.659999847412109,7.724999904632568,7.537499904632568,7.547500133514404,6.313719749450684,3907600
2006-12-14,7.587500095367432,7.715000152587891,7.559999942779541,7.662499904632568,6.409918308258057,4995200
2006-12-15,7.784999847412109,7.787499904632568,7.617499828338623,7.652500152587891,6.401554107666016,8597600
2006-12-18,7.679999828338623,7.71750020980835,7.485000133514404,7.525000095367432,6.294897079467773,3071600
2006-12-19,7.485000133514404,7.597499847412109,7.349999904632568,7.505000114440918,6.278166770935059,5707600
2006-12-20,7.482500076293945,7.550000190734863,7.46999979019165,7.492499828338623,6.267711162567139,2544000
2006-12-21,7.514999866485596,7.525000095367432,7.440000057220459,7.460000038146973,6.2405219078063965,2836400
2006-12-22,7.447500228881836,7.472499847412109,7.369999885559082,7.412499904632568,6.200786590576172,4205200
2006-12-26,7.362500190734863,7.392499923706055,7.297500133514404,7.320000171661377,6.123406887054443,2725200
2006-12-27,7.409999847412109,7.492499828338623,7.364999771118164,7.432499885559082,6.217517852783203,4604800
2006-12-28,7.412499904632568,7.465000152587891,7.409999847412109,7.447500228881836,6.230066776275635,3824000
2006-12-29,7.40749979019165,7.512499809265137,7.320000171661377,7.324999809265137,6.127591133117676,2594000
2007-01-03,7.324999809265137,7.827499866485596,7.324999809265137,7.622499942779541,6.376457691192627,9654000
2007-01-04,7.647500038146973,7.892499923706055,7.614999771118164,7.802499771118164,6.527033805847168,5842400
2007-01-05,7.827499866485596,7.977499961853027,7.75,7.852499961853027,6.5688605308532715,7292800
2007-01-08,7.730000019073486,7.9375,7.702499866485596,7.897500038146973,6.606505393981934,5371600
2007-01-09,7.900000095367432,8.069999694824219,7.900000095367432,7.994999885559082,6.688067436218262,5785600
2007-01-10,7.947500228881836,8.057499885559082,7.90500020980835,8.029999732971191,6.717347145080566,4322800
2007-01-11,8.0625,8.100000381469727,8.007499694824219,8.03499984741211,6.72152853012085,5246800
2007-01-12,8.007499694824219,8.335000038146973,8.007499694824219,8.322500228881836,6.962032318115234,6345200
2007-01-16,8.270000457763672,8.359999656677246,8.25,8.342499732971191,6.978761196136475,4578000
2007-01-17,8.295000076293945,8.367500305175781,8.25,8.274999618530273,6.922293663024902,5279600
2007-01-18,8.300000190734863,8.407500267028809,8.242500305175781,8.2475004196167,6.899293422698975,5611200
2007-01-19,8.297499656677246,8.322500228881836,8.007499694824219,8.087499618530273,6.76544713973999,9382400
2007-01-22,8.052499771118164,8.085000038146973,7.965000152587891,8.017499923706055,6.706888198852539,5166800
2007-01-23,8.015000343322754,8.069999694824219,7.952499866485596,7.989999771118164,6.683884620666504,6183600
2007-01-24,7.994999885559082,8.0649995803833,7.994999885559082,8.045000076293945,6.729893684387207,5565600
2007-01-25,8.005000114440918,8.007499694824219,7.864999771118164,7.962500095367432,6.6608805656433105,7590400
2007-01-26,7.974999904632568,8.047499656677246,7.885000228881836,8.0,6.692249774932861,6572800
2007-01-29,8.037500381469727,8.057499885559082,7.894999980926514,7.992499828338623,6.685975074768066,3921600
2007-01-30,8.03499984741211,8.112500190734863,7.997499942779541,8.074999809265137,6.754988193511963,5060800
2007-01-31,8.0600004196167,8.15250015258789,8.005000114440918,8.09749984741211,6.7738118171691895,5186400
2007-02-01,8.135000228881836,8.262499809265137,8.082500457763672,8.175000190734863,6.838644027709961,6344400
2007-02-02,8.1850004196167,8.239999771118164,8.114999771118164,8.149999618530273,6.817728042602539,5348400
2007-02-05,8.137499809265137,8.15250015258789,7.987500190734863,8.0024995803833,6.694340229034424,3524400
2007-02-06,8.005000114440918,8.0600004196167,7.96999979019165,8.050000190734863,6.7340779304504395,2877600
2007-02-07,8.057499885559082,8.137499809265137,7.972499847412109,8.100000381469727,6.775904178619385,3497600
2007-02-08,8.135000228881836,8.3125,8.135000228881836,8.22249984741211,6.8783793449401855,6855600
2007-02-09,8.199999809265137,8.25,8.119999885559082,8.1899995803833,6.851189136505127,4159200
2007-02-12,8.142499923706055,8.225000381469727,8.104999542236328,8.199999809265137,6.859555721282959,3980800
2007-02-13,8.227499961853027,8.357500076293945,8.180000305175781,8.350000381469727,6.985034942626953,5477200
2007-02-14,8.357500076293945,8.694999694824219,8.342499732971191,8.657500267028809,7.242272853851318,9522800
2007-02-15,8.6274995803833,8.732500076293945,8.52750015258789,8.697500228881836,7.275730133056641,7936400
2007-02-16,8.642499923706055,8.75,8.642499923706055,8.702500343322754,7.279909610748291,6888000
2007-02-20,8.582500457763672,8.682499885559082,8.550000190734863,8.6274995803833,7.217173099517822,4986400
2007-02-21,8.675000190734863,8.675000190734863,8.52750015258789,8.612500190734863,7.2203168869018555,3846800
2007-02-22,8.602499961853027,8.6274995803833,8.475000381469727,8.5600004196167,7.176303863525391,2624400
2007-02-23,8.545000076293945,8.572500228881836,8.444999694824219,8.529999732971191,7.151154041290283,3605200
2007-02-26,8.552499771118164,8.612500190734863,8.407500267028809,8.47249984741211,7.1029486656188965,2798800
2007-02-27,8.40999984741211,8.4350004196167,8.162500381469727,8.229999542236328,6.899643421173096,8742800
2007-02-28,8.164999961853027,8.262499809265137,8.015000343322754,8.192500114440918,6.868210315704346,5996000
2007-03-01,8.020000457763672,8.227499961853027,7.922500133514404,8.157500267028809,6.8388671875,4454000
2007-03-02,8.147500038146973,8.292499542236328,8.0600004196167,8.079999923706055,6.773892879486084,5449200
2007-03-05,8.0600004196167,8.0600004196167,7.880000114440918,7.940000057220459,6.65652322769165,6643200
2007-03-06,7.972499847412109,8.015000343322754,7.90500020980835,7.952499866485596,6.667003631591797,4830000
2007-03-07,7.914999961853027,8.0024995803833,7.864999771118164,7.980000019073486,6.690057277679443,6043200
2007-03-08,8.050000190734863,8.140000343322754,8.015000343322754,8.024999618530273,6.727785110473633,7552800
2007-03-09,8.125,8.192500114440918,8.067500114440918,8.117500305175781,6.805332660675049,4030000
2007-03-12,8.137499809265137,8.217499732971191,8.072500228881836,8.210000038146973,6.882878303527832,2678400
2007-03-13,8.15999984741211,8.172499656677246,7.872499942779541,7.949999809265137,6.664909839630127,6377200
2007-03-14,7.989999771118164,8.012499809265137,7.699999809265137,7.864999771118164,6.593647480010986,5889200
2007-03-15,7.889999866485596,7.992499828338623,7.835000038146973,7.885000228881836,6.610414505004883,3704000
2007-03-16,7.864999771118164,7.927499771118164,7.797500133514404,7.90500020980835,6.627181053161621,5446000
2007-03-19,7.949999809265137,8.1225004196167,7.9375,8.1225004196167,6.809525489807129,5268400
2007-03-20,8.085000038146973,8.332500457763672,8.085000038146973,8.332500457763672,6.985579967498779,5867600
2007-03-21,8.399999618530273,8.399999618530273,8.15999984741211,8.337499618530273,6.9897685050964355,7104000
2007-03-22,8.335000038146973,8.670000076293945,8.335000038146973,8.592499732971191,7.203548431396484,9335600
2007-03-23,8.6225004196167,8.662500381469727,8.5,8.6225004196167,7.228702068328857,6983600
2007-03-26,8.607500076293945,8.704999923706055,8.537500381469727,8.657500267028809,7.258047103881836,7237200
2007-03-27,8.625,8.710000038146973,8.595000267028809,8.675000190734863,7.2727131843566895,4238000
2007-03-28,8.667499542236328,8.682499885559082,8.52750015258789,8.617500305175781,7.2245073318481445,4484400
2007-03-29,8.672499656677246,8.694999694824219,8.382499694824219,8.542499542236328,7.161632061004639,7668800
2007-03-30,8.557499885559082,8.675000190734863,8.507499694824219,8.600000381469727,7.209837436676025,4139200
2007-04-02,8.630000114440918,8.667499542236328,8.482500076293945,8.579999923706055,7.193070888519287,4344000
2007-04-03,8.592499732971191,8.6899995803833,8.550000190734863,8.619999885559082,7.226604461669922,5828400
2007-04-04,8.654999732971191,8.680000305175781,8.515000343322754,8.612500190734863,7.2203168869018555,5910400
2007-04-05,8.612500190734863,8.632499694824219,8.555000305175781,8.607500076293945,7.216122150421143,2510000
2007-04-09,8.617500305175781,8.630000114440918,8.529999732971191,8.592499732971191,7.203548431396484,3521200
2007-04-10,8.619999885559082,8.645000457763672,8.492500305175781,8.579999923706055,7.193070888519287,6356400
2007-04-11,8.550000190734863,8.640000343322754,8.425000190734863,8.449999809265137,7.084085464477539,4783200
2007-04-12,8.467499732971191,8.582500457763672,8.337499618530273,8.4975004196167,7.123908042907715,4614800
2007-04-13,8.475000381469727,8.512499809265137,8.327500343322754,8.397500038146973,7.040071487426758,4054000
2007-04-16,8.462499618530273,8.699999809265137,8.457500457763672,8.6875,7.283191680908203,7340400
2007-04-17,8.6899995803833,8.792499542236328,8.672499656677246,8.71500015258789,7.306247711181641,4217600
2007-04-18,8.680000305175781,8.6875,8.587499618530273,8.59749984741211,7.207740783691406,3115200
2007-04-19,8.585000038146973,8.649999618530273,8.515000343322754,8.632499694824219,7.237085819244385,3281600
2007-04-20,8.760000228881836,8.765000343322754,8.602499961853027,8.662500381469727,7.262233257293701,5211200
2007-04-23,8.664999961853027,8.692500114440918,8.572500228881836,8.6225004196167,7.228702068328857,3126400
2007-04-24,8.642499923706055,8.642499923706055,8.4399995803833,8.52750015258789,7.149057865142822,4042800
2007-04-25,8.52750015258789,8.555000305175781,8.442500114440918,8.522500038146973,7.1448655128479,3436400
2007-04-26,8.512499809265137,8.512499809265137,8.420000076293945,8.454999923706055,7.088275909423828,3978400
2007-04-27,8.555000305175781,8.569999694824219,8.40250015258789,8.427499771118164,7.065221309661865,4300000
2007-04-30,8.430000305175781,8.4975004196167,8.272500038146973,8.287500381469727,6.947851657867432,7042000
2007-05-01,8.305000305175781,8.404999732971191,8.132499694824219,8.354999542236328,7.004441261291504,7599600
2007-05-02,8.342499732971191,8.479999542236328,8.265000343322754,8.392499923706055,7.035876750946045,3421600
2007-05-03,8.4350004196167,8.4350004196167,8.260000228881836,8.375,7.021205902099609,6767600
2007-05-04,8.3774995803833,8.3774995803833,8.242500305175781,8.3100004196167,6.966716289520264,3201200
2007-05-07,8.34000015258789,8.392499923706055,8.260000228881836,8.3774995803833,7.023301124572754,2979200
2007-05-08,8.319999694824219,8.362500190734863,8.212499618530273,8.3125,6.968811511993408,4099200
2007-05-09,8.260000228881836,8.5,8.260000228881836,8.46500015258789,7.096661567687988,4900000
2007-05-10,8.21500015258789,8.577500343322754,8.212499618530273,8.350000381469727,7.00024938583374,7339200
2007-05-11,8.337499618530273,8.5,8.27750015258789,8.425000190734863,7.063127517700195,5498000
2007-05-14,8.3725004196167,8.462499618530273,8.255000114440918,8.292499542236328,6.9520416259765625,5963200
2007-05-15,8.327500343322754,8.40250015258789,8.234999656677246,8.255000114440918,6.92060661315918,5254800
2007-05-16,8.3100004196167,8.399999618530273,8.220000267028809,8.395000457763672,7.0379743576049805,6898000
2007-05-17,8.422499656677246,8.510000228881836,8.362500190734863,8.47249984741211,7.1029486656188965,4344000
2007-05-18,8.545000076293945,8.670000076293945,8.399999618530273,8.630000114440918,7.234991073608398,6616000
2007-05-21,8.632499694824219,8.672499656677246,8.550000190734863,8.614999771118164,7.222410678863525,4979200
2007-05-22,8.637499809265137,8.667499542236328,8.492500305175781,8.524999618530273,7.146962642669678,6450400
2007-05-23,8.447500228881836,8.592499732971191,8.399999618530273,8.484999656677246,7.113427639007568,11182400
2007-05-24,8.477499961853027,8.477499961853027,8.135000228881836,8.192500114440918,6.868210315704346,12768000
2007-05-25,8.1875,8.210000038146973,8.03499984741211,8.0649995803833,6.761317729949951,8541600
2007-05-29,8.085000038146973,8.15250015258789,7.982500076293945,8.055000305175781,6.752935886383057,7547200
2007-05-30,8.047499656677246,8.162500381469727,8.0024995803833,8.15999984741211,6.84096097946167,7769200
2007-05-31,8.15999984741211,8.279999732971191,8.137499809265137,8.210000038146973,6.882878303527832,7469600
2007-06-01,8.287500381469727,8.34749984741211,8.197500228881836,8.212499618530273,6.884975433349609,5279600
2007-06-04,8.194999694824219,8.199999809265137,8.047499656677246,8.147500038146973,6.830482006072998,7179200
2007-06-05,8.1274995803833,8.1274995803833,7.9375,8.020000457763672,6.7235941886901855,7097200
2007-06-06,8.012499809265137,8.012499809265137,7.829999923706055,7.84499979019165,6.576881408691406,10585600
2007-06-07,7.8125,7.889999866485596,7.712500095367432,7.78000020980835,6.522388458251953,8904000
2007-06-08,7.747499942779541,7.857500076293945,7.732500076293945,7.837500095367432,6.5705952644348145,4637600
2007-06-11,7.835000038146973,7.835000038146973,7.695000171661377,7.787499904632568,6.5286760330200195,5038400
2007-06-12,7.730000019073486,7.767499923706055,7.644999980926514,7.667500019073486,6.428072452545166,8928800
2007-06-13,7.690000057220459,7.832499980926514,7.65749979019165,7.817500114440918,6.553825378417969,5136800
2007-06-14,7.800000190734863,7.862500190734863,7.699999809265137,7.772500038146973,6.531768321990967,4960400
2007-06-15,7.857500076293945,7.900000095367432,7.789999961853027,7.795000076293945,6.550673007965088,7491200
2007-06-18,7.800000190734863,7.912499904632568,7.800000190734863,7.857500076293945,6.6031975746154785,6045200
2007-06-19,7.847499847412109,7.847499847412109,7.735000133514404,7.817500114440918,6.569581985473633,4740000
2007-06-20,7.847499847412109,7.952499866485596,7.824999809265137,7.847499847412109,6.594794273376465,7374000
2007-06-21,7.835000038146973,7.909999847412109,7.722499847412109,7.84250020980835,6.590595245361328,6228000
2007-06-22,7.840000152587891,7.872499942779541,7.775000095367432,7.827499866485596,6.577985763549805,8658000
2007-06-25,7.827499866485596,7.882500171661377,7.732500076293945,7.742499828338623,6.506556034088135,6679200
2007-06-26,7.817500114440918,7.829999923706055,7.6875,7.692500114440918,6.464539527893066,6480400
2007-06-27,7.672500133514404,7.752500057220459,7.635000228881836,7.742499828338623,6.506556034088135,6879200
2007-06-28,7.742499828338623,7.792500019073486,7.710000038146973,7.71999979019165,6.487647533416748,5428400
2007-06-29,7.744999885559082,7.760000228881836,7.664999961853027,7.699999809265137,6.470839500427246,4330000
2007-07-02,7.712500095367432,7.772500038146973,7.672500133514404,7.690000057220459,6.462435722351074,4353600
2007-07-03,7.699999809265137,7.795000076293945,7.697500228881836,7.704999923706055,6.475042819976807,1778400
2007-07-05,7.699999809265137,7.742499828338623,7.659999847412109,7.735000133514404,6.500251770019531,2798400
2007-07-06,7.742499828338623,7.820000171661377,7.679999828338623,7.78249979019165,6.540170192718506,5001600
2007-07-09,7.752500057220459,7.792500019073486,7.617499828338623,7.732500076293945,6.4981536865234375,7853200
2007-07-10,7.715000152587891,7.769999980926514,7.545000076293945,7.557499885559082,6.351088523864746,5276800
2007-07-11,7.557499885559082,7.574999809265137,7.447500228881836,7.522500038146973,6.32167387008667,8062000
2007-07-12,7.867499828338623,7.96999979019165,7.797500133514404,7.957499980926514,6.6872358322143555,11734000
2007-07-13,7.957499980926514,7.96999979019165,7.835000038146973,7.965000152587891,6.69353723526001,4874800
2007-07-16,7.96750020980835,7.96750020980835,7.815000057220459,7.864999771118164,6.609500408172607,3472800
2007-07-17,7.864999771118164,7.877500057220459,7.71999979019165,7.730000019073486,6.4960503578186035,6645600
2007-07-18,7.707499980926514,7.787499904632568,7.647500038146973,7.690000057220459,6.462435722351074,7376800
2007-07-19,7.710000038146973,7.792500019073486,7.652500152587891,7.775000095367432,6.533867835998535,6348400
2007-07-20,7.784999847412109,7.824999809265137,7.684999942779541,7.747499942779541,6.510756969451904,8482800
2007-07-23,7.807499885559082,7.867499828338623,7.739999771118164,7.764999866485596,6.5254645347595215,6184000
2007-07-24,7.692500114440918,7.804999828338623,7.547500133514404,7.585000038146973,6.374197483062744,12450400
2007-07-25,7.585000038146973,7.605000019073486,7.40749979019165,7.462500095367432,6.2712531089782715,8150800
2007-07-26,7.402500152587891,7.40500020980835,7.237500190734863,7.307499885559082,6.140995025634766,14611200
2007-07-27,7.324999809265137,7.412499904632568,7.227499961853027,7.3125,6.145195484161377,12668000
2007-07-30,7.375,7.472499847412109,7.304999828338623,7.442500114440918,6.254444122314453,8066800
2007-07-31,7.429999828338623,7.607500076293945,7.232500076293945,7.232500076293945,6.077968120574951,7754800
2007-08-01,7.247499942779541,7.287499904632568,7.15749979019165,7.264999866485596,6.105278491973877,11653200
2007-08-02,7.267499923706055,7.369999885559082,7.232500076293945,7.317500114440918,6.149399280548096,6556400
2007-08-03,7.320000171661377,7.320000171661377,6.894999980926514,6.894999980926514,5.794342994689941,12863200
2007-08-06,6.949999809265137,6.989999771118164,6.824999809265137,6.974999904632568,5.861571788787842,15681200
2007-08-07,6.940000057220459,7.289999961853027,6.922500133514404,7.287499904632568,6.1241865158081055,10860800
2007-08-08,7.355000019073486,7.627500057220459,7.264999866485596,7.505000114440918,6.306967735290527,9252800
2007-08-09,7.597499847412109,7.599999904632568,7.005000114440918,7.102499961853027,5.968719959259033,13401200
2007-08-10,7.042500019073486,7.355000019073486,6.914999961853027,7.087500095367432,5.956114292144775,7581600
2007-08-13,7.135000228881836,7.460000038146973,6.982500076293945,7.034999847412109,5.911995887756348,8512400
2007-08-14,7.025000095367432,7.047500133514404,6.78000020980835,6.795000076293945,5.7103047370910645,10920800
2007-08-15,6.78000020980835,6.815000057220459,6.46999979019165,6.527500152587891,5.485507011413574,12304000
2007-08-16,6.519999980926514,6.710000038146973,6.477499961853027,6.690000057220459,5.622067928314209,15250000
2007-08-17,6.867499828338623,6.897500038146973,6.619999885559082,6.882500171661377,5.783838272094727,12838400
2007-08-20,6.857500076293945,7.005000114440918,6.71750020980835,6.827499866485596,5.7376179695129395,17512400
2007-08-21,6.847499847412109,6.902500152587891,6.692500114440918,6.847499847412109,5.754426002502441,9290800
2007-08-22,6.75,6.90749979019165,6.690000057220459,6.767499923706055,5.687196254730225,9367200
2007-08-23,6.71750020980835,6.815000057220459,6.625,6.639999866485596,5.580050468444824,7687200
2007-08-24,6.637499809265137,6.989999771118164,6.622499942779541,6.982500076293945,5.867877006530762,9475200
2007-08-27,6.927499771118164,6.987500190734863,6.6875,6.692500114440918,5.62416934967041,8512400
2007-08-28,6.662499904632568,6.722499847412109,6.602499961853027,6.644999980926514,5.5842509269714355,7672800
2007-08-29,6.675000190734863,6.802499771118164,6.574999809265137,6.78000020980835,5.697701930999756,9871600
2007-08-30,6.735000133514404,6.945000171661377,6.690000057220459,6.824999809265137,5.7355170249938965,7315200
2007-08-31,6.892499923706055,7.0,6.769999980926514,6.957499980926514,5.846866607666016,6798000
2007-09-04,6.932499885559082,6.942500114440918,6.804999828338623,6.835000038146973,5.743921279907227,13907200
2007-09-05,6.78000020980835,6.78000020980835,6.614999771118164,6.724999904632568,5.667025089263916,10393600
2007-09-06,6.8125,6.925000190734863,6.637499809265137,6.792500019073486,5.723907470703125,6406400
2007-09-07,6.732500076293945,6.804999828338623,6.619999885559082,6.630000114440918,5.586971759796143,6122800
2007-09-10,6.677499771118164,6.712500095367432,6.510000228881836,6.542500019073486,5.513237953186035,5577600
2007-09-11,6.59250020980835,6.71750020980835,6.565000057220459,6.699999809265137,5.645959854125977,6283600
2007-09-12,6.659999847412109,6.677499771118164,6.547500133514404,6.565000057220459,5.532197952270508,5691600
2007-09-13,6.627500057220459,6.71750020980835,6.534999847412109,6.627500057220459,5.58486270904541,5256000
2007-09-14,6.559999942779541,6.699999809265137,6.505000114440918,6.65500020980835,5.608038902282715,4544400
2007-09-17,6.625,6.652500152587891,6.53000020980835,6.542500019073486,5.513237953186035,7310800
2007-09-18,6.59499979019165,6.945000171661377,6.572500228881836,6.929999828338623,5.839775562286377,7463200
2007-09-19,6.952499866485596,6.997499942779541,6.769999980926514,6.815000057220459,5.742868900299072,5128800
2007-09-20,6.809999942779541,6.822500228881836,6.585000038146973,6.617499828338623,5.576436996459961,6717600
2007-09-21,6.497499942779541,6.712500095367432,6.489999771118164,6.635000228881836,5.591187000274658,12703200
2007-09-24,6.625,6.625,6.494999885559082,6.494999885559082,5.473208904266357,5342000
2007-09-25,6.462500095367432,6.46750020980835,6.34499979019165,6.414999961853027,5.405796051025391,7368400
2007-09-26,6.425000190734863,6.5,6.375,6.425000190734863,5.4142231941223145,3191600
2007-09-27,6.440000057220459,6.477499961853027,6.382500171661377,6.409999847412109,5.40158224105835,3724000
2007-09-28,6.420000076293945,6.489999771118164,6.375,6.409999847412109,5.40158224105835,6649200
2007-10-01,6.40749979019165,6.539999961853027,6.355000019073486,6.525000095367432,5.498490333557129,6352800
2007-10-02,6.502500057220459,6.730000019073486,6.5,6.71999979019165,5.66281270980835,4980000
2007-10-03,6.704999923706055,6.922500133514404,6.704999923706055,6.747499942779541,5.6859869956970215,6638800
2007-10-04,6.744999885559082,6.8125,6.647500038146973,6.675000190734863,5.6248931884765625,4088000
2007-10-05,6.690000057220459,6.992499828338623,6.65749979019165,6.877500057220459,5.795536041259766,7726000
2007-10-08,6.90500020980835,6.90500020980835,6.820000171661377,6.877500057220459,5.795536041259766,6564800
2007-10-09,6.869999885559082,6.917500019073486,6.71750020980835,6.775000095367432,5.7091593742370605,5558800
2007-10-10,6.755000114440918,6.942500114440918,6.755000114440918,6.922500133514404,5.833454132080078,5704000
2007-10-11,7.027500152587891,7.360000133514404,7.027500152587891,7.212500095367432,6.077831745147705,13888400
2007-10-12,7.275000095367432,7.375,7.192500114440918,7.25,6.109434127807617,7350400
2007-10-15,7.199999809265137,7.237500190734863,6.954999923706055,7.03000020980835,5.924044609069824,8647200
2007-10-16,7.067500114440918,7.090000152587891,6.892499923706055,6.912499904632568,5.825029373168945,6932000
2007-10-17,6.994999885559082,7.022500038146973,6.792500019073486,6.920000076293945,5.831348419189453,7654400
2007-10-18,6.90749979019165,6.925000190734863,6.712500095367432,6.795000076293945,5.726015090942383,5114800
2007-10-19,6.797500133514404,6.800000190734863,6.53249979019165,6.534999847412109,5.506916522979736,8227200
2007-10-22,6.525000095367432,6.889999866485596,6.512499809265137,6.75,5.688093662261963,6548400
2007-10-23,6.675000190734863,6.744999885559082,6.460000038146973,6.559999942779541,5.527984619140625,7878400
2007-10-24,6.517499923706055,6.642499923706055,6.452499866485596,6.630000114440918,5.586971759796143,8384000
2007-10-25,6.635000228881836,6.789999961853027,6.462500095367432,6.545000076293945,5.515342712402344,7325200
2007-10-26,6.659999847412109,6.659999847412109,6.5,6.605000019073486,5.565903186798096,4343600
2007-10-29,6.625,6.75,6.622499942779541,6.675000190734863,5.6248931884765625,4324400
2007-10-30,6.625,6.71750020980835,6.585000038146973,6.704999923706055,5.650173664093018,4547600
2007-10-31,6.75,6.849999904632568,6.672500133514404,6.755000114440918,5.692306041717529,7882800
2007-11-01,6.695000171661377,6.704999923706055,6.392499923706055,6.402500152587891,5.395262241363525,7336400
2007-11-02,6.480000019073486,6.512499809265137,6.277500152587891,6.454999923706055,5.439502716064453,7010800
2007-11-05,6.34499979019165,6.394999980926514,6.28249979019165,6.347499847412109,5.348914623260498,4714800
2007-11-06,6.375,6.46999979019165,6.320000171661377,6.460000038146973,5.443716526031494,6116400
2007-11-07,6.349999904632568,6.465000152587891,6.275000095367432,6.360000133514404,5.359448432922363,8950400
2007-11-08,6.340000152587891,6.512499809265137,6.150000095367432,6.377500057220459,5.374194622039795,9468400
2007-11-09,6.275000095367432,6.389999866485596,6.142499923706055,6.260000228881836,5.275179862976074,9106800
2007-11-12,6.264999866485596,6.710000038146973,6.244999885559082,6.492499828338623,5.471104145050049,10520800
2007-11-13,6.534999847412109,6.942500114440918,6.492499828338623,6.78000020980835,5.713373184204102,9661200
2007-11-14,6.797500133514404,6.800000190734863,6.525000095367432,6.550000190734863,5.519556522369385,5038800
2007-11-15,6.512499809265137,6.599999904632568,6.394999980926514,6.447500228881836,5.433182716369629,5547200
2007-11-16,6.5,6.572500228881836,6.287499904632568,6.5,5.477421283721924,8714800
2007-11-19,6.420000076293945,6.425000190734863,6.21999979019165,6.247499942779541,5.264645576477051,5398000
2007-11-20,6.487500190734863,6.742499828338623,6.324999809265137,6.4375,5.4247541427612305,10320000
2007-11-21,6.355000019073486,6.599999904632568,6.28249979019165,6.505000114440918,5.481636047363281,6426000
2007-11-23,6.577499866485596,6.630000114440918,6.502500057220459,6.554999828338623,5.523768901824951,2299200
2007-11-26,6.637499809265137,6.699999809265137,6.46750020980835,6.46750020980835,5.450037479400635,5865600
2007-11-27,6.514999866485596,6.614999771118164,6.402500152587891,6.474999904632568,5.456355094909668,4935600
2007-11-28,6.559999942779541,6.65500020980835,6.510000228881836,6.539999961853027,5.511131286621094,10224000
2007-11-29,6.480000019073486,6.534999847412109,6.360000133514404,6.457499980926514,5.441610813140869,5328800
2007-11-30,6.514999866485596,6.699999809265137,6.454999923706055,6.59499979019165,5.557476997375488,7459600
2007-12-03,6.53000020980835,6.712500095367432,6.527500152587891,6.612500190734863,5.572224140167236,4969600
2007-12-04,6.552499771118164,6.6875,6.510000228881836,6.644999980926514,5.599613189697266,6175200
2007-12-05,6.75,6.777500152587891,6.635000228881836,6.692500114440918,5.639641284942627,4174800
2007-12-06,6.75,6.867499828338623,6.612500190734863,6.860000133514404,5.780787467956543,8239200
2007-12-07,6.872499942779541,6.96999979019165,6.832499980926514,6.885000228881836,5.801854610443115,4869600
2007-12-10,6.925000190734863,6.932499885559082,6.827499866485596,6.872499942779541,5.807134628295898,3636000
2007-12-11,6.867499828338623,6.90500020980835,6.505000114440918,6.527500152587891,5.515614986419678,7600800
2007-12-12,6.664999961853027,6.760000228881836,6.40500020980835,6.510000228881836,5.500831127166748,6123200
2007-12-13,6.510000228881836,6.597499847412109,6.340000152587891,6.369999885559082,5.382533073425293,8261200
2007-12-14,6.340000152587891,6.34499979019165,6.21999979019165,6.252500057220459,5.283247947692871,4746800
2007-12-17,6.199999809265137,6.34499979019165,6.15749979019165,6.287499904632568,5.312823295593262,7047200
2007-12-18,6.335000038146973,6.360000133514404,6.114999771118164,6.222499847412109,5.257899284362793,7780000
2007-12-19,6.202499866485596,6.289999961853027,6.105000019073486,6.170000076293945,5.213537693023682,10852800
2007-12-20,6.222499847412109,6.402500152587891,6.184999942779541,6.402500152587891,5.409996032714844,6172000
2007-12-21,6.482500076293945,6.587500095367432,6.320000171661377,6.46999979019165,5.4670329093933105,22708400
2007-12-24,6.414999961853027,6.539999961853027,6.414999961853027,6.507500171661377,5.498719215393066,2200800
2007-12-26,6.462500095367432,6.462500095367432,6.28249979019165,6.372499942779541,5.384646415710449,3133600
2007-12-27,6.287499904632568,6.389999866485596,6.272500038146973,6.309999942779541,5.331835746765137,2790000
2007-12-28,6.347499847412109,6.387499809265137,6.260000228881836,6.335000038146973,5.3529582023620605,2252800
2007-12-31,6.335000038146973,6.472499847412109,6.309999942779541,6.392499923706055,5.401544094085693,3402800
2008-01-02,6.367499828338623,6.429999828338623,6.242499828338623,6.252500057220459,5.283247947692871,5923200
2008-01-03,6.25,6.252500057220459,6.050000190734863,6.067500114440918,5.126927375793457,4152400
2008-01-04,6.007500171661377,6.022500038146973,5.727499961853027,5.784999847412109,4.888219356536865,10352000
2008-01-07,5.775000095367432,5.847499847412109,5.599999904632568,5.677499771118164,4.7973833084106445,11090000
2008-01-08,5.707499980926514,5.71999979019165,5.369999885559082,5.369999885559082,4.537550926208496,9110800
2008-01-09,5.375,5.534999847412109,5.307499885559082,5.522500038146973,4.66641092300415,9247600
2008-01-10,5.574999809265137,6.289999961853027,5.574999809265137,6.142499923706055,5.190300464630127,18081200
2008-01-11,6.105000019073486,6.132500171661377,5.929999828338623,6.090000152587891,5.145938396453857,13412800
2008-01-14,6.119999885559082,6.215000152587891,6.097499847412109,6.142499923706055,5.190300464630127,8600800
2008-01-15,6.077499866485596,6.110000133514404,5.932499885559082,5.987500190734863,5.059326648712158,7033600
2008-01-16,5.952499866485596,6.300000190734863,5.927499771118164,6.1875,5.2283244132995605,10075200
2008-01-17,6.199999809265137,6.422500133514404,6.177499771118164,6.269999980926514,5.298036098480225,11010400
2008-01-18,6.287499904632568,6.545000076293945,6.239999771118164,6.257500171661377,5.287473201751709,11842400
2008-01-22,6.164999961853027,6.659999847412109,6.067500114440918,6.632500171661377,5.604341983795166,12585200
2008-01-23,6.472499847412109,6.9375,6.414999961853027,6.862500190734863,5.798686981201172,16274000
2008-01-24,6.869999885559082,7.070000171661377,6.724999904632568,7.007500171661377,5.921209812164307,14272800
2008-01-25,7.059999942779541,7.059999942779541,6.547500133514404,6.610000133514404,5.585329532623291,10860000
2008-01-28,6.597499847412109,7.034999847412109,6.542500019073486,7.034999847412109,5.9444451332092285,7781600
2008-01-29,7.037499904632568,7.197500228881836,6.787499904632568,7.1875,6.073305130004883,8864800
2008-01-30,7.159999847412109,7.262499809265137,7.025000095367432,7.054999828338623,5.961345672607422,9442800
2008-01-31,6.949999809265137,7.397500038146973,6.875,7.287499904632568,6.157804012298584,10848400
2008-02-01,7.269999980926514,7.474999904632568,7.159999847412109,7.472499847412109,6.31412410736084,9440800
2008-02-04,7.462500095367432,7.462500095367432,6.9375,7.039999961853027,5.948671817779541,8343600
2008-02-05,6.972499847412109,7.099999904632568,6.867499828338623,6.880000114440918,5.813474655151367,11177200
2008-02-06,6.929999828338623,7.067500114440918,6.760000228881836,6.772500038146973,5.722638130187988,8423600
2008-02-07,6.945000171661377,7.125,6.877500057220459,6.987500190734863,5.904308795928955,16202000
2008-02-08,7.005000114440918,7.010000228881836,6.835000038146973,6.882500171661377,5.815586566925049,9474400
2008-02-11,6.902500152587891,7.027500152587891,6.840000152587891,6.982500076293945,5.900083065032959,8748000
2008-02-12,7.03249979019165,7.159999847412109,7.0,7.050000190734863,5.957122802734375,6933600
2008-02-13,7.122499942779541,7.179999828338623,6.917500019073486,7.022500038146973,5.933883190155029,6094800
2008-02-14,7.047500133514404,7.047500133514404,6.807499885559082,6.880000114440918,5.813474655151367,6868000
2008-02-15,6.727499961853027,6.934999942779541,6.697500228881836,6.880000114440918,5.813474655151367,11909200
2008-02-19,6.947500228881836,6.947500228881836,6.775000095367432,6.820000171661377,5.76277494430542,5402800
2008-02-20,6.732500076293945,7.127500057220459,6.732500076293945,7.077499866485596,6.001255512237549,9480400
2008-02-21,7.107500076293945,7.210000038146973,6.96999979019165,6.994999885559082,5.931304454803467,6408800
2008-02-22,7.027500152587891,7.105000019073486,6.892499923706055,7.079999923706055,6.0033769607543945,4545600
2008-02-25,7.087500095367432,7.287499904632568,7.010000228881836,7.239999771118164,6.1390461921691895,5680000
2008-02-26,7.224999904632568,7.4375,7.142499923706055,7.362500190734863,6.242916584014893,5310000
2008-02-27,7.300000190734863,7.452499866485596,7.239999771118164,7.292500019073486,6.183562755584717,7102000
2008-02-28,7.239999771118164,7.292500019073486,7.047500133514404,7.087500095367432,6.009736061096191,6668400
2008-02-29,7.0,7.175000190734863,6.932499885559082,6.962500095367432,5.903744220733643,6143200
2008-03-03,6.974999904632568,7.0625,6.8125,7.054999828338623,5.982178688049316,9709200
2008-03-04,6.96999979019165,7.202499866485596,6.960000038146973,7.192500114440918,6.0987701416015625,9132000
2008-03-05,7.224999904632568,7.369999885559082,7.135000228881836,7.252500057220459,6.149644374847412,9188400
2008-03-06,7.414999961853027,7.46750020980835,7.162499904632568,7.197500228881836,6.1030097007751465,15428400
2008-03-07,7.09499979019165,7.275000095367432,6.925000190734863,6.934999942779541,5.880427360534668,10763600
2008-03-10,6.914999961853027,7.022500038146973,6.767499923706055,6.815000057220459,5.778674602508545,8417600
2008-03-11,6.84499979019165,7.15500020980835,6.827499866485596,7.147500038146973,6.06061315536499,13610400
2008-03-12,7.147500038146973,7.28249979019165,7.042500019073486,7.107500076293945,6.026693820953369,10202400
2008-03-13,7.025000095367432,7.28249979019165,6.894999980926514,7.224999904632568,6.1263275146484375,8023200
2008-03-14,7.269999980926514,7.269999980926514,6.882500171661377,7.037499904632568,5.967339992523193,12094000
2008-03-17,6.875,7.0,6.707499980926514,6.864999771118164,5.821071147918701,9536400
2008-03-18,6.894999980926514,7.114999771118164,6.894999980926514,7.072500228881836,5.997017860412598,9151200
2008-03-19,7.067500114440918,7.190000057220459,6.882500171661377,6.96750020980835,5.907983303070068,9042400
2008-03-20,6.954999923706055,7.775000095367432,6.949999809265137,7.744999885559082,6.567251682281494,21338000
2008-03-24,7.702499866485596,7.762499809265137,7.545000076293945,7.637499809265137,6.476099491119385,15837600
2008-03-25,7.642499923706055,7.715000152587891,7.579999923706055,7.670000076293945,6.503656387329102,11426000
2008-03-26,7.622499942779541,7.715000152587891,7.480000019073486,7.507500171661377,6.365869522094727,7804000
2008-03-27,7.537499904632568,7.610000133514404,7.452499866485596,7.480000019073486,6.342550277709961,7128800
2008-03-28,7.460000038146973,7.460000038146973,7.204999923706055,7.292500019073486,6.183562755584717,5514800
2008-03-31,7.272500038146973,7.5,7.260000228881836,7.489999771118164,6.351029396057129,5692000
2008-04-01,7.602499961853027,7.775000095367432,7.557499885559082,7.767499923706055,6.586332321166992,7498800
2008-04-02,7.75,7.934999942779541,7.692500114440918,7.747499942779541,6.569372177124023,6686000
2008-04-03,7.702499866485596,7.809999942779541,7.644999980926514,7.784999847412109,6.601168632507324,5780000
2008-04-04,7.789999961853027,7.912499904632568,7.65749979019165,7.84499979019165,6.652047634124756,9854400
2008-04-07,7.875,7.90749979019165,7.602499961853027,7.65500020980835,6.490939617156982,6840000
2008-04-08,7.585000038146973,7.642499923706055,7.5,7.577499866485596,6.425224781036377,4614000
2008-04-09,7.572500228881836,7.607500076293945,7.269999980926514,7.427499771118164,6.298033237457275,10270800
2008-04-10,7.929999828338623,8.0600004196167,7.627500057220459,7.882500171661377,6.683845043182373,19996400
2008-04-11,7.9375,7.962500095367432,7.809999942779541,7.829999923706055,6.639327049255371,14984000
2008-04-14,7.797500133514404,8.039999961853027,7.797500133514404,7.987500190734863,6.7728776931762695,8391200
2008-04-15,8.117500305175781,8.117500305175781,7.929999828338623,7.992499828338623,6.777115821838379,6349200
2008-04-16,8.032500267028809,8.267499923706055,8.022500038146973,8.2475004196167,6.993342876434326,15285200
2008-04-17,8.237500190734863,8.287500381469727,8.137499809265137,8.177499771118164,6.93398380279541,10046800
2008-04-18,8.4399995803833,8.462499618530273,8.28499984741211,8.350000381469727,7.0802507400512695,14788800
2008-04-21,8.387499809265137,8.449999809265137,8.337499618530273,8.422499656677246,7.141729354858398,8028400
2008-04-22,8.382499694824219,8.427499771118164,8.1875,8.207500457763672,6.9594221115112305,7400800
2008-04-23,8.244999885559082,8.350000381469727,8.162500381469727,8.3125,7.048455715179443,8228400
2008-04-24,8.322500228881836,8.479999542236328,8.274999618530273,8.420000076293945,7.1396098136901855,8128800
2008-04-25,8.422499656677246,8.619999885559082,8.369999885559082,8.5600004196167,7.25831937789917,9544000
2008-04-28,8.574999809265137,8.574999809265137,8.359999656677246,8.512499809265137,7.218043327331543,8044800
2008-04-29,8.482500076293945,8.617500305175781,8.422499656677246,8.5625,7.260438919067383,7772800
2008-04-30,8.592499732971191,8.645000457763672,8.34000015258789,8.3725004196167,7.099331855773926,10841600
2008-05-01,8.352499961853027,8.720000267028809,8.297499656677246,8.59749984741211,7.290116310119629,9820800
2008-05-02,8.662500381469727,8.729999542236328,8.367500305175781,8.555000305175781,7.254082679748535,18641200
2008-05-05,8.552499771118164,8.612500190734863,8.329999923706055,8.40250015258789,7.124772071838379,12694000
2008-05-06,8.414999961853027,8.505000114440918,8.267499923706055,8.475000381469727,7.186245441436768,9521600
2008-05-07,8.4975004196167,8.667499542236328,8.427499771118164,8.454999923706055,7.169286727905273,13061600
2008-05-08,8.635000228881836,8.857500076293945,8.619999885559082,8.642499923706055,7.328273296356201,18051200
2008-05-09,8.585000038146973,8.824999809265137,8.567500114440918,8.739999771118164,7.410948276519775,12092800
2008-05-12,8.75,8.984999656677246,8.664999961853027,8.96500015258789,7.601736545562744,10746800
2008-05-13,8.957500457763672,9.104999542236328,8.914999961853027,9.095000267028809,7.711968421936035,13500400
2008-05-14,9.100000381469727,9.142499923706055,8.992500305175781,8.9975004196167,7.6292924880981445,8993600
2008-05-15,8.96500015258789,9.234999656677246,8.875,9.232500076293945,7.828555583953857,9949200
2008-05-16,9.107500076293945,9.117500305175781,8.8125,8.8774995803833,7.5275373458862305,10042000
2008-05-19,8.862500190734863,8.967499732971191,8.77750015258789,8.802499771118164,7.463944435119629,6486400
2008-05-20,8.739999771118164,8.8125,8.577500343322754,8.729999542236328,7.402467250823975,7143200
2008-05-21,8.887499809265137,9.050000190734863,8.5,8.529999732971191,7.232880115509033,18845200
2008-05-22,8.942500114440918,9.017499923706055,8.77750015258789,8.864999771118164,7.516938209533691,14667600
2008-05-23,8.824999809265137,8.904999732971191,8.710000038146973,8.837499618530273,7.493620872497559,15925600
2008-05-27,8.822500228881836,8.970000267028809,8.7475004196167,8.949999809265137,7.589013576507568,16568000
2008-05-28,8.962499618530273,9.262499809265137,8.947500228881836,9.229999542236328,7.826435565948486,16471600
2008-05-29,9.25,9.267499923706055,9.0649995803833,9.197500228881836,7.798879623413086,13649200
2008-05-30,9.194999694824219,9.232500076293945,9.055000305175781,9.154999732971191,7.762845039367676,11954000
2008-06-02,9.112500190734863,9.15250015258789,8.797499656677246,8.975000381469727,7.610210418701172,15651200
2008-06-03,8.982500076293945,9.172499656677246,8.982500076293945,9.125,7.737404823303223,17766800
2008-06-04,9.109999656677246,9.177499771118164,8.960000038146973,8.994999885559082,7.627169609069824,10214800
2008-06-05,9.055000305175781,9.357500076293945,8.975000381469727,9.357500076293945,7.934548377990723,15396800
2008-06-06,9.257499694824219,9.27750015258789,9.077500343322754,9.137499809265137,7.7480010986328125,11811600
2008-06-09,9.119999885559082,9.242500305175781,9.03499984741211,9.1225004196167,7.735281944274902,7488400
2008-06-10,9.050000190734863,9.307499885559082,9.050000190734863,9.202500343322754,7.8031158447265625,9432400
2008-06-11,9.199999809265137,9.244999885559082,9.029999732971191,9.042499542236328,7.667447090148926,8461200
2008-06-12,9.117500305175781,9.362500190734863,9.057499885559082,9.125,7.757777690887451,7967600
2008-06-13,9.199999809265137,9.329999923706055,9.1225004196167,9.324999809265137,7.927809715270996,5612000
2008-06-16,9.274999618530273,9.517499923706055,9.119999885559082,9.477499961853027,8.057463645935059,10927200
2008-06-17,9.5,9.5600004196167,9.28499984741211,9.307499885559082,7.912932872772217,5632000
2008-06-18,9.279999732971191,9.354999542236328,9.074999809265137,9.15250015258789,7.781157970428467,7131200
2008-06-19,9.172499656677246,9.5,9.172499656677246,9.484999656677246,8.063838958740234,6514800
2008-06-20,9.494999885559082,9.4975004196167,9.234999656677246,9.319999694824219,7.923559188842773,14885200
2008-06-23,9.375,9.484999656677246,9.292499542236328,9.40999984741211,8.000076293945312,11267200
2008-06-24,9.375,9.380000114440918,9.15250015258789,9.267499923706055,7.8789286613464355,9692800
2008-06-25,9.282500267028809,9.675000190734863,9.180000305175781,9.40999984741211,8.000076293945312,13133600
2008-06-26,9.300000190734863,9.470000267028809,9.079999923706055,9.1225004196167,7.755650997161865,9168800
2008-06-27,9.079999923706055,9.274999618530273,8.890000343322754,9.09749984741211,7.734397888183594,11023200
2008-06-30,9.072500228881836,9.135000228881836,8.845000267028809,8.880000114440918,7.549485683441162,12270800
2008-07-01,8.819999694824219,9.167499542236328,8.720000267028809,9.154999732971191,7.7832865715026855,13860400
2008-07-02,9.227499961853027,9.307499885559082,9.0,9.047499656677246,7.691891193389893,10678400
2008-07-03,9.082500457763672,9.142499923706055,8.8725004196167,8.97249984741211,7.628128528594971,3130000
2008-07-07,8.984999656677246,9.352499961853027,8.984999656677246,9.270000457763672,7.881054401397705,11963200
2008-07-08,9.1899995803833,9.5625,9.149999618530273,9.5,8.076593399047852,17413200
2008-07-09,9.550000190734863,9.595000267028809,9.289999961853027,9.369999885559082,7.966071128845215,12698000
2008-07-10,9.625,9.807499885559082,9.25,9.34749984741211,7.946937084197998,16162000
2008-07-11,9.229999542236328,9.529999732971191,9.180000305175781,9.442500114440918,8.027705192565918,13702800
2008-07-14,9.542499542236328,9.612500190734863,9.387499809265137,9.5024995803833,8.078717231750488,10360000
2008-07-15,9.229999542236328,9.425000190734863,9.03499984741211,9.28499984741211,7.893803596496582,10674800
2008-07-16,9.34000015258789,9.78499984741211,9.267499923706055,9.75,8.289131164550781,12204000
2008-07-17,9.765000343322754,10.0,9.569999694824219,9.887499809265137,8.406030654907227,13257600
2008-07-18,9.875,9.90250015258789,9.680000305175781,9.729999542236328,8.272127151489258,11024000
2008-07-21,9.712499618530273,9.864999771118164,9.647500038146973,9.827500343322754,8.355023384094238,9940800
2008-07-22,9.657500267028809,10.045000076293945,9.654999732971191,9.922499656677246,8.435784339904785,11728800
2008-07-23,9.90999984741211,10.03499984741211,9.595000267028809,9.795000076293945,8.32738971710205,12113200
2008-07-24,9.734999656677246,9.770000457763672,9.422499656677246,9.484999656677246,8.063838958740234,13373600
2008-07-25,9.507499694824219,9.640000343322754,9.302499771118164,9.34000015258789,7.940562725067139,10569600
2008-07-28,9.397500038146973,9.489999771118164,9.02750015258789,9.069999694824219,7.711017608642578,13666000
2008-07-29,9.024999618530273,9.390000343322754,9.017499923706055,9.375,7.970319747924805,11552800
2008-07-30,9.494999885559082,9.664999961853027,9.40999984741211,9.637499809265137,8.193490982055664,13816400
2008-07-31,9.5649995803833,9.760000228881836,9.489999771118164,9.489999771118164,8.068085670471191,12548800
2008-08-01,9.672499656677246,9.672499656677246,9.34749984741211,9.4375,8.023456573486328,9655600
2008-08-04,9.457500457763672,9.577500343322754,9.337499618530273,9.520000457763672,8.09359359741211,11093200
2008-08-05,9.619999885559082,9.84749984741211,9.592499732971191,9.779999732971191,8.314637184143066,13628400
2008-08-06,9.739999771118164,9.835000038146973,9.569999694824219,9.6875,8.235998153686523,8850400
2008-08-07,9.640000343322754,9.779999732971191,9.460000038146973,9.645000457763672,8.19986629486084,10506000
2008-08-08,9.425000190734863,9.967499732971191,9.425000190734863,9.892499923706055,8.41028118133545,13788400
2008-08-11,9.917499542236328,10.362500190734863,9.805000305175781,9.850000381469727,8.37414836883545,16877200
2008-08-12,9.829999923706055,9.875,9.489999771118164,9.585000038146973,8.148856163024902,12618400
2008-08-13,9.542499542236328,9.65250015258789,9.317500114440918,9.494999885559082,8.072341918945312,11212000
2008-08-14,9.40999984741211,9.9375,9.3774995803833,9.717499732971191,8.261503219604492,10985600
2008-08-15,9.737500190734863,9.957500457763672,9.732500076293945,9.829999923706055,8.357146263122559,8296400
2008-08-18,9.899999618530273,10.072500228881836,9.649999618530273,9.739999771118164,8.280631065368652,8680800
2008-08-19,9.65999984741211,9.725000381469727,9.46500015258789,9.59000015258789,8.153105735778809,9062000
2008-08-20,9.6274995803833,9.762499809265137,9.270000457763672,9.507499694824219,8.082968711853027,12198400
2008-08-21,9.489999771118164,9.744999885559082,9.417499542236328,9.72249984741211,8.265752792358398,8370000
2008-08-22,9.782500267028809,9.917499542236328,9.577500343322754,9.882499694824219,8.40178108215332,13601600
2008-08-25,9.782500267028809,9.90999984741211,9.699999809265137,9.762499809265137,8.299760818481445,10026800
2008-08-26,9.755000114440918,9.932499885559082,9.680000305175781,9.922499656677246,8.435784339904785,7662000
2008-08-27,9.930000305175781,10.022500038146973,9.8149995803833,9.897500038146973,8.414530754089355,10399200
2008-08-28,9.962499618530273,10.072500228881836,9.90250015258789,10.0649995803833,8.55693244934082,8532000
2008-08-29,10.0024995803833,10.109999656677246,9.96500015258789,10.052499771118164,8.546308517456055,9891200
2008-09-02,10.074999809265137,10.359999656677246,9.984999656677246,10.0649995803833,8.55693244934082,14370400
2008-09-03,10.102499961853027,10.15250015258789,9.890000343322754,10.037500381469727,8.553742408752441,12528400
2008-09-04,10.087499618530273,10.172499656677246,9.84749984741211,9.907500267028809,8.44295597076416,12547600
2008-09-05,9.819999694824219,10.074999809265137,9.737500190734863,10.052499771118164,8.566519737243652,12358400
2008-09-08,10.157500267028809,10.390000343322754,10.135000228881836,10.327500343322754,8.800872802734375,17385600
2008-09-09,10.300000190734863,10.380000114440918,9.977499961853027,9.992500305175781,8.515392303466797,15963200
2008-09-10,10.09000015258789,10.335000038146973,9.824999809265137,10.242500305175781,8.728437423706055,14430400
2008-09-11,9.920000076293945,10.130000114440918,9.850000381469727,10.079999923706055,8.589953422546387,15062000
2008-09-12,10.0,10.0,9.614999771118164,9.760000228881836,8.317258834838867,14887200
2008-09-15,9.482500076293945,9.90999984741211,9.470000267028809,9.532500267028809,8.123394966125488,13228800
2008-09-16,9.4399995803833,9.942500114440918,9.225000381469727,9.854999542236328,8.39821720123291,15544000
2008-09-17,9.800000190734863,9.800000190734863,9.337499618530273,9.354999542236328,7.972125053405762,21879600
2008-09-18,9.375,9.432499885559082,8.947500228881836,9.354999542236328,7.972125053405762,20580400
2008-09-19,9.729999542236328,9.912500381469727,9.244999885559082,9.359999656677246,7.9763898849487305,15414000
2008-09-22,9.207500457763672,9.357500076293945,8.890000343322754,8.949999809265137,7.62699556350708,11743200
2008-09-23,8.957500457763672,9.137499809265137,8.90999984741211,9.0024995803833,7.671736240386963,10244000
2008-09-24,9.042499542236328,9.050000190734863,8.805000305175781,8.819999694824219,7.516210556030273,9479200
2008-09-25,8.854999542236328,9.140000343322754,8.787500381469727,9.02750015258789,7.693038463592529,7972800
2008-09-26,8.925000190734863,9.234999656677246,8.899999618530273,9.225000381469727,7.86134672164917,8317200
2008-09-29,9.085000038146973,9.162500381469727,8.944999694824219,9.050000190734863,7.712214469909668,16828800
2008-09-30,9.289999961853027,9.367500305175781,8.9975004196167,9.202500343322754,7.842174053192139,14852400
2008-10-01,9.262499809265137,9.287500381469727,9.015000343322754,9.1225004196167,7.7739949226379395,9176800
2008-10-02,9.117500305175781,9.194999694824219,8.545000076293945,8.592499732971191,7.322342395782471,13233200
2008-10-03,8.72249984741211,8.802499771118164,8.364999771118164,8.430000305175781,7.183863162994385,10646000
2008-10-06,8.09749984741211,8.142499923706055,7.574999809265137,8.087499618530273,6.891993045806885,18294000
2008-10-07,8.194999694824219,8.327500343322754,7.577499866485596,7.59499979019165,6.472294330596924,12288800
2008-10-08,7.394999980926514,7.972499847412109,7.257500171661377,7.65500020980835,6.523426055908203,15068800
2008-10-09,7.477499961853027,7.852499961853027,6.9375,6.997499942779541,5.963117599487305,20558800
2008-10-10,6.699999809265137,7.355000019073486,6.284999847412109,7.065000057220459,6.020639896392822,19875600
2008-10-13,7.304999828338623,7.434999942779541,7.179999828338623,7.434999942779541,6.335945129394531,11010800
2008-10-14,7.695000171661377,7.764999866485596,7.28000020980835,7.489999771118164,6.382813930511475,19235200
2008-10-15,7.369999885559082,7.414999961853027,6.75,6.775000095367432,5.7735090255737305,16790000
2008-10-16,6.829999923706055,7.340000152587891,6.599999904632568,7.322500228881836,6.240075588226318,15437200
2008-10-17,7.122499942779541,7.347499847412109,7.042500019073486,7.247499942779541,6.176161289215088,17346400
2008-10-20,7.340000152587891,7.485000133514404,7.242499828338623,7.4375,6.338076114654541,11975200
2008-10-21,7.357500076293945,7.637499809265137,7.327499866485596,7.507500171661377,6.39772891998291,11704800
2008-10-22,7.362500190734863,7.465000152587891,7.152500152587891,7.355000019073486,6.267772197723389,11907200
2008-10-23,7.387499809265137,7.425000190734863,7.0,7.267499923706055,6.193206787109375,16232800
2008-10-24,6.877500057220459,7.320000171661377,6.817500114440918,7.195000171661377,6.131422996520996,8912000
2008-10-27,7.150000095367432,7.477499961853027,6.949999809265137,6.992499828338623,5.95885705947876,8955200
2008-10-28,7.135000228881836,7.940000057220459,6.90500020980835,7.917500019073486,6.7471232414245605,13889200
2008-10-29,7.880000114440918,8.4350004196167,7.724999904632568,8.052499771118164,6.862166881561279,10230800
2008-10-30,8.125,8.350000381469727,7.769999980926514,7.90500020980835,6.7364702224731445,11138000
2008-10-31,7.992499828338623,8.25,7.837500095367432,8.172499656677246,6.964426517486572,10572400
2008-11-03,8.1875,8.329999923706055,7.695000171661377,7.71999979019165,6.5788164138793945,9897600
2008-11-04,7.699999809265137,7.992499828338623,7.525000095367432,7.90749979019165,6.7385993003845215,12617200
2008-11-05,7.800000190734863,7.869999885559082,7.429999828338623,7.497499942779541,6.3892059326171875,11281200
2008-11-06,7.482500076293945,7.864999771118164,7.295000076293945,7.362500190734863,6.274161338806152,9732400
2008-11-07,7.409999847412109,7.525000095367432,7.179999828338623,7.317500114440918,6.235814094543457,6279200
2008-11-10,7.460000038146973,7.53249979019165,7.077499866485596,7.147500038146973,6.090945243835449,6710400
2008-11-11,7.087500095367432,7.204999923706055,6.824999809265137,6.927499771118164,5.903465270996094,7850800
2008-11-12,6.784999847412109,6.8125,6.579999923706055,6.587500095367432,5.6137237548828125,10584800
2008-11-13,6.642499923706055,7.097499847412109,6.28249979019165,7.097499847412109,6.04833459854126,15518400
2008-11-14,7.0,7.0625,6.547500133514404,6.557499885559082,5.588159561157227,10116400
2008-11-17,6.53000020980835,6.635000228881836,6.347499847412109,6.347499847412109,5.409202575683594,10746400
2008-11-18,6.3125,6.487500190734863,6.045000076293945,6.369999885559082,5.428375244140625,12265600
2008-11-19,6.445000171661377,6.445000171661377,5.827499866485596,5.875,5.0065460205078125,18904400
2008-11-20,5.8125,6.047500133514404,5.5,5.525000095367432,4.708285808563232,12592800
2008-11-21,5.6875,5.912499904632568,5.425000190734863,5.912499904632568,5.038505554199219,18450000
2008-11-24,5.972499847412109,6.340000152587891,5.877500057220459,6.267499923706055,5.341027736663818,16516000
2008-11-25,6.34499979019165,6.457499980926514,6.09499979019165,6.425000190734863,5.475245952606201,15953200
2008-11-26,6.324999809265137,7.082499980926514,6.324999809265137,6.857500076293945,5.843811988830566,12384400
2008-11-28,6.832499980926514,6.914999961853027,6.53000020980835,6.625,5.645680904388428,3936800
2008-12-01,6.445000171661377,6.587500095367432,6.010000228881836,6.03000020980835,5.138636112213135,9366000
2008-12-02,6.130000114440918,6.272500038146973,5.864999771118164,6.112500190734863,5.208940029144287,9706000
2008-12-03,6.007500171661377,6.519999980926514,5.927499771118164,6.5,5.539158821105957,8742400
2008-12-04,6.377500057220459,7.144999980926514,6.377500057220459,6.962500095367432,5.933291912078857,12109600
2008-12-05,7.03000020980835,7.362500190734863,6.710000038146973,7.332499980926514,6.248597145080566,10192400
2008-12-08,7.327499866485596,7.5,7.082499980926514,7.190000057220459,6.147071361541748,9149600
2008-12-09,7.065000057220459,7.367499828338623,6.809999942779541,6.832499980926514,5.841428279876709,8312800
2008-12-10,6.849999904632568,7.262499809265137,6.802499771118164,7.142499923706055,6.10646390914917,8986800
2008-12-11,7.137499809265137,7.237500190734863,6.71750020980835,6.815000057220459,5.8264665603637695,6810000
2008-12-12,6.644999980926514,7.03000020980835,6.644999980926514,6.989999771118164,5.976082801818848,8582000
2008-12-15,7.005000114440918,7.179999828338623,6.78000020980835,6.889999866485596,5.890588760375977,6441600
2008-12-16,7.127500057220459,7.394999980926514,6.90500020980835,7.394999980926514,6.322335720062256,7286000
2008-12-17,7.292500019073486,7.610000133514404,7.212500095367432,7.412499904632568,6.337297439575195,10658800
2008-12-18,7.402500152587891,7.585000038146973,7.284999847412109,7.442500114440918,6.3629469871521,8580400
2008-12-19,7.517499923706055,7.527500152587891,7.135000228881836,7.302499771118164,6.2432541847229,19450000
2008-12-22,7.329999923706055,7.329999923706055,7.070000171661377,7.247499942779541,6.196230888366699,11405600
2008-12-23,7.177499771118164,7.385000228881836,7.052499771118164,7.132500171661377,6.0979156494140625,4360400
2008-12-24,7.152500152587891,7.292500019073486,7.132500171661377,7.239999771118164,6.189821243286133,1944000
2008-12-26,7.272500038146973,7.324999809265137,7.054999828338623,7.302499771118164,6.2432541847229,2274400
2008-12-29,7.25,7.287499904632568,7.042500019073486,7.122499942779541,6.089364528656006,4251200
2008-12-30,7.195000171661377,7.389999866485596,7.107500076293945,7.380000114440918,6.309510231018066,4089600
2008-12-31,7.392499923706055,7.502500057220459,7.315000057220459,7.432499885559082,6.354397296905518,7176800
2009-01-02,7.442500114440918,7.724999904632568,7.387499809265137,7.702499866485596,6.585235118865967,5103600
2009-01-05,7.627500057220459,7.679999828338623,7.46750020980835,7.567500114440918,6.469814777374268,6297600
2009-01-06,7.622499942779541,7.650000095367432,7.400000095367432,7.505000114440918,6.416379928588867,7348800
2009-01-07,7.382500171661377,7.652500152587891,7.3125,7.605000019073486,6.5018768310546875,8435600
2009-01-08,7.767499923706055,7.982500076293945,7.485000133514404,7.894999980926514,6.749810695648193,12400000
2009-01-09,7.920000076293945,7.974999904632568,7.4375,7.5,6.412105083465576,8755600
2009-01-12,7.457499980926514,7.559999942779541,7.317500114440918,7.377500057220459,6.307373523712158,9018800
2009-01-13,7.375,7.542500019073486,7.3125,7.412499904632568,6.337297439575195,8463600
2009-01-14,7.40500020980835,7.46750020980835,7.257500171661377,7.315000057220459,6.253940582275391,11192400
2009-01-15,7.28249979019165,7.787499904632568,7.255000114440918,7.622499942779541,6.516836166381836,8920400
2009-01-16,7.722499847412109,7.78249979019165,7.507500171661377,7.710000038146973,6.591644287109375,10109600
2009-01-20,7.675000190734863,7.692500114440918,7.355000019073486,7.382500171661377,6.31165075302124,7933600
2009-01-21,7.5,7.78249979019165,7.402500152587891,7.757500171661377,6.632256031036377,11492000
2009-01-22,7.637499809265137,7.952499866485596,7.557499885559082,7.822500228881836,6.687827110290527,10238000
2009-01-23,7.695000171661377,7.917500019073486,7.664999961853027,7.802499771118164,6.670727252960205,8564000
2009-01-26,7.817500114440918,7.985000133514404,7.760000228881836,7.909999847412109,6.762633323669434,9280000
2009-01-27,7.942500114440918,7.980000019073486,7.730000019073486,7.742499828338623,6.619429588317871,7673600
2009-01-28,7.864999771118164,7.932499885559082,7.659999847412109,7.752500057220459,6.627980709075928,14224400
2009-01-29,7.712500095367432,7.747499942779541,7.482500076293945,7.53000020980835,6.437754154205322,10141200
2009-01-30,7.590000152587891,7.590000152587891,7.255000114440918,7.355000019073486,6.288138389587402,13464000
2009-02-02,7.360000133514404,7.505000114440918,7.150000095367432,7.307499885559082,6.247529029846191,10907200
2009-02-03,7.315000057220459,7.447500228881836,7.21999979019165,7.372499942779541,6.303101062774658,9295600
2009-02-04,7.28000020980835,7.425000190734863,7.019999980926514,7.0625,6.0380659103393555,11548000
2009-02-05,7.125,7.71750020980835,7.125,7.65749979019165,6.5467610359191895,21232000
2009-02-06,7.637499809265137,8.217499732971191,7.577499866485596,8.145000457763672,6.963544845581055,16061200
2009-02-09,8.154999732971191,8.192500114440918,7.949999809265137,8.072500228881836,6.901565074920654,8856000
2009-02-10,7.982500076293945,8.167499542236328,7.832499980926514,7.869999885559082,6.728438377380371,10264800
2009-02-11,7.927499771118164,7.945000171661377,7.675000190734863,7.802499771118164,6.670727252960205,7188000
2009-02-12,7.684999942779541,7.934999942779541,7.627500057220459,7.934999942779541,6.784008026123047,7373600
2009-02-13,7.920000076293945,8.007499694824219,7.675000190734863,7.675000190734863,6.561721324920654,8521200
2009-02-17,7.53000020980835,7.702499866485596,7.414999961853027,7.574999809265137,6.476227283477783,10216000
2009-02-18,7.659999847412109,7.672500133514404,7.447500228881836,7.539999961853027,6.469792366027832,6561600
2009-02-19,7.582499980926514,7.75,7.539999961853027,7.602499961853027,6.523421764373779,7205600
2009-02-20,7.539999961853027,7.809999942779541,7.5,7.697500228881836,6.604935646057129,11164000
2009-02-23,7.6875,7.75,7.385000228881836,7.414999961853027,6.362534523010254,8443600
2009-02-24,7.432499885559082,7.65500020980835,7.432499885559082,7.619999885559082,6.538436412811279,8466400
2009-02-25,7.565000057220459,7.735000133514404,7.447500228881836,7.572500228881836,6.497677803039551,10109200
2009-02-26,7.617499828338623,7.619999885559082,7.255000114440918,7.275000095367432,6.242403984069824,9084400
2009-02-27,7.159999847412109,7.572500228881836,7.125,7.380000114440918,6.332499980926514,8840400
2009-03-02,7.260000228881836,7.59499979019165,7.252500057220459,7.28249979019165,6.248841762542725,13865200
2009-03-03,7.340000152587891,7.392499923706055,7.164999961853027,7.237500190734863,6.210228443145752,17373600
2009-03-04,7.212500095367432,7.695000171661377,7.212500095367432,7.585000038146973,6.5084028244018555,13851200
2009-03-05,7.625,7.894999980926514,7.547500133514404,7.579999923706055,6.504112720489502,17547600
2009-03-06,7.642499923706055,7.697500228881836,7.1875,7.362500190734863,6.317485332489014,13434800
2009-03-09,7.302499771118164,7.545000076293945,7.272500038146973,7.327499866485596,6.287451267242432,11654000
2009-03-10,7.517499923706055,7.880000114440918,7.497499942779541,7.822500228881836,6.712193012237549,13339200
2009-03-11,7.849999904632568,8.022500038146973,7.75,7.960000038146973,6.830178260803223,12054400
2009-03-12,7.909999847412109,8.28499984741211,7.855000019073486,8.265000343322754,7.091887950897217,12521200
2009-03-13,8.244999885559082,8.3100004196167,8.0649995803833,8.2524995803833,7.0811614990234375,9778400
2009-03-16,8.255000114440918,8.302499771118164,8.057499885559082,8.057499885559082,6.913841247558594,9148800
2009-03-17,8.104999542236328,8.375,8.067500114440918,8.342499732971191,7.15838623046875,11023200
2009-03-18,8.1850004196167,8.592499732971191,8.1850004196167,8.524999618530273,7.3149847984313965,12530400
2009-03-19,8.797499656677246,8.864999771118164,8.332500457763672,8.462499618530273,7.261355400085449,11964800
2009-03-20,8.5,8.670000076293945,8.357500076293945,8.482500076293945,7.278515338897705,14564800
2009-03-23,8.489999771118164,8.827500343322754,8.489999771118164,8.827500343322754,7.574546813964844,11767600
2009-03-24,8.7524995803833,9.0,8.692500114440918,8.762499809265137,7.518773555755615,9284400
2009-03-25,8.702500343322754,8.970000267028809,8.442500114440918,8.720000267028809,7.482306480407715,11433600
2009-03-26,8.75,9.1850004196167,8.704999923706055,9.175000190734863,7.8727240562438965,13006000
2009-03-27,9.042499542236328,9.210000038146973,8.932499885559082,9.170000076293945,7.8684306144714355,10096400
2009-03-30,9.117500305175781,9.117500305175781,8.890000343322754,9.100000381469727,7.808372497558594,9036000
2009-03-31,9.244999885559082,9.244999885559082,8.782500267028809,8.970000267028809,7.696818828582764,10235200
2009-04-01,8.837499618530273,9.079999923706055,8.717499732971191,9.069999694824219,7.782630920410156,9883200
2009-04-02,9.217499732971191,9.482500076293945,9.1875,9.25,7.9370808601379395,13406800
2009-04-03,9.40250015258789,9.40250015258789,9.102499961853027,9.237500190734863,7.92635440826416,8947600
2009-04-06,9.167499542236328,9.414999961853027,9.087499618530273,9.40999984741211,8.074366569519043,13801600
2009-04-07,9.274999618530273,9.297499656677246,8.975000381469727,9.1274995803833,7.831964492797852,12100400
2009-04-08,9.199999809265137,9.467499732971191,9.1850004196167,9.467499732971191,8.12370777130127,8818000
2009-04-09,9.774999618530273,10.137499809265137,9.774999618530273,9.920000076293945,8.511981964111328,18084000
2009-04-13,9.975000381469727,9.977499961853027,9.667499542236328,9.755000114440918,8.370399475097656,9712800
2009-04-14,9.732500076293945,9.842499732971191,9.539999961853027,9.757499694824219,8.37254524230957,13570800
2009-04-15,9.667499542236328,9.857500076293945,9.505000114440918,9.707500457763672,8.329642295837402,10653200
2009-04-16,9.782500267028809,9.880000114440918,9.602499961853027,9.835000038146973,8.439045906066895,12808800
2009-04-17,9.8125,9.882499694824219,9.702500343322754,9.787500381469727,8.39829158782959,11123600
2009-04-20,9.65250015258789,9.725000381469727,9.492500305175781,9.647500038146973,8.278160095214844,11485200
2009-04-21,9.547499656677246,9.970000267028809,9.547499656677246,9.917499542236328,8.509833335876465,9900800
2009-04-22,9.835000038146973,10.257499694824219,9.800000190734863,9.96500015258789,8.550593376159668,14255200
2009-04-23,9.9375,10.020000457763672,9.614999771118164,9.869999885559082,8.46907901763916,9983200
2009-04-24,9.954999923706055,10.017499923706055,9.720000267028809,9.757499694824219,8.37254524230957,12150000
2009-04-27,9.642499923706055,9.942500114440918,9.5600004196167,9.625,8.258849143981934,13818400
2009-04-28,9.52750015258789,9.892499923706055,9.52750015258789,9.774999618530273,8.387565612792969,11568400
2009-04-29,9.755000114440918,9.869999885559082,9.292499542236328,9.3100004196167,7.988563060760498,17204800
2009-04-30,9.427499771118164,9.662500381469727,9.3725004196167,9.484999656677246,8.138727188110352,23607600
2009-05-01,9.545000076293945,9.582500457763672,9.292499542236328,9.4975004196167,8.149449348449707,13241600
2009-05-04,9.512499809265137,9.7475004196167,9.484999656677246,9.675000190734863,8.301758766174316,12757200
2009-05-05,9.675000190734863,9.75,9.5,9.574999809265137,8.215949058532715,11074000
2009-05-06,9.6274995803833,9.772500038146973,9.274999618530273,9.505000114440918,8.1558837890625,14562800
2009-05-07,9.625,9.744999885559082,9.117500305175781,9.175000190734863,7.8727240562438965,17118400
2009-05-08,9.229999542236328,9.362500190734863,8.982500076293945,9.117500305175781,7.823385715484619,12857600
2009-05-11,8.977499961853027,9.202500343322754,8.762499809265137,9.057499885559082,7.771903991699219,11994000
2009-05-12,9.167499542236328,9.3149995803833,8.772500038146973,8.967499732971191,7.694675445556641,12038800
2009-05-13,8.887499809265137,8.949999809265137,8.6850004196167,8.829999923706055,7.576691627502441,10414800
2009-05-14,8.845000267028809,9.074999809265137,8.762499809265137,8.807499885559082,7.557385444641113,9650000
2009-05-15,8.800000190734863,8.984999656677246,8.725000381469727,8.797499656677246,7.54880428314209,8225200
2009-05-18,8.9975004196167,9.057499885559082,8.8100004196167,9.037500381469727,7.7547430992126465,6324800
2009-05-19,8.949999809265137,9.27750015258789,8.899999618530273,9.177499771118164,7.874868392944336,10280800
2009-05-20,9.27750015258789,9.457500457763672,8.925000190734863,8.952500343322754,7.681806564331055,10925600
2009-05-21,9.295000076293945,9.702500343322754,9.175000190734863,9.677499771118164,8.303898811340332,25017200
2009-05-22,9.739999771118164,9.857500076293945,9.53499984741211,9.744999885559082,8.36181926727295,11038800
2009-05-26,9.619999885559082,9.957500457763672,9.520000457763672,9.90250015258789,8.496965408325195,12738400
2009-05-27,9.862500190734863,10.0625,9.625,9.744999885559082,8.36181926727295,16128800
2009-05-28,9.845000267028809,9.962499618530273,9.5,9.797499656677246,8.406867027282715,14864800
2009-05-29,9.767499923706055,9.850000381469727,9.555000305175781,9.789999961853027,8.400432586669922,12945600
2009-06-01,9.852499961853027,10.069999694824219,9.779999732971191,9.977499961853027,8.561321258544922,12330000
2009-06-02,9.942500114440918,10.207500457763672,9.859999656677246,10.079999923706055,8.649273872375488,13270000
2009-06-03,10.050000190734863,10.194999694824219,9.967499732971191,10.039999961853027,8.614947319030762,16612800
2009-06-04,9.850000381469727,9.854999542236328,9.609999656677246,9.782500267028809,8.417049407958984,12519600
2009-06-05,9.875,9.952500343322754,9.582500457763672,9.84000015258789,8.466527938842773,10787600
2009-06-08,9.694999694824219,10.0,9.664999961853027,9.9375,8.550416946411133,6764800
2009-06-09,9.9375,10.1225004196167,9.837499618530273,9.967499732971191,8.576226234436035,5946800
2009-06-10,10.022500038146973,10.0600004196167,9.694999694824219,9.90250015258789,8.520302772521973,10866000
2009-06-11,9.947500228881836,9.987500190734863,9.702500343322754,9.710000038146973,8.354671478271484,8602000
2009-06-12,9.680000305175781,9.862500190734863,9.507499694824219,9.857500076293945,8.481583595275879,7863200
2009-06-15,9.725000381469727,9.77750015258789,9.5024995803833,9.765000343322754,8.401993751525879,10446800
2009-06-16,9.822500228881836,9.829999923706055,9.470000267028809,9.517499923706055,8.189042091369629,10906400
2009-06-17,9.640000343322754,9.832500457763672,9.479999542236328,9.78499984741211,8.419204711914062,9125200
2009-06-18,9.765000343322754,9.859999656677246,9.625,9.737500190734863,8.378334045410156,6239600
2009-06-19,9.84000015258789,9.84000015258789,9.662500381469727,9.664999961853027,8.315953254699707,8921200
2009-06-22,9.47249984741211,9.84000015258789,9.470000267028809,9.7524995803833,8.391239166259766,9026000
2009-06-23,9.739999771118164,9.832500457763672,9.5,9.510000228881836,8.182588577270508,8012000
2009-06-24,9.537500381469727,9.65999984741211,9.432499885559082,9.482500076293945,8.158927917480469,6950800
2009-06-25,9.470000267028809,9.887499809265137,9.470000267028809,9.704999923706055,8.350372314453125,10344800
2009-06-26,9.667499542236328,9.757499694824219,9.572500228881836,9.587499618530273,8.249268531799316,12068400
2009-06-29,9.59000015258789,9.817500114440918,9.520000457763672,9.744999885559082,8.384786605834961,6135600
2009-06-30,9.72249984741211,9.805000305175781,9.572500228881836,9.649999618530273,8.303045272827148,7701600
2009-07-01,9.742500305175781,9.742500305175781,9.53499984741211,9.6274995803833,8.28368854522705,6705600
2009-07-02,9.537500381469727,9.6274995803833,9.432499885559082,9.47249984741211,8.150322914123535,6940800
2009-07-06,9.4350004196167,9.677499771118164,9.3774995803833,9.654999732971191,8.307347297668457,8166000
2009-07-07,9.6899995803833,9.7524995803833,9.614999771118164,9.720000267028809,8.363277435302734,12006400
2009-07-08,9.7524995803833,10.180000305175781,9.732500076293945,10.137499809265137,8.72249698638916,16491600
2009-07-09,10.332500457763672,10.462499618530273,10.1899995803833,10.289999961853027,8.853715896606445,16564800
2009-07-10,10.242500305175781,10.332500457763672,10.102499961853027,10.210000038146973,8.784879684448242,11720800
2009-07-13,10.1875,10.420000076293945,10.0600004196167,10.399999618530273,8.948363304138184,10387600
2009-07-14,10.329999923706055,10.482500076293945,10.267499923706055,10.460000038146973,8.999987602233887,9725200
2009-07-15,10.5,10.787500381469727,10.404999732971191,10.78499984741211,9.279624938964844,12586000
2009-07-16,10.727499961853027,10.927499771118164,10.680000305175781,10.904999732971191,9.38287353515625,7733600
2009-07-17,10.932499885559082,10.932499885559082,10.772500038146973,10.854999542236328,9.339849472045898,7706400
2009-07-20,10.822500228881836,10.949999809265137,10.672499656677246,10.927499771118164,9.402229309082031,9979600
2009-07-21,10.864999771118164,10.942500114440918,10.672499656677246,10.854999542236328,9.339849472045898,9412400
2009-07-22,10.762499809265137,11.1225004196167,10.762499809265137,10.977499961853027,9.44525146484375,7606000
2009-07-23,10.9375,11.175000190734863,10.864999771118164,11.0,9.464615821838379,9732000
2009-07-24,10.925000190734863,11.145000457763672,10.854999542236328,11.1225004196167,9.570013999938965,6245600
2009-07-27,11.0649995803833,11.119999885559082,10.852499961853027,11.015000343322754,9.477519035339355,4896000
2009-07-28,10.952500343322754,11.1225004196167,10.899999618530273,11.042499542236328,9.501179695129395,8756800
2009-07-29,10.987500190734863,11.1850004196167,10.982500076293945,11.100000381469727,9.550650596618652,5787600
2009-07-30,11.192500114440918,11.4375,11.072500228881836,11.085000038146973,9.53774642944336,5924800
2009-07-31,11.100000381469727,11.220000267028809,11.007499694824219,11.017499923706055,9.479668617248535,5369200
2009-08-03,10.800000190734863,10.9350004196167,10.640000343322754,10.930000305175781,9.404382705688477,8596800
2009-08-04,10.90999984741211,10.960000038146973,10.492500305175781,10.53499984741211,9.064519882202148,13726800
2009-08-05,10.577500343322754,10.675000190734863,10.40999984741211,10.640000343322754,9.154862403869629,12279200
2009-08-06,10.975000381469727,11.194999694824219,10.712499618530273,10.992500305175781,9.458160400390625,12353600
2009-08-07,11.199999809265137,11.487500190734863,11.045000076293945,11.3725004196167,9.785120010375977,9529200
2009-08-10,11.375,11.375,11.03499984741211,11.119999885559082,9.567861557006836,5700800
2009-08-11,11.119999885559082,11.217499732971191,11.024999618530273,11.109999656677246,9.559255599975586,5581600
2009-08-12,11.154999732971191,11.3725004196167,11.109999656677246,11.272500038146973,9.699077606201172,5476400
2009-08-13,11.232500076293945,11.359999656677246,11.100000381469727,11.302499771118164,9.724888801574707,5990400
2009-08-14,11.21500015258789,11.342499732971191,11.039999961853027,11.100000381469727,9.550650596618652,4939600
2009-08-17,10.97249984741211,11.050000190734863,10.845000267028809,10.987500190734863,9.453857421875,6658800
2009-08-18,11.077500343322754,11.104999542236328,10.779999732971191,10.890000343322754,9.369964599609375,6427600
2009-08-19,10.845000267028809,11.1899995803833,10.817500114440918,11.15999984741211,9.602278709411621,7540400
2009-08-20,11.422499656677246,11.632499694824219,11.350000381469727,11.600000381469727,9.980864524841309,13064400
2009-08-21,11.470000267028809,11.762499809265137,11.470000267028809,11.699999809265137,10.06690502166748,8876000
2009-08-24,11.729999542236328,11.760000228881836,11.484999656677246,11.494999885559082,9.890519142150879,5030400
2009-08-25,11.5625,11.827500343322754,11.505000114440918,11.725000381469727,10.088420867919922,6482800
2009-08-26,11.710000038146973,11.822500228881836,11.550000190734863,11.567500114440918,9.952903747558594,6447200
2009-08-27,11.574999809265137,11.6875,11.4375,11.667499542236328,10.038941383361816,5329200
2009-08-28,11.765000343322754,11.819999694824219,11.6225004196167,11.78499984741211,10.14003849029541,7165600
2009-08-31,11.800000190734863,11.800000190734863,11.5625,11.65999984741211,10.032492637634277,6684400
2009-09-01,11.59000015258789,11.710000038146973,11.295000076293945,11.305000305175781,9.750035285949707,9764800
2009-09-02,11.260000228881836,11.34749984741211,11.167499542236328,11.302499771118164,9.747880935668945,6947600
2009-09-03,11.350000381469727,11.637499809265137,11.350000381469727,11.625,10.026019096374512,7959200
2009-09-04,11.682499885559082,11.854999542236328,11.484999656677246,11.7475004196167,10.131672859191895,5058400
2009-09-08,11.800000190734863,11.832500457763672,11.522500038146973,11.617500305175781,10.019552230834961,6350000
2009-09-09,11.6225004196167,11.907500267028809,11.587499618530273,11.8774995803833,10.24378776550293,8146800
2009-09-10,11.8774995803833,11.914999961853027,11.664999961853027,11.787500381469727,10.166165351867676,5916800
2009-09-11,11.75,11.857500076293945,11.587499618530273,11.637499809265137,10.0368013381958,4897200
2009-09-14,11.574999809265137,11.890000343322754,11.5600004196167,11.880000114440918,10.245948791503906,4712000
2009-09-15,11.882499694824219,11.979999542236328,11.670000076293945,11.859999656677246,10.228700637817383,6021200
2009-09-16,11.837499618530273,12.0,11.770000457763672,11.9975004196167,10.347288131713867,5725600
2009-09-17,11.975000381469727,12.0600004196167,11.824999809265137,11.845000267028809,10.21575927734375,7720000
2009-09-18,11.932499885559082,11.9350004196167,11.779999732971191,11.84749984741211,10.217917442321777,7096000
2009-09-21,11.75,11.994999885559082,11.72249984741211,11.977499961853027,10.330033302307129,6222400
2009-09-22,11.994999885559082,12.125,11.920000076293945,12.0,10.349438667297363,5219600
2009-09-23,12.067500114440918,12.067500114440918,11.789999961853027,11.789999961853027,10.168323516845703,4427200
2009-09-24,11.802499771118164,11.880000114440918,11.734999656677246,11.805000305175781,10.181264877319336,2978800
2009-09-25,11.824999809265137,11.885000228881836,11.6875,11.757499694824219,10.140294075012207,6110400
2009-09-28,11.72249984741211,12.0600004196167,11.72249984741211,12.042499542236328,10.386094093322754,4460000
2009-09-29,12.012499809265137,12.145000457763672,11.942500114440918,12.022500038146973,10.368846893310547,5666800
2009-09-30,12.072500228881836,12.072500228881836,11.795000076293945,11.942500114440918,10.299849510192871,4913200
2009-10-01,11.942500114440918,11.957500457763672,11.640000343322754,11.647500038146973,10.045424461364746,8781200
2009-10-02,11.664999961853027,11.720000267028809,11.475000381469727,11.5024995803833,9.920369148254395,7398800
2009-10-05,11.6875,11.694999694824219,11.4975004196167,11.645000457763672,10.043268203735352,6208400
2009-10-06,11.704999923706055,12.117500305175781,11.675000190734863,12.114999771118164,10.448617935180664,9275200
2009-10-07,12.050000190734863,12.15999984741211,11.899999618530273,12.074999809265137,10.414124488830566,6904400
2009-10-08,12.359999656677246,12.625,11.677499771118164,11.7475004196167,10.131672859191895,22700800
2009-10-09,11.680000305175781,11.734999656677246,11.22249984741211,11.300000190734863,9.745722770690918,22286800
2009-10-12,11.385000228881836,11.489999771118164,11.292499542236328,11.397500038146973,9.829816818237305,9850000
2009-10-13,11.375,11.617500305175781,11.3125,11.520000457763672,9.935462951660156,7250000
2009-10-14,11.550000190734863,11.670000076293945,11.489999771118164,11.595000267028809,10.000147819519043,7903600
2009-10-15,11.507499694824219,11.604999542236328,11.295000076293945,11.359999656677246,9.797471046447754,9010800
2009-10-16,11.317500114440918,11.555000305175781,11.154999732971191,11.430000305175781,9.857843399047852,8088400
2009-10-19,11.479999542236328,11.647500038146973,11.359999656677246,11.617500305175781,10.019552230834961,5379600
2009-10-20,11.617500305175781,11.617500305175781,11.407500267028809,11.470000267028809,9.892339706420898,3968000
2009-10-21,11.412500381469727,11.647500038146973,11.345000267028809,11.34749984741211,9.786693572998047,6597200
2009-10-22,11.404999732971191,11.7475004196167,11.399999618530273,11.640000343322754,10.038959503173828,6580800
2009-10-23,11.602499961853027,11.694999694824219,11.432499885559082,11.529999732971191,9.94408893585205,4232000
2009-10-26,11.512499809265137,11.757499694824219,11.475000381469727,11.484999656677246,9.905275344848633,5744800
2009-10-27,11.475000381469727,11.579999923706055,11.207500457763672,11.262499809265137,9.71338176727295,9164400
2009-10-28,11.28499984741211,11.350000381469727,10.9399995803833,10.947500228881836,9.441706657409668,8558000
2009-10-29,11.010000228881836,11.207500457763672,10.932499885559082,11.149999618530273,9.616355895996094,4967600
2009-10-30,11.079999923706055,11.3125,10.967499732971191,11.0024995803833,9.489144325256348,9427200
2009-11-02,11.072500228881836,11.305000305175781,11.017499923706055,11.197500228881836,9.657320976257324,8131200
2009-11-03,11.145000457763672,11.317500114440918,10.992500305175781,11.3125,9.756502151489258,6511200
2009-11-04,11.422499656677246,11.479999542236328,11.182499885559082,11.220000267028809,9.676729202270508,6321200
2009-11-05,11.255000114440918,11.46500015258789,11.147500038146973,11.385000228881836,9.819034576416016,8520000
2009-11-06,11.382499694824219,11.462499618530273,11.137499809265137,11.404999732971191,9.836278915405273,6042000
2009-11-09,11.4975004196167,11.617500305175781,11.392499923706055,11.569999694824219,9.978585243225098,5227200
2009-11-10,11.569999694824219,11.6225004196167,11.522500038146973,11.574999809265137,9.982898712158203,7270400
2009-11-11,11.692500114440918,11.84000015258789,11.607500076293945,11.6850004196167,10.077768325805664,5740800
2009-11-12,11.732500076293945,11.805000305175781,11.432499885559082,11.449999809265137,9.875091552734375,6824400
2009-11-13,11.4975004196167,11.600000381469727,11.385000228881836,11.5024995803833,9.920369148254395,4570800
2009-11-16,11.52750015258789,11.645000457763672,11.47249984741211,11.5600004196167,9.969963073730469,4777600
2009-11-17,11.557499885559082,11.640000343322754,11.262499809265137,11.397500038146973,9.829816818237305,7506800
2009-11-18,11.397500038146973,11.577500343322754,11.362500190734863,11.517499923706055,9.933308601379395,7208800
2009-11-19,11.300000190734863,11.3725004196167,11.109999656677246,11.212499618530273,9.670256614685059,15661600
2009-11-20,11.220000267028809,11.237500190734863,10.927499771118164,10.952500343322754,9.446022033691406,12527600
2009-11-23,11.024999618530273,11.180000305175781,10.962499618530273,10.987500190734863,9.47620677947998,8571200
2009-11-24,11.072500228881836,11.1274995803833,10.987500190734863,11.069999694824219,9.54736042022705,6252800
2009-11-25,10.949999809265137,11.25,10.949999809265137,11.229999542236328,9.685352325439453,6108000
2009-11-27,10.967499732971191,11.237500190734863,10.8149995803833,11.072500228881836,9.549514770507812,2468000
2009-11-30,11.052499771118164,11.140000343322754,10.875,10.994999885559082,9.482674598693848,8399600
2009-12-01,11.045000076293945,11.15250015258789,11.0024995803833,11.09749984741211,9.571073532104492,7094800
2009-12-02,11.072500228881836,11.232500076293945,11.03499984741211,11.085000038146973,9.560293197631836,4556000
2009-12-03,11.145000457763672,11.199999809265137,10.9350004196167,10.9375,9.43308162689209,12372000
2009-12-04,10.962499618530273,11.09749984741211,10.857500076293945,10.907500267028809,9.430923461914062,9541200
2009-12-07,10.922499656677246,11.069999694824219,10.862500190734863,10.96500015258789,9.480639457702637,3603600
2009-12-08,10.895000457763672,10.979999542236328,10.75,10.887499809265137,9.413627624511719,6454400
2009-12-09,10.829999923706055,10.880000114440918,10.699999809265137,10.734999656677246,9.281776428222656,5911600
2009-12-10,10.7475004196167,11.029999732971191,10.7475004196167,10.927499771118164,9.448213577270508,5947600
2009-12-11,10.96500015258789,11.042499542236328,10.807499885559082,10.882499694824219,9.409307479858398,6188800
2009-12-14,11.0625,11.234999656677246,11.042499542236328,11.227499961853027,9.707606315612793,13672400
2009-12-15,11.197500228881836,11.390000343322754,11.15999984741211,11.3149995803833,9.783258438110352,9171600
2009-12-16,11.34749984741211,11.422499656677246,11.1875,11.207500457763672,9.69031047821045,11090400
2009-12-17,11.114999771118164,11.142499923706055,11.0024995803833,11.085000038146973,9.584391593933105,7542000
2009-12-18,11.0649995803833,11.135000228881836,10.725000381469727,10.725000381469727,9.273127555847168,112227600
2009-12-21,10.720000267028809,11.045000076293945,10.720000267028809,10.925000190734863,9.446056365966797,18178400
2009-12-22,10.9375,10.9375,10.657500267028809,10.704999923706055,9.255833625793457,11795200
2009-12-23,10.702500343322754,10.837499618530273,10.654999732971191,10.720000267028809,9.268802642822266,7987200
2009-12-24,10.707500457763672,10.787500381469727,10.600000381469727,10.6274995803833,9.188828468322754,2283600
2009-12-28,10.6274995803833,10.744999885559082,10.6274995803833,10.704999923706055,9.255833625793457,8287600
2009-12-29,10.7475004196167,10.892499923706055,10.707500457763672,10.8725004196167,9.400662422180176,7738000
2009-12-30,10.807499885559082,10.899999618530273,10.772500038146973,10.837499618530273,9.370401382446289,5184400
2009-12-31,10.824999809265137,10.895000457763672,10.677499771118164,10.677499771118164,9.232061386108398,4372000
2010-01-04,10.692500114440918,10.732500076293945,10.574999809265137,10.672499656677246,9.227736473083496,15743600
2010-01-05,10.710000038146973,10.875,10.65250015258789,10.867500305175781,9.396340370178223,9369600
2010-01-06,10.8149995803833,11.037500381469727,10.787500381469727,11.03499984741211,9.541162490844727,13144800
2010-01-07,11.414999961853027,11.609999656677246,11.390000343322754,11.487500190734863,9.93240737915039,23984800
2010-01-08,11.255000114440918,11.335000038146973,11.194999694824219,11.265000343322754,9.74002742767334,15926000
2010-01-11,11.300000190734863,11.335000038146973,11.130000114440918,11.319999694824219,9.787582397460938,10197600
2010-01-12,11.292499542236328,11.375,11.262499809265137,11.362500190734863,9.82433032989502,9478400
2010-01-13,11.414999961853027,11.515000343322754,11.375,11.482500076293945,9.928085327148438,7983600
2010-01-14,11.432499885559082,11.470000267028809,11.382499694824219,11.399999618530273,9.8567533493042,8125600
2010-01-15,11.447500228881836,11.452500343322754,11.199999809265137,11.220000267028809,9.701116561889648,6539600
2010-01-19,11.234999656677246,11.46500015258789,11.232500076293945,11.444999694824219,9.89565658569336,6678400
2010-01-20,11.390000343322754,11.414999961853027,11.210000038146973,11.3149995803833,9.783258438110352,5241600
2010-01-21,11.342499732971191,11.390000343322754,11.09000015258789,11.107500076293945,9.60384750366211,8160000
2010-01-22,11.03499984741211,11.204999923706055,10.944999694824219,10.957500457763672,9.474153518676758,9143600
2010-01-25,11.03499984741211,11.140000343322754,11.0024995803833,11.087499618530273,9.586557388305664,10186400
2010-01-26,11.050000190734863,11.350000381469727,11.010000228881836,11.300000190734863,9.77029037475586,10211600
2010-01-27,11.385000228881836,11.515000343322754,11.212499618530273,11.5024995803833,9.94537353515625,12769600
2010-01-28,11.529999732971191,11.537500381469727,11.364999771118164,11.507499694824219,9.949700355529785,13789200
2010-01-29,11.529999732971191,11.732500076293945,11.482500076293945,11.482500076293945,9.928085327148438,13900400
2010-02-01,11.567500114440918,11.702500343322754,11.5,11.625,10.051291465759277,9596000
2010-02-02,11.592499732971191,11.75,11.557499885559082,11.707500457763672,10.122624397277832,10828800
2010-02-03,11.65250015258789,11.677499771118164,11.462499618530273,11.550000190734863,9.986442565917969,12430400
2010-02-04,11.295000076293945,11.520000457763672,11.260000228881836,11.300000190734863,9.77029037475586,13031600
2010-02-05,11.342499732971191,11.53499984741211,11.3125,11.492500305175781,9.936731338500977,11869200
2010-02-08,11.362500190734863,11.53499984741211,11.229999542236328,11.297499656677246,9.768126487731934,8425600
2010-02-09,11.420000076293945,11.475000381469727,11.28499984741211,11.385000228881836,9.843783378601074,7817600
2010-02-10,11.3774995803833,11.454999923706055,11.292499542236328,11.327500343322754,9.7940673828125,7723600
2010-02-11,11.3725004196167,11.592499732971191,11.3125,11.550000190734863,9.986442565917969,7793600
2010-02-12,11.510000228881836,11.617500305175781,11.412500381469727,11.607500076293945,10.036162376403809,6904800
2010-02-16,11.667499542236328,11.699999809265137,11.5600004196167,11.65250015258789,10.0750732421875,5942800
2010-02-17,11.670000076293945,11.774999618530273,11.647500038146973,11.772500038146973,10.213889122009277,5629600
2010-02-18,11.8100004196167,11.84749984741211,11.717499732971191,11.774999618530273,10.216057777404785,4888400
2010-02-19,11.732500076293945,11.8149995803833,11.642499923706055,11.774999618530273,10.216057777404785,6316400
2010-02-22,11.762499809265137,11.824999809265137,11.65250015258789,11.787500381469727,10.226901054382324,7893200
2010-02-23,11.787500381469727,11.819999694824219,11.65250015258789,11.755000114440918,10.198702812194824,8288800
2010-02-24,11.824999809265137,12.047499656677246,11.7524995803833,12.03499984741211,10.441634178161621,7453600
2010-02-25,11.962499618530273,12.244999885559082,11.880000114440918,12.217499732971191,10.599969863891602,9108400
2010-02-26,12.257499694824219,12.267499923706055,12.137499809265137,12.229999542236328,10.610815048217773,8029200
2010-03-01,12.265000343322754,12.352499961853027,12.092499732971191,12.324999809265137,10.693238258361816,8996800
2010-03-02,12.362500190734863,12.404999732971191,12.297499656677246,12.319999694824219,10.688899040222168,10063600
2010-03-03,12.359999656677246,12.412500381469727,12.302499771118164,12.362500190734863,10.725775718688965,7551200
2010-03-04,12.5,12.887499809265137,12.417499542236328,12.765000343322754,11.07498550415039,15167200
2010-03-05,12.795000076293945,12.852499961853027,12.6899995803833,12.78499984741211,11.092337608337402,12361200
2010-03-08,12.772500038146973,12.967499732971191,12.739999771118164,12.947500228881836,11.233321189880371,7447200
2010-03-09,12.947500228881836,12.97249984741211,12.832500457763672,12.869999885559082,11.166085243225098,10384000
2010-03-10,12.920000076293945,13.055000305175781,12.895000457763672,13.017499923706055,11.29405689239502,9565200
2010-03-11,12.96500015258789,13.170000076293945,12.895000457763672,13.15250015258789,11.41118049621582,11040000
2010-03-12,13.145000457763672,13.239999771118164,13.09749984741211,13.229999542236328,11.478423118591309,6421200
2010-03-15,13.232500076293945,13.430000305175781,13.147500038146973,13.387499809265137,11.615067481994629,8617200
2010-03-16,13.387499809265137,13.577500343322754,13.385000228881836,13.552499771118164,11.75822639465332,8393200
2010-03-17,13.587499618530273,13.625,13.417499542236328,13.489999771118164,11.703998565673828,9937600
2010-03-18,13.354999542236328,13.487500190734863,12.954999923706055,13.037500381469727,11.311408042907715,19119600
2010-03-19,13.037500381469727,13.517499923706055,13.024999618530273,13.517499923706055,11.727858543395996,20170000
2010-03-22,13.475000381469727,13.744999885559082,13.449999809265137,13.672499656677246,11.862337112426758,8683200
2010-03-23,13.675000190734863,13.680000305175781,13.444999694824219,13.5649995803833,11.76906681060791,10936800
2010-03-24,13.5649995803833,13.5649995803833,13.34000015258789,13.395000457763672,11.621575355529785,8198000
2010-03-25,13.447500228881836,13.53499984741211,13.3774995803833,13.4350004196167,11.656281471252441,7839200
2010-03-26,13.225000381469727,13.417499542236328,13.202500343322754,13.40250015258789,11.628084182739258,11890800
2010-03-29,13.40250015258789,13.462499618530273,13.270000457763672,13.369999885559082,11.599885940551758,5477600
2010-03-30,13.390000343322754,13.452500343322754,13.265000343322754,13.319999694824219,11.556507110595703,9963200
2010-03-31,13.407500267028809,13.454999923706055,13.125,13.367500305175781,11.597719192504883,7000400
2010-04-01,13.454999923706055,13.52750015258789,13.287500381469727,13.354999542236328,11.586872100830078,6247200
2010-04-05,13.4350004196167,13.782500267028809,13.422499656677246,13.742500305175781,11.92306900024414,8812000
2010-04-06,13.742500305175781,13.774999618530273,13.5625,13.670000076293945,11.860170364379883,8561200
2010-04-07,13.662500381469727,13.727499961853027,13.462499618530273,13.53499984741211,11.743042945861816,9813600
2010-04-08,13.824999809265137,14.135000228881836,13.732500076293945,14.02750015258789,12.170339584350586,18846400
2010-04-09,14.067500114440918,14.100000381469727,13.882499694824219,13.970000267028809,12.12044906616211,7982800
2010-04-12,14.012499809265137,14.074999809265137,13.869999885559082,14.0024995803833,12.14864730834961,6168400
2010-04-13,14.0,14.157500267028809,13.970000267028809,14.130000114440918,12.259269714355469,6844800
2010-04-14,14.085000038146973,14.130000114440918,13.987500190734863,14.107500076293945,12.239748001098633,4638800
2010-04-15,14.092499732971191,14.202500343322754,14.0,14.157500267028809,12.283127784729004,5435600
2010-04-16,14.154999732971191,14.220000267028809,13.97249984741211,14.104999542236328,12.237577438354492,7432400
2010-04-19,14.087499618530273,14.157500267028809,13.832500457763672,14.015000343322754,12.159497261047363,6867600
2010-04-20,14.117500305175781,14.234999656677246,14.02750015258789,14.175000190734863,12.298309326171875,7978400
2010-04-21,14.180000305175781,14.380000114440918,14.117500305175781,14.279999732971191,12.389408111572266,7156800
2010-04-22,14.25,14.637499809265137,14.1850004196167,14.600000381469727,12.66704273223877,8208800
2010-04-23,14.667499542236328,14.71500015258789,14.4399995803833,14.6274995803833,12.690897941589355,5050400
2010-04-26,14.6875,14.732500076293945,14.547499656677246,14.600000381469727,12.66704273223877,3825600
2010-04-27,14.529999732971191,14.649999618530273,14.260000228881836,14.282500267028809,12.39157772064209,8718800
2010-04-28,14.322500228881836,14.407500267028809,14.020000457763672,14.069999694824219,12.207213401794434,7038800
2010-04-29,14.154999732971191,14.382499694824219,14.074999809265137,14.322500228881836,12.426281929016113,5585600
2010-04-30,14.380000114440918,14.397500038146973,13.960000038146973,14.0,12.146478652954102,8548000
2010-05-03,14.017499923706055,14.362500190734863,13.947500228881836,14.255000114440918,12.367718696594238,4131600
2010-05-04,14.154999732971191,14.192500114440918,13.717499732971191,13.765000343322754,11.942590713500977,9152000
2010-05-05,13.712499618530273,14.017499923706055,13.587499618530273,13.75,11.929581642150879,9809200
2010-05-06,13.207500457763672,13.40250015258789,12.75,13.220000267028809,11.469745635986328,17252800
2010-05-07,13.112500190734863,13.395000457763672,12.792499542236328,12.875,11.170422554016113,10995600
2010-05-10,13.197500228881836,13.467499732971191,13.1875,13.46500015258789,11.682307243347168,7911600
2010-05-11,13.40250015258789,13.6850004196167,13.210000038146973,13.520000457763672,11.730030059814453,6050800
2010-05-12,13.512499809265137,13.587499618530273,13.427499771118164,13.5649995803833,11.76906681060791,5028000
2010-05-13,13.537500381469727,13.5649995803833,13.140000343322754,13.1899995803833,11.443716049194336,5634800
2010-05-14,13.132499694824219,13.1899995803833,12.987500190734863,13.072500228881836,11.34177303314209,7370000
2010-05-17,13.067500114440918,13.265000343322754,12.857500076293945,13.255000114440918,11.500110626220703,7918000
2010-05-18,13.09000015258789,13.270000457763672,12.897500038146973,12.944999694824219,11.231156349182129,12409600
2010-05-19,12.899999618530273,13.130000114440918,12.864999771118164,12.932499885559082,11.220309257507324,8056400
2010-05-20,12.602499961853027,13.267499923706055,12.522500038146973,13.069999694824219,11.339605331420898,16757600
2010-05-21,13.1875,13.380000114440918,12.807499885559082,13.137499809265137,11.39816951751709,12618400
2010-05-24,13.137499809265137,13.162500381469727,12.954999923706055,13.074999809265137,11.343944549560547,7161200
2010-05-25,12.822500228881836,13.255000114440918,12.71500015258789,13.212499618530273,11.463235855102539,9417600
2010-05-26,13.34000015258789,13.414999961853027,12.952500343322754,13.022500038146973,11.298394203186035,7656800
2010-05-27,13.25,13.342499732971191,13.055000305175781,13.292499542236328,11.532642364501953,5759600
2010-05-28,13.352499961853027,13.3725004196167,13.005000114440918,13.100000381469727,11.365632057189941,9551600
2010-06-01,13.074999809265137,13.397500038146973,13.069999694824219,13.167499542236328,11.424195289611816,7612400
2010-06-02,13.1899995803833,13.607500076293945,13.104999542236328,13.600000381469727,11.799439430236816,8942800
2010-06-03,13.84000015258789,14.475000381469727,13.75,14.047499656677246,12.223641395568848,14986400
2010-06-04,13.864999771118164,14.100000381469727,13.595000267028809,13.657500267028809,11.88428020477295,10070800
2010-06-07,13.6875,13.845000267028809,13.260000228881836,13.27750015258789,11.55361557006836,8049600
2010-06-08,13.260000228881836,13.6875,13.140000343322754,13.649999618530273,11.877753257751465,11899600
2010-06-09,13.734999656677246,14.15250015258789,13.702500343322754,13.899999618530273,12.095294952392578,13636000
2010-06-10,14.069999694824219,14.395000457763672,13.984999656677246,14.367500305175781,12.502095222473145,10703200
2010-06-11,14.1850004196167,14.515000343322754,14.180000305175781,14.332500457763672,12.471637725830078,8393600
2010-06-14,14.479999542236328,14.479999542236328,14.199999809265137,14.242500305175781,12.393324851989746,7840400
2010-06-15,14.255000114440918,14.420000076293945,14.137499809265137,14.395000457763672,12.52602767944336,5908400
2010-06-16,14.327500343322754,14.454999923706055,14.25,14.362500190734863,12.497746467590332,4491200
2010-06-17,14.430000305175781,14.4975004196167,14.192500114440918,14.422499656677246,12.54995346069336,8669600
2010-06-18,14.475000381469727,14.539999961853027,14.295000076293945,14.327500343322754,12.467289924621582,7496000
2010-06-21,14.452500343322754,14.5024995803833,14.0024995803833,14.09749984741211,12.267147064208984,5379600
2010-06-22,14.095000267028809,14.292499542236328,13.779999732971191,13.817500114440918,12.023507118225098,6318000
2010-06-23,13.819999694824219,13.947500228881836,13.657500267028809,13.852499961853027,12.05395793914795,6314400
2010-06-24,13.782500267028809,13.920000076293945,13.662500381469727,13.765000343322754,11.977816581726074,5533600
2010-06-25,13.789999961853027,13.84000015258789,13.600000381469727,13.6274995803833,11.858171463012695,7367600
2010-06-28,13.65250015258789,13.772500038146973,13.510000228881836,13.667499542236328,11.892976760864258,5585600
2010-06-29,13.545000076293945,13.585000038146973,13.272500038146973,13.350000381469727,11.616703987121582,6703200
2010-06-30,13.297499656677246,13.632499694824219,13.292499542236328,13.322500228881836,11.5927734375,8041200
2010-07-01,13.295000076293945,13.7475004196167,13.1850004196167,13.6875,11.910385131835938,11190800
2010-07-02,13.732500076293945,13.8774995803833,13.545000076293945,13.5649995803833,11.803787231445312,7738000
2010-07-06,13.702500343322754,13.942500114440918,13.4399995803833,13.662500381469727,11.888627052307129,7849600
2010-07-07,13.75,14.0024995803833,13.600000381469727,13.837499618530273,12.040907859802246,11216800
2010-07-08,13.8125,13.8149995803833,13.239999771118164,13.507499694824219,11.753752708435059,14130000
2010-07-09,13.524999618530273,13.5600004196167,13.362500190734863,13.522500038146973,11.766803741455078,5312400
2010-07-12,13.494999885559082,13.720000267028809,13.380000114440918,13.4375,11.692838668823242,4966000
2010-07-13,13.52750015258789,13.635000228881836,13.4399995803833,13.574999809265137,11.81248950958252,6652800
2010-07-14,13.602499961853027,13.704999923706055,13.412500381469727,13.552499771118164,11.792911529541016,5800000
2010-07-15,13.602499961853027,13.732500076293945,13.4375,13.697500228881836,11.919083595275879,5934000
2010-07-16,13.662500381469727,13.6875,13.25,13.262499809265137,11.540557861328125,7971600
2010-07-19,13.302499771118164,13.470000267028809,13.287500381469727,13.34749984741211,11.614524841308594,5314400
2010-07-20,13.177499771118164,13.6274995803833,13.140000343322754,13.600000381469727,11.834246635437012,6045200
2010-07-21,13.6274995803833,13.6875,13.3100004196167,13.367500305175781,11.631926536560059,7531600
2010-07-22,13.449999809265137,13.772500038146973,13.414999961853027,13.712499618530273,11.932136535644531,5705200
2010-07-23,13.739999771118164,13.9399995803833,13.657500267028809,13.912500381469727,12.106171607971191,5027600
2010-07-26,13.912500381469727,13.989999771118164,13.75,13.970000267028809,12.156203269958496,4617200
2010-07-27,13.954999923706055,13.977499961853027,13.407500267028809,13.532500267028809,11.77550983428955,10548400
2010-07-28,13.489999771118164,13.637499809265137,13.262499809265137,13.3125,11.584071159362793,7752400
2010-07-29,13.387499809265137,13.447500228881836,12.845000267028809,13.085000038146973,11.386106491088867,10443200
2010-07-30,12.977499961853027,13.217499732971191,12.8725004196167,13.164999961853027,11.455720901489258,7596800
2010-08-02,13.2475004196167,13.329999923706055,12.949999809265137,13.162500381469727,11.453547477722168,8049200
2010-08-03,13.15999984741211,13.217499732971191,12.755000114440918,12.982500076293945,11.296916007995605,9271200
2010-08-04,13.0600004196167,13.232500076293945,13.022500038146973,13.227499961853027,11.510106086730957,6614400
2010-08-05,13.052499771118164,13.125,12.177499771118164,12.654999732971191,11.011937141418457,17202000
2010-08-06,12.204999923706055,12.617500305175781,12.204999923706055,12.555000305175781,10.924921035766602,10760400
2010-08-09,12.65250015258789,12.920000076293945,12.635000228881836,12.845000267028809,11.177268981933594,6565600
2010-08-10,12.78499984741211,12.852499961853027,12.664999961853027,12.7475004196167,11.092428207397461,5319200
2010-08-11,12.625,12.635000228881836,12.4350004196167,12.449999809265137,10.833556175231934,7600400
2010-08-12,12.34000015258789,12.507499694824219,12.25,12.404999732971191,10.794395446777344,6042000
2010-08-13,12.272500038146973,12.47249984741211,12.2524995803833,12.257499694824219,10.666043281555176,8845200
2010-08-16,12.207500457763672,12.4350004196167,12.1875,12.352499961853027,10.748711585998535,4710000
2010-08-17,12.467499732971191,12.537500381469727,12.3725004196167,12.417499542236328,10.805275917053223,5635600
2010-08-18,12.352499961853027,12.765000343322754,12.262499809265137,12.727499961853027,11.075023651123047,7930000
2010-08-19,12.697500228881836,12.96500015258789,12.332500457763672,12.569999694824219,10.937973022460938,12843600
2010-08-20,12.520000457763672,12.532500267028809,12.227499961853027,12.452500343322754,10.835729598999023,8064800
2010-08-23,12.5024995803833,12.850000381469727,12.487500190734863,12.635000228881836,10.99453353881836,7366400
2010-08-24,12.515000343322754,12.522500038146973,12.25,12.404999732971191,10.794395446777344,8297200
2010-08-25,12.34000015258789,12.757499694824219,12.307499885559082,12.704999923706055,11.055444717407227,5994800
2010-08-26,12.712499618530273,12.7475004196167,12.5024995803833,12.542499542236328,10.914043426513672,4577600
2010-08-27,12.595000267028809,12.787500381469727,12.375,12.737500190734863,11.083724021911621,5692400
2010-08-30,12.675000190734863,12.682499885559082,12.46500015258789,12.59000015258789,10.955375671386719,5950400
2010-08-31,12.274999618530273,12.677499771118164,12.274999618530273,12.407500267028809,10.830986022949219,12382400
2010-09-01,12.595000267028809,12.875,12.479999542236328,12.774999618530273,11.151787757873535,10790400
2010-09-02,12.857500076293945,13.112500190734863,12.774999618530273,13.050000190734863,11.391845703125,7606400
2010-09-03,13.229999542236328,13.25,13.02750015258789,13.149999618530273,11.479138374328613,4855200
2010-09-07,13.107500076293945,13.142499923706055,12.869999885559082,12.895000457763672,11.256542205810547,5020000
2010-09-08,12.9350004196167,13.0625,12.914999961853027,12.942500114440918,11.298004150390625,4390800
2010-09-09,13.057499885559082,13.107500076293945,12.8774995803833,12.9375,11.293638229370117,4020000
2010-09-10,12.970000267028809,13.087499618530273,12.912500381469727,13.037500381469727,11.38093376159668,4120800
2010-09-13,13.117500305175781,13.255000114440918,13.09749984741211,13.232500076293945,11.551156044006348,3252000
2010-09-14,13.239999771118164,13.477499961853027,13.199999809265137,13.412500381469727,11.708284378051758,4591200
2010-09-15,13.302499771118164,13.555000305175781,13.302499771118164,13.515000343322754,11.797762870788574,6336000
2010-09-16,13.5,13.550000190734863,13.375,13.4975004196167,11.782485008239746,4065200
2010-09-17,13.567500114440918,13.577500343322754,13.392499923706055,13.477499961853027,11.765024185180664,6124000
2010-09-20,13.5024995803833,13.692500114440918,13.382499694824219,13.632499694824219,11.90032958984375,5549600
2010-09-21,13.53499984741211,13.614999771118164,13.317500114440918,13.47249984741211,11.760663986206055,6432000
2010-09-22,13.510000228881836,13.757499694824219,13.380000114440918,13.71500015258789,11.972349166870117,7646800
2010-09-23,13.645000457763672,14.029999732971191,13.59749984741211,13.97249984741211,12.19713020324707,8195200
2010-09-24,14.077500343322754,14.154999732971191,13.977499961853027,14.109999656677246,12.317157745361328,5217600
2010-09-27,14.0625,14.085000038146973,13.8125,13.857500076293945,12.096746444702148,5634800
2010-09-28,13.920000076293945,14.125,13.7475004196167,14.037500381469727,12.253873825073242,10751600
2010-09-29,13.979999542236328,14.015000343322754,13.84000015258789,13.914999961853027,12.146937370300293,6570400
2010-09-30,13.975000381469727,14.055000305175781,13.524999618530273,13.664999961853027,11.928701400756836,9621600
2010-10-01,13.787500381469727,13.862500190734863,13.654999732971191,13.755000114440918,12.0072660446167,6860400
2010-10-04,13.6875,13.739999771118164,13.482500076293945,13.612500190734863,11.882875442504883,7674000
2010-10-05,13.692500114440918,13.734999656677246,13.350000381469727,13.5649995803833,11.841405868530273,11971600
2010-10-06,13.510000228881836,13.579999923706055,13.327500343322754,13.579999923706055,11.854501724243164,12976400
2010-10-07,13.954999923706055,14.154999732971191,13.774999618530273,13.854999542236328,12.094561576843262,14444400
2010-10-08,13.850000381469727,14.102499961853027,13.805000305175781,13.9350004196167,12.164396286010742,6989600
2010-10-11,13.914999961853027,14.072500228881836,13.857500076293945,14.022500038146973,12.2407808303833,5852000
2010-10-12,13.975000381469727,14.114999771118164,13.864999771118164,14.042499542236328,12.258233070373535,6054000
2010-10-13,14.1225004196167,14.1225004196167,13.832500457763672,13.944999694824219,12.173124313354492,5760800
2010-10-14,13.944999694824219,14.079999923706055,13.895000457763672,13.989999771118164,12.212410926818848,4812800
2010-10-15,14.052499771118164,14.210000038146973,13.890000343322754,14.197500228881836,12.393542289733887,7210000
2010-10-18,14.207500457763672,14.362500190734863,14.1225004196167,14.274999618530273,12.461193084716797,5269200
2010-10-19,14.162500381469727,14.260000228881836,14.050000190734863,14.132499694824219,12.33680248260498,6674800
2010-10-20,14.202500343322754,14.362500190734863,14.194999694824219,14.300000190734863,12.483017921447754,5234000
2010-10-21,14.359999656677246,14.569999694824219,14.265000343322754,14.369999885559082,12.5441255569458,7088800
2010-10-22,14.399999618530273,14.484999656677246,14.272500038146973,14.404999732971191,12.57468032836914,3160000
2010-10-25,14.462499618530273,14.725000381469727,14.427499771118164,14.604999542236328,12.749265670776367,5123600
2010-10-26,14.5649995803833,14.8100004196167,14.545000076293945,14.625,12.76672077178955,5898000
2010-10-27,14.5024995803833,14.670000076293945,14.425000190734863,14.649999618530273,12.78854751586914,7014800
2010-10-28,14.727499961853027,14.772500038146973,14.417499542236328,14.592499732971191,12.738349914550781,4923600
2010-10-29,14.574999809265137,14.779999732971191,14.5,14.7475004196167,12.873658180236816,5030800
2010-11-01,14.8125,14.957500457763672,14.770000457763672,14.897500038146973,13.004598617553711,6032800
2010-11-02,15.020000457763672,15.255000114440918,14.97249984741211,15.2475004196167,13.310125350952148,8547600
2010-11-03,15.197500228881836,15.27750015258789,14.967499732971191,15.1225004196167,13.201007843017578,9862800
2010-11-04,15.352499961853027,16.0575008392334,15.352499961853027,15.907500267028809,13.886265754699707,11359200
2010-11-05,15.8725004196167,16.102500915527344,15.829999923706055,16.0625,14.021570205688477,5676800
2010-11-08,15.975000381469727,16.017499923706055,15.707500457763672,15.960000038146973,13.93209457397461,6696400
2010-11-09,16.02750015258789,16.02750015258789,15.654999732971191,15.72249984741211,13.724771499633789,5012800
2010-11-10,15.7475004196167,16.03499984741211,15.744999885559082,16.024999618530273,13.988838195800781,5973200
2010-11-11,15.917499542236328,16.204999923706055,15.8149995803833,16.145000457763672,14.093587875366211,4691600
2010-11-12,16.0575008392334,16.174999237060547,15.917499542236328,15.97249984741211,13.943007469177246,4283200
2010-11-15,16.084999084472656,16.125,15.892499923706055,15.907500267028809,13.886265754699707,3825600
2010-11-16,15.84000015258789,16.135000228881836,15.712499618530273,15.892499923706055,13.873169898986816,6028800
2010-11-17,15.932499885559082,16.424999237060547,15.869999885559082,16.350000381469727,14.272542953491211,9165200
2010-11-18,16.100000381469727,16.2549991607666,15.515000343322754,15.862500190734863,13.84698486328125,16335200
2010-11-19,15.829999923706055,16.017499923706055,15.717499732971191,16.012500762939453,13.977924346923828,5847600
2010-11-22,15.9375,16.25,15.762499809265137,16.204999923706055,14.145966529846191,6020000
2010-11-23,16.045000076293945,16.272499084472656,15.954999923706055,16.030000686645508,13.993203163146973,6106800
2010-11-24,16.087499618530273,16.422500610351562,16.087499618530273,16.395000457763672,14.311823844909668,3857600
2010-11-26,16.287500381469727,16.422500610351562,16.262500762939453,16.417499542236328,14.331462860107422,1394800
2010-11-29,16.274999618530273,16.342500686645508,15.882499694824219,16.0575008392334,14.017210960388184,5065200
2010-11-30,15.930000305175781,16.325000762939453,15.864999771118164,16.219999313354492,14.15906047821045,5421600
2010-12-01,16.375,16.645000457763672,16.292499542236328,16.397499084472656,14.314002990722656,7205200
2010-12-02,16.387500762939453,16.489999771118164,16.174999237060547,16.399999618530273,14.316186904907227,7310000
2010-12-03,16.360000610351562,16.389999389648438,16.197500228881836,16.282499313354492,14.248370170593262,5132800
2010-12-06,16.297500610351562,16.344999313354492,16.137500762939453,16.184999465942383,14.16305160522461,3801200
2010-12-07,16.3125,16.40250015258789,16.162500381469727,16.217500686645508,14.191488265991211,4232800
2010-12-08,16.407499313354492,16.407499313354492,15.989999771118164,16.084999084472656,14.075544357299805,6312400
2010-12-09,16.125,16.412500381469727,16.072500228881836,16.392499923706055,14.344626426696777,5565200
2010-12-10,16.40250015258789,16.424999237060547,16.087499618530273,16.280000686645508,14.246179580688477,5193200
2010-12-13,16.302499771118164,16.315000534057617,15.8125,15.824999809265137,13.848023414611816,5407600
2010-12-14,15.835000038146973,15.922499656677246,15.744999885559082,15.78499984741211,13.813017845153809,5382000
2010-12-15,15.75,15.819999694824219,15.470000267028809,15.582500457763672,13.635819435119629,9056000
2010-12-16,15.607500076293945,16.042499542236328,15.582500457763672,16.002500534057617,14.003351211547852,5341200
2010-12-17,15.90999984741211,15.984999656677246,15.737500190734863,15.739999771118164,13.77364444732666,5928800
2010-12-20,15.862500190734863,15.90999984741211,15.619999885559082,15.6899995803833,13.729889869689941,3575600
2010-12-21,15.710000038146973,15.850000381469727,15.600000381469727,15.77750015258789,13.806462287902832,2565600
2010-12-22,15.774999618530273,15.869999885559082,15.692500114440918,15.84000015258789,13.861151695251465,2627600
2010-12-23,15.802499771118164,15.892499923706055,15.707500457763672,15.84000015258789,13.861151695251465,2909200
2010-12-27,15.8125,15.84749984741211,15.637499809265137,15.795000076293945,13.821773529052734,1481600
2010-12-28,15.8149995803833,15.920000076293945,15.774999618530273,15.819999694824219,13.843649864196777,1740800
2010-12-29,15.827500343322754,15.994999885559082,15.827500343322754,15.8774995803833,13.893963813781738,2331600
2010-12-30,15.859999656677246,15.994999885559082,15.787500381469727,15.962499618530273,13.968347549438477,2701600
2010-12-31,15.925000190734863,15.977499961853027,15.802499771118164,15.8125,13.837087631225586,2251600
2011-01-03,16.0049991607666,16.1875,15.9375,15.970000267028809,13.974909782409668,4328000
2011-01-04,16.0,16.0,15.529999732971191,15.550000190734863,13.607381820678711,6494800
2011-01-05,15.482500076293945,15.664999961853027,15.037500381469727,15.662500381469727,13.705828666687012,7455600
2011-01-06,15.930000305175781,16.1875,15.842499732971191,15.942500114440918,13.950844764709473,12792800
2011-01-07,16.030000686645508,16.174999237060547,15.8125,15.987500190734863,13.990224838256836,6890800
2011-01-10,15.882499694824219,16.125,15.767499923706055,16.0674991607666,14.060230255126953,7120800
2011-01-11,16.102500915527344,16.137500762939453,15.947500228881836,16.122499465942383,14.108356475830078,4050000
2011-01-12,16.202499389648438,16.315000534057617,15.989999771118164,16.017499923706055,14.016475677490234,4264000
2011-01-13,15.982500076293945,16.037500381469727,15.895000457763672,15.949999809265137,13.957411766052246,2676400
2011-01-14,15.904999732971191,15.982500076293945,15.84000015258789,15.962499618530273,13.968347549438477,3460400
2011-01-18,15.96500015258789,16.100000381469727,15.84000015258789,15.944999694824219,13.953034400939941,3622400
2011-01-19,15.912500381469727,16.25,15.892499923706055,16.184999465942383,14.16305160522461,4504400
2011-01-20,16.139999389648438,16.4325008392334,16.125,16.264999389648438,14.233054161071777,4756000
2011-01-21,16.292499542236328,16.352500915527344,16.15999984741211,16.229999542236328,14.20242977142334,3412800
2011-01-24,16.2450008392334,16.399999618530273,16.219999313354492,16.38249969482422,14.335881233215332,2776800
2011-01-25,16.332500457763672,16.524999618530273,16.15999984741211,16.514999389648438,14.451826095581055,3865600
2011-01-26,16.587499618530273,16.667499542236328,16.389999389648438,16.6299991607666,14.552458763122559,4220400
2011-01-27,16.645000457763672,16.862499237060547,16.545000076293945,16.747499465942383,14.65527629852295,5496000
2011-01-28,16.770000457763672,16.802499771118164,16.31999969482422,16.364999771118164,14.320565223693848,3719600
2011-01-31,16.354999542236328,16.424999237060547,16.200000762939453,16.299999237060547,14.263683319091797,4788800
2011-02-01,16.360000610351562,16.5,16.290000915527344,16.399999618530273,14.351189613342285,5332800
2011-02-02,16.377500534057617,16.422500610351562,16.110000610351562,16.212499618530273,14.187115669250488,8386800
2011-02-03,16.852500915527344,17.25,16.725000381469727,17.15250015258789,15.009685516357422,9881200
2011-02-04,17.042499542236328,17.5049991607666,17.042499542236328,17.47249984741211,15.289702415466309,5564800
2011-02-07,17.417499542236328,17.4325008392334,17.139999389648438,17.360000610351562,15.191261291503906,6213600
2011-02-08,17.3799991607666,17.53499984741211,17.332500457763672,17.479999542236328,15.296271324157715,3900400
2011-02-09,17.407499313354492,17.5625,17.329999923706055,17.38249969482422,15.210952758789062,3519600
2011-02-10,17.25749969482422,17.739999771118164,17.25749969482422,17.727500915527344,15.51285171508789,4383200
2011-02-11,17.672500610351562,17.952499389648438,17.65250015258789,17.9424991607666,15.7009859085083,4124000
2011-02-14,17.895000457763672,17.982500076293945,17.637500762939453,17.68000030517578,15.471278190612793,3500400
2011-02-15,17.655000686645508,17.797500610351562,17.614999771118164,17.665000915527344,15.458157539367676,3302800
2011-02-16,17.684999465942383,17.917499542236328,17.672500610351562,17.790000915527344,15.61616039276123,3864000
2011-02-17,17.764999389648438,17.947500228881836,17.655000686645508,17.78499984741211,15.611772537231445,2856800
2011-02-18,17.760000228881836,17.975000381469727,17.625,17.954999923706055,15.76099967956543,3722000
2011-02-22,17.885000228881836,18.174999237060547,17.627500534057617,17.677499771118164,15.517414093017578,3475200
2011-02-23,17.587499618530273,17.667499542236328,17.274999618530273,17.565000534057617,15.418652534484863,5816400
2011-02-24,17.559999465942383,17.860000610351562,17.43000030517578,17.71500015258789,15.550328254699707,3512000
2011-02-25,17.78499984741211,18.047500610351562,17.7450008392334,17.917499542236328,15.72808837890625,3754800
2011-02-28,17.920000076293945,18.042499542236328,17.762500762939453,18.010000228881836,15.809282302856445,3426800
2011-03-01,18.137500762939453,18.19499969482422,17.767499923706055,17.877500534057617,15.692970275878906,5336400
2011-03-02,17.8174991607666,18.075000762939453,17.702499389648438,18.00749969482422,15.807088851928711,4716800
2011-03-03,18.15250015258789,18.21500015258789,17.795000076293945,18.102500915527344,15.890480041503906,5564400
2011-03-04,18.042499542236328,18.107500076293945,17.799999237060547,17.977500915527344,15.780750274658203,2622400
2011-03-07,18.052499771118164,18.094999313354492,17.575000762939453,17.667499542236328,15.508631706237793,3918400
2011-03-08,17.635000228881836,17.9375,17.469999313354492,17.832500457763672,15.653470993041992,3718800
2011-03-09,17.764999389648438,17.982500076293945,17.627500534057617,17.822500228881836,15.644695281982422,2401600
2011-03-10,17.662500381469727,17.71500015258789,17.52750015258789,17.639999389648438,15.484491348266602,4072000
2011-03-11,17.575000762939453,17.989999771118164,17.4325008392334,17.924999237060547,15.734661102294922,3358400
2011-03-14,17.8174991607666,17.959999084472656,17.447500228881836,17.614999771118164,15.462539672851562,4076800
2011-03-15,17.299999237060547,17.582500457763672,17.27750015258789,17.459999084472656,15.326495170593262,3572800
2011-03-16,17.329999923706055,17.497499465942383,17.172500610351562,17.287500381469727,15.175065040588379,5832800
2011-03-17,17.40250015258789,17.635000228881836,17.125,17.450000762939453,15.317708969116211,6264000
2011-03-18,17.565000534057617,17.582500457763672,17.219999313354492,17.399999618530273,15.273819923400879,8428400
2011-03-21,17.510000228881836,17.510000228881836,17.0674991607666,17.15250015258789,15.056565284729004,7540000
2011-03-22,17.149999618530273,17.225000381469727,16.985000610351562,16.997499465942383,14.920502662658691,4928400
2011-03-23,16.924999237060547,17.302499771118164,16.862499237060547,17.229999542236328,15.124592781066895,3842000
2011-03-24,17.309999465942383,17.52750015258789,17.18000030517578,17.4325008392334,15.302350044250488,5669200
2011-03-25,17.497499465942383,17.747499465942383,17.372499465942383,17.5575008392334,15.412078857421875,3275600
2011-03-28,17.5575008392334,17.78499984741211,17.510000228881836,17.522499084472656,15.381351470947266,4870000
2011-03-29,17.477500915527344,17.579999923706055,17.417499542236328,17.545000076293945,15.401102066040039,3517600
2011-03-30,17.649999618530273,17.934999465942383,17.579999923706055,17.927499771118164,15.736858367919922,3793200
2011-03-31,17.889999389648438,17.975000381469727,17.610000610351562,17.780000686645508,15.607386589050293,5388400
2011-04-01,17.834999084472656,17.9424991607666,17.732500076293945,17.887500762939453,15.701752662658691,3664000
2011-04-04,17.862499237060547,17.934999465942383,17.639999389648438,17.832500457763672,15.653470993041992,3631600
2011-04-05,17.797500610351562,18.3125,17.797500610351562,18.104999542236328,15.89267349243164,7356000
2011-04-06,18.1875,18.2450008392334,17.9375,17.950000762939453,15.756613731384277,5253600
2011-04-07,17.862499237060547,18.0,17.542499542236328,17.725000381469727,15.559109687805176,8400000
2011-04-08,17.764999389648438,17.774999618530273,17.47249984741211,17.649999618530273,15.493271827697754,3676000
2011-04-11,17.667499542236328,17.8700008392334,17.604999542236328,17.8125,15.635916709899902,3640400
2011-04-12,17.68000030517578,18.0,17.68000030517578,17.80500030517578,15.629324913024902,3271600
2011-04-13,17.84000015258789,17.922500610351562,17.6924991607666,17.8700008392334,15.686382293701172,4690400
2011-04-14,17.737499237060547,17.8174991607666,17.537500381469727,17.6875,15.526189804077148,5088800
2011-04-15,17.700000762939453,17.81999969482422,17.487499237060547,17.802499771118164,15.627137184143066,3730400
2011-04-18,17.59749984741211,17.71500015258789,17.407499313354492,17.684999465942383,15.523993492126465,3922000
2011-04-19,17.684999465942383,17.739999771118164,17.5625,17.642499923706055,15.486688613891602,2625200
2011-04-20,17.825000762939453,18.15250015258789,17.792499542236328,18.114999771118164,15.901444435119629,5211600
2011-04-21,18.112499237060547,18.15999984741211,18.022499084472656,18.065000534057617,15.857563972473145,2540800
2011-04-25,18.02750015258789,18.137500762939453,17.96500015258789,18.114999771118164,15.901444435119629,2241200
2011-04-26,18.177499771118164,18.252500534057617,18.02750015258789,18.125,15.910225868225098,4800000
2011-04-27,18.190000534057617,18.25749969482422,18.045000076293945,18.239999771118164,16.011171340942383,3331200
2011-04-28,18.2549991607666,18.545000076293945,18.184999465942383,18.5049991607666,16.243791580200195,3928400
2011-04-29,18.502500534057617,18.559999465942383,18.38249969482422,18.422500610351562,16.171371459960938,6400000
2011-05-02,18.542499542236328,18.649999618530273,18.309999465942383,18.350000381469727,16.10774040222168,3890800
2011-05-03,18.34749984741211,18.450000762939453,18.114999771118164,18.337499618530273,16.09675407409668,5200000
2011-05-04,18.3075008392334,18.512500762939453,18.219999313354492,18.362499237060547,16.11870574951172,7042400
2011-05-05,18.770000457763672,19.84000015258789,18.702499389648438,19.637500762939453,17.237913131713867,15184400
2011-05-06,19.77750015258789,19.907499313354492,19.489999771118164,19.547500610351562,17.158910751342773,5924400
2011-05-09,19.6200008392334,19.772499084472656,19.49250030517578,19.645000457763672,17.244495391845703,3688000
2011-05-10,19.7450008392334,20.145000457763672,19.662500381469727,19.940000534057617,17.503446578979492,4894000
2011-05-11,19.899999618530273,20.287500381469727,19.829999923706055,20.270000457763672,17.793123245239258,6400000
2011-05-12,20.332500457763672,20.77750015258789,20.1924991607666,20.610000610351562,18.091575622558594,9600000
2011-05-13,20.674999237060547,20.729999542236328,20.522499084472656,20.65999984741211,18.135465621948242,4811600
2011-05-16,20.614999771118164,20.667499542236328,20.372499465942383,20.440000534057617,17.94234848022461,5251600
2011-05-17,20.40999984741211,20.514999389648438,20.18000030517578,20.25,17.775564193725586,5380400
2011-05-18,20.1825008392334,20.475000381469727,19.94499969482422,20.46500015258789,17.964290618896484,5685200
2011-05-19,20.165000915527344,20.422500610351562,20.0,20.19499969482422,17.727285385131836,8408800
2011-05-20,20.09000015258789,20.260000228881836,19.815000534057617,20.197500228881836,17.729482650756836,6633200
2011-05-23,20.017499923706055,20.2450008392334,19.969999313354492,20.100000381469727,17.64389419555664,4367200
2011-05-24,20.1875,20.239999771118164,19.889999389648438,19.899999618530273,17.46832847595215,3620000
2011-05-25,19.905000686645508,20.387500762939453,19.772499084472656,20.290000915527344,17.81068229675293,6744800
2011-05-26,20.190000534057617,20.582500457763672,20.149999618530273,20.552499771118164,18.041105270385742,6029200
2011-05-27,20.5049991607666,20.602500915527344,20.372499465942383,20.427499771118164,17.93137550354004,4637200
2011-05-31,20.5049991607666,20.600000381469727,20.30500030517578,20.489999771118164,17.986242294311523,4804800
2011-06-01,20.485000610351562,20.637500762939453,20.15250015258789,20.18000030517578,17.71412467956543,5620000
2011-06-02,20.075000762939453,20.190000534057617,19.920000076293945,20.024999618530273,17.57805824279785,3269600
2011-06-03,19.802499771118164,19.977500915527344,19.709999084472656,19.77750015258789,17.408618927001953,4292000
2011-06-06,19.78499984741211,19.844999313354492,19.469999313354492,19.482500076293945,17.14895248413086,4024400
2011-06-07,19.475000381469727,19.78499984741211,19.475000381469727,19.55500030517578,17.212770462036133,2234800
2011-06-08,19.447500228881836,19.537500381469727,19.209999084472656,19.405000686645508,17.080734252929688,4330000
2011-06-09,19.342500686645508,19.577499389648438,19.252500534057617,19.420000076293945,17.093931198120117,3356800
2011-06-10,19.315000534057617,19.332500457763672,19.049999237060547,19.0575008392334,16.77485466003418,3970400
2011-06-13,19.0625,19.209999084472656,18.954999923706055,19.112499237060547,16.823270797729492,5138000
2011-06-14,19.272499084472656,19.3799991607666,19.145000457763672,19.1924991607666,16.893680572509766,4055200
2011-06-15,19.002500534057617,19.149999618530273,18.799999237060547,18.897499084472656,16.63402557373047,4947200
2011-06-16,18.899999618530273,18.94499969482422,18.622499465942383,18.772499084472656,16.523988723754883,4754000
2011-06-17,18.97249984741211,19.190000534057617,18.790000915527344,18.795000076293945,16.54379653930664,5428000
2011-06-20,18.747499465942383,19.137500762939453,18.657499313354492,19.02750015258789,16.748455047607422,4249200
2011-06-21,19.077499389648438,19.577499389648438,18.84749984741211,19.559999465942383,17.2171688079834,5442000
2011-06-22,19.452499389648438,19.6875,19.342500686645508,19.5625,17.21936798095703,4878800
2011-06-23,19.352500915527344,19.8125,19.322500228881836,19.772499084472656,17.40421485900879,6182400
2011-06-24,19.74250030517578,19.84000015258789,19.325000762939453,19.399999618530273,17.07632827758789,8080400
2011-06-27,19.377500534057617,19.587499618530273,19.272499084472656,19.545000076293945,17.203962326049805,3435200
2011-06-28,19.59749984741211,20.110000610351562,19.59749984741211,20.077499389648438,17.672679901123047,4694000
2011-06-29,20.079999923706055,20.122499465942383,19.772499084472656,19.834999084472656,17.459230422973633,4157600
2011-06-30,19.9424991607666,20.125,19.90250015258789,20.030000686645508,17.630874633789062,3771200
2011-07-01,20.092500686645508,20.337499618530273,19.9424991607666,20.3174991607666,17.883934020996094,3288800
2011-07-05,20.3125,20.43000030517578,20.204999923706055,20.299999237060547,17.8685302734375,3796400
2011-07-06,20.27750015258789,20.40999984741211,20.142499923706055,20.267499923706055,17.83992576599121,5063200
2011-07-07,20.299999237060547,20.389999389648438,20.040000915527344,20.3174991607666,17.883934020996094,9888400
2011-07-08,20.174999237060547,20.290000915527344,19.8125,20.020000457763672,17.622074127197266,6924400
2011-07-11,19.899999618530273,20.049999237060547,19.65250015258789,19.74250030517578,17.377811431884766,5846400
2011-07-12,19.795000076293945,19.90999984741211,19.649999618530273,19.704999923706055,17.344797134399414,5152800
2011-07-13,19.84749984741211,19.9950008392334,19.572500228881836,19.6299991607666,17.278785705566406,3566400
2011-07-14,19.690000534057617,19.797500610351562,19.36750030517578,19.4424991607666,17.113744735717773,3994000
2011-07-15,19.469999313354492,19.502500534057617,19.229999542236328,19.417499542236328,17.09173583984375,4511600
2011-07-18,19.334999084472656,19.417499542236328,19.2549991607666,19.299999237060547,16.988304138183594,2922400
2011-07-19,19.450000762939453,19.594999313354492,19.412500381469727,19.4325008392334,17.104938507080078,3473200
2011-07-20,19.385000228881836,19.482500076293945,19.247499465942383,19.3075008392334,16.99491310119629,3323200
2011-07-21,19.40999984741211,19.795000076293945,19.40999984741211,19.454999923706055,17.124746322631836,3093200
2011-07-22,19.405000686645508,19.59000015258789,19.2549991607666,19.540000915527344,17.19956398010254,2918800
2011-07-25,19.387500762939453,19.469999313354492,19.059999465942383,19.170000076293945,16.873878479003906,5876400
2011-07-26,19.290000915527344,19.49250030517578,19.072500228881836,19.397499084472656,17.07413101196289,5129600
2011-07-27,19.354999542236328,19.360000610351562,18.795000076293945,18.834999084472656,16.579008102416992,4992000
2011-07-28,18.917499542236328,19.299999237060547,18.917499542236328,19.03499984741211,16.755050659179688,4110000
2011-07-29,18.844999313354492,19.155000686645508,18.75,18.9424991607666,16.673625946044922,5384800
2011-08-01,19.024999618530273,19.24250030517578,18.752500534057617,19.077499389648438,16.792457580566406,6909600
2011-08-02,18.912500381469727,19.06999969482422,18.510000228881836,18.514999389648438,16.297338485717773,4699600
2011-08-03,18.530000686645508,19.094999313354492,18.4424991607666,19.052499771118164,16.770450592041016,7711200
2011-08-04,18.96500015258789,19.315000534057617,18.582500457763672,18.61750030517578,16.387554168701172,10722400
2011-08-05,18.850000381469727,19.077499389648438,18.037500381469727,18.389999389648438,16.187305450439453,8646000
2011-08-08,18.100000381469727,18.950000762939453,17.2549991607666,17.434999465942383,15.346694946289062,8717600
2011-08-09,17.649999618530273,17.862499237060547,16.8125,17.747499465942383,15.621767044067383,12094800
2011-08-10,17.325000762939453,17.700000762939453,17.084999084472656,17.122499465942383,15.071625709533691,8713200
2011-08-11,17.40250015258789,17.989999771118164,17.274999618530273,17.767499923706055,15.639366149902344,6580400
2011-08-12,17.872499465942383,18.165000915527344,17.360000610351562,17.920000076293945,15.773597717285156,5931200
2011-08-15,17.962499618530273,18.05500030517578,17.59749984741211,18.00749969482422,15.850625991821289,4587600
2011-08-16,17.862499237060547,18.350000381469727,17.6200008392334,18.247499465942383,16.061870574951172,9745200
2011-08-17,18.229999542236328,18.362499237060547,17.6924991607666,17.950000762939453,15.800009727478027,9637200
2011-08-18,16.887500762939453,18.100000381469727,16.75,17.709999084472656,15.588753700256348,16790800
2011-08-19,17.510000228881836,17.774999618530273,17.309999465942383,17.50749969482422,15.410505294799805,9821600
2011-08-22,17.897499084472656,17.94499969482422,17.607500076293945,17.72249984741211,15.599759101867676,8699600
2011-08-23,17.75749969482422,18.625,17.704999923706055,18.412500381469727,16.207111358642578,5950800
2011-08-24,18.424999237060547,18.61750030517578,18.122499465942383,18.479999542236328,16.266523361206055,4868800
2011-08-25,18.532499313354492,18.68000030517578,17.920000076293945,17.940000534057617,15.791208267211914,4205600
2011-08-26,17.8125,18.485000610351562,17.604999542236328,18.412500381469727,16.207111358642578,4525200
2011-08-29,18.524999618530273,18.8799991607666,18.290000915527344,18.877500534057617,16.61641502380371,4224000
2011-08-30,18.790000915527344,19.207500457763672,18.790000915527344,19.110000610351562,16.821069717407227,5450400
2011-08-31,19.13249969482422,19.420000076293945,18.962499618530273,19.137500762939453,16.89389419555664,6083200
2011-09-01,19.190000534057617,19.3125,18.68000030517578,18.6924991607666,16.501062393188477,5667600
2011-09-02,18.44499969482422,18.6299991607666,18.34000015258789,18.399999618530273,16.24285125732422,4601200
2011-09-06,18.0049991607666,18.510000228881836,17.887500762939453,18.482500076293945,16.31568717956543,3807200
2011-09-07,18.649999618530273,18.917499542236328,18.559999465942383,18.899999618530273,16.684240341186523,3517600
2011-09-08,18.850000381469727,19.020000457763672,18.647499084472656,18.737499237060547,16.540794372558594,2760400
2011-09-09,18.549999237060547,18.837499618530273,18.375,18.522499084472656,16.350996017456055,4266000
2011-09-12,18.2549991607666,18.967500686645508,18.25,18.947500228881836,16.72617530822754,5019600
2011-09-13,18.9375,19.372499465942383,18.86750030517578,19.2450008392334,16.988794326782227,4161200
2011-09-14,19.292499542236328,19.47249984741211,18.907499313354492,19.239999771118164,16.984384536743164,5747600
2011-09-15,19.389999389648438,19.8174991607666,19.3174991607666,19.7450008392334,17.43017578125,4607200
2011-09-16,19.860000610351562,20.412500381469727,19.760000228881836,20.167499542236328,17.803144454956055,8634000
2011-09-19,19.88249969482422,20.450000762939453,19.75,20.309999465942383,17.928937911987305,3644800
2011-09-20,20.327499389648438,20.7450008392334,20.0,20.28499984741211,17.906864166259766,5058000
2011-09-21,20.274999618530273,20.46500015258789,19.922500610351562,19.9325008392334,17.595693588256836,4819200
2011-09-22,19.5,19.8174991607666,19.292499542236328,19.594999313354492,17.297760009765625,6284800
2011-09-23,19.489999771118164,19.922500610351562,19.424999237060547,19.88249969482422,17.551557540893555,4456800
2011-09-26,19.952499389648438,20.24250030517578,19.767499923706055,20.237499237060547,17.86493492126465,4696000
2011-09-27,20.524999618530273,20.642499923706055,20.032499313354492,20.139999389648438,17.778865814208984,5430000
2011-09-28,20.239999771118164,20.315000534057617,19.822500228881836,19.84749984741211,17.520654678344727,4621200
2011-09-29,20.149999618530273,20.36750030517578,19.267499923706055,19.59749984741211,17.29996681213379,8096800
2011-09-30,19.4424991607666,20.049999237060547,19.202499389648438,19.672500610351562,17.36617660522461,10657200
2011-10-03,19.684999465942383,19.8075008392334,19.09000015258789,19.102500915527344,16.863004684448242,6193600
2011-10-04,18.952499389648438,19.3125,18.6200008392334,19.28499984741211,17.02410316467285,6084800
2011-10-05,19.38249969482422,19.56999969482422,18.90999984741211,19.559999465942383,17.26686668395996,7730000
2011-10-06,19.649999618530273,20.510000228881836,19.572500228881836,20.190000534057617,17.822998046875,9352000
2011-10-07,20.290000915527344,20.700000762939453,20.209999084472656,20.497499465942383,18.094451904296875,5723600
2011-10-10,20.75,21.06999969482422,20.587499618530273,21.0674991607666,18.597631454467773,4256800
2011-10-11,21.09000015258789,21.252500534057617,20.81999969482422,21.237499237060547,18.747697830200195,4112000
2011-10-12,21.354999542236328,21.354999542236328,20.860000610351562,20.86750030517578,18.421077728271484,4782800
2011-10-13,20.815000534057617,21.052499771118164,20.649999618530273,20.837499618530273,18.394588470458984,3852400
2011-10-14,21.047500610351562,21.25,20.850000381469727,21.25,18.758739471435547,2902400
2011-10-17,21.0625,21.417499542236328,20.84000015258789,20.889999389648438,18.44093132019043,3352400
2011-10-18,20.8700008392334,21.395000457763672,20.709999084472656,21.212499618530273,18.725629806518555,3500400
2011-10-19,21.395000457763672,21.625,21.239999771118164,21.334999084472656,18.833770751953125,3960800
2011-10-20,21.337499618530273,21.5625,21.142499923706055,21.262500762939453,18.769775390625,4668800
2011-10-21,21.514999389648438,21.80500030517578,21.420000076293945,21.802499771118164,19.246463775634766,4871600
2011-10-24,21.799999237060547,22.177499771118164,21.7450008392334,21.959999084472656,19.385499954223633,4595200
2011-10-25,21.907499313354492,22.11750030517578,21.822500228881836,21.912500381469727,19.343563079833984,2981600
2011-10-26,22.125,22.13249969482422,21.329999923706055,21.4950008392334,18.97500991821289,6046000
2011-10-27,22.022499084472656,22.27750015258789,21.787500381469727,22.09749984741211,19.506874084472656,4722400
2011-10-28,22.05500030517578,22.219999313354492,21.737499237060547,21.892499923706055,19.325910568237305,3151200
2011-10-31,21.950000762939453,22.3125,21.915000915527344,21.9325008392334,19.361228942871094,5073200
2011-11-01,21.655000686645508,21.969999313354492,21.524999618530273,21.7549991607666,19.20452880859375,3750400
2011-11-02,21.927499771118164,21.934999465942383,21.522499084472656,21.657499313354492,19.11845588684082,4153600
2011-11-03,21.792499542236328,22.407499313354492,21.420000076293945,22.297500610351562,19.683439254760742,6521200
2011-11-04,22.270000457763672,22.452499389648438,22.047500610351562,22.352500915527344,19.731979370117188,2557200
2011-11-07,22.287500381469727,22.4424991607666,22.05500030517578,22.405000686645508,19.778331756591797,2168800
2011-11-08,22.497499465942383,22.672500610351562,22.202499389648438,22.579999923706055,19.932811737060547,2451600
2011-11-09,22.237499237060547,22.354999542236328,21.575000762939453,21.655000686645508,19.116256713867188,3585600
2011-11-10,21.899999618530273,22.072500228881836,21.657499313354492,22.017499923706055,19.436256408691406,2928000
2011-11-11,22.1924991607666,22.524999618530273,21.99250030517578,22.4424991607666,19.81143569946289,4075200
2011-11-14,22.459999084472656,22.46500015258789,22.190000534057617,22.247499465942383,19.639291763305664,2203200
2011-11-15,22.13249969482422,22.59000015258789,22.110000610351562,22.46500015258789,19.831296920776367,2800800
2011-11-16,22.229999542236328,22.267499923706055,21.854999542236328,21.97249984741211,19.39653205871582,3609600
2011-11-17,21.81999969482422,21.989999771118164,21.34749984741211,21.737499237060547,19.1890811920166,5924000
2011-11-18,21.729999542236328,21.8075008392334,21.139999389648438,21.524999618530273,19.00149917602539,7632000
2011-11-21,21.315000534057617,21.827499389648438,21.3075008392334,21.727500915527344,19.18025016784668,4689600
2011-11-22,21.737499237060547,21.772499084472656,21.5,21.602500915527344,19.06990623474121,2835600
2011-11-23,21.462499618530273,21.6924991607666,21.290000915527344,21.334999084472656,18.833770751953125,3110000
2011-11-25,21.1299991607666,21.479999542236328,20.9950008392334,21.357500076293945,18.902359008789062,2611200
2011-11-28,21.767499923706055,22.15999984741211,21.737499237060547,21.877500534057617,19.36258316040039,3303600
2011-11-29,21.985000610351562,22.372499465942383,21.875,22.350000381469727,19.78076934814453,4374400
2011-11-30,22.799999237060547,22.857500076293945,22.0575008392334,22.272499084472656,19.712177276611328,8027600
2011-12-01,22.322500228881836,23.197500228881836,22.290000915527344,23.06999969482422,20.418001174926758,6649200
2011-12-02,23.290000915527344,23.295000076293945,23.075000762939453,23.104999542236328,20.448978424072266,3712800
2011-12-05,23.4325008392334,23.447500228881836,23.202499389648438,23.329999923706055,20.648107528686523,3778800
2011-12-06,23.36750030517578,23.36750030517578,23.024999618530273,23.247499465942383,20.575096130371094,3246400
2011-12-07,23.225000381469727,23.3799991607666,23.022499084472656,23.272499084472656,20.59722328186035,2672400
2011-12-08,23.1825008392334,23.295000076293945,23.012500762939453,23.077499389648438,20.424638748168945,2862800
2011-12-09,23.15999984741211,23.405000686645508,23.09749984741211,23.395000457763672,20.70564079284668,2798400
2011-12-12,23.287500381469727,23.407499313354492,23.122499465942383,23.375,20.68793296813965,2882800
2011-12-13,23.56999969482422,23.809999465942383,23.165000915527344,23.225000381469727,20.5551815032959,4540800
2011-12-14,23.149999618530273,23.309999465942383,23.002500534057617,23.207500457763672,20.539697647094727,3483600
2011-12-15,23.392499923706055,23.457500457763672,23.162500381469727,23.204999923706055,20.5374813079834,6751600
2011-12-16,23.375,23.7549991607666,23.149999618530273,23.5,20.798566818237305,6796600
2011-12-19,23.670000076293945,23.950000762939453,23.065000534057617,23.125,20.466678619384766,3610800
2011-12-20,23.510000228881836,23.979999542236328,23.485000610351562,23.93000030517578,21.179141998291016,3991200
2011-12-21,23.954999923706055,24.075000762939453,23.655000686645508,23.905000686645508,21.15701675415039,2830400
2011-12-22,23.920000076293945,24.03499984741211,23.75,23.829999923706055,21.090633392333984,2513800
2011-12-23,23.875,24.125,23.780000686645508,24.1200008392334,21.3472957611084,1591000
2011-12-27,24.125,24.575000762939453,24.045000076293945,24.485000610351562,21.67034149169922,2109000
2011-12-28,24.565000534057617,24.565000534057617,24.094999313354492,24.239999771118164,21.45349884033203,2080000
2011-12-29,24.270000457763672,24.43000030517578,24.05500030517578,24.280000686645508,21.488906860351562,2256200
2011-12-30,24.264999389648438,24.264999389648438,23.75,23.764999389648438,21.03311538696289,4664200
2012-01-03,24.235000610351562,24.264999389648438,23.524999618530273,23.645000457763672,20.926902770996094,5587600
2012-01-04,23.645000457763672,24.190000534057617,23.524999618530273,23.809999465942383,21.07292938232422,5613800
2012-01-05,24.024999618530273,25.299999237060547,23.875,25.209999084472656,22.311992645263672,10055800
2012-01-06,25.235000610351562,25.459999084472656,25.059999465942383,25.3700008392334,22.453615188598633,4871800
2012-01-09,25.415000915527344,25.420000076293945,25.09000015258789,25.190000534057617,22.294307708740234,4782800
2012-01-10,25.389999389648438,25.399999618530273,25.010000228881836,25.155000686645508,22.263317108154297,5283800
2012-01-11,25.184999465942383,25.395000457763672,25.114999771118164,25.350000381469727,22.435903549194336,3297800
2012-01-12,25.405000686645508,25.625,25.360000610351562,25.575000762939453,22.635040283203125,3638200
2012-01-13,25.489999771118164,25.7450008392334,25.424999237060547,25.575000762939453,22.635040283203125,2990600
2012-01-17,25.80500030517578,26.030000686645508,25.68000030517578,25.829999923706055,22.8607234954834,3670400
2012-01-18,25.799999237060547,25.934999465942383,25.6299991607666,25.7450008392334,22.78549575805664,3894600
2012-01-19,25.81999969482422,25.8700008392334,25.200000762939453,25.565000534057617,22.62618637084961,6485000
2012-01-20,25.510000228881836,25.815000534057617,25.485000610351562,25.764999389648438,22.80319595336914,4725600
2012-01-23,25.81999969482422,25.885000228881836,25.579999923706055,25.854999542236328,22.882848739624023,2956200
2012-01-24,25.78499984741211,26.049999237060547,25.780000686645508,26.010000228881836,23.02003288269043,4256000
2012-01-25,25.920000076293945,26.235000610351562,25.860000610351562,26.190000534057617,23.17934226989746,3601600
2012-01-26,26.354999542236328,26.354999542236328,25.760000228881836,25.815000534057617,22.84745216369629,5338800
2012-01-27,25.809999465942383,25.899999618530273,25.420000076293945,25.545000076293945,22.608491897583008,4649200
2012-01-30,25.420000076293945,25.5,25.1299991607666,25.350000381469727,22.435903549194336,4489600
2012-01-31,25.450000762939453,25.5,25.03499984741211,25.40999984741211,22.48900032043457,4301600
2012-02-01,25.5049991607666,25.81999969482422,25.485000610351562,25.614999771118164,22.670438766479492,4506400
2012-02-02,26.020000457763672,26.264999389648438,25.545000076293945,25.594999313354492,22.652738571166992,5722000
2012-02-03,25.94499969482422,26.15999984741211,25.69499969482422,25.8799991607666,22.90497589111328,5068400
2012-02-06,25.81999969482422,25.829999923706055,25.454999923706055,25.65999984741211,22.710268020629883,4302600
2012-02-07,25.6200008392334,26.040000915527344,25.6200008392334,25.985000610351562,22.997907638549805,3314800
2012-02-08,25.975000381469727,26.104999542236328,25.655000686645508,25.81999969482422,22.851877212524414,2958800
2012-02-09,25.80500030517578,25.959999084472656,25.735000610351562,25.93000030517578,22.949228286743164,2585200
2012-02-10,25.700000762939453,25.985000610351562,25.59000015258789,25.975000381469727,22.98905372619629,2243400
2012-02-13,26.075000762939453,26.1200008392334,25.690000534057617,25.969999313354492,22.98463249206543,3483200
2012-02-14,25.834999084472656,25.989999771118164,25.735000610351562,25.950000762939453,22.96693992614746,3053000
2012-02-15,25.950000762939453,26.0,25.485000610351562,25.614999771118164,22.731760025024414,2772800
2012-02-16,25.729999542236328,26.0,25.68000030517578,25.790000915527344,22.887065887451172,2632800
2012-02-17,25.75,26.014999389648438,25.625,25.915000915527344,22.997987747192383,4135000
2012-02-21,25.959999084472656,26.100000381469727,25.875,26.024999618530273,23.095609664916992,3330000
2012-02-22,26.079999923706055,26.809999465942383,26.079999923706055,26.469999313354492,23.490516662597656,5200400
2012-02-23,26.520000457763672,26.655000686645508,26.344999313354492,26.344999313354492,23.37958526611328,3716000
2012-02-24,26.34000015258789,26.489999771118164,26.260000228881836,26.395000457763672,23.423969268798828,2116600
2012-02-27,26.299999237060547,26.645000457763672,26.190000534057617,26.545000076293945,23.557083129882812,2895400
2012-02-28,26.510000228881836,26.854999542236328,26.415000915527344,26.795000076293945,23.778942108154297,4049000
2012-02-29,26.719999313354492,26.75,26.559999465942383,26.665000915527344,23.66357421875,3679400
2012-03-01,27.110000610351562,27.135000228881836,26.899999618530273,27.125,24.0717830657959,3395800
2012-03-02,27.110000610351562,27.1299991607666,26.815000534057617,26.950000762939453,23.916488647460938,3907400
2012-03-05,26.84000015258789,27.524999618530273,26.7549991607666,27.46500015258789,24.37352180480957,4351400
2012-03-06,27.31999969482422,27.489999771118164,27.30500030517578,27.364999771118164,24.28478240966797,3399600
2012-03-07,27.354999542236328,27.559999465942383,27.104999542236328,27.46500015258789,24.37352180480957,2441000
2012-03-08,27.610000610351562,27.80500030517578,27.56999969482422,27.68000030517578,24.5643253326416,2251400
2012-03-09,27.795000076293945,28.110000610351562,27.709999084472656,27.989999771118164,24.839427947998047,1970200
2012-03-12,28.200000762939453,28.34000015258789,28.049999237060547,28.30500030517578,25.118968963623047,3525200
2012-03-13,28.459999084472656,28.530000686645508,28.200000762939453,28.475000381469727,25.26983642578125,4013600
2012-03-14,28.575000762939453,28.600000381469727,28.184999465942383,28.28499984741211,25.10122299194336,4096600
2012-03-15,28.100000381469727,28.354999542236328,27.354999542236328,28.174999237060547,25.00360107421875,8463800
2012-03-16,28.084999084472656,28.43000030517578,27.790000915527344,27.895000457763672,24.7551212310791,5293000
2012-03-19,27.80500030517578,28.059999465942383,27.7549991607666,27.854999542236328,24.719623565673828,2882600
2012-03-20,27.829999923706055,28.559999465942383,27.790000915527344,28.415000915527344,25.21658706665039,4575800
2012-03-21,28.5,28.795000076293945,28.385000228881836,28.690000534057617,25.460634231567383,3992800
2012-03-22,28.434999465942383,28.670000076293945,28.375,28.614999771118164,25.39406967163086,2233600
2012-03-23,28.5,28.600000381469727,28.059999465942383,28.55500030517578,25.340831756591797,2798000
2012-03-26,28.770000457763672,29.389999389648438,28.7549991607666,29.3799991607666,26.072967529296875,4958600
2012-03-27,29.44499969482422,29.524999618530273,29.28499984741211,29.5,26.179460525512695,3543000
2012-03-28,29.4950008392334,29.674999237060547,29.155000686645508,29.670000076293945,26.3303279876709,5550000
2012-03-29,29.655000686645508,29.65999984741211,29.190000534057617,29.375,26.068531036376953,4204800
2012-03-30,29.4950008392334,29.5049991607666,28.975000381469727,29.049999237060547,25.78011131286621,4371000
2012-04-02,29.110000610351562,29.420000076293945,29.110000610351562,29.264999389648438,25.97092056274414,4751800
2012-04-03,29.225000381469727,29.40999984741211,29.049999237060547,29.200000762939453,25.913230895996094,4378600
2012-04-04,29.045000076293945,29.30500030517578,29.0,29.184999465942383,25.89991569519043,3726800
2012-04-05,29.719999313354492,30.010000228881836,29.155000686645508,29.905000686645508,26.538875579833984,7372800
2012-04-09,29.469999313354492,29.700000762939453,29.264999389648438,29.600000381469727,26.268211364746094,4628000
2012-04-10,29.40999984741211,29.545000076293945,28.479999542236328,28.594999313354492,25.376325607299805,6414800
2012-04-11,28.764999389648438,29.184999465942383,28.700000762939453,29.075000762939453,25.80230140686035,3301000
2012-04-12,29.235000610351562,29.799999237060547,29.155000686645508,29.524999618530273,26.201642990112305,4045400
2012-04-13,29.53499984741211,29.81999969482422,29.389999389648438,29.530000686645508,26.206090927124023,3631800
2012-04-16,29.55500030517578,29.635000228881836,29.21500015258789,29.610000610351562,26.277080535888672,4026600
2012-04-17,29.69499969482422,29.985000610351562,29.489999771118164,29.850000381469727,26.490066528320312,4399200
2012-04-18,29.780000686645508,30.270000457763672,29.674999237060547,30.170000076293945,26.7740478515625,3828800
2012-04-19,30.09000015258789,30.2450008392334,29.78499984741211,29.959999084472656,26.58768081665039,3133200
2012-04-20,30.104999542236328,30.155000686645508,29.8700008392334,30.014999389648438,26.63649559020996,3968600
2012-04-23,29.895000457763672,29.90999984741211,29.5,29.850000381469727,26.490066528320312,3115800
2012-04-24,29.889999389648438,30.06999969482422,29.354999542236328,29.65999984741211,26.321453094482422,2954600
2012-04-25,29.795000076293945,30.25,29.760000228881836,30.2450008392334,26.840612411499023,2936200
2012-04-26,30.149999618530273,30.739999771118164,30.03499984741211,30.584999084472656,27.142337799072266,2569400
2012-04-27,30.75,31.274999618530273,30.635000228881836,31.110000610351562,27.608240127563477,2461000
2012-04-30,31.100000381469727,31.100000381469727,30.524999618530273,30.75,27.288766860961914,4271400
2012-05-01,30.790000915527344,31.540000915527344,30.75,31.229999542236328,27.7147274017334,4042000
2012-05-02,31.184999465942383,31.969999313354492,31.075000762939453,31.924999237060547,28.33150291442871,4784800
2012-05-03,31.8799991607666,32.39500045776367,31.684999465942383,31.854999542236328,28.269380569458008,5244200
2012-05-04,31.649999618530273,31.940000534057617,31.190000534057617,31.219999313354492,27.705856323242188,3856000
2012-05-07,31.15999984741211,31.645000457763672,30.959999084472656,31.1200008392334,27.617116928100586,3769800
2012-05-08,30.875,30.9950008392334,29.959999084472656,30.489999771118164,27.058027267456055,6500600
2012-05-09,30.239999771118164,30.94499969482422,30.100000381469727,30.584999084472656,27.142337799072266,3911400
2012-05-10,30.889999389648438,31.200000762939453,30.600000381469727,30.895000457763672,27.41744041442871,2868400
2012-05-11,30.809999465942383,31.139999389648438,30.75,30.795000076293945,27.32869529724121,4454200
2012-05-14,30.655000686645508,30.80500030517578,30.264999389648438,30.270000457763672,26.862789154052734,4614400
2012-05-15,30.204999923706055,31.030000686645508,30.200000762939453,30.59000015258789,27.146774291992188,5309600
2012-05-16,30.7450008392334,31.264999389648438,30.690000534057617,31.104999542236328,27.603801727294922,5900000
2012-05-17,31.2450008392334,31.8700008392334,30.299999237060547,30.31999969482422,26.907163619995117,7838000
2012-05-18,30.280000686645508,30.84000015258789,30.174999237060547,30.329999923706055,26.916038513183594,5345600
2012-05-21,29.924999237060547,30.200000762939453,28.684999465942383,30.174999237060547,26.778484344482422,7390800
2012-05-22,30.184999465942383,30.950000762939453,30.135000228881836,30.6299991607666,27.182260513305664,4251200
2012-05-23,30.59000015258789,31.094999313354492,30.415000915527344,31.010000228881836,27.519495010375977,4700000
2012-05-24,31.0,31.325000762939453,30.8799991607666,31.209999084472656,27.696985244750977,3546600
2012-05-25,31.274999618530273,31.43000030517578,30.975000381469727,31.235000610351562,27.71916389465332,2124400
2012-05-29,31.43000030517578,31.719999313354492,31.084999084472656,31.479999542236328,27.936586380004883,4005800
2012-05-30,31.299999237060547,31.44499969482422,31.075000762939453,31.274999618530273,27.754667282104492,4149200
2012-05-31,31.209999084472656,31.844999313354492,31.075000762939453,31.614999771118164,28.056396484375,6788600
2012-06-01,31.280000686645508,31.3700008392334,30.559999465942383,30.795000076293945,27.389339447021484,4766400
2012-06-04,30.735000610351562,31.114999771118164,30.549999237060547,30.979999542236328,27.55388069152832,3357400
2012-06-05,30.899999618530273,31.25,30.709999084472656,31.155000686645508,27.70952606201172,3084000
2012-06-06,31.260000228881836,31.920000076293945,31.2549991607666,31.8799991607666,28.35434913635254,2929000
2012-06-07,32.23500061035156,32.25,31.399999618530273,31.459999084472656,27.980796813964844,3762000
2012-06-08,31.44499969482422,32.27000045776367,31.44499969482422,32.25,28.683435440063477,3812600
2012-06-11,32.60499954223633,32.68000030517578,31.850000381469727,31.8799991607666,28.35434913635254,4063600
2012-06-12,32.025001525878906,32.540000915527344,31.895000457763672,32.52000045776367,28.923566818237305,3288200
2012-06-13,32.5,32.599998474121094,32.04499816894531,32.119998931884766,28.56780242919922,3709400
2012-06-14,32.28499984741211,33.025001525878906,32.20500183105469,32.7599983215332,29.137027740478516,4172600
2012-06-15,32.779998779296875,33.375,32.75,33.30500030517578,29.62175941467285,5253000
2012-06-18,33.415000915527344,34.14500045776367,33.150001525878906,34.099998474121094,30.32883071899414,4744000
2012-06-19,34.345001220703125,34.72999954223633,33.84000015258789,33.95500183105469,30.19987678527832,5232200
2012-06-20,34.084999084472656,34.095001220703125,33.40999984741211,33.76499938964844,30.030879974365234,4493000
2012-06-21,33.7599983215332,33.875,32.959999084472656,33.07500076293945,29.41719627380371,4410800
2012-06-22,33.19499969482422,33.345001220703125,32.810001373291016,33.2400016784668,29.56395149230957,4058800
2012-06-25,33.029998779296875,33.1150016784668,32.57500076293945,32.709999084472656,29.092552185058594,3810000
2012-06-26,32.72999954223633,33.244998931884766,32.67499923706055,33.119998931884766,29.45722007751465,4716800
2012-06-27,33.2599983215332,33.2599983215332,31.549999237060547,31.850000381469727,28.327667236328125,7899000
2012-06-28,31.510000228881836,31.575000762939453,29.875,30.834999084472656,27.42491340637207,13913200
2012-06-29,31.329999923706055,31.46500015258789,30.799999237060547,31.235000610351562,27.78067398071289,8520000
2012-07-02,31.2549991607666,32.10499954223633,31.2549991607666,31.610000610351562,28.114212036132812,5894600
2012-07-03,31.614999771118164,31.639999389648438,31.135000228881836,31.389999389648438,27.918542861938477,4821000
2012-07-05,32.0,33.70500183105469,32.0,33.595001220703125,29.879684448242188,9213200
2012-07-06,33.6349983215332,33.775001525878906,33.255001068115234,33.560001373291016,29.848554611206055,3292800
2012-07-09,33.54999923706055,33.75,33.345001220703125,33.44499969482422,29.74627113342285,2675400
2012-07-10,33.540000915527344,33.86000061035156,33.34000015258789,33.439998626708984,29.7418155670166,4465000
2012-07-11,33.45500183105469,33.52000045776367,33.10499954223633,33.36000061035156,29.670673370361328,3669200
2012-07-12,33.22999954223633,33.95000076293945,33.119998931884766,33.81999969482422,30.07978630065918,4982000
2012-07-13,33.76499938964844,34.33000183105469,33.64500045776367,34.10499954223633,30.33329200744629,3490800
2012-07-16,34.0099983215332,34.5,33.8849983215332,34.255001068115234,30.466693878173828,2382000
2012-07-17,34.369998931884766,34.779998779296875,34.14500045776367,34.6150016784668,30.78687286376953,3358000
2012-07-18,34.494998931884766,35.02000045776367,34.40999984741211,34.6150016784668,30.78687286376953,4476400
2012-07-19,34.625,34.70000076293945,33.93000030517578,34.27000045776367,30.480039596557617,4008600
2012-07-20,34.14500045776367,34.38999938964844,33.560001373291016,33.70500183105469,29.977521896362305,4307400
2012-07-23,33.2599983215332,33.54499816894531,32.82500076293945,33.45000076293945,29.750717163085938,3620600
2012-07-24,33.52000045776367,33.625,33.02000045776367,33.209999084472656,29.537267684936523,2590200
2012-07-25,33.33000183105469,33.59000015258789,33.084999084472656,33.334999084472656,29.6484317779541,2952400
2012-07-26,33.0,33.54999923706055,32.75,33.2599983215332,29.58173370361328,4297000
2012-07-27,33.494998931884766,33.94499969482422,33.34000015258789,33.630001068115234,29.910816192626953,4001000
2012-07-30,33.599998474121094,33.7599983215332,33.42499923706055,33.560001373291016,29.848554611206055,2742400
2012-07-31,33.54999923706055,33.65999984741211,33.150001525878906,33.220001220703125,29.546154022216797,3850000
2012-08-01,33.45500183105469,33.459999084472656,32.8650016784668,33.05500030517578,29.39940071105957,3644200
2012-08-02,33.029998779296875,33.44499969482422,32.755001068115234,33.1349983215332,29.470548629760742,4755800
2012-08-03,33.540000915527344,34.1150016784668,33.5099983215332,34.060001373291016,30.293254852294922,4394000
2012-08-06,34.040000915527344,34.154998779296875,33.724998474121094,33.90999984741211,30.15985679626465,3274800
2012-08-07,34.1349983215332,34.25,33.92499923706055,34.04999923706055,30.28437042236328,3708800
2012-08-08,33.94499969482422,34.244998931884766,33.94499969482422,34.14500045776367,30.368858337402344,2173600
2012-08-09,34.09000015258789,34.20000076293945,33.54999923706055,33.89500045776367,30.146509170532227,3408600
2012-08-10,33.875,33.875,33.26499938964844,33.58000183105469,29.86634635925293,3088800
2012-08-13,33.85499954223633,33.875,33.44499969482422,33.84000015258789,30.097591400146484,3773400
2012-08-14,34.064998626708984,34.20000076293945,33.505001068115234,33.77000045776367,30.035327911376953,3654200
2012-08-15,33.90999984741211,34.41999816894531,33.88999938964844,34.25,30.462238311767578,3820800
2012-08-16,33.709999084472656,34.79999923706055,33.40999984741211,34.22999954223633,30.444454193115234,7263000
2012-08-17,34.36000061035156,34.92499923706055,33.89500045776367,34.73500061035156,30.89361572265625,5562400
2012-08-20,35.220001220703125,35.40999984741211,34.76499938964844,34.849998474121094,30.995878219604492,4427800
2012-08-21,34.95500183105469,35.025001525878906,34.69499969482422,34.80500030517578,30.955869674682617,3554600
2012-08-22,34.70000076293945,35.025001525878906,34.70000076293945,34.875,31.01814079284668,2817600
2012-08-23,34.76499938964844,34.814998626708984,34.474998474121094,34.59000015258789,30.7646484375,3106400
2012-08-24,34.525001525878906,35.0,34.52000045776367,34.94499969482422,31.08037757873535,3474600
2012-08-27,34.94499969482422,35.0,34.595001220703125,34.83000183105469,30.978107452392578,2576600
2012-08-28,34.775001525878906,34.9900016784668,34.67499923706055,34.78499984741211,30.938079833984375,2776600
2012-08-29,34.82500076293945,35.03499984741211,34.685001373291016,34.9900016784668,31.18316078186035,3232400
2012-08-30,34.83000183105469,35.17499923706055,34.689998626708984,34.70500183105469,30.929161071777344,2723800
2012-08-31,34.959999084472656,35.040000915527344,34.505001068115234,34.595001220703125,30.83112907409668,2279600
2012-09-04,34.56999969482422,34.84000015258789,34.54499816894531,34.73500061035156,30.955907821655273,3144600
2012-09-05,34.665000915527344,34.845001220703125,34.10499954223633,34.1349983215332,30.421180725097656,3621200
2012-09-06,34.38999938964844,34.685001373291016,34.27000045776367,34.625,30.857872009277344,3236600
2012-09-07,34.709999084472656,34.79999923706055,33.904998779296875,34.064998626708984,30.358802795410156,3363000
2012-09-10,33.94499969482422,33.95500183105469,33.39500045776367,33.439998626708984,29.801786422729492,4678200
2012-09-11,33.31999969482422,33.45500183105469,33.09000015258789,33.1349983215332,29.52997589111328,3131200
2012-09-12,33.27000045776367,33.54999923706055,33.189998626708984,33.345001220703125,29.717130661010742,3425200
2012-09-13,33.474998474121094,33.994998931884766,33.349998474121094,33.92499923706055,30.234024047851562,3485600
2012-09-14,34.0,34.04999923706055,33.625,34.02000045776367,30.31868553161621,4804600
2012-09-17,33.875,33.91999816894531,33.57500076293945,33.67499923706055,30.011232376098633,2660600
2012-09-18,33.63999938964844,33.665000915527344,32.84000015258789,32.8849983215332,29.307174682617188,3528400
2012-09-19,32.935001373291016,33.0,32.47999954223633,32.849998474121094,29.275983810424805,5061400
2012-09-20,32.84000015258789,33.59000015258789,32.70000076293945,33.529998779296875,29.881999969482422,4128200
2012-09-21,33.57500076293945,33.57500076293945,32.94499969482422,32.95500183105469,29.369556427001953,4137600
2012-09-24,32.6349983215332,33.224998474121094,32.6349983215332,32.92499923706055,29.34283447265625,3717200
2012-09-25,33.06999969482422,33.06999969482422,32.36000061035156,32.3650016784668,28.8437557220459,3543400
2012-09-26,32.310001373291016,32.52000045776367,32.220001220703125,32.3849983215332,28.8615779876709,3413800
2012-09-27,32.400001525878906,32.595001220703125,32.125,32.45000076293945,28.919509887695312,2796200
2012-09-28,31.854999542236328,32.345001220703125,31.260000228881836,32.29499816894531,28.781368255615234,5870800
2012-10-01,32.275001525878906,33.14500045776367,32.189998626708984,33.07500076293945,29.47650909423828,5146800
2012-10-02,33.35499954223633,33.415000915527344,32.7599983215332,32.974998474121094,29.387388229370117,3126200
2012-10-03,33.084999084472656,33.439998626708984,33.03499984741211,33.34000015258789,29.712677001953125,4035600
2012-10-04,33.45000076293945,33.525001525878906,32.345001220703125,32.70000076293945,29.142309188842773,8674200
2012-10-05,32.9900016784668,33.314998626708984,32.84000015258789,33.04999923706055,29.454221725463867,3963600
2012-10-08,32.900001525878906,33.119998931884766,32.57500076293945,32.6349983215332,29.084383010864258,2819600
2012-10-09,32.5,32.77000045776367,31.8799991607666,31.889999389648438,28.42043685913086,3866400
2012-10-10,31.8799991607666,32.3849983215332,31.864999771118164,32.09000015258789,28.59867286682129,2669200
2012-10-11,32.32500076293945,32.3650016784668,31.079999923706055,31.084999084472656,27.70301628112793,5158200
2012-10-12,31.125,31.18000030517578,30.790000915527344,30.864999771118164,27.5069522857666,6551600
2012-10-15,30.864999771118164,31.19499969482422,30.850000381469727,31.139999389648438,27.752031326293945,2917000
2012-10-16,30.899999618530273,31.6299991607666,30.899999618530273,31.514999389648438,28.08623695373535,4701200
2012-10-17,31.514999389648438,31.59000015258789,30.65999984741211,30.905000686645508,27.542604446411133,4297600
2012-10-18,31.0049991607666,31.479999542236328,30.915000915527344,31.309999465942383,27.903532028198242,4403800
2012-10-19,31.31999969482422,31.354999542236328,30.770000457763672,30.940000534057617,27.57379150390625,5147800
2012-10-22,30.795000076293945,30.979999542236328,29.940000534057617,30.15999984741211,26.878660202026367,4719000
2012-10-23,29.844999313354492,30.80500030517578,29.700000762939453,30.674999237060547,27.337627410888672,5195400
2012-10-24,30.80500030517578,30.825000762939453,30.364999771118164,30.5,27.181663513183594,3895600
2012-10-25,30.604999542236328,30.790000915527344,30.040000915527344,30.325000762939453,27.025705337524414,4483400
2012-10-26,30.450000762939453,30.540000915527344,30.209999084472656,30.459999084472656,27.146018981933594,4268000
2012-10-31,30.399999618530273,30.579999923706055,30.040000915527344,30.475000381469727,27.15937614440918,3244000
2012-11-01,29.875,29.875,28.05500030517578,28.565000534057617,25.457191467285156,13597200
2012-11-02,28.7450008392334,28.93000030517578,28.34000015258789,28.434999465942383,25.341327667236328,7298000
2012-11-05,28.5,28.975000381469727,28.344999313354492,28.915000915527344,25.76911163330078,3895200
2012-11-06,28.875,28.940000534057617,28.565000534057617,28.674999237060547,25.55522346496582,4050400
2012-11-07,28.405000686645508,28.704999923706055,28.094999313354492,28.1299991607666,25.06951904296875,3267000
2012-11-08,28.045000076293945,28.329999923706055,27.770000457763672,27.834999084472656,24.80660629272461,3554400
2012-11-09,27.704999923706055,27.854999542236328,27.40999984741211,27.610000610351562,24.606090545654297,4498400
2012-11-12,27.625,27.725000381469727,27.475000381469727,27.594999313354492,24.592721939086914,3697000
2012-11-13,27.565000534057617,28.514999389648438,27.524999618530273,28.290000915527344,25.212106704711914,7481800
2012-11-14,28.395000457763672,28.475000381469727,27.524999618530273,27.565000534057617,24.56598663330078,4594600
2012-11-15,26.915000915527344,27.325000762939453,26.125,27.219999313354492,24.25851821899414,10209400
2012-11-16,26.985000610351562,27.209999084472656,26.700000762939453,26.8700008392334,23.94659996032715,7620000
2012-11-19,27.05500030517578,27.799999237060547,27.014999389648438,27.774999618530273,24.753141403198242,6756800
2012-11-20,27.760000228881836,27.90999984741211,27.264999389648438,27.65999984741211,24.65064811706543,4472800
2012-11-21,27.739999771118164,27.959999084472656,27.674999237060547,27.795000076293945,24.770963668823242,3567800
2012-11-23,27.989999771118164,28.014999389648438,27.7450008392334,27.954999923706055,24.913557052612305,2024600
2012-11-26,27.954999923706055,28.43000030517578,27.899999618530273,28.420000076293945,25.327964782714844,5961000
2012-11-27,28.700000762939453,28.834999084472656,28.350000381469727,28.524999618530273,25.421545028686523,7124800
2012-11-28,28.53499984741211,28.815000534057617,28.260000228881836,28.78499984741211,25.65325164794922,4451000
2012-11-29,28.774999618530273,28.940000534057617,28.59000015258789,28.78499984741211,25.65325164794922,4780200
2012-11-30,28.809999465942383,28.844999313354492,28.459999084472656,28.540000915527344,25.434904098510742,11158800
2012-12-03,28.704999923706055,28.809999465942383,28.15999984741211,28.184999465942383,25.1802921295166,4990600
2012-12-04,28.239999771118164,28.3700008392334,27.69499969482422,27.704999923706055,24.751468658447266,4657200
2012-12-05,27.860000610351562,27.96500015258789,27.520000457763672,27.674999237060547,24.724658966064453,4051000
2012-12-06,27.579999923706055,27.780000686645508,27.420000076293945,27.610000610351562,24.66659164428711,4531200
2012-12-07,27.690000534057617,27.850000381469727,27.565000534057617,27.7450008392334,24.78720474243164,3759600
2012-12-10,27.809999465942383,27.979999542236328,27.6299991607666,27.639999389648438,24.69338607788086,3359200
2012-12-11,27.780000686645508,27.8700008392334,27.290000915527344,27.350000381469727,24.434309005737305,3557600
2012-12-12,27.385000228881836,27.485000610351562,26.959999084472656,27.204999923706055,24.304763793945312,4298800
2012-12-13,27.204999923706055,27.399999618530273,26.7450008392334,26.770000457763672,23.916139602661133,4158400
2012-12-14,26.665000915527344,26.834999084472656,26.56999969482422,26.600000381469727,23.764265060424805,3892600
2012-12-17,26.645000457763672,27.344999313354492,26.610000610351562,27.329999923706055,24.416439056396484,4223200
2012-12-18,27.43000030517578,27.44499969482422,27.110000610351562,27.204999923706055,24.304763793945312,4934600
2012-12-19,27.1299991607666,27.770000457763672,26.770000457763672,26.895000457763672,24.027809143066406,5120400
2012-12-20,27.024999618530273,27.110000610351562,26.46500015258789,26.6299991607666,23.79106330871582,4794200
2012-12-21,26.295000076293945,27.094999313354492,26.079999923706055,26.96500015258789,24.090354919433594,6710600
2012-12-24,26.8700008392334,26.959999084472656,26.625,26.885000228881836,24.01888084411621,1490200
2012-12-26,26.850000381469727,26.94499969482422,26.170000076293945,26.19499969482422,23.40243148803711,3662200
2012-12-27,26.25,26.645000457763672,26.0049991607666,26.56999969482422,23.73746109008789,4436200
2012-12-28,26.454999923706055,26.959999084472656,26.450000762939453,26.604999542236328,23.76873016357422,2812800
2012-12-31,26.475000381469727,27.1200008392334,26.44499969482422,27.045000076293945,24.16181755065918,4059000
2013-01-02,27.135000228881836,27.274999618530273,26.520000457763672,27.219999313354492,24.31816291809082,7121600
2013-01-03,28.364999771118164,29.559999465942383,28.350000381469727,29.389999389648438,26.25682258605957,14348200
2013-01-04,29.395000457763672,29.40999984741211,28.8799991607666,28.975000381469727,25.88607406616211,4438800
2013-01-07,28.850000381469727,28.979999542236328,28.6200008392334,28.78499984741211,25.71632194519043,3583600
2013-01-08,28.639999389648438,28.850000381469727,28.389999389648438,28.40999984741211,25.381301879882812,4821000
2013-01-09,28.940000534057617,29.170000076293945,28.260000228881836,28.450000762939453,25.417041778564453,5218400
2013-01-10,28.479999542236328,28.704999923706055,28.184999465942383,28.649999618530273,25.595714569091797,3402600
2013-01-11,28.655000686645508,28.7549991607666,28.239999771118164,28.28499984741211,25.26963233947754,2714800
2013-01-14,28.280000686645508,28.450000762939453,28.05500030517578,28.125,25.12668800354004,2675600
2013-01-15,28.059999465942383,29.030000686645508,28.030000686645508,29.0,25.908403396606445,4272200
2013-01-16,28.889999389648438,28.959999084472656,28.625,28.78499984741211,25.71632194519043,3524200
2013-01-17,28.760000228881836,29.25,28.760000228881836,29.135000228881836,26.029016494750977,2868400
2013-01-18,29.03499984741211,29.1200008392334,28.7549991607666,29.110000610351562,26.006675720214844,3661800
2013-01-22,29.059999465942383,29.584999084472656,28.850000381469727,29.434999465942383,26.297033309936523,4319200
2013-01-23,29.3700008392334,29.635000228881836,29.344999313354492,29.545000076293945,26.395299911499023,4592600
2013-01-24,30.100000381469727,30.625,30.03499984741211,30.575000762939453,27.315494537353516,6994000
2013-01-25,30.625,30.674999237060547,30.3799991607666,30.545000076293945,27.288694381713867,4458000
2013-01-28,30.610000610351562,30.635000228881836,30.065000534057617,30.155000686645508,26.940271377563477,3822600
2013-01-29,30.15999984741211,30.219999313354492,29.674999237060547,29.704999923706055,26.538251876831055,4925400
2013-01-30,29.635000228881836,30.065000534057617,29.600000381469727,29.940000534057617,26.74819564819336,4397600
2013-01-31,29.934999465942383,29.979999542236328,29.594999313354492,29.850000381469727,26.667789459228516,4842800
2013-02-01,30.084999084472656,30.09000015258789,29.655000686645508,29.71500015258789,26.547176361083984,4481400
2013-02-04,29.600000381469727,29.915000915527344,29.260000228881836,29.295000076293945,26.171955108642578,3026400
2013-02-05,29.350000381469727,29.975000381469727,29.299999237060547,29.799999237060547,26.623126983642578,4924000
2013-02-06,29.68000030517578,29.8700008392334,29.290000915527344,29.55500030517578,26.404233932495117,5079800
2013-02-07,29.3700008392334,31.03499984741211,29.3700008392334,30.145000457763672,26.93134117126465,7372400
2013-02-08,30.395000457763672,30.854999542236328,30.225000381469727,30.530000686645508,27.27529525756836,5477000
2013-02-11,30.395000457763672,30.530000686645508,30.200000762939453,30.43000030517578,27.18596076965332,3680000
2013-02-12,30.489999771118164,30.4950008392334,30.09000015258789,30.329999923706055,27.096628189086914,3753600
2013-02-13,30.399999618530273,30.674999237060547,30.200000762939453,30.219999313354492,26.99834632873535,4043000
2013-02-14,30.125,30.360000610351562,30.010000228881836,30.190000534057617,26.971538543701172,2672600
2013-02-15,30.209999084472656,30.389999389648438,29.549999237060547,29.954999923706055,26.761600494384766,5282200
2013-02-19,30.049999237060547,30.049999237060547,29.565000534057617,29.96500015258789,26.770526885986328,4230800
2013-02-20,29.899999618530273,29.9950008392334,29.309999465942383,29.350000381469727,26.29568099975586,4030000
2013-02-21,29.334999084472656,29.389999389648438,28.850000381469727,28.8700008392334,25.865638732910156,3839800
2013-02-22,28.934999465942383,29.155000686645508,28.46500015258789,29.079999923706055,26.053789138793945,4414000
2013-02-25,29.209999084472656,29.235000610351562,28.264999389648438,28.280000686645508,25.33702850341797,4921200
2013-02-26,28.28499984741211,28.53499984741211,28.09000015258789,28.114999771118164,25.189208984375,5261600
2013-02-27,28.125,28.959999084472656,28.09000015258789,28.780000686645508,25.785003662109375,3498400
2013-02-28,28.864999771118164,29.280000686645508,28.78499984741211,29.0,25.982105255126953,5290600
2013-03-01,28.94499969482422,29.1200008392334,28.610000610351562,29.065000534057617,26.040340423583984,4468400
2013-03-04,28.854999542236328,29.485000610351562,28.75,29.450000762939453,26.38527488708496,5185600
2013-03-05,29.485000610351562,29.799999237060547,29.329999923706055,29.68000030517578,26.591339111328125,3795400
2013-03-06,29.614999771118164,29.8700008392334,29.5,29.850000381469727,26.743656158447266,4865600
2013-03-07,29.80500030517578,29.80500030517578,27.43000030517578,27.614999771118164,24.741239547729492,19959600
2013-03-08,27.875,28.405000686645508,27.75,28.100000381469727,25.175769805908203,8460000
2013-03-11,28.0049991607666,28.28499984741211,27.93000030517578,28.09000015258789,25.166807174682617,4006400
2013-03-12,28.09000015258789,28.2450008392334,27.864999771118164,27.950000762939453,25.041378021240234,2761000
2013-03-13,28.045000076293945,28.149999618530273,27.559999465942383,27.645000457763672,24.768115997314453,6764600
2013-03-14,27.739999771118164,28.145000457763672,27.68000030517578,27.934999465942383,25.02793312072754,4239400
2013-03-15,27.825000762939453,28.385000228881836,27.81999969482422,28.139999389648438,25.211605072021484,5646000
2013-03-18,27.780000686645508,28.125,27.709999084472656,28.020000457763672,25.104093551635742,5231200
2013-03-19,27.985000610351562,28.049999237060547,27.53499984741211,27.729999542236328,24.844266891479492,5828800
2013-03-20,27.934999465942383,28.1200008392334,27.709999084472656,28.084999084472656,25.16232681274414,4085400
2013-03-21,28.1299991607666,29.19499969482422,27.780000686645508,29.030000686645508,26.008983612060547,9011200
2013-03-22,28.920000076293945,29.799999237060547,28.795000076293945,29.604999542236328,26.52414894104004,5276800
2013-03-25,29.575000762939453,29.780000686645508,29.434999465942383,29.520000457763672,26.447996139526367,6317600
2013-03-26,29.71500015258789,29.989999771118164,29.594999313354492,29.71500015258789,26.622692108154297,4991000
2013-03-27,29.44499969482422,30.135000228881836,29.415000915527344,30.024999618530273,26.900434494018555,3881600
2013-03-28,30.05500030517578,30.34000015258789,29.834999084472656,30.309999465942383,27.15578269958496,6357000
2013-04-01,30.2450008392334,30.299999237060547,29.84000015258789,29.915000915527344,26.8018856048584,5219400
2013-04-02,30.0,30.06999969482422,29.645000457763672,29.704999923706055,26.613744735717773,4749200
2013-04-03,29.719999313354492,30.075000762939453,29.424999237060547,29.6299991607666,26.54654884338379,4736000
2013-04-04,29.690000534057617,30.155000686645508,29.649999618530273,30.040000915527344,26.913877487182617,4101400
2013-04-05,29.600000381469727,29.78499984741211,29.479999542236328,29.65999984741211,26.573427200317383,3886200
2013-04-08,29.56999969482422,29.690000534057617,29.459999084472656,29.65999984741211,26.573427200317383,3748000
2013-04-09,29.6200008392334,29.985000610351562,29.299999237060547,29.80500030517578,26.703336715698242,4036400
2013-04-10,29.84000015258789,30.125,29.80500030517578,30.1200008392334,26.985557556152344,3623800
2013-04-11,31.510000228881836,32.5,31.479999542236328,31.899999618530273,28.580320358276367,13188800
2013-04-12,32.0099983215332,32.404998779296875,31.69499969482422,32.334999084472656,28.97005271911621,5228800
2013-04-15,31.725000381469727,32.2400016784668,31.450000762939453,31.53499984741211,28.25330352783203,4950800
2013-04-16,31.674999237060547,31.93000030517578,31.545000076293945,31.899999618530273,28.580320358276367,3864800
2013-04-17,31.649999618530273,31.915000915527344,31.315000534057617,31.4950008392334,28.21746253967285,3716200
2013-04-18,31.639999389648438,31.639999389648438,31.020000457763672,31.2549991607666,28.002437591552734,4186400
2013-04-19,31.239999771118164,31.53499984741211,31.21500015258789,31.43000030517578,28.159229278564453,3590800
2013-04-22,31.4950008392334,31.614999771118164,31.149999618530273,31.5,28.221946716308594,2680400
2013-04-23,31.854999542236328,32.165000915527344,31.549999237060547,31.850000381469727,28.535524368286133,4000800
2013-04-24,31.829999923706055,32.23500061035156,31.704999923706055,31.809999465942383,28.49968719482422,2715400
2013-04-25,31.979999542236328,32.584999084472656,31.885000228881836,32.51499938964844,29.131317138671875,3625200
2013-04-26,32.474998474121094,32.70000076293945,32.375,32.560001373291016,29.171630859375,2664400
2013-04-29,32.625,32.98500061035156,32.599998474121094,32.86000061035156,29.440412521362305,3665800
2013-04-30,32.95500183105469,33.060001373291016,32.69499969482422,33.03499984741211,29.597200393676758,4234800
2013-05-01,32.97999954223633,33.05500030517578,32.415000915527344,32.494998931884766,29.113399505615234,2661000
2013-05-02,32.494998931884766,32.6349983215332,32.119998931884766,32.33000183105469,28.965579986572266,4737600
2013-05-03,32.63999938964844,32.994998931884766,32.5099983215332,32.849998474121094,29.43145179748535,3578000
2013-05-06,32.875,32.970001220703125,32.38999938964844,32.599998474121094,29.20747184753418,2358600
2013-05-07,32.720001220703125,33.25,32.55500030517578,33.25,29.789836883544922,3858000
2013-05-08,33.16999816894531,33.244998931884766,32.81999969482422,33.064998626708984,29.624080657958984,3017400
2013-05-09,32.994998931884766,33.29999923706055,32.70500183105469,32.8650016784668,29.444896697998047,3853800
2013-05-10,32.96500015258789,33.060001373291016,32.60499954223633,32.92499923706055,29.498653411865234,2777000
2013-05-13,32.90999984741211,32.90999984741211,32.40999984741211,32.474998474121094,29.095478057861328,2803800
2013-05-14,32.5,33.09000015258789,32.474998474121094,32.8650016784668,29.444896697998047,3396200
2013-05-15,32.935001373291016,33.11000061035156,32.595001220703125,33.10499954223633,29.659914016723633,3039600
2013-05-16,32.904998779296875,33.05500030517578,32.334999084472656,32.439998626708984,29.06412124633789,4098400
2013-05-17,32.584999084472656,32.84000015258789,32.45000076293945,32.79499816894531,29.38217544555664,3570200
2013-05-20,32.52000045776367,32.75,32.314998626708984,32.560001373291016,29.171630859375,2939800
2013-05-21,32.619998931884766,33.17499923706055,32.470001220703125,33.084999084472656,29.642004013061523,2912200
2013-05-22,33.150001525878906,33.2400016784668,32.400001525878906,32.599998474121094,29.20747184753418,2255600
2013-05-23,32.619998931884766,32.709999084472656,32.150001525878906,32.540000915527344,29.153715133666992,2792800
2013-05-24,32.65999984741211,33.084999084472656,32.15999984741211,32.91999816894531,29.49416732788086,3653200
2013-05-28,33.1150016784668,33.220001220703125,32.92499923706055,33.1150016784668,29.66887855529785,2541200
2013-05-29,32.86000061035156,33.0,32.400001525878906,32.564998626708984,29.176111221313477,2861600
2013-05-30,32.68000030517578,32.85499954223633,32.314998626708984,32.334999084472656,28.97005271911621,2269800
2013-05-31,32.18000030517578,32.90999984741211,31.854999542236328,32.15999984741211,28.81325912475586,5081200
2013-06-03,32.21500015258789,32.40999984741211,31.78499984741211,32.404998779296875,29.032760620117188,2640000
2013-06-04,32.349998474121094,32.564998626708984,32.125,32.32500076293945,28.961095809936523,1922400
2013-06-05,32.31999969482422,32.48500061035156,31.780000686645508,31.975000381469727,28.647512435913086,1670000
2013-06-06,32.04999923706055,32.08000183105469,31.364999771118164,31.829999923706055,28.517602920532227,3393200
2013-06-07,32.064998626708984,32.474998474121094,31.84000015258789,32.435001373291016,29.137447357177734,2376000
2013-06-10,32.474998474121094,32.599998474121094,32.189998626708984,32.38999938964844,29.097028732299805,1930800
2013-06-11,32.005001068115234,32.244998931884766,31.7450008392334,31.920000076293945,28.674806594848633,1596000
2013-06-12,32.1150016784668,32.185001373291016,31.68000030517578,31.764999389648438,28.535568237304688,1365000
2013-06-13,32.099998474121094,32.83000183105469,31.959999084472656,32.66999816894531,29.34856605529785,3429800
2013-06-14,32.66999816894531,32.974998474121094,32.11000061035156,32.43000030517578,29.132963180541992,2738800
2013-06-17,32.70500183105469,32.70500183105469,31.989999771118164,32.27000045776367,28.98923110961914,1943400
2013-06-18,32.18000030517578,32.724998474121094,32.16999816894531,32.654998779296875,29.335079193115234,1625800
2013-06-19,32.57500076293945,32.86000061035156,32.06999969482422,32.119998931884766,28.85447120666504,1645600
2013-06-20,31.875,31.934999465942383,31.514999389648438,31.700000762939453,28.477174758911133,2320800
2013-06-21,31.93000030517578,32.095001220703125,31.469999313354492,31.899999618530273,28.656845092773438,4468200
2013-06-24,31.764999389648438,31.924999237060547,31.325000762939453,31.645000457763672,28.427766799926758,2410200
2013-06-25,31.94499969482422,32.185001373291016,31.5,31.915000915527344,28.670318603515625,2501600
2013-06-26,32.09000015258789,32.36000061035156,31.854999542236328,31.860000610351562,28.62091064453125,2247000
2013-06-27,32.05500030517578,32.6150016784668,32.05500030517578,32.400001525878906,29.10601234436035,2249000
2013-06-28,32.21500015258789,32.8650016784668,32.21500015258789,32.404998779296875,29.110496520996094,4223600
2013-07-01,32.650001525878906,32.96500015258789,32.57500076293945,32.70000076293945,29.375511169433594,2756000
2013-07-02,32.75,32.970001220703125,32.56999969482422,32.724998474121094,29.397968292236328,1699200
2013-07-03,32.39500045776367,32.79499816894531,32.31999969482422,32.69499969482422,29.37101936340332,960800
2013-07-05,32.9900016784668,33.279998779296875,32.53499984741211,33.060001373291016,29.698917388916016,1498800
2013-07-08,33.255001068115234,33.584999084472656,33.05500030517578,33.25,29.869600296020508,2562800
2013-07-09,33.46500015258789,33.68000030517578,33.21500015258789,33.224998474121094,29.847129821777344,2697000
2013-07-10,33.06999969482422,33.599998474121094,33.06999969482422,33.5,30.09417724609375,2508600
2013-07-11,33.73500061035156,33.77000045776367,33.439998626708984,33.619998931884766,30.201967239379883,2498600
2013-07-12,33.625,33.8849983215332,33.349998474121094,33.525001525878906,30.116636276245117,3087000
2013-07-15,33.599998474121094,33.665000915527344,33.314998626708984,33.34000015258789,29.950441360473633,2241000
2013-07-16,33.400001525878906,33.619998931884766,33.11000061035156,33.11000061035156,29.743831634521484,2181200
2013-07-17,33.244998931884766,33.439998626708984,32.86000061035156,33.029998779296875,29.671958923339844,2429600
2013-07-18,33.185001373291016,33.439998626708984,33.029998779296875,33.28499984741211,29.90104103088379,3895600
2013-07-19,33.5,33.540000915527344,33.209999084472656,33.39500045776367,29.99986457824707,3281800
2013-07-22,33.779998779296875,33.779998779296875,33.23500061035156,33.744998931884766,30.31427001953125,2953000
2013-07-23,33.67499923706055,33.73500061035156,33.334999084472656,33.525001525878906,30.116636276245117,2706000
2013-07-24,33.625,33.71500015258789,33.16999816894531,33.314998626708984,29.927978515625,1596000
2013-07-25,33.1349983215332,33.70000076293945,33.1349983215332,33.584999084472656,30.1705322265625,2400800
2013-07-26,33.459999084472656,33.60499954223633,33.150001525878906,33.56999969482422,30.157054901123047,1478000
2013-07-29,33.369998931884766,33.60499954223633,33.209999084472656,33.54499816894531,30.134601593017578,1433800
2013-07-30,33.54999923706055,33.875,33.459999084472656,33.59000015258789,30.175033569335938,1929400
2013-07-31,33.654998779296875,33.970001220703125,33.564998626708984,33.744998931884766,30.31427001953125,2111400
2013-08-01,33.95000076293945,34.68000030517578,33.92499923706055,34.599998474121094,31.08234405517578,2156600
2013-08-02,34.45000076293945,34.59000015258789,34.220001220703125,34.46500015258789,30.9610652923584,2872200
2013-08-05,34.33000183105469,34.59000015258789,34.2599983215332,34.404998779296875,30.907169342041016,1491600
2013-08-06,34.21500015258789,34.2400016784668,33.66999816894531,33.875,30.431060791015625,4569600
2013-08-07,33.84000015258789,33.869998931884766,33.35499954223633,33.439998626708984,30.04027557373047,3647000
2013-08-08,33.779998779296875,33.779998779296875,33.44499969482422,33.564998626708984,30.15257453918457,2800600
2013-08-09,33.435001373291016,33.59000015258789,33.25,33.505001068115234,30.098670959472656,1711600
2013-08-12,33.375,33.93000030517578,33.345001220703125,33.86000061035156,30.417577743530273,2270200
2013-08-13,33.880001068115234,34.11000061035156,33.73500061035156,33.92499923706055,30.475969314575195,2444400
2013-08-14,33.69499969482422,33.69499969482422,33.154998779296875,33.31999969482422,29.932476043701172,3131200
2013-08-15,33.0,33.0,32.32500076293945,32.44499969482422,29.14642906188965,4364800
2013-08-16,32.380001068115234,32.709999084472656,32.334999084472656,32.380001068115234,29.088043212890625,3871600
2013-08-19,32.83000183105469,33.05500030517578,32.54999923706055,32.59000015258789,29.276687622070312,4251800
2013-08-20,33.150001525878906,33.86000061035156,33.125,33.689998626708984,30.264863967895508,6365400
2013-08-21,33.52000045776367,33.96500015258789,33.26499938964844,33.779998779296875,30.345714569091797,5320200
2013-08-22,33.709999084472656,35.09000015258789,33.654998779296875,34.2599983215332,30.776906967163086,4709000
2013-08-23,35.3849983215332,35.43000030517578,34.595001220703125,34.93000030517578,31.378780364990234,7329600
2013-08-26,35.0,35.0,34.48500061035156,34.529998779296875,31.01947021484375,3747800
2013-08-27,34.244998931884766,34.29999923706055,33.8650016784668,33.8650016784668,30.422067642211914,3419600
2013-08-28,34.0099983215332,34.15999984741211,33.79499816894531,33.8849983215332,30.440019607543945,2309600
2013-08-29,33.65999984741211,34.0,33.619998931884766,33.89500045776367,30.449018478393555,1945800
2013-08-30,33.96500015258789,33.9900016784668,33.53499984741211,33.630001068115234,30.21095848083496,2040600
2013-09-03,34.1349983215332,34.51499938964844,33.654998779296875,34.07500076293945,30.610719680786133,3571400
2013-09-04,34.14500045776367,34.77000045776367,34.01499938964844,34.54499816894531,31.110546112060547,3134600
2013-09-05,34.59000015258789,34.900001525878906,34.4900016784668,34.779998779296875,31.322175979614258,2672800
2013-09-06,34.685001373291016,34.8650016784668,34.34000015258789,34.380001068115234,30.96193504333496,2633800
2013-09-09,34.42499923706055,34.61000061035156,34.36000061035156,34.54499816894531,31.110546112060547,1490400
2013-09-10,34.814998626708984,34.970001220703125,34.630001068115234,34.935001373291016,31.46177864074707,2054400
2013-09-11,35.0,35.380001068115234,34.959999084472656,35.33000183105469,31.817502975463867,3202400
2013-09-12,35.33000183105469,35.404998779296875,35.07500076293945,35.185001373291016,31.686914443969727,2776400
2013-09-13,35.349998474121094,35.349998474121094,34.849998474121094,35.07500076293945,31.587852478027344,1777800
2013-09-16,35.5,35.525001525878906,35.27000045776367,35.44499969482422,31.921056747436523,2462800
2013-09-17,35.435001373291016,35.79499816894531,35.435001373291016,35.584999084472656,32.04714584350586,1944000
2013-09-18,35.650001525878906,36.27000045776367,35.5099983215332,36.11000061035156,32.51994323730469,2617800
2013-09-19,36.099998474121094,36.41999816894531,36.095001220703125,36.16999816894531,32.573974609375,2330400
2013-09-20,36.25,36.334999084472656,35.689998626708984,35.790000915527344,32.23176956176758,5191000
2013-09-23,35.69499969482422,35.92499923706055,35.654998779296875,35.834999084472656,32.27228546142578,2308400
2013-09-24,35.974998474121094,36.02000045776367,35.560001373291016,35.80500030517578,32.24527359008789,1742000
2013-09-25,36.21500015258789,36.21500015258789,35.630001068115234,35.869998931884766,32.303810119628906,2883000
2013-09-26,35.880001068115234,36.400001525878906,35.875,36.18000030517578,32.58299255371094,1859000
2013-09-27,36.029998779296875,36.33000183105469,35.94499969482422,36.275001525878906,32.668540954589844,1659800
2013-09-30,35.95500183105469,36.5,35.85499954223633,36.400001525878906,32.781124114990234,2730600
2013-10-01,36.5,36.970001220703125,36.415000915527344,36.869998931884766,33.20438003540039,2505600
2013-10-02,36.529998779296875,37.025001525878906,36.345001220703125,37.005001068115234,33.325965881347656,2981400
2013-10-03,36.70500183105469,36.95000076293945,36.35499954223633,36.58000183105469,32.943214416503906,2430400
2013-10-04,36.46500015258789,36.845001220703125,36.38999938964844,36.7400016784668,33.087318420410156,1662800
2013-10-07,36.54499816894531,36.54499816894531,36.15999984741211,36.20500183105469,32.605499267578125,2211400
2013-10-08,35.63999938964844,36.3849983215332,34.57500076293945,35.724998474121094,32.17322540283203,2390600
2013-10-09,35.89500045776367,35.939998626708984,35.595001220703125,35.6349983215332,32.09217834472656,2337400
2013-10-10,35.814998626708984,36.275001525878906,35.79999923706055,36.18000030517578,32.58299255371094,2958200
2013-10-11,35.790000915527344,36.375,35.709999084472656,36.375,32.758602142333984,2454200
2013-10-14,36.11000061035156,36.560001373291016,36.095001220703125,36.4900016784668,32.86216354370117,2234000
2013-10-15,36.33000183105469,36.40999984741211,36.165000915527344,36.244998931884766,32.64152526855469,2179000
2013-10-16,36.54999923706055,36.96500015258789,36.345001220703125,36.93000030517578,33.258445739746094,1963800
2013-10-17,36.775001525878906,36.8849983215332,36.5099983215332,36.86000061035156,33.19538497924805,3134400
2013-10-18,37.10499954223633,37.27000045776367,36.82500076293945,37.150001525878906,33.4565544128418,2045800
2013-10-21,36.56999969482422,37.404998779296875,36.56999969482422,37.25,33.54661560058594,1978200
2013-10-22,37.79999923706055,37.79999923706055,37.17499923706055,37.35499954223633,33.64118194580078,3254000
2013-10-23,37.26499938964844,37.8650016784668,37.13999938964844,37.84000015258789,34.07794952392578,2641000
2013-10-24,37.8650016784668,37.97999954223633,37.53499984741211,37.650001525878906,33.90685272216797,2251600
2013-10-25,37.7599983215332,37.95000076293945,37.54499816894531,37.935001373291016,34.16351318359375,2114200
2013-10-28,37.994998931884766,38.220001220703125,37.88999938964844,38.064998626708984,34.28057861328125,3750200
2013-10-29,38.23500061035156,38.58000183105469,38.209999084472656,38.380001068115234,34.56428146362305,3837000
2013-10-30,38.33000183105469,38.875,38.33000183105469,38.58000183105469,34.7443733215332,3539000
2013-10-31,38.53499984741211,38.720001220703125,38.334999084472656,38.67499923706055,34.82994842529297,2531800
2013-11-01,38.875,39.2599983215332,38.60499954223633,38.814998626708984,34.956016540527344,2874200
2013-11-04,38.345001220703125,38.75,38.345001220703125,38.68000030517578,34.834442138671875,2832200
2013-11-05,39.529998779296875,39.529998779296875,38.470001220703125,38.790000915527344,34.933494567871094,2034600
2013-11-06,38.90999984741211,39.11000061035156,38.73500061035156,38.869998931884766,35.00554275512695,1965400
2013-11-07,38.939998626708984,39.275001525878906,38.39500045776367,38.459999084472656,34.63631057739258,2413400
2013-11-08,38.5,39.08000183105469,38.36000061035156,39.04499816894531,35.16313934326172,1816000
2013-11-11,39.0099983215332,39.31999969482422,38.845001220703125,39.25,35.34776306152344,1735400
2013-11-12,39.040000915527344,39.435001373291016,39.025001525878906,39.3849983215332,35.46935272216797,2250000
2013-11-13,39.150001525878906,40.04499816894531,39.07500076293945,40.029998779296875,36.05022430419922,2807200
2013-11-14,39.974998474121094,40.625,39.790000915527344,40.54499816894531,36.5140266418457,2997800
2013-11-15,40.5099983215332,40.83000183105469,40.1150016784668,40.81999969482422,36.761680603027344,3422200
2013-11-18,40.849998474121094,40.994998931884766,40.255001068115234,40.435001373291016,36.41495132446289,2881200
2013-11-19,40.45500183105469,40.89500045776367,40.23500061035156,40.474998474121094,36.45097351074219,2535400
2013-11-20,40.720001220703125,40.845001220703125,40.345001220703125,40.65999984741211,36.61758804321289,2672200
2013-11-21,40.775001525878906,40.775001525878906,39.970001220703125,40.130001068115234,36.14027786254883,6071600
2013-11-22,37.150001525878906,38.20000076293945,36.5,37.834999084472656,34.073448181152344,19247400
2013-11-25,37.994998931884766,38.11000061035156,37.564998626708984,37.755001068115234,34.00139236450195,5647200
2013-11-26,37.84000015258789,38.46500015258789,37.790000915527344,38.345001220703125,34.53274154663086,6116200
2013-11-27,39.16999816894531,39.16999816894531,38.244998931884766,38.34000015258789,34.52824401855469,2438600
2013-11-29,38.34000015258789,38.5,38.084999084472656,38.22999954223633,34.429176330566406,1206800
2013-12-02,37.97999954223633,38.040000915527344,37.27000045776367,37.345001220703125,33.632179260253906,7029600
2013-12-03,37.15999984741211,37.38999938964844,36.5,36.625,32.983734130859375,6898400
2013-12-04,35.8650016784668,36.46500015258789,35.834999084472656,36.34000015258789,32.727088928222656,6542800
2013-12-05,36.35499954223633,36.46500015258789,36.025001525878906,36.125,32.53346252441406,3685200
2013-12-06,36.439998626708984,36.48500061035156,35.95000076293945,36.06999969482422,32.48394012451172,3212400
2013-12-09,36.0,36.11000061035156,35.875,35.939998626708984,32.443302154541016,4274000
2013-12-10,35.790000915527344,35.900001525878906,35.67499923706055,35.73500061035156,32.25825500488281,3735000
2013-12-11,35.64500045776367,35.75,35.19499969482422,35.19499969482422,31.770790100097656,4938600
2013-12-12,35.244998931884766,35.665000915527344,35.14500045776367,35.310001373291016,31.87460708618164,4543400
2013-12-13,35.52000045776367,35.98500061035156,35.52000045776367,35.869998931884766,32.380104064941406,4872600
2013-12-16,36.060001373291016,36.625,36.04999923706055,36.30500030517578,32.77279281616211,5326400
2013-12-17,36.17499923706055,36.34000015258789,35.970001220703125,35.98500061035156,32.48392868041992,3564000
2013-12-18,36.09000015258789,36.689998626708984,35.84000015258789,36.685001373291016,33.115814208984375,3799200
2013-12-19,36.54499816894531,36.76499938964844,36.310001373291016,36.65999984741211,33.093257904052734,3337400
2013-12-20,36.744998931884766,37.209999084472656,36.65999984741211,37.0099983215332,33.40919876098633,5459000
2013-12-23,37.25,37.25,36.90999984741211,36.974998474121094,33.37760543823242,1907400
2013-12-24,37.01499938964844,37.095001220703125,36.86000061035156,36.994998931884766,33.39564895629883,900400
2013-12-26,37.029998779296875,37.349998474121094,37.029998779296875,37.25,33.625858306884766,1192600
2013-12-27,37.21500015258789,37.29999923706055,36.755001068115234,36.875,33.287330627441406,2089600
2013-12-30,36.97999954223633,37.33000183105469,36.875,37.17499923706055,33.55814743041992,1669800
2013-12-31,37.189998626708984,37.52000045776367,37.16999816894531,37.46500015258789,33.819923400878906,2244000
2014-01-02,37.17499923706055,37.67499923706055,37.0,37.1349983215332,33.52204895019531,3027200
2014-01-03,37.15999984741211,37.42499923706055,37.04999923706055,37.165000915527344,33.54913330078125,2202800
2014-01-06,37.189998626708984,37.599998474121094,37.08000183105469,37.09000015258789,33.48141860961914,1986800
2014-01-07,37.09000015258789,37.55500030517578,36.85499954223633,36.8849983215332,33.29636001586914,3816000
2014-01-08,36.935001373291016,36.9900016784668,36.60499954223633,36.849998474121094,33.26475524902344,4705600
2014-01-09,36.94499969482422,37.34000015258789,36.86000061035156,37.32500076293945,33.69354248046875,4387000
2014-01-10,37.39500045776367,37.599998474121094,37.05500030517578,37.32500076293945,33.69354248046875,3253200
2014-01-13,37.07500076293945,37.18000030517578,36.61000061035156,36.64500045776367,33.079708099365234,5264600
2014-01-14,36.77000045776367,36.900001525878906,36.48500061035156,36.599998474121094,33.03907775878906,2086600
2014-01-15,36.584999084472656,36.775001525878906,36.25,36.3849983215332,32.845008850097656,2956000
2014-01-16,36.80500030517578,36.80500030517578,35.935001373291016,36.040000915527344,32.53358840942383,3292000
2014-01-17,36.025001525878906,36.025001525878906,35.61000061035156,35.69499969482422,32.222137451171875,3518800
2014-01-21,35.845001220703125,35.915000915527344,35.02000045776367,35.209999084472656,31.784320831298828,5006600
2014-01-22,35.665000915527344,35.66999816894531,34.60499954223633,34.630001068115234,31.260770797729492,5955600
2014-01-23,34.52000045776367,34.53499984741211,33.92499923706055,34.244998931884766,30.913223266601562,5469000
2014-01-24,33.91999816894531,34.314998626708984,33.85499954223633,33.915000915527344,30.615324020385742,5052800
2014-01-27,33.880001068115234,34.46500015258789,33.73500061035156,34.13999938964844,30.818437576293945,5756400
2014-01-28,34.19499969482422,34.52000045776367,33.814998626708984,33.8849983215332,30.588226318359375,5254600
2014-01-29,33.75,34.060001373291016,33.6150016784668,33.83000183105469,30.538602828979492,5231000
2014-01-30,34.02000045776367,34.095001220703125,33.779998779296875,33.97999954223633,30.673994064331055,3578400
2014-01-31,33.5099983215332,34.220001220703125,33.5,33.95500183105469,30.651430130004883,4569600
2014-02-03,34.0,34.099998474121094,32.935001373291016,32.96500015258789,29.757747650146484,6106600
2014-02-04,33.17499923706055,33.375,32.85499954223633,32.88999938964844,29.690052032470703,4890600
2014-02-05,32.84000015258789,33.220001220703125,32.57500076293945,33.14500045776367,29.92024040222168,9345400
2014-02-06,33.224998474121094,34.68000030517578,33.15999984741211,34.654998779296875,31.283327102661133,6051600
2014-02-07,34.5099983215332,34.79999923706055,34.15999984741211,34.68000030517578,31.305892944335938,3379600
2014-02-10,35.290000915527344,35.290000915527344,34.45000076293945,34.564998626708984,31.202075958251953,3262400
2014-02-11,34.63999938964844,35.0,34.6150016784668,34.76499938964844,31.382617950439453,3332400
2014-02-12,35.435001373291016,35.44499969482422,34.46500015258789,34.58000183105469,31.21562385559082,2838200
2014-02-13,35.09000015258789,35.09000015258789,34.57500076293945,34.790000915527344,31.405187606811523,2634600
2014-02-14,34.630001068115234,34.875,34.525001525878906,34.709999084472656,31.33297348022461,3809200
2014-02-18,34.685001373291016,34.72999954223633,34.15999984741211,34.15999984741211,30.836475372314453,4484200
2014-02-19,34.21500015258789,34.314998626708984,33.880001068115234,33.900001525878906,30.601789474487305,4498400
2014-02-20,33.9900016784668,34.31999969482422,33.630001068115234,33.82500076293945,30.53408432006836,4574200
2014-02-21,34.09000015258789,34.224998474121094,33.69499969482422,33.724998474121094,30.443809509277344,4673800
2014-02-24,33.82500076293945,34.744998931884766,33.70500183105469,34.6349983215332,31.2652587890625,5954200
2014-02-25,34.814998626708984,35.20500183105469,34.35499954223633,35.02000045776367,31.612815856933594,5077400
2014-02-26,35.41999816894531,36.0,34.994998931884766,35.845001220703125,32.3575553894043,9246400
2014-02-27,36.1150016784668,36.26499938964844,35.724998474121094,36.154998779296875,32.63737869262695,6017600
2014-02-28,36.915000915527344,36.95000076293945,35.78499984741211,36.400001525878906,32.85856628417969,8432400
2014-03-03,36.45500183105469,36.45500183105469,35.7400016784668,36.14500045776367,32.62836456298828,3297400
2014-03-04,36.314998626708984,36.63999938964844,36.20000076293945,36.224998474121094,32.700584411621094,3304600
2014-03-05,36.744998931884766,36.744998931884766,35.82500076293945,35.974998474121094,32.47490310668945,3758200
2014-03-06,35.98500061035156,36.040000915527344,35.599998474121094,35.875,32.47490310668945,2678000
2014-03-07,36.06999969482422,36.130001068115234,35.595001220703125,36.025001525878906,32.61068344116211,3537400
2014-03-10,35.93000030517578,36.25,35.83000183105469,36.18000030517578,32.75099563598633,2530400
2014-03-11,36.165000915527344,36.30500030517578,35.88999938964844,36.125,32.70120620727539,2912800
2014-03-12,36.51499938964844,36.51499938964844,35.98500061035156,36.189998626708984,32.76004409790039,2660800
2014-03-13,36.18000030517578,36.28499984741211,36.01499938964844,36.150001525878906,32.723838806152344,2425000
2014-03-14,36.08000183105469,36.65999984741211,36.08000183105469,36.334999084472656,32.89131164550781,4181600
2014-03-17,36.494998931884766,37.06999969482422,36.415000915527344,37.04499816894531,33.53400802612305,3954200
2014-03-18,37.46500015258789,37.46500015258789,36.54999923706055,36.625,33.15380096435547,3024600
2014-03-19,36.560001373291016,36.900001525878906,36.084999084472656,36.33000183105469,32.886775970458984,2075000
2014-03-20,36.189998626708984,36.540000915527344,36.150001525878906,36.3849983215332,32.93656921386719,1983800
2014-03-21,36.73500061035156,37.01499938964844,36.43000030517578,36.48500061035156,33.0270881652832,6136200
2014-03-24,37.04999923706055,37.20500183105469,36.28499984741211,36.64500045776367,33.17192840576172,3690800
2014-03-25,36.70000076293945,36.86000061035156,35.78499984741211,35.834999084472656,32.43868637084961,3805600
2014-03-26,35.93000030517578,36.154998779296875,35.54499816894531,35.60499954223633,32.230491638183594,2636800
2014-03-27,35.65999984741211,35.86000061035156,35.33000183105469,35.70500183105469,32.32101821899414,3714600
2014-03-28,35.775001525878906,36.28499984741211,35.70000076293945,36.04999923706055,32.63331604003906,2951000
2014-03-31,36.125,36.29999923706055,35.654998779296875,35.78499984741211,32.393428802490234,3185600
2014-04-01,36.005001068115234,36.46500015258789,35.845001220703125,36.45000076293945,32.99540328979492,3143800
2014-04-02,36.400001525878906,36.915000915527344,36.369998931884766,36.75,33.2669792175293,3742200
2014-04-03,36.82500076293945,37.13999938964844,36.599998474121094,36.709999084472656,33.23075866699219,1939000
2014-04-04,36.82500076293945,36.88999938964844,36.14500045776367,36.189998626708984,32.76004409790039,2317200
2014-04-07,36.095001220703125,36.28499984741211,35.290000915527344,35.3849983215332,32.031349182128906,2634600
2014-04-08,35.26499938964844,35.904998779296875,35.084999084472656,35.82500076293945,32.42963409423828,2443000
2014-04-09,35.900001525878906,36.0,35.46500015258789,35.720001220703125,32.334598541259766,2279200
2014-04-10,35.630001068115234,35.779998779296875,34.82500076293945,34.93000030517578,31.619470596313477,3712200
2014-04-11,34.79999923706055,34.80500030517578,34.35499954223633,34.525001525878906,31.252849578857422,3353400
2014-04-14,34.775001525878906,34.95500183105469,34.43000030517578,34.6349983215332,31.352426528930664,2860600
2014-04-15,34.80500030517578,34.994998931884766,34.33000183105469,34.56999969482422,31.293582916259766,2887800
2014-04-16,34.84000015258789,34.9900016784668,34.6349983215332,34.69499969482422,31.4067440032959,1653000
2014-04-17,34.665000915527344,34.94499969482422,34.459999084472656,34.494998931884766,31.225685119628906,2246200
2014-04-21,34.61000061035156,34.88999938964844,34.4900016784668,34.51499938964844,31.243785858154297,2254200
2014-04-22,34.59000015258789,34.84000015258789,34.43000030517578,34.53499984741211,31.261898040771484,2207400
2014-04-23,34.56999969482422,34.69499969482422,34.209999084472656,34.26499938964844,31.017488479614258,3236800
2014-04-24,34.38999938964844,34.52000045776367,34.209999084472656,34.21500015258789,30.972225189208984,2844600
2014-04-25,34.130001068115234,34.2599983215332,33.869998931884766,33.8849983215332,30.673498153686523,4095200
2014-04-28,34.08000183105469,34.26499938964844,33.80500030517578,34.1349983215332,30.89980697631836,4521800
2014-04-29,34.33000183105469,34.45500183105469,33.93000030517578,34.279998779296875,31.03105926513672,2564400
2014-04-30,34.19499969482422,34.27000045776367,33.869998931884766,34.040000915527344,30.813819885253906,3125000
2014-05-01,34.1349983215332,34.529998779296875,33.8849983215332,34.26499938964844,31.017488479614258,2338200
2014-05-02,34.47999954223633,34.689998626708984,34.14500045776367,34.189998626708984,30.949588775634766,2052200
2014-05-05,33.96500015258789,34.244998931884766,33.834999084472656,34.03499984741211,30.809289932250977,1622200
2014-05-06,33.81999969482422,34.005001068115234,33.76499938964844,33.82500076293945,30.619192123413086,6104000
2014-05-07,33.79499816894531,33.935001373291016,33.61000061035156,33.88999938964844,30.678035736083984,3029400
2014-05-08,34.0,34.64500045776367,33.95500183105469,34.525001525878906,31.252849578857422,4098200
2014-05-09,34.5,34.63999938964844,34.23500061035156,34.57500076293945,31.298114776611328,3394800
2014-05-12,34.599998474121094,35.04999923706055,34.599998474121094,34.83000183105469,31.528945922851562,2740000
2014-05-13,34.709999084472656,34.86000061035156,34.55500030517578,34.57500076293945,31.298114776611328,3151600
2014-05-14,34.56999969482422,34.7599983215332,34.439998626708984,34.505001068115234,31.234750747680664,2976000
2014-05-15,34.55500030517578,34.55500030517578,33.8849983215332,34.209999084472656,30.96770668029785,4021600
2014-05-16,34.279998779296875,34.78499984741211,34.279998779296875,34.76499938964844,31.470094680786133,2915800
2014-05-19,34.70500183105469,34.775001525878906,34.525001525878906,34.60499954223633,31.325258255004883,2399000
2014-05-20,33.900001525878906,34.01499938964844,33.46500015258789,33.55500030517578,30.374786376953125,6108800
2014-05-21,33.53499984741211,34.27000045776367,33.53499984741211,34.040000915527344,30.813819885253906,4836200
2014-05-22,34.04499816894531,34.3650016784668,33.88999938964844,34.04999923706055,30.82286834716797,4192000
2014-05-23,34.29499816894531,34.625,33.93000030517578,34.42499923706055,31.162328720092773,10124600
2014-05-27,35.29499816894531,35.29499816894531,33.724998474121094,34.150001525878906,30.91339111328125,5914000
2014-05-28,34.220001220703125,34.23500061035156,33.68000030517578,33.7400016784668,30.542261123657227,5175000
2014-05-29,33.875,33.8849983215332,33.525001525878906,33.880001068115234,30.668983459472656,4283200
2014-05-30,34.005001068115234,34.34000015258789,33.880001068115234,34.224998474121094,30.98128318786621,3636000
2014-06-02,34.23500061035156,34.349998474121094,33.939998626708984,34.17499923706055,30.936016082763672,3401000
2014-06-03,34.06999969482422,34.20000076293945,33.92499923706055,34.11000061035156,30.87718391418457,1925600
2014-06-04,33.96500015258789,34.314998626708984,33.939998626708984,34.310001373291016,31.0582275390625,1991400
2014-06-05,34.244998931884766,34.44499969482422,33.75,34.349998474121094,31.094438552856445,2904000
2014-06-06,34.435001373291016,34.595001220703125,34.275001525878906,34.540000915527344,31.35771369934082,2121600
2014-06-09,34.560001373291016,34.95000076293945,34.32500076293945,34.36000061035156,31.194299697875977,2736800
2014-06-10,34.32500076293945,34.349998474121094,33.83000183105469,33.84000015258789,30.722213745117188,3268800
2014-06-11,33.82500076293945,33.84000015258789,33.435001373291016,33.70000076293945,30.595102310180664,3138800
2014-06-12,33.6150016784668,33.6150016784668,33.26499938964844,33.38999938964844,30.313669204711914,3424800
2014-06-13,33.380001068115234,33.599998474121094,33.255001068115234,33.560001373291016,30.467998504638672,2784000
2014-06-16,33.45500183105469,33.564998626708984,33.33000183105469,33.474998474121094,30.390838623046875,2701000
2014-06-17,33.47999954223633,33.70500183105469,33.375,33.619998931884766,30.522478103637695,2232800
2014-06-18,33.70500183105469,34.150001525878906,33.654998779296875,34.064998626708984,30.926475524902344,2897200
2014-06-19,34.099998474121094,34.20500183105469,33.82500076293945,33.915000915527344,30.790300369262695,2630400
2014-06-20,34.064998626708984,34.28499984741211,33.935001373291016,33.970001220703125,30.840242385864258,4886200
2014-06-23,33.900001525878906,34.01499938964844,33.71500015258789,33.9900016784668,30.858388900756836,2960600
2014-06-24,33.849998474121094,33.875,33.35499954223633,33.380001068115234,30.304594039916992,2804000
2014-06-25,33.470001220703125,33.53499984741211,33.084999084472656,33.165000915527344,30.109394073486328,2808000
2014-06-26,33.125,33.189998626708984,32.724998474121094,33.005001068115234,29.964139938354492,3861000
2014-06-27,32.994998931884766,33.084999084472656,32.79999923706055,32.900001525878906,29.86881446838379,2968400
2014-06-30,33.04499816894531,33.30500030517578,32.94499969482422,33.064998626708984,30.01860809326172,2459000
2014-07-01,33.27000045776367,33.29499816894531,32.994998931884766,33.2599983215332,30.195646286010742,2593600
2014-07-02,33.3650016784668,33.6150016784668,33.25,33.48500061035156,30.39991569519043,2408400
2014-07-03,33.529998779296875,33.72999954223633,33.529998779296875,33.58000183105469,30.486162185668945,1037800
2014-07-07,33.525001525878906,33.625,33.255001068115234,33.310001373291016,30.24103355407715,1950800
2014-07-08,33.32500076293945,33.54499816894531,33.14500045776367,33.46500015258789,30.381757736206055,4224400
2014-07-09,33.63999938964844,33.89500045776367,33.474998474121094,33.880001068115234,30.758529663085938,2767200
2014-07-10,33.40999984741211,33.52000045776367,33.220001220703125,33.29999923706055,30.231964111328125,2667600
2014-07-11,33.125,33.32500076293945,32.790000915527344,32.900001525878906,29.86881446838379,2908800
2014-07-14,33.029998779296875,33.165000915527344,32.48500061035156,32.529998779296875,29.53290557861328,3853600
2014-07-15,32.47999954223633,32.77000045776367,32.45000076293945,32.6349983215332,29.62822723388672,3976800
2014-07-16,32.28499984741211,32.54499816894531,31.059999465942383,31.075000762939453,28.211956024169922,11583200
2014-07-17,30.954999923706055,31.270000457763672,30.915000915527344,31.094999313354492,28.23011589050293,8842800
2014-07-18,31.1200008392334,31.78499984741211,31.040000915527344,31.655000686645508,28.738521575927734,4440200
2014-07-21,31.5,31.65999984741211,31.309999465942383,31.389999389648438,28.49793243408203,4219200
2014-07-22,31.5,31.625,31.290000915527344,31.299999237060547,28.416227340698242,3646600
2014-07-23,31.280000686645508,31.549999237060547,31.2549991607666,31.5,28.597803115844727,2870400
2014-07-24,31.489999771118164,32.0,31.475000381469727,31.815000534057617,28.88377571105957,2690400
2014-07-25,31.68000030517578,31.875,31.674999237060547,31.729999542236328,28.806608200073242,2277000
2014-07-28,31.704999923706055,32.10499954223633,31.674999237060547,31.975000381469727,29.029037475585938,2653000
2014-07-29,32.064998626708984,32.189998626708984,31.864999771118164,31.934999465942383,28.992719650268555,2260200
2014-07-30,31.975000381469727,32.43000030517578,31.975000381469727,32.3849983215332,29.40125846862793,3151000
2014-07-31,32.154998779296875,32.439998626708984,32.154998779296875,32.20000076293945,29.233306884765625,3757200
2014-08-01,32.244998931884766,32.46500015258789,32.125,32.345001220703125,29.364944458007812,2792200
2014-08-04,32.29499816894531,32.52000045776367,32.18000030517578,32.44499969482422,29.45572853088379,3483200
2014-08-05,32.36000061035156,32.654998779296875,32.150001525878906,32.33000183105469,29.35133171081543,3029000
2014-08-06,32.08000183105469,32.76499938964844,32.08000183105469,32.470001220703125,29.47842788696289,3440400
2014-08-07,32.619998931884766,32.724998474121094,32.244998931884766,32.31999969482422,29.34225082397461,3254800
2014-08-08,32.470001220703125,33.57500076293945,32.470001220703125,33.375,30.3000545501709,4027800
2014-08-11,33.290000915527344,33.375,33.1150016784668,33.15999984741211,30.104860305786133,2378000
2014-08-12,33.244998931884766,33.314998626708984,32.90999984741211,33.005001068115234,29.964139938354492,2164600
2014-08-13,32.875,32.92499923706055,32.400001525878906,32.70000076293945,29.687244415283203,2821800
2014-08-14,32.77000045776367,33.08000183105469,32.689998626708984,33.04999923706055,30.004993438720703,1757400
2014-08-15,33.255001068115234,33.28499984741211,32.584999084472656,32.775001525878906,29.755334854125977,2539800
2014-08-18,33.06999969482422,33.369998931884766,32.915000915527344,33.310001373291016,30.24103355407715,2812000
2014-08-19,33.67499923706055,34.724998474121094,33.67499923706055,34.654998779296875,31.462114334106445,6220000
2014-08-20,34.540000915527344,34.994998931884766,34.34000015258789,34.935001373291016,31.716327667236328,4628200
2014-08-21,34.974998474121094,35.07500076293945,34.459999084472656,34.625,31.434885025024414,4838200
2014-08-22,36.125,37.220001220703125,36.095001220703125,37.185001373291016,33.7590217590332,11708000
2014-08-25,37.17499923706055,37.25,36.755001068115234,36.90999984741211,33.50935363769531,4458200
2014-08-26,36.90999984741211,37.435001373291016,36.90999984741211,37.17499923706055,33.749942779541016,3660800
2014-08-27,37.31999969482422,37.76499938964844,37.17499923706055,37.57500076293945,34.11307907104492,3109000
2014-08-28,37.45500183105469,37.71500015258789,37.04499816894531,37.6150016784668,34.149410247802734,2271000
2014-08-29,37.310001373291016,37.83000183105469,37.310001373291016,37.709999084472656,34.23564910888672,3906000
2014-09-02,37.71500015258789,38.040000915527344,37.650001525878906,37.8849983215332,34.39452362060547,3889000
2014-09-03,37.939998626708984,38.255001068115234,37.72999954223633,38.05500030517578,34.64030456542969,4591000
2014-09-04,38.05500030517578,38.51499938964844,38.03499984741211,38.435001373291016,34.98619842529297,3308600
2014-09-05,38.310001373291016,38.41999816894531,37.849998474121094,38.41999816894531,34.97254180908203,3697200
2014-09-08,37.82500076293945,38.42499923706055,37.72999954223633,38.130001068115234,34.70857620239258,3281600
2014-09-09,38.220001220703125,38.220001220703125,37.584999084472656,37.755001068115234,34.367210388183594,3098000
2014-09-10,37.79499816894531,38.095001220703125,37.53499984741211,37.650001525878906,34.27165222167969,2389600
2014-09-11,37.560001373291016,37.76499938964844,37.53499984741211,37.7400016784668,34.353572845458984,1976200
2014-09-12,37.64500045776367,37.83000183105469,37.334999084472656,37.58000183105469,34.20792770385742,2291000
2014-09-15,37.724998474121094,37.875,37.44499969482422,37.474998474121094,34.112342834472656,1822400
2014-09-16,37.470001220703125,37.880001068115234,37.375,37.744998931884766,34.35812759399414,2099200
2014-09-17,37.814998626708984,37.900001525878906,37.51499938964844,37.744998931884766,34.35812759399414,1646600
2014-09-18,37.79499816894531,37.95000076293945,37.69499969482422,37.834999084472656,34.440032958984375,1494600
2014-09-19,38.0,38.09000015258789,37.529998779296875,37.75,34.3626708984375,3890400
2014-09-22,37.599998474121094,37.86000061035156,37.28499984741211,37.29499816894531,33.94850158691406,2274400
2014-09-23,37.334999084472656,37.40999984741211,37.04999923706055,37.084999084472656,33.75734329223633,2462600
2014-09-24,37.08000183105469,37.96500015258789,37.0099983215332,37.86000061035156,34.46280288696289,2650400
2014-09-25,37.55500030517578,37.755001068115234,37.130001068115234,37.415000915527344,34.057735443115234,3067400
2014-09-26,37.345001220703125,38.05500030517578,37.29499816894531,38.005001068115234,34.59479904174805,2849000
2014-09-29,37.68000030517578,38.0,37.505001068115234,37.72999954223633,34.34446716308594,2047600
2014-09-30,37.78499984741211,37.869998931884766,37.44499969482422,37.790000915527344,34.39907455444336,3030000
2014-10-01,37.720001220703125,37.77000045776367,37.400001525878906,37.494998931884766,34.13054275512695,2507600
2014-10-02,37.5099983215332,37.98500061035156,37.36000061035156,37.904998779296875,34.50376892089844,3073400
2014-10-03,38.01499938964844,38.67499923706055,37.904998779296875,38.48500061035156,35.03171157836914,3664000
2014-10-06,38.560001373291016,38.599998474121094,37.76499938964844,37.89500045776367,34.494667053222656,2980600
2014-10-07,37.70500183105469,37.84000015258789,37.375,37.54999923706055,34.180625915527344,3736400
2014-10-08,37.625,38.345001220703125,37.55500030517578,38.220001220703125,34.79050064086914,3677200
2014-10-09,38.27000045776367,38.45500183105469,37.8650016784668,38.084999084472656,34.6676025390625,5177800
2014-10-10,38.165000915527344,39.119998931884766,38.084999084472656,38.76499938964844,35.28657913208008,5284600
2014-10-13,38.59000015258789,39.150001525878906,38.32500076293945,38.435001373291016,34.98619842529297,3700200
2014-10-14,38.72999954223633,39.05500030517578,38.470001220703125,38.91999816894531,35.427677154541016,3779600
2014-10-15,38.459999084472656,38.814998626708984,37.81999969482422,38.22999954223633,34.79959487915039,5229000
2014-10-16,37.59000015258789,38.470001220703125,37.59000015258789,38.36000061035156,34.91793441772461,3588000
2014-10-17,38.529998779296875,38.76499938964844,38.005001068115234,38.595001220703125,35.13185119628906,3840400
2014-10-20,38.27000045776367,39.2400016784668,38.244998931884766,39.20000076293945,35.68256378173828,2420400
2014-10-21,38.505001068115234,40.09000015258789,38.505001068115234,39.790000915527344,36.21961975097656,3600800
2014-10-22,39.869998931884766,40.18000030517578,39.64500045776367,39.69499969482422,36.13315200805664,3373200
2014-10-23,39.70500183105469,40.55500030517578,39.70500183105469,40.040000915527344,36.44718933105469,3319200
2014-10-24,40.150001525878906,40.26499938964844,39.790000915527344,40.25,36.638343811035156,2817200
2014-10-27,40.244998931884766,40.375,40.025001525878906,40.310001373291016,36.692955017089844,3369800
2014-10-28,40.23500061035156,40.30500030517578,39.69499969482422,40.15999984741211,36.556427001953125,2736000
2014-10-29,40.150001525878906,40.345001220703125,39.81999969482422,40.03499984741211,36.442626953125,2032200
2014-10-30,39.939998626708984,40.525001525878906,39.77000045776367,40.415000915527344,36.78852844238281,1686600
2014-10-31,40.994998931884766,41.0,40.119998931884766,40.36000061035156,36.73847961425781,2231200
2014-11-03,40.369998931884766,40.709999084472656,40.23500061035156,40.619998931884766,36.97514343261719,1949600
2014-11-04,40.56999969482422,40.619998931884766,40.10499954223633,40.220001220703125,36.611045837402344,4103000
2014-11-05,40.34000015258789,40.54499816894531,40.060001373291016,40.3849983215332,36.76123046875,1566000
2014-11-06,39.82500076293945,41.005001068115234,39.82500076293945,40.939998626708984,37.266441345214844,2497400
2014-11-07,40.9900016784668,40.9900016784668,40.58000183105469,40.70500183105469,37.052513122558594,2403000
2014-11-10,40.654998779296875,41.189998626708984,40.625,41.154998779296875,37.46213912963867,2874000
2014-11-11,41.19499969482422,41.3650016784668,40.84000015258789,40.96500015258789,37.2891845703125,2545000
2014-11-12,40.85499954223633,41.51499938964844,40.79499816894531,41.39500045776367,37.68058776855469,3440200
2014-11-13,41.494998931884766,41.54999923706055,40.95500183105469,41.279998779296875,37.57592010498047,2607600
2014-11-14,40.90999984741211,40.90999984741211,40.42499923706055,40.689998626708984,37.038848876953125,3748000
2014-11-17,40.68000030517578,40.96500015258789,40.494998931884766,40.66999816894531,37.02066421508789,2605600
2014-11-18,40.0,40.78499984741211,39.73500061035156,40.63999938964844,36.99335861206055,3416800
2014-11-19,40.619998931884766,41.154998779296875,40.619998931884766,41.08000183105469,37.393863677978516,3406000
2014-11-20,41.18000030517578,41.77000045776367,41.025001525878906,41.60499954223633,37.87178039550781,4725800
2014-11-21,44.64500045776367,44.779998779296875,43.834999084472656,44.650001525878906,40.64352798461914,12594200
2014-11-24,44.880001068115234,45.125,44.084999084472656,44.52000045776367,40.525203704833984,5426600
2014-11-25,44.70000076293945,45.084999084472656,44.470001220703125,44.64500045776367,40.63898468017578,4367400
2014-11-26,44.779998779296875,45.0,44.654998779296875,44.8849983215332,40.857444763183594,2349000
2014-11-28,45.07500076293945,45.994998931884766,44.75,45.7400016784668,41.63572311401367,1984400
2014-12-01,45.625,45.67499923706055,44.98500061035156,45.08000183105469,41.03494644165039,2767400
2014-12-02,45.22999954223633,45.494998931884766,44.654998779296875,45.13999938964844,41.08955764770508,2458800
2014-12-03,44.73500061035156,45.53499984741211,44.64500045776367,45.42499923706055,41.34898376464844,2332200
2014-12-04,45.380001068115234,45.709999084472656,45.23500061035156,45.525001525878906,41.44002914428711,2199000
2014-12-05,45.69499969482422,45.90999984741211,45.13999938964844,45.345001220703125,41.276180267333984,1912200
2014-12-08,45.099998474121094,45.54999923706055,44.9900016784668,45.10499954223633,41.14845275878906,1441600
2014-12-09,44.69499969482422,45.09000015258789,44.470001220703125,44.93000030517578,40.988807678222656,1943200
2014-12-10,44.869998931884766,45.435001373291016,44.5099983215332,44.650001525878906,40.73336410522461,1866600
2014-12-11,45.51499938964844,46.040000915527344,44.650001525878906,45.40999984741211,41.42669677734375,2457800
2014-12-12,45.0099983215332,45.915000915527344,45.0099983215332,45.290000915527344,41.31721115112305,2638600
2014-12-15,45.71500015258789,46.185001373291016,45.36000061035156,46.025001525878906,41.98773956298828,2865800
2014-12-16,45.95500183105469,46.375,44.97999954223633,44.98500061035156,41.03896713256836,3211000
2014-12-17,45.04499816894531,45.44499969482422,44.57500076293945,45.3849983215332,41.40388107299805,3575400
2014-12-18,46.060001373291016,46.35499954223633,45.415000915527344,46.35499954223633,42.28879928588867,2847800
2014-12-19,46.310001373291016,46.64500045776367,45.35499954223633,45.5099983215332,41.51791763305664,4843200
2014-12-22,45.7599983215332,46.625,45.39500045776367,46.58000183105469,42.49406051635742,2207200
2014-12-23,47.25,47.290000915527344,46.619998931884766,46.65999984741211,42.56703567504883,1837600
2014-12-24,46.81999969482422,46.89500045776367,46.31999969482422,46.36000061035156,42.29336166381836,1015600
2014-12-26,46.595001220703125,46.939998626708984,46.474998474121094,46.70500183105469,42.608089447021484,1008600
2014-12-29,46.52000045776367,47.345001220703125,46.51499938964844,47.04999923706055,42.922821044921875,1705200
2014-12-30,46.72999954223633,47.154998779296875,46.54999923706055,46.96500015258789,42.84528350830078,1641400
2014-12-31,47.20500183105469,48.095001220703125,47.119998931884766,47.130001068115234,42.995819091796875,2512200
2015-01-02,47.41999816894531,47.65999984741211,46.564998626708984,46.8650016784668,42.75406265258789,1815200
2015-01-05,46.869998931884766,47.119998931884766,46.505001068115234,46.83000183105469,42.722129821777344,3050400
2015-01-06,46.935001373291016,47.53499984741211,46.439998626708984,46.91999816894531,42.804237365722656,3519400
2015-01-07,47.130001068115234,47.849998474121094,47.04499816894531,47.834999084472656,43.63897705078125,2605400
2015-01-08,47.95500183105469,48.47999954223633,47.775001525878906,48.470001220703125,44.21827697753906,3318200
2015-01-09,48.5099983215332,48.51499938964844,47.3849983215332,47.599998474121094,43.424583435058594,3018400
2015-01-12,47.72999954223633,48.05500030517578,47.34000015258789,47.915000915527344,43.71195602416992,2091800
2015-01-13,48.40999984741211,48.88999938964844,47.220001220703125,47.43000030517578,43.26950454711914,3035000
2015-01-14,45.904998779296875,46.665000915527344,45.685001373291016,46.314998626708984,42.2523078918457,4475600
2015-01-15,46.005001068115234,46.90999984741211,45.529998779296875,45.56999969482422,41.57265090942383,3435000
2015-01-16,45.404998779296875,46.5099983215332,44.875,46.45000076293945,42.375450134277344,4099200
2015-01-20,46.564998626708984,46.650001525878906,45.529998779296875,45.904998779296875,41.878265380859375,2866600
2015-01-21,45.8650016784668,46.17499923706055,45.564998626708984,46.084999084472656,42.042476654052734,2511000
2015-01-22,46.09000015258789,47.38999938964844,45.7599983215332,47.130001068115234,42.995819091796875,3201000
2015-01-23,47.25,47.584999084472656,47.005001068115234,47.334999084472656,43.18283462524414,2115800
2015-01-26,47.31999969482422,47.689998626708984,47.025001525878906,47.6150016784668,43.43827819824219,1808400
2015-01-27,46.3849983215332,47.3650016784668,46.0,47.165000915527344,43.02774429321289,2930600
2015-01-28,47.44499969482422,47.994998931884766,46.810001373291016,46.83000183105469,42.722129821777344,2098400
2015-01-29,46.775001525878906,47.30500030517578,46.41999816894531,46.814998626708984,42.708438873291016,2899200
2015-01-30,46.71500015258789,46.959999084472656,45.63999938964844,45.85499954223633,41.83266830444336,6169400
2015-02-02,46.005001068115234,46.07500076293945,44.724998474121094,45.92499923706055,41.89651107788086,2565800
2015-02-03,46.189998626708984,47.310001373291016,45.970001220703125,47.29499816894531,43.146339416503906,2720600
2015-02-04,46.92499923706055,47.685001373291016,46.88999938964844,47.369998931884766,43.21476364135742,3307400
2015-02-05,47.185001373291016,47.91999816894531,47.13999938964844,47.46500015258789,43.30141830444336,2042000
2015-02-06,47.69499969482422,47.81999969482422,47.310001373291016,47.4900016784668,43.32423400878906,1616200
2015-02-09,47.25,47.599998474121094,47.0099983215332,47.310001373291016,43.16002655029297,1374600
2015-02-10,47.689998626708984,47.849998474121094,47.415000915527344,47.66999816894531,43.48844528198242,1399200
2015-02-11,47.84000015258789,48.084999084472656,47.34000015258789,47.40999984741211,43.25124740600586,1469800
2015-02-12,47.505001068115234,47.869998931884766,47.22999954223633,47.834999084472656,43.63897705078125,1652600
2015-02-13,47.83000183105469,48.150001525878906,47.5,48.09000015258789,43.87160110473633,1492400
2015-02-17,47.86000061035156,48.6349983215332,47.81999969482422,48.42499923706055,44.177215576171875,2290800
2015-02-18,48.44499969482422,48.599998474121094,47.95000076293945,48.349998474121094,44.108795166015625,1469200
2015-02-19,48.334999084472656,48.665000915527344,48.02000045776367,48.459999084472656,44.20915222167969,1648800
2015-02-20,48.564998626708984,49.0,48.25,48.959999084472656,44.66529083251953,2062200
2015-02-23,49.064998626708984,49.43000030517578,48.85499954223633,49.41999816894531,45.08494567871094,2562600
2015-02-24,49.5,49.974998474121094,49.0,49.03499984741211,44.73372268676758,2960800
2015-02-25,48.494998931884766,49.345001220703125,48.42499923706055,49.22999954223633,44.91160202026367,5009600
2015-02-26,49.099998474121094,49.849998474121094,49.025001525878906,49.525001525878906,45.18074035644531,3157800
2015-02-27,52.3650016784668,53.1150016784668,51.72999954223633,52.904998779296875,48.264244079589844,8778000
2015-03-02,52.70500183105469,53.4900016784668,52.69499969482422,52.994998931884766,48.346343994140625,5623200
2015-03-03,53.029998779296875,53.119998931884766,52.3849983215332,52.77000045776367,48.14109420776367,3619200
2015-03-04,52.79499816894531,52.97999954223633,52.21500015258789,52.560001373291016,47.94951248168945,2458200
2015-03-05,52.58000183105469,52.96500015258789,52.45500183105469,52.474998474121094,47.979217529296875,3284200
2015-03-06,52.2599983215332,52.86000061035156,52.09000015258789,52.20000076293945,47.72777557373047,1853800
2015-03-09,52.39500045776367,52.72999954223633,52.290000915527344,52.724998474121094,48.207801818847656,2299200
2015-03-10,52.255001068115234,52.70500183105469,52.03499984741211,52.459999084472656,47.965511322021484,1744000
2015-03-11,52.415000915527344,52.95000076293945,52.39500045776367,52.525001525878906,48.02493667602539,1751800
2015-03-12,52.775001525878906,53.20500183105469,52.54499816894531,53.13999938964844,48.58725357055664,2577200
2015-03-13,53.2400016784668,53.48500061035156,52.60499954223633,53.02000045776367,48.477535247802734,1801800
2015-03-16,53.3650016784668,53.68000030517578,53.27000045776367,53.42499923706055,48.84782409667969,1905000
2015-03-17,52.98500061035156,53.349998474121094,52.849998474121094,53.189998626708984,48.632957458496094,1535000
2015-03-18,53.04999923706055,53.13999938964844,52.150001525878906,52.88999938964844,48.35865783691406,2769000
2015-03-19,52.79999923706055,53.40999984741211,52.790000915527344,53.369998931884766,48.797550201416016,1951200
2015-03-20,53.654998779296875,54.084999084472656,53.380001068115234,53.72999954223633,49.12669372558594,4180600
2015-03-23,53.92499923706055,54.05500030517578,53.17499923706055,53.189998626708984,48.632957458496094,3360600
2015-03-24,54.45500183105469,54.45500183105469,53.310001373291016,53.31999969482422,48.75181579589844,2453600
2015-03-25,53.220001220703125,53.32500076293945,52.35499954223633,52.41999816894531,47.928932189941406,2721000
2015-03-26,52.23500061035156,52.375,51.75,51.8849983215332,47.43976593017578,2505600
2015-03-27,51.779998779296875,52.45500183105469,51.755001068115234,52.064998626708984,47.604339599609375,1737600
2015-03-30,52.32500076293945,53.09000015258789,52.09000015258789,52.869998931884766,48.34038543701172,1669200
2015-03-31,52.79499816894531,53.470001220703125,52.66999816894531,52.68000030517578,48.16664505004883,1976400
2015-04-01,52.5,52.63999938964844,51.650001525878906,52.0099983215332,47.554054260253906,2968400
2015-04-02,52.150001525878906,52.28499984741211,51.71500015258789,51.959999084472656,47.508331298828125,2119200
2015-04-06,51.755001068115234,52.415000915527344,51.66999816894531,51.974998474121094,47.52206039428711,1574000
2015-04-07,51.790000915527344,52.17499923706055,51.404998779296875,51.40999984741211,47.00545120239258,1966400
2015-04-08,51.70500183105469,52.375,51.4900016784668,52.0,47.5449104309082,2304800
2015-04-09,52.125,52.375,51.39500045776367,51.84000015258789,47.39863204956055,2096600
2015-04-10,51.970001220703125,52.01499938964844,51.5,51.72999954223633,47.29805374145508,2179600
2015-04-13,51.790000915527344,52.66999816894531,51.70500183105469,52.095001220703125,47.631778717041016,1961200
2015-04-14,51.88999938964844,52.45000076293945,51.79499816894531,51.900001525878906,47.4534912109375,2884800
2015-04-15,51.9900016784668,52.380001068115234,51.665000915527344,51.68000030517578,47.25233459472656,2644800
2015-04-16,51.8650016784668,51.98500061035156,51.595001220703125,51.72999954223633,47.29805374145508,2138200
2015-04-17,51.314998626708984,51.459999084472656,49.9900016784668,50.20000076293945,45.89912796020508,3289200
2015-04-20,50.564998626708984,51.28499984741211,50.244998931884766,51.14500045776367,46.76316833496094,2088000
2015-04-21,51.70000076293945,51.994998931884766,51.334999084472656,51.810001373291016,47.37118148803711,2347600
2015-04-22,51.755001068115234,52.07500076293945,51.404998779296875,51.95500183105469,47.50376892089844,2394400
2015-04-23,51.69499969482422,52.529998779296875,51.630001068115234,52.255001068115234,47.778072357177734,1681200
2015-04-24,52.189998626708984,52.494998931884766,52.11000061035156,52.189998626708984,47.7186393737793,1651600
2015-04-27,52.20500183105469,52.29499816894531,51.22999954223633,51.2400016784668,46.850032806396484,2122400
2015-04-28,51.084999084472656,51.52000045776367,50.630001068115234,50.915000915527344,46.55287170410156,2381400
2015-04-29,50.709999084472656,50.775001525878906,49.415000915527344,49.880001068115234,45.60655212402344,2973600
2015-04-30,49.880001068115234,50.28499984741211,49.220001220703125,49.439998626708984,45.20423889160156,2889600
2015-05-01,49.56999969482422,50.939998626708984,49.56999969482422,50.849998474121094,46.49343490600586,2341000
2015-05-04,50.80500030517578,51.01499938964844,50.43000030517578,50.63999938964844,46.301429748535156,1661400
2015-05-05,50.39500045776367,50.79499816894531,49.96500015258789,50.27000045776367,45.963130950927734,1922600
2015-05-06,50.26499938964844,50.685001373291016,50.060001373291016,50.599998474121094,46.26484680175781,2124600
2015-05-07,50.654998779296875,50.92499923706055,50.279998779296875,50.415000915527344,46.095706939697266,2418000
2015-05-08,50.775001525878906,51.70000076293945,50.775001525878906,51.275001525878906,46.88203048706055,1984800
2015-05-11,51.39500045776367,51.70000076293945,50.98500061035156,51.005001068115234,46.63515853881836,1983800
2015-05-12,50.935001373291016,51.39500045776367,50.56999969482422,51.03499984741211,46.66259002685547,1747800
2015-05-13,51.099998474121094,51.40999984741211,50.4900016784668,50.619998931884766,46.283138275146484,2106800
2015-05-14,50.869998931884766,51.16999816894531,49.494998931884766,49.68000030517578,45.423675537109375,5066800
2015-05-15,49.82500076293945,50.35499954223633,49.540000915527344,50.2400016784668,45.93569564819336,3748400
2015-05-18,50.314998626708984,51.244998931884766,49.939998626708984,51.17499923706055,46.790592193603516,2654000
2015-05-19,52.130001068115234,52.380001068115234,51.30500030517578,51.4900016784668,47.07860565185547,3517000
2015-05-20,51.310001373291016,51.3849983215332,50.45500183105469,50.46500015258789,46.14142990112305,2650800
2015-05-21,50.334999084472656,51.005001068115234,50.099998474121094,50.775001525878906,46.42485427856445,4253200
2015-05-22,51.459999084472656,51.459999084472656,48.165000915527344,48.51499938964844,44.35848617553711,7419400
2015-05-26,48.625,48.7599983215332,47.61000061035156,47.78499984741211,43.691036224365234,4114000
2015-05-27,47.915000915527344,48.584999084472656,47.70500183105469,48.275001525878906,44.13905715942383,2765400
2015-05-28,48.2400016784668,48.630001068115234,48.14500045776367,48.470001220703125,44.31735610961914,2597400
2015-05-29,48.53499984741211,48.6150016784668,48.119998931884766,48.334999084472656,44.19391632080078,3848600
2015-06-01,48.404998779296875,48.6150016784668,47.880001068115234,48.2599983215332,44.125335693359375,2569400
2015-06-02,48.27000045776367,48.869998931884766,48.11000061035156,48.4900016784668,44.335636138916016,2047200
2015-06-03,48.73500061035156,49.14500045776367,48.380001068115234,49.09000015258789,44.88423156738281,1858000
2015-06-04,48.724998474121094,49.275001525878906,48.724998474121094,48.93000030517578,44.73793029785156,2677000
2015-06-05,48.650001525878906,49.150001525878906,48.505001068115234,48.79999923706055,44.72649002075195,2412000
2015-06-08,48.76499938964844,49.26499938964844,48.63999938964844,48.790000915527344,44.71731948852539,2662000
2015-06-09,48.73500061035156,49.029998779296875,48.474998474121094,48.75,44.680667877197266,2770400
2015-06-10,48.83000183105469,49.08000183105469,48.58000183105469,48.915000915527344,44.831886291503906,1952600
2015-06-11,49.060001373291016,49.33000183105469,48.79999923706055,48.93000030517578,44.845619201660156,1548600
2015-06-12,48.47999954223633,49.08000183105469,48.27000045776367,48.529998779296875,44.47901153564453,1893400
2015-06-15,48.220001220703125,48.72999954223633,47.869998931884766,48.689998626708984,44.62565612792969,1900900
2015-06-16,48.540000915527344,49.18000030517578,48.459999084472656,49.16999816894531,45.06560516357422,1588200
2015-06-17,49.04999923706055,49.599998474121094,48.91999816894531,49.43000030517578,45.30389404296875,2120200
2015-06-18,49.630001068115234,50.2599983215332,49.599998474121094,50.15999984741211,45.97294998168945,1857000
2015-06-19,50.119998931884766,50.7400016784668,49.84000015258789,50.470001220703125,46.257083892822266,3949100
2015-06-22,50.72999954223633,50.779998779296875,50.25,50.310001373291016,46.11043930053711,1559500
2015-06-23,50.209999084472656,50.599998474121094,50.119998931884766,50.540000915527344,46.32123947143555,1689300
2015-06-24,49.86000061035156,50.70000076293945,49.86000061035156,50.08000183105469,45.89963150024414,1715100
2015-06-25,50.2599983215332,50.279998779296875,49.790000915527344,49.790000915527344,45.63385009765625,1477000
2015-06-26,50.029998779296875,50.56999969482422,49.849998474121094,50.27000045776367,46.073768615722656,1925100
2015-06-29,49.90999984741211,49.9900016784668,48.5,48.54999923706055,44.49734878540039,1996500
2015-06-30,49.08000183105469,49.27000045776367,48.279998779296875,48.61000061035156,44.55234146118164,2317700
2015-07-01,48.959999084472656,49.5,48.81999969482422,49.38999938964844,45.26722717285156,1925300
2015-07-02,50.33000183105469,50.45000076293945,48.970001220703125,49.310001373291016,45.193912506103516,2014900
2015-07-06,48.86000061035156,50.130001068115234,48.86000061035156,49.869998931884766,45.70716857910156,2442800
2015-07-07,50.02000045776367,50.630001068115234,49.54999923706055,50.56999969482422,46.348731994628906,3027500
2015-07-08,50.40999984741211,50.63999938964844,49.97999954223633,50.16999816894531,45.98212432861328,2439200
2015-07-09,50.689998626708984,51.0,50.27000045776367,50.31999969482422,46.11961364746094,2495400
2015-07-10,50.810001373291016,51.0,50.5,50.86000061035156,46.61451721191406,2092800
2015-07-13,51.25,52.439998626708984,51.13999938964844,52.40999984741211,48.03514099121094,3138200
2015-07-14,52.4900016784668,52.4900016784668,51.84000015258789,52.43000030517578,48.053470611572266,2546500
2015-07-15,52.36000061035156,52.75,52.08000183105469,52.31999969482422,47.95265197753906,2020300
2015-07-16,52.709999084472656,53.0,52.31999969482422,52.959999084472656,48.53923034667969,1827200
2015-07-17,52.7599983215332,52.81999969482422,52.060001373291016,52.27000045776367,47.90683364868164,1757800
2015-07-20,52.560001373291016,52.93000030517578,52.380001068115234,52.83000183105469,48.42008972167969,1482200
2015-07-21,52.939998626708984,53.220001220703125,52.43000030517578,52.86000061035156,48.44757843017578,1703300
2015-07-22,52.9900016784668,53.5,52.95000076293945,53.279998779296875,48.83252716064453,2143200
2015-07-23,53.290000915527344,53.43000030517578,52.790000915527344,52.88999938964844,48.475067138671875,1167400
2015-07-24,52.970001220703125,53.040000915527344,52.54999923706055,52.689998626708984,48.29176330566406,1505400
2015-07-27,52.470001220703125,52.689998626708984,51.939998626708984,52.08000183105469,47.732688903808594,1773700
2015-07-28,52.130001068115234,52.2599983215332,51.650001525878906,52.0099983215332,47.66852569580078,1956400
2015-07-29,52.060001373291016,52.849998474121094,51.959999084472656,52.790000915527344,48.3834228515625,1912800
2015-07-30,52.54999923706055,52.880001068115234,52.220001220703125,52.75,48.346763610839844,1009200
2015-07-31,53.0099983215332,53.220001220703125,52.560001373291016,53.15999984741211,48.7225456237793,1194900
2015-08-03,53.25,53.45000076293945,52.7599983215332,53.029998779296875,48.603397369384766,1235700
2015-08-04,52.97999954223633,53.38999938964844,52.810001373291016,53.189998626708984,48.750030517578125,1476200
2015-08-05,53.380001068115234,54.13999938964844,53.380001068115234,53.810001373291016,49.318275451660156,1371500
2015-08-06,53.66999816894531,55.220001220703125,53.150001525878906,53.56999969482422,49.09830093383789,2502200
2015-08-07,53.459999084472656,53.560001373291016,52.400001525878906,53.06999969482422,48.640045166015625,2361100
2015-08-10,53.650001525878906,54.060001373291016,53.560001373291016,53.72999954223633,49.24495315551758,1807000
2015-08-11,53.45000076293945,54.08000183105469,53.34000015258789,53.81999969482422,49.32744598388672,1695600
2015-08-12,53.470001220703125,53.66999816894531,52.72999954223633,53.560001373291016,49.08913803100586,1658700
2015-08-13,53.34000015258789,54.130001068115234,53.22999954223633,53.630001068115234,49.1533088684082,2604100
2015-08-14,53.95000076293945,54.27000045776367,53.459999084472656,53.720001220703125,49.23579406738281,2709000
2015-08-17,53.93000030517578,54.560001373291016,53.279998779296875,54.5,49.950679779052734,2118500
2015-08-18,55.529998779296875,56.68000030517578,55.5,56.529998779296875,51.81123352050781,4010600
2015-08-19,56.13999938964844,56.45000076293945,55.220001220703125,55.70000076293945,51.050514221191406,2564800
2015-08-20,55.25,55.95000076293945,54.95000076293945,55.25,50.6380729675293,3784100
2015-08-21,51.2599983215332,52.29999923706055,49.95000076293945,50.0,45.826316833496094,12828600
2015-08-24,46.70000076293945,49.90999984741211,46.599998474121094,48.33000183105469,44.29570770263672,6979900
2015-08-25,49.279998779296875,49.290000915527344,47.16999816894531,47.220001220703125,43.27838134765625,4923000
2015-08-26,48.75,48.93000030517578,47.189998626708984,48.93000030517578,44.845619201660156,4159600
2015-08-27,49.38999938964844,49.880001068115234,48.7400016784668,49.68000030517578,45.53302001953125,3422900
2015-08-28,49.31999969482422,50.04999923706055,49.040000915527344,49.400001525878906,45.276390075683594,4007000
2015-08-31,49.290000915527344,49.54999923706055,48.43000030517578,48.619998931884766,44.56150436401367,3314500
2015-09-01,47.619998931884766,48.209999084472656,47.31999969482422,47.470001220703125,43.50750732421875,3998600
2015-09-02,48.189998626708984,49.4900016784668,47.45000076293945,48.45000076293945,44.516357421875,3003700
2015-09-03,48.61000061035156,49.20000076293945,48.33000183105469,48.47999954223633,44.543914794921875,2664500
2015-09-04,47.81999969482422,48.72999954223633,47.689998626708984,48.439998626708984,44.50716781616211,3143200
2015-09-08,49.41999816894531,49.81999969482422,48.779998779296875,49.77000045776367,45.72918701171875,2845700
2015-09-09,50.13999938964844,50.349998474121094,49.2400016784668,49.380001068115234,45.37085723876953,3580300
2015-09-10,49.25,50.25,49.25,49.84000015258789,45.79349899291992,2849700
2015-09-11,49.619998931884766,50.08000183105469,49.18000030517578,50.060001373291016,45.995643615722656,1722000
2015-09-14,50.150001525878906,50.20000076293945,49.380001068115234,49.459999084472656,45.44435119628906,2702800
2015-09-15,49.58000183105469,49.86000061035156,49.04999923706055,49.41999816894531,45.4076042175293,2113600
2015-09-16,48.20000076293945,49.83000183105469,48.02000045776367,49.75,45.7108039855957,2094900
2015-09-17,50.25,51.27000045776367,50.189998626708984,50.4900016784668,46.39072799682617,2771000
2015-09-18,49.939998626708984,50.09000015258789,49.040000915527344,49.119998931884766,45.1319694519043,4088800
2015-09-21,49.380001068115234,50.0,49.119998931884766,49.439998626708984,45.425968170166016,2465200
2015-09-22,48.720001220703125,49.0099983215332,48.439998626708984,48.91999816894531,44.94819259643555,2791000
2015-09-23,49.040000915527344,49.40999984741211,48.779998779296875,49.099998474121094,45.11357498168945,1427900
2015-09-24,48.63999938964844,49.060001373291016,48.34000015258789,48.880001068115234,44.91143035888672,2044300
2015-09-25,49.22999954223633,49.75,48.68000030517578,49.08000183105469,45.0952033996582,2311400
2015-09-28,48.77000045776367,49.56999969482422,47.33000183105469,47.4900016784668,43.63430404663086,2582800
2015-09-29,47.5,47.93000030517578,46.970001220703125,47.560001373291016,43.6986198425293,2335300
2015-09-30,48.13999938964844,48.83000183105469,47.77000045776367,48.470001220703125,44.534732818603516,2875900
2015-10-01,48.47999954223633,49.20000076293945,47.29999923706055,47.86000061035156,43.9742546081543,4039300
2015-10-02,47.52000045776367,48.75,47.119998931884766,48.72999954223633,44.773616790771484,2302000
2015-10-05,48.83000183105469,49.2400016784668,48.349998474121094,49.150001525878906,45.15952682495117,3194500
2015-10-06,49.04999923706055,49.150001525878906,47.40999984741211,47.689998626708984,43.81805419921875,2775000
2015-10-07,47.970001220703125,48.29999923706055,47.36000061035156,48.150001525878906,44.2407112121582,3749100
2015-10-08,48.04999923706055,49.04999923706055,47.90999984741211,49.02000045776367,45.040077209472656,2669000
2015-10-09,48.97999954223633,49.11000061035156,47.970001220703125,49.040000915527344,45.0584602355957,3011300
2015-10-12,49.13999938964844,50.70000076293945,49.04999923706055,50.529998779296875,46.427467346191406,2859000
2015-10-13,50.27000045776367,50.650001525878906,49.369998931884766,49.45000076293945,45.43516159057617,2600300
2015-10-14,50.16999816894531,50.279998779296875,48.310001373291016,48.5,44.56229782104492,3381900
2015-10-15,48.81999969482422,49.540000915527344,48.68000030517578,49.34000015258789,45.334083557128906,2339600
2015-10-16,49.56999969482422,50.63999938964844,49.34000015258789,50.29999923706055,46.21615219116211,3026300
2015-10-19,50.2599983215332,50.5099983215332,49.869998931884766,50.38999938964844,46.2988395690918,2395500
2015-10-20,50.16999816894531,50.47999954223633,50.02000045776367,50.34000015258789,46.252899169921875,2121500
2015-10-21,50.43000030517578,50.68000030517578,50.08000183105469,50.18000030517578,46.105899810791016,1827400
2015-10-22,50.5,51.4900016784668,50.45000076293945,51.040000915527344,46.89607238769531,2080600
2015-10-23,51.40999984741211,51.54999923706055,48.970001220703125,49.65999984741211,45.62812423706055,2969200
2015-10-26,49.58000183105469,50.20000076293945,49.36000061035156,49.880001068115234,45.830265045166016,1785600
2015-10-27,49.72999954223633,49.880001068115234,48.790000915527344,49.2400016784668,45.242218017578125,2469200
2015-10-28,49.43000030517578,50.38999938964844,49.220001220703125,50.349998474121094,46.26210021972656,1536000
2015-10-29,50.2599983215332,50.380001068115234,49.52000045776367,50.18000030517578,46.105899810791016,1376400
2015-10-30,50.09000015258789,50.970001220703125,49.93000030517578,50.58000183105469,46.473426818847656,2179100
2015-11-02,50.25,50.93000030517578,49.47999954223633,50.65999984741211,46.54691696166992,2498300
2015-11-03,50.709999084472656,51.84000015258789,50.529998779296875,51.7400016784668,47.53924560546875,2816600
2015-11-04,51.790000915527344,51.95000076293945,51.25,51.619998931884766,47.428977966308594,2416800
2015-11-05,51.790000915527344,51.90999984741211,51.15999984741211,51.540000915527344,47.3554801940918,2476300
2015-11-06,51.5,51.54999923706055,50.04999923706055,50.400001525878906,46.30803680419922,2175600
2015-11-09,50.150001525878906,50.290000915527344,48.5,49.119998931884766,45.1319694519043,3785400
2015-11-10,49.04999923706055,49.9900016784668,48.86000061035156,49.939998626708984,45.885379791259766,2167500
2015-11-11,49.970001220703125,49.97999954223633,48.439998626708984,48.52000045776367,44.58066940307617,3375200
2015-11-12,48.099998474121094,49.220001220703125,48.06999969482422,48.11000061035156,44.20396423339844,2970900
2015-11-13,44.66999816894531,46.5,43.470001220703125,44.810001373291016,41.171878814697266,9629900
2015-11-16,44.869998931884766,46.04999923706055,44.470001220703125,45.77000045776367,42.05394744873047,4936100
2015-11-17,47.119998931884766,47.31999969482422,45.45000076293945,46.310001373291016,42.550113677978516,4961000
2015-11-18,46.36000061035156,46.65999984741211,45.630001068115234,46.41999816894531,42.65116882324219,4260500
2015-11-19,45.0099983215332,46.630001068115234,45.0099983215332,46.20000076293945,42.44903564453125,5138400
2015-11-20,50.400001525878906,51.0,49.060001373291016,50.84000015258789,46.71230697631836,8054000
2015-11-23,50.970001220703125,51.25,50.56999969482422,51.130001068115234,46.978759765625,2787600
2015-11-24,50.72999954223633,52.54999923706055,50.599998474121094,52.41999816894531,48.164024353027344,4884300
2015-11-25,52.33000183105469,53.04999923706055,52.13999938964844,52.7400016784668,48.458045959472656,3259300
2015-11-27,52.86000061035156,53.029998779296875,52.25,52.65999984741211,48.38454818725586,1071200
2015-11-30,52.83000183105469,52.83000183105469,51.7400016784668,52.0099983215332,47.787322998046875,3423400
2015-12-01,52.529998779296875,53.20000076293945,52.22999954223633,53.09000015258789,48.77963638305664,4127500
2015-12-02,53.13999938964844,53.97999954223633,53.13999938964844,53.52000045776367,49.174720764160156,3703100
2015-12-03,53.439998626708984,53.61000061035156,51.90999984741211,52.5099983215332,48.24672317504883,3971900
2015-12-04,52.790000915527344,54.279998779296875,52.56999969482422,54.15999984741211,49.76274871826172,2970600
2015-12-07,53.7599983215332,54.06999969482422,53.130001068115234,53.81999969482422,49.55833053588867,2429600
2015-12-08,53.459999084472656,54.70000076293945,53.0099983215332,54.47999954223633,50.166072845458984,2585000
2015-12-09,54.0,55.099998474121094,53.470001220703125,54.040000915527344,49.76091384887695,2959500
2015-12-10,54.25,54.779998779296875,53.61000061035156,54.150001525878906,49.86220169067383,2360500
2015-12-11,53.34000015258789,54.029998779296875,53.290000915527344,53.560001373291016,49.31892395019531,2341000
2015-12-14,53.86000061035156,54.77000045776367,53.61000061035156,54.40999984741211,50.10161209106445,3123400
2015-12-15,54.959999084472656,55.33000183105469,53.91999816894531,54.08000183105469,49.79775619506836,2886400
2015-12-16,54.7400016784668,54.9900016784668,53.959999084472656,54.93000030517578,50.58043670654297,2623000
2015-12-17,55.36000061035156,55.4900016784668,53.72999954223633,53.86000061035156,49.59516906738281,2523500
2015-12-18,53.459999084472656,53.75,52.900001525878906,52.95000076293945,48.75722885131836,5095400
2015-12-21,53.70000076293945,54.099998474121094,53.290000915527344,53.810001373291016,49.54914855957031,2221500
2015-12-22,54.279998779296875,54.54999923706055,53.79999923706055,54.310001373291016,50.009544372558594,2574100
2015-12-23,54.5,54.72999954223633,53.709999084472656,54.34000015258789,50.037174224853516,2010100
2015-12-24,54.400001525878906,54.58000183105469,54.0099983215332,54.33000183105469,50.0279541015625,597300
2015-12-28,54.06999969482422,54.599998474121094,53.90999984741211,54.38999938964844,50.08320236206055,1226700
2015-12-29,53.189998626708984,55.63999938964844,53.189998626708984,54.939998626708984,50.589637756347656,1298200
2015-12-30,54.959999084472656,55.290000915527344,54.540000915527344,54.54999923706055,50.23052978515625,1205000
2015-12-31,54.439998626708984,54.540000915527344,53.79999923706055,53.810001373291016,49.54914855957031,1471700
2016-01-04,53.0,54.369998931884766,52.5,54.369998931884766,50.064788818359375,4145700
2016-01-05,54.369998931884766,55.16999816894531,54.18000030517578,54.72999954223633,50.39628219604492,3029200
2016-01-06,54.029998779296875,54.529998779296875,53.29999923706055,53.88999938964844,49.62279510498047,2533700
2016-01-07,52.970001220703125,55.11000061035156,52.5,53.7599983215332,49.50310134887695,3774700
2016-01-08,53.84000015258789,53.84000015258789,51.959999084472656,52.099998474121094,47.97453308105469,2830900
2016-01-11,52.52000045776367,52.869998931884766,51.880001068115234,52.59000015258789,48.425743103027344,2261900
2016-01-12,53.52000045776367,54.86000061035156,53.40999984741211,54.45000076293945,50.138450622558594,3878800
2016-01-13,54.2599983215332,54.27000045776367,52.06999969482422,52.189998626708984,48.05740737915039,3565100
2016-01-14,52.41999816894531,53.369998931884766,51.720001220703125,52.81999969482422,48.63751220703125,3212600
2016-01-15,51.209999084472656,52.72999954223633,51.209999084472656,52.290000915527344,48.14949417114258,3656500
2016-01-19,52.88999938964844,53.150001525878906,52.08000183105469,52.58000183105469,48.4165153503418,3279000
2016-01-20,51.9900016784668,52.83000183105469,50.41999816894531,52.18000030517578,48.04820251464844,4108700
2016-01-21,52.31999969482422,52.68000030517578,51.90999984741211,52.22999954223633,48.09423828125,3216200
2016-01-22,52.959999084472656,54.27000045776367,52.7400016784668,54.13999938964844,49.85300064086914,2638200
2016-01-25,54.08000183105469,54.349998474121094,53.400001525878906,53.619998931884766,49.37417984008789,2208400
2016-01-26,53.52000045776367,54.47999954223633,53.20000076293945,54.33000183105469,50.0279541015625,2145000
2016-01-27,54.369998931884766,54.81999969482422,53.40999984741211,53.779998779296875,49.52149963378906,2477000
2016-01-28,54.2599983215332,54.43000030517578,53.22999954223633,53.95000076293945,49.67805099487305,2176800
2016-01-29,54.27000045776367,56.31999969482422,54.0,56.2599983215332,51.80513000488281,3492100
2016-02-01,56.2599983215332,57.189998626708984,55.849998474121094,56.7599983215332,52.265533447265625,4299200
2016-02-02,56.290000915527344,57.189998626708984,55.689998626708984,56.52000045776367,52.04454040527344,3145800
2016-02-03,56.779998779296875,56.91999816894531,54.439998626708984,55.099998474121094,50.73698043823242,3431400
2016-02-04,54.439998626708984,54.790000915527344,53.349998474121094,54.47999954223633,50.166072845458984,4135900
2016-02-05,54.209999084472656,54.25,53.0099983215332,53.31999969482422,49.097923278808594,4347200
2016-02-08,52.66999816894531,53.599998474121094,52.11000061035156,53.33000183105469,49.107147216796875,3809900
2016-02-09,52.939998626708984,54.86000061035156,52.779998779296875,54.529998779296875,50.21210479736328,3878400
2016-02-10,54.470001220703125,55.63999938964844,53.810001373291016,53.84000015258789,49.576759338378906,3474200
2016-02-11,53.220001220703125,53.61000061035156,52.15999984741211,52.560001373291016,48.39811325073242,3467900
2016-02-12,53.2599983215332,54.060001373291016,52.310001373291016,53.75,49.49388122558594,2643100
2016-02-16,54.33000183105469,56.11000061035156,54.2400016784668,55.0,50.64491271972656,4148200
2016-02-17,55.52000045776367,55.86000061035156,54.900001525878906,55.06999969482422,50.709354400634766,4409600
2016-02-18,54.77000045776367,55.11000061035156,54.290000915527344,54.81999969482422,50.479156494140625,3221000
2016-02-19,54.4900016784668,54.72999954223633,53.599998474121094,54.689998626708984,50.35944366455078,3180700
2016-02-22,55.31999969482422,55.790000915527344,55.02000045776367,55.43000030517578,51.04085159301758,3040400
2016-02-23,55.11000061035156,56.0,55.029998779296875,55.349998474121094,50.96718978881836,3101300
2016-02-24,55.25,56.380001068115234,54.84000015258789,56.25,51.795921325683594,3838800
2016-02-25,56.54999923706055,56.77000045776367,55.709999084472656,56.540000915527344,52.062965393066406,2804700
2016-02-26,56.77000045776367,56.81999969482422,55.63999938964844,56.290000915527344,51.832759857177734,2443600
2016-02-29,56.099998474121094,56.56999969482422,54.91999816894531,54.97999954223633,50.62649154663086,6074900
2016-03-01,55.45000076293945,56.529998779296875,55.36000061035156,56.22999954223633,51.77751541137695,5119700
2016-03-02,57.849998474121094,58.91999816894531,56.75,57.7400016784668,53.16794204711914,8993600
2016-03-03,58.27000045776367,58.43000030517578,56.06999969482422,57.849998474121094,53.269229888916016,4220300
2016-03-04,57.72999954223633,57.810001373291016,57.099998474121094,57.41999816894531,52.87327194213867,3673400
2016-03-07,57.619998931884766,59.439998626708984,57.25,57.529998779296875,52.97456741333008,3128300
2016-03-08,57.40999984741211,58.099998474121094,57.22999954223633,57.380001068115234,52.83644485473633,2346700
2016-03-09,56.439998626708984,57.470001220703125,56.25,56.58000183105469,52.09978485107422,3208400
2016-03-10,56.279998779296875,57.560001373291016,56.15999984741211,57.209999084472656,52.805904388427734,3016500
2016-03-11,57.939998626708984,58.099998474121094,57.209999084472656,57.959999084472656,53.498165130615234,2369700
2016-03-14,57.93000030517578,58.29999923706055,57.75,58.16999816894531,53.691993713378906,1551000
2016-03-15,57.849998474121094,58.5,57.849998474121094,58.130001068115234,53.65507125854492,1784100
2016-03-16,57.849998474121094,58.29999923706055,57.43000030517578,58.09000015258789,53.618160247802734,2502300
2016-03-17,57.9900016784668,58.56999969482422,57.65999984741211,58.529998779296875,54.02427673339844,2112100
2016-03-18,58.79999923706055,59.68000030517578,58.5,59.29999923706055,54.735008239746094,4666700
2016-03-21,58.849998474121094,59.11000061035156,58.209999084472656,58.43000030517578,53.931983947753906,2361100
2016-03-22,58.86000061035156,58.900001525878906,58.04999923706055,58.119998931884766,53.64583969116211,2242200
2016-03-23,58.040000915527344,58.40999984741211,57.619998931884766,58.18000030517578,53.70122146606445,1281200
2016-03-24,58.349998474121094,58.5,56.880001068115234,57.40999984741211,52.990509033203125,2527400
2016-03-28,57.540000915527344,57.9900016784668,57.29999923706055,57.59000015258789,53.156654357910156,2035400
2016-03-29,57.70000076293945,58.13999938964844,57.5,58.09000015258789,53.618160247802734,2081200
2016-03-30,58.27000045776367,58.59000015258789,57.63999938964844,58.34000015258789,53.84890365600586,1830100
2016-03-31,58.34000015258789,58.77000045776367,57.849998474121094,57.900001525878906,53.44278335571289,1977700
2016-04-01,57.88999938964844,58.790000915527344,57.619998931884766,58.63999938964844,54.12581253051758,2307600
2016-04-04,58.869998931884766,59.0099983215332,58.40999984741211,58.650001525878906,54.135040283203125,2941100
2016-04-05,57.68000030517578,58.52000045776367,57.5099983215332,57.900001525878906,53.44278335571289,2314400
2016-04-06,58.060001373291016,58.790000915527344,57.709999084472656,58.4900016784668,53.98736572265625,1797600
2016-04-07,58.09000015258789,58.529998779296875,56.400001525878906,56.70000076293945,52.33516311645508,2996700
2016-04-08,56.66999816894531,56.79999923706055,56.18000030517578,56.529998779296875,52.17824935913086,1937400
2016-04-11,56.529998779296875,56.91999816894531,56.0099983215332,56.04999923706055,51.735191345214844,1966400
2016-04-12,56.15999984741211,56.4900016784668,55.439998626708984,56.40999984741211,52.06747817993164,1554000
2016-04-13,56.68000030517578,57.029998779296875,56.11000061035156,56.95000076293945,52.5659065246582,1751200
2016-04-14,56.459999084472656,57.06999969482422,56.02000045776367,56.97999954223633,52.59361267089844,2681200
2016-04-15,57.15999984741211,57.34000015258789,56.709999084472656,56.95000076293945,52.5659065246582,1945600
2016-04-18,56.93000030517578,57.900001525878906,56.75,57.77000045776367,53.322776794433594,2095300
2016-04-19,57.95000076293945,58.04999923706055,57.209999084472656,57.529998779296875,53.10126495361328,1506600
2016-04-20,57.5099983215332,57.66999816894531,57.04999923706055,57.38999938964844,52.97203826904297,2033300
2016-04-21,57.630001068115234,58.099998474121094,57.20000076293945,57.25,52.84282684326172,2286500
2016-04-22,57.16999816894531,57.38999938964844,56.5,56.66999816894531,52.30746841430664,2286300
2016-04-25,56.689998626708984,57.119998931884766,56.13999938964844,57.0,52.612060546875,2073600
2016-04-26,57.130001068115234,57.84000015258789,56.869998931884766,57.599998474121094,53.16587829589844,1577900
2016-04-27,57.59000015258789,58.310001373291016,57.130001068115234,58.209999084472656,53.72892379760742,1918200
2016-04-28,57.9900016784668,58.22999954223633,57.310001373291016,57.439998626708984,53.0181884765625,2032500
2016-04-29,56.939998626708984,57.099998474121094,56.06999969482422,56.779998779296875,52.40899658203125,2940500
2016-05-02,57.06999969482422,57.779998779296875,56.68000030517578,57.59000015258789,53.156654357910156,1267900
2016-05-03,57.279998779296875,57.689998626708984,56.65999984741211,57.29999923706055,52.88896942138672,1499300
2016-05-04,56.95000076293945,57.79999923706055,56.689998626708984,57.63999938964844,53.202796936035156,1661000
2016-05-05,57.5099983215332,57.900001525878906,56.439998626708984,56.470001220703125,52.122859954833984,1897000
2016-05-06,55.5099983215332,57.09000015258789,55.5099983215332,57.06999969482422,52.67666244506836,2074900
2016-05-09,57.81999969482422,58.36000061035156,56.91999816894531,58.15999984741211,53.68277359008789,2305200
2016-05-10,58.2400016784668,58.5,57.22999954223633,57.560001373291016,53.12895584106445,2393700
2016-05-11,55.400001525878906,55.83000183105469,54.43000030517578,54.439998626708984,50.24913024902344,5519400
2016-05-12,54.540000915527344,55.349998474121094,53.869998931884766,55.09000015258789,50.849098205566406,3635400
2016-05-13,55.09000015258789,55.63999938964844,54.279998779296875,54.31999969482422,50.13837432861328,3385100
2016-05-16,54.16999816894531,55.93000030517578,54.0,55.7400016784668,51.449058532714844,3181800
2016-05-17,56.689998626708984,57.209999084472656,54.13999938964844,54.52000045776367,50.3229866027832,4934200
2016-05-18,54.119998931884766,54.70000076293945,53.34000015258789,54.310001373291016,50.12914276123047,3216600
2016-05-19,54.630001068115234,55.86000061035156,54.619998931884766,55.52000045776367,51.24600601196289,5564900
2016-05-20,52.04999923706055,53.95000076293945,52.0,52.4900016784668,48.44926071166992,11595400
2016-05-23,52.529998779296875,53.04999923706055,52.16999816894531,52.400001525878906,48.36618423461914,4340400
2016-05-24,52.63999938964844,53.54999923706055,52.52000045776367,53.36000061035156,49.25227355957031,3007700
2016-05-25,53.290000915527344,53.880001068115234,52.81999969482422,53.40999984741211,49.29842758178711,2900800
2016-05-26,53.709999084472656,54.439998626708984,53.540000915527344,53.880001068115234,49.732242584228516,2568400
2016-05-27,54.06999969482422,54.22999954223633,53.59000015258789,53.91999816894531,49.7691650390625,2254700
2016-05-31,54.40999984741211,54.439998626708984,53.060001373291016,53.400001525878906,49.28920364379883,3004400
2016-06-01,53.470001220703125,53.869998931884766,53.2599983215332,53.29999923706055,49.1968994140625,2197100
2016-06-02,53.34000015258789,53.77000045776367,53.20000076293945,53.689998626708984,49.55686569213867,2215900
2016-06-03,53.470001220703125,53.470001220703125,52.869998931884766,53.09000015258789,49.1265869140625,2591100
2016-06-06,53.20000076293945,53.349998474121094,52.060001373291016,52.34000015258789,48.432586669921875,3106800
2016-06-07,52.380001068115234,53.400001525878906,52.27000045776367,53.18000030517578,49.209869384765625,3828200
2016-06-08,53.2400016784668,53.59000015258789,52.9900016784668,53.45000076293945,49.459720611572266,2442100
2016-06-09,53.31999969482422,54.5,52.93000030517578,54.220001220703125,50.17222595214844,4723900
2016-06-10,53.599998474121094,53.93000030517578,53.2599983215332,53.630001068115234,49.62626647949219,2859300
2016-06-13,53.54999923706055,53.849998474121094,53.029998779296875,53.540000915527344,49.542999267578125,3103300
2016-06-14,53.5,54.02000045776367,53.22999954223633,53.88999938964844,49.86686325073242,3433700
2016-06-15,53.90999984741211,54.65999984741211,53.81999969482422,54.31999969482422,50.26476287841797,3625200
2016-06-16,54.130001068115234,54.56999969482422,54.0,54.43000030517578,50.366539001464844,2272500
2016-06-17,54.310001373291016,54.4900016784668,53.90999984741211,54.25,50.19999313354492,3557500
2016-06-20,54.70000076293945,55.25,54.15999984741211,54.20000076293945,50.15371322631836,2152700
2016-06-21,54.310001373291016,54.97999954223633,54.150001525878906,54.849998474121094,50.755191802978516,2765000
2016-06-22,54.79999923706055,55.22999954223633,54.13999938964844,54.43000030517578,50.366539001464844,2981600
2016-06-23,54.689998626708984,54.97999954223633,53.81999969482422,54.06999969482422,50.033424377441406,2249000
2016-06-24,52.75,54.95000076293945,52.75,54.41999816894531,50.357303619384766,5501500
2016-06-27,54.29999923706055,54.869998931884766,53.34000015258789,54.75,50.662654876708984,4214900
2016-06-28,54.68000030517578,55.45000076293945,54.5099983215332,55.34000015258789,51.20861053466797,2825300
2016-06-29,55.540000915527344,56.34000015258789,55.540000915527344,55.77000045776367,51.60651779174805,3042300
2016-06-30,55.86000061035156,56.72999954223633,55.61000061035156,56.689998626708984,52.45782470703125,2604500
2016-07-01,56.54999923706055,57.22999954223633,56.15999984741211,56.349998474121094,52.143218994140625,1959700
2016-07-05,56.189998626708984,56.529998779296875,55.88999938964844,56.36000061035156,52.152462005615234,1577300
2016-07-06,56.34000015258789,56.79999923706055,55.9900016784668,56.790000915527344,52.55036544799805,2822300
2016-07-07,56.529998779296875,56.810001373291016,56.310001373291016,56.560001373291016,52.33753204345703,1762000
2016-07-08,57.0,58.220001220703125,56.70000076293945,58.189998626708984,53.845848083496094,2466200
2016-07-11,58.15999984741211,58.31999969482422,57.61000061035156,58.060001373291016,53.725563049316406,2868600
2016-07-12,58.22999954223633,58.36000061035156,57.599998474121094,57.900001525878906,53.57750701904297,3131200
2016-07-13,58.22999954223633,58.5099983215332,57.70000076293945,58.040000915527344,53.70704650878906,2238000
2016-07-14,58.2400016784668,58.2599983215332,57.79999923706055,58.02000045776367,53.68853759765625,1861900
2016-07-15,58.34000015258789,58.34000015258789,57.88999938964844,58.189998626708984,53.845848083496094,2187000
2016-07-18,58.40999984741211,59.369998931884766,58.31999969482422,58.95000076293945,54.549110412597656,2184600
2016-07-19,58.88999938964844,59.290000915527344,58.81999969482422,59.209999084472656,54.78970718383789,2208300
2016-07-20,59.220001220703125,59.5,59.060001373291016,59.31999969482422,54.89148712158203,1751400
2016-07-21,59.31999969482422,59.5,58.900001525878906,59.220001220703125,54.79896545410156,1570400
2016-07-22,59.599998474121094,60.189998626708984,59.130001068115234,59.970001220703125,55.49296188354492,1976700
2016-07-25,59.91999816894531,61.2599983215332,59.83000183105469,61.130001068115234,56.56635665893555,2775000
2016-07-26,61.040000915527344,62.02000045776367,61.040000915527344,61.97999954223633,57.352901458740234,3674900
2016-07-27,61.83000183105469,62.349998474121094,61.22999954223633,61.38999938964844,56.80695724487305,3415900
2016-07-28,61.400001525878906,61.70000076293945,60.900001525878906,61.33000183105469,56.75143814086914,2405700
2016-07-29,61.310001373291016,61.88999938964844,61.08000183105469,61.83000183105469,57.21409606933594,2159300
2016-08-01,61.720001220703125,62.02000045776367,61.08000183105469,61.58000183105469,56.98277282714844,2103400
2016-08-02,61.369998931884766,61.650001525878906,60.33000183105469,60.68000030517578,56.14995574951172,2118600
2016-08-03,60.209999084472656,61.31999969482422,59.56999969482422,61.31999969482422,56.74217987060547,2520500
2016-08-04,61.439998626708984,61.79999923706055,61.16999816894531,61.4900016784668,56.89949035644531,2060500
2016-08-05,61.72999954223633,62.13999938964844,61.4900016784668,61.849998474121094,57.23261642456055,2157400
2016-08-08,61.81999969482422,61.880001068115234,61.2400016784668,61.5099983215332,56.917991638183594,2294000
2016-08-09,61.540000915527344,61.689998626708984,60.58000183105469,60.79999923706055,56.2609977722168,3192700
2016-08-10,61.02000045776367,61.33000183105469,60.5,61.060001373291016,56.501583099365234,2595400
2016-08-11,61.720001220703125,62.369998931884766,61.09000015258789,61.959999084472656,57.33439254760742,2441700
2016-08-12,61.5,63.13999938964844,61.29999923706055,63.119998931884766,58.407806396484375,3110400
2016-08-15,63.33000183105469,63.619998931884766,63.02000045776367,63.220001220703125,58.500343322753906,3216200
2016-08-16,62.33000183105469,63.06999969482422,61.81999969482422,61.869998931884766,57.25111770629883,4645500
2016-08-17,61.880001068115234,62.380001068115234,61.68000030517578,62.29999923706055,57.6490364074707,2979800
2016-08-18,62.4900016784668,63.650001525878906,62.29999923706055,62.880001068115234,58.18571090698242,4835300
2016-08-19,64.5,66.27999877929688,64.19999694824219,65.05999755859375,60.20297622680664,7260000
2016-08-22,65.06999969482422,65.26000213623047,64.37000274658203,64.44999694824219,59.63850784301758,4935700
2016-08-23,64.76000213623047,64.97000122070312,64.16999816894531,64.30000305175781,59.49971389770508,2887600
2016-08-24,64.16999816894531,64.30999755859375,63.65999984741211,63.869998931884766,59.10179901123047,2419000
2016-08-25,63.83000183105469,64.0199966430664,62.900001525878906,63.40999984741211,58.67615509033203,3492000
2016-08-26,63.459999084472656,63.900001525878906,62.95000076293945,63.2599983215332,58.53734588623047,2222500
2016-08-29,63.22999954223633,63.61000061035156,62.90999984741211,63.11000061035156,58.39854431152344,2540300
2016-08-30,62.90999984741211,63.08000183105469,62.08000183105469,62.29999923706055,57.6490364074707,2190700
2016-08-31,62.220001220703125,62.41999816894531,61.81999969482422,62.2400016784668,57.71857833862305,2603900
2016-09-01,62.459999084472656,62.5099983215332,61.630001068115234,62.380001068115234,57.848411560058594,1813500
2016-09-02,62.54999923706055,62.84000015258789,62.130001068115234,62.72999954223633,58.172977447509766,1316600
2016-09-06,62.529998779296875,62.75,61.83000183105469,62.75,58.19152069091797,2361300
2016-09-07,62.099998474121094,63.029998779296875,62.099998474121094,62.86000061035156,58.29354476928711,2233200
2016-09-08,62.63999938964844,63.0,62.45000076293945,62.720001220703125,58.163700103759766,2082900
2016-09-09,62.20000076293945,62.41999816894531,60.77000045776367,60.779998779296875,56.36463165283203,3021000
2016-09-12,60.86000061035156,61.790000915527344,60.790000915527344,61.709999084472656,57.227073669433594,2244100
2016-09-13,61.40999984741211,62.0,60.810001373291016,61.16999816894531,56.72630310058594,2409700
2016-09-14,61.16999816894531,61.61000061035156,61.040000915527344,61.29999923706055,56.84685134887695,1897900
2016-09-15,61.09000015258789,62.09000015258789,60.84000015258789,61.95000076293945,57.44962692260742,1846300
2016-09-16,61.810001373291016,62.02000045776367,61.310001373291016,61.93000030517578,57.431087493896484,2934300
2016-09-19,62.06999969482422,62.810001373291016,61.93000030517578,62.529998779296875,57.98749923706055,2338900
2016-09-20,62.540000915527344,63.0099983215332,62.369998931884766,62.90999984741211,58.33990478515625,2621600
2016-09-21,63.459999084472656,63.459999084472656,62.5,63.349998474121094,58.7479362487793,2288200
2016-09-22,63.58000183105469,64.27999877929688,63.5,63.97999954223633,59.332176208496094,2083200
2016-09-23,63.58000183105469,64.62000274658203,63.58000183105469,64.26000213623047,59.59181594848633,1814500
2016-09-26,64.12000274658203,64.26000213623047,63.47999954223633,63.7599983215332,59.128150939941406,1762800
2016-09-27,63.63999938964844,64.5999984741211,63.63999938964844,64.38999938964844,59.71237564086914,2200700
2016-09-28,64.48999786376953,64.51000213623047,63.22999954223633,63.43000030517578,58.82212829589844,2197700
2016-09-29,63.40999984741211,63.95000076293945,63.189998626708984,63.349998474121094,58.7479362487793,1982000
2016-09-30,63.869998931884766,64.52999877929688,63.529998779296875,64.30000305175781,59.62892150878906,2042000
2016-10-03,63.970001220703125,64.6500015258789,63.7400016784668,64.2300033569336,59.56401062011719,2091100
2016-10-04,64.13999938964844,64.69000244140625,64.0199966430664,64.26000213623047,59.59181594848633,1597500
2016-10-05,64.25,65.4000015258789,64.23999786376953,64.4800033569336,59.79584503173828,2318300
2016-10-06,64.23999786376953,64.54000091552734,63.83000183105469,64.37000274658203,59.69383239746094,1757300
2016-10-07,64.66999816894531,65.29000091552734,63.95000076293945,64.27999877929688,59.61038589477539,1945200
2016-10-10,64.68000030517578,64.98999786376953,64.08000183105469,64.19999694824219,59.536190032958984,1823500
2016-10-11,64.1500015258789,64.16000366210938,63.540000915527344,63.75,59.11888122558594,1944600
2016-10-12,63.91999816894531,64.94999694824219,63.849998474121094,64.9000015258789,60.185333251953125,2141500
2016-10-13,64.62000274658203,64.83000183105469,64.05000305175781,64.80999755859375,60.10186767578125,2001800
2016-10-14,64.94000244140625,65.13999938964844,64.54000091552734,64.66000366210938,59.962799072265625,1626700
2016-10-17,64.69999694824219,65.05000305175781,64.27999877929688,64.38999938964844,59.71237564086914,2152200
2016-10-18,64.66000366210938,64.9000015258789,63.540000915527344,63.54999923706055,58.933406829833984,2262700
2016-10-19,64.5999984741211,64.5999984741211,63.029998779296875,63.36000061035156,58.75720977783203,3019000
2016-10-20,63.470001220703125,64.0,63.2400016784668,63.40999984741211,58.8035774230957,2042300
2016-10-21,63.189998626708984,63.41999816894531,62.77000045776367,63.400001525878906,58.7943000793457,1799900
2016-10-24,63.72999954223633,63.93000030517578,63.13999938964844,63.38999938964844,58.78501892089844,2108100
2016-10-25,63.040000915527344,63.33000183105469,62.560001373291016,63.130001068115234,58.543914794921875,1758000
2016-10-26,63.060001373291016,63.97999954223633,63.0,63.5,58.88703536987305,2040000
2016-10-27,63.5,63.619998931884766,62.08000183105469,62.310001373291016,57.78348159790039,2235800
2016-10-28,62.189998626708984,62.54999923706055,61.779998779296875,62.279998779296875,57.75566482543945,2324700
2016-10-31,62.43000030517578,62.56999969482422,61.900001525878906,62.540000915527344,57.99678039550781,3182600
2016-11-01,62.400001525878906,62.689998626708984,61.81999969482422,62.11000061035156,57.59801483154297,3157900
2016-11-02,62.18000030517578,62.40999984741211,61.83000183105469,62.11000061035156,57.59801483154297,1842700
2016-11-03,62.31999969482422,62.38999938964844,61.20000076293945,61.279998779296875,56.82830047607422,2118300
2016-11-04,61.029998779296875,62.13999938964844,61.029998779296875,61.400001525878906,56.939598083496094,2293800
2016-11-07,61.90999984741211,62.880001068115234,61.630001068115234,62.59000015258789,58.04314422607422,3191900
2016-11-08,62.59000015258789,63.689998626708984,62.290000915527344,62.849998474121094,58.28425216674805,2801700
2016-11-09,61.529998779296875,63.0,61.0,62.86000061035156,58.29354476928711,2880800
2016-11-10,63.130001068115234,64.63999938964844,62.93000030517578,63.2400016784668,58.64592361450195,3491200
2016-11-11,63.130001068115234,63.900001525878906,62.52000045776367,63.63999938964844,59.01686477661133,3390500
2016-11-14,63.72999954223633,64.47000122070312,63.56999969482422,63.599998474121094,58.97977828979492,3865000
2016-11-15,64.0,64.01000213623047,61.97999954223633,63.09000015258789,58.50681686401367,4099800
2016-11-16,63.09000015258789,64.08999633789062,62.91999816894531,63.86000061035156,59.22089385986328,3744500
2016-11-17,64.11000061035156,65.52999877929688,63.11000061035156,65.52999877929688,60.76958084106445,4038300
2016-11-18,67.72000122070312,68.83999633789062,66.5999984741211,68.0,63.06013107299805,6999100
2016-11-21,68.0199966430664,68.36000061035156,67.55999755859375,67.93000030517578,62.99521255493164,4024500
2016-11-22,68.6500015258789,69.80999755859375,68.55000305175781,68.94000244140625,63.93186569213867,7715400
2016-11-23,68.80999755859375,69.73999786376953,68.52999877929688,69.25,64.2193603515625,2832500
2016-11-25,69.55000305175781,69.55000305175781,68.86000061035156,69.04000091552734,64.02460479736328,1036400
2016-11-28,68.79000091552734,69.0,68.29000091552734,68.36000061035156,63.39397048950195,2693800
2016-11-29,68.5999984741211,68.8499984741211,68.20999908447266,68.56999969482422,63.58871841430664,2221300
2016-11-30,68.44999694824219,68.72000122070312,67.58000183105469,67.58999633789062,62.67991638183594,4411600
2016-12-01,67.45999908447266,67.94999694824219,67.08999633789062,67.37999725341797,62.485172271728516,2925100
2016-12-02,67.44999694824219,67.87999725341797,67.19000244140625,67.36000061035156,62.46664047241211,2248700
2016-12-05,67.69000244140625,67.91999816894531,66.87000274658203,67.1500015258789,62.39693832397461,2765700
2016-12-06,67.26000213623047,67.5,66.69999694824219,67.26000213623047,62.4991455078125,2626200
2016-12-07,67.37999725341797,68.30000305175781,67.05000305175781,68.26000213623047,63.42837142944336,2360200
2016-12-08,68.12999725341797,68.44000244140625,67.47000122070312,67.69999694824219,62.90800094604492,2451300
2016-12-09,67.77999877929688,67.77999877929688,66.91000366210938,67.62000274658203,62.833675384521484,2198400
2016-12-12,67.44999694824219,67.80999755859375,67.01000213623047,67.38999938964844,62.61994552612305,1786700
2016-12-13,67.69000244140625,68.69000244140625,67.44000244140625,68.2699966430664,63.43766403198242,2698600
2016-12-14,68.4000015258789,68.45999908447266,67.20999908447266,67.44000244140625,62.666404724121094,2827300
2016-12-15,67.68000030517578,67.94000244140625,67.06999969482422,67.2699966430664,62.5084342956543,3236900
2016-12-16,67.48999786376953,69.52999877929688,67.29000091552734,69.52999877929688,64.60846710205078,11132700
2016-12-19,69.0,69.23999786376953,68.33999633789062,68.41000366210938,63.5677604675293,4173800
2016-12-20,68.5199966430664,69.0,68.13999938964844,68.43000030517578,63.58632278442383,3205900
2016-12-21,68.44999694824219,68.7300033569336,67.97000122070312,68.0,63.186763763427734,2105700
2016-12-22,67.83000183105469,67.95999908447266,66.98999786376953,67.11000061035156,62.35976028442383,2058500
2016-12-23,67.1500015258789,67.58000183105469,67.06999969482422,67.11000061035156,62.35976028442383,1411300
2016-12-27,67.26000213623047,67.70999908447266,67.13999938964844,67.1500015258789,62.39693832397461,1266400
2016-12-28,67.27999877929688,67.58999633789062,66.47000122070312,66.5199966430664,61.811527252197266,1808600
2016-12-29,66.48999786376953,67.13999938964844,66.27999877929688,66.37000274658203,61.67213821411133,1670200
2016-12-30,66.69000244140625,66.95999908447266,65.48999786376953,65.5999984741211,60.95664978027344,2776900
2017-01-03,66.0199966430664,66.97000122070312,65.38999938964844,65.61000061035156,60.9659538269043,3023800
2017-01-04,65.66000366210938,66.76000213623047,65.62000274658203,66.55000305175781,61.83939743041992,2970600
2017-01-05,65.72000122070312,66.58999633789062,65.55000305175781,65.69000244140625,61.040283203125,2798800
2017-01-06,65.79000091552734,65.98999786376953,65.26000213623047,65.30999755859375,60.68717575073242,2183200
2017-01-09,65.2699966430664,65.9800033569336,65.2699966430664,65.44999694824219,60.8172721862793,2182200
2017-01-10,65.30999755859375,67.19999694824219,65.26000213623047,66.7699966430664,62.0438232421875,3020300
2017-01-11,66.79000091552734,67.20999908447266,66.08000183105469,66.55000305175781,61.83939743041992,1919600
2017-01-12,66.3499984741211,66.69000244140625,65.91000366210938,66.58999633789062,61.876564025878906,1209900
2017-01-13,66.51000213623047,67.08999633789062,66.48999786376953,66.93000030517578,62.19251251220703,1418100
2017-01-17,66.9000015258789,68.36000061035156,66.80999755859375,67.12000274658203,62.369056701660156,1611900
2017-01-18,67.4000015258789,67.4000015258789,66.72000122070312,66.9000015258789,62.16462707519531,1935500
2017-01-19,66.7699966430664,67.0,65.83000183105469,65.95999908447266,61.291168212890625,1469300
2017-01-20,66.27999877929688,66.44000244140625,65.4800033569336,66.0,61.32835006713867,1732700
2017-01-23,65.80999755859375,66.06999969482422,64.88999938964844,65.11000061035156,60.50132751464844,2048800
2017-01-24,65.19000244140625,66.22000122070312,65.19000244140625,66.11000061035156,61.43054962158203,1676500
2017-01-25,66.33999633789062,66.5,65.70999908447266,65.95999908447266,61.291168212890625,2194100
2017-01-26,66.13999938964844,66.3499984741211,65.5199966430664,65.56999969482422,60.92876434326172,2090500
2017-01-27,65.81999969482422,65.87000274658203,64.94000244140625,65.33000183105469,60.70576095581055,1967600
2017-01-30,65.26000213623047,65.68000030517578,64.68000030517578,65.38999938964844,60.76150894165039,1655400
2017-01-31,65.1500015258789,66.12999725341797,64.58000183105469,66.11000061035156,61.43054962158203,1832300
2017-02-01,66.0199966430664,66.31999969482422,65.4800033569336,65.87999725341797,61.216835021972656,2148200
2017-02-02,65.7300033569336,66.18000030517578,65.45999908447266,65.63999938964844,60.99380874633789,1654800
2017-02-03,65.91000366210938,66.58000183105469,65.62000274658203,65.95999908447266,61.291168212890625,1698700
2017-02-06,65.80999755859375,66.45999908447266,65.66000366210938,66.33999633789062,61.644264221191406,1734900
2017-02-07,66.3499984741211,66.68000030517578,66.08000183105469,66.36000061035156,61.662837982177734,1368200
2017-02-08,66.36000061035156,67.86000061035156,66.33000183105469,67.66999816894531,62.880126953125,1950400
2017-02-09,67.80000305175781,68.44000244140625,67.69999694824219,68.16999816894531,63.344722747802734,1818400
2017-02-10,68.31999969482422,68.95999908447266,67.83999633789062,68.79000091552734,63.92084884643555,2219200
2017-02-13,69.0,69.02999877929688,67.98999786376953,68.05000305175781,63.23323440551758,2116300
2017-02-14,68.05000305175781,68.72000122070312,67.94000244140625,68.69999694824219,63.83723068237305,1994600
2017-02-15,68.51000213623047,68.94999694824219,68.38999938964844,68.91999816894531,64.0416259765625,2377700
2017-02-16,69.08000183105469,69.08000183105469,67.97000122070312,68.26000213623047,63.42837142944336,2542000
2017-02-17,68.22000122070312,68.58999633789062,67.87000274658203,68.55000305175781,63.6978645324707,4137500
2017-02-21,68.98999786376953,69.52999877929688,68.55000305175781,68.80999755859375,63.93943786621094,2788200
2017-02-22,68.93000030517578,69.4000015258789,68.72000122070312,69.04000091552734,64.1531753540039,2540500
2017-02-23,68.83999633789062,68.93000030517578,67.55999755859375,67.63999938964844,62.85223388671875,2618100
2017-02-24,67.75,69.37000274658203,67.5199966430664,69.01000213623047,64.12527465820312,3232900
2017-02-27,68.9800033569336,69.38999938964844,68.66999816894531,69.1500015258789,64.25535583496094,2380300
2017-02-28,68.8499984741211,68.8499984741211,68.05000305175781,68.58000183105469,63.72571563720703,3499400
2017-03-01,68.0199966430664,68.25,65.62999725341797,66.80000305175781,62.071693420410156,7923600
2017-03-02,66.7300033569336,68.37999725341797,66.62000274658203,67.80999755859375,63.01022720336914,3312000
2017-03-03,67.80000305175781,67.91000366210938,66.55000305175781,67.06999969482422,62.322601318359375,2605500
2017-03-06,67.05999755859375,67.54000091552734,66.63999938964844,67.4000015258789,62.62922286987305,2819100
2017-03-07,67.16000366210938,67.58000183105469,66.69000244140625,66.87000274658203,62.13676834106445,2496000
2017-03-08,66.70999908447266,67.11000061035156,66.43000030517578,66.70999908447266,62.13676834106445,1965800
2017-03-09,66.7300033569336,66.83000183105469,66.37000274658203,66.6500015258789,62.080867767333984,1867600
2017-03-10,67.11000061035156,67.13999938964844,66.44000244140625,66.95999908447266,62.3696174621582,2016900
2017-03-13,66.94000244140625,67.19999694824219,66.54000091552734,66.94999694824219,62.360294342041016,2354400
2017-03-14,66.87999725341797,67.45999908447266,66.70999908447266,67.27999877929688,62.66768264770508,1648600
2017-03-15,67.2300033569336,67.76000213623047,66.83000183105469,67.54000091552734,62.909854888916016,1357200
2017-03-16,67.23999786376953,67.94999694824219,67.22000122070312,67.30999755859375,62.69562911987305,1863500
2017-03-17,67.91000366210938,67.91000366210938,67.08999633789062,67.6500015258789,63.012306213378906,3324800
2017-03-20,67.45999908447266,67.63999938964844,66.27999877929688,66.45999908447266,61.90388107299805,2135800
2017-03-21,66.70999908447266,66.75,65.44000244140625,65.7699966430664,61.261192321777344,2453200
2017-03-22,66.0,66.48999786376953,65.41000366210938,66.3499984741211,61.801422119140625,1821300
2017-03-23,66.23999786376953,66.5999984741211,65.69000244140625,65.7699966430664,61.261192321777344,1740500
2017-03-24,66.08999633789062,66.55000305175781,65.69000244140625,66.12000274658203,61.58720016479492,1857400
2017-03-27,65.76000213623047,65.91000366210938,65.20999908447266,65.33999633789062,60.860652923583984,2326200
2017-03-28,65.2699966430664,65.86000061035156,64.76000213623047,65.7699966430664,61.261192321777344,2075100
2017-03-29,65.7699966430664,66.37999725341797,65.45999908447266,66.05999755859375,61.53131103515625,1593300
2017-03-30,65.94000244140625,66.62999725341797,65.87000274658203,66.61000061035156,62.04359817504883,1740900
2017-03-31,66.4000015258789,66.5199966430664,65.80999755859375,65.87000274658203,61.35433578491211,1655300
2017-04-03,66.05000305175781,66.05000305175781,65.0199966430664,65.18000030517578,60.71164321899414,2313800
2017-04-04,65.0999984741211,65.16999816894531,63.540000915527344,63.65999984741211,59.29584884643555,2788500
2017-04-05,63.689998626708984,63.81999969482422,62.459999084472656,62.529998779296875,58.243316650390625,4965400
2017-04-06,62.93000030517578,64.0,62.869998931884766,63.45000076293945,59.100250244140625,4468600
2017-04-07,63.540000915527344,63.58000183105469,62.959999084472656,63.09000015258789,58.76491928100586,3140800
2017-04-10,63.0,63.810001373291016,63.0,63.5,59.14680862426758,2197500
2017-04-11,63.459999084472656,63.9900016784668,63.220001220703125,63.90999984741211,59.52871322631836,2060500
2017-04-12,64.08000183105469,64.08999633789062,63.650001525878906,63.72999954223633,59.361045837402344,2225100
2017-04-13,63.88999938964844,64.0199966430664,63.189998626708984,63.20000076293945,58.86737823486328,1743000
2017-04-17,63.560001373291016,63.63999938964844,63.02000045776367,63.279998779296875,58.941898345947266,1869400
2017-04-18,63.31999969482422,63.61000061035156,63.16999816894531,63.40999984741211,59.06298065185547,1756500
2017-04-19,63.7400016784668,64.08000183105469,63.560001373291016,63.72999954223633,59.361045837402344,2007600
2017-04-20,63.790000915527344,65.0,63.790000915527344,64.66000366210938,60.22731399536133,2857800
2017-04-21,64.66000366210938,64.93000030517578,64.11000061035156,64.9000015258789,60.450836181640625,2150100
2017-04-24,65.41999816894531,65.69999694824219,64.66000366210938,65.05999755859375,60.59987258911133,2118800
2017-04-25,65.20999908447266,65.33999633789062,64.5199966430664,64.75,60.31111145019531,1804000
2017-04-26,65.12999725341797,65.51000213623047,64.93000030517578,65.05000305175781,60.590545654296875,1910600
2017-04-27,65.02999877929688,65.88999938964844,65.0199966430664,65.54000091552734,61.04696273803711,2349500
2017-04-28,65.58999633789062,65.58999633789062,64.6500015258789,65.0,60.54397201538086,2823800
2017-05-01,65.30000305175781,65.43000030517578,64.06999969482422,64.08000183105469,59.68705368041992,1814000
2017-05-02,64.06999969482422,64.7699966430664,63.959999084472656,64.72000122070312,60.283172607421875,2524300
2017-05-03,64.8499984741211,65.22000122070312,64.66000366210938,65.13999938964844,60.67438888549805,1741900
2017-05-04,65.13999938964844,65.38999938964844,64.33000183105469,64.56999969482422,60.143455505371094,1876200
2017-05-05,64.69999694824219,64.9000015258789,64.41000366210938,64.69999694824219,60.2645378112793,1922300
2017-05-08,64.75,64.88999938964844,64.43000030517578,64.62999725341797,60.19934844970703,1532100
2017-05-09,64.58999633789062,65.58999633789062,64.36000061035156,65.22000122070312,60.748897552490234,1696400
2017-05-10,65.2699966430664,66.52999877929688,64.94000244140625,66.05000305175781,61.522010803222656,3073200
2017-05-11,65.58999633789062,65.80000305175781,64.56999969482422,65.2300033569336,60.758209228515625,2691100
2017-05-12,64.9800033569336,65.12000274658203,63.470001220703125,63.4900016784668,59.13750457763672,3332500
2017-05-15,63.45000076293945,63.619998931884766,62.279998779296875,62.349998474121094,58.075645446777344,5505100
2017-05-16,60.540000915527344,61.869998931884766,59.66999816894531,61.5,57.28391647338867,8804300
2017-05-17,61.310001373291016,62.43000030517578,61.220001220703125,61.52000045776367,57.302547454833984,4108700
2017-05-18,61.849998474121094,62.15999984741211,61.0099983215332,61.06999969482422,56.883399963378906,3702900
2017-05-19,62.90999984741211,63.95000076293945,61.22999954223633,62.20000076293945,57.93593215942383,6901200
2017-05-22,62.29999923706055,62.91999816894531,61.880001068115234,62.45000076293945,58.168800354003906,3686100
2017-05-23,62.29999923706055,62.630001068115234,61.75,62.02000045776367,57.768280029296875,3343400
2017-05-24,62.029998779296875,62.5099983215332,61.68000030517578,61.95000076293945,57.70307540893555,3015100
2017-05-25,62.349998474121094,63.27000045776367,62.11000061035156,63.0,58.68109130859375,4109600
2017-05-26,63.150001525878906,63.689998626708984,62.790000915527344,63.52000045776367,59.165435791015625,1922900
2017-05-30,63.560001373291016,63.7400016784668,63.29999923706055,63.43000030517578,59.08161163330078,2233700
2017-05-31,63.43000030517578,63.939998626708984,63.15999984741211,63.91999816894531,59.53801727294922,3039200
2017-06-01,63.880001068115234,64.0,63.2400016784668,63.68000030517578,59.31447219848633,2763000
2017-06-02,63.459999084472656,63.88999938964844,63.310001373291016,63.7400016784668,59.5199089050293,2018700
2017-06-05,63.869998931884766,63.880001068115234,63.290000915527344,63.31999969482422,59.12771224975586,2234600
2017-06-06,63.099998474121094,63.25,61.72999954223633,61.84000015258789,57.74570083618164,3443300
2017-06-07,62.130001068115234,62.5099983215332,61.86000061035156,62.11000061035156,57.99782943725586,2851600
2017-06-08,62.529998779296875,62.630001068115234,61.189998626708984,61.31999969482422,57.260128021240234,3451800
2017-06-09,61.41999816894531,62.08000183105469,60.7400016784668,61.959999084472656,57.857749938964844,2498300
2017-06-12,61.65999984741211,62.869998931884766,61.65999984741211,61.86000061035156,57.76438903808594,3101700
2017-06-13,61.70000076293945,62.279998779296875,61.540000915527344,62.09000015258789,57.979148864746094,1962900
2017-06-14,62.349998474121094,62.349998474121094,60.81999969482422,61.099998474121094,57.0546989440918,2903900
2017-06-15,61.06999969482422,61.36000061035156,59.529998779296875,60.90999984741211,56.877281188964844,2929900
2017-06-16,60.18000030517578,60.22999954223633,59.599998474121094,60.08000183105469,56.102230072021484,4407500
2017-06-19,60.189998626708984,60.84000015258789,59.560001373291016,60.650001525878906,56.634490966796875,2400600
2017-06-20,60.619998931884766,60.619998931884766,57.65999984741211,57.720001220703125,53.89848327636719,5961100
2017-06-21,57.61000061035156,58.150001525878906,56.650001525878906,56.900001525878906,53.13276290893555,7242400
2017-06-22,56.939998626708984,56.939998626708984,55.619998931884766,55.970001220703125,52.26434326171875,6669800
2017-06-23,56.0099983215332,56.369998931884766,55.220001220703125,56.290000915527344,52.56315994262695,5281600
2017-06-26,56.40999984741211,57.27000045776367,56.400001525878906,56.70000076293945,52.946006774902344,2851500
2017-06-27,56.619998931884766,56.9900016784668,56.20000076293945,56.529998779296875,52.787254333496094,2610500
2017-06-28,56.72999954223633,58.09000015258789,56.349998474121094,57.779998779296875,53.95450210571289,3476400
2017-06-29,57.720001220703125,57.93000030517578,56.7599983215332,57.29999923706055,53.50627899169922,2934500
2017-06-30,58.060001373291016,58.060001373291016,57.380001068115234,57.72999954223633,53.907806396484375,3419100
2017-07-03,57.9900016784668,58.4900016784668,57.959999084472656,58.22999954223633,54.374717712402344,1544000
2017-07-05,58.18000030517578,58.25,57.0,57.38999938964844,53.5903205871582,3940300
2017-07-06,56.90999984741211,57.0,55.959999084472656,56.279998779296875,52.55381393432617,4068900
2017-07-07,56.27000045776367,56.66999816894531,56.119998931884766,56.13999938964844,52.42308807373047,3581400
2017-07-10,56.04999923706055,56.13999938964844,54.72999954223633,54.79999923706055,51.171810150146484,4575300
2017-07-11,54.810001373291016,55.02000045776367,54.31999969482422,54.34000015258789,50.74226379394531,3656400
2017-07-12,54.68000030517578,54.88999938964844,54.08000183105469,54.130001068115234,50.54616928100586,4363900
2017-07-13,54.099998474121094,54.61000061035156,53.88999938964844,54.41999816894531,50.81696319580078,6000400
2017-07-14,55.61000061035156,56.04999923706055,54.68000030517578,54.7599983215332,51.13444900512695,5736600
2017-07-17,54.790000915527344,55.2599983215332,54.66999816894531,54.72999954223633,51.10643768310547,3468100
2017-07-18,54.790000915527344,54.970001220703125,54.2599983215332,54.33000183105469,50.732933044433594,2698300
2017-07-19,54.349998474121094,54.72999954223633,54.209999084472656,54.41999816894531,50.81696319580078,4683200
2017-07-20,54.52000045776367,55.08000183105469,54.41999816894531,54.650001525878906,51.03173828125,4902400
2017-07-21,54.72999954223633,55.02000045776367,54.099998474121094,54.310001373291016,50.71424865722656,4069100
2017-07-24,54.20000076293945,54.20000076293945,52.90999984741211,53.06999969482422,49.55634689331055,5574200
2017-07-25,53.34000015258789,54.47999954223633,53.08000183105469,54.029998779296875,50.45278549194336,5340000
2017-07-26,54.09000015258789,54.40999984741211,53.369998931884766,53.959999084472656,50.38742446899414,2715400
2017-07-27,53.900001525878906,55.130001068115234,53.790000915527344,55.119998931884766,51.470611572265625,3182500
2017-07-28,55.08000183105469,55.349998474121094,54.66999816894531,54.869998931884766,51.2371711730957,2102600
2017-07-31,55.099998474121094,55.38999938964844,54.72999954223633,55.31999969482422,51.65738296508789,2736600
2017-08-01,55.459999084472656,55.68000030517578,55.029998779296875,55.599998474121094,51.91883850097656,2475300
2017-08-02,55.58000183105469,55.900001525878906,55.209999084472656,55.650001525878906,51.96552658081055,2471500
2017-08-03,55.630001068115234,55.9900016784668,54.529998779296875,54.869998931884766,51.2371711730957,3109000
2017-08-04,55.099998474121094,55.939998626708984,54.86000061035156,55.86000061035156,52.16162109375,2400900
2017-08-07,55.619998931884766,56.02000045776367,55.130001068115234,55.400001525878906,51.732078552246094,2235000
2017-08-08,55.52000045776367,56.61000061035156,55.52000045776367,55.91999816894531,52.21765899658203,3085500
2017-08-09,55.880001068115234,56.06999969482422,55.02000045776367,56.040000915527344,52.329708099365234,3353000
2017-08-10,55.70000076293945,55.72999954223633,54.66999816894531,54.79999923706055,51.171810150146484,3336900
2017-08-11,54.86000061035156,55.939998626708984,54.79999923706055,55.560001373291016,51.88149642944336,2593800
2017-08-14,55.90999984741211,56.2400016784668,54.63999938964844,54.77000045776367,51.143795013427734,3457100
2017-08-15,54.66999816894531,54.75,52.849998474121094,53.029998779296875,49.51899719238281,7469000
2017-08-16,53.880001068115234,54.45000076293945,53.38999938964844,54.369998931884766,50.77028274536133,3615300
2017-08-17,53.91999816894531,54.36000061035156,53.189998626708984,53.33000183105469,49.799129486083984,5508400
2017-08-18,58.72999954223633,59.5,57.9900016784668,59.02000045776367,55.11241149902344,14140300
2017-08-21,58.95000076293945,59.13999938964844,57.75,58.560001373291016,54.682865142822266,5277400
2017-08-22,58.79999923706055,59.2400016784668,58.65999984741211,59.189998626708984,55.27115249633789,3342700
2017-08-23,59.029998779296875,59.31999969482422,58.66999816894531,58.91999816894531,55.01902770996094,3144700
2017-08-24,59.36000061035156,60.79999923706055,58.13999938964844,58.33000183105469,54.46808624267578,4233500
2017-08-25,58.38999938964844,59.66999816894531,58.38999938964844,59.380001068115234,55.448570251464844,6287600
2017-08-28,59.45000076293945,59.54999923706055,58.7599983215332,59.02000045776367,55.11241149902344,2764300
2017-08-29,58.61000061035156,59.150001525878906,57.95000076293945,58.689998626708984,54.80425262451172,2649000
2017-08-30,58.7400016784668,58.91999816894531,58.04999923706055,58.43000030517578,54.56147384643555,3179200
2017-08-31,58.5,58.869998931884766,58.150001525878906,58.45000076293945,54.580142974853516,3370000
2017-09-01,58.650001525878906,59.27000045776367,58.650001525878906,58.91999816894531,55.01902770996094,2751800
2017-09-05,58.75,59.369998931884766,58.70000076293945,58.9900016784668,55.08440017700195,2918600
2017-09-06,58.84000015258789,59.70000076293945,58.84000015258789,59.150001525878906,55.3840217590332,2924100
2017-09-07,59.369998931884766,59.619998931884766,58.119998931884766,58.54999923706055,54.82221603393555,2942000
2017-09-08,58.5099983215332,58.720001220703125,57.869998931884766,58.52000045776367,54.794132232666016,2085300
2017-09-11,58.599998474121094,59.380001068115234,58.34000015258789,59.27000045776367,55.496368408203125,2778200
2017-09-12,59.4900016784668,61.400001525878906,59.189998626708984,60.66999816894531,56.80724334716797,3369700
2017-09-13,60.7599983215332,61.900001525878906,60.7599983215332,61.40999984741211,57.50012969970703,2943200
2017-09-14,61.279998779296875,61.439998626708984,60.290000915527344,60.599998474121094,56.74170684814453,2800900
2017-09-15,60.56999969482422,60.93000030517578,60.0,60.709999084472656,56.844688415527344,3528400
2017-09-18,60.810001373291016,60.9900016784668,59.95000076293945,60.810001373291016,56.93833541870117,2373700
2017-09-19,60.880001068115234,61.209999084472656,60.689998626708984,61.150001525878906,57.256690979003906,3052400
2017-09-20,61.29999923706055,61.43000030517578,60.630001068115234,60.91999816894531,57.041324615478516,1747000
2017-09-21,61.099998474121094,61.2599983215332,60.650001525878906,60.90999984741211,57.0319709777832,2352100
2017-09-22,60.630001068115234,61.06999969482422,60.310001373291016,60.88999938964844,57.01323699951172,1644500
2017-09-25,62.689998626708984,63.58000183105469,62.5,62.86000061035156,58.857810974121094,3860700
2017-09-26,63.0099983215332,63.939998626708984,62.66999816894531,63.790000915527344,59.72859573364258,3651700
2017-09-27,63.68000030517578,65.30000305175781,63.63999938964844,64.83999633789062,60.71174621582031,4648200
2017-09-28,64.55999755859375,64.8499984741211,63.72999954223633,64.80000305175781,60.6743049621582,4224000
2017-09-29,64.91999816894531,65.20999908447266,64.5,64.56999969482422,60.45895004272461,2501700
2017-10-02,64.33999633789062,64.91999816894531,63.72999954223633,64.69000244140625,60.57130432128906,2507300
2017-10-03,64.55000305175781,65.1500015258789,64.44999694824219,64.91000366210938,60.777286529541016,1775300
2017-10-04,65.01000213623047,65.37999725341797,64.33999633789062,65.2300033569336,61.07691955566406,3286500
2017-10-05,65.22000122070312,65.6500015258789,65.05000305175781,65.52999877929688,61.357818603515625,2227200
2017-10-06,65.33000183105469,66.16000366210938,65.31999969482422,65.98999786376953,61.78853988647461,2385400
2017-10-09,65.95999908447266,65.95999908447266,65.06999969482422,65.29000091552734,61.13309097290039,1268100
2017-10-10,65.29000091552734,65.51000213623047,64.5999984741211,64.83999633789062,60.71174621582031,1761900
2017-10-11,64.95999908447266,65.2300033569336,64.38999938964844,64.55000305175781,60.44021987915039,2754400
2017-10-12,64.55000305175781,64.66000366210938,63.15999984741211,63.279998779296875,59.251060485839844,3254200
2017-10-13,63.38999938964844,63.61000061035156,62.90999984741211,63.119998931884766,59.10124969482422,2812700
2017-10-16,63.029998779296875,63.38999938964844,62.34000015258789,62.90999984741211,58.904632568359375,2226100
2017-10-17,63.0,63.599998474121094,62.86000061035156,63.2400016784668,59.213626861572266,1783800
2017-10-18,63.220001220703125,63.54999923706055,62.86000061035156,63.31999969482422,59.288516998291016,1860800
2017-10-19,63.349998474121094,63.619998931884766,62.93000030517578,63.38999938964844,59.35407257080078,1771400
2017-10-20,63.70000076293945,64.33999633789062,63.40999984741211,64.2300033569336,60.140586853027344,2334600
2017-10-23,64.1500015258789,64.91000366210938,63.970001220703125,64.30999755859375,60.21548843383789,1891200
2017-10-24,64.33999633789062,64.76000213623047,64.13999938964844,64.33999633789062,60.24357986450195,2020700
2017-10-25,64.0,64.31999969482422,63.29999923706055,63.84000015258789,59.77541732788086,2364000
2017-10-26,64.0199966430664,64.70999908447266,63.709999084472656,64.2699966430664,60.178043365478516,1624000
2017-10-27,63.63999938964844,64.08999633789062,63.290000915527344,63.81999969482422,59.75668716430664,2537200
2017-10-30,63.59000015258789,63.59000015258789,62.59000015258789,63.41999816894531,59.38215255737305,2159600
2017-10-31,63.68000030517578,64.87000274658203,63.40999984741211,63.4900016784668,59.44770050048828,1983000
2017-11-01,63.7400016784668,64.12000274658203,63.16999816894531,63.47999954223633,59.43832778930664,1965700
2017-11-02,63.849998474121094,64.66999816894531,63.54999923706055,64.36000061035156,60.262306213378906,1948300
2017-11-03,64.16999816894531,64.55000305175781,64.05000305175781,64.12999725341797,60.04695510864258,1645400
2017-11-06,64.11000061035156,64.7300033569336,62.849998474121094,64.13999938964844,60.05631637573242,2052900
2017-11-07,64.20999908447266,64.81999969482422,64.0,64.79000091552734,60.6649284362793,2680400
2017-11-08,64.62999725341797,64.87999725341797,63.779998779296875,63.869998931884766,59.803504943847656,2373200
2017-11-09,63.560001373291016,65.19000244140625,63.54999923706055,64.56999969482422,60.45895004272461,2391900
2017-11-10,64.29000091552734,65.80000305175781,64.29000091552734,65.76000213623047,61.57318115234375,3430600
2017-11-13,65.16000366210938,65.88999938964844,64.70999908447266,64.91000366210938,60.777286529541016,2613000
2017-11-14,64.0199966430664,64.91000366210938,63.560001373291016,64.47000122070312,60.36531448364258,3992400
2017-11-15,64.23999786376953,65.5199966430664,63.90999984741211,64.61000061035156,60.496395111083984,3328000
2017-11-16,64.55999755859375,65.98999786376953,64.37999725341797,65.69000244140625,61.507633209228516,4665800
2017-11-17,72.12999725341797,73.94000244140625,71.0199966430664,72.25,67.64997863769531,8241900
2017-11-20,72.38999938964844,72.86000061035156,71.66999816894531,72.73999786376953,68.10877990722656,4161600
2017-11-21,72.97000122070312,73.0,71.88999938964844,72.66999816894531,68.04322052001953,3069400
2017-11-22,72.25,72.80999755859375,72.0,72.30000305175781,67.69677734375,2287800
2017-11-24,72.2699966430664,72.69000244140625,71.18000030517578,71.31999969482422,66.77915954589844,1045400
2017-11-27,71.5999984741211,71.95999908447266,71.0199966430664,71.33000183105469,66.78854370117188,2557200
2017-11-28,71.36000061035156,72.88999938964844,70.83999633789062,72.80999755859375,68.17430877685547,3015400
2017-11-29,72.94999694824219,76.33000183105469,72.7300033569336,75.94999694824219,71.11438751220703,5689200
2017-11-30,75.97000122070312,77.19999694824219,74.93000030517578,76.02999877929688,71.339599609375,5023900
2017-12-01,75.63999938964844,76.33000183105469,74.27999877929688,75.7300033569336,71.05809783935547,3100700
2017-12-04,76.41999816894531,78.80999755859375,76.23999786376953,78.01000213623047,73.19744873046875,4498200
2017-12-05,78.22000122070312,78.77999877929688,76.98999786376953,77.0199966430664,72.26851654052734,2403500
2017-12-06,77.26000213623047,77.97000122070312,76.62999725341797,76.79000091552734,72.052734375,2037600
2017-12-07,77.08999633789062,77.4800033569336,76.5,76.69999694824219,71.96824645996094,1748900
2017-12-08,77.01000213623047,77.11000061035156,76.1500015258789,76.88999938964844,72.14651489257812,2093900
2017-12-11,76.69999694824219,77.20999908447266,76.0199966430664,76.76000213623047,72.0245590209961,2070700
2017-12-12,76.73999786376953,77.19000244140625,76.20999908447266,76.41000366210938,71.6961441040039,2096500
2017-12-13,76.68000030517578,77.56999969482422,76.5199966430664,76.97000122070312,72.22159576416016,2014200
2017-12-14,77.1500015258789,77.4800033569336,75.19999694824219,75.51000213623047,70.85165405273438,2057200
2017-12-15,76.41000366210938,76.7699966430664,75.26000213623047,75.95999908447266,71.27391052246094,4383100
2017-12-18,76.3499984741211,77.69000244140625,76.3499984741211,77.55999755859375,72.77520751953125,1813100
2017-12-19,77.76000213623047,78.83999633789062,77.19000244140625,78.54000091552734,73.69474792480469,2925600
2017-12-20,78.80999755859375,79.80999755859375,78.33000183105469,79.61000061035156,74.69873809814453,2991200
2017-12-21,79.72000122070312,80.62000274658203,79.52999877929688,80.13999938964844,75.19605255126953,2515600
2017-12-22,80.06999969482422,80.5199966430664,79.41999816894531,80.44000244140625,75.47755432128906,1447600
2017-12-26,80.55000305175781,81.12999725341797,80.4000015258789,80.95999908447266,75.96543884277344,1309800
2017-12-27,81.23999786376953,81.23999786376953,80.55999755859375,80.7300033569336,75.74964141845703,958000
2017-12-28,80.91999816894531,80.91999816894531,80.0199966430664,80.61000061035156,75.63703155517578,810900
2017-12-29,80.55999755859375,81.4800033569336,80.22000122070312,80.25,75.29924774169922,1757900
2018-01-02,80.86000061035156,81.36000061035156,80.43000030517578,80.5,75.5338134765625,2107900
2018-01-03,80.63999938964844,80.66000366210938,79.62000274658203,80.44999694824219,75.4869155883789,2942000
2018-01-04,80.45999908447266,81.01000213623047,79.61000061035156,80.91000366210938,75.91853332519531,2313200
2018-01-05,81.31999969482422,82.12000274658203,80.97000122070312,81.97000122070312,76.91313934326172,2224500
2018-01-08,81.95999908447266,82.12000274658203,80.83000183105469,81.22000122070312,76.20941925048828,3318300
2018-01-09,81.16999816894531,81.16999816894531,79.56999969482422,80.51000213623047,75.543212890625,1676300
2018-01-10,80.37999725341797,81.20999908447266,79.91999816894531,80.68000030517578,75.70272064208984,3348600
2018-01-11,80.95999908447266,82.62000274658203,80.37999725341797,82.55999755859375,77.46672821044922,2252100
2018-01-12,82.91999816894531,83.93000030517578,82.80999755859375,83.58000183105469,78.42379760742188,2202600
2018-01-16,84.08000183105469,84.26000213623047,80.5999984741211,80.87000274658203,75.8810043334961,2596500
2018-01-17,81.58000183105469,82.22000122070312,81.18000030517578,81.30000305175781,76.28447723388672,2950200
2018-01-18,81.51000213623047,82.45999908447266,81.3499984741211,81.6500015258789,76.6128921508789,2186400
2018-01-19,82.16000366210938,83.9000015258789,81.73999786376953,83.76000213623047,78.59268951416016,2514500
2018-01-22,83.87000274658203,84.55999755859375,83.47000122070312,84.4800033569336,79.26829528808594,1853000
2018-01-23,84.22000122070312,84.66000366210938,83.8499984741211,84.58000183105469,79.36212921142578,1537500
2018-01-24,84.62999725341797,85.31999969482422,83.44999694824219,84.58999633789062,79.37149810791016,1752000
2018-01-25,85.06999969482422,85.11000061035156,83.80999755859375,84.38999938964844,79.183837890625,1259000
2018-01-26,84.87000274658203,85.51000213623047,84.16000366210938,85.45999908447266,80.18783569335938,1842300
2018-01-29,85.04000091552734,85.66000366210938,84.23999786376953,84.56999969482422,79.35273742675781,1785700
2018-01-30,84.80000305175781,85.19999694824219,83.23999786376953,83.38999938964844,78.24552917480469,2233800
2018-01-31,83.51000213623047,83.68000030517578,81.66000366210938,82.38999938964844,77.30723571777344,3241300
2018-02-01,81.70999908447266,83.18000030517578,81.5999984741211,82.0,76.94127655029297,2189700
2018-02-02,81.48999786376953,81.93000030517578,79.0,79.08000183105469,74.20143127441406,3230000
2018-02-05,79.02999877929688,80.27999877929688,76.88999938964844,76.9000015258789,72.15591430664062,3673300
2018-02-06,75.47000122070312,78.86000061035156,74.0,78.33000183105469,73.49771118164062,3034500
2018-02-07,77.69999694824219,79.33999633789062,77.19999694824219,77.98999786376953,73.1786880493164,2219200
2018-02-08,77.87000274658203,78.69999694824219,75.0199966430664,75.05999755859375,70.42942810058594,3438500
2018-02-09,75.52999877929688,78.0199966430664,74.0,77.31999969482422,72.54999542236328,3907800
2018-02-12,77.72000122070312,78.1500015258789,76.2300033569336,77.3499984741211,72.57816314697266,2302200
2018-02-13,77.12999725341797,77.98999786376953,76.61000061035156,77.81999969482422,73.0191650390625,1369100
2018-02-14,77.1500015258789,79.23999786376953,76.94000244140625,78.93000030517578,74.06069946289062,1996700
2018-02-15,79.16000366210938,80.62999725341797,78.72000122070312,80.61000061035156,75.63703155517578,2184700
2018-02-16,80.4800033569336,80.94000244140625,79.69999694824219,80.16999816894531,75.22419738769531,2356300
2018-02-20,79.69000244140625,79.91999816894531,77.94000244140625,77.9800033569336,73.16930389404297,2256800
2018-02-21,78.04000091552734,79.63999938964844,77.80999755859375,77.87999725341797,73.0754623413086,1755600
2018-02-22,78.22000122070312,79.55999755859375,78.16000366210938,78.5,73.65721130371094,1262100
2018-02-23,79.05000305175781,79.37999725341797,76.87999725341797,78.87000274658203,74.00438690185547,3196400
2018-02-26,79.30999755859375,80.0199966430664,78.66000366210938,79.94999694824219,75.01777648925781,2114600
2018-02-27,80.22000122070312,81.16000366210938,77.5199966430664,77.54000091552734,72.75643157958984,3214600
2018-02-28,78.9000015258789,80.69999694824219,78.08000183105469,78.08999633789062,73.27250671386719,3781300
2018-03-01,77.93000030517578,79.30999755859375,76.9000015258789,77.94999694824219,73.1411361694336,3033100
2018-03-02,77.18000030517578,79.05000305175781,76.68000030517578,78.41999816894531,73.58213806152344,2603800
2018-03-05,78.36000061035156,78.37000274658203,76.7300033569336,77.9800033569336,73.16930389404297,2756800
2018-03-06,78.5,80.66999816894531,78.16000366210938,80.51000213623047,75.543212890625,4420900
2018-03-07,76.66999816894531,77.30999755859375,73.76000213623047,75.4000015258789,70.74847412109375,8768200
2018-03-08,75.94999694824219,76.93000030517578,74.91000366210938,75.22000122070312,70.57955169677734,3795100
2018-03-09,76.12999725341797,77.05000305175781,75.22000122070312,77.01000213623047,72.2591323852539,3419800
2018-03-12,76.87000274658203,77.1500015258789,76.01000213623047,76.43000030517578,71.71491241455078,4057100
2018-03-13,77.18000030517578,78.08000183105469,76.72000122070312,77.0,72.24972534179688,2428300
2018-03-14,77.41999816894531,77.58000183105469,76.68000030517578,77.18000030517578,72.41864013671875,2468900
2018-03-15,77.22000122070312,77.55000305175781,76.5,76.81999969482422,72.08084869384766,2634000
2018-03-16,76.76000213623047,77.48999786376953,76.26000213623047,76.75,72.22669982910156,4289000
2018-03-19,76.58000183105469,77.66000366210938,76.5,77.04000091552734,72.49962615966797,2853800
2018-03-20,77.3499984741211,77.66000366210938,76.83000183105469,77.30999755859375,72.75371551513672,2184200
2018-03-21,77.11000061035156,78.70999908447266,77.02999877929688,77.41000366210938,72.84782409667969,2365900
2018-03-22,76.66999816894531,77.26000213623047,74.87000274658203,75.04000091552734,70.61749267578125,2540400
2018-03-23,75.13999938964844,76.43000030517578,74.80000305175781,74.83999633789062,70.4292984008789,2330900
2018-03-26,75.5999984741211,77.5,75.41999816894531,77.31999969482422,72.76313018798828,2046600
2018-03-27,77.63999938964844,77.94000244140625,76.4800033569336,76.91999816894531,72.3866958618164,3371800
2018-03-28,77.2300033569336,78.47000122070312,76.05999755859375,76.16000366210938,71.6714859008789,2774600
2018-03-29,76.66000366210938,78.25,76.19999694824219,77.9800033569336,73.38423919677734,3247500
2018-04-02,77.62000274658203,77.83999633789062,74.52999877929688,75.7699966430664,71.30448150634766,3098400
2018-04-03,75.94999694824219,76.72000122070312,75.33000183105469,76.19999694824219,71.70913696289062,2277100
2018-04-04,75.54000091552734,78.8499984741211,75.54000091552734,78.62999725341797,73.99591064453125,2763400
2018-04-05,78.88999938964844,80.0999984741211,78.16999816894531,79.7699966430664,75.06871032714844,2206000
2018-04-06,79.19999694824219,79.63999938964844,76.79000091552734,77.44999694824219,72.88545989990234,3053700
2018-04-09,77.98999786376953,78.4000015258789,76.86000061035156,76.94000244140625,72.40552520751953,2097300
2018-04-10,77.9800033569336,78.6500015258789,77.55000305175781,78.12000274658203,73.5159683227539,1692000
2018-04-11,77.41000366210938,78.4800033569336,77.0999984741211,77.30000305175781,72.74431610107422,2281100
2018-04-12,77.69999694824219,78.87999725341797,77.48999786376953,78.1500015258789,73.54419708251953,1790600
2018-04-13,78.37999725341797,78.63999938964844,75.9800033569336,76.16999816894531,71.68089294433594,2426600
2018-04-16,76.68000030517578,77.86000061035156,76.37000274658203,77.58999633789062,73.01720428466797,2146500
2018-04-17,78.4000015258789,79.20999908447266,77.94000244140625,78.7699966430664,74.1276626586914,2333700
2018-04-18,78.83000183105469,79.98999786376953,78.62999725341797,78.88999938964844,74.24058532714844,2308100
2018-04-19,78.66000366210938,79.01000213623047,77.87999725341797,78.75,74.10882568359375,2504300
2018-04-20,78.7300033569336,78.7699966430664,76.9800033569336,77.31999969482422,72.76313018798828,2308500
2018-04-23,77.45999908447266,78.38999938964844,77.08999633789062,78.13999938964844,73.53478240966797,2088900
2018-04-24,78.68000030517578,78.83999633789062,77.22000122070312,77.72000122070312,73.1395492553711,2147100
2018-04-25,77.4800033569336,78.66000366210938,77.16000366210938,78.29000091552734,73.67596435546875,1600000
2018-04-26,78.3499984741211,80.4800033569336,78.0199966430664,80.41999816894531,75.680419921875,2224900
2018-04-27,80.33000183105469,82.04000091552734,80.04000091552734,81.68000030517578,76.86617279052734,2530300
2018-04-30,82.11000061035156,82.80999755859375,80.73999786376953,80.8499984741211,76.0850830078125,3049900
2018-05-01,80.41999816894531,80.62000274658203,78.30000305175781,79.37999725341797,74.70172882080078,2488300
2018-05-02,79.2699966430664,80.48999786376953,78.31999969482422,79.70999908447266,75.01226043701172,2305900
2018-05-03,79.44999694824219,80.97000122070312,78.88999938964844,80.37000274658203,75.63338470458984,2111100
2018-05-04,80.08000183105469,81.11000061035156,79.08999633789062,80.70999908447266,75.95333099365234,3237900
2018-05-07,80.8499984741211,80.98999786376953,78.87999725341797,79.44000244140625,74.75816345214844,2547500
2018-05-08,79.5999984741211,81.23999786376953,79.26000213623047,80.83999633789062,76.07567596435547,3401700
2018-05-09,80.73999786376953,81.86000061035156,80.0,81.8499984741211,77.02616119384766,2039600
2018-05-10,81.97000122070312,82.0,80.4000015258789,81.30999755859375,76.51795959472656,2021700
2018-05-11,81.44000244140625,82.44000244140625,81.0,81.94000244140625,77.11084747314453,1775500
2018-05-14,82.19000244140625,82.91000366210938,81.9000015258789,82.66000366210938,77.7884292602539,1766900
2018-05-15,82.25,82.8499984741211,81.87999725341797,82.7699966430664,77.89192962646484,2497900
2018-05-16,83.68000030517578,84.56999969482422,83.05999755859375,83.37000274658203,78.45653533935547,2288200
2018-05-17,83.05000305175781,83.9800033569336,82.8499984741211,83.43000030517578,78.51302337646484,2016500
2018-05-18,82.70999908447266,83.0999984741211,82.16000366210938,82.47000122070312,77.60961151123047,3649700
2018-05-21,83.05999755859375,83.0999984741211,81.52999877929688,81.93000030517578,77.10143280029297,3733500
2018-05-22,82.26000213623047,83.5999984741211,81.93000030517578,82.33999633789062,77.48727416992188,3694600
2018-05-23,81.58000183105469,82.75,81.1500015258789,82.61000061035156,77.74137878417969,2493900
2018-05-24,82.52999877929688,83.62000274658203,81.81999969482422,82.95999908447266,78.07073211669922,4079300
2018-05-25,79.18000030517578,80.45999908447266,76.55999755859375,77.33999633789062,72.78193664550781,7845400
2018-05-29,77.11000061035156,77.87999725341797,76.43000030517578,77.23999786376953,72.68785095214844,4873000
2018-05-30,77.51000213623047,79.18000030517578,76.70999908447266,78.9000015258789,74.24999237060547,3664800
2018-05-31,78.87000274658203,80.0199966430664,78.5,78.87999725341797,74.2311782836914,3215100
2018-06-01,79.36000061035156,81.27999877929688,79.04000091552734,80.70999908447266,75.95333099365234,3771900
2018-06-04,81.44000244140625,83.52999877929688,81.43000030517578,83.13999938964844,78.24011993408203,3738600
2018-06-05,83.26000213623047,84.41000366210938,82.97000122070312,83.88999938964844,78.94590759277344,2752200
2018-06-06,84.16999816894531,84.55000305175781,83.37999725341797,84.5,79.51995849609375,2580700
2018-06-07,84.80999755859375,85.51000213623047,84.5999984741211,85.08999633789062,80.07520294189453,3075400
2018-06-08,85.01000213623047,85.94999694824219,84.68000030517578,85.83999633789062,80.78099060058594,2501100
2018-06-11,85.41999816894531,86.33000183105469,85.05000305175781,85.55999755859375,80.72909545898438,2226500
2018-06-12,85.94000244140625,85.97000122070312,84.91000366210938,85.70999908447266,80.8706283569336,2398200
2018-06-13,85.91999816894531,86.16999816894531,84.27999877929688,84.69000244140625,79.90823364257812,3299400
2018-06-14,84.69000244140625,85.75,84.0999984741211,84.5,79.72894287109375,2286000
2018-06-15,84.31999969482422,85.36000061035156,83.77999877929688,85.13999938964844,80.33282470703125,3852800
2018-06-18,84.62000274658203,85.37999725341797,84.16000366210938,84.94999694824219,80.15355682373047,2973300
2018-06-19,84.2300033569336,85.2699966430664,83.91999816894531,84.94999694824219,80.15355682373047,1973800
2018-06-20,85.5,86.70999908447266,84.86000061035156,86.61000061035156,81.71981811523438,2276800
2018-06-21,86.12000274658203,86.75,85.69000244140625,86.62000274658203,81.72924041748047,2406900
2018-06-22,86.5999984741211,86.95999908447266,84.91000366210938,85.9800033569336,81.12539672851562,3682300
2018-06-25,85.81999969482422,86.23999786376953,84.25,85.26000213623047,80.446044921875,2794700
2018-06-26,85.16999816894531,85.61000061035156,84.70999908447266,85.41999816894531,80.5970230102539,2010800
2018-06-27,85.97000122070312,87.22000122070312,84.75,84.87000274658203,80.07804870605469,2404400
2018-06-28,84.93000030517578,85.66999816894531,84.33999633789062,85.0999984741211,80.29508209228516,1873800
2018-06-29,85.5,86.05000305175781,84.69000244140625,84.75,79.96482849121094,1793500
2018-07-02,84.2300033569336,84.5999984741211,83.04000091552734,84.56999969482422,79.79499053955078,2221600
2018-07-03,84.9000015258789,85.91000366210938,84.83999633789062,85.16000366210938,80.3516845703125,987400
2018-07-05,85.62999725341797,85.76000213623047,84.48999786376953,85.11000061035156,80.30451965332031,1747500
2018-07-06,85.13999938964844,86.4800033569336,84.87999725341797,86.31999969482422,81.44618225097656,2073500
2018-07-09,86.54000091552734,86.95999908447266,85.93000030517578,86.29000091552734,81.41789245605469,2189700
2018-07-10,86.38999938964844,86.55000305175781,85.19999694824219,85.91999816894531,81.06877899169922,1613900
2018-07-11,85.5,85.79000091552734,84.70999908447266,84.76000213623047,79.97427368164062,1798400
2018-07-12,85.04000091552734,85.43000030517578,84.33999633789062,84.81999969482422,80.03086853027344,1380000
2018-07-13,84.76000213623047,85.33000183105469,84.44999694824219,85.16000366210938,80.3516845703125,2009400
2018-07-16,85.3499984741211,85.62000274658203,84.12000274658203,85.13999938964844,80.33282470703125,1662000
2018-07-17,84.69000244140625,86.95999908447266,84.37000274658203,86.38999938964844,81.51223754882812,2420600
2018-07-18,86.33000183105469,87.11000061035156,85.9800033569336,87.0199966430664,82.1066665649414,1975600
2018-07-19,86.83999633789062,88.01000213623047,85.62000274658203,87.44000244140625,82.50297546386719,1822100
2018-07-20,87.52999877929688,87.69999694824219,86.56999969482422,86.58999633789062,81.70094299316406,2410600
2018-07-23,86.45999908447266,88.05999755859375,86.3499984741211,87.52999877929688,82.5878677368164,2186700
2018-07-24,87.51000213623047,87.87000274658203,86.01000213623047,86.48999786376953,81.60658264160156,1664000
2018-07-25,86.54000091552734,87.58999633789062,86.48999786376953,87.45999908447266,82.52181243896484,1622700
2018-07-26,88.30999755859375,89.3499984741211,87.43000030517578,88.05000305175781,83.07850646972656,2158000
2018-07-27,88.36000061035156,88.62999725341797,85.70999908447266,85.93000030517578,81.07820892333984,1654300
2018-07-30,86.0,87.12999725341797,85.9800033569336,86.73999786376953,81.84247589111328,1862400
2018-07-31,86.80999755859375,87.9000015258789,86.75,87.43000030517578,82.49351501464844,2837700
2018-08-01,87.04000091552734,87.44999694824219,86.06999969482422,86.43000030517578,81.54998016357422,3314800
2018-08-02,85.87000274658203,89.86000061035156,85.69999694824219,89.45999908447266,84.40892028808594,3280800
2018-08-03,89.69999694824219,89.86000061035156,88.29000091552734,89.05000305175781,84.02203369140625,2330000
2018-08-06,89.31999969482422,89.76000213623047,88.83000183105469,89.69000244140625,84.62591552734375,1332700
2018-08-07,89.86000061035156,91.01000213623047,89.73999786376953,90.75,85.62603759765625,2035700
2018-08-08,90.77999877929688,92.19000244140625,90.77999877929688,91.83000183105469,86.64510345458984,2099400
2018-08-09,91.95999908447266,92.72000122070312,91.66999816894531,92.16999816894531,86.96588134765625,1898500
2018-08-10,91.31999969482422,92.5999984741211,90.93000030517578,91.5999984741211,86.42805480957031,2718000
2018-08-13,91.62999725341797,91.80000305175781,90.5999984741211,91.01000213623047,85.87138366699219,3901900
2018-08-14,91.41000366210938,92.9800033569336,90.91999816894531,92.8499984741211,87.60749053955078,2215800
2018-08-15,92.19000244140625,92.19000244140625,90.68000030517578,91.16999816894531,86.02234649658203,3456000
2018-08-16,91.88999938964844,92.31999969482422,90.66999816894531,91.73999786376953,86.5601806640625,2764400
2018-08-17,91.8499984741211,92.22000122070312,91.04000091552734,91.87000274658203,86.68283081054688,2715100
2018-08-20,92.2300033569336,92.5,91.31999969482422,92.31999969482422,87.10741424560547,3425700
2018-08-21,93.20999908447266,94.11000061035156,92.30000305175781,92.88999938964844,87.64522552490234,3951800
2018-08-22,93.13999938964844,94.0999984741211,92.73999786376953,93.41000366210938,88.1358642578125,3277400
2018-08-23,93.81999969482422,95.56999969482422,93.48999786376953,95.02999877929688,89.66442108154297,5537300
2018-08-24,92.0,97.8499984741211,91.31999969482422,95.08999633789062,89.72101593017578,7465300
2018-08-27,95.62999725341797,96.0,94.08000183105469,94.26000213623047,88.93788146972656,3145600
2018-08-28,94.3499984741211,94.66000366210938,93.68000030517578,94.61000061035156,89.26811218261719,2268100
2018-08-29,94.72000122070312,96.23999786376953,93.88999938964844,96.05999755859375,90.63624572753906,2646000
2018-08-30,95.44000244140625,96.37999725341797,94.73999786376953,94.91000366210938,89.55118560791016,2404200
2018-08-31,94.56999969482422,95.88999938964844,94.56999969482422,95.77999877929688,90.37203979492188,2238300
2018-09-04,96.16000366210938,97.76000213623047,95.73999786376953,97.69000244140625,92.17423248291016,4290000
2018-09-05,97.69999694824219,98.19000244140625,96.70999908447266,97.45999908447266,91.95719909667969,2837300
2018-09-06,97.52999877929688,98.23999786376953,97.0999984741211,97.3499984741211,91.8534164428711,2201300
2018-09-07,97.12999725341797,97.63999938964844,96.2699966430664,96.55000305175781,91.09857940673828,2704600
2018-09-10,96.98999786376953,98.05999755859375,96.73999786376953,97.91000366210938,92.38179016113281,2859700
2018-09-11,97.94999694824219,98.69999694824219,97.58999633789062,98.45999908447266,92.9007339477539,2379300
2018-09-12,98.12999725341797,98.6500015258789,95.93000030517578,97.2699966430664,91.98812866210938,2733400
2018-09-13,97.55000305175781,98.0,96.72000122070312,97.0999984741211,91.82736206054688,2365800
2018-09-14,97.08999633789062,97.08999633789062,96.02999877929688,96.79000091552734,91.53421020507812,2922400
2018-09-17,96.88999938964844,97.19000244140625,95.87999725341797,96.22000122070312,90.99515533447266,3211200
2018-09-18,96.02999877929688,97.44000244140625,95.81999969482422,96.94000244140625,91.67605590820312,2421800
2018-09-19,96.69000244140625,97.38999938964844,96.01000213623047,96.94999694824219,91.68551635742188,3425900
2018-09-20,96.9800033569336,97.0999984741211,95.61000061035156,96.43000030517578,91.19375610351562,3752100
2018-09-21,96.72000122070312,97.87000274658203,96.2699966430664,97.48999786376953,92.19619750976562,5646500
2018-09-24,97.3499984741211,98.75,97.16000366210938,97.29000091552734,92.0070571899414,3693900
2018-09-25,97.63999938964844,98.48999786376953,97.16999816894531,97.51000213623047,92.21511840820312,3657000
2018-09-26,97.98999786376953,100.58999633789062,97.88999938964844,99.16999816894531,93.78495788574219,2853500
2018-09-27,99.37000274658203,99.63999938964844,98.7699966430664,99.45999908447266,94.05921936035156,2147400
2018-09-28,99.37000274658203,100.16999816894531,98.75,99.0999984741211,93.71875762939453,3438200
2018-10-01,99.98999786376953,100.4800033569336,98.55000305175781,98.58000183105469,93.22701263427734,2312900
2018-10-02,98.44999694824219,98.87000274658203,96.27999877929688,96.31999969482422,91.0897216796875,2446200
2018-10-03,96.68000030517578,97.26000213623047,95.72000122070312,96.73999786376953,91.48690795898438,2132100
2018-10-04,96.58999633789062,96.9800033569336,94.91999816894531,95.12999725341797,89.9643325805664,2938800
2018-10-05,96.44999694824219,96.44999694824219,93.91999816894531,94.62999725341797,89.49150848388672,2342000
2018-10-08,94.56999969482422,96.11000061035156,94.52999877929688,95.87999725341797,90.67361450195312,1868400
2018-10-09,96.08000183105469,98.05999755859375,95.68000030517578,97.1500015258789,91.87464904785156,2465500
2018-10-10,97.16000366210938,97.3499984741211,94.88999938964844,95.0199966430664,89.86030578613281,2873000
2018-10-11,94.94999694824219,96.86000061035156,94.0199966430664,94.31999969482422,89.1983413696289,3308400
2018-10-12,95.05000305175781,96.43000030517578,94.30000305175781,95.87000274658203,90.66417694091797,3037600
2018-10-15,95.75,97.43000030517578,95.5199966430664,96.62999725341797,91.38288879394531,2278900
2018-10-16,97.68000030517578,98.52999877929688,96.56999969482422,98.31999969482422,92.98113250732422,2079700
2018-10-17,98.05999755859375,98.48999786376953,95.51000213623047,96.95999908447266,91.69499206542969,3196000
2018-10-18,97.30999755859375,97.97000122070312,95.20999908447266,95.93000030517578,90.72090911865234,2210600
2018-10-19,96.8499984741211,96.8499984741211,94.58000183105469,94.69000244140625,89.54825592041016,2924200
2018-10-22,94.94999694824219,97.1500015258789,94.94999694824219,96.66999816894531,91.42070007324219,1713300
2018-10-23,95.7699966430664,96.5,93.86000061035156,96.1500015258789,90.92894744873047,2320700
2018-10-24,95.77999877929688,98.3499984741211,95.22000122070312,95.41000366210938,90.22916412353516,2670500
2018-10-25,95.70999908447266,97.30000305175781,94.55999755859375,96.4000015258789,91.16537475585938,2131900
2018-10-26,94.08000183105469,97.16000366210938,93.62000274658203,96.7300033569336,91.47746276855469,2833700
2018-10-29,97.87000274658203,100.3499984741211,96.80000305175781,98.27999877929688,92.94329833984375,3686500
2018-10-30,98.58999633789062,100.80000305175781,98.4800033569336,99.77999877929688,94.36183166503906,2635300
2018-10-31,100.27999877929688,101.19999694824219,98.5999984741211,99.0,93.62418365478516,3233300
2018-11-01,99.2300033569336,99.75,97.6500015258789,98.41999816894531,93.07569885253906,2710900
2018-11-02,99.23999786376953,100.4800033569336,98.08000183105469,100.02999877929688,94.5982666015625,2947000
2018-11-05,100.43000030517578,101.4000015258789,99.22000122070312,101.26000213623047,95.76148223876953,1952800
2018-11-06,101.16000366210938,101.70999908447266,100.18000030517578,101.4800033569336,95.96954345703125,1912300
2018-11-07,102.08999633789062,102.98999786376953,100.41999816894531,102.75,97.17057800292969,2291000
2018-11-08,102.83999633789062,104.3499984741211,102.05999755859375,103.33000183105469,97.71908569335938,2153300
2018-11-09,103.38999938964844,103.51000213623047,101.87000274658203,102.76000213623047,97.18003845214844,2070000
2018-11-12,102.76000213623047,103.7699966430664,101.33999633789062,101.7699966430664,96.24378967285156,2413600
2018-11-13,101.76000213623047,102.25,99.66000366210938,100.25,94.80631256103516,3345500
2018-11-14,100.9800033569336,101.9800033569336,97.80999755859375,97.9000015258789,92.58393096923828,4746600
2018-11-15,96.91999816894531,97.47000122070312,95.20999908447266,96.4800033569336,91.24105072021484,4252700
2018-11-16,95.6500015258789,95.93000030517578,93.4800033569336,95.27999877929688,90.10621643066406,3782900
2018-11-19,95.0,95.66000366210938,89.62000274658203,91.19000244140625,86.23828125,5776400
2018-11-20,84.4000015258789,88.83000183105469,82.04000091552734,82.63999938964844,78.15257263183594,7941900
2018-11-21,84.5,85.0,80.76000213623047,81.62999725341797,77.19740295410156,4443800
2018-11-23,81.0199966430664,81.41999816894531,79.80000305175781,80.36000061035156,75.99639129638672,2213300
2018-11-26,81.47000122070312,82.19000244140625,80.0,80.93000030517578,76.5354232788086,4839200
2018-11-27,80.73999786376953,82.73999786376953,80.52999877929688,82.7300033569336,78.23767852783203,6024700
2018-11-28,83.31999969482422,86.54000091552734,83.2300033569336,86.43000030517578,81.73676300048828,5930800
2018-11-29,86.22000122070312,86.72000122070312,85.33000183105469,85.94000244140625,81.27336120605469,3422400
2018-11-30,85.80000305175781,87.72000122070312,85.80000305175781,87.5999984741211,82.84325408935547,7369100
2018-12-03,88.33000183105469,88.97000122070312,84.5999984741211,84.75,80.14797973632812,5198000
2018-12-04,84.9800033569336,85.41999816894531,81.0199966430664,81.76000213623047,77.3203353881836,4881200
2018-12-06,80.68000030517578,81.62999725341797,78.5199966430664,81.58000183105469,77.36302185058594,4110600
2018-12-07,81.0199966430664,81.38999938964844,77.94999694824219,78.33999633789062,74.29049682617188,3474700
2018-12-10,78.37000274658203,80.19999694824219,77.41999816894531,80.01000213623047,75.87419128417969,3570600
2018-12-11,80.86000061035156,81.3499984741211,79.93000030517578,80.55000305175781,76.38627624511719,3008400
2018-12-12,82.19999694824219,82.58999633789062,80.58000183105469,80.9000015258789,76.71817016601562,3055700
2018-12-13,81.26000213623047,81.66999816894531,79.83999633789062,80.81999969482422,76.64229583740234,2956600
2018-12-14,80.30999755859375,81.66000366210938,79.02999877929688,79.20999908447266,75.11551666259766,3368100
2018-12-17,78.9800033569336,79.33999633789062,77.77999877929688,78.27999877929688,74.23360443115234,3915900
2018-12-18,79.1500015258789,79.91999816894531,78.6500015258789,78.88999938964844,74.81206512451172,2879100
2018-12-19,79.2699966430664,80.77999877929688,78.05000305175781,78.47000122070312,74.41378784179688,2941200
2018-12-20,78.2300033569336,78.73999786376953,76.19000244140625,77.16000366210938,73.1715087890625,2680000
2018-12-21,77.62000274658203,80.05000305175781,76.7699966430664,76.9800033569336,73.00081634521484,6272400
2018-12-24,77.0199966430664,77.66999816894531,75.91000366210938,76.30000305175781,72.35595703125,1541000
2018-12-26,76.55000305175781,81.93000030517578,76.51000213623047,81.79000091552734,77.56216430664062,3865800
2018-12-27,80.7699966430664,81.88999938964844,78.73999786376953,81.83999633789062,77.60957336425781,3296800
2018-12-28,82.12999725341797,82.83000183105469,80.51000213623047,81.58000183105469,77.36302185058594,2258800
2018-12-31,82.05999755859375,83.23999786376953,81.7300033569336,83.19999694824219,78.8992691040039,2327700
2019-01-02,81.80000305175781,83.9800033569336,81.80000305175781,83.77999877929688,79.44929504394531,2471200
2019-01-03,82.95999908447266,84.31999969482422,81.91000366210938,83.08000183105469,78.78546905517578,2978700
2019-01-04,84.04000091552734,86.01000213623047,83.37000274658203,85.33999633789062,80.92867279052734,3146000
2019-01-07,84.75,90.01000213623047,84.26000213623047,88.93000030517578,84.33307647705078,3892100
2019-01-08,89.41000366210938,91.73999786376953,88.86000061035156,91.54000091552734,86.80818939208984,4593500
2019-01-09,91.87000274658203,91.9000015258789,89.88999938964844,90.33999633789062,85.67020416259766,3310400
2019-01-10,88.0999984741211,90.81999969482422,87.41000366210938,90.7300033569336,86.04005432128906,2830600
2019-01-11,90.58999633789062,92.06999969482422,90.37999725341797,91.20999908447266,86.4952392578125,2105100
2019-01-14,90.44000244140625,91.68000030517578,90.11000061035156,90.62999725341797,85.94519805908203,2394700
2019-01-15,90.61000061035156,91.4000015258789,90.22000122070312,90.8499984741211,86.15383911132812,2818700
2019-01-16,91.0,91.69999694824219,89.94999694824219,90.25,85.5848617553711,2189000
2019-01-17,89.66999816894531,90.87999725341797,89.25,90.80000305175781,86.1064224243164,2408400
2019-01-18,91.68000030517578,93.37000274658203,90.88999938964844,93.01000213623047,88.20219421386719,2931500
2019-01-22,92.18000030517578,92.77999877929688,90.95999908447266,91.62999725341797,86.89352416992188,2467800
2019-01-23,91.86000061035156,91.87999725341797,90.66000366210938,91.51000213623047,86.77973175048828,1665200
2019-01-24,91.83999633789062,91.83999633789062,90.33999633789062,91.19999694824219,86.4857406616211,2547300
2019-01-25,92.2300033569336,92.69000244140625,91.72000122070312,92.51000213623047,87.7280502319336,1668700
2019-01-28,92.25,92.25,90.94000244140625,91.54000091552734,86.80818939208984,2362200
2019-01-29,91.54000091552734,91.5999984741211,90.5999984741211,91.47000122070312,86.7417984008789,1722200
2019-01-30,91.83000183105469,92.80999755859375,91.30999755859375,92.29000091552734,87.5194091796875,1603500
2019-01-31,92.2699966430664,92.62999725341797,91.6500015258789,92.12000274658203,87.35820770263672,2854200
2019-02-01,92.44999694824219,92.54000091552734,91.05999755859375,91.7300033569336,86.98835754394531,1815500
2019-02-04,91.75,92.33999633789062,91.02999877929688,92.33999633789062,87.56682586669922,1962600
2019-02-05,92.30000305175781,93.38999938964844,92.12000274658203,93.19000244140625,88.37288665771484,1533600
2019-02-06,92.91999816894531,93.01000213623047,91.70999908447266,92.66000366210938,87.87030029296875,1393200
2019-02-07,92.16000366210938,92.70999908447266,91.56999969482422,92.58999633789062,87.80390930175781,1518100
2019-02-08,92.33000183105469,93.19000244140625,92.06999969482422,92.94999694824219,88.14529418945312,1656700
2019-02-11,93.25,94.6500015258789,92.97000122070312,94.12999725341797,89.26428985595703,1773100
2019-02-12,94.62999725341797,95.12999725341797,94.04000091552734,94.76000213623047,89.86173248291016,1541200
2019-02-13,95.12999725341797,95.13999938964844,93.91000366210938,94.63999938964844,89.74793243408203,2189200
2019-02-14,94.12999725341797,94.1500015258789,92.36000061035156,93.29000091552734,88.46772003173828,1996600
2019-02-15,94.31999969482422,94.69000244140625,93.55999755859375,94.01000213623047,89.1505126953125,2342600
2019-02-19,93.9800033569336,93.9800033569336,92.80000305175781,93.66999816894531,88.82807159423828,2225300
2019-02-20,93.75,94.3499984741211,93.3499984741211,93.97000122070312,89.11257934570312,2358100
2019-02-21,93.93000030517578,94.01000213623047,93.1500015258789,93.52999877929688,88.69530487060547,1624600
2019-02-22,93.62999725341797,94.41999816894531,93.48999786376953,94.37000274658203,89.49189758300781,1602600
2019-02-25,94.69999694824219,95.20999908447266,93.72000122070312,93.86000061035156,89.00823211669922,1826400
2019-02-26,93.91000366210938,94.83000183105469,93.62999725341797,94.33999633789062,89.46343231201172,2022100
2019-02-27,93.81999969482422,95.22000122070312,93.54000091552734,94.77999877929688,89.88069915771484,2659600
2019-02-28,94.86000061035156,95.41999816894531,93.97000122070312,94.83000183105469,89.9281005859375,2685900
2019-03-01,95.77999877929688,96.20999908447266,94.56999969482422,94.86000061035156,89.95658111572266,1997500
2019-03-04,95.41999816894531,95.56999969482422,93.16999816894531,93.5999984741211,88.76170349121094,1755200
2019-03-05,95.11000061035156,95.47000122070312,93.44000244140625,94.16999816894531,89.30223846435547,3723000
2019-03-06,94.0,96.5,93.5,94.43000030517578,89.54878234863281,4341600
2019-03-07,93.58000183105469,93.80000305175781,91.12000274658203,92.41000366210938,87.63321685791016,3599800
2019-03-08,91.4800033569336,91.69000244140625,88.6500015258789,89.05999755859375,84.45638275146484,3061900
2019-03-11,89.31999969482422,90.94000244140625,89.0,90.73999786376953,86.04951477050781,2375200
2019-03-12,90.83000183105469,91.19000244140625,90.02999877929688,91.16000366210938,86.44781494140625,2115400
2019-03-13,91.26000213623047,91.58000183105469,90.6500015258789,90.69000244140625,86.0020980834961,2007500
2019-03-14,90.45999908447266,90.45999908447266,88.30999755859375,89.23999786376953,84.6270523071289,3705700
2019-03-15,89.08999633789062,90.0,88.61000061035156,89.9000015258789,85.49726104736328,5396200
2019-03-18,89.6500015258789,91.33000183105469,89.6500015258789,91.12999725341797,86.66699981689453,2869000
2019-03-19,91.19999694824219,92.37999725341797,90.87000274658203,91.72000122070312,87.22811889648438,2599400
2019-03-20,91.69999694824219,92.0199966430664,91.1500015258789,91.51000213623047,87.02839660644531,2182000
2019-03-21,91.3499984741211,91.91999816894531,91.02999877929688,91.5,87.01889038085938,1520200
2019-03-22,91.06999969482422,91.45999908447266,89.45999908447266,89.52999877929688,85.1453628540039,2318100
2019-03-25,89.23999786376953,90.66000366210938,89.02999877929688,89.80000305175781,85.40216827392578,1610300
2019-03-26,90.26000213623047,91.16999816894531,90.04000091552734,90.9000015258789,86.44827270507812,1837800
2019-03-27,91.0,92.33999633789062,90.75,91.66000366210938,87.17105102539062,2328600
2019-03-28,92.08999633789062,93.0,91.45999908447266,91.91000366210938,87.40882873535156,1923200
2019-03-29,92.45999908447266,93.51000213623047,92.06999969482422,93.0999984741211,88.54053497314453,2146800
2019-04-01,93.7699966430664,94.33999633789062,92.94000244140625,94.26000213623047,89.64373779296875,2556600
2019-04-02,94.12000274658203,94.23999786376953,93.44999694824219,93.76000213623047,89.16819763183594,2011000
2019-04-03,94.36000061035156,95.11000061035156,93.58000183105469,94.9800033569336,90.32846069335938,1717500
2019-04-04,95.05999755859375,97.5999984741211,94.97000122070312,97.4800033569336,92.70603942871094,1971000
2019-04-05,97.79000091552734,98.93000030517578,97.48999786376953,98.41000366210938,93.59048461914062,2329500
2019-04-08,98.19999694824219,98.98999786376953,97.62000274658203,98.66999816894531,93.83773803710938,1427700
2019-04-09,97.97000122070312,98.43000030517578,97.33999633789062,97.55000305175781,92.7726058959961,1291100
2019-04-10,98.05999755859375,98.75,97.68000030517578,98.33999633789062,93.52391052246094,1570600
2019-04-11,98.62000274658203,98.94999694824219,97.08999633789062,97.62999725341797,92.84866333007812,1929500
2019-04-12,97.81999969482422,98.37999725341797,97.0,97.37000274658203,92.6014175415039,1913200
2019-04-15,97.27999877929688,98.3499984741211,97.0,98.01000213623047,93.2100601196289,1447900
2019-04-16,98.45999908447266,99.16000366210938,98.05999755859375,98.87999725341797,94.03748321533203,1333800
2019-04-17,99.31999969482422,100.12000274658203,99.18000030517578,99.91999816894531,95.02654266357422,1551500
2019-04-18,100.44999694824219,100.7699966430664,99.81999969482422,100.0,95.10261535644531,2393700
2019-04-22,99.5999984741211,100.01000213623047,97.12999725341797,97.77999877929688,92.99132537841797,1565700
2019-04-23,98.2300033569336,98.36000061035156,97.2300033569336,97.86000061035156,93.06742858886719,2080100
2019-04-24,97.94000244140625,99.52999877929688,97.70999908447266,98.55999755859375,93.73313903808594,2416000
2019-04-25,97.56999969482422,98.7300033569336,97.19000244140625,98.0199966430664,93.2195816040039,1489900
2019-04-26,98.31999969482422,98.62999725341797,97.5,98.55000305175781,93.72362518310547,1450900
2019-04-29,98.43000030517578,99.80999755859375,98.13999938964844,98.2699966430664,93.45734405517578,1630500
2019-04-30,98.2699966430664,98.43000030517578,97.08999633789062,97.66000366210938,92.87722778320312,2314200
2019-05-01,97.5,97.63999938964844,95.80000305175781,95.87999725341797,91.18437957763672,1887100
2019-05-02,96.01000213623047,96.83000183105469,95.9000015258789,96.36000061035156,91.64088439941406,2135600
2019-05-03,96.94999694824219,97.23999786376953,96.33999633789062,97.12999725341797,92.3731689453125,1314100
2019-05-06,95.7300033569336,97.68000030517578,95.55000305175781,97.38999938964844,92.62045288085938,1163800
2019-05-07,96.75,96.76000213623047,95.12000274658203,95.76000213623047,91.07028198242188,1646300
2019-05-08,95.56999969482422,97.4800033569336,94.5999984741211,96.83000183105469,92.08788299560547,1881300
2019-05-09,95.91999816894531,97.5199966430664,95.5999984741211,97.01000213623047,92.25904846191406,1446400
2019-05-10,96.48999786376953,98.11000061035156,95.05000305175781,97.48999786376953,92.71554565429688,1928100
2019-05-13,95.77999877929688,96.4800033569336,92.72000122070312,93.44999694824219,88.87340545654297,2814800
2019-05-14,94.0,95.08999633789062,93.47000122070312,94.45999908447266,89.83393096923828,2501500
2019-05-15,93.69999694824219,94.87999725341797,93.19000244140625,94.5,89.8719711303711,1759900
2019-05-16,94.93000030517578,97.0,94.93000030517578,95.87999725341797,91.18437957763672,1677400
2019-05-17,95.4000015258789,97.38999938964844,95.26000213623047,97.19999694824219,92.43975067138672,2452700
2019-05-20,96.7699966430664,97.5199966430664,96.44000244140625,96.66999816894531,91.93571472167969,2575800
2019-05-21,96.44000244140625,97.80000305175781,95.30999755859375,97.4000015258789,92.62995147705078,2846900
2019-05-22,96.83000183105469,96.83000183105469,94.12000274658203,94.52999877929688,89.9005126953125,3002200
2019-05-23,93.94000244140625,94.94000244140625,92.77999877929688,94.51000213623047,89.88148498535156,3203500
2019-05-24,92.58000183105469,94.0,91.58999633789062,92.77999877929688,88.23621368408203,5843000
2019-05-28,93.69000244140625,95.6500015258789,91.27999877929688,91.33000183105469,86.85722351074219,5083900
2019-05-29,90.7699966430664,91.7300033569336,89.55000305175781,90.30000305175781,85.87765502929688,3095000
2019-05-30,90.6500015258789,92.94999694824219,90.61000061035156,92.9000015258789,88.35033416748047,2601500
2019-05-31,91.83999633789062,93.26000213623047,91.45999908447266,92.98999786376953,88.4359130859375,2525800
2019-06-03,92.93000030517578,93.75,91.54000091552734,92.04000091552734,87.53245544433594,2396300
2019-06-04,92.80000305175781,94.73999786376953,92.79000091552734,94.63999938964844,90.00511169433594,2335200
2019-06-05,94.93000030517578,95.6500015258789,94.44000244140625,94.98999786376953,90.33797454833984,1755700
2019-06-06,95.25,96.45999908447266,94.79000091552734,96.16000366210938,91.45068359375,2240100
2019-06-07,96.8499984741211,99.55000305175781,96.75,99.16000366210938,94.30376434326172,3194900
2019-06-10,99.0999984741211,100.4000015258789,97.80999755859375,98.0,93.44086456298828,2606000
2019-06-11,98.62999725341797,99.16000366210938,97.87000274658203,98.47000122070312,93.88899993896484,2661600
2019-06-12,98.79000091552734,99.5,98.23999786376953,98.30999755859375,93.73644256591797,1910400
2019-06-13,98.9800033569336,100.56999969482422,97.58999633789062,100.54000091552734,95.8626937866211,2221500
2019-06-14,100.7699966430664,101.69000244140625,100.43000030517578,100.97000122070312,96.2726821899414,2562800
2019-06-17,100.9800033569336,102.12999725341797,100.41000366210938,101.44000244140625,96.7208251953125,2363100
2019-06-18,102.33000183105469,103.8499984741211,102.05000305175781,102.61000061035156,97.83639526367188,2489500
2019-06-19,102.83000183105469,103.58000183105469,101.70999908447266,103.37999725341797,98.570556640625,1785900
2019-06-20,104.06999969482422,105.30999755859375,103.62999725341797,104.56999969482422,99.70520782470703,1920700
2019-06-21,104.6500015258789,105.1500015258789,103.9000015258789,103.95999908447266,99.12361145019531,3068500
2019-06-24,103.0,104.26000213623047,101.9000015258789,102.8499984741211,98.06523132324219,2058700
2019-06-25,102.83999633789062,103.08999633789062,101.29000091552734,101.51000213623047,96.7875747680664,2349100
2019-06-26,102.06999969482422,103.11000061035156,101.43000030517578,102.4000015258789,97.63616180419922,1938700
2019-06-27,99.5999984741211,100.62999725341797,98.83999633789062,100.54000091552734,95.8626937866211,3678800
2019-06-28,100.6500015258789,101.45999908447266,99.05999755859375,99.12000274658203,94.50875854492188,8249300
2019-07-01,100.52999877929688,101.91999816894531,98.55999755859375,98.9800033569336,94.37527465820312,2733900
2019-07-02,98.79000091552734,99.38999938964844,97.52999877929688,98.18000030517578,93.61249542236328,2174000
2019-07-03,98.4000015258789,100.04000091552734,98.38999938964844,100.0,95.34780883789062,1211900
2019-07-05,98.86000061035156,100.91000366210938,98.86000061035156,100.87999725341797,96.18687438964844,1612300
2019-07-08,100.77999877929688,101.70999908447266,100.19999694824219,101.58000183105469,96.85432434082031,1638300
2019-07-09,101.5,102.55999755859375,101.18000030517578,101.9800033569336,97.23570251464844,1877500
2019-07-10,102.58999633789062,102.95999908447266,101.37999725341797,102.61000061035156,97.83639526367188,1540800
2019-07-11,103.0,103.25,102.37000274658203,102.9000015258789,98.11289978027344,1722900
2019-07-12,103.51000213623047,106.77999877929688,103.08000183105469,106.0199966430664,101.0877456665039,3693700
2019-07-15,106.16999816894531,107.23999786376953,104.94000244140625,106.3499984741211,101.40239715576172,2448500
2019-07-16,106.55000305175781,107.44999694824219,106.0,106.80999755859375,101.84098052978516,2025100
2019-07-17,106.91000366210938,107.93000030517578,106.56999969482422,107.29000091552734,102.29866027832031,1774200
2019-07-18,107.37999725341797,107.62999725341797,106.37000274658203,107.04000091552734,102.06031036376953,2218800
2019-07-19,107.7699966430664,108.19999694824219,106.51000213623047,106.61000061035156,101.65030670166016,2738200
2019-07-22,107.05999755859375,107.4800033569336,105.66000366210938,105.94000244140625,101.01148986816406,1905700
2019-07-23,106.11000061035156,106.62999725341797,105.31999969482422,106.11000061035156,101.17356872558594,1303600
2019-07-24,105.94000244140625,106.61000061035156,105.5,105.94999694824219,101.02100372314453,1578800
2019-07-25,104.27999877929688,105.98999786376953,104.27999877929688,105.5199966430664,100.61100769042969,1705200
2019-07-26,105.8499984741211,107.05999755859375,105.08999633789062,106.83000183105469,101.86007690429688,1261500
2019-07-29,106.55000305175781,106.91999816894531,106.0,106.51000213623047,101.55494689941406,1060900
2019-07-30,106.1500015258789,106.4800033569336,105.47000122070312,106.33999633789062,101.39286804199219,1216200
2019-07-31,106.19000244140625,107.04000091552734,104.41999816894531,106.02999877929688,101.09727478027344,1485000
2019-08-01,106.69000244140625,107.08000183105469,102.48999786376953,103.56999969482422,98.75174713134766,1588900
2019-08-02,103.52999877929688,104.44999694824219,102.94000244140625,103.48999786376953,98.67544555664062,1563800
2019-08-05,102.31999969482422,103.06999969482422,100.16000366210938,101.22000122070312,96.51106262207031,2184900
2019-08-06,101.55999755859375,103.61000061035156,101.05999755859375,103.37999725341797,98.570556640625,1664400
2019-08-07,102.06999969482422,104.22000122070312,101.55000305175781,103.91000366210938,99.07593536376953,1767600
2019-08-08,104.68000030517578,107.2300033569336,104.47000122070312,107.04000091552734,102.06031036376953,1861700
2019-08-09,106.9000015258789,107.12000274658203,104.95999908447266,105.5,100.59194946289062,1549800
2019-08-12,105.18000030517578,105.44999694824219,102.91999816894531,103.27999877929688,98.4752197265625,1743900
2019-08-13,103.23999786376953,108.04000091552734,102.26000213623047,106.44000244140625,101.48822021484375,1669000
2019-08-14,104.54000091552734,104.54000091552734,102.06999969482422,102.16999816894531,97.4168472290039,2413600
2019-08-15,103.19000244140625,103.44999694824219,100.68000030517578,101.41000366210938,96.69223022460938,1979500
2019-08-16,102.58000183105469,103.6500015258789,102.2699966430664,103.18000030517578,98.37989044189453,1900300
2019-08-19,104.88999938964844,105.4000015258789,103.33000183105469,104.08999633789062,99.2475357055664,1721500
2019-08-20,103.0199966430664,105.08000183105469,102.5999984741211,104.19000244140625,99.34290313720703,2308000
2019-08-21,105.70999908447266,106.62000274658203,104.26000213623047,105.69999694824219,100.78262329101562,1686300
2019-08-22,106.87000274658203,107.94000244140625,105.69999694824219,107.4000015258789,102.40355682373047,3922400
2019-08-23,105.63999938964844,106.37000274658203,102.41000366210938,102.94999694824219,98.16057586669922,3917000
2019-08-26,103.3499984741211,104.76000213623047,103.30000305175781,104.55999755859375,99.6956787109375,1787500
2019-08-27,105.11000061035156,105.12999725341797,102.54000091552734,102.58000183105469,97.80780029296875,2355000
2019-08-28,102.30000305175781,104.81999969482422,102.0,104.55999755859375,99.6956787109375,2095100
2019-08-29,105.98999786376953,107.55999755859375,105.98999786376953,107.11000061035156,102.12702941894531,1927100
2019-08-30,107.43000030517578,108.4800033569336,105.77999877929688,106.01000213623047,101.07820892333984,2290600
2019-09-03,105.16999816894531,106.08999633789062,104.06999969482422,105.0199966430664,100.13426971435547,2095800
2019-09-04,105.4800033569336,106.0,104.80999755859375,105.97000122070312,101.04008483886719,1612200
2019-09-05,107.0,109.4800033569336,106.73999786376953,109.36000061035156,104.27237701416016,2440900
2019-09-06,109.6500015258789,110.66999816894531,109.04000091552734,109.18000030517578,104.1007308959961,1436400
2019-09-09,109.30999755859375,109.69000244140625,107.68000030517578,108.48999786376953,103.4428482055664,1443300
2019-09-10,108.55000305175781,108.69000244140625,106.43000030517578,108.16000366210938,103.12818908691406,2081500
2019-09-11,107.37999725341797,108.5999984741211,106.66999816894531,108.30999755859375,103.51527404785156,2020600
2019-09-12,109.26000213623047,110.87999725341797,109.0,109.36000061035156,104.51878356933594,2242100
2019-09-13,109.61000061035156,110.26000213623047,109.0199966430664,109.12999725341797,104.2989501953125,1576100
2019-09-16,108.58000183105469,108.58000183105469,107.5,107.58999633789062,102.82713317871094,1518600
2019-09-17,107.80999755859375,108.9800033569336,107.4000015258789,108.13999938964844,103.352783203125,1857100
2019-09-18,108.08999633789062,108.80999755859375,107.31999969482422,108.70999908447266,103.89755249023438,1984600
2019-09-19,108.80999755859375,109.63999938964844,108.38999938964844,108.61000061035156,103.80199432373047,1206900
2019-09-20,108.56999969482422,109.54000091552734,104.56999969482422,104.75,100.11285400390625,4592900
2019-09-23,105.36000061035156,107.30999755859375,105.27999877929688,107.02999877929688,102.29194641113281,2167000
2019-09-24,108.30000305175781,109.12000274658203,106.7699966430664,107.63999938964844,102.87491607666016,2176400
2019-09-25,107.69000244140625,109.12999725341797,107.69000244140625,108.23999786376953,103.44835662841797,1721200
2019-09-26,108.70999908447266,109.0,106.98999786376953,107.8499984741211,103.07563018798828,1390000
2019-09-27,108.61000061035156,109.43000030517578,108.13999938964844,109.05000305175781,104.22250366210938,1944600
2019-09-30,109.13999938964844,110.38999938964844,109.13999938964844,109.8499984741211,104.98709869384766,1582800
2019-10-01,110.37000274658203,111.41999816894531,109.23999786376953,109.30000305175781,104.4614486694336,1975400
2019-10-02,108.87000274658203,108.88999938964844,106.94000244140625,107.52999877929688,102.7697982788086,1724600
2019-10-03,107.05000305175781,107.23999786376953,104.81999969482422,106.93000030517578,102.19635009765625,1338800
2019-10-04,107.31999969482422,109.2699966430664,107.26000213623047,108.93000030517578,104.1078109741211,1570200
2019-10-07,108.20999908447266,108.97000122070312,107.75,108.13999938964844,103.352783203125,1618300
2019-10-08,107.45999908447266,109.30999755859375,106.80000305175781,107.87999725341797,103.10429382324219,1695300
2019-10-09,108.5,109.43000030517578,108.02999877929688,109.16999816894531,104.33720397949219,1458400
2019-10-10,108.87000274658203,111.19000244140625,108.5199966430664,111.01000213623047,106.09574127197266,1461300
2019-10-11,112.0,113.51000213623047,111.66000366210938,112.45999908447266,107.4815444946289,1962300
2019-10-14,112.43000030517578,112.83999633789062,111.33000183105469,111.4000015258789,106.46847534179688,852900
2019-10-15,111.6500015258789,112.5,111.63999938964844,111.94000244140625,106.98457336425781,1629500
2019-10-16,111.94999694824219,112.68000030517578,111.5,112.26000213623047,107.2904052734375,1824700
2019-10-17,112.9800033569336,113.69000244140625,112.58999633789062,113.02999877929688,108.02631378173828,1025400
2019-10-18,112.80999755859375,114.83000183105469,112.5,114.12999725341797,109.07760620117188,1595700
2019-10-21,111.48999786376953,113.22000122070312,109.06999969482422,110.9800033569336,106.06706237792969,2832700
2019-10-22,111.27999877929688,112.9800033569336,111.02999877929688,111.9000015258789,106.94633483886719,1377300
2019-10-23,111.9800033569336,112.22000122070312,109.66999816894531,109.88999938964844,105.02532196044922,1484700
2019-10-24,110.22000122070312,110.69000244140625,109.18000030517578,110.44000244140625,105.55097198486328,1362700
2019-10-25,110.0999984741211,111.61000061035156,109.66000366210938,110.69000244140625,105.7898941040039,1116900
2019-10-28,110.62000274658203,111.12000274658203,109.26000213623047,109.38999938964844,104.54745483398438,1548000
2019-10-29,109.44999694824219,110.5,108.75,108.81999969482422,104.00267791748047,1565700
2019-10-30,108.69000244140625,110.38999938964844,108.58999633789062,110.31999969482422,105.43629455566406,1579100
2019-10-31,110.48999786376953,110.97000122070312,109.2300033569336,109.66999816894531,104.8150634765625,1790900
2019-11-01,110.19000244140625,111.56999969482422,109.73999786376953,110.98999786376953,106.07662963867188,1294400
2019-11-04,111.61000061035156,112.0199966430664,110.98999786376953,111.7699966430664,106.82209014892578,1540400
2019-11-05,111.48999786376953,112.80000305175781,111.41000366210938,112.05999755859375,107.0992431640625,1704700
2019-11-06,112.44999694824219,112.5199966430664,111.31999969482422,112.26000213623047,107.2904052734375,1282200
2019-11-07,112.3499984741211,113.72000122070312,112.18000030517578,113.06999969482422,108.0645523071289,1389700
2019-11-08,112.7699966430664,113.05999755859375,111.4000015258789,111.81999969482422,106.86988830566406,1431900
2019-11-11,111.66000366210938,112.37999725341797,111.11000061035156,112.18000030517578,107.21394348144531,1126300
2019-11-12,112.1500015258789,112.41000366210938,110.83999633789062,110.97000122070312,106.05751037597656,1327100
2019-11-13,111.01000213623047,111.94000244140625,109.33000183105469,111.38999938964844,106.45890808105469,1683900
2019-11-14,111.76000213623047,113.0,111.0,112.83999633789062,107.8447265625,1291100
2019-11-15,113.66000366210938,113.66999816894531,112.23999786376953,113.37000274658203,108.35126495361328,1151600
2019-11-18,112.94000244140625,113.33999633789062,111.83999633789062,112.19000244140625,107.22350311279297,1800900
2019-11-19,112.72000122070312,113.95999908447266,111.81999969482422,112.41999816894531,107.44332122802734,1993500
2019-11-20,112.4000015258789,112.91000366210938,109.98999786376953,110.44000244140625,105.55097198486328,2267700
2019-11-21,111.16999816894531,111.8499984741211,110.5999984741211,111.79000091552734,106.84120178222656,2495600
2019-11-22,113.08000183105469,113.88999938964844,108.41000366210938,111.5199966430664,106.58316040039062,3955400
2019-11-25,112.02999877929688,113.98999786376953,111.55000305175781,113.33000183105469,108.31303405761719,2210100
2019-11-26,113.37999725341797,116.02999877929688,112.98999786376953,115.33000183105469,110.22450256347656,5066600
2019-11-27,116.12000274658203,116.48999786376953,115.19999694824219,116.33000183105469,111.18023681640625,1589800
2019-11-29,116.58000183105469,117.23999786376953,116.05000305175781,116.1500015258789,111.0082015991211,1411500
2019-12-02,116.6500015258789,117.58000183105469,115.88999938964844,116.0,110.86485290527344,2534700
2019-12-03,115.01000213623047,115.8499984741211,113.58000183105469,114.2699966430664,109.21139526367188,1890600
2019-12-04,114.5199966430664,115.11000061035156,113.58999633789062,114.1500015258789,109.09674072265625,1964600
2019-12-05,114.23999786376953,114.30000305175781,113.20999908447266,113.48999786376953,108.70880889892578,1359200
2019-12-06,114.83999633789062,115.13999938964844,113.69999694824219,113.91000366210938,109.1111068725586,1243500
2019-12-09,113.76000213623047,115.37999725341797,113.69000244140625,115.05999755859375,110.21263885498047,1947000
2019-12-10,114.9800033569336,115.37000274658203,114.19999694824219,114.94999694824219,110.10729217529297,1264300
2019-12-11,115.30000305175781,115.30000305175781,114.12999725341797,114.8499984741211,110.0114974975586,1403600
2019-12-12,114.87999725341797,116.79000091552734,114.56999969482422,116.44999694824219,111.54409790039062,2041800
2019-12-13,116.30000305175781,116.38999938964844,115.23999786376953,115.48999786376953,110.6245346069336,1319200
2019-12-16,116.02999877929688,116.52999877929688,114.18000030517578,114.38999938964844,109.57087707519531,1937400
2019-12-17,114.70999908447266,114.70999908447266,113.5,113.80999755859375,109.01531982421875,1746000
2019-12-18,113.80999755859375,114.1500015258789,112.58000183105469,113.48999786376953,108.70880889892578,1863300
2019-12-19,113.73999786376953,115.19999694824219,113.73999786376953,115.16000366210938,110.30844116210938,1427900
2019-12-20,116.12999725341797,116.12999725341797,114.5199966430664,115.2300033569336,110.37548828125,3701800
2019-12-23,115.36000061035156,115.52999877929688,114.0999984741211,114.19999694824219,109.38887786865234,1470800
2019-12-24,114.55000305175781,115.4000015258789,114.27999877929688,115.12000274658203,110.27012634277344,535700
2019-12-26,115.05000305175781,115.5999984741211,114.2699966430664,115.30999755859375,110.45211029052734,1033000
2019-12-27,116.0999984741211,116.0999984741211,114.52999877929688,114.95999908447266,110.11685943603516,895600
2019-12-30,114.66999816894531,117.01000213623047,114.16000366210938,116.5,111.59199523925781,1415400
2019-12-31,116.58999633789062,117.04000091552734,115.6500015258789,116.41999816894531,111.5153579711914,1576000
2020-01-02,116.4800033569336,116.83999633789062,115.47000122070312,116.83000183105469,111.90808868408203,1722500
2020-01-03,115.43000030517578,117.0,115.19999694824219,116.86000061035156,111.93682861328125,1486500
2020-01-06,116.25,117.4800033569336,115.63999938964844,117.43000030517578,112.4828109741211,1573600
2020-01-07,117.01000213623047,118.87999725341797,116.54000091552734,118.80000305175781,113.79509735107422,1961900
2020-01-08,119.11000061035156,120.08999633789062,118.94999694824219,119.1500015258789,114.13036346435547,1565200
2020-01-09,120.66999816894531,122.62000274658203,119.54000091552734,122.12999725341797,116.98480987548828,2185800
2020-01-10,122.0999984741211,122.37999725341797,120.5,120.72000122070312,115.63421630859375,1271700
2020-01-13,120.68000030517578,120.77999877929688,119.23999786376953,119.97000122070312,114.91580963134766,1392100
2020-01-14,120.04000091552734,120.12999725341797,118.80999755859375,118.95999908447266,113.94834899902344,1828000
2020-01-15,118.51000213623047,119.37000274658203,117.44999694824219,117.7699966430664,112.8084945678711,1409100
2020-01-16,118.38999938964844,118.91999816894531,117.44999694824219,118.05000305175781,113.07670593261719,1853700
2020-01-17,118.20999908447266,118.72000122070312,117.44999694824219,117.68000030517578,112.72227478027344,2094800
2020-01-21,117.25,118.22000122070312,117.16999816894531,117.80000305175781,112.83722686767578,1853300
2020-01-22,118.12999725341797,118.5,117.4000015258789,117.41000366210938,112.46365356445312,1770500
2020-01-23,117.33999633789062,118.62000274658203,116.04000091552734,118.20999908447266,113.22994232177734,1989100
2020-01-24,118.0199966430664,118.4000015258789,115.2699966430664,115.76000213623047,110.88317108154297,1548100
2020-01-27,114.06999969482422,115.5,113.5,114.8499984741211,110.0114974975586,2677900
2020-01-28,115.11000061035156,115.47000122070312,114.36000061035156,114.4800033569336,109.65711975097656,1558400
2020-01-29,114.7300033569336,115.41999816894531,113.95999908447266,114.2699966430664,109.45592498779297,1365900
2020-01-30,113.4800033569336,114.66000366210938,113.05999755859375,114.18000030517578,109.36973571777344,1627100
2020-01-31,113.83999633789062,114.04000091552734,111.4800033569336,112.19000244140625,107.46355438232422,5115000
2020-02-03,112.55999755859375,114.72000122070312,112.54000091552734,113.83000183105469,109.03448486328125,1662700
2020-02-04,115.77999877929688,116.80000305175781,115.25,116.3499984741211,111.44830322265625,1510200
2020-02-05,117.06999969482422,119.08000183105469,117.06999969482422,118.73999786376953,113.73761749267578,1715700
2020-02-06,119.33999633789062,119.6500015258789,118.13999938964844,118.19000244140625,113.21080017089844,1267000
2020-02-07,118.0199966430664,118.02999877929688,116.54000091552734,117.43000030517578,112.4828109741211,1059000
2020-02-10,116.88999938964844,118.4000015258789,116.70999908447266,118.26000213623047,113.27786254882812,1373400
2020-02-11,119.04000091552734,119.93000030517578,118.66999816894531,119.69999694824219,114.65716552734375,1260900
2020-02-12,120.4800033569336,120.5999984741211,119.66999816894531,120.05999755859375,115.00199890136719,1388800
2020-02-13,119.76000213623047,120.75,119.4800033569336,120.5999984741211,115.51925659179688,1290300
2020-02-14,120.91000366210938,121.97000122070312,120.68000030517578,121.77999877929688,116.64955139160156,1307700
2020-02-18,121.58000183105469,123.01000213623047,121.0199966430664,122.48999786376953,117.32964324951172,1497200
2020-02-19,122.95999908447266,123.62999725341797,122.56999969482422,122.94000244140625,117.76068878173828,1061200
2020-02-20,122.83999633789062,124.16000366210938,121.94000244140625,123.80999755859375,118.59402465820312,1065400
2020-02-21,123.26000213623047,123.87000274658203,122.12000274658203,123.23999786376953,118.04804992675781,1316400
2020-02-24,122.0,123.18000030517578,121.05000305175781,121.62000274658203,116.49629974365234,1816400
2020-02-25,121.98999786376953,122.20999908447266,116.55999755859375,116.75,111.83145904541016,2295700
2020-02-26,118.4000015258789,121.41000366210938,117.95999908447266,119.19999694824219,114.1782455444336,2432000
2020-02-27,117.80000305175781,119.0199966430664,111.8499984741211,111.94000244140625,107.22410583496094,2738900
2020-02-28,108.62000274658203,110.6500015258789,106.76000213623047,108.77999877929688,104.19721984863281,4152000
2020-03-02,109.22000122070312,112.0,105.94999694824219,111.9800033569336,107.26242065429688,3138100
2020-03-03,111.0,114.30999755859375,107.58999633789062,109.22000122070312,104.61870574951172,3487300
2020-03-04,109.37999725341797,110.5,105.80999755859375,109.55999755859375,104.94437408447266,4938700
2020-03-05,106.33999633789062,107.16000366210938,100.69999694824219,101.69000244140625,97.40591430664062,3136700
2020-03-06,97.58999633789062,103.41999816894531,97.33999633789062,102.51000213623047,98.1913833618164,3940100
2020-03-09,96.98999786376953,97.81999969482422,94.41000366210938,94.80999755859375,90.81576538085938,4067500
2020-03-10,97.16000366210938,101.91999816894531,95.77999877929688,101.8499984741211,97.55916595458984,3921200
2020-03-11,99.41999816894531,100.97000122070312,97.83000183105469,98.55999755859375,94.40778350830078,3731100
2020-03-12,92.66999816894531,96.45999908447266,91.02999877929688,91.3499984741211,87.50153350830078,5273900
2020-03-13,95.62999725341797,97.12999725341797,87.4800033569336,92.83000183105469,88.91919708251953,4298400
2020-03-16,84.33999633789062,84.33999633789062,73.19000244140625,73.93000030517578,71.03350067138672,4883700
2020-03-17,74.43000030517578,74.66999816894531,67.69000244140625,69.55999755859375,66.83470916748047,7862800
2020-03-18,65.30000305175781,65.94999694824219,56.29999923706055,59.970001220703125,57.62043762207031,8149600
2020-03-19,59.459999084472656,69.33000183105469,57.66999816894531,65.0,62.45337677001953,7958700
2020-03-20,65.43000030517578,70.0,63.849998474121094,63.900001525878906,61.396461486816406,10008700
2020-03-23,62.689998626708984,66.43000030517578,60.5,62.91999816894531,60.45486068725586,5970200
2020-03-24,67.81999969482422,71.80000305175781,66.06999969482422,71.58000183105469,68.77556610107422,8351500
2020-03-25,73.94999694824219,84.86000061035156,72.80000305175781,81.29000091552734,78.10513305664062,5655300
2020-03-26,82.33999633789062,86.83000183105469,81.30999755859375,85.5999984741211,82.24628448486328,5436500
2020-03-27,81.77999877929688,85.77999877929688,80.0,82.55000305175781,79.3157730102539,3493000
2020-03-30,82.58999633789062,85.5,80.58000183105469,84.87000274658203,81.54487609863281,3237400
2020-03-31,84.0999984741211,88.79000091552734,83.73999786376953,86.97000122070312,83.56260681152344,4875800
2020-04-01,82.30000305175781,85.37000274658203,79.88999938964844,81.08999633789062,77.91297912597656,4468900
2020-04-02,80.0,82.2699966430664,75.62999725341797,79.4000015258789,76.28919982910156,4137500
2020-04-03,78.58000183105469,79.2300033569336,74.16999816894531,74.75,71.82138061523438,3534700
2020-04-06,80.0,88.05999755859375,78.1500015258789,87.18000030517578,83.76435852050781,5382000
2020-04-07,93.66000366210938,95.97000122070312,84.47000122070312,84.80999755859375,81.48723602294922,5867100
2020-04-08,85.75,91.86000061035156,84.69999694824219,89.05000305175781,85.56111907958984,3023800
2020-04-09,90.37999725341797,92.63999938964844,87.88999938964844,88.73999786376953,85.26324462890625,2693900
2020-04-13,89.0199966430664,89.0199966430664,85.0999984741211,87.0,83.59142303466797,2192200
2020-04-14,88.51000213623047,91.36000061035156,88.33999633789062,90.97000122070312,87.4058837890625,3034400
2020-04-15,86.58000183105469,89.3499984741211,86.19999694824219,88.55999755859375,85.09030151367188,2383500
2020-04-16,88.55000305175781,88.81999969482422,86.37000274658203,87.19000244140625,83.77398681640625,2610700
2020-04-17,90.05999755859375,92.0199966430664,88.72000122070312,91.72000122070312,88.12650299072266,5080600
2020-04-20,90.4800033569336,90.4800033569336,86.45999908447266,86.51000213623047,83.12063598632812,3565500
2020-04-21,83.6500015258789,85.51000213623047,81.62999725341797,82.69999694824219,79.45988464355469,4154500
2020-04-22,85.06999969482422,85.9800033569336,81.94000244140625,83.87000274658203,80.58405303955078,3265800
2020-04-23,84.72000122070312,85.33000183105469,82.31999969482422,82.62999725341797,79.39263916015625,3721400
2020-04-24,83.01000213623047,86.30000305175781,82.61000061035156,85.48999786376953,82.14058685302734,2213900
2020-04-27,86.91000366210938,91.0999984741211,86.5,90.83000183105469,87.27137756347656,3238400
2020-04-28,94.05000305175781,101.08000183105469,92.16000366210938,92.54000091552734,88.91437530517578,4800000
2020-04-29,97.13999938964844,98.69999694824219,95.12999725341797,97.05000305175781,93.2476806640625,3552400
2020-04-30,95.43000030517578,96.08000183105469,91.05000305175781,91.36000061035156,87.78060913085938,3058100
2020-05-01,88.25,89.58000183105469,87.37000274658203,88.95999908447266,85.47466278076172,1990100
2020-05-04,87.19000244140625,88.80000305175781,85.69999694824219,88.38999938964844,84.9269790649414,1864300
2020-05-05,90.0,90.9800033569336,88.08000183105469,88.7699966430664,85.29206848144531,2423200
2020-05-06,89.33000183105469,90.29000091552734,88.38999938964844,88.86000061035156,85.37855529785156,1938400
2020-05-07,90.63999938964844,91.87000274658203,89.76000213623047,89.8499984741211,86.32977294921875,2286200
2020-05-08,91.0999984741211,91.5999984741211,90.45999908447266,91.45999908447266,87.87670135498047,1480000
2020-05-11,90.0999984741211,91.41000366210938,88.86000061035156,90.75,87.19449615478516,1598100
2020-05-12,90.8499984741211,91.22000122070312,86.12000274658203,86.62000274658203,83.22631072998047,2301600
2020-05-13,85.94999694824219,86.3499984741211,82.62000274658203,83.72000122070312,80.43995666503906,2192900
2020-05-14,82.26000213623047,84.69000244140625,79.86000061035156,84.5199966430664,81.20858764648438,2171100
2020-05-15,83.7300033569336,86.0,82.33999633789062,85.30999755859375,81.96763610839844,3067500
2020-05-18,89.9000015258789,92.4000015258789,88.77999877929688,90.62999725341797,87.07920837402344,2581900
2020-05-19,90.54000091552734,91.61000061035156,87.94000244140625,89.88999938964844,86.36820983886719,3319700
2020-05-20,90.81999969482422,92.30000305175781,90.0,90.88999938964844,87.32901763916016,2431800
2020-05-21,94.5,99.4000015258789,93.5,96.87000274658203,93.0747299194336,5012800
2020-05-22,92.9800033569336,96.69000244140625,91.87000274658203,93.87999725341797,90.2018814086914,5340100
2020-05-26,96.7300033569336,97.16999816894531,94.22000122070312,94.5999984741211,90.8936538696289,4445100
2020-05-27,95.22000122070312,96.5999984741211,93.80000305175781,96.48999786376953,92.70963287353516,2974500
2020-05-28,96.55999755859375,100.5999984741211,94.7300033569336,98.2699966430664,94.41986846923828,4286700
2020-05-29,98.04000091552734,98.87000274658203,95.4800033569336,96.95999908447266,93.16121673583984,4511800
2020-06-01,97.08000183105469,99.11000061035156,96.48999786376953,97.19999694824219,93.39180755615234,2253900
2020-06-02,98.55999755859375,98.98999786376953,95.98999786376953,98.80999755859375,94.938720703125,2510600
2020-06-03,99.91999816894531,100.72000122070312,98.81999969482422,100.13999938964844,96.21661376953125,2303300
2020-06-04,99.5,101.0,98.54000091552734,98.95999908447266,95.08283996582031,2689600
2020-06-05,102.30000305175781,104.93000030517578,101.30000305175781,102.4800033569336,98.4649429321289,2570800
2020-06-08,102.55000305175781,104.05000305175781,101.38999938964844,102.76000213623047,98.7339859008789,3616800
2020-06-09,102.0999984741211,102.91000366210938,100.66999816894531,101.58999633789062,97.60979461669922,2678700
2020-06-10,101.69000244140625,101.81999969482422,98.6500015258789,100.04000091552734,96.12054443359375,3299400
2020-06-11,96.68000030517578,96.83999633789062,93.20999908447266,94.37000274658203,90.67268371582031,3797000
2020-06-12,96.41999816894531,96.79000091552734,89.79000091552734,92.4800033569336,88.85672760009766,2933000
2020-06-15,89.13999938964844,91.48999786376953,87.86000061035156,91.33000183105469,87.75179290771484,3879400
2020-06-16,97.08999633789062,98.05000305175781,95.2699966430664,97.62000274658203,93.79534912109375,4164100
2020-06-17,97.73999786376953,98.12999725341797,96.56999969482422,96.68000030517578,92.89217376708984,3317200
2020-06-18,95.04000091552734,96.37999725341797,91.9800033569336,92.37999725341797,88.76063537597656,3357100
2020-06-19,95.13999938964844,95.1500015258789,91.6500015258789,93.30999755859375,89.6541976928711,6537000
2020-06-22,92.66999816894531,92.88999938964844,90.22000122070312,90.68000030517578,87.12725067138672,2839400
2020-06-23,92.01000213623047,93.16000366210938,91.31999969482422,91.45999908447266,87.87670135498047,3749000
2020-06-24,89.80000305175781,90.36000061035156,86.44000244140625,87.05000305175781,83.63947296142578,3119100
2020-06-25,86.7699966430664,86.94000244140625,82.48999786376953,84.2699966430664,80.9683837890625,4748500
2020-06-26,83.75,86.69000244140625,83.58999633789062,83.75,80.4687728881836,5236000
2020-06-29,83.93000030517578,85.5199966430664,81.61000061035156,85.23999786376953,81.90039825439453,2845900
2020-06-30,85.01000213623047,85.73999786376953,83.77999877929688,85.23999786376953,81.90039825439453,5775200
2020-07-01,85.29000091552734,88.5999984741211,85.22000122070312,87.19000244140625,83.77398681640625,3703700
2020-07-02,88.73999786376953,91.12000274658203,88.30999755859375,88.58000183105469,85.10953521728516,3516300
2020-07-06,89.76000213623047,91.05999755859375,89.54000091552734,90.13999938964844,86.6083984375,1907500
2020-07-07,89.19999694824219,89.19999694824219,86.16999816894531,86.37999725341797,82.9957275390625,2300300
2020-07-08,86.20999908447266,87.05000305175781,84.80999755859375,86.0199966430664,82.64981842041016,2350800
2020-07-09,85.73999786376953,86.22000122070312,83.25,84.72000122070312,81.40074920654297,2700800
2020-07-10,84.8499984741211,87.75,84.48999786376953,86.79000091552734,83.3896484375,2767100
2020-07-13,86.97000122070312,87.77999877929688,84.44999694824219,84.81999969482422,81.49683380126953,3584900
2020-07-14,83.9800033569336,83.9800033569336,79.6500015258789,80.16999816894531,77.02901458740234,7567700
2020-07-15,81.7699966430664,84.63999938964844,81.62999725341797,83.66000366210938,80.38228607177734,5743700
2020-07-16,83.01000213623047,84.94000244140625,82.4000015258789,84.55999755859375,81.24702453613281,3207100
2020-07-17,85.25,86.08000183105469,84.12999725341797,85.79000091552734,82.42882537841797,3217200
2020-07-20,85.58000183105469,86.08000183105469,83.51000213623047,84.79000091552734,81.46802520751953,3074600
2020-07-21,85.06999969482422,88.0,84.12000274658203,86.51000213623047,83.12063598632812,2263300
2020-07-22,86.3499984741211,88.80999755859375,85.62000274658203,88.77999877929688,85.30169677734375,2587700
2020-07-23,88.54000091552734,88.77999877929688,86.8499984741211,87.73999786376953,84.30243682861328,2890100
2020-07-24,87.66999816894531,88.0999984741211,85.94999694824219,86.16000366210938,82.78433990478516,2167600
2020-07-27,85.91999816894531,86.25,84.12000274658203,85.12000274658203,81.78508758544922,2380700
2020-07-28,84.94000244140625,86.54000091552734,84.76000213623047,85.87999725341797,82.51529693603516,1814800
2020-07-29,86.1500015258789,88.95999908447266,86.0,88.43000030517578,84.96540069580078,2371500
2020-07-30,87.62999725341797,89.30000305175781,87.05999755859375,88.94999694824219,85.46501922607422,2524000
2020-07-31,88.62000274658203,89.77999877929688,87.93000030517578,89.66999816894531,86.15681457519531,3166100
2020-08-03,89.19999694824219,89.70999908447266,87.4000015258789,87.87999725341797,84.43695068359375,2784100
2020-08-04,87.83000183105469,88.79000091552734,87.19999694824219,88.37999725341797,84.9173583984375,2043700
2020-08-05,88.83999633789062,89.5999984741211,88.2300033569336,88.68000030517578,85.20561218261719,1894300
2020-08-06,88.8499984741211,88.8499984741211,86.86000061035156,86.97000122070312,83.56260681152344,3282100
2020-08-07,86.94999694824219,89.44000244140625,86.37000274658203,89.44000244140625,85.93582916259766,3321400
2020-08-10,90.0,93.23999786376953,89.80999755859375,92.51000213623047,88.88555145263672,2557800
2020-08-11,93.47000122070312,94.9800033569336,92.37999725341797,93.5999984741211,89.932861328125,1846200
2020-08-12,93.62000274658203,94.45999908447266,92.3499984741211,94.06999969482422,90.38443756103516,1780900
2020-08-13,93.94999694824219,93.95999908447266,93.0199966430664,93.06999969482422,89.42359924316406,1583500
2020-08-14,93.19999694824219,94.76000213623047,92.62999725341797,94.05999755859375,90.37482452392578,1838900
2020-08-17,96.12000274658203,97.55999755859375,95.12000274658203,97.12999725341797,93.32453155517578,3101800
2020-08-18,96.77999877929688,96.97000122070312,93.27999877929688,94.30000305175781,90.60542297363281,2933900
2020-08-19,90.5,91.19999694824219,88.56999969482422,90.26000213623047,86.72370147705078,4579100
2020-08-20,88.87999725341797,89.70999908447266,87.2300033569336,87.45999908447266,84.03340911865234,3703200
2020-08-21,87.5999984741211,89.77999877929688,86.37000274658203,87.22000122070312,83.80280303955078,4292800
2020-08-24,87.01000213623047,89.31999969482422,86.70999908447266,89.30999755859375,85.81092071533203,2981900
2020-08-25,89.79000091552734,92.37999725341797,89.69999694824219,91.25,87.67491912841797,2534100
2020-08-26,91.12999725341797,91.55999755859375,89.7300033569336,89.86000061035156,86.3393783569336,1679600
2020-08-27,90.69999694824219,92.0199966430664,90.25,90.86000061035156,87.30020904541016,1958300
2020-08-28,91.19999694824219,93.93000030517578,90.87999725341797,93.83000183105469,90.15381622314453,1781500
2020-08-31,93.0,93.4800033569336,91.02999877929688,91.08000183105469,87.51158142089844,2057900
2020-09-01,91.01000213623047,91.70999908447266,89.52999877929688,91.2699966430664,87.69412994384766,2415900
2020-09-02,92.19000244140625,94.98999786376953,92.08999633789062,94.55999755859375,90.85523986816406,2181000
2020-09-03,95.12999725341797,95.63999938964844,92.9800033569336,93.79000091552734,90.11542510986328,2331800
2020-09-04,94.30999755859375,94.98999786376953,92.72000122070312,93.31999969482422,89.66383361816406,1776600
2020-09-08,92.23999786376953,95.27999877929688,91.69000244140625,93.58999633789062,89.92323303222656,2803200
2020-09-09,93.5,94.2699966430664,92.55000305175781,93.47000122070312,89.80794525146484,1895300
2020-09-10,93.30999755859375,94.58999633789062,90.37999725341797,90.70999908447266,87.15608215332031,1858500
2020-09-11,91.16000366210938,91.37999725341797,89.12999725341797,90.22000122070312,86.68528747558594,2264800
2020-09-14,91.22000122070312,94.05999755859375,90.95999908447266,93.7699966430664,90.09619140625,1708400
2020-09-15,94.20999908447266,94.5,92.79000091552734,93.91999816894531,90.24031066894531,1795600
2020-09-16,94.93000030517578,97.8499984741211,94.18000030517578,96.0199966430664,92.25804901123047,1909500
2020-09-17,94.01000213623047,94.91999816894531,92.22000122070312,93.87999725341797,90.2018814086914,1463700
2020-09-18,93.88999938964844,94.44999694824219,91.19999694824219,92.2699966430664,88.65494537353516,2357300
2020-09-21,90.94999694824219,91.23999786376953,87.62999725341797,90.41999816894531,86.87743377685547,2466800
2020-09-22,90.70999908447266,91.37000274658203,89.38999938964844,90.62000274658203,87.0696029663086,1427100
2020-09-23,91.0,92.44999694824219,87.5,87.73999786376953,84.30243682861328,2241700
2020-09-24,86.87000274658203,88.0999984741211,85.12000274658203,86.68000030517578,83.28396606445312,2016600
2020-09-25,86.44999694824219,88.19000244140625,85.37000274658203,87.93000030517578,84.48499298095703,1624500
2020-09-28,89.79000091552734,92.66999816894531,88.81999969482422,92.26000213623047,88.64533233642578,1499300
2020-09-29,91.8499984741211,92.13999938964844,90.19999694824219,91.02999877929688,87.46353912353516,1711800
2020-09-30,91.55000305175781,94.62999725341797,91.12000274658203,93.31999969482422,89.66383361816406,2045700
2020-10-01,94.11000061035156,96.2699966430664,93.94999694824219,94.83000183105469,91.11466979980469,1460200
2020-10-02,93.0,96.72000122070312,92.2300033569336,96.22000122070312,92.45020294189453,1923300
2020-10-05,96.61000061035156,97.30000305175781,95.91000366210938,97.08000183105469,93.27650451660156,1086000
2020-10-06,97.41000366210938,97.5,94.22000122070312,94.63999938964844,90.93209838867188,1428100
2020-10-07,95.91999816894531,97.6500015258789,95.54000091552734,97.13999938964844,93.33414459228516,1123700
2020-10-08,97.2699966430664,98.02999877929688,96.19999694824219,97.86000061035156,94.02595520019531,904900
2020-10-09,99.3499984741211,99.66000366210938,97.62000274658203,98.41000366210938,94.55439758300781,1517200
2020-10-12,98.91999816894531,99.86000061035156,98.06999969482422,98.63999938964844,94.77537536621094,1690700
2020-10-13,99.33000183105469,99.7699966430664,97.51000213623047,97.63999938964844,93.81456756591797,1359600
2020-10-14,97.61000061035156,98.91999816894531,96.12000274658203,96.29000091552734,92.51744842529297,1100100
2020-10-15,95.37000274658203,96.94000244140625,94.87999725341797,96.19000244140625,92.42137145996094,1434200
2020-10-16,95.91000366210938,96.79000091552734,95.0,95.12000274658203,91.39330291748047,1657800
2020-10-19,95.26000213623047,95.66000366210938,90.5,90.95999908447266,87.39627838134766,2791200
2020-10-20,91.95999908447266,93.22000122070312,90.80999755859375,92.18000030517578,88.5684814453125,3316600
2020-10-21,92.04000091552734,92.86000061035156,90.80000305175781,92.16999816894531,88.5588607788086,1624100
2020-10-22,92.05999755859375,94.12000274658203,91.76000213623047,93.16000366210938,89.51008605957031,1917800
2020-10-23,94.51000213623047,95.45999908447266,92.58999633789062,95.43000030517578,91.6911392211914,1778300
2020-10-26,94.0999984741211,94.63999938964844,90.37999725341797,91.63999938964844,88.04963684082031,2339900
2020-10-27,91.73999786376953,92.4800033569336,90.87999725341797,91.44999694824219,87.86707305908203,1280100
2020-10-28,89.62000274658203,90.08000183105469,85.19000244140625,85.27999877929688,81.93882751464844,3082000
2020-10-29,85.33000183105469,87.72000122070312,84.72000122070312,86.98999786376953,83.58181762695312,1803100
2020-10-30,86.02999877929688,86.8499984741211,84.68000030517578,85.16999816894531,81.83312225341797,2634700
2020-11-02,86.9000015258789,88.79000091552734,86.43000030517578,88.58999633789062,85.119140625,2879700
2020-11-03,88.94999694824219,92.30000305175781,88.94999694824219,91.63999938964844,88.04963684082031,1824100
2020-11-04,92.33000183105469,94.43000030517578,91.16999816894531,92.19999694824219,88.58768463134766,1980200
2020-11-05,93.52999877929688,95.4000015258789,92.5199966430664,94.94000244140625,91.22035217285156,1841600
2020-11-06,95.16000366210938,95.16000366210938,92.58000183105469,93.30000305175781,89.64460754394531,1728100
2020-11-09,104.83999633789062,117.7699966430664,104.2300033569336,107.81999969482422,103.5957260131836,6490400
2020-11-10,107.5199966430664,109.88999938964844,106.26000213623047,109.41999816894531,105.1330337524414,3511800
2020-11-11,108.9800033569336,109.22000122070312,103.29000091552734,104.18000030517578,100.09832000732422,2482200
2020-11-12,103.76000213623047,105.45999908447266,102.55000305175781,104.61000061035156,100.511474609375,2417500
2020-11-13,106.19999694824219,108.48999786376953,105.23999786376953,108.12999725341797,103.89358520507812,2586100
2020-11-16,109.69999694824219,110.97000122070312,106.4800033569336,110.83999633789062,106.49739837646484,2428000
2020-11-17,108.80000305175781,111.3499984741211,107.18000030517578,110.45999908447266,106.13229370117188,2260200
2020-11-18,110.47000122070312,115.63999938964844,110.44999694824219,111.30000305175781,106.93937683105469,3831400
2020-11-19,109.75,111.69000244140625,108.79000091552734,110.19999694824219,105.8824691772461,3665900
2020-11-20,114.98999786376953,115.0,108.80000305175781,108.98999786376953,104.71988677978516,5031300
2020-11-23,110.22000122070312,110.38999938964844,106.37000274658203,108.18000030517578,103.94161987304688,3852600
2020-11-24,109.94999694824219,113.54000091552734,109.38999938964844,113.41000366210938,108.96671295166016,2925200
2020-11-25,112.04000091552734,112.2300033569336,109.30000305175781,110.91999816894531,106.57426452636719,2301300
2020-11-27,111.80000305175781,111.91999816894531,108.69000244140625,109.54000091552734,105.24832916259766,827600
2020-11-30,108.44000244140625,108.44000244140625,106.6500015258789,107.5199966430664,103.30746459960938,5951000
2020-12-01,108.62999725341797,112.0,108.0,111.54000091552734,107.16997528076172,2155400
2020-12-02,110.06999969482422,111.80999755859375,109.83000183105469,111.58000183105469,107.20841217041016,1072100
2020-12-03,111.23999786376953,113.44999694824219,110.94000244140625,113.05999755859375,108.63041687011719,1526000
2020-12-04,113.51000213623047,115.31999969482422,113.20999908447266,115.23999786376953,110.72502136230469,1362700
2020-12-07,114.44000244140625,114.94999694824219,113.05999755859375,113.5999984741211,109.1492691040039,1382400
2020-12-08,112.51000213623047,113.68000030517578,111.62999725341797,113.47000122070312,109.02436828613281,1523600
2020-12-09,113.62999725341797,114.69000244140625,112.44999694824219,113.80000305175781,109.34144592285156,1381800
2020-12-10,112.9800033569336,114.25,112.18000030517578,113.31999969482422,108.8802261352539,1312300
2020-12-11,112.05999755859375,112.94999694824219,110.45999908447266,112.81999969482422,108.39981842041016,1636300
2020-12-14,113.9800033569336,114.31999969482422,110.48999786376953,110.55000305175781,106.21876525878906,1816600
2020-12-15,111.66000366210938,113.48999786376953,110.25,113.08999633789062,108.65924835205078,1364800
2020-12-16,112.87999725341797,115.3499984741211,112.5999984741211,113.43000030517578,108.98590850830078,1081300
2020-12-17,114.2699966430664,116.87000274658203,113.37999725341797,116.69000244140625,112.11819458007812,1477800
2020-12-18,116.70999908447266,118.43000030517578,116.2300033569336,117.66000366210938,113.05020141601562,6004000
2020-12-21,114.16000366210938,117.91000366210938,113.9800033569336,116.79000091552734,112.21429443359375,1906300
2020-12-22,116.37999725341797,117.62000274658203,115.5199966430664,116.73999786376953,112.1662368774414,1640400
2020-12-23,117.22000122070312,118.91999816894531,117.22000122070312,118.13999938964844,113.51139831542969,961800
2020-12-24,118.29000091552734,118.29000091552734,116.83999633789062,118.0199966430664,113.39608001708984,608700
2020-12-28,119.45999908447266,123.0,118.58999633789062,122.62000274658203,117.81586456298828,1597800
2020-12-29,122.58999633789062,123.4000015258789,121.26000213623047,121.45999908447266,116.7013168334961,1054100
2020-12-30,121.47000122070312,123.31999969482422,121.36000061035156,122.48999786376953,117.69096374511719,786700
2020-12-31,122.44999694824219,123.44000244140625,121.70999908447266,122.80999755859375,117.99842834472656,849200
2021-01-04,122.54000091552734,123.23999786376953,116.4800033569336,117.06999969482422,112.48331451416016,2315600
2021-01-05,117.04000091552734,117.94999694824219,115.9800033569336,117.16999816894531,112.57939147949219,1994200
2021-01-06,115.9000015258789,123.13999938964844,115.9000015258789,122.29000091552734,117.49879455566406,1578300
2021-01-07,121.4000015258789,123.02999877929688,121.04000091552734,122.0199966430664,117.2393798828125,1463800
2021-01-08,121.95999908447266,123.80000305175781,121.19999694824219,122.41000366210938,117.61410522460938,1755100
2021-01-11,121.31999969482422,122.08999633789062,120.4000015258789,120.87000274658203,116.13442993164062,1856200
2021-01-12,120.05999755859375,122.43000030517578,119.80000305175781,121.16000366210938,116.41307830810547,1581200
2021-01-13,119.76000213623047,120.98999786376953,118.55000305175781,119.16000366210938,114.4914321899414,1300400
2021-01-14,119.41000366210938,119.7699966430664,116.0199966430664,117.06999969482422,112.48331451416016,2574100
2021-01-15,115.48999786376953,117.37000274658203,114.19000244140625,116.97000122070312,112.3872299194336,1425700
2021-01-19,117.0199966430664,117.80999755859375,113.33999633789062,113.9800033569336,109.51439666748047,2300200
2021-01-20,114.18000030517578,116.91000366210938,113.8499984741211,115.05999755859375,110.55205535888672,2413900
2021-01-21,115.29000091552734,116.52999877929688,114.37000274658203,115.38999938964844,110.86914825439453,1010000
2021-01-22,114.94999694824219,115.44999694824219,112.44999694824219,113.33000183105469,108.88983154296875,1583600
2021-01-25,112.58000183105469,114.0199966430664,111.0999984741211,113.54000091552734,109.09160614013672,1708000
2021-01-26,113.4800033569336,114.47000122070312,111.22000122070312,111.66000366210938,107.28528594970703,1214200
2021-01-27,109.58000183105469,111.0999984741211,107.22000122070312,107.88999938964844,103.66297912597656,2699400
2021-01-28,110.05999755859375,116.1500015258789,109.3499984741211,113.79000091552734,109.33183288574219,2445900
2021-01-29,111.95999908447266,112.97000122070312,110.37999725341797,111.29000091552734,106.92975616455078,2381500
2021-02-01,112.63999938964844,113.13999938964844,111.27999877929688,112.41000366210938,108.00589752197266,1412100
2021-02-02,113.47000122070312,116.87000274658203,113.08000183105469,116.27999877929688,111.72428131103516,1645700
2021-02-03,116.30999755859375,118.91999816894531,116.0,117.69000244140625,113.07902526855469,2184000
2021-02-04,118.05999755859375,120.44999694824219,117.58999633789062,118.75,114.09749603271484,1693600
2021-02-05,120.19999694824219,120.63999938964844,117.81999969482422,118.72000122070312,114.06867218017578,1389000
2021-02-08,118.95999908447266,120.72000122070312,117.86000061035156,120.66000366210938,115.93267059326172,1441400
2021-02-09,120.5999984741211,120.79000091552734,119.63999938964844,120.05000305175781,115.3465576171875,1103200
2021-02-10,120.61000061035156,120.83999633789062,119.69000244140625,120.27999877929688,115.56755065917969,1214000
2021-02-11,120.95999908447266,123.41999816894531,120.51000213623047,121.87999725341797,117.10486602783203,1559300
2021-02-12,120.94000244140625,122.05999755859375,118.54000091552734,119.08999633789062,114.4241714477539,890700
2021-02-16,119.16000366210938,120.44000244140625,118.02999877929688,119.93000030517578,115.23125457763672,1102600
2021-02-17,119.33999633789062,119.94000244140625,118.16999816894531,119.47000122070312,114.78927612304688,1297900
2021-02-18,118.30999755859375,120.9000015258789,117.68000030517578,120.20999908447266,115.50029754638672,1838900
2021-02-19,120.29000091552734,120.87999725341797,118.66999816894531,118.94999694824219,114.28966522216797,1755500
2021-02-22,118.0199966430664,121.73999786376953,118.0199966430664,121.5,116.73975372314453,1567600
2021-02-23,121.55000305175781,123.0,119.1500015258789,120.26000213623047,115.54832458496094,2841000
2021-02-24,119.1500015258789,123.9000015258789,119.05000305175781,123.61000061035156,118.76707458496094,1955200
2021-02-25,123.8499984741211,123.8499984741211,118.61000061035156,118.7699966430664,114.11670684814453,2247400
2021-02-26,119.94000244140625,119.98999786376953,115.93000030517578,116.63999938964844,112.07015228271484,1794200
2021-03-01,118.25,121.79000091552734,117.80999755859375,120.56999969482422,115.84618377685547,2038200
2021-03-02,120.5999984741211,121.0,116.37000274658203,117.63999938964844,113.0309829711914,2258800
2021-03-03,114.0,116.51000213623047,110.83999633789062,111.05000305175781,106.69918060302734,6375000
2021-03-04,110.7300033569336,112.33999633789062,108.51000213623047,112.0199966430664,107.63117218017578,4429300
2021-03-05,113.79000091552734,113.94999694824219,109.55999755859375,113.12999725341797,108.69767761230469,3789500
2021-03-08,114.66000366210938,121.01000213623047,113.41999816894531,120.37000274658203,115.65400695800781,3749300
2021-03-09,122.12000274658203,127.08000183105469,121.16999816894531,124.9800033569336,120.08341979980469,4694300
2021-03-10,125.33999633789062,126.20999908447266,121.37999725341797,121.56999969482422,116.8070068359375,3805900
2021-03-11,121.93000030517578,123.69000244140625,120.69999694824219,120.87000274658203,116.13442993164062,2425000
2021-03-12,121.26000213623047,122.9000015258789,120.25,122.62000274658203,117.81586456298828,2971700
2021-03-15,122.62000274658203,126.12000274658203,122.27999877929688,125.2699966430664,120.6424560546875,2647100
2021-03-16,124.19999694824219,124.19999694824219,121.63999938964844,123.38999938964844,118.83190155029297,1974600
2021-03-17,122.83000183105469,124.43000030517578,122.26000213623047,123.68000030517578,119.1111831665039,1786100
2021-03-18,123.08000183105469,125.2300033569336,122.22000122070312,123.16999816894531,118.62003326416016,2208400
2021-03-19,119.88999938964844,122.68000030517578,119.31999969482422,121.30999755859375,116.82874298095703,7687500
2021-03-22,122.29000091552734,122.48999786376953,118.81999969482422,120.66000366210938,116.20275115966797,1778500
2021-03-23,122.0,122.0,115.58999633789062,116.68000030517578,112.36978912353516,2072900
2021-03-24,116.76000213623047,119.26000213623047,115.4000015258789,115.4800033569336,111.21410369873047,2022600
2021-03-25,113.68000030517578,119.47000122070312,113.68000030517578,118.98999786376953,114.59444427490234,1771300
2021-03-26,119.5199966430664,122.48999786376953,119.16000366210938,122.36000061035156,117.83995056152344,2007000
2021-03-29,121.66000366210938,123.12999725341797,118.36000061035156,120.02999877929688,115.59602355957031,1484200
2021-03-30,118.9000015258789,121.66000366210938,118.80000305175781,120.37999725341797,115.93309783935547,1338000
2021-03-31,119.91000366210938,122.55999755859375,119.5199966430664,119.91000366210938,115.48045349121094,1675400
2021-04-01,121.3499984741211,121.6500015258789,119.5,120.51000213623047,116.05828094482422,1370900
2021-04-05,121.8499984741211,123.08000183105469,120.4800033569336,122.9800033569336,118.43704986572266,1265200
2021-04-06,122.7300033569336,124.23999786376953,122.19999694824219,123.5,118.93782806396484,1553100
2021-04-07,123.33000183105469,124.36000061035156,122.52999877929688,123.41000366210938,118.85116577148438,1747000
2021-04-08,124.13999938964844,127.63999938964844,122.58000183105469,127.44999694824219,122.74190521240234,2335400
2021-04-09,127.23999786376953,128.57000732421875,126.16999816894531,128.22000122070312,123.48347473144531,1214900
2021-04-12,128.19000244140625,128.47999572753906,126.62999725341797,128.0,123.2716064453125,1258400
2021-04-13,127.9800033569336,127.9800033569336,124.80000305175781,126.38999938964844,121.72107696533203,1508000
2021-04-14,126.69999694824219,127.62999725341797,125.87000274658203,126.87000274658203,122.18335723876953,2262900
2021-04-15,128.16000366210938,129.63999938964844,127.83999633789062,129.07000732421875,124.30207061767578,1885800
2021-04-16,129.50999450683594,130.0800018310547,129.22000122070312,129.91000366210938,125.11105346679688,1676100
2021-04-19,129.5,130.0,127.20999908447266,127.48999786376953,122.78045654296875,1309500
2021-04-20,126.7300033569336,126.7300033569336,123.63999938964844,124.95999908447266,120.34390258789062,1723000
2021-04-21,125.1500015258789,127.7699966430664,124.5,127.37000274658203,122.6648941040039,1242400
2021-04-22,127.37999725341797,129.47999572753906,127.13999938964844,127.83999633789062,123.11752319335938,1144800
2021-04-23,127.94999694824219,129.4499969482422,127.12999725341797,128.82000732421875,124.06132507324219,966700
2021-04-26,128.60000610351562,129.02999877929688,126.44999694824219,127.19000244140625,122.49153900146484,1107900
2021-04-27,127.16999816894531,129.72000122070312,126.87000274658203,129.1699981689453,124.39837646484375,1523800
2021-04-28,128.55999755859375,129.58999633789062,128.00999450683594,128.52000427246094,123.77239990234375,1040400
2021-04-29,129.05999755859375,131.27000427246094,128.82000732421875,131.17999267578125,126.33411407470703,1220900
2021-04-30,131.41000366210938,132.8000030517578,130.1300048828125,130.94000244140625,126.10298919677734,1253100
2021-05-03,131.30999755859375,133.1699981689453,130.9199981689453,132.1300048828125,127.24906921386719,1182300
2021-05-04,131.14999389648438,132.0500030517578,129.99000549316406,131.99000549316406,127.11424255371094,1833600
2021-05-05,132.1999969482422,132.97999572753906,128.36000061035156,128.72000122070312,123.96501922607422,2196600
2021-05-06,129.25,129.8000030517578,127.70999908447266,129.05999755859375,124.29244232177734,1643400
2021-05-07,128.55999755859375,133.32000732421875,128.3699951171875,132.9600067138672,128.0483856201172,1438100
2021-05-10,133.60000610351562,134.22000122070312,130.8699951171875,130.9600067138672,126.1222915649414,1227700
2021-05-11,130.17999267578125,130.17999267578125,126.33999633789062,129.1199951171875,124.35022735595703,1415900
2021-05-12,127.7300033569336,128.42999267578125,123.51000213623047,124.08999633789062,119.50605010986328,1970200
2021-05-13,124.87999725341797,127.18000030517578,124.0,125.73999786376953,121.09510040283203,1295700
2021-05-14,126.66000366210938,131.22999572753906,126.30000305175781,130.5,125.67923736572266,1493600
2021-05-17,129.14999389648438,129.75,127.55000305175781,128.4199981689453,123.67608642578125,2486100
2021-05-18,128.58999633789062,129.13999938964844,124.16999816894531,124.80999755859375,120.19943237304688,3589700
2021-05-19,123.12000274658203,125.5199966430664,120.48999786376953,125.13999938964844,120.51725006103516,3946200
2021-05-20,124.62999725341797,125.91999816894531,121.62000274658203,122.4800033569336,117.95552062988281,3755900
2021-05-21,124.73999786376953,125.72000122070312,121.79000091552734,123.25,118.69708251953125,3684800
2021-05-24,123.9000015258789,124.58999633789062,122.98999786376953,123.51000213623047,118.94747161865234,2493500
2021-05-25,124.54000091552734,124.54000091552734,122.2699966430664,123.87000274658203,119.29417419433594,2675900
2021-05-26,124.30000305175781,126.23999786376953,124.01000213623047,126.13999938964844,121.48031616210938,1915600
2021-05-27,126.04000091552734,126.27999877929688,124.0199966430664,125.66000366210938,121.0180435180664,4549600
2021-05-28,126.95999908447266,127.19000244140625,124.73999786376953,126.38999938964844,121.72107696533203,2044900
2021-06-01,126.02999877929688,127.12999725341797,122.47000122070312,122.97000122070312,118.42742919921875,1982600
2021-06-02,122.79000091552734,123.0999984741211,120.63999938964844,120.98999786376953,116.52056121826172,2091500
2021-06-03,119.98999786376953,120.87000274658203,117.83000183105469,119.4800033569336,115.06633758544922,2381600
2021-06-04,120.43000030517578,120.75,118.16999816894531,119.47000122070312,115.05671691894531,2069300
2021-06-07,119.05999755859375,119.72000122070312,118.08999633789062,119.22000122070312,115.09049987792969,2078600
2021-06-08,120.37000274658203,121.0999984741211,119.72000122070312,120.2699966430664,116.10411834716797,1798900
2021-06-09,120.87999725341797,120.91999816894531,119.26000213623047,120.08999633789062,115.93036651611328,1735600
2021-06-10,119.47000122070312,120.08000183105469,117.43000030517578,117.97000122070312,113.8837890625,4707600
2021-06-11,119.1500015258789,120.08999633789062,118.2699966430664,120.08000183105469,115.92072296142578,3456300
2021-06-14,120.16999816894531,121.05000305175781,118.33999633789062,119.22000122070312,115.09049987792969,1856200
2021-06-15,119.37999725341797,119.81999969482422,117.83000183105469,118.7300033569336,114.61748504638672,2117900
2021-06-16,119.12000274658203,119.58000183105469,117.69000244140625,118.9800033569336,114.85881042480469,2415100
2021-06-17,119.05999755859375,119.30999755859375,116.58999633789062,118.2300033569336,114.13479614257812,3734400
2021-06-18,116.72000122070312,117.11000061035156,114.55999755859375,115.26000213623047,111.26766204833984,4148500
2021-06-21,115.9800033569336,119.48999786376953,115.9800033569336,119.41000366210938,115.27391815185547,2264400
2021-06-22,119.29000091552734,120.88999938964844,118.54000091552734,120.4000015258789,116.22962951660156,1571500
2021-06-23,120.0,121.55999755859375,119.6500015258789,120.87999725341797,116.69300079345703,1291500
2021-06-24,122.01000213623047,123.43000030517578,121.51000213623047,123.16999816894531,118.90367889404297,1652600
2021-06-25,124.08999633789062,125.05000305175781,123.06999969482422,123.56999969482422,119.28982543945312,3143700
2021-06-28,123.45999908447266,123.45999908447266,121.08999633789062,121.77999877929688,117.56182098388672,1271100
2021-06-29,122.19999694824219,122.83999633789062,121.79000091552734,122.16000366210938,117.92867279052734,1249900
2021-06-30,122.44999694824219,124.43000030517578,122.05999755859375,124.0,119.70492553710938,1792500
2021-07-01,124.0,125.36000061035156,124.0,124.98999786376953,120.66063690185547,1499300
2021-07-02,125.12999725341797,126.5199966430664,124.81999969482422,126.25,121.87701416015625,1220400
2021-07-06,126.62999725341797,126.76000213623047,124.61000061035156,126.5199966430664,122.13764190673828,2446200
2021-07-07,127.05000305175781,127.58000183105469,123.54000091552734,124.08999633789062,119.79180908203125,1581600
2021-07-08,123.30999755859375,123.30999755859375,120.16000366210938,121.66999816894531,117.45563507080078,1643300
2021-07-09,122.61000061035156,124.81999969482422,122.61000061035156,124.7699966430664,120.44825744628906,1412800
2021-07-12,123.93000030517578,124.62999725341797,123.23999786376953,124.0999984741211,119.80147552490234,1079200
2021-07-13,123.95999908447266,124.30000305175781,122.47000122070312,122.66999816894531,118.4209976196289,1177200
2021-07-14,123.41999816894531,125.51000213623047,123.25,124.88999938964844,120.56410217285156,1290500
2021-07-15,123.31999969482422,124.25,122.69000244140625,123.69999694824219,119.41532135009766,1486300
2021-07-16,124.08000183105469,124.52999877929688,119.30000305175781,119.48999786376953,115.35115051269531,2197700
2021-07-19,117.58000183105469,117.86000061035156,114.38999938964844,115.54000091552734,111.53795623779297,2106400
2021-07-20,115.63999938964844,119.33000183105469,114.48999786376953,118.58999633789062,114.4823226928711,1984600
2021-07-21,118.95999908447266,121.87000274658203,118.95999908447266,121.6500015258789,117.43633270263672,1830500
2021-07-22,121.70999908447266,121.73999786376953,120.3499984741211,121.19999694824219,117.00192260742188,1025600
2021-07-23,122.05000305175781,122.62000274658203,120.9800033569336,121.68000030517578,117.46528625488281,962100
2021-07-26,121.52999877929688,122.44999694824219,120.52999877929688,122.38999938964844,118.15069580078125,1195800
2021-07-27,122.3499984741211,123.26000213623047,120.87000274658203,121.62999725341797,117.4170150756836,2150500
2021-07-28,121.5999984741211,122.54000091552734,120.76000213623047,121.18000030517578,116.98259735107422,1123100
2021-07-29,121.3499984741211,123.95999908447266,121.3499984741211,122.58000183105469,118.33411407470703,1166000
2021-07-30,122.05000305175781,125.33000183105469,121.66999816894531,122.69000244140625,118.44031524658203,1197800
2021-08-02,123.36000061035156,123.66000366210938,120.72000122070312,121.01000213623047,116.81849670410156,906800
2021-08-03,121.62000274658203,122.06999969482422,119.11000061035156,122.0,117.77420043945312,1157800
2021-08-04,121.66000366210938,121.77999877929688,118.62000274658203,118.69999694824219,114.58850860595703,1464800
2021-08-05,119.58999633789062,121.33000183105469,119.16999816894531,120.66999816894531,116.49026489257812,1305500
2021-08-06,121.01000213623047,123.16999816894531,120.86000061035156,123.08999633789062,118.82644653320312,1414000
2021-08-09,122.52999877929688,122.80000305175781,120.72000122070312,121.45999908447266,117.25289916992188,1080300
2021-08-10,121.80000305175781,126.4000015258789,121.37999725341797,125.73999786376953,121.38465881347656,1635400
2021-08-11,126.18000030517578,127.33000183105469,125.4000015258789,127.25,122.84236145019531,1436300
2021-08-12,127.0199966430664,127.33999633789062,124.51000213623047,125.43000030517578,121.08540344238281,1075800
2021-08-13,125.44999694824219,125.70999908447266,124.2300033569336,124.66000366210938,120.34207153320312,1308700
2021-08-16,124.63999938964844,124.91000366210938,122.70999908447266,124.80000305175781,120.47721862792969,1133600
2021-08-17,123.62999725341797,124.05000305175781,120.11000061035156,120.76000213623047,116.5771713256836,1839300
2021-08-18,120.83999633789062,125.69000244140625,119.86000061035156,124.05000305175781,119.75321197509766,2526700
2021-08-19,123.04000091552734,126.86000061035156,122.48999786376953,126.58000183105469,122.1955795288086,2594000
2021-08-20,121.87999725341797,123.56999969482422,118.91999816894531,123.12000274658203,118.85541534423828,4914800
2021-08-23,123.7699966430664,125.72000122070312,123.38999938964844,124.44999694824219,120.13932800292969,1728600
2021-08-24,124.94999694824219,125.62999725341797,123.47000122070312,123.79000091552734,119.502197265625,2393700
2021-08-25,123.44999694824219,124.37999725341797,122.0999984741211,123.9800033569336,119.68563842773438,1683100
2021-08-26,122.76000213623047,122.87000274658203,118.41000366210938,119.25,115.11946868896484,2400300
2021-08-27,119.19999694824219,120.26000213623047,118.19999694824219,118.88999938964844,114.77193450927734,2130700
2021-08-30,119.22000122070312,119.66999816894531,117.81999969482422,118.4800033569336,114.37614440917969,1306100
2021-08-31,118.30000305175781,118.68000030517578,117.52999877929688,118.4000015258789,114.29889678955078,1960400
2021-09-01,118.62999725341797,118.75,116.66000366210938,117.52999877929688,113.45903015136719,1512100
2021-09-02,117.3499984741211,117.72000122070312,116.69999694824219,116.95999908447266,112.90878295898438,1331600
2021-09-03,115.91000366210938,116.55999755859375,115.19999694824219,115.37999725341797,111.65557861328125,1243600
2021-09-07,114.83999633789062,115.12999725341797,113.72000122070312,114.5199966430664,110.8233413696289,2130700
2021-09-08,114.73999786376953,114.88999938964844,113.16000366210938,114.25,110.56206512451172,1990000
2021-09-09,114.37000274658203,116.0999984741211,114.1500015258789,114.2699966430664,110.58141326904297,1340300
2021-09-10,114.75,115.02999877929688,112.7300033569336,112.80999755859375,109.16854095458984,1302500
2021-09-13,113.88999938964844,114.56999969482422,112.98999786376953,113.55000305175781,109.88465881347656,1330100
2021-09-14,114.48999786376953,114.54000091552734,112.11000061035156,112.41999816894531,108.79113006591797,1670500
2021-09-15,111.91999816894531,113.04000091552734,111.44000244140625,112.91000366210938,109.26531219482422,1554900
2021-09-16,113.2300033569336,114.23999786376953,112.94999694824219,113.6500015258789,109.98143768310547,2031200
2021-09-17,114.19999694824219,115.77999877929688,113.80999755859375,114.62000274658203,110.92012786865234,2795300
2021-09-20,113.33999633789062,114.45999908447266,111.62000274658203,113.12999725341797,109.47823333740234,1355100
2021-09-21,114.04000091552734,115.41999816894531,113.41999816894531,113.83000183105469,110.15560913085938,1561900
2021-09-22,115.12000274658203,115.79000091552734,114.06999969482422,114.19000244140625,110.5040054321289,1036300
2021-09-23,114.2300033569336,117.47000122070312,114.2300033569336,115.55999755859375,111.82977294921875,1242400
2021-09-24,114.77999877929688,116.20999908447266,114.62000274658203,115.98999786376953,112.24588775634766,1099400
2021-09-27,115.75,118.62999725341797,115.75,116.5999984741211,112.83619689941406,1234600
2021-09-28,115.70999908447266,116.2300033569336,113.37999725341797,114.55000305175781,110.85237884521484,1380200
2021-09-29,115.37000274658203,116.5199966430664,114.4800033569336,114.97000122070312,111.25882720947266,984600
2021-09-30,113.4000015258789,114.13999938964844,108.47000122070312,108.8499984741211,105.33637237548828,3208800
2021-10-01,109.56999969482422,112.18000030517578,108.9800033569336,111.08999633789062,107.50406646728516,2634300
2021-10-04,110.98999786376953,112.44000244140625,109.8499984741211,110.20999908447266,106.65247344970703,1577200
2021-10-05,109.91000366210938,110.51000213623047,108.12000274658203,108.31999969482422,104.82347106933594,2838500
2021-10-06,107.66999816894531,107.94000244140625,104.91999816894531,105.87999725341797,102.46224212646484,3235700
2021-10-07,107.36000061035156,109.5199966430664,107.04000091552734,107.91000366210938,104.42671966552734,1764300
2021-10-08,108.3499984741211,108.93000030517578,107.23999786376953,107.87000274658203,104.38801574707031,1549500
2021-10-11,107.68000030517578,108.41000366210938,105.5,105.54000091552734,102.13321685791016,1437000
2021-10-12,106.08000183105469,107.16000366210938,105.77999877929688,106.19999694824219,102.77189636230469,1162500
2021-10-13,107.18000030517578,107.62000274658203,106.12000274658203,106.63999938964844,103.19770050048828,1320100
2021-10-14,105.72000122070312,108.83999633789062,105.62999725341797,108.13999938964844,104.6492919921875,1344300
2021-10-15,109.1500015258789,109.7300033569336,108.25,108.70999908447266,105.20089721679688,1383100
2021-10-18,108.06999969482422,109.7300033569336,107.05999755859375,109.5,105.96539306640625,1353100
2021-10-19,109.93000030517578,109.93000030517578,108.08999633789062,108.66000366210938,105.15251159667969,1153900
2021-10-20,108.81999969482422,110.73999786376953,108.68000030517578,109.19000244140625,105.66539001464844,1259700
2021-10-21,109.55000305175781,110.80999755859375,109.55000305175781,110.70999908447266,107.13634490966797,801800
2021-10-22,110.9800033569336,111.01000213623047,109.83999633789062,110.38999938964844,106.82666778564453,718400
2021-10-25,111.0,113.25,110.83000183105469,113.12000274658203,109.46855163574219,1689000
2021-10-26,113.37999725341797,114.51000213623047,112.70999908447266,113.86000061035156,110.18464660644531,2056400
2021-10-27,113.86000061035156,114.08000183105469,110.55999755859375,110.66000366210938,107.08795166015625,1759000
2021-10-28,111.47000122070312,113.70999908447266,110.83000183105469,112.97000122070312,109.32339477539062,3301500
2021-10-29,112.97000122070312,113.48999786376953,112.31999969482422,113.19999694824219,109.54595947265625,1927300
2021-11-01,113.05000305175781,115.13999938964844,112.61000061035156,114.01000213623047,110.32981872558594,1482800
2021-11-02,114.94999694824219,115.98999786376953,113.08999633789062,114.54000091552734,110.84270477294922,1666600
2021-11-03,114.45999908447266,117.44999694824219,114.45999908447266,117.33000183105469,113.54264068603516,1356800
2021-11-04,117.48999786376953,118.31999969482422,116.9000015258789,117.58999633789062,113.79424285888672,1097500
2021-11-05,118.37999725341797,120.5999984741211,118.37999725341797,119.6500015258789,115.78773498535156,1496600
2021-11-08,119.94999694824219,120.11000061035156,117.44999694824219,118.62000274658203,114.79100036621094,1414200
2021-11-09,118.68000030517578,120.02999877929688,118.44999694824219,119.2699966430664,115.4200210571289,1427800
2021-11-10,119.37999725341797,120.43000030517578,118.56999969482422,118.66999816894531,114.83938598632812,1203700
2021-11-11,116.75,117.62000274658203,115.29000091552734,115.47000122070312,111.74268341064453,2299500
2021-11-12,116.02999877929688,116.5,114.68000030517578,115.5,111.77172088623047,1301500
2021-11-15,116.94999694824219,117.97000122070312,115.02999877929688,115.44999694824219,111.72333526611328,1731700
2021-11-16,115.9000015258789,116.26000213623047,114.27999877929688,115.0199966430664,111.30719757080078,2174800
2021-11-17,119.77999877929688,123.36000061035156,115.91000366210938,116.5199966430664,112.75878143310547,3978900
2021-11-18,117.2300033569336,119.9800033569336,115.72000122070312,119.5199966430664,115.66195678710938,4922500
2021-11-19,115.08000183105469,116.83999633789062,110.91999816894531,112.77999877929688,109.13951110839844,6664900
2021-11-22,113.80000305175781,114.41000366210938,109.79000091552734,111.16999816894531,107.58147430419922,3080300
2021-11-23,110.58999633789062,115.80000305175781,110.30000305175781,115.43000030517578,111.70396423339844,2724600
2021-11-24,114.12000274658203,115.58000183105469,113.29000091552734,115.51000213623047,111.78138732910156,1547000
2021-11-26,112.19999694824219,112.41999816894531,109.2699966430664,110.01000213623047,106.45893096923828,2045800
2021-11-29,112.08999633789062,112.80999755859375,110.29000091552734,111.66000366210938,108.0556640625,2022900
2021-11-30,110.88999938964844,110.98999786376953,106.62999725341797,109.08999633789062,105.56861877441406,3091900
2021-12-01,110.9800033569336,111.94999694824219,104.79000091552734,104.87000274658203,101.4848403930664,1894800
2021-12-02,106.29000091552734,111.55000305175781,106.29000091552734,110.55999755859375,106.99118041992188,2396700
2021-12-03,110.7699966430664,111.33000183105469,108.75,110.19000244140625,106.63313293457031,1719100
2021-12-06,111.73999786376953,114.13999938964844,111.33999633789062,112.68000030517578,109.32551574707031,1697300
2021-12-07,110.47000122070312,114.19000244140625,110.2300033569336,113.0999984741211,109.73300170898438,2167300
2021-12-08,113.93000030517578,114.44000244140625,112.20999908447266,113.12999725341797,109.7621078491211,2267700
2021-12-09,112.5199966430664,113.6500015258789,111.9800033569336,112.52999877929688,109.17997741699219,1194400
2021-12-10,113.2699966430664,113.80000305175781,111.66999816894531,112.86000061035156,109.5001220703125,1541400
2021-12-13,112.36000061035156,112.95999908447266,109.06999969482422,109.68000030517578,106.4148178100586,1637600
2021-12-14,109.0,111.87000274658203,108.80999755859375,109.5999984741211,106.33720397949219,1779600
2021-12-15,108.86000061035156,109.69000244140625,106.12000274658203,108.81999969482422,105.58041381835938,1675900
2021-12-16,111.20999908447266,111.52999877929688,108.91999816894531,109.2699966430664,106.01702880859375,1765800
2021-12-17,108.83000183105469,110.08999633789062,107.0999984741211,108.06999969482422,104.85273742675781,3542600
2021-12-20,106.79000091552734,106.79000091552734,103.62000274658203,105.86000061035156,102.70854187011719,1997400
2021-12-21,106.7699966430664,108.66000366210938,105.9000015258789,108.55000305175781,105.31845092773438,1508700
2021-12-22,108.69999694824219,109.44000244140625,107.7699966430664,109.02999877929688,105.78416442871094,1294600
2021-12-23,109.5,110.81999969482422,108.86000061035156,110.16000366210938,106.88053894042969,1187400
2021-12-27,110.62000274658203,113.12999725341797,110.37999725341797,112.37000274658203,109.02473449707031,1656200
2021-12-28,111.97000122070312,113.4000015258789,111.83999633789062,112.16000366210938,108.82099151611328,1139700
2021-12-29,112.2300033569336,114.0,112.2300033569336,113.30999755859375,109.9367446899414,1399300
2021-12-30,113.41000366210938,114.93000030517578,113.4000015258789,114.2699966430664,110.86815643310547,860100
2021-12-31,114.2699966430664,115.0999984741211,113.7699966430664,114.27999877929688,110.87787628173828,1134800
2022-01-03,113.25,115.22000122070312,112.9000015258789,113.16000366210938,109.79121398925781,1793200
2022-01-04,113.80999755859375,114.66000366210938,112.80000305175781,113.16000366210938,109.79121398925781,2273300
2022-01-05,113.33000183105469,113.7699966430664,109.5999984741211,109.66000366210938,106.39542388916016,2345100
2022-01-06,110.4000015258789,110.62000274658203,108.30000305175781,109.44000244140625,106.18196105957031,1844400
2022-01-07,108.66999816894531,108.66999816894531,104.9000015258789,104.98999786376953,101.86443328857422,2999200
2022-01-10,104.31999969482422,104.41999816894531,100.94000244140625,103.12000274658203,100.05010223388672,4096400
2022-01-11,102.95999908447266,107.06999969482422,102.5999984741211,106.93000030517578,103.74668884277344,2645100
2022-01-12,107.61000061035156,108.66999816894531,104.55999755859375,105.44000244140625,102.30103302001953,2260900
2022-01-13,105.73999786376953,106.33000183105469,104.44999694824219,104.7300033569336,101.61219024658203,1960700
2022-01-14,103.81999969482422,104.13999938964844,100.55999755859375,102.2699966430664,99.22540283203125,3552200
2022-01-18,100.9800033569336,101.1500015258789,98.79000091552734,99.20999908447266,96.25650024414062,4103200
2022-01-19,99.95999908447266,100.93000030517578,98.86000061035156,99.02999877929688,96.08187103271484,2118500
2022-01-20,99.41999816894531,100.86000061035156,97.1500015258789,97.43000030517578,94.52950286865234,2379800
2022-01-21,97.48999786376953,98.68000030517578,95.05000305175781,95.43000030517578,92.58903503417969,3086000
2022-01-24,93.5999984741211,98.44999694824219,92.94000244140625,98.25,95.32508087158203,4575900
2022-01-25,95.91000366210938,97.94999694824219,94.29000091552734,96.61000061035156,93.7339096069336,3139100
2022-01-26,97.27999877929688,99.31999969482422,94.0,94.76000213623047,91.9389877319336,3125200
2022-01-27,96.37999725341797,97.81999969482422,94.41999816894531,94.87000274658203,92.04571533203125,2214700
2022-01-28,94.3499984741211,95.83000183105469,92.55000305175781,95.7699966430664,92.91891479492188,4187700
2022-01-31,95.11000061035156,97.94999694824219,94.9000015258789,97.75,94.83997344970703,2891500
2022-02-01,98.26000213623047,99.13999938964844,97.5199966430664,98.54000091552734,95.60645294189453,3762500
2022-02-02,98.9800033569336,99.41000366210938,96.62000274658203,97.33000183105469,94.43248748779297,2966300
2022-02-03,97.0199966430664,97.27999877929688,94.29000091552734,94.37999725341797,91.5702896118164,3057100
2022-02-04,93.51000213623047,94.87000274658203,92.0999984741211,94.16000366210938,91.35685729980469,3617800
2022-02-07,94.55000305175781,95.08999633789062,92.97000122070312,93.3499984741211,90.57096099853516,2512900
2022-02-08,93.80000305175781,96.1500015258789,93.13999938964844,95.4800033569336,92.6375503540039,2161600
2022-02-09,96.87999725341797,97.95999908447266,96.55999755859375,97.41999816894531,94.51979064941406,2827100
2022-02-10,94.31999969482422,98.01000213623047,94.31999969482422,96.56999969482422,93.69510650634766,2470000
2022-02-11,96.48999786376953,97.02999877929688,93.94000244140625,94.2699966430664,91.46357727050781,2187700
2022-02-14,94.91000366210938,95.69000244140625,93.33000183105469,94.2699966430664,91.46357727050781,2320400
2022-02-15,95.5999984741211,96.58999633789062,94.94000244140625,96.19000244140625,93.32640838623047,2565200
2022-02-16,95.77999877929688,96.52999877929688,94.44999694824219,95.69999694824219,92.85099792480469,2431600
2022-02-17,94.37999725341797,95.62000274658203,91.3499984741211,91.75,89.01860046386719,3101500
2022-02-18,91.44000244140625,94.20999908447266,91.26000213623047,93.47000122070312,90.6873779296875,3260000
2022-02-22,93.31999969482422,95.51000213623047,91.9000015258789,92.23999786376953,89.49400329589844,3364800
2022-02-23,89.52999877929688,90.30999755859375,86.52999877929688,88.0199966430664,85.39962768554688,5274900
2022-02-24,86.72000122070312,90.79000091552734,86.1500015258789,90.63999938964844,87.9416275024414,4279900
2022-02-25,91.0,92.95999908447266,89.7699966430664,92.7300033569336,89.96942138671875,2525100
2022-02-28,91.19999694824219,91.97000122070312,90.22000122070312,91.38999938964844,88.66930389404297,3177700
2022-03-01,91.0,91.91999816894531,88.95999908447266,89.55000305175781,86.88407897949219,4002500
2022-03-02,95.16000366210938,97.61000061035156,94.08000183105469,95.0,92.17183685302734,5477000
2022-03-03,94.93000030517578,94.93000030517578,92.16000366210938,93.52999877929688,90.74560546875,3266600
2022-03-04,92.69000244140625,93.04000091552734,88.87000274658203,89.44000244140625,86.77735137939453,4347900
2022-03-07,89.73999786376953,89.94000244140625,85.08999633789062,85.12000274658203,82.5859603881836,4641900
2022-03-08,85.4800033569336,88.73999786376953,84.44000244140625,85.86000061035156,83.3039321899414,3160200
2022-03-09,88.27999877929688,89.30000305175781,86.62999725341797,88.56999969482422,85.93326568603516,3488200
2022-03-10,87.04000091552734,89.80000305175781,86.30999755859375,89.5999984741211,86.93258666992188,2235100
2022-03-11,90.70999908447266,91.0999984741211,87.5999984741211,87.76000213623047,85.14737701416016,2228200
2022-03-14,88.29000091552734,88.7300033569336,85.58000183105469,85.76000213623047,83.50187683105469,2063100
2022-03-15,87.45999908447266,88.58000183105469,86.06999969482422,87.45999908447266,85.15709686279297,2744000
2022-03-16,88.62000274658203,91.3499984741211,88.4000015258789,91.33999633789062,88.93494415283203,3376600
2022-03-17,90.33999633789062,92.58999633789062,90.05000305175781,92.20999908447266,89.78204345703125,2467400
2022-03-18,91.38999938964844,93.47000122070312,90.7699966430664,93.33000183105469,90.8725357055664,4463400
2022-03-21,93.83000183105469,94.25,90.44000244140625,91.06999969482422,88.67205047607422,2095200
2022-03-22,91.9000015258789,93.37999725341797,91.0999984741211,91.68000030517578,89.2659912109375,2008000
2022-03-23,90.98999786376953,91.06999969482422,88.94000244140625,89.73999786376953,87.3770751953125,2858800
2022-03-24,90.3499984741211,90.72000122070312,89.1500015258789,90.41999816894531,88.03916931152344,1739400
2022-03-25,91.27999877929688,91.54000091552734,88.62999725341797,90.22000122070312,87.84445190429688,2284200
2022-03-28,90.33000183105469,91.58999633789062,89.4000015258789,91.55999755859375,89.1491470336914,1496500
2022-03-29,93.18000030517578,95.94000244140625,93.13999938964844,95.55000305175781,93.03409576416016,2467100
2022-03-30,94.54000091552734,94.83000183105469,92.44999694824219,92.61000061035156,90.17151641845703,2188100
2022-03-31,92.16999816894531,92.80000305175781,90.4000015258789,90.45999908447266,88.078125,2927900
2022-04-01,91.33999633789062,91.4800033569336,89.94999694824219,90.61000061035156,88.22417449951172,2160700
2022-04-04,90.98999786376953,93.54000091552734,90.30999755859375,93.16999816894531,90.71675872802734,2416800
2022-04-05,92.19999694824219,94.08000183105469,90.9800033569336,93.1500015258789,90.6972885131836,2451800
2022-04-06,91.41000366210938,95.11000061035156,91.06999969482422,94.19000244140625,91.70990753173828,3356700
2022-04-07,93.23999786376953,95.81999969482422,92.18000030517578,95.3499984741211,92.83936309814453,2811100
2022-04-08,95.19000244140625,98.30999755859375,95.11000061035156,96.83999633789062,94.29011535644531,2722400
2022-04-11,99.16000366210938,102.5,98.8499984741211,99.70999908447266,97.08456420898438,3994400
2022-04-12,100.26000213623047,103.5199966430664,100.26000213623047,102.19000244140625,99.49925994873047,4825600
2022-04-13,102.5199966430664,104.05999755859375,102.45999908447266,102.93000030517578,100.21978759765625,2300100
2022-04-14,102.69999694824219,104.69000244140625,102.69999694824219,103.08000183105469,100.36582946777344,2165800
2022-04-18,102.41000366210938,105.0199966430664,102.30000305175781,104.48999786376953,101.73867797851562,2969700
2022-04-19,104.37999725341797,107.8499984741211,104.33000183105469,107.36000061035156,104.53312683105469,3030200
2022-04-20,107.91999816894531,109.3499984741211,107.80999755859375,108.41000366210938,105.55548858642578,2072700
2022-04-21,109.41000366210938,110.41999816894531,106.7699966430664,107.18000030517578,104.35787200927734,2536800
2022-04-22,105.94999694824219,106.41000366210938,103.29000091552734,103.45999908447266,100.7358169555664,2430100
2022-04-25,103.18000030517578,105.87999725341797,101.97000122070312,105.61000061035156,102.82920837402344,2748200
2022-04-26,104.27999877929688,105.19999694824219,102.97000122070312,103.02999877929688,100.317138671875,2425000
2022-04-27,102.72000122070312,102.97000122070312,100.36000061035156,101.25,98.58402252197266,2648000
2022-04-28,102.44000244140625,104.48999786376953,101.37000274658203,104.16999816894531,101.42710876464844,2373300
2022-04-29,102.5199966430664,103.27999877929688,99.5,99.7699966430664,97.14298248291016,2696800
2022-05-02,100.4000015258789,101.7300033569336,98.87999725341797,101.31999969482422,98.65216827392578,3059100
2022-05-03,101.62000274658203,101.68000030517578,98.81999969482422,100.44999694824219,97.8050765991211,2449700
2022-05-04,100.48999786376953,104.20999908447266,98.91999816894531,103.91999816894531,101.18370819091797,2449200
2022-05-05,102.4000015258789,103.30999755859375,98.4800033569336,99.88999938964844,97.25981903076172,2719500
2022-05-06,99.12999725341797,99.22000122070312,95.06999969482422,96.23999786376953,93.70591735839844,3446300
2022-05-09,95.5,96.3499984741211,93.02999877929688,93.41000366210938,90.95044708251953,3225500
2022-05-10,94.68000030517578,95.12000274658203,87.81999969482422,89.62000274658203,87.26024627685547,5568400
2022-05-11,89.0999984741211,90.48999786376953,87.68000030517578,87.8499984741211,85.5368423461914,3338000
2022-05-12,87.1500015258789,89.68000030517578,86.95999908447266,89.12000274658203,86.77339935302734,3092000
2022-05-13,90.02999877929688,92.19999694824219,89.70999908447266,92.05999755859375,89.63597869873047,2701800
2022-05-16,91.52999877929688,92.37000274658203,90.05000305175781,91.80999755859375,89.39257049560547,2563900
2022-05-17,91.5,93.1500015258789,89.36000061035156,93.05999755859375,90.60965728759766,3958400
2022-05-18,95.36000061035156,98.41000366210938,92.16000366210938,92.80000305175781,90.35650634765625,7013200
2022-05-19,92.02999877929688,94.66999816894531,91.20999908447266,92.69999694824219,90.25914001464844,7356600
2022-05-20,70.0,74.6500015258789,69.75,71.87000274658203,69.97761535644531,34575500
2022-05-23,72.2699966430664,79.80000305175781,72.23999786376953,78.75,76.67645263671875,12789900
2022-05-24,77.70999908447266,78.58999633789062,75.58000183105469,77.61000061035156,75.56645965576172,6149500
2022-05-25,77.36000061035156,82.56999969482422,76.58999633789062,81.36000061035156,79.21772766113281,4410400
2022-05-26,82.4000015258789,87.31999969482422,82.37999725341797,86.98999786376953,84.6994857788086,5308700
2022-05-27,87.37000274658203,89.22000122070312,86.08999633789062,87.30999755859375,85.01105499267578,3767500
2022-05-31,86.3499984741211,86.44999694824219,84.12999725341797,85.0199966430664,82.78135681152344,4228700
2022-06-01,85.4000015258789,85.75,82.36000061035156,82.66000366210938,80.48350524902344,3805800
2022-06-02,82.5,83.79000091552734,81.9000015258789,83.20999908447266,81.01900482177734,3585300
2022-06-03,82.5,83.97000122070312,82.25,82.72000122070312,80.54190826416016,3059400
2022-06-06,82.91999816894531,83.25,81.12000274658203,81.33000183105469,79.48639678955078,2676000
2022-06-07,79.45999908447266,81.41000366210938,78.93000030517578,80.51000213623047,78.68499755859375,3671800
2022-06-08,80.56999969482422,83.2300033569336,79.69000244140625,81.05000305175781,79.2127456665039,2557300
2022-06-09,80.1500015258789,80.87999725341797,79.68000030517578,79.76000213623047,77.95198059082031,2719700
2022-06-10,78.33000183105469,79.3499984741211,77.1500015258789,77.19999694824219,75.45001220703125,3983400
2022-06-13,75.26000213623047,75.95999908447266,74.45999908447266,74.83000183105469,73.13374328613281,4753300
2022-06-14,74.95999908447266,75.72000122070312,73.36000061035156,74.0,72.32254791259766,3113300
2022-06-15,74.75,76.97000122070312,74.75,76.0,74.27722930908203,2616400
2022-06-16,74.16000366210938,74.45999908447266,72.94999694824219,73.61000061035156,71.94139862060547,3303200
2022-06-17,73.70999908447266,75.70999908447266,73.43000030517578,74.76000213623047,73.06532287597656,5539300
2022-06-21,75.62000274658203,76.30999755859375,74.30999755859375,75.0999984741211,73.39762115478516,3204600
2022-06-22,73.91000366210938,74.7699966430664,72.51000213623047,72.80999755859375,71.15953826904297,3335100
2022-06-23,73.29000091552734,74.27999877929688,72.22000122070312,73.9800033569336,72.30302429199219,2821900
2022-06-24,74.98999786376953,78.2699966430664,74.69000244140625,77.52999877929688,75.77254486083984,10913200
2022-06-27,77.51000213623047,78.27999877929688,75.83999633789062,76.33999633789062,74.6095199584961,2123200
2022-06-28,76.61000061035156,77.30999755859375,72.66000366210938,72.77999877929688,71.13021850585938,3612500
2022-06-29,72.4000015258789,72.70999908447266,71.4800033569336,71.80999755859375,70.18219757080078,2807200
2022-06-30,70.4800033569336,71.58000183105469,69.58000183105469,70.2300033569336,68.63802337646484,5531300
2022-07-01,70.13999938964844,71.54000091552734,69.23999786376953,71.37999725341797,69.76195526123047,2977800
2022-07-05,70.25,74.19000244140625,70.0999984741211,73.81999969482422,72.14663696289062,3824500
2022-07-06,74.51000213623047,74.93000030517578,72.94999694824219,73.98999786376953,72.31278991699219,2470000
2022-07-07,74.12999725341797,76.66999816894531,74.12999725341797,76.54000091552734,74.80498504638672,2387000
2022-07-08,75.97000122070312,76.44999694824219,74.91999816894531,75.45999908447266,73.74945831298828,2596400
2022-07-11,75.3499984741211,75.5999984741211,73.55000305175781,74.5999984741211,72.9089584350586,1969600
2022-07-12,74.43000030517578,76.0199966430664,74.22000122070312,75.06999969482422,73.36830139160156,2827900
2022-07-13,73.58000183105469,76.61000061035156,73.52999877929688,76.33000183105469,74.59974670410156,3164600
2022-07-14,75.3499984741211,77.23999786376953,75.19000244140625,76.97000122070312,75.22523498535156,3095200
2022-07-15,77.61000061035156,78.62000274658203,77.56999969482422,77.9800033569336,76.21233367919922,2875800
2022-07-18,78.87000274658203,81.26000213623047,78.87000274658203,79.12000274658203,77.32649230957031,2948700
2022-07-19,79.91000366210938,81.55000305175781,79.30000305175781,81.16999816894531,79.33003234863281,2424300
2022-07-20,81.4000015258789,82.68000030517578,80.91000366210938,82.4800033569336,80.61033630371094,2444900
2022-07-21,82.29000091552734,83.70999908447266,81.66000366210938,83.61000061035156,81.71471405029297,1938100
2022-07-22,83.80000305175781,84.94999694824219,82.47000122070312,83.23999786376953,81.35310363769531,1680200
2022-07-25,83.37999725341797,83.37999725341797,81.62000274658203,82.62999725341797,80.7569351196289,1484600
2022-07-26,78.41999816894531,79.43000030517578,77.66999816894531,77.95999908447266,76.19278717041016,3430100
2022-07-27,78.29000091552734,80.55000305175781,77.44000244140625,80.2699966430664,78.45043182373047,1889600
2022-07-28,80.66999816894531,81.47000122070312,79.4800033569336,81.4000015258789,79.55481719970703,1543700
2022-07-29,81.45999908447266,81.69999694824219,79.97000122070312,81.26000213623047,79.41797637939453,2032400
2022-08-01,80.98999786376953,83.05999755859375,80.51000213623047,82.30000305175781,80.43441009521484,2394800
2022-08-02,82.8499984741211,82.8499984741211,79.2300033569336,79.83000183105469,78.02040100097656,4103000
2022-08-03,80.79000091552734,85.08999633789062,80.69000244140625,84.58000183105469,82.66273498535156,2990800
2022-08-04,84.12999725341797,84.94999694824219,83.29000091552734,83.76000213623047,81.86132049560547,1677800
2022-08-05,83.05000305175781,84.58000183105469,82.81999969482422,84.2300033569336,82.32066345214844,1350000
2022-08-08,85.0199966430664,87.0,84.61000061035156,85.30999755859375,83.37617492675781,1836200
2022-08-09,85.13999938964844,85.30999755859375,83.26000213623047,84.45999908447266,82.54544830322266,1834300
2022-08-10,86.12000274658203,87.37000274658203,86.08999633789062,86.18000030517578,84.2264633178711,1799900
2022-08-11,87.22000122070312,89.66000366210938,87.13999938964844,88.1500015258789,86.15180206298828,2517600
2022-08-12,88.31999969482422,90.22000122070312,88.02999877929688,90.12000274658203,88.07716369628906,1908500
2022-08-15,89.5999984741211,90.68000030517578,89.19999694824219,90.16000366210938,88.11624908447266,2146000
2022-08-16,90.37999725341797,94.38999938964844,90.37999725341797,92.63999938964844,90.54000854492188,3432400
2022-08-17,91.22000122070312,94.44000244140625,90.23999786376953,92.81999969482422,90.7159423828125,3846700
2022-08-18,91.79000091552734,92.41000366210938,90.7699966430664,92.0,89.9145278930664,3072800
2022-08-19,91.76000213623047,93.7699966430664,89.2699966430664,91.01000213623047,88.94697570800781,4911300
2022-08-22,90.04000091552734,90.68000030517578,87.94999694824219,88.11000061035156,86.11271667480469,3668100
2022-08-23,88.18000030517578,89.30000305175781,87.75,87.95999908447266,85.96611022949219,2148700
2022-08-24,87.7699966430664,90.76000213623047,87.19999694824219,90.55999755859375,88.50716400146484,2746700
2022-08-25,89.87999725341797,92.12000274658203,89.5,90.91000366210938,88.84925079345703,2475500
2022-08-26,91.18000030517578,91.63999938964844,87.12999725341797,87.26000213623047,85.28197479248047,2530300
2022-08-29,86.33999633789062,88.2699966430664,85.86000061035156,86.95999908447266,84.98878479003906,2260900
2022-08-30,87.41000366210938,88.12999725341797,85.62000274658203,86.33000183105469,84.37305450439453,1960400
2022-08-31,86.6500015258789,86.98999786376953,85.62999725341797,86.2699966430664,84.31442260742188,2153700
2022-09-01,85.79000091552734,88.62000274658203,85.79000091552734,88.51000213623047,86.5036392211914,2248600
2022-09-02,88.73999786376953,89.23999786376953,86.68000030517578,87.38999938964844,85.709228515625,2094800
2022-09-06,87.70999908447266,88.11000061035156,85.6500015258789,86.72000122070312,85.05210876464844,1822800
2022-09-07,87.2300033569336,92.77999877929688,87.16000366210938,92.13999938964844,90.36786651611328,2868000
2022-09-08,91.2300033569336,92.80000305175781,90.62999725341797,92.26000213623047,90.48554992675781,2144200
2022-09-09,92.12000274658203,93.69999694824219,92.12000274658203,93.51000213623047,91.71151733398438,2046600
2022-09-12,94.04000091552734,95.83000183105469,94.04000091552734,94.9800033569336,93.15325164794922,2158700
2022-09-13,92.20999908447266,93.12000274658203,89.45999908447266,89.86000061035156,88.1317138671875,2602400
2022-09-14,90.1500015258789,90.63999938964844,88.30999755859375,89.45999908447266,87.7394027709961,2054600
2022-09-15,89.54000091552734,91.68000030517578,89.30999755859375,89.55999755859375,87.83747863769531,2034400
2022-09-16,88.75,90.7300033569336,88.16000366210938,90.25,88.51420593261719,3962400
2022-09-19,89.38999938964844,90.9800033569336,89.2300033569336,90.73999786376953,88.99478149414062,2063700
2022-09-20,89.72000122070312,89.83999633789062,86.8499984741211,88.30000305175781,86.60172271728516,2055200
2022-09-21,88.94999694824219,90.86000061035156,87.58000183105469,87.8499984741211,86.16036987304688,2319600
2022-09-22,87.73999786376953,88.23999786376953,86.0199966430664,86.58999633789062,84.92461395263672,3681300
2022-09-23,86.01000213623047,86.05000305175781,83.05999755859375,84.44000244140625,82.81596374511719,2993800
2022-09-26,84.80999755859375,86.05000305175781,82.83999633789062,82.93000030517578,81.33499908447266,2630800
2022-09-27,83.72000122070312,85.48999786376953,82.52999877929688,84.4000015258789,82.77672576904297,2262300
2022-09-28,85.19000244140625,87.63999938964844,84.66000366210938,87.01000213623047,85.33653259277344,2102600
2022-09-29,86.1500015258789,86.1500015258789,83.16999816894531,84.02999877929688,82.4138412475586,2051000
2022-09-30,83.41999816894531,86.0199966430664,81.2300033569336,84.2699966430664,82.64923095703125,3720900
2022-10-03,85.47000122070312,87.48999786376953,84.1500015258789,85.95999908447266,84.30672454833984,2706600
2022-10-04,87.76000213623047,89.5,87.75,89.37999725341797,87.66094970703125,1972200
2022-10-05,88.44999694824219,90.41000366210938,87.9800033569336,89.81999969482422,88.09249114990234,1767700
2022-10-06,89.70999908447266,90.72000122070312,88.13999938964844,88.23999786376953,86.5428695678711,1788900
2022-10-07,87.29000091552734,87.77999877929688,86.16999816894531,86.86000061035156,85.18941497802734,1743100
2022-10-10,87.16999816894531,87.62999725341797,84.0999984741211,85.87000274658203,84.21846771240234,1836800
2022-10-11,85.25,87.55000305175781,84.80000305175781,86.13999938964844,84.48326110839844,1931100
2022-10-12,86.25,86.66000366210938,84.41999816894531,84.51000213623047,82.88461303710938,2125100
2022-10-13,82.38999938964844,85.98999786376953,81.56999969482422,85.44999694824219,83.80653381347656,2988800
2022-10-14,86.12000274658203,86.79000091552734,81.20999908447266,81.44999694824219,79.88346862792969,2788400
2022-10-17,83.58000183105469,84.91999816894531,83.36000061035156,84.20999908447266,82.59037780761719,3007300
2022-10-18,85.87999725341797,86.9800033569336,83.98999786376953,84.66000366210938,83.03173828125,1890400
2022-10-19,83.94999694824219,85.05999755859375,82.20999908447266,83.66000366210938,82.05095672607422,1479200
2022-10-20,84.1500015258789,85.2300033569336,82.3499984741211,82.48999786376953,80.90345764160156,1716300
2022-10-21,82.4000015258789,85.33999633789062,82.13999938964844,85.06999969482422,83.43384552001953,2194000
2022-10-24,85.23999786376953,87.31999969482422,84.5199966430664,87.08999633789062,85.41498565673828,1792200
2022-10-25,89.16999816894531,93.6500015258789,88.66000366210938,93.06999969482422,91.27997589111328,3595500
2022-10-26,93.62000274658203,95.55999755859375,93.01000213623047,93.38999938964844,91.59381866455078,2939100
2022-10-27,93.93000030517578,95.27999877929688,93.44000244140625,94.5999984741211,92.78054809570312,2347100
2022-10-28,94.04000091552734,95.80999755859375,93.13999938964844,95.3499984741211,93.51612091064453,2293900
2022-10-31,95.0999984741211,96.56999969482422,94.72000122070312,95.69000244140625,93.8495864868164,2969800
2022-11-01,96.45999908447266,97.36000061035156,92.69000244140625,94.68000030517578,92.8590087890625,2643300
2022-11-02,94.16000366210938,97.31999969482422,92.41999816894531,92.5999984741211,90.81901550292969,3326200
2022-11-03,92.55000305175781,93.86000061035156,91.91000366210938,92.30000305175781,90.52479553222656,2071600
2022-11-04,93.6500015258789,95.30000305175781,92.20999908447266,93.87999725341797,92.07439422607422,2475500
2022-11-07,93.93000030517578,94.55999755859375,91.7300033569336,93.13999938964844,91.34862518310547,2807600
2022-11-08,94.02999877929688,94.45999908447266,90.30999755859375,92.08999633789062,90.31880950927734,2613600
2022-11-09,91.83999633789062,93.0,91.08000183105469,91.31999969482422,89.56363677978516,2614500
2022-11-10,95.5199966430664,97.47000122070312,95.01000213623047,97.12999725341797,95.26188659667969,2937100
2022-11-11,97.69000244140625,98.47000122070312,95.47000122070312,96.16999816894531,94.32035827636719,2892700
2022-11-14,96.02999877929688,96.2300033569336,94.5,94.62999725341797,92.80996704101562,2472400
2022-11-15,96.5,98.37000274658203,95.83000183105469,97.80000305175781,95.91899871826172,4102000
2022-11-16,96.0,96.87000274658203,94.83000183105469,96.5,94.64400482177734,3331100
2022-11-17,97.13999938964844,97.94999694824219,94.33999633789062,97.93000030517578,96.04649353027344,4533500
2022-11-18,114.80000305175781,115.9000015258789,106.5999984741211,107.58999633789062,105.52070617675781,11725200
2022-11-21,107.23999786376953,112.83999633789062,106.95999908447266,112.30000305175781,110.14012908935547,4736400
2022-11-22,114.04000091552734,115.80000305175781,112.77999877929688,115.2699966430664,113.05299377441406,4072300
2022-11-23,115.44000244140625,117.29000091552734,114.8499984741211,116.02999877929688,113.79838562011719,3158300
2022-11-25,116.54000091552734,116.80999755859375,114.91999816894531,115.94000244140625,113.71011352539062,1134500
2022-11-28,115.70999908447266,117.16999816894531,115.55000305175781,116.37000274658203,114.13184356689453,2006100
2022-11-29,116.44000244140625,117.51000213623047,115.25,116.79000091552734,114.54376220703125,2674800
2022-11-30,116.77999877929688,118.12999725341797,115.9800033569336,117.66999816894531,115.40685272216797,2916100
2022-12-01,118.05000305175781,118.16999816894531,116.69999694824219,117.9800033569336,115.71088409423828,2104200
2022-12-02,116.13999938964844,119.4800033569336,116.12999725341797,119.0,116.71126556396484,2120600
2022-12-05,117.81999969482422,118.0999984741211,116.5,117.36000061035156,115.40343475341797,2022100
2022-12-06,117.69999694824219,119.02999877929688,116.20999908447266,116.52999877929688,114.58727264404297,2651600
2022-12-07,115.93000030517578,116.87999725341797,115.1500015258789,115.36000061035156,113.43678283691406,1983900
2022-12-08,115.55000305175781,117.27999877929688,115.23999786376953,117.13999938964844,115.18710327148438,2467600
2022-12-09,116.38999938964844,116.72000122070312,114.80000305175781,114.88999938964844,112.97461700439453,2037600
2022-12-12,115.5,116.41999816894531,114.2300033569336,116.38999938964844,114.44960021972656,1744500
2022-12-13,120.38999938964844,120.38999938964844,116.13999938964844,117.52999877929688,115.57060241699219,2163000
2022-12-14,117.75,118.36000061035156,115.54000091552734,117.41999816894531,115.4624252319336,2184500
2022-12-15,115.94000244140625,116.70999908447266,113.41000366210938,113.69000244140625,111.79462432861328,3293100
2022-12-16,112.88999938964844,114.47000122070312,112.4000015258789,113.94999694824219,112.05028533935547,5324400
2022-12-19,114.25,115.4800033569336,113.66999816894531,114.91999816894531,113.00411224365234,2423900
2022-12-20,114.51000213623047,115.27999877929688,114.23999786376953,114.3499984741211,112.44361114501953,2136400
2022-12-21,115.9800033569336,116.45999908447266,114.58999633789062,115.12999725341797,113.21060943603516,2572000
2022-12-22,113.5999984741211,114.25,112.5,113.95999908447266,112.06011962890625,2250100
2022-12-23,113.86000061035156,115.66000366210938,112.91999816894531,115.4800033569336,113.5547866821289,1317100
2022-12-27,115.83999633789062,116.44000244140625,114.41999816894531,115.04000091552734,113.12211608886719,1362600
2022-12-28,114.9800033569336,115.87999725341797,114.2699966430664,114.29000091552734,112.38461303710938,1321500
2022-12-29,115.27999877929688,116.48999786376953,115.05000305175781,115.86000061035156,113.9284439086914,1593700
2022-12-30,114.94000244140625,116.08999633789062,114.52999877929688,116.06999969482422,114.13493347167969,1547900
2023-01-03,116.62999725341797,117.12000274658203,114.75,115.83000183105469,113.89893341064453,1707600
2023-01-04,117.23999786376953,118.9000015258789,116.54000091552734,117.97000122070312,116.00326538085938,2008900
2023-01-05,116.94000244140625,118.97000122070312,116.47000122070312,118.4000015258789,116.42609405517578,2058800
2023-01-06,119.41999816894531,122.44999694824219,119.16999816894531,121.56999969482422,119.54324340820312,2467900
2023-01-09,120.75,121.25,118.61000061035156,118.7300033569336,116.75060272216797,2581300
2023-01-10,118.7300033569336,120.04000091552734,118.7300033569336,119.79000091552734,117.79292297363281,1596300
2023-01-11,120.04000091552734,120.2699966430664,119.0199966430664,119.54000091552734,117.54710388183594,2533900
2023-01-12,119.4800033569336,119.58000183105469,117.94999694824219,118.75,116.77025604248047,2747100
2023-01-13,118.51000213623047,120.12999725341797,118.13999938964844,120.01000213623047,118.00926208496094,2339400
2023-01-17,119.91999816894531,120.01000213623047,119.04000091552734,119.76000213623047,117.763427734375,1708200
2023-01-18,119.9800033569336,120.1500015258789,117.30000305175781,117.37999725341797,115.423095703125,1762200
2023-01-19,116.38999938964844,116.94000244140625,115.66999816894531,115.75,113.82028198242188,1618800
2023-01-20,115.05000305175781,116.30000305175781,114.33000183105469,115.7300033569336,113.80061340332031,2240800
2023-01-23,116.0999984741211,116.27999877929688,115.0,115.77999877929688,113.84978485107422,2132700
2023-01-24,116.2300033569336,117.9000015258789,115.44999694824219,117.72000122070312,115.75743103027344,1881700
2023-01-25,116.91000366210938,120.22000122070312,116.19000244140625,120.19999694824219,118.19609069824219,1674500
2023-01-26,120.29000091552734,121.16000366210938,119.4000015258789,120.70999908447266,118.69758605957031,1847300
2023-01-27,120.7699966430664,121.86000061035156,119.37999725341797,119.4800033569336,117.48809051513672,1887200
2023-01-30,118.69000244140625,119.97000122070312,118.26000213623047,119.0,117.01609802246094,1690000
2023-01-31,119.12000274658203,119.45999908447266,117.72000122070312,118.19000244140625,116.21958923339844,2208200
2023-02-01,119.0199966430664,119.31999969482422,116.1500015258789,118.5199966430664,116.5440902709961,2213400
2023-02-02,118.95999908447266,119.20999908447266,115.7300033569336,116.08999633789062,114.15460205078125,3553500
2023-02-03,115.87000274658203,116.31999969482422,114.79000091552734,115.31999969482422,113.39745330810547,3780600
2023-02-06,115.0999984741211,116.79000091552734,114.68000030517578,115.70999908447266,113.78093719482422,2073500
2023-02-07,114.73999786376953,114.7699966430664,112.02999877929688,114.48999786376953,112.5812759399414,2535900
2023-02-08,113.87999725341797,114.5,111.91000366210938,114.48999786376953,112.5812759399414,2691000
2023-02-09,115.68000030517578,117.04000091552734,114.91000366210938,115.0199966430664,113.1024398803711,2140900
2023-02-10,114.75,115.31999969482422,113.76000213623047,115.18000030517578,113.25977325439453,1371000
2023-02-13,115.75,117.19999694824219,115.12000274658203,116.77999877929688,114.83309936523438,1751800
2023-02-14,116.77999877929688,117.33000183105469,114.94000244140625,116.80000305175781,114.85277557373047,1928400
2023-02-15,115.87999725341797,117.25,115.18000030517578,116.63999938964844,114.69544219970703,1671700
2023-02-16,115.02999877929688,116.69000244140625,114.52999877929688,115.31999969482422,113.39745330810547,2351100
2023-02-17,114.97000122070312,116.16999816894531,114.66999816894531,115.69000244140625,113.76128387451172,1473100
2023-02-21,114.5,114.94999694824219,112.7300033569336,112.91000366210938,111.0276107788086,2446700
2023-02-22,112.9800033569336,113.93000030517578,112.0,112.66000366210938,110.78179168701172,3075300
2023-02-23,112.22000122070312,112.52999877929688,110.55999755859375,111.48999786376953,109.63128662109375,1875600
2023-02-24,110.44000244140625,111.8499984741211,109.83999633789062,111.45999908447266,109.60179138183594,2103500
2023-02-27,112.73999786376953,112.80000305175781,110.69000244140625,110.91999816894531,109.07080078125,1993000
2023-02-28,110.91000366210938,111.88999938964844,110.4000015258789,110.54000091552734,108.69713592529297,3519300
2023-03-01,106.9800033569336,110.80000305175781,105.0999984741211,110.66999816894531,108.82496643066406,5081600
2023-03-02,110.66000366210938,111.06999969482422,109.4800033569336,111.01000213623047,109.1593017578125,2569500
2023-03-03,111.01000213623047,112.5,110.70999908447266,112.43000030517578,110.55562591552734,2247500
2023-03-06,112.12000274658203,113.56999969482422,111.73999786376953,112.4000015258789,110.526123046875,2365000
2023-03-07,112.56999969482422,112.76000213623047,109.66000366210938,109.86000061035156,108.0284652709961,2741600
2023-03-08,110.04000091552734,110.37000274658203,108.27999877929688,109.04000091552734,107.22213745117188,1903100
2023-03-09,108.91000366210938,108.97000122070312,105.2699966430664,105.55999755859375,103.80015563964844,2034100
2023-03-10,105.6500015258789,106.33000183105469,103.83000183105469,104.16999816894531,102.4333267211914,2458100
2023-03-13,102.9000015258789,104.86000061035156,102.19999694824219,103.38999938964844,101.99433898925781,2920400
2023-03-14,104.56999969482422,104.98999786376953,102.80999755859375,103.68000030517578,102.28042602539062,2221900
2023-03-15,102.11000061035156,103.0999984741211,100.94999694824219,102.30000305175781,100.91905212402344,3074300
2023-03-16,101.58000183105469,103.27999877929688,101.1500015258789,103.23999786376953,101.84635925292969,3167700
2023-03-17,102.2699966430664,102.58000183105469,101.05999755859375,102.05999755859375,100.68228912353516,2866700
2023-03-20,102.73999786376953,103.19999694824219,101.36000061035156,102.13999938964844,100.76121520996094,2030400
2023-03-21,103.58000183105469,104.55999755859375,102.8499984741211,104.13999938964844,102.73422241210938,2110100
2023-03-22,105.19000244140625,105.79000091552734,102.58999633789062,102.61000061035156,101.22486877441406,3797300
2023-03-23,102.61000061035156,103.4000015258789,100.73999786376953,101.62999725341797,100.25810241699219,1892800
2023-03-24,101.44000244140625,102.11000061035156,99.68000030517578,101.33000183105469,99.962158203125,2543800
2023-03-27,101.79000091552734,101.98999786376953,100.45999908447266,100.62999725341797,99.27159118652344,1876600
2023-03-28,100.91000366210938,103.48999786376953,100.91000366210938,103.13999938964844,101.74771118164062,2270700
2023-03-29,101.62000274658203,103.61000061035156,100.69999694824219,102.47000122070312,101.08676147460938,3190200
2023-03-30,103.83999633789062,104.8499984741211,102.62999725341797,103.12999725341797,101.73784637451172,1884600
2023-03-31,103.79000091552734,106.20999908447266,103.41999816894531,106.12999725341797,104.69734191894531,3723300
2023-04-03,105.9800033569336,108.79000091552734,105.93000030517578,108.62999725341797,107.16360473632812,3637300
2023-04-04,109.0999984741211,110.1500015258789,108.3499984741211,108.52999877929688,107.06495666503906,2280100
2023-04-05,107.80999755859375,107.87000274658203,106.05999755859375,106.45999908447266,105.02288818359375,2567100
2023-04-06,106.19000244140625,106.54000091552734,104.94000244140625,106.22000122070312,104.78614044189453,1709000
2023-04-10,105.73999786376953,107.2300033569336,105.61000061035156,106.63999938964844,105.20046997070312,1716800
2023-04-11,106.8499984741211,107.26000213623047,104.8499984741211,105.12999725341797,103.71085357666016,1943300
2023-04-12,105.55999755859375,105.68000030517578,102.76000213623047,102.88999938964844,101.50109100341797,1652300
2023-04-13,103.23999786376953,104.33000183105469,102.4000015258789,104.19000244140625,102.78353881835938,1731800
2023-04-14,104.25,106.22000122070312,103.69000244140625,104.5999984741211,103.1880111694336,1324700
2023-04-17,104.7300033569336,105.06999969482422,103.5,104.18000030517578,102.773681640625,2043400
2023-04-18,104.8499984741211,104.9800033569336,102.9800033569336,103.69000244140625,102.29029083251953,1695800
2023-04-19,103.06999969482422,104.70999908447266,102.86000061035156,104.26000213623047,102.85260009765625,1201400
2023-04-20,103.77999877929688,106.26000213623047,103.41000366210938,106.02999877929688,104.59870147705078,1925200
2023-04-21,106.26000213623047,107.25,105.87999725341797,106.31999969482422,104.88479614257812,1143900
2023-04-24,106.2300033569336,107.04000091552734,105.66999816894531,106.41000366210938,104.97357940673828,1767100
2023-04-25,105.87000274658203,106.04000091552734,103.66999816894531,104.04000091552734,102.63556671142578,1726600
2023-04-26,102.9000015258789,105.6500015258789,102.58000183105469,104.69999694824219,103.2866439819336,1600400
2023-04-27,105.13999938964844,105.83000183105469,104.31999969482422,105.55000305175781,104.12518310546875,1239400
2023-04-28,105.38999938964844,106.79000091552734,105.25,106.7300033569336,105.28926086425781,1420800
2023-05-01,106.51000213623047,106.97000122070312,105.33999633789062,105.75,104.3224868774414,1255400
2023-05-02,105.37999725341797,105.37999725341797,102.7300033569336,104.7699966430664,103.35570526123047,1458000
2023-05-03,104.8499984741211,105.6500015258789,103.94000244140625,103.98999786376953,102.58623504638672,1429700
2023-05-04,104.01000213623047,104.69999694824219,102.22000122070312,102.83000183105469,101.44190979003906,1220600
2023-05-05,103.6500015258789,105.18000030517578,103.56999969482422,104.44000244140625,103.0301742553711,1765300
2023-05-08,104.19999694824219,105.1500015258789,103.52999877929688,104.83000183105469,103.41490173339844,1385800
2023-05-09,104.05000305175781,104.36000061035156,103.2300033569336,104.08000183105469,102.6750259399414,2045300
2023-05-10,104.98999786376953,105.2300033569336,101.1500015258789,101.94999694824219,100.57376861572266,2612300
2023-05-11,101.94999694824219,102.62999725341797,100.95999908447266,102.52999877929688,101.14594268798828,1991600
2023-05-12,103.0,104.66999816894531,102.48999786376953,104.51000213623047,103.0992202758789,1978000
2023-05-15,105.37000274658203,105.55000305175781,103.51000213623047,104.38999938964844,102.98085021972656,2389500
2023-05-16,103.69000244140625,103.80999755859375,102.33000183105469,102.93000030517578,101.54055786132812,3029000
2023-05-17,103.55999755859375,105.69999694824219,102.30999755859375,103.79000091552734,102.3889389038086,3345300
2023-05-18,103.98999786376953,105.80999755859375,102.26000213623047,105.37999725341797,103.95747375488281,3706800
2023-05-19,100.91000366210938,105.38999938964844,99.0,104.76000213623047,103.34585571289062,5952400
2023-05-22,104.97000122070312,105.83000183105469,104.5,104.62000274658203,103.2077407836914,2815300
2023-05-23,103.88999938964844,104.0199966430664,101.75,101.87999725341797,100.50472259521484,2562000
2023-05-24,102.69000244140625,103.48999786376953,101.37000274658203,101.45999908447266,100.09040069580078,2497700
2023-05-25,101.87000274658203,104.13999938964844,101.52999877929688,102.33999633789062,100.95851135253906,2951300
2023-05-26,102.56999969482422,103.87999725341797,102.1500015258789,103.37000274658203,101.974609375,2223100
2023-05-30,103.37000274658203,104.0,102.16000366210938,103.26000213623047,101.86609649658203,2539300
2023-05-31,103.0,104.1500015258789,102.0,103.62000274658203,102.22122955322266,3558200
2023-06-01,103.38999938964844,103.6500015258789,100.66000366210938,100.9000015258789,99.53794860839844,2957100
2023-06-02,101.5,103.45999908447266,100.98999786376953,103.30000305175781,101.90556335449219,2296400
2023-06-05,103.31999969482422,104.47000122070312,102.73999786376953,103.0999984741211,102.0391616821289,2159900
2023-06-06,103.16000366210938,104.19999694824219,102.66000366210938,103.66999816894531,102.60330200195312,2138200
2023-06-07,103.66999816894531,104.08999633789062,101.52999877929688,101.98999786376953,100.94058227539062,2555100
2023-06-08,101.98999786376953,103.41000366210938,101.58999633789062,103.23999786376953,102.17772674560547,2369900
2023-06-09,103.1500015258789,104.2300033569336,102.7300033569336,103.29000091552734,102.22720336914062,2456800
2023-06-12,104.13999938964844,106.44999694824219,104.13999938964844,106.37000274658203,105.27552032470703,3319200
2023-06-13,106.80000305175781,107.0999984741211,106.18000030517578,106.43000030517578,105.33489990234375,2220600
2023-06-14,106.31999969482422,107.12000274658203,105.1500015258789,106.23999786376953,105.14685821533203,1858700
2023-06-15,106.77999877929688,108.37999725341797,106.2699966430664,107.87999725341797,106.76998138427734,3287800
2023-06-16,108.61000061035156,108.97000122070312,107.30999755859375,107.83999633789062,106.73038482666016,3479300
2023-06-20,107.66000366210938,108.13999938964844,106.9000015258789,107.27999877929688,106.1761474609375,2299300
2023-06-21,107.58999633789062,107.6500015258789,106.47000122070312,107.23999786376953,106.13656616210938,1621300
2023-06-22,108.23999786376953,108.66999816894531,106.98999786376953,107.95999908447266,106.84915924072266,2357700
2023-06-23,106.9800033569336,109.61000061035156,106.9800033569336,108.66000366210938,107.54195404052734,7431600
2023-06-26,107.86000061035156,108.58999633789062,107.33000183105469,107.61000061035156,106.50276184082031,1956800
2023-06-27,108.33000183105469,109.33000183105469,107.87000274658203,108.91999816894531,107.79927825927734,1946500
2023-06-28,108.44999694824219,109.22000122070312,107.69000244140625,108.33999633789062,107.2252426147461,1694200
2023-06-29,108.13999938964844,109.29000091552734,107.76000213623047,108.87000274658203,107.74980163574219,1715000
2023-06-30,109.61000061035156,112.55999755859375,109.38999938964844,112.12999725341797,110.97624969482422,2636000
2023-07-03,111.1500015258789,111.87000274658203,111.08000183105469,111.12999725341797,109.98654174804688,1209800
2023-07-05,110.97000122070312,110.97000122070312,110.0,110.62000274658203,109.48178100585938,1750500
2023-07-06,109.70999908447266,110.19999694824219,109.05000305175781,109.33000183105469,108.20506286621094,1873900
2023-07-07,108.80999755859375,109.29000091552734,107.30000305175781,107.45999908447266,106.35430145263672,2449600
2023-07-10,107.63999938964844,110.0199966430664,107.30000305175781,109.58000183105469,108.4524917602539,2360400
2023-07-11,109.81999969482422,111.02999877929688,109.61000061035156,111.0,109.85787963867188,1902500
2023-07-12,112.48999786376953,113.36000061035156,111.41999816894531,111.5199966430664,110.37252807617188,1984100
2023-07-13,111.47000122070312,112.0999984741211,111.16000366210938,111.4800033569336,110.33294677734375,1943900
2023-07-14,110.77999877929688,111.73999786376953,109.13999938964844,111.58000183105469,110.4319076538086,1813300
2023-07-17,111.38999938964844,111.66000366210938,110.06999969482422,110.25,109.11559295654297,1832100
2023-07-18,109.9000015258789,112.33999633789062,109.9000015258789,111.91000366210938,110.7585220336914,2135500
2023-07-19,112.16999816894531,113.12999725341797,111.55000305175781,112.62000274658203,111.46121215820312,1680000
2023-07-20,112.97000122070312,113.81999969482422,112.18000030517578,112.19999694824219,111.04551696777344,1711400
2023-07-21,112.91000366210938,113.83999633789062,111.9000015258789,112.02999877929688,110.87728118896484,6007300
2023-07-24,112.52999877929688,113.20999908447266,111.66999816894531,112.69999694824219,111.5403823852539,1777600
2023-07-25,112.0,112.5999984741211,111.4000015258789,112.51000213623047,111.35234832763672,1424200
2023-07-26,112.26000213623047,113.55000305175781,112.11000061035156,113.4800033569336,112.31236267089844,1325900
2023-07-27,114.33000183105469,115.05000305175781,112.93000030517578,113.4800033569336,112.31236267089844,2318000
2023-07-28,114.30000305175781,115.48999786376953,113.98999786376953,114.61000061035156,113.43074035644531,1636300
2023-07-31,114.43000030517578,114.72000122070312,113.55999755859375,114.63999938964844,113.46043395996094,1400700
2023-08-01,114.47000122070312,115.08999633789062,113.69999694824219,113.98999786376953,112.8171157836914,1252800
2023-08-02,112.93000030517578,113.18000030517578,111.48999786376953,111.7699966430664,110.61994171142578,1968600
2023-08-03,112.88999938964844,113.33999633789062,111.6500015258789,112.58999633789062,111.4315185546875,2432800
2023-08-04,113.37999725341797,113.9000015258789,112.43000030517578,112.58999633789062,111.4315185546875,1762500
2023-08-07,113.13999938964844,113.8499984741211,112.37999725341797,113.45999908447266,112.29256439208984,1441200
2023-08-08,113.06999969482422,113.30000305175781,111.95999908447266,113.18000030517578,112.01544952392578,1224500
2023-08-09,113.66000366210938,114.63999938964844,112.91999816894531,113.02999877929688,111.86698913574219,1601800
2023-08-10,114.16000366210938,115.37999725341797,113.58000183105469,113.87999725341797,112.70824432373047,1640300
2023-08-11,113.26000213623047,113.83000183105469,112.69999694824219,113.38999938964844,112.22328186035156,1614600
2023-08-14,113.88999938964844,115.33999633789062,113.8499984741211,114.12000274658203,112.9457778930664,2063700
2023-08-15,113.86000061035156,114.19000244140625,112.83999633789062,114.01000213623047,112.8369140625,2019900
2023-08-16,115.75,117.44999694824219,115.22000122070312,115.2300033569336,114.04436492919922,2940200
2023-08-17,115.76000213623047,116.08999633789062,112.8499984741211,113.05999755859375,111.89668273925781,3569300
2023-08-18,116.5,120.68000030517578,116.33000183105469,118.72000122070312,117.49844360351562,6356900
2023-08-21,118.62000274658203,119.29000091552734,117.83999633789062,119.16000366210938,117.93392944335938,2799600
2023-08-22,118.12999725341797,119.06999969482422,117.19999694824219,117.79000091552734,116.57801818847656,2871100
2023-08-23,118.12999725341797,122.69999694824219,117.62000274658203,121.87999725341797,120.62593078613281,4261200
2023-08-24,121.5199966430664,121.98999786376953,118.41000366210938,118.86000061035156,117.63700866699219,4945400
2023-08-25,119.38999938964844,120.02999877929688,118.30000305175781,119.0,117.77556610107422,2904900
2023-08-28,119.55999755859375,120.12000274658203,118.7300033569336,119.93000030517578,118.69599151611328,2109400
2023-08-29,119.91000366210938,121.44999694824219,119.5999984741211,121.0199966430664,119.7747802734375,2451600
2023-08-30,121.0199966430664,122.04000091552734,121.0199966430664,121.6500015258789,120.39830017089844,1613000
2023-08-31,121.55999755859375,122.37999725341797,121.0199966430664,121.80999755859375,120.55664825439453,2396200
2023-09-01,122.0,122.30999755859375,120.77999877929688,121.69999694824219,120.77993774414062,1996000
2023-09-05,121.31999969482422,121.62000274658203,120.41000366210938,120.61000061035156,119.69818115234375,1730100
2023-09-06,120.41999816894531,120.75,119.3499984741211,119.94999694824219,119.04316711425781,1896900
2023-09-07,120.38999938964844,120.66999816894531,119.23999786376953,119.41999816894531,118.51718139648438,1592800
2023-09-08,119.36000061035156,120.02999877929688,119.0999984741211,119.36000061035156,118.4576416015625,1189600
2023-09-11,120.02999877929688,120.02999877929688,118.22000122070312,118.38999938964844,117.49496459960938,1809100
2023-09-12,119.0999984741211,119.47000122070312,118.19999694824219,118.4000015258789,117.50489807128906,1508800
2023-09-13,118.37999725341797,118.51000213623047,116.66999816894531,116.81999969482422,115.93683624267578,2385800
2023-09-14,116.98999786376953,118.19999694824219,116.83000183105469,117.80000305175781,116.90943908691406,2446200
2023-09-15,117.91999816894531,118.41999816894531,117.16000366210938,118.16999816894531,117.27662658691406,3672900
2023-09-18,118.05000305175781,118.62999725341797,117.5,117.66999816894531,116.78041076660156,1993200
2023-09-19,117.1500015258789,117.6500015258789,116.2300033569336,116.30000305175781,115.42076873779297,1938900
2023-09-20,116.30999755859375,116.43000030517578,114.9000015258789,114.94999694824219,114.08097076416016,2267800
2023-09-21,114.5,114.88999938964844,112.47000122070312,113.12999725341797,112.27473449707031,2424100
2023-09-22,113.38999938964844,113.4800033569336,111.52999877929688,111.66000366210938,110.81585693359375,2050500
2023-09-25,110.69999694824219,111.08000183105469,109.4000015258789,109.66999816894531,108.84088897705078,2283400
2023-09-26,109.2300033569336,110.37999725341797,109.05999755859375,109.55000305175781,108.7218017578125,1887900
2023-09-27,109.6500015258789,110.19000244140625,108.3499984741211,108.91999816894531,108.09656524658203,2378400
2023-09-28,109.44999694824219,111.9800033569336,109.19000244140625,111.80999755859375,110.96471405029297,2419900
2023-09-29,112.22000122070312,114.16000366210938,112.22000122070312,112.94999694824219,112.0960922241211,2476100
2023-10-02,112.94999694824219,114.8499984741211,112.8499984741211,114.47000122070312,113.60460662841797,2663100
2023-10-03,114.37999725341797,114.95999908447266,111.38999938964844,111.91000366210938,111.06395721435547,2474300
2023-10-04,112.04000091552734,113.08000183105469,110.6500015258789,111.98999786376953,111.14335632324219,1845900
2023-10-05,112.54000091552734,112.69000244140625,111.0999984741211,111.72000122070312,110.87539672851562,1813500
2023-10-06,110.9800033569336,113.23999786376953,110.0199966430664,112.37999725341797,111.53040313720703,1752800
2023-10-09,112.22000122070312,113.37000274658203,110.81999969482422,113.06999969482422,112.21519470214844,1431100
2023-10-10,113.18000030517578,114.0,112.77999877929688,113.0999984741211,112.24496459960938,1914900
2023-10-11,112.97000122070312,113.75,111.88999938964844,113.66999816894531,112.81065368652344,2251700
2023-10-12,114.12999725341797,114.12999725341797,112.30999755859375,113.19999694824219,112.34420013427734,1946800
2023-10-13,113.1500015258789,113.37000274658203,111.63999938964844,112.04000091552734,111.19297790527344,1789300
2023-10-16,112.97000122070312,116.77999877929688,112.97000122070312,116.38999938964844,115.51008605957031,2965400
2023-10-17,116.06999969482422,118.52999877929688,116.06999969482422,118.0,117.10791778564453,2127900
2023-10-18,117.8499984741211,118.23999786376953,116.91999816894531,117.23999786376953,116.35365295410156,1908300
2023-10-19,117.69000244140625,117.80000305175781,115.6500015258789,116.26000213623047,115.38107299804688,2102700
2023-10-20,116.26000213623047,116.79000091552734,115.0999984741211,115.66000366210938,114.78561401367188,4154700
2023-10-23,115.66000366210938,115.66999816894531,113.2300033569336,114.41000366210938,113.54505920410156,1929400
2023-10-24,114.41999816894531,116.7699966430664,114.41999816894531,115.80999755859375,114.9344711303711,2327800
2023-10-25,115.61000061035156,116.30999755859375,114.56999969482422,115.54000091552734,114.66651916503906,1827500
2023-10-26,115.69999694824219,116.37999725341797,113.91000366210938,114.29000091552734,113.42596435546875,1901100
2023-10-27,114.22000122070312,115.16000366210938,112.38999938964844,112.79000091552734,111.93730163574219,1585400
2023-10-30,113.5999984741211,115.19000244140625,113.44999694824219,114.69999694824219,113.8328628540039,2406000
2023-10-31,114.87000274658203,116.06999969482422,114.05999755859375,115.97000122070312,115.09326171875,2397900
2023-11-01,116.16000366210938,116.56999969482422,114.72000122070312,115.9800033569336,115.10318756103516,1406200
2023-11-02,116.5,118.47000122070312,116.5,118.31999969482422,117.42549896240234,1642600
2023-11-03,120.2699966430664,122.31999969482422,120.01000213623047,121.25,120.33334350585938,1853700
2023-11-06,121.61000061035156,122.31999969482422,120.8499984741211,122.13999938964844,121.21662139892578,1443600
2023-11-07,122.12999725341797,123.33999633789062,121.80000305175781,123.16000366210938,122.22891235351562,1808900
2023-11-08,123.25,123.6500015258789,122.62000274658203,122.79000091552734,121.86170959472656,1439900
2023-11-09,123.0999984741211,123.61000061035156,121.98999786376953,122.37000274658203,121.44488525390625,1739500
2023-11-10,122.81999969482422,123.44000244140625,121.45999908447266,123.33000183105469,122.39762115478516,1816700
2023-11-13,122.80999755859375,123.52999877929688,122.19999694824219,122.36000061035156,121.43495178222656,1929700
2023-11-14,124.0,125.86000061035156,123.86000061035156,124.80000305175781,123.85651397705078,2380600
2023-11-15,124.0,124.83999633789062,123.47000122070312,123.97000122070312,123.03279113769531,4072600
2023-11-16,123.2699966430664,123.93000030517578,119.7300033569336,120.1500015258789,119.24166870117188,4714100
2023-11-17,127.12000274658203,131.30999755859375,126.70999908447266,128.82000732421875,127.84612274169922,9016500
2023-11-20,128.82000732421875,130.39999389648438,128.25999450683594,129.42999267578125,128.45150756835938,3404700
2023-11-21,129.77999877929688,130.94000244140625,128.25999450683594,130.72000122070312,129.7317657470703,2345600
2023-11-22,131.2100067138672,131.30999755859375,130.22999572753906,130.97999572753906,129.9897918701172,1511900
2023-11-24,130.61000061035156,131.99000549316406,130.4199981689453,131.08999633789062,130.09893798828125,856200
2023-11-27,130.75,131.5,130.50999450683594,131.08999633789062,130.09893798828125,2068100
2023-11-28,131.1199951171875,131.27999877929688,129.8300018310547,130.3000030517578,129.31492614746094,1854400
2023-11-29,130.30999755859375,130.4499969482422,128.99000549316406,129.1999969482422,128.22325134277344,1616700
2023-11-30,129.3300018310547,130.52000427246094,129.10000610351562,130.3800048828125,129.39431762695312,2566900
2023-12-01,130.8699951171875,132.30999755859375,130.14999389648438,132.13999938964844,131.14100646972656,1919900
2023-12-04,131.5,133.67999267578125,131.10000610351562,132.64999389648438,131.98175048828125,2280800
2023-12-05,131.97000122070312,132.42999267578125,131.1199951171875,132.24000549316406,131.57383728027344,1820000
2023-12-06,133.4600067138672,133.7899932861328,132.3300018310547,132.42999267578125,131.7628631591797,1566200
2023-12-07,132.91000366210938,133.67999267578125,131.49000549316406,131.66000366210938,130.9967498779297,2532700
2023-12-08,131.02000427246094,132.3000030517578,130.39999389648438,132.0800018310547,131.4146270751953,1443000
2023-12-11,133.24000549316406,135.35000610351562,133.24000549316406,135.2899932861328,134.6084442138672,2124400
2023-12-12,135.50999450683594,135.86000061035156,134.63999938964844,135.4499969482422,134.7676544189453,1967300
2023-12-13,135.8699951171875,137.83999633789062,135.17999267578125,137.77000427246094,137.0759735107422,3294900
2023-12-14,135.91000366210938,137.63999938964844,134.10000610351562,134.58999633789062,133.9119873046875,3059900
2023-12-15,134.6199951171875,134.99000549316406,133.02999877929688,133.94000244140625,133.2652587890625,5573700
2023-12-18,135.1699981689453,135.1699981689453,133.86000061035156,135.0399932861328,134.35971069335938,1893800
2023-12-19,135.6300048828125,136.10000610351562,135.22000122070312,135.8699951171875,135.18553161621094,1319600
2023-12-20,135.7899932861328,136.72000122070312,134.60000610351562,134.61000061035156,133.931884765625,2199100
2023-12-21,135.38999938964844,136.39999389648438,135.0399932861328,135.8800048828125,135.19549560546875,1659600
2023-12-22,135.57000732421875,136.64999389648438,135.5399932861328,136.4199981689453,135.73275756835938,1422700
2023-12-26,136.35000610351562,137.49000549316406,136.00999450683594,137.0,136.30984497070312,3028100
2023-12-27,137.02000427246094,137.5500030517578,136.67999267578125,137.41000366210938,136.7177734375,1390800
2023-12-28,137.86000061035156,138.5,137.3000030517578,138.1999969482422,137.50379943847656,1443200
2023-12-29,138.0,139.22000122070312,138.0,138.38999938964844,137.69284057617188,2011600
2024-01-02,137.49000549316406,139.32000732421875,137.22000122070312,137.67999267578125,136.9864044189453,2123900
2024-01-03,137.77999877929688,138.0,134.75999450683594,134.77000427246094,134.09107971191406,1617600
2024-01-04,134.77000427246094,136.08999633789062,134.6199951171875,135.27000427246094,134.58856201171875,2171800
2024-01-05,135.27000427246094,136.17999267578125,134.44000244140625,134.5,133.8224334716797,1665900
2024-01-08,134.5,135.97000122070312,134.36000061035156,135.80999755859375,135.12583923339844,1685900
2024-01-09,134.64999389648438,136.1999969482422,134.27999877929688,135.89999389648438,135.2153778076172,1578700
2024-01-10,136.1699981689453,137.02000427246094,135.60000610351562,135.9600067138672,135.2751007080078,1359000
2024-01-11,135.72999572753906,136.89999389648438,134.97999572753906,136.77000427246094,136.0810089111328,1527500
2024-01-12,137.22999572753906,137.47000122070312,136.0399932861328,136.5800018310547,135.8919677734375,930800
2024-01-16,136.0,137.08999633789062,135.9199981689453,137.0800018310547,136.38943481445312,1760800
2024-01-17,136.6199951171875,136.99000549316406,135.49000549316406,135.60000610351562,134.91690063476562,1964900
2024-01-18,135.22000122070312,137.64999389648438,135.05999755859375,137.47000122070312,136.77748107910156,1375500
2024-01-19,137.86000061035156,138.44000244140625,136.6199951171875,137.6300048828125,136.93667602539062,1766300
2024-01-22,137.72999572753906,138.32000732421875,137.42999267578125,138.22999572753906,137.5336456298828,1530100
2024-01-23,138.85000610351562,139.44000244140625,137.35000610351562,138.8800048828125,138.1803741455078,1702200
2024-01-24,139.5,139.9199981689453,138.39999389648438,138.72999572753906,138.0311279296875,1501100
2024-01-25,140.07000732421875,141.1199951171875,139.86000061035156,140.80999755859375,140.10064697265625,2112600
2024-01-26,141.4600067138672,142.00999450683594,140.72000122070312,141.75999450683594,141.04586791992188,1910200
2024-01-29,141.41000366210938,143.0500030517578,141.11000061035156,142.94000244140625,142.2199249267578,1820900
2024-01-30,142.50999450683594,143.08999633789062,141.0399932861328,142.50999450683594,141.79208374023438,1847600
2024-01-31,142.52000427246094,142.89999389648438,139.75,140.27999877929688,139.5733184814453,1616800
2024-02-01,140.8000030517578,143.16000366210938,140.77999877929688,143.11000061035156,142.38906860351562,1728600
2024-02-02,142.50999450683594,144.75,141.4600067138672,143.67999267578125,142.95619201660156,1956200
2024-02-05,142.64999389648438,143.07000732421875,141.4499969482422,142.75,142.0308837890625,2879300
2024-02-06,142.75999450683594,142.75999450683594,141.27999877929688,142.16000366210938,141.44386291503906,1796000
2024-02-07,142.27000427246094,143.97000122070312,141.39999389648438,143.25,142.52835083007812,1804400
2024-02-08,144.97999572753906,146.1199951171875,144.80999755859375,146.05999755859375,145.32420349121094,1336600
2024-02-09,145.77000427246094,146.4199981689453,145.1999969482422,145.8699951171875,145.13516235351562,1283000
2024-02-12,145.69000244140625,145.9199981689453,144.4600067138672,145.41000366210938,144.67747497558594,1949100
2024-02-13,143.9600067138672,145.0399932861328,143.4499969482422,144.94000244140625,144.20985412597656,1604600
2024-02-14,145.02000427246094,145.57000732421875,143.52000427246094,144.49000549316406,143.7621307373047,1451500
2024-02-15,145.1999969482422,145.22000122070312,143.77000427246094,144.38999938964844,143.66261291503906,1891300
2024-02-16,144.35000610351562,145.4499969482422,142.80999755859375,144.0800018310547,143.35418701171875,1876400
2024-02-20,144.0800018310547,144.97000122070312,143.82000732421875,144.4499969482422,143.72230529785156,1788400
2024-02-21,145.13999938964844,145.58999633789062,143.6999969482422,144.82000732421875,144.09046936035156,1484100
2024-02-22,145.4199981689453,146.9199981689453,144.89999389648438,146.89999389648438,146.1599578857422,2101100
2024-02-23,147.6999969482422,149.61000061035156,147.25,148.02999877929688,147.28428649902344,1581600
2024-02-26,148.2100067138672,149.07000732421875,147.13999938964844,147.83999633789062,147.09524536132812,1601700
2024-02-27,148.3800048828125,149.86000061035156,148.0,149.6199951171875,148.86627197265625,1618300
2024-02-28,149.47999572753906,151.0500030517578,149.27000427246094,150.4499969482422,149.6920928955078,1594100
2024-02-29,151.0500030517578,151.1199951171875,148.6999969482422,148.9600067138672,148.2095947265625,2785700
2024-03-01,148.72999572753906,150.10000610351562,148.35000610351562,149.6300048828125,148.876220703125,1426100
2024-03-04,150.55999755859375,150.9199981689453,149.3000030517578,149.9600067138672,149.20455932617188,3258000
2024-03-05,150.16000366210938,150.6300048828125,148.1999969482422,149.1699981689453,148.4185333251953,3301000
2024-03-06,144.3000030517578,149.89999389648438,143.32000732421875,148.1199951171875,147.3738250732422,4094700
2024-03-07,149.5,150.0,145.74000549316406,146.02000427246094,145.28440856933594,2917600
2024-03-08,145.82000732421875,147.17999267578125,144.69000244140625,145.74000549316406,145.0058135986328,3078900
2024-03-11,146.16000366210938,147.00999450683594,144.30999755859375,145.8699951171875,145.13516235351562,1643300
2024-03-12,145.35000610351562,146.77999877929688,145.00999450683594,146.49000549316406,145.75204467773438,2138700
2024-03-13,146.39999389648438,147.88999938964844,145.61000061035156,147.08999633789062,146.34901428222656,1851900
2024-03-14,147.74000549316406,147.8800048828125,145.60000610351562,146.02000427246094,145.6488037109375,2618100
2024-03-15,145.05999755859375,147.1300048828125,144.38999938964844,145.1199951171875,144.75108337402344,4555400
2024-03-18,145.52000427246094,146.0800018310547,144.1300048828125,144.30999755859375,143.94314575195312,2250800
2024-03-19,144.32000732421875,146.52999877929688,144.16000366210938,146.42999267578125,146.05775451660156,2437700
2024-03-20,146.2100067138672,147.3300018310547,146.2100067138672,146.97999572753906,146.60635375976562,1600000
2024-03-21,147.5399932861328,148.8000030517578,147.05999755859375,147.19000244140625,146.81582641601562,1999700
2024-03-22,146.9600067138672,146.9600067138672,145.27000427246094,145.3699951171875,145.0004425048828,2080400
2024-03-25,145.35000610351562,145.7100067138672,144.25999450683594,144.58999633789062,144.22242736816406,1832200
2024-03-26,144.4199981689453,145.13999938964844,144.02999877929688,144.57000732421875,144.20248413085938,1949000
2024-03-27,145.8000030517578,147.22999572753906,145.22000122070312,147.19000244140625,146.81582641601562,2007600
2024-03-28,147.63999938964844,148.10000610351562,146.4499969482422,146.75999450683594,146.3869171142578,1960300
2024-04-01,146.42999267578125,146.77000427246094,144.6300048828125,145.08999633789062,144.72116088867188,1533200
2024-04-02,144.38999938964844,144.38999938964844,142.5,143.67999267578125,143.3147430419922,1630600
2024-04-03,143.67999267578125,144.02000427246094,140.99000549316406,141.52000427246094,141.16024780273438,1824600
2024-04-04,142.9499969482422,143.27000427246094,139.4499969482422,139.7100067138672,139.35484313964844,1801500
2024-04-05,140.13999938964844,140.57000732421875,139.1999969482422,139.52999877929688,139.17529296875,1529000
2024-04-08,138.85000610351562,141.19000244140625,138.6699981689453,140.27000427246094,139.91342163085938,1969400
2024-04-09,141.5,142.55999755859375,139.11000061035156,139.9199981689453,139.56430053710938,2025700
2024-04-10,138.47000122070312,139.27000427246094,137.00999450683594,138.2899932861328,137.93844604492188,1902300
2024-04-11,138.86000061035156,140.32000732421875,138.22000122070312,139.94000244140625,139.58425903320312,1707900
2024-04-12,138.22999572753906,138.8300018310547,135.5399932861328,135.99000549316406,135.64430236816406,2289900
2024-04-15,138.1300048828125,138.30999755859375,133.5399932861328,133.64999389648438,133.31024169921875,2490400
2024-04-16,133.67999267578125,134.67999267578125,133.0800018310547,133.8300018310547,133.4897918701172,1793700
2024-04-17,134.9199981689453,134.9199981689453,132.05999755859375,132.7899932861328,132.45242309570312,2151600
2024-04-18,134.02000427246094,134.17999267578125,131.60000610351562,131.8000030517578,131.46495056152344,1505700
2024-04-19,131.8000030517578,133.9199981689453,131.27999877929688,133.33999633789062,133.0010223388672,3122000
2024-04-22,134.4499969482422,134.69000244140625,133.05999755859375,133.77000427246094,133.42994689941406,2187600
2024-04-23,133.9199981689453,134.1699981689453,132.97999572753906,133.08999633789062,132.7516632080078,2590100
2024-04-24,132.17999267578125,133.38999938964844,131.9199981689453,132.61000061035156,132.27288818359375,2366800
2024-04-25,132.6199951171875,133.1699981689453,130.67999267578125,132.14999389648438,131.81405639648438,2364300
2024-04-26,131.52000427246094,134.3000030517578,131.52000427246094,133.61000061035156,133.2703399658203,1958400
2024-04-29,133.3000030517578,133.49000549316406,130.17999267578125,131.05999755859375,130.72682189941406,3541700
2024-04-30,130.7100067138672,130.97000122070312,129.11000061035156,129.5500030517578,129.22067260742188,3217800
2024-05-01,128.9199981689453,129.72999572753906,127.7699966430664,127.81999969482422,127.49506378173828,3450500
2024-05-02,128.8300018310547,129.0399932861328,127.52999877929688,127.68000030517578,127.35542297363281,2597900
2024-05-03,128.02000427246094,131.41000366210938,128.02000427246094,130.83999633789062,130.50738525390625,3732500
2024-05-06,130.9499969482422,132.52000427246094,130.9499969482422,132.47999572753906,132.14321899414062,2803000
2024-05-07,132.7899932861328,133.3699951171875,131.4199981689453,131.5800018310547,131.24551391601562,1909000
2024-05-08,131.5500030517578,132.8300018310547,131.02999877929688,132.75999450683594,132.42250061035156,1606100
2024-05-09,133.0500030517578,135.0399932861328,132.9199981689453,134.8699951171875,134.52713012695312,2188300
2024-05-10,134.8699951171875,135.77000427246094,133.30999755859375,133.47999572753906,133.1406707763672,1793800
2024-05-13,134.61000061035156,135.8699951171875,133.41000366210938,133.60000610351562,133.2603759765625,1946400
2024-05-14,134.1699981689453,134.8800048828125,132.16000366210938,132.86000061035156,132.52224731445312,3560700
2024-05-15,133.19000244140625,134.1699981689453,132.75,133.0,132.66189575195312,1958900
2024-05-16,133.55999755859375,135.47000122070312,132.55999755859375,134.33999633789062,133.9984893798828,2265600
2024-05-17,134.0,134.2899932861328,132.16000366210938,132.3300018310547,131.9936065673828,3604600
2024-05-20,131.72000122070312,132.35000610351562,130.86000061035156,131.52000427246094,131.1856689453125,2259800
2024-05-21,131.67999267578125,132.99000549316406,131.22000122070312,132.3000030517578,131.96368408203125,2278500
2024-05-22,132.9199981689453,133.72999572753906,130.86000061035156,131.50999450683594,131.17567443847656,3932700
2024-05-23,132.0,132.86000061035156,130.4499969482422,131.86000061035156,131.52479553222656,3913500
2024-05-24,141.86000061035156,145.17999267578125,140.8800048828125,142.1300048828125,141.76869201660156,7640100
2024-05-28,141.27999877929688,141.64999389648438,137.52000427246094,137.63999938964844,137.29010009765625,3857400
2024-05-29,136.5,139.30999755859375,136.41000366210938,139.10000610351562,138.74639892578125,3042100
2024-05-30,140.1999969482422,143.9199981689453,139.3699951171875,139.83999633789062,139.4844970703125,3181300
2024-05-31,139.9600067138672,140.3800048828125,137.94000244140625,139.75999450683594,139.4047088623047,3204700
2024-06-03,139.47999572753906,141.38999938964844,139.3800048828125,141.22000122070312,140.8610076904297,2587200
2024-06-04,141.25999450683594,142.8800048828125,139.75,140.94000244140625,140.5817108154297,2558100
2024-06-05,141.32000732421875,144.5,140.16000366210938,144.33999633789062,143.9730682373047,4078400
2024-06-06,144.66000366210938,144.94000244140625,143.39999389648438,144.14999389648438,143.78353881835938,1705800
2024-06-07,144.52999877929688,144.85000610351562,143.82000732421875,144.27999877929688,143.91322326660156,2032900
2024-06-10,144.0399932861328,145.25,144.0399932861328,144.75999450683594,144.39199829101562,2513900
2024-06-11,143.86000061035156,144.6300048828125,142.64999389648438,144.5800018310547,144.5800018310547,2126000
2024-06-12,144.94000244140625,145.5,143.4199981689453,144.38999938964844,144.38999938964844,2162000
2024-06-13,144.52999877929688,146.25,143.88999938964844,145.64999389648438,145.64999389648438,2003600
2024-06-14,145.64999389648438,146.6300048828125,145.6199951171875,145.92999267578125,145.92999267578125,2670700
2024-06-17,145.66000366210938,150.44000244140625,145.0,150.3800048828125,150.3800048828125,2651800
2024-06-18,150.0,150.17999267578125,148.3800048828125,148.69000244140625,148.69000244140625,2510200
2024-06-20,148.3699951171875,149.3800048828125,146.9199981689453,147.3699951171875,147.3699951171875,2714900
2024-06-21,148.39999389648438,149.60000610351562,147.6199951171875,149.2899932861328,149.2899932861328,4545800
2024-06-24,149.91000366210938,149.91000366210938,148.33999633789062,149.25,149.25,1655600
2024-06-25,149.52999877929688,149.52999877929688,147.49000549316406,148.4600067138672,148.4600067138672,1790400
2024-06-26,148.16000366210938,149.27999877929688,147.8000030517578,148.74000549316406,148.74000549316406,1717500
2024-06-27,148.3699951171875,148.4199981689453,145.9600067138672,146.0800018310547,146.0800018310547,1794500
2024-06-28,145.75,146.35000610351562,144.8699951171875,145.32000732421875,145.32000732421875,8586000
2024-07-01,145.77000427246094,146.27999877929688,144.41000366210938,145.24000549316406,145.24000549316406,1965800
2024-07-02,145.25,146.13999938964844,144.19000244140625,144.39999389648438,144.39999389648438,1854500
2024-07-03,144.39999389648438,144.8000030517578,143.7899932861328,144.0,144.0,1170600
2024-07-05,144.24000549316406,145.86000061035156,144.02000427246094,145.5500030517578,145.5500030517578,1601700
2024-07-08,146.2100067138672,146.97999572753906,145.67999267578125,146.69000244140625,146.69000244140625,1088900
2024-07-09,147.22000122070312,147.7899932861328,146.6699981689453,146.8300018310547,146.8300018310547,1313700
2024-07-10,146.8300018310547,148.25999450683594,146.8300018310547,148.02999877929688,148.02999877929688,1432100
2024-07-11,148.6199951171875,151.10000610351562,148.50999450683594,150.8000030517578,150.8000030517578,1779600
2024-07-12,151.25999450683594,153.05999755859375,151.1699981689453,151.72999572753906,151.72999572753906,1648700
2024-07-15,150.41000366210938,151.3800048828125,147.8699951171875,148.0800018310547,148.0800018310547,2685600
2024-07-16,147.89999389648438,149.35000610351562,147.14999389648438,148.8699951171875,148.8699951171875,2027000
2024-07-17,148.63999938964844,148.99000549316406,146.75999450683594,147.60000610351562,147.60000610351562,2058200
2024-07-18,147.7899932861328,147.7899932861328,143.9499969482422,144.5,144.5,2168800
2024-07-19,145.0,145.38999938964844,142.80999755859375,143.5,143.5,3550700
2024-07-22,144.32000732421875,145.00999450683594,143.4499969482422,144.9199981689453,144.9199981689453,1957400
2024-07-23,144.9199981689453,145.25999450683594,143.24000549316406,143.77999877929688,143.77999877929688,1906400
2024-07-24,143.5800018310547,143.75,141.7899932861328,142.08999633789062,142.08999633789062,1939800
2024-07-25,142.10000610351562,143.30999755859375,141.00999450683594,141.11000061035156,141.11000061035156,1800500
2024-07-26,142.0,142.50999450683594,140.4199981689453,140.91000366210938,140.91000366210938,1853700
2024-07-29,141.42999267578125,142.41000366210938,139.64999389648438,141.91000366210938,141.91000366210938,1595600
2024-07-30,142.22000122070312,143.2899932861328,141.80999755859375,142.75,142.75,1210100
2024-07-31,143.3800048828125,144.3800048828125,142.64999389648438,143.22999572753906,143.22999572753906,1743800
2024-08-01,143.7100067138672,143.7100067138672,141.61000061035156,142.97999572753906,142.97999572753906,1862100
2024-08-02,143.58999633789062,144.25,137.66000366210938,140.24000549316406,140.24000549316406,2363500
2024-08-05,138.36000061035156,139.7100067138672,135.52000427246094,136.05999755859375,136.05999755859375,2565100
2024-08-06,135.83999633789062,138.3300018310547,135.52999877929688,136.97999572753906,136.97999572753906,1926500
2024-08-07,138.1699981689453,139.82000732421875,136.16000366210938,136.3300018310547,136.3300018310547,1421400
2024-08-08,137.39999389648438,139.39999389648438,136.63999938964844,139.22000122070312,139.22000122070312,1892500
2024-08-09,139.1300048828125,139.83999633789062,138.22999572753906,139.63999938964844,139.63999938964844,1225700
2024-08-12,140.13999938964844,141.16000366210938,139.10000610351562,140.6699981689453,140.6699981689453,1708400
2024-08-13,141.0500030517578,141.9199981689453,140.32000732421875,141.64999389648438,141.64999389648438,1218200
2024-08-14,140.94000244140625,142.2899932861328,140.1999969482422,141.33999633789062,141.33999633789062,1529700
2024-08-15,144.8000030517578,147.8699951171875,144.47999572753906,147.8000030517578,147.8000030517578,2443100
2024-08-16,147.19000244140625,147.88999938964844,146.14999389648438,147.39999389648438,147.39999389648438,3117200
2024-08-19,147.41000366210938,148.38999938964844,146.86000061035156,147.39999389648438,147.39999389648438,1363700
2024-08-20,147.6999969482422,148.25,147.16000366210938,147.6999969482422,147.6999969482422,1537600
2024-08-21,156.25999450683594,157.85000610351562,152.10000610351562,153.9499969482422,153.9499969482422,3173800
2024-08-22,153.8000030517578,154.11000061035156,152.24000549316406,152.52000427246094,152.52000427246094,3215600
2024-08-23,163.55999755859375,163.60000610351562,153.3699951171875,155.2100067138672,155.2100067138672,5124300
2024-08-26,155.5399932861328,157.39999389648438,153.6999969482422,154.2100067138672,154.2100067138672,2393700
2024-08-27,153.58999633789062,154.4199981689453,153.10000610351562,153.3300018310547,153.3300018310547,2283000
2024-08-28,153.0,153.47000122070312,149.8000030517578,149.89999389648438,149.89999389648438,2829600
2024-08-29,151.4499969482422,153.19000244140625,149.66000366210938,151.8000030517578,151.8000030517578,1976500
2024-08-30,151.83999633789062,152.2899932861328,149.33999633789062,150.61000061035156,150.61000061035156,2287800
