Date,Open,High,Low,Close,Adj Close,Volume
2015-09-30,19.0,19.0,19.0,19.0,19.0,0
2015-10-01,17.549999237060547,19.0,16.950000762939453,18.110000610351562,18.110000610351562,8800500
2015-10-02,17.90999984741211,19.489999771118164,17.549999237060547,18.43000030517578,18.43000030517578,967300
2015-10-05,18.5,19.389999389648438,18.5,18.790000915527344,18.790000915527344,395700
2015-10-06,18.549999237060547,19.389999389648438,18.25,18.959999084472656,18.959999084472656,414400
2015-10-07,19.0,19.198999404907227,18.489999771118164,18.690000534057617,18.690000534057617,491500
2015-10-08,18.68000030517578,18.780000686645508,18.5,18.649999618530273,18.649999618530273,208700
2015-10-09,18.479999542236328,18.5,17.5,18.010000228881836,18.010000228881836,1063000
2015-10-12,18.0,18.93000030517578,18.0,18.139999389648438,18.139999389648438,259100
2015-10-13,18.200000762939453,18.75,18.190000534057617,18.690000534057617,18.690000534057617,327500
2015-10-14,18.40999984741211,18.850000381469727,18.260000228881836,18.770000457763672,18.770000457763672,262300
2015-10-15,18.579999923706055,18.889999389648438,18.256000518798828,18.540000915527344,18.540000915527344,404000
2015-10-16,18.5,19.010000228881836,18.389999389648438,18.969999313354492,18.969999313354492,104300
2015-10-19,18.770000457763672,19.15999984741211,18.510000228881836,19.15999984741211,19.15999984741211,113700
2015-10-20,18.90999984741211,20.0,18.90999984741211,19.809999465942383,19.809999465942383,435300
2015-10-21,19.670000076293945,19.860000610351562,18.709999084472656,19.040000915527344,19.040000915527344,379000
2015-10-22,19.059999465942383,19.059999465942383,16.260000228881836,17.520000457763672,17.520000457763672,487700
2015-10-23,17.520000457763672,17.8799991607666,16.8700008392334,17.829999923706055,17.829999923706055,132400
2015-10-26,18.329999923706055,18.899999618530273,18.059999465942383,18.6299991607666,18.6299991607666,231200
2015-10-27,18.549999237060547,19.350000381469727,18.010000228881836,18.790000915527344,18.790000915527344,623700
2015-10-28,18.799999237060547,18.799999237060547,17.510000228881836,17.889999389648438,17.889999389648438,289600
2015-10-29,17.950000762939453,17.950000762939453,16.75,16.8700008392334,16.8700008392334,136200
2015-10-30,16.709999084472656,17.530000686645508,16.68000030517578,16.81999969482422,16.81999969482422,397800
2015-11-02,16.979999542236328,16.979999542236328,16.280000686645508,16.540000915527344,16.540000915527344,119400
2015-11-03,16.600000381469727,17.5,16.549999237060547,17.3700008392334,17.3700008392334,178100
2015-11-04,17.299999237060547,17.5,16.600000381469727,16.780000686645508,16.780000686645508,419800
2015-11-05,16.65999984741211,17.329999923706055,16.65999984741211,17.229999542236328,17.229999542236328,76400
2015-11-06,17.75,18.950000762939453,17.30500030517578,18.809999465942383,18.809999465942383,199700
2015-11-09,19.010000228881836,19.479999542236328,18.1200008392334,18.93000030517578,18.93000030517578,192400
2015-11-10,18.790000915527344,19.350000381469727,18.290000915527344,19.059999465942383,19.059999465942383,219900
2015-11-11,18.90999984741211,19.229999542236328,18.3700008392334,18.940000534057617,18.940000534057617,107400
2015-11-12,18.100000381469727,19.079999923706055,17.510000228881836,18.329999923706055,18.329999923706055,397200
2015-11-13,18.139999389648438,19.290000915527344,17.639999389648438,18.899999618530273,18.899999618530273,151600
2015-11-16,18.899999618530273,19.190000534057617,18.329999923706055,18.850000381469727,18.850000381469727,111200
2015-11-17,18.760000228881836,19.225000381469727,18.59000015258789,18.8799991607666,18.8799991607666,150000
2015-11-18,18.790000915527344,19.030000686645508,18.43000030517578,18.469999313354492,18.469999313354492,86300
2015-11-19,18.239999771118164,18.479999542236328,17.610000610351562,18.200000762939453,18.200000762939453,81100
2015-11-20,18.079999923706055,19.049999237060547,18.010000228881836,18.6299991607666,18.6299991607666,99400
2015-11-23,18.690000534057617,19.059999465942383,18.520000457763672,18.959999084472656,18.959999084472656,143400
2015-11-24,18.950000762939453,19.489999771118164,18.729999542236328,19.06999969482422,19.06999969482422,237700
2015-11-25,19.0,19.610000610351562,18.799999237060547,19.479999542236328,19.479999542236328,179800
2015-11-27,19.5,19.5,19.200000762939453,19.489999771118164,19.489999771118164,92000
2015-11-30,19.219999313354492,19.510000228881836,18.739999771118164,19.110000610351562,19.110000610351562,109700
2015-12-01,19.110000610351562,19.219999313354492,18.579999923706055,18.6200008392334,18.6200008392334,202300
2015-12-02,18.75,19.06999969482422,18.040000915527344,18.93000030517578,18.93000030517578,245300
2015-12-03,19.15999984741211,19.5,18.440000534057617,19.280000686645508,19.280000686645508,198200
2015-12-04,19.43000030517578,19.719999313354492,19.013999938964844,19.610000610351562,19.610000610351562,233700
2015-12-07,19.850000381469727,20.950000762939453,19.549999237060547,19.969999313354492,19.969999313354492,319100
2015-12-08,20.030000686645508,20.700000762939453,19.864999771118164,20.149999618530273,20.149999618530273,226600
2015-12-09,20.270000457763672,21.270000457763672,20.270000457763672,20.780000686645508,20.780000686645508,428500
2015-12-10,20.93000030517578,21.959999084472656,20.540000915527344,21.309999465942383,21.309999465942383,251000
2015-12-11,21.469999313354492,22.31999969482422,21.111000061035156,21.31999969482422,21.31999969482422,593600
2015-12-14,21.65999984741211,21.81999969482422,20.56999969482422,20.850000381469727,20.850000381469727,236300
2015-12-15,21.170000076293945,21.424999237060547,19.90999984741211,20.639999389648438,20.639999389648438,298800
2015-12-16,20.540000915527344,21.209999084472656,20.420000076293945,20.799999237060547,20.799999237060547,247800
2015-12-17,20.719999313354492,21.299999237060547,20.649999618530273,20.709999084472656,20.709999084472656,481800
2015-12-18,20.190000534057617,21.780000686645508,19.114999771118164,19.270000457763672,19.270000457763672,3144800
2015-12-21,19.31999969482422,20.780000686645508,19.299999237060547,20.18000030517578,20.18000030517578,292400
2015-12-22,20.270000457763672,21.1299991607666,20.270000457763672,20.950000762939453,20.950000762939453,123800
2015-12-23,21.049999237060547,21.049999237060547,20.079999923706055,20.440000534057617,20.440000534057617,147100
2015-12-24,20.59000015258789,20.719999313354492,20.31999969482422,20.579999923706055,20.579999923706055,92100
2015-12-28,20.56999969482422,20.780000686645508,20.239999771118164,20.729999542236328,20.729999542236328,110500
2015-12-29,20.739999771118164,21.229999542236328,20.700000762939453,20.889999389648438,20.889999389648438,111600
2015-12-30,20.860000610351562,21.3799991607666,20.860000610351562,21.170000076293945,21.170000076293945,139500
2015-12-31,21.170000076293945,21.385000228881836,20.239999771118164,20.489999771118164,20.489999771118164,189400
2016-01-04,20.110000610351562,20.385000228881836,19.3799991607666,19.489999771118164,19.489999771118164,225100
2016-01-05,19.479999542236328,19.729999542236328,19.190000534057617,19.65999984741211,19.65999984741211,208300
2016-01-06,19.420000076293945,20.399999618530273,19.270000457763672,20.239999771118164,20.239999771118164,125400
2016-01-07,20.0,20.174999237060547,18.809999465942383,18.850000381469727,18.850000381469727,178100
2016-01-08,19.0,19.170000076293945,17.260000228881836,17.459999084472656,17.459999084472656,224500
2016-01-11,17.579999923706055,17.709999084472656,17.1299991607666,17.40999984741211,17.40999984741211,151100
2016-01-12,17.489999771118164,17.81999969482422,17.270000457763672,17.770000457763672,17.770000457763672,135600
2016-01-13,17.850000381469727,18.020000457763672,17.059999465942383,17.1299991607666,17.1299991607666,133500
2016-01-14,17.079999923706055,17.850000381469727,16.85099983215332,17.6200008392334,17.6200008392334,122100
2016-01-15,17.239999771118164,17.920000076293945,16.75,17.8799991607666,17.8799991607666,187800
2016-01-19,17.940000534057617,17.959999084472656,17.329999923706055,17.420000076293945,17.420000076293945,217700
2016-01-20,17.25,18.56999969482422,16.639999389648438,18.200000762939453,18.200000762939453,154500
2016-01-21,18.329999923706055,18.899999618530273,17.270000457763672,17.709999084472656,17.709999084472656,135000
2016-01-22,17.899999618530273,17.959999084472656,16.850000381469727,17.239999771118164,17.239999771118164,171800
2016-01-25,16.899999618530273,17.010000228881836,16.25,16.469999313354492,16.469999313354492,171200
2016-01-26,16.440000534057617,16.799999237060547,16.389999389648438,16.530000686645508,16.530000686645508,234400
2016-01-27,16.6200008392334,16.6200008392334,16.1200008392334,16.479999542236328,16.479999542236328,197400
2016-01-28,16.364999771118164,16.59000015258789,15.109999656677246,15.369999885559082,15.369999885559082,285800
2016-01-29,15.390000343322754,16.15999984741211,15.20199966430664,16.110000610351562,16.110000610351562,190500
2016-02-01,16.06999969482422,16.93000030517578,15.904999732971191,16.75,16.75,113700
2016-02-02,16.540000915527344,16.85099983215332,16.229999542236328,16.649999618530273,16.649999618530273,161700
2016-02-03,16.709999084472656,17.1299991607666,16.350000381469727,16.639999389648438,16.639999389648438,164700
2016-02-04,16.579999923706055,16.90999984741211,16.56999969482422,16.770000457763672,16.770000457763672,96200
2016-02-05,16.68000030517578,17.149999618530273,15.840999603271484,16.450000762939453,16.450000762939453,183500
2016-02-08,16.31999969482422,16.420000076293945,15.180000305175781,15.5,15.5,210400
2016-02-09,15.390000343322754,15.949999809265137,15.229999542236328,15.609999656677246,15.609999656677246,81000
2016-02-10,15.680000305175781,16.139999389648438,15.510000228881836,15.670000076293945,15.670000076293945,73600
2016-02-11,15.369999885559082,15.369999885559082,14.710000038146973,15.0600004196167,15.0600004196167,139800
2016-02-12,14.829999923706055,15.0600004196167,14.399999618530273,14.5600004196167,14.5600004196167,124300
2016-02-16,14.720000267028809,14.789999961853027,13.380000114440918,13.5,13.5,591700
2016-02-17,13.520000457763672,14.619999885559082,12.600000381469727,12.640000343322754,12.640000343322754,203500
2016-02-18,12.640000343322754,13.819999694824219,11.972999572753906,12.100000381469727,12.100000381469727,145400
2016-02-19,12.109999656677246,13.90999984741211,12.109999656677246,13.819999694824219,13.819999694824219,192700
2016-02-22,13.949999809265137,14.880000114440918,13.880000114440918,14.010000228881836,14.010000228881836,319000
2016-02-23,14.010000228881836,14.210000038146973,13.800000190734863,13.869999885559082,13.869999885559082,226300
2016-02-24,13.850000381469727,14.019000053405762,12.819999694824219,13.680000305175781,13.680000305175781,129300
2016-02-25,13.770000457763672,14.756999969482422,13.239999771118164,13.510000228881836,13.510000228881836,257900
2016-02-26,13.569999694824219,13.819999694824219,12.899999618530273,13.100000381469727,13.100000381469727,276300
2016-02-29,13.170000076293945,13.399999618530273,13.0,13.130000114440918,13.130000114440918,234500
2016-03-01,13.25,13.579999923706055,13.050000190734863,13.5600004196167,13.5600004196167,117700
2016-03-02,13.489999771118164,14.010000228881836,13.489999771118164,13.979999542236328,13.979999542236328,158800
2016-03-03,13.890000343322754,14.3100004196167,13.420000076293945,13.529999732971191,13.529999732971191,110500
2016-03-04,13.5,13.960000038146973,13.5,13.84000015258789,13.84000015258789,80700
2016-03-07,13.739999771118164,14.279999732971191,13.630000114440918,13.890000343322754,13.890000343322754,90200
2016-03-08,13.890000343322754,13.890000343322754,13.470000267028809,13.569999694824219,13.569999694824219,108900
2016-03-09,14.770000457763672,14.770000457763672,13.449999809265137,13.65999984741211,13.65999984741211,69300
2016-03-10,13.65999984741211,14.09000015258789,13.600000381469727,13.770000457763672,13.770000457763672,131600
2016-03-11,17.0,17.360000610351562,14.5,16.0,16.0,622900
2016-03-14,15.890000343322754,16.399999618530273,15.279999732971191,15.579999923706055,15.579999923706055,264400
2016-03-15,15.539999961853027,15.539999961853027,14.270000457763672,14.6899995803833,14.6899995803833,170000
2016-03-16,14.630000114440918,15.359999656677246,14.550000190734863,15.279999732971191,15.279999732971191,98300
2016-03-17,15.229999542236328,15.279999732971191,14.65999984741211,14.9399995803833,14.9399995803833,132100
2016-03-18,15.010000228881836,15.640000343322754,14.930000305175781,15.3100004196167,15.3100004196167,195200
2016-03-21,15.359999656677246,15.819999694824219,14.670000076293945,14.789999961853027,14.789999961853027,202100
2016-03-22,14.710000038146973,15.050000190734863,14.550000190734863,14.59000015258789,14.59000015258789,104300
2016-03-23,14.630000114440918,14.807999610900879,14.210000038146973,14.260000228881836,14.260000228881836,91400
2016-03-24,14.119999885559082,14.520000457763672,13.90999984741211,14.149999618530273,14.149999618530273,123900
2016-03-28,14.25,14.25,13.739999771118164,13.960000038146973,13.960000038146973,202500
2016-03-29,14.0600004196167,14.40999984741211,13.989999771118164,14.399999618530273,14.399999618530273,200300
2016-03-30,14.399999618530273,14.710000038146973,13.920000076293945,14.020000457763672,14.020000457763672,260300
2016-03-31,14.029999732971191,14.029999732971191,13.210000038146973,13.260000228881836,13.260000228881836,269000
2016-04-01,13.220000267028809,13.489999771118164,12.819999694824219,12.850000381469727,12.850000381469727,193900
2016-04-04,12.800000190734863,13.0,12.5,12.649999618530273,12.649999618530273,264200
2016-04-05,12.579999923706055,12.729999542236328,11.760000228881836,12.520000457763672,12.520000457763672,405900
2016-04-06,12.489999771118164,13.515000343322754,12.489999771118164,13.15999984741211,13.15999984741211,393500
2016-04-07,13.050000190734863,13.170000076293945,12.600000381469727,12.770000457763672,12.770000457763672,128200
2016-04-08,12.829999923706055,12.9399995803833,12.430000305175781,12.520000457763672,12.520000457763672,166600
2016-04-11,12.550000190734863,12.869999885559082,11.859999656677246,12.260000228881836,12.260000228881836,400500
2016-04-12,12.239999771118164,12.710000038146973,12.142000198364258,12.649999618530273,12.649999618530273,239900
2016-04-13,12.739999771118164,13.09000015258789,12.739999771118164,13.010000228881836,13.010000228881836,165200
2016-04-14,13.050000190734863,14.489999771118164,13.050000190734863,14.319999694824219,14.319999694824219,264300
2016-04-15,14.319999694824219,14.579999923706055,13.970000267028809,14.550000190734863,14.550000190734863,191100
2016-04-18,14.4399995803833,15.5,14.369999885559082,15.0,15.0,207300
2016-04-19,14.989999771118164,15.25,14.84000015258789,14.960000038146973,14.960000038146973,161600
2016-04-20,14.930000305175781,15.579999923706055,14.699999809265137,15.359999656677246,15.359999656677246,328300
2016-04-21,15.399999618530273,16.739999771118164,15.399999618530273,16.43000030517578,16.43000030517578,216300
2016-04-22,16.399999618530273,16.979999542236328,16.1200008392334,16.65999984741211,16.65999984741211,167000
2016-04-25,16.59000015258789,17.200000762939453,16.465999603271484,17.020000457763672,17.020000457763672,213000
2016-04-26,17.040000915527344,17.200000762939453,16.520000457763672,16.559999465942383,16.559999465942383,241900
2016-04-27,16.780000686645508,16.889999389648438,15.960000038146973,16.739999771118164,16.739999771118164,175900
2016-04-28,16.739999771118164,17.649999618530273,16.360000610351562,16.579999923706055,16.579999923706055,203500
2016-04-29,16.489999771118164,16.489999771118164,15.949999809265137,16.290000915527344,16.290000915527344,97300
2016-05-02,16.290000915527344,16.559999465942383,15.979999542236328,16.389999389648438,16.389999389648438,88200
2016-05-03,16.280000686645508,16.59000015258789,15.90999984741211,15.970000267028809,15.970000267028809,172500
2016-05-04,16.06999969482422,16.110000610351562,14.630000114440918,15.0600004196167,15.0600004196167,203300
2016-05-05,15.09000015258789,15.09000015258789,14.300000190734863,14.789999961853027,14.789999961853027,170800
2016-05-06,14.208999633789062,14.40999984741211,12.25,13.90999984741211,13.90999984741211,906800
2016-05-09,13.899999618530273,14.75,13.850000381469727,14.390000343322754,14.390000343322754,274900
2016-05-10,14.449999809265137,14.899999618530273,14.220000267028809,14.390000343322754,14.390000343322754,217400
2016-05-11,14.40999984741211,14.520000457763672,14.289999961853027,14.359999656677246,14.359999656677246,180400
2016-05-12,14.430000305175781,14.59000015258789,14.140000343322754,14.329999923706055,14.329999923706055,194000
2016-05-13,14.350000381469727,14.479999542236328,13.989999771118164,14.180000305175781,14.180000305175781,200600
2016-05-16,14.25,14.489999771118164,14.149999618530273,14.359999656677246,14.359999656677246,402600
2016-05-17,14.40999984741211,14.609999656677246,14.0,14.140000343322754,14.140000343322754,571400
2016-05-18,14.100000381469727,14.489999771118164,14.100000381469727,14.359999656677246,14.359999656677246,215200
2016-05-19,14.350000381469727,14.420000076293945,13.949999809265137,14.25,14.25,267900
2016-05-20,14.260000228881836,14.46500015258789,13.970000267028809,14.399999618530273,14.399999618530273,526700
2016-05-23,14.399999618530273,14.789999961853027,13.9399995803833,13.979999542236328,13.979999542236328,323900
2016-05-24,14.100000381469727,14.289999961853027,13.729999542236328,14.199999809265137,14.199999809265137,173800
2016-05-25,14.350000381469727,14.350000381469727,14.100000381469727,14.239999771118164,14.239999771118164,254400
2016-05-26,14.210000038146973,14.210000038146973,13.5,13.640000343322754,13.640000343322754,180300
2016-05-27,13.710000038146973,14.279999732971191,13.579999923706055,14.050000190734863,14.050000190734863,399200
2016-05-31,14.0,14.09000015258789,13.5,13.755000114440918,13.755000114440918,863800
2016-06-01,13.729999542236328,14.710000038146973,13.729999542236328,14.529999732971191,14.529999732971191,686700
2016-06-02,14.539999961853027,14.920999526977539,14.029999732971191,14.239999771118164,14.239999771118164,417300
2016-06-03,14.239999771118164,14.4399995803833,13.850000381469727,14.170000076293945,14.170000076293945,300300
2016-06-06,14.220000267028809,14.800000190734863,14.0600004196167,14.369999885559082,14.369999885559082,162400
2016-06-07,14.279999732971191,14.600000381469727,14.15999984741211,14.390000343322754,14.390000343322754,80900
2016-06-08,14.34000015258789,14.75,14.34000015258789,14.640000343322754,14.640000343322754,223800
2016-06-09,14.529999732971191,15.300000190734863,14.375,15.109999656677246,15.109999656677246,361800
2016-06-10,15.25,15.630000114440918,15.109999656677246,15.270000457763672,15.270000457763672,240700
2016-06-13,15.109999656677246,15.550000190734863,15.020000457763672,15.479999542236328,15.479999542236328,221400
2016-06-14,15.550000190734863,16.06999969482422,15.319999694824219,15.979999542236328,15.979999542236328,308200
2016-06-15,16.079999923706055,17.469999313354492,15.680000305175781,16.90999984741211,16.90999984741211,1136800
2016-06-16,16.610000610351562,16.790000915527344,15.949999809265137,16.030000686645508,16.030000686645508,265300
2016-06-17,15.989999771118164,16.1299991607666,15.640000343322754,15.649999618530273,15.649999618530273,377400
2016-06-20,15.84000015258789,16.1200008392334,15.619999885559082,15.739999771118164,15.739999771118164,115300
2016-06-21,15.869999885559082,16.049999237060547,15.324999809265137,15.850000381469727,15.850000381469727,146700
2016-06-22,15.789999961853027,15.930000305175781,15.520000457763672,15.699999809265137,15.699999809265137,133400
2016-06-23,15.75,16.219999313354492,15.289999961853027,15.630000114440918,15.630000114440918,165500
2016-06-24,15.100000381469727,16.280000686645508,14.930999755859375,16.15999984741211,16.15999984741211,590100
2016-06-27,16.3799991607666,16.3799991607666,15.710000038146973,16.100000381469727,16.100000381469727,282600
2016-06-28,16.34000015258789,16.950000762939453,16.200000762939453,16.690000534057617,16.690000534057617,334800
2016-06-29,16.860000610351562,18.450000762939453,16.799999237060547,17.790000915527344,17.790000915527344,491600
2016-06-30,17.93000030517578,18.315000534057617,17.190000534057617,17.899999618530273,17.899999618530273,265900
2016-07-01,17.959999084472656,18.440000534057617,17.8799991607666,18.170000076293945,18.170000076293945,155300
2016-07-05,18.190000534057617,18.190000534057617,17.350000381469727,17.3700008392334,17.3700008392334,143700
2016-07-06,17.31999969482422,17.649999618530273,17.059999465942383,17.59000015258789,17.59000015258789,118100
2016-07-07,17.639999389648438,18.1299991607666,17.559999465942383,17.889999389648438,17.889999389648438,170200
2016-07-08,17.93000030517578,18.334999084472656,17.159000396728516,17.899999618530273,17.899999618530273,160600
2016-07-11,17.989999771118164,18.100000381469727,17.8799991607666,17.90999984741211,17.90999984741211,96300
2016-07-12,17.989999771118164,18.909000396728516,17.809999465942383,18.139999389648438,18.139999389648438,213700
2016-07-13,18.040000915527344,18.079999923706055,17.170000076293945,17.309999465942383,17.309999465942383,125800
2016-07-14,17.329999923706055,17.649999618530273,16.729999542236328,16.84000015258789,16.84000015258789,121500
2016-07-15,16.920000076293945,17.295000076293945,16.739999771118164,16.899999618530273,16.899999618530273,81400
2016-07-18,16.860000610351562,17.209999084472656,16.860000610351562,16.959999084472656,16.959999084472656,81500
2016-07-19,16.979999542236328,17.06999969482422,16.709999084472656,16.899999618530273,16.899999618530273,48900
2016-07-20,17.030000686645508,18.09000015258789,16.989999771118164,17.850000381469727,17.850000381469727,100500
2016-07-21,17.81999969482422,17.850000381469727,17.59000015258789,17.670000076293945,17.670000076293945,38800
2016-07-22,17.690000534057617,18.010000228881836,17.139999389648438,17.75,17.75,218600
2016-07-25,17.8700008392334,18.06999969482422,17.329999923706055,17.989999771118164,17.989999771118164,127700
2016-07-26,18.0,18.100000381469727,17.739999771118164,17.799999237060547,17.799999237060547,64700
2016-07-27,17.729999542236328,18.15999984741211,17.60099983215332,18.079999923706055,18.079999923706055,80600
2016-07-28,18.139999389648438,18.3799991607666,17.93000030517578,18.200000762939453,18.200000762939453,85800
2016-07-29,18.1200008392334,18.18000030517578,17.760000228881836,18.1299991607666,18.1299991607666,70800
2016-08-01,18.25,18.25,17.600000381469727,17.760000228881836,17.760000228881836,76900
2016-08-02,17.719999313354492,17.989999771118164,16.639999389648438,16.829999923706055,16.829999923706055,187500
2016-08-03,17.040000915527344,17.100000381469727,16.6299991607666,16.829999923706055,16.829999923706055,59400
2016-08-04,16.8700008392334,17.225000381469727,16.270000457763672,16.3700008392334,16.3700008392334,71100
2016-08-05,16.690000534057617,16.93000030517578,16.40999984741211,16.780000686645508,16.780000686645508,119000
2016-08-08,16.850000381469727,16.940000534057617,16.34000015258789,16.68000030517578,16.68000030517578,99800
2016-08-09,16.75,16.85099983215332,16.110000610351562,16.43000030517578,16.43000030517578,82800
2016-08-10,17.0,17.799999237060547,16.6200008392334,16.84000015258789,16.84000015258789,225600
2016-08-11,16.84000015258789,17.479999542236328,15.9399995803833,17.360000610351562,17.360000610351562,289600
2016-08-12,17.280000686645508,18.440000534057617,17.09000015258789,18.399999618530273,18.399999618530273,214200
2016-08-15,18.3799991607666,19.139999389648438,18.3799991607666,18.979999542236328,18.979999542236328,198500
2016-08-16,19.059999465942383,19.389999389648438,18.719999313354492,19.1200008392334,19.1200008392334,165900
2016-08-17,19.100000381469727,19.399999618530273,18.069000244140625,18.950000762939453,18.950000762939453,137600
2016-08-18,19.059999465942383,19.34600067138672,18.639999389648438,18.850000381469727,18.850000381469727,177700
2016-08-19,18.899999618530273,19.010000228881836,18.260000228881836,18.610000610351562,18.610000610351562,119100
2016-08-22,18.6200008392334,19.06999969482422,18.496000289916992,18.93000030517578,18.93000030517578,99200
2016-08-23,19.030000686645508,19.15999984741211,18.479999542236328,18.760000228881836,18.760000228881836,140000
2016-08-24,18.68000030517578,18.950000762939453,18.440000534057617,18.549999237060547,18.549999237060547,101300
2016-08-25,18.01099967956543,18.954999923706055,18.01099967956543,18.670000076293945,18.670000076293945,61200
2016-08-26,18.6299991607666,18.959999084472656,18.559999465942383,18.6299991607666,18.6299991607666,82600
2016-08-29,18.739999771118164,19.270000457763672,18.659000396728516,19.0,19.0,134500
2016-08-30,18.940000534057617,19.55500030517578,18.889999389648438,19.34000015258789,19.34000015258789,152000
2016-08-31,19.40999984741211,19.40999984741211,18.770000457763672,19.260000228881836,19.260000228881836,160700
2016-09-01,19.239999771118164,19.350000381469727,18.81999969482422,19.1299991607666,19.1299991607666,87700
2016-09-02,19.209999084472656,20.059999465942383,18.770000457763672,20.040000915527344,20.040000915527344,231900
2016-09-06,20.170000076293945,20.780000686645508,19.75,20.739999771118164,20.739999771118164,276700
2016-09-07,20.559999465942383,20.690000534057617,19.8799991607666,20.030000686645508,20.030000686645508,183800
2016-09-08,19.899999618530273,20.075000762939453,19.549999237060547,19.8799991607666,19.8799991607666,207300
2016-09-09,20.264999389648438,20.264999389648438,19.190000534057617,19.190000534057617,19.190000534057617,162500
2016-09-12,19.15999984741211,19.274999618530273,18.81999969482422,19.100000381469727,19.100000381469727,229500
2016-09-13,18.969999313354492,19.469999313354492,18.139999389648438,18.579999923706055,18.579999923706055,223600
2016-09-14,18.56999969482422,19.010000228881836,18.040000915527344,18.200000762939453,18.200000762939453,133100
2016-09-15,18.219999313354492,18.450000762939453,17.389999389648438,17.84000015258789,17.84000015258789,250700
2016-09-16,18.049999237060547,19.229999542236328,17.951000213623047,18.920000076293945,18.920000076293945,462900
2016-09-19,19.0,19.34000015258789,18.559999465942383,19.09000015258789,19.09000015258789,166900
2016-09-20,19.239999771118164,19.239999771118164,18.299999237060547,18.799999237060547,18.799999237060547,163100
2016-09-21,18.799999237060547,19.059999465942383,18.510000228881836,19.059999465942383,19.059999465942383,82000
2016-09-22,19.149999618530273,19.809999465942383,19.100000381469727,19.760000228881836,19.760000228881836,83300
2016-09-23,19.68000030517578,19.989999771118164,19.389999389648438,19.600000381469727,19.600000381469727,64600
2016-09-26,19.59000015258789,19.729999542236328,19.139999389648438,19.15999984741211,19.15999984741211,79000
2016-09-27,18.760000228881836,19.450000762939453,18.760000228881836,19.260000228881836,19.260000228881836,54700
2016-09-28,19.770000457763672,20.030000686645508,19.1299991607666,20.010000228881836,20.010000228881836,116700
2016-09-29,19.950000762939453,19.989999771118164,19.34000015258789,19.459999084472656,19.459999084472656,37900
2016-09-30,19.6200008392334,20.40999984741211,19.270000457763672,20.239999771118164,20.239999771118164,136200
2016-10-03,20.059999465942383,20.100000381469727,19.40999984741211,19.989999771118164,19.989999771118164,104900
2016-10-04,19.940000534057617,20.209999084472656,19.770000457763672,20.040000915527344,20.040000915527344,127600
2016-10-05,20.0,20.1200008392334,19.770000457763672,19.959999084472656,19.959999084472656,64300
2016-10-06,19.899999618530273,20.040000915527344,19.540000915527344,19.950000762939453,19.950000762939453,61600
2016-10-07,19.75,20.149999618530273,19.420000076293945,19.579999923706055,19.579999923706055,64000
2016-10-10,19.579999923706055,20.100000381469727,19.579999923706055,19.899999618530273,19.899999618530273,125600
2016-10-11,19.850000381469727,20.030000686645508,19.520000457763672,19.68000030517578,19.68000030517578,78100
2016-10-12,19.780000686645508,20.25,18.96500015258789,20.06999969482422,20.06999969482422,134700
2016-10-13,20.0,20.450000762939453,19.940000534057617,20.389999389648438,20.389999389648438,123100
2016-10-14,20.540000915527344,20.84000015258789,20.040000915527344,20.06999969482422,20.06999969482422,61000
2016-10-17,19.950000762939453,20.329999923706055,19.75,20.1200008392334,20.1200008392334,87300
2016-10-18,20.280000686645508,20.405000686645508,19.989999771118164,20.0,20.0,84000
2016-10-19,20.030000686645508,20.030000686645508,19.639999389648438,19.75,19.75,77700
2016-10-20,19.649999618530273,20.1200008392334,19.549999237060547,20.020000457763672,20.020000457763672,141400
2016-10-21,19.93000030517578,20.3700008392334,19.450000762939453,20.350000381469727,20.350000381469727,153200
2016-10-24,20.5,20.93000030517578,20.070999145507812,20.68000030517578,20.68000030517578,269100
2016-10-25,20.610000610351562,20.739999771118164,20.020000457763672,20.020000457763672,20.020000457763672,84500
2016-10-26,20.0,20.0,18.1299991607666,18.3700008392334,18.3700008392334,267000
2016-10-27,18.469999313354492,18.545000076293945,16.600000381469727,16.670000076293945,16.670000076293945,268500
2016-10-28,16.649999618530273,16.934999465942383,16.209999084472656,16.260000228881836,16.260000228881836,117300
2016-10-31,16.350000381469727,16.600000381469727,16.049999237060547,16.100000381469727,16.100000381469727,107800
2016-11-01,16.25,16.25,15.449999809265137,15.800000190734863,15.800000190734863,109700
2016-11-02,15.649999618530273,16.600000381469727,15.649999618530273,16.299999237060547,16.299999237060547,142300
2016-11-03,16.399999618530273,16.600000381469727,15.899999618530273,16.0,16.0,68800
2016-11-04,16.049999237060547,16.299999237060547,15.600000381469727,15.649999618530273,15.649999618530273,99000
2016-11-07,15.949999809265137,16.350000381469727,15.65999984741211,16.200000762939453,16.200000762939453,142700
2016-11-08,16.100000381469727,16.700000762939453,15.949999809265137,16.100000381469727,16.100000381469727,256800
2016-11-09,15.800000190734863,15.800000190734863,13.600000381469727,14.600000381469727,14.600000381469727,417000
2016-11-10,15.100000381469727,15.350000381469727,14.5,14.75,14.75,313700
2016-11-11,14.699999809265137,15.199999809265137,14.0600004196167,15.050000190734863,15.050000190734863,262100
2016-11-14,15.100000381469727,16.350000381469727,14.706000328063965,15.649999618530273,15.649999618530273,270400
2016-11-15,15.699999809265137,15.75,15.0600004196167,15.550000190734863,15.550000190734863,196200
2016-11-16,15.550000190734863,15.949999809265137,15.449999809265137,15.949999809265137,15.949999809265137,95000
2016-11-17,15.899999618530273,17.399999618530273,15.899999618530273,17.399999618530273,17.399999618530273,257600
2016-11-18,17.399999618530273,17.75,17.25,17.600000381469727,17.600000381469727,214300
2016-11-21,17.700000762939453,17.950000762939453,17.299999237060547,17.600000381469727,17.600000381469727,147200
2016-11-22,17.600000381469727,17.649999618530273,16.75,16.950000762939453,16.950000762939453,224900
2016-11-23,17.049999237060547,17.049999237060547,15.5,16.100000381469727,16.100000381469727,232200
2016-11-25,16.049999237060547,16.549999237060547,16.049999237060547,16.350000381469727,16.350000381469727,101800
2016-11-28,16.350000381469727,16.350000381469727,15.300000190734863,15.399999618530273,15.399999618530273,231200
2016-11-29,15.449999809265137,15.649999618530273,14.800000190734863,14.949999809265137,14.949999809265137,148900
2016-11-30,15.100000381469727,15.350000381469727,14.699999809265137,14.75,14.75,205600
2016-12-01,14.699999809265137,14.949999809265137,13.600000381469727,13.75,13.75,479900
2016-12-02,13.850000381469727,14.5,13.75,14.0,14.0,154300
2016-12-05,14.100000381469727,14.350000381469727,13.649999618530273,13.75,13.75,138200
2016-12-06,13.850000381469727,13.949999809265137,13.649999618530273,13.699999809265137,13.699999809265137,125500
2016-12-07,13.699999809265137,14.199999809265137,13.600000381469727,13.850000381469727,13.850000381469727,145900
2016-12-08,14.050000190734863,14.350000381469727,13.850000381469727,14.25,14.25,141400
2016-12-09,14.300000190734863,15.050000190734863,14.300000190734863,14.850000381469727,14.850000381469727,148400
2016-12-12,14.949999809265137,15.149999618530273,14.149999618530273,14.300000190734863,14.300000190734863,99300
2016-12-13,14.350000381469727,14.850000381469727,14.149999618530273,14.449999809265137,14.449999809265137,128100
2016-12-14,14.5,14.649999618530273,13.600000381469727,13.699999809265137,13.699999809265137,131600
2016-12-15,13.649999618530273,14.350000381469727,13.600000381469727,14.0,14.0,126600
2016-12-16,13.949999809265137,14.899999618530273,13.949999809265137,14.300000190734863,14.300000190734863,528800
2016-12-19,14.25,14.699999809265137,13.600000381469727,13.899999618530273,13.899999618530273,257500
2016-12-20,14.149999618530273,14.5,13.850000381469727,14.25,14.25,680200
2016-12-21,14.300000190734863,15.649999618530273,14.25,15.449999809265137,15.449999809265137,290600
2016-12-22,15.350000381469727,15.649999618530273,14.600000381469727,14.800000190734863,14.800000190734863,253100
2016-12-23,14.449999809265137,15.350000381469727,14.449999809265137,14.949999809265137,14.949999809265137,152700
2016-12-27,14.949999809265137,15.399999618530273,14.774999618530273,14.899999618530273,14.899999618530273,156400
2016-12-28,14.850000381469727,16.200000762939453,14.850000381469727,15.949999809265137,15.949999809265137,203100
2016-12-29,15.949999809265137,16.549999237060547,15.699999809265137,15.850000381469727,15.850000381469727,160100
2016-12-30,15.850000381469727,15.850000381469727,15.449999809265137,15.850000381469727,15.850000381469727,103200
2017-01-03,16.049999237060547,16.149999618530273,15.100000381469727,15.5,15.5,189000
2017-01-04,15.75,16.424999237060547,15.449999809265137,16.200000762939453,16.200000762939453,433300
2017-01-05,16.149999618530273,16.375,16.0,16.149999618530273,16.149999618530273,285700
2017-01-06,16.149999618530273,16.25,15.600000381469727,16.0,16.0,243100
2017-01-09,16.100000381469727,18.399999618530273,16.100000381469727,18.0,18.0,564600
2017-01-10,17.950000762939453,18.049999237060547,16.958999633789062,17.850000381469727,17.850000381469727,239300
2017-01-11,17.950000762939453,18.149999618530273,17.75,17.950000762939453,17.950000762939453,241900
2017-01-12,17.899999618530273,18.100000381469727,17.649999618530273,17.950000762939453,17.950000762939453,96200
2017-01-13,17.950000762939453,18.450000762939453,17.899999618530273,18.200000762939453,18.200000762939453,146500
2017-01-17,18.100000381469727,18.399999618530273,17.549999237060547,18.049999237060547,18.049999237060547,194700
2017-01-18,18.149999618530273,18.350000381469727,17.899999618530273,18.350000381469727,18.350000381469727,255500
2017-01-19,18.399999618530273,18.399999618530273,17.850000381469727,18.0,18.0,133700
2017-01-20,18.0,18.100000381469727,17.850000381469727,18.0,18.0,99000
2017-01-23,17.950000762939453,18.149999618530273,17.75,17.950000762939453,17.950000762939453,119000
2017-01-24,18.049999237060547,18.399999618530273,17.799999237060547,18.350000381469727,18.350000381469727,115900
2017-01-25,18.549999237060547,19.25,18.450000762939453,19.149999618530273,19.149999618530273,313400
2017-01-26,19.25,19.350000381469727,18.5,18.5,18.5,260800
2017-01-27,18.5,18.799999237060547,18.100000381469727,18.549999237060547,18.549999237060547,199900
2017-01-30,18.399999618530273,18.600000381469727,17.899999618530273,18.149999618530273,18.149999618530273,182200
2017-01-31,18.5,18.75,18.0,18.5,18.5,155600
2017-02-01,18.549999237060547,19.25,18.549999237060547,18.799999237060547,18.799999237060547,139100
2017-02-02,18.850000381469727,19.200000762939453,18.399999618530273,19.100000381469727,19.100000381469727,149500
2017-02-03,19.149999618530273,19.299999237060547,18.700000762939453,19.299999237060547,19.299999237060547,129600
2017-02-06,19.200000762939453,19.350000381469727,19.010000228881836,19.299999237060547,19.299999237060547,101300
2017-02-07,19.299999237060547,19.600000381469727,19.149999618530273,19.5,19.5,241900
2017-02-08,19.450000762939453,19.799999237060547,19.149999618530273,19.649999618530273,19.649999618530273,163100
2017-02-09,19.600000381469727,20.049999237060547,19.399999618530273,20.0,20.0,227700
2017-02-10,20.100000381469727,20.149999618530273,19.850000381469727,20.0,20.0,103600
2017-02-13,20.049999237060547,20.399999618530273,19.899999618530273,19.950000762939453,19.950000762939453,141100
2017-02-14,19.950000762939453,20.450000762939453,19.899999618530273,20.200000762939453,20.200000762939453,146200
2017-02-15,20.200000762939453,20.850000381469727,19.95599937438965,20.600000381469727,20.600000381469727,90500
2017-02-16,20.5,20.799999237060547,20.350000381469727,20.649999618530273,20.649999618530273,146500
2017-02-17,20.600000381469727,20.850000381469727,20.450000762939453,20.75,20.75,159700
2017-02-21,20.899999618530273,21.450000762939453,20.899999618530273,21.100000381469727,21.100000381469727,205800
2017-02-22,21.149999618530273,21.799999237060547,21.100000381469727,21.450000762939453,21.450000762939453,163000
2017-02-23,21.600000381469727,21.799999237060547,21.200000762939453,21.700000762939453,21.700000762939453,114300
2017-02-24,21.5,22.850000381469727,21.5,22.450000762939453,22.450000762939453,154600
2017-02-27,22.600000381469727,22.600000381469727,21.799999237060547,22.450000762939453,22.450000762939453,206900
2017-02-28,22.5,22.600000381469727,22.100000381469727,22.5,22.5,328000
2017-03-01,22.75,22.75,21.5,21.700000762939453,21.700000762939453,469500
2017-03-02,21.600000381469727,21.700000762939453,20.799999237060547,20.899999618530273,20.899999618530273,213100
2017-03-03,20.899999618530273,21.25,20.5,20.950000762939453,20.950000762939453,310100
2017-03-06,20.799999237060547,21.0,20.100000381469727,20.850000381469727,20.850000381469727,444100
2017-03-07,20.850000381469727,21.049999237060547,20.5,20.700000762939453,20.700000762939453,313500
2017-03-08,20.75,21.200000762939453,20.549999237060547,21.0,21.0,223600
2017-03-09,21.0,21.299999237060547,20.75,20.950000762939453,20.950000762939453,233200
2017-03-10,18.0,19.799999237060547,18.0,18.850000381469727,18.850000381469727,1458400
2017-03-13,18.75,20.450000762939453,18.475000381469727,20.450000762939453,20.450000762939453,525900
2017-03-14,20.450000762939453,20.450000762939453,19.399999618530273,19.549999237060547,19.549999237060547,251300
2017-03-15,19.600000381469727,20.049999237060547,19.200000762939453,19.799999237060547,19.799999237060547,390700
2017-03-16,19.850000381469727,19.950000762939453,19.5,19.899999618530273,19.899999618530273,242300
2017-03-17,19.799999237060547,20.100000381469727,19.674999237060547,19.899999618530273,19.899999618530273,524900
2017-03-20,19.600000381469727,20.049999237060547,19.549999237060547,19.899999618530273,19.899999618530273,248800
2017-03-21,19.950000762939453,20.049999237060547,18.875,19.100000381469727,19.100000381469727,257800
2017-03-22,19.100000381469727,19.299999237060547,18.649999618530273,19.100000381469727,19.100000381469727,219500
2017-03-23,19.100000381469727,19.350000381469727,18.700000762939453,19.149999618530273,19.149999618530273,201800
2017-03-24,19.049999237060547,19.850000381469727,19.049999237060547,19.75,19.75,167600
2017-03-27,19.600000381469727,20.0,19.350000381469727,19.700000762939453,19.700000762939453,131700
2017-03-28,19.75,19.899999618530273,19.25,19.600000381469727,19.600000381469727,215200
2017-03-29,19.450000762939453,20.0,19.100000381469727,19.25,19.25,159500
2017-03-30,19.200000762939453,19.524999618530273,19.149999618530273,19.5,19.5,108800
2017-03-31,19.450000762939453,19.5,19.149999618530273,19.5,19.5,143900
2017-04-03,19.5,19.700000762939453,19.049999237060547,19.350000381469727,19.350000381469727,101800
2017-04-04,19.200000762939453,19.5,18.850000381469727,19.450000762939453,19.450000762939453,135600
2017-04-05,19.5,19.600000381469727,19.149999618530273,19.399999618530273,19.399999618530273,159800
2017-04-06,19.399999618530273,19.700000762939453,19.25,19.5,19.5,173900
2017-04-07,19.399999618530273,19.549999237060547,18.75,19.049999237060547,19.049999237060547,409100
2017-04-10,19.0,19.5,18.549999237060547,18.600000381469727,18.600000381469727,132700
2017-04-11,18.600000381469727,19.31599998474121,18.600000381469727,18.950000762939453,18.950000762939453,113500
2017-04-12,18.950000762939453,18.950000762939453,18.450000762939453,18.600000381469727,18.600000381469727,102300
2017-04-13,18.600000381469727,18.850000381469727,18.125,18.200000762939453,18.200000762939453,149500
2017-04-17,18.25,18.450000762939453,18.0,18.25,18.25,116400
2017-04-18,18.100000381469727,18.100000381469727,17.649999618530273,17.950000762939453,17.950000762939453,85600
2017-04-19,17.850000381469727,18.049999237060547,17.75,17.850000381469727,17.850000381469727,153600
2017-04-20,17.950000762939453,18.25,17.850000381469727,18.149999618530273,18.149999618530273,263200
2017-04-21,18.049999237060547,18.200000762939453,17.450000762939453,17.600000381469727,17.600000381469727,218400
2017-04-24,17.799999237060547,18.0,17.020000457763672,17.700000762939453,17.700000762939453,389200
2017-04-25,17.899999618530273,18.049999237060547,17.75,17.899999618530273,17.899999618530273,201400
2017-04-26,17.899999618530273,18.049999237060547,17.450000762939453,17.600000381469727,17.600000381469727,138900
2017-04-27,17.700000762939453,17.850000381469727,17.375,17.399999618530273,17.399999618530273,101300
2017-04-28,17.350000381469727,17.399999618530273,17.0,17.200000762939453,17.200000762939453,129800
2017-05-01,17.25,17.700000762939453,17.049999237060547,17.700000762939453,17.700000762939453,199900
2017-05-02,17.649999618530273,17.9060001373291,17.350000381469727,17.799999237060547,17.799999237060547,99900
2017-05-03,17.75,17.850000381469727,17.274999618530273,17.299999237060547,17.299999237060547,126500
2017-05-04,17.399999618530273,17.850000381469727,17.25,17.75,17.75,102600
2017-05-05,17.850000381469727,18.075000762939453,17.549999237060547,17.75,17.75,260600
2017-05-08,17.75,18.149999618530273,17.350000381469727,17.850000381469727,17.850000381469727,115700
2017-05-09,17.850000381469727,18.25,17.850000381469727,18.200000762939453,18.200000762939453,153600
2017-05-10,18.0,21.899999618530273,18.0,20.950000762939453,20.950000762939453,590100
2017-05-11,21.049999237060547,22.299999237060547,20.399999618530273,21.950000762939453,21.950000762939453,594200
2017-05-12,21.899999618530273,22.0,21.549999237060547,21.600000381469727,21.600000381469727,304700
2017-05-15,21.600000381469727,22.350000381469727,21.549999237060547,21.75,21.75,288400
2017-05-16,21.850000381469727,21.95199966430664,21.225000381469727,21.649999618530273,21.649999618530273,227700
2017-05-17,21.350000381469727,22.049999237060547,21.350000381469727,21.799999237060547,21.799999237060547,122100
2017-05-18,21.850000381469727,22.25,21.649999618530273,21.799999237060547,21.799999237060547,136800
2017-05-19,21.899999618530273,22.149999618530273,21.450000762939453,21.899999618530273,21.899999618530273,178600
2017-05-22,22.049999237060547,22.100000381469727,21.5,21.649999618530273,21.649999618530273,109700
2017-05-23,21.649999618530273,22.5,21.399999618530273,22.350000381469727,22.350000381469727,207000
2017-05-24,22.399999618530273,22.600000381469727,21.700000762939453,21.75,21.75,118500
2017-05-25,21.799999237060547,22.450000762939453,21.799999237060547,22.450000762939453,22.450000762939453,104600
2017-05-26,22.399999618530273,22.450000762939453,21.950000762939453,22.25,22.25,108700
2017-05-30,22.200000762939453,22.299999237060547,21.950000762939453,22.100000381469727,22.100000381469727,103800
2017-05-31,22.200000762939453,22.200000762939453,21.299999237060547,21.799999237060547,21.799999237060547,207100
2017-06-01,21.75,23.200000762939453,21.700000762939453,23.100000381469727,23.100000381469727,211500
2017-06-02,23.0,23.0,22.100000381469727,22.549999237060547,22.549999237060547,209300
2017-06-05,22.549999237060547,22.649999618530273,21.850000381469727,22.0,22.0,151400
2017-06-06,21.75,22.0,21.450000762939453,21.649999618530273,21.649999618530273,102200
2017-06-07,21.75,22.049999237060547,21.725000381469727,21.899999618530273,21.899999618530273,59100
2017-06-08,21.850000381469727,22.5,21.700000762939453,21.799999237060547,21.799999237060547,136300
2017-06-09,21.850000381469727,22.049999237060547,21.549999237060547,21.700000762939453,21.700000762939453,101400
2017-06-12,21.700000762939453,22.25,21.200000762939453,21.899999618530273,21.899999618530273,191400
2017-06-13,22.0,22.950000762939453,22.0,22.799999237060547,22.799999237060547,172100
2017-06-14,22.75,22.924999237060547,22.399999618530273,22.549999237060547,22.549999237060547,78900
2017-06-15,22.399999618530273,22.549999237060547,22.049999237060547,22.25,22.25,53500
2017-06-16,21.950000762939453,22.600000381469727,21.799999237060547,22.549999237060547,22.549999237060547,178600
2017-06-19,22.649999618530273,23.100000381469727,22.0,22.899999618530273,22.899999618530273,136800
2017-06-20,22.950000762939453,23.0,21.760000228881836,22.25,22.25,48400
2017-06-21,22.049999237060547,22.700000762939453,21.875,22.0,22.0,116200
2017-06-22,21.799999237060547,22.950000762939453,21.799999237060547,22.75,22.75,118800
2017-06-23,22.850000381469727,22.850000381469727,22.299999237060547,22.5,22.5,424500
2017-06-26,22.549999237060547,22.850000381469727,22.149999618530273,22.399999618530273,22.399999618530273,126200
2017-06-27,22.450000762939453,23.649999618530273,22.399999618530273,23.049999237060547,23.049999237060547,161600
2017-06-28,23.200000762939453,24.049999237060547,22.850000381469727,23.600000381469727,23.600000381469727,87800
2017-06-29,23.75,23.799999237060547,23.049999237060547,23.649999618530273,23.649999618530273,154800
2017-06-30,23.700000762939453,23.700000762939453,22.75,22.75,22.75,98200
2017-07-03,22.850000381469727,22.850000381469727,22.149999618530273,22.299999237060547,22.299999237060547,52600
2017-07-05,22.299999237060547,22.5,21.899999618530273,21.899999618530273,21.899999618530273,168600
2017-07-06,21.75,21.899999618530273,21.100000381469727,21.149999618530273,21.149999618530273,152000
2017-07-07,21.299999237060547,21.700000762939453,20.649999618530273,21.299999237060547,21.299999237060547,318300
2017-07-10,21.200000762939453,21.299999237060547,20.649999618530273,20.75,20.75,159300
2017-07-11,20.799999237060547,21.200000762939453,20.5,20.799999237060547,20.799999237060547,270600
2017-07-12,20.399999618530273,21.049999237060547,20.399999618530273,20.850000381469727,20.850000381469727,413900
2017-07-13,20.649999618530273,20.774999618530273,20.350000381469727,20.399999618530273,20.399999618530273,194000
2017-07-14,20.450000762939453,21.899999618530273,20.450000762939453,21.600000381469727,21.600000381469727,195700
2017-07-17,21.700000762939453,21.75,21.100000381469727,21.5,21.5,300300
2017-07-18,21.399999618530273,21.649999618530273,20.75,20.850000381469727,20.850000381469727,191900
2017-07-19,20.850000381469727,21.649999618530273,20.850000381469727,21.299999237060547,21.299999237060547,707700
2017-07-20,21.350000381469727,21.75,21.225000381469727,21.549999237060547,21.549999237060547,194800
2017-07-21,21.700000762939453,21.700000762939453,21.25,21.350000381469727,21.350000381469727,166500
2017-07-24,21.399999618530273,21.5,21.142000198364258,21.450000762939453,21.450000762939453,108400
2017-07-25,21.600000381469727,21.600000381469727,21.149999618530273,21.350000381469727,21.350000381469727,95700
2017-07-26,21.350000381469727,21.649999618530273,21.0,21.450000762939453,21.450000762939453,136300
2017-07-27,21.549999237060547,21.549999237060547,20.149999618530273,20.25,20.25,130900
2017-07-28,20.350000381469727,20.5,19.899999618530273,20.299999237060547,20.299999237060547,103400
2017-07-31,20.299999237060547,20.350000381469727,19.549999237060547,19.850000381469727,19.850000381469727,172000
2017-08-01,20.0,21.100000381469727,19.950000762939453,20.350000381469727,20.350000381469727,174900
2017-08-02,20.25,20.299999237060547,19.399999618530273,19.549999237060547,19.549999237060547,122400
2017-08-03,19.649999618530273,19.799999237060547,19.149999618530273,19.399999618530273,19.399999618530273,104500
2017-08-04,19.549999237060547,19.975000381469727,19.299999237060547,19.600000381469727,19.600000381469727,97900
2017-08-07,19.549999237060547,20.600000381469727,18.649999618530273,18.950000762939453,18.950000762939453,155800
2017-08-08,18.75,20.0,18.549999237060547,19.149999618530273,19.149999618530273,266600
2017-08-09,13.050000190734863,13.75,9.199999809265137,12.149999618530273,12.149999618530273,4992500
2017-08-10,12.100000381469727,12.225000381469727,10.649999618530273,10.699999809265137,10.699999809265137,1218100
2017-08-11,10.850000381469727,11.300000190734863,10.75,11.100000381469727,11.100000381469727,844000
2017-08-14,11.199999809265137,11.199999809265137,10.5,10.600000381469727,10.600000381469727,520800
2017-08-15,10.550000190734863,10.550000190734863,8.949999809265137,9.149999618530273,9.149999618530273,831900
2017-08-16,9.5,10.140000343322754,9.449999809265137,9.649999618530273,9.649999618530273,643900
2017-08-17,9.649999618530273,10.050000190734863,9.25,9.300000190734863,9.300000190734863,447900
2017-08-18,9.199999809265137,9.550000190734863,9.050000190734863,9.149999618530273,9.149999618530273,214300
2017-08-21,9.25,9.300000190734863,9.050000190734863,9.100000381469727,9.100000381469727,222100
2017-08-22,9.199999809265137,9.345999717712402,9.100000381469727,9.149999618530273,9.149999618530273,661900
2017-08-23,9.100000381469727,9.25,8.949999809265137,9.100000381469727,9.100000381469727,285500
2017-08-24,9.199999809265137,9.300000190734863,9.0,9.199999809265137,9.199999809265137,474300
2017-08-25,9.149999618530273,9.5,8.699999809265137,8.899999618530273,8.899999618530273,864600
2017-08-28,8.949999809265137,8.949999809265137,8.524999618530273,8.75,8.75,311200
2017-08-29,8.649999618530273,9.199999809265137,8.649999618530273,9.0,9.0,828800
2017-08-30,8.949999809265137,9.050000190734863,8.699999809265137,8.899999618530273,8.899999618530273,428000
2017-08-31,8.899999618530273,10.100000381469727,8.875,9.75,9.75,998300
2017-09-01,9.75,10.550000190734863,9.75,10.399999618530273,10.399999618530273,562400
2017-09-05,10.399999618530273,10.449999809265137,9.949999809265137,10.050000190734863,10.050000190734863,498400
2017-09-06,10.100000381469727,10.600000381469727,9.71500015258789,10.550000190734863,10.550000190734863,592100
2017-09-07,10.449999809265137,10.449999809265137,9.430000305175781,9.949999809265137,9.949999809265137,1086400
2017-09-08,9.949999809265137,9.949999809265137,9.25,9.600000381469727,9.600000381469727,590500
2017-09-11,9.850000381469727,10.0,9.449999809265137,9.5,9.5,326600
2017-09-12,9.75,10.0,9.5,9.899999618530273,9.899999618530273,376700
2017-09-13,9.899999618530273,9.949999809265137,9.475000381469727,9.5,9.5,595100
2017-09-14,9.5,9.800000190734863,9.449999809265137,9.699999809265137,9.699999809265137,416900
2017-09-15,9.75,10.024999618530273,9.550000190734863,10.0,10.0,720600
2017-09-18,9.949999809265137,10.199999809265137,9.699999809265137,9.850000381469727,9.850000381469727,392900
2017-09-19,9.800000190734863,9.949999809265137,9.425000190734863,9.550000190734863,9.550000190734863,928700
2017-09-20,9.600000381469727,10.100000381469727,9.399999618530273,9.949999809265137,9.949999809265137,310900
2017-09-21,9.850000381469727,10.324999809265137,9.699999809265137,10.0,10.0,492100
2017-09-22,10.050000190734863,10.149999618530273,9.399999618530273,9.600000381469727,9.600000381469727,286500
2017-09-25,9.5,9.75,9.050000190734863,9.199999809265137,9.199999809265137,298400
2017-09-26,9.300000190734863,10.25,9.25,10.149999618530273,10.149999618530273,511800
2017-09-27,10.25,10.34000015258789,9.6899995803833,9.949999809265137,9.949999809265137,340000
2017-09-28,9.899999618530273,10.449999809265137,9.649999618530273,10.25,10.25,384200
2017-09-29,10.350000381469727,11.149999618530273,10.300000190734863,10.350000381469727,10.350000381469727,489400
2017-10-02,10.449999809265137,11.149999618530273,10.350000381469727,11.050000190734863,11.050000190734863,391700
2017-10-03,11.0,11.300000190734863,10.800000190734863,11.100000381469727,11.100000381469727,549000
2017-10-04,11.050000190734863,11.199999809265137,10.949999809265137,10.949999809265137,10.949999809265137,425300
2017-10-05,11.050000190734863,11.399999618530273,10.949999809265137,11.199999809265137,11.199999809265137,423600
2017-10-06,11.100000381469727,11.350000381469727,10.859999656677246,11.300000190734863,11.300000190734863,425400
2017-10-09,11.199999809265137,11.199999809265137,9.600000381469727,9.850000381469727,9.850000381469727,651500
2017-10-10,10.0,10.199999809265137,9.149999618530273,9.449999809265137,9.449999809265137,509700
2017-10-11,9.399999618530273,9.600000381469727,9.300000190734863,9.350000381469727,9.350000381469727,264500
2017-10-12,9.449999809265137,9.520000457763672,9.0,9.100000381469727,9.100000381469727,548700
2017-10-13,9.050000190734863,9.199999809265137,8.899999618530273,8.949999809265137,8.949999809265137,305900
2017-10-16,9.100000381469727,9.600000381469727,9.050000190734863,9.300000190734863,9.300000190734863,308600
2017-10-17,9.300000190734863,9.600000381469727,9.079999923706055,9.550000190734863,9.550000190734863,200200
2017-10-18,9.649999618530273,9.649999618530273,9.050000190734863,9.100000381469727,9.100000381469727,276700
2017-10-19,9.100000381469727,9.399999618530273,8.949999809265137,9.300000190734863,9.300000190734863,393000
2017-10-20,9.350000381469727,9.850000381469727,9.300000190734863,9.800000190734863,9.800000190734863,398600
2017-10-23,9.75,9.899999618530273,9.5,9.75,9.75,225000
2017-10-24,9.75,9.899999618530273,9.625,9.75,9.75,242900
2017-10-25,9.800000190734863,9.850000381469727,9.300000190734863,9.449999809265137,9.449999809265137,485300
2017-10-26,9.449999809265137,9.550000190734863,9.100000381469727,9.449999809265137,9.449999809265137,293700
2017-10-27,9.550000190734863,9.550000190734863,9.050000190734863,9.100000381469727,9.100000381469727,248900
2017-10-30,9.050000190734863,9.600000381469727,8.949999809265137,9.149999618530273,9.149999618530273,222100
2017-10-31,9.25,9.449999809265137,9.050000190734863,9.25,9.25,159900
2017-11-01,7.5,8.550000190734863,7.099999904632568,7.75,7.75,1842400
2017-11-02,7.650000095367432,7.949999809265137,7.550000190734863,7.925000190734863,7.925000190734863,515000
2017-11-03,7.949999809265137,8.600000381469727,7.875,8.0,8.0,759300
2017-11-06,8.050000190734863,8.050000190734863,7.849999904632568,7.949999809265137,7.949999809265137,406500
2017-11-07,8.050000190734863,8.274999618530273,7.900000095367432,8.100000381469727,8.100000381469727,457600
2017-11-08,8.0,8.350000381469727,8.0,8.199999809265137,8.199999809265137,554800
2017-11-09,8.199999809265137,9.899999618530273,7.900000095367432,9.600000381469727,9.600000381469727,1088100
2017-11-10,9.600000381469727,9.75,8.949999809265137,9.449999809265137,9.449999809265137,544900
2017-11-13,9.199999809265137,9.300000190734863,8.600000381469727,8.75,8.75,541400
2017-11-14,8.649999618530273,9.25,8.260000228881836,8.300000190734863,8.300000190734863,324300
2017-11-15,8.300000190734863,8.300000190734863,7.900000095367432,7.900000095367432,7.900000095367432,425500
2017-11-16,8.050000190734863,8.5,8.0,8.199999809265137,8.199999809265137,585300
2017-11-17,8.199999809265137,8.475000381469727,8.100000381469727,8.350000381469727,8.350000381469727,514500
2017-11-20,9.0,9.0,7.599999904632568,7.650000095367432,7.650000095367432,597700
2017-11-21,7.699999809265137,8.300000190734863,7.550000190734863,8.25,8.25,708900
2017-11-22,8.300000190734863,8.75,8.199999809265137,8.550000190734863,8.550000190734863,345400
2017-11-24,8.649999618530273,8.949999809265137,8.149999618530273,8.550000190734863,8.550000190734863,121900
2017-11-27,8.550000190734863,8.800000190734863,8.350000381469727,8.600000381469727,8.600000381469727,254700
2017-11-28,8.649999618530273,9.600000381469727,8.449999809265137,9.600000381469727,9.600000381469727,1155200
2017-11-29,9.5,9.699999809265137,9.25,9.399999618530273,9.399999618530273,436900
2017-11-30,9.600000381469727,9.699999809265137,9.25,9.399999618530273,9.399999618530273,332700
2017-12-01,9.449999809265137,9.449999809265137,8.899999618530273,9.350000381469727,9.350000381469727,330200
2017-12-04,9.550000190734863,10.0,9.0,9.100000381469727,9.100000381469727,379100
2017-12-05,9.149999618530273,9.149999618530273,8.550000190734863,8.600000381469727,8.600000381469727,300200
2017-12-06,8.550000190734863,8.75,8.149999618530273,8.350000381469727,8.350000381469727,450400
2017-12-07,8.449999809265137,9.100000381469727,8.199999809265137,8.850000381469727,8.850000381469727,441400
2017-12-08,8.949999809265137,9.350000381469727,8.527000427246094,9.300000190734863,9.300000190734863,395900
2017-12-11,9.350000381469727,9.850000381469727,8.949999809265137,9.75,9.75,489700
2017-12-12,9.850000381469727,9.899999618530273,9.5,9.550000190734863,9.550000190734863,393700
2017-12-13,9.699999809265137,9.850000381469727,9.449999809265137,9.5,9.5,393400
2017-12-14,9.5,9.800000190734863,9.5,9.75,9.75,285700
2017-12-15,10.050000190734863,11.5,10.010000228881836,11.149999618530273,11.149999618530273,1461700
2017-12-18,11.199999809265137,12.0,11.199999809265137,11.399999618530273,11.399999618530273,661200
2017-12-19,11.300000190734863,11.699999809265137,10.600000381469727,10.850000381469727,10.850000381469727,581800
2017-12-20,10.949999809265137,11.100000381469727,10.600000381469727,10.649999618530273,10.649999618530273,395300
2017-12-21,10.649999618530273,11.274999618530273,10.649999618530273,11.149999618530273,11.149999618530273,449700
2017-12-22,11.149999618530273,12.774999618530273,11.149999618530273,12.699999809265137,12.699999809265137,561700
2017-12-26,12.699999809265137,12.75,12.0,12.149999618530273,12.149999618530273,358200
2017-12-27,12.149999618530273,12.300000190734863,12.0,12.100000381469727,12.100000381469727,207600
2017-12-28,12.149999618530273,12.5,12.050000190734863,12.199999809265137,12.199999809265137,205500
2017-12-29,12.199999809265137,12.600000381469727,12.100000381469727,12.100000381469727,12.100000381469727,266100
2018-01-02,12.100000381469727,13.350000381469727,12.100000381469727,13.350000381469727,13.350000381469727,354100
2018-01-03,13.399999618530273,13.449999809265137,12.774999618530273,12.899999618530273,12.899999618530273,410100
2018-01-04,12.899999618530273,13.25,12.550000190734863,12.899999618530273,12.899999618530273,430500
2018-01-05,13.0,13.09000015258789,12.550000190734863,12.649999618530273,12.649999618530273,291000
2018-01-08,12.550000190734863,13.149999618530273,12.350000381469727,13.149999618530273,13.149999618530273,566200
2018-01-09,13.25,14.550000190734863,13.050000190734863,14.0,14.0,824600
2018-01-10,13.850000381469727,14.25,13.5,13.800000190734863,13.800000190734863,670700
2018-01-11,14.100000381469727,14.75,13.699999809265137,14.649999618530273,14.649999618530273,464400
2018-01-12,14.75,15.699999809265137,14.5600004196167,15.199999809265137,15.199999809265137,689100
2018-01-16,15.350000381469727,16.299999237060547,15.149999618530273,15.649999618530273,15.649999618530273,823900
2018-01-17,15.649999618530273,16.049999237060547,15.550000190734863,15.949999809265137,15.949999809265137,579300
2018-01-18,15.850000381469727,16.0,15.5,15.699999809265137,15.699999809265137,413000
2018-01-19,15.550000190734863,15.699999809265137,14.73900032043457,14.899999618530273,14.899999618530273,662300
2018-01-22,14.899999618530273,15.300000190734863,14.75,15.25,15.25,393900
2018-01-23,15.25,15.524999618530273,14.550000190734863,14.800000190734863,14.800000190734863,476100
2018-01-24,14.75,15.050000190734863,13.949999809265137,14.649999618530273,14.649999618530273,442400
2018-01-25,14.649999618530273,14.75,14.100000381469727,14.550000190734863,14.550000190734863,256800
2018-01-26,14.5,14.699999809265137,14.100000381469727,14.649999618530273,14.649999618530273,209800
2018-01-29,14.600000381469727,15.399999618530273,14.378000259399414,15.350000381469727,15.350000381469727,365400
2018-01-30,15.949999809265137,16.097999572753906,15.300000190734863,15.850000381469727,15.850000381469727,401800
2018-01-31,16.100000381469727,16.100000381469727,15.350000381469727,15.550000190734863,15.550000190734863,249200
2018-02-01,15.399999618530273,15.600000381469727,14.954999923706055,15.350000381469727,15.350000381469727,244800
2018-02-02,15.199999809265137,15.199999809265137,14.300000190734863,14.649999618530273,14.649999618530273,317700
2018-02-05,14.5,14.649999618530273,13.850000381469727,14.0,14.0,309700
2018-02-06,13.75,15.300000190734863,13.25,15.0,15.0,355000
2018-02-07,14.899999618530273,15.699999809265137,14.600000381469727,15.100000381469727,15.100000381469727,426200
2018-02-08,15.199999809265137,15.800000190734863,14.25,14.300000190734863,14.300000190734863,728100
2018-02-09,14.600000381469727,15.300000190734863,14.350000381469727,14.800000190734863,14.800000190734863,328600
2018-02-12,14.899999618530273,15.050000190734863,14.449999809265137,14.550000190734863,14.550000190734863,332800
2018-02-13,14.550000190734863,15.350000381469727,14.449999809265137,15.199999809265137,15.199999809265137,186900
2018-02-14,15.0,15.75,14.899999618530273,15.600000381469727,15.600000381469727,175500
2018-02-15,15.649999618530273,16.299999237060547,15.600000381469727,16.200000762939453,16.200000762939453,211700
2018-02-16,16.25,17.200000762939453,16.100000381469727,16.25,16.25,198000
2018-02-20,15.850000381469727,16.75,15.699999809265137,16.299999237060547,16.299999237060547,172700
2018-02-21,16.299999237060547,16.75,16.049999237060547,16.399999618530273,16.399999618530273,104200
2018-02-22,16.450000762939453,16.549999237060547,15.800000190734863,16.049999237060547,16.049999237060547,212500
2018-02-23,16.200000762939453,16.850000381469727,15.899999618530273,15.949999809265137,15.949999809265137,393100
2018-02-26,16.100000381469727,16.225000381469727,15.649999618530273,15.899999618530273,15.899999618530273,183600
2018-02-27,15.699999809265137,16.799999237060547,15.649999618530273,15.75,15.75,198300
2018-02-28,15.649999618530273,16.399999618530273,15.649999618530273,15.850000381469727,15.850000381469727,367200
2018-03-01,15.5,16.100000381469727,14.25,14.949999809265137,14.949999809265137,767500
2018-03-02,15.0,16.100000381469727,14.850000381469727,16.0,16.0,330400
2018-03-05,16.25,17.200000762939453,16.100000381469727,16.799999237060547,16.799999237060547,1172300
2018-03-06,16.700000762939453,17.257999420166016,16.450000762939453,16.799999237060547,16.799999237060547,304000
2018-03-07,16.649999618530273,17.649999618530273,16.649999618530273,17.350000381469727,17.350000381469727,392500
2018-03-08,17.5,17.75,17.049999237060547,17.399999618530273,17.399999618530273,211400
2018-03-09,17.450000762939453,17.700000762939453,17.049999237060547,17.299999237060547,17.299999237060547,272300
2018-03-12,17.399999618530273,17.549999237060547,17.100000381469727,17.25,17.25,212600
2018-03-13,17.350000381469727,17.5,16.549999237060547,16.649999618530273,16.649999618530273,298700
2018-03-14,16.649999618530273,17.399999618530273,16.649999618530273,16.75,16.75,198800
2018-03-15,16.700000762939453,17.200000762939453,16.625,16.950000762939453,16.950000762939453,211100
2018-03-16,17.0,17.399999618530273,16.850000381469727,17.149999618530273,17.149999618530273,306700
2018-03-19,17.350000381469727,17.350000381469727,16.700000762939453,17.0,17.0,321800
2018-03-20,16.950000762939453,17.200000762939453,16.049999237060547,16.149999618530273,16.149999618530273,277700
2018-03-21,16.100000381469727,17.0,16.0,16.799999237060547,16.799999237060547,185600
2018-03-22,16.600000381469727,16.850000381469727,16.299999237060547,16.399999618530273,16.399999618530273,202500
2018-03-23,16.5,16.899999618530273,16.299999237060547,16.299999237060547,16.299999237060547,207900
2018-03-26,16.600000381469727,16.950000762939453,16.25,16.799999237060547,16.799999237060547,197500
2018-03-27,16.850000381469727,17.25,16.600000381469727,16.850000381469727,16.850000381469727,192000
2018-03-28,16.799999237060547,17.450000762939453,16.5,16.799999237060547,16.799999237060547,196500
2018-03-29,16.899999618530273,17.399999618530273,16.850000381469727,17.149999618530273,17.149999618530273,373100
2018-04-02,16.950000762939453,17.975000381469727,16.700000762939453,16.950000762939453,16.950000762939453,421800
2018-04-03,17.100000381469727,17.549999237060547,16.899999618530273,17.100000381469727,17.100000381469727,191600
2018-04-04,17.149999618530273,17.899999618530273,16.826000213623047,17.75,17.75,375300
2018-04-05,17.850000381469727,18.200000762939453,17.649999618530273,17.950000762939453,17.950000762939453,262600
2018-04-06,17.899999618530273,18.200000762939453,17.450000762939453,17.700000762939453,17.700000762939453,336000
2018-04-09,17.899999618530273,18.5,17.649999618530273,17.700000762939453,17.700000762939453,286600
2018-04-10,17.799999237060547,18.25,17.5,17.75,17.75,332200
2018-04-11,17.200000762939453,17.649999618530273,15.925000190734863,16.649999618530273,16.649999618530273,712100
2018-04-12,16.649999618530273,17.049999237060547,16.5,16.524999618530273,16.524999618530273,158600
2018-04-13,16.700000762939453,16.899999618530273,16.25,16.5,16.5,280400
2018-04-16,16.549999237060547,17.100000381469727,16.299999237060547,16.899999618530273,16.899999618530273,164500
2018-04-17,17.049999237060547,17.399999618530273,17.0,17.149999618530273,17.149999618530273,260500
2018-04-18,17.100000381469727,17.850000381469727,17.0,17.475000381469727,17.475000381469727,306500
2018-04-19,17.299999237060547,18.25,17.299999237060547,18.100000381469727,18.100000381469727,852400
2018-04-20,18.049999237060547,18.200000762939453,17.5,17.549999237060547,17.549999237060547,216400
2018-04-23,17.549999237060547,17.774999618530273,16.549999237060547,16.75,16.75,224400
2018-04-24,16.850000381469727,17.450000762939453,16.299999237060547,16.75,16.75,233900
2018-04-25,16.799999237060547,16.850000381469727,16.299999237060547,16.450000762939453,16.450000762939453,130200
2018-04-26,16.399999618530273,16.649999618530273,15.75,15.75,15.75,259300
2018-04-27,15.800000190734863,16.100000381469727,15.625,15.699999809265137,15.699999809265137,186600
2018-04-30,15.850000381469727,16.274999618530273,15.649999618530273,16.0,16.0,516800
2018-05-01,16.049999237060547,16.524999618530273,15.75,16.399999618530273,16.399999618530273,164200
2018-05-02,16.450000762939453,17.200000762939453,16.450000762939453,16.899999618530273,16.899999618530273,312200
2018-05-03,16.75,16.75,15.699999809265137,15.800000190734863,15.800000190734863,244100
2018-05-04,15.800000190734863,16.149999618530273,15.350000381469727,16.100000381469727,16.100000381469727,273200
2018-05-07,16.200000762939453,17.25,16.200000762939453,17.100000381469727,17.100000381469727,154700
2018-05-08,16.850000381469727,17.25,16.850000381469727,17.049999237060547,17.049999237060547,194300
2018-05-09,15.600000381469727,17.600000381469727,15.399999618530273,17.299999237060547,17.299999237060547,629800
2018-05-10,17.399999618530273,18.700000762939453,16.700000762939453,18.25,18.25,565400
2018-05-11,18.75,19.899999618530273,18.549999237060547,19.350000381469727,19.350000381469727,1133500
2018-05-14,19.299999237060547,19.850000381469727,19.299999237060547,19.799999237060547,19.799999237060547,310800
2018-05-15,19.549999237060547,19.700000762939453,18.610000610351562,19.549999237060547,19.549999237060547,536300
2018-05-16,19.649999618530273,19.950000762939453,19.450000762939453,19.75,19.75,435800
2018-05-17,19.5,19.649999618530273,19.100000381469727,19.399999618530273,19.399999618530273,257900
2018-05-18,19.5,19.5,18.549999237060547,18.700000762939453,18.700000762939453,357000
2018-05-21,19.0,19.0,18.049999237060547,18.149999618530273,18.149999618530273,399800
2018-05-22,18.25,18.299999237060547,17.299999237060547,17.549999237060547,17.549999237060547,322400
2018-05-23,17.399999618530273,17.700000762939453,16.524999618530273,16.700000762939453,16.700000762939453,288400
2018-05-24,16.700000762939453,16.774999618530273,16.30500030517578,16.399999618530273,16.399999618530273,212900
2018-05-25,16.450000762939453,16.75,16.299999237060547,16.549999237060547,16.549999237060547,128800
2018-05-29,16.350000381469727,16.575000762939453,15.8100004196167,16.5,16.5,224100
2018-05-30,16.600000381469727,16.799999237060547,16.350000381469727,16.5,16.5,153500
2018-05-31,16.450000762939453,16.600000381469727,16.149999618530273,16.25,16.25,196000
2018-06-01,16.350000381469727,16.450000762939453,16.049999237060547,16.299999237060547,16.299999237060547,223000
2018-06-04,16.299999237060547,16.5,15.699999809265137,15.899999618530273,15.899999618530273,224200
2018-06-05,15.899999618530273,16.350000381469727,15.75,15.949999809265137,15.949999809265137,184700
2018-06-06,15.899999618530273,16.549999237060547,15.75,16.450000762939453,16.450000762939453,199300
2018-06-07,16.399999618530273,16.450000762939453,15.300000190734863,15.449999809265137,15.449999809265137,320700
2018-06-08,15.399999618530273,15.475000381469727,14.75,14.850000381469727,14.850000381469727,369400
2018-06-11,14.75,15.25,14.600000381469727,15.100000381469727,15.100000381469727,208400
2018-06-12,15.149999618530273,15.5,14.550000190734863,15.399999618530273,15.399999618530273,246000
2018-06-13,15.399999618530273,15.600000381469727,14.949999809265137,15.600000381469727,15.600000381469727,233100
2018-06-14,15.649999618530273,15.850000381469727,15.0,15.600000381469727,15.600000381469727,377500
2018-06-15,15.449999809265137,15.800000190734863,15.350000381469727,15.800000190734863,15.800000190734863,212300
2018-06-18,15.699999809265137,15.699999809265137,14.949999809265137,15.050000190734863,15.050000190734863,194800
2018-06-19,15.100000381469727,15.5,14.800000190734863,15.5,15.5,275400
2018-06-20,15.600000381469727,16.5,15.40999984741211,16.5,16.5,196000
2018-06-21,16.350000381469727,16.649999618530273,16.200000762939453,16.549999237060547,16.549999237060547,205500
2018-06-22,16.600000381469727,16.75,16.149999618530273,16.649999618530273,16.649999618530273,578500
2018-06-25,16.549999237060547,16.549999237060547,15.850000381469727,15.899999618530273,15.899999618530273,234300
2018-06-26,16.0,16.049999237060547,15.649999618530273,15.699999809265137,15.699999809265137,87500
2018-06-27,15.75,15.75,14.850000381469727,15.350000381469727,15.350000381469727,303000
2018-06-28,15.949999809265137,16.299999237060547,14.949999809265137,15.300000190734863,15.300000190734863,344100
2018-06-29,15.25,15.25,14.699999809265137,14.899999618530273,14.899999618530273,312800
2018-07-02,14.850000381469727,14.949999809265137,14.58899974822998,14.899999618530273,14.899999618530273,259900
2018-07-03,15.0,15.25,14.600000381469727,15.149999618530273,15.149999618530273,126600
2018-07-05,15.25,15.5,15.050000190734863,15.199999809265137,15.199999809265137,136200
2018-07-06,15.100000381469727,15.5,15.100000381469727,15.399999618530273,15.399999618530273,149400
2018-07-09,15.5,16.0,15.399999618530273,15.949999809265137,15.949999809265137,164900
2018-07-10,15.899999618530273,16.299999237060547,15.649999618530273,15.800000190734863,15.800000190734863,131200
2018-07-11,15.699999809265137,15.850000381469727,15.199999809265137,15.25,15.25,113600
2018-07-12,15.399999618530273,15.824999809265137,15.25,15.550000190734863,15.550000190734863,226300
2018-07-13,15.550000190734863,15.600000381469727,15.100000381469727,15.300000190734863,15.300000190734863,235100
2018-07-16,15.350000381469727,15.550000190734863,15.050000190734863,15.199999809265137,15.199999809265137,258500
2018-07-17,15.149999618530273,15.399999618530273,15.0,15.149999618530273,15.149999618530273,226100
2018-07-18,15.199999809265137,15.199999809265137,14.050000190734863,14.149999618530273,14.149999618530273,743700
2018-07-19,14.199999809265137,14.449999809265137,13.850000381469727,13.899999618530273,13.899999618530273,299000
2018-07-20,13.949999809265137,14.25,13.800000190734863,14.149999618530273,14.149999618530273,240000
2018-07-23,14.199999809265137,14.449999809265137,13.899999618530273,14.449999809265137,14.449999809265137,445600
2018-07-24,14.449999809265137,14.75,14.300000190734863,14.649999618530273,14.649999618530273,290500
2018-07-25,14.350000381469727,14.850000381469727,14.350000381469727,14.800000190734863,14.800000190734863,170100
2018-07-26,14.850000381469727,14.850000381469727,14.550000190734863,14.699999809265137,14.699999809265137,500900
2018-07-27,14.850000381469727,14.850000381469727,14.399999618530273,14.699999809265137,14.699999809265137,309900
2018-07-30,14.649999618530273,14.949999809265137,14.5,14.899999618530273,14.899999618530273,320300
2018-07-31,14.75,15.149999618530273,14.625,15.100000381469727,15.100000381469727,230600
2018-08-01,15.199999809265137,15.753999710083008,14.800000190734863,15.300000190734863,15.300000190734863,230000
2018-08-02,15.100000381469727,15.899999618530273,14.930000305175781,15.75,15.75,248300
2018-08-03,15.75,16.100000381469727,15.449999809265137,15.850000381469727,15.850000381469727,322700
2018-08-06,15.75,16.149999618530273,15.350000381469727,15.350000381469727,15.350000381469727,267300
2018-08-07,15.649999618530273,15.649999618530273,15.050000190734863,15.149999618530273,15.149999618530273,416500
2018-08-08,15.25,16.0,15.100000381469727,15.75,15.75,430400
2018-08-09,14.5,17.149999618530273,14.010000228881836,17.0,17.0,598300
2018-08-10,16.950000762939453,18.0,16.700000762939453,17.799999237060547,17.799999237060547,607700
2018-08-13,18.149999618530273,18.700000762939453,17.549999237060547,17.950000762939453,17.950000762939453,395100
2018-08-14,18.0,18.200000762939453,17.450000762939453,17.450000762939453,17.450000762939453,798000
2018-08-15,17.450000762939453,17.850000381469727,17.075000762939453,17.200000762939453,17.200000762939453,501400
2018-08-16,17.25,17.950000762939453,17.200000762939453,17.5,17.5,289300
2018-08-17,17.399999618530273,17.549999237060547,17.187999725341797,17.299999237060547,17.299999237060547,334100
2018-08-20,17.399999618530273,17.600000381469727,17.100000381469727,17.450000762939453,17.450000762939453,249100
2018-08-21,17.5,17.75,17.200000762939453,17.600000381469727,17.600000381469727,453900
2018-08-22,17.649999618530273,18.049999237060547,17.5,17.700000762939453,17.700000762939453,340600
2018-08-23,17.700000762939453,18.0,17.600000381469727,17.950000762939453,17.950000762939453,355500
2018-08-24,17.899999618530273,18.200000762939453,17.75,17.799999237060547,17.799999237060547,285000
2018-08-27,17.950000762939453,18.325000762939453,17.375,18.149999618530273,18.149999618530273,433300
2018-08-28,18.200000762939453,18.5,17.799999237060547,18.049999237060547,18.049999237060547,299600
2018-08-29,18.100000381469727,18.149999618530273,17.75,17.950000762939453,17.950000762939453,148700
2018-08-30,17.850000381469727,17.899999618530273,17.450000762939453,17.549999237060547,17.549999237060547,174800
2018-08-31,17.5,17.75,17.200000762939453,17.350000381469727,17.350000381469727,294100
2018-09-04,17.299999237060547,17.450000762939453,16.5,16.549999237060547,16.549999237060547,281000
2018-09-05,16.549999237060547,16.774999618530273,16.049999237060547,16.200000762939453,16.200000762939453,280400
2018-09-06,16.200000762939453,16.299999237060547,15.850000381469727,15.899999618530273,15.899999618530273,247700
2018-09-07,15.899999618530273,15.899999618530273,15.100000381469727,15.399999618530273,15.399999618530273,396300
2018-09-10,15.399999618530273,15.5,15.050000190734863,15.399999618530273,15.399999618530273,223700
2018-09-11,15.350000381469727,15.850000381469727,15.274999618530273,15.550000190734863,15.550000190734863,167800
2018-09-12,15.5,15.600000381469727,15.225000381469727,15.449999809265137,15.449999809265137,137000
2018-09-13,15.5,15.75,15.399999618530273,15.600000381469727,15.600000381469727,148900
2018-09-14,15.600000381469727,15.699999809265137,15.0,15.050000190734863,15.050000190734863,155500
2018-09-17,15.050000190734863,15.449999809265137,14.649999618530273,14.699999809265137,14.699999809265137,179300
2018-09-18,17.25,17.25,15.350000381469727,15.600000381469727,15.600000381469727,713100
2018-09-19,15.649999618530273,15.850000381469727,15.199999809265137,15.699999809265137,15.699999809265137,255000
2018-09-20,15.800000190734863,16.25,15.399999618530273,16.149999618530273,16.149999618530273,200500
2018-09-21,16.200000762939453,16.200000762939453,15.300000190734863,15.399999618530273,15.399999618530273,361600
2018-09-24,15.399999618530273,15.550000190734863,15.100000381469727,15.449999809265137,15.449999809265137,191900
2018-09-25,15.5,15.850000381469727,15.449999809265137,15.850000381469727,15.850000381469727,191300
2018-09-26,15.800000190734863,16.049999237060547,15.449999809265137,15.649999618530273,15.649999618530273,155200
2018-09-27,15.600000381469727,15.899999618530273,15.5,15.850000381469727,15.850000381469727,149200
2018-09-28,15.850000381469727,16.649999618530273,15.699999809265137,16.5,16.5,322600
2018-10-01,16.450000762939453,16.8700008392334,15.819999694824219,15.989999771118164,15.989999771118164,333500
2018-10-02,15.970000267028809,15.989999771118164,15.229999542236328,15.729999542236328,15.729999542236328,442200
2018-10-03,15.760000228881836,16.479999542236328,15.491000175476074,16.06999969482422,16.06999969482422,490200
2018-10-04,16.030000686645508,16.209999084472656,15.460000038146973,15.539999961853027,15.539999961853027,353900
2018-10-05,15.510000228881836,15.8100004196167,14.739999771118164,15.100000381469727,15.100000381469727,400500
2018-10-08,15.119999885559082,15.25,14.770000457763672,15.0600004196167,15.0600004196167,327800
2018-10-09,15.069999694824219,15.46500015258789,15.069999694824219,15.220000267028809,15.220000267028809,170900
2018-10-10,15.199999809265137,15.25,14.484999656677246,14.510000228881836,14.510000228881836,267100
2018-10-11,14.40999984741211,15.550000190734863,14.369999885559082,14.460000038146973,14.460000038146973,644200
2018-10-12,14.75,14.75,13.380000114440918,13.699999809265137,13.699999809265137,645300
2018-10-15,13.649999618530273,14.470000267028809,13.359999656677246,14.199999809265137,14.199999809265137,317600
2018-10-16,14.329999923706055,15.239999771118164,14.260000228881836,15.149999618530273,15.149999618530273,631600
2018-10-17,15.079999923706055,15.65999984741211,14.869999885559082,15.300000190734863,15.300000190734863,229000
2018-10-18,15.180000305175781,15.470000267028809,14.859999656677246,15.069999694824219,15.069999694824219,283700
2018-10-19,15.020000457763672,15.34000015258789,14.720000267028809,14.8100004196167,14.8100004196167,243400
2018-10-22,14.800000190734863,14.949999809265137,13.84000015258789,13.949999809265137,13.949999809265137,296900
2018-10-23,13.8100004196167,14.170000076293945,13.600000381469727,13.90999984741211,13.90999984741211,444700
2018-10-24,13.9399995803833,14.3149995803833,13.020000457763672,13.029999732971191,13.029999732971191,359900
2018-10-25,13.170000076293945,13.40999984741211,12.84000015258789,12.890000343322754,12.890000343322754,432000
2018-10-26,12.6899995803833,12.845000267028809,12.204000473022461,12.770000457763672,12.770000457763672,360600
2018-10-29,12.760000228881836,13.539999961853027,12.694000244140625,13.140000343322754,13.140000343322754,275100
2018-10-30,13.140000343322754,13.760000228881836,12.890000343322754,13.609999656677246,13.609999656677246,269100
2018-10-31,13.649999618530273,13.84000015258789,13.050000190734863,13.59000015258789,13.59000015258789,501400
2018-11-01,13.619999885559082,14.449999809265137,13.369999885559082,14.399999618530273,14.399999618530273,273400
2018-11-02,14.489999771118164,15.220000267028809,14.25,14.399999618530273,14.399999618530273,310200
2018-11-05,14.390000343322754,14.449999809265137,13.699999809265137,14.199999809265137,14.199999809265137,341100
2018-11-06,14.170000076293945,14.300000190734863,13.729999542236328,13.90999984741211,13.90999984741211,380400
2018-11-07,13.5,14.680000305175781,12.420000076293945,13.744999885559082,13.744999885559082,635500
2018-11-08,13.680000305175781,15.010000228881836,13.600000381469727,14.770000457763672,14.770000457763672,487400
2018-11-09,14.600000381469727,15.029999732971191,14.0,14.239999771118164,14.239999771118164,435800
2018-11-12,14.239999771118164,14.550000190734863,13.970000267028809,14.010000228881836,14.010000228881836,488700
2018-11-13,14.140000343322754,14.270000457763672,13.640000343322754,13.6899995803833,13.6899995803833,217500
2018-11-14,13.8100004196167,14.010000228881836,13.25,13.609999656677246,13.609999656677246,287900
2018-11-15,13.5,13.850000381469727,13.300000190734863,13.630000114440918,13.630000114440918,216700
2018-11-16,13.420000076293945,13.9399995803833,12.970000267028809,13.109999656677246,13.109999656677246,254000
2018-11-19,13.050000190734863,13.170000076293945,12.579999923706055,12.630000114440918,12.630000114440918,259500
2018-11-20,12.40999984741211,12.640000343322754,11.90999984741211,12.4399995803833,12.4399995803833,248400
2018-11-21,12.399999618530273,13.149999618530273,12.390000343322754,12.859999656677246,12.859999656677246,167500
2018-11-23,12.770000457763672,13.300000190734863,12.770000457763672,13.010000228881836,13.010000228881836,89900
2018-11-26,13.199999809265137,13.510000228881836,12.75,13.460000038146973,13.460000038146973,309900
2018-11-27,13.40999984741211,13.550000190734863,12.930000305175781,13.239999771118164,13.239999771118164,348300
2018-11-28,13.279999732971191,13.670000076293945,13.1899995803833,13.649999618530273,13.649999618530273,251400
2018-11-29,13.640000343322754,14.079999923706055,13.430000305175781,14.029999732971191,14.029999732971191,204500
2018-11-30,14.0,14.359999656677246,13.699999809265137,14.350000381469727,14.350000381469727,181200
2018-12-03,14.40999984741211,14.694000244140625,13.90999984741211,14.020000457763672,14.020000457763672,299800
2018-12-04,14.0,14.039999961853027,13.520000457763672,13.619999885559082,13.619999885559082,306800
2018-12-06,13.529999732971191,13.744999885559082,13.095000267028809,13.720000267028809,13.720000267028809,423800
2018-12-07,13.65999984741211,13.699999809265137,12.930000305175781,12.979999542236328,12.979999542236328,170600
2018-12-10,13.010000228881836,13.09000015258789,12.390000343322754,13.010000228881836,13.010000228881836,307000
2018-12-11,13.1899995803833,13.53499984741211,12.779999732971191,13.260000228881836,13.260000228881836,344700
2018-12-12,13.460000038146973,13.770000457763672,13.324999809265137,13.380000114440918,13.380000114440918,449000
2018-12-13,13.390000343322754,13.710000038146973,12.824000358581543,13.279999732971191,13.279999732971191,190400
2018-12-14,13.15999984741211,13.15999984741211,12.479999542236328,12.520000457763672,12.520000457763672,291200
2018-12-17,12.350000381469727,12.350000381469727,11.489999771118164,11.609999656677246,11.609999656677246,290200
2018-12-18,11.699999809265137,12.029999732971191,11.430000305175781,11.699999809265137,11.699999809265137,267900
2018-12-19,11.720000267028809,11.989999771118164,11.260000228881836,11.350000381469727,11.350000381469727,178300
2018-12-20,11.350000381469727,11.402999877929688,10.760000228881836,10.90999984741211,10.90999984741211,322100
2018-12-21,10.90999984741211,10.911999702453613,10.210000038146973,10.239999771118164,10.239999771118164,487200
2018-12-24,10.100000381469727,10.170000076293945,9.675999641418457,9.899999618530273,9.899999618530273,268800
2018-12-26,9.9399995803833,10.375,9.449999809265137,10.3100004196167,10.3100004196167,288200
2018-12-27,10.210000038146973,10.210000038146973,9.710000038146973,9.899999618530273,9.899999618530273,289500
2018-12-28,9.90999984741211,10.119999885559082,9.770000457763672,9.869999885559082,9.869999885559082,285200
2018-12-31,9.880000114440918,10.09000015258789,9.670000076293945,9.789999961853027,9.789999961853027,220900
2019-01-02,9.65999984741211,10.140000343322754,9.600000381469727,10.079999923706055,10.079999923706055,257400
2019-01-03,10.069999694824219,10.399999618530273,9.529999732971191,9.930000305175781,9.930000305175781,427300
2019-01-04,10.109999656677246,11.180000305175781,10.0,11.0,11.0,738100
2019-01-07,10.84000015258789,11.805000305175781,10.479999542236328,11.59000015258789,11.59000015258789,545500
2019-01-08,11.699999809265137,12.149999618530273,11.619999885559082,12.0600004196167,12.0600004196167,355200
2019-01-09,12.140000343322754,12.479999542236328,12.119999885559082,12.399999618530273,12.399999618530273,208800
2019-01-10,12.350000381469727,12.350000381469727,11.949999809265137,12.039999961853027,12.039999961853027,251300
2019-01-11,12.010000228881836,12.449999809265137,11.970000267028809,12.390000343322754,12.390000343322754,232800
2019-01-14,12.279999732971191,12.550000190734863,12.180000305175781,12.229999542236328,12.229999542236328,455000
2019-01-15,12.260000228881836,12.880000114440918,12.229999542236328,12.869999885559082,12.869999885559082,154200
2019-01-16,12.880000114440918,13.670000076293945,12.880000114440918,12.989999771118164,12.989999771118164,356200
2019-01-17,12.9399995803833,13.430000305175781,12.739999771118164,13.34000015258789,13.34000015258789,194000
2019-01-18,13.289999961853027,13.489999771118164,12.979999542236328,13.069999694824219,13.069999694824219,161600
2019-01-22,12.949999809265137,12.949999809265137,12.34000015258789,12.510000228881836,12.510000228881836,192600
2019-01-23,12.550000190734863,12.758000373840332,12.420000076293945,12.579999923706055,12.579999923706055,98800
2019-01-24,12.569999694824219,12.930000305175781,12.524999618530273,12.899999618530273,12.899999618530273,55700
2019-01-25,12.979999542236328,13.279999732971191,12.90999984741211,13.0,13.0,88800
2019-01-28,12.819999694824219,13.079999923706055,12.5,12.720000267028809,12.720000267028809,84700
2019-01-29,12.779999732971191,12.899999618530273,12.470000267028809,12.630000114440918,12.630000114440918,63600
2019-01-30,12.739999771118164,12.90999984741211,12.619999885559082,12.859999656677246,12.859999656677246,53400
2019-01-31,12.850000381469727,13.15999984741211,12.850000381469727,13.079999923706055,13.079999923706055,98900
2019-02-01,13.09000015258789,13.142999649047852,12.880000114440918,13.039999961853027,13.039999961853027,165800
2019-02-04,13.039999961853027,13.380000114440918,13.039999961853027,13.3100004196167,13.3100004196167,100000
2019-02-05,13.350000381469727,13.550000190734863,13.239999771118164,13.430000305175781,13.430000305175781,161400
2019-02-06,13.430000305175781,13.539999961853027,13.1899995803833,13.489999771118164,13.489999771118164,112600
2019-02-07,13.380000114440918,13.569999694824219,13.210000038146973,13.550000190734863,13.550000190734863,139100
2019-02-08,13.40999984741211,13.437999725341797,12.4399995803833,12.670000076293945,12.670000076293945,152100
2019-02-11,12.670000076293945,12.770000457763672,12.050000190734863,12.729999542236328,12.729999542236328,105700
2019-02-12,12.84000015258789,13.319999694824219,12.84000015258789,13.100000381469727,13.100000381469727,146900
2019-02-13,13.140000343322754,13.279999732971191,13.020000457763672,13.119999885559082,13.119999885559082,128300
2019-02-14,13.069999694824219,13.140000343322754,12.920000076293945,13.109999656677246,13.109999656677246,96500
2019-02-15,13.180000305175781,13.65999984741211,13.119999885559082,13.600000381469727,13.600000381469727,113300
2019-02-19,13.5600004196167,13.75,13.020000457763672,13.020000457763672,13.020000457763672,123500
2019-02-20,13.010000228881836,13.010000228881836,12.569999694824219,12.770000457763672,12.770000457763672,182900
2019-02-21,12.760000228881836,13.140000343322754,12.600000381469727,12.920000076293945,12.920000076293945,136600
2019-02-22,12.949999809265137,13.59000015258789,12.949999809265137,13.270000457763672,13.270000457763672,128000
2019-02-25,13.420000076293945,13.609999656677246,13.079999923706055,13.100000381469727,13.100000381469727,166000
2019-02-26,13.100000381469727,13.3100004196167,12.819999694824219,12.920000076293945,12.920000076293945,176500
2019-02-27,12.850000381469727,12.979999542236328,12.319999694824219,12.6899995803833,12.6899995803833,168700
2019-02-28,12.5600004196167,12.84000015258789,12.350000381469727,12.520000457763672,12.520000457763672,172900
2019-03-01,12.710000038146973,12.875,12.380000114440918,12.8100004196167,12.8100004196167,144600
2019-03-04,12.8100004196167,13.09000015258789,12.59000015258789,12.949999809265137,12.949999809265137,300200
2019-03-05,12.960000038146973,13.130000114440918,12.4399995803833,12.470000267028809,12.470000267028809,209000
2019-03-06,12.449999809265137,12.449999809265137,11.579999923706055,11.670000076293945,11.670000076293945,214700
2019-03-07,11.710000038146973,11.819999694824219,11.1899995803833,11.34000015258789,11.34000015258789,178700
2019-03-08,11.34000015258789,11.45300006866455,11.180000305175781,11.329999923706055,11.329999923706055,179600
2019-03-11,11.34000015258789,11.989999771118164,11.3100004196167,11.859999656677246,11.859999656677246,290400
2019-03-12,11.880000114440918,12.640000343322754,11.850000381469727,12.5,12.5,457600
2019-03-13,12.510000228881836,13.329999923706055,11.970000267028809,13.029999732971191,13.029999732971191,828000
2019-03-14,13.010000228881836,13.460000038146973,12.619999885559082,13.180000305175781,13.180000305175781,386900
2019-03-15,13.229999542236328,13.550000190734863,12.9399995803833,13.420000076293945,13.420000076293945,575300
2019-03-18,13.34000015258789,13.920000076293945,13.246000289916992,13.619999885559082,13.619999885559082,489200
2019-03-19,13.65999984741211,14.180000305175781,13.550000190734863,14.020000457763672,14.020000457763672,289100
2019-03-20,14.0,14.119999885559082,13.550000190734863,13.670000076293945,13.670000076293945,258700
2019-03-21,13.550000190734863,14.125,13.539999961853027,13.609999656677246,13.609999656677246,216800
2019-03-22,13.430000305175781,13.470000267028809,12.619999885559082,12.65999984741211,12.65999984741211,417100
2019-03-25,12.65999984741211,12.675000190734863,11.800000190734863,11.850000381469727,11.850000381469727,233700
2019-03-26,11.9399995803833,11.9399995803833,11.430000305175781,11.600000381469727,11.600000381469727,269800
2019-03-27,11.609999656677246,11.609999656677246,11.0,11.3100004196167,11.3100004196167,229000
2019-03-28,11.3100004196167,11.484999656677246,11.020000457763672,11.319999694824219,11.319999694824219,217200
2019-03-29,11.399999618530273,11.40999984741211,11.029999732971191,11.279999732971191,11.279999732971191,242300
2019-04-01,11.390000343322754,11.770000457763672,11.199999809265137,11.539999961853027,11.539999961853027,229000
2019-04-02,11.520000457763672,12.0600004196167,11.350000381469727,11.890000343322754,11.890000343322754,263400
2019-04-03,12.020000457763672,12.130000114440918,11.680000305175781,11.75,11.75,146900
2019-04-04,11.770000457763672,11.880000114440918,11.649999618530273,11.789999961853027,11.789999961853027,106400
2019-04-05,11.850000381469727,12.100000381469727,11.770000457763672,11.789999961853027,11.789999961853027,149200
2019-04-08,11.739999771118164,11.904999732971191,11.529999732971191,11.720000267028809,11.720000267028809,64200
2019-04-09,11.670000076293945,11.75,11.47599983215332,11.600000381469727,11.600000381469727,93600
2019-04-10,11.640000343322754,11.8100004196167,11.510000228881836,11.779999732971191,11.779999732971191,71300
2019-04-11,11.829999923706055,12.100000381469727,11.630000114440918,11.6899995803833,11.6899995803833,88900
2019-04-12,11.84000015258789,11.949999809265137,11.279999732971191,11.300000190734863,11.300000190734863,182200
2019-04-15,11.319999694824219,11.59000015258789,11.15999984741211,11.25,11.25,161400
2019-04-16,11.329999923706055,11.380000114440918,9.829999923706055,9.970000267028809,9.970000267028809,592400
2019-04-17,10.039999961853027,10.109999656677246,9.140000343322754,9.850000381469727,9.850000381469727,641700
2019-04-18,9.890000343322754,10.550000190734863,9.75,10.380000114440918,10.380000114440918,744400
2019-04-22,10.380000114440918,10.75,10.369999885559082,10.5600004196167,10.5600004196167,269400
2019-04-23,10.569999694824219,11.270000457763672,10.489999771118164,10.899999618530273,10.899999618530273,363300
2019-04-24,10.899999618530273,11.170000076293945,10.649999618530273,10.890000343322754,10.890000343322754,226400
2019-04-25,10.8100004196167,11.0600004196167,10.5600004196167,11.0,11.0,128700
2019-04-26,11.020000457763672,11.170000076293945,10.890000343322754,11.079999923706055,11.079999923706055,264600
2019-04-29,11.119999885559082,11.210000038146973,10.989999771118164,11.050000190734863,11.050000190734863,120400
2019-04-30,11.100000381469727,11.109999656677246,10.380000114440918,10.829999923706055,10.829999923706055,265500
2019-05-01,10.869999885559082,10.979999542236328,10.720000267028809,10.779999732971191,10.779999732971191,223800
2019-05-02,10.779999732971191,10.869999885559082,10.609999656677246,10.8100004196167,10.8100004196167,173600
2019-05-03,10.920000076293945,11.180000305175781,10.890000343322754,11.039999961853027,11.039999961853027,133700
2019-05-06,10.84000015258789,11.3100004196167,10.84000015258789,11.260000228881836,11.260000228881836,326600
2019-05-07,11.119999885559082,11.300000190734863,10.90999984741211,10.930000305175781,10.930000305175781,156200
2019-05-08,10.880000114440918,11.050000190734863,9.755000114440918,10.670000076293945,10.670000076293945,354100
2019-05-09,10.40999984741211,10.470000267028809,9.989999771118164,10.369999885559082,10.369999885559082,285700
2019-05-10,10.3100004196167,10.529999732971191,10.109999656677246,10.470000267028809,10.470000267028809,275500
2019-05-13,10.170000076293945,10.279999732971191,9.970000267028809,10.199999809265137,10.199999809265137,338400
2019-05-14,10.270000457763672,10.710000038146973,10.140000343322754,10.220000267028809,10.220000267028809,345900
2019-05-15,10.119999885559082,10.619999885559082,10.069999694824219,10.430000305175781,10.430000305175781,313000
2019-05-16,10.449999809265137,10.6899995803833,10.229999542236328,10.260000228881836,10.260000228881836,235200
2019-05-17,10.1899995803833,10.335000038146973,10.0,10.09000015258789,10.09000015258789,374000
2019-05-20,9.989999771118164,10.100000381469727,9.619999885559082,10.0,10.0,456600
2019-05-21,10.100000381469727,10.319999694824219,10.100000381469727,10.279999732971191,10.279999732971191,530200
2019-05-22,10.1899995803833,10.279999732971191,9.930000305175781,10.229999542236328,10.229999542236328,442000
2019-05-23,10.069999694824219,10.069999694824219,9.470000267028809,9.550000190734863,9.550000190734863,472500
2019-05-24,9.569999694824219,9.720000267028809,9.300000190734863,9.550000190734863,9.550000190734863,316900
2019-05-28,9.5600004196167,9.970000267028809,9.350000381469727,9.619999885559082,9.619999885559082,446200
2019-05-29,9.539999961853027,9.539999961853027,9.010000228881836,9.140000343322754,9.140000343322754,480600
2019-05-30,9.1899995803833,9.244999885559082,8.4399995803833,8.550000190734863,8.550000190734863,532300
2019-05-31,8.449999809265137,8.710000038146973,8.25,8.569999694824219,8.569999694824219,1476400
2019-06-03,8.600000381469727,8.819999694824219,8.390000343322754,8.40999984741211,8.40999984741211,1001000
2019-06-04,8.529999732971191,9.119999885559082,8.489999771118164,8.869999885559082,8.869999885559082,388200
2019-06-05,8.9399995803833,9.069999694824219,8.5,8.5600004196167,8.5600004196167,311700
2019-06-06,8.550000190734863,8.739999771118164,8.399999618530273,8.529999732971191,8.529999732971191,393600
2019-06-07,8.539999961853027,8.949999809265137,8.470000267028809,8.760000228881836,8.760000228881836,385000
2019-06-10,8.8100004196167,8.970000267028809,8.699999809265137,8.859999656677246,8.859999656677246,287700
2019-06-11,8.989999771118164,8.989999771118164,8.510000228881836,8.760000228881836,8.760000228881836,242700
2019-06-12,8.720000267028809,8.795000076293945,8.520000457763672,8.75,8.75,237200
2019-06-13,8.800000190734863,8.979999542236328,8.760000228881836,8.949999809265137,8.949999809265137,195400
2019-06-14,8.949999809265137,8.989999771118164,8.260000228881836,8.319999694824219,8.319999694824219,408800
2019-06-17,8.350000381469727,8.970000267028809,8.229999542236328,8.890000343322754,8.890000343322754,446100
2019-06-18,8.949999809265137,9.260000228881836,8.859999656677246,8.920000076293945,8.920000076293945,376800
2019-06-19,8.930000305175781,9.130000114440918,8.829999923706055,8.890000343322754,8.890000343322754,315200
2019-06-20,9.050000190734863,9.069999694824219,8.529999732971191,8.529999732971191,8.529999732971191,181100
2019-06-21,8.510000228881836,8.5600004196167,8.210000038146973,8.380000114440918,8.380000114440918,649600
2019-06-24,8.380000114440918,8.449999809265137,7.940000057220459,8.149999618530273,8.149999618530273,323000
2019-06-25,8.140000343322754,8.210000038146973,7.940000057220459,7.940000057220459,7.940000057220459,299100
2019-06-26,7.989999771118164,8.048999786376953,7.760000228881836,8.029999732971191,8.029999732971191,278000
2019-06-27,8.069999694824219,8.270000457763672,7.889999866485596,7.940000057220459,7.940000057220459,264500
2019-06-28,7.929999828338623,8.239999771118164,7.639999866485596,8.140000343322754,8.140000343322754,1243500
2019-07-01,8.319999694824219,8.390000343322754,7.954999923706055,8.0,8.0,451600
2019-07-02,7.960000038146973,8.229999542236328,7.800000190734863,8.100000381469727,8.100000381469727,483200
2019-07-03,8.149999618530273,8.279999732971191,7.980000019073486,8.0600004196167,8.0600004196167,112400
2019-07-05,8.050000190734863,8.154999732971191,7.800000190734863,7.900000095367432,7.900000095367432,259100
2019-07-08,7.820000171661377,7.880000114440918,7.670000076293945,7.829999923706055,7.829999923706055,318100
2019-07-09,7.760000228881836,7.885000228881836,7.71999979019165,7.869999885559082,7.869999885559082,318200
2019-07-10,8.0,8.140000343322754,7.840000152587891,7.929999828338623,7.929999828338623,178600
2019-07-11,7.960000038146973,8.220000267028809,7.71999979019165,8.010000228881836,8.010000228881836,288000
2019-07-12,8.029999732971191,8.319999694824219,8.010000228881836,8.229999542236328,8.229999542236328,363900
2019-07-15,8.220000267028809,8.220000267028809,7.829999923706055,7.860000133514404,7.860000133514404,288500
2019-07-16,7.849999904632568,7.929999828338623,7.639999866485596,7.659999847412109,7.659999847412109,183400
2019-07-17,7.630000114440918,7.760000228881836,7.480000019073486,7.5,7.5,331300
2019-07-18,7.46999979019165,7.46999979019165,7.070000171661377,7.099999904632568,7.099999904632568,254900
2019-07-19,7.070000171661377,7.119999885559082,6.861000061035156,6.940000057220459,6.940000057220459,276700
2019-07-22,6.960000038146973,7.059999942779541,6.800000190734863,6.860000133514404,6.860000133514404,371100
2019-07-23,6.889999866485596,6.889999866485596,6.409999847412109,6.639999866485596,6.639999866485596,533900
2019-07-24,6.659999847412109,7.130000114440918,6.5,7.090000152587891,7.090000152587891,396100
2019-07-25,7.110000133514404,7.300000190734863,7.0,7.269999980926514,7.269999980926514,403800
2019-07-26,7.329999923706055,7.697999954223633,7.289999961853027,7.590000152587891,7.590000152587891,397700
2019-07-29,7.599999904632568,7.78000020980835,7.579999923706055,7.739999771118164,7.739999771118164,414800
2019-07-30,7.630000114440918,7.699999809265137,7.53000020980835,7.690000057220459,7.690000057220459,266000
2019-07-31,7.639999866485596,7.840000152587891,7.534999847412109,7.630000114440918,7.630000114440918,412000
2019-08-01,7.619999885559082,7.690000057220459,7.340000152587891,7.460000038146973,7.460000038146973,376000
2019-08-02,7.449999809265137,7.539999961853027,6.909999847412109,6.960000038146973,6.960000038146973,358600
2019-08-05,6.849999904632568,6.849999904632568,6.434999942779541,6.71999979019165,6.71999979019165,338300
2019-08-06,6.760000228881836,6.789999961853027,6.159999847412109,6.590000152587891,6.590000152587891,659100
2019-08-07,5.96999979019165,6.639999866485596,5.909999847412109,6.570000171661377,6.570000171661377,698000
2019-08-08,6.534999847412109,7.139999866485596,6.534999847412109,7.110000133514404,7.110000133514404,416900
2019-08-09,7.03000020980835,7.03000020980835,6.400000095367432,6.46999979019165,6.46999979019165,886200
2019-08-12,6.369999885559082,6.489999771118164,6.150000095367432,6.320000171661377,6.320000171661377,861900
2019-08-13,6.329999923706055,6.550000190734863,6.289999961853027,6.510000228881836,6.510000228881836,288800
2019-08-14,6.400000095367432,6.420000076293945,6.159999847412109,6.230000019073486,6.230000019073486,370000
2019-08-15,6.289999961853027,6.289999961853027,5.375,5.519999980926514,5.519999980926514,428300
2019-08-16,5.599999904632568,5.889999866485596,5.5,5.760000228881836,5.760000228881836,349000
2019-08-19,5.860000133514404,6.190000057220459,5.860000133514404,6.019999980926514,6.019999980926514,302600
2019-08-20,6.019999980926514,6.050000190734863,5.809999942779541,5.889999866485596,5.889999866485596,209900
2019-08-21,5.960000038146973,6.130000114440918,5.900000095367432,6.099999904632568,6.099999904632568,273500
2019-08-22,6.659999847412109,6.730000019073486,6.239999771118164,6.260000228881836,6.260000228881836,473000
2019-08-23,6.159999847412109,6.449999809265137,6.070000171661377,6.170000076293945,6.170000076293945,377500
2019-08-26,6.25,6.420000076293945,6.139999866485596,6.340000152587891,6.340000152587891,328700
2019-08-27,6.389999866485596,6.610000133514404,6.050000190734863,6.059999942779541,6.059999942779541,393800
2019-08-28,6.0,6.320000171661377,5.980000019073486,6.300000190734863,6.300000190734863,184600
2019-08-29,6.369999885559082,6.550000190734863,6.260000228881836,6.28000020980835,6.28000020980835,207800
2019-08-30,6.320000171661377,6.630000114440918,6.320000171661377,6.440000057220459,6.440000057220459,408900
2019-09-03,6.360000133514404,6.440000057220459,6.039999961853027,6.28000020980835,6.28000020980835,355300
2019-09-04,6.400000095367432,6.650000095367432,6.289999961853027,6.400000095367432,6.400000095367432,306400
2019-09-05,6.550000190734863,6.769999980926514,6.389999866485596,6.699999809265137,6.699999809265137,580800
2019-09-06,6.739999771118164,6.869999885559082,6.590000152587891,6.610000133514404,6.610000133514404,260600
2019-09-09,6.679999828338623,7.079999923706055,6.659999847412109,7.0,7.0,458200
2019-09-10,6.980000019073486,7.75,6.900000095367432,7.690000057220459,7.690000057220459,569800
2019-09-11,7.829999923706055,8.510000228881836,7.590000152587891,8.510000228881836,8.510000228881836,523400
2019-09-12,8.520000457763672,8.90999984741211,8.267999649047852,8.890000343322754,8.890000343322754,653600
2019-09-13,8.890000343322754,9.25,7.980000019073486,8.100000381469727,8.100000381469727,479400
2019-09-16,8.100000381469727,8.479999542236328,8.100000381469727,8.25,8.25,231000
2019-09-17,8.199999809265137,8.199999809265137,7.946000099182129,8.039999961853027,8.039999961853027,298000
2019-09-18,8.020000457763672,8.100000381469727,7.639999866485596,7.739999771118164,7.739999771118164,525900
2019-09-19,7.769999980926514,7.948999881744385,7.670000076293945,7.690000057220459,7.690000057220459,458100
2019-09-20,7.710000038146973,7.940000057220459,7.599999904632568,7.889999866485596,7.889999866485596,461400
2019-09-23,7.860000133514404,7.925000190734863,7.670000076293945,7.835000038146973,7.835000038146973,267500
2019-09-24,7.889999866485596,7.96999979019165,7.329999923706055,7.519999980926514,7.519999980926514,548400
2019-09-25,7.510000228881836,7.679999828338623,7.309999942779541,7.420000076293945,7.420000076293945,355700
2019-09-26,7.429999828338623,7.46999979019165,7.099999904632568,7.300000190734863,7.300000190734863,234400
2019-09-27,7.300000190734863,7.53000020980835,7.25,7.400000095367432,7.400000095367432,328300
2019-09-30,7.46999979019165,7.480000019073486,7.235000133514404,7.385000228881836,7.385000228881836,187600
2019-10-01,7.380000114440918,7.71999979019165,7.159999847412109,7.230000019073486,7.230000019073486,557800
2019-10-02,7.260000228881836,7.320000171661377,7.0,7.150000095367432,7.150000095367432,295300
2019-10-03,7.110000133514404,7.25,6.940000057220459,7.204999923706055,7.204999923706055,145300
2019-10-04,7.210000038146973,7.340000152587891,7.059999942779541,7.239999771118164,7.239999771118164,136200
2019-10-07,7.239999771118164,7.519999980926514,7.130000114440918,7.239999771118164,7.239999771118164,165200
2019-10-08,7.110000133514404,7.230000019073486,6.96999979019165,7.199999809265137,7.199999809265137,261900
2019-10-09,7.269999980926514,7.400000095367432,7.03000020980835,7.179999828338623,7.179999828338623,131400
2019-10-10,7.190000057220459,7.340000152587891,7.059999942779541,7.090000152587891,7.090000152587891,136400
2019-10-11,7.21999979019165,7.550000190734863,7.218999862670898,7.360000133514404,7.360000133514404,167800
2019-10-14,7.329999923706055,7.480000019073486,7.099999904632568,7.369999885559082,7.369999885559082,210800
2019-10-15,7.369999885559082,7.679999828338623,7.349999904632568,7.510000228881836,7.510000228881836,127000
2019-10-16,7.5,7.744999885559082,7.349999904632568,7.59499979019165,7.59499979019165,440600
2019-10-17,7.639999866485596,7.889999866485596,7.639999866485596,7.820000171661377,7.820000171661377,316100
2019-10-18,7.78000020980835,7.909999847412109,7.5,7.860000133514404,7.860000133514404,356700
2019-10-21,7.940000057220459,8.180000305175781,7.854000091552734,8.029999732971191,8.029999732971191,247400
2019-10-22,7.989999771118164,8.3100004196167,7.989999771118164,8.119999885559082,8.119999885559082,271400
2019-10-23,8.119999885559082,8.255000114440918,7.985000133514404,8.149999618530273,8.149999618530273,218800
2019-10-24,8.170000076293945,8.199999809265137,7.929999828338623,8.149999618530273,8.149999618530273,214700
2019-10-25,8.069999694824219,8.619999885559082,8.069999694824219,8.539999961853027,8.539999961853027,160800
2019-10-28,8.5600004196167,8.699999809265137,8.199999809265137,8.199999809265137,8.199999809265137,272100
2019-10-29,8.180000305175781,8.1850004196167,7.760000228881836,7.900000095367432,7.900000095367432,215900
2019-10-30,7.900000095367432,7.949999809265137,7.630000114440918,7.929999828338623,7.929999828338623,162300
2019-10-31,7.949999809265137,8.0,7.760000228881836,7.949999809265137,7.949999809265137,125400
2019-11-01,8.020000457763672,8.75,8.020000457763672,8.680000305175781,8.680000305175781,259100
2019-11-04,8.789999961853027,8.861000061035156,8.539999961853027,8.699999809265137,8.699999809265137,246900
2019-11-05,8.699999809265137,10.319999694824219,8.204999923706055,10.270000457763672,10.270000457763672,799000
2019-11-06,10.300000190734863,10.869999885559082,9.869999885559082,10.649999618530273,10.649999618530273,494500
2019-11-07,10.59000015258789,10.880000114440918,10.5600004196167,10.850000381469727,10.850000381469727,312700
2019-11-08,10.720000267028809,11.819999694824219,10.680000305175781,11.760000228881836,11.760000228881836,389900
2019-11-11,11.699999809265137,11.949999809265137,11.5600004196167,11.770000457763672,11.770000457763672,370200
2019-11-12,11.869999885559082,11.869999885559082,11.281999588012695,11.34000015258789,11.34000015258789,327500
2019-11-13,11.210000038146973,11.579999923706055,11.029999732971191,11.5600004196167,11.5600004196167,205100
2019-11-14,11.510000228881836,11.789999961853027,11.300000190734863,11.5,11.5,327100
2019-11-15,11.600000381469727,12.029999732971191,11.460000038146973,11.770000457763672,11.770000457763672,259800
2019-11-18,11.75,11.75,11.270000457763672,11.4399995803833,11.4399995803833,281300
2019-11-19,11.430000305175781,12.15999984741211,11.359999656677246,11.989999771118164,11.989999771118164,222300
2019-11-20,12.039999961853027,12.789999961853027,11.991999626159668,12.505000114440918,12.505000114440918,502600
2019-11-21,12.630000114440918,12.729999542236328,12.380000114440918,12.6899995803833,12.6899995803833,322900
2019-11-22,12.739999771118164,13.15999984741211,12.510000228881836,12.880000114440918,12.880000114440918,409500
2019-11-25,13.0,13.569999694824219,12.960000038146973,13.300000190734863,13.300000190734863,254600
2019-11-26,13.319999694824219,13.670000076293945,13.100000381469727,13.600000381469727,13.600000381469727,307400
2019-11-27,13.720000267028809,13.899999618530273,13.449999809265137,13.720000267028809,13.720000267028809,226600
2019-11-29,13.649999618530273,14.020000457763672,13.649999618530273,13.779999732971191,13.779999732971191,135400
2019-12-02,13.800000190734863,14.0,13.489999771118164,13.890000343322754,13.890000343322754,164400
2019-12-03,13.680000305175781,14.0,13.579999923706055,13.829999923706055,13.829999923706055,196400
2019-12-04,13.9399995803833,14.114999771118164,13.729999542236328,13.899999618530273,13.899999618530273,163300
2019-12-05,13.989999771118164,14.399999618530273,13.805000305175781,13.989999771118164,13.989999771118164,270400
2019-12-06,14.180000305175781,14.760000228881836,14.010000228881836,14.430000305175781,14.430000305175781,810700
2019-12-09,14.460000038146973,15.329999923706055,14.270000457763672,15.265000343322754,15.265000343322754,625100
2019-12-10,15.489999771118164,15.489999771118164,14.819999694824219,15.079999923706055,15.079999923706055,385500
2019-12-11,15.260000228881836,15.279999732971191,14.670000076293945,14.824999809265137,14.824999809265137,270500
2019-12-12,14.789999961853027,15.170000076293945,14.619999885559082,14.680000305175781,14.680000305175781,251800
2019-12-13,14.680000305175781,14.899999618530273,14.40999984741211,14.510000228881836,14.510000228881836,233200
2019-12-16,14.579999923706055,15.359999656677246,14.557000160217285,15.020000457763672,15.020000457763672,463200
2019-12-17,15.0600004196167,15.239999771118164,14.61299991607666,14.760000228881836,14.760000228881836,322900
2019-12-18,14.739999771118164,16.020000457763672,14.609999656677246,15.899999618530273,15.899999618530273,822800
2019-12-19,16.0,16.1200008392334,15.550000190734863,15.989999771118164,15.989999771118164,513500
2019-12-20,15.989999771118164,16.18000030517578,15.59000015258789,15.949999809265137,15.949999809265137,553200
2019-12-23,16.0,16.0,14.767000198364258,15.489999771118164,15.489999771118164,462200
2019-12-24,15.5,15.600000381469727,15.369999885559082,15.5,15.5,197600
2019-12-26,15.579999923706055,15.699999809265137,15.40999984741211,15.569999694824219,15.569999694824219,255400
2019-12-27,15.65999984741211,15.744999885559082,15.359999656677246,15.520000457763672,15.520000457763672,325000
2019-12-30,15.470000267028809,15.739999771118164,15.25,15.420000076293945,15.420000076293945,316100
2019-12-31,15.289999961853027,15.739999771118164,15.260000228881836,15.654999732971191,15.654999732971191,420900
2020-01-02,15.979999542236328,16.3799991607666,15.670000076293945,16.309999465942383,16.309999465942383,347500
2020-01-03,15.970000267028809,16.200000762939453,15.680000305175781,16.030000686645508,16.030000686645508,222300
2020-01-06,15.800000190734863,15.928000450134277,15.020000457763672,15.819999694824219,15.819999694824219,329500
2020-01-07,15.899999618530273,15.9399995803833,15.4399995803833,15.819999694824219,15.819999694824219,173600
2020-01-08,15.829999923706055,16.15999984741211,15.619999885559082,15.680000305175781,15.680000305175781,267200
2020-01-09,15.75,15.949999809265137,15.289999961853027,15.430000305175781,15.430000305175781,496000
2020-01-10,15.420000076293945,15.420000076293945,14.850000381469727,15.25,15.25,222300
2020-01-13,15.239999771118164,15.609999656677246,14.923999786376953,15.109999656677246,15.109999656677246,423800
2020-01-14,15.479999542236328,17.066999435424805,15.255000114440918,16.579999923706055,16.579999923706055,1241700
2020-01-15,16.600000381469727,18.079999923706055,16.600000381469727,18.040000915527344,18.040000915527344,773000
2020-01-16,18.09000015258789,18.780000686645508,18.0,18.479999542236328,18.479999542236328,481800
2020-01-17,18.0,18.889999389648438,17.719999313354492,18.43000030517578,18.43000030517578,450700
2020-01-21,18.399999618530273,18.399999618530273,17.6299991607666,18.309999465942383,18.309999465942383,627600
2020-01-22,18.450000762939453,18.889999389648438,18.18000030517578,18.6200008392334,18.6200008392334,307700
2020-01-23,18.579999923706055,18.600000381469727,17.809999465942383,18.520000457763672,18.520000457763672,315100
2020-01-24,18.649999618530273,18.649999618530273,17.440000534057617,18.06999969482422,18.06999969482422,543500
2020-01-27,17.729999542236328,18.145000457763672,17.450000762939453,17.84000015258789,17.84000015258789,484400
2020-01-28,17.84000015258789,18.3700008392334,17.75,17.850000381469727,17.850000381469727,423700
2020-01-29,17.860000610351562,18.079999923706055,17.079999923706055,17.850000381469727,17.850000381469727,427200
2020-01-30,17.649999618530273,17.895000457763672,16.440000534057617,16.920000076293945,16.920000076293945,413500
2020-01-31,16.780000686645508,17.059999465942383,16.329999923706055,16.8700008392334,16.8700008392334,344600
2020-02-03,16.920000076293945,17.600000381469727,16.729999542236328,16.959999084472656,16.959999084472656,242800
2020-02-04,17.15999984741211,17.8700008392334,17.118999481201172,17.739999771118164,17.739999771118164,281400
2020-02-05,17.969999313354492,18.270000457763672,17.774999618530273,18.1200008392334,18.1200008392334,440400
2020-02-06,18.239999771118164,18.413000106811523,17.895000457763672,17.969999313354492,17.969999313354492,443700
2020-02-07,17.8700008392334,18.31999969482422,17.575000762939453,18.010000228881836,18.010000228881836,383800
2020-02-10,18.059999465942383,18.3700008392334,17.920000076293945,18.31999969482422,18.31999969482422,232100
2020-02-11,18.350000381469727,18.799999237060547,18.190000534057617,18.549999237060547,18.549999237060547,373400
2020-02-12,18.6299991607666,18.8700008392334,18.510000228881836,18.610000610351562,18.610000610351562,220000
2020-02-13,18.549999237060547,18.719999313354492,18.270000457763672,18.3700008392334,18.3700008392334,221100
2020-02-14,18.329999923706055,18.520000457763672,17.3799991607666,18.030000686645508,18.030000686645508,306300
2020-02-18,18.0,18.3799991607666,17.739999771118164,18.229999542236328,18.229999542236328,229300
2020-02-19,18.299999237060547,19.049999237060547,18.2450008392334,19.0,19.0,445500
2020-02-20,18.940000534057617,19.594999313354492,18.799999237060547,19.549999237060547,19.549999237060547,537000
2020-02-21,19.5,19.739999771118164,18.459999084472656,18.559999465942383,18.559999465942383,336000
2020-02-24,17.829999923706055,18.639999389648438,17.25,18.049999237060547,18.049999237060547,272400
2020-02-25,18.1200008392334,18.940000534057617,17.559999465942383,17.889999389648438,17.889999389648438,395400
2020-02-26,17.989999771118164,18.450000762939453,16.809999465942383,16.889999389648438,16.889999389648438,660300
2020-02-27,16.469999313354492,17.829999923706055,15.859999656677246,17.100000381469727,17.100000381469727,479600
2020-02-28,16.510000228881836,17.3700008392334,15.949999809265137,16.420000076293945,16.420000076293945,602800
2020-03-02,16.469999313354492,16.469999313354492,15.579999923706055,16.190000534057617,16.190000534057617,735100
2020-03-03,15.550000190734863,16.079999923706055,14.59000015258789,14.75,14.75,506200
2020-03-04,15.119999885559082,15.468000411987305,14.630000114440918,15.279999732971191,15.279999732971191,338800
2020-03-05,15.199999809265137,15.199999809265137,11.710000038146973,12.140000343322754,12.140000343322754,1052800
2020-03-06,11.739999771118164,11.947999954223633,10.470000267028809,10.760000228881836,10.760000228881836,1067100
2020-03-09,10.109999656677246,10.460000038146973,9.130000114440918,9.770000457763672,9.770000457763672,877500
2020-03-10,10.180000305175781,10.359999656677246,9.210000038146973,9.970000267028809,9.970000267028809,946000
2020-03-11,9.640000343322754,9.930000305175781,8.59000015258789,8.859999656677246,8.859999656677246,967600
2020-03-12,8.3100004196167,8.454999923706055,6.980000019073486,7.010000228881836,7.010000228881836,666500
2020-03-13,7.440000057220459,7.565000057220459,6.159999847412109,6.389999866485596,6.389999866485596,677500
2020-03-16,6.059999942779541,6.059999942779541,4.670000076293945,4.679999828338623,4.679999828338623,1091900
2020-03-17,4.900000095367432,5.619999885559082,4.150000095367432,5.559999942779541,5.559999942779541,1144400
2020-03-18,5.389999866485596,5.389999866485596,4.0,5.130000114440918,5.130000114440918,774400
2020-03-19,5.039999961853027,5.929999828338623,4.559999942779541,5.800000190734863,5.800000190734863,779400
2020-03-20,5.829999923706055,6.150000095367432,5.03000020980835,5.25,5.25,1164500
2020-03-23,5.269999980926514,5.460000038146973,4.900000095367432,5.420000076293945,5.420000076293945,785600
2020-03-24,5.699999809265137,6.46999979019165,5.599999904632568,6.380000114440918,6.380000114440918,871000
2020-03-25,6.389999866485596,8.069999694824219,6.159999847412109,7.199999809265137,7.199999809265137,1171500
2020-03-26,7.360000133514404,8.66100025177002,6.829999923706055,7.0,7.0,943600
2020-03-27,6.78000020980835,6.960999965667725,6.204999923706055,6.619999885559082,6.619999885559082,968400
2020-03-30,6.590000152587891,6.889999866485596,6.340000152587891,6.809999942779541,6.809999942779541,623000
2020-03-31,6.800000190734863,7.610000133514404,6.320000171661377,6.53000020980835,6.53000020980835,1054600
2020-04-01,6.260000228881836,6.546999931335449,5.099999904632568,5.28000020980835,5.28000020980835,977100
2020-04-02,5.289999961853027,5.739999771118164,5.110000133514404,5.289999961853027,5.289999961853027,540000
2020-04-03,5.289999961853027,5.460000038146973,4.75,4.800000190734863,4.800000190734863,539700
2020-04-06,5.099999904632568,5.710000038146973,5.099999904632568,5.210000038146973,5.210000038146973,493100
2020-04-07,5.46999979019165,5.849999904632568,5.340000152587891,5.619999885559082,5.619999885559082,827400
2020-04-08,5.739999771118164,8.039999961853027,5.510000228881836,7.820000171661377,7.820000171661377,1215100
2020-04-09,8.010000228881836,8.395000457763672,7.130000114440918,7.539999961853027,7.539999961853027,1426600
2020-04-13,7.590000152587891,7.849999904632568,6.769999980926514,7.050000190734863,7.050000190734863,574900
2020-04-14,7.210000038146973,7.429999828338623,6.820000171661377,7.119999885559082,7.119999885559082,936900
2020-04-15,6.949999809265137,6.949999809265137,6.320000171661377,6.760000228881836,6.760000228881836,460800
2020-04-16,6.949999809265137,6.949999809265137,6.211999893188477,6.510000228881836,6.510000228881836,500200
2020-04-17,7.070000171661377,9.75,7.050000190734863,9.600000381469727,9.600000381469727,11860700
2020-04-20,10.0,10.779999732971191,9.220000267028809,9.319999694824219,9.319999694824219,3320100
2020-04-21,9.020000457763672,10.100000381469727,8.40999984741211,9.34000015258789,9.34000015258789,1856900
2020-04-22,9.699999809265137,9.729999542236328,8.649999618530273,9.109999656677246,9.109999656677246,1092400
2020-04-23,9.25,10.289999961853027,9.154000282287598,9.84000015258789,9.84000015258789,1281100
2020-04-24,10.09000015258789,10.173999786376953,9.510000228881836,9.970000267028809,9.970000267028809,657700
2020-04-27,10.739999771118164,11.970000267028809,10.130000114440918,11.859999656677246,11.859999656677246,1642100
2020-04-28,11.979999542236328,12.34000015258789,10.899999618530273,12.239999771118164,12.239999771118164,1393800
2020-04-29,12.329999923706055,12.850000381469727,12.02400016784668,12.199999809265137,12.199999809265137,844900
2020-04-30,11.800000190734863,12.489999771118164,11.380000114440918,11.800000190734863,11.800000190734863,619600
2020-05-01,11.399999618530273,11.649999618530273,10.5600004196167,10.819999694824219,10.819999694824219,811300
2020-05-04,10.619999885559082,10.878999710083008,10.350000381469727,10.380000114440918,10.380000114440918,513900
2020-05-05,10.770000457763672,11.880000114440918,10.550000190734863,11.239999771118164,11.239999771118164,779900
2020-05-06,11.289999961853027,11.40999984741211,10.65999984741211,10.739999771118164,10.739999771118164,582600
2020-05-07,10.850000381469727,11.145000457763672,10.039999961853027,10.119999885559082,10.119999885559082,805400
2020-05-08,10.3100004196167,11.055000305175781,10.130000114440918,10.9350004196167,10.9350004196167,1321700
2020-05-11,10.720000267028809,11.199999809265137,9.949999809265137,10.819999694824219,10.819999694824219,1003000
2020-05-12,11.239999771118164,12.9399995803833,10.979999542236328,11.069999694824219,11.069999694824219,1875900
2020-05-13,10.949999809265137,11.15999984741211,9.789999961853027,9.960000038146973,9.960000038146973,970900
2020-05-14,9.789999961853027,9.9399995803833,8.569999694824219,9.555000305175781,9.555000305175781,1140400
2020-05-15,9.569999694824219,9.90999984741211,9.289999961853027,9.869999885559082,9.869999885559082,507200
2020-05-18,10.3100004196167,12.609999656677246,10.3100004196167,12.220000267028809,12.220000267028809,1807400
2020-05-19,12.0,12.71500015258789,11.539999961853027,12.204999923706055,12.204999923706055,776700
2020-05-20,12.539999961853027,13.255000114440918,12.293000221252441,13.149999618530273,13.149999618530273,883500
2020-05-21,12.949999809265137,14.529999732971191,12.949999809265137,14.180000305175781,14.180000305175781,791600
2020-05-22,14.069999694824219,14.095000267028809,13.420000076293945,14.039999961853027,14.039999961853027,395800
2020-05-26,14.779999732971191,15.369999885559082,14.329999923706055,14.970000267028809,14.970000267028809,774900
2020-05-27,15.180000305175781,15.361000061035156,13.789999961853027,14.479999542236328,14.479999542236328,435000
2020-05-28,14.529999732971191,14.699999809265137,13.640000343322754,13.729999542236328,13.729999542236328,332100
2020-05-29,13.529999732971191,13.699999809265137,12.708000183105469,13.404999732971191,13.404999732971191,511900
2020-06-01,13.430000305175781,14.270000457763672,13.170000076293945,13.75,13.75,503800
2020-06-02,14.029999732971191,14.25,13.640000343322754,13.680000305175781,13.680000305175781,441900
2020-06-03,14.0,14.25,13.550000190734863,13.640000343322754,13.640000343322754,373000
2020-06-04,13.569999694824219,13.75,13.039999961853027,13.09000015258789,13.09000015258789,887600
2020-06-05,13.65999984741211,15.140000343322754,13.40999984741211,14.515000343322754,14.515000343322754,1049400
2020-06-08,14.989999771118164,15.920000076293945,14.859999656677246,15.899999618530273,15.899999618530273,905100
2020-06-09,15.5,15.694999694824219,14.819999694824219,15.359999656677246,15.359999656677246,530900
2020-06-10,15.1899995803833,15.1899995803833,13.420000076293945,14.710000038146973,14.710000038146973,775600
2020-06-11,13.75,13.760000228881836,11.229999542236328,11.350000381469727,11.350000381469727,1246400
2020-06-12,12.979999542236328,13.0,11.420000076293945,11.829999923706055,11.829999923706055,710500
2020-06-15,11.270000457763672,12.57800006866455,10.899999618530273,12.4399995803833,12.4399995803833,496300
2020-06-16,13.229999542236328,13.8100004196167,12.970000267028809,13.300000190734863,13.300000190734863,909300
2020-06-17,13.300000190734863,13.359999656677246,11.916000366210938,11.949999809265137,11.949999809265137,691900
2020-06-18,11.800000190734863,12.4399995803833,11.649999618530273,12.130000114440918,12.130000114440918,372200
2020-06-19,12.34000015258789,12.920000076293945,12.0,12.0600004196167,12.0600004196167,691500
2020-06-22,12.0,12.270000457763672,11.65999984741211,11.9399995803833,11.9399995803833,483200
2020-06-23,12.199999809265137,12.25,11.6899995803833,11.760000228881836,11.760000228881836,678800
2020-06-24,11.510000228881836,11.619999885559082,10.619999885559082,10.819999694824219,10.819999694824219,690300
2020-06-25,10.649999618530273,11.069999694824219,10.109999656677246,10.850000381469727,10.850000381469727,757000
2020-06-26,10.800000190734863,11.0,10.420000076293945,10.470000267028809,10.470000267028809,957700
2020-06-29,10.6899995803833,11.260000228881836,10.289999961853027,11.239999771118164,11.239999771118164,501300
2020-06-30,11.180000305175781,11.640000343322754,10.970000267028809,11.569999694824219,11.569999694824219,541000
2020-07-01,11.609999656677246,11.930000305175781,11.319999694824219,11.579999923706055,11.579999923706055,281600
2020-07-02,12.029999732971191,12.109999656677246,11.0600004196167,11.180000305175781,11.180000305175781,553300
2020-07-06,11.470000267028809,11.869999885559082,11.279999732971191,11.770000457763672,11.770000457763672,707500
2020-07-07,11.649999618530273,11.694999694824219,11.100000381469727,11.470000267028809,11.470000267028809,479400
2020-07-08,11.390000343322754,12.199999809265137,11.359999656677246,12.109999656677246,12.109999656677246,479600
2020-07-09,12.0600004196167,12.220000267028809,11.140000343322754,11.300000190734863,11.300000190734863,506800
2020-07-10,11.1899995803833,11.789999961853027,11.140000343322754,11.770000457763672,11.770000457763672,398700
2020-07-13,11.960000038146973,12.979999542236328,11.710000038146973,12.220000267028809,12.220000267028809,563600
2020-07-14,12.15999984741211,12.479999542236328,11.960000038146973,12.479999542236328,12.479999542236328,344800
2020-07-15,13.0,14.050000190734863,12.895000457763672,13.9399995803833,13.9399995803833,1057500
2020-07-16,13.8100004196167,15.0,13.779999732971191,14.710000038146973,14.710000038146973,723900
2020-07-17,14.770000457763672,15.029999732971191,14.399999618530273,14.609999656677246,14.609999656677246,461800
2020-07-20,14.680000305175781,14.970000267028809,13.399999618530273,13.399999618530273,13.399999618530273,678400
2020-07-21,13.65999984741211,14.390000343322754,13.65999984741211,14.180000305175781,14.180000305175781,312000
2020-07-22,13.84000015258789,15.626999855041504,13.84000015258789,15.15999984741211,15.15999984741211,744300
2020-07-23,15.460000038146973,16.690000534057617,15.305000305175781,15.8100004196167,15.8100004196167,1306600
2020-07-24,15.90999984741211,16.225000381469727,15.5649995803833,15.75,15.75,527400
2020-07-27,15.649999618530273,15.739999771118164,15.15999984741211,15.670000076293945,15.670000076293945,380500
2020-07-28,15.520000457763672,15.960000038146973,15.449999809265137,15.5,15.5,378600
2020-07-29,15.670000076293945,16.229999542236328,15.670000076293945,16.18000030517578,16.18000030517578,631000
2020-07-30,15.5,16.190000534057617,15.324000358581543,15.819999694824219,15.819999694824219,433000
2020-07-31,15.800000190734863,16.040000915527344,14.984999656677246,15.270000457763672,15.270000457763672,443800
2020-08-03,15.479999542236328,15.914999961853027,15.210000038146973,15.46500015258789,15.46500015258789,375800
2020-08-04,15.220000267028809,16.375999450683594,15.220000267028809,16.0,16.0,512200
2020-08-05,17.0,19.3700008392334,16.579999923706055,19.309999465942383,19.309999465942383,2010700
2020-08-06,19.0,20.270000457763672,18.731000900268555,20.190000534057617,20.190000534057617,1122400
2020-08-07,20.0,20.959999084472656,19.350000381469727,19.850000381469727,19.850000381469727,487200
2020-08-10,20.049999237060547,20.860000610351562,19.860000610351562,20.174999237060547,20.174999237060547,449100
2020-08-11,20.469999313354492,20.829999923706055,19.579999923706055,20.270000457763672,20.270000457763672,462600
2020-08-12,20.6299991607666,20.6299991607666,19.604999542236328,20.299999237060547,20.299999237060547,387800
2020-08-13,20.309999465942383,20.309999465942383,19.280000686645508,19.389999389648438,19.389999389648438,401500
2020-08-14,19.270000457763672,19.75,19.030000686645508,19.729999542236328,19.729999542236328,308600
2020-08-17,19.760000228881836,20.329999923706055,19.5,19.90999984741211,19.90999984741211,289500
2020-08-18,19.989999771118164,19.989999771118164,18.899999618530273,19.020000457763672,19.020000457763672,357100
2020-08-19,19.170000076293945,19.690000534057617,18.725000381469727,19.09000015258789,19.09000015258789,432600
2020-08-20,18.850000381469727,19.114999771118164,18.389999389648438,18.450000762939453,18.450000762939453,238000
2020-08-21,18.280000686645508,18.59000015258789,17.729999542236328,17.790000915527344,17.790000915527344,305100
2020-08-24,17.8700008392334,18.690000534057617,17.645000457763672,18.25,18.25,345000
2020-08-25,18.299999237060547,18.459999084472656,17.790000915527344,18.209999084472656,18.209999084472656,196300
2020-08-26,18.309999465942383,18.719999313354492,17.93000030517578,18.1299991607666,18.1299991607666,182100
2020-08-27,18.1200008392334,18.770000457763672,17.899999618530273,18.520000457763672,18.520000457763672,183100
2020-08-28,18.165000915527344,19.3700008392334,18.165000915527344,19.350000381469727,19.350000381469727,282000
2020-08-31,19.299999237060547,19.924999237060547,19.0,19.09000015258789,19.09000015258789,426200
2020-09-01,19.020000457763672,19.90999984741211,18.25,19.799999237060547,19.799999237060547,205500
2020-09-02,19.850000381469727,20.459999084472656,19.030000686645508,19.940000534057617,19.940000534057617,361200
2020-09-03,19.8700008392334,20.110000610351562,19.0,19.649999618530273,19.649999618530273,238600
2020-09-04,19.860000610351562,20.15999984741211,19.190000534057617,20.049999237060547,20.049999237060547,199200
2020-09-08,19.579999923706055,20.0,19.200000762939453,19.459999084472656,19.459999084472656,336200
2020-09-09,19.729999542236328,20.899999618530273,19.510000228881836,20.489999771118164,20.489999771118164,337500
2020-09-10,20.549999237060547,22.190000534057617,20.010000228881836,21.420000076293945,21.420000076293945,486700
2020-09-11,21.579999923706055,21.979999542236328,20.889999389648438,21.559999465942383,21.559999465942383,374100
2020-09-14,21.8700008392334,22.399999618530273,21.315000534057617,22.139999389648438,22.139999389648438,416000
2020-09-15,22.290000915527344,23.290000915527344,21.950000762939453,23.079999923706055,23.079999923706055,398400
2020-09-16,23.309999465942383,24.75,23.09000015258789,23.75,23.75,551500
2020-09-17,23.989999771118164,24.450000762939453,22.90999984741211,23.6200008392334,23.6200008392334,495700
2020-09-18,23.84000015258789,24.420000076293945,22.81999969482422,23.520000457763672,23.520000457763672,516300
2020-09-21,22.610000610351562,23.219999313354492,21.0,21.549999237060547,21.549999237060547,855500
2020-09-22,21.610000610351562,22.454999923706055,20.229999542236328,20.299999237060547,20.299999237060547,657100
2020-09-23,20.299999237060547,21.18000030517578,19.31999969482422,19.389999389648438,19.389999389648438,773200
2020-09-24,19.299999237060547,19.43000030517578,18.399999618530273,18.6200008392334,18.6200008392334,824400
2020-09-25,18.420000076293945,19.780000686645508,18.25,19.469999313354492,19.469999313354492,364800
2020-09-28,19.799999237060547,20.385000228881836,19.510000228881836,19.889999389648438,19.889999389648438,347800
2020-09-29,19.920000076293945,20.270000457763672,19.540000915527344,19.6299991607666,19.6299991607666,336100
2020-09-30,19.68000030517578,23.06999969482422,19.68000030517578,21.899999618530273,21.899999618530273,971500
2020-10-01,21.899999618530273,22.780000686645508,21.131000518798828,22.719999313354492,22.719999313354492,495400
2020-10-02,22.059999465942383,24.030000686645508,21.799999237060547,23.350000381469727,23.350000381469727,318400
2020-10-05,23.65999984741211,24.93000030517578,23.5,24.139999389648438,24.139999389648438,401900
2020-10-06,24.479999542236328,24.989999771118164,23.25,23.3799991607666,23.3799991607666,334000
2020-10-07,23.760000228881836,24.27400016784668,23.09000015258789,23.290000915527344,23.290000915527344,492800
2020-10-08,23.549999237060547,23.600000381469727,22.829999923706055,22.90999984741211,22.90999984741211,251100
2020-10-09,23.040000915527344,23.81999969482422,23.0,23.1200008392334,23.1200008392334,319400
2020-10-12,23.059999465942383,23.3799991607666,22.280000686645508,22.549999237060547,22.549999237060547,340800
2020-10-13,22.329999923706055,23.719999313354492,21.920000076293945,23.639999389648438,23.639999389648438,308300
2020-10-14,23.540000915527344,24.43000030517578,23.40399932861328,23.600000381469727,23.600000381469727,396800
2020-10-15,23.31999969482422,24.260000228881836,22.899999618530273,24.0,24.0,476800
2020-10-16,23.979999542236328,25.0,23.5,23.639999389648438,23.639999389648438,417900
2020-10-19,23.639999389648438,24.440000534057617,22.530000686645508,22.56999969482422,22.56999969482422,394200
2020-10-20,22.59000015258789,22.780000686645508,21.809999465942383,21.93000030517578,21.93000030517578,177500
2020-10-21,21.93000030517578,22.6200008392334,21.6200008392334,22.170000076293945,22.170000076293945,254400
2020-10-22,22.200000762939453,22.8799991607666,21.190000534057617,21.75,21.75,157000
2020-10-23,21.889999389648438,22.479999542236328,21.3799991607666,22.469999313354492,22.469999313354492,179700
2020-10-26,21.93000030517578,22.190000534057617,21.149999618530273,21.899999618530273,21.899999618530273,278500
2020-10-27,21.920000076293945,22.079999923706055,21.59000015258789,21.709999084472656,21.709999084472656,313300
2020-10-28,21.280000686645508,21.760000228881836,20.924999237060547,21.709999084472656,21.709999084472656,375300
2020-10-29,21.56999969482422,22.540000915527344,20.8700008392334,22.239999771118164,22.239999771118164,275200
2020-10-30,22.219999313354492,22.540000915527344,21.43000030517578,21.81999969482422,21.81999969482422,452100
2020-11-02,22.209999084472656,23.989999771118164,22.18000030517578,23.200000762939453,23.200000762939453,467100
2020-11-03,23.709999084472656,24.889999389648438,23.579999923706055,24.290000915527344,24.290000915527344,811100
2020-11-04,23.3700008392334,24.729999542236328,22.75,22.959999084472656,22.959999084472656,578100
2020-11-05,23.31999969482422,24.200000762939453,22.75,22.8700008392334,22.8700008392334,339900
2020-11-06,22.850000381469727,22.850000381469727,21.360000610351562,22.260000228881836,22.260000228881836,434000
2020-11-09,23.850000381469727,25.3700008392334,23.110000610351562,24.469999313354492,24.469999313354492,641300
2020-11-10,24.8799991607666,26.719999313354492,24.8799991607666,26.040000915527344,26.040000915527344,642800
2020-11-11,26.399999618530273,26.40999984741211,24.649999618530273,24.8700008392334,24.8700008392334,499800
2020-11-12,24.700000762939453,24.959999084472656,22.51300048828125,22.790000915527344,22.790000915527344,410300
2020-11-13,23.06999969482422,24.25,22.871999740600586,23.889999389648438,23.889999389648438,280800
2020-11-16,24.350000381469727,24.89699935913086,23.84000015258789,24.309999465942383,24.309999465942383,353500
2020-11-17,23.920000076293945,25.530000686645508,23.700000762939453,24.700000762939453,24.700000762939453,470300
2020-11-18,24.889999389648438,25.239999771118164,24.170000076293945,24.25,24.25,225300
2020-11-19,24.190000534057617,24.26300048828125,23.0,24.030000686645508,24.030000686645508,276600
2020-11-20,23.81999969482422,24.674999237060547,23.540000915527344,23.829999923706055,23.829999923706055,443100
2020-11-23,24.079999923706055,25.719999313354492,24.0049991607666,24.979999542236328,24.979999542236328,257900
2020-11-24,25.549999237060547,25.84000015258789,24.8799991607666,25.43000030517578,25.43000030517578,274100
2020-11-25,25.450000762939453,25.959999084472656,24.90999984741211,25.100000381469727,25.100000381469727,169000
2020-11-27,25.040000915527344,25.969999313354492,25.040000915527344,25.81999969482422,25.81999969482422,103300
2020-11-30,25.600000381469727,25.899999618530273,24.200000762939453,24.43000030517578,24.43000030517578,443000
2020-12-01,24.920000076293945,26.6200008392334,24.799999237060547,25.8799991607666,25.8799991607666,452500
2020-12-02,25.559999465942383,25.735000610351562,24.649999618530273,25.549999237060547,25.549999237060547,201600
2020-12-03,25.690000534057617,26.84000015258789,25.149999618530273,26.579999923706055,26.579999923706055,329500
2020-12-04,26.84000015258789,27.90999984741211,26.565000534057617,27.68000030517578,27.68000030517578,337100
2020-12-07,27.450000762939453,28.34000015258789,26.989999771118164,27.969999313354492,27.969999313354492,293000
2020-12-08,27.700000762939453,28.280000686645508,26.59000015258789,27.200000762939453,27.200000762939453,224700
2020-12-09,27.469999313354492,28.030000686645508,26.989999771118164,27.3700008392334,27.3700008392334,188500
2020-12-10,26.81999969482422,29.149999618530273,26.81999969482422,28.450000762939453,28.450000762939453,661200
2020-12-11,28.149999618530273,28.6299991607666,26.950000762939453,27.190000534057617,27.190000534057617,313600
2020-12-14,27.770000457763672,28.1299991607666,26.700000762939453,26.809999465942383,26.809999465942383,197900
2020-12-15,27.110000610351562,27.40999984741211,26.68000030517578,27.079999923706055,27.079999923706055,237100
2020-12-16,27.15999984741211,27.209999084472656,26.350000381469727,26.90999984741211,26.90999984741211,129400
2020-12-17,26.84000015258789,29.079999923706055,26.65999984741211,28.670000076293945,28.670000076293945,236500
2020-12-18,28.75,29.399999618530273,27.684999465942383,28.459999084472656,28.459999084472656,560600
2020-12-21,27.639999389648438,28.290000915527344,27.450000762939453,28.06999969482422,28.06999969482422,278000
2020-12-22,28.110000610351562,28.110000610351562,27.21299934387207,27.790000915527344,27.790000915527344,182300
2020-12-23,28.18000030517578,28.865999221801758,27.90999984741211,28.020000457763672,28.020000457763672,125400
2020-12-24,28.0,28.0,26.959999084472656,27.81999969482422,27.81999969482422,94600
2020-12-28,28.049999237060547,28.3700008392334,27.280000686645508,28.010000228881836,28.010000228881836,168000
2020-12-29,28.329999923706055,29.1299991607666,27.624000549316406,28.889999389648438,28.889999389648438,226400
2020-12-30,29.149999618530273,29.459999084472656,27.530000686645508,28.219999313354492,28.219999313354492,324000
2020-12-31,28.18000030517578,29.21500015258789,27.639999389648438,29.010000228881836,29.010000228881836,344600
2021-01-04,29.450000762939453,30.239999771118164,26.420000076293945,27.600000381469727,27.600000381469727,445500
2021-01-05,27.420000076293945,29.270000457763672,27.420000076293945,28.59000015258789,28.59000015258789,254400
2021-01-06,29.260000228881836,31.364999771118164,29.260000228881836,30.649999618530273,30.649999618530273,363900
2021-01-07,31.0,31.6200008392334,29.450000762939453,30.25,30.25,255200
2021-01-08,30.350000381469727,30.541000366210938,29.670000076293945,30.31999969482422,30.31999969482422,167400
2021-01-11,29.950000762939453,32.099998474121094,29.549999237060547,31.399999618530273,31.399999618530273,332200
2021-01-12,31.770000457763672,31.770000457763672,30.170000076293945,30.709999084472656,30.709999084472656,253100
2021-01-13,30.68000030517578,31.299999237060547,30.010000228881836,30.729999542236328,30.729999542236328,122100
2021-01-14,30.90999984741211,31.920000076293945,30.1299991607666,30.190000534057617,30.190000534057617,220000
2021-01-15,30.200000762939453,30.940000534057617,28.809999465942383,30.559999465942383,30.559999465942383,329600
2021-01-19,30.989999771118164,31.940000534057617,30.329999923706055,30.850000381469727,30.850000381469727,251400
2021-01-20,31.0,32.18000030517578,30.7450008392334,31.31999969482422,31.31999969482422,231100
2021-01-21,31.610000610351562,32.132999420166016,30.670000076293945,31.350000381469727,31.350000381469727,325200
2021-01-22,31.110000610351562,31.799999237060547,30.280000686645508,30.860000610351562,30.860000610351562,302000
2021-01-25,30.59000015258789,31.75,30.1299991607666,31.299999237060547,31.299999237060547,464400
2021-01-26,30.8700008392334,30.8700008392334,28.3799991607666,29.100000381469727,29.100000381469727,570900
2021-01-27,28.260000228881836,31.268999099731445,27.18000030517578,30.469999313354492,30.469999313354492,657200
2021-01-28,31.56800079345703,38.86000061035156,31.56800079345703,36.619998931884766,36.619998931884766,4724000
2021-01-29,37.060001373291016,38.042999267578125,35.63399887084961,37.279998779296875,37.279998779296875,1216700
2021-02-01,37.869998931884766,41.20000076293945,36.310001373291016,41.119998931884766,41.119998931884766,895600
2021-02-02,42.279998779296875,42.869998931884766,38.38999938964844,38.900001525878906,38.900001525878906,717800
2021-02-03,38.900001525878906,39.77000045776367,36.84000015258789,38.619998931884766,38.619998931884766,518800
2021-02-04,38.83000183105469,39.2400016784668,37.22999954223633,37.36000061035156,37.36000061035156,347300
2021-02-05,37.63999938964844,38.07500076293945,35.369998931884766,36.91999816894531,36.91999816894531,420000
2021-02-08,36.849998474121094,37.29999923706055,35.56999969482422,36.790000915527344,36.790000915527344,425200
2021-02-09,36.650001525878906,37.18000030517578,35.130001068115234,35.25,35.25,261500
2021-02-10,35.41999816894531,36.060001373291016,34.7400016784668,35.58000183105469,35.58000183105469,254800
2021-02-11,35.709999084472656,36.650001525878906,35.2400016784668,36.29999923706055,36.29999923706055,317200
2021-02-12,36.369998931884766,37.680999755859375,36.0,36.459999084472656,36.459999084472656,239800
2021-02-16,36.630001068115234,37.93000030517578,36.189998626708984,37.56999969482422,37.56999969482422,369500
2021-02-17,37.93000030517578,38.45000076293945,35.71699905395508,37.36000061035156,37.36000061035156,211300
2021-02-18,36.88999938964844,37.42499923706055,35.91999816894531,36.95000076293945,36.95000076293945,327800
2021-02-19,36.95000076293945,39.95000076293945,36.95000076293945,39.20000076293945,39.20000076293945,418500
2021-02-22,38.40999984741211,39.20000076293945,37.900001525878906,38.290000915527344,38.290000915527344,280200
2021-02-23,37.31999969482422,39.38999938964844,36.71500015258789,39.0,39.0,389700
2021-02-24,39.0,39.59000015258789,38.459999084472656,39.10499954223633,39.10499954223633,259000
2021-02-25,38.93000030517578,39.209999084472656,37.43000030517578,37.849998474121094,37.849998474121094,231800
2021-02-26,37.7599983215332,40.9900016784668,37.25,39.470001220703125,39.470001220703125,690600
2021-03-01,40.06999969482422,42.459999084472656,40.06999969482422,41.45000076293945,41.45000076293945,474900
2021-03-02,41.630001068115234,42.5,40.81999969482422,41.27000045776367,41.27000045776367,414700
2021-03-03,41.13999938964844,42.130001068115234,40.650001525878906,41.70000076293945,41.70000076293945,428100
2021-03-04,41.63999938964844,41.96500015258789,36.43000030517578,37.95000076293945,37.95000076293945,584500
2021-03-05,38.08000183105469,38.86000061035156,35.650001525878906,38.4900016784668,38.4900016784668,438700
2021-03-08,38.2599983215332,39.63999938964844,37.88999938964844,39.04999923706055,39.04999923706055,372900
2021-03-09,39.529998779296875,41.34000015258789,39.32500076293945,40.599998474121094,40.599998474121094,806200
2021-03-10,40.650001525878906,44.560001373291016,40.650001525878906,42.040000915527344,42.040000915527344,712200
2021-03-11,42.04999923706055,43.06999969482422,40.959999084472656,41.97999954223633,41.97999954223633,534900
2021-03-12,41.27000045776367,42.525001525878906,40.959999084472656,42.060001373291016,42.060001373291016,264900
2021-03-15,41.15999984741211,44.83000183105469,41.15999984741211,43.5099983215332,43.5099983215332,455100
2021-03-16,43.630001068115234,44.220001220703125,40.97999954223633,41.400001525878906,41.400001525878906,333800
2021-03-17,40.349998474121094,42.209999084472656,39.5,41.63999938964844,41.63999938964844,230400
2021-03-18,41.58000183105469,43.0,41.22700119018555,41.439998626708984,41.439998626708984,470000
2021-03-19,40.97999954223633,42.14500045776367,39.74700164794922,40.9900016784668,40.9900016784668,685300
2021-03-22,41.08000183105469,42.0099983215332,40.88999938964844,41.099998474121094,41.099998474121094,415300
2021-03-23,40.68000030517578,41.5,39.93000030517578,40.029998779296875,40.029998779296875,520500
2021-03-24,40.689998626708984,43.400001525878906,40.5,42.290000915527344,42.290000915527344,480600
2021-03-25,41.54999923706055,43.90999984741211,41.0,43.75,43.75,468400
2021-03-26,44.380001068115234,44.45000076293945,42.619998931884766,43.459999084472656,43.459999084472656,226000
2021-03-29,43.4900016784668,44.97999954223633,42.09000015258789,42.599998474121094,42.599998474121094,337100
2021-03-30,42.61000061035156,44.119998931884766,42.459999084472656,43.630001068115234,43.630001068115234,1159300
2021-03-31,43.939998626708984,44.915000915527344,43.939998626708984,44.2599983215332,44.2599983215332,591200
2021-04-01,43.724998474121094,44.88999938964844,42.849998474121094,43.599998474121094,43.599998474121094,356900
2021-04-05,43.900001525878906,44.619998931884766,43.45000076293945,43.970001220703125,43.970001220703125,273900
2021-04-06,44.27000045776367,45.95000076293945,43.470001220703125,43.619998931884766,43.619998931884766,461100
2021-04-07,43.58000183105469,44.209999084472656,42.345001220703125,43.400001525878906,43.400001525878906,285800
2021-04-08,43.400001525878906,46.20000076293945,42.70000076293945,46.040000915527344,46.040000915527344,490500
2021-04-09,46.439998626708984,47.01499938964844,44.775001525878906,45.45000076293945,45.45000076293945,268500
2021-04-12,45.25,45.529998779296875,44.150001525878906,44.439998626708984,44.439998626708984,215900
2021-04-13,44.72999954223633,44.72999954223633,42.709999084472656,43.2400016784668,43.2400016784668,237600
2021-04-14,43.45000076293945,46.400001525878906,43.45000076293945,45.79999923706055,45.79999923706055,416600
2021-04-15,45.83000183105469,45.83000183105469,43.90999984741211,44.060001373291016,44.060001373291016,230400
2021-04-16,44.20000076293945,45.25,43.779998779296875,44.189998626708984,44.189998626708984,207900
2021-04-19,44.209999084472656,44.209999084472656,42.52000045776367,43.650001525878906,43.650001525878906,302900
2021-04-20,43.130001068115234,43.970001220703125,40.755001068115234,42.599998474121094,42.599998474121094,293700
2021-04-21,43.029998779296875,46.439998626708984,41.959999084472656,46.25,46.25,505700
2021-04-22,46.18000030517578,47.720001220703125,45.709999084472656,45.91999816894531,45.91999816894531,385200
2021-04-23,46.349998474121094,48.2599983215332,45.33000183105469,48.09000015258789,48.09000015258789,327400
2021-04-26,48.75,49.79999923706055,48.0,49.459999084472656,49.459999084472656,410200
2021-04-27,49.529998779296875,49.75,48.439998626708984,49.45000076293945,49.45000076293945,244700
2021-04-28,49.5,51.5,49.18000030517578,50.59000015258789,50.59000015258789,220600
2021-04-29,51.08000183105469,52.41999816894531,49.959999084472656,50.34000015258789,50.34000015258789,274300
2021-04-30,49.810001373291016,50.04999923706055,47.86000061035156,48.20000076293945,48.20000076293945,331600
2021-05-03,48.86000061035156,50.599998474121094,48.540000915527344,50.130001068115234,50.130001068115234,285000
2021-05-04,49.689998626708984,49.90599822998047,47.4900016784668,49.38999938964844,49.38999938964844,282200
2021-05-05,50.279998779296875,50.77000045776367,48.49300003051758,50.290000915527344,50.290000915527344,250800
2021-05-06,50.88999938964844,52.709999084472656,48.619998931884766,51.959999084472656,51.959999084472656,499100
2021-05-07,51.83000183105469,52.25,50.83000183105469,51.61000061035156,51.61000061035156,204400
2021-05-10,51.5099983215332,51.61000061035156,49.91999816894531,50.439998626708984,50.439998626708984,439500
2021-05-11,48.650001525878906,52.650001525878906,48.2599983215332,51.720001220703125,51.720001220703125,265100
2021-05-12,51.380001068115234,51.380001068115234,48.893001556396484,49.029998779296875,49.029998779296875,343600
2021-05-13,49.04999923706055,51.93000030517578,49.040000915527344,50.91999816894531,50.91999816894531,344600
2021-05-14,51.779998779296875,52.880001068115234,51.099998474121094,52.130001068115234,52.130001068115234,222000
2021-05-17,52.060001373291016,52.91999816894531,50.869998931884766,52.88999938964844,52.88999938964844,221400
2021-05-18,53.18000030517578,53.18000030517578,51.650001525878906,52.08000183105469,52.08000183105469,264000
2021-05-19,51.2599983215332,52.1150016784668,50.560001373291016,51.810001373291016,51.810001373291016,435500
2021-05-20,51.66999816894531,53.58000183105469,51.58000183105469,53.47999954223633,53.47999954223633,193600
2021-05-21,53.779998779296875,54.803001403808594,51.88999938964844,52.029998779296875,52.029998779296875,274800
2021-05-24,52.5,53.369998931884766,51.09000015258789,52.59000015258789,52.59000015258789,251600
2021-05-25,53.08000183105469,54.9900016784668,52.67900085449219,53.869998931884766,53.869998931884766,265500
2021-05-26,53.849998474121094,56.63999938964844,53.849998474121094,56.18000030517578,56.18000030517578,306100
2021-05-27,57.18000030517578,58.720001220703125,56.349998474121094,58.33000183105469,58.33000183105469,332600
2021-05-28,58.84000015258789,59.7400016784668,57.11000061035156,58.529998779296875,58.529998779296875,229200
2021-06-01,59.529998779296875,59.880001068115234,58.0,59.81999969482422,59.81999969482422,324600
2021-06-02,60.150001525878906,60.9900016784668,58.27000045776367,58.43000030517578,58.43000030517578,313100
2021-06-03,58.20000076293945,59.915000915527344,56.52000045776367,59.33000183105469,59.33000183105469,407300
2021-06-04,59.84000015258789,61.07500076293945,59.060001373291016,60.54999923706055,60.54999923706055,267400
2021-06-07,60.81999969482422,63.63999938964844,60.54999923706055,63.09000015258789,63.09000015258789,431600
2021-06-08,62.970001220703125,64.2699966430664,62.0099983215332,62.36000061035156,62.36000061035156,365300
2021-06-09,62.470001220703125,63.83000183105469,61.75600051879883,63.22999954223633,63.22999954223633,272100
2021-06-10,63.720001220703125,66.25,63.2400016784668,65.5999984741211,65.5999984741211,393300
2021-06-11,66.30000305175781,67.56999969482422,65.22000122070312,65.54000091552734,65.54000091552734,315200
2021-06-14,65.00499725341797,65.12999725341797,60.849998474121094,62.66999816894531,62.66999816894531,502200
2021-06-15,62.849998474121094,65.38999938964844,60.75,64.7699966430664,64.7699966430664,314000
2021-06-16,64.56999969482422,66.05999755859375,63.380001068115234,64.31999969482422,64.31999969482422,489200
2021-06-17,64.11000061035156,66.55000305175781,63.560001373291016,66.08999633789062,66.08999633789062,549200
2021-06-18,65.06999969482422,66.05999755859375,64.23999786376953,64.72000122070312,64.72000122070312,709000
2021-06-21,62.84000015258789,67.2699966430664,62.42300033569336,66.44999694824219,66.44999694824219,558600
2021-06-22,66.08999633789062,66.45999908447266,64.19000244140625,65.4800033569336,65.4800033569336,565100
2021-06-23,64.8499984741211,65.44999694824219,63.08000183105469,63.93000030517578,63.93000030517578,348300
2021-06-24,64.48999786376953,66.97000122070312,64.19999694824219,66.79000091552734,66.79000091552734,390200
2021-06-25,67.75,69.58000183105469,66.4800033569336,67.05000305175781,67.05000305175781,1155800
2021-06-28,67.38999938964844,67.5999984741211,65.1500015258789,66.55000305175781,66.55000305175781,422500
2021-06-29,67.05999755859375,68.25,65.58100128173828,65.9000015258789,65.9000015258789,423800
2021-06-30,65.44000244140625,67.19999694824219,64.63999938964844,66.62000274658203,66.62000274658203,308200
2021-07-01,66.5199966430664,67.2300033569336,64.77999877929688,65.19999694824219,65.19999694824219,342300
2021-07-02,64.97000122070312,65.75499725341797,63.810001373291016,65.33000183105469,65.33000183105469,260700
2021-07-06,66.0,66.0,62.58000183105469,63.06999969482422,63.06999969482422,463300
2021-07-07,62.4900016784668,63.880001068115234,61.224998474121094,62.29999923706055,62.29999923706055,809800
2021-07-08,60.83000183105469,62.59000015258789,59.27899932861328,61.61000061035156,61.61000061035156,416500
2021-07-09,62.5099983215332,63.900001525878906,61.709999084472656,62.560001373291016,62.560001373291016,196800
2021-07-12,62.16999816894531,63.630001068115234,61.04199981689453,63.099998474121094,63.099998474121094,224200
2021-07-13,63.0,63.56999969482422,61.439998626708984,62.040000915527344,62.040000915527344,173200
2021-07-14,62.41999816894531,63.0,59.08000183105469,59.279998779296875,59.279998779296875,183400
2021-07-15,58.869998931884766,59.93000030517578,58.29999923706055,58.93000030517578,58.93000030517578,208300
2021-07-16,59.47999954223633,60.869998931884766,57.209999084472656,57.86000061035156,57.86000061035156,278400
2021-07-19,56.5,58.33000183105469,55.599998474121094,56.119998931884766,56.119998931884766,352800
2021-07-20,56.599998474121094,60.005001068115234,56.459999084472656,58.65999984741211,58.65999984741211,825100
2021-07-21,59.33000183105469,60.79999923706055,58.79999923706055,59.88999938964844,59.88999938964844,613200
2021-07-22,59.72999954223633,59.810001373291016,55.869998931884766,55.93000030517578,55.93000030517578,533300
2021-07-23,56.56999969482422,58.04600143432617,55.720001220703125,56.349998474121094,56.349998474121094,406400
2021-07-26,56.20000076293945,56.625,54.79999923706055,55.970001220703125,55.970001220703125,227800
2021-07-27,55.56999969482422,56.189998626708984,54.95000076293945,55.40999984741211,55.40999984741211,164500
2021-07-28,55.40999984741211,56.06999969482422,53.97999954223633,55.2599983215332,55.2599983215332,188500
2021-07-29,55.4900016784668,56.15999984741211,55.040000915527344,55.27000045776367,55.27000045776367,204200
2021-07-30,54.72999954223633,56.13999938964844,54.310001373291016,54.560001373291016,54.560001373291016,140700
2021-08-02,54.75,56.834999084472656,54.380001068115234,54.540000915527344,54.540000915527344,218600
2021-08-03,54.61000061035156,56.720001220703125,53.220001220703125,56.41999816894531,56.41999816894531,306600
2021-08-04,53.7400016784668,54.650001525878906,46.5099983215332,47.97999954223633,47.97999954223633,1190500
2021-08-05,47.91999816894531,50.09000015258789,47.845001220703125,49.040000915527344,49.040000915527344,372200
2021-08-06,49.439998626708984,51.029998779296875,49.439998626708984,50.33000183105469,50.33000183105469,323700
2021-08-09,49.86000061035156,49.86000061035156,47.75,47.849998474121094,47.849998474121094,291600
2021-08-10,47.630001068115234,47.630001068115234,45.415000915527344,45.689998626708984,45.689998626708984,434000
2021-08-11,45.83000183105469,46.279998779296875,44.380001068115234,45.81999969482422,45.81999969482422,365900
2021-08-12,46.209999084472656,46.77000045776367,45.47999954223633,45.93000030517578,45.93000030517578,180900
2021-08-13,46.31999969482422,47.36000061035156,46.0,46.790000915527344,46.790000915527344,405100
2021-08-16,46.41999816894531,47.599998474121094,45.90999984741211,47.400001525878906,47.400001525878906,352600
2021-08-17,46.63999938964844,46.970001220703125,43.61000061035156,44.20000076293945,44.20000076293945,299000
2021-08-18,44.38999938964844,46.29999923706055,44.36000061035156,44.5,44.5,520500
2021-08-19,43.849998474121094,44.0,42.29999923706055,43.060001373291016,43.060001373291016,327400
2021-08-20,42.41999816894531,43.93000030517578,41.70000076293945,43.790000915527344,43.790000915527344,337400
2021-08-23,44.22999954223633,44.82500076293945,43.474998474121094,44.7400016784668,44.7400016784668,297800
2021-08-24,45.0099983215332,46.36000061035156,44.60499954223633,45.93000030517578,45.93000030517578,351900
2021-08-25,45.779998779296875,47.45000076293945,45.40999984741211,46.529998779296875,46.529998779296875,299500
2021-08-26,46.400001525878906,47.40999984741211,46.0,46.40999984741211,46.40999984741211,266400
2021-08-27,46.689998626708984,48.22200012207031,46.560001373291016,47.81999969482422,47.81999969482422,225100
2021-08-30,48.16999816894531,50.36000061035156,47.31999969482422,49.130001068115234,49.130001068115234,419300
2021-08-31,49.02000045776367,49.59000015258789,47.85499954223633,49.20000076293945,49.20000076293945,347100
2021-09-01,49.61000061035156,50.540000915527344,48.52000045776367,50.29999923706055,50.29999923706055,422500
2021-09-02,50.54999923706055,52.400001525878906,50.54999923706055,52.189998626708984,52.189998626708984,284000
2021-09-03,51.90999984741211,52.61000061035156,51.27000045776367,51.56999969482422,51.56999969482422,290300
2021-09-07,51.2400016784668,51.42499923706055,49.84000015258789,50.290000915527344,50.290000915527344,333900
2021-09-08,50.38999938964844,50.529998779296875,48.88999938964844,49.31999969482422,49.31999969482422,424800
2021-09-09,49.27000045776367,50.90999984741211,49.22999954223633,49.77000045776367,49.77000045776367,279500
2021-09-10,49.9900016784668,50.7599983215332,47.65999984741211,48.119998931884766,48.119998931884766,396400
2021-09-13,48.4900016784668,48.72999954223633,46.150001525878906,47.650001525878906,47.650001525878906,469900
2021-09-14,48.13999938964844,48.13999938964844,45.599998474121094,45.97999954223633,45.97999954223633,274200
2021-09-15,45.58000183105469,47.15999984741211,44.689998626708984,46.779998779296875,46.779998779296875,418400
2021-09-16,47.07500076293945,47.3650016784668,45.810001373291016,46.54999923706055,46.54999923706055,200100
2021-09-17,46.91999816894531,48.29999923706055,45.810001373291016,46.5,46.5,419900
2021-09-20,45.38999938964844,45.529998779296875,43.67499923706055,44.400001525878906,44.400001525878906,294200
2021-09-21,44.88999938964844,46.2400016784668,44.2400016784668,45.560001373291016,45.560001373291016,379600
2021-09-22,45.83000183105469,46.59000015258789,45.45000076293945,45.83000183105469,45.83000183105469,129000
2021-09-23,46.2400016784668,46.939998626708984,45.61000061035156,46.189998626708984,46.189998626708984,415500
2021-09-24,45.869998931884766,46.08000183105469,41.880001068115234,42.0,42.0,549900
2021-09-27,42.0,42.91999816894531,41.040000915527344,42.380001068115234,42.380001068115234,432100
2021-09-28,42.77000045776367,43.15999984741211,41.599998474121094,41.900001525878906,41.900001525878906,432000
2021-09-29,42.0099983215332,42.91999816894531,41.29999923706055,42.34000015258789,42.34000015258789,401300
2021-09-30,42.560001373291016,43.64899826049805,41.70000076293945,42.34000015258789,42.34000015258789,820700
2021-10-01,42.709999084472656,45.41999816894531,42.06999969482422,45.099998474121094,45.099998474121094,505300
2021-10-04,44.81999969482422,45.95000076293945,42.71900177001953,43.029998779296875,43.029998779296875,366100
2021-10-05,43.16999816894531,44.290000915527344,42.47999954223633,42.900001525878906,42.900001525878906,402800
2021-10-06,42.380001068115234,42.720001220703125,41.04499816894531,41.5,41.5,294600
2021-10-07,41.779998779296875,42.558998107910156,41.349998474121094,41.560001373291016,41.560001373291016,380400
2021-10-08,41.52000045776367,41.599998474121094,39.11000061035156,39.29999923706055,39.29999923706055,296600
2021-10-11,39.369998931884766,39.52399826049805,37.83000183105469,37.900001525878906,37.900001525878906,295600
2021-10-12,38.29999923706055,39.060001373291016,37.630001068115234,38.880001068115234,38.880001068115234,334300
2021-10-13,39.099998474121094,39.85499954223633,38.20000076293945,39.439998626708984,39.439998626708984,399900
2021-10-14,39.95000076293945,40.875999450683594,39.0099983215332,39.22999954223633,39.22999954223633,272300
2021-10-15,40.2400016784668,41.5,38.790000915527344,40.97999954223633,40.97999954223633,264200
2021-10-18,41.22999954223633,42.09000015258789,40.810001373291016,41.939998626708984,41.939998626708984,271900
2021-10-19,42.09000015258789,43.630001068115234,41.810001373291016,42.66999816894531,42.66999816894531,168100
2021-10-20,42.720001220703125,43.41999816894531,42.25,42.470001220703125,42.470001220703125,148500
2021-10-21,42.7599983215332,43.7400016784668,42.189998626708984,43.20000076293945,43.20000076293945,160700
2021-10-22,42.959999084472656,43.79999923706055,42.150001525878906,43.529998779296875,43.529998779296875,142000
2021-10-25,43.529998779296875,44.119998931884766,41.650001525878906,41.970001220703125,41.970001220703125,185500
2021-10-26,42.18000030517578,42.31999969482422,40.189998626708984,41.029998779296875,41.029998779296875,249100
2021-10-27,42.15999984741211,42.2599983215332,39.53499984741211,40.06999969482422,40.06999969482422,124400
2021-10-28,40.189998626708984,41.4900016784668,40.189998626708984,40.88999938964844,40.88999938964844,142200
2021-10-29,40.630001068115234,41.5,39.939998626708984,41.13999938964844,41.13999938964844,286000
2021-11-01,41.029998779296875,41.790000915527344,40.040000915527344,40.790000915527344,40.790000915527344,283200
2021-11-02,40.77000045776367,41.29499816894531,39.56999969482422,41.04999923706055,41.04999923706055,245100
2021-11-03,47.369998931884766,48.880001068115234,45.42499923706055,48.02000045776367,48.02000045776367,587900
2021-11-04,47.880001068115234,49.060001373291016,46.45000076293945,47.4900016784668,47.4900016784668,394700
2021-11-05,46.814998626708984,51.11000061035156,46.814998626708984,50.099998474121094,50.099998474121094,309000
2021-11-08,47.61000061035156,48.369998931884766,45.630001068115234,48.18000030517578,48.18000030517578,719900
2021-11-09,49.75,53.099998474121094,49.349998474121094,52.29999923706055,52.29999923706055,2721900
2021-11-10,52.25,53.63999938964844,51.5,51.5,51.5,952100
2021-11-11,51.439998626708984,52.0,49.2400016784668,50.40999984741211,50.40999984741211,468800
2021-11-12,50.33000183105469,51.56999969482422,49.70000076293945,51.2400016784668,51.2400016784668,293500
2021-11-15,51.75,51.84000015258789,50.27000045776367,51.040000915527344,51.040000915527344,339500
2021-11-16,50.63999938964844,51.720001220703125,50.369998931884766,51.369998931884766,51.369998931884766,523800
2021-11-17,51.349998474121094,51.91999816894531,50.47999954223633,51.349998474121094,51.349998474121094,364300
2021-11-18,51.209999084472656,51.61000061035156,48.9900016784668,49.22999954223633,49.22999954223633,457600
2021-11-19,48.52000045776367,49.68000030517578,47.66999816894531,48.38999938964844,48.38999938964844,368100
2021-11-22,48.709999084472656,49.099998474121094,47.040000915527344,47.709999084472656,47.709999084472656,453100
2021-11-23,47.40999984741211,48.01499938964844,46.290000915527344,47.04999923706055,47.04999923706055,421000
2021-11-24,46.66999816894531,47.119998931884766,45.2599983215332,45.939998626708984,45.939998626708984,275400
2021-11-26,44.5,45.0,42.119998931884766,43.7400016784668,43.7400016784668,300500
2021-11-29,46.16999816894531,47.02000045776367,44.619998931884766,45.47999954223633,45.47999954223633,491400
2021-11-30,47.47999954223633,47.4900016784668,43.81999969482422,44.36000061035156,44.36000061035156,353500
2021-12-01,45.63999938964844,46.220001220703125,42.36000061035156,42.36000061035156,42.36000061035156,294100
2021-12-02,42.45000076293945,46.27000045776367,42.11000061035156,46.11000061035156,46.11000061035156,450700
2021-12-03,46.65999984741211,47.04999923706055,44.58000183105469,45.2599983215332,45.2599983215332,423700
2021-12-06,45.529998779296875,47.86000061035156,44.369998931884766,47.77000045776367,47.77000045776367,455000
2021-12-07,48.43000030517578,51.849998474121094,48.224998474121094,50.27000045776367,50.27000045776367,380800
2021-12-08,50.31999969482422,52.58000183105469,50.0099983215332,51.61000061035156,51.61000061035156,259300
2021-12-09,51.06999969482422,51.88999938964844,49.400001525878906,49.63999938964844,49.63999938964844,239100
2021-12-10,50.16999816894531,51.73500061035156,49.0099983215332,50.5099983215332,50.5099983215332,234300
2021-12-13,50.5,50.935001373291016,48.61000061035156,49.56999969482422,49.56999969482422,267100
2021-12-14,48.400001525878906,50.474998474121094,48.09000015258789,48.689998626708984,48.689998626708984,302700
2021-12-15,48.79999923706055,49.400001525878906,47.040000915527344,49.060001373291016,49.060001373291016,289500
2021-12-16,49.790000915527344,49.790000915527344,45.68000030517578,45.72999954223633,45.72999954223633,506800
2021-12-17,45.43000030517578,47.95000076293945,43.970001220703125,46.869998931884766,46.869998931884766,638800
2021-12-20,45.650001525878906,45.959999084472656,43.54999923706055,45.75,45.75,254700
2021-12-21,46.439998626708984,49.439998626708984,46.439998626708984,49.349998474121094,49.349998474121094,229500
2021-12-22,49.45000076293945,52.470001220703125,49.27000045776367,52.400001525878906,52.400001525878906,316500
2021-12-23,52.5099983215332,54.61000061035156,52.02000045776367,53.4900016784668,53.4900016784668,262300
2021-12-27,53.869998931884766,54.90999984741211,53.13999938964844,54.36000061035156,54.36000061035156,332800
2021-12-28,54.34000015258789,55.59000015258789,53.08000183105469,54.0,54.0,241400
2021-12-29,53.869998931884766,54.45000076293945,52.90999984741211,53.31999969482422,53.31999969482422,184600
2021-12-30,53.119998931884766,55.314998626708984,53.119998931884766,53.279998779296875,53.279998779296875,246900
2021-12-31,52.97999954223633,54.41999816894531,52.17599868774414,53.40999984741211,53.40999984741211,608500
2022-01-03,52.02000045776367,55.150001525878906,52.02000045776367,55.06999969482422,55.06999969482422,385400
2022-01-04,55.130001068115234,56.68000030517578,53.54999923706055,54.630001068115234,54.630001068115234,396700
2022-01-05,54.630001068115234,55.310001373291016,49.79999923706055,49.97999954223633,49.97999954223633,379600
2022-01-06,49.72999954223633,50.380001068115234,47.849998474121094,47.97999954223633,47.97999954223633,344600
2022-01-07,48.25,48.900001525878906,44.84000015258789,45.290000915527344,45.290000915527344,557800
2022-01-10,44.93000030517578,44.97999954223633,42.40999984741211,44.810001373291016,44.810001373291016,604400
2022-01-11,45.029998779296875,47.165000915527344,43.939998626708984,46.90999984741211,46.90999984741211,483100
2022-01-12,47.029998779296875,48.2400016784668,45.27000045776367,45.88999938964844,45.88999938964844,192300
2022-01-13,46.150001525878906,48.345001220703125,45.34000015258789,47.099998474121094,47.099998474121094,326300
2022-01-14,46.36000061035156,47.93000030517578,45.79999923706055,47.689998626708984,47.689998626708984,336900
2022-01-18,47.7599983215332,47.7599983215332,45.029998779296875,45.119998931884766,45.119998931884766,623400
2022-01-19,44.900001525878906,45.650001525878906,43.599998474121094,43.70000076293945,43.70000076293945,329000
2022-01-20,44.11000061035156,46.099998474121094,43.790000915527344,44.86000061035156,44.86000061035156,470000
2022-01-21,44.150001525878906,44.729000091552734,42.04999923706055,42.09000015258789,42.09000015258789,291200
2022-01-24,40.79999923706055,44.310001373291016,40.439998626708984,44.0,44.0,529700
2022-01-25,42.90999984741211,44.29499816894531,41.380001068115234,42.38999938964844,42.38999938964844,265400
2022-01-26,44.06999969482422,45.369998931884766,42.310001373291016,42.95000076293945,42.95000076293945,327700
2022-01-27,42.58000183105469,43.34000015258789,40.79999923706055,41.209999084472656,41.209999084472656,286400
2022-01-28,40.91999816894531,42.63999938964844,39.779998779296875,42.619998931884766,42.619998931884766,483000
2022-01-31,41.86000061035156,43.54999923706055,41.540000915527344,42.66999816894531,42.66999816894531,410900
2022-02-01,42.95000076293945,45.060001373291016,41.810001373291016,44.79999923706055,44.79999923706055,376700
2022-02-02,45.41999816894531,46.099998474121094,43.9900016784668,46.0,46.0,342100
2022-02-03,45.16999816894531,47.029998779296875,44.779998779296875,46.41999816894531,46.41999816894531,426700
2022-02-04,46.060001373291016,46.54999923706055,42.86000061035156,45.470001220703125,45.470001220703125,512500
2022-02-07,45.29999923706055,46.13999938964844,43.720001220703125,44.7599983215332,44.7599983215332,413700
2022-02-08,44.84000015258789,47.470001220703125,42.959999084472656,47.459999084472656,47.459999084472656,308000
2022-02-09,48.029998779296875,50.125,48.029998779296875,49.290000915527344,49.290000915527344,432100
2022-02-10,47.90999984741211,52.15999984741211,47.38999938964844,49.93000030517578,49.93000030517578,453900
2022-02-11,49.95000076293945,50.869998931884766,47.52000045776367,48.470001220703125,48.470001220703125,414700
2022-02-14,48.47999954223633,49.790000915527344,46.935001373291016,47.08000183105469,47.08000183105469,318600
2022-02-15,48.279998779296875,50.685001373291016,47.689998626708984,50.470001220703125,50.470001220703125,213500
2022-02-16,50.38999938964844,51.91999816894531,49.439998626708984,51.470001220703125,51.470001220703125,313000
2022-02-17,50.5,51.400001525878906,49.2599983215332,49.779998779296875,49.779998779296875,170800
2022-02-18,49.540000915527344,50.439998626708984,47.91999816894531,48.16999816894531,48.16999816894531,351700
2022-02-22,47.47999954223633,48.21500015258789,46.41999816894531,47.119998931884766,47.119998931884766,410400
2022-02-23,47.619998931884766,47.619998931884766,45.279998779296875,45.369998931884766,45.369998931884766,339000
2022-02-24,43.16999816894531,49.54999923706055,41.63999938964844,49.33000183105469,49.33000183105469,469400
2022-02-25,49.650001525878906,52.13999938964844,48.34000015258789,52.0099983215332,52.0099983215332,387600
2022-02-28,50.630001068115234,53.650001525878906,50.630001068115234,52.27000045776367,52.27000045776367,503500
2022-03-01,52.63999938964844,56.130001068115234,50.62300109863281,54.439998626708984,54.439998626708984,738600
2022-03-02,54.959999084472656,58.40999984741211,54.38999938964844,56.41999816894531,56.41999816894531,626000
2022-03-03,56.33000183105469,57.209999084472656,54.47999954223633,54.9900016784668,54.9900016784668,332800
2022-03-04,53.880001068115234,55.43000030517578,52.43000030517578,52.81999969482422,52.81999969482422,441200
2022-03-07,53.060001373291016,53.060001373291016,50.755001068115234,51.63999938964844,51.63999938964844,441400
2022-03-08,51.689998626708984,53.09000015258789,50.47999954223633,52.09000015258789,52.09000015258789,665600
2022-03-09,53.83000183105469,58.7400016784668,53.83000183105469,56.7400016784668,56.7400016784668,357200
2022-03-10,55.099998474121094,57.220001220703125,54.369998931884766,54.5099983215332,54.5099983215332,412700
2022-03-11,55.33000183105469,55.7599983215332,53.869998931884766,54.029998779296875,54.029998779296875,352800
2022-03-14,53.560001373291016,54.61000061035156,49.90999984741211,50.439998626708984,50.439998626708984,230700
2022-03-15,50.68000030517578,50.93000030517578,47.959999084472656,50.869998931884766,50.869998931884766,571300
2022-03-16,51.970001220703125,53.33000183105469,49.470001220703125,52.04999923706055,52.04999923706055,478300
2022-03-17,50.93000030517578,54.18000030517578,50.93000030517578,53.5099983215332,53.5099983215332,353200
2022-03-18,52.66999816894531,54.560001373291016,51.415000915527344,53.060001373291016,53.060001373291016,427500
2022-03-21,53.11000061035156,54.18000030517578,51.279998779296875,51.9900016784668,51.9900016784668,336600
2022-03-22,51.38999938964844,53.959999084472656,51.380001068115234,53.86000061035156,53.86000061035156,472000
2022-03-23,53.40999984741211,53.77000045776367,52.43000030517578,52.97999954223633,52.97999954223633,233100
2022-03-24,53.5,53.70000076293945,52.689998626708984,53.5,53.5,306000
2022-03-25,53.599998474121094,53.86000061035156,51.900001525878906,53.77000045776367,53.77000045776367,471400
2022-03-28,53.45000076293945,54.40999984741211,52.470001220703125,53.900001525878906,53.900001525878906,173800
2022-03-29,54.70000076293945,56.599998474121094,54.220001220703125,55.81999969482422,55.81999969482422,349000
2022-03-30,55.0099983215332,56.400001525878906,54.81800079345703,55.36000061035156,55.36000061035156,409600
2022-03-31,55.209999084472656,55.77000045776367,54.13999938964844,55.04999923706055,55.04999923706055,317200
2022-04-01,55.20000076293945,56.470001220703125,54.470001220703125,55.41999816894531,55.41999816894531,286400
2022-04-04,55.970001220703125,56.400001525878906,54.05500030517578,54.29999923706055,54.29999923706055,246000
2022-04-05,53.959999084472656,54.599998474121094,52.31999969482422,52.40999984741211,52.40999984741211,289500
2022-04-06,51.689998626708984,52.75,50.40999984741211,52.63999938964844,52.63999938964844,478400
2022-04-07,52.75,53.95000076293945,52.65999984741211,53.16999816894531,53.16999816894531,347800
2022-04-08,52.88999938964844,54.209999084472656,52.279998779296875,52.869998931884766,52.869998931884766,394000
2022-04-11,52.61000061035156,53.59000015258789,51.7599983215332,51.95000076293945,51.95000076293945,249000
2022-04-12,52.380001068115234,54.810001373291016,52.3650016784668,54.0099983215332,54.0099983215332,327700
2022-04-13,54.18000030517578,55.189998626708984,54.0,54.90999984741211,54.90999984741211,184400
2022-04-14,55.06999969482422,56.060001373291016,55.06999969482422,55.849998474121094,55.849998474121094,128400
2022-04-18,55.58000183105469,55.7599983215332,53.970001220703125,54.77000045776367,54.77000045776367,223300
2022-04-19,54.43000030517578,58.0,53.823001861572266,56.970001220703125,56.970001220703125,261500
2022-04-20,57.08000183105469,61.75,57.08000183105469,61.689998626708984,61.689998626708984,464700
2022-04-21,62.029998779296875,63.869998931884766,60.00400161743164,60.13999938964844,60.13999938964844,769500
2022-04-22,58.900001525878906,59.099998474121094,48.7400016784668,50.119998931884766,50.119998931884766,1112500
2022-04-25,49.630001068115234,54.400001525878906,49.0,52.33000183105469,52.33000183105469,683000
2022-04-26,50.91999816894531,52.470001220703125,49.939998626708984,51.16999816894531,51.16999816894531,479500
2022-04-27,51.09000015258789,53.119998931884766,50.84000015258789,52.2400016784668,52.2400016784668,356200
2022-04-28,53.15999984741211,53.15999984741211,49.130001068115234,52.68000030517578,52.68000030517578,576000
2022-04-29,51.900001525878906,53.61800003051758,50.814998626708984,51.15999984741211,51.15999984741211,318600
2022-05-02,51.0,51.84000015258789,49.58000183105469,51.220001220703125,51.220001220703125,585700
2022-05-03,53.52000045776367,57.97999954223633,53.32500076293945,54.90999984741211,54.90999984741211,1050200
2022-05-04,55.779998779296875,57.650001525878906,53.060001373291016,56.95000076293945,56.95000076293945,620800
2022-05-05,56.720001220703125,57.65999984741211,52.630001068115234,53.20000076293945,53.20000076293945,584900
2022-05-06,52.459999084472656,54.97999954223633,50.86000061035156,51.619998931884766,51.619998931884766,505100
2022-05-09,50.52000045776367,50.599998474121094,46.4900016784668,47.220001220703125,47.220001220703125,475300
2022-05-10,48.31999969482422,49.22999954223633,46.34000015258789,47.869998931884766,47.869998931884766,564900
2022-05-11,48.41999816894531,48.505001068115234,42.81999969482422,43.02000045776367,43.02000045776367,629000
2022-05-12,42.54999923706055,44.369998931884766,40.599998474121094,42.15999984741211,42.15999984741211,1216600
2022-05-13,42.900001525878906,45.970001220703125,42.150001525878906,45.029998779296875,45.029998779296875,614000
2022-05-16,44.75,46.09000015258789,43.77000045776367,43.849998474121094,43.849998474121094,337000
2022-05-17,43.790000915527344,46.470001220703125,43.279998779296875,46.43000030517578,46.43000030517578,539000
2022-05-18,45.33000183105469,46.220001220703125,40.459999084472656,40.83000183105469,40.83000183105469,591300
2022-05-19,40.150001525878906,41.02000045776367,38.70000076293945,38.790000915527344,38.790000915527344,917100
2022-05-20,39.4900016784668,40.31999969482422,36.959999084472656,39.70000076293945,39.70000076293945,899800
2022-05-23,40.189998626708984,40.91999816894531,38.0099983215332,39.65999984741211,39.65999984741211,539100
2022-05-24,38.90999984741211,39.119998931884766,37.345001220703125,39.04999923706055,39.04999923706055,484700
2022-05-25,38.7599983215332,40.290000915527344,37.56999969482422,39.83000183105469,39.83000183105469,524000
2022-05-26,39.86000061035156,40.25,39.02000045776367,39.77000045776367,39.77000045776367,386000
2022-05-27,40.2400016784668,40.84000015258789,39.029998779296875,40.2400016784668,40.2400016784668,675100
2022-05-31,39.810001373291016,40.09199905395508,38.849998474121094,39.20000076293945,39.20000076293945,445000
2022-06-01,39.459999084472656,39.47999954223633,37.099998474121094,37.689998626708984,37.689998626708984,485100
2022-06-02,37.599998474121094,40.29999923706055,37.42499923706055,40.29999923706055,40.29999923706055,539500
2022-06-03,40.150001525878906,40.79999923706055,39.470001220703125,39.95000076293945,39.95000076293945,445500
2022-06-06,40.0,40.290000915527344,37.7400016784668,38.43000030517578,38.43000030517578,442900
2022-06-07,37.869998931884766,39.709999084472656,37.78900146484375,39.619998931884766,39.619998931884766,379500
2022-06-08,39.09000015258789,39.814998626708984,38.63999938964844,38.83000183105469,38.83000183105469,432000
2022-06-09,38.310001373291016,38.459999084472656,35.2400016784668,35.66999816894531,35.66999816894531,696500
2022-06-10,34.5099983215332,35.369998931884766,33.130001068115234,33.36000061035156,33.36000061035156,682200
2022-06-13,31.15999984741211,32.43000030517578,30.790000915527344,30.93000030517578,30.93000030517578,755900
2022-06-14,31.100000381469727,31.100000381469727,28.799999237060547,30.81999969482422,30.81999969482422,1140000
2022-06-15,29.280000686645508,30.440000534057617,27.575000762939453,28.81999969482422,28.81999969482422,1241500
2022-06-16,27.829999923706055,28.290000915527344,26.65999984741211,28.209999084472656,28.209999084472656,726500
2022-06-17,28.209999084472656,29.989999771118164,28.209999084472656,28.420000076293945,28.420000076293945,719900
2022-06-21,29.030000686645508,29.21500015258789,27.510000228881836,27.549999237060547,27.549999237060547,369700
2022-06-22,27.0,29.3799991607666,27.0,28.479999542236328,28.479999542236328,430700
2022-06-23,29.030000686645508,30.40999984741211,28.229999542236328,30.1299991607666,30.1299991607666,518100
2022-06-24,30.440000534057617,32.06999969482422,30.229999542236328,30.56999969482422,30.56999969482422,1253900
2022-06-27,31.190000534057617,31.399999618530273,29.790000915527344,30.3700008392334,30.3700008392334,363100
2022-06-28,30.540000915527344,31.56999969482422,30.030000686645508,30.260000228881836,30.260000228881836,397000
2022-06-29,30.270000457763672,30.69499969482422,29.399999618530273,30.110000610351562,30.110000610351562,650900
2022-06-30,29.3700008392334,29.579999923706055,28.459999084472656,28.920000076293945,28.920000076293945,786100
2022-07-01,28.760000228881836,31.639999389648438,28.33300018310547,31.280000686645508,31.280000686645508,727800
2022-07-05,30.809999465942383,31.579999923706055,30.0,31.540000915527344,31.540000915527344,463900
2022-07-06,31.350000381469727,31.350000381469727,29.100000381469727,29.5,29.5,538600
2022-07-07,30.0,31.360000610351562,29.760000228881836,30.790000915527344,30.790000915527344,378800
2022-07-08,30.489999771118164,31.94499969482422,30.440000534057617,31.020000457763672,31.020000457763672,471000
2022-07-11,30.600000381469727,30.959999084472656,29.6200008392334,29.799999237060547,29.799999237060547,262300
2022-07-12,29.81999969482422,30.489999771118164,29.389999389648438,29.860000610351562,29.860000610351562,340100
2022-07-13,28.809999465942383,30.344999313354492,28.7450008392334,30.030000686645508,30.030000686645508,206600
2022-07-14,29.31999969482422,30.56999969482422,29.094999313354492,30.40999984741211,30.40999984741211,262400
2022-07-15,31.25,33.83000183105469,30.489999771118164,33.75,33.75,630700
2022-07-18,34.11000061035156,34.95000076293945,33.33000183105469,33.56999969482422,33.56999969482422,480400
2022-07-19,34.38999938964844,36.665000915527344,34.22999954223633,36.5,36.5,582300
2022-07-20,36.5,37.7400016784668,36.27000045776367,37.18000030517578,37.18000030517578,632000
2022-07-21,36.86000061035156,38.619998931884766,36.54999923706055,38.459999084472656,38.459999084472656,724700
2022-07-22,39.04999923706055,40.06999969482422,37.810001373291016,38.189998626708984,38.189998626708984,881500
2022-07-25,38.31999969482422,39.04499816894531,37.04999923706055,37.77000045776367,37.77000045776367,377200
2022-07-26,37.4900016784668,38.0099983215332,37.02000045776367,37.459999084472656,37.459999084472656,315100
2022-07-27,37.95000076293945,39.119998931884766,37.630001068115234,38.93000030517578,38.93000030517578,351700
2022-07-28,38.880001068115234,39.70000076293945,37.36000061035156,38.779998779296875,38.779998779296875,401800
2022-07-29,38.66999816894531,39.935001373291016,37.869998931884766,39.380001068115234,39.380001068115234,580100
2022-08-01,38.72999954223633,39.45500183105469,37.4900016784668,37.54999923706055,37.54999923706055,980000
2022-08-02,36.900001525878906,37.5099983215332,34.34000015258789,34.77000045776367,34.77000045776367,1131500
2022-08-03,34.869998931884766,36.88999938964844,34.43000030517578,36.630001068115234,36.630001068115234,704900
2022-08-04,36.70000076293945,38.2400016784668,35.560001373291016,36.0099983215332,36.0099983215332,296700
2022-08-05,35.43000030517578,37.869998931884766,35.09000015258789,36.900001525878906,36.900001525878906,229500
2022-08-08,37.279998779296875,37.91999816894531,35.029998779296875,37.0,37.0,186900
2022-08-09,36.91999816894531,37.209999084472656,36.064998626708984,36.31999969482422,36.31999969482422,274600
2022-08-10,37.34000015258789,37.86000061035156,36.77000045776367,37.83000183105469,37.83000183105469,435300
2022-08-11,38.34000015258789,38.68000030517578,37.150001525878906,37.16999816894531,37.16999816894531,291500
2022-08-12,37.5,38.150001525878906,37.23500061035156,37.70000076293945,37.70000076293945,180600
2022-08-15,37.41999816894531,38.41999816894531,36.68000030517578,38.38999938964844,38.38999938964844,209600
2022-08-16,38.54999923706055,38.54999923706055,36.060001373291016,36.5,36.5,346700
2022-08-17,35.77000045776367,35.779998779296875,34.42499923706055,35.2599983215332,35.2599983215332,232600
2022-08-18,34.97999954223633,35.939998626708984,34.97999954223633,35.41999816894531,35.41999816894531,319200
2022-08-19,34.7599983215332,35.0,33.91999816894531,34.09000015258789,34.09000015258789,267200
2022-08-22,33.54999923706055,34.08000183105469,33.380001068115234,33.52000045776367,33.52000045776367,281300
2022-08-23,33.650001525878906,34.45000076293945,33.0,33.04999923706055,33.04999923706055,328800
2022-08-24,32.959999084472656,33.63999938964844,32.6150016784668,33.099998474121094,33.099998474121094,374000
2022-08-25,33.279998779296875,33.314998626708984,32.18000030517578,32.43000030517578,32.43000030517578,510900
2022-08-26,32.5099983215332,32.724998474121094,29.43000030517578,29.510000228881836,29.510000228881836,573100
2022-08-29,29.0,29.51799964904785,28.200000762939453,29.1299991607666,29.1299991607666,769800
2022-08-30,29.489999771118164,29.690000534057617,27.600000381469727,27.670000076293945,27.670000076293945,589000
2022-08-31,28.350000381469727,28.549999237060547,27.280000686645508,27.530000686645508,27.530000686645508,353400
2022-09-01,26.75,27.239999771118164,24.049999237060547,26.059999465942383,26.059999465942383,997200
2022-09-02,26.59000015258789,27.14900016784668,25.985000610351562,26.280000686645508,26.280000686645508,445200
2022-09-06,26.5,27.145000457763672,26.0,27.010000228881836,27.010000228881836,408300
2022-09-07,26.899999618530273,28.90999984741211,26.3700008392334,28.809999465942383,28.809999465942383,418500
2022-09-08,28.09000015258789,29.71500015258789,28.09000015258789,28.940000534057617,28.940000534057617,308900
2022-09-09,29.190000534057617,30.899999618530273,28.899999618530273,30.469999313354492,30.469999313354492,449500
2022-09-12,30.559999465942383,31.90999984741211,30.475000381469727,31.440000534057617,31.440000534057617,466200
2022-09-13,30.040000915527344,30.479999542236328,29.280000686645508,29.600000381469727,29.600000381469727,434300
2022-09-14,29.5,29.709999084472656,28.260000228881836,29.65999984741211,29.65999984741211,518500
2022-09-15,29.239999771118164,30.520000457763672,29.229999542236328,29.290000915527344,29.290000915527344,447100
2022-09-16,28.549999237060547,28.549999237060547,26.1200008392334,27.510000228881836,27.510000228881836,729900
2022-09-19,26.709999084472656,27.549999237060547,26.100000381469727,27.299999237060547,27.299999237060547,512100
2022-09-20,26.579999923706055,27.795000076293945,26.450000762939453,26.579999923706055,26.579999923706055,578300
2022-09-21,26.899999618530273,27.600000381469727,26.270000457763672,26.790000915527344,26.790000915527344,869000
2022-09-22,26.43000030517578,26.920000076293945,24.43000030517578,24.90999984741211,24.90999984741211,1021700
2022-09-23,24.3799991607666,24.8700008392334,24.010000228881836,24.799999237060547,24.799999237060547,510800
2022-09-26,24.469999313354492,25.389999389648438,23.530000686645508,23.790000915527344,23.790000915527344,551800
2022-09-27,24.049999237060547,24.760000228881836,23.329999923706055,23.510000228881836,23.510000228881836,390200
2022-09-28,23.729999542236328,25.25,23.670000076293945,25.020000457763672,25.020000457763672,553100
2022-09-29,24.440000534057617,24.8700008392334,23.600000381469727,24.829999923706055,24.829999923706055,402200
2022-09-30,24.8700008392334,25.354999542236328,23.350000381469727,23.399999618530273,23.399999618530273,407600
2022-10-03,23.729999542236328,25.260000228881836,23.399999618530273,24.850000381469727,24.850000381469727,730100
2022-10-04,25.649999618530273,26.885000228881836,25.649999618530273,26.260000228881836,26.260000228881836,556600
2022-10-05,25.469999313354492,26.200000762939453,24.940000534057617,25.969999313354492,25.969999313354492,343000
2022-10-06,25.770000457763672,26.299999237060547,25.295000076293945,25.360000610351562,25.360000610351562,298000
2022-10-07,24.81999969482422,25.579999923706055,24.030000686645508,24.450000762939453,24.450000762939453,516500
2022-10-10,24.610000610351562,24.850000381469727,23.735000610351562,24.440000534057617,24.440000534057617,377500
2022-10-11,24.18000030517578,24.75,23.139999389648438,24.389999389648438,24.389999389648438,695500
2022-10-12,24.399999618530273,24.729999542236328,23.915000915527344,24.559999465942383,24.559999465942383,335900
2022-10-13,23.530000686645508,25.440000534057617,23.024999618530273,24.979999542236328,24.979999542236328,475800
2022-10-14,25.31999969482422,25.625,24.5,24.75,24.75,405900
2022-10-17,25.420000076293945,26.8700008392334,25.420000076293945,26.450000762939453,26.450000762939453,480300
2022-10-18,27.360000610351562,28.40999984741211,26.690000534057617,27.270000457763672,27.270000457763672,962400
2022-10-19,26.809999465942383,27.05500030517578,25.985000610351562,26.149999618530273,26.149999618530273,495500
2022-10-20,26.1299991607666,27.280000686645508,25.829999923706055,26.270000457763672,26.270000457763672,559400
2022-10-21,24.75,24.75,20.459999084472656,24.329999923706055,24.329999923706055,2035400
2022-10-24,24.530000686645508,26.030000686645508,23.979999542236328,25.799999237060547,25.799999237060547,844400
2022-10-25,26.06999969482422,28.260000228881836,26.06999969482422,26.68000030517578,26.68000030517578,449200
2022-10-26,27.010000228881836,28.649999618530273,26.889999389648438,27.34000015258789,27.34000015258789,1696200
2022-10-27,27.670000076293945,28.049999237060547,26.940000534057617,27.100000381469727,27.100000381469727,464000
2022-10-28,27.059999465942383,27.540000915527344,26.280000686645508,27.389999389648438,27.389999389648438,457900
2022-10-31,27.3799991607666,27.690000534057617,26.719999313354492,27.190000534057617,27.190000534057617,465500
2022-11-01,27.729999542236328,28.389999389648438,27.399999618530273,28.149999618530273,28.149999618530273,706700
2022-11-02,27.979999542236328,27.979999542236328,25.3700008392334,25.3700008392334,25.3700008392334,505000
2022-11-03,24.790000915527344,25.81999969482422,24.25,25.690000534057617,25.690000534057617,509400
2022-11-04,26.06999969482422,26.809999465942383,24.530000686645508,26.0,26.0,458900
2022-11-07,26.040000915527344,26.045000076293945,24.809999465942383,25.25,25.25,1309200
2022-11-08,23.90999984741211,26.709999084472656,23.341999053955078,24.639999389648438,24.639999389648438,1349500
2022-11-09,24.3799991607666,24.979999542236328,22.030000686645508,22.299999237060547,22.299999237060547,739700
2022-11-10,23.729999542236328,28.969999313354492,23.729999542236328,28.889999389648438,28.889999389648438,1170300
2022-11-11,28.860000610351562,31.030000686645508,28.700000762939453,29.780000686645508,29.780000686645508,990500
2022-11-14,29.059999465942383,29.709999084472656,27.459999084472656,28.020000457763672,28.020000457763672,467000
2022-11-15,28.520000457763672,29.225000381469727,27.825000762939453,29.0,29.0,642400
2022-11-16,28.75,28.96500015258789,26.860000610351562,27.190000534057617,27.190000534057617,321900
2022-11-17,26.350000381469727,27.25,25.809999465942383,27.020000457763672,27.020000457763672,657800
2022-11-18,27.850000381469727,28.020000457763672,26.510000228881836,27.290000915527344,27.290000915527344,360500
2022-11-21,24.520000457763672,25.80900001525879,24.0,25.170000076293945,25.170000076293945,8358800
2022-11-22,25.209999084472656,26.5,24.489999771118164,25.739999771118164,25.739999771118164,1920100
2022-11-23,26.56999969482422,27.760000228881836,26.079999923706055,27.489999771118164,27.489999771118164,2948900
2022-11-25,27.68000030517578,28.540000915527344,27.540000915527344,28.229999542236328,28.229999542236328,593500
2022-11-28,27.40999984741211,28.174999237060547,25.774999618530273,26.549999237060547,26.549999237060547,2574900
2022-11-29,26.469999313354492,27.1200008392334,25.940000534057617,26.899999618530273,26.899999618530273,826900
2022-11-30,26.959999084472656,28.5,26.559999465942383,28.309999465942383,28.309999465942383,1955300
2022-12-01,28.579999923706055,29.06999969482422,27.8700008392334,28.559999465942383,28.559999465942383,970100
2022-12-02,27.93000030517578,29.290000915527344,27.655000686645508,29.200000762939453,29.200000762939453,589300
2022-12-05,28.850000381469727,28.959999084472656,28.110000610351562,28.600000381469727,28.600000381469727,447300
2022-12-06,28.469999313354492,28.479999542236328,25.8700008392334,26.399999618530273,26.399999618530273,755400
2022-12-07,26.200000762939453,27.260000228881836,25.93000030517578,26.719999313354492,26.719999313354492,686600
2022-12-08,26.969999313354492,27.952999114990234,26.18000030517578,26.690000534057617,26.690000534057617,616300
2022-12-09,26.40999984741211,26.735000610351562,25.3799991607666,25.530000686645508,25.530000686645508,732000
2022-12-12,25.600000381469727,25.850000381469727,24.940000534057617,25.40999984741211,25.40999984741211,701100
2022-12-13,27.059999465942383,27.360000610351562,25.81999969482422,26.559999465942383,26.559999465942383,896600
2022-12-14,26.440000534057617,27.28499984741211,26.329999923706055,26.600000381469727,26.600000381469727,657500
2022-12-15,25.84000015258789,26.709999084472656,24.975000381469727,26.049999237060547,26.049999237060547,702600
2022-12-16,25.209999084472656,26.579999923706055,25.209999084472656,26.420000076293945,26.420000076293945,1144900
2022-12-19,26.649999618530273,27.1200008392334,25.31999969482422,25.450000762939453,25.450000762939453,806200
2022-12-20,24.950000762939453,26.5,24.950000762939453,26.239999771118164,26.239999771118164,618500
2022-12-21,26.75,27.65999984741211,26.56800079345703,27.200000762939453,27.200000762939453,392700
2022-12-22,26.75,26.920000076293945,25.959999084472656,26.860000610351562,26.860000610351562,391500
2022-12-23,26.729999542236328,27.3700008392334,26.200000762939453,26.670000076293945,26.670000076293945,313700
2022-12-27,26.84000015258789,28.420000076293945,26.030000686645508,26.510000228881836,26.510000228881836,303000
2022-12-28,26.350000381469727,26.739999771118164,25.850000381469727,26.389999389648438,26.389999389648438,416000
2022-12-29,26.690000534057617,28.020000457763672,25.954999923706055,27.559999465942383,27.559999465942383,567600
2022-12-30,27.15999984741211,27.90999984741211,26.899999618530273,27.860000610351562,27.860000610351562,392500
2023-01-03,28.520000457763672,28.579999923706055,25.959999084472656,26.299999237060547,26.299999237060547,857800
2023-01-04,26.790000915527344,28.049999237060547,26.6299991607666,27.75,27.75,679700
2023-01-05,27.5,27.5,26.40999984741211,26.709999084472656,26.709999084472656,639800
2023-01-06,27.030000686645508,28.440000534057617,26.655000686645508,27.84000015258789,27.84000015258789,757200
2023-01-09,28.31999969482422,28.940000534057617,27.16699981689453,28.59000015258789,28.59000015258789,969100
2023-01-10,28.420000076293945,31.100000381469727,28.360000610351562,29.860000610351562,29.860000610351562,944000
2023-01-11,29.90999984741211,30.350000381469727,28.790000915527344,29.8799991607666,29.8799991607666,568400
2023-01-12,30.489999771118164,31.6200008392334,29.579999923706055,30.75,30.75,536200
2023-01-13,30.329999923706055,32.619998931884766,29.530000686645508,32.20000076293945,32.20000076293945,833400
2023-01-17,31.959999084472656,32.599998474121094,31.559999465942383,32.27000045776367,32.27000045776367,474100
2023-01-18,32.5099983215332,33.58000183105469,31.760000228881836,31.93000030517578,31.93000030517578,706100
2023-01-19,31.399999618530273,32.40999984741211,30.690000534057617,32.22999954223633,32.22999954223633,700000
2023-01-20,32.459999084472656,33.18000030517578,32.07500076293945,33.0,33.0,485000
2023-01-23,32.97999954223633,34.459999084472656,32.38999938964844,34.0,34.0,856500
2023-01-24,33.65999984741211,33.91999816894531,32.04999923706055,32.20000076293945,32.20000076293945,495800
2023-01-25,31.739999771118164,32.4900016784668,31.549999237060547,32.45000076293945,32.45000076293945,677100
2023-01-26,32.79999923706055,33.709999084472656,32.13999938964844,32.36000061035156,32.36000061035156,557100
2023-01-27,31.940000534057617,33.130001068115234,31.299999237060547,32.63999938964844,32.63999938964844,772000
2023-01-30,32.209999084472656,32.209999084472656,31.524999618530273,31.969999313354492,31.969999313354492,424200
2023-01-31,32.0099983215332,33.40999984741211,32.0099983215332,33.20000076293945,33.20000076293945,499200
2023-02-01,33.16999816894531,35.209999084472656,33.0099983215332,34.65999984741211,34.65999984741211,441100
2023-02-02,35.13999938964844,36.310001373291016,35.130001068115234,35.939998626708984,35.939998626708984,655300
2023-02-03,35.119998931884766,36.31999969482422,35.025001525878906,35.40999984741211,35.40999984741211,611300
2023-02-06,34.88999938964844,35.31999969482422,33.75,34.33000183105469,34.33000183105469,479000
2023-02-07,34.02000045776367,34.367000579833984,33.060001373291016,33.79999923706055,33.79999923706055,698500
2023-02-08,33.40999984741211,34.005001068115234,32.974998474121094,33.33000183105469,33.33000183105469,813300
2023-02-09,33.900001525878906,34.689998626708984,33.2400016784668,33.2599983215332,33.2599983215332,804600
2023-02-10,32.959999084472656,34.29999923706055,32.93000030517578,34.029998779296875,34.029998779296875,501100
2023-02-13,34.040000915527344,34.47999954223633,32.724998474121094,34.43000030517578,34.43000030517578,731500
2023-02-14,34.20000076293945,35.0,33.875,34.709999084472656,34.709999084472656,457700
2023-02-15,34.43000030517578,35.67499923706055,34.224998474121094,35.599998474121094,35.599998474121094,472800
2023-02-16,34.95000076293945,35.970001220703125,34.810001373291016,35.27000045776367,35.27000045776367,723900
2023-02-17,35.08000183105469,35.43000030517578,34.630001068115234,35.0,35.0,471400
2023-02-21,34.5,34.939998626708984,31.1299991607666,33.84000015258789,33.84000015258789,931500
2023-02-22,33.88999938964844,34.67499923706055,33.66999816894531,34.38999938964844,34.38999938964844,726900
2023-02-23,34.84000015258789,35.36000061035156,33.7400016784668,34.91999816894531,34.91999816894531,533400
2023-02-24,34.08000183105469,34.45000076293945,32.79999923706055,33.689998626708984,33.689998626708984,559900
2023-02-27,34.209999084472656,34.849998474121094,33.189998626708984,34.0,34.0,881900
2023-02-28,33.720001220703125,34.2400016784668,32.36000061035156,33.45000076293945,33.45000076293945,1624500
2023-03-01,35.0,36.224998474121094,32.53300094604492,33.9900016784668,33.9900016784668,1361100
2023-03-02,33.5,33.5,32.529998779296875,32.86000061035156,32.86000061035156,885600
2023-03-03,33.27000045776367,34.21500015258789,33.02000045776367,33.97999954223633,33.97999954223633,690900
2023-03-06,34.06999969482422,34.165000915527344,33.11000061035156,33.27000045776367,33.27000045776367,585100
2023-03-07,33.2599983215332,33.529998779296875,31.739999771118164,32.209999084472656,32.209999084472656,666400
2023-03-08,32.38999938964844,33.529998779296875,31.8799991607666,33.34000015258789,33.34000015258789,430800
2023-03-09,33.36000061035156,33.8849983215332,31.649999618530273,31.709999084472656,31.709999084472656,464600
2023-03-10,31.59000015258789,31.68000030517578,29.829999923706055,30.290000915527344,30.290000915527344,701000
2023-03-13,29.549999237060547,30.690000534057617,28.979999542236328,30.110000610351562,30.110000610351562,671500
2023-03-14,31.3700008392334,31.780000686645508,30.610000610351562,31.1299991607666,31.1299991607666,741500
2023-03-15,30.100000381469727,31.329999923706055,29.93000030517578,31.059999465942383,31.059999465942383,721600
2023-03-16,30.31999969482422,32.220001220703125,30.280000686645508,32.18000030517578,32.18000030517578,678000
2023-03-17,32.09000015258789,32.09000015258789,30.81999969482422,31.25,31.25,1476400
2023-03-20,31.40999984741211,32.13999938964844,31.280000686645508,31.65999984741211,31.65999984741211,498600
2023-03-21,32.65999984741211,33.439998626708984,32.040000915527344,33.09000015258789,33.09000015258789,689800
2023-03-22,33.08000183105469,33.5099983215332,31.84000015258789,31.84000015258789,31.84000015258789,403500
2023-03-23,32.02000045776367,32.75,31.110000610351562,31.649999618530273,31.649999618530273,357000
2023-03-24,31.020000457763672,31.6299991607666,30.780000686645508,31.59000015258789,31.59000015258789,583000
2023-03-27,32.099998474121094,32.244998931884766,31.6299991607666,31.899999618530273,31.899999618530273,264200
2023-03-28,31.600000381469727,32.04499816894531,31.165000915527344,31.360000610351562,31.360000610351562,235600
2023-03-29,32.029998779296875,32.90999984741211,31.375,32.70000076293945,32.70000076293945,689400
2023-03-30,33.20000076293945,33.75,32.70500183105469,33.119998931884766,33.119998931884766,416700
2023-03-31,33.459999084472656,34.61000061035156,33.119998931884766,34.470001220703125,34.470001220703125,731100
2023-04-03,34.720001220703125,35.06999969482422,33.880001068115234,34.529998779296875,34.529998779296875,711900
2023-04-04,34.689998626708984,34.98500061035156,33.904998779296875,34.540000915527344,34.540000915527344,478000
2023-04-05,34.220001220703125,34.939998626708984,33.95000076293945,34.72999954223633,34.72999954223633,534300
2023-04-06,34.88999938964844,35.56999969482422,34.25,35.2599983215332,35.2599983215332,620400
2023-04-10,34.869998931884766,35.856998443603516,34.529998779296875,35.790000915527344,35.790000915527344,472100
2023-04-11,35.959999084472656,36.58000183105469,35.900001525878906,36.45000076293945,36.45000076293945,389900
2023-04-12,36.75,37.130001068115234,36.27000045776367,36.58000183105469,36.58000183105469,741800
2023-04-13,36.9900016784668,37.470001220703125,36.720001220703125,36.970001220703125,36.970001220703125,465500
2023-04-14,37.0099983215332,37.733001708984375,36.599998474121094,36.90999984741211,36.90999984741211,562400
2023-04-17,36.90999984741211,37.209999084472656,36.38999938964844,36.88999938964844,36.88999938964844,369100
2023-04-18,37.279998779296875,38.16999816894531,37.19499969482422,37.83000183105469,37.83000183105469,472000
2023-04-19,37.59000015258789,38.66400146484375,37.58000183105469,38.400001525878906,38.400001525878906,663700
2023-04-20,38.04999923706055,38.18000030517578,37.25,37.70000076293945,37.70000076293945,537900
2023-04-21,38.880001068115234,40.42499923706055,38.880001068115234,40.349998474121094,40.349998474121094,826300
2023-04-24,40.380001068115234,40.79999923706055,39.70500183105469,39.790000915527344,39.790000915527344,528900
2023-04-25,39.790000915527344,40.9900016784668,39.45000076293945,39.4900016784668,39.4900016784668,540500
2023-04-26,39.310001373291016,39.97999954223633,38.93000030517578,39.529998779296875,39.529998779296875,452300
2023-04-27,39.90999984741211,39.90999984741211,39.029998779296875,39.27000045776367,39.27000045776367,358400
2023-04-28,39.130001068115234,39.66999816894531,38.9900016784668,39.65999984741211,39.65999984741211,648700
2023-05-01,39.689998626708984,40.28499984741211,39.08000183105469,39.369998931884766,39.369998931884766,759000
2023-05-02,41.0,41.79999923706055,35.70500183105469,37.15999984741211,37.15999984741211,1758900
2023-05-03,37.56999969482422,37.720001220703125,36.540000915527344,36.77000045776367,36.77000045776367,727700
2023-05-04,36.439998626708984,36.779998779296875,34.45000076293945,34.720001220703125,34.720001220703125,737900
2023-05-05,35.02000045776367,35.869998931884766,34.91999816894531,35.209999084472656,35.209999084472656,821100
2023-05-08,35.189998626708984,35.400001525878906,34.7400016784668,35.06999969482422,35.06999969482422,432500
2023-05-09,34.779998779296875,35.41999816894531,34.2599983215332,34.79999923706055,34.79999923706055,542100
2023-05-10,35.54999923706055,36.20000076293945,35.099998474121094,35.970001220703125,35.970001220703125,426100
2023-05-11,35.79999923706055,35.79999923706055,34.8650016784668,35.18000030517578,35.18000030517578,522300
2023-05-12,35.599998474121094,35.97999954223633,35.029998779296875,35.36000061035156,35.36000061035156,404500
2023-05-15,35.43000030517578,36.220001220703125,35.029998779296875,36.119998931884766,36.119998931884766,429300
2023-05-16,35.70000076293945,35.875,35.040000915527344,35.689998626708984,35.689998626708984,357400
2023-05-17,36.119998931884766,36.86000061035156,35.380001068115234,36.68000030517578,36.68000030517578,460000
2023-05-18,36.56999969482422,37.0,36.209999084472656,36.959999084472656,36.959999084472656,307300
2023-05-19,37.25,37.345001220703125,36.540000915527344,36.880001068115234,36.880001068115234,595100
2023-05-22,36.97999954223633,38.25,36.900001525878906,38.20000076293945,38.20000076293945,548500
2023-05-23,38.06999969482422,38.54499816894531,36.22999954223633,36.27000045776367,36.27000045776367,663100
2023-05-24,35.86000061035156,35.875,34.91999816894531,35.15999984741211,35.15999984741211,652100
2023-05-25,35.189998626708984,35.35499954223633,33.95000076293945,34.130001068115234,34.130001068115234,479500
2023-05-26,34.209999084472656,35.470001220703125,34.040000915527344,35.380001068115234,35.380001068115234,464800
2023-05-30,35.529998779296875,36.79999923706055,35.529998779296875,36.47999954223633,36.47999954223633,337900
2023-05-31,36.36000061035156,37.619998931884766,35.959999084472656,37.47999954223633,37.47999954223633,549500
2023-06-01,37.5,38.59000015258789,36.9900016784668,38.15999984741211,38.15999984741211,450100
2023-06-02,39.959999084472656,40.525001525878906,39.2400016784668,39.779998779296875,39.779998779296875,925500
2023-06-05,39.529998779296875,39.93000030517578,38.38999938964844,38.90999984741211,38.90999984741211,609400
2023-06-06,38.88999938964844,39.415000915527344,38.599998474121094,38.880001068115234,38.880001068115234,598500
2023-06-07,39.5,40.31999969482422,38.33000183105469,38.70000076293945,38.70000076293945,677900
2023-06-08,38.52000045776367,39.625,37.900001525878906,39.619998931884766,39.619998931884766,510300
2023-06-09,39.619998931884766,39.93000030517578,38.720001220703125,38.849998474121094,38.849998474121094,382600
2023-06-12,39.189998626708984,39.470001220703125,38.58000183105469,39.2599983215332,39.2599983215332,444600
2023-06-13,39.31999969482422,39.84000015258789,38.57500076293945,39.119998931884766,39.119998931884766,656500
2023-06-14,41.70000076293945,44.59000015258789,40.0,41.09000015258789,41.09000015258789,1994000
2023-06-15,40.75,42.650001525878906,40.54999923706055,42.27000045776367,42.27000045776367,807500
2023-06-16,42.5,42.75,40.86000061035156,41.02000045776367,41.02000045776367,1550600
2023-06-20,40.939998626708984,41.685001373291016,40.56999969482422,41.45000076293945,41.45000076293945,1073600
2023-06-21,41.06999969482422,41.95000076293945,40.650001525878906,41.349998474121094,41.349998474121094,845600
2023-06-22,41.06999969482422,41.654998779296875,40.75,41.34000015258789,41.34000015258789,703600
2023-06-23,40.619998931884766,41.43000030517578,40.29999923706055,40.459999084472656,40.459999084472656,2789400
2023-06-26,40.459999084472656,42.255001068115234,40.290000915527344,42.02000045776367,42.02000045776367,716200
2023-06-27,42.0,43.36000061035156,41.79999923706055,43.279998779296875,43.279998779296875,605400
2023-06-28,43.08000183105469,44.650001525878906,43.08000183105469,44.560001373291016,44.560001373291016,456200
2023-06-29,44.36000061035156,45.27000045776367,44.36000061035156,45.09000015258789,45.09000015258789,860000
2023-06-30,45.5,45.790000915527344,44.959999084472656,44.9900016784668,44.9900016784668,708000
2023-07-03,44.59000015258789,44.93000030517578,43.45000076293945,43.650001525878906,43.650001525878906,461700
2023-07-05,43.47999954223633,44.099998474121094,42.709999084472656,43.0,43.0,771300
2023-07-06,42.060001373291016,42.349998474121094,41.15999984741211,41.77000045776367,41.77000045776367,1103500
2023-07-07,41.77000045776367,43.02000045776367,41.77000045776367,42.4900016784668,42.4900016784668,447400
2023-07-10,42.349998474121094,43.75,42.349998474121094,43.439998626708984,43.439998626708984,680500
2023-07-11,43.880001068115234,44.2599983215332,42.91999816894531,42.95000076293945,42.95000076293945,515900
2023-07-12,43.77000045776367,44.400001525878906,43.209999084472656,43.90999984741211,43.90999984741211,562800
2023-07-13,43.95000076293945,44.599998474121094,43.650001525878906,44.540000915527344,44.540000915527344,697900
2023-07-14,44.34000015258789,44.880001068115234,43.81999969482422,44.06999969482422,44.06999969482422,509700
2023-07-17,44.119998931884766,44.58000183105469,43.790000915527344,44.060001373291016,44.060001373291016,535600
2023-07-18,44.22999954223633,44.5,43.22999954223633,43.38999938964844,43.38999938964844,616800
2023-07-19,43.45000076293945,43.810001373291016,41.459999084472656,41.720001220703125,41.720001220703125,780300
2023-07-20,41.75,41.869998931884766,40.59000015258789,40.79999923706055,40.79999923706055,1098100
2023-07-21,41.029998779296875,41.560001373291016,39.91999816894531,40.06999969482422,40.06999969482422,891500
2023-07-24,39.90999984741211,40.310001373291016,39.06999969482422,39.29999923706055,39.29999923706055,523200
2023-07-25,39.08000183105469,40.130001068115234,39.08000183105469,39.25,39.25,654800
2023-07-26,39.06999969482422,39.9900016784668,39.0,39.2599983215332,39.2599983215332,579400
2023-07-27,39.380001068115234,39.38999938964844,37.189998626708984,37.4900016784668,37.4900016784668,1140400
2023-07-28,38.060001373291016,38.63999938964844,37.5099983215332,38.18000030517578,38.18000030517578,851400
2023-07-31,38.310001373291016,39.64400100708008,38.22999954223633,38.630001068115234,38.630001068115234,1273900
2023-08-01,37.61000061035156,38.150001525878906,35.5,36.939998626708984,36.939998626708984,1951100
2023-08-02,36.939998626708984,37.79499816894531,36.5099983215332,37.06999969482422,37.06999969482422,1194400
2023-08-03,36.83000183105469,37.26499938964844,36.45000076293945,36.9900016784668,36.9900016784668,703900
2023-08-04,37.11000061035156,37.25,36.43000030517578,36.86000061035156,36.86000061035156,809000
2023-08-07,36.88999938964844,37.849998474121094,35.970001220703125,37.2599983215332,37.2599983215332,756800
2023-08-08,36.77000045776367,36.935001373291016,35.68000030517578,35.70000076293945,35.70000076293945,556800
2023-08-09,35.650001525878906,36.189998626708984,35.369998931884766,35.5099983215332,35.5099983215332,405900
2023-08-10,35.709999084472656,36.25,34.5,34.90999984741211,34.90999984741211,762300
2023-08-11,34.59000015258789,35.05699920654297,34.34000015258789,34.56999969482422,34.56999969482422,362800
2023-08-14,34.36000061035156,34.4900016784668,33.86000061035156,34.18000030517578,34.18000030517578,748300
2023-08-15,34.040000915527344,34.040000915527344,33.17499923706055,33.31999969482422,33.31999969482422,389900
2023-08-16,33.41999816894531,33.560001373291016,32.39500045776367,32.470001220703125,32.470001220703125,616300
2023-08-17,32.470001220703125,32.779998779296875,32.040000915527344,32.130001068115234,32.130001068115234,506600
2023-08-18,31.799999237060547,32.970001220703125,31.719999313354492,32.650001525878906,32.650001525878906,597700
2023-08-21,32.72999954223633,33.869998931884766,32.72999954223633,33.54999923706055,33.54999923706055,696500
2023-08-22,33.65999984741211,33.880001068115234,33.220001220703125,33.7400016784668,33.7400016784668,578500
2023-08-23,33.9900016784668,34.470001220703125,33.95000076293945,34.31999969482422,34.31999969482422,452400
2023-08-24,34.33000183105469,34.474998474121094,33.630001068115234,33.66999816894531,33.66999816894531,596400
2023-08-25,33.720001220703125,34.2599983215332,33.290000915527344,34.0,34.0,404800
2023-08-28,34.22999954223633,34.63999938964844,34.22999954223633,34.5,34.5,349300
2023-08-29,34.5,35.29999923706055,34.400001525878906,35.029998779296875,35.029998779296875,393900
2023-08-30,35.0099983215332,36.290000915527344,34.595001220703125,36.20000076293945,36.20000076293945,720000
2023-08-31,36.29999923706055,36.779998779296875,36.189998626708984,36.2599983215332,36.2599983215332,824500
2023-09-01,36.439998626708984,37.82500076293945,36.400001525878906,37.369998931884766,37.369998931884766,1133800
2023-09-05,36.939998626708984,37.09000015258789,34.98500061035156,35.08000183105469,35.08000183105469,1436500
2023-09-06,34.959999084472656,35.55500030517578,33.790000915527344,34.470001220703125,34.470001220703125,484800
2023-09-07,34.2599983215332,34.2599983215332,32.43000030517578,32.5,32.5,543100
2023-09-08,32.36000061035156,32.57500076293945,31.735000610351562,32.0,32.0,532500
2023-09-11,32.279998779296875,32.77000045776367,32.03499984741211,32.7599983215332,32.7599983215332,500900
2023-09-12,32.599998474121094,33.2599983215332,32.560001373291016,32.900001525878906,32.900001525878906,751200
2023-09-13,32.900001525878906,32.900001525878906,32.04999923706055,32.20000076293945,32.20000076293945,393100
2023-09-14,32.5099983215332,32.880001068115234,31.975000381469727,32.18000030517578,32.18000030517578,330600
2023-09-15,32.189998626708984,32.2599983215332,30.950000762939453,31.209999084472656,31.209999084472656,1034500
2023-09-18,31.260000228881836,31.450000762939453,30.68000030517578,31.360000610351562,31.360000610351562,729200
2023-09-19,31.3700008392334,31.610000610351562,30.299999237060547,30.350000381469727,30.350000381469727,578200
2023-09-20,30.450000762939453,31.219999313354492,30.420000076293945,30.59000015258789,30.59000015258789,304300
2023-09-21,30.18000030517578,30.34000015258789,29.940000534057617,29.959999084472656,29.959999084472656,289400
2023-09-22,29.989999771118164,30.3700008392334,29.84000015258789,30.030000686645508,30.030000686645508,260200
2023-09-25,30.0,30.950000762939453,29.850000381469727,30.5,30.5,390800
2023-09-26,30.18000030517578,30.454999923706055,28.950000762939453,29.010000228881836,29.010000228881836,688100
2023-09-27,29.360000610351562,29.81999969482422,27.760000228881836,28.299999237060547,28.299999237060547,984100
2023-09-28,28.350000381469727,29.8799991607666,28.18000030517578,29.280000686645508,29.280000686645508,577600
2023-09-29,29.649999618530273,29.81999969482422,28.940000534057617,29.25,29.25,501700
2023-10-02,29.170000076293945,29.479999542236328,28.969999313354492,29.229999542236328,29.229999542236328,437200
2023-10-03,28.899999618530273,29.219999313354492,27.90999984741211,27.979999542236328,27.979999542236328,814300
2023-10-04,28.09000015258789,28.274999618530273,27.15999984741211,27.299999237060547,27.299999237060547,940100
2023-10-05,27.200000762939453,27.514999389648438,26.459999084472656,27.209999084472656,27.209999084472656,611100
2023-10-06,27.010000228881836,28.12700080871582,26.190000534057617,27.709999084472656,27.709999084472656,530400
2023-10-09,27.559999465942383,27.924999237060547,27.149999618530273,27.59000015258789,27.59000015258789,623000
2023-10-10,27.6299991607666,28.81999969482422,27.610000610351562,28.15999984741211,28.15999984741211,798500
2023-10-11,28.200000762939453,28.299999237060547,25.28499984741211,25.760000228881836,25.760000228881836,1068800
2023-10-12,25.739999771118164,25.989999771118164,23.5,23.53499984741211,23.53499984741211,1151200
2023-10-13,23.559999465942383,24.290000915527344,23.110000610351562,23.530000686645508,23.530000686645508,1348400
2023-10-16,23.75,24.319000244140625,23.469999313354492,23.889999389648438,23.889999389648438,987300
2023-10-17,23.8700008392334,25.670000076293945,23.65999984741211,25.3700008392334,25.3700008392334,1231200
2023-10-18,25.049999237060547,25.540000915527344,24.850000381469727,25.100000381469727,25.100000381469727,839300
2023-10-19,25.110000610351562,25.950000762939453,24.520000457763672,25.709999084472656,25.709999084472656,930900
2023-10-20,25.75,25.829999923706055,24.450000762939453,24.579999923706055,24.579999923706055,1314900
2023-10-23,24.549999237060547,25.2450008392334,24.18000030517578,24.889999389648438,24.889999389648438,544300
2023-10-24,24.68000030517578,25.040000915527344,24.06999969482422,24.280000686645508,24.280000686645508,904600
2023-10-25,23.959999084472656,24.094999313354492,22.649999618530273,22.8700008392334,22.8700008392334,788700
2023-10-26,22.93000030517578,23.15999984741211,22.399999618530273,22.579999923706055,22.579999923706055,846800
2023-10-27,22.8700008392334,23.059999465942383,22.190000534057617,22.420000076293945,22.420000076293945,681900
2023-10-30,22.809999465942383,22.81999969482422,22.049999237060547,22.31999969482422,22.31999969482422,884800
2023-10-31,22.479999542236328,23.299999237060547,22.479999542236328,23.1299991607666,23.1299991607666,580300
2023-11-01,23.020000457763672,23.104999542236328,22.270000457763672,22.649999618530273,22.649999618530273,796200
2023-11-02,23.149999618530273,23.959999084472656,23.149999618530273,23.889999389648438,23.889999389648438,954100
2023-11-03,24.65999984741211,25.600000381469727,24.600000381469727,24.889999389648438,24.889999389648438,1652800
2023-11-06,24.90999984741211,25.424999237060547,24.360000610351562,24.809999465942383,24.809999465942383,1637100
2023-11-07,26.350000381469727,29.31999969482422,26.309999465942383,28.280000686645508,28.280000686645508,2033600
2023-11-08,28.219999313354492,28.933000564575195,27.229999542236328,27.3799991607666,27.3799991607666,1584500
2023-11-09,27.729999542236328,27.920000076293945,25.479999542236328,25.6200008392334,25.6200008392334,1130800
2023-11-10,25.84000015258789,26.46500015258789,25.15999984741211,26.18000030517578,26.18000030517578,1173700
2023-11-13,26.1200008392334,27.2450008392334,25.684999465942383,26.700000762939453,26.700000762939453,876800
2023-11-14,28.829999923706055,30.489999771118164,28.829999923706055,30.18000030517578,30.18000030517578,1443200
2023-11-15,29.940000534057617,31.540000915527344,29.739999771118164,31.079999923706055,31.079999923706055,1324900
2023-11-16,30.969999313354492,31.34000015258789,30.059999465942383,30.790000915527344,30.790000915527344,1440800
2023-11-17,31.399999618530273,32.560001373291016,31.334999084472656,32.2400016784668,32.2400016784668,1235600
2023-11-20,32.0,32.7599983215332,31.889999389648438,32.11000061035156,32.11000061035156,966900
2023-11-21,31.75,32.380001068115234,31.639999389648438,32.029998779296875,32.029998779296875,836800
2023-11-22,32.58000183105469,33.22999954223633,32.27000045776367,32.84000015258789,32.84000015258789,853600
2023-11-24,32.77000045776367,33.0,32.349998474121094,32.75,32.75,204200
2023-11-27,32.470001220703125,32.779998779296875,31.579999923706055,32.27000045776367,32.27000045776367,560000
2023-11-28,32.0099983215332,32.4900016784668,31.81999969482422,32.029998779296875,32.029998779296875,955600
2023-11-29,32.38999938964844,33.209999084472656,32.13999938964844,32.310001373291016,32.310001373291016,560400
2023-11-30,32.4900016784668,33.09000015258789,32.08000183105469,32.75,32.75,964400
2023-12-01,32.54999923706055,34.119998931884766,32.08000183105469,34.04999923706055,34.04999923706055,656700
2023-12-04,34.029998779296875,35.6349983215332,33.880001068115234,35.5099983215332,35.5099983215332,779900
2023-12-05,35.0,35.150001525878906,33.65999984741211,33.81999969482422,33.81999969482422,1015100
2023-12-06,34.58000183105469,34.84000015258789,32.84000015258789,32.880001068115234,32.880001068115234,635400
2023-12-07,33.2599983215332,33.2599983215332,31.850000381469727,32.47999954223633,32.47999954223633,1226700
2023-12-08,32.33000183105469,32.529998779296875,31.950000762939453,31.979999542236328,31.979999542236328,787700
2023-12-11,31.940000534057617,32.65999984741211,31.75,32.22999954223633,32.22999954223633,853700
2023-12-12,32.18000030517578,32.779998779296875,31.5,32.54999923706055,32.54999923706055,753300
2023-12-13,32.2599983215332,34.40999984741211,31.920000076293945,34.29999923706055,34.29999923706055,865200
2023-12-14,35.540000915527344,36.915000915527344,34.849998474121094,35.380001068115234,35.380001068115234,725100
2023-12-15,33.0,33.70000076293945,32.16999816894531,32.45000076293945,32.45000076293945,3096600
2023-12-18,32.619998931884766,33.150001525878906,32.31999969482422,32.79999923706055,32.79999923706055,1279200
2023-12-19,33.0,33.4900016784668,32.41999816894531,32.540000915527344,32.540000915527344,1893400
2023-12-20,32.470001220703125,33.689998626708984,31.989999771118164,32.040000915527344,32.040000915527344,2099500
2023-12-21,32.72999954223633,33.25,32.02000045776367,33.09000015258789,33.09000015258789,1097100
2023-12-22,32.79999923706055,33.209999084472656,31.969999313354492,32.22999954223633,32.22999954223633,876400
2023-12-26,32.45000076293945,32.60499954223633,32.16999816894531,32.310001373291016,32.310001373291016,463200
2023-12-27,32.52000045776367,32.52000045776367,31.899999618530273,32.33000183105469,32.33000183105469,523500
2023-12-28,32.18000030517578,32.56999969482422,31.950000762939453,32.16999816894531,32.16999816894531,599700
2023-12-29,32.119998931884766,32.119998931884766,31.360000610351562,31.989999771118164,31.989999771118164,866100
2024-01-02,31.600000381469727,32.5,31.170000076293945,31.6299991607666,31.6299991607666,692500
2024-01-03,31.139999389648438,31.295000076293945,30.139999389648438,30.3700008392334,30.3700008392334,818100
2024-01-04,30.399999618530273,30.948999404907227,30.270000457763672,30.459999084472656,30.459999084472656,1025300
2024-01-05,30.25,31.270000457763672,30.075000762939453,31.059999465942383,31.059999465942383,725300
2024-01-08,31.15999984741211,34.459999084472656,31.079999923706055,33.97999954223633,33.97999954223633,1923900
2024-01-09,33.939998626708984,34.220001220703125,33.27000045776367,33.279998779296875,33.279998779296875,1127600
2024-01-10,33.15999984741211,33.16999816894531,32.33000183105469,32.880001068115234,32.880001068115234,580600
2024-01-11,32.529998779296875,32.720001220703125,31.969999313354492,32.619998931884766,32.619998931884766,681600
2024-01-12,33.209999084472656,33.63999938964844,32.33000183105469,32.459999084472656,32.459999084472656,760900
2024-01-16,31.829999923706055,32.310001373291016,31.639999389648438,31.719999313354492,31.719999313354492,720400
2024-01-17,31.0,31.81999969482422,30.639999389648438,30.920000076293945,30.920000076293945,391500
2024-01-18,31.469999313354492,32.27000045776367,31.277999877929688,32.220001220703125,32.220001220703125,990600
2024-01-19,32.459999084472656,32.64500045776367,31.65999984741211,32.09000015258789,32.09000015258789,739600
2024-01-22,32.599998474121094,33.849998474121094,32.16999816894531,32.22999954223633,32.22999954223633,629200
2024-01-23,32.95000076293945,33.279998779296875,31.170000076293945,31.229999542236328,31.229999542236328,551100
2024-01-24,32.33000183105469,32.34000015258789,30.350000381469727,30.75,30.75,737400
2024-01-25,31.260000228881836,32.08000183105469,30.690000534057617,31.540000915527344,31.540000915527344,821700
2024-01-26,31.75,32.16999816894531,31.59000015258789,31.670000076293945,31.670000076293945,692500
2024-01-29,31.540000915527344,32.43000030517578,31.280000686645508,32.2599983215332,32.2599983215332,746900
2024-01-30,32.0099983215332,32.220001220703125,31.049999237060547,31.280000686645508,31.280000686645508,1023700
2024-01-31,31.329999923706055,31.700000762939453,30.649999618530273,30.690000534057617,30.690000534057617,904900
2024-02-01,30.93000030517578,32.7599983215332,30.790000915527344,32.529998779296875,32.529998779296875,1110400
2024-02-02,32.0099983215332,32.470001220703125,31.049999237060547,32.43000030517578,32.43000030517578,870800
2024-02-05,31.670000076293945,32.439998626708984,31.329999923706055,32.029998779296875,32.029998779296875,956400
2024-02-06,31.93000030517578,33.14500045776367,31.770000457763672,32.560001373291016,32.560001373291016,1004200
2024-02-07,32.54999923706055,32.77000045776367,32.0099983215332,32.349998474121094,32.349998474121094,1300900
2024-02-08,32.22999954223633,33.119998931884766,32.22999954223633,32.84000015258789,32.84000015258789,817400
2024-02-09,33.119998931884766,33.849998474121094,32.790000915527344,33.70000076293945,33.70000076293945,680700
2024-02-12,33.91999816894531,35.29499816894531,33.91999816894531,35.06999969482422,35.06999969482422,1028000
2024-02-13,32.709999084472656,33.93000030517578,32.310001373291016,32.869998931884766,32.869998931884766,817300
2024-02-14,33.54999923706055,34.4900016784668,33.07500076293945,34.25,34.25,705700
2024-02-15,34.0,35.290000915527344,33.9900016784668,34.70000076293945,34.70000076293945,611400
2024-02-16,34.189998626708984,34.66999816894531,33.20000076293945,34.22999954223633,34.22999954223633,694400
2024-02-20,33.56999969482422,34.209999084472656,33.349998474121094,33.72999954223633,33.72999954223633,864600
2024-02-21,33.27000045776367,33.70000076293945,32.65999984741211,32.88999938964844,32.88999938964844,976600
2024-02-22,32.72999954223633,33.349998474121094,32.51300048828125,32.86000061035156,32.86000061035156,839400
2024-02-23,32.790000915527344,33.400001525878906,32.560001373291016,33.040000915527344,33.040000915527344,1287000
2024-02-26,34.04999923706055,34.10499954223633,29.940000534057617,30.200000762939453,30.200000762939453,4148300
2024-02-27,30.68000030517578,31.954999923706055,30.170000076293945,31.84000015258789,31.84000015258789,1934900
2024-02-28,31.309999465942383,32.400001525878906,30.645000457763672,31.18000030517578,31.18000030517578,1426900
2024-02-29,31.709999084472656,32.11000061035156,31.010000228881836,31.030000686645508,31.030000686645508,1039100
2024-03-01,31.0,31.780000686645508,30.309999465942383,31.190000534057617,31.190000534057617,739500
2024-03-04,31.290000915527344,31.65999984741211,29.81999969482422,30.5,30.5,779700
2024-03-05,30.309999465942383,30.885000228881836,30.309999465942383,30.5,30.5,690400
2024-03-06,30.5,31.280000686645508,30.5,30.809999465942383,30.809999465942383,488300
2024-03-07,30.860000610351562,31.690000534057617,29.940000534057617,30.010000228881836,30.010000228881836,629700
2024-03-08,30.459999084472656,30.809999465942383,29.450000762939453,29.5,29.5,668300
2024-03-11,29.329999923706055,29.920000076293945,29.200000762939453,29.59000015258789,29.59000015258789,936500
2024-03-12,29.489999771118164,30.020000457763672,29.149999618530273,29.719999313354492,29.719999313354492,605800
2024-03-13,29.530000686645508,29.8700008392334,28.559999465942383,28.68000030517578,28.68000030517578,712200
2024-03-14,28.5,28.809999465942383,28.309999465942383,28.75,28.75,777000
2024-03-15,28.40999984741211,29.030000686645508,28.360000610351562,28.469999313354492,28.469999313354492,996800
2024-03-18,28.329999923706055,28.614999771118164,27.5,27.520000457763672,27.520000457763672,1325300
2024-03-19,27.489999771118164,27.889999389648438,27.270000457763672,27.700000762939453,27.700000762939453,1239900
2024-03-20,27.700000762939453,28.5049991607666,27.239999771118164,28.15999984741211,28.15999984741211,848300
2024-03-21,28.559999465942383,29.190000534057617,28.260000228881836,28.270000457763672,28.270000457763672,866000
2024-03-22,28.329999923706055,28.350000381469727,27.5,27.809999465942383,27.809999465942383,1118300
2024-03-25,27.81999969482422,28.690000534057617,27.81999969482422,28.579999923706055,28.579999923706055,666100
2024-03-26,29.010000228881836,29.270000457763672,28.325000762939453,29.190000534057617,29.190000534057617,635600
2024-03-27,29.639999389648438,30.16200065612793,29.110000610351562,29.940000534057617,29.940000534057617,785400
2024-03-28,29.639999389648438,30.25,29.610000610351562,29.829999923706055,29.829999923706055,743900
2024-04-01,29.799999237060547,29.799999237060547,28.674999237060547,28.8799991607666,28.8799991607666,650700
2024-04-02,28.170000076293945,28.450000762939453,27.540000915527344,28.020000457763672,28.020000457763672,909700
2024-04-03,27.850000381469727,28.125,27.260000228881836,27.489999771118164,27.489999771118164,686200
2024-04-04,27.770000457763672,27.913000106811523,26.739999771118164,27.049999237060547,27.049999237060547,741100
2024-04-05,26.950000762939453,27.6200008392334,26.860000610351562,27.440000534057617,27.440000534057617,511700
2024-04-08,27.540000915527344,27.764999389648438,27.283000946044922,27.350000381469727,27.350000381469727,503100
2024-04-09,27.469999313354492,27.93000030517578,27.110000610351562,27.59000015258789,27.59000015258789,425300
2024-04-10,26.530000686645508,26.975000381469727,25.670000076293945,26.260000228881836,26.260000228881836,750800
2024-04-11,26.520000457763672,26.575000762939453,25.90999984741211,25.940000534057617,25.940000534057617,774700
2024-04-12,25.75,26.829999923706055,25.3700008392334,26.329999923706055,26.329999923706055,708500
2024-04-15,26.649999618530273,26.649999618530273,25.520000457763672,25.670000076293945,25.670000076293945,495700
2024-04-16,25.1299991607666,25.489999771118164,24.43000030517578,24.709999084472656,24.709999084472656,783800
2024-04-17,24.979999542236328,25.06999969482422,24.440000534057617,24.469999313354492,24.469999313354492,499400
2024-04-18,24.469999313354492,24.469999313354492,23.190000534057617,23.420000076293945,23.420000076293945,1818700
2024-04-19,23.350000381469727,24.290000915527344,23.350000381469727,23.829999923706055,23.829999923706055,1591900
2024-04-22,24.149999618530273,24.31999969482422,23.489999771118164,24.040000915527344,24.040000915527344,605100
2024-04-23,24.040000915527344,25.440000534057617,24.040000915527344,25.3799991607666,25.3799991607666,1111300
2024-04-24,25.25,25.760000228881836,24.8799991607666,25.5,25.5,1179000
2024-04-25,25.190000534057617,25.469999313354492,24.530000686645508,24.84000015258789,24.84000015258789,639800
2024-04-26,24.780000686645508,24.780000686645508,23.860000610351562,24.549999237060547,24.549999237060547,605100
2024-04-29,24.829999923706055,25.104999542236328,24.600000381469727,24.760000228881836,24.760000228881836,490500
2024-04-30,24.68000030517578,25.239999771118164,24.450000762939453,24.950000762939453,24.950000762939453,807900
2024-05-01,24.8799991607666,25.459999084472656,24.434999465942383,24.6299991607666,24.6299991607666,686700
2024-05-02,25.030000686645508,25.114999771118164,24.440000534057617,25.0,25.0,761400
2024-05-03,25.6299991607666,25.959999084472656,24.520000457763672,24.530000686645508,24.530000686645508,887400
2024-05-06,24.739999771118164,26.44499969482422,24.739999771118164,25.600000381469727,25.600000381469727,1903100
2024-05-07,27.5,28.549999237060547,26.969999313354492,27.770000457763672,27.770000457763672,2976800
2024-05-08,27.049999237060547,27.34000015258789,26.78499984741211,27.170000076293945,27.170000076293945,1611800
2024-05-09,27.170000076293945,28.040000915527344,27.020000457763672,27.09000015258789,27.09000015258789,1104500
2024-05-10,27.309999465942383,27.56999969482422,26.5,26.59000015258789,26.59000015258789,1034000
2024-05-13,26.889999389648438,26.969999313354492,25.25,25.8799991607666,25.8799991607666,996100
2024-05-14,26.420000076293945,27.200000762939453,26.079999923706055,26.959999084472656,26.959999084472656,1100300
2024-05-15,27.5,27.68000030517578,26.75,27.06999969482422,27.06999969482422,1247400
2024-05-16,26.93000030517578,27.075000762939453,26.3799991607666,26.450000762939453,26.450000762939453,580400
2024-05-17,26.399999618530273,26.684999465942383,25.780000686645508,25.829999923706055,25.829999923706055,781400
2024-05-20,25.860000610351562,25.864999771118164,25.3799991607666,25.469999313354492,25.469999313354492,647700
2024-05-21,25.34000015258789,25.670000076293945,25.030000686645508,25.399999618530273,25.399999618530273,645700
2024-05-22,25.260000228881836,25.915000915527344,24.979999542236328,25.190000534057617,25.190000534057617,823400
2024-05-23,25.1299991607666,25.149999618530273,24.229999542236328,24.440000534057617,24.440000534057617,770800
2024-05-24,24.6200008392334,25.6200008392334,24.44499969482422,25.389999389648438,25.389999389648438,735100
2024-05-28,25.579999923706055,26.0,25.420000076293945,25.530000686645508,25.530000686645508,1220100
2024-05-29,25.09000015258789,27.049999237060547,25.045000076293945,26.75,26.75,1185100
2024-05-30,27.049999237060547,27.600000381469727,27.049999237060547,27.280000686645508,27.280000686645508,542200
2024-05-31,27.389999389648438,27.84000015258789,27.200000762939453,27.600000381469727,27.600000381469727,678300
2024-06-03,27.68000030517578,27.940000534057617,26.25,26.489999771118164,26.489999771118164,744400
2024-06-04,26.170000076293945,26.260000228881836,25.190000534057617,25.799999237060547,25.799999237060547,914200
2024-06-05,26.06999969482422,26.73900032043457,25.816999435424805,26.43000030517578,26.43000030517578,418400
2024-06-06,26.219999313354492,26.6200008392334,25.93000030517578,25.93000030517578,25.93000030517578,376800
2024-06-07,25.56999969482422,26.149999618530273,25.43000030517578,25.459999084472656,25.459999084472656,445000
2024-06-10,25.049999237060547,25.969999313354492,25.010000228881836,25.670000076293945,25.670000076293945,666300
2024-06-11,25.3700008392334,25.3700008392334,24.6200008392334,24.889999389648438,24.889999389648438,612100
2024-06-12,25.969999313354492,26.760000228881836,25.469999313354492,26.6299991607666,26.6299991607666,1235500
2024-06-13,26.520000457763672,26.690000534057617,25.049999237060547,25.31999969482422,25.31999969482422,745000
2024-06-14,24.799999237060547,25.299999237060547,24.270000457763672,25.0,25.0,739400
2024-06-17,24.940000534057617,25.489999771118164,24.65999984741211,25.1299991607666,25.1299991607666,755100
2024-06-18,25.06999969482422,25.489999771118164,24.81999969482422,25.049999237060547,25.049999237060547,644100
2024-06-20,24.860000610351562,25.03499984741211,23.469999313354492,23.690000534057617,23.690000534057617,937200
2024-06-21,23.649999618530273,24.90999984741211,23.600000381469727,24.489999771118164,24.489999771118164,1047900
2024-06-24,24.530000686645508,24.795000076293945,23.709999084472656,23.739999771118164,23.739999771118164,952400
2024-06-25,23.739999771118164,23.739999771118164,22.440000534057617,23.040000915527344,23.040000915527344,2552200
2024-06-26,23.030000686645508,23.56999969482422,22.25,23.549999237060547,23.549999237060547,1096700
2024-06-27,23.610000610351562,24.350000381469727,23.40999984741211,24.31999969482422,24.31999969482422,702300
2024-06-28,24.68000030517578,24.940000534057617,23.334999084472656,23.790000915527344,23.790000915527344,4282400
2024-07-01,23.770000457763672,24.06999969482422,23.079999923706055,23.40999984741211,23.40999984741211,815400
2024-07-02,23.59000015258789,23.950000762939453,23.299999237060547,23.719999313354492,23.719999313354492,646800
2024-07-03,23.90999984741211,23.90999984741211,23.40999984741211,23.600000381469727,23.600000381469727,333300
2024-07-05,23.43000030517578,23.510000228881836,22.8799991607666,23.40999984741211,23.40999984741211,545500
2024-07-08,23.670000076293945,23.81999969482422,23.020000457763672,23.079999923706055,23.079999923706055,572200
2024-07-09,22.989999771118164,24.200000762939453,22.920000076293945,24.059999465942383,24.059999465942383,861000
2024-07-10,24.239999771118164,24.3700008392334,23.100000381469727,23.510000228881836,23.510000228881836,880700
2024-07-11,24.15999984741211,25.610000610351562,24.030000686645508,25.549999237060547,25.549999237060547,1640200
2024-07-12,25.920000076293945,27.299999237060547,25.739999771118164,26.8700008392334,26.8700008392334,1274300
2024-07-15,26.790000915527344,27.145000457763672,25.440000534057617,25.739999771118164,25.739999771118164,1059400
2024-07-16,26.229999542236328,27.889999389648438,26.229999542236328,27.829999923706055,27.829999923706055,1013500
2024-07-17,27.6200008392334,29.68000030517578,26.90999984741211,29.549999237060547,29.549999237060547,1725700
2024-07-18,29.950000762939453,31.440000534057617,28.780000686645508,29.100000381469727,29.100000381469727,2498000
2024-07-19,30.40999984741211,30.5,28.860000610351562,29.049999237060547,29.049999237060547,2769300
2024-07-22,28.979999542236328,29.200000762939453,27.360000610351562,28.18000030517578,28.18000030517578,1502900
2024-07-23,28.229999542236328,28.8799991607666,27.440000534057617,28.34000015258789,28.34000015258789,1343700
2024-07-24,28.389999389648438,30.040000915527344,28.18000030517578,29.68000030517578,29.68000030517578,1662700
2024-07-25,29.68000030517578,31.290000915527344,29.56999969482422,30.75,30.75,1196800
2024-07-26,31.309999465942383,32.209999084472656,30.878999710083008,32.02000045776367,32.02000045776367,1396900
2024-07-29,31.799999237060547,32.52000045776367,30.950000762939453,31.110000610351562,31.110000610351562,1584200
2024-07-30,31.219999313354492,31.56999969482422,30.809999465942383,31.239999771118164,31.239999771118164,1582700
2024-07-31,31.389999389648438,31.469999313354492,30.299999237060547,30.360000610351562,30.360000610351562,826500
2024-08-01,30.260000228881836,31.059999465942383,29.969999313354492,30.219999313354492,30.219999313354492,672500
2024-08-02,29.030000686645508,29.690000534057617,28.479999542236328,29.06999969482422,29.06999969482422,926900
2024-08-05,27.65999984741211,29.010000228881836,27.010000228881836,28.719999313354492,28.719999313354492,1252400
2024-08-06,27.56999969482422,31.049999237060547,25.780000686645508,29.639999389648438,29.639999389648438,1841500
2024-08-07,29.149999618530273,30.690000534057617,28.56999969482422,28.610000610351562,28.610000610351562,786900
2024-08-08,28.75,30.010000228881836,28.520000457763672,29.979999542236328,29.979999542236328,641300
2024-08-09,29.75,30.0,29.200000762939453,29.739999771118164,29.739999771118164,778400
2024-08-12,29.729999542236328,30.049999237060547,28.690000534057617,29.100000381469727,29.100000381469727,520800
2024-08-13,29.450000762939453,30.100000381469727,29.280000686645508,30.0,30.0,582800
2024-08-14,30.049999237060547,30.059999465942383,29.1299991607666,29.139999389648438,29.139999389648438,577400
2024-08-15,29.829999923706055,30.3799991607666,29.530000686645508,29.979999542236328,29.979999542236328,422700
2024-08-16,29.81999969482422,30.1299991607666,28.979999542236328,29.020000457763672,29.020000457763672,915300
2024-08-19,29.1200008392334,29.40999984741211,28.520000457763672,28.6200008392334,28.6200008392334,816200
2024-08-20,28.549999237060547,28.68000030517578,27.65999984741211,27.850000381469727,27.850000381469727,1207700
2024-08-21,28.0,28.079999923706055,27.649999618530273,27.93000030517578,27.93000030517578,827900
2024-08-22,28.0,28.954999923706055,27.799999237060547,28.639999389648438,28.639999389648438,1043300
2024-08-23,28.84000015258789,33.95000076293945,28.84000015258789,33.689998626708984,33.689998626708984,5241600
2024-08-26,33.70000076293945,33.970001220703125,32.369998931884766,32.5,32.5,1692600
2024-08-27,32.599998474121094,33.18000030517578,32.20000076293945,32.4900016784668,32.4900016784668,656100
2024-08-28,32.4900016784668,32.73500061035156,31.959999084472656,32.0099983215332,32.0099983215332,823900
2024-08-29,32.400001525878906,32.400001525878906,31.3700008392334,31.43000030517578,31.43000030517578,709300
2024-08-30,31.540000915527344,32.08000183105469,31.229999542236328,31.950000762939453,31.950000762939453,718500
