Date,Open,High,Low,Close,Adj Close,Volume
1993-09-21,2.5803310871124268,2.6533589363098145,2.50730299949646,2.50730299949646,0.9842791557312012,17419974
1993-09-22,2.555988073348999,2.555988073348999,2.50730299949646,2.50730299949646,0.9842791557312012,3319264
1993-09-23,2.50730299949646,2.5316460132598877,2.50730299949646,2.5194740295410156,0.9890573620796204,1261156
1993-09-24,2.50730299949646,2.5316460132598877,2.50730299949646,2.5316460132598877,0.9938358664512634,201292
1993-09-27,2.5316460132598877,2.568160057067871,2.5316460132598877,2.555988073348999,1.0033915042877197,316316
1993-09-28,2.5438170433044434,2.555988073348999,2.50730299949646,2.5316460132598877,0.9938358664512634,351234
1993-09-29,2.5316460132598877,2.5438170433044434,2.5194740295410156,2.5194740295410156,0.9890573620796204,749710
1993-09-30,2.5194740295410156,2.5438170433044434,2.5194740295410156,2.5316460132598877,0.9938358664512634,767169
1993-10-01,2.555988073348999,2.5925021171569824,2.555988073348999,2.5925021171569824,1.0177255868911743,654199
1993-10-04,2.5803310871124268,2.5925021171569824,2.555988073348999,2.555988073348999,1.0033915042877197,496041
1993-10-05,2.5438170433044434,2.568160057067871,2.5438170433044434,2.568160057067871,1.0081695318222046,215670
1993-10-06,2.568160057067871,2.5925021171569824,2.568160057067871,2.5925021171569824,1.0177255868911743,353288
1993-10-07,2.5925021171569824,2.5925021171569824,2.5438170433044434,2.5438170433044434,0.9986135363578796,94484
1993-10-08,2.5438170433044434,2.568160057067871,2.5316460132598877,2.555988073348999,1.0033915042877197,211562
1993-10-11,2.568160057067871,2.5803310871124268,2.568160057067871,2.568160057067871,1.0081695318222046,492960
1993-10-12,2.5925021171569824,2.689872980117798,2.568160057067871,2.689872980117798,1.0559499263763428,816465
1993-10-13,2.689872980117798,2.689872980117798,2.5803310871124268,2.6046741008758545,1.0225039720535278,814411
1993-10-14,2.6046741008758545,2.6046741008758545,2.5803310871124268,2.5803310871124268,1.0129473209381104,653172
1993-10-15,2.6046741008758545,2.6046741008758545,2.5316460132598877,2.5438170433044434,0.9986135363578796,158158
1993-10-18,2.555988073348999,2.5803310871124268,2.555988073348999,2.5803310871124268,1.0129473209381104,763061
1993-10-19,2.568160057067871,2.5803310871124268,2.568160057067871,2.5803310871124268,1.0129473209381104,495014
1993-10-20,2.568160057067871,2.5803310871124268,2.555988073348999,2.5803310871124268,1.0129473209381104,95511
1993-10-21,2.5803310871124268,2.677701950073242,2.5803310871124268,2.6533589363098145,1.041615605354309,749710
1993-10-22,2.6533589363098145,2.677701950073242,2.6290171146392822,2.641187906265259,1.0368373394012451,198211
1993-10-25,2.6533589363098145,2.6655309200286865,2.6533589363098145,2.6533589363098145,1.041615605354309,68809
1993-10-26,2.641187906265259,2.641187906265259,2.5925021171569824,2.6046741008758545,1.0225039720535278,426205
1993-10-27,2.616844892501831,2.6533589363098145,2.616844892501831,2.641187906265259,1.0368373394012451,274209
1993-10-28,2.6290171146392822,2.6533589363098145,2.6290171146392822,2.6533589363098145,1.041615605354309,517608
1993-10-29,2.6533589363098145,2.6655309200286865,2.641187906265259,2.6655309200286865,1.0463939905166626,202319
1993-11-01,2.689872980117798,2.823759078979492,2.689872980117798,2.70204496383667,1.0607279539108276,543283
1993-11-02,2.7142159938812256,2.7263879776000977,2.689872980117798,2.70204496383667,1.0607279539108276,642902
1993-11-03,2.677701950073242,2.689872980117798,2.6046741008758545,2.6046741008758545,1.0225039720535278,431340
1993-11-04,2.5925021171569824,2.5925021171569824,2.5194740295410156,2.5194740295410156,0.9890573620796204,499122
1993-11-05,2.50730299949646,2.50730299949646,2.4829599857330322,2.4829599857330322,0.9747229814529419,185887
1993-11-08,2.4586169719696045,2.4829599857330322,2.4586169719696045,2.4829599857330322,0.9747229814529419,55458
1993-11-09,2.4707889556884766,2.4707889556884766,2.4586169719696045,2.4586169719696045,0.9651670455932617,27729
1993-11-10,2.4707889556884766,2.4707889556884766,2.4586169719696045,2.4586169719696045,0.9651670455932617,91403
1993-11-11,2.434274911880493,2.434274911880493,2.3855888843536377,2.4099318981170654,0.9460551142692566,194103
1993-11-12,2.3977599143981934,2.495131015777588,2.3977599143981934,2.495131015777588,0.9795011281967163,280371
1993-11-15,2.50730299949646,2.50730299949646,2.4829599857330322,2.4829599857330322,0.9747229814529419,242372
1993-11-16,2.495131015777588,2.495131015777588,2.4586169719696045,2.4586169719696045,0.9651670455932617,26702
1993-11-17,2.4829599857330322,2.5194740295410156,2.4586169719696045,2.4707889556884766,0.9699447751045227,283452
1993-11-18,2.495131015777588,2.5316460132598877,2.495131015777588,2.50730299949646,0.9842791557312012,410800
1993-11-19,2.50730299949646,2.50730299949646,2.4707889556884766,2.4829599857330322,0.9747229814529419,187941
1993-11-22,2.4586169719696045,2.4586169719696045,2.434274911880493,2.434274911880493,0.9556110501289368,160212
1993-11-23,2.422102928161621,2.434274911880493,2.3977599143981934,2.3977599143981934,0.9412766695022583,196157
1993-11-24,2.373418092727661,2.4099318981170654,2.373418092727661,2.4099318981170654,0.9460551142692566,427232
1993-11-26,2.3977599143981934,2.422102928161621,2.373418092727661,2.373418092727661,0.9317207336425781,367666
1993-11-29,2.361246109008789,2.3855888843536377,2.3490750789642334,2.361246109008789,0.9269424676895142,279344
1993-11-30,2.3369040489196777,2.3490750789642334,2.31256103515625,2.31256103515625,0.9078303575515747,263939
1993-12-01,2.2882180213928223,2.2882180213928223,2.2760469913482666,2.2760469913482666,0.8934965133666992,209508
1993-12-02,2.2760469913482666,2.31256103515625,2.2760469913482666,2.31256103515625,0.9078303575515747,188968
1993-12-03,2.3369040489196777,2.361246109008789,2.31256103515625,2.3490750789642334,0.9221646189689636,176644
1993-12-06,2.31256103515625,2.3247320652008057,2.2638750076293945,2.2882180213928223,0.8982739448547363,399503
1993-12-07,2.31256103515625,2.3369040489196777,2.2882180213928223,2.2882180213928223,0.8982739448547363,378963
1993-12-08,2.31256103515625,2.3247320652008057,2.31256103515625,2.31256103515625,0.9078303575515747,230048
1993-12-09,2.31256103515625,2.4586169719696045,2.300389051437378,2.373418092727661,0.9317207336425781,982839
1993-12-10,2.3977599143981934,2.422102928161621,2.3855888843536377,2.4099318981170654,0.9460551142692566,919165
1993-12-13,2.434274911880493,2.4829599857330322,2.434274911880493,2.4829599857330322,0.9747229814529419,567931
1993-12-14,2.50730299949646,2.5438170433044434,2.446445941925049,2.446445941925049,0.9603891372680664,2193672
1993-12-15,2.434274911880493,2.446445941925049,2.434274911880493,2.434274911880493,0.9556110501289368,2416531
1993-12-16,2.4586169719696045,2.4586169719696045,2.434274911880493,2.434274911880493,0.9556110501289368,735332
1993-12-17,2.434274911880493,2.4586169719696045,2.434274911880493,2.4586169719696045,0.9651670455932617,397449
1993-12-20,2.4707889556884766,2.495131015777588,2.4586169719696045,2.495131015777588,0.9795011281967163,495014
1993-12-21,2.495131015777588,2.50730299949646,2.4829599857330322,2.4829599857330322,0.9747229814529419,463177
1993-12-22,2.50730299949646,2.568160057067871,2.50730299949646,2.568160057067871,1.0081695318222046,1401855
1993-12-23,2.5803310871124268,2.641187906265259,2.5803310871124268,2.616844892501831,1.0272817611694336,374855
1993-12-27,2.6655309200286865,2.7142159938812256,2.6655309200286865,2.70204496383667,1.0607279539108276,208481
1993-12-28,2.7263879776000977,2.884614944458008,2.7263879776000977,2.8481009006500244,1.1180651187896729,434421
1993-12-29,2.835930109024048,2.835930109024048,2.750730037689209,2.750730037689209,1.0798404216766357,391287
1993-12-30,2.7750730514526367,2.81158709526062,2.7750730514526367,2.81158709526062,1.1037302017211914,1187212
1993-12-31,2.823759078979492,2.9941580295562744,2.823759078979492,2.9698150157928467,1.1658453941345215,861653
1994-01-03,2.9211299419403076,2.9819860458374023,2.89678692817688,2.957643985748291,1.1610676050186157,960245
1994-01-04,2.945472002029419,2.945472002029419,2.89678692817688,2.9211299419403076,1.1467334032058716,413881
1994-01-05,2.9211299419403076,2.945472002029419,2.8481009006500244,2.9089579582214355,1.1419552564620972,610038
1994-01-06,2.9211299419403076,2.9211299419403076,2.835930109024048,2.835930109024048,1.1132867336273193,115024
1994-01-07,2.835930109024048,2.835930109024048,2.7750730514526367,2.7750730514526367,1.0893964767456055,218751
1994-01-10,2.7750730514526367,2.7872440814971924,2.7385590076446533,2.7872440814971924,1.0941746234893799,797979
1994-01-11,2.7872440814971924,2.823759078979492,2.7872440814971924,2.823759078979492,1.1085090637207031,387179
1994-01-12,2.8481009006500244,2.8481009006500244,2.81158709526062,2.823759078979492,1.1085090637207031,655226
1994-01-13,2.835930109024048,2.8481009006500244,2.81158709526062,2.835930109024048,1.1132867336273193,558688
1994-01-14,2.823759078979492,2.8602728843688965,2.823759078979492,2.8602728843688965,1.122842788696289,295776
1994-01-17,2.884614944458008,2.957643985748291,2.884614944458008,2.957643985748291,1.1610676050186157,908895
1994-01-18,2.9698150157928467,2.9819860458374023,2.957643985748291,2.9698150157928467,1.1658453941345215,668577
1994-01-19,2.957643985748291,3.0185000896453857,2.957643985748291,3.0185000896453857,1.1849573850631714,239291
1994-01-20,3.0185000896453857,3.140213966369629,3.00632905960083,3.1036999225616455,1.2184038162231445,795925
1994-01-21,3.140213966369629,3.1767280101776123,3.09152889251709,3.115870952606201,1.2231818437576294,249561
1994-01-24,3.115870952606201,3.2132420539855957,3.115870952606201,3.1767280101776123,1.247071623802185,270101
1994-01-25,3.152385950088501,3.152385950088501,3.067186117172241,3.09152889251709,1.2136259078979492,162266
1994-01-26,3.067186117172241,3.140213966369629,3.0185000896453857,3.115870952606201,1.2231818437576294,621335
1994-01-27,3.115870952606201,3.1280429363250732,3.09152889251709,3.1036999225616455,1.2184038162231445,239291
1994-01-28,3.115870952606201,3.115870952606201,3.1036999225616455,3.1036999225616455,1.2184038162231445,195130
1994-01-31,3.1280429363250732,3.2132420539855957,3.1280429363250732,3.2132420539855957,1.2614063024520874,220805
1994-02-01,3.2375850677490234,3.310612916946411,3.2375850677490234,3.2984418869018555,1.294852614402771,853437
1994-02-02,3.310612916946411,3.4201560020446777,3.310612916946411,3.4201560020446777,1.3426330089569092,830843
1994-02-03,3.4079840183258057,3.4079840183258057,3.334955930709839,3.3836419582366943,1.3282992839813232,601822
1994-02-04,3.3592989444732666,3.4323270320892334,3.347127914428711,3.39581298828125,1.3330774307250977,1642173
1994-02-07,3.3836419582366943,3.3836419582366943,3.152385950088501,3.261928081512451,1.2805187702178955,758953
1994-02-08,3.274099111557007,3.274099111557007,3.2132420539855957,3.2375850677490234,1.2709625959396362,1051648
1994-02-09,3.2375850677490234,3.3592989444732666,3.2375850677490234,3.347127914428711,1.3139654397964478,1891734
1994-02-10,3.39581298828125,3.39581298828125,3.3592989444732666,3.3592989444732666,1.3187429904937744,897598
1994-02-11,3.334955930709839,3.39581298828125,3.334955930709839,3.39581298828125,1.3330774307250977,414908
1994-02-14,3.4201560020446777,3.4444990158081055,3.3592989444732666,3.4444990158081055,1.3521896600723267,564850
1994-02-15,3.4444990158081055,3.529697895050049,3.4444990158081055,3.529697895050049,1.3856356143951416,241345
1994-02-16,3.5540409088134766,3.6270689964294434,3.5540409088134766,3.6270689964294434,1.4238605499267578,953056
1994-02-17,3.6027259826660156,3.70009708404541,3.59055495262146,3.6027259826660156,1.4143037796020508,613119
1994-02-18,3.5783839225769043,3.5783839225769043,3.4444990158081055,3.4444990158081055,1.3521896600723267,142753
1994-02-22,3.456670045852661,3.456670045852661,3.274099111557007,3.274099111557007,1.28529691696167,363558
1994-02-23,3.334955930709839,3.334955930709839,3.261928081512451,3.261928081512451,1.2805187702178955,927381
1994-02-24,3.2375850677490234,3.2375850677490234,3.09152889251709,3.09152889251709,1.2136259078979492,538148
1994-02-25,3.09152889251709,3.115870952606201,3.067186117172241,3.0793569087982178,1.2088475227355957,253669
1994-02-28,3.1036999225616455,3.261928081512451,3.1036999225616455,3.261928081512451,1.2805187702178955,188968
1994-03-01,3.2375850677490234,3.2375850677490234,3.1036999225616455,3.115870952606201,1.2231818437576294,1855789
1994-03-02,3.0793569087982178,3.0793569087982178,2.7994160652160645,3.030672073364258,1.1897354125976562,1018784
1994-03-03,3.0185000896453857,3.0185000896453857,2.945472002029419,2.957643985748291,1.1610676050186157,285506
1994-03-04,2.9333009719848633,2.9941580295562744,2.9211299419403076,2.9941580295562744,1.1754019260406494,239291
1994-03-07,3.0185000896453857,3.067186117172241,3.0185000896453857,3.067186117172241,1.20406973361969,212589
1994-03-08,3.067186117172241,3.115870952606201,3.067186117172241,3.09152889251709,1.2136259078979492,554580
1994-03-09,3.1645569801330566,3.1888999938964844,3.140213966369629,3.1767280101776123,1.247071623802185,234156
1994-03-10,3.20107102394104,3.20107102394104,3.152385950088501,3.1767280101776123,1.247071623802185,232102
1994-03-11,3.140213966369629,3.140213966369629,3.030672073364258,3.030672073364258,1.1897354125976562,88322
1994-03-14,2.9941580295562744,3.00632905960083,2.957643985748291,2.9698150157928467,1.1658453941345215,123240
1994-03-15,2.9698150157928467,2.9698150157928467,2.945472002029419,2.945472002029419,1.1562886238098145,820573
1994-03-16,2.957643985748291,3.09152889251709,2.957643985748291,3.0185000896453857,1.1849573850631714,915057
1994-03-17,2.9941580295562744,2.9941580295562744,2.9698150157928467,2.9941580295562744,1.1754019260406494,90376
1994-03-18,2.9941580295562744,3.0185000896453857,2.9941580295562744,3.0185000896453857,1.1849573850631714,277290
1994-03-21,3.0185000896453857,3.0185000896453857,2.9941580295562744,2.9941580295562744,1.1754019260406494,873977
1994-03-22,2.9941580295562744,3.09152889251709,2.9941580295562744,3.09152889251709,1.2136259078979492,276263
1994-03-23,3.067186117172241,3.09152889251709,3.067186117172241,3.09152889251709,1.2136259078979492,196157
1994-03-24,3.067186117172241,3.067186117172241,3.0185000896453857,3.0428431034088135,1.1945135593414307,1292993
1994-03-25,3.0428431034088135,3.09152889251709,3.0428431034088135,3.0793569087982178,1.2088475227355957,493987
1994-03-28,3.09152889251709,3.09152889251709,3.0793569087982178,3.0793569087982178,1.2088475227355957,899652
1994-03-29,3.067186117172241,3.067186117172241,3.030672073364258,3.030672073364258,1.1897354125976562,744575
1994-03-30,3.0185000896453857,3.0185000896453857,2.945472002029419,2.9941580295562744,1.1754019260406494,879112
1994-03-31,3.0185000896453857,3.0185000896453857,2.89678692817688,2.89678692817688,1.1371769905090332,126321
1994-04-04,2.872443914413452,2.872443914413452,2.7872440814971924,2.81158709526062,1.1037302017211914,704522
1994-04-05,2.823759078979492,2.8481009006500244,2.81158709526062,2.823759078979492,1.1085090637207031,39026
1994-04-06,2.8481009006500244,2.8481009006500244,2.7994160652160645,2.7994160652160645,1.0989525318145752,1051648
1994-04-07,2.7994160652160645,2.7994160652160645,2.7994160652160645,2.7994160652160645,1.0989525318145752,0
1994-04-08,2.823759078979492,2.8481009006500244,2.823759078979492,2.8481009006500244,1.1180651187896729,15405
1994-04-11,2.823759078979492,2.823759078979492,2.7994160652160645,2.7994160652160645,1.0989525318145752,277290
1994-04-12,2.823759078979492,2.823759078979492,2.81158709526062,2.81158709526062,1.1037302017211914,123240
1994-04-13,2.7994160652160645,2.823759078979492,2.7994160652160645,2.823759078979492,1.1085090637207031,31837
1994-04-14,2.7994160652160645,2.7994160652160645,2.7750730514526367,2.7750730514526367,1.0893964767456055,71890
1994-04-15,2.7994160652160645,2.884614944458008,2.7994160652160645,2.872443914413452,1.127620816230774,470366
1994-04-18,2.884614944458008,2.9211299419403076,2.884614944458008,2.9211299419403076,1.1467334032058716,117078
1994-04-19,2.9333009719848633,2.945472002029419,2.9089579582214355,2.9211299419403076,1.1467334032058716,109889
1994-04-20,2.9211299419403076,2.9211299419403076,2.89678692817688,2.89678692817688,1.1371769905090332,63674
1994-04-21,2.89678692817688,2.89678692817688,2.872443914413452,2.872443914413452,1.127620816230774,85241
1994-04-22,2.89678692817688,2.9211299419403076,2.89678692817688,2.9211299419403076,1.1467334032058716,166374
1994-04-25,2.945472002029419,2.957643985748291,2.9333009719848633,2.957643985748291,1.1610676050186157,159185
1994-04-26,2.945472002029419,2.9941580295562744,2.945472002029419,2.9819860458374023,1.170623540878296,50323
1994-04-28,2.9333009719848633,3.152385950088501,2.9333009719848633,3.1036999225616455,1.2219151258468628,196157
1994-04-29,3.09152889251709,3.09152889251709,3.067186117172241,3.067186117172241,1.207539677619934,307073
1994-05-02,3.0550150871276855,3.0550150871276855,3.00632905960083,3.00632905960083,1.1835806369781494,326586
1994-05-03,3.0185000896453857,3.030672073364258,3.0185000896453857,3.030672073364258,1.1931639909744263,179725
1994-05-04,3.0428431034088135,3.0793569087982178,3.0428431034088135,3.067186117172241,1.207539677619934,365612
1994-05-05,3.067186117172241,3.067186117172241,3.067186117172241,3.067186117172241,1.207539677619934,0
1994-05-06,3.067186117172241,3.0793569087982178,3.0185000896453857,3.0185000896453857,1.1883723735809326,212589
1994-05-09,3.00632905960083,3.030672073364258,3.00632905960083,3.0185000896453857,1.1883723735809326,112970
1994-05-10,2.9941580295562744,2.9941580295562744,2.9819860458374023,2.9941580295562744,1.1787892580032349,117078
1994-05-11,3.00632905960083,3.030672073364258,3.00632905960083,3.0185000896453857,1.1883723735809326,183833
1994-05-12,3.030672073364258,3.0550150871276855,3.030672073364258,3.0550150871276855,1.2027479410171509,244426
1994-05-13,3.0428431034088135,3.067186117172241,3.0185000896453857,3.0185000896453857,1.1883723735809326,221832
1994-05-16,3.030672073364258,3.067186117172241,3.030672073364258,3.067186117172241,1.207539677619934,165347
1994-05-17,3.0550150871276855,3.0550150871276855,3.00632905960083,3.00632905960083,1.1835806369781494,347126
1994-05-18,3.0185000896453857,3.0185000896453857,2.9941580295562744,3.00632905960083,1.1835806369781494,97565
1994-05-19,3.00632905960083,3.00632905960083,2.9819860458374023,2.9941580295562744,1.1787892580032349,617227
1994-05-20,2.9941580295562744,2.9941580295562744,2.957643985748291,2.957643985748291,1.1644136905670166,175617
1994-05-23,2.945472002029419,2.945472002029419,2.9089579582214355,2.9089579582214355,1.145246148109436,120159
1994-05-24,2.9211299419403076,2.9211299419403076,2.884614944458008,2.884614944458008,1.1356621980667114,100646
1994-05-25,2.884614944458008,2.89678692817688,2.884614944458008,2.884614944458008,1.1356621980667114,166374
1994-05-26,2.884614944458008,2.884614944458008,2.872443914413452,2.872443914413452,1.1308704614639282,223886
1994-05-27,2.8602728843688965,2.8602728843688965,2.835930109024048,2.835930109024048,1.116495132446289,51350
1994-05-31,2.823759078979492,2.823759078979492,2.7142159938812256,2.750730037689209,1.0829523801803589,527878
1994-06-01,2.750730037689209,2.750730037689209,2.7263879776000977,2.750730037689209,1.0829523801803589,64701
1994-06-02,2.750730037689209,2.762902021408081,2.750730037689209,2.762902021408081,1.0877447128295898,41080
1994-06-03,2.7385590076446533,2.7385590076446533,2.7263879776000977,2.7263879776000977,1.0733689069747925,9243
1994-06-06,2.7263879776000977,2.7872440814971924,2.7263879776000977,2.7872440814971924,1.0973279476165771,112970
1994-06-07,2.81158709526062,2.835930109024048,2.81158709526062,2.835930109024048,1.116495132446289,270101
1994-06-08,2.823759078979492,2.823759078979492,2.823759078979492,2.823759078979492,1.111703634262085,51350
1994-06-09,2.835930109024048,2.835930109024048,2.7994160652160645,2.81158709526062,1.106911063194275,81133
1994-06-10,2.7994160652160645,2.7994160652160645,2.7872440814971924,2.7872440814971924,1.0973279476165771,138645
1994-06-13,2.7994160652160645,2.823759078979492,2.7994160652160645,2.81158709526062,1.106911063194275,53404
1994-06-14,2.823759078979492,2.823759078979492,2.823759078979492,2.823759078979492,1.111703634262085,5135
1994-06-15,2.81158709526062,2.81158709526062,2.81158709526062,2.81158709526062,1.106911063194275,10270
1994-06-16,2.835930109024048,2.89678692817688,2.835930109024048,2.884614944458008,1.1356621980667114,205400
1994-06-17,2.9089579582214355,2.9333009719848633,2.872443914413452,2.872443914413452,1.1308704614639282,469339
1994-06-20,2.884614944458008,2.9089579582214355,2.884614944458008,2.9089579582214355,1.145246148109436,204373
1994-06-21,2.89678692817688,2.945472002029419,2.884614944458008,2.884614944458008,1.1356621980667114,220805
1994-06-22,2.89678692817688,2.89678692817688,2.884614944458008,2.884614944458008,1.1356621980667114,133510
1994-06-23,2.884614944458008,2.9089579582214355,2.884614944458008,2.89678692817688,1.1404541730880737,147888
1994-06-24,2.9211299419403076,2.9211299419403076,2.89678692817688,2.89678692817688,1.1404541730880737,243399
1994-06-27,2.9089579582214355,2.9698150157928467,2.89678692817688,2.957643985748291,1.1644136905670166,419016
1994-06-28,2.945472002029419,2.945472002029419,2.89678692817688,2.89678692817688,1.1404541730880737,327613
1994-06-29,2.9089579582214355,2.9333009719848633,2.89678692817688,2.89678692817688,1.1404541730880737,74971
1994-06-30,2.89678692817688,2.9211299419403076,2.884614944458008,2.884614944458008,1.1356621980667114,166374
1994-07-01,2.884614944458008,2.884614944458008,2.884614944458008,2.884614944458008,1.1356621980667114,181779
1994-07-05,2.872443914413452,2.872443914413452,2.8602728843688965,2.8602728843688965,1.1260786056518555,154050
1994-07-06,2.8602728843688965,2.8602728843688965,2.835930109024048,2.8481009006500244,1.121287226676941,142753
1994-07-07,2.8481009006500244,2.8481009006500244,2.7872440814971924,2.7994160652160645,1.1021195650100708,106808
1994-07-08,2.81158709526062,2.81158709526062,2.762902021408081,2.762902021408081,1.0877447128295898,313235
1994-07-11,2.750730037689209,2.750730037689209,2.7263879776000977,2.7263879776000977,1.0733689069747925,25675
1994-07-12,2.7263879776000977,2.7263879776000977,2.7263879776000977,2.7263879776000977,1.0733689069747925,20540
1994-07-13,2.7263879776000977,2.7263879776000977,2.7142159938812256,2.7263879776000977,1.0733689069747925,153023
1994-07-14,2.7263879776000977,2.750730037689209,2.7142159938812256,2.7263879776000977,1.0733689069747925,143780
1994-07-15,2.7263879776000977,2.7263879776000977,2.689872980117798,2.689872980117798,1.0589929819107056,277290
1994-07-18,2.677701950073242,2.677701950073242,2.6655309200286865,2.6655309200286865,1.0494095087051392,17459
1994-07-19,2.6655309200286865,2.6655309200286865,2.6290171146392822,2.6290171146392822,1.0350342988967896,90376
1994-07-20,2.616844892501831,2.616844892501831,2.568160057067871,2.568160057067871,1.0110749006271362,343018
1994-07-21,2.568160057067871,2.5925021171569824,2.568160057067871,2.5803310871124268,1.0158665180206299,157131
1994-07-22,2.555988073348999,2.555988073348999,2.4829599857330322,2.4829599857330322,0.9775320291519165,312208
1994-07-25,2.4707889556884766,2.4829599857330322,2.4707889556884766,2.4829599857330322,0.9775320291519165,72917
1994-07-26,2.495131015777588,2.5316460132598877,2.495131015777588,2.5316460132598877,0.9966999292373657,112970
1994-07-27,2.5194740295410156,2.5194740295410156,2.5194740295410156,2.5194740295410156,0.9919077157974243,138645
1994-07-28,2.5316460132598877,2.6046741008758545,2.5316460132598877,2.6046741008758545,1.0254507064819336,133510
1994-07-29,2.6290171146392822,2.70204496383667,2.6290171146392822,2.70204496383667,1.0637848377227783,149942
1994-08-01,2.7263879776000977,2.750730037689209,2.7263879776000977,2.750730037689209,1.0829523801803589,112970
1994-08-02,2.762902021408081,2.7994160652160645,2.762902021408081,2.7994160652160645,1.1021195650100708,225940
1994-08-03,2.81158709526062,2.8481009006500244,2.81158709526062,2.835930109024048,1.116495132446289,303992
1994-08-04,2.8481009006500244,2.8481009006500244,2.7994160652160645,2.7994160652160645,1.1021195650100708,293722
1994-08-05,2.7750730514526367,2.7750730514526367,2.677701950073242,2.677701950073242,1.0542011260986328,142753
1994-08-08,2.70204496383667,2.70204496383667,2.6655309200286865,2.689872980117798,1.0589929819107056,534040
1994-08-09,2.689872980117798,2.689872980117798,2.616844892501831,2.616844892501831,1.0302423238754272,187941
1994-08-10,2.6290171146392822,2.70204496383667,2.6290171146392822,2.677701950073242,1.0542011260986328,174590
1994-08-11,2.689872980117798,2.7263879776000977,2.689872980117798,2.70204496383667,1.0637848377227783,300911
1994-08-12,2.677701950073242,2.7142159938812256,2.677701950073242,2.689872980117798,1.0589929819107056,157131
1994-08-15,2.70204496383667,2.7385590076446533,2.70204496383667,2.70204496383667,1.0637848377227783,179725
1994-08-16,2.7142159938812256,2.7263879776000977,2.7142159938812256,2.7263879776000977,1.0733689069747925,66755
1994-08-17,2.7263879776000977,2.7872440814971924,2.7263879776000977,2.7750730514526367,1.0925360918045044,246480
1994-08-18,2.762902021408081,2.762902021408081,2.70204496383667,2.7263879776000977,1.0733689069747925,133510
1994-08-19,2.7263879776000977,2.823759078979492,2.7263879776000977,2.81158709526062,1.106911063194275,213616
1994-08-22,2.823759078979492,2.823759078979492,2.823759078979492,2.823759078979492,1.111703634262085,50323
1994-08-23,2.835930109024048,2.835930109024048,2.7750730514526367,2.7750730514526367,1.0925360918045044,353288
1994-08-24,2.7994160652160645,2.835930109024048,2.762902021408081,2.762902021408081,1.0877447128295898,131456
1994-08-25,2.7750730514526367,2.7750730514526367,2.70204496383667,2.70204496383667,1.0637848377227783,243399
1994-08-26,2.7263879776000977,2.762902021408081,2.7263879776000977,2.7385590076446533,1.078160285949707,269074
1994-08-29,2.7263879776000977,2.7385590076446533,2.7263879776000977,2.7385590076446533,1.078160285949707,14378
1994-08-30,2.7263879776000977,2.7263879776000977,2.70204496383667,2.7142159938812256,1.0685769319534302,40053
1994-08-31,2.7385590076446533,2.7385590076446533,2.7142159938812256,2.7142159938812256,1.0685769319534302,47242
1994-09-01,2.7263879776000977,2.7994160652160645,2.7263879776000977,2.7994160652160645,1.1021195650100708,1619579
1994-09-02,2.7994160652160645,2.884614944458008,2.7994160652160645,2.8602728843688965,1.1260786056518555,138645
1994-09-06,2.835930109024048,3.0793569087982178,2.835930109024048,3.0793569087982178,1.2123312950134277,483717
1994-09-07,3.09152889251709,3.2132420539855957,3.09152889251709,3.20107102394104,1.2602498531341553,778466
1994-09-08,3.20107102394104,3.456670045852661,3.20107102394104,3.347127914428711,1.3177521228790283,607984
1994-09-09,3.322784900665283,3.322784900665283,3.20107102394104,3.2497570514678955,1.2794171571731567,632632
1994-09-12,3.2375850677490234,3.2375850677490234,3.2254140377044678,3.2254140377044678,1.2698335647583008,31837
1994-09-13,3.2375850677490234,3.2375850677490234,3.2132420539855957,3.2132420539855957,1.265041470527649,82160
1994-09-14,3.2254140377044678,3.261928081512451,3.2254140377044678,3.2497570514678955,1.2794171571731567,235183
1994-09-15,3.2497570514678955,3.2497570514678955,3.2375850677490234,3.2497570514678955,1.2794171571731567,265993
1994-09-16,3.2375850677490234,3.261928081512451,3.2254140377044678,3.2497570514678955,1.2794171571731567,406692
1994-09-19,3.261928081512451,3.261928081512451,3.2132420539855957,3.2132420539855957,1.265041470527649,139672
1994-09-20,3.2132420539855957,3.2132420539855957,3.2132420539855957,3.2132420539855957,1.265041470527649,101673
1994-09-21,3.2132420539855957,3.2132420539855957,3.152385950088501,3.1645569801330566,1.2458741664886475,137618
1994-09-22,3.140213966369629,3.140213966369629,3.09152889251709,3.09152889251709,1.2171233892440796,557661
1994-09-23,3.09152889251709,3.1036999225616455,3.09152889251709,3.1036999225616455,1.2219151258468628,30810
1994-09-26,3.1036999225616455,3.1280429363250732,3.1036999225616455,3.115870952606201,1.2267069816589355,260858
1994-09-27,3.140213966369629,3.140213966369629,3.140213966369629,3.140213966369629,1.2362908124923706,10270
1994-09-28,3.152385950088501,3.2254140377044678,3.152385950088501,3.2132420539855957,1.265041470527649,302965
1994-09-29,3.20107102394104,3.2375850677490234,3.1888999938964844,3.2375850677490234,1.274625301361084,291668
1994-09-30,3.2254140377044678,3.2497570514678955,3.2132420539855957,3.2497570514678955,1.2794171571731567,373828
1994-10-03,3.2375850677490234,3.261928081512451,3.2254140377044678,3.261928081512451,1.284209132194519,210535
1994-10-04,3.261928081512451,3.261928081512451,3.261928081512451,3.261928081512451,1.284209132194519,790790
1994-10-05,3.261928081512451,3.261928081512451,3.20107102394104,3.20107102394104,1.2602498531341553,464204
1994-10-06,3.20107102394104,3.2132420539855957,3.20107102394104,3.2132420539855957,1.265041470527649,30810
1994-10-07,3.2132420539855957,3.2132420539855957,3.2132420539855957,3.2132420539855957,1.265041470527649,29783
1994-10-10,3.2132420539855957,3.2375850677490234,3.2132420539855957,3.2375850677490234,1.274625301361084,78052
1994-10-11,3.2497570514678955,3.261928081512451,3.2497570514678955,3.261928081512451,1.284209132194519,10270
1994-10-12,3.286271095275879,3.3836419582366943,3.286271095275879,3.310612916946411,1.3033756017684937,158158
1994-10-13,3.39581298828125,3.4323270320892334,3.3714699745178223,3.3714699745178223,1.3273348808288574,170482
1994-10-14,3.322784900665283,3.334955930709839,3.322784900665283,3.322784900665283,1.3081679344177246,236210
1994-10-17,3.322784900665283,3.322784900665283,3.310612916946411,3.310612916946411,1.3033756017684937,30810
1994-10-18,3.310612916946411,3.310612916946411,3.274099111557007,3.286271095275879,1.293792963027954,128375
1994-10-19,3.286271095275879,3.286271095275879,3.2497570514678955,3.261928081512451,1.284209132194519,238264
1994-10-20,3.2497570514678955,3.2497570514678955,3.1888999938964844,3.1888999938964844,1.2554584741592407,28756
1994-10-21,3.1888999938964844,3.20107102394104,3.1888999938964844,3.1888999938964844,1.2554584741592407,54431
1994-10-24,3.20107102394104,3.20107102394104,3.1767280101776123,3.1767280101776123,1.250665545463562,13351
1994-10-25,3.152385950088501,3.152385950088501,3.1280429363250732,3.1280429363250732,1.2314990758895874,35945
1994-10-26,3.152385950088501,3.152385950088501,3.09152889251709,3.09152889251709,1.2171233892440796,72917
1994-10-27,3.09152889251709,3.09152889251709,3.030672073364258,3.0428431034088135,1.1979559659957886,538148
1994-10-28,3.0428431034088135,3.140213966369629,3.0428431034088135,3.115870952606201,1.2267069816589355,329667
1994-10-31,3.1280429363250732,3.2984418869018555,3.1280429363250732,3.2984418869018555,1.298584222793579,166374
1994-11-01,3.286271095275879,3.286271095275879,3.2375850677490234,3.2375850677490234,1.274625301361084,876031
1994-11-02,3.2254140377044678,3.2254140377044678,3.1888999938964844,3.20107102394104,1.2602498531341553,69836
1994-11-03,3.1645569801330566,3.1645569801330566,3.1036999225616455,3.1036999225616455,1.2219151258468628,73944
1994-11-04,3.0793569087982178,3.09152889251709,3.030672073364258,3.030672073364258,1.1931639909744263,154050
1994-11-07,3.0185000896453857,3.0185000896453857,2.9941580295562744,3.0185000896453857,1.1883723735809326,439556
1994-11-08,3.00632905960083,3.067186117172241,3.00632905960083,3.0550150871276855,1.2027479410171509,113997
1994-11-09,3.0793569087982178,3.0793569087982178,3.0793569087982178,3.0793569087982178,1.2123312950134277,431340
1994-11-10,3.0793569087982178,3.0793569087982178,3.0428431034088135,3.0428431034088135,1.1979559659957886,173563
1994-11-11,3.0185000896453857,3.0185000896453857,2.9941580295562744,2.9941580295562744,1.1787892580032349,292695
1994-11-14,2.9698150157928467,2.9698150157928467,2.957643985748291,2.957643985748291,1.1644136905670166,124267
1994-11-15,2.957643985748291,2.957643985748291,2.957643985748291,2.957643985748291,1.1644136905670166,0
1994-11-16,2.945472002029419,2.945472002029419,2.89678692817688,2.89678692817688,1.1404541730880737,267020
1994-11-17,2.9211299419403076,2.945472002029419,2.8481009006500244,2.8481009006500244,1.121287226676941,260858
1994-11-18,2.8481009006500244,2.8481009006500244,2.7994160652160645,2.7994160652160645,1.1021195650100708,60593
1994-11-21,2.7872440814971924,2.7872440814971924,2.7750730514526367,2.7750730514526367,1.0925360918045044,30810
1994-11-22,2.750730037689209,2.750730037689209,2.7142159938812256,2.7142159938812256,1.0685769319534302,89349
1994-11-23,2.70204496383667,2.70204496383667,2.6046741008758545,2.6533589363098145,1.0446175336837769,544310
1994-11-25,2.689872980117798,2.7142159938812256,2.6655309200286865,2.7142159938812256,1.0685769319534302,378963
1994-11-28,2.7142159938812256,2.7872440814971924,2.7142159938812256,2.7872440814971924,1.0973279476165771,323505
1994-11-29,2.81158709526062,2.9333009719848633,2.81158709526062,2.884614944458008,1.1356621980667114,249561
1994-11-30,2.884614944458008,2.884614944458008,2.7263879776000977,2.7263879776000977,1.0733689069747925,286533
1994-12-01,2.7385590076446533,2.750730037689209,2.7263879776000977,2.7263879776000977,1.0733689069747925,149942
1994-12-02,2.7142159938812256,2.7142159938812256,2.677701950073242,2.677701950073242,1.0542011260986328,205400
1994-12-05,2.689872980117798,2.689872980117798,2.677701950073242,2.689872980117798,1.0589929819107056,92430
1994-12-06,2.7142159938812256,2.7994160652160645,2.7142159938812256,2.7994160652160645,1.1021195650100708,395395
1994-12-07,2.823759078979492,2.9089579582214355,2.823759078979492,2.9089579582214355,1.145246148109436,517608
1994-12-08,2.9211299419403076,2.9211299419403076,2.9211299419403076,2.9211299419403076,1.1500381231307983,143780
1994-12-09,2.9333009719848633,2.9333009719848633,2.884614944458008,2.884614944458008,1.1356621980667114,416962
1994-12-12,2.89678692817688,2.89678692817688,2.884614944458008,2.884614944458008,1.1356621980667114,220805
1994-12-13,2.89678692817688,2.89678692817688,2.884614944458008,2.89678692817688,1.1404541730880737,884247
1994-12-14,2.9211299419403076,2.9819860458374023,2.9211299419403076,2.9819860458374023,1.173997163772583,769223
1994-12-15,2.9698150157928467,2.9698150157928467,2.957643985748291,2.957643985748291,1.1644136905670166,229021
1994-12-16,2.9698150157928467,3.0185000896453857,2.9698150157928467,3.0185000896453857,1.1883723735809326,529932
1994-12-19,3.0185000896453857,3.0185000896453857,2.9941580295562744,3.00632905960083,1.1835806369781494,376909
1994-12-20,2.9941580295562744,2.9941580295562744,2.9941580295562744,2.9941580295562744,1.1787892580032349,8216
1994-12-21,2.9819860458374023,2.9819860458374023,2.89678692817688,2.89678692817688,1.1404541730880737,64701
1994-12-22,2.89678692817688,2.89678692817688,2.70204496383667,2.7750730514526367,1.0925360918045044,320424
1994-12-23,2.7872440814971924,2.823759078979492,2.7872440814971924,2.81158709526062,1.106911063194275,22594
1994-12-27,2.823759078979492,2.823759078979492,2.81158709526062,2.823759078979492,1.111703634262085,343018
1994-12-28,2.7750730514526367,2.7872440814971924,2.750730037689209,2.7872440814971924,1.0973279476165771,576147
1994-12-29,2.81158709526062,2.823759078979492,2.81158709526062,2.823759078979492,1.111703634262085,182806
1994-12-30,2.81158709526062,2.835930109024048,2.81158709526062,2.835930109024048,1.116495132446289,11297
1995-01-03,2.8481009006500244,2.945472002029419,2.8481009006500244,2.945472002029419,1.159621000289917,111943
1995-01-04,2.9211299419403076,2.9211299419403076,2.89678692817688,2.89678692817688,1.1404541730880737,107835
1995-01-05,2.9089579582214355,2.9333009719848633,2.9089579582214355,2.9211299419403076,1.1500381231307983,58539
1995-01-06,2.9211299419403076,2.9211299419403076,2.872443914413452,2.872443914413452,1.1308704614639282,39026
1995-01-09,2.823759078979492,2.823759078979492,2.7872440814971924,2.7872440814971924,1.0973279476165771,215670
1995-01-10,2.750730037689209,2.750730037689209,2.6533589363098145,2.6533589363098145,1.0446175336837769,68809
1995-01-11,2.6290171146392822,2.677701950073242,2.5803310871124268,2.6655309200286865,1.0494095087051392,403611
1995-01-12,2.677701950073242,2.7994160652160645,2.677701950073242,2.7994160652160645,1.1021195650100708,576147
1995-01-13,2.823759078979492,2.89678692817688,2.823759078979492,2.884614944458008,1.1356621980667114,552526
1995-01-16,2.872443914413452,2.872443914413452,2.8481009006500244,2.8602728843688965,1.1260786056518555,141726
1995-01-17,2.8481009006500244,2.8481009006500244,2.823759078979492,2.823759078979492,1.111703634262085,193076
1995-01-18,2.81158709526062,2.81158709526062,2.7994160652160645,2.7994160652160645,1.1021195650100708,56485
1995-01-19,2.7994160652160645,2.7994160652160645,2.7872440814971924,2.7994160652160645,1.1021195650100708,110916
1995-01-20,2.7872440814971924,2.7872440814971924,2.762902021408081,2.762902021408081,1.0877447128295898,36972
1995-01-23,2.7872440814971924,2.7872440814971924,2.70204496383667,2.7263879776000977,1.0733689069747925,95511
1995-01-24,2.750730037689209,2.750730037689209,2.7263879776000977,2.750730037689209,1.0829523801803589,60593
1995-01-25,2.7385590076446533,2.823759078979492,2.7385590076446533,2.823759078979492,1.111703634262085,961272
1995-01-26,2.823759078979492,2.823759078979492,2.823759078979492,2.823759078979492,1.111703634262085,5135
1995-01-27,2.835930109024048,2.884614944458008,2.835930109024048,2.8602728843688965,1.1260786056518555,536094
1995-01-30,2.835930109024048,2.8481009006500244,2.7994160652160645,2.7994160652160645,1.1021195650100708,316316
1995-01-31,2.81158709526062,2.89678692817688,2.81158709526062,2.872443914413452,1.1308704614639282,1097863
1995-02-01,2.89678692817688,2.9698150157928467,2.89678692817688,2.9698150157928467,1.1692051887512207,433394
1995-02-02,2.957643985748291,3.030672073364258,2.9333009719848633,3.0185000896453857,1.1883723735809326,552526
1995-02-03,3.115870952606201,3.1767280101776123,3.115870952606201,3.140213966369629,1.2362908124923706,507338
1995-02-06,3.140213966369629,3.140213966369629,3.0793569087982178,3.0793569087982178,1.2123312950134277,204373
1995-02-07,3.0793569087982178,3.0793569087982178,3.067186117172241,3.067186117172241,1.207539677619934,71890
1995-02-08,3.0793569087982178,3.09152889251709,3.0793569087982178,3.09152889251709,1.2171233892440796,425178
1995-02-09,3.0793569087982178,3.0793569087982178,3.0550150871276855,3.0550150871276855,1.2027479410171509,103727
1995-02-10,3.0550150871276855,3.09152889251709,3.0550150871276855,3.067186117172241,1.207539677619934,319397
1995-02-13,3.067186117172241,3.067186117172241,3.0185000896453857,3.0185000896453857,1.1883723735809326,203346
1995-02-14,3.030672073364258,3.030672073364258,3.0185000896453857,3.0185000896453857,1.1883723735809326,64701
1995-02-15,2.9941580295562744,2.9941580295562744,2.9698150157928467,2.9698150157928467,1.1692051887512207,522743
1995-02-16,2.9089579582214355,2.9211299419403076,2.872443914413452,2.872443914413452,1.1308704614639282,200265
1995-02-17,2.9089579582214355,2.957643985748291,2.9089579582214355,2.957643985748291,1.1644136905670166,70863
1995-02-21,2.957643985748291,2.957643985748291,2.945472002029419,2.945472002029419,1.159621000289917,17459
1995-02-22,2.945472002029419,2.945472002029419,2.945472002029419,2.945472002029419,1.159621000289917,0
1995-02-23,2.945472002029419,2.9941580295562744,2.945472002029419,2.9941580295562744,1.1787892580032349,365612
1995-02-24,3.00632905960083,3.09152889251709,3.00632905960083,3.0793569087982178,1.2123312950134277,256750
1995-02-27,3.09152889251709,3.1036999225616455,3.067186117172241,3.067186117172241,1.207539677619934,135564
1995-02-28,3.067186117172241,3.1036999225616455,3.067186117172241,3.0793569087982178,1.2123312950134277,139672
1995-03-01,3.067186117172241,3.067186117172241,3.030672073364258,3.030672073364258,1.1931639909744263,146861
1995-03-02,3.00632905960083,3.00632905960083,2.9941580295562744,2.9941580295562744,1.1787892580032349,19513
1995-03-03,2.8481009006500244,2.8481009006500244,2.7750730514526367,2.7750730514526367,1.0925360918045044,368693
1995-03-06,2.7263879776000977,2.7263879776000977,2.70204496383667,2.70204496383667,1.0637848377227783,25675
1995-03-07,2.7263879776000977,2.7263879776000977,2.4707889556884766,2.50730299949646,0.987115740776062,826735
1995-03-08,2.495131015777588,2.495131015777588,2.361246109008789,2.361246109008789,0.9296138286590576,197184
1995-03-09,2.31256103515625,2.31256103515625,2.239532947540283,2.239532947540283,0.8816959261894226,159185
1995-03-10,2.2638750076293945,2.422102928161621,2.2638750076293945,2.3977599143981934,0.9439892768859863,503230
1995-03-13,2.5803310871124268,2.5803310871124268,2.555988073348999,2.568160057067871,1.0110749006271362,119132
1995-03-14,2.6046741008758545,2.8481009006500244,2.6046741008758545,2.8481009006500244,1.121287226676941,487825
1995-03-15,2.835930109024048,2.8481009006500244,2.750730037689209,2.762902021408081,1.0877447128295898,537121
1995-03-16,2.7263879776000977,2.823759078979492,2.7142159938812256,2.823759078979492,1.111703634262085,212589
1995-03-17,2.823759078979492,2.8602728843688965,2.823759078979492,2.8602728843688965,1.1260786056518555,153023
1995-03-20,2.8481009006500244,2.872443914413452,2.8481009006500244,2.872443914413452,1.1308704614639282,141726
1995-03-21,2.8602728843688965,2.884614944458008,2.8602728843688965,2.872443914413452,1.1308704614639282,95511
1995-03-22,2.89678692817688,2.945472002029419,2.89678692817688,2.945472002029419,1.159621000289917,219778
1995-03-23,2.945472002029419,2.945472002029419,2.945472002029419,2.945472002029419,1.159621000289917,220805
1995-03-24,2.945472002029419,2.9941580295562744,2.945472002029419,2.9941580295562744,1.1787892580032349,516581
1995-03-27,2.9941580295562744,3.0550150871276855,2.9941580295562744,3.0185000896453857,1.1883723735809326,244426
1995-03-28,3.0185000896453857,3.0185000896453857,2.9941580295562744,3.00632905960083,1.1835806369781494,309127
1995-03-29,2.9941580295562744,2.9941580295562744,2.9819860458374023,2.9941580295562744,1.1787892580032349,36972
1995-03-30,2.9941580295562744,2.9941580295562744,2.9941580295562744,2.9941580295562744,1.1787892580032349,22594
1995-03-31,2.9698150157928467,2.9698150157928467,2.9211299419403076,2.9211299419403076,1.1500381231307983,117078
1995-04-03,2.9211299419403076,2.9211299419403076,2.89678692817688,2.9089579582214355,1.145246148109436,122213
1995-04-04,2.9211299419403076,2.9211299419403076,2.9211299419403076,2.9211299419403076,1.1500381231307983,87295
1995-04-05,2.9333009719848633,2.9819860458374023,2.9333009719848633,2.9819860458374023,1.173997163772583,26702
1995-04-06,2.9941580295562744,3.0550150871276855,2.9941580295562744,3.030672073364258,1.1931639909744263,421070
1995-04-07,3.0428431034088135,3.0428431034088135,3.00632905960083,3.00632905960083,1.1835806369781494,322478
1995-04-10,3.0185000896453857,3.0185000896453857,2.9698150157928467,2.9698150157928467,1.1692051887512207,72917
1995-04-11,2.9819860458374023,2.9819860458374023,2.945472002029419,2.945472002029419,1.159621000289917,396422
1995-04-12,2.945472002029419,2.9941580295562744,2.945472002029419,2.9941580295562744,1.1787892580032349,78052
1995-04-13,2.9819860458374023,2.9819860458374023,2.9698150157928467,2.9819860458374023,1.173997163772583,88322
1995-04-17,2.9698150157928467,2.9941580295562744,2.9698150157928467,2.9941580295562744,1.1787892580032349,33891
1995-04-18,2.9819860458374023,3.030672073364258,2.9819860458374023,3.030672073364258,1.1931639909744263,46215
1995-04-19,3.0428431034088135,3.067186117172241,3.0428431034088135,3.0550150871276855,1.2027479410171509,303992
1995-04-20,3.0550150871276855,3.09152889251709,3.0550150871276855,3.0793569087982178,1.2123312950134277,239291
1995-04-21,3.09152889251709,3.140213966369629,3.09152889251709,3.115870952606201,1.2267069816589355,1918436
1995-04-24,3.1036999225616455,3.1645569801330566,3.1036999225616455,3.1645569801330566,1.2458741664886475,1135862
1995-04-25,3.1645569801330566,3.2254140377044678,3.1645569801330566,3.2132420539855957,1.265041470527649,18746858
1995-04-26,3.2375850677490234,3.3592989444732666,3.2375850677490234,3.334955930709839,1.312959909439087,26174122
1995-04-27,3.286271095275879,3.4079840183258057,3.286271095275879,3.3836419582366943,1.354390263557434,657280
1995-04-28,3.39581298828125,3.456670045852661,3.3836419582366943,3.39581298828125,1.3592625856399536,675766
1995-05-01,3.3836419582366943,3.3836419582366943,3.3836419582366943,3.3836419582366943,1.354390263557434,10270
1995-05-02,3.3836419582366943,3.3836419582366943,3.3836419582366943,3.3836419582366943,1.354390263557434,1122511
1995-05-03,3.3836419582366943,3.4931840896606445,3.3836419582366943,3.4931840896606445,1.3982375860214233,11160409
1995-05-04,3.505354881286621,3.6270689964294434,3.505354881286621,3.59055495262146,1.4372130632400513,968461
1995-05-05,3.59055495262146,3.6270689964294434,3.5540409088134766,3.6027259826660156,1.442084550857544,1268345
1995-05-08,3.6027259826660156,3.7974679470062256,3.6027259826660156,3.7974679470062256,1.5200355052947998,848302
1995-05-09,3.8096399307250977,3.919182062149048,3.7366108894348145,3.7487831115722656,1.5005478858947754,459069
1995-05-10,3.7731258869171143,3.8218109607696533,3.760953903198242,3.8218109607696533,1.5297797918319702,437502
1995-05-11,3.8096399307250977,3.9678680896759033,3.8096399307250977,3.919182062149048,1.56875479221344,896571
1995-05-12,3.89483904838562,3.9313530921936035,3.846153974533081,3.919182062149048,1.56875479221344,761007
1995-05-15,3.9435250759124756,3.9922099113464355,3.919182062149048,3.919182062149048,1.56875479221344,371774
1995-05-16,3.919182062149048,3.919182062149048,3.870496988296509,3.870496988296509,1.5492675304412842,82160
1995-05-17,3.8826680183410645,3.907011032104492,3.870496988296509,3.89483904838562,1.5590101480484009,410800
1995-05-18,3.9435250759124756,3.98003888130188,3.8583250045776367,3.8583250045776367,1.544394850730896,261885
1995-05-19,3.8583250045776367,3.8826680183410645,3.8218109607696533,3.8218109607696533,1.5297797918319702,149942
1995-05-22,3.8096399307250977,3.8218109607696533,3.7974679470062256,3.7974679470062256,1.5200355052947998,96538
1995-05-23,3.8218109607696533,3.833981990814209,3.8218109607696533,3.833981990814209,1.5346516370773315,192049
1995-05-24,3.8218109607696533,4.016552925109863,3.8218109607696533,4.004382133483887,1.6028586626052856,585390
1995-05-25,3.9922099113464355,3.9922099113464355,3.9556961059570312,3.9556961059570312,1.5833708047866821,42107
1995-05-26,3.98003888130188,3.9922099113464355,3.9435250759124756,3.9556961059570312,1.5833708047866821,439556
1995-05-30,3.98003888130188,4.053067207336426,3.98003888130188,4.040895938873291,1.61747407913208,225940
1995-05-31,4.028724193572998,4.028724193572998,3.9922099113464355,4.016552925109863,1.6077299118041992,233129
1995-06-01,4.016552925109863,4.08958101272583,4.016552925109863,4.08958101272583,1.6369613409042358,183833
1995-06-02,4.101753234863281,4.186952114105225,4.101753234863281,4.126094818115234,1.6515769958496094,209508
1995-06-05,4.126094818115234,4.284323215484619,4.126094818115234,4.284323215484619,1.714911699295044,518635
1995-06-06,4.296494960784912,4.503407955169678,4.296494960784912,4.393866062164307,1.758758783340454,1014676
1995-06-07,4.369523048400879,4.369523048400879,4.23563814163208,4.308666229248047,1.7246555089950562,712738
1995-06-08,4.296494960784912,4.296494960784912,4.259981155395508,4.259981155395508,1.7051684856414795,141726
1995-06-09,4.259981155395508,4.284323215484619,4.211295127868652,4.284323215484619,1.714911699295044,753818
1995-06-12,4.272151947021484,4.272151947021484,4.272151947021484,4.272151947021484,1.7100406885147095,37999
1995-06-13,4.247808933258057,4.259981155395508,4.23563814163208,4.259981155395508,1.7051684856414795,745602
1995-06-14,4.259981155395508,4.259981155395508,4.247808933258057,4.259981155395508,1.7051684856414795,30810
1995-06-15,4.259981155395508,4.259981155395508,4.259981155395508,4.259981155395508,1.7051684856414795,12324
1995-06-16,4.259981155395508,4.259981155395508,4.211295127868652,4.211295127868652,1.685680627822876,155077
1995-06-19,4.211295127868652,4.211295127868652,4.150437831878662,4.150437831878662,1.6613211631774902,154050
1995-06-20,4.150437831878662,4.17478084564209,4.101753234863281,4.101753234863281,1.6418331861495972,284479
1995-06-21,4.08958101272583,4.101753234863281,4.0774102210998535,4.101753234863281,1.6418331861495972,319397
1995-06-22,4.126094818115234,4.259981155395508,4.126094818115234,4.223465919494629,1.6905523538589478,786682
1995-06-23,4.223465919494629,4.23563814163208,4.223465919494629,4.23563814163208,1.6954246759414673,21567
1995-06-26,4.247808933258057,4.259981155395508,4.186952114105225,4.186952114105225,1.6759368181228638,198211
1995-06-27,4.211295127868652,4.284323215484619,4.211295127868652,4.284323215484619,1.714911699295044,110916
1995-06-28,4.259981155395508,4.406036853790283,4.259981155395508,4.393866062164307,1.758758783340454,141726
1995-06-29,4.406036853790283,4.418208122253418,4.406036853790283,4.418208122253418,1.7685027122497559,20540
1995-06-30,4.430379867553711,4.6251220703125,4.430379867553711,4.600779056549072,1.841582179069519,318370
1995-07-03,4.612949848175049,4.746835231781006,4.612949848175049,4.734663963317871,1.8951722383499146,442637
1995-07-05,4.673807144165039,4.771177768707275,4.637292861938477,4.734663963317871,1.8951722383499146,409773
1995-07-06,4.771177768707275,4.856378078460693,4.759006977081299,4.856378078460693,1.9438912868499756,521716
1995-07-07,4.844205856323242,4.86854887008667,4.710320949554443,4.7224931716918945,1.8903005123138428,999271
1995-07-10,4.698150157928467,4.734663963317871,4.698150157928467,4.710320949554443,1.8854289054870605,1019811
1995-07-11,4.698150157928467,4.807692050933838,4.685978889465332,4.771177768707275,1.9097877740859985,564850
1995-07-12,4.759006977081299,4.759006977081299,4.734663963317871,4.734663963317871,1.8951722383499146,112970
1995-07-13,4.734663963317871,4.734663963317871,4.734663963317871,4.734663963317871,1.8951722383499146,0
1995-07-14,4.710320949554443,4.710320949554443,4.698150157928467,4.698150157928467,1.8805568218231201,47242
1995-07-17,4.673807144165039,4.673807144165039,4.649464130401611,4.649464130401611,1.8610682487487793,90376
1995-07-18,4.6251220703125,4.6251220703125,4.5886077880859375,4.5886077880859375,1.8367093801498413,427232
1995-07-19,4.5764360427856445,4.5764360427856445,4.369523048400879,4.466894149780273,1.7879910469055176,731224
1995-07-20,4.466894149780273,4.466894149780273,4.454721927642822,4.454721927642822,1.7831190824508667,25675
1995-07-21,4.442551136016846,4.454721927642822,4.393866062164307,4.406036853790283,1.763630986213684,306046
1995-07-24,4.393866062164307,4.393866062164307,4.3816938400268555,4.3816938400268555,1.753887414932251,51350
1995-07-25,4.357351779937744,4.406036853790283,4.308666229248047,4.406036853790283,1.763630986213684,496041
1995-07-26,4.430379867553711,4.56426477432251,4.430379867553711,4.5277509689331055,1.8123501539230347,368693
1995-07-27,4.5155792236328125,4.552093029022217,4.503407955169678,4.503407955169678,1.8026071786880493,154050
1995-07-28,4.47906494140625,4.47906494140625,4.454721927642822,4.454721927642822,1.7831190824508667,54431
1995-07-31,4.454721927642822,4.454721927642822,4.357351779937744,4.3816938400268555,1.753887414932251,285506
1995-08-01,4.406036853790283,4.430379867553711,4.3816938400268555,4.3816938400268555,1.753887414932251,148915
1995-08-02,4.393866062164307,4.466894149780273,4.393866062164307,4.466894149780273,1.7879910469055176,195130
1995-08-03,4.454721927642822,4.47906494140625,4.430379867553711,4.47906494140625,1.7928630113601685,412854
1995-08-04,4.454721927642822,4.454721927642822,4.3816938400268555,4.393866062164307,1.758758783340454,148915
1995-08-07,4.3816938400268555,4.3816938400268555,4.3816938400268555,4.3816938400268555,1.753887414932251,141726
1995-08-08,4.406036853790283,4.406036853790283,4.393866062164307,4.406036853790283,1.763630986213684,202319
1995-08-09,4.3816938400268555,4.3816938400268555,4.308666229248047,4.333008766174316,1.7343993186950684,171509
1995-08-10,4.211295127868652,4.211295127868652,4.101753234863281,4.1382670402526855,1.6564491987228394,1388504
1995-08-11,4.126094818115234,4.1382670402526855,4.113924026489258,4.126094818115234,1.6515769958496094,174590
1995-08-14,4.126094818115234,4.247808933258057,4.126094818115234,4.247808933258057,1.7002966403961182,272155
1995-08-15,4.259981155395508,4.272151947021484,4.259981155395508,4.272151947021484,1.7100406885147095,15405
1995-08-16,4.284323215484619,4.430379867553711,4.284323215484619,4.430379867553711,1.7733752727508545,531986
1995-08-17,4.442551136016846,4.5277509689331055,4.442551136016846,4.5277509689331055,1.8123501539230347,234156
1995-08-18,4.552093029022217,4.698150157928467,4.552093029022217,4.698150157928467,1.8805568218231201,106808
1995-08-21,4.698150157928467,4.746835231781006,4.698150157928467,4.698150157928467,1.8805568218231201,363558
1995-08-22,4.673807144165039,4.673807144165039,4.661635875701904,4.661635875701904,1.8659420013427734,21567
1995-08-23,4.649464130401611,4.649464130401611,4.649464130401611,4.649464130401611,1.8610682487487793,5135
1995-08-24,4.637292861938477,4.637292861938477,4.5155792236328125,4.5155792236328125,1.8074779510498047,131456
1995-08-25,4.5277509689331055,4.56426477432251,4.5277509689331055,4.552093029022217,1.8220934867858887,59566
1995-08-28,4.5277509689331055,4.5277509689331055,4.5155792236328125,4.5155792236328125,1.8074779510498047,25675
1995-08-29,4.5155792236328125,4.5155792236328125,4.5155792236328125,4.5155792236328125,1.8074779510498047,30810
1995-08-30,4.5277509689331055,4.5277509689331055,4.454721927642822,4.454721927642822,1.7831190824508667,208481
1995-08-31,4.47906494140625,4.56426477432251,4.47906494140625,4.5277509689331055,1.8123501539230347,686036
1995-09-01,4.5277509689331055,4.552093029022217,4.5277509689331055,4.5277509689331055,1.8123501539230347,214643
1995-09-05,4.5764360427856445,4.612949848175049,4.5764360427856445,4.5886077880859375,1.8367093801498413,346099
1995-09-06,4.5764360427856445,4.612949848175049,4.5764360427856445,4.600779056549072,1.841582179069519,136591
1995-09-07,4.5886077880859375,4.710320949554443,4.5886077880859375,4.710320949554443,1.8854289054870605,144807
1995-09-08,4.734663963317871,4.734663963317871,4.649464130401611,4.649464130401611,1.8610682487487793,368693
1995-09-11,4.649464130401611,4.649464130401611,4.649464130401611,4.649464130401611,1.8610682487487793,0
1995-09-12,4.6251220703125,4.6251220703125,4.612949848175049,4.612949848175049,1.8464529514312744,49296
1995-09-13,4.612949848175049,4.612949848175049,4.612949848175049,4.612949848175049,1.8464529514312744,41080
1995-09-14,4.6251220703125,4.6251220703125,4.56426477432251,4.56426477432251,1.8269656896591187,147888
1995-09-15,4.56426477432251,4.612949848175049,4.56426477432251,4.600779056549072,1.841582179069519,77025
1995-09-18,4.600779056549072,4.600779056549072,4.600779056549072,4.600779056549072,1.841582179069519,20540
1995-09-19,4.5886077880859375,4.5886077880859375,4.56426477432251,4.5764360427856445,1.8318376541137695,36972
1995-09-20,4.5764360427856445,4.5764360427856445,4.5764360427856445,4.5764360427856445,1.8318376541137695,46215
1995-09-21,4.552093029022217,4.56426477432251,4.5277509689331055,4.53992223739624,1.8172224760055542,374855
1995-09-22,4.5277509689331055,4.5277509689331055,4.47906494140625,4.47906494140625,1.7928630113601685,252642
1995-09-25,4.466894149780273,4.466894149780273,4.466894149780273,4.466894149780273,1.7879910469055176,15405
1995-09-26,4.442551136016846,4.442551136016846,4.3816938400268555,4.3816938400268555,1.753887414932251,40053
1995-09-27,4.357351779937744,4.357351779937744,4.296494960784912,4.296494960784912,1.719783902168274,169455
1995-09-28,4.308666229248047,4.320837020874023,4.284323215484619,4.284323215484619,1.714911699295044,792844
1995-09-29,4.296494960784912,4.308666229248047,4.259981155395508,4.259981155395508,1.7051684856414795,67782
1995-10-02,4.272151947021484,4.284323215484619,4.272151947021484,4.284323215484619,1.714911699295044,43134
1995-10-03,4.247808933258057,4.247808933258057,4.162610054016113,4.162610054016113,1.666192889213562,81133
1995-10-04,4.1382670402526855,4.1382670402526855,4.040895938873291,4.040895938873291,1.61747407913208,1167699
1995-10-05,4.040895938873291,4.113924026489258,4.028724193572998,4.113924026489258,1.6467053890228271,856518
1995-10-06,4.113924026489258,4.272151947021484,4.113924026489258,4.211295127868652,1.685680627822876,749710
1995-10-09,4.211295127868652,4.272151947021484,4.211295127868652,4.247808933258057,1.7002966403961182,229021
1995-10-10,4.23563814163208,4.23563814163208,4.186952114105225,4.223465919494629,1.6905523538589478,634686
1995-10-11,4.23563814163208,4.259981155395508,4.211295127868652,4.23563814163208,1.6954246759414673,971542
1995-10-12,4.23563814163208,4.23563814163208,4.223465919494629,4.223465919494629,1.6905523538589478,176644
1995-10-13,4.23563814163208,4.308666229248047,4.23563814163208,4.259981155395508,1.7051684856414795,286533
1995-10-16,4.345180034637451,4.430379867553711,4.345180034637451,4.3816938400268555,1.753887414932251,265993
1995-10-17,4.406036853790283,4.430379867553711,4.357351779937744,4.357351779937744,1.7441436052322388,206427
1995-10-18,4.369523048400879,4.369523048400879,4.357351779937744,4.357351779937744,1.7441436052322388,6162
1995-10-19,4.259981155395508,4.284323215484619,4.259981155395508,4.284323215484619,1.714911699295044,234156
1995-10-20,4.284323215484619,4.296494960784912,4.284323215484619,4.296494960784912,1.719783902168274,118105
1995-10-23,4.296494960784912,4.357351779937744,4.272151947021484,4.357351779937744,1.7441436052322388,617227
1995-10-24,4.333008766174316,4.357351779937744,4.320837020874023,4.320837020874023,1.7295275926589966,197184
1995-10-25,4.308666229248047,4.308666229248047,4.272151947021484,4.284323215484619,1.714911699295044,348153
1995-10-26,4.259981155395508,4.259981155395508,4.211295127868652,4.211295127868652,1.685680627822876,56485
1995-10-27,4.211295127868652,4.23563814163208,4.211295127868652,4.23563814163208,1.6954246759414673,498095
1995-10-30,4.308666229248047,4.308666229248047,4.259981155395508,4.259981155395508,1.7051684856414795,50323
1995-10-31,4.23563814163208,4.23563814163208,4.223465919494629,4.223465919494629,1.6905523538589478,3081
1995-11-01,4.186952114105225,4.186952114105225,4.1382670402526855,4.162610054016113,1.666192889213562,218751
1995-11-02,4.1382670402526855,4.162610054016113,4.113924026489258,4.162610054016113,1.666192889213562,358423
1995-11-03,4.162610054016113,4.162610054016113,4.150437831878662,4.150437831878662,1.6613211631774902,133510
1995-11-06,4.1382670402526855,4.150437831878662,4.126094818115234,4.1382670402526855,1.6564491987228394,61620
1995-11-07,4.113924026489258,4.113924026489258,4.113924026489258,4.113924026489258,1.6467053890228271,49296
1995-11-08,4.113924026489258,4.126094818115234,4.101753234863281,4.113924026489258,1.6467053890228271,194103
1995-11-09,4.126094818115234,4.126094818115234,4.08958101272583,4.08958101272583,1.6369613409042358,102700
1995-11-10,4.065238952636719,4.065238952636719,4.053067207336426,4.053067207336426,1.6223458051681519,93457
1995-11-13,4.040895938873291,4.040895938873291,4.040895938873291,4.040895938873291,1.6217594146728516,269074
1995-11-14,4.053067207336426,4.113924026489258,4.053067207336426,4.113924026489258,1.6510684490203857,223886
1995-11-15,4.150437831878662,4.17478084564209,4.150437831878662,4.17478084564209,1.675492525100708,79079
1995-11-16,4.17478084564209,4.17478084564209,4.17478084564209,4.17478084564209,1.675492525100708,16432
1995-11-17,4.186952114105225,4.199123859405518,4.186952114105225,4.199123859405518,1.6852627992630005,381017
1995-11-20,4.186952114105225,4.186952114105225,4.17478084564209,4.17478084564209,1.675492525100708,41080
1995-11-21,4.1382670402526855,4.150437831878662,4.1382670402526855,4.150437831878662,1.6657233238220215,1056783
1995-11-22,4.150437831878662,4.162610054016113,4.150437831878662,4.162610054016113,1.6706081628799438,500149
1995-11-24,4.162610054016113,4.162610054016113,4.162610054016113,4.162610054016113,1.6706081628799438,0
1995-11-27,4.186952114105225,4.211295127868652,4.186952114105225,4.211295127868652,1.690147042274475,94484
1995-11-28,4.199123859405518,4.199123859405518,4.199123859405518,4.199123859405518,1.6852627992630005,18486
1995-11-29,4.223465919494629,4.223465919494629,4.223465919494629,4.223465919494629,1.6950314044952393,5135
1995-11-30,4.23563814163208,4.296494960784912,4.23563814163208,4.284323215484619,1.7194560766220093,108862
1995-12-01,4.284323215484619,4.393866062164307,4.284323215484619,4.3816938400268555,1.7585344314575195,408746
1995-12-04,4.3816938400268555,4.503407955169678,4.3816938400268555,4.466894149780273,1.7927281856536865,630578
1995-12-05,4.466894149780273,4.466894149780273,4.308666229248047,4.308666229248047,1.729225754737854,886301
1995-12-06,4.284323215484619,4.296494960784912,4.17478084564209,4.17478084564209,1.675492525100708,906841
1995-12-07,4.150437831878662,4.162610054016113,4.126094818115234,4.1382670402526855,1.6608384847640991,1334073
1995-12-08,4.040895938873291,4.1382670402526855,4.040895938873291,4.101753234863281,1.6461836099624634,5148351
1995-12-11,4.113924026489258,4.186952114105225,4.113924026489258,4.162610054016113,1.6706081628799438,1379261
1995-12-12,4.199123859405518,4.333008766174316,4.199123859405518,4.320837020874023,1.7341101169586182,1720225
1995-12-13,4.308666229248047,4.320837020874023,4.308666229248047,4.308666229248047,1.729225754737854,1056783
1995-12-14,4.308666229248047,4.3816938400268555,4.308666229248047,4.357351779937744,1.7487651109695435,772304
1995-12-15,4.357351779937744,4.503407955169678,4.357351779937744,4.466894149780273,1.7927281856536865,540202
1995-12-18,4.47906494140625,4.503407955169678,4.442551136016846,4.47906494140625,1.7976137399673462,440583
1995-12-19,4.466894149780273,4.466894149780273,4.418208122253418,4.454721927642822,1.7878432273864746,521716
1995-12-20,4.47906494140625,4.47906494140625,4.466894149780273,4.466894149780273,1.7927281856536865,132483
1995-12-21,4.47906494140625,4.552093029022217,4.466894149780273,4.5277509689331055,1.8171523809432983,133510
1995-12-22,4.552093029022217,4.600779056549072,4.552093029022217,4.56426477432251,1.831807017326355,167401
1995-12-26,4.53992223739624,4.53992223739624,4.5277509689331055,4.53992223739624,1.8220375776290894,29783
1995-12-27,4.5277509689331055,4.5277509689331055,4.503407955169678,4.5277509689331055,1.8171523809432983,320424
1995-12-28,4.600779056549072,4.612949848175049,4.552093029022217,4.5886077880859375,1.8415759801864624,1175915
1995-12-29,4.5886077880859375,4.5886077880859375,4.552093029022217,4.5764360427856445,1.8366907835006714,138645
1996-01-02,4.5764360427856445,4.649464130401611,4.5764360427856445,4.649464130401611,1.8659998178482056,713765
1996-01-03,4.673807144165039,4.698150157928467,4.661635875701904,4.673807144165039,1.8757704496383667,743548
1996-01-04,4.673807144165039,4.673807144165039,4.661635875701904,4.673807144165039,1.8757704496383667,297830
1996-01-05,4.649464130401611,4.661635875701904,4.649464130401611,4.661635875701904,1.8708856105804443,61620
1996-01-08,4.673807144165039,4.673807144165039,4.673807144165039,4.673807144165039,1.8757704496383667,5135
1996-01-09,4.685978889465332,4.710320949554443,4.673807144165039,4.685978889465332,1.8806557655334473,685009
1996-01-10,4.637292861938477,4.685978889465332,4.637292861938477,4.673807144165039,1.8757704496383667,348153
1996-01-11,4.698150157928467,4.795520782470703,4.698150157928467,4.783349990844727,1.9197336435317993,975650
1996-01-12,4.807692050933838,4.832035064697266,4.783349990844727,4.819863796234131,1.9343878030776978,166374
1996-01-15,4.86854887008667,4.9659199714660645,4.86854887008667,4.9659199714660645,1.9930051565170288,437502
1996-01-16,4.990262985229492,5.051119804382324,4.990262985229492,5.038948059082031,2.0223147869110107,388206
1996-01-17,5.063291072845459,5.124147891998291,5.051119804382324,5.087634086608887,2.041853666305542,441610
1996-01-18,5.136319160461426,5.1606621742248535,5.087634086608887,5.099804878234863,2.046738624572754,1131754
1996-01-19,5.1119771003723145,5.136319160461426,5.1119771003723145,5.124147891998291,2.0565083026885986,73944
1996-01-22,5.124147891998291,5.124147891998291,5.063291072845459,5.063291072845459,2.032083749771118,256750
1996-01-23,5.063291072845459,5.063291072845459,4.917234897613525,5.002433776855469,2.0076608657836914,1641146
1996-01-24,5.002433776855469,5.063291072845459,5.002433776855469,5.063291072845459,2.032083749771118,223886
1996-01-25,5.051119804382324,5.051119804382324,5.01460599899292,5.0267767906188965,2.0174293518066406,106808
1996-01-26,5.01460599899292,5.038948059082031,4.86854887008667,4.86854887008667,1.9539270401000977,444691
1996-01-29,4.844205856323242,4.844205856323242,4.783349990844727,4.844205856323242,1.944157361984253,515554
1996-01-30,4.832035064697266,4.832035064697266,4.819863796234131,4.819863796234131,1.9343878030776978,185887
1996-01-31,4.819863796234131,4.832035064697266,4.819863796234131,4.832035064697266,1.9392726421356201,241345
1996-02-01,4.880721092224121,4.978092193603516,4.86854887008667,4.9659199714660645,1.9930051565170288,484744
1996-02-02,5.01460599899292,5.087634086608887,5.01460599899292,5.087634086608887,2.041853666305542,260858
1996-02-05,5.1119771003723145,5.1119771003723145,5.038948059082031,5.038948059082031,2.0223147869110107,180752
1996-02-06,5.038948059082031,5.063291072845459,5.038948059082031,5.063291072845459,2.032083749771118,283452
1996-02-07,5.087634086608887,5.087634086608887,5.038948059082031,5.051119804382324,2.0271987915039062,36972
1996-02-08,5.063291072845459,5.087634086608887,5.038948059082031,5.038948059082031,2.0223147869110107,406692
1996-02-09,5.01460599899292,5.038948059082031,5.01460599899292,5.038948059082031,2.0223147869110107,68809
1996-02-12,5.038948059082031,5.063291072845459,5.01460599899292,5.01460599899292,2.012544631958008,116051
1996-02-13,4.990262985229492,5.01460599899292,4.990262985229492,5.01460599899292,2.012544631958008,12324
1996-02-14,5.01460599899292,5.038948059082031,5.01460599899292,5.038948059082031,2.0223147869110107,74971
1996-02-15,5.0267767906188965,5.0267767906188965,4.978092193603516,4.978092193603516,1.9978901147842407,17459
1996-02-16,5.01460599899292,5.01460599899292,4.917234897613525,4.941576957702637,1.9832358360290527,69836
1996-02-20,4.953749179840088,4.953749179840088,4.941576957702637,4.953749179840088,1.9881207942962646,62647
1996-02-21,4.9659199714660645,5.136319160461426,4.9659199714660645,5.136319160461426,2.0613932609558105,98592
1996-02-22,5.1119771003723145,5.136319160461426,5.1119771003723145,5.1119771003723145,2.0516247749328613,271128
1996-02-23,5.1119771003723145,5.148490905761719,5.1119771003723145,5.148490905761719,2.0662777423858643,106808
1996-02-26,5.148490905761719,5.148490905761719,5.124147891998291,5.136319160461426,2.0613932609558105,199238
1996-02-27,5.136319160461426,5.136319160461426,5.124147891998291,5.136319160461426,2.0613932609558105,325559
1996-02-28,5.136319160461426,5.136319160461426,4.9659199714660645,4.9659199714660645,1.9930051565170288,411827
1996-02-29,4.9659199714660645,4.978092193603516,4.92940616607666,4.941576957702637,1.9832358360290527,265993
1996-03-01,4.9659199714660645,4.9659199714660645,4.92940616607666,4.92940616607666,1.9783514738082886,191022
1996-03-04,4.917234897613525,4.941576957702637,4.917234897613525,4.941576957702637,1.9832358360290527,28756
1996-03-05,4.917234897613525,4.9659199714660645,4.917234897613525,4.9659199714660645,1.9930051565170288,26702
1996-03-06,4.990262985229492,5.0267767906188965,4.990262985229492,5.01460599899292,2.012544631958008,150969
1996-03-07,4.990262985229492,4.990262985229492,4.953749179840088,4.990262985229492,2.0027759075164795,45188
1996-03-08,4.9659199714660645,4.9659199714660645,4.880721092224121,4.880721092224121,1.9588127136230469,80106
1996-03-11,4.819863796234131,4.844205856323242,4.795520782470703,4.819863796234131,1.9343878030776978,582309
1996-03-12,4.807692050933838,4.86854887008667,4.795520782470703,4.819863796234131,1.9343878030776978,520689
1996-03-13,4.819863796234131,4.856378078460693,4.819863796234131,4.844205856323242,1.944157361984253,556634
1996-03-14,4.856378078460693,4.905063152313232,4.856378078460693,4.86854887008667,1.9539270401000977,885274
1996-03-15,4.892891883850098,4.892891883850098,4.844205856323242,4.86854887008667,1.9539270401000977,222859
1996-03-18,4.880721092224121,4.880721092224121,4.856378078460693,4.856378078460693,1.9490423202514648,72917
1996-03-19,4.892891883850098,4.892891883850098,4.86854887008667,4.880721092224121,1.9588127136230469,128375
1996-03-20,4.892891883850098,4.92940616607666,4.844205856323242,4.917234897613525,1.9734667539596558,174590
1996-03-21,4.917234897613525,4.9659199714660645,4.905063152313232,4.953749179840088,1.9881207942962646,97565
1996-03-22,4.953749179840088,4.9659199714660645,4.953749179840088,4.9659199714660645,1.9930051565170288,4108
1996-03-25,4.953749179840088,4.953749179840088,4.953749179840088,4.953749179840088,1.9881207942962646,20540
1996-03-26,4.953749179840088,4.9659199714660645,4.953749179840088,4.9659199714660645,1.9930051565170288,57512
1996-03-27,4.941576957702637,4.941576957702637,4.917234897613525,4.92940616607666,1.9783514738082886,33891
1996-03-28,4.917234897613525,4.990262985229492,4.917234897613525,4.978092193603516,1.9978901147842407,42107
1996-03-29,5.01460599899292,5.087634086608887,5.01460599899292,5.087634086608887,2.041853666305542,618254
1996-04-01,5.1119771003723145,5.136319160461426,5.087634086608887,5.087634086608887,2.041853666305542,221832
1996-04-02,5.075462818145752,5.124147891998291,5.063291072845459,5.1119771003723145,2.0516247749328613,208481
1996-04-03,5.124147891998291,5.124147891998291,5.087634086608887,5.087634086608887,2.041853666305542,156104
1996-04-04,5.087634086608887,5.087634086608887,5.087634086608887,5.087634086608887,2.041853666305542,0
1996-04-08,5.087634086608887,5.087634086608887,5.038948059082031,5.063291072845459,2.032083749771118,258804
1996-04-09,5.063291072845459,5.063291072845459,5.063291072845459,5.063291072845459,2.032083749771118,0
1996-04-10,5.01460599899292,5.063291072845459,4.9659199714660645,5.063291072845459,2.032083749771118,313235
1996-04-11,5.087634086608887,5.1119771003723145,5.051119804382324,5.051119804382324,2.0271987915039062,243399
1996-04-12,5.063291072845459,5.1119771003723145,5.063291072845459,5.087634086608887,2.041853666305542,67782
1996-04-15,5.1119771003723145,5.136319160461426,5.1119771003723145,5.1119771003723145,2.0516247749328613,138645
1996-04-16,5.1119771003723145,5.1119771003723145,5.1119771003723145,5.1119771003723145,2.0516247749328613,0
1996-04-17,5.1606621742248535,5.245862007141113,5.1606621742248535,5.245862007141113,2.105356216430664,198211
1996-04-18,5.25803279876709,5.282375812530518,5.245862007141113,5.245862007141113,2.105356216430664,429286
1996-04-19,5.25803279876709,5.31889009475708,5.25803279876709,5.31889009475708,2.1346657276153564,57512
1996-04-22,5.355403900146484,5.416261196136475,5.355403900146484,5.40408992767334,2.1688594818115234,991055
1996-04-23,5.40408992767334,5.40408992767334,5.367575168609619,5.367575168609619,2.1542046070098877,29783
1996-04-24,5.355403900146484,5.367575168609619,5.343233108520508,5.343233108520508,2.1444356441497803,25675
1996-04-25,5.31889009475708,5.331060886383057,5.306718826293945,5.31889009475708,2.1346657276153564,121186
1996-04-26,5.209348201751709,5.294547080993652,5.17283296585083,5.270204067230225,2.1482388973236084,30256447
1996-04-29,5.245862007141113,5.270204067230225,5.245862007141113,5.25803279876709,2.143277645111084,432367
1996-04-30,5.185005187988281,5.245862007141113,5.185005187988281,5.209348201751709,2.123434066772461,240318
1996-05-01,5.185005187988281,5.233689785003662,5.185005187988281,5.209348201751709,2.123434066772461,253669
1996-05-02,5.209348201751709,5.209348201751709,5.197175979614258,5.209348201751709,2.123434066772461,154050
1996-05-03,5.197175979614258,5.233689785003662,5.197175979614258,5.209348201751709,2.123434066772461,683982
1996-05-06,5.197175979614258,5.197175979614258,5.17283296585083,5.17283296585083,2.108549118041992,162266
1996-05-07,5.185005187988281,5.185005187988281,5.1606621742248535,5.185005187988281,2.1135106086730957,502203
1996-05-08,5.185005187988281,5.185005187988281,5.17283296585083,5.185005187988281,2.1135106086730957,39026
1996-05-09,5.197175979614258,5.197175979614258,5.185005187988281,5.185005187988281,2.1135106086730957,354315
1996-05-10,5.197175979614258,5.197175979614258,5.185005187988281,5.185005187988281,2.1135106086730957,139672
1996-05-13,5.185005187988281,5.185005187988281,5.038948059082031,5.099804878234863,2.078780174255371,140699
1996-05-14,5.087634086608887,5.1119771003723145,5.087634086608887,5.1119771003723145,2.083743095397949,131456
1996-05-15,5.087634086608887,5.1119771003723145,5.087634086608887,5.1119771003723145,2.083743095397949,40053
1996-05-16,5.099804878234863,5.099804878234863,5.0267767906188965,5.0267767906188965,2.049013614654541,116051
1996-05-17,4.990262985229492,4.990262985229492,4.978092193603516,4.978092193603516,2.0291688442230225,51350
1996-05-20,4.990262985229492,5.01460599899292,4.990262985229492,5.002433776855469,2.0390915870666504,19513
1996-05-21,5.01460599899292,5.0267767906188965,5.002433776855469,5.0267767906188965,2.049013614654541,1678118
1996-05-22,5.002433776855469,5.002433776855469,4.9659199714660645,4.9659199714660645,2.0242066383361816,122213
1996-05-23,4.9659199714660645,4.990262985229492,4.9659199714660645,4.9659199714660645,2.0242066383361816,106808
1996-05-24,4.978092193603516,5.01460599899292,4.978092193603516,4.990262985229492,2.034130096435547,51350
1996-05-28,5.01460599899292,5.01460599899292,4.917234897613525,4.92940616607666,2.0093235969543457,103727
1996-05-29,4.92940616607666,5.002433776855469,4.92940616607666,5.002433776855469,2.0390915870666504,196157
1996-05-30,4.990262985229492,4.990262985229492,4.990262985229492,4.990262985229492,2.034130096435547,220805
1996-05-31,5.01460599899292,5.063291072845459,5.01460599899292,5.038948059082031,2.0539743900299072,470366
1996-06-03,5.038948059082031,5.063291072845459,5.01460599899292,5.0267767906188965,2.049013614654541,287560
1996-06-04,5.01460599899292,5.01460599899292,4.92940616607666,4.92940616607666,2.0093235969543457,153023
1996-06-05,4.941576957702637,4.9659199714660645,4.92940616607666,4.941576957702637,2.0142836570739746,222859
1996-06-06,4.990262985229492,5.01460599899292,4.990262985229492,5.01460599899292,2.0440514087677,306046
1996-06-07,5.01460599899292,5.01460599899292,5.002433776855469,5.01460599899292,2.0440514087677,220805
1996-06-10,5.038948059082031,5.075462818145752,5.0267767906188965,5.075462818145752,2.0688583850860596,139672
1996-06-11,5.063291072845459,5.136319160461426,5.063291072845459,5.124147891998291,2.0887043476104736,8421400
1996-06-12,5.136319160461426,5.2215189933776855,5.136319160461426,5.2215189933776855,2.12839412689209,225940
1996-06-13,5.282375812530518,5.40408992767334,5.282375812530518,5.355403900146484,2.1829686164855957,1053702
1996-06-14,5.367575168609619,5.367575168609619,5.343233108520508,5.343233108520508,2.1780080795288086,111943
1996-06-17,5.331060886383057,5.331060886383057,5.282375812530518,5.282375812530518,2.15320086479187,129402
1996-06-18,5.270204067230225,5.294547080993652,5.25803279876709,5.25803279876709,2.143277645111084,235183
1996-06-19,5.25803279876709,5.25803279876709,5.233689785003662,5.233689785003662,2.1333556175231934,200265
1996-06-20,5.233689785003662,5.233689785003662,5.2215189933776855,5.2215189933776855,2.12839412689209,65728
1996-06-21,5.245862007141113,5.25803279876709,5.245862007141113,5.25803279876709,2.143277645111084,18486
1996-06-24,5.25803279876709,5.25803279876709,5.25803279876709,5.25803279876709,2.143277645111084,25675
1996-06-25,5.233689785003662,5.233689785003662,5.209348201751709,5.209348201751709,2.123434066772461,29783
1996-06-26,5.209348201751709,5.2215189933776855,5.209348201751709,5.2215189933776855,2.12839412689209,66755
1996-06-27,5.2215189933776855,5.2215189933776855,5.2215189933776855,5.2215189933776855,2.12839412689209,74971
1996-06-28,5.245862007141113,5.282375812530518,5.233689785003662,5.282375812530518,2.15320086479187,117078
1996-07-01,5.282375812530518,5.331060886383057,5.282375812530518,5.331060886383057,2.1730456352233887,92430
1996-07-02,5.343233108520508,5.452775001525879,5.331060886383057,5.331060886383057,2.1730456352233887,299884
1996-07-03,5.331060886383057,5.379746913909912,5.331060886383057,5.379746913909912,2.1928915977478027,74971
1996-07-05,5.379746913909912,5.379746913909912,5.379746913909912,5.379746913909912,2.1928915977478027,55458
1996-07-08,5.355403900146484,5.379746913909912,5.31889009475708,5.31889009475708,2.168084144592285,178698
1996-07-09,5.31889009475708,5.331060886383057,5.31889009475708,5.31889009475708,2.168084144592285,370747
1996-07-10,5.331060886383057,5.331060886383057,5.31889009475708,5.31889009475708,2.168084144592285,242372
1996-07-11,5.331060886383057,5.355403900146484,5.331060886383057,5.343233108520508,2.1780080795288086,25675
1996-07-12,5.355403900146484,5.367575168609619,5.343233108520508,5.367575168609619,2.18792986869812,78052
1996-07-15,5.355403900146484,5.355403900146484,5.355403900146484,5.355403900146484,2.1829686164855957,122213
1996-07-16,5.355403900146484,5.355403900146484,5.331060886383057,5.331060886383057,2.1730456352233887,240318
1996-07-17,5.331060886383057,5.331060886383057,5.306718826293945,5.31889009475708,2.168084144592285,141726
1996-07-18,5.343233108520508,5.343233108520508,5.343233108520508,5.343233108520508,2.1780080795288086,42107
1996-07-19,5.355403900146484,5.379746913909912,5.31889009475708,5.343233108520508,2.1780080795288086,209508
1996-07-22,5.355403900146484,5.355403900146484,5.343233108520508,5.343233108520508,2.1780080795288086,163293
1996-07-23,5.367575168609619,5.367575168609619,5.367575168609619,5.367575168609619,2.18792986869812,97565
1996-07-24,5.355403900146484,5.367575168609619,5.343233108520508,5.343233108520508,2.1780080795288086,123240
1996-07-25,5.343233108520508,5.355403900146484,5.343233108520508,5.355403900146484,2.1829686164855957,35945
1996-07-26,5.355403900146484,5.355403900146484,5.355403900146484,5.355403900146484,2.1829686164855957,0
1996-07-29,5.355403900146484,5.355403900146484,5.355403900146484,5.355403900146484,2.1829686164855957,66755
1996-07-30,5.355403900146484,5.355403900146484,5.355403900146484,5.355403900146484,2.1829686164855957,488852
1996-07-31,5.355403900146484,5.355403900146484,5.343233108520508,5.343233108520508,2.1780080795288086,432367
1996-08-01,5.355403900146484,5.355403900146484,5.343233108520508,5.355403900146484,2.1829686164855957,603876
1996-08-02,5.379746913909912,5.379746913909912,5.367575168609619,5.379746913909912,2.1928915977478027,516581
1996-08-05,5.379746913909912,5.379746913909912,5.367575168609619,5.367575168609619,2.18792986869812,333775
1996-08-06,5.367575168609619,5.379746913909912,5.367575168609619,5.367575168609619,2.18792986869812,383071
1996-08-07,5.379746913909912,5.379746913909912,5.343233108520508,5.343233108520508,2.1780080795288086,244426
1996-08-08,5.355403900146484,5.355403900146484,5.306718826293945,5.306718826293945,2.163123607635498,71890
1996-08-09,5.270204067230225,5.282375812530518,5.270204067230225,5.282375812530518,2.15320086479187,182806
1996-08-12,5.270204067230225,5.270204067230225,5.270204067230225,5.270204067230225,2.1482388973236084,138645
1996-08-13,5.282375812530518,5.282375812530518,5.233689785003662,5.233689785003662,2.1333556175231934,229021
1996-08-14,5.209348201751709,5.209348201751709,5.197175979614258,5.197175979614258,2.118471622467041,39026
1996-08-15,5.197175979614258,5.209348201751709,5.17283296585083,5.209348201751709,2.123434066772461,104754
1996-08-16,5.2215189933776855,5.233689785003662,5.209348201751709,5.209348201751709,2.123434066772461,358423
1996-08-19,5.209348201751709,5.233689785003662,5.185005187988281,5.185005187988281,2.1135106086730957,178698
1996-08-20,5.197175979614258,5.197175979614258,5.197175979614258,5.197175979614258,2.118471622467041,106808
1996-08-21,5.197175979614258,5.209348201751709,5.197175979614258,5.209348201751709,2.123434066772461,472420
1996-08-22,5.209348201751709,5.233689785003662,5.209348201751709,5.233689785003662,2.1333556175231934,273182
1996-08-23,5.209348201751709,5.245862007141113,5.209348201751709,5.245862007141113,2.138317108154297,510419
1996-08-26,5.233689785003662,5.233689785003662,5.2215189933776855,5.2215189933776855,2.12839412689209,212589
1996-08-27,5.233689785003662,5.233689785003662,5.233689785003662,5.233689785003662,2.1333556175231934,464204
1996-08-28,5.233689785003662,5.233689785003662,5.2215189933776855,5.2215189933776855,2.12839412689209,117078
1996-08-29,5.197175979614258,5.197175979614258,5.17283296585083,5.17283296585083,2.108549118041992,209508
1996-08-30,5.1119771003723145,5.148490905761719,5.1119771003723145,5.148490905761719,2.0986268520355225,60593
1996-09-03,5.087634086608887,5.1606621742248535,5.087634086608887,5.1606621742248535,2.1035873889923096,372801
1996-09-04,5.1606621742248535,5.1606621742248535,5.1606621742248535,5.1606621742248535,2.1035873889923096,252642
1996-09-05,5.1606621742248535,5.209348201751709,5.1606621742248535,5.185005187988281,2.1135106086730957,169455
1996-09-06,5.185005187988281,5.2215189933776855,5.185005187988281,5.2215189933776855,2.12839412689209,284479
1996-09-09,5.2215189933776855,5.245862007141113,5.2215189933776855,5.233689785003662,2.1333556175231934,509392
1996-09-10,5.245862007141113,5.245862007141113,5.233689785003662,5.233689785003662,2.1333556175231934,124267
1996-09-11,5.245862007141113,5.245862007141113,5.245862007141113,5.245862007141113,2.138317108154297,121186
1996-09-12,5.245862007141113,5.25803279876709,5.245862007141113,5.25803279876709,2.143277645111084,171509
1996-09-13,5.270204067230225,5.270204067230225,5.25803279876709,5.270204067230225,2.1482388973236084,273182
1996-09-16,5.270204067230225,5.306718826293945,5.270204067230225,5.306718826293945,2.163123607635498,74971
1996-09-17,5.306718826293945,5.343233108520508,5.306718826293945,5.343233108520508,2.1780080795288086,255723
1996-09-18,5.343233108520508,5.379746913909912,5.343233108520508,5.379746913909912,2.1928915977478027,265993
1996-09-19,5.391918182373047,5.391918182373047,5.355403900146484,5.355403900146484,2.1829686164855957,81133
1996-09-20,5.355403900146484,5.379746913909912,5.355403900146484,5.379746913909912,2.1928915977478027,451880
1996-09-23,5.355403900146484,5.391918182373047,5.343233108520508,5.391918182373047,2.1978533267974854,118105
1996-09-24,5.379746913909912,5.428431987762451,5.379746913909912,5.428431987762451,2.212735414505005,7189
1996-09-25,5.452775001525879,5.477118015289307,5.440604209899902,5.440604209899902,2.217697858810425,44161
1996-09-26,5.428431987762451,5.428431987762451,5.416261196136475,5.416261196136475,2.207775592803955,97565
1996-09-27,5.428431987762451,5.4649457931518555,5.416261196136475,5.4649457931518555,2.2276198863983154,272155
1996-09-30,5.452775001525879,5.4649457931518555,5.440604209899902,5.440604209899902,2.217697858810425,237237
1996-10-01,5.440604209899902,5.452775001525879,5.440604209899902,5.452775001525879,2.2226595878601074,272155
1996-10-02,5.452775001525879,5.489288806915283,5.452775001525879,5.489288806915283,2.2375435829162598,186914
1996-10-03,5.501461029052734,5.525803089141846,5.501461029052734,5.525803089141846,2.252427339553833,85241
1996-10-04,5.525803089141846,5.6110029220581055,5.525803089141846,5.6110029220581055,2.2871551513671875,265993
1996-10-07,5.647517204284668,5.696203231811523,5.635345935821533,5.696203231811523,2.321885108947754,328640
1996-10-08,5.744887828826904,5.842258930206299,5.744887828826904,5.8057451248168945,2.3665359020233154,445718
1996-10-09,5.842258930206299,5.842258930206299,5.8057451248168945,5.817915916442871,2.37149715423584,257777
1996-10-10,5.817915916442871,5.817915916442871,5.757059097290039,5.757059097290039,2.346691131591797,20540
1996-10-11,5.757059097290039,5.769230842590332,5.757059097290039,5.769230842590332,2.3516523838043213,329667
1996-10-14,5.744887828826904,5.744887828826904,5.744887828826904,5.744887828826904,2.3417301177978516,47242
1996-10-15,5.769230842590332,5.769230842590332,5.732717037200928,5.744887828826904,2.3417301177978516,123240
1996-10-16,5.744887828826904,5.744887828826904,5.696203231811523,5.720544815063477,2.3318066596984863,487825
1996-10-17,5.732717037200928,5.744887828826904,5.732717037200928,5.744887828826904,2.3417301177978516,120159
1996-10-18,5.769230842590332,5.830088138580322,5.769230842590332,5.817915916442871,2.37149715423584,257777
1996-10-21,5.817915916442871,5.878773212432861,5.817915916442871,5.842258930206299,2.3814198970794678,826735
1996-10-22,5.854430198669434,5.854430198669434,5.8057451248168945,5.8057451248168945,2.3665359020233154,139672
1996-10-23,5.817915916442871,5.817915916442871,5.8057451248168945,5.8057451248168945,2.3665359020233154,329667
1996-10-24,5.79357385635376,5.817915916442871,5.79357385635376,5.817915916442871,2.37149715423584,85241
1996-10-25,5.830088138580322,5.830088138580322,5.8057451248168945,5.8057451248168945,2.3665359020233154,168428
1996-10-28,5.8057451248168945,5.8057451248168945,5.8057451248168945,5.8057451248168945,2.3665359020233154,0
1996-10-29,5.79357385635376,5.8057451248168945,5.757059097290039,5.757059097290039,2.346691131591797,217724
1996-10-30,5.720544815063477,5.720544815063477,5.7083740234375,5.7083740234375,2.326846122741699,421070
1996-10-31,5.671860218048096,5.671860218048096,5.598832130432129,5.598832130432129,2.2821946144104004,375882
1996-11-01,5.586659908294678,5.6110029220581055,5.586659908294678,5.598832130432129,2.2821946144104004,13351
1996-11-04,5.6110029220581055,5.6110029220581055,5.598832130432129,5.6110029220581055,2.2871551513671875,49296
1996-11-05,5.635345935821533,5.647517204284668,5.635345935821533,5.647517204284668,2.302039623260498,64701
1996-11-06,5.671860218048096,5.696203231811523,5.671860218048096,5.684031009674072,2.3169233798980713,482690
1996-11-07,5.696203231811523,5.720544815063477,5.696203231811523,5.720544815063477,2.3318066596984863,164320
1996-11-08,5.696203231811523,5.7083740234375,5.696203231811523,5.7083740234375,2.326846122741699,241345
1996-11-11,5.720544815063477,5.720544815063477,5.696203231811523,5.696203231811523,2.321885108947754,17459
1996-11-12,5.720544815063477,5.720544815063477,5.7083740234375,5.7083740234375,2.326846122741699,39026
1996-11-13,5.7083740234375,5.7083740234375,5.647517204284668,5.647517204284668,2.302039623260498,42107
1996-11-14,5.671860218048096,5.671860218048096,5.671860218048096,5.671860218048096,2.3119616508483887,19513
1996-11-15,5.671860218048096,5.671860218048096,5.6110029220581055,5.6110029220581055,2.2871551513671875,153023
1996-11-18,5.525803089141846,5.525803089141846,5.343233108520508,5.367575168609619,2.18792986869812,1044459
1996-11-19,5.367575168609619,5.379746913909912,5.185005187988281,5.197175979614258,2.118471622467041,788736
1996-11-20,5.197175979614258,5.245862007141113,5.197175979614258,5.2215189933776855,2.12839412689209,785655
1996-11-21,5.209348201751709,5.233689785003662,5.209348201751709,5.2215189933776855,2.12839412689209,331721
1996-11-22,5.209348201751709,5.2215189933776855,5.209348201751709,5.209348201751709,2.123434066772461,96538
1996-11-25,5.233689785003662,5.282375812530518,5.209348201751709,5.233689785003662,2.1333556175231934,460096
1996-11-26,5.209348201751709,5.233689785003662,5.1606621742248535,5.1606621742248535,2.1035873889923096,199238
1996-11-27,5.136319160461426,5.17283296585083,5.087634086608887,5.099804878234863,2.078780174255371,401557
1996-11-29,5.1119771003723145,5.1119771003723145,5.063291072845459,5.063291072845459,2.063897132873535,87295
1996-12-02,5.087634086608887,5.099804878234863,5.0267767906188965,5.099804878234863,2.078780174255371,180752
1996-12-03,5.1119771003723145,5.1119771003723145,5.099804878234863,5.099804878234863,2.078780174255371,170482
1996-12-04,5.075462818145752,5.1119771003723145,5.075462818145752,5.1119771003723145,2.083743095397949,557661
1996-12-05,5.1119771003723145,5.1119771003723145,5.063291072845459,5.063291072845459,2.063897132873535,227994
1996-12-06,5.038948059082031,5.087634086608887,5.038948059082031,5.075462818145752,2.0688583850860596,93457
1996-12-09,5.099804878234863,5.1606621742248535,5.099804878234863,5.1606621742248535,2.1035873889923096,690144
1996-12-10,5.185005187988281,5.282375812530518,5.185005187988281,5.25803279876709,2.143277645111084,1075269
1996-12-11,5.233689785003662,5.245862007141113,5.233689785003662,5.245862007141113,2.138317108154297,34918
1996-12-12,5.25803279876709,5.270204067230225,5.25803279876709,5.25803279876709,2.143277645111084,548418
1996-12-13,5.25803279876709,5.25803279876709,5.185005187988281,5.185005187988281,2.1135106086730957,65728
1996-12-16,5.148490905761719,5.148490905761719,5.1119771003723145,5.124147891998291,2.0887043476104736,462150
1996-12-17,5.1119771003723145,5.136319160461426,5.1119771003723145,5.124147891998291,2.0887043476104736,36972
1996-12-18,5.099804878234863,5.185005187988281,5.087634086608887,5.17283296585083,2.108549118041992,431340
1996-12-19,5.185005187988281,5.185005187988281,5.17283296585083,5.185005187988281,2.1135106086730957,105781
1996-12-20,5.185005187988281,5.233689785003662,5.185005187988281,5.2215189933776855,2.12839412689209,242372
1996-12-23,5.2215189933776855,5.2215189933776855,5.2215189933776855,5.2215189933776855,2.12839412689209,10270
1996-12-24,5.209348201751709,5.245862007141113,5.209348201751709,5.245862007141113,2.138317108154297,34918
1996-12-26,5.233689785003662,5.25803279876709,5.233689785003662,5.25803279876709,2.143277645111084,64701
1996-12-27,5.245862007141113,5.294547080993652,5.245862007141113,5.25803279876709,2.143277645111084,516581
1996-12-30,5.25803279876709,5.270204067230225,5.25803279876709,5.270204067230225,2.1482388973236084,57512
1996-12-31,5.282375812530518,5.294547080993652,5.270204067230225,5.270204067230225,2.1482388973236084,62647
1997-01-02,5.25803279876709,5.270204067230225,5.25803279876709,5.25803279876709,2.143277645111084,136591
1997-01-03,5.25803279876709,5.294547080993652,5.25803279876709,5.294547080993652,2.1581614017486572,105781
1997-01-06,5.306718826293945,5.367575168609619,5.306718826293945,5.343233108520508,2.1780080795288086,271128
1997-01-07,5.355403900146484,5.440604209899902,5.343233108520508,5.440604209899902,2.217697858810425,238264
1997-01-08,5.440604209899902,5.635345935821533,5.440604209899902,5.56231689453125,2.267310619354248,427232
1997-01-09,5.56231689453125,5.647517204284668,5.56231689453125,5.635345935821533,2.297079563140869,281398
1997-01-10,5.6110029220581055,5.696203231811523,5.6110029220581055,5.696203231811523,2.321885108947754,480636
1997-01-13,5.684031009674072,5.744887828826904,5.684031009674072,5.744887828826904,2.3417301177978516,122213
1997-01-14,5.744887828826904,5.842258930206299,5.744887828826904,5.842258930206299,2.3814198970794678,239291
1997-01-15,5.842258930206299,5.890944004058838,5.830088138580322,5.842258930206299,2.3814198970794678,86268
1997-01-16,5.842258930206299,5.842258930206299,5.769230842590332,5.769230842590332,2.3516523838043213,226967
1997-01-17,5.684031009674072,5.732717037200928,5.684031009674072,5.732717037200928,2.3367691040039062,66755
1997-01-20,5.744887828826904,5.769230842590332,5.744887828826904,5.757059097290039,2.346691131591797,257777
1997-01-21,5.757059097290039,5.757059097290039,5.7083740234375,5.720544815063477,2.3318066596984863,67782
1997-01-22,5.732717037200928,5.732717037200928,5.671860218048096,5.732717037200928,2.3367691040039062,201292
1997-01-23,5.744887828826904,5.757059097290039,5.732717037200928,5.744887828826904,2.3417301177978516,202319
1997-01-24,5.744887828826904,5.744887828826904,5.62317419052124,5.635345935821533,2.297079563140869,275236
1997-01-27,5.62317419052124,5.62317419052124,5.598832130432129,5.598832130432129,2.2821946144104004,183833
1997-01-28,5.6110029220581055,5.62317419052124,5.598832130432129,5.62317419052124,2.292117118835449,121186
1997-01-29,5.62317419052124,5.62317419052124,5.6110029220581055,5.6110029220581055,2.2871551513671875,112970
1997-01-30,5.62317419052124,5.647517204284668,5.62317419052124,5.647517204284668,2.302039623260498,93457
1997-01-31,5.671860218048096,5.684031009674072,5.6596879959106445,5.671860218048096,2.3119616508483887,84214
1997-02-03,5.671860218048096,5.732717037200928,5.671860218048096,5.684031009674072,2.3169233798980713,619281
1997-02-04,5.671860218048096,5.671860218048096,5.6110029220581055,5.6110029220581055,2.2871551513671875,146861
1997-02-05,5.635345935821533,5.647517204284668,5.635345935821533,5.647517204284668,2.302039623260498,472420
1997-02-06,5.647517204284668,5.647517204284668,5.635345935821533,5.647517204284668,2.302039623260498,463177
1997-02-07,5.696203231811523,5.696203231811523,5.6596879959106445,5.671860218048096,2.3119616508483887,502203
1997-02-10,5.6596879959106445,5.6596879959106445,5.574489116668701,5.586659908294678,2.2772326469421387,525824
1997-02-11,5.586659908294678,5.598832130432129,5.586659908294678,5.598832130432129,2.2821946144104004,172536
1997-02-12,5.586659908294678,5.598832130432129,5.586659908294678,5.598832130432129,2.2821946144104004,502203
1997-02-13,5.635345935821533,5.757059097290039,5.635345935821533,5.757059097290039,2.346691131591797,183833
1997-02-14,5.781402111053467,5.817915916442871,5.732717037200928,5.732717037200928,2.3367691040039062,572039
1997-02-18,5.7083740234375,5.757059097290039,5.7083740234375,5.757059097290039,2.346691131591797,199238
1997-02-19,5.757059097290039,5.781402111053467,5.757059097290039,5.769230842590332,2.3516523838043213,831870
1997-02-20,5.769230842590332,5.781402111053467,5.769230842590332,5.769230842590332,2.3516523838043213,170482
1997-02-21,5.781402111053467,5.781402111053467,5.769230842590332,5.781402111053467,2.3566133975982666,126321
1997-02-24,5.781402111053467,5.781402111053467,5.757059097290039,5.769230842590332,2.3516523838043213,93457
1997-02-25,5.769230842590332,5.79357385635376,5.757059097290039,5.79357385635376,2.361574411392212,208481
1997-02-26,5.8057451248168945,5.817915916442871,5.757059097290039,5.769230842590332,2.3516523838043213,169455
1997-02-27,5.781402111053467,5.781402111053467,5.757059097290039,5.757059097290039,2.346691131591797,256750
1997-02-28,5.781402111053467,5.781402111053467,5.671860218048096,5.671860218048096,2.3119616508483887,473447
1997-03-03,5.6596879959106445,5.671860218048096,5.6596879959106445,5.671860218048096,2.3119616508483887,160212
1997-03-04,5.6596879959106445,5.671860218048096,5.6596879959106445,5.671860218048096,2.3119616508483887,27729
1997-03-05,5.671860218048096,5.671860218048096,5.635345935821533,5.6596879959106445,2.3070003986358643,186914
1997-03-06,5.647517204284668,5.720544815063477,5.647517204284668,5.720544815063477,2.3318066596984863,328640
1997-03-07,5.732717037200928,5.757059097290039,5.732717037200928,5.757059097290039,2.346691131591797,98592
1997-03-10,5.757059097290039,5.769230842590332,5.757059097290039,5.769230842590332,2.3516523838043213,82160
1997-03-11,5.79357385635376,5.8057451248168945,5.757059097290039,5.79357385635376,2.361574411392212,123240
1997-03-12,5.769230842590332,5.769230842590332,5.744887828826904,5.744887828826904,2.3417301177978516,130429
1997-03-13,5.720544815063477,5.744887828826904,5.696203231811523,5.744887828826904,2.3417301177978516,1093755
1997-03-14,5.757059097290039,5.757059097290039,5.720544815063477,5.732717037200928,2.3367691040039062,314262
1997-03-17,5.732717037200928,5.757059097290039,5.696203231811523,5.696203231811523,2.321885108947754,192049
1997-03-18,5.671860218048096,5.671860218048096,5.647517204284668,5.647517204284668,2.302039623260498,65728
1997-03-19,5.62317419052124,5.6596879959106445,5.6110029220581055,5.635345935821533,2.297079563140869,255723
1997-03-20,5.62317419052124,5.6596879959106445,5.598832130432129,5.62317419052124,2.292117118835449,389233
1997-03-21,5.62317419052124,5.647517204284668,5.62317419052124,5.647517204284668,2.302039623260498,391287
1997-03-24,5.647517204284668,5.671860218048096,5.647517204284668,5.671860218048096,2.3119616508483887,530959
1997-03-25,5.6596879959106445,5.6596879959106445,5.647517204284668,5.647517204284668,2.302039623260498,201292
1997-03-26,5.6596879959106445,5.6596879959106445,5.6110029220581055,5.62317419052124,2.292117118835449,216697
1997-03-27,5.62317419052124,5.635345935821533,5.62317419052124,5.635345935821533,2.297079563140869,3081
1997-03-31,5.62317419052124,5.635345935821533,5.6110029220581055,5.6110029220581055,2.2871551513671875,136591
1997-04-01,5.6110029220581055,5.684031009674072,5.6110029220581055,5.684031009674072,2.3169233798980713,982839
1997-04-02,5.647517204284668,5.671860218048096,5.62317419052124,5.647517204284668,2.302039623260498,221832
1997-04-03,5.647517204284668,5.781402111053467,5.647517204284668,5.781402111053467,2.3566133975982666,215670
1997-04-04,5.757059097290039,5.757059097290039,5.7083740234375,5.7083740234375,2.326846122741699,440583
1997-04-07,5.696203231811523,5.696203231811523,5.647517204284668,5.647517204284668,2.302039623260498,262912
1997-04-08,5.647517204284668,5.647517204284668,5.635345935821533,5.647517204284668,2.302039623260498,36972
1997-04-09,5.647517204284668,5.79357385635376,5.647517204284668,5.79357385635376,2.361574411392212,269074
1997-04-10,5.79357385635376,5.915287017822266,5.79357385635376,5.890944004058838,2.401265859603882,580255
1997-04-11,5.890944004058838,5.890944004058838,5.890944004058838,5.890944004058838,2.401265859603882,5135
1997-04-14,5.939630031585693,6.037001132965088,5.939630031585693,6.024829864501953,2.4558398723602295,253669
1997-04-15,6.037001132965088,6.122200965881348,6.037001132965088,6.0491719245910645,2.465761661529541,245453
1997-04-16,6.0491719245910645,6.2560858726501465,6.0491719245910645,6.2560858726501465,2.5501041412353516,737386
1997-04-17,6.231742858886719,6.377799034118652,6.231742858886719,6.329113960266113,2.5798721313476562,455988
1997-04-18,6.353456974029541,6.462998867034912,6.353456974029541,6.426485061645508,2.6195619106292725,792844
1997-04-21,6.438655853271484,6.438655853271484,6.365627765655518,6.365627765655518,2.5947554111480713,225940
1997-04-22,6.341285228729248,6.341285228729248,5.939630031585693,5.988315105438232,2.44095516204834,1513798
1997-04-23,5.988315105438232,6.183056831359863,5.976143836975098,6.146543025970459,2.505453109741211,1637038
1997-04-24,6.146543025970459,6.146543025970459,6.061344146728516,6.09785795211792,2.4856083393096924,476528
1997-04-25,6.09785795211792,6.09785795211792,5.890944004058838,5.915287017822266,2.4111878871917725,969488
1997-04-28,5.890944004058838,5.890944004058838,5.79357385635376,5.8057451248168945,2.3665359020233154,785655
1997-04-29,5.781402111053467,5.842258930206299,5.781402111053467,5.830088138580322,2.3764588832855225,205400
1997-04-30,5.696203231811523,5.79357385635376,5.647517204284668,5.769230842590332,2.410057306289673,7366671
1997-05-01,5.757059097290039,5.8057451248168945,5.744887828826904,5.79357385635376,2.4202256202697754,40053
1997-05-02,5.890944004058838,5.915287017822266,5.842258930206299,5.915287017822266,2.471071243286133,332748
1997-05-05,5.927458763122559,5.939630031585693,5.927458763122559,5.939630031585693,2.4812400341033936,52377
1997-05-06,5.963973045349121,5.988315105438232,5.963973045349121,5.988315105438232,2.501577854156494,139672
1997-05-07,6.01265811920166,6.01265811920166,5.915287017822266,5.939630031585693,2.4812400341033936,83187
1997-05-08,5.963973045349121,6.085686206817627,5.963973045349121,6.085686206817627,2.54225492477417,206427
1997-05-09,6.085686206817627,6.183056831359863,6.085686206817627,6.183056831359863,2.582930564880371,819546
1997-05-12,6.183056831359863,6.268257141113281,6.183056831359863,6.2560858726501465,2.6134376525878906,634686
1997-05-13,6.280427932739258,6.280427932739258,6.1952290534973145,6.219572067260742,2.598184108734131,669604
1997-05-14,6.207399845123291,6.207399845123291,5.915287017822266,5.939630031585693,2.4812400341033936,710684
1997-05-15,5.939630031585693,5.939630031585693,5.890944004058838,5.939630031585693,2.4812400341033936,598741
1997-05-16,5.963973045349121,6.01265811920166,5.963973045349121,6.01265811920166,2.5117483139038086,695279
1997-05-19,6.000486850738525,6.000486850738525,5.988315105438232,5.988315105438232,2.501577854156494,537121
1997-05-20,5.988315105438232,6.000486850738525,5.988315105438232,6.000486850738525,2.5066628456115723,489879
1997-05-21,6.01265811920166,6.0491719245910645,6.000486850738525,6.0491719245910645,2.5270004272460938,74971
1997-05-22,6.037001132965088,6.0491719245910645,6.024829864501953,6.0491719245910645,2.5270004272460938,508365
1997-05-23,6.073514938354492,6.170886039733887,6.073514938354492,6.170886039733887,2.577846050262451,507338
1997-05-27,6.158714771270752,6.341285228729248,6.158714771270752,6.341285228729248,2.64902925491333,283452
1997-05-28,6.329113960266113,6.414313793182373,6.329113960266113,6.353456974029541,2.6541130542755127,650091
1997-05-29,6.365627765655518,6.377799034118652,6.316943168640137,6.329113960266113,2.6439449787139893,248534
1997-05-30,6.3047709465026855,6.329113960266113,6.3047709465026855,6.316943168640137,2.6388607025146484,205400
1997-06-02,6.329113960266113,6.4508280754089355,6.3047709465026855,6.414313793182373,2.6795358657836914,770250
1997-06-03,6.414313793182373,6.414313793182373,6.365627765655518,6.377799034118652,2.6642825603485107,215670
1997-06-04,6.377799034118652,6.389970779418945,6.377799034118652,6.377799034118652,2.6642825603485107,174590
1997-06-05,6.365627765655518,6.365627765655518,6.2439141273498535,6.2560858726501465,2.6134376525878906,36972
1997-06-06,6.268257141113281,6.280427932739258,6.231742858886719,6.231742858886719,2.6032679080963135,130429
1997-06-09,6.329113960266113,6.329113960266113,6.3047709465026855,6.3047709465026855,2.6337757110595703,279344
1997-06-10,6.292600154876709,6.292600154876709,6.268257141113281,6.292600154876709,2.628690719604492,127348
1997-06-11,6.280427932739258,6.329113960266113,6.280427932739258,6.316943168640137,2.6388607025146484,149942
1997-06-12,6.329113960266113,6.329113960266113,6.316943168640137,6.316943168640137,2.6388607025146484,279344
1997-06-13,6.292600154876709,6.3047709465026855,6.292600154876709,6.3047709465026855,2.6337757110595703,107835
1997-06-16,6.292600154876709,6.292600154876709,6.2439141273498535,6.2439141273498535,2.60835337638855,23621
1997-06-17,6.2439141273498535,6.268257141113281,6.2439141273498535,6.2439141273498535,2.60835337638855,7101705
1997-06-18,6.219572067260742,6.219572067260742,6.207399845123291,6.219572067260742,2.598184108734131,156104
1997-06-19,6.207399845123291,6.207399845123291,6.0491719245910645,6.0491719245910645,2.5270004272460938,111943
1997-06-20,6.061344146728516,6.061344146728516,5.976143836975098,5.976143836975098,2.4964935779571533,264966
1997-06-23,5.95180082321167,5.963973045349121,5.939630031585693,5.939630031585693,2.4812400341033936,286533
1997-06-24,5.915287017822266,6.024829864501953,5.915287017822266,5.963973045349121,2.4914097785949707,381017
1997-06-25,6.000486850738525,6.280427932739258,6.000486850738525,6.134372234344482,2.5625932216644287,569985
1997-06-26,6.158714771270752,6.292600154876709,6.158714771270752,6.292600154876709,2.628690719604492,907868
1997-06-27,6.316943168640137,6.584712982177734,6.316943168640137,6.505599021911621,2.717669725418091,1449097
1997-06-30,6.511684894561768,6.511684894561768,6.341285228729248,6.438655853271484,2.689704179763794,503230
1997-07-01,6.462998867034912,6.54819917678833,6.462998867034912,6.517769813537598,2.7227537631988525,553553
1997-07-02,6.499513149261475,6.511684894561768,6.499513149261475,6.511684894561768,2.7202131748199463,434421
1997-07-03,6.523856163024902,6.523856163024902,6.523856163024902,6.523856163024902,2.7252960205078125,173563
1997-07-07,6.523856163024902,6.596883773803711,6.523856163024902,6.536026954650879,2.7303805351257324,387179
1997-07-08,6.523856163024902,6.523856163024902,6.426485061645508,6.438655853271484,2.689704179763794,373828
1997-07-09,6.426485061645508,6.438655853271484,6.329113960266113,6.353456974029541,2.6541130542755127,649064
1997-07-10,6.365627765655518,6.365627765655518,6.310856819152832,6.310856819152832,2.6363179683685303,200265
1997-07-11,6.323028087615967,6.323028087615967,6.262170791625977,6.262170791625977,2.615978956222534,37999
1997-07-14,6.280427932739258,6.280427932739258,6.231742858886719,6.231742858886719,2.6032679080963135,92430
1997-07-15,6.2439141273498535,6.268257141113281,6.2439141273498535,6.2439141273498535,2.60835337638855,52377
1997-07-16,6.2560858726501465,6.2560858726501465,6.231742858886719,6.231742858886719,2.6032679080963135,208481
1997-07-17,6.231742858886719,6.3047709465026855,6.231742858886719,6.3047709465026855,2.6337757110595703,1464502
1997-07-18,6.3047709465026855,6.3047709465026855,6.158714771270752,6.158714771270752,2.5727620124816895,1047540
1997-07-21,6.170886039733887,6.170886039733887,6.037001132965088,6.037001132965088,2.521916151046753,231075
1997-07-22,6.037001132965088,6.037001132965088,6.024829864501953,6.037001132965088,2.521916151046753,170482
1997-07-23,6.030914783477783,6.061344146728516,6.024829864501953,6.037001132965088,2.521916151046753,543283
1997-07-24,6.0491719245910645,6.0491719245910645,6.018743991851807,6.030914783477783,2.519373893737793,352261
1997-07-25,6.024829864501953,6.0491719245910645,6.01265811920166,6.01265811920166,2.5117483139038086,1005433
1997-07-28,6.024829864501953,6.091772079467773,6.024829864501953,6.079600811004639,2.5397121906280518,260858
1997-07-29,6.085686206817627,6.085686206817627,5.970057964324951,5.970057964324951,2.4939517974853516,313235
1997-07-30,5.970057964324951,5.970057964324951,5.939630031585693,5.939630031585693,2.4812400341033936,140699
1997-07-31,5.939630031585693,5.939630031585693,5.903116226196289,5.921372890472412,2.4736132621765137,277290
1997-08-01,5.94571590423584,5.963973045349121,5.939630031585693,5.939630031585693,2.4812400341033936,151996
1997-08-04,5.939630031585693,5.939630031585693,5.9092020988464355,5.921372890472412,2.4736132621765137,185887
1997-08-05,5.9092020988464355,5.939630031585693,5.9092020988464355,5.939630031585693,2.4812400341033936,429286
1997-08-06,5.95180082321167,5.95180082321167,5.927458763122559,5.933544158935547,2.4786972999572754,187941
1997-08-07,5.95180082321167,6.000486850738525,5.939630031585693,6.000486850738525,2.5066628456115723,209508
1997-08-08,5.976143836975098,5.988315105438232,5.957887172698975,5.988315105438232,2.501577854156494,50323
1997-08-11,5.988315105438232,6.055257797241211,5.988315105438232,6.055257797241211,2.529543876647949,210535
1997-08-12,6.0491719245910645,6.0491719245910645,6.01265811920166,6.01265811920166,2.5117483139038086,35945
1997-08-13,6.000486850738525,6.037001132965088,6.000486850738525,6.037001132965088,2.521916151046753,42107
1997-08-14,6.0491719245910645,6.079600811004639,5.988315105438232,6.024829864501953,2.5168323516845703,267020
1997-08-15,6.000486850738525,6.00657320022583,5.939630031585693,5.976143836975098,2.4964935779571533,157131
1997-08-18,5.963973045349121,5.970057964324951,5.963973045349121,5.970057964324951,2.4939517974853516,64701
1997-08-19,5.963973045349121,6.024829864501953,5.95180082321167,6.024829864501953,2.5168323516845703,609011
1997-08-20,5.976143836975098,6.061344146728516,5.976143836975098,6.061344146728516,2.5320851802825928,668577
1997-08-21,6.055257797241211,6.055257797241211,6.024829864501953,6.037001132965088,2.521916151046753,163293
1997-08-22,6.037001132965088,6.037001132965088,5.963973045349121,5.976143836975098,2.4964935779571533,107835
1997-08-25,5.957887172698975,5.957887172698975,5.927458763122559,5.927458763122559,2.47615647315979,214643
1997-08-26,5.921372890472412,5.933544158935547,5.921372890472412,5.927458763122559,2.47615647315979,79079
1997-08-27,5.927458763122559,5.95180082321167,5.927458763122559,5.95180082321167,2.486323356628418,140699
1997-08-28,5.939630031585693,5.939630031585693,5.927458763122559,5.927458763122559,2.47615647315979,67782
1997-08-29,5.933544158935547,5.933544158935547,5.878773212432861,5.878773212432861,2.455817937850952,45188
1997-09-02,5.878773212432861,5.878773212432861,5.781402111053467,5.830088138580322,2.4354798793792725,219778
1997-09-03,5.836173057556152,5.842258930206299,5.79357385635376,5.79357385635376,2.4202256202697754,616200
1997-09-04,5.817915916442871,5.817915916442871,5.77531623840332,5.77531623840332,2.412597894668579,74971
1997-09-05,5.781402111053467,5.897029876708984,5.781402111053467,5.878773212432861,2.455817937850952,613119
1997-09-08,5.897029876708984,5.957887172698975,5.897029876708984,5.95180082321167,2.486323356628418,226967
1997-09-09,5.957887172698975,5.982230186462402,5.957887172698975,5.982230186462402,2.4990358352661133,26702
1997-09-10,5.988315105438232,5.988315105438232,5.95180082321167,5.95180082321167,2.486323356628418,31837
1997-09-11,5.95180082321167,5.95180082321167,5.903116226196289,5.903116226196289,2.465986967086792,167401
1997-09-12,5.903116226196289,5.903116226196289,5.854430198669434,5.854430198669434,2.4456489086151123,84214
1997-09-15,5.830088138580322,5.830088138580322,5.720544815063477,5.8057451248168945,2.4253106117248535,370747
1997-09-16,5.79357385635376,5.8057451248168945,5.79357385635376,5.8057451248168945,2.4253106117248535,28756
1997-09-17,5.781402111053467,5.836173057556152,5.769230842590332,5.836173057556152,2.4380221366882324,108862
1997-09-18,5.811830997467041,5.811830997467041,5.79965877532959,5.8057451248168945,2.4253106117248535,22594
1997-09-19,5.830088138580322,5.848344802856445,5.830088138580322,5.848344802856445,2.4431064128875732,257777
1997-09-22,5.86051607131958,5.86051607131958,5.842258930206299,5.848344802856445,2.4431064128875732,325559
1997-09-23,5.866601943969727,5.866601943969727,5.830088138580322,5.842258930206299,2.440563678741455,233129
1997-09-24,5.817915916442871,5.817915916442871,5.811830997467041,5.811830997467041,2.427852153778076,42107
1997-09-25,5.79965877532959,5.79965877532959,5.696203231811523,5.696203231811523,2.3795504570007324,263939
1997-09-26,5.7083740234375,5.7083740234375,5.7083740234375,5.7083740234375,2.384634494781494,176644
1997-09-29,5.696203231811523,5.696203231811523,5.684031009674072,5.690116882324219,2.377007007598877,41080
1997-09-30,5.696203231811523,5.769230842590332,5.696203231811523,5.744887828826904,2.399888753890991,891436
1997-10-01,5.757059097290039,5.757059097290039,5.720544815063477,5.720544815063477,2.389718532562256,307073
1997-10-02,5.720544815063477,5.720544815063477,5.684031009674072,5.684031009674072,2.3744654655456543,187941
1997-10-03,5.684031009674072,5.684031009674072,5.665773868560791,5.665773868560791,2.3668386936187744,47242
1997-10-06,5.647517204284668,5.647517204284668,5.647517204284668,5.647517204284668,2.3592121601104736,72917
1997-10-07,5.62317419052124,5.62317419052124,5.41017484664917,5.41017484664917,2.2600643634796143,508365
1997-10-08,5.41017484664917,5.477118015289307,5.398004055023193,5.452775001525879,2.2778608798980713,507338
1997-10-09,5.4649457931518555,5.550146102905273,5.440604209899902,5.550146102905273,2.3185360431671143,817492
1997-10-10,5.537974834442139,5.598832130432129,5.525803089141846,5.592745780944824,2.3363325595855713,940732
1997-10-13,5.7083740234375,5.903116226196289,5.696203231811523,5.781402111053467,2.4151411056518555,708630
1997-10-14,5.79357385635376,5.79357385635376,5.684031009674072,5.684031009674072,2.3744654655456543,473447
1997-10-15,5.671860218048096,5.677945137023926,5.671860218048096,5.677945137023926,2.3719234466552734,75998
1997-10-16,5.684031009674072,5.690116882324219,5.6536030769348145,5.6536030769348145,2.361755609512329,108862
1997-10-17,5.647517204284668,5.647517204284668,5.641430854797363,5.647517204284668,2.3592121601104736,459069
1997-10-20,5.647517204284668,5.647517204284668,5.586659908294678,5.592745780944824,2.3363325595855713,164320
1997-10-21,5.592745780944824,5.592745780944824,5.55623197555542,5.55623197555542,2.321077823638916,82160
1997-10-22,5.56231689453125,5.56231689453125,5.55623197555542,5.56231689453125,2.3236207962036133,284479
1997-10-23,5.537974834442139,5.537974834442139,5.477118015289307,5.483203887939453,2.2905712127685547,111943
1997-10-24,5.47103214263916,5.483203887939453,5.47103214263916,5.47103214263916,2.2854866981506348,35945
1997-10-27,5.47103214263916,5.47103214263916,5.093719959259033,5.093719959259033,2.127866744995117,283452
1997-10-28,4.911149024963379,4.947662830352783,4.771177768707275,4.941576957702637,2.064309597015381,790790
1997-10-29,4.990262985229492,5.1606621742248535,4.984177112579346,5.008520126342773,2.0922751426696777,452907
1997-10-30,4.990262985229492,5.002433776855469,4.9659199714660645,4.9659199714660645,2.074479103088379,118105
1997-10-31,4.990262985229492,5.051119804382324,4.984177112579346,5.051119804382324,2.1100709438323975,278317
1997-11-03,5.063291072845459,5.063291072845459,4.996348857879639,4.996348857879639,2.087191104888916,209508
1997-11-04,4.996348857879639,4.996348857879639,4.996348857879639,4.996348857879639,2.087191104888916,0
1997-11-05,5.01460599899292,5.01460599899292,5.01460599899292,5.01460599899292,2.0948169231414795,16432
1997-11-06,5.038948059082031,5.105891227722168,5.01460599899292,5.093719959259033,2.127866744995117,133510
1997-11-07,5.075462818145752,5.075462818145752,4.9659199714660645,4.9659199714660645,2.074479103088379,32864
1997-11-10,4.959834098815918,4.959834098815918,4.905063152313232,4.905063152313232,2.0490570068359375,49296
1997-11-11,4.886806011199951,4.886806011199951,4.746835231781006,4.746835231781006,1.9829583168029785,117078
1997-11-12,4.746835231781006,4.746835231781006,4.23563814163208,4.308666229248047,1.7999153137207031,1077323
1997-11-13,4.308666229248047,4.442551136016846,4.308666229248047,4.375608921051025,1.827880859375,178698
1997-11-14,4.308666229248047,4.3816938400268555,4.308666229248047,4.3816938400268555,1.8304232358932495,673712
1997-11-17,4.406036853790283,4.521665096282959,4.406036853790283,4.466894149780273,1.8660149574279785,451880
1997-11-18,4.47906494140625,4.47906494140625,4.430379867553711,4.430379867553711,1.8507612943649292,84214
1997-11-19,4.442551136016846,4.5155792236328125,4.442551136016846,4.47906494140625,1.8710993528366089,598741
1997-11-20,4.47906494140625,4.5155792236328125,4.47906494140625,4.5155792236328125,1.8863530158996582,87295
1997-11-21,4.5277509689331055,4.5703511238098145,4.5277509689331055,4.5703511238098145,1.9092336893081665,85241
1997-11-24,4.47906494140625,4.47906494140625,4.454721927642822,4.454721927642822,1.860931158065796,387179
1997-11-25,4.466894149780273,4.497322082519531,4.454721927642822,4.454721927642822,1.860931158065796,492960
1997-11-26,4.466894149780273,4.47906494140625,4.454721927642822,4.47906494140625,1.8710993528366089,136591
1997-11-28,4.47906494140625,4.47906494140625,4.454721927642822,4.47906494140625,1.8710993528366089,314262
1997-12-01,4.503407955169678,4.509493827819824,4.4851508140563965,4.503407955169678,1.881268858909607,123240
1997-12-02,4.491237163543701,4.491237163543701,4.454721927642822,4.460807800292969,1.8634724617004395,250588
1997-12-03,4.448637008666992,4.503407955169678,4.448637008666992,4.503407955169678,1.881268858909607,837005
1997-12-04,4.5155792236328125,4.5764360427856445,4.5155792236328125,4.552093029022217,1.9016062021255493,149942
1997-12-05,4.558178901672363,4.56426477432251,4.53992223739624,4.53992223739624,1.8965221643447876,91403
1997-12-08,4.56426477432251,4.56426477432251,4.53992223739624,4.53992223739624,1.8965221643447876,98592
1997-12-09,4.5277509689331055,4.5277509689331055,4.199123859405518,4.199123859405518,1.7541557550430298,469339
1997-12-10,4.101753234863281,4.156524181365967,4.0774102210998535,4.156524181365967,1.7363595962524414,361504
1997-12-11,4.150437831878662,4.150437831878662,4.046980857849121,4.046980857849121,1.6905993223190308,66755
1997-12-12,4.053067207336426,4.053067207336426,3.9922099113464355,3.9922099113464355,1.6677190065383911,365612
1997-12-15,3.9678680896759033,3.9739530086517334,3.760953903198242,3.7974679470062256,1.5863664150238037,1009541
1997-12-16,3.7974679470062256,3.89483904838562,3.7974679470062256,3.870496988296509,1.6168739795684814,564850
1997-12-17,3.89483904838562,4.065238952636719,3.89483904838562,3.9922099113464355,1.6677190065383911,690144
1997-12-18,3.9922099113464355,4.08958101272583,3.9922099113464355,4.08958101272583,1.708395004272461,264966
1997-12-19,4.065238952636719,4.065238952636719,3.9922099113464355,4.004382133483887,1.6728034019470215,293722
1997-12-22,3.9922099113464355,3.9922099113464355,3.9313530921936035,3.949610948562622,1.6499229669570923,291668
1997-12-23,3.9678680896759033,3.98003888130188,3.949610948562622,3.98003888130188,1.6626344919204712,409773
1997-12-24,3.9556961059570312,3.9678680896759033,3.9556961059570312,3.9556961059570312,1.6524651050567627,71890
1997-12-26,3.9678680896759033,3.9678680896759033,3.919182062149048,3.919182062149048,1.6372119188308716,26702
1997-12-29,3.9435250759124756,4.162610054016113,3.9435250759124756,4.150437831878662,1.7338173389434814,626470
1997-12-30,4.162610054016113,4.24172306060791,4.156524181365967,4.199123859405518,1.7541557550430298,63674
1997-12-31,4.199123859405518,4.284323215484619,4.193037986755371,4.284323215484619,1.789746880531311,89349
1998-01-02,4.345180034637451,4.369523048400879,4.308666229248047,4.339094161987305,1.8126271963119507,325559
1998-01-05,4.357351779937744,4.3816938400268555,4.357351779937744,4.3816938400268555,1.8304232358932495,107835
1998-01-06,4.369523048400879,4.369523048400879,4.284323215484619,4.284323215484619,1.789746880531311,162266
1998-01-07,4.23563814163208,4.23563814163208,4.126094818115234,4.156524181365967,1.7363595962524414,116051
1998-01-08,4.08958101272583,4.08958101272583,3.919182062149048,3.919182062149048,1.6372119188308716,115024
1998-01-09,3.8218109607696533,3.8218109607696533,3.5175271034240723,3.5418701171875,1.4795920848846436,791817
1998-01-12,3.505354881286621,3.5114409923553467,3.4079840183258057,3.456670045852661,1.4440003633499146,853437
1998-01-13,3.481013059616089,3.481013059616089,3.4323270320892334,3.4323270320892334,1.4338319301605225,385125
1998-01-14,3.4444990158081055,3.456670045852661,3.219327926635742,3.274099111557007,1.3677328824996948,515554
1998-01-15,3.2680139541625977,3.2680139541625977,3.2375850677490234,3.2558419704437256,1.360106348991394,28756
1998-01-16,3.2680139541625977,3.310612916946411,3.2680139541625977,3.2984418869018555,1.377901554107666,143780
1998-01-20,3.310612916946411,3.334955930709839,3.2984418869018555,3.334955930709839,1.3931549787521362,579228
1998-01-21,3.347127914428711,3.4079840183258057,3.347127914428711,3.4079840183258057,1.423662543296814,300911
1998-01-22,3.39581298828125,3.39581298828125,3.3836419582366943,3.3836419582366943,1.413493275642395,153023
1998-01-23,3.4323270320892334,3.529697895050049,3.4201560020446777,3.529697895050049,1.4745073318481445,202319
1998-01-26,3.5114409923553467,3.5175271034240723,3.4323270320892334,3.456670045852661,1.4440003633499146,522743
1998-01-27,3.456670045852661,3.4931840896606445,3.4444990158081055,3.468841075897217,1.4490848779678345,862680
1998-01-28,3.468841075897217,3.5844690799713135,3.468841075897217,3.5783839225769043,1.4948456287384033,432367
1998-01-29,3.5966410636901855,3.694011926651001,3.572298049926758,3.651412010192871,1.5253528356552124,985920
1998-01-30,3.70009708404541,3.9435250759124756,3.70009708404541,3.919182062149048,1.6372119188308716,938678
1998-02-02,3.9435250759124756,4.08958101272583,3.9435250759124756,4.08958101272583,1.708395004272461,757926
1998-02-03,4.113924026489258,4.113924026489258,3.8826680183410645,3.9435250759124756,1.6473808288574219,829816
1998-02-04,3.9252679347991943,3.9678680896759033,3.870496988296509,3.9556961059570312,1.6524651050567627,525824
1998-02-05,3.9739530086517334,4.028724193572998,3.919182062149048,3.9556961059570312,1.6524651050567627,653172
1998-02-06,3.98003888130188,3.98003888130188,3.8583250045776367,3.8583250045776367,1.6117891073226929,516581
1998-02-09,3.8826680183410645,3.89483904838562,3.846153974533081,3.89483904838562,1.6270421743392944,138645
1998-02-10,3.9435250759124756,4.053067207336426,3.9435250759124756,4.02263879776001,1.680430293083191,290641
1998-02-11,4.010467052459717,4.132181167602539,4.010467052459717,4.0774102210998535,1.7033103704452515,381017
1998-02-12,4.101753234863281,4.17478084564209,4.101753234863281,4.126094818115234,1.723648190498352,222859
1998-02-13,4.144351959228516,4.247808933258057,4.144351959228516,4.223465919494629,1.7643243074417114,359450
1998-02-17,4.23563814163208,4.284323215484619,4.23563814163208,4.272151947021484,1.7846629619598389,153023
1998-02-18,4.278237819671631,4.345180034637451,4.272151947021484,4.320837020874023,1.8050005435943604,232102
1998-02-19,4.320837020874023,4.320837020874023,4.296494960784912,4.308666229248047,1.7999153137207031,167401
1998-02-20,4.333008766174316,4.333008766174316,4.284323215484619,4.308666229248047,1.7999153137207031,131456
1998-02-23,4.308666229248047,4.308666229248047,4.284323215484619,4.284323215484619,1.789746880531311,90376
1998-02-24,4.247808933258057,4.247808933258057,4.199123859405518,4.229551792144775,1.76686692237854,335829
1998-02-25,4.217381000518799,4.217381000518799,4.162610054016113,4.186952114105225,1.7490710020065308,271128
1998-02-26,4.186952114105225,4.23563814163208,4.113924026489258,4.113924026489258,1.7185636758804321,478582
1998-02-27,4.126094818115234,4.211295127868652,4.126094818115234,4.186952114105225,1.7490710020065308,198211
1998-03-02,4.211295127868652,4.369523048400879,4.211295127868652,4.369523048400879,1.8253387212753296,283452
1998-03-03,4.552093029022217,4.552093029022217,4.460807800292969,4.5277509689331055,1.8914371728897095,287560
1998-03-04,4.509493827819824,4.509493827819824,4.47906494140625,4.4851508140563965,1.873641848564148,297830
1998-03-05,4.418208122253418,4.454721927642822,4.406036853790283,4.430379867553711,1.8507612943649292,421070
1998-03-06,4.418208122253418,4.460807800292969,4.399950981140137,4.460807800292969,1.8634724617004395,207454
1998-03-09,4.448637008666992,4.5277509689331055,4.448637008666992,4.4851508140563965,1.873641848564148,573066
1998-03-10,4.491237163543701,4.503407955169678,4.491237163543701,4.503407955169678,1.881268858909607,130429
1998-03-11,4.5277509689331055,4.5703511238098145,4.5277509689331055,4.56426477432251,1.9066905975341797,567931
1998-03-12,4.56426477432251,4.5764360427856445,4.442551136016846,4.454721927642822,1.860931158065796,726089
1998-03-13,4.454721927642822,4.5155792236328125,4.454721927642822,4.503407955169678,1.881268858909607,507338
1998-03-16,4.491237163543701,4.5155792236328125,4.466894149780273,4.47298002243042,1.868557095527649,593606
1998-03-17,4.460807800292969,4.460807800292969,4.418208122253418,4.442551136016846,1.8558458089828491,271128
1998-03-18,4.430379867553711,4.430379867553711,4.3816938400268555,4.3816938400268555,1.8304232358932495,99619
1998-03-19,4.363437175750732,4.375608921051025,4.290409088134766,4.320837020874023,1.8050005435943604,188968
1998-03-20,4.320837020874023,4.320837020874023,4.247808933258057,4.284323215484619,1.789746880531311,848302
1998-03-23,4.247808933258057,4.272151947021484,4.17478084564209,4.186952114105225,1.7490710020065308,498095
1998-03-24,4.186952114105225,4.186952114105225,4.101753234863281,4.162610054016113,1.73890221118927,309127
1998-03-25,4.162610054016113,4.162610054016113,4.113924026489258,4.132181167602539,1.7261909246444702,790790
1998-03-26,4.132181167602539,4.1382670402526855,4.016552925109863,4.1382670402526855,1.7287331819534302,1798277
1998-03-27,4.156524181365967,4.162610054016113,4.1382670402526855,4.1382670402526855,1.7287331819534302,180752
1998-03-30,4.162610054016113,4.162610054016113,4.107838153839111,4.120009899139404,1.7211058139801025,256750
1998-03-31,4.126094818115234,4.284323215484619,4.126094818115234,4.284323215484619,1.789746880531311,839059
1998-04-01,4.284323215484619,4.284323215484619,4.24172306060791,4.253894805908203,1.777036190032959,193076
1998-04-02,4.253894805908203,4.259981155395508,4.23563814163208,4.23563814163208,1.769409418106079,193076
1998-04-03,4.23563814163208,4.247808933258057,4.23563814163208,4.23563814163208,1.769409418106079,221832
1998-04-06,4.24172306060791,4.308666229248047,4.23563814163208,4.308666229248047,1.7999153137207031,745602
1998-04-07,4.308666229248047,4.369523048400879,4.284323215484619,4.284323215484619,1.789746880531311,410800
1998-04-08,4.308666229248047,4.314752101898193,4.284323215484619,4.314752101898193,1.8024581670761108,1121484
1998-04-09,4.314752101898193,4.345180034637451,4.314752101898193,4.333008766174316,1.8100850582122803,31837
1998-04-13,4.32692289352417,4.32692289352417,4.296494960784912,4.314752101898193,1.8024581670761108,59566
1998-04-14,4.296494960784912,4.320837020874023,4.296494960784912,4.320837020874023,1.8050005435943604,318370
1998-04-15,4.308666229248047,4.333008766174316,4.308666229248047,4.32692289352417,1.807543158531189,169455
1998-04-16,4.339094161987305,4.339094161987305,4.314752101898193,4.314752101898193,1.8024581670761108,341991
1998-04-17,4.320837020874023,4.333008766174316,4.284323215484619,4.284323215484619,1.789746880531311,31837
1998-04-20,4.284323215484619,4.290409088134766,4.1808671951293945,4.205208778381348,1.7566980123519897,414908
1998-04-21,4.186952114105225,4.186952114105225,4.065238952636719,4.0774102210998535,1.7033103704452515,405665
1998-04-22,4.065238952636719,4.132181167602539,4.065238952636719,4.120009899139404,1.7211058139801025,136591
1998-04-23,4.132181167602539,4.156524181365967,4.132181167602539,4.144351959228516,1.731275200843811,35945
1998-04-24,4.132181167602539,4.132181167602539,4.065238952636719,4.065238952636719,1.6982260942459106,25675
1998-04-27,4.0774102210998535,4.0774102210998535,4.040895938873291,4.065238952636719,1.6982260942459106,589498
1998-04-28,4.065238952636719,4.211295127868652,4.065238952636719,4.211295127868652,1.7592408657073975,591552
1998-04-29,4.205208778381348,4.229551792144775,4.205208778381348,4.223465919494629,1.7644468545913696,444691
1998-04-30,4.23563814163208,4.23563814163208,4.223465919494629,4.229551792144775,1.7669892311096191,282425
1998-05-01,4.217381000518799,4.217381000518799,4.17478084564209,4.186952114105225,1.7491921186447144,49296
1998-05-04,4.186952114105225,4.205208778381348,4.186952114105225,4.199123859405518,1.7542771100997925,116051
1998-05-05,4.199123859405518,4.253894805908203,4.199123859405518,4.253894805908203,1.7771592140197754,223886
1998-05-06,4.259981155395508,4.259981155395508,4.247808933258057,4.259981155395508,1.779701828956604,192049
1998-05-07,4.259981155395508,4.259981155395508,4.253894805908203,4.253894805908203,1.7771592140197754,582309
1998-05-08,4.259981155395508,4.272151947021484,4.247808933258057,4.272151947021484,1.7847864627838135,171509
1998-05-11,4.259981155395508,4.259981155395508,4.199123859405518,4.199123859405518,1.7542771100997925,151996
1998-05-12,4.199123859405518,4.199123859405518,4.053067207336426,4.065238952636719,1.6983439922332764,929435
1998-05-13,4.0774102210998535,4.0774102210998535,3.8826680183410645,3.907011032104492,1.6322402954101562,758953
1998-05-14,3.89483904838562,3.89483904838562,3.870496988296509,3.870496988296509,1.6169860363006592,43134
1998-05-15,3.870496988296509,3.888753890991211,3.870496988296509,3.870496988296509,1.6169860363006592,59566
1998-05-18,3.8522400856018066,3.8522400856018066,3.694011926651001,3.760953903198242,1.571221947669983,634686
1998-05-19,3.7487831115722656,3.7487831115722656,3.6392409801483154,3.6879260540008545,1.540712833404541,665496
1998-05-20,3.7061829566955566,3.8096399307250977,3.7061829566955566,3.7974679470062256,1.5864765644073486,387179
1998-05-21,3.7974679470062256,3.7974679470062256,3.7974679470062256,3.7974679470062256,1.5864765644073486,278317
1998-05-22,3.7974679470062256,3.827897071838379,3.7913830280303955,3.7974679470062256,1.5864765644073486,184860
1998-05-26,3.7731258869171143,3.7731258869171143,3.5540409088134766,3.5540409088134766,1.4847795963287354,778466
1998-05-27,3.5175271034240723,3.5175271034240723,3.505354881286621,3.505354881286621,1.4644395112991333,317343
1998-05-28,3.5175271034240723,3.5175271034240723,3.3592989444732666,3.4323270320892334,1.4339314699172974,1311479
1998-05-29,3.4201560020446777,3.43841290473938,3.35321307182312,3.35321307182312,1.4008787870407104,270101
1998-06-01,3.365385055541992,3.3836419582366943,3.365385055541992,3.3714699745178223,1.4085063934326172,267020
1998-06-02,3.3836419582366943,3.3836419582366943,3.334955930709839,3.334955930709839,1.3932517766952515,397449
1998-06-03,3.3410420417785645,3.3410420417785645,3.2497570514678955,3.310612916946411,1.3830820322036743,522743
1998-06-04,3.310612916946411,3.310612916946411,3.286271095275879,3.310612916946411,1.3830820322036743,90376
1998-06-05,3.334955930709839,3.3714699745178223,3.334955930709839,3.3592989444732666,1.4034218788146973,270101
1998-06-08,3.377556085586548,3.3836419582366943,3.3592989444732666,3.3836419582366943,1.4135913848876953,187941
1998-06-09,3.4018990993499756,3.560127019882202,3.4018990993499756,3.5418701171875,1.4796947240829468,120159
1998-06-10,3.5418701171875,3.5662119388580322,3.456670045852661,3.4931840896606445,1.4593547582626343,436475
1998-06-11,3.481013059616089,3.481013059616089,3.3592989444732666,3.3592989444732666,1.4034218788146973,399503
1998-06-12,3.334955930709839,3.334955930709839,3.261928081512451,3.310612916946411,1.3830820322036743,761007
1998-06-15,3.310612916946411,3.310612916946411,3.2254140377044678,3.2254140377044678,1.3474884033203125,90376
1998-06-16,3.2254140377044678,3.2497570514678955,3.2132420539855957,3.2375850677490234,1.352573037147522,39026
1998-06-17,3.2497570514678955,3.2558419704437256,3.2497570514678955,3.2497570514678955,1.3576581478118896,58539
1998-06-18,3.24367094039917,3.286271095275879,3.24367094039917,3.2801849842071533,1.370369791984558,328640
1998-06-19,3.2801849842071533,3.2984418869018555,3.274099111557007,3.274099111557007,1.3678276538848877,171509
1998-06-22,3.274099111557007,3.274099111557007,3.2558419704437256,3.261928081512451,1.3627429008483887,63674
1998-06-23,3.274099111557007,3.334955930709839,3.274099111557007,3.3166990280151367,1.3856251239776611,888355
1998-06-24,3.3288700580596924,3.3288700580596924,3.2801849842071533,3.304527997970581,1.3805400133132935,783601
1998-06-25,3.292356014251709,3.292356014251709,3.20107102394104,3.20107102394104,1.3373181819915771,157131
1998-06-26,3.2254140377044678,3.261928081512451,3.2254140377044678,3.261928081512451,1.3627429008483887,600795
1998-06-29,3.286271095275879,3.310612916946411,3.286271095275879,3.292356014251709,1.3754545450210571,343018
1998-06-30,3.2801849842071533,3.2801849842071533,3.261928081512451,3.261928081512451,1.3627429008483887,290641
1998-07-01,3.274099111557007,3.292356014251709,3.2680139541625977,3.286271095275879,1.3729125261306763,25675
1998-07-02,3.2984418869018555,3.310612916946411,3.286271095275879,3.286271095275879,1.3729125261306763,545337
1998-07-06,3.261928081512451,3.2984418869018555,3.261928081512451,3.261928081512451,1.3627429008483887,383071
1998-07-07,3.292356014251709,3.322784900665283,3.2801849842071533,3.322784900665283,1.3881670236587524,481663
1998-07-08,3.322784900665283,3.3592989444732666,3.322784900665283,3.3592989444732666,1.4034218788146973,242372
1998-07-09,3.3592989444732666,3.3592989444732666,3.334955930709839,3.334955930709839,1.3932517766952515,813384
1998-07-10,3.347127914428711,3.3714699745178223,3.347127914428711,3.3714699745178223,1.4085063934326172,198211
1998-07-13,3.3897271156311035,3.529697895050049,3.3897271156311035,3.4323270320892334,1.4339314699172974,729170
1998-07-14,3.4444990158081055,3.4444990158081055,3.4444990158081055,3.4444990158081055,1.439016580581665,106808
1998-07-15,3.4444990158081055,3.481013059616089,3.4444990158081055,3.481013059616089,1.454270362854004,412854
1998-07-16,3.4931840896606445,3.651412010192871,3.4931840896606445,3.651412010192871,1.525458574295044,721981
1998-07-17,3.651412010192871,3.827897071838379,3.651412010192871,3.827897071838379,1.5991888046264648,257777
1998-07-20,3.8400681018829346,3.870496988296509,3.803554058074951,3.803554058074951,1.5890190601348877,62647
1998-07-21,3.833981990814209,3.833981990814209,3.7487831115722656,3.7487831115722656,1.566137433052063,242372
1998-07-22,3.760953903198242,3.760953903198242,3.651412010192871,3.651412010192871,1.525458574295044,98592
1998-07-23,3.651412010192871,3.651412010192871,3.529697895050049,3.529697895050049,1.4746094942092896,1809574
1998-07-24,3.5175271034240723,3.529697895050049,3.5175271034240723,3.5175271034240723,1.46952486038208,273182
1998-07-27,3.5175271034240723,3.5175271034240723,3.4444990158081055,3.4505839347839355,1.4415581226348877,307073
1998-07-28,3.4505839347839355,3.4505839347839355,3.414069890975952,3.414069890975952,1.4263033866882324,230048
1998-07-29,3.3836419582366943,3.3836419582366943,3.2132420539855957,3.2132420539855957,1.3424031734466553,549445
1998-07-30,3.2132420539855957,3.274099111557007,3.2132420539855957,3.2680139541625977,1.3652852773666382,354315
1998-07-31,3.286271095275879,3.4323270320892334,3.286271095275879,3.4079840183258057,1.423761010169983,353288
1998-08-03,3.4079840183258057,3.4079840183258057,3.347127914428711,3.39581298828125,1.4186761379241943,298857
1998-08-04,3.3836419582366943,3.3836419582366943,3.3592989444732666,3.3592989444732666,1.4034218788146973,428259
1998-08-05,3.347127914428711,3.347127914428711,3.334955930709839,3.334955930709839,1.3932517766952515,8216
1998-08-06,3.347127914428711,3.3714699745178223,3.347127914428711,3.365385055541992,1.4059643745422363,12324
1998-08-07,3.35321307182312,3.35321307182312,3.2558419704437256,3.2680139541625977,1.3652852773666382,1330992
1998-08-10,3.261928081512451,3.261928081512451,3.261928081512451,3.261928081512451,1.3627429008483887,102700
1998-08-11,3.2375850677490234,3.2375850677490234,3.09152889251709,3.115870952606201,1.3017243146896362,448799
1998-08-12,3.140213966369629,3.152385950088501,3.115870952606201,3.115870952606201,1.3017243146896362,103727
1998-08-13,3.115870952606201,3.115870952606201,3.0854430198669434,3.0854430198669434,1.2890123128890991,54431
1998-08-14,3.0854430198669434,3.097614049911499,3.067186117172241,3.067186117172241,1.2813853025436401,151996
1998-08-17,3.0428431034088135,3.0428431034088135,2.9211299419403076,2.957643985748291,1.235621690750122,164320
1998-08-18,2.9698150157928467,2.9698150157928467,2.957643985748291,2.957643985748291,1.235621690750122,22594
1998-08-19,2.945472002029419,2.945472002029419,2.945472002029419,2.945472002029419,1.2305365800857544,9243
1998-08-20,2.9333009719848633,2.9333009719848633,2.6046741008758545,2.641187906265259,1.1034151315689087,731224
1998-08-21,2.5803310871124268,2.5803310871124268,2.2030189037323,2.568160057067871,1.0729056596755981,1268345
1998-08-24,2.54990291595459,2.5803310871124268,2.5377309322357178,2.5377309322357178,1.0601933002471924,182806
1998-08-25,2.54990291595459,2.6290171146392822,2.54990291595459,2.5803310871124268,1.0779904127120972,361504
1998-08-26,2.495131015777588,2.5133891105651855,2.434274911880493,2.4525320529937744,1.0245996713638306,244426
1998-08-27,2.403846025466919,2.403846025466919,1.9839340448379517,2.0508759021759033,0.8567990660667419,1359748
1998-08-28,2.075218915939331,2.16650390625,1.9961049556732178,2.0691330432891846,0.86442631483078,389233
1998-08-31,2.0934760570526123,2.1543331146240234,2.0447909832000732,2.0934760570526123,0.8745960593223572,255723
1998-09-01,2.0934760570526123,2.1847610473632812,2.0934760570526123,2.1725900173187256,0.9076474905014038,495014
1998-09-02,2.1725900173187256,2.1908469200134277,2.1421620845794678,2.1421620845794678,0.8949357867240906,361504
1998-09-03,2.11781907081604,2.136075973510742,1.9778480529785156,2.014362096786499,0.841544508934021,289614
1998-09-04,2.00827693939209,2.0447909832000732,2.00827693939209,2.0447909832000732,0.8542566895484924,193076
1998-09-08,2.0691330432891846,2.1421620845794678,2.0447909832000732,2.136075973510742,0.8923932313919067,458042
1998-09-09,2.16041898727417,2.1969330310821533,2.1239049434661865,2.178675889968872,0.9101904034614563,448799
1998-09-10,2.16041898727417,2.16041898727417,2.00827693939209,2.00827693939209,0.839002251625061,1027000
1998-09-11,1.9839340448379517,2.0813050270080566,1.9474200010299683,2.0813050270080566,0.8695114254951477,861653
1998-09-14,2.0813050270080566,2.1421620845794678,2.0691330432891846,2.1117329597473145,0.8822234272956848,548418
1998-09-15,2.11781907081604,2.300389051437378,2.11781907081604,2.300389051437378,0.9610382914543152,414908
1998-09-16,2.4586169719696045,2.4707889556884766,2.373418092727661,2.3855888843536377,0.9966327548027039,771277
1998-09-17,2.3369040489196777,2.3369040489196777,2.2882180213928223,2.300389051437378,0.9610382914543152,640848
1998-09-18,2.300389051437378,2.361246109008789,2.2760469913482666,2.31256103515625,0.9661237001419067,412854
1998-09-21,2.300389051437378,2.300389051437378,2.2456181049346924,2.251703977584839,0.9406996369361877,139672
1998-09-22,2.2638750076293945,2.300389051437378,2.239532947540283,2.2760469913482666,0.950869083404541,1520987
1998-09-23,2.300389051437378,2.555988073348999,2.300389051437378,2.54990291595459,1.065278172492981,1015703
1998-09-24,2.5377309322357178,2.7750730514526367,2.5012168884277344,2.5925021171569824,1.0830752849578857,1017757
1998-09-25,2.568160057067871,2.5925021171569824,2.5316460132598877,2.5925021171569824,1.0830752849578857,392314
1998-09-28,2.616844892501831,2.7142159938812256,2.616844892501831,2.689872980117798,1.1237540245056152,510419
1998-09-29,2.7142159938812256,2.7872440814971924,2.7142159938812256,2.750730037689209,1.1491787433624268,113997
1998-09-30,2.7263879776000977,2.8602728843688965,2.7263879776000977,2.835930109024048,1.1847728490829468,475501
1998-10-01,2.81158709526062,2.81158709526062,2.7142159938812256,2.7568159103393555,1.1517212390899658,651118
1998-10-02,2.7385590076446533,2.823759078979492,2.7385590076446533,2.8055009841918945,1.1720600128173828,992082
1998-10-05,2.7324728965759277,2.762902021408081,2.7142159938812256,2.7385590076446533,1.1440938711166382,480636
1998-10-06,2.762902021408081,2.7994160652160645,2.7568159103393555,2.762902021408081,1.1542637348175049,386152
1998-10-07,2.762902021408081,2.762902021408081,2.750730037689209,2.750730037689209,1.1491787433624268,299884
1998-10-08,2.7263879776000977,2.7263879776000977,2.598587989807129,2.6290171146392822,1.0983301401138306,337883
1998-10-09,2.6533589363098145,2.9698150157928467,2.641187906265259,2.872443914413452,1.2000271081924438,721981
1998-10-12,2.8785300254821777,2.9333009719848633,2.8785300254821777,2.9211299419403076,1.2203667163848877,306046
1998-10-13,2.9211299419403076,2.957643985748291,2.915044069290161,2.945472002029419,1.2305365800857544,845221
1998-10-14,2.939387083053589,2.939387083053589,2.939387083053589,2.939387083053589,1.2279940843582153,4108
1998-10-15,2.945472002029419,2.9698150157928467,2.927215099334717,2.957643985748291,1.235621690750122,1161537
1998-10-16,3.0002429485321045,3.1036999225616455,3.0002429485321045,3.09152889251709,1.2915550470352173,355342
1998-10-19,3.097614049911499,3.140213966369629,3.0854430198669434,3.1280429363250732,1.306809425354004,857545
1998-10-20,3.1645569801330566,3.2254140377044678,3.1645569801330566,3.20107102394104,1.3373181819915771,438529
1998-10-21,3.20107102394104,3.304527997970581,3.15847110748291,3.304527997970581,1.3805400133132935,818519
1998-10-22,3.292356014251709,3.334955930709839,3.2680139541625977,3.334955930709839,1.3932517766952515,563823
1998-10-23,3.347127914428711,3.3592989444732666,3.347127914428711,3.347127914428711,1.3983372449874878,242372
1998-10-26,3.3592989444732666,3.3714699745178223,3.3592989444732666,3.3714699745178223,1.4085063934326172,51350
1998-10-27,3.3592989444732666,3.3592989444732666,3.2132420539855957,3.286271095275879,1.3729125261306763,417989
1998-10-28,3.261928081512451,3.261928081512451,3.1767280101776123,3.182813882827759,1.3296912908554077,192049
1998-10-29,3.1645569801330566,3.182813882827759,3.152385950088501,3.1706430912017822,1.3246067762374878,381017
1998-10-30,3.1949849128723145,3.2375850677490234,3.1949849128723145,3.2375850677490234,1.352573037147522,319397
1998-11-02,3.2254140377044678,3.468841075897217,3.2254140377044678,3.3897271156311035,1.416133999824524,440583
1998-11-03,3.426240921020508,3.6027259826660156,3.426240921020508,3.59055495262146,1.5000343322753906,459069
1998-11-04,3.6148979663848877,3.870496988296509,3.6148979663848877,3.8583250045776367,1.611901044845581,819546
1998-11-05,3.846153974533081,3.846153974533081,3.78529691696167,3.7974679470062256,1.5864765644073486,389233
1998-11-06,3.78529691696167,3.89483904838562,3.78529691696167,3.89483904838562,1.6271551847457886,1155375
1998-11-09,3.870496988296509,3.8826680183410645,3.8644111156463623,3.8644111156463623,1.6144434213638306,243399
1998-11-10,3.8400681018829346,3.8522400856018066,3.8096399307250977,3.8522400856018066,1.6093591451644897,669604
1998-11-11,3.8522400856018066,3.8522400856018066,3.8522400856018066,3.8522400856018066,1.6093591451644897,0
1998-11-12,3.827897071838379,3.8400681018829346,3.803554058074951,3.8096399307250977,1.591561198234558,180752
1998-11-13,3.7974679470062256,3.7974679470062256,3.7913830280303955,3.7974679470062256,1.5864765644073486,353288
1998-11-16,3.7974679470062256,3.815725088119507,3.7974679470062256,3.7974679470062256,1.5864765644073486,72917
1998-11-17,3.803554058074951,3.803554058074951,3.70009708404541,3.7061829566955566,1.5483397245407104,353288
1998-11-18,3.694011926651001,3.7305259704589844,3.694011926651001,3.7305259704589844,1.558510184288025,276263
1998-11-19,3.724440097808838,3.7305259704589844,3.7183539867401123,3.724440097808838,1.5559673309326172,352261
1998-11-20,3.7305259704589844,3.74269700050354,3.7305259704589844,3.74269700050354,1.563594937324524,104754
1998-11-23,3.754868984222412,3.754868984222412,3.724440097808838,3.7305259704589844,1.558510184288025,661388
1998-11-24,3.7305259704589844,3.7305259704589844,3.6392409801483154,3.6696689128875732,1.5330859422683716,521716
1998-11-25,3.675755023956299,3.6879260540008545,3.6635830402374268,3.675755023956299,1.5356285572052002,497068
1998-11-27,3.70009708404541,3.7974679470062256,3.70009708404541,3.7487831115722656,1.566137433052063,348153
1998-11-30,3.7487831115722656,3.760953903198242,3.7487831115722656,3.7487831115722656,1.566137433052063,346099
1998-12-01,3.7305259704589844,3.74269700050354,3.6879260540008545,3.74269700050354,1.563594937324524,239291
1998-12-02,3.7305259704589844,3.7305259704589844,3.6635830402374268,3.70009708404541,1.5457979440689087,316316
1998-12-03,3.6879260540008545,3.6879260540008545,3.6027259826660156,3.6148979663848877,1.51020348072052,521716
1998-12-04,3.6148979663848877,3.6148979663848877,3.5783839225769043,3.59055495262146,1.5000343322753906,56485
1998-12-07,3.5966410636901855,3.5966410636901855,3.529697895050049,3.5418701171875,1.4796947240829468,261885
1998-12-08,3.54795503616333,3.5844690799713135,3.529697895050049,3.5844690799713135,1.4974915981292725,364585
1998-12-09,3.572298049926758,3.572298049926758,3.468841075897217,3.468841075897217,1.4491852521896362,153023
1998-12-10,3.468841075897217,3.4931840896606445,3.3836419582366943,3.3897271156311035,1.416133999824524,478582
1998-12-11,3.365385055541992,3.39581298828125,3.334955930709839,3.39581298828125,1.4186761379241943,382044
1998-12-14,3.3836419582366943,3.3836419582366943,3.3166990280151367,3.3714699745178223,1.4085063934326172,374855
1998-12-15,3.3714699745178223,3.4444990158081055,3.3714699745178223,3.4201560020446777,1.4288462400436401,670631
1998-12-16,3.426240921020508,3.456670045852661,3.426240921020508,3.456670045852661,1.4441006183624268,309127
1998-12-17,3.456670045852661,3.481013059616089,3.4444990158081055,3.468841075897217,1.4491852521896362,458042
1998-12-18,3.468841075897217,3.5540409088134766,3.468841075897217,3.5540409088134766,1.4847795963287354,203346
1998-12-21,3.5418701171875,3.5662119388580322,3.5418701171875,3.5662119388580322,1.489864468574524,209508
1998-12-22,3.560127019882202,3.560127019882202,3.468841075897217,3.468841075897217,1.4491852521896362,1045486
1998-12-23,3.456670045852661,3.456670045852661,3.39581298828125,3.4079840183258057,1.423761010169983,184860
1998-12-24,3.4079840183258057,3.414069890975952,3.4018990993499756,3.414069890975952,1.4263033866882324,139672
1998-12-28,3.4079840183258057,3.4079840183258057,3.334955930709839,3.334955930709839,1.3932517766952515,182806
1998-12-29,3.322784900665283,3.322784900665283,3.286271095275879,3.286271095275879,1.3729125261306763,68809
1998-12-30,3.274099111557007,3.274099111557007,3.261928081512451,3.261928081512451,1.3627429008483887,93457
1998-12-31,3.261928081512451,3.292356014251709,3.261928081512451,3.2801849842071533,1.370369791984558,44161
1999-01-04,3.286271095275879,3.2984418869018555,3.286271095275879,3.2984418869018555,1.3779973983764648,26702
1999-01-05,3.310612916946411,3.39581298828125,3.310612916946411,3.3714699745178223,1.4085063934326172,316316
1999-01-06,3.3592989444732666,3.4079840183258057,3.3592989444732666,3.3836419582366943,1.4135913848876953,295776
1999-01-07,3.3592989444732666,3.3592989444732666,3.310612916946411,3.322784900665283,1.3881670236587524,223886
1999-01-08,3.3166990280151367,3.3410420417785645,3.310612916946411,3.322784900665283,1.3881670236587524,79079
1999-01-11,3.334955930709839,3.334955930709839,3.274099111557007,3.286271095275879,1.3729125261306763,55458
1999-01-12,3.274099111557007,3.274099111557007,3.140213966369629,3.1949849128723145,1.3347759246826172,157131
1999-01-13,2.823759078979492,2.9211299419403076,2.823759078979492,2.9211299419403076,1.2203667163848877,413881
1999-01-14,2.9089579582214355,2.9333009719848633,2.8602728843688965,2.872443914413452,1.2000271081924438,213616
1999-01-15,2.884614944458008,2.975900888442993,2.884614944458008,2.957643985748291,1.235621690750122,227994
1999-01-19,2.9333009719848633,2.963728904724121,2.9333009719848633,2.963728904724121,1.2381635904312134,189995
1999-01-20,2.9819860458374023,3.067186117172241,2.9819860458374023,3.0550150871276855,1.2763009071350098,564850
1999-01-21,3.04892897605896,3.0550150871276855,3.0428431034088135,3.0428431034088135,1.2712154388427734,48269
1999-01-22,3.0185000896453857,3.1888999938964844,2.9819860458374023,3.1645569801330566,1.3220638036727905,764088
1999-01-25,3.1767280101776123,3.4079840183258057,3.1767280101776123,3.3288700580596924,1.3907092809677124,444691
1999-01-26,3.3288700580596924,3.3288700580596924,3.304527997970581,3.304527997970581,1.3805400133132935,184860
1999-01-27,3.292356014251709,3.2984418869018555,3.2497570514678955,3.2984418869018555,1.3779973983764648,401557
1999-01-28,3.2984418869018555,3.334955930709839,3.2984418869018555,3.322784900665283,1.3881670236587524,236210
1999-01-29,3.3288700580596924,3.3288700580596924,3.1888999938964844,3.20107102394104,1.3373181819915771,443664
1999-02-01,3.2254140377044678,3.2984418869018555,3.2254140377044678,3.2984418869018555,1.3779973983764648,30810
1999-02-02,3.2984418869018555,3.2984418869018555,3.2984418869018555,3.2984418869018555,1.3779973983764648,26702
1999-02-03,3.322784900665283,3.365385055541992,3.322784900665283,3.322784900665283,1.3881670236587524,366639
1999-02-04,3.310612916946411,3.334955930709839,3.310612916946411,3.322784900665283,1.3881670236587524,69836
1999-02-05,3.334955930709839,3.3714699745178223,3.334955930709839,3.334955930709839,1.3932517766952515,160212
1999-02-08,3.334955930709839,3.35321307182312,3.334955930709839,3.35321307182312,1.4008787870407104,94484
1999-02-09,3.365385055541992,3.4079840183258057,3.365385055541992,3.377556085586548,1.411049485206604,234156
1999-02-10,3.3897271156311035,3.3897271156311035,3.3592989444732666,3.3592989444732666,1.4034218788146973,27729
1999-02-11,3.365385055541992,3.481013059616089,3.365385055541992,3.4079840183258057,1.423761010169983,641875
1999-02-12,3.3714699745178223,3.3714699745178223,3.3714699745178223,3.3714699745178223,1.4085063934326172,225940
1999-02-16,3.3592989444732666,3.3592989444732666,3.310612916946411,3.322784900665283,1.3881670236587524,255723
1999-02-17,3.322784900665283,3.3288700580596924,3.310612916946411,3.3288700580596924,1.3907092809677124,428259
1999-02-18,3.35321307182312,3.4079840183258057,3.35321307182312,3.4079840183258057,1.423761010169983,211562
1999-02-19,3.4323270320892334,3.4323270320892334,3.4079840183258057,3.4079840183258057,1.423761010169983,348153
1999-02-22,3.426240921020508,3.456670045852661,3.426240921020508,3.4323270320892334,1.4339314699172974,317343
1999-02-23,3.4444990158081055,3.4444990158081055,3.4201560020446777,3.4444990158081055,1.439016580581665,107835
1999-02-24,3.4444990158081055,3.4444990158081055,3.414069890975952,3.4323270320892334,1.4339314699172974,834951
1999-02-25,3.4201560020446777,3.4201560020446777,3.2497570514678955,3.2497570514678955,1.3576581478118896,556634
1999-02-26,3.067186117172241,3.067186117172241,2.89678692817688,2.9211299419403076,1.2203667163848877,2308696
1999-03-01,2.9211299419403076,2.9211299419403076,2.6533589363098145,2.750730037689209,1.1491787433624268,2348749
1999-03-02,2.7263879776000977,2.81158709526062,2.677701950073242,2.7263879776000977,1.1390094757080078,661388
1999-03-03,2.750730037689209,2.7750730514526367,2.7385590076446533,2.762902021408081,1.1542637348175049,1263210
1999-03-04,2.7994160652160645,2.9333009719848633,2.7994160652160645,2.915044069290161,1.2178244590759277,648037
1999-03-05,2.9333009719848633,2.9941580295562744,2.9333009719848633,2.9819860458374023,1.245790719985962,460096
1999-03-08,2.9819860458374023,2.9819860458374023,2.9698150157928467,2.9698150157928467,1.2407060861587524,121186
1999-03-09,2.9698150157928467,2.9698150157928467,2.939387083053589,2.945472002029419,1.2305365800857544,214643
1999-03-10,2.945472002029419,2.945472002029419,2.872443914413452,2.902872085571289,1.21273934841156,648037
1999-03-11,2.9333009719848633,3.030672073364258,2.9333009719848633,2.9698150157928467,1.2407060861587524,951002
1999-03-12,2.975900888442993,2.9941580295562744,2.872443914413452,2.8907010555267334,1.2076542377471924,457015
1999-03-15,2.8663580417633057,2.8663580417633057,2.823759078979492,2.8481009006500244,1.1898579597473145,333775
1999-03-16,2.8481009006500244,2.9089579582214355,2.744645118713379,2.768986940383911,1.1568059921264648,982839
1999-03-17,2.744645118713379,2.7994160652160645,2.744645118713379,2.7994160652160645,1.1695181131362915,200265
1999-03-18,2.7872440814971924,2.884614944458008,2.7872440814971924,2.884614944458008,1.205112099647522,528905
1999-03-19,2.9333009719848633,2.945472002029419,2.9211299419403076,2.9333009719848633,1.2254514694213867,1444989
1999-03-22,2.9333009719848633,2.945472002029419,2.9333009719848633,2.945472002029419,1.2305365800857544,120159
1999-03-23,2.945472002029419,2.945472002029419,2.884614944458008,2.89678692817688,1.2101969718933105,287560
1999-03-24,2.9089579582214355,2.9089579582214355,2.89678692817688,2.89678692817688,1.2101969718933105,30810
1999-03-25,2.89678692817688,2.957643985748291,2.89678692817688,2.939387083053589,1.2279940843582153,487825
1999-03-26,2.957643985748291,2.9941580295562744,2.945472002029419,2.988071918487549,1.248333215713501,229021
1999-03-29,2.988071918487549,2.9941580295562744,2.975900888442993,2.988071918487549,1.248333215713501,440583
1999-03-30,3.0002429485321045,3.0245859622955322,3.0002429485321045,3.0185000896453857,1.2610453367233276,122213
1999-03-31,3.0185000896453857,3.115870952606201,3.0185000896453857,3.115870952606201,1.3017243146896362,207454
1999-04-01,3.109786033630371,3.115870952606201,3.09152889251709,3.09152889251709,1.2915550470352173,194103
1999-04-05,3.0854430198669434,3.2254140377044678,3.0854430198669434,3.219327926635742,1.3449455499649048,549445
1999-04-06,3.219327926635742,3.310612916946411,3.219327926635742,3.304527997970581,1.3805400133132935,1051648
1999-04-07,3.3166990280151367,3.39581298828125,3.310612916946411,3.3410420417785645,1.3957942724227905,851383
1999-04-08,3.334955930709839,3.39581298828125,3.334955930709839,3.3714699745178223,1.4085063934326172,131456
1999-04-09,3.3592989444732666,3.365385055541992,3.3592989444732666,3.365385055541992,1.4059643745422363,72917
1999-04-12,3.3592989444732666,3.3714699745178223,3.3592989444732666,3.365385055541992,1.4059643745422363,19513
1999-04-13,3.3592989444732666,3.3592989444732666,3.310612916946411,3.3166990280151367,1.3856251239776611,374855
1999-04-14,3.310612916946411,3.3592989444732666,3.310612916946411,3.3166990280151367,1.3856251239776611,449826
1999-04-15,3.3288700580596924,3.3836419582366943,3.3288700580596924,3.377556085586548,1.411049485206604,366639
1999-04-16,3.39581298828125,3.5540409088134766,3.39581298828125,3.54795503616333,1.4822371006011963,319397
1999-04-19,3.651412010192871,3.7974679470062256,3.651412010192871,3.74269700050354,1.563594937324524,817492
1999-04-20,3.724440097808838,3.74269700050354,3.694011926651001,3.74269700050354,1.563594937324524,842140
1999-04-21,3.754868984222412,3.754868984222412,3.633155107498169,3.633155107498169,1.5178312063217163,425178
1999-04-22,3.6148979663848877,3.6148979663848877,3.5540409088134766,3.5540409088134766,1.4847795963287354,60593
1999-04-23,3.5662119388580322,3.5662119388580322,3.456670045852661,3.5540409088134766,1.4847795963287354,877058
1999-04-26,3.5662119388580322,3.5662119388580322,3.4931840896606445,3.505354881286621,1.4644395112991333,116051
1999-04-27,3.529697895050049,3.529697895050049,3.456670045852661,3.468841075897217,1.4491852521896362,173563
1999-04-28,3.3592989444732666,3.4323270320892334,3.3592989444732666,3.4323270320892334,1.4868521690368652,230048
1999-04-29,3.4079840183258057,3.481013059616089,3.4079840183258057,3.481013059616089,1.5079424381256104,20791615
1999-04-30,3.481013059616089,3.651412010192871,3.481013059616089,3.59055495262146,1.555395245552063,538148
1999-05-03,3.5783839225769043,3.675755023956299,3.5783839225769043,3.6696689128875732,1.5896668434143066,146861
1999-05-04,3.694011926651001,3.7487831115722656,3.694011926651001,3.7487831115722656,1.623937726020813,622362
1999-05-05,3.7366108894348145,3.7366108894348145,3.70009708404541,3.70009708404541,1.6028474569320679,143780
1999-05-06,3.7122690677642822,3.870496988296509,3.7122690677642822,3.846153974533081,1.6661179065704346,610038
1999-05-07,3.870496988296509,3.9678680896759033,3.870496988296509,3.919182062149048,1.6977531909942627,340964
1999-05-10,3.9313530921936035,4.126094818115234,3.9313530921936035,4.107838153839111,1.7794773578643799,598741
1999-05-11,4.08349609375,4.095666885375977,4.040895938873291,4.046980857849121,1.7531142234802246,197184
1999-05-12,4.02263879776001,4.02263879776001,3.89483904838562,3.89483904838562,1.687207818031311,205400
1999-05-13,3.870496988296509,3.9313530921936035,3.870496988296509,3.9252679347991943,1.7003896236419678,673712
1999-05-14,3.9130959510803223,3.919182062149048,3.8826680183410645,3.8826680183410645,1.6819356679916382,166374
1999-05-17,3.89483904838562,3.89483904838562,3.8644111156463623,3.89483904838562,1.687207818031311,150969
1999-05-18,3.9009249210357666,3.9009249210357666,3.888753890991211,3.89483904838562,1.687207818031311,72917
1999-05-19,3.870496988296509,3.8826680183410645,3.8096399307250977,3.8218109607696533,1.6555728912353516,220805
1999-05-20,3.8218109607696533,3.8218109607696533,3.7974679470062256,3.7974679470062256,1.6450276374816895,7189
1999-05-21,3.7792110443115234,3.7792110443115234,3.7487831115722656,3.7487831115722656,1.623937726020813,116051
1999-05-24,3.7670400142669678,3.7670400142669678,3.505354881286621,3.54795503616333,1.536940574645996,396422
1999-05-25,3.54795503616333,3.54795503616333,3.456670045852661,3.487097978591919,1.5105782747268677,180752
1999-05-26,3.481013059616089,3.499269962310791,3.481013059616089,3.487097978591919,1.5105782747268677,303992
1999-05-27,3.487097978591919,3.487097978591919,3.4079840183258057,3.4079840183258057,1.4763075113296509,312208
1999-05-28,3.4079840183258057,3.4079840183258057,3.377556085586548,3.39581298828125,1.4710347652435303,151996
1999-06-01,3.39581298828125,3.4018990993499756,3.334955930709839,3.3714699745178223,1.4604891538619995,335829
1999-06-02,3.3592989444732666,3.3592989444732666,3.347127914428711,3.3592989444732666,1.4552173614501953,257777
1999-06-03,3.3836419582366943,3.39581298828125,3.3836419582366943,3.39581298828125,1.4710347652435303,20664267
1999-06-04,3.39581298828125,3.4079840183258057,3.39581298828125,3.4079840183258057,1.4763075113296509,80106
1999-06-07,3.4079840183258057,3.4323270320892334,3.4079840183258057,3.414069890975952,1.4789432287216187,704522
1999-06-08,3.4323270320892334,3.456670045852661,3.39581298828125,3.4079840183258057,1.4763075113296509,312208
1999-06-09,3.414069890975952,3.4323270320892334,3.4079840183258057,3.4323270320892334,1.4868521690368652,416962
1999-06-10,3.4323270320892334,3.4323270320892334,3.4201560020446777,3.426240921020508,1.4842150211334229,121186
1999-06-11,3.426240921020508,3.5662119388580322,3.426240921020508,3.5175271034240723,1.5237599611282349,282425
1999-06-14,3.505354881286621,3.5662119388580322,3.499269962310791,3.505354881286621,1.5184868574142456,219778
1999-06-15,3.4931840896606445,3.505354881286621,3.487097978591919,3.499269962310791,1.5158514976501465,119132
1999-06-16,3.4931840896606445,3.5418701171875,3.4931840896606445,3.5114409923553467,1.5211235284805298,676793
1999-06-17,3.5236120223999023,3.5783839225769043,3.5236120223999023,3.5783839225769043,1.5501222610473633,110916
1999-06-18,3.5662119388580322,3.5662119388580322,3.529697895050049,3.5540409088134766,1.5395781993865967,120159
1999-06-21,3.572298049926758,3.6392409801483154,3.572298049926758,3.633155107498169,1.5738484859466553,726089
1999-06-22,3.6270689964294434,3.7487831115722656,3.6270689964294434,3.7122690677642822,1.608120083808899,328640
1999-06-23,3.6879260540008545,3.6879260540008545,3.572298049926758,3.5844690799713135,1.5527585744857788,413881
1999-06-24,3.560127019882202,3.560127019882202,3.5418701171875,3.5418701171875,1.5343046188354492,39026
1999-06-25,3.54795503616333,3.5540409088134766,3.4323270320892334,3.4323270320892334,1.4868521690368652,610038
1999-06-28,3.4079840183258057,3.4079840183258057,3.39581298828125,3.39581298828125,1.4710347652435303,47242
1999-06-29,3.3897271156311035,3.4079840183258057,3.3897271156311035,3.4079840183258057,1.4763075113296509,28756
1999-06-30,3.4201560020446777,3.456670045852661,3.4079840183258057,3.4444990158081055,1.492124319076538,257777
1999-07-01,3.4444990158081055,3.4444990158081055,3.3592989444732666,3.3897271156311035,1.4683984518051147,643929
1999-07-02,3.3897271156311035,3.4018990993499756,3.3897271156311035,3.3897271156311035,1.4683984518051147,1053702
1999-07-06,3.377556085586548,3.4627559185028076,3.261928081512451,3.261928081512451,1.413036823272705,1061918
1999-07-07,3.261928081512451,3.310612916946411,3.2497570514678955,3.2497570514678955,1.4077650308609009,454961
1999-07-08,3.2314999103546143,3.24367094039917,3.1888999938964844,3.1888999938964844,1.3814021348953247,169455
1999-07-09,3.1767280101776123,3.261928081512451,3.1767280101776123,3.24367094039917,1.405128002166748,226967
1999-07-12,3.261928081512451,3.261928081512451,3.2132420539855957,3.2132420539855957,1.391946792602539,367666
1999-07-13,3.2132420539855957,3.2132420539855957,3.115870952606201,3.140213966369629,1.3603110313415527,451880
1999-07-14,3.115870952606201,3.140213966369629,3.115870952606201,3.134129047393799,1.3576756715774536,544310
1999-07-15,3.140213966369629,3.1949849128723145,3.134129047393799,3.1949849128723145,1.3840378522872925,165347
1999-07-16,3.1888999938964844,3.2375850677490234,3.1888999938964844,3.1888999938964844,1.3814021348953247,202319
1999-07-19,3.20107102394104,3.20107102394104,3.1280429363250732,3.152385950088501,1.3655840158462524,523770
1999-07-20,3.1645569801330566,3.1767280101776123,3.1645569801330566,3.1767280101776123,1.376128911972046,805168
1999-07-21,3.1706430912017822,3.310612916946411,3.1706430912017822,3.274099111557007,1.418309211730957,527878
1999-07-22,3.286271095275879,3.286271095275879,3.2314999103546143,3.2314999103546143,1.399855136871338,95511
1999-07-23,3.2132420539855957,3.2132420539855957,3.09152889251709,3.1036999225616455,1.3444938659667969,349180
1999-07-26,3.09152889251709,3.09152889251709,3.0245859622955322,3.0550150871276855,1.32340407371521,165347
1999-07-27,3.0550150871276855,3.0550150871276855,3.0185000896453857,3.0367579460144043,1.3154951333999634,132483
1999-07-28,3.04892897605896,3.0550150871276855,3.0428431034088135,3.0550150871276855,1.32340407371521,173563
1999-07-29,3.0428431034088135,3.0428431034088135,3.0185000896453857,3.0185000896453857,1.3075863122940063,44161
1999-07-30,3.0185000896453857,3.0185000896453857,2.988071918487549,2.988071918487549,1.2944047451019287,185887
1999-08-02,3.0002429485321045,3.0550150871276855,3.0002429485321045,3.030672073364258,1.3128588199615479,103727
1999-08-03,3.0245859622955322,3.0793569087982178,3.0245859622955322,3.0793569087982178,1.333949089050293,97565
1999-08-04,3.0550150871276855,3.140213966369629,3.0550150871276855,3.115870952606201,1.3497666120529175,402584
1999-08-05,3.115870952606201,3.115870952606201,3.0793569087982178,3.115870952606201,1.3497666120529175,540202
1999-08-06,3.115870952606201,3.115870952606201,3.0793569087982178,3.09152889251709,1.339221715927124,121186
1999-08-09,3.0793569087982178,3.09152889251709,3.030672073364258,3.0854430198669434,1.336585283279419,545337
1999-08-10,3.0732719898223877,3.0732719898223877,3.0185000896453857,3.0185000896453857,1.3075863122940063,189995
1999-08-11,3.0185000896453857,3.0185000896453857,3.0185000896453857,3.0185000896453857,1.3075863122940063,8216
1999-08-12,3.0185000896453857,3.0185000896453857,3.0124149322509766,3.0185000896453857,1.3075863122940063,355342
1999-08-13,3.0185000896453857,3.0185000896453857,3.0185000896453857,3.0185000896453857,1.3075863122940063,69836
1999-08-16,3.0185000896453857,3.0185000896453857,3.0185000896453857,3.0185000896453857,1.3075863122940063,0
1999-08-17,2.9941580295562744,3.00632905960083,2.9819860458374023,3.00632905960083,1.3023135662078857,56485
1999-08-18,2.9698150157928467,2.9819860458374023,2.9333009719848633,2.939387083053589,1.273315191268921,185887
1999-08-19,2.8785300254821777,2.8785300254821777,2.8481009006500244,2.872443914413452,1.2443162202835083,405665
1999-08-20,2.872443914413452,2.872443914413452,2.8481009006500244,2.85418701171875,1.2364070415496826,305019
1999-08-23,2.8602728843688965,2.872443914413452,2.8602728843688965,2.872443914413452,1.2443162202835083,108862
1999-08-24,2.884614944458008,2.9211299419403076,2.884614944458008,2.915044069290161,1.2627700567245483,239291
1999-08-25,2.915044069290161,3.0185000896453857,2.915044069290161,2.988071918487549,1.2944047451019287,89349
1999-08-26,2.9698150157928467,2.9698150157928467,2.945472002029419,2.945472002029419,1.2759509086608887,69836
1999-08-27,2.957643985748291,2.9698150157928467,2.957643985748291,2.957643985748291,1.2812238931655884,21567
1999-08-30,2.957643985748291,2.957643985748291,2.957643985748291,2.957643985748291,1.2812238931655884,136591
1999-08-31,2.957643985748291,2.957643985748291,2.927215099334717,2.927215099334717,1.2680424451828003,160212
1999-09-01,2.9211299419403076,3.1036999225616455,2.9211299419403076,3.0793569087982178,1.333949089050293,571012
1999-09-02,3.067186117172241,3.067186117172241,3.0428431034088135,3.0550150871276855,1.32340407371521,578201
1999-09-03,3.04892897605896,3.04892897605896,3.0428431034088135,3.0428431034088135,1.318131446838379,41080
1999-09-07,3.0611000061035156,3.1280429363250732,3.0611000061035156,3.1280429363250732,1.3550395965576172,41080
1999-09-08,3.1280429363250732,3.2132420539855957,3.1280429363250732,3.2132420539855957,1.391946792602539,276263
1999-09-09,3.2254140377044678,3.322784900665283,3.2254140377044678,3.322784900665283,1.4393996000289917,476528
1999-09-10,3.347127914428711,3.347127914428711,3.274099111557007,3.292356014251709,1.426217794418335,512473
1999-09-13,3.2680139541625977,3.2680139541625977,3.2497570514678955,3.261928081512451,1.413036823272705,72917
1999-09-14,3.261928081512451,3.261928081512451,3.2558419704437256,3.261928081512451,1.413036823272705,121186
1999-09-15,3.2497570514678955,3.2558419704437256,3.2254140377044678,3.2254140377044678,1.3972194194793701,51350
1999-09-16,3.2132420539855957,3.2132420539855957,3.20107102394104,3.20107102394104,1.386673927307129,71890
1999-09-17,3.1888999938964844,3.1888999938964844,3.1706430912017822,3.1706430912017822,1.373492956161499,25675
1999-09-20,3.1767280101776123,3.1888999938964844,3.1706430912017822,3.1767280101776123,1.376128911972046,66755
1999-09-21,3.152385950088501,3.1645569801330566,3.152385950088501,3.152385950088501,1.3655840158462524,113997
1999-09-22,3.152385950088501,3.152385950088501,3.0367579460144043,3.09152889251709,1.339221715927124,131456
1999-09-23,3.0793569087982178,3.0793569087982178,3.0428431034088135,3.0428431034088135,1.318131446838379,86268
1999-09-24,3.0185000896453857,3.0185000896453857,3.0185000896453857,3.0185000896453857,1.3075863122940063,1027
1999-09-27,3.0428431034088135,3.0428431034088135,3.030672073364258,3.030672073364258,1.3128588199615479,78052
1999-09-28,3.0185000896453857,3.0185000896453857,2.957643985748291,2.9698150157928467,1.2864961624145508,338910
1999-09-29,2.9698150157928467,2.9698150157928467,2.945472002029419,2.945472002029419,1.2759509086608887,157131
1999-09-30,2.9333009719848633,2.9333009719848633,2.85418701171875,2.884614944458008,1.2495886087417603,433394
1999-10-01,2.884614944458008,2.957643985748291,2.884614944458008,2.957643985748291,1.2812238931655884,107835
1999-10-04,2.9698150157928467,2.9819860458374023,2.945472002029419,2.945472002029419,1.2759509086608887,144807
1999-10-05,2.957643985748291,2.963728904724121,2.957643985748291,2.963728904724121,1.2838598489761353,179725
1999-10-06,2.939387083053589,2.939387083053589,2.915044069290161,2.9333009719848633,1.2706785202026367,163293
1999-10-07,2.945472002029419,2.945472002029419,2.9211299419403076,2.9211299419403076,1.2654061317443848,85241
1999-10-08,2.915044069290161,2.915044069290161,2.8663580417633057,2.8663580417633057,1.2416795492172241,39026
1999-10-11,2.872443914413452,2.89678692817688,2.750730037689209,2.7872440814971924,1.2074084281921387,198211
1999-10-12,2.7385590076446533,2.81158709526062,2.7385590076446533,2.81158709526062,1.2179535627365112,321451
1999-10-13,2.81158709526062,2.823759078979492,2.7872440814971924,2.823759078979492,1.2232261896133423,530959
1999-10-14,2.8481009006500244,2.8663580417633057,2.823759078979492,2.823759078979492,1.2232261896133423,267020
1999-10-15,2.81158709526062,2.823759078979492,2.793329954147339,2.7994160652160645,1.212680459022522,433394
1999-10-18,2.7994160652160645,2.8055009841918945,2.762902021408081,2.7750730514526367,1.202135682106018,410800
1999-10-19,2.7872440814971924,2.8481009006500244,2.7872440814971924,2.8481009006500244,1.2337708473205566,632632
1999-10-20,2.872443914413452,2.872443914413452,2.81158709526062,2.835930109024048,1.2284985780715942,267020
1999-10-21,2.81158709526062,2.8481009006500244,2.81158709526062,2.8481009006500244,1.2337708473205566,68809
1999-10-22,2.8481009006500244,2.8481009006500244,2.823759078979492,2.8420159816741943,1.2311352491378784,598741
1999-10-25,2.85418701171875,2.85418701171875,2.8481009006500244,2.8481009006500244,1.2337708473205566,189995
1999-10-26,2.8481009006500244,2.8481009006500244,2.823759078979492,2.823759078979492,1.2232261896133423,186914
1999-10-27,2.8176729679107666,2.8176729679107666,2.81158709526062,2.81158709526062,1.2179535627365112,21567
1999-10-28,2.81158709526062,2.835930109024048,2.81158709526062,2.823759078979492,1.2232261896133423,127348
1999-10-29,2.823759078979492,2.835930109024048,2.823759078979492,2.8298439979553223,1.2258621454238892,594633
1999-11-01,2.823759078979492,2.8298439979553223,2.7994160652160645,2.7994160652160645,1.212680459022522,116051
1999-11-02,2.7994160652160645,2.8481009006500244,2.793329954147339,2.823759078979492,1.2232261896133423,75998
1999-11-03,2.835930109024048,2.872443914413452,2.8298439979553223,2.8298439979553223,1.2258621454238892,423124
1999-11-04,2.8481009006500244,2.8481009006500244,2.750730037689209,2.762902021408081,1.1968635320663452,392314
1999-11-05,2.762902021408081,2.835930109024048,2.762902021408081,2.835930109024048,1.2284985780715942,224913
1999-11-08,2.8481009006500244,2.8481009006500244,2.823759078979492,2.823759078979492,1.2232261896133423,109889
1999-11-09,2.823759078979492,2.8602728843688965,2.823759078979492,2.8481009006500244,1.2337708473205566,346099
1999-11-10,2.835930109024048,2.8481009006500244,2.823759078979492,2.823759078979492,1.2232261896133423,99619
1999-11-11,2.823759078979492,2.823759078979492,2.793329954147339,2.793329954147339,1.2100446224212646,97565
1999-11-12,2.768986940383911,2.89678692817688,2.768986940383911,2.8907010555267334,1.2522248029708862,198211
1999-11-15,2.8907010555267334,2.8907010555267334,2.884614944458008,2.8907010555267334,1.2522248029708862,48269
1999-11-16,2.9211299419403076,2.957643985748291,2.9211299419403076,2.9333009719848633,1.2706785202026367,309127
1999-11-17,2.9333009719848633,2.9333009719848633,2.81158709526062,2.81158709526062,1.2179535627365112,485771
1999-11-18,2.823759078979492,2.823759078979492,2.7750730514526367,2.81158709526062,1.2179535627365112,998244
1999-11-19,2.7994160652160645,2.823759078979492,2.7994160652160645,2.823759078979492,1.2232261896133423,58539
1999-11-22,2.823759078979492,2.8481009006500244,2.823759078979492,2.835930109024048,1.2284985780715942,89349
1999-11-23,2.8420159816741943,2.8420159816741943,2.7750730514526367,2.7872440814971924,1.2074084281921387,877058
1999-11-24,2.7750730514526367,2.7872440814971924,2.750730037689209,2.750730037689209,1.1915911436080933,108862
1999-11-26,2.750730037689209,2.750730037689209,2.7263879776000977,2.750730037689209,1.1915911436080933,261885
1999-11-29,2.750730037689209,2.768986940383911,2.7263879776000977,2.768986940383911,1.199499249458313,588471
1999-11-30,2.768986940383911,2.781158924102783,2.7568159103393555,2.768986940383911,1.199499249458313,195130
1999-12-01,2.762902021408081,2.7750730514526367,2.7324728965759277,2.7750730514526367,1.202135682106018,382044
1999-12-02,2.768986940383911,2.8298439979553223,2.768986940383911,2.8176729679107666,1.2205897569656372,113997
1999-12-03,2.9211299419403076,2.957643985748291,2.8785300254821777,2.8785300254821777,1.246951937675476,310154
1999-12-06,2.8663580417633057,2.8785300254821777,2.85418701171875,2.8663580417633057,1.2416795492172241,71890
1999-12-07,2.8663580417633057,2.8663580417633057,2.85418701171875,2.8602728843688965,1.2390435934066772,16432
1999-12-08,2.8481009006500244,2.8602728843688965,2.823759078979492,2.8420159816741943,1.2311352491378784,188968
1999-12-09,2.8602728843688965,2.872443914413452,2.8481009006500244,2.8481009006500244,1.2337708473205566,166374
1999-12-10,2.8602728843688965,2.8602728843688965,2.823759078979492,2.823759078979492,1.2232261896133423,109889
1999-12-13,2.81158709526062,2.8420159816741943,2.7872440814971924,2.8055009841918945,1.2153164148330688,1410071
1999-12-14,2.823759078979492,2.823759078979492,2.762902021408081,2.7750730514526367,1.202135682106018,832897
1999-12-15,2.762902021408081,2.7872440814971924,2.750730037689209,2.7872440814971924,1.2074084281921387,1299155
1999-12-16,2.7872440814971924,2.81158709526062,2.768986940383911,2.7750730514526367,1.202135682106018,485771
1999-12-17,2.7872440814971924,2.823759078979492,2.7872440814971924,2.8176729679107666,1.2205897569656372,908895
1999-12-20,2.8420159816741943,2.8602728843688965,2.823759078979492,2.8298439979553223,1.2258621454238892,348153
1999-12-21,2.8481009006500244,2.9515581130981445,2.8481009006500244,2.939387083053589,1.273315191268921,1581580
1999-12-22,2.9698150157928467,3.00632905960083,2.9333009719848633,2.9819860458374023,1.2917687892913818,775385
1999-12-23,2.9941580295562744,3.09152889251709,2.9941580295562744,3.0732719898223877,1.331312894821167,710684
1999-12-27,3.0854430198669434,3.0854430198669434,3.0002429485321045,3.00632905960083,1.3023135662078857,75998
1999-12-28,3.00632905960083,3.00632905960083,3.00632905960083,3.00632905960083,1.3023135662078857,1027
1999-12-29,3.00632905960083,3.0793569087982178,3.00632905960083,3.0732719898223877,1.331312894821167,382044
1999-12-30,3.0611000061035156,3.0732719898223877,3.0611000061035156,3.0732719898223877,1.331312894821167,2054
1999-12-31,3.0732719898223877,3.0732719898223877,3.0732719898223877,3.0732719898223877,1.331312894821167,1027
2000-01-03,3.115870952606201,3.1767280101776123,3.115870952606201,3.1280429363250732,1.3550395965576172,87295
2000-01-04,3.09152889251709,3.09152889251709,3.0550150871276855,3.0611000061035156,1.326040267944336,132483
2000-01-05,3.0367579460144043,3.0732719898223877,3.0367579460144043,3.0550150871276855,1.32340407371521,865761
2000-01-06,3.0793569087982178,3.0793569087982178,3.0428431034088135,3.0428431034088135,1.318131446838379,245453
2000-01-07,3.0185000896453857,3.0428431034088135,3.0185000896453857,3.030672073364258,1.3128588199615479,131456
2000-01-10,3.0185000896453857,3.0428431034088135,3.0185000896453857,3.0185000896453857,1.3075863122940063,764088
2000-01-11,3.0185000896453857,3.0185000896453857,2.884614944458008,2.915044069290161,1.2627700567245483,941759
2000-01-12,2.89678692817688,2.9211299419403076,2.823759078979492,2.8663580417633057,1.2416795492172241,2567500
2000-01-13,2.945472002029419,3.00632905960083,2.9211299419403076,2.9211299419403076,1.2654061317443848,1298128
2000-01-14,2.9698150157928467,3.0124149322509766,2.9698150157928467,2.9941580295562744,1.2970412969589233,675766
2000-01-18,3.0428431034088135,3.0428431034088135,2.9819860458374023,2.9819860458374023,1.2917687892913818,685009
2000-01-19,2.9941580295562744,3.0732719898223877,2.9941580295562744,3.030672073364258,1.3128588199615479,244426
2000-01-20,3.115870952606201,3.2497570514678955,3.115870952606201,3.1767280101776123,1.376128911972046,1958489
2000-01-21,3.2132420539855957,3.2375850677490234,3.2071568965911865,3.2071568965911865,1.3893108367919922,264966
2000-01-24,3.219327926635742,3.219327926635742,3.1767280101776123,3.182813882827759,1.3787649869918823,374855
2000-01-25,3.1949849128723145,3.1949849128723145,3.1463000774383545,3.152385950088501,1.3655840158462524,147888
2000-01-26,3.152385950088501,3.152385950088501,3.134129047393799,3.1463000774383545,1.3629474639892578,274209
2000-01-27,3.134129047393799,3.134129047393799,3.109786033630371,3.109786033630371,1.347130298614502,22594
2000-01-28,3.115870952606201,3.1645569801330566,3.115870952606201,3.1219570636749268,1.352402925491333,263939
2000-01-31,3.115870952606201,3.1280429363250732,3.115870952606201,3.1280429363250732,1.3550395965576172,374855
2000-02-01,3.1280429363250732,3.1645569801330566,3.1280429363250732,3.1645569801330566,1.370856761932373,184860
2000-02-02,3.15847110748291,3.286271095275879,3.15847110748291,3.2254140377044678,1.3972194194793701,923273
2000-02-03,3.2254140377044678,3.2497570514678955,3.2254140377044678,3.2497570514678955,1.4077650308609009,93457
2000-02-04,3.322784900665283,3.4079840183258057,3.322784900665283,3.3897271156311035,1.4683984518051147,300911
2000-02-07,3.3897271156311035,3.3897271156311035,3.3288700580596924,3.3288700580596924,1.4420359134674072,150969
2000-02-08,3.39581298828125,3.4201560020446777,3.3836419582366943,3.3897271156311035,1.4683984518051147,146861
2000-02-09,3.39581298828125,3.39581298828125,3.3897271156311035,3.3897271156311035,1.4683984518051147,61620
2000-02-10,3.3592989444732666,3.3592989444732666,3.3592989444732666,3.3592989444732666,1.4552173614501953,10270
2000-02-11,3.3592989444732666,3.365385055541992,3.347127914428711,3.35321307182312,1.4525808095932007,341991
2000-02-14,3.35321307182312,3.35321307182312,3.2375850677490234,3.261928081512451,1.413036823272705,256750
2000-02-15,3.261928081512451,3.261928081512451,3.182813882827759,3.2132420539855957,1.391946792602539,432367
2000-02-16,3.20107102394104,3.20107102394104,2.9941580295562744,3.1219570636749268,1.352402925491333,565877
2000-02-17,3.140213966369629,3.152385950088501,3.1280429363250732,3.140213966369629,1.3603110313415527,63674
2000-02-18,3.140213966369629,3.1645569801330566,3.140213966369629,3.152385950088501,1.3655840158462524,145834
2000-02-22,3.152385950088501,3.152385950088501,3.0854430198669434,3.09152889251709,1.339221715927124,43134
2000-02-23,3.067186117172241,3.067186117172241,3.0367579460144043,3.0367579460144043,1.3154951333999634,24648
2000-02-24,3.0367579460144043,3.0367579460144043,2.89678692817688,2.89678692817688,1.2548606395721436,952029
2000-02-25,2.884614944458008,2.8907010555267334,2.8602728843688965,2.8785300254821777,1.246951937675476,160212
2000-02-28,2.8785300254821777,2.8785300254821777,2.872443914413452,2.872443914413452,1.2443162202835083,348153
2000-02-29,2.884614944458008,2.884614944458008,2.8663580417633057,2.8663580417633057,1.2416795492172241,815438
2000-03-01,2.884614944458008,2.963728904724121,2.884614944458008,2.9211299419403076,1.2654061317443848,1618552
2000-03-02,2.89678692817688,2.927215099334717,2.8907010555267334,2.9211299419403076,1.2654061317443848,724035
2000-03-03,2.945472002029419,2.963728904724121,2.945472002029419,2.945472002029419,1.2759509086608887,580255
2000-03-06,2.945472002029419,2.945472002029419,2.9333009719848633,2.939387083053589,1.273315191268921,104754
2000-03-07,2.927215099334717,2.9333009719848633,2.927215099334717,2.9333009719848633,1.2706785202026367,264966
2000-03-08,2.9333009719848633,2.9333009719848633,2.915044069290161,2.9211299419403076,1.2654061317443848,101673
2000-03-09,2.915044069290161,2.9211299419403076,2.8602728843688965,2.8602728843688965,1.2390435934066772,171509
2000-03-10,2.8602728843688965,2.8602728843688965,2.835930109024048,2.8602728843688965,1.2390435934066772,82160
2000-03-13,2.823759078979492,2.823759078979492,2.7385590076446533,2.762902021408081,1.1968635320663452,158158
2000-03-14,2.768986940383911,2.7750730514526367,2.7568159103393555,2.762902021408081,1.1968635320663452,512473
2000-03-15,2.768986940383911,2.7872440814971924,2.744645118713379,2.781158924102783,1.2047722339630127,789763
2000-03-16,2.7872440814971924,2.7872440814971924,2.768986940383911,2.7750730514526367,1.202135682106018,300911
2000-03-17,2.762902021408081,2.762902021408081,2.7142159938812256,2.720302104949951,1.1784096956253052,239291
2000-03-20,2.720302104949951,2.7263879776000977,2.689872980117798,2.7142159938812256,1.1757732629776,447772
2000-03-21,2.7142159938812256,2.7142159938812256,2.598587989807129,2.677701950073242,1.159955620765686,881166
2000-03-22,2.689872980117798,2.7142159938812256,2.677701950073242,2.70204496383667,1.17050039768219,408746
2000-03-23,2.689872980117798,2.7263879776000977,2.689872980117798,2.7263879776000977,1.1810458898544312,178698
2000-03-24,2.7385590076446533,2.7750730514526367,2.7263879776000977,2.7750730514526367,1.202135682106018,968461
2000-03-27,2.7750730514526367,2.7994160652160645,2.750730037689209,2.750730037689209,1.1915911436080933,243399
2000-03-28,2.744645118713379,2.750730037689209,2.7263879776000977,2.7263879776000977,1.1810458898544312,49296
2000-03-29,2.7142159938812256,2.7142159938812256,2.7142159938812256,2.7142159938812256,1.1757732629776,2054
2000-03-30,2.70204496383667,2.70204496383667,2.70204496383667,2.70204496383667,1.17050039768219,3081
2000-03-31,2.677701950073242,2.677701950073242,2.6533589363098145,2.6533589363098145,1.149410367012024,43134
2000-04-03,2.641187906265259,2.641187906265259,2.5316460132598877,2.5438170433044434,1.1019577980041504,248534
2000-04-04,2.5438170433044434,2.6107590198516846,2.5438170433044434,2.598587989807129,1.125684142112732,246480
2000-04-05,2.6046741008758545,2.689872980117798,2.6046741008758545,2.677701950073242,1.159955620765686,98592
2000-04-06,2.689872980117798,2.81158709526062,2.689872980117798,2.781158924102783,1.2047722339630127,202319
2000-04-07,2.793329954147339,2.8663580417633057,2.793329954147339,2.8298439979553223,1.2258621454238892,455988
2000-04-10,2.85418701171875,2.85418701171875,2.762902021408081,2.762902021408081,1.1968635320663452,107835
2000-04-11,2.750730037689209,2.762902021408081,2.7263879776000977,2.7263879776000977,1.1810458898544312,77025
2000-04-12,2.7385590076446533,2.7385590076446533,2.6290171146392822,2.6290171146392822,1.1388657093048096,161239
2000-04-13,2.6290171146392822,2.6290171146392822,2.5438170433044434,2.5438170433044434,1.1019577980041504,192049
2000-04-14,2.50730299949646,2.50730299949646,2.489046096801758,2.489046096801758,1.078231692314148,18486
2000-04-17,2.46470308303833,2.4707889556884766,2.422102928161621,2.4403600692749023,1.0571410655975342,255723
2000-04-18,2.4586169719696045,2.4768741130828857,2.434274911880493,2.446445941925049,1.0597772598266602,412854
2000-04-19,2.434274911880493,2.4829599857330322,2.422102928161621,2.4829599857330322,1.0755950212478638,332748
2000-04-20,2.4829599857330322,2.5012168884277344,2.4829599857330322,2.5012168884277344,1.0835040807724,151996
2000-04-24,2.489046096801758,2.489046096801758,2.4707889556884766,2.4707889556884766,1.0703223943710327,80106
2000-04-25,2.4768741130828857,2.4768741130828857,2.4586169719696045,2.46470308303833,1.0676864385604858,442637
2000-04-26,2.4525320529937744,2.4525320529937744,2.4525320529937744,2.4525320529937744,1.0624139308929443,10270
2000-04-27,2.446445941925049,2.446445941925049,2.403846025466919,2.4099318981170654,1.0439600944519043,188968
2000-04-28,2.3977599143981934,2.422102928161621,2.3977599143981934,2.4099318981170654,1.0439600944519043,46215
2000-05-01,2.3186469078063965,2.3186469078063965,2.3186469078063965,2.3186469078063965,1.0427560806274414,0
2000-05-02,2.330817937850952,2.330817937850952,2.2882180213928223,2.3247320652008057,1.0454926490783691,25675
2000-05-03,2.330817937850952,2.330817937850952,2.2577900886535645,2.2760469913482666,1.0235978364944458,129402
2000-05-04,2.2638750076293945,2.31256103515625,2.2638750076293945,2.2882180213928223,1.02907133102417,534040
2000-05-05,2.2760469913482666,2.300389051437378,2.2760469913482666,2.2943038940429688,1.031808614730835,24648
2000-05-08,2.300389051437378,2.3369040489196777,2.2882180213928223,2.2882180213928223,1.02907133102417,112970
2000-05-09,2.2821319103240967,2.300389051437378,2.2821319103240967,2.2882180213928223,1.02907133102417,42107
2000-05-10,2.2882180213928223,2.2943038940429688,2.26996111869812,2.26996111869812,1.0208609104156494,53404
2000-05-11,2.2577900886535645,2.2577900886535645,2.239532947540283,2.239532947540283,1.007176399230957,68809
2000-05-12,2.2638750076293945,2.361246109008789,2.2638750076293945,2.361246109008789,1.0619144439697266,159185
2000-05-15,2.3490750789642334,2.4281890392303467,2.330817937850952,2.3855888843536377,1.072861671447754,118105
2000-05-16,2.3977599143981934,2.4586169719696045,2.3977599143981934,2.4281890392303467,1.0920199155807495,64701
2000-05-17,2.422102928161621,2.422102928161621,2.4099318981170654,2.4099318981170654,1.0838096141815186,8216
2000-05-18,2.3977599143981934,2.3977599143981934,2.3369040489196777,2.3369040489196777,1.0509670972824097,21567
2000-05-19,2.3369040489196777,2.3369040489196777,2.239532947540283,2.251703977584839,1.0126506090164185,294749
2000-05-22,2.239532947540283,2.239532947540283,2.239532947540283,2.239532947540283,1.007176399230957,323505
2000-05-23,2.227360963821411,2.227360963821411,2.178675889968872,2.1847610473632812,0.9825443625450134,785655
2000-05-24,2.1421620845794678,2.1421620845794678,1.97176194190979,2.1056480407714844,0.9469653367996216,622362
2000-05-25,2.0813050270080566,2.1543331146240234,2.0508759021759033,2.11781907081604,0.9524385929107666,249561
2000-05-26,2.11781907081604,2.1421620845794678,2.1056480407714844,2.1421620845794678,0.9633859992027283,25675
2000-05-30,2.1543331146240234,2.16650390625,2.1543331146240234,2.16650390625,0.9743334054946899,7189
2000-05-31,2.0934760570526123,2.2151899337768555,2.0934760570526123,2.209104061126709,0.9934917092323303,588471
2000-06-01,2.227360963821411,2.3064749240875244,2.227360963821411,2.227360963821411,1.0017027854919434,330694
2000-06-02,2.2456181049346924,2.2760469913482666,2.239532947540283,2.251703977584839,1.0126506090164185,353288
2000-06-05,2.2638750076293945,2.2638750076293945,2.2638750076293945,2.2638750076293945,1.018123984336853,23621
2000-06-06,2.2151899337768555,2.2151899337768555,2.1421620845794678,2.1725900173187256,0.9770705699920654,434421
2000-06-07,2.16041898727417,2.16650390625,2.16041898727417,2.16650390625,0.9743334054946899,84214
2000-06-08,2.1543331146240234,2.1543331146240234,2.1056480407714844,2.1421620845794678,0.9633859992027283,636740
2000-06-09,2.16650390625,2.16650390625,2.16650390625,2.16650390625,0.9743334054946899,6162
2000-06-12,2.1543331146240234,2.1543331146240234,2.0691330432891846,2.1056480407714844,0.9469653367996216,223886
2000-06-13,2.0813050270080566,2.0934760570526123,2.056962013244629,2.0691330432891846,0.9305429458618164,233129
2000-06-14,2.0630478858947754,2.0691330432891846,2.0630478858947754,2.0630478858947754,0.9278064966201782,174590
2000-06-15,2.0447909832000732,2.0447909832000732,2.0447909832000732,2.0447909832000732,0.9195960164070129,416962
2000-06-16,2.0508759021759033,2.0508759021759033,1.9839340448379517,2.026534080505371,0.9113854765892029,844194
2000-06-19,2.026534080505371,2.0447909832000732,2.026534080505371,2.0447909832000732,0.9195960164070129,4108
2000-06-20,2.0691330432891846,2.099561929702759,2.056962013244629,2.075218915939331,0.9332800507545471,179725
2000-06-21,2.0873899459838867,2.1117329597473145,2.0813050270080566,2.099561929702759,0.9442280530929565,55458
2000-06-22,2.0934760570526123,2.0934760570526123,2.056962013244629,2.0630478858947754,0.9278064966201782,105781
2000-06-23,2.056962013244629,2.056962013244629,2.00827693939209,2.032618999481201,0.9141220450401306,72917
2000-06-26,2.0204479694366455,2.0204479694366455,2.0204479694366455,2.0204479694366455,0.9086480140686035,49296
2000-06-27,2.0204479694366455,2.0447909832000732,2.0204479694366455,2.0447909832000732,0.9195960164070129,85241
2000-06-28,2.0387051105499268,2.0873899459838867,2.0387051105499268,2.0873899459838867,0.9387538433074951,59566
2000-06-29,2.0873899459838867,2.099561929702759,2.0873899459838867,2.099561929702759,0.9442280530929565,89349
2000-06-30,2.1056480407714844,2.16650390625,2.1056480407714844,2.16650390625,0.9743334054946899,322478
2000-07-03,2.148247003555298,2.1969330310821533,2.1421620845794678,2.1969330310821533,0.9880178570747375,699387
2000-07-05,2.2151899337768555,2.2882180213928223,2.2151899337768555,2.2760469913482666,1.0235978364944458,536094
2000-07-06,2.300389051437378,2.300389051437378,2.26996111869812,2.26996111869812,1.0208609104156494,99619
2000-07-07,2.2456181049346924,2.3977599143981934,2.2456181049346924,2.3490750789642334,1.0564401149749756,696306
2000-07-10,2.3490750789642334,2.4099318981170654,2.3490750789642334,2.3977599143981934,1.0783355236053467,236210
2000-07-11,2.3855888843536377,2.4707889556884766,2.3855888843536377,2.422102928161621,1.0892833471298218,383071
2000-07-12,2.434274911880493,2.46470308303833,2.416018009185791,2.416018009185791,1.086546540260315,410800
2000-07-13,2.373418092727661,2.373418092727661,2.31256103515625,2.3247320652008057,1.0454926490783691,737386
2000-07-14,2.31256103515625,2.330817937850952,2.2638750076293945,2.2638750076293945,1.018123984336853,81133
2000-07-17,2.2882180213928223,2.2943038940429688,2.2882180213928223,2.2943038940429688,1.031808614730835,57512
2000-07-18,2.3064749240875244,2.3064749240875244,2.2943038940429688,2.2943038940429688,1.031808614730835,98592
2000-07-19,2.2943038940429688,2.2943038940429688,2.221276044845581,2.221276044845581,0.9989659786224365,347126
2000-07-20,2.221276044845581,2.221276044845581,2.2030189037323,2.209104061126709,0.9934917092323303,185887
2000-07-21,2.2030189037323,2.2030189037323,2.178675889968872,2.1847610473632812,0.9825443625450134,362531
2000-07-24,2.1543331146240234,2.16041898727417,2.11781907081604,2.11781907081604,0.9524385929107666,378963
2000-07-25,2.099561929702759,2.099561929702759,2.0447909832000732,2.0508759021759033,0.9223326444625854,1298128
2000-07-26,2.0508759021759033,2.0508759021759033,2.032618999481201,2.0387051105499268,0.9168592095375061,198211
2000-07-27,2.0204479694366455,2.032618999481201,2.00827693939209,2.00827693939209,0.903174638748169,286533
2000-07-28,1.9961049556732178,2.0204479694366455,1.9961049556732178,2.014362096786499,0.905911386013031,162266
2000-07-31,1.9839340448379517,1.9839340448379517,1.97176194190979,1.9778480529785156,0.8894899487495422,67782
2000-08-01,1.96567702293396,2.1117329597473145,1.96567702293396,2.0934760570526123,0.9414910078048706,72917
2000-08-02,2.1117329597473145,2.1543331146240234,2.1117329597473145,2.1421620845794678,0.9633859992027283,68809
2000-08-03,2.1421620845794678,2.178675889968872,2.1239049434661865,2.1543331146240234,0.9688601493835449,329667
2000-08-04,2.16041898727417,2.16650390625,2.1421620845794678,2.1421620845794678,0.9633859992027283,172536
2000-08-07,2.1421620845794678,2.1908469200134277,2.1421620845794678,2.16650390625,0.9743334054946899,43134
2000-08-08,2.178675889968872,2.2151899337768555,2.178675889968872,2.2030189037323,0.9907551407814026,377936
2000-08-09,2.1908469200134277,2.300389051437378,2.1908469200134277,2.2760469913482666,1.0235978364944458,347126
2000-08-10,2.300389051437378,2.361246109008789,2.2760469913482666,2.3369040489196777,1.0509670972824097,719927
2000-08-11,2.3369040489196777,2.361246109008789,2.3369040489196777,2.361246109008789,1.0619144439697266,360477
2000-08-14,2.361246109008789,2.361246109008789,2.3369040489196777,2.3369040489196777,1.0509670972824097,165347
2000-08-15,2.3247320652008057,2.3247320652008057,2.3247320652008057,2.3247320652008057,1.0454926490783691,1027
2000-08-16,2.300389051437378,2.300389051437378,2.239532947540283,2.251703977584839,1.0126506090164185,317343
2000-08-17,2.2638750076293945,2.31256103515625,2.2638750076293945,2.300389051437378,1.0345454216003418,147888
2000-08-18,2.2821319103240967,2.3673319816589355,2.2821319103240967,2.300389051437378,1.0345454216003418,377936
2000-08-21,2.2943038940429688,2.373418092727661,2.2943038940429688,2.373418092727661,1.0673881769180298,109889
2000-08-22,2.373418092727661,2.3855888843536377,2.3673319816589355,2.379503011703491,1.0701245069503784,62647
2000-08-23,2.3673319816589355,2.3673319816589355,2.3064749240875244,2.3490750789642334,1.0564401149749756,848302
2000-08-24,2.3673319816589355,2.3977599143981934,2.31256103515625,2.31256103515625,1.040019154548645,93457
2000-08-25,2.300389051437378,2.3064749240875244,2.2882180213928223,2.2882180213928223,1.02907133102417,212589
2000-08-28,2.2882180213928223,2.31256103515625,2.2760469913482666,2.31256103515625,1.040019154548645,65728
2000-08-29,2.2943038940429688,2.2943038940429688,2.2638750076293945,2.2760469913482666,1.0235978364944458,522743
2000-08-30,2.2882180213928223,2.2882180213928223,2.2577900886535645,2.2577900886535645,1.0153870582580566,41080
2000-08-31,2.239532947540283,2.26996111869812,2.2151899337768555,2.26996111869812,1.0208609104156494,86268
2000-09-01,2.251703977584839,2.26996111869812,2.251703977584839,2.26996111869812,1.0208609104156494,27729
2000-09-05,2.251703977584839,2.251703977584839,2.251703977584839,2.251703977584839,1.0126506090164185,66755
2000-09-06,2.251703977584839,2.251703977584839,2.1908469200134277,2.1969330310821533,0.9880178570747375,50323
2000-09-07,2.178675889968872,2.2030189037323,2.148247003555298,2.2030189037323,0.9907551407814026,65728
2000-09-08,2.1908469200134277,2.1908469200134277,2.1908469200134277,2.1908469200134277,0.9852812886238098,1027
2000-09-11,2.1908469200134277,2.1908469200134277,2.16650390625,2.1847610473632812,0.9825443625450134,159185
2000-09-12,2.1847610473632812,2.1847610473632812,2.1847610473632812,2.1847610473632812,0.9825443625450134,2054
2000-09-13,2.178675889968872,2.178675889968872,2.148247003555298,2.148247003555298,0.9661227464675903,36972
2000-09-14,2.148247003555298,2.16650390625,2.148247003555298,2.1543331146240234,0.9688601493835449,43134
2000-09-15,2.16650390625,2.209104061126709,2.16650390625,2.209104061126709,0.9934917092323303,528905
2000-09-18,2.178675889968872,2.2030189037323,2.178675889968872,2.2030189037323,0.9907551407814026,229021
2000-09-19,2.1847610473632812,2.1847610473632812,2.0204479694366455,2.16650390625,0.9743334054946899,375882
2000-09-20,2.1421620845794678,2.16650390625,2.11781907081604,2.136075973510742,0.9606491923332214,195130
2000-09-21,2.0934760570526123,2.0934760570526123,2.0934760570526123,2.0934760570526123,0.9414910078048706,6162
2000-09-22,2.0934760570526123,2.0934760570526123,2.0934760570526123,2.0934760570526123,0.9414910078048706,1027
2000-09-25,2.1056480407714844,2.1056480407714844,2.014362096786499,2.0387051105499268,0.9168592095375061,128375
2000-09-26,2.00827693939209,2.014362096786499,2.00827693939209,2.014362096786499,0.905911386013031,64701
2000-09-27,1.97176194190979,1.9961049556732178,1.97176194190979,1.9961049556732178,0.8977007269859314,111943
2000-09-28,1.9839340448379517,2.0447909832000732,1.9839340448379517,2.0387051105499268,0.9168592095375061,480636
2000-09-29,2.00827693939209,2.026534080505371,2.00827693939209,2.026534080505371,0.9113854765892029,40053
2000-10-02,2.0387051105499268,2.0387051105499268,1.959591031074524,1.959591031074524,0.8812794089317322,298857
2000-10-03,1.959591031074524,1.959591031074524,1.959591031074524,1.959591031074524,0.8812794089317322,1027
2000-10-04,1.9474200010299683,1.959591031074524,1.9109059572219849,1.9291629791259766,0.8675950169563293,571012
2000-10-05,1.9291629791259766,1.97176194190979,1.9291629791259766,1.97176194190979,0.8867530822753906,115024
2000-10-06,1.97176194190979,1.97176194190979,1.9474200010299683,1.9474200010299683,0.8758054971694946,149942
2000-10-09,1.9474200010299683,1.9474200010299683,1.9474200010299683,1.9474200010299683,0.8758054971694946,0
2000-10-10,1.9352480173110962,1.9352480173110962,1.9109059572219849,1.9230769872665405,0.8648579716682434,61620
2000-10-11,1.9230769872665405,1.9230769872665405,1.9169909954071045,1.9169909954071045,0.8621211051940918,12324
2000-10-12,1.8865629434585571,1.8865629434585571,1.862220048904419,1.862220048904419,0.8374890089035034,26702
2000-10-13,1.862220048904419,1.8987339735031128,1.8500490188598633,1.8865629434585571,0.8484367728233337,105781
2000-10-16,1.874390959739685,1.9048199653625488,1.874390959739685,1.9048199653625488,0.8566473126411438,156104
2000-10-17,1.9048199653625488,1.9109059572219849,1.874390959739685,1.874390959739685,0.8429626226425171,183833
2000-10-18,1.862220048904419,1.862220048904419,1.8378770351409912,1.8500490188598633,0.8320156335830688,165347
2000-10-19,1.8500490188598633,1.8500490188598633,1.8378770351409912,1.8378770351409912,0.8265414237976074,246480
2000-10-20,1.8439630270004272,1.862220048904419,1.8439630270004272,1.862220048904419,0.8374890089035034,20540
2000-10-23,1.8500490188598633,1.8500490188598633,1.8500490188598633,1.8500490188598633,0.8320156335830688,8216
2000-10-24,1.8500490188598633,1.862220048904419,1.8500490188598633,1.862220048904419,0.8374890089035034,14378
2000-10-25,1.856134057044983,1.874390959739685,1.8378770351409912,1.8378770351409912,0.8265414237976074,39026
2000-10-26,1.8317919969558716,1.8317919969558716,1.7587629556655884,1.7587629556655884,0.7909615635871887,165347
2000-10-27,1.77701997756958,1.8257060050964355,1.77701997756958,1.7952779531478882,0.8073835372924805,299884
2000-10-30,1.8135349750518799,1.8135349750518799,1.7648489475250244,1.77093505859375,0.7964356541633606,63674
2000-10-31,1.77093505859375,1.8013629913330078,1.77093505859375,1.8013629913330078,0.8101198673248291,296803
2000-11-01,1.8013629913330078,1.8013629913330078,1.8013629913330078,1.8013629913330078,0.8101198673248291,11297
2000-11-02,1.8013629913330078,1.8987339735031128,1.8013629913330078,1.8865629434585571,0.8484367728233337,596687
2000-11-03,1.9230769872665405,1.97176194190979,1.9230769872665405,1.97176194190979,0.8867530822753906,87295
2000-11-06,1.97176194190979,1.9961049556732178,1.959591031074524,1.96567702293396,0.8840164542198181,111943
2000-11-07,1.953505039215088,2.0021910667419434,1.9352480173110962,1.9352480173110962,0.8703317046165466,247507
2000-11-08,1.9230769872665405,1.9230769872665405,1.8865629434585571,1.8865629434585571,0.8484367728233337,481663
2000-11-09,1.874390959739685,1.874390959739685,1.868306040763855,1.868306040763855,0.8402262330055237,39026
2000-11-10,1.8500490188598633,1.868306040763855,1.8500490188598633,1.868306040763855,0.8402262330055237,960245
2000-11-13,1.8439630270004272,1.8500490188598633,1.8196200132369995,1.8500490188598633,0.8320156335830688,151996
2000-11-14,1.8500490188598633,1.8500490188598633,1.8378770351409912,1.8500490188598633,0.8320156335830688,11297
2000-11-15,1.8500490188598633,1.8500490188598633,1.7891919612884521,1.8013629913330078,0.8101198673248291,294749
2000-11-16,1.8013629913330078,1.8196200132369995,1.7952779531478882,1.8196200132369995,0.8183306455612183,201292
2000-11-17,1.8257060050964355,1.8257060050964355,1.8013629913330078,1.8013629913330078,0.8101198673248291,479609
2000-11-20,1.7891919612884521,1.7891919612884521,1.7526780366897583,1.7831059694290161,0.8019094467163086,148915
2000-11-21,1.77701997756958,1.8196200132369995,1.6918209791183472,1.716163992881775,0.7718037962913513,440583
2000-11-22,1.716163992881775,1.7526780366897583,1.716163992881775,1.7405060529708862,0.7827511429786682,64701
2000-11-24,1.7526780366897583,1.7891919612884521,1.7526780366897583,1.77093505859375,0.7964356541633606,130429
2000-11-27,1.7831059694290161,1.7952779531478882,1.7587629556655884,1.7587629556655884,0.7909615635871887,8216
2000-11-28,1.7648489475250244,1.7648489475250244,1.7648489475250244,1.7648489475250244,0.7936984896659851,8216
2000-11-29,1.7648489475250244,1.7648489475250244,1.7648489475250244,1.7648489475250244,0.7936984896659851,203346
2000-11-30,1.77701997756958,1.7891919612884521,1.7526780366897583,1.77701997756958,0.7991724610328674,382044
2000-12-01,1.77701997756958,1.77701997756958,1.77093505859375,1.77701997756958,0.7991724610328674,350207
2000-12-04,1.77093505859375,1.77093505859375,1.7283350229263306,1.7648489475250244,0.7936984896659851,90376
2000-12-05,1.7831059694290161,1.7952779531478882,1.77701997756958,1.7891919612884521,0.8046462535858154,694252
2000-12-06,1.7952779531478882,1.868306040763855,1.7952779531478882,1.8013629913330078,0.8101198673248291,432367
2000-12-07,1.8074489831924438,1.8074489831924438,1.77701997756958,1.7891919612884521,0.8046462535858154,663442
2000-12-08,1.8013629913330078,1.8135349750518799,1.7648489475250244,1.8135349750518799,0.8155941963195801,593606
2000-12-11,1.8135349750518799,1.8135349750518799,1.7648489475250244,1.7648489475250244,0.7936984896659851,186914
2000-12-12,1.7891919612884521,1.7891919612884521,1.7648489475250244,1.77093505859375,0.7964356541633606,263939
2000-12-13,1.77701997756958,1.77701997756958,1.7648489475250244,1.7648489475250244,0.7936984896659851,1171807
2000-12-14,1.7891919612884521,1.856134057044983,1.7891919612884521,1.856134057044983,0.8347520232200623,93457
2000-12-15,1.953505039215088,2.0387051105499268,1.9413340091705322,2.026534080505371,0.9113854765892029,424151
2000-12-18,2.014362096786499,2.0204479694366455,1.9961049556732178,2.0021910667419434,0.900437593460083,10270
2000-12-19,2.0021910667419434,2.00827693939209,1.9474200010299683,1.9474200010299683,0.8758054971694946,622362
2000-12-20,1.9230769872665405,1.9230769872665405,1.9109059572219849,1.9109059572219849,0.8593845963478088,8216
2000-12-21,1.9109059572219849,1.9109059572219849,1.868306040763855,1.9048199653625488,0.8566473126411438,240318
2000-12-22,1.9169909954071045,1.9169909954071045,1.9109059572219849,1.9169909954071045,0.8621211051940918,55458
2000-12-26,1.9048199653625488,1.9839340448379517,1.8926479816436768,1.8987339735031128,0.8539100885391235,105781
2000-12-27,1.9048199653625488,1.9048199653625488,1.9048199653625488,1.9048199653625488,0.8566473126411438,7189
2000-12-28,1.9169909954071045,1.9778480529785156,1.9169909954071045,1.96567702293396,0.8840164542198181,117078
2000-12-29,1.96567702293396,2.0447909832000732,1.96567702293396,2.0447909832000732,0.9195960164070129,62647
2001-01-02,2.0204479694366455,2.0204479694366455,1.9169909954071045,1.9474200010299683,0.8758054971694946,111943
2001-01-03,1.9230769872665405,1.9961049556732178,1.9109059572219849,1.9961049556732178,0.8977007269859314,262912
2001-01-04,1.9961049556732178,2.0934760570526123,1.9961049556732178,2.075218915939331,0.9332800507545471,402584
2001-01-05,2.1117329597473145,2.1421620845794678,2.0813050270080566,2.0813050270080566,0.9360173940658569,201292
2001-01-08,2.0813050270080566,2.11781907081604,2.056962013244629,2.11781907081604,0.9524385929107666,274209
2001-01-09,2.136075973510742,2.1421620845794678,2.11781907081604,2.1299901008605957,0.957912027835846,256750
2001-01-10,2.11781907081604,2.1299901008605957,2.0873899459838867,2.1299901008605957,0.957912027835846,84214
2001-01-11,2.1543331146240234,2.221276044845581,2.1543331146240234,2.178675889968872,0.9798079133033752,449826
2001-01-12,2.1908469200134277,2.2151899337768555,2.1847610473632812,2.209104061126709,0.9934917092323303,140699
2001-01-16,2.209104061126709,2.209104061126709,2.1847610473632812,2.1847610473632812,0.9825443625450134,33891
2001-01-17,2.2151899337768555,2.26996111869812,2.2151899337768555,2.2151899337768555,0.9962289929389954,162266
2001-01-18,2.221276044845581,2.2882180213928223,2.221276044845581,2.2882180213928223,1.02907133102417,176644
2001-01-19,2.300389051437378,2.300389051437378,2.2638750076293945,2.2638750076293945,1.018123984336853,28756
2001-01-22,2.2638750076293945,2.26996111869812,2.2638750076293945,2.26996111869812,1.0208609104156494,3081
2001-01-23,2.2943038940429688,2.3064749240875244,2.2638750076293945,2.2638750076293945,1.018123984336853,110916
2001-01-24,2.2760469913482666,2.2760469913482666,2.2638750076293945,2.2638750076293945,1.018123984336853,10270
2001-01-25,2.26996111869812,2.300389051437378,2.26996111869812,2.300389051437378,1.0345454216003418,339937
2001-01-26,2.2760469913482666,2.300389051437378,2.251703977584839,2.251703977584839,1.0126506090164185,261885
2001-01-29,2.239532947540283,2.239532947540283,2.2103209495544434,2.2190849781036377,0.9979804158210754,18486
2001-01-30,2.221031904220581,2.32716703414917,2.221031904220581,2.29795503616333,1.0334504842758179,178698
2001-01-31,2.29892897605896,2.3466410636901855,2.29892897605896,2.3369040489196777,1.0509670972824097,37999
2001-02-01,2.3369040489196777,2.3369040489196777,2.3086659908294678,2.3086659908294678,1.0382674932479858,158158
2001-02-02,2.3096399307250977,2.3096399307250977,2.2950339317321777,2.2950339317321777,1.0321369171142578,14378
2001-02-05,2.3145079612731934,2.3145079612731934,2.2833499908447266,2.2833499908447266,1.026882290840149,8216
2001-02-06,2.2930870056152344,2.2930870056152344,2.220057964324951,2.2297959327697754,1.0027976036071777,66755
2001-02-07,2.2249269485473633,2.2249269485473633,2.1908469200134277,2.199610948562622,0.9892222285270691,416962
2001-02-08,2.2005839347839355,2.2054529190063477,2.198637008666992,2.2005839347839355,0.9896600246429443,256750
2001-02-09,2.1908469200134277,2.239532947540283,2.18110990524292,2.239532947540283,1.007176399230957,195130
2001-02-12,2.234663963317871,2.239532947540283,2.234663963317871,2.239532947540283,1.007176399230957,120159
2001-02-13,2.239532947540283,2.249269962310791,2.239532947540283,2.239532947540283,1.007176399230957,8216
2001-02-14,2.239532947540283,2.239532947540283,2.239532947540283,2.239532947540283,1.007176399230957,36972
2001-02-15,2.239532947540283,2.248296022415161,2.239532947540283,2.248296022415161,1.0111174583435059,73944
2001-02-16,2.239532947540283,2.243427038192749,2.239532947540283,2.239532947540283,1.007176399230957,82160
2001-02-20,2.234663963317871,2.239532947540283,2.234663963317871,2.239532947540283,1.007176399230957,5135
2001-02-21,2.239532947540283,2.239532947540283,2.2161641120910645,2.218111038208008,0.9975422620773315,122213
2001-02-22,2.198637008666992,2.198637008666992,2.1976630687713623,2.198637008666992,0.9887844920158386,61620
2001-02-23,2.2083740234375,2.2151899337768555,2.2083740234375,2.2103209495544434,0.9940394759178162,33891
2001-02-26,2.2297959327697754,2.249269962310791,2.2297959327697754,2.249269962310791,1.011555790901184,61620
2001-02-27,2.239532947540283,2.239532947540283,2.220057964324951,2.220057964324951,0.9984180331230164,45188
2001-02-28,2.220057964324951,2.230768918991089,2.220057964324951,2.2297959327697754,1.0027976036071777,336856
2001-03-01,2.239532947540283,2.3709828853607178,2.239532947540283,2.3515090942382812,1.0575355291366577,1155375
2001-03-02,2.3709828853607178,2.380721092224121,2.353456974029541,2.3563780784606934,1.0597248077392578,819546
2001-03-05,2.3369040489196777,2.3369040489196777,2.281402111053467,2.281402111053467,1.0260059833526611,73944
2001-03-06,2.294059991836548,2.294059991836548,2.275559902191162,2.275559902191162,1.023378610610962,50323
2001-03-07,2.2784810066223145,2.2784810066223145,2.230768918991089,2.239532947540283,1.007176399230957,50323
2001-03-08,2.2385590076446533,2.2385590076446533,2.2005839347839355,2.2103209495544434,0.9940394759178162,44161
2001-03-09,2.2103209495544434,2.2103209495544434,2.13242506980896,2.18110990524292,0.9809023141860962,258804
2001-03-12,2.1421620845794678,2.1518990993499756,2.1421620845794678,2.1518990993499756,0.9677652716636658,174590
2001-03-13,2.1518990993499756,2.1518990993499756,2.1518990993499756,2.1518990993499756,0.9677652716636658,0
2001-03-14,2.1470301151275635,2.1470301151275635,2.1470301151275635,2.1470301151275635,0.9655754566192627,1027
2001-03-15,2.1616361141204834,2.2005839347839355,2.1616361141204834,2.1918210983276367,0.9857193231582642,45188
2001-03-16,2.182084083557129,2.182084083557129,2.16650390625,2.16650390625,0.9743334054946899,11297
2001-03-19,2.1616361141204834,2.1616361141204834,2.1518990993499756,2.156766891479492,0.9699546098709106,65728
2001-03-20,2.156766891479492,2.1616361141204834,2.156766891479492,2.156766891479492,0.9699546098709106,20540
2001-03-21,2.1470301151275635,2.1470301151275635,2.1470301151275635,2.1470301151275635,0.9655754566192627,23621
2001-03-22,2.1470301151275635,2.1470301151275635,2.10321307182312,2.10321307182312,0.945869505405426,54431
2001-03-23,2.0934760570526123,2.0934760570526123,2.0837390422821045,2.0837390422821045,0.9371119737625122,81133
2001-03-26,2.0934760570526123,2.130476951599121,2.0934760570526123,2.11781907081604,0.9524385929107666,210535
2001-03-27,2.1226871013641357,2.1226871013641357,2.1226871013641357,2.1226871013641357,0.9546278119087219,391287
2001-03-28,2.1226871013641357,2.1226871013641357,2.1226871013641357,2.1226871013641357,0.9546278119087219,3081
2001-03-29,2.10321307182312,2.10321307182312,2.0837390422821045,2.0837390422821045,0.9371119737625122,48269
2001-03-30,2.0837390422821045,2.0837390422821045,2.0837390422821045,2.0837390422821045,0.9371119737625122,216697
2001-04-02,2.0886080265045166,2.10418701171875,2.0827651023864746,2.0827651023864746,0.9366741180419922,737386
2001-04-03,2.073028087615967,2.073028087615967,2.0593960285186768,2.064265012741089,0.9283542633056641,81133
2001-04-04,2.0837390422821045,2.0837390422821045,2.064265012741089,2.0837390422821045,0.9371119737625122,164320
2001-04-05,2.0447909832000732,2.1012659072875977,2.0447909832000732,2.0973711013793945,0.9432424902915955,96538
2001-04-06,2.1908469200134277,2.1908469200134277,2.0837390422821045,2.0837390422821045,0.9371119737625122,60593
2001-04-09,2.0740020275115967,2.0740020275115967,2.073028087615967,2.073028087615967,0.9322949647903442,6162
2001-04-10,2.0740020275115967,2.0740020275115967,2.0447909832000732,2.0447909832000732,0.9195960164070129,119132
2001-04-11,2.0447909832000732,2.0447909832000732,2.040895938873291,2.0438170433044434,0.9191580414772034,98592
2001-04-12,2.0340800285339355,2.0340800285339355,2.025315999984741,2.025315999984741,0.9108375906944275,13351
2001-04-16,2.025315999984741,2.025315999984741,1.9668940305709839,2.0155789852142334,0.9064585566520691,46215
2001-04-17,1.9912370443344116,2.0107109546661377,1.9912370443344116,2.008763074874878,0.9033933281898499,7189
2001-04-18,2.0155789852142334,2.0740020275115967,2.0155789852142334,2.0447909832000732,0.9195960164070129,341991
2001-04-19,2.0447909832000732,2.054527997970581,2.0350539684295654,2.0447909832000732,0.9195960164070129,588471
2001-04-20,2.0691330432891846,2.0934760570526123,2.0593960285186768,2.0934760570526123,0.9414910078048706,208481
2001-04-23,2.0886080265045166,2.0886080265045166,2.081792116165161,2.0886080265045166,0.9393019080162048,131456
2001-04-24,2.0876340866088867,2.0876340866088867,1.9961049556732178,2.025315999984741,0.9108375906944275,18486
2001-04-25,2.025315999984741,2.0447909832000732,2.0058419704437256,2.0447909832000732,0.9195960164070129,169455
2001-04-26,2.0204479694366455,2.064265012741089,2.0107109546661377,2.064265012741089,0.9283542633056641,95511
2001-04-27,2.0740020275115967,2.2151899337768555,2.0740020275115967,2.18110990524292,0.9809023141860962,128375
2001-04-30,2.1888999938964844,2.2005839347839355,2.18110990524292,2.1966888904571533,0.9879083037376404,117078
2001-05-01,2.1616361141204834,2.171372890472412,2.1421620845794678,2.1616361141204834,0.9944940209388733,18486
2001-05-02,2.1616361141204834,2.1908469200134277,2.1616361141204834,2.1635830402374268,0.9953895211219788,136591
2001-05-03,2.1635830402374268,2.172347068786621,2.157741069793701,2.172347068786621,0.999422013759613,17459
2001-05-04,2.2297959327697754,2.307692050933838,2.2288219928741455,2.29795503616333,1.0572096109390259,758953
2001-05-07,2.2833499908447266,2.3953258991241455,2.2833499908447266,2.302824020385742,1.059449553489685,1149213
2001-05-08,2.280427932739258,2.280427932739258,2.18110990524292,2.19571590423584,1.010172724723816,94484
2001-05-09,2.2015581130981445,2.206425905227661,2.2015581130981445,2.206425905227661,1.015100359916687,18486
2001-05-10,2.2190849781036377,2.234663963317871,2.2103209495544434,2.225900888442993,1.0240598917007446,67782
2001-05-11,2.2103209495544434,2.2872440814971924,2.1908469200134277,2.220057964324951,1.021371603012085,146861
2001-05-14,2.259006977081299,2.2687439918518066,2.1879260540008545,2.1966888904571533,1.0106202363967896,74971
2001-05-15,2.2151899337768555,2.2151899337768555,2.171372890472412,2.18110990524292,1.0034536123275757,21567
2001-05-16,2.1840310096740723,2.1840310096740723,2.18013596534729,2.18013596534729,1.0030051469802856,64701
2001-05-17,2.18110990524292,2.18110990524292,2.1655309200286865,2.18110990524292,1.0034536123275757,373828
2001-05-18,2.18110990524292,2.239532947540283,2.18110990524292,2.1908469200134277,1.0079326629638672,45188
2001-05-21,2.198637008666992,2.2103209495544434,2.198637008666992,2.2103209495544434,1.0168925523757935,10270
2001-05-22,2.1908469200134277,2.1908469200134277,2.1421620845794678,2.1616361141204834,0.9944940209388733,82160
2001-05-23,2.1616361141204834,2.1908469200134277,2.1226871013641357,2.13242506980896,0.9810552000999451,205400
2001-05-24,2.156766891479492,2.156766891479492,2.1421620845794678,2.1421620845794678,0.9855344891548157,82160
2001-05-25,2.1421620845794678,2.1421620845794678,2.1226871013641357,2.1333980560302734,0.98150235414505,145834
2001-05-29,2.1333980560302734,2.185978889465332,2.1333980560302734,2.1421620845794678,0.9855344891548157,57512
2001-05-30,2.135345935821533,2.1421620845794678,2.0934760570526123,2.0934760570526123,0.9631358981132507,58539
2001-05-31,2.0934760570526123,2.144109010696411,2.0934760570526123,2.1421620845794678,0.9855344891548157,275236
2001-06-01,2.127556085586548,2.127556085586548,2.0740020275115967,2.1071081161499023,0.9694074392318726,126321
2001-06-04,2.0934760570526123,2.11781907081604,2.0934760570526123,2.11781907081604,0.9743353724479675,9243
2001-06-05,2.112950086593628,2.130476951599121,2.112950086593628,2.1226871013641357,0.9765747785568237,13351
2001-06-06,2.1470301151275635,2.1470301151275635,2.127556085586548,2.13242506980896,0.9810552000999451,35945
2001-06-07,2.1421620845794678,2.239532947540283,2.1421620845794678,2.171372890472412,0.9989738464355469,88322
2001-06-08,2.171372890472412,2.171372890472412,2.1421620845794678,2.1421620845794678,0.9855344891548157,11297
2001-06-11,2.1226871013641357,2.16650390625,2.1226871013641357,2.16650390625,0.9967333674430847,11297
2001-06-12,2.127556085586548,2.1518990993499756,2.127556085586548,2.1509249210357666,0.9895657300949097,11297
2001-06-13,2.13242506980896,2.13242506980896,2.0934760570526123,2.1012659072875977,0.9667197465896606,45188
2001-06-14,2.11781907081604,2.1372931003570557,2.0837390422821045,2.0837390422821045,0.9586561918258667,43134
2001-06-15,2.094449996948242,2.1110029220581055,2.094449996948242,2.109055995941162,0.9703037142753601,15405
2001-06-18,2.0934760570526123,2.1226871013641357,2.053554058074951,2.053554058074951,0.9447689652442932,73944
2001-06-19,2.0691330432891846,2.0837390422821045,2.0350539684295654,2.064265012741089,0.9496971964836121,138645
2001-06-20,2.0447909832000732,2.0447909832000732,2.0350539684295654,2.0350539684295654,0.9362578392028809,15405
2001-06-21,2.0107109546661377,2.0447909832000732,1.9961049556732178,2.0038950443267822,0.9219231009483337,77025
2001-06-22,1.9912370443344116,2.0710809230804443,1.9912370443344116,2.0691330432891846,0.9519363045692444,26702
2001-06-25,2.0934760570526123,2.10321307182312,2.049659013748169,2.049659013748169,0.9429770708084106,230048
2001-06-26,2.049659013748169,2.049659013748169,2.0321319103240967,2.0321319103240967,0.934913694858551,83187
2001-06-27,2.0331060886383057,2.0447909832000732,1.9474200010299683,1.9474200010299683,0.8959404230117798,45188
2001-06-28,1.9542360305786133,1.9912370443344116,1.9182080030441284,1.9182080030441284,0.8825011253356934,106808
2001-06-29,1.9328140020370483,1.9328140020370483,1.917235016822815,1.917235016822815,0.8820531964302063,18486
2001-07-02,1.8987339735031128,1.902629017829895,1.8987339735031128,1.902629017829895,0.8753335475921631,57512
2001-07-03,1.9143140316009521,1.957157015800476,1.893865942955017,1.893865942955017,0.8713022470474243,213616
2001-07-05,1.859786033630371,1.8792599439620972,1.8013629913330078,1.869523048400879,0.8601028323173523,235183
2001-07-06,1.8500490188598633,1.8646539449691772,1.8451800346374512,1.8451800346374512,0.8489033579826355,20540
2001-07-09,1.8500490188598633,1.859786033630371,1.8305740356445312,1.834468960762024,0.8439754843711853,136591
2001-07-10,1.8354430198669434,1.8354430198669434,1.796494960784912,1.7974679470062256,0.8269529342651367,99619
2001-07-11,1.7974679470062256,1.7974679470062256,1.7137290239334106,1.7185980081558228,0.7906677722930908,178698
2001-07-12,1.7429410219192505,1.7429410219192505,1.7039920091629028,1.7059400081634521,0.7848439812660217,62647
2001-07-13,1.7039920091629028,1.7205450534820557,1.679648995399475,1.694254994392395,0.7794678807258606,181779
2001-07-16,1.7000969648361206,1.7039920091629028,1.679648995399475,1.7039920091629028,0.7839479446411133,107835
2001-07-17,1.7244399785995483,1.874390959739685,1.7244399785995483,1.8237589597702026,0.8390483260154724,287560
2001-07-18,1.8091529607772827,1.8500490188598633,1.7624150514602661,1.7799420356750488,0.8188897967338562,54431
2001-07-19,1.7857840061187744,1.7857840061187744,1.7185980081558228,1.7380720376968384,0.7996269464492798,191022
2001-07-20,1.7624150514602661,1.7624150514602661,1.7458620071411133,1.7526780366897583,0.8063463568687439,462150
2001-07-23,1.7546249628067017,1.8013629913330078,1.7546249628067017,1.8013629913330078,0.828744649887085,334802
2001-07-24,1.7818889617919922,1.7818889617919922,1.7526780366897583,1.7721519470214844,0.8153055906295776,477555
2001-07-25,1.7526780366897583,1.7818889617919922,1.7332040071487427,1.77701997756958,0.8175455331802368,451880
2001-07-26,1.77701997756958,1.8111000061035156,1.77701997756958,1.8013629913330078,0.828744649887085,145834
2001-07-27,1.798442006111145,1.8042839765548706,1.796494960784912,1.8013629913330078,0.828744649887085,64701
2001-07-30,1.8091529607772827,1.8257060050964355,1.80623197555542,1.8257060050964355,0.8399440050125122,64701
2001-07-31,1.8120739459991455,1.8334959745407104,1.8120739459991455,1.8305740356445312,0.8421837687492371,515554
2001-08-01,1.8500490188598633,1.852970004081726,1.7721519470214844,1.7916259765625,0.8242650628089905,406692
2001-08-02,1.7916259765625,1.7916259765625,1.7916259765625,1.7916259765625,0.8242650628089905,82160
2001-08-03,1.8159689903259277,1.8403120040893555,1.8159689903259277,1.8305740356445312,0.8421837687492371,52377
2001-08-06,1.8111000061035156,1.8364169597625732,1.8111000061035156,1.8354430198669434,0.8444234132766724,62647
2001-08-07,1.8111000061035156,1.8403120040893555,1.7916259765625,1.8403120040893555,0.8466637134552002,237237
2001-08-08,1.8286269903182983,1.8286269903182983,1.8013629913330078,1.8188899755477905,0.8368082046508789,107835
2001-08-09,1.8354430198669434,1.869523048400879,1.834468960762024,1.859786033630371,0.8556230664253235,262912
2001-08-10,1.854917049407959,1.854917049407959,1.854917049407959,1.854917049407959,0.8533830642700195,11297
2001-08-13,1.859786033630371,1.869523048400879,1.7818889617919922,1.869523048400879,0.8601028323173523,150969
2001-08-14,1.874390959739685,1.8821810483932495,1.8646539449691772,1.8782860040664673,0.8641344904899597,50323
2001-08-15,1.8782860040664673,1.8782860040664673,1.8782860040664673,1.8782860040664673,0.8641344904899597,1027
2001-08-16,1.888996958732605,1.945472002029419,1.888996958732605,1.9201560020446777,0.8833972215652466,31837
2001-08-17,1.9230769872665405,1.9328140020370483,1.9201560020446777,1.9201560020446777,0.8833972215652466,31837
2001-08-20,1.9084709882736206,2.0934760570526123,1.9084709882736206,2.039921998977661,0.9384974241256714,399503
2001-08-21,2.0428431034088135,2.0428431034088135,1.9425510168075562,1.9474200010299683,0.8959404230117798,236210
2001-08-22,1.9376829862594604,1.9795520305633545,1.9376829862594604,1.9727360010147095,0.9075876474380493,62647
2001-08-23,1.9756569862365723,1.9776049852371216,1.9474200010299683,1.9474200010299683,0.8959404230117798,60593
2001-08-24,1.9561829566955566,1.957157015800476,1.9474200010299683,1.9552090167999268,0.8995237946510315,201292
2001-08-27,1.9561829566955566,1.9600780010223389,1.952288031578064,1.9561829566955566,0.8999719023704529,15405
2001-08-28,1.9766310453414917,2.0934760570526123,1.9766310453414917,2.0934760570526123,0.9631358981132507,271128
2001-08-29,2.112950086593628,2.176240921020508,2.0983450412750244,2.135345935821533,0.9823985695838928,386152
2001-08-30,2.0837390422821045,2.0837390422821045,1.9912370443344116,2.0107109546661377,0.9250584840774536,172536
2001-08-31,2.0077900886535645,2.025315999984741,2.0077900886535645,2.025315999984741,0.931777834892273,125294
2001-09-04,2.0447909832000732,2.0447909832000732,2.0155789852142334,2.0155789852142334,0.9272981882095337,9243
2001-09-05,2.0155789852142334,2.0350539684295654,2.0058419704437256,2.0350539684295654,0.9362578392028809,210535
2001-09-06,2.0204479694366455,2.054527997970581,2.0204479694366455,2.0447909832000732,0.9407377243041992,63674
2001-09-07,2.025315999984741,2.0447909832000732,2.025315999984741,2.0447909832000732,0.9407377243041992,45188
2001-09-10,2.037000894546509,2.049659013748169,2.025315999984741,2.0457639694213867,0.9411854147911072,191022
2001-09-17,1.679648995399475,1.869523048400879,1.679648995399475,1.869523048400879,0.8601028323173523,122213
2001-09-18,1.869523048400879,1.869523048400879,1.869523048400879,1.869523048400879,0.8601028323173523,0
2001-09-19,1.854917049407959,1.8987339735031128,1.8519959449768066,1.8987339735031128,0.8735415935516357,42107
2001-09-20,1.874390959739685,1.874390959739685,1.7575459480285645,1.7818889617919922,0.8197854161262512,108862
2001-09-21,1.7624150514602661,1.7624150514602661,1.7000969648361206,1.7283350229263306,0.7951470613479614,31837
2001-09-24,1.7526780366897583,1.7526780366897583,1.708860993385315,1.7429410219192505,0.8018667697906494,18486
2001-09-25,1.694254994392395,1.7039920091629028,1.6845179796218872,1.7039920091629028,0.7839479446411133,283452
2001-09-26,1.6864650249481201,1.6864650249481201,1.6358330249786377,1.6358330249786377,0.7525902390480042,701441
2001-09-27,1.61149001121521,1.61149001121521,1.5871469974517822,1.59688401222229,0.7346709966659546,141726
2001-09-28,1.6212270259857178,1.6601749658584595,1.6212270259857178,1.6504379510879517,0.7593092918395996,404638
2001-10-01,1.6553070545196533,1.6601749658584595,1.6553070545196533,1.6601749658584595,0.7637890577316284,103727
2001-10-02,1.679648995399475,1.679648995399475,1.6553070545196533,1.6738070249557495,0.7700608372688293,408746
2001-10-03,1.6699119806289673,1.6699119806289673,1.6358330249786377,1.6699119806289673,0.7682687044143677,467285
2001-10-04,1.6553070545196533,1.6553070545196533,1.6553070545196533,1.6553070545196533,0.7615494728088379,1027
2001-10-05,1.6358330249786377,1.6358330249786377,1.6309640407562256,1.6309640407562256,0.7503499984741211,23621
2001-10-08,1.6163580417633057,1.6163580417633057,1.5579359531402588,1.5579359531402588,0.7167525291442871,147888
2001-10-09,1.5822780132293701,1.5822780132293701,1.5433299541473389,1.5579359531402588,0.7167525291442871,149942
2001-10-10,1.5481990575790405,1.5929889678955078,1.5481990575790405,1.5871469974517822,0.7301912307739258,71890
2001-10-11,1.5774099826812744,1.6601749658584595,1.5774099826812744,1.6582280397415161,0.7628932595252991,53404
2001-10-12,1.6650439500808716,1.6650439500808716,1.6358330249786377,1.6358330249786377,0.7525902390480042,4108
2001-10-15,1.6163580417633057,1.6163580417633057,1.6163580417633057,1.6163580417633057,0.7436305284500122,24648
2001-10-16,1.6407010555267334,1.6650439500808716,1.61149001121521,1.6650439500808716,0.7660290002822876,118105
2001-10-17,1.7039920091629028,1.7039920091629028,1.6893869638442993,1.7039920091629028,0.7839479446411133,255723
2001-10-18,1.70204496383667,1.8149950504302979,1.70204496383667,1.7818889617919922,0.8197854161262512,196157
2001-10-19,1.7721519470214844,1.7799420356750488,1.7234660387039185,1.7361249923706055,0.7987310290336609,137618
2001-10-22,1.7526780366897583,1.8646539449691772,1.7526780366897583,1.8354430198669434,0.8444234132766724,147888
2001-10-23,1.8987339735031128,1.957157015800476,1.8987339735031128,1.957157015800476,0.900420069694519,474474
2001-10-24,1.950340986251831,1.950340986251831,1.874390959739685,1.8851020336151123,0.8672703504562378,96538
2001-10-25,1.8607590198516846,1.8792599439620972,1.8257060050964355,1.8403120040893555,0.8466637134552002,405665
2001-10-26,1.8403120040893555,1.8403120040893555,1.8403120040893555,1.8403120040893555,0.8466637134552002,0
2001-10-29,1.8987339735031128,1.92405104637146,1.8792599439620972,1.8792599439620972,0.8645825386047363,90376
2001-10-30,1.874390959739685,1.9182080030441284,1.874390959739685,1.9182080030441284,0.8825011253356934,103727
2001-10-31,1.9201560020446777,1.9357349872589111,1.9123660326004028,1.9182080030441284,0.8825011253356934,180752
2001-11-01,1.903602957725525,1.9152870178222656,1.8987339735031128,1.8987339735031128,0.8735415935516357,43134
2001-11-02,1.9055500030517578,1.9055500030517578,1.869523048400879,1.8802340030670166,0.8650307655334473,98592
2001-11-05,1.917235016822815,1.9474200010299683,1.8987339735031128,1.9221030473709106,0.8842934370040894,1098890
2001-11-06,1.9464459419250488,1.9961049556732178,1.9347610473632812,1.9961049556732178,0.9183388352394104,890409
2001-11-07,1.9961049556732178,2.064265012741089,1.9961049556732178,2.0204479694366455,0.929537832736969,70863
2001-11-08,2.0447909832000732,2.0691330432891846,2.0447909832000732,2.0691330432891846,0.9519363045692444,33891
2001-11-09,2.0447909832000732,2.0691330432891846,2.02726411819458,2.0447909832000732,0.9407377243041992,129402
2001-11-12,2.0447909832000732,2.0447909832000732,2.0350539684295654,2.0350539684295654,0.9362578392028809,3081
2001-11-13,2.0710809230804443,2.1071081161499023,2.0710809230804443,2.0837390422821045,0.9586561918258667,56485
2001-11-14,2.0837390422821045,2.1080820560455322,2.0593960285186768,2.063291072845459,0.9492486119270325,195130
2001-11-15,2.0847129821777344,2.1908469200134277,2.0847129821777344,2.18110990524292,1.0034536123275757,182806
2001-11-16,2.239532947540283,2.3369040489196777,2.239532947540283,2.3067190647125244,1.061241865158081,199238
2001-11-19,2.3281400203704834,2.393378973007202,2.32716703414917,2.32716703414917,1.070649266242981,273182
2001-11-20,2.32716703414917,2.32716703414917,2.239532947540283,2.259006977081299,1.039291262626648,127348
2001-11-21,2.272639036178589,2.2930870056152344,2.272639036178589,2.2930870056152344,1.0549697875976562,47242
2001-11-23,2.249269962310791,2.249269962310791,2.2151899337768555,2.2151899337768555,1.0191322565078735,21567
2001-11-26,2.2151899337768555,2.2151899337768555,2.1908469200134277,2.1908469200134277,1.0079326629638672,4108
2001-11-27,2.177215099334717,2.177215099334717,2.135345935821533,2.135345935821533,0.9823985695838928,549445
2001-11-28,2.135345935821533,2.1626100540161133,2.135345935821533,2.1518990993499756,0.9900144338607788,204373
2001-11-29,2.1421620845794678,2.1421620845794678,2.064265012741089,2.10321307182312,0.9676152467727661,68809
2001-11-30,2.0934760570526123,2.0934760570526123,2.064265012741089,2.0749759674072266,0.9546244144439697,285506
2001-12-03,2.1226871013641357,2.1226871013641357,2.094449996948242,2.094449996948242,0.9635838270187378,61620
2001-12-04,2.11781907081604,2.13242506980896,2.116844892501831,2.1256089210510254,0.9779193997383118,389233
2001-12-05,2.127556085586548,2.1888999938964844,2.127556085586548,2.1742939949035645,1.0003176927566528,124267
2001-12-06,2.18110990524292,2.249269962310791,2.176240921020508,2.249269962310791,1.0348113775253296,195130
2001-12-07,2.2882180213928223,2.2882180213928223,2.272639036178589,2.272639036178589,1.0455626249313354,148915
2001-12-10,2.275559902191162,2.3369040489196777,2.275559902191162,2.3184030055999756,1.0666167736053467,191022
2001-12-11,2.3164560794830322,2.322298049926758,2.2784810066223145,2.322298049926758,1.068408727645874,58539
2001-12-12,2.307692050933838,2.307692050933838,2.2697179317474365,2.2736120223999023,1.0460102558135986,292695
2001-12-13,2.2697179317474365,2.2697179317474365,2.1908469200134277,2.239532947540283,1.0303314924240112,219778
2001-12-14,2.239532947540283,2.239532947540283,2.2249269485473633,2.2249269485473633,1.0236119031906128,165347
2001-12-17,2.2054529190063477,2.231743097305298,2.2054529190063477,2.220057964324951,1.021371603012085,34918
2001-12-18,2.220057964324951,2.2424540519714355,2.220057964324951,2.2424540519714355,1.0316753387451172,55458
2001-12-19,2.261928081512451,2.261928081512451,2.261928081512451,2.261928081512451,1.040635108947754,22594
2001-12-20,2.2687439918518066,2.2687439918518066,2.2278480529785156,2.239532947540283,1.0303314924240112,295776
2001-12-21,2.220057964324951,2.234663963317871,2.218111038208008,2.234663963317871,1.0280917882919312,14378
2001-12-24,2.2297959327697754,2.234663963317871,2.2297959327697754,2.234663963317871,1.0280917882919312,24648
2001-12-26,2.244400978088379,2.244400978088379,2.244400978088379,2.244400978088379,1.0325713157653809,10270
2001-12-27,2.289191961288452,2.289191961288452,2.289191961288452,2.289191961288452,1.0531779527664185,2054
2001-12-28,2.3369040489196777,2.361246109008789,2.3174290657043457,2.3174290657043457,1.0661689043045044,222859
2001-12-31,2.2638750076293945,2.27069091796875,2.2638750076293945,2.27069091796875,1.0446666479110718,9243
2002-01-02,2.2833499908447266,2.3592989444732666,2.2833499908447266,2.3592989444732666,1.0854321718215942,39026
2002-01-03,2.3369040489196777,2.366115093231201,2.3369040489196777,2.3515090942382812,1.0818482637405396,401557
2002-01-04,2.3515090942382812,2.3836419582366943,2.3369040489196777,2.3729310035705566,1.0917035341262817,400530
2002-01-07,2.361246109008789,2.366115093231201,2.349561929702759,2.3505361080169678,1.0814002752304077,102700
2002-01-08,2.32619309425354,2.32619309425354,2.2784810066223145,2.2784810066223145,1.0482501983642578,43134
2002-01-09,2.2784810066223145,2.2784810066223145,2.2784810066223145,2.2784810066223145,1.0482501983642578,0
2002-01-10,2.259006977081299,2.259006977081299,2.2249269485473633,2.2249269485473633,1.0236119031906128,57512
2002-01-11,2.1908469200134277,2.22200608253479,2.1908469200134277,2.220057964324951,1.021371603012085,12324
2002-01-14,2.2297959327697754,2.239532947540283,2.2297959327697754,2.239532947540283,1.0303314924240112,2054
2002-01-15,2.244400978088379,2.2638750076293945,2.244400978088379,2.244400978088379,1.0325713157653809,10270
2002-01-16,2.2151899337768555,2.2249269485473633,2.2151899337768555,2.2151899337768555,1.0191322565078735,8216
2002-01-17,2.2151899337768555,2.2190849781036377,2.18110990524292,2.18110990524292,1.0034536123275757,81133
2002-01-18,2.18110990524292,2.1908469200134277,2.18110990524292,2.1908469200134277,1.0079326629638672,63674
2002-01-22,2.1518990993499756,2.18110990524292,2.1518990993499756,2.18110990524292,1.0034536123275757,18486
2002-01-23,2.18110990524292,2.18110990524292,2.141187906265259,2.1499509811401367,0.9891180992126465,43134
2002-01-24,2.1499509811401367,2.1499509811401367,2.1226871013641357,2.129503011703491,0.9797106385231018,47242
2002-01-25,2.1148979663848877,2.13242506980896,2.10321307182312,2.1217141151428223,0.9761273860931396,39026
2002-01-28,2.1256089210510254,2.1256089210510254,2.1256089210510254,2.1256089210510254,0.9779193997383118,1027
2002-01-29,2.0827651023864746,2.0827651023864746,2.0827651023864746,2.0827651023864746,0.9582085013389587,4108
2002-01-30,2.0934760570526123,2.10321307182312,2.0934760570526123,2.10321307182312,0.9676152467727661,6162
2002-01-31,2.115870952606201,2.1226871013641357,2.115870952606201,2.1226871013641357,0.9765747785568237,63674
2002-02-01,2.0934760570526123,2.0983450412750244,2.0934760570526123,2.0983450412750244,0.9653757810592651,6162
2002-02-04,2.0788700580596924,2.0788700580596924,2.064265012741089,2.064265012741089,0.9496971964836121,4108
2002-02-05,2.064265012741089,2.064265012741089,2.064265012741089,2.064265012741089,0.9496971964836121,0
2002-02-06,2.039921998977661,2.039921998977661,2.0058419704437256,2.0058419704437256,0.9228186011314392,98592
2002-02-07,2.0116848945617676,2.037000894546509,2.0116848945617676,2.0204479694366455,0.929537832736969,10270
2002-02-08,2.0350539684295654,2.0350539684295654,2.025315999984741,2.025315999984741,0.931777834892273,22594
2002-02-11,2.0155789852142334,2.0155789852142334,1.9961049556732178,1.9961049556732178,0.9183388352394104,12324
2002-02-12,1.9961049556732178,1.9961049556732178,1.9961049556732178,1.9961049556732178,0.9183388352394104,1027
2002-02-13,2.0058419704437256,2.0116848945617676,1.98636794090271,1.9961049556732178,0.9183388352394104,519662
2002-02-14,1.98636794090271,1.9873420000076294,1.9766310453414917,1.9776049852371216,0.909827470779419,115024
2002-02-15,1.9620250463485718,1.9688409566879272,1.957157015800476,1.957157015800476,0.900420069694519,33891
2002-02-19,1.957157015800476,1.9961049556732178,1.957157015800476,1.9873420000076294,0.9143072366714478,25675
2002-02-20,1.9766310453414917,2.00097393989563,1.9766310453414917,2.00097393989563,0.9205789566040039,64701
2002-02-21,1.995131015777588,1.995131015777588,1.9844210147857666,1.9844210147857666,0.9129632115364075,91403
2002-02-22,1.9727360010147095,1.9727360010147095,1.9727360010147095,1.9727360010147095,0.9075876474380493,1027
2002-02-25,1.9727360010147095,1.9766310453414917,1.9620250463485718,1.9620250463485718,0.9026597738265991,34918
2002-02-26,1.98636794090271,1.98636794090271,1.9279450178146362,1.9337879419326782,0.8896688222885132,23621
2002-02-27,1.9795520305633545,1.98636794090271,1.9795520305633545,1.98636794090271,0.9138593673706055,2054
2002-02-28,2.0107109546661377,2.0447909832000732,2.0107109546661377,2.0447909832000732,0.9407377243041992,33891
2002-03-01,2.0691330432891846,2.11781907081604,2.063291072845459,2.11781907081604,0.9743353724479675,39026
2002-03-04,2.1372931003570557,2.1616361141204834,2.1372931003570557,2.1518990993499756,0.9900144338607788,27729
2002-03-05,2.171372890472412,2.2005839347839355,2.171372890472412,2.1927950382232666,1.0088292360305786,37999
2002-03-06,2.1927950382232666,2.1927950382232666,2.1888999938964844,2.1888999938964844,1.0070370435714722,4108
2002-03-07,2.2132420539855957,2.239532947540283,2.2132420539855957,2.239532947540283,1.0303314924240112,1257048
2002-03-08,2.2687439918518066,2.2687439918518066,2.2297959327697754,2.239532947540283,1.0303314924240112,1432665
2002-03-11,2.2882180213928223,2.2882180213928223,2.2638750076293945,2.2648489475250244,1.0419782400131226,31837
2002-03-12,2.239532947540283,2.239532947540283,2.234663963317871,2.234663963317871,1.0280917882919312,6162
2002-03-13,2.185978889465332,2.2005839347839355,2.185978889465332,2.2005839347839355,1.012412428855896,10270
2002-03-14,2.220057964324951,2.2297959327697754,2.2103209495544434,2.2103209495544434,1.0168925523757935,26702
2002-03-15,2.2297959327697754,2.249269962310791,2.2297959327697754,2.239532947540283,1.0303314924240112,1572337
2002-03-18,2.239532947540283,2.259006977081299,2.239532947540283,2.259006977081299,1.039291262626648,25675
2002-03-19,2.259006977081299,2.259006977081299,2.220057964324951,2.2249269485473633,1.0236119031906128,21567
2002-03-20,2.2249269485473633,2.231743097305298,2.18110990524292,2.19571590423584,1.010172724723816,79079
2002-03-21,2.1908469200134277,2.225900888442993,2.1879260540008545,2.220057964324951,1.021371603012085,31837
2002-03-22,2.239532947540283,2.259006977081299,2.2054529190063477,2.2054529190063477,1.0146526098251343,34918
2002-03-25,2.2054529190063477,2.239532947540283,2.2005839347839355,2.239532947540283,1.0303314924240112,294749
2002-03-26,2.2463490962982178,2.307692050933838,2.2463490962982178,2.307692050933838,1.0616892576217651,146861
2002-03-27,2.307692050933838,2.307692050933838,2.29795503616333,2.3018500804901123,1.0590014457702637,98592
2002-03-28,2.302824020385742,2.307692050933838,2.2882180213928223,2.2882180213928223,1.0527297258377075,346099
2002-04-01,2.2882180213928223,2.2882180213928223,2.2882180213928223,2.2882180213928223,1.0527297258377075,68809
2002-04-02,2.2638750076293945,2.2638750076293945,2.2541379928588867,2.2541379928588867,1.037050724029541,22594
2002-04-03,2.234663963317871,2.243427038192749,2.230768918991089,2.239532947540283,1.0303314924240112,99619
2002-04-04,2.225900888442993,2.239532947540283,2.2112948894500732,2.2112948894500732,1.017340064048767,42107
2002-04-05,2.239532947540283,2.31256103515625,2.239532947540283,2.2882180213928223,1.0527297258377075,198211
2002-04-08,2.322298049926758,2.322298049926758,2.2882180213928223,2.2882180213928223,1.0527297258377075,330694
2002-04-09,2.2882180213928223,2.32716703414917,2.2882180213928223,2.3174290657043457,1.0661689043045044,53404
2002-04-10,2.3174290657043457,2.3369040489196777,2.3154819011688232,2.3369040489196777,1.0751286745071411,668577
2002-04-11,2.3369040489196777,2.3466410636901855,2.32716703414917,2.32716703414917,1.070649266242981,273182
2002-04-12,2.29795503616333,2.31158709526062,2.259006977081299,2.2638750076293945,1.0415304899215698,204373
2002-04-15,2.2638750076293945,2.2872440814971924,2.2541379928588867,2.2638750076293945,1.0415304899215698,96538
2002-04-16,2.259006977081299,2.259006977081299,2.233690023422241,2.234663963317871,1.0280917882919312,35945
2002-04-17,2.2502429485321045,2.2541379928588867,2.2502429485321045,2.2541379928588867,1.037050724029541,7189
2002-04-18,2.2297959327697754,2.2297959327697754,2.2297959327697754,2.2297959327697754,1.025852084159851,24648
2002-04-19,2.2521910667419434,2.2882180213928223,2.2521910667419434,2.2882180213928223,1.0527297258377075,14378
2002-04-22,2.27069091796875,2.27069091796875,2.2502429485321045,2.2502429485321045,1.0352586507797241,4108
2002-04-23,2.2414801120758057,2.2414801120758057,2.220057964324951,2.220057964324951,1.021371603012085,20540
2002-04-24,2.217137098312378,2.217137098312378,2.2103209495544434,2.2103209495544434,1.0168925523757935,2054
2002-04-25,2.2103209495544434,2.2103209495544434,2.1976630687713623,2.1976630687713623,1.0110689401626587,18486
2002-04-26,2.19571590423584,2.3174290657043457,2.19571590423584,2.2745859622955322,1.0464582443237305,439556
2002-04-29,2.290165901184082,2.290165901184082,2.239532947540283,2.2687439918518066,1.043770432472229,62647
2002-04-30,2.28432297706604,2.307692050933838,2.28432297706604,2.29795503616333,1.0572096109390259,79079
2002-05-01,2.2736120223999023,2.3174290657043457,2.2736120223999023,2.3174290657043457,1.0661689043045044,18486
2002-05-02,2.262902021408081,2.262902021408081,2.262902021408081,2.262902021408081,1.0456079244613647,0
2002-05-03,2.29795503616333,2.3174290657043457,2.259006977081299,2.2833499908447266,1.0550559759140015,92430
2002-05-06,2.2882180213928223,2.2882180213928223,2.2239530086517334,2.2239530086517334,1.0276108980178833,33891
2002-05-07,2.2142159938812256,2.217137098312378,2.2054529190063477,2.2122690677642822,1.022212028503418,325559
2002-05-08,2.2122690677642822,2.2122690677642822,2.2122690677642822,2.2122690677642822,1.022212028503418,0
2002-05-09,2.2288219928741455,2.239532947540283,2.2151899337768555,2.2278480529785156,1.0294110774993896,148915
2002-05-10,2.220057964324951,2.22200608253479,2.2122690677642822,2.22200608253479,1.026711344718933,40053
2002-05-13,2.2025320529937744,2.244400978088379,2.2025320529937744,2.234663963317871,1.0325599908828735,48269
2002-05-14,2.239532947540283,2.3174290657043457,2.239532947540283,2.289191961288452,1.057755708694458,216697
2002-05-15,2.31353497505188,2.31353497505188,2.31256103515625,2.31256103515625,1.0685534477233887,30810
2002-05-16,2.3369040489196777,2.3369040489196777,2.3193769454956055,2.32716703414917,1.0753028392791748,128375
2002-05-17,2.3369040489196777,2.379746913909912,2.3369040489196777,2.379746913909912,1.0995975732803345,46215
2002-05-20,2.375852108001709,2.375852108001709,2.375852108001709,2.375852108001709,1.0977981090545654,11297
2002-05-21,2.4001948833465576,2.4001948833465576,2.3466410636901855,2.366115093231201,1.0932989120483398,47242
2002-05-22,2.366115093231201,2.366115093231201,2.3369040489196777,2.3466410636901855,1.0843009948730469,81133
2002-05-23,2.322298049926758,2.322298049926758,2.3184030055999756,2.3184030055999756,1.0712528228759766,8216
2002-05-24,2.29795503616333,2.337877035140991,2.29795503616333,2.3330090045928955,1.078001856803894,78052
2002-05-28,2.324244976043701,2.3320350646972656,2.324244976043701,2.3310608863830566,1.077101707458496,45188
2002-05-29,2.32619309425354,2.32716703414917,2.321324110031128,2.32716703414917,1.0753028392791748,73944
2002-05-30,2.3291139602661133,2.3320350646972656,2.31158709526062,2.31158709526062,1.0681039094924927,6162
2002-05-31,2.307692050933838,2.307692050933838,2.259006977081299,2.2745859622955322,1.05100679397583,103727
2002-06-03,2.2677700519561768,2.27069091796875,2.2249269485473633,2.225900888442993,1.0285110473632812,87295
2002-06-04,2.221031904220581,2.258033037185669,2.220057964324951,2.2424540519714355,1.036159634590149,51350
2002-06-05,2.2424540519714355,2.2424540519714355,2.2424540519714355,2.2424540519714355,1.036159634590149,0
2002-06-06,2.218111038208008,2.2249269485473633,2.18110990524292,2.1908469200134277,1.0123134851455688,714792
2002-06-07,2.1908469200134277,2.2297959327697754,2.18013596534729,2.2297959327697754,1.0303107500076294,149942
2002-06-10,2.2054529190063477,2.2054529190063477,2.1918210983276367,2.2005839347839355,1.0168129205703735,20540
2002-06-11,2.1966888904571533,2.1966888904571533,2.1966888904571533,2.1966888904571533,1.0150132179260254,5135
2002-06-12,2.2005839347839355,2.2687439918518066,2.2005839347839355,2.22298002243042,1.027160882949829,105781
2002-06-13,2.2054529190063477,2.239532947540283,2.1908469200134277,2.2375850677490234,1.0339100360870361,244426
2002-06-14,2.2366108894348145,2.2366108894348145,2.1908469200134277,2.19571590423584,1.0145639181137085,45188
2002-06-17,2.19571590423584,2.249269962310791,2.19571590423584,2.249269962310791,1.0393091440200806,195130
2002-06-18,2.2249269485473633,2.2249269485473633,2.2249269485473633,2.2249269485473633,1.028060793876648,1027
2002-06-19,2.2054529190063477,2.233690023422241,2.189872980117798,2.2015581130981445,1.0172632932662964,86268
2002-06-20,2.2054529190063477,2.2054529190063477,2.2054529190063477,2.2054529190063477,1.0190625190734863,28756
2002-06-21,2.1830570697784424,2.1830570697784424,2.1830570697784424,2.1830570697784424,1.008714199066162,3081
2002-06-24,2.1421620845794678,2.1421620845794678,2.0934760570526123,2.13242506980896,0.9853194355964661,81133
2002-06-25,2.1470301151275635,2.1470301151275635,2.10321307182312,2.127556085586548,0.9830693006515503,134537
2002-06-26,2.10321307182312,2.1499509811401367,2.10321307182312,2.1499509811401367,0.9934173226356506,233129
2002-06-27,2.13242506980896,2.171372890472412,2.130476951599121,2.1518990993499756,0.9943170547485352,95511
2002-06-28,2.1489779949188232,2.1840310096740723,2.145082950592041,2.1596879959106445,0.9979166388511658,79079
2002-07-01,2.1518990993499756,2.1518990993499756,2.11781907081604,2.11781907081604,0.9785701632499695,26702
2002-07-02,2.11781907081604,2.11781907081604,2.11781907081604,2.11781907081604,0.9785701632499695,7189
2002-07-03,2.112950086593628,2.112950086593628,2.0691330432891846,2.0788700580596924,0.9605733752250671,486798
2002-07-05,2.0788700580596924,2.0788700580596924,2.0788700580596924,2.0788700580596924,0.9605733752250671,0
2002-07-08,2.0691330432891846,2.0691330432891846,2.054527997970581,2.054527997970581,0.9493256211280823,16432
2002-07-09,2.064265012741089,2.064265012741089,2.0321319103240967,2.0340800285339355,0.9398772120475769,24648
2002-07-10,2.0204479694366455,2.0204479694366455,1.9279450178146362,1.9425510168075562,0.897584855556488,165347
2002-07-11,1.9279450178146362,1.9279450178146362,1.9182080030441284,1.9211299419403076,0.887687087059021,103727
2002-07-12,1.9279450178146362,1.9591039419174194,1.9279450178146362,1.9591039419174194,0.90523362159729,71890
2002-07-15,1.9464459419250488,1.9464459419250488,1.9464459419250488,1.9464459419250488,0.8993843793869019,2054
2002-07-16,1.9221030473709106,1.9376829862594604,1.9055500030517578,1.9084709882736206,0.8818376660346985,472420
2002-07-17,1.90944504737854,1.90944504737854,1.874390959739685,1.874390959739685,0.8660905361175537,92430
2002-07-18,1.8753650188446045,1.888996958732605,1.8675750494003296,1.888996958732605,0.8728393912315369,449826
2002-07-19,1.869523048400879,1.9474200010299683,1.869523048400879,1.9182080030441284,0.8863369822502136,935597
2002-07-22,1.893865942955017,1.9123660326004028,1.888996958732605,1.893865942955017,0.8750892877578735,43134
2002-07-23,1.869523048400879,1.869523048400879,1.7877310514450073,1.8013629913330078,0.8323466181755066,237237
2002-07-24,1.77701997756958,1.7926000356674194,1.7234660387039185,1.7926000356674194,0.8282978534698486,369720
2002-07-25,1.783836007118225,1.8208370208740234,1.7624150514602661,1.81986403465271,0.8408955931663513,395395
2002-07-26,1.8091529607772827,1.8218109607696533,1.8091529607772827,1.8218109607696533,0.8417952656745911,9243
2002-07-29,1.8315479755401611,1.874390959739685,1.8315479755401611,1.874390959739685,0.8660905361175537,8216
2002-07-30,1.9084709882736206,2.0516068935394287,1.902629017829895,2.0194740295410156,0.9331283569335938,66755
2002-07-31,2.0185000896453857,2.031158924102783,1.98636794090271,1.98636794090271,0.9178312420845032,13351
2002-08-01,1.98636794090271,1.9912370443344116,1.952288031578064,1.952288031578064,0.9020843505859375,73944
2002-08-02,1.9873420000076294,1.9873420000076294,1.9474200010299683,1.9668940305709839,0.9088329672813416,30810
2002-08-05,1.9912370443344116,1.9912370443344116,1.8792599439620972,1.8792599439620972,0.8683404922485352,39026
2002-08-06,1.9230769872665405,1.9600780010223389,1.9230769872665405,1.9600780010223389,0.9056835174560547,115024
2002-08-07,1.9600780010223389,2.0204479694366455,1.9474200010299683,2.0175271034240723,0.932228684425354,133510
2002-08-08,2.0525801181793213,2.10321307182312,2.0525801181793213,2.10321307182312,0.9718208909034729,59566
2002-08-09,2.0837390422821045,2.0847129821777344,2.0837390422821045,2.0847129821777344,0.9632731080055237,52377
2002-08-12,2.0740020275115967,2.0740020275115967,2.068160057067871,2.068160057067871,0.9556244611740112,3081
2002-08-13,2.0584230422973633,2.0584230422973633,2.01265811920166,2.026289939880371,0.9362776875495911,122213
2002-08-14,2.0321319103240967,2.13242506980896,2.0321319103240967,2.129503011703491,0.9839687943458557,211562
2002-08-15,2.130476951599121,2.130476951599121,2.130476951599121,2.130476951599121,0.9844186305999756,1027
2002-08-16,2.112950086593628,2.11879301071167,2.0934760570526123,2.099318027496338,0.9700216054916382,519662
2002-08-19,2.0983450412750244,2.1392409801483154,2.0983450412750244,2.130476951599121,0.9844186305999756,359450
2002-08-20,2.1256089210510254,2.1256089210510254,2.1012659072875977,2.1012659072875977,0.9709215760231018,35945
2002-08-21,2.0837390422821045,2.0847129821777344,2.080817937850952,2.0837390422821045,0.9628228545188904,62647
2002-08-22,2.064265012741089,2.07692289352417,2.064265012741089,2.0691330432891846,0.9560738801956177,173563
2002-08-23,2.0740020275115967,2.0925021171569824,2.0691330432891846,2.0925021171569824,0.9668722152709961,217724
2002-08-26,2.0837390422821045,2.1518990993499756,2.0837390422821045,2.1421620845794678,0.9898180961608887,182806
2002-08-27,2.0934760570526123,2.1421620845794678,2.0934760570526123,2.11879301071167,0.9790199398994446,65728
2002-08-28,2.112950086593628,2.112950086593628,2.0837390422821045,2.0934760570526123,0.9673222303390503,33891
2002-08-29,2.10418701171875,2.1480040550231934,2.10418701171875,2.1480040550231934,0.9925177097320557,103727
2002-08-30,2.1470301151275635,2.1742939949035645,2.1470301151275635,2.16650390625,1.0010658502578735,35945
2002-09-03,2.1421620845794678,2.1421620845794678,2.0837390422821045,2.1022400856018066,0.9713715314865112,26702
2002-09-04,2.1226871013641357,2.1392409801483154,2.11781907081604,2.1392409801483154,0.9884681701660156,70863
2002-09-05,2.135345935821533,2.156766891479492,2.11781907081604,2.1518990993499756,0.9943170547485352,200265
2002-09-06,2.1518990993499756,2.1518990993499756,2.1518990993499756,2.1518990993499756,0.9943170547485352,0
2002-09-09,2.153846025466919,2.153846025466919,2.153846025466919,2.153846025466919,0.9952172636985779,2054
2002-09-10,2.1518990993499756,2.171372890472412,2.1509249210357666,2.1518990993499756,0.9943170547485352,223886
2002-09-11,2.152872085571289,2.154819965362549,2.1470301151275635,2.1518990993499756,0.9943170547485352,28756
2002-09-12,2.1431350708007812,2.1431350708007812,2.112950086593628,2.115870952606201,0.9776699542999268,155077
2002-09-13,2.115870952606201,2.115870952606201,2.115870952606201,2.115870952606201,0.9776699542999268,0
2002-09-16,2.115870952606201,2.115870952606201,2.115870952606201,2.115870952606201,0.9776699542999268,0
2002-09-17,2.0934760570526123,2.1012659072875977,2.064265012741089,2.064265012741089,0.9538248181343079,68809
2002-09-18,2.054527997970581,2.054527997970581,2.004868984222412,2.0175271034240723,0.932228684425354,43134
2002-09-19,2.0457639694213867,2.0457639694213867,2.0204479694366455,2.0204479694366455,0.9335783123970032,9243
2002-09-20,2.0798439979553223,2.0798439979553223,1.950340986251831,1.9620250463485718,0.9065831303596497,178698
2002-09-23,1.9620250463485718,1.9620250463485718,1.950340986251831,1.950340986251831,0.9011845588684082,3081
2002-09-24,1.9513150453567505,1.9542360305786133,1.945472002029419,1.9474200010299683,0.8998344540596008,20540
2002-09-25,1.9474200010299683,1.9474200010299683,1.874390959739685,1.8841290473937988,0.870590329170227,80106
2002-09-26,1.8792599439620972,1.8987339735031128,1.8792599439620972,1.8987339735031128,0.8773382902145386,30810
2002-09-27,1.874390959739685,1.8782860040664673,1.874390959739685,1.8782860040664673,0.8678903579711914,14378
2002-09-30,1.874390959739685,1.8841290473937988,1.8500490188598633,1.859786033630371,0.8593422174453735,125294
2002-10-01,1.8675750494003296,1.8753650188446045,1.8675750494003296,1.8753650188446045,0.8665406703948975,75998
2002-10-02,1.9230769872665405,1.9230769872665405,1.893865942955017,1.8967870473861694,0.8764390349388123,14378
2002-10-03,1.9065239429473877,1.9337879419326782,1.9065239429473877,1.9337879419326782,0.8935359120368958,65728
2002-10-04,1.9337879419326782,1.9337879419326782,1.9337879419326782,1.9337879419326782,0.8935359120368958,0
2002-10-07,1.9376829862594604,1.9376829862594604,1.8987339735031128,1.8987339735031128,0.8773382902145386,32864
2002-10-08,1.90944504737854,1.90944504737854,1.90944504737854,1.90944504737854,0.8822877407073975,1027
2002-10-09,1.8967870473861694,1.9084709882736206,1.8860759735107422,1.8987339735031128,0.8773382902145386,56485
2002-10-10,1.8257060050964355,1.8257060050964355,1.8257060050964355,1.8257060050964355,0.8435946106910706,5135
2002-10-11,1.8422590494155884,1.9113919734954834,1.8422590494155884,1.9084709882736206,0.8818376660346985,101673
2002-10-14,1.9162609577178955,1.9162609577178955,1.9162609577178955,1.9162609577178955,0.8854376077651978,14378
2002-10-15,1.9182080030441284,1.9182080030441284,1.8841290473937988,1.8841290473937988,0.870590329170227,323505
2002-10-16,1.8792599439620972,1.8831549882888794,1.8646539449691772,1.8724440336227417,0.8651909232139587,80106
2002-10-17,1.8510220050811768,1.869523048400879,1.8510220050811768,1.859786033630371,0.8593422174453735,170482
2002-10-18,1.869523048400879,1.8899710178375244,1.869523048400879,1.8899710178375244,0.8732895255088806,352261
2002-10-21,1.8899710178375244,1.9182080030441284,1.8899710178375244,1.9084709882736206,0.8818376660346985,213616
2002-10-22,1.9084709882736206,1.9376829862594604,1.9084709882736206,1.9230769872665405,0.8885865211486816,449826
2002-10-23,1.9201560020446777,2.127556085586548,1.9201560020446777,2.0447909832000732,0.9448261857032776,474474
2002-10-24,2.0350539684295654,2.0701069831848145,2.025315999984741,2.050632953643799,0.9475258588790894,121186
2002-10-25,2.0477120876312256,2.0477120876312256,2.0477120876312256,2.0477120876312256,0.9461760520935059,2054
2002-10-28,2.031158924102783,2.0340800285339355,2.023369073867798,2.023369073867798,0.9349278807640076,28756
2002-10-29,2.031158924102783,2.031158924102783,1.9737099409103394,1.993183970451355,0.9209810495376587,155077
2002-10-30,1.9961049556732178,2.10321307182312,1.9961049556732178,2.10321307182312,0.9718208909034729,433394
2002-10-31,2.10418701171875,2.1421620845794678,2.10418701171875,2.127556085586548,0.9830693006515503,40053
2002-11-01,2.112950086593628,2.1285300254821777,2.112950086593628,2.1285300254821777,0.983519434928894,48269
2002-11-04,2.18110990524292,2.2151899337768555,2.18110990524292,2.1908469200134277,1.0123134851455688,77025
2002-11-05,2.171372890472412,2.1840310096740723,2.1421620845794678,2.182084083557129,1.0082646608352661,61620
2002-11-06,2.1927950382232666,2.2151899337768555,2.1830570697784424,2.1830570697784424,1.008714199066162,17459
2002-11-07,2.182084083557129,2.2736120223999023,2.182084083557129,2.2736120223999023,1.0505566596984863,89349
2002-11-08,2.2288219928741455,2.2736120223999023,2.2288219928741455,2.2512168884277344,1.0402086973190308,115024
2002-11-11,2.239532947540283,2.239532947540283,2.2297959327697754,2.2297959327697754,1.0303107500076294,9243
2002-11-12,2.2541379928588867,2.2541379928588867,2.221031904220581,2.244400978088379,1.0370594263076782,314262
2002-11-13,2.2541379928588867,2.3174290657043457,2.2541379928588867,2.2882180213928223,1.0573053359985352,326586
2002-11-14,2.307692050933838,2.307692050933838,2.2930870056152344,2.2930870056152344,1.0595550537109375,4108
2002-11-15,2.294059991836548,2.294059991836548,2.2882180213928223,2.2930870056152344,1.0595550537109375,7189
2002-11-18,2.2930870056152344,2.2930870056152344,2.2930870056152344,2.2930870056152344,1.0595550537109375,0
2002-11-19,2.2687439918518066,2.2687439918518066,2.2297959327697754,2.239532947540283,1.0348100662231445,79079
2002-11-20,2.2638750076293945,2.2677700519561768,2.248296022415161,2.2638750076293945,1.0460574626922607,230048
2002-11-21,2.239532947540283,2.2638750076293945,2.2297959327697754,2.2638750076293945,1.0460574626922607,367666
2002-11-22,2.2736120223999023,2.2736120223999023,2.2297959327697754,2.259006977081299,1.0438083410263062,337883
2002-11-25,2.262902021408081,2.262902021408081,2.262902021408081,2.262902021408081,1.0456079244613647,70863
2002-11-26,2.239532947540283,2.239532947540283,2.189872980117798,2.189872980117798,1.0118639469146729,16432
2002-11-27,2.19571590423584,2.19571590423584,2.1908469200134277,2.19571590423584,1.0145639181137085,16432
2002-11-29,2.198637008666992,2.198637008666992,2.18110990524292,2.18110990524292,1.0078147649765015,9243
2002-12-02,2.220057964324951,2.220057964324951,2.16650390625,2.185978889465332,1.0100646018981934,200265
2002-12-03,2.1616361141204834,2.16650390625,2.1421620845794678,2.16650390625,1.0010658502578735,53404
2002-12-04,2.1703989505767822,2.1703989505767822,2.145082950592041,2.1518990993499756,0.9943170547485352,434421
2002-12-05,2.1908469200134277,2.1908469200134277,2.1518990993499756,2.1518990993499756,0.9943170547485352,12324
2002-12-06,2.16650390625,2.185978889465332,2.1518990993499756,2.185978889465332,1.0100646018981934,28756
2002-12-09,2.1908469200134277,2.1908469200134277,2.1908469200134277,2.1908469200134277,1.0123134851455688,1027
2002-12-10,2.171372890472412,2.172347068786621,2.171372890472412,2.172347068786621,1.00376558303833,2054
2002-12-11,2.1908469200134277,2.239532947540283,2.1908469200134277,2.2142159938812256,1.0231118202209473,161239
2002-12-12,2.2132420539855957,2.2151899337768555,2.1908469200134277,2.2005839347839355,1.0168129205703735,218751
2002-12-13,2.185978889465332,2.185978889465332,2.1470301151275635,2.156766891479492,0.9965665340423584,212589
2002-12-16,2.157741069793701,2.1908469200134277,2.156766891479492,2.1908469200134277,1.0123134851455688,90376
2002-12-17,2.2599809169769287,2.2599809169769287,2.2005839347839355,2.2103209495544434,1.02131187915802,157131
2002-12-18,2.2132420539855957,2.258033037185669,2.1616361141204834,2.203505039215088,1.018162488937378,1006460
2002-12-19,2.2083740234375,2.2385590076446533,2.2083740234375,2.2268741130828857,1.0289607048034668,289614
2002-12-20,2.2297959327697754,2.2414801120758057,2.19376802444458,2.2005839347839355,1.0168129205703735,261885
2002-12-23,2.185978889465332,2.185978889465332,2.1840310096740723,2.1840310096740723,1.009164571762085,3081
2002-12-24,2.19474196434021,2.19474196434021,2.1908469200134277,2.1908469200134277,1.0123134851455688,10270
2002-12-26,2.1908469200134277,2.19571590423584,2.1908469200134277,2.1918210983276367,1.0127636194229126,8216
2002-12-27,2.1918210983276367,2.1918210983276367,2.1918210983276367,2.1918210983276367,1.0127636194229126,0
2002-12-30,2.1518990993499756,2.1518990993499756,2.1518990993499756,2.1518990993499756,0.9943170547485352,7189
2002-12-31,2.127556085586548,2.127556085586548,2.112950086593628,2.112950086593628,0.9763203859329224,22594
2003-01-02,2.115870952606201,2.115870952606201,2.115870952606201,2.115870952606201,0.9776699542999268,1027
2003-01-03,2.13242506980896,2.1480040550231934,2.13242506980896,2.1480040550231934,0.9925177097320557,24648
2003-01-06,2.1421620845794678,2.1480040550231934,2.1421620845794678,2.1480040550231934,0.9925177097320557,7189
2003-01-07,2.168452024459839,2.1869521141052246,2.168452024459839,2.1869521141052246,1.0105140209197998,16432
2003-01-08,2.171372890472412,2.1840310096740723,2.168452024459839,2.18110990524292,1.0078147649765015,8216
2003-01-09,2.1869521141052246,2.220057964324951,2.1869521141052246,2.2132420539855957,1.0226613283157349,106808
2003-01-10,2.2132420539855957,2.2132420539855957,2.2005839347839355,2.2054529190063477,1.0190625190734863,10270
2003-01-13,2.243427038192749,2.3174290657043457,2.243427038192749,2.302824020385742,1.0640544891357422,782574
2003-01-14,2.302824020385742,2.3320350646972656,2.302824020385742,2.3203508853912354,1.072153091430664,981812
2003-01-15,2.29795503616333,2.302824020385742,2.259006977081299,2.259006977081299,1.0438083410263062,54431
2003-01-16,2.261928081512451,2.2736120223999023,2.261928081512451,2.2736120223999023,1.0505566596984863,6162
2003-01-17,2.2638750076293945,2.2638750076293945,2.239532947540283,2.2560861110687256,1.0424586534500122,231075
2003-01-21,2.2424540519714355,2.2424540519714355,2.2239530086517334,2.2239530086517334,1.0276108980178833,20540
2003-01-22,2.2151899337768555,2.2502429485321045,2.1976630687713623,2.244400978088379,1.0370594263076782,108862
2003-01-23,2.244400978088379,2.244400978088379,2.244400978088379,2.244400978088379,1.0370594263076782,0
2003-01-24,2.244400978088379,2.244400978088379,2.244400978088379,2.244400978088379,1.0370594263076782,0
2003-01-27,2.185978889465332,2.1966888904571533,2.185978889465332,2.1908469200134277,1.0123134851455688,208481
2003-01-28,2.1781890392303467,2.198637008666992,2.1781890392303467,2.1908469200134277,1.0123134851455688,9243
2003-01-29,2.2054529190063477,2.2054529190063477,2.1616361141204834,2.1888999938964844,1.0114142894744873,56485
2003-01-30,2.1879260540008545,2.1927950382232666,2.185978889465332,2.1927950382232666,1.0132137537002563,8216
2003-01-31,2.1908469200134277,2.1976630687713623,2.189872980117798,2.1908469200134277,1.0123134851455688,196157
2003-02-03,2.2054529190063477,2.234663963317871,2.2054529190063477,2.2278480529785156,1.0294110774993896,81133
2003-02-04,2.20740008354187,2.20740008354187,2.18110990524292,2.1879260540008545,1.010964035987854,26702
2003-02-05,2.1879260540008545,2.1879260540008545,2.1879260540008545,2.1879260540008545,1.010964035987854,0
2003-02-06,2.171372890472412,2.1830570697784424,2.171372890472412,2.1830570697784424,1.008714199066162,4108
2003-02-07,2.1840310096740723,2.1840310096740723,2.167478084564209,2.167478084564209,1.001515507698059,4108
2003-02-10,2.167478084564209,2.1791629791259766,2.157741069793701,2.1606619358062744,0.9983665943145752,7189
2003-02-11,2.153846025466919,2.153846025466919,2.0934760570526123,2.10321307182312,0.9718208909034729,47242
2003-02-12,2.10516095161438,2.113924026489258,2.10516095161438,2.113924026489258,0.9767700433731079,7189
2003-02-13,2.113924026489258,2.129503011703491,2.113924026489258,2.1207399368286133,0.9799196124076843,16432
2003-02-14,2.1236610412597656,2.1480040550231934,2.1236610412597656,2.1480040550231934,0.9925177097320557,16432
2003-02-18,2.1518990993499756,2.189872980117798,2.1518990993499756,2.182084083557129,1.0082646608352661,19513
2003-02-19,2.1616361141204834,2.1655309200286865,2.1421620845794678,2.1421620845794678,0.9898180961608887,16432
2003-02-20,2.1499509811401367,2.157741069793701,2.1499509811401367,2.157741069793701,0.9970166683197021,4108
2003-02-21,2.1509249210357666,2.1509249210357666,2.1246349811553955,2.1246349811553955,0.9817197322845459,61620
2003-02-24,2.1246349811553955,2.1246349811553955,2.1246349811553955,2.1246349811553955,0.9817197322845459,0
2003-02-25,2.127556085586548,2.127556085586548,2.1119771003723145,2.1119771003723145,0.9758707880973816,24648
2003-02-26,2.1207399368286133,2.1207399368286133,2.1080820560455322,2.1080820560455322,0.9740709066390991,27729
2003-02-27,2.1217141151428223,2.1518990993499756,2.1217141151428223,2.1518990993499756,0.9943170547485352,71890
2003-02-28,2.152872085571289,2.171372890472412,2.152872085571289,2.171372890472412,1.0033154487609863,12324
2003-03-03,2.171372890472412,2.171372890472412,2.171372890472412,2.171372890472412,1.0033154487609863,0
2003-03-04,2.171372890472412,2.171372890472412,2.171372890472412,2.171372890472412,1.0033154487609863,0
2003-03-05,2.16650390625,2.16650390625,2.1460559368133545,2.1470301151275635,0.9920674562454224,8216
2003-03-06,2.1363189220428467,2.1518990993499756,2.1363189220428467,2.1518990993499756,0.9943170547485352,4108
2003-03-07,2.1616361141204834,2.2414801120758057,2.1616361141204834,2.239532947540283,1.0348100662231445,158158
2003-03-10,2.2375850677490234,2.2541379928588867,2.230768918991089,2.239532947540283,1.0348100662231445,53404
2003-03-11,2.2249269485473633,2.225900888442993,2.217137098312378,2.22298002243042,1.027160882949829,22594
2003-03-12,2.221031904220581,2.221031904220581,2.220057964324951,2.221031904220581,1.026261329650879,8216
2003-03-13,2.221031904220581,2.244400978088379,2.221031904220581,2.244400978088379,1.0370594263076782,4108
2003-03-14,2.2638750076293945,2.31353497505188,2.2638750076293945,2.31353497505188,1.069003701210022,10270
2003-03-17,2.2882180213928223,2.330087900161743,2.2882180213928223,2.324244976043701,1.073952317237854,18486
2003-03-18,2.3320350646972656,2.3369040489196777,2.322298049926758,2.322298049926758,1.0730525255203247,10270
2003-03-19,2.333981990814209,2.3427460193634033,2.3330090045928955,2.3427460193634033,1.0825014114379883,7189
2003-03-20,2.29795503616333,2.322298049926758,2.2969810962677,2.31256103515625,1.0685534477233887,195130
2003-03-21,2.330087900161743,2.3407979011535645,2.322298049926758,2.3369040489196777,1.0798016786575317,92430
2003-03-24,2.321324110031128,2.325218915939331,2.321324110031128,2.325218915939331,1.0744024515151978,3081
2003-03-25,2.3184030055999756,2.32716703414917,2.3174290657043457,2.322298049926758,1.0730525255203247,91403
2003-03-26,2.3193769454956055,2.3193769454956055,2.307692050933838,2.3164560794830322,1.0703531503677368,44161
2003-03-27,2.3096399307250977,2.31158709526062,2.3096399307250977,2.31158709526062,1.0681039094924927,10270
2003-03-28,2.31256103515625,2.31256103515625,2.2960081100463867,2.307692050933838,1.0663038492202759,98592
2003-03-31,2.3145079612731934,2.3145079612731934,2.3037970066070557,2.3037970066070557,1.0645041465759277,2054
2003-04-01,2.3174290657043457,2.3369040489196777,2.3047709465026855,2.3369040489196777,1.0798016786575317,157131
2003-04-02,2.3369040489196777,2.3953258991241455,2.3369040489196777,2.3943519592285156,1.1063461303710938,218751
2003-04-03,2.3709828853607178,2.3972740173339844,2.3709828853607178,2.3924050331115723,1.1054470539093018,90376
2003-04-04,2.4001948833465576,2.414799928665161,2.3739049434661865,2.376826047897339,1.0982481241226196,30810
2003-04-07,2.376826047897339,2.434274911880493,2.376826047897339,2.434274911880493,1.124793291091919,264966
2003-04-08,2.434274911880493,2.434274911880493,2.4099318981170654,2.4128530025482178,1.1148954629898071,15405
2003-04-09,2.3943519592285156,2.453748941421509,2.3943519592285156,2.434274911880493,1.124793291091919,194103
2003-04-10,2.434274911880493,2.453748941421509,2.429405927658081,2.453748941421509,1.133791446685791,413881
2003-04-11,2.453748941421509,2.4625120162963867,2.4508280754089355,2.453748941421509,1.133791446685791,15405
2003-04-14,2.453748941421509,2.5121710300445557,2.434274911880493,2.502434015274048,1.1562871932983398,408746
2003-04-15,2.502434015274048,2.502434015274048,2.4829599857330322,2.4829599857330322,1.1472890377044678,102700
2003-04-16,2.4586169719696045,2.4956181049346924,2.4488799571990967,2.4956181049346924,1.153138518333435,33891
2003-04-17,2.4956181049346924,2.5092499256134033,2.4956181049346924,2.5092499256134033,1.1594362258911133,112970
2003-04-21,2.511198043823242,2.5121710300445557,2.5014610290527344,2.5014610290527344,1.1558377742767334,41080
2003-04-22,2.4985389709472656,2.4985389709472656,2.4858810901641846,2.4878289699554443,1.1495388746261597,66755
2003-04-23,2.4878289699554443,2.532618999481201,2.4829599857330322,2.5180139541625977,1.1634865999221802,423124
2003-04-24,2.5238559246063232,2.53456711769104,2.516066074371338,2.516066074371338,1.1625862121582031,153023
2003-04-25,2.50730299949646,2.50730299949646,2.4634859561920166,2.49367094039917,1.152237892150879,140699
2003-04-28,2.5014610290527344,2.502434015274048,2.497565984725952,2.4985389709472656,1.1544877290725708,243399
2003-04-29,2.497565984725952,2.542356014251709,2.497565984725952,2.542356014251709,1.1747337579727173,7189
2003-04-30,2.5316460132598877,2.570594072341919,2.5316460132598877,2.560857057571411,1.1832823753356934,48269
2003-05-01,2.575463056564331,2.575463056564331,2.570594072341919,2.570594072341919,1.187781572341919,11297
2003-05-02,2.52093505859375,2.560857057571411,2.52093505859375,2.555988073348999,1.2158498764038086,279344
2003-05-05,2.6056480407714844,2.6056480407714844,2.542356014251709,2.5628039836883545,1.2190924882888794,199238
2003-05-06,2.633884906768799,2.633884906768799,2.575463056564331,2.5803310871124268,1.2274293899536133,56485
2003-05-07,2.6046741008758545,2.6046741008758545,2.6046741008758545,2.6046741008758545,1.2390093803405762,1027
2003-05-08,2.6046741008758545,2.6144111156463623,2.5900681018829346,2.5900681018829346,1.2320613861083984,297830
2003-05-09,2.570594072341919,2.59688401222229,2.570594072341919,2.5803310871124268,1.2274293899536133,323505
2003-05-12,2.56961989402771,2.5900681018829346,2.56961989402771,2.5900681018829346,1.2320613861083984,340964
2003-05-13,2.609541893005371,2.6222009658813477,2.5998051166534424,2.620253086090088,1.2464200258255005,21567
2003-05-14,2.6270689964294434,2.6270689964294434,2.609541893005371,2.609541893005371,1.241324543952942,4108
2003-05-15,2.6212270259857178,2.6484909057617188,2.5949370861053467,2.623173952102661,1.2478095293045044,347126
2003-05-16,2.619278907775879,2.619278907775879,2.6085689067840576,2.6085689067840576,1.2408618927001953,23621
2003-05-19,2.59785795211792,2.59785795211792,2.4732229709625244,2.4741969108581543,1.1769431829452515,186914
2003-05-20,2.49269700050354,2.49269700050354,2.3573520183563232,2.4138269424438477,1.1482257843017578,112970
2003-05-21,2.4089579582214355,2.4089579582214355,2.3953258991241455,2.398247003555298,1.1408144235610962,11297
2003-05-22,2.3992209434509277,2.494645118713379,2.3992209434509277,2.494645118713379,1.186669945716858,94484
2003-05-23,2.4878289699554443,2.5219080448150635,2.4878289699554443,2.5141189098358154,1.1959331035614014,50323
2003-05-27,2.50730299949646,2.5277509689331055,2.502434015274048,2.5277509689331055,1.2024179697036743,19513
2003-05-28,2.5170400142669678,2.570594072341919,2.5170400142669678,2.5413830280303955,1.2089027166366577,167401
2003-05-29,2.5647521018981934,2.585200071334839,2.5647521018981934,2.58422589302063,1.229282259941101,11297
2003-05-30,2.6036999225616455,2.609541893005371,2.5920159816741943,2.609541893005371,1.241324543952942,12324
2003-06-02,2.624147891998291,2.632910966873169,2.624147891998291,2.632910966873169,1.2524412870407104,5135
2003-06-03,2.634859085083008,2.6407010555267334,2.6319379806518555,2.638753890991211,1.2552204132080078,113997
2003-06-04,2.6290171146392822,2.6290171146392822,2.6290171146392822,2.6290171146392822,1.25058913230896,2054
2003-06-05,2.6270689964294434,2.638753890991211,2.6270689964294434,2.6290171146392822,1.25058913230896,8216
2003-06-06,2.609541893005371,2.7361249923706055,2.609541893005371,2.7166500091552734,1.2922747135162354,1277588
2003-06-09,2.713728904724121,2.71567702293396,2.70009708404541,2.70009708404541,1.2844010591506958,99619
2003-06-10,2.7166500091552734,2.760467052459717,2.713728904724121,2.740993022918701,1.30385422706604,499122
2003-06-11,2.740993022918701,2.740993022918701,2.740993022918701,2.740993022918701,1.30385422706604,0
2003-06-12,2.755599021911621,2.8490750789642334,2.755599021911621,2.827652931213379,1.345077395439148,111943
2003-06-13,2.827652931213379,2.827652931213379,2.8208370208740234,2.822784900665283,1.3427616357803345,50323
2003-06-16,2.822784900665283,2.822784900665283,2.822784900665283,2.822784900665283,1.3427616357803345,0
2003-06-17,2.81986403465271,2.8208370208740234,2.81986403465271,2.81986403465271,1.341372013092041,12324
2003-06-18,2.83349609375,2.8383638858795166,2.8296010494232178,2.8296010494232178,1.3460040092468262,31837
2003-06-19,2.8403120040893555,2.8403120040893555,2.832521915435791,2.83349609375,1.347856879234314,56485
2003-06-20,2.81889009475708,2.841284990310669,2.7945470809936523,2.8091530799865723,1.3362776041030884,67782
2003-06-23,2.7848100662231445,2.7848100662231445,2.7702040672302246,2.7702040672302246,1.3177498579025269,32864
2003-06-24,2.7760469913482666,2.7760469913482666,2.760467052459717,2.760467052459717,1.313117504119873,25675
2003-06-25,2.7361249923706055,2.7361249923706055,2.7069129943847656,2.7224929332733154,1.2950538396835327,23621
2003-06-26,2.7361249923706055,2.7361249923706055,2.733203887939453,2.7341771125793457,1.300612449645996,9243
2003-06-27,2.7361249923706055,2.7361249923706055,2.7361249923706055,2.7361249923706055,1.3015391826629639,1027
2003-06-30,2.7361249923706055,2.7361249923706055,2.7351510524749756,2.7351510524749756,1.3010759353637695,5135
2003-07-01,2.7750730514526367,2.8529698848724365,2.755599021911621,2.8529698848724365,1.3571205139160156,92430
2003-07-02,2.8490750789642334,2.868549108505249,2.8490750789642334,2.8529698848724365,1.3571205139160156,34918
2003-07-03,2.872443914413452,2.872443914413452,2.872443914413452,2.872443914413452,1.3663839101791382,14378
2003-07-07,2.8578379154205322,2.8627068996429443,2.8383638858795166,2.8383638858795166,1.3501726388931274,305019
2003-07-08,2.8383638858795166,2.8383638858795166,2.8169429302215576,2.8169429302215576,1.3399829864501953,41080
2003-07-09,2.823759078979492,2.855890989303589,2.823759078979492,2.847127914428711,1.3543412685394287,46215
2003-07-10,2.8403120040893555,2.854917049407959,2.8354430198669434,2.842258930206299,1.3520256280899048,25675
2003-07-11,2.845180034637451,2.8529698848724365,2.845180034637451,2.8529698848724365,1.3571205139160156,52377
2003-07-14,2.8529698848724365,2.8529698848724365,2.8529698848724365,2.8529698848724365,1.3571205139160156,0
2003-07-15,2.86757493019104,2.86757493019104,2.86757493019104,2.86757493019104,1.3640673160552979,34918
2003-07-16,2.8481009006500244,2.86757493019104,2.845180034637451,2.86757493019104,1.3640673160552979,39026
2003-07-17,2.8792600631713867,2.8792600631713867,2.841284990310669,2.841284990310669,1.3515619039535522,84214
2003-07-18,2.81889009475708,2.81889009475708,2.7896790504455566,2.81889009475708,1.3409088850021362,650091
2003-07-21,2.828627109527588,2.832521915435791,2.8257060050964355,2.8296010494232178,1.3460040092468262,7189
2003-07-22,2.832521915435791,2.8364169597625732,2.827652931213379,2.832521915435791,1.3473938703536987,5135
2003-07-23,2.842258930206299,2.847127914428711,2.828627109527588,2.842258930206299,1.3520256280899048,480636
2003-07-24,2.843233108520508,2.8617329597473145,2.8403120040893555,2.8481009006500244,1.354804277420044,539175
2003-07-25,2.872443914413452,2.92405104637146,2.872443914413452,2.9211299419403076,1.3895429372787476,506311
2003-07-28,2.9211299419403076,2.932813882827759,2.9113919734954834,2.9113919734954834,1.3849107027053833,112970
2003-07-29,2.9308669567108154,2.9396300315856934,2.9298930168151855,2.9396300315856934,1.3983436822891235,35945
2003-07-30,2.9308669567108154,2.950340986251831,2.9308669567108154,2.950340986251831,1.4034382104873657,30810
2003-07-31,2.9406039714813232,2.9756569862365723,2.93768310546875,2.97176194190979,1.4136284589767456,51350
2003-08-01,2.97176194190979,3.004868984222412,2.97176194190979,3.004868984222412,1.4293768405914307,87295
2003-08-04,3.004868984222412,3.004868984222412,3.004868984222412,3.004868984222412,1.4293768405914307,0
2003-08-05,2.9805259704589844,2.98636794090271,2.9785780906677246,2.98636794090271,1.4205758571624756,18486
2003-08-06,2.98636794090271,2.9980530738830566,2.98636794090271,2.9961049556732178,1.4252082109451294,118105
2003-08-07,2.9844210147857666,3.0477120876312256,2.9824728965759277,3.0477120876312256,1.4497569799423218,51350
2003-08-08,3.0662119388580322,3.1207399368286133,3.0662119388580322,3.11879301071167,1.4835691452026367,31837
2003-08-11,3.135345935821533,3.2190849781036377,3.135345935821533,3.2151899337768555,1.529423713684082,22594
2003-08-12,3.225900888442993,3.2278480529785156,3.1908469200134277,3.2083740234375,1.5261813402175903,922246
2003-08-13,3.20934796333313,3.2132420539855957,3.20934796333313,3.2132420539855957,1.528496503829956,48269
2003-08-14,3.2132420539855957,3.276534080505371,3.2103209495544434,3.271665096282959,1.556288480758667,757926
2003-08-15,3.281402111053467,3.290165901184082,3.281402111053467,3.290165901184082,1.5650883913040161,34918
2003-08-18,3.2921130657196045,3.3291139602661133,3.281402111053467,3.3291139602661133,1.583616018295288,108862
2003-08-19,3.3446929454803467,3.4488799571990967,3.3446929454803467,3.425510883331299,1.6294704675674438,102700
2003-08-20,3.4196689128875732,3.439142942428589,3.4196689128875732,3.4371960163116455,1.6350293159484863,313235
2003-08-21,3.456670045852661,3.481013059616089,3.438169002532959,3.4469330310821533,1.6396608352661133,809276
2003-08-22,3.443037986755371,3.444011926651001,3.38948392868042,3.390458106994629,1.612796425819397,432367
2003-08-25,3.398247003555298,3.398247003555298,3.349561929702759,3.349561929702759,1.5933430194854736,35945
2003-08-26,3.3047709465026855,3.3407979011535645,3.294059991836548,3.338850975036621,1.5882480144500732,505284
2003-08-27,3.3505361080169678,3.442064046859741,3.3505361080169678,3.4050629138946533,1.6197437047958374,112970
2003-08-28,3.429405927658081,3.4644598960876465,3.424536943435669,3.4323270320892334,1.6327133178710938,156104
2003-08-29,3.4225900173187256,3.4625120162963867,3.4109060764312744,3.456670045852661,1.6442927122116089,120159
2003-09-02,3.456670045852661,3.466407060623169,3.4274590015411377,3.4469330310821533,1.6396608352661133,191022
2003-09-03,3.4469330310821533,3.4858810901641846,3.4469330310821533,3.4858810901641846,1.658187985420227,182806
2003-09-04,3.46543288230896,3.516066074371338,3.46543288230896,3.4829599857330322,1.6567984819412231,315289
2003-09-05,3.4897758960723877,3.5540409088134766,3.4868550300598145,3.5355401039123535,1.6818101406097412,141726
2003-09-08,3.5598831176757812,3.7078869342803955,3.5540409088134766,3.6845180988311768,1.7526766061782837,340964
2003-09-09,3.6952290534973145,3.6952290534973145,3.666018009185791,3.6718599796295166,1.7466559410095215,66755
2003-09-10,3.6543331146240234,3.68646502494812,3.6543331146240234,3.68646502494812,1.7536028623580933,20540
2003-09-11,3.70009708404541,3.738071918487549,3.6854920387268066,3.6981499195098877,1.7591609954833984,122213
2003-09-12,3.678675889968872,3.7322299480438232,3.678675889968872,3.7322299480438232,1.7753729820251465,26702
2003-09-15,3.7322299480438232,3.7322299480438232,3.71470308303833,3.71470308303833,1.767035722732544,27729
2003-09-16,3.71470308303833,3.764362096786499,3.71470308303833,3.754625082015991,1.7860257625579834,94484
2003-09-17,3.7439138889312744,3.7974679470062256,3.741966962814331,3.7974679470062256,1.8064056634902954,100646
2003-09-18,3.7974679470062256,3.7974679470062256,3.7974679470062256,3.7974679470062256,1.8064056634902954,7189
2003-09-19,3.77799391746521,3.77799391746521,3.7585198879241943,3.7585198879241943,1.7878791093826294,4108
2003-09-22,3.7341771125793457,3.8072049617767334,3.7341771125793457,3.8072049617767334,1.8110377788543701,28756
2003-09-23,3.81986403465271,3.81986403465271,3.7916259765625,3.7916259765625,1.8036261796951294,34918
2003-09-24,3.7896790504455566,3.80525803565979,3.7896790504455566,3.7945470809936523,1.8050168752670288,29783
2003-09-25,3.79259991645813,3.7984418869018555,3.79259991645813,3.7974679470062256,1.8064056634902954,125294
2003-09-26,3.8072049617767334,3.843233108520508,3.8072049617767334,3.8364169597625732,1.8249329328536987,34918
2003-09-29,3.841284990310669,3.90944504737854,3.841284990310669,3.89483904838562,1.8527239561080933,89349
2003-09-30,3.89483904838562,3.92307710647583,3.8938660621643066,3.8938660621643066,1.852260947227478,67782
2003-10-01,3.9435250759124756,3.9922099113464355,3.9435250759124756,3.9678680896759033,1.8874627351760864,92430
2003-10-02,3.9922099113464355,4.001946926116943,3.9435250759124756,3.9620249271392822,1.8846834897994995,101673
2003-10-03,3.98636794090271,4.001946926116943,3.98636794090271,3.991236925125122,1.8985791206359863,96538
2003-10-06,4.0068159103393555,4.0555009841918945,4.001946926116943,4.0555009841918945,1.9291484355926514,97565
2003-10-07,4.045763969421387,4.0963969230651855,4.042842864990234,4.0963969230651855,1.9486026763916016,223886
2003-10-08,4.10418701171875,4.165531158447266,4.10418701171875,4.123661041259766,1.961569905281067,77025
2003-10-09,4.136319160461426,4.20642614364624,4.133398056030273,4.186952114105225,1.9916783571243286,234156
2003-10-10,4.186952114105225,4.225901126861572,4.167478084564209,4.225901126861572,2.0102059841156006,987974
2003-10-13,4.233689785003662,4.249269962310791,4.197662830352783,4.249269962310791,2.02132248878479,103727
2003-10-14,4.2005839347839355,4.286271095275879,4.2005839347839355,4.261928081512451,2.02734375,42107
2003-10-15,4.247322082519531,4.3816938400268555,4.247322082519531,4.371956825256348,2.0796830654144287,403611
2003-10-16,4.371956825256348,4.481986045837402,4.371956825256348,4.481986045837402,2.13202166557312,524797
2003-10-17,4.454721927642822,4.50827693939209,4.454721927642822,4.501461029052734,2.141286849975586,263939
2003-10-20,4.478092193603516,4.5131449699401855,4.469327926635742,4.503407955169678,2.1422119140625,198211
2003-10-21,4.504382133483887,4.518013954162598,4.49367094039917,4.504382133483887,2.1426758766174316,75998
2003-10-22,4.5141191482543945,4.5141191482543945,4.4858808517456055,4.492696762084961,2.1371169090270996,170482
2003-10-23,4.469327926635742,4.469327926635742,4.371956825256348,4.415773868560791,2.1005258560180664,182806
2003-10-24,4.425510883331299,4.425510883331299,4.273612022399902,4.282375812530518,2.037069797515869,145834
2003-10-27,4.308666229248047,4.342745780944824,4.276534080505371,4.283349990844727,2.0375332832336426,168428
2003-10-28,4.293087005615234,4.293087005615234,4.130476951599121,4.1742939949035645,1.9856572151184082,170482
2003-10-29,4.186952114105225,4.214216232299805,4.148004055023193,4.148004055023193,1.9731509685516357,208481
2003-10-30,4.172347068786621,4.19571590423584,4.040895938873291,4.13145112991333,1.9652771949768066,139672
2003-10-31,4.150925159454346,4.150925159454346,4.043817043304443,4.065238952636719,1.933781385421753,477555
2003-11-03,4.074975967407227,4.078869819641113,4.050632953643799,4.058423042297363,1.9305379390716553,77025
2003-11-04,4.058423042297363,4.058423042297363,3.98734188079834,3.98734188079834,1.8967266082763672,177671
2003-11-05,4.040895938873291,4.040895938873291,3.9289190769195557,3.9552090167999268,1.8814408779144287,196157
2003-11-06,3.9649460315704346,3.9649460315704346,3.8490750789642334,3.9016549587249756,1.8559662103652954,138645
2003-11-07,3.9259979724884033,4.0068159103393555,3.9259979724884033,3.9756569862365723,1.891168236732483,58539
2003-11-10,3.9756569862365723,3.9922099113464355,3.951314926147461,3.9532620906829834,1.8805149793624878,285506
2003-11-11,3.9532620906829834,3.97273588180542,3.9289190769195557,3.9435250759124756,1.875882863998413,109889
2003-11-12,3.9678680896759033,4.162610054016113,3.9678680896759033,4.113924026489258,1.956939697265625,368693
2003-11-13,4.133398056030273,4.211295127868652,4.082765102386475,4.082765102386475,1.9421175718307495,254696
2003-11-14,4.11684513092041,4.274586200714111,4.11684513092041,4.2648491859436035,2.028733491897583,275236
2003-11-17,4.217136859893799,4.217136859893799,4.03992223739624,4.05452823638916,1.9286857843399048,94484
2003-11-18,4.03992223739624,4.03992223739624,3.9201560020446777,3.9298930168151855,1.8693989515304565,54431
2003-11-19,3.9337880611419678,3.9337880611419678,3.868549108505249,3.887049913406372,1.8490188121795654,21567
2003-11-20,3.8919179439544678,3.9308669567108154,3.8627068996429443,3.8627068996429443,1.8374390602111816,18486
2003-11-21,3.8636810779571533,3.8763389587402344,3.8627068996429443,3.8656280040740967,1.838828444480896,57512
2003-11-24,3.914314031600952,3.9386560916900635,3.914314031600952,3.9386560916900635,1.8735666275024414,37999
2003-11-25,3.936708927154541,3.9532620906829834,3.9308669567108154,3.9337880611419678,1.8712513446807861,79079
2003-11-26,3.9581298828125,3.9678680896759033,3.9581298828125,3.9668939113616943,1.8869991302490234,57512
2003-11-28,3.991236925125122,4.081791877746582,3.991236925125122,4.036026954650879,1.9198851585388184,160212
2003-12-01,4.099318027496338,4.207399845123291,4.099318027496338,4.16650390625,1.9819515943527222,157131
2003-12-02,4.186952114105225,4.2083740234375,4.170399188995361,4.186952114105225,1.9916783571243286,196157
2003-12-03,4.186952114105225,4.250243186950684,4.186952114105225,4.250243186950684,2.021785020828247,65728
2003-12-04,4.225901126861572,4.225901126861572,4.212268829345703,4.212268829345703,2.003720998764038,41080
2003-12-05,4.187925815582275,4.2083740234375,4.187925815582275,4.19376802444458,1.994920253753662,47242
2003-12-08,4.179162979125977,4.308666229248047,4.179162979125977,4.294060230255127,2.042628049850464,59566
2003-12-09,4.269718170166016,4.269718170166016,4.152872085571289,4.186952114105225,1.9916783571243286,132483
2003-12-10,4.177215099334717,4.177215099334717,4.1392412185668945,4.1392412185668945,1.968982458114624,111943
2003-12-11,4.162610054016113,4.186952114105225,4.121714115142822,4.1382670402526855,1.9685195684432983,73944
2003-12-12,4.130476951599121,4.148004055023193,4.128530025482178,4.1382670402526855,1.9685195684432983,44161
2003-12-15,4.148004055023193,4.158714771270752,4.140213966369629,4.147029876708984,1.9726876020431519,391287
2003-12-16,4.1382670402526855,4.1392412185668945,3.9922099113464355,4.008762836456299,1.9069162607192993,209508
2003-12-17,4.023368835449219,4.0701069831848145,4.023368835449219,4.0555009841918945,1.9291484355926514,27729
2003-12-18,4.0701069831848145,4.075949192047119,4.040895938873291,4.040895938873291,1.9222009181976318,28756
2003-12-19,4.017527103424072,4.017527103424072,3.89483904838562,3.9162609577178955,1.8629138469696045,146861
2003-12-22,3.9406039714813232,3.9483931064605713,3.9406039714813232,3.9444990158081055,1.8763463497161865,27729
2003-12-23,3.9707889556884766,4.050632953643799,3.9707889556884766,4.050632953643799,1.9268323183059692,298857
2003-12-24,4.026289939880371,4.046738147735596,4.026289939880371,4.040895938873291,1.9222009181976318,50323
2003-12-26,4.052579879760742,4.059395790100098,4.040895938873291,4.040895938873291,1.9222009181976318,78052
2003-12-29,4.031158924102783,4.050632953643799,3.932813882827759,4.020448207855225,1.912474274635315,210535
2003-12-30,4.010711193084717,4.05452823638916,4.010711193084717,4.050632953643799,1.9268323183059692,87295
2003-12-31,4.026289939880371,4.050632953643799,4.02531623840332,4.0477118492126465,1.9254432916641235,35945
2004-01-02,4.037974834442139,4.061344146728516,4.037974834442139,4.051607131958008,1.9272966384887695,19513
2004-01-05,4.061344146728516,4.205452919006348,4.061344146728516,4.19376802444458,1.994920253753662,149942
2004-01-06,4.179162979125977,4.227848052978516,4.164556980133057,4.186952114105225,1.9916783571243286,102700
2004-01-07,4.1742939949035645,4.230769157409668,4.1742939949035645,4.191821098327637,1.9939939975738525,149942
2004-01-08,4.182084083557129,4.23563814163208,4.182084083557129,4.2015581130981445,1.998625636100769,70863
2004-01-09,4.20642614364624,4.251216888427734,4.20642614364624,4.2161641120910645,2.0055737495422363,103727
2004-01-12,4.185978889465332,4.191821098327637,4.15384578704834,4.175268173217773,1.9861202239990234,53404
2004-01-13,4.199611186981201,4.22298002243042,4.08958101272583,4.132424831390381,1.9657400846481323,106808
2004-01-14,4.133398056030273,4.205452919006348,4.0886077880859375,4.205452919006348,2.000479221343994,120159
2004-01-15,4.229795932769775,4.229795932769775,4.142161846160889,4.142161846160889,1.9703724384307861,27729
2004-01-16,4.16650390625,4.239532947540283,4.158714771270752,4.184031009674072,1.9902890920639038,73944
2004-01-20,4.194742202758789,4.194742202758789,4.113924026489258,4.1382670402526855,1.9685195684432983,51350
2004-01-21,4.113924026489258,4.162610054016113,4.113924026489258,4.137292861938477,1.968056559562683,107835
2004-01-22,4.1596879959106445,4.186952114105225,4.1110029220581055,4.1110029220581055,1.9555503129959106,32864
2004-01-23,4.135345935821533,4.135345935821533,4.065238952636719,4.087634086608887,1.9444339275360107,24648
2004-01-26,4.067185878753662,4.083738803863525,3.9834470748901367,4.06426477432251,1.9333176612854004,62647
2004-01-27,4.060369968414307,4.113924026489258,4.033105850219727,4.065238952636719,1.933781385421753,102700
2004-01-28,4.040895938873291,4.040895938873291,3.97273588180542,3.9892890453338623,1.8976523876190186,83187
2004-01-29,3.9289190769195557,3.9289190769195557,3.846153974533081,3.869523048400879,1.840681552886963,93457
2004-01-30,3.855890989303589,3.870496988296509,3.8266799449920654,3.8636810779571533,1.837902545928955,191022
2004-02-02,3.9201560020446777,3.9201560020446777,3.845180034637451,3.846153974533081,1.829565167427063,53404
2004-02-03,3.9123659133911133,3.9123659133911133,3.864654064178467,3.864654064178467,1.8383654356002808,7189
2004-02-04,3.8889970779418945,3.8889970779418945,3.7857840061187744,3.793574094772339,1.804552674293518,51350
2004-02-05,3.793574094772339,3.793574094772339,3.723465919494629,3.723465919494629,1.7712035179138184,79079
2004-02-06,3.723465919494629,3.7536509037017822,3.723465919494629,3.7487831115722656,1.7832472324371338,36972
2004-02-09,3.7731258869171143,3.7974679470062256,3.724440097808838,3.724440097808838,1.7716668844223022,20540
2004-02-10,3.7487831115722656,3.7945470809936523,3.7039918899536133,3.733203887939453,1.7758365869522095,67782
2004-02-11,3.7575459480285645,3.8305740356445312,3.709834098815918,3.8169429302215576,1.815670132637024,460096
2004-02-12,3.8656280040740967,3.919182062149048,3.8656280040740967,3.914314031600952,1.8619877099990845,316316
2004-02-13,3.914314031600952,3.9474198818206787,3.89483904838562,3.9415769577026367,1.8749566078186035,157131
2004-02-17,4.040895938873291,4.186952114105225,4.040895938873291,4.1382670402526855,1.9685195684432983,368693
2004-02-18,4.186952114105225,4.233689785003662,4.186952114105225,4.2151899337768555,2.0051109790802,293722
2004-02-19,4.284323215484619,4.284323215484619,4.186952114105225,4.186952114105225,1.9916783571243286,172536
2004-02-20,4.175268173217773,4.176240921020508,4.1110029220581055,4.1110029220581055,1.9555503129959106,22594
2004-02-23,4.086659908294678,4.162610054016113,4.077897071838379,4.149950981140137,1.974077582359314,28756
2004-02-24,4.125608921051025,4.150925159454346,4.105161190032959,4.105161190032959,1.9527711868286133,10270
2004-02-25,4.102240085601807,4.102240085601807,4.095424175262451,4.095424175262451,1.9481395483016968,3081
2004-02-26,4.122686862945557,4.157741069793701,4.0963969230651855,4.109055995941162,1.9546245336532593,79079
2004-02-27,4.109055995941162,4.117818832397461,4.082765102386475,4.082765102386475,1.9421175718307495,18486
2004-03-01,4.090555191040039,4.1927947998046875,4.090555191040039,4.171372890472412,1.9842678308486938,48269
2004-03-02,4.19571590423584,4.333008766174316,4.19571590423584,4.294060230255127,2.042628049850464,428259
2004-03-03,4.269718170166016,4.269718170166016,4.196689128875732,4.197662830352783,1.9967734813690186,240318
2004-03-04,4.204479217529297,4.204479217529297,4.136319160461426,4.1927947998046875,1.994457483291626,115024
2004-03-05,4.20642614364624,4.225901126861572,4.186952114105225,4.186952114105225,1.9916783571243286,193076
2004-03-08,4.186952114105225,4.186952114105225,4.065238952636719,4.100292205810547,1.9504553079605103,24648
2004-03-09,4.110029220581055,4.162610054016113,4.110029220581055,4.128530025482178,1.9638880491256714,155077
2004-03-10,4.133398056030273,4.204479217529297,4.109055995941162,4.110029220581055,1.9550871849060059,838032
2004-03-11,4.134372234344482,4.134372234344482,4.0886077880859375,4.0886077880859375,1.9448970556259155,30810
2004-03-12,4.0886077880859375,4.0886077880859375,4.030185222625732,4.061344146728516,1.9319275617599487,27729
2004-03-15,4.050632953643799,4.050632953643799,3.932813882827759,3.932813882827759,1.8707873821258545,63674
2004-03-16,3.9659199714660645,3.9659199714660645,3.9337880611419678,3.9396300315856934,1.8740301132202148,145834
2004-03-17,3.949367046356201,3.949367046356201,3.8354430198669434,3.8792600631713867,1.8453130722045898,82160
2004-03-18,3.8792600631713867,3.900681972503662,3.8481009006500244,3.8773128986358643,1.8443866968154907,195130
2004-03-19,3.8529698848724365,3.86757493019104,3.765336036682129,3.7711780071258545,1.7939000129699707,174590
2004-03-22,3.7955210208892822,3.7955210208892822,3.609541893005371,3.6270689964294434,1.7253488302230835,340964
2004-03-23,3.724440097808838,3.754625082015991,3.6903600692749023,3.718597888946533,1.7688883543014526,185887
2004-03-24,3.742940902709961,3.7896790504455566,3.7049660682678223,3.7322299480438232,1.7753729820251465,161239
2004-03-25,3.756572961807251,3.782862901687622,3.727360963821411,3.7672829627990723,1.7920469045639038,103727
2004-03-26,3.7916259765625,3.89483904838562,3.7672829627990723,3.7974679470062256,1.8064056634902954,120159
2004-03-29,3.8218109607696533,3.9162609577178955,3.8218109607696533,3.8792600631713867,1.8453130722045898,220805
2004-03-30,3.89483904838562,3.97176194190979,3.89483904838562,3.9620249271392822,1.8846834897994995,209508
2004-03-31,3.962999105453491,3.9922099113464355,3.9152870178222656,3.98734188079834,1.8967266082763672,592579
2004-04-01,4.011684894561768,4.011684894561768,3.9961049556732178,4.001946926116943,1.9036742448806763,588471
2004-04-02,3.9970788955688477,4.029211044311523,3.9970788955688477,3.9970788955688477,1.9013575315475464,156104
2004-04-05,4.021421909332275,4.094449996948242,3.9970788955688477,3.9970788955688477,1.9013575315475464,61620
2004-04-06,4.017527103424072,4.03992223739624,3.946445941925049,3.946445941925049,1.8772732019424438,105781
2004-04-07,3.922102928161621,3.922102928161621,3.88120698928833,3.8851020336151123,1.8480920791625977,109889
2004-04-08,3.90944504737854,3.90944504737854,3.869523048400879,3.869523048400879,1.840681552886963,101673
2004-04-12,3.8743910789489746,3.918207883834839,3.873418092727661,3.918207883834839,1.8638402223587036,297830
2004-04-13,3.9425508975982666,3.962999105453491,3.8490750789642334,3.8656280040740967,1.838828444480896,61620
2004-04-14,3.8753650188446045,3.8753650188446045,3.8510220050811768,3.8510220050811768,1.8318805694580078,4108
2004-04-15,3.81889009475708,3.845180034637451,3.779942035675049,3.7809150218963623,1.7985315322875977,247507
2004-04-16,3.7809150218963623,3.7809150218963623,3.7809150218963623,3.7809150218963623,1.7985315322875977,2054
2004-04-19,3.7809150218963623,3.8072049617767334,3.750730037689209,3.7624149322509766,1.7897311449050903,81133
2004-04-20,3.7867579460144043,3.8218109607696533,3.7127559185028076,3.7322299480438232,1.7753729820251465,108862
2004-04-21,3.7322299480438232,3.7322299480438232,3.6144111156463623,3.6144111156463623,1.7193275690078735,96538
2004-04-22,3.6027259826660156,3.7088611125946045,3.592988967895508,3.6592020988464355,1.7406340837478638,542256
2004-04-23,3.6835439205169678,3.77701997756958,3.6835439205169678,3.768256902694702,1.7925100326538086,93457
2004-04-26,3.7536509037017822,3.768256902694702,3.7039918899536133,3.7049660682678223,1.762403964996338,46215
2004-04-27,3.7039918899536133,3.7224929332733154,3.665044069290161,3.665044069290161,1.7434138059616089,34918
2004-04-28,3.6845180988311768,3.6942551136016846,3.583251953125,3.583251953125,1.7045059204101562,102700
2004-04-29,3.606621026992798,3.6309640407562256,3.483933925628662,3.5413830280303955,1.6845892667770386,165347
2004-04-30,3.5170400142669678,3.5267770290374756,3.456670045852661,3.456670045852661,1.6442927122116089,45188
2004-05-03,3.4323270320892334,3.51996111869812,3.3855888843536377,3.51996111869812,1.6743996143341064,168428
2004-05-04,3.5443038940429688,3.61149001121521,3.5443038940429688,3.6036999225616455,1.7142328023910522,109889
2004-05-05,3.6280429363250732,3.6280429363250732,3.5550150871276855,3.5550150871276855,1.6910738945007324,9243
2004-05-06,3.530672073364258,3.530672073364258,3.457643985748291,3.5004870891571045,1.6651357412338257,88322
2004-05-07,3.451801061630249,3.452775001525879,3.334955930709839,3.334955930709839,1.5863949060440063,111943
2004-05-10,3.115870952606201,3.2122690677642822,3.115870952606201,3.2112948894500732,1.5679014921188354,595660
2004-05-11,3.235637903213501,3.4556961059570312,3.235637903213501,3.4050629138946533,1.6625080108642578,298857
2004-05-12,3.4079840183258057,3.429405927658081,3.294059991836548,3.325218915939331,1.623524785041809,108862
2004-05-13,3.2327170372009277,3.390458106994629,3.2327170372009277,3.3709828853607178,1.6458687782287598,154050
2004-05-14,3.3690359592437744,3.3690359592437744,3.330087900161743,3.363193988800049,1.6420656442642212,51350
2004-05-17,3.334955930709839,3.334955930709839,3.2930870056152344,3.31256103515625,1.6173442602157593,318370
2004-05-18,3.2960081100463867,3.4079840183258057,3.2960081100463867,3.3836419582366943,1.65204918384552,116051
2004-05-19,3.40311598777771,3.456670045852661,3.38948392868042,3.390458106994629,1.6553773880004883,230048
2004-05-20,3.380721092224121,3.380721092224121,3.22298002243042,3.280427932739258,1.6016554832458496,162266
2004-05-21,3.3592989444732666,3.40408992767334,3.262902021408081,3.3466410636901855,1.6339834928512573,174590
2004-05-24,3.3709828853607178,3.3709828853607178,3.322298049926758,3.322298049926758,1.6220982074737549,4108
2004-05-25,3.3466410636901855,3.3466410636901855,3.29892897605896,3.3154819011688232,1.6187702417373657,49296
2004-05-26,3.2911388874053955,3.2911388874053955,3.2911388874053955,3.2911388874053955,1.606885313987732,6162
2004-05-27,3.3154819011688232,3.4761440753936768,3.3154819011688232,3.4683539867401123,1.6934093236923218,106808
2004-05-28,3.49269700050354,3.49269700050354,3.452775001525879,3.467381000518799,1.6929349899291992,177671
2004-06-01,3.443037986755371,3.443037986755371,3.3583250045776367,3.3592989444732666,1.6401640176773071,150969
2004-06-02,3.3592989444732666,3.3602728843688965,3.3193769454956055,3.3602728843688965,1.6406397819519043,167401
2004-06-03,3.384614944458008,3.4089579582214355,3.3583250045776367,3.3583250045776367,1.6396887302398682,29783
2004-06-04,3.333981990814209,3.333981990814209,3.310612916946411,3.32619309425354,1.6239997148513794,29783
2004-06-07,3.3505361080169678,3.4050629138946533,3.3505361080169678,3.38850998878479,1.654426097869873,42107
2004-06-08,3.38948392868042,3.38948392868042,3.3592989444732666,3.3592989444732666,1.6401640176773071,9243
2004-06-09,3.3592989444732666,3.3592989444732666,3.337877035140991,3.337877035140991,1.6297048330307007,97565
2004-06-10,3.338850975036621,3.38850998878479,3.338850975036621,3.3690359592437744,1.6449182033538818,135564
2004-06-14,3.3700098991394043,3.4274590015411377,3.3700098991394043,3.4001948833465576,1.6601313352584839,27729
2004-06-15,3.375852108001709,3.5277509689331055,3.375852108001709,3.516066074371338,1.7167049646377563,63674
2004-06-16,3.516066074371338,3.6027259826660156,3.516066074371338,3.6027259826660156,1.7590159177780151,22594
2004-06-17,3.5783839225769043,3.669912099838257,3.5550150871276855,3.6679649353027344,1.790869116783142,74971
2004-06-18,3.6806230545043945,3.77799391746521,3.6806230545043945,3.7633891105651855,1.8374589681625366,104754
2004-06-21,3.7585198879241943,3.7585198879241943,3.739046096801758,3.750730037689209,1.8312785625457764,88322
2004-06-22,3.739046096801758,3.739046096801758,3.739046096801758,3.739046096801758,1.8255739212036133,1027
2004-06-23,3.71470308303833,3.8997080326080322,3.71470308303833,3.8997080326080322,1.904016375541687,1480934
2004-06-24,3.8997080326080322,3.9970788955688477,3.89678692817688,3.89678692817688,1.9025901556015015,140699
2004-06-25,3.8773128986358643,3.89483904838562,3.841284990310669,3.89483904838562,1.9016393423080444,147888
2004-06-28,3.89483904838562,3.9785780906677246,3.89483904838562,3.9659199714660645,1.9363442659378052,135564
2004-06-29,3.9532620906829834,4.029211044311523,3.945472002029419,3.9668939113616943,1.9368197917938232,382044
2004-06-30,3.991236925125122,3.9970788955688477,3.968841075897217,3.9824728965759277,1.9444259405136108,157131
2004-07-01,3.9824728965759277,3.9834470748901367,3.9814999103546143,3.9824728965759277,1.9444259405136108,132483
2004-07-02,3.9824728965759277,3.9824728965759277,3.9824728965759277,3.9824728965759277,1.9444259405136108,0
2004-07-06,3.9581298828125,3.9814999103546143,3.859786033630371,3.9289190769195557,1.9182779788970947,184860
2004-07-07,3.9289190769195557,3.9289190769195557,3.9289190769195557,3.9289190769195557,1.9182779788970947,3081
2004-07-08,3.904576063156128,3.919182062149048,3.904576063156128,3.919182062149048,1.913524866104126,5135
2004-07-09,3.89483904838562,3.89483904838562,3.870496988296509,3.870496988296509,1.8897544145584106,8216
2004-07-12,3.870496988296509,3.97273588180542,3.870496988296509,3.97273588180542,1.9396722316741943,387179
2004-07-13,3.962999105453491,4.016552925109863,3.9522879123687744,4.016552925109863,1.9610652923583984,470366
2004-07-14,4.016552925109863,4.021421909332275,3.991236925125122,3.9922099113464355,1.949180245399475,102700
2004-07-15,4.016552925109863,4.036026954650879,4.011684894561768,4.036026954650879,1.9705740213394165,153023
2004-07-16,4.050632953643799,4.08958101272583,4.033105850219727,4.037974834442139,1.9715245962142944,229021
2004-07-19,4.038948059082031,4.03992223739624,4.0077900886535645,4.0077900886535645,1.9567874670028687,74971
2004-07-20,4.032132148742676,4.032132148742676,3.9922099113464355,3.9922099113464355,1.949180245399475,28756
2004-07-21,3.9795520305633545,4.016552925109863,3.9474198818206787,3.951314926147461,1.929213285446167,71890
2004-07-22,3.9425508975982666,3.976630926132202,3.9425508975982666,3.9561829566955566,1.931589961051941,33891
2004-07-23,3.931839942932129,3.931839942932129,3.931839942932129,3.931839942932129,1.9197040796279907,2054
2004-07-26,3.9561829566955566,3.9561829566955566,3.8296010494232178,3.8656280040740967,1.887375831604004,72917
2004-07-27,3.8763389587402344,3.9922099113464355,3.870496988296509,3.9814999103546143,1.9439507722854614,96538
2004-07-28,3.9814999103546143,3.9814999103546143,3.92307710647583,3.92307710647583,1.9154261350631714,10270
2004-07-29,3.8987340927124023,3.9483931064605713,3.8987340927124023,3.9483931064605713,1.9277864694595337,15405
2004-07-30,3.919182062149048,3.919182062149048,3.870496988296509,3.887049913406372,1.8978357315063477,30810
2004-08-02,3.8889970779418945,3.9435250759124756,3.8889970779418945,3.89581298828125,1.9021145105361938,187941
2004-08-03,3.89483904838562,3.89483904838562,3.8938660621643066,3.89483904838562,1.9016393423080444,21567
2004-08-04,3.89483904838562,3.89483904838562,3.8490750789642334,3.8490750789642334,1.879294991493225,43134
2004-08-05,3.8247320652008057,3.8500490188598633,3.8247320652008057,3.8500490188598633,1.8797706365585327,379990
2004-08-06,3.846153974533081,3.846153974533081,3.8218109607696533,3.83349609375,1.8716884851455688,60593
2004-08-09,3.8091530799865723,3.8442060947418213,3.8091530799865723,3.81986403465271,1.8650333881378174,5135
2004-08-10,3.822784900665283,3.8393380641937256,3.822784900665283,3.8393380641937256,1.8745414018630981,61620
2004-08-11,3.8393380641937256,3.8393380641937256,3.8393380641937256,3.8393380641937256,1.8745414018630981,2054
2004-08-12,3.8656280040740967,3.9571568965911865,3.8656280040740967,3.90944504737854,1.9087698459625244,99619
2004-08-13,3.9065239429473877,3.9289190769195557,3.8782858848571777,3.9289190769195557,1.9182779788970947,262912
2004-08-16,3.9337880611419678,3.9337880611419678,3.919182062149048,3.9337880611419678,1.9206558465957642,13351
2004-08-17,3.9337880611419678,4.031158924102783,3.9337880611419678,4.024343013763428,1.9648686647415161,60593
2004-08-18,4.040895938873291,4.126582145690918,4.040895938873291,4.115870952606201,2.009556770324707,308100
2004-08-19,4.11879301071167,4.191821098327637,4.084712982177734,4.109055995941162,2.0062296390533447,312208
2004-08-20,4.124635219573975,4.211295127868652,4.123661041259766,4.186952114105225,2.044262409210205,554580
2004-08-23,4.186952114105225,4.290165901184082,4.164556980133057,4.248295783996582,2.0742132663726807,688090
2004-08-24,4.248295783996582,4.306718826293945,4.248295783996582,4.253164768218994,2.076590061187744,477555
2004-08-25,4.253164768218994,4.449853897094727,4.253164768218994,4.328139781951904,2.1131961345672607,238264
2004-08-26,4.34761381149292,4.42940616607666,4.34761381149292,4.42940616607666,2.162639856338501,312208
2004-08-27,4.430379867553711,4.47906494140625,4.430379867553711,4.4644598960876465,2.1797537803649902,157131
2004-08-30,4.440116882324219,4.461537837982178,4.41480016708374,4.41480016708374,2.155508279800415,26702
2004-08-31,4.390458106994629,4.427458763122559,4.338850975036621,4.354430198669434,2.1260323524475098,78052
2004-09-01,4.330088138580322,4.37682580947876,4.255112171173096,4.293087005615234,2.0960824489593506,158158
2004-09-02,4.288218021392822,4.333981990814209,4.25803279876709,4.3057451248168945,2.102262496948242,327613
2004-09-03,4.32521915435791,4.3602728843688965,4.308666229248047,4.3602728843688965,2.128885507583618,63674
2004-09-07,4.3816938400268555,4.465433120727539,4.3816938400268555,4.4089579582214355,2.152655601501465,370747
2004-09-08,4.4089579582214355,4.4089579582214355,4.308666229248047,4.308666229248047,2.103688955307007,122213
2004-09-09,4.309639930725098,4.317429065704346,4.23563814163208,4.2366108894348145,2.0685083866119385,74971
2004-09-10,4.212268829345703,4.32521915435791,4.212268829345703,4.32521915435791,2.1117708683013916,48269
2004-09-13,4.352482795715332,4.483933925628662,4.352482795715332,4.459590911865234,2.177377223968506,258804
2004-09-14,4.430379867553711,4.498538970947266,4.3816938400268555,4.440116882324219,2.1678686141967773,84214
2004-09-15,4.415773868560791,4.474196910858154,4.40214204788208,4.449853897094727,2.1726229190826416,52377
2004-09-16,4.459590911865234,4.615385055541992,4.440116882324219,4.615385055541992,2.2534432411193848,121186
2004-09-17,4.624147891998291,4.664070129394531,4.484907150268555,4.4858808517456055,2.190213203430176,145834
2004-09-20,4.4858808517456055,4.571568012237549,4.478092193603516,4.5267767906188965,2.2101807594299316,340964
2004-09-21,4.507303237915039,4.552093029022217,4.507303237915039,4.551119804382324,2.2220659255981445,82160
2004-09-22,4.558908939361572,4.558908939361572,4.4858808517456055,4.5131449699401855,2.2035253047943115,58539
2004-09-23,4.488801956176758,4.561830997467041,4.480039119720459,4.543330192565918,2.2182626724243164,104754
2004-09-24,4.53359317779541,4.540409088134766,4.47906494140625,4.532618999481201,2.2130322456359863,51350
2004-09-27,4.5131449699401855,4.5910420417785645,4.5131449699401855,4.5774102210998535,2.2349016666412354,55458
2004-09-28,4.59785795211792,4.600779056549072,4.557936191558838,4.5764360427856445,2.2344255447387695,92430
2004-09-29,4.566699028015137,4.705939769744873,4.542356014251709,4.682570934295654,2.286245584487915,58539
2004-09-30,4.707887172698975,4.747808933258057,4.683544158935547,4.693281173706055,2.2914748191833496,97565
2004-10-01,4.717624187469482,4.815968990325928,4.717624187469482,4.808178901672363,2.3475735187530518,26702
2004-10-04,4.832521915435791,4.998053073883057,4.832521915435791,4.975656986236572,2.429344415664673,83187
2004-10-05,5.0,5.106133937835693,4.926971912384033,5.073028087615967,2.4768848419189453,316316
2004-10-06,5.073028087615967,5.101265907287598,4.956182956695557,4.980525970458984,2.4317214488983154,61620
2004-10-07,4.9659199714660645,5.01460599899292,4.914313793182373,5.01460599899292,2.448359966278076,74971
2004-10-08,5.038948059082031,5.1119771003723145,5.038948059082031,5.081791877746582,2.481163740158081,25675
2004-10-11,5.154819965362549,5.154819965362549,5.081791877746582,5.110029220581055,2.494950294494629,93457
2004-10-12,5.1119771003723145,5.1119771003723145,5.01460599899292,5.058423042297363,2.469754695892334,127348
2004-10-13,5.0340800285339355,5.087634086608887,4.882181167602539,4.9444990158081055,2.4141311645507812,224913
2004-10-14,4.968841075897217,4.968841075897217,4.761441230773926,4.800388813018799,2.3437700271606445,218751
2004-10-15,4.829600811004639,4.897759914398193,4.794547080993652,4.83349609375,2.359934091567993,208481
2004-10-18,4.844205856323242,4.907497882843018,4.844205856323242,4.887050151824951,2.3860814571380615,37999
2004-10-19,4.907497882843018,4.907497882843018,4.907497882843018,4.907497882843018,2.3960654735565186,1027
2004-10-20,4.86854887008667,4.86854887008667,4.746835231781006,4.771177768707275,2.3295083045959473,45188
2004-10-21,4.746835231781006,4.84615421295166,4.746835231781006,4.84615421295166,2.366114854812622,93457
2004-10-22,4.821811199188232,4.999025821685791,4.821811199188232,4.97468376159668,2.428868055343628,58539
2004-10-25,4.994157791137695,4.994157791137695,4.838364124298096,4.843233108520508,2.3646888732910156,188968
2004-10-26,4.867575168609619,4.941576957702637,4.866601943969727,4.941576957702637,2.4127044677734375,249561
2004-10-27,4.956182956695557,5.01265811920166,4.931839942932129,4.980525970458984,2.4317214488983154,283452
2004-10-28,4.990262985229492,5.01460599899292,4.941576957702637,4.956182956695557,2.4198365211486816,269074
2004-10-29,4.995131015777588,5.037974834442139,4.980525970458984,5.019474029541016,2.450737714767456,259831
2004-11-01,5.029211044311523,5.058423042297363,4.9659199714660645,4.990262985229492,2.4364748001098633,41080
2004-11-02,5.061344146728516,5.092502117156982,5.004868984222412,5.024343013763428,2.4531140327453613,147888
2004-11-03,5.048685073852539,5.058423042297363,5.024343013763428,5.024343013763428,2.4531140327453613,48269
2004-11-04,5.032132148742676,5.063291072845459,5.016552925109863,5.036026954650879,2.458819627761841,261885
2004-11-05,5.060369968414307,5.1606621742248535,5.060369968414307,5.156766891479492,2.517770767211914,186914
2004-11-08,5.1606621742248535,5.1606621742248535,5.063291072845459,5.066212177276611,2.473557233810425,90376
2004-11-09,5.090555191040039,5.180136203765869,5.0886077880859375,5.1606621742248535,2.519671678543091,93457
2004-11-10,5.185005187988281,5.233689785003662,5.0691328048706055,5.103212833404541,2.4916226863861084,87295
2004-11-11,5.127555847167969,5.1606621742248535,5.063291072845459,5.107108116149902,2.493523359298706,30810
2004-11-12,5.107108116149902,5.282375812530518,5.107108116149902,5.25803279876709,2.5672123432159424,431340
2004-11-15,5.25803279876709,5.25803279876709,5.229795932769775,5.238558769226074,2.5577049255371094,144807
2004-11-16,5.238558769226074,5.238558769226074,5.191821098327637,5.2005839347839355,2.539163827896118,40053
2004-11-17,5.209348201751709,5.321323871612549,5.209348201751709,5.306718826293945,2.5909838676452637,103727
2004-11-18,5.321323871612549,5.550146102905273,5.321323871612549,5.501461029052734,2.686065196990967,317343
2004-11-19,5.501461029052734,5.54819917678833,5.477118015289307,5.54819917678833,2.7088851928710938,51350
2004-11-22,5.540409088134766,5.574489116668701,5.452775001525879,5.574489116668701,2.7217226028442383,57512
2004-11-23,5.525803089141846,5.550146102905273,5.4732232093811035,5.5491719245910645,2.7093608379364014,229021
2004-11-24,5.550146102905273,5.569620132446289,5.512170791625977,5.559883117675781,2.7145895957946777,174590
2004-11-26,5.560856819152832,5.715676784515381,5.560856819152832,5.6942548751831055,2.78019642829895,236210
2004-11-29,5.718597888946533,5.851995944976807,5.718597888946533,5.775073051452637,2.8196558952331543,364585
2004-11-30,5.7994160652160645,5.988315105438232,5.7994160652160645,5.936708927154541,2.898573875427246,374855
2004-12-01,5.98539400100708,5.98539400100708,5.817915916442871,5.91041898727417,2.8857369422912598,207454
2004-12-02,5.957157135009766,6.0077900886535645,5.696203231811523,5.744887828826904,2.8049185276031494,184860
2004-12-03,5.769230842590332,5.892891883850098,5.769230842590332,5.8403120040893555,2.851508378982544,213616
2004-12-06,5.864654064178467,5.866601943969727,5.836417198181152,5.856864929199219,2.8595900535583496,35945
2004-12-07,5.88120698928833,5.88120698928833,5.797468185424805,5.797468185424805,2.83059024810791,20540
2004-12-08,5.7984418869018555,5.7984418869018555,5.715676784515381,5.7351508140563965,2.8001630306243896,48269
2004-12-09,5.550146102905273,5.598832130432129,5.516066074371338,5.567673206329346,2.718393087387085,158158
2004-12-10,5.543330192565918,5.647517204284668,5.512170791625977,5.642648220062256,2.755000352859497,320424
2004-12-13,5.662123203277588,5.817915916442871,5.628043174743652,5.788704872131348,2.826310634613037,444691
2004-12-14,5.890944004058838,5.988315105438232,5.870497226715088,5.890944004058838,2.8762290477752686,202319
2004-12-15,5.915287017822266,5.959104061126709,5.866601943969727,5.91041898727417,2.8857369422912598,92430
2004-12-16,5.934761047363281,5.934761047363281,5.8880228996276855,5.890944004058838,2.8762290477752686,65728
2004-12-17,5.915287017822266,5.915287017822266,5.866601943969727,5.914313793182373,2.8876395225524902,35945
2004-12-20,5.914313793182373,5.954236030578613,5.897759914398193,5.954236030578613,2.907130718231201,121186
2004-12-21,5.954236030578613,5.9649457931518555,5.871469974517822,5.91041898727417,2.8857369422912598,422097
2004-12-22,5.9298930168151855,5.939630031585693,5.893866062164307,5.90847110748291,2.884786605834961,94484
2004-12-23,5.932814121246338,6.031158924102783,5.920156002044678,5.988315105438232,2.923769950866699,369720
2004-12-27,5.988315105438232,6.023368835449219,5.983447074890137,6.01265811920166,2.9356560707092285,73944
2004-12-28,6.01265811920166,6.13145112991333,5.97468376159668,6.110029220581055,2.9831960201263428,111943
2004-12-29,6.114898204803467,6.114898204803467,6.028237819671631,6.068160057067871,2.9627537727355957,52377
2004-12-30,6.037974834442139,6.083738803863525,6.037001132965088,6.037001132965088,2.947540760040283,26702
2004-12-31,6.037001132965088,6.061344146728516,6.002921104431152,6.02726411819458,2.942786455154419,28756
2005-01-03,6.002921104431152,6.051607131958008,5.939630031585693,5.939630031585693,2.8999993801116943,77025
2005-01-04,5.939630031585693,5.939630031585693,5.731256008148193,5.731256008148193,2.798261880874634,67782
2005-01-05,5.696203231811523,5.812074184417725,5.696203231811523,5.755599021911621,2.810147762298584,272155
2005-01-06,5.77896785736084,5.788704872131348,5.7439141273498535,5.745862007141113,2.8053932189941406,40053
2005-01-07,5.744887828826904,5.744887828826904,5.696203231811523,5.7224931716918945,2.7939841747283936,85241
2005-01-10,5.7351508140563965,5.744887828826904,5.676727771759033,5.696203231811523,2.7811474800109863,146861
2005-01-11,5.676727771759033,5.684517860412598,5.598832130432129,5.598832130432129,2.7336065769195557,86268
2005-01-12,5.598832130432129,5.632911205291748,5.598832130432129,5.628043174743652,2.7478690147399902,63674
2005-01-13,5.632911205291748,5.6815972328186035,5.613437175750732,5.657254219055176,2.762131452560425,121186
2005-01-14,5.6815972328186035,5.723465919494629,5.6796488761901855,5.696203231811523,2.7811474800109863,191022
2005-01-18,5.720544815063477,5.744887828826904,5.584226131439209,5.629990100860596,2.7488200664520264,263939
2005-01-19,5.605648040771484,5.719572067260742,5.589094161987305,5.703991889953613,2.784950017929077,227994
2005-01-20,5.717624187469482,5.785783767700195,5.717624187469482,5.7838358879089355,2.823935031890869,159185
2005-01-21,5.744887828826904,5.9298930168151855,5.744887828826904,5.867575168609619,2.8648195266723633,208481
2005-01-24,5.832521915435791,5.920156002044678,5.832521915435791,5.855891227722168,2.859114408493042,87295
2005-01-25,5.856864929199219,5.856864929199219,5.71470308303833,5.71470308303833,2.7901804447174072,54431
2005-01-26,5.739046096801758,5.79357385635376,5.7351508140563965,5.7838358879089355,2.823935031890869,88322
2005-01-27,5.803310871124268,5.837389945983887,5.803310871124268,5.817915916442871,2.8405728340148926,251615
2005-01-28,5.79357385635376,5.822784900665283,5.696203231811523,5.725413799285889,2.79541015625,312208
2005-01-31,5.725413799285889,5.851995944976807,5.725413799285889,5.851995944976807,2.857213258743286,55458
2005-02-01,5.876338958740234,5.89581298828125,5.821811199188232,5.88120698928833,2.8714752197265625,101673
2005-02-02,5.88120698928833,5.998053073883057,5.88120698928833,5.88315486907959,2.8724262714385986,70863
2005-02-03,5.949367046356201,6.02726411819458,5.939630031585693,5.939630031585693,2.8999993801116943,115024
2005-02-04,6.037001132965088,6.480039119720459,6.037001132965088,6.447906970977783,3.1481640338897705,255723
2005-02-07,6.523856163024902,6.572541236877441,6.314507961273193,6.523856163024902,3.1852457523345947,397449
2005-02-08,6.572541236877441,6.572541236877441,6.427458763122559,6.571568012237549,3.2085413932800293,727116
2005-02-09,6.51898717880249,6.525803089141846,6.489776134490967,6.499513149261475,3.173360586166382,463177
2005-02-10,6.523856163024902,6.523856163024902,6.42940616607666,6.49367094039917,3.170508623123169,1055756
2005-02-11,6.455696105957031,7.000974178314209,6.455696105957031,6.996105194091797,3.415818691253662,487825
2005-02-14,7.059395790100098,7.205452919006348,6.962998867034912,6.989288806915283,3.412491798400879,175617
2005-02-15,6.947420120239258,7.005842208862305,6.850049018859863,6.871469974517822,3.3549671173095703,120159
2005-02-16,6.88120698928833,6.8889970779418945,6.79357385635376,6.8889970779418945,3.363523244857788,142753
2005-02-17,6.936708927154541,6.948392868041992,6.815968990325928,6.91041898727417,3.3739845752716064,104754
2005-02-18,6.961051940917969,7.083738803863525,6.946445941925049,6.962025165557861,3.399179458618164,106808
2005-02-22,7.059395790100098,7.205452919006348,7.059395790100098,7.11684513092041,3.474769115447998,245453
2005-02-23,7.127555847167969,7.127555847167969,7.059395790100098,7.059395790100098,3.446721315383911,63674
2005-02-24,7.0886077880859375,7.142161846160889,7.0691328048706055,7.108081817626953,3.470491886138916,87295
2005-02-25,7.132424831390381,7.230769157409668,7.132424831390381,7.190846920013428,3.510901689529419,329667
2005-02-28,7.254137992858887,7.366115093231201,7.212268829345703,7.2638750076293945,3.546557664871216,269074
2005-03-01,7.16650390625,7.2151899337768555,7.059395790100098,7.099318027496338,3.4662132263183594,180752
2005-03-02,7.074975967407227,7.108081817626953,7.046738147735596,7.050632953643799,3.442441940307617,179725
2005-03-03,7.108081817626953,7.185978889465332,7.108081817626953,7.171372890472412,3.501394271850586,737386
2005-03-04,7.19571590423584,7.29795503616333,7.19571590423584,7.2366108894348145,3.533245325088501,460096
2005-03-07,7.205452919006348,7.254137992858887,7.185005187988281,7.224926948547363,3.5275402069091797,367666
2005-03-08,7.249269962310791,7.259006977081299,7.156766891479492,7.156766891479492,3.4942615032196045,173563
2005-03-09,7.18110990524292,7.18110990524292,7.098344802856445,7.142161846160889,3.487130880355835,203346
2005-03-10,7.16650390625,7.18110990524292,6.981500148773193,7.030185222625732,3.4324591159820557,251615
2005-03-11,7.000974178314209,7.04965877532959,6.92307710647583,7.018499851226807,3.4267523288726807,246480
2005-03-14,6.986368179321289,6.986368179321289,6.815968990325928,6.852970123291016,3.3459346294403076,349180
2005-03-15,6.851995944976807,6.852970123291016,6.7916259765625,6.835443019866943,3.3373773097991943,98592
2005-03-16,6.796494960784912,6.904575824737549,6.7215189933776855,6.81889009475708,3.329294443130493,598741
2005-03-17,6.80623197555542,6.94547176361084,6.80623197555542,6.913340091705322,3.3754096031188965,188968
2005-03-18,6.914313793182373,7.059395790100098,6.914313793182373,7.016552925109863,3.42580246925354,140699
2005-03-21,7.040895938873291,7.205452919006348,7.040895938873291,7.18110990524292,3.5061471462249756,551499
2005-03-22,7.205452919006348,7.351509094238281,7.205452919006348,7.267769813537598,3.5484580993652344,528905
2005-03-23,7.205452919006348,7.254137992858887,7.147029876708984,7.147029876708984,3.4895074367523193,542256
2005-03-24,7.156766891479492,7.401167869567871,7.156766891479492,7.400195121765137,3.61311411857605,359450
2005-03-28,7.400195121765137,7.62317419052124,7.365140914916992,7.487829208374023,3.6559016704559326,441610
2005-03-29,7.575462818145752,7.643621921539307,7.400195121765137,7.400195121765137,3.61311411857605,694252
2005-03-30,7.507303237915039,7.70204496383667,7.4732232093811035,7.594936847686768,3.7081964015960693,490906
2005-03-31,7.740993022918701,8.119766235351562,7.731256008148193,7.843233108520508,3.8294265270233154,473447
2005-04-01,7.9844207763671875,7.994157791137695,7.8393378257751465,7.925998210906982,3.869835376739502,233129
2005-04-04,7.887050151824951,7.916261196136475,7.760467052459717,7.820837020874023,3.8184916973114014,411827
2005-04-05,7.93573522567749,8.023368835449219,7.9026288986206055,7.9844207763671875,3.89836049079895,364585
2005-04-06,7.9844207763671875,8.26290225982666,7.9844207763671875,8.184030532836914,3.9958198070526123,262912
2005-04-07,8.09152889251709,8.32521915435791,8.09152889251709,8.180135726928711,3.99391770362854,352261
2005-04-08,8.237585067749023,8.257059097290039,8.130476951599121,8.181110382080078,3.994394302368164,177671
2005-04-11,8.237585067749023,8.247322082519531,8.119766235351562,8.198637008666992,4.0029497146606445,562796
2005-04-12,8.222979545593262,8.276534080505371,8.179162979125977,8.228821754455566,4.017690181732178,384098
2005-04-13,8.198637008666992,8.627069473266602,8.198637008666992,8.4800386428833,4.140344142913818,563823
2005-04-14,8.548198699951172,8.548198699951172,8.179162979125977,8.23369026184082,4.020065784454346,356369
2005-04-15,8.140213966369629,8.179162979125977,7.925998210906982,7.926971912384033,3.8703126907348633,1085539
2005-04-18,7.926971912384033,8.130476951599121,7.926971912384033,8.07984447479248,3.944950819015503,392314
2005-04-19,8.130476951599121,8.23271656036377,8.123661041259766,8.149950981140137,3.979179859161377,185887
2005-04-20,8.09152889251709,8.222005844116211,8.027263641357422,8.179162979125977,3.9934422969818115,583336
2005-04-21,8.20350456237793,8.252190589904785,8.106134414672852,8.190847396850586,3.9991486072540283,367666
2005-04-22,8.179162979125977,8.252190589904785,8.179162979125977,8.20350456237793,4.0053277015686035,622362
2005-04-25,8.252190589904785,8.373905181884766,8.193767547607422,8.344693183898926,4.07426118850708,214643
2005-04-26,8.47127628326416,8.544303894042969,8.316455841064453,8.360273361206055,4.08186674118042,545337
2005-04-27,8.315482139587402,8.451801300048828,8.264848709106445,8.278480529785156,4.041934490203857,454961
2005-04-28,8.278480529785156,8.334956169128418,8.159687995910645,8.160661697387695,3.9844093322753906,363558
2005-04-29,8.185005187988281,8.257059097290039,8.169425964355469,8.198637008666992,4.0029497146606445,53404
2005-05-02,8.276534080505371,8.45764446258545,8.276534080505371,8.373905181884766,4.088525295257568,420043
2005-05-03,8.407983779907227,8.568647384643555,8.407983779907227,8.568647384643555,4.183608055114746,307073
2005-05-04,8.461538314819336,8.58422565460205,8.422590255737305,8.47127628326416,4.223803997039795,846248
2005-05-05,8.446932792663574,8.544303894042969,8.446932792663574,8.47127628326416,4.223803997039795,213616
2005-05-06,8.529698371887207,8.564751625061035,8.476143836975098,8.485880851745605,4.231086730957031,475501
2005-05-09,8.592988967895508,8.612462997436523,8.539435386657715,8.566699028015137,4.271382808685303,675766
2005-05-10,8.597858428955078,8.597858428955078,8.544303894042969,8.54527759552002,4.2607011795043945,147888
2005-05-11,8.568647384643555,8.67478084564209,8.3748779296875,8.49172306060791,4.233999729156494,252642
2005-05-12,8.512170791625977,8.565725326538086,8.276534080505371,8.354430198669434,4.165546417236328,441610
2005-05-13,8.373905181884766,8.421615600585938,8.247322082519531,8.286271095275879,4.131561279296875,401557
2005-05-16,8.213241577148438,8.213241577148438,7.994157791137695,8.09931755065918,4.038344860076904,1083485
2005-05-17,8.108081817626953,8.17137336730957,8.072054862976074,8.072054862976074,4.024752140045166,704522
2005-05-18,8.106134414672852,8.179162979125977,8.042842864990234,8.057449340820312,4.017470359802246,1060891
2005-05-19,8.033105850219727,8.033105850219727,7.738071918487549,7.8481011390686035,3.913088798522949,1305317
2005-05-20,7.8481011390686035,7.887050151824951,7.776047229766846,7.857838153839111,3.917943000793457,323505
2005-05-23,7.858811855316162,7.858811855316162,7.7439141273498535,7.809153079986572,3.8936684131622314,310154
2005-05-24,7.808178901672363,7.827652931213379,7.552093029022217,7.690360069274902,3.834437847137451,706576
2005-05-25,7.614410877227783,7.814021110534668,7.594936847686768,7.692307949066162,3.8354084491729736,639821
2005-05-26,7.7848100662231445,7.9844207763671875,7.77896785736084,7.936708927154541,3.9572691917419434,501176
2005-05-27,7.96007776260376,8.16747760772705,7.954236030578613,8.130476951599121,4.053881645202637,262912
2005-05-31,8.388509750366211,8.425511360168457,8.317428588867188,8.317428588867188,4.147095680236816,888355
2005-06-01,8.318403244018555,8.407983779907227,8.268744468688965,8.397274017333984,4.186907768249512,172536
2005-06-02,8.384614944458008,8.865628242492676,8.384614944458008,8.851996421813965,4.413632869720459,811330
2005-06-03,9.140213966369629,9.140213966369629,8.860758781433105,8.9581298828125,4.466552734375,496041
2005-06-06,9.094449996948242,9.188899993896484,8.897760391235352,8.919181823730469,4.447133541107178,559715
2005-06-07,8.938655853271484,9.052579879760742,8.670886039733887,8.690360069274902,4.333042621612549,524797
2005-06-08,8.668938636779785,8.85881233215332,8.568647384643555,8.856864929199219,4.41606330871582,415935
2005-06-09,8.83252239227295,8.880233764648438,8.714702606201172,8.740018844604492,4.3578033447265625,246480
2005-06-10,8.743913650512695,8.909444808959961,8.743913650512695,8.87049674987793,4.42285680770874,269074
2005-06-13,8.9581298828125,9.026289939880371,8.885102272033691,9.026289939880371,4.500538349151611,322478
2005-06-14,9.030184745788574,9.094449996948242,8.977604866027832,9.055500984191895,4.515101432800293,1042405
2005-06-15,9.055500984191895,9.182084083557129,9.04965877532959,9.16650390625,4.570448398590088,769223
2005-06-16,9.217137336730957,9.48393440246582,9.191821098327637,9.47906494140625,4.726293087005615,716846
2005-06-17,9.537487983703613,9.776046752929688,9.537487983703613,9.712756156921387,4.8428120613098145,516581
2005-06-20,9.735151290893555,9.73709774017334,9.569620132446289,9.57156753540039,4.772414684295654,208481
2005-06-21,9.54235553741455,9.745862007141113,9.54235553741455,9.73709774017334,4.854948997497559,339937
2005-06-22,9.73709774017334,9.978577613830566,9.639726638793945,9.904576301574707,4.938453674316406,242372
2005-06-23,9.97565746307373,10.126582145690918,9.73709774017334,9.747809410095215,4.86029052734375,621335
2005-06-24,9.73709774017334,9.931839942932129,9.73709774017334,9.907498359680176,4.939909934997559,128375
2005-06-27,10.029211044311523,10.077897071838379,9.788704872131348,9.837389945983887,4.90495491027832,111943
2005-06-28,9.881207466125488,9.88315486907959,9.712756156921387,9.783836364746094,4.878251075744629,308100
2005-06-29,9.6884126663208,9.957157135009766,9.6884126663208,9.805257797241211,4.888931751251221,306046
2005-06-30,9.805257797241211,9.907498359680176,9.678675651550293,9.73709774017334,4.854948997497559,413881
2005-07-01,9.785783767700195,9.940604209899902,9.715677261352539,9.940604209899902,4.956418037414551,91403
2005-07-05,10.029211044311523,10.029211044311523,9.85881233215332,9.919181823730469,4.945736408233643,163293
2005-07-06,9.926972389221191,9.926972389221191,9.806232452392578,9.878286361694336,4.9253458976745605,143780
2005-07-07,9.834468841552734,9.956183433532715,9.68743896484375,9.956183433532715,4.964184761047363,212589
2005-07-08,10.00486946105957,10.122687339782715,9.965920448303223,9.988314628601074,4.9802045822143555,361504
2005-07-11,10.048685073852539,10.321324348449707,10.038948059082031,10.2716646194458,5.121482849121094,746629
2005-07-12,10.296008110046387,10.58422565460205,10.248295783996582,10.523856163024902,5.247228145599365,464204
2005-07-13,10.593962669372559,10.915287017822266,10.49172306060791,10.775073051452637,5.372486591339111,467285
2005-07-14,10.813048362731934,10.888997077941895,10.589094161987305,10.652385711669922,5.311314105987549,323505
2005-07-15,10.652385711669922,10.652385711669922,10.553067207336426,10.574488639831543,5.272472858428955,236210
2005-07-18,10.52093505859375,10.652385711669922,10.51606559753418,10.592988967895508,5.281698703765869,185887
2005-07-19,10.759493827819824,10.905550003051758,10.747809410095215,10.853943824768066,5.411811351776123,353288
2005-07-20,10.851996421813965,10.954236030578613,10.803311347961426,10.851996421813965,5.410839557647705,427232
2005-07-21,10.851996421813965,10.963973045349121,10.740018844604492,10.771178245544434,5.370543956756592,328640
2005-07-22,10.893865585327148,11.343720436096191,10.845179557800293,11.276534080505371,5.62251615524292,239291
2005-07-25,11.451801300048828,12.04965877532959,11.451801300048828,11.878286361694336,5.922552585601807,1268345
2005-07-26,11.879260063171387,11.879260063171387,11.539435386657715,11.740018844604492,5.853610038757324,463177
2005-07-27,11.874390602111816,11.878286361694336,11.635832786560059,11.770203590393066,5.868661880493164,286533
2005-07-28,11.874390602111816,12.137292861938477,11.806232452392578,12.00097370147705,5.98372220993042,706576
2005-07-29,12.098344802856445,12.189872741699219,11.782862663269043,11.879260063171387,5.923038005828857,311181
2005-08-01,12.00097370147705,12.22005844116211,12.00097370147705,12.219084739685059,6.092474937438965,579228
2005-08-02,12.239533424377441,12.560856819152832,12.239533424377441,12.500487327575684,6.232783317565918,772304
2005-08-03,12.500487327575684,12.658227920532227,12.190847396850586,12.45374870300293,6.209478378295898,447772
2005-08-04,12.512170791625977,12.512170791625977,12.00097370147705,12.19571590423584,6.08082389831543,492960
2005-08-05,12.005842208862305,12.190847396850586,11.197663307189941,11.587146759033203,5.7773871421813965,1453205
2005-08-08,11.759493827819824,11.926972389221191,11.606620788574219,11.723465919494629,5.845359802246094,650091
2005-08-09,11.723465919494629,12.224926948547363,11.721519470214844,12.140213966369629,6.0531487464904785,606957
2005-08-10,12.333982467651367,12.434274673461914,12.003894805908203,12.170398712158203,6.068201065063477,641875
2005-08-11,12.266796112060547,12.266796112060547,11.927945137023926,11.981499671936035,5.974013328552246,306046
2005-08-12,11.7916259765625,11.93768310546875,11.697175979614258,11.879260063171387,5.923038005828857,232102
2005-08-15,11.879260063171387,11.879260063171387,11.684517860412598,11.733203887939453,5.85021448135376,435448
2005-08-16,11.708861351013184,11.830574035644531,11.489775657653809,11.829601287841797,5.898277282714844,669604
2005-08-17,11.805257797241211,11.830574035644531,11.600778579711914,11.679649353027344,5.823512077331543,238264
2005-08-18,11.55793571472168,11.562804222106934,11.100292205810547,11.212268829345703,5.5904741287231445,700414
2005-08-19,11.199610710144043,11.343720436096191,10.785783767700195,10.978577613830566,5.473956108093262,643929
2005-08-22,10.934761047363281,11.139241218566895,10.905550003051758,10.944499015808105,5.456961154937744,460096
2005-08-23,10.944499015808105,11.634859085083008,10.808178901672363,11.587146759033203,5.7773871421813965,1375153
2005-08-24,11.77994155883789,11.82862663269043,11.256086349487305,11.304771423339844,5.636594295501709,400530
2005-08-25,11.402141571044922,11.708861351013184,11.295034408569336,11.621227264404297,5.7943806648254395,468312
2005-08-26,11.684517860412598,11.8549165725708,11.596883773803711,11.689387321472168,5.828366279602051,220805
2005-08-29,11.801362991333008,11.822785377502441,11.44206428527832,11.47127628326416,5.7196149826049805,426205
2005-08-30,11.66309642791748,11.825705528259277,11.514119148254395,11.550146102905273,5.758939266204834,339937
2005-08-31,11.551119804382324,11.65043830871582,11.47906494140625,11.587146759033203,5.7773871421813965,463177
2005-09-01,11.587146759033203,11.731255531311035,11.392404556274414,11.636805534362793,5.802148818969727,326586
2005-09-02,11.682571411132812,11.781888961791992,11.489775657653809,11.562804222106934,5.765250205993652,106808
2005-09-06,11.756572723388672,12.248295783996582,11.742940902709961,12.170398712158203,6.068201065063477,1365910
2005-09-07,12.266796112060547,12.463485717773438,12.237585067749023,12.366114616394043,6.16578483581543,1043432
2005-09-08,12.536514282226562,12.536514282226562,12.073027610778809,12.074002265930176,6.020137786865234,518635
2005-09-09,12.00097370147705,12.356377601623535,11.976631164550781,12.327166557312012,6.146365642547607,364585
2005-09-12,12.393379211425781,12.531645774841309,12.327166557312012,12.37974739074707,6.172582149505615,384098
2005-09-13,12.389484405517578,12.460564613342285,12.303796768188477,12.378772735595703,6.172096252441406,267020
2005-09-14,12.351509094238281,12.657254219055176,12.351509094238281,12.463485717773438,6.2143330574035645,384098
2005-09-15,12.464460372924805,12.511198043823242,12.306718826293945,12.414799690246582,6.190057754516602,399503
2005-09-16,12.507303237915039,12.507303237915039,12.22005844116211,12.224926948547363,6.095388889312744,491933
2005-09-19,12.200584411621094,12.37585163116455,12.200584411621094,12.300875663757324,6.133255481719971,138645
2005-09-20,12.34956169128418,12.355403900146484,12.268744468688965,12.327166557312012,6.146365642547607,334802
2005-09-21,12.351509094238281,12.364167213439941,12.205452919006348,12.317428588867188,6.141510963439941,307073
2005-09-22,12.356377601623535,12.356377601623535,11.93281364440918,12.016552925109863,5.99149227142334,394368
2005-09-23,11.976631164550781,12.179162979125977,11.976631164550781,12.170398712158203,6.068201065063477,265993
2005-09-26,12.364167213439941,12.579357147216797,12.250243186950684,12.492696762084961,6.228896617889404,501176
2005-09-27,12.509249687194824,12.510224342346191,12.317428588867188,12.351509094238281,6.158501625061035,197184
2005-09-28,12.302824020385742,12.412853240966797,11.781888961791992,12.069132804870605,6.017707824707031,723008
2005-09-29,12.069132804870605,12.263875007629395,12.0632905960083,12.22103214263916,6.093443870544434,216697
2005-09-30,12.24537467956543,12.346640586853027,12.148003578186035,12.292113304138184,6.12888765335083,288587
2005-10-03,12.409932136535645,13.034079551696777,12.298929214477539,12.986368179321289,6.475043773651123,1544608
2005-10-04,13.179162979125977,13.222979545593262,12.765336036682129,12.87049674987793,6.417272090911865,799006
2005-10-05,12.909444808959961,12.909444808959961,12.463485717773438,12.585200309753418,6.275021553039551,558688
2005-10-06,12.536514282226562,12.54625129699707,12.273612022399902,12.317428588867188,6.141510963439941,807222
2005-10-07,12.33690357208252,12.648490905761719,12.33690357208252,12.619278907775879,6.292014122009277,236210
2005-10-10,12.658227920532227,12.75462532043457,12.517040252685547,12.610515594482422,6.287642002105713,369720
2005-10-11,12.638753890991211,12.772151947021484,12.638753890991211,12.772151947021484,6.368236064910889,695279
2005-10-12,12.697175979614258,12.697175979614258,12.089580535888672,12.229796409606934,6.097815990447998,876031
2005-10-13,12.17137336730957,12.17137336730957,11.683544158935547,11.943525314331055,5.955081462860107,1507636
2005-10-14,11.952287673950195,12.02531623840332,11.685491561889648,11.815969467163086,5.891479015350342,861653
2005-10-17,11.815969467163086,11.942550659179688,11.786758422851562,11.93281364440918,5.949738502502441,321451
2005-10-18,11.957157135009766,12.02531623840332,11.677701950073242,11.678675651550293,5.823026180267334,185887
2005-10-19,11.397274017333984,11.835442543029785,11.392404556274414,11.63291072845459,5.800205230712891,1137916
2005-10-20,11.577409744262695,11.72930908203125,11.295034408569336,11.316455841064453,5.642421722412109,322478
2005-10-21,11.296980857849121,11.564751625061035,11.296980857849121,11.484907150268555,5.726409912109375,641875
2005-10-24,11.587146759033203,11.786758422851562,11.486854553222656,11.786758422851562,5.876914978027344,361504
2005-10-25,11.738072395324707,11.780915260314941,11.398246765136719,11.514119148254395,5.740976333618164,263939
2005-10-26,11.513145446777344,11.58227825164795,11.385588645935059,11.487829208374023,5.727869033813477,271128
2005-10-27,11.463485717773438,11.463485717773438,11.051607131958008,11.1051607131958,5.537069797515869,501176
2005-10-28,11.12950325012207,11.341772079467773,11.12950325012207,11.231742858886719,5.600183963775635,449826
2005-10-31,11.421615600585938,11.489775657653809,11.260953903198242,11.395325660705566,5.681746959686279,611065
2005-11-01,11.419669151306152,11.63291072845459,11.319376945495605,11.587146759033203,5.7773871421813965,438529
2005-11-02,11.445959091186523,11.635832786560059,11.445959091186523,11.504382133483887,5.736119747161865,333775
2005-11-03,11.55793571472168,11.699124336242676,11.343720436096191,11.370010375976562,5.66912317276001,292695
2005-11-04,11.363194465637207,11.370983123779297,11.052579879760742,11.148978233337402,5.558918476104736,482690
2005-11-07,11.050633430480957,11.377799034118652,11.044791221618652,11.27556037902832,5.622030735015869,579228
2005-11-08,11.27556037902832,11.27556037902832,11.04965877532959,11.075948715209961,5.52250337600708,165347
2005-11-09,11.039921760559082,11.246349334716797,10.719572067260742,11.002921104431152,5.4860920906066895,1384396
2005-11-10,11.051607131958008,11.196688652038574,11.022395133972168,11.15871524810791,5.5637712478637695,351234
2005-11-11,11.241479873657227,11.241479873657227,11.066211700439453,11.124634742736816,5.54677677154541,199238
2005-11-14,11.124634742736816,11.321324348449707,11.051607131958008,11.173319816589355,5.571053981781006,562796
2005-11-15,11.100292205810547,11.295034408569336,11.100292205810547,11.165531158447266,5.567171573638916,376909
2005-11-16,11.392404556274414,11.685491561889648,11.343720436096191,11.536514282226562,5.752143383026123,1679145
2005-11-17,11.781888961791992,12.035054206848145,11.66212272644043,11.97565746307373,5.971100807189941,1666821
2005-11-18,12.039921760559082,12.064265251159668,11.90847110748291,11.963973045349121,5.965275287628174,923273
2005-11-21,12.074002265930176,12.074002265930176,11.611490249633789,11.861733436584473,5.9142985343933105,655226
2005-11-22,11.772151947021484,11.976631164550781,11.605648040771484,11.859786033630371,5.913328170776367,834951
2005-11-23,11.90847110748291,11.966894149780273,11.65043830871582,11.806232452392578,5.886624336242676,278317
2005-11-25,11.806232452392578,11.90847110748291,11.781888961791992,11.879260063171387,5.923038005828857,189995
2005-11-28,11.903602600097656,11.927945137023926,11.635832786560059,11.704965591430664,5.836134910583496,219778
2005-11-29,11.680623054504395,11.723465919494629,11.393379211425781,11.559883117675781,5.763795852661133,396422
2005-11-30,11.58422565460205,11.630964279174805,11.246349334716797,11.246349334716797,5.607466697692871,648037
2005-12-01,11.338850975036621,11.709834098815918,11.265823364257812,11.694254875183105,5.830794334411621,518635
2005-12-02,11.6864652633667,11.772151947021484,11.494645118713379,11.567672729492188,5.767679691314697,404638
2005-12-05,11.395325660705566,11.555014610290527,11.392404556274414,11.413826942443848,5.690972805023193,215670
2005-12-06,11.413826942443848,11.587146759033203,11.310612678527832,11.560856819152832,5.764279842376709,335829
2005-12-07,11.577409744262695,11.587146759033203,11.139241218566895,11.234663963317871,5.6016387939453125,333775
2005-12-08,11.259007453918457,11.348587989807129,11.121713638305664,11.155794143676758,5.562314510345459,235183
2005-12-09,11.100292205810547,11.24537467956543,10.983447074890137,11.046737670898438,5.507937908172607,197184
2005-12-12,11.071081161499023,11.090555191040039,10.808178901672363,10.925997734069824,5.4477362632751465,409773
2005-12-13,10.898734092712402,10.898734092712402,10.321324348449707,10.63778018951416,5.304030418395996,1064999
2005-12-14,10.612462997436523,10.613436698913574,10.078869819641113,10.148978233337402,5.0603132247924805,871923
2005-12-15,10.180135726928711,10.63778018951416,10.180135726928711,10.592016220092773,5.281213760375977,650091
2005-12-16,10.49172306060791,10.797468185424805,10.49172306060791,10.57546329498291,5.272960186004639,453934
2005-12-19,10.576436042785645,10.711782455444336,10.315482139587402,10.315482139587402,5.143332481384277,281398
2005-12-20,10.177214622497559,10.370010375976562,10.126582145690918,10.298929214477539,5.1350789070129395,445718
2005-12-21,10.25803279876709,10.54527759552002,10.25803279876709,10.474197387695312,5.222469329833984,579228
2005-12-22,10.432327270507812,10.642647743225098,10.432327270507812,10.530672073364258,5.250627040863037,205400
2005-12-23,10.555014610290527,10.657254219055176,10.468354225158691,10.618306159973145,5.294321060180664,298857
2005-12-27,10.530672073364258,10.673807144165039,10.525802612304688,10.591041564941406,5.280728340148926,343018
2005-12-28,10.564751625061035,10.656279563903809,10.418695449829102,10.440116882324219,5.205476760864258,188968
2005-12-29,10.599804878234863,10.648490905761719,10.518013954162598,10.564751625061035,5.267617225646973,196157
2005-12-30,10.66212272644043,10.83252239227295,10.418695449829102,10.63291072845459,5.301605224609375,328640
2006-01-03,10.613436698913574,10.963973045349121,10.613436698913574,10.925024032592773,5.447253227233887,439556
2006-01-04,11.178189277648926,11.31256103515625,11.072054862976074,11.215189933776855,5.591930866241455,493987
2006-01-05,11.244400978088379,11.27556037902832,11.118792533874512,11.255111694335938,5.611833572387695,326586
2006-01-06,11.392404556274414,11.392404556274414,11.061344146728516,11.347614288330078,5.657956600189209,346099
2006-01-09,11.246349334716797,11.416748046875,11.246349334716797,11.343720436096191,5.656014442443848,321451
2006-01-10,11.295034408569336,11.358325004577637,11.148978233337402,11.310612678527832,5.639509677886963,399503
2006-01-11,11.254137992858887,11.391430854797363,11.219084739685059,11.32521915435791,5.646791458129883,231075
2006-01-12,11.32521915435791,11.32521915435791,11.002921104431152,11.051607131958008,5.5103654861450195,572039
2006-01-13,11.027263641357422,11.03700065612793,10.808178901672363,10.903602600097656,5.436572074890137,373828
2006-01-17,10.879260063171387,10.881207466125488,10.628043174743652,10.699124336242676,5.334618091583252,510419
2006-01-18,10.635832786560059,10.822785377502441,10.541382789611816,10.801362991333008,5.385594844818115,365612
2006-01-19,10.905550003051758,10.979552268981934,10.85881233215332,10.910419464111328,5.439970016479492,236210
2006-01-20,10.905550003051758,11.075948715209961,10.905550003051758,10.927945137023926,5.4487080574035645,409773
2006-01-23,10.905550003051758,10.906523704528809,10.614411354064941,10.725414276123047,5.347726345062256,170482
2006-01-24,10.676728248596191,11.052579879760742,10.676728248596191,10.955208778381348,5.462302207946777,241345
2006-01-25,10.935734748840332,11.022395133972168,10.905550003051758,11.002921104431152,5.4860920906066895,330694
2006-01-26,11.002921104431152,11.295034408569336,11.002921104431152,11.246349334716797,5.607466697692871,219778
2006-01-27,11.304771423339844,11.601753234863281,11.298929214477539,11.440116882324219,5.704078674316406,399503
2006-01-30,11.41577434539795,11.733203887939453,11.32424545288086,11.666991233825684,5.817198276519775,365612
2006-01-31,11.635832786560059,11.635832786560059,11.293087005615234,11.615385055541992,5.791467666625977,370747
2006-02-01,11.538461685180664,11.538461685180664,11.343720436096191,11.416748046875,5.692428112030029,213616
2006-02-02,11.368062019348145,11.41187858581543,10.99513053894043,11.127555847167969,5.548235893249512,147888
2006-02-03,11.148003578186035,11.455696105957031,11.00097370147705,11.403116226196289,5.6856303215026855,220805
2006-02-06,11.499512672424316,11.538461685180664,11.372930526733398,11.515092849731445,5.741460800170898,278317
2006-02-07,11.539435386657715,11.544303894042969,11.148978233337402,11.236611366271973,5.602611064910889,286533
2006-02-08,11.236611366271973,11.304771423339844,11.197663307189941,11.27556037902832,5.622030735015869,622362
2006-02-09,11.298929214477539,11.565725326538086,11.298929214477539,11.509249687194824,5.738546848297119,236210
2006-02-10,11.509249687194824,11.509249687194824,11.134371757507324,11.256086349487305,5.612320899963379,307073
2006-02-13,11.41187858581543,11.489775657653809,11.231742858886719,11.290165901184082,5.629313945770264,506311
2006-02-14,11.489775657653809,11.489775657653809,11.168452262878418,11.296008110046387,5.632225513458252,127348
2006-02-15,11.222979545593262,11.314508438110352,11.186951637268066,11.20740032196045,5.5880446434021,215670
2006-02-16,11.304771423339844,11.380721092224121,11.172347068786621,11.260953903198242,5.614747524261475,377936
2006-02-17,11.343720436096191,11.390458106994629,11.212268829345703,11.363194465637207,5.6657233238220215,311181
2006-02-21,11.363194465637207,11.616357803344727,11.363194465637207,11.538461685180664,5.753114223480225,265993
2006-02-22,11.538461685180664,11.879260063171387,11.538461685180664,11.752677917480469,5.859923362731934,478582
2006-02-23,11.718598365783691,11.984420776367188,11.69230842590332,11.930867195129395,5.9487690925598145,550472
2006-02-24,12.028238296508789,12.04965877532959,11.743913650512695,11.851021766662598,5.908956050872803,514527
2006-02-27,11.903602600097656,12.02531623840332,11.898734092712402,11.923076629638672,5.944883823394775,179725
2006-02-28,11.976631164550781,12.02531623840332,11.830574035644531,11.898734092712402,5.932746887207031,298857
2006-03-01,11.8549165725708,11.957157135009766,11.701070785522461,11.777020454406738,5.8720622062683105,258804
2006-03-02,11.879260063171387,11.888997077941895,11.696203231811523,11.777020454406738,5.8720622062683105,158158
2006-03-03,11.780915260314941,11.780915260314941,11.635832786560059,11.714702606201172,5.840986728668213,73944
2006-03-06,11.684517860412598,11.684517860412598,11.538461685180664,11.54625129699707,5.756997108459473,294749
2006-03-07,11.562804222106934,11.563777923583984,11.246349334716797,11.295034408569336,5.631739616394043,496041
2006-03-08,11.202531814575195,11.226874351501465,11.010710716247559,11.12950325012207,5.549206256866455,919165
2006-03-09,11.148978233337402,11.27069091796875,11.051607131958008,11.051607131958008,5.5103654861450195,334802
2006-03-10,11.051607131958008,11.183056831359863,11.028238296508789,11.113924026489258,5.541438102722168,106808
2006-03-13,11.089580535888672,11.27069091796875,11.083739280700684,11.173319816589355,5.571053981781006,107835
2006-03-14,11.149950981140137,11.421615600585938,11.092501640319824,11.421615600585938,5.69485330581665,160212
2006-03-15,11.421615600585938,11.621227264404297,11.41577434539795,11.57059383392334,5.769135475158691,475501
2006-03-16,11.616357803344727,11.635832786560059,11.514119148254395,11.55890941619873,5.763309955596924,217724
2006-03-17,11.510224342346191,11.510224342346191,11.397274017333984,11.41187858581543,5.689999103546143,269074
2006-03-20,11.436222076416016,11.626094818115234,11.37974739074707,11.562804222106934,5.765250205993652,623389
2006-03-21,11.538461685180664,11.58422565460205,11.363194465637207,11.402141571044922,5.68514347076416,262912
2006-03-22,11.357352256774902,11.443037986755371,11.348587989807129,11.443037986755371,5.705534934997559,81133
2006-03-23,11.489775657653809,11.489775657653809,11.332035064697266,11.363194465637207,5.6657233238220215,196157
2006-03-24,11.343720436096191,11.470301628112793,11.343720436096191,11.407011032104492,5.687572956085205,365612
2006-03-27,11.371956825256348,11.371956825256348,11.231742858886719,11.231742858886719,5.600183963775635,129402
2006-03-28,11.110029220581055,11.173319816589355,11.051607131958008,11.066211700439453,5.517651557922363,378963
2006-03-29,11.107108116149902,11.241479873657227,11.071081161499023,11.144108772277832,5.556488513946533,248534
2006-03-30,11.144108772277832,11.293087005615234,11.144108772277832,11.222005844116211,5.5953264236450195,184860
2006-03-31,11.197663307189941,11.27069091796875,10.988314628601074,11.051607131958008,5.5103654861450195,206427
2006-04-03,11.139241218566895,11.192794799804688,10.910419464111328,10.944499015808105,5.456961154937744,272155
2006-04-04,10.808178901672363,11.124634742736816,10.806232452392578,11.110029220581055,5.539496898651123,201292
2006-04-05,11.102239608764648,11.196688652038574,11.100292205810547,11.187926292419434,5.578335762023926,373828
2006-04-06,11.187926292419434,11.265823364257812,11.110029220581055,11.19571590423584,5.582220077514648,140699
2006-04-07,11.148978233337402,11.148978233337402,10.925997734069824,11.002921104431152,5.4860920906066895,129402
2006-04-10,10.856864929199219,10.988314628601074,10.613436698913574,10.810127258300781,5.389964580535889,334802
2006-04-11,10.759493827819824,10.805257797241211,10.51606559753418,10.682571411132812,5.326362133026123,349180
2006-04-12,10.682571411132812,10.954236030578613,10.63291072845459,10.798441886901855,5.384137153625488,194103
2006-04-13,10.827652931213379,10.827652931213379,10.623173713684082,10.710807800292969,5.340442657470703,82160
2006-04-17,10.710807800292969,11.051607131958008,10.710807800292969,10.847127914428711,5.408412456512451,149942
2006-04-18,10.89581298828125,11.032132148742676,10.722493171691895,10.807205200195312,5.388506889343262,197184
2006-04-19,10.807205200195312,10.861733436584473,10.720544815063477,10.793574333190918,5.381711959838867,248534
2006-04-20,10.744888305664062,10.77994155883789,10.54527759552002,10.642647743225098,5.306457996368408,351234
2006-04-21,10.642647743225098,10.855891227722168,10.623173713684082,10.855891227722168,5.412782192230225,382044
2006-04-24,10.954236030578613,11.064265251159668,10.83252239227295,11.05452823638916,5.511821746826172,299884
2006-04-25,11.1032133102417,11.358325004577637,11.056474685668945,11.124634742736816,5.54677677154541,327613
2006-04-26,10.954236030578613,11.290165901184082,10.954236030578613,11.187926292419434,5.578335762023926,622362
2006-04-27,11.236611366271973,11.321324348449707,11.051607131958008,11.150924682617188,5.559887886047363,124267
2006-04-28,11.124634742736816,11.333982467651367,11.124634742736816,11.319376945495605,5.643878936767578,287560
2006-05-01,11.125609397888184,11.421615600585938,11.125609397888184,11.297954559326172,5.633194446563721,116051
2006-05-02,11.10418701171875,11.303796768188477,11.10418701171875,11.20740032196045,5.5880446434021,290641
2006-05-03,11.242453575134277,11.256086349487305,11.056474685668945,11.11587142944336,5.542409420013428,308100
2006-05-04,11.071081161499023,11.222005844116211,11.071081161499023,11.163582801818848,5.566199779510498,119132
2006-05-05,11.075948715209961,11.197663307189941,11.003894805908203,11.114897727966309,5.68055534362793,188968
2006-05-08,11.100292205810547,11.15384578704834,11.071081161499023,11.10418701171875,5.675082206726074,108862
2006-05-09,11.066211700439453,11.251216888427734,11.066211700439453,11.23271656036377,5.740769386291504,259831
2006-05-10,11.253165245056152,11.319376945495605,11.199610710144043,11.219084739685059,5.733802795410156,412854
2006-05-11,11.197663307189941,11.276534080505371,10.976631164550781,11.053553581237793,5.649204254150391,370747
2006-05-12,11.002921104431152,11.019474029541016,10.759493827819824,10.808178901672363,5.523799896240234,721981
2006-05-15,10.733203887939453,10.733203887939453,10.397274017333984,10.58227825164795,5.408346652984619,356369
2006-05-16,10.55793571472168,10.822785377502441,10.556962013244629,10.720544815063477,5.479013442993164,150969
2006-05-17,10.740018844604492,10.808178901672363,10.332035064697266,10.399221420288086,5.314793109893799,195130
2006-05-18,10.321324348449707,10.666991233825684,10.2716646194458,10.392404556274414,5.311307907104492,451880
2006-05-19,10.345666885375977,10.382667541503906,10.098344802856445,10.296008110046387,5.262040615081787,655226
2006-05-22,10.296008110046387,10.296008110046387,9.980525970458984,10.029211044311523,5.1256866455078125,382044
2006-05-23,10.053553581237793,10.387537002563477,10.053553581237793,10.111976623535156,5.167987823486328,677820
2006-05-24,10.018500328063965,10.077897071838379,9.713728904724121,9.97565746307373,5.098318099975586,355342
2006-05-25,10.0,10.369035720825195,10.0,10.341772079467773,5.285429954528809,462150
2006-05-26,10.150924682617188,10.321324348449707,10.150924682617188,10.177214622497559,5.201327800750732,345072
2006-05-30,10.121713638305664,10.121713638305664,9.795520782470703,9.805257797241211,5.011229991912842,426205
2006-05-31,9.834468841552734,9.919181823730469,9.789678573608398,9.793574333190918,5.005258560180664,1163591
2006-06-01,9.793574333190918,9.831547737121582,9.591041564941406,9.803311347961426,5.0102362632751465,700414
2006-06-02,9.88315486907959,9.952287673950195,9.640701293945312,9.77896785736084,4.997795104980469,1053702
2006-06-05,10.053553581237793,10.222979545593262,9.83252239227295,9.850049018859863,5.034122943878174,953056
2006-06-06,9.810127258300781,9.817915916442871,9.665043830871582,9.73709774017334,4.976395606994629,985920
2006-06-07,9.707886695861816,9.768257141113281,9.653359413146973,9.657254219055176,4.9355902671813965,334802
2006-06-08,9.608569145202637,9.696203231811523,9.308666229248047,9.566699028015137,4.889308929443359,946894
2006-06-09,9.566699028015137,9.638753890991211,9.402141571044922,9.518013954162598,4.864426612854004,204373
2006-06-12,9.566699028015137,9.574488639831543,9.185978889465332,9.201558113098145,4.702695846557617,278317
2006-06-13,9.113924026489258,9.113924026489258,8.631937980651855,8.755599021911621,4.47477388381958,863707
2006-06-14,8.763388633728027,9.069132804870605,8.763388633728027,8.909444808959961,4.553402423858643,394368
2006-06-15,8.977604866027832,9.389484405517578,8.977604866027832,9.308666229248047,4.7574357986450195,649064
2006-06-16,9.334956169128418,9.530672073364258,9.273612022399902,9.464460372924805,4.837057113647461,589498
2006-06-19,9.649463653564453,9.649463653564453,9.250243186950684,9.269718170166016,4.73753023147583,249561
2006-06-20,9.36708927154541,9.435248374938965,9.211295127868652,9.387537002563477,4.797743797302246,294749
2006-06-21,9.373905181884766,9.787731170654297,9.373905181884766,9.673807144165039,4.944048881530762,477555
2006-06-22,9.707886695861816,9.776046752929688,9.497566223144531,9.706912994384766,4.960968971252441,373828
2006-06-23,9.707886695861816,9.776046752929688,9.578384399414062,9.594937324523926,4.903741359710693,99619
2006-06-26,9.594937324523926,9.751704216003418,9.594937324523926,9.719572067260742,4.967437267303467,109889
2006-06-27,9.719572067260742,9.785783767700195,9.54235553741455,9.596883773803711,4.9047369956970215,252642
2006-06-28,9.446932792663574,9.673807144165039,9.446932792663574,9.6251220703125,4.919167995452881,288587
2006-06-29,9.655306816101074,9.961051940917969,9.581304550170898,9.961051940917969,5.090854167938232,237237
2006-06-30,9.962024688720703,10.222979545593262,9.962024688720703,10.140213966369629,5.182419776916504,485771
2006-07-03,10.189872741699219,10.292113304138184,10.189872741699219,10.260953903198242,5.244124889373779,346099
2006-07-05,10.165531158447266,10.267769813537598,9.931839942932129,10.076923370361328,5.150071620941162,172536
2006-07-06,10.111976623535156,10.117818832397461,10.029211044311523,10.046737670898438,5.1346435546875,59566
2006-07-07,9.931839942932129,10.021422386169434,9.844205856323242,9.991236686706543,5.1062798500061035,103727
2006-07-10,10.048685073852539,10.048685073852539,9.93281364440918,10.014606475830078,5.118223667144775,112970
2006-07-11,10.014606475830078,10.014606475830078,9.785783767700195,9.865628242492676,5.042083740234375,172536
2006-07-12,9.88315486907959,9.88315486907959,9.684517860412598,9.768257141113281,4.992320537567139,111943
2006-07-13,9.722493171691895,9.722493171691895,9.474197387695312,9.504382133483887,4.857459545135498,332748
2006-07-14,9.410905838012695,9.468354225158691,9.224926948547363,9.445959091186523,4.827601909637451,314262
2006-07-17,9.445959091186523,9.445959091186523,9.347614288330078,9.41772174835205,4.81317138671875,116051
2006-07-18,9.347614288330078,9.66212272644043,9.347614288330078,9.600778579711914,4.906724452972412,177671
2006-07-19,9.600778579711914,10.150924682617188,9.600778579711914,10.097371101379395,5.160523891448975,197184
2006-07-20,10.146056175231934,10.17137336730957,9.927945137023926,10.015579223632812,5.118719577789307,210535
2006-07-21,9.99513053894043,9.99513053894043,9.834468841552734,9.923076629638672,5.071446418762207,378963
2006-07-24,9.878286361694336,10.0632905960083,9.813048362731934,9.976631164550781,5.098814487457275,150969
2006-07-25,9.888023376464844,10.175268173217773,9.88315486907959,10.151899337768555,5.188390254974365,209508
2006-07-26,10.199610710144043,10.296980857849121,10.156766891479492,10.254137992858887,5.240642070770264,147888
2006-07-27,10.107108116149902,10.303796768188477,10.107108116149902,10.267769813537598,5.247608184814453,201292
2006-07-28,10.223953247070312,10.485880851745605,10.223953247070312,10.485880851745605,5.359081745147705,321451
2006-07-31,10.321324348449707,10.564751625061035,10.321324348449707,10.500487327575684,5.366546154022217,295776
2006-08-01,10.418695449829102,10.46738052368164,10.228821754455566,10.306718826293945,5.267515182495117,285506
2006-08-02,10.321324348449707,10.482959747314453,10.321324348449707,10.423563957214355,5.327231407165527,84214
2006-08-03,10.37974739074707,10.389484405517578,10.246349334716797,10.304771423339844,5.266518592834473,200265
2006-08-04,10.25803279876709,10.51606559753418,10.25803279876709,10.469327926635742,5.350622177124023,140699
2006-08-07,10.131450653076172,10.309639930725098,10.127555847167969,10.235637664794922,5.231186389923096,584363
2006-08-08,10.126582145690918,10.296980857849121,10.126582145690918,10.264848709106445,5.246115684509277,279344
2006-08-09,10.272639274597168,10.540409088134766,10.272639274597168,10.36708927154541,5.298367977142334,525824
2006-08-10,10.248295783996582,10.422590255737305,10.248295783996582,10.390458106994629,5.310313701629639,184860
2006-08-11,10.370010375976562,10.447907447814941,10.370010375976562,10.376826286315918,5.303346157073975,216697
2006-08-14,10.316455841064453,10.4381685256958,10.296980857849121,10.355403900146484,5.292396545410156,917111
2006-08-15,10.355403900146484,10.355403900146484,10.177214622497559,10.292113304138184,5.260050296783447,488852
2006-08-16,10.355403900146484,10.613436698913574,10.350536346435547,10.58422565460205,5.409341812133789,364585
2006-08-17,10.562804222106934,10.6251220703125,10.449853897094727,10.54527759552002,5.389436721801758,188968
2006-08-18,10.515092849731445,10.554040908813477,10.431352615356445,10.485880851745605,5.359081745147705,115024
2006-08-21,10.484907150268555,10.518986701965332,10.418695449829102,10.505354881286621,5.36903190612793,47242
2006-08-22,10.740018844604492,10.763388633728027,10.566699028015137,10.621227264404297,5.428252696990967,1458340
2006-08-23,10.701070785522461,10.710807800292969,10.55793571472168,10.58227825164795,5.408346652984619,630578
2006-08-24,10.581304550170898,10.623173713684082,10.504382133483887,10.576436042785645,5.405361652374268,871923
2006-08-25,10.673807144165039,10.673807144165039,10.443037986755371,10.47127628326416,5.351616382598877,276263
2006-08-28,10.418695449829102,10.515092849731445,10.418695449829102,10.514119148254395,5.373514175415039,93457
2006-08-29,10.611490249633789,10.611490249633789,10.348587989807129,10.486854553222656,5.3595781326293945,229021
2006-08-30,10.539435386657715,10.539435386657715,10.445959091186523,10.517040252685547,5.375006675720215,234156
2006-08-31,10.540409088134766,10.710807800292969,10.443037986755371,10.710807800292969,5.474035739898682,278317
2006-09-01,10.758520126342773,10.788704872131348,10.730281829833984,10.730281829833984,5.483987331390381,80106
2006-09-05,10.774099349975586,10.774099349975586,10.652385711669922,10.652385711669922,5.444177627563477,74971
2006-09-06,10.506328582763672,10.58227825164795,10.496591567993164,10.517040252685547,5.375006675720215,103727
2006-09-07,10.496591567993164,10.536514282226562,10.447907447814941,10.517040252685547,5.375006675720215,270101
2006-09-08,10.551119804382324,10.669912338256836,10.506328582763672,10.649463653564453,5.442683219909668,255723
2006-09-11,10.564751625061035,10.658227920532227,10.486854553222656,10.607595443725586,5.421286582946777,200265
2006-09-12,10.501461029052734,10.732230186462402,10.501461029052734,10.66309642791748,5.449649333953857,180752
2006-09-13,10.613436698913574,10.730281829833984,10.613436698913574,10.720544815063477,5.479013442993164,151996
2006-09-14,10.671859741210938,10.808178901672363,10.618306159973145,10.759493827819824,5.4989190101623535,211562
2006-09-15,10.66212272644043,10.85881233215332,10.66212272644043,10.76630973815918,5.5024003982543945,103727
2006-09-18,10.705940246582031,10.836417198181152,10.705940246582031,10.808178901672363,5.523799896240234,55458
2006-09-19,10.66212272644043,10.7916259765625,10.613436698913574,10.7916259765625,5.515338897705078,182806
2006-09-20,10.710807800292969,11.100292205810547,10.710807800292969,11.100292205810547,5.673091888427734,401557
2006-09-21,11.051607131958008,11.100292205810547,10.851021766662598,10.888997077941895,5.565104007720947,377936
2006-09-22,10.808178901672363,10.881207466125488,10.759493827819824,10.843233108520508,5.541715621948242,202319
2006-09-25,10.954236030578613,10.954236030578613,10.740018844604492,10.842259407043457,5.541216850280762,184860
2006-09-26,10.905550003051758,11.074002265930176,10.905550003051758,11.071081161499023,5.658162593841553,107835
2006-09-27,10.881207466125488,11.15871524810791,10.881207466125488,11.118792533874512,5.682546138763428,156104
2006-09-28,11.047712326049805,11.09931755065918,11.032132148742676,11.096397399902344,5.671100616455078,109889
2006-09-29,11.154820442199707,11.20740032196045,11.124634742736816,11.20740032196045,5.727833271026611,128375
2006-10-02,11.44109058380127,11.446932792663574,11.202531814575195,11.366114616394043,5.808946132659912,252642
2006-10-03,11.314508438110352,11.461538314819336,11.217137336730957,11.44109058380127,5.847264766693115,384098
2006-10-04,11.4800386428833,11.684517860412598,11.392404556274414,11.640701293945312,5.949283123016357,293722
2006-10-05,11.514119148254395,12.04965877532959,11.514119148254395,11.98734188079834,6.12644100189209,475501
2006-10-06,11.976631164550781,11.976631164550781,11.683544158935547,11.7283353805542,5.994068145751953,269074
2006-10-09,11.538461685180664,11.772151947021484,11.392404556274414,11.760466575622559,6.010489463806152,277290
2006-10-10,11.713728904724121,11.923076629638672,11.66212272644043,11.898734092712402,6.0811567306518555,224913
2006-10-11,11.898734092712402,12.002921104431152,11.831547737121582,11.976631164550781,6.12096643447876,178698
2006-10-12,12.059395790100098,12.064265251159668,11.888997077941895,12.015579223632812,6.140872001647949,301938
2006-10-13,12.015579223632812,12.17137336730957,11.923076629638672,12.085685729980469,6.17670202255249,583336
2006-10-16,12.04965877532959,12.172347068786621,11.918208122253418,12.161636352539062,6.215516567230225,5957627
2006-10-17,12.200584411621094,12.317428588867188,12.03700065612793,12.296008110046387,6.28419303894043,718900
2006-10-18,12.633885383605957,12.706912994384766,12.339824676513672,12.370010375976562,6.322014808654785,186914
2006-10-19,12.268744468688965,12.385588645935059,12.140213966369629,12.30769157409668,6.29016637802124,225940
2006-10-20,12.297954559326172,12.352482795715332,12.133398056030273,12.24927043914795,6.260304927825928,170482
2006-10-23,12.1032133102417,12.277506828308105,12.1032133102417,12.224926948547363,6.247867584228516,100646
2006-10-24,12.190847396850586,12.268744468688965,12.086660385131836,12.268744468688965,6.270260334014893,224913
2006-10-25,12.268744468688965,12.268744468688965,11.879260063171387,12.147029876708984,6.208054065704346,311181
2006-10-26,12.04965877532959,12.098344802856445,11.880233764648438,11.970788955688477,6.117983341217041,199238
2006-10-27,11.947420120239258,11.989289283752441,11.72930908203125,11.7916259765625,6.026415824890137,72917
2006-10-30,11.718598365783691,11.809152603149414,11.660175323486328,11.809152603149414,6.035372734069824,234156
2006-10-31,11.874390602111816,12.048685073852539,11.838363647460938,11.916260719299316,6.090113639831543,219778
2006-11-01,12.159687995910645,12.181110382080078,12.036026954650879,12.142162322998047,6.20556640625,132483
2006-11-02,12.256086349487305,12.286271095275879,12.02531623840332,12.055500984191895,6.161276340484619,775385
2006-11-03,12.030184745788574,12.112950325012207,11.976631164550781,12.003894805908203,6.13490104675293,166374
2006-11-06,12.19571590423584,12.389484405517578,12.16747760772705,12.273612022399902,6.27274751663208,321451
2006-11-07,12.254137992858887,12.366114616394043,12.254137992858887,12.268744468688965,6.270260334014893,91403
2006-11-08,12.283349990844727,12.507303237915039,12.281401634216309,12.447907447814941,6.361824989318848,1771575
2006-11-09,12.487829208374023,12.487829208374023,12.31256103515625,12.317428588867188,6.295140743255615,433394
2006-11-10,12.507303237915039,12.507303237915039,12.190847396850586,12.291138648986816,6.281703948974609,106808
2006-11-13,12.142162322998047,12.277506828308105,12.098344802856445,12.277506828308105,6.274738788604736,332748
2006-11-14,12.302824020385742,12.354430198669434,12.190847396850586,12.267769813537598,6.2697601318359375,243399
2006-11-15,12.22005844116211,12.316455841064453,12.210321426391602,12.30769157409668,6.29016637802124,327613
2006-11-16,12.288217544555664,12.297954559326172,12.188899993896484,12.244400978088379,6.25781774520874,469339
2006-11-17,12.102239608764648,12.219084739685059,12.102239608764648,12.218111038208008,6.244383335113525,104754
2006-11-20,12.17137336730957,12.17137336730957,12.1032133102417,12.123661041259766,6.196112155914307,155077
2006-11-21,12.658227920532227,12.901655197143555,12.597858428955078,12.82862663269043,6.556402206420898,1188239
2006-11-22,12.82862663269043,12.847127914428711,12.671859741210938,12.682571411132812,6.481753826141357,220805
2006-11-24,12.732230186462402,12.82862663269043,12.732230186462402,12.76728343963623,6.525050163269043,336856
2006-11-27,12.875365257263184,13.120739936828613,12.780915260314941,12.852970123291016,6.56884241104126,537121
2006-11-28,13.005842208862305,13.007789611816406,12.784810066223145,12.964945793151855,6.62606954574585,1104025
2006-11-29,12.99902629852295,13.19571590423584,12.994157791137695,13.112950325012207,6.701715469360352,791817
2006-11-30,13.242453575134277,13.378772735595703,12.933788299560547,13.300875663757324,6.797756195068359,773331
2006-12-01,13.252190589904785,13.27556037902832,13.00097370147705,13.134371757507324,6.712663173675537,383071
2006-12-04,13.100292205810547,13.169425964355469,12.928918838500977,12.997078895568848,6.642492771148682,448799
2006-12-05,12.99902629852295,13.06231689453125,12.906523704528809,13.037975311279297,6.663395404815674,484744
2006-12-06,13.037975311279297,13.057449340820312,12.906523704528809,12.949366569519043,6.618109226226807,294749
2006-12-07,13.046737670898438,13.046737670898438,12.756572723388672,12.784810066223145,6.5340070724487305,499122
2006-12-08,12.667964935302734,13.042842864990234,12.658227920532227,12.940604209899902,6.613631725311279,200265
2006-12-11,12.949366569519043,12.949366569519043,12.852970123291016,12.935734748840332,6.611141681671143,180752
2006-12-12,12.935734748840332,12.947420120239258,12.75072956085205,12.807205200195312,6.545454502105713,202319
2006-12-13,12.843233108520508,13.037975311279297,12.843233108520508,13.00097370147705,6.644484043121338,634686
2006-12-14,13.02531623840332,13.1450834274292,12.951314926147461,13.052579879760742,6.670859336853027,601822
2006-12-15,13.147029876708984,13.200584411621094,13.111976623535156,13.169425964355469,6.730576515197754,254696
2006-12-18,13.198637008666992,13.437195777893066,13.194742202758789,13.339824676513672,6.817663192749023,439556
2006-12-19,13.34956169128418,13.485880851745605,13.34956169128418,13.422590255737305,6.85996150970459,484744
2006-12-20,13.485880851745605,13.666017532348633,13.485880851745605,13.587146759033203,6.944062232971191,617227
2006-12-21,13.485880851745605,13.485880851745605,13.047712326049805,13.320350646972656,6.807708740234375,1808547
2006-12-22,13.320350646972656,13.33787727355957,13.06231689453125,13.125609397888184,6.7081828117370605,472420
2006-12-26,13.018500328063965,13.086660385131836,12.838363647460938,13.0632905960083,6.676329135894775,408746
2006-12-27,13.038948059082031,13.291138648986816,12.954236030578613,13.266796112060547,6.780340194702148,605930
2006-12-28,13.242453575134277,13.242453575134277,13.057449340820312,13.096397399902344,6.693252086639404,361504
2006-12-29,13.096397399902344,13.222979545593262,13.088607788085938,13.200584411621094,6.746499061584473,206427
2007-01-03,13.047712326049805,13.1450834274292,12.970788955688477,13.144108772277832,6.717635631561279,474474
2007-01-04,13.119766235351562,13.192794799804688,13.009737014770508,13.09152889251709,6.690764427185059,273182
2007-01-05,13.06718635559082,13.06718635559082,12.5618314743042,12.677701950073242,6.479267120361328,478582
2007-01-08,12.677701950073242,12.677701950073242,12.57059383392334,12.62414836883545,6.451898097991943,229021
2007-01-09,12.658227920532227,12.659201622009277,12.366114616394043,12.472249031066895,6.374265670776367,514527
2007-01-10,12.366114616394043,12.396300315856934,12.239533424377441,12.363194465637207,6.318530559539795,317343
2007-01-11,12.338850975036621,12.716650009155273,12.2716646194458,12.46738052368164,6.371779441833496,348153
2007-01-12,12.45374870300293,12.573514938354492,12.4381685256958,12.449853897094727,6.362818241119385,373828
2007-01-16,12.366114616394043,12.399221420288086,12.210321426391602,12.33690357208252,6.3050947189331055,290641
2007-01-17,12.147029876708984,12.344693183898926,12.074002265930176,12.33690357208252,6.3050947189331055,193076
2007-01-18,12.31256103515625,12.366114616394043,12.097371101379395,12.16650390625,6.218005180358887,384098
2007-01-19,12.142162322998047,12.414799690246582,12.043816566467285,12.366114616394043,6.320021152496338,261885
2007-01-22,12.658227920532227,12.731255531311035,12.487829208374023,12.594937324523926,6.4369683265686035,386152
2007-01-23,12.653359413146973,12.838363647460938,12.598832130432129,12.677701950073242,6.479267120361328,269074
2007-01-24,12.763388633728027,12.903602600097656,12.604674339294434,12.872444152832031,6.578795433044434,447772
2007-01-25,12.873417854309082,12.873417854309082,12.666991233825684,12.800389289855957,6.541970729827881,481663
2007-01-26,12.824731826782227,12.852970123291016,12.738072395324707,12.759493827819824,6.5210700035095215,272155
2007-01-29,12.843233108520508,12.901655197143555,12.755599021911621,12.852970123291016,6.56884241104126,364585
2007-01-30,12.80428409576416,12.931839942932129,12.803311347961426,12.906523704528809,6.5962138175964355,362531
2007-01-31,12.853943824768066,13.22005844116211,12.852970123291016,13.210321426391602,6.7514777183532715,209508
2007-02-01,13.210321426391602,13.373905181884766,13.1450834274292,13.370010375976562,6.833091735839844,787709
2007-02-02,13.370010375976562,13.505354881286621,13.184030532836914,13.481986045837402,6.890318870544434,211562
2007-02-05,13.45764446258545,13.555014610290527,13.083739280700684,13.461538314819336,6.879867076873779,297830
2007-02-06,13.437195777893066,13.485880851745605,13.291138648986816,13.388509750366211,6.8425445556640625,477555
2007-02-07,13.388509750366211,13.450827598571777,13.36221981048584,13.42940616607666,6.863445281982422,191022
2007-02-08,13.406037330627441,13.406037330627441,13.242453575134277,13.37585163116455,6.83607292175293,169455
2007-02-09,13.352482795715332,13.41577434539795,12.905550003051758,13.320350646972656,6.807708740234375,291668
2007-02-12,13.319376945495605,13.319376945495605,12.79259967803955,12.857837677001953,6.571331024169922,219778
2007-02-13,12.99902629852295,13.316455841064453,12.99902629852295,13.240506172180176,6.76690149307251,142753
2007-02-14,13.19571590423584,13.679649353027344,13.120739936828613,13.656279563903809,6.979394912719727,381017
2007-02-15,13.680623054504395,13.825705528259277,13.437195777893066,13.713728904724121,7.008756637573242,240318
2007-02-16,13.5199613571167,13.691333770751953,13.5199613571167,13.573514938354492,6.937092304229736,111943
2007-02-20,13.37974739074707,13.851021766662598,13.37974739074707,13.851021766662598,7.078922271728516,681928
2007-02-21,13.72930908203125,13.802336692810059,13.585200309753418,13.755599021911621,7.030154228210449,592579
2007-02-22,13.75462532043457,14.088607788085938,13.75462532043457,14.071081161499023,7.191391468048096,545337
2007-02-23,14.070107460021973,14.070107460021973,13.661149024963379,13.996105194091797,7.153072834014893,483717
2007-02-26,14.011685371398926,14.310612678527832,13.95034122467041,14.144108772277832,7.228709697723389,602849
2007-02-27,13.72930908203125,13.72930908203125,13.11587142944336,13.126582145690918,6.70867919921875,1063972
2007-02-28,13.242453575134277,13.437195777893066,12.988314628601074,13.387537002563477,6.842047214508057,6652906
2007-03-01,13.149950981140137,13.149950981140137,12.515092849731445,12.842259407043457,6.563370227813721,416962
2007-03-02,12.842259407043457,12.893865585327148,12.444985389709473,12.444985389709473,6.360330581665039,484744
2007-03-05,12.22005844116211,12.633885383605957,12.22005844116211,12.552092552185059,6.415071487426758,427232
2007-03-06,12.577409744262695,12.80428409576416,12.573514938354492,12.622200965881348,6.450902938842773,314262
2007-03-07,12.660175323486328,12.795520782470703,12.660175323486328,12.6884126663208,6.484741687774658,161239
2007-03-08,12.881207466125488,12.916260719299316,12.755599021911621,12.844205856323242,6.564362049102783,437502
2007-03-09,12.90068244934082,12.901655197143555,12.771178245544434,12.814994812011719,6.549435138702393,116051
2007-03-12,13.008763313293457,13.074975967407227,12.818889617919922,13.0418701171875,6.665383815765381,178698
2007-03-13,12.97468376159668,13.051607131958008,12.41577434539795,12.512170791625977,6.394670009613037,459069
2007-03-14,12.536514282226562,12.772151947021484,12.323271751403809,12.708861351013184,6.495194435119629,292695
2007-03-15,12.733203887939453,13.348587989807129,12.733203887939453,13.189872741699219,6.741026401519775,512473
2007-03-16,13.485880851745605,13.507303237915039,13.267769813537598,13.3135347366333,6.804227828979492,476528
2007-03-19,13.437195777893066,13.564751625061035,13.371956825256348,13.462512016296387,6.880364418029785,345072
2007-03-20,13.388509750366211,13.524829864501953,13.330087661743164,13.46738052368164,6.882852077484131,117078
2007-03-21,13.443037986755371,13.631937980651855,13.389484405517578,13.602725982666016,6.952025413513184,324532
2007-03-22,13.41772174835205,13.656279563903809,13.41772174835205,13.492696762084961,6.895792007446289,150969
2007-03-23,13.534566879272461,13.573514938354492,13.437195777893066,13.510224342346191,6.904751300811768,92430
2007-03-26,13.511198043823242,13.801362991333008,13.464460372924805,13.801362991333008,7.053544044494629,484744
2007-03-27,13.824731826782227,13.824731826782227,13.58812141418457,13.690360069274902,6.996811866760254,245453
2007-03-28,13.664070129394531,13.664070129394531,13.481013298034668,13.640701293945312,6.971433162689209,246480
2007-03-29,13.704965591430664,13.984420776367188,13.607595443725586,13.924051284790039,7.116245746612549,329667
2007-03-30,13.923076629638672,14.216163635253906,13.893865585327148,14.216163635253906,7.265538692474365,662415
2007-04-02,14.118792533874512,14.50827693939209,14.070107460021973,14.168452262878418,7.241154670715332,659334
2007-04-03,14.168452262878418,14.239533424377441,14.16747760772705,14.200584411621094,7.257576942443848,459069
2007-04-04,14.206425666809082,14.24537467956543,14.148978233337402,14.194742202758789,7.254591464996338,489879
2007-04-05,14.194742202758789,14.225900650024414,14.12852954864502,14.16747760772705,7.240653991699219,525824
2007-04-09,14.3135347366333,14.420642852783203,14.222005844116211,14.328140258789062,7.322768211364746,377936
2007-04-10,14.328140258789062,14.629989624023438,14.244400978088379,14.626094818115234,7.475042343139648,388206
2007-04-11,14.634859085083008,15.020447731018066,14.610515594482422,14.922102928161621,7.626327991485596,493987
2007-04-12,14.99513053894043,15.10418701171875,14.776046752929688,15.029211044311523,7.68106746673584,275236
2007-04-13,15.136319160461426,15.359298706054688,15.043816566467285,15.322298049926758,7.830856800079346,726089
2007-04-16,15.51606559753418,15.628043174743652,15.193767547607422,15.462512016296387,7.902516841888428,657280
2007-04-17,15.579357147216797,15.643622398376465,15.481986045837402,15.573514938354492,7.959247589111328,710684
2007-04-18,15.37974739074707,15.578384399414062,15.281401634216309,15.551119804382324,7.94780158996582,314262
2007-04-19,15.530672073364258,15.6864652633667,15.456669807434082,15.58422565460205,7.964720726013184,369720
2007-04-20,15.744888305664062,15.749756813049316,15.481986045837402,15.603699684143066,7.974674224853516,169455
2007-04-23,15.603699684143066,15.701070785522461,15.433300971984863,15.45764446258545,7.900027275085449,498095
2007-04-24,15.46738052368164,15.468354225158691,15.087634086608887,15.335929870605469,7.83782434463501,581282
2007-04-25,15.364167213439941,15.83252239227295,15.31256103515625,15.820837020874023,8.085646629333496,875004
2007-04-26,15.847127914428711,16.15481948852539,15.579357147216797,15.708861351013184,8.028420448303223,357396
2007-04-27,15.691333770751953,15.72930908203125,15.589094161987305,15.618306159973145,7.982141494750977,188968
2007-04-30,15.593962669372559,15.684517860412598,15.346640586853027,15.347614288330078,7.843794345855713,474474
2007-05-01,15.189872741699219,15.360273361206055,15.143135070800781,15.198637008666992,7.767653942108154,185887
2007-05-02,14.85881233215332,15.361246109008789,14.85881233215332,15.223953247070312,7.958384990692139,206427
2007-05-03,15.223953247070312,15.640701293945312,15.223953247070312,15.32424545288086,8.010812759399414,249561
2007-05-04,15.421615600585938,15.478092193603516,15.257059097290039,15.292113304138184,7.99401330947876,245453
2007-05-07,15.408958435058594,15.866601943969727,15.408958435058594,15.763388633728027,8.240376472473145,151996
2007-05-08,15.774099349975586,15.774099349975586,15.553067207336426,15.718598365783691,8.216958999633789,141726
2007-05-09,15.676728248596191,15.993184089660645,15.676728248596191,15.978577613830566,8.352869033813477,156104
2007-05-10,16.002920150756836,16.0399227142334,15.6864652633667,15.726387977600098,8.22103214263916,222859
2007-05-11,15.726387977600098,16.05550193786621,15.681596755981445,16.01849937438965,8.373733520507812,233129
2007-05-14,16.042842864990234,16.382667541503906,16.042842864990234,16.135345458984375,8.434818267822266,428259
2007-05-15,16.32911491394043,16.32911491394043,16.175268173217773,16.18597984313965,8.461286544799805,355342
2007-05-16,16.260953903198242,16.454721450805664,16.017526626586914,16.130477905273438,8.432271957397461,206427
2007-05-17,16.32424545288086,16.348588943481445,15.960078239440918,15.993184089660645,8.36050033569336,286533
2007-05-18,16.05063247680664,16.15968894958496,15.873417854309082,15.99513053894043,8.361517906188965,255723
2007-05-21,15.970788955688477,16.036027908325195,15.87147045135498,16.0,8.36406421661377,145834
2007-05-22,16.0,16.124635696411133,15.238558769226074,15.481986045837402,8.093270301818848,810303
2007-05-23,15.481986045837402,15.651412010192871,15.26290225982666,15.351509094238281,8.025064468383789,561769
2007-05-24,15.26290225982666,15.435248374938965,15.019474029541016,15.087634086608887,7.887121677398682,104754
2007-05-25,15.0632905960083,15.390458106994629,15.0632905960083,15.384614944458008,8.042370796203613,311181
2007-05-29,15.42453670501709,15.825705528259277,15.248295783996582,15.525802612304688,8.116174697875977,348153
2007-05-30,15.501461029052734,16.103212356567383,15.48393440246582,16.056474685668945,8.393587112426758,724035
2007-05-31,16.153846740722656,16.368061065673828,16.031158447265625,16.031158447265625,8.380352973937988,662415
2007-06-01,16.202531814575195,16.348588943481445,16.139240264892578,16.241479873657227,8.4902982711792,327613
2007-06-04,16.426485061645508,16.55306625366211,16.285297393798828,16.512170791625977,8.631802558898926,300911
2007-06-05,16.50925064086914,16.50925064086914,16.40506362915039,16.488801956176758,8.619587898254395,104754
2007-06-06,16.35832405090332,16.37974739074707,16.091529846191406,16.20350456237793,8.47044563293457,153023
2007-06-07,16.170398712158203,16.170398712158203,15.384614944458008,15.658227920532227,8.185401916503906,596687
2007-06-08,15.506328582763672,16.091529846191406,15.506328582763672,15.989289283752441,8.358464241027832,353288
2007-06-11,15.87147045135498,16.040895462036133,15.835442543029785,15.87147045135498,8.296873092651367,235183
2007-06-12,15.87147045135498,16.09055519104004,15.589094161987305,15.589094161987305,8.149262428283691,175617
2007-06-13,15.725414276123047,15.764362335205078,15.609541893005371,15.714702606201172,8.214925765991211,166374
2007-06-14,15.765336036682129,16.236610412597656,15.765336036682129,16.08763313293457,8.409873962402344,416962
2007-06-15,16.260953903198242,16.9182071685791,16.260953903198242,16.6650447845459,8.711721420288086,699387
2007-06-18,16.7478084564209,16.869522094726562,16.528724670410156,16.577409744262695,8.66590690612793,206427
2007-06-19,16.45569610595703,16.69912338256836,16.371957778930664,16.417722702026367,8.582430839538574,232102
2007-06-20,16.55306625366211,16.7478084564209,16.469327926635742,16.554040908813477,8.653691291809082,240318
2007-06-21,16.5433292388916,16.676727294921875,16.407011032104492,16.65043830871582,8.704084396362305,178698
2007-06-22,16.65043830871582,16.65043830871582,16.116844177246094,16.33592987060547,8.539676666259766,281398
2007-06-25,16.50438117980957,16.703018188476562,16.286270141601562,16.6689395904541,8.713754653930664,401557
2007-06-26,16.795520782470703,16.9182071685791,16.64167594909668,16.69912338256836,8.729534149169922,219778
2007-06-27,16.528724670410156,16.55306625366211,16.1684513092041,16.295034408569336,8.518292427062988,632632
2007-06-28,16.45569610595703,16.649463653564453,16.36124610900879,16.50438117980957,8.627732276916504,523770
2007-06-29,16.55306625366211,16.787731170654297,16.55306625366211,16.7517032623291,8.757018089294434,268047
2007-07-02,16.7517032623291,17.50243377685547,16.7517032623291,17.151899337768555,8.966224670410156,300911
2007-07-03,17.151899337768555,17.249269485473633,16.957157135009766,17.03018569946289,8.902597427368164,353288
2007-07-05,17.283349990844727,17.330087661743164,16.93281364440918,16.96105194091797,8.866458892822266,319397
2007-07-06,17.015579223632812,17.0399227142334,16.908470153808594,16.962024688720703,8.866965293884277,254696
2007-07-09,17.015579223632812,17.137292861938477,16.772151947021484,16.90068244934082,8.834900856018066,193076
2007-07-10,16.942550659179688,16.942550659179688,16.511198043823242,16.56085777282715,8.657254219055176,216697
2007-07-11,16.7478084564209,16.7478084564209,16.35832405090332,16.416748046875,8.58192253112793,284479
2007-07-12,16.55306625366211,16.785783767700195,16.330087661743164,16.341772079467773,8.542726516723633,480636
2007-07-13,16.407011032104492,16.587146759033203,16.246349334716797,16.44011688232422,8.594138145446777,330694
2007-07-16,16.55306625366211,17.035053253173828,16.50438117980957,16.5394344329834,8.6460542678833,333775
2007-07-17,16.69912338256836,16.84518051147461,16.481985092163086,16.52093505859375,8.636385917663574,196157
2007-07-18,16.484907150268555,16.55793571472168,16.283349990844727,16.32911491394043,8.536110877990723,449826
2007-07-19,16.84518051147461,16.868549346923828,16.207399368286133,16.213241577148438,8.475537300109863,540202
2007-07-20,16.260953903198242,16.35637855529785,15.628043174743652,15.652385711669922,8.182348251342773,692198
2007-07-23,15.744888305664062,15.944499015808105,15.47127628326416,15.603699684143066,8.15689754486084,718900
2007-07-24,15.409932136535645,15.51606559753418,15.189872741699219,15.368062019348145,8.033716201782227,1361802
2007-07-25,15.465433120727539,15.617332458496094,14.971761703491211,15.180135726928711,7.935478210449219,437502
2007-07-26,14.986368179321289,14.99513053894043,14.581304550170898,14.88412857055664,7.780736923217773,978731
2007-07-27,15.077897071838379,15.615385055541992,14.922102928161621,15.550146102905273,8.128901481628418,840086
2007-07-30,15.360273361206055,16.017526626586914,15.360273361206055,15.87147045135498,8.296873092651367,1242670
2007-07-31,15.87147045135498,16.066211700439453,15.797468185424805,15.925997734069824,8.325379371643066,743548
2007-08-01,15.87147045135498,16.066211700439453,15.433300971984863,15.701070785522461,8.20779800415039,414908
2007-08-02,15.725414276123047,16.066211700439453,15.547224998474121,15.949366569519043,8.337596893310547,547391
2007-08-03,16.01168441772461,16.035053253173828,15.703991889953613,15.77896785736084,8.248518943786621,435448
2007-08-06,15.774099349975586,15.822785377502441,15.267769813537598,15.49172306060791,8.098360061645508,440583
2007-08-07,15.335929870605469,15.806232452392578,15.288217544555664,15.648490905761719,8.180310249328613,343018
2007-08-08,15.648490905761719,16.22687339782715,15.422590255737305,16.017526626586914,8.373226165771484,663442
2007-08-09,15.87147045135498,16.119766235351562,15.274585723876953,15.418695449829102,8.060184478759766,309127
2007-08-10,15.578384399414062,15.578384399414062,14.947420120239258,15.218111038208008,7.955329895019531,597714
2007-08-13,15.701070785522461,15.89581298828125,15.288217544555664,15.318403244018555,8.007760047912598,324532
2007-08-14,15.360273361206055,15.455696105957031,14.352482795715332,14.449853897094727,7.5537214279174805,421070
2007-08-15,14.386563301086426,14.581304550170898,13.72930908203125,13.730281829833984,7.177558422088623,482690
2007-08-16,13.583251953125,14.045763969421387,13.227848052978516,13.969815254211426,7.302778244018555,1173861
2007-08-17,14.118792533874512,14.980525970458984,14.084712982177734,14.873417854309082,7.775139331817627,485771
2007-08-20,14.898734092712402,14.946446418762207,14.314508438110352,14.876338958740234,7.776666164398193,390260
2007-08-21,14.835442543029785,14.924051284790039,14.366114616394043,14.89581298828125,7.786848068237305,358423
2007-08-22,15.043816566467285,15.279455184936523,14.866601943969727,15.107108116149902,7.897302150726318,846248
2007-08-23,15.287243843078613,15.384614944458008,14.800389289855957,15.060370445251465,7.87286901473999,425178
2007-08-24,15.0418701171875,15.70009708404541,14.99513053894043,15.579357147216797,8.144171714782715,352261
2007-08-27,15.579357147216797,15.579357147216797,15.269718170166016,15.269718170166016,7.982307434082031,106808
2007-08-28,15.462512016296387,15.462512016296387,14.732230186462402,14.765336036682129,7.718639850616455,294749
2007-08-29,14.990262985229492,15.247322082519531,14.783836364746094,15.214216232299805,7.953291893005371,270101
2007-08-30,15.02434253692627,15.267769813537598,15.00486946105957,15.160661697387695,7.925294876098633,175617
2007-08-31,15.335929870605469,15.579357147216797,15.218111038208008,15.5199613571167,8.113122940063477,374855
2007-09-04,15.49172306060791,15.715677261352539,15.37974739074707,15.579357147216797,8.144171714782715,236210
2007-09-05,15.481986045837402,15.518013954162598,15.287243843078613,15.413826942443848,8.05764102935791,157131
2007-09-06,15.506328582763672,15.506328582763672,15.234663963317871,15.345666885375977,8.02200698852539,156104
2007-09-07,15.189872741699219,15.189872741699219,14.817915916442871,14.994157791137695,7.838256359100342,281398
2007-09-10,15.180135726928711,15.180135726928711,14.341772079467773,14.727360725402832,7.698788166046143,275236
2007-09-11,14.703019142150879,14.888023376464844,14.680623054504395,14.762414932250977,7.717111587524414,157131
2007-09-12,14.777020454406738,14.800389289855957,14.460564613342285,14.727360725402832,7.698788166046143,206427
2007-09-13,14.873417854309082,14.917235374450684,14.740992546081543,14.849075317382812,7.762415409088135,163293
2007-09-14,14.897760391235352,14.99513053894043,14.722493171691895,14.835442543029785,7.755285739898682,154050
2007-09-17,14.775073051452637,15.014606475830078,14.6884126663208,14.716650009155273,7.693187713623047,92430
2007-09-18,14.732230186462402,15.604674339294434,14.58227825164795,15.550146102905273,8.128901481628418,469339
2007-09-19,15.365140914916992,16.45569610595703,15.335929870605469,15.95910358428955,8.342686653137207,734305
2007-09-20,15.740018844604492,16.089580535888672,15.618306159973145,15.863680839538574,8.292803764343262,396422
2007-09-21,15.87147045135498,16.212268829345703,15.676728248596191,16.083738327026367,8.407838821411133,992082
2007-09-24,16.09055519104004,16.1645565032959,15.949366569519043,16.069133758544922,8.400205612182617,317343
2007-09-25,15.968840599060059,15.983447074890137,15.676728248596191,15.75462532043457,8.235793113708496,727116
2007-09-26,15.798441886901855,16.33592987060547,15.725414276123047,16.251216888427734,8.49538803100586,896571
2007-09-27,16.309640884399414,16.50243377685547,16.250242233276367,16.415773391723633,8.581412315368652,1074242
2007-09-28,16.50438117980957,16.888023376464844,16.407011032104492,16.83349609375,8.79977798461914,717873
2007-10-01,16.674781799316406,17.39824676513672,16.674781799316406,17.3310604095459,9.05988597869873,510419
2007-10-02,17.524829864501953,17.69230842590332,17.45374870300293,17.69230842590332,9.248724937438965,934570
2007-10-03,17.697175979614258,17.700096130371094,17.466407775878906,17.50730323791504,9.152010917663574,756899
2007-10-04,17.70107078552246,17.762414932250977,17.36611557006836,17.698150634765625,9.251777648925781,602849
2007-10-05,17.818889617919922,18.694255828857422,17.818889617919922,18.500486373901367,9.67120361328125,1160510
2007-10-08,18.500486373901367,18.523855209350586,18.19474220275879,18.523855209350586,9.683417320251465,356369
2007-10-09,18.67088508605957,18.78286361694336,18.4566707611084,18.640701293945312,9.744502067565918,574093
2007-10-10,18.704965591430664,19.605648040771484,18.589094161987305,19.42551040649414,10.15476131439209,916084
2007-10-11,19.57156753540039,20.10613441467285,19.34274673461914,19.512170791625977,10.200064659118652,1478880
2007-10-12,19.659202575683594,19.88218116760254,19.1684513092041,19.318403244018555,10.098774909973145,408746
2007-10-15,19.3768253326416,19.756572723388672,19.259981155395508,19.273611068725586,10.075357437133789,648037
2007-10-16,19.250242233276367,19.267770767211914,18.461538314819336,18.6650447845459,9.75722599029541,590525
2007-10-17,18.85589027404785,19.084712982177734,18.573514938354492,18.669912338256836,9.759772300720215,880139
2007-10-18,18.646543502807617,18.646543502807617,18.359298706054688,18.43914222717285,9.639135360717773,567931
2007-10-19,18.305744171142578,18.353456497192383,17.990262985229492,18.13437271118164,9.479816436767578,331721
2007-10-22,18.01363182067871,18.156766891479492,17.723466873168945,18.111003875732422,9.467598915100098,363558
2007-10-23,18.262901306152344,18.31256103515625,17.784809112548828,18.188899993896484,9.508320808410645,497068
2007-10-24,18.01363182067871,18.27069091796875,17.672832489013672,18.204479217529297,9.516463279724121,513500
2007-10-25,18.160661697387695,18.547225952148438,18.15968894958496,18.4148006439209,9.626411437988281,814411
2007-10-26,18.792600631713867,19.205453872680664,18.743913650512695,19.205453872680664,10.039728164672852,644956
2007-10-29,19.162609100341797,19.498538970947266,19.036027908325195,19.498538970947266,10.192941665649414,809276
2007-10-30,19.474197387695312,19.857837677001953,19.177215576171875,19.36124610900879,10.121169090270996,655226
2007-10-31,19.3768253326416,19.42551040649414,18.42843246459961,18.695228576660156,9.773004531860352,1246778
2007-11-01,19.01168441772461,19.424537658691406,18.562803268432617,18.807205200195312,9.831542015075684,693225
2007-11-02,19.036027908325195,19.036027908325195,18.11781883239746,18.200584411621094,9.514430046081543,606957
2007-11-05,17.832521438598633,18.037975311279297,17.493671417236328,17.794546127319336,9.30217170715332,281398
2007-11-06,17.653358459472656,18.01363182067871,17.530672073364258,18.006816864013672,9.413135528564453,275236
2007-11-07,18.017526626586914,18.017526626586914,17.562803268432617,17.624147415161133,9.213094711303711,1348451
2007-11-08,17.770204544067383,17.817916870117188,17.28919219970703,17.407011032104492,9.099584579467773,462150
2007-11-09,17.283349990844727,17.332035064697266,16.85881233215332,16.888996124267578,8.828788757324219,461123
2007-11-12,16.854917526245117,17.111003875732422,16.174293518066406,16.26192855834961,8.50098991394043,1054729
2007-11-13,16.55306625366211,16.90749740600586,16.498538970947266,16.760467529296875,8.761602401733398,549445
2007-11-14,17.0399227142334,17.2103214263916,16.695228576660156,16.72930908203125,8.745311737060547,363558
2007-11-15,16.60175323486328,16.674781799316406,16.384614944458008,16.565725326538086,8.659799575805664,382044
2007-11-16,16.55793571472168,16.649463653564453,16.29892921447754,16.54625129699707,8.64962100982666,386152
2007-11-19,16.649463653564453,16.649463653564453,15.799415588378906,15.862707138061523,8.292293548583984,214643
2007-11-20,16.056474685668945,16.22687339782715,15.434274673461914,15.856864929199219,8.289241790771484,413881
2007-11-21,15.092501640319824,15.529698371887207,14.727360725402832,15.470301628112793,8.08716106414795,994136
2007-11-23,15.75462532043457,15.822785377502441,15.481986045837402,15.749756813049316,8.233248710632324,425178
2007-11-26,15.701070785522461,15.968840599060059,15.309639930725098,15.511198043823242,8.108541488647461,963326
2007-11-27,15.481986045837402,15.693281173706055,15.260953903198242,15.654333114624023,8.183364868164062,424151
2007-11-28,15.574488639831543,16.95131492614746,15.574488639831543,16.55793571472168,8.655726432800293,858572
2007-11-29,16.47711753845215,17.014606475830078,16.47711753845215,16.757545471191406,8.760075569152832,451880
2007-11-30,17.0399227142334,17.407011032104492,16.89386558532715,17.10418701171875,8.9412841796875,713765
2007-12-03,16.942550659179688,17.0399227142334,16.79649543762207,16.942550659179688,8.85678482055664,187941
2007-12-04,16.69912338256836,16.8773136138916,16.661148071289062,16.661148071289062,8.709685325622559,75998
2007-12-05,16.854917526245117,17.3310604095459,16.748783111572266,17.30769157409668,9.0476655960083,360477
2007-12-06,17.526777267456055,18.354429244995117,17.525802612304688,18.25705909729004,9.54394817352295,661388
2007-12-07,18.070106506347656,18.524829864501953,18.021421432495117,18.176240921020508,9.501700401306152,249561
2007-12-10,18.2083740234375,18.2083740234375,17.896787643432617,18.047712326049805,9.434513092041016,218751
2007-12-11,17.964946746826172,17.964946746826172,17.045764923095703,17.121713638305664,8.950443267822266,367666
2007-12-12,17.624147415161133,17.88218116760254,16.407011032104492,16.784809112548828,8.774327278137207,464204
2007-12-13,16.89094352722168,16.89094352722168,15.734176635742188,16.027263641357422,8.378316879272461,610038
2007-12-14,15.851996421813965,16.295034408569336,15.803311347961426,16.267770767211914,8.504040718078613,453934
2007-12-17,16.005842208862305,16.08763313293457,15.579357147216797,15.725414276123047,8.220521926879883,542256
2007-12-18,16.139240264892578,16.139240264892578,15.148003578186035,15.514119148254395,8.110068321228027,478582
2007-12-19,15.530672073364258,16.042842864990234,15.335929870605469,15.951314926147461,8.338615417480469,353288
2007-12-20,16.404090881347656,17.0399227142334,16.404090881347656,16.955209732055664,8.863405227661133,435448
2007-12-21,17.273611068725586,18.005842208862305,17.234664916992188,17.737098693847656,9.272139549255371,747656
2007-12-24,17.916261672973633,18.149951934814453,17.723466873168945,18.06231689453125,9.44214916229248,163293
2007-12-26,17.97468376159668,18.281402587890625,17.721519470214844,18.13242530822754,9.478800773620605,402584
2007-12-27,17.916261672973633,17.989288330078125,17.624147415161133,17.68938636779785,9.247200965881348,366639
2007-12-28,17.609542846679688,17.711782455444336,17.42843246459961,17.62025260925293,9.211060523986816,300911
2007-12-31,17.994157791137695,17.994157791137695,17.084712982177734,17.2103214263916,8.996763229370117,319397
2008-01-02,17.336904525756836,17.503408432006836,16.40019416809082,16.794546127319336,8.779417991638184,714792
2008-01-03,16.841285705566406,17.378772735595703,16.65043830871582,17.1684513092041,8.974876403808594,714792
2008-01-04,16.79649543762207,16.79649543762207,16.035053253173828,16.232717514038086,8.485718727111816,810303
2008-01-07,16.02823829650879,16.309640884399414,15.771178245544434,16.093475341796875,8.41292953491211,365612
2008-01-08,16.251216888427734,16.407011032104492,15.90847110748291,15.991236686706543,8.35948371887207,605930
2008-01-09,16.012657165527344,16.017526626586914,15.27556037902832,15.540409088134766,8.123810768127441,714792
2008-01-10,15.272639274597168,16.549171447753906,15.272639274597168,16.4566707611084,8.602792739868164,1147159
2008-01-11,16.55306625366211,16.928918838500977,16.24050521850586,16.48393440246582,8.617043495178223,1646281
2008-01-14,16.84518051147461,17.033105850219727,16.628042221069336,17.033105850219727,8.90412425994873,471393
2008-01-15,16.65725326538086,16.65725326538086,15.802336692810059,16.124635696411133,8.429218292236328,451880
2008-01-16,15.822785377502441,16.37974739074707,14.745862007141113,15.912365913391113,8.318252563476562,1356667
2008-01-17,15.968840599060059,16.098344802856445,14.881207466125488,14.912365913391113,7.795503616333008,1485042
2008-01-18,15.043816566467285,15.180135726928711,14.46640682220459,14.794547080993652,7.733909606933594,448799
2008-01-22,14.093476295471191,17.071081161499023,14.093476295471191,14.378772735595703,7.516560077667236,652145
2008-01-23,13.730281829833984,14.668938636779785,12.861733436584473,14.605648040771484,7.635160446166992,732251
2008-01-24,15.188899993896484,15.579357147216797,14.897760391235352,15.468354225158691,8.086143493652344,717873
2008-01-25,16.212268829345703,16.34274673461914,15.48393440246582,15.697175979614258,8.205764770507812,700414
2008-01-28,15.579357147216797,16.23076820373535,15.204479217529297,16.088607788085938,8.410382270812988,360477
2008-01-29,16.84031105041504,16.84031105041504,16.145082473754883,16.454721450805664,8.60177230834961,694252
2008-01-30,16.45569610595703,17.0399227142334,16.19182014465332,16.7098331451416,8.735130310058594,797979
2008-01-31,16.387537002563477,17.299903869628906,15.968840599060059,17.25705909729004,9.021198272705078,1009541
2008-02-01,17.234664916992188,17.590068817138672,17.088607788085938,17.234664916992188,9.009491920471191,923273
2008-02-04,17.283349990844727,17.346641540527344,16.80525779724121,17.276533126831055,9.03137493133545,306046
2008-02-05,17.176240921020508,17.176240921020508,16.212268829345703,16.394351959228516,8.570212364196777,399503
2008-02-06,16.6650447845459,16.85589027404785,16.020448684692383,16.09542465209961,8.413949966430664,275236
2008-02-07,16.06523895263672,16.212268829345703,15.189872741699219,15.75462532043457,8.235793113708496,916084
2008-02-08,15.798441886901855,16.36319351196289,15.677701950073242,15.935734748840332,8.33047103881836,242372
2008-02-11,16.07594871520996,16.480039596557617,15.880233764648438,16.309640884399414,8.525930404663086,381017
2008-02-12,16.626094818115234,17.05550193786621,16.315481185913086,16.9182071685791,8.844061851501465,651118
2008-02-13,17.111976623535156,18.283349990844727,16.568647384643555,17.266796112060547,9.026284217834473,610038
2008-02-14,17.265823364257812,17.265823364257812,16.519960403442383,16.521907806396484,8.636893272399902,464204
2008-02-15,16.76923179626465,16.76923179626465,16.259981155395508,16.50438117980957,8.627732276916504,592579
2008-02-19,16.7478084564209,17.03894805908203,16.55306625366211,16.87925910949707,8.823699951171875,890409
2008-02-20,16.81986427307129,17.32132339477539,16.55306625366211,17.271665573120117,9.02883243560791,413881
2008-02-21,17.332035064697266,17.506328582763672,16.92794418334961,17.074975967407227,8.92601490020752,470366
2008-02-22,17.26874351501465,17.353456497192383,16.9980525970459,17.201557159423828,8.992183685302734,347126
2008-02-25,17.429405212402344,18.503408432006836,17.27263832092285,18.451801300048828,9.64575481414795,832897
2008-02-26,18.25705909729004,19.07205581665039,17.964946746826172,18.987342834472656,9.925708770751953,780520
2008-02-27,18.597858428955078,19.96105194091797,18.413827896118164,19.518014907836914,10.20312213897705,1055756
2008-02-28,19.474197387695312,19.6251220703125,19.08763313293457,19.10418701171875,9.986790657043457,621335
2008-02-29,19.074975967407227,19.47030258178711,18.795520782470703,18.992210388183594,9.928256034851074,1112241
2008-03-03,18.597858428955078,19.461538314819336,18.597858428955078,19.3310604095459,10.105389595031738,666523
2008-03-04,19.474197387695312,19.663095474243164,19.088607788085938,19.3768253326416,10.129315376281738,520689
2008-03-05,19.87925910949707,19.99123764038086,19.367088317871094,19.864654541015625,10.384329795837402,416962
2008-03-06,19.81499481201172,20.242454528808594,19.646543502807617,19.660175323486328,10.277436256408691,407719
2008-03-07,19.600778579711914,19.73807144165039,19.096397399902344,19.096397399902344,9.982719421386719,828789
2008-03-10,19.193767547607422,19.193767547607422,18.274585723876953,18.47906494140625,9.660006523132324,834951
2008-03-11,19.397274017333984,20.058422088623047,19.279455184936523,20.058422088623047,10.485620498657227,576147
2008-03-12,19.76630973815918,21.32424545288086,19.71762466430664,20.49269676208496,10.71264362335205,835978
2008-03-13,20.155794143676758,21.323272705078125,19.876338958740234,21.19668960571289,11.08065128326416,474474
2008-03-14,21.421615600585938,21.616357803344727,20.772151947021484,20.93281364440918,10.942710876464844,739440
2008-03-17,20.110029220581055,21.201557159423828,20.110029220581055,20.447906494140625,10.689229011535645,734305
2008-03-18,21.03213119506836,21.771177291870117,20.886075973510742,21.771177291870117,11.380973815917969,709657
2008-03-19,21.771177291870117,21.980525970458984,21.10223960876465,21.211294174194336,11.088292121887207,1717144
2008-03-20,21.08081817626953,21.223953247070312,20.364166259765625,20.76630973815918,10.855669975280762,498095
2008-03-24,21.03213119506836,21.60662078857422,20.838363647460938,21.332035064697266,11.15140438079834,514527
2008-03-25,21.6650447845459,22.54625129699707,21.514118194580078,22.47030258178711,11.746442794799805,576147
2008-03-26,22.297954559326172,22.693281173706055,21.926971435546875,22.357351303100586,11.687390327453613,396422
2008-03-27,22.541383743286133,23.64167594909668,22.266796112060547,23.609542846679688,12.341983795166016,644956
2008-03-28,23.758520126342773,23.854917526245117,22.580331802368164,22.637779235839844,11.83398723602295,543283
2008-03-31,22.88218116760254,23.369035720825195,22.005842208862305,22.765335083007812,11.900670051574707,350618
2008-04-01,23.242454528808594,23.748783111572266,22.697175979614258,23.34956169128418,12.206076622009277,635610
2008-04-02,23.680622100830078,24.732229232788086,22.891918182373047,24.556961059570312,12.837249755859375,794487
2008-04-03,24.703018188476562,25.18987274169922,24.303796768188477,24.556961059570312,12.837249755859375,1161845
2008-04-04,24.917234420776367,26.114898681640625,24.917234420776367,26.027263641357422,13.605856895446777,1340749
2008-04-07,26.913339614868164,27.74099349975586,26.046737670898438,27.59493637084961,14.425361633300781,1095193
2008-04-08,27.964946746826172,28.72443962097168,27.555988311767578,28.052579879760742,14.664600372314453,1020427
2008-04-09,28.227848052978516,28.704965591430664,26.825706481933594,27.108081817626953,14.170860290527344,1055243
2008-04-10,27.419668197631836,27.419668197631836,25.65725326538086,26.46543312072754,13.83491325378418,899447
2008-04-11,26.46543312072754,28.091529846191406,25.978578567504883,27.916261672973633,14.59333610534668,1175299
2008-04-14,28.227848052978516,29.06523895263672,28.101266860961914,28.471275329589844,14.88347053527832,975034
2008-04-15,28.91918182373047,29.406036376953125,28.67575454711914,28.851022720336914,15.081987380981445,875517
2008-04-16,29.561830520629883,30.03894805908203,29.406036376953125,29.707887649536133,15.529913902282715,903555
2008-04-17,29.172346115112305,30.32132339477539,28.82181167602539,30.029211044311523,15.697896003723145,974931
2008-04-18,30.788705825805664,30.886075973510742,29.698150634765625,29.990262985229492,15.677526473999023,884042
2008-04-21,30.175268173217773,30.32132339477539,28.72443962097168,30.08763313293457,15.728428840637207,1128160
2008-04-22,29.931840896606445,30.340797424316406,29.01655387878418,29.48393440246582,15.412848472595215,656869
2008-04-23,29.902629852294922,29.902629852294922,27.896787643432617,28.500486373901367,14.8987455368042,481663
2008-04-24,28.52969741821289,29.211294174194336,26.50438117980957,27.195716857910156,14.216667175292969,1004919
2008-04-25,27.098344802856445,29.01655387878418,27.098344802856445,28.77312660217285,15.041272163391113,533013
2008-04-28,29.591041564941406,30.146055221557617,29.074975967407227,29.279455184936523,15.305952072143555,714278
2008-04-29,28.34469223022461,29.113924026489258,27.36124610900879,27.575462341308594,14.415178298950195,756283
2008-04-30,27.273611068725586,29.113924026489258,27.273611068725586,27.760467529296875,14.5118989944458,1015087
2008-05-01,27.487829208374023,27.82862663269043,25.84225845336914,26.79649543762207,14.230086326599121,760185
2008-05-02,27.07887077331543,27.147029876708984,25.783836364746094,26.32911491394043,13.981892585754395,715511
2008-05-05,26.767282485961914,27.195716857910156,26.397274017333984,26.7478084564209,14.204231262207031,399298
2008-05-06,26.73807144165039,26.89386558532715,26.192794799804688,26.640701293945312,14.147356033325195,520484
2008-05-07,26.767282485961914,27.653358459472656,26.445959091186523,26.533592224121094,14.090475082397461,496452
2008-05-08,26.874391555786133,26.962024688720703,26.046737670898438,26.630964279174805,14.142180442810059,509289
2008-05-09,26.299903869628906,27.137292861938477,26.046737670898438,27.137292861938477,14.411066055297852,376498
2008-05-12,27.663095474243164,28.87049674987793,27.35150909423828,28.40311622619629,15.083271980285645,1109776
2008-05-13,28.714702606201172,28.763389587402344,27.332035064697266,27.50730323791504,14.607558250427246,718695
2008-05-14,27.468353271484375,28.48101234436035,27.468353271484375,28.06231689453125,14.902294158935547,441405
2008-05-15,28.218111038208008,28.72443962097168,27.857837677001953,28.695228576660156,15.238395690917969,449826
2008-05-16,29.006816864013672,30.13631820678711,28.78286361694336,29.902629852294922,15.87957763671875,685214
2008-05-19,30.57448959350586,31.98636817932129,29.95131492614746,31.285297393798828,16.613834381103516,1135040
2008-05-20,31.333982467651367,33.66114807128906,31.333982467651367,33.3787727355957,17.725555419921875,1236405
2008-05-21,33.34956359863281,34.0798454284668,31.7916259765625,32.25900650024414,17.130918502807617,1253248
2008-05-22,32.32716751098633,33.21324157714844,31.75267791748047,32.83349609375,17.43599510192871,704727
2008-05-23,32.40506362915039,33.11587142944336,32.132423400878906,32.706912994384766,17.3687744140625,674842
2008-05-27,32.414798736572266,32.96981430053711,31.4605655670166,31.811100006103516,16.893054962158203,940321
2008-05-28,31.996105194091797,33.59299087524414,31.996105194091797,33.59299087524414,17.83932113647461,457631
2008-05-29,34.02142333984375,36.51411819458008,33.95326232910156,35.93962860107422,19.085479736328125,1410995
2008-05-30,36.02726364135742,36.6699104309082,33.10613250732422,33.145084381103516,17.60146141052246,2020109
2008-06-02,33.34956359863281,35.248294830322266,33.34956359863281,34.85881042480469,18.511524200439453,2263405
2008-06-03,35.783836364746094,38.14995193481445,35.58909225463867,36.5043830871582,19.385393142700195,1935895
2008-06-04,36.56280517578125,39.02629089355469,36.55306625366211,38.86075973510742,20.636728286743164,1488842
2008-06-05,39.38656234741211,43.72930908203125,39.34761428833008,43.709835052490234,23.2117977142334,2163273
2008-06-06,43.15481948852539,43.15481948852539,40.740020751953125,41.60662078857422,22.09490394592285,1436978
2008-06-09,42.35637664794922,45.76436233520508,42.07400131225586,45.62804412841797,24.23044776916504,1857843
2008-06-10,45.6669921875,47.44887924194336,44.926971435546875,46.05647659301758,24.45796012878418,2062729
2008-06-11,47.08860778808594,47.916259765625,43.612464904785156,44.18695068359375,23.46515655517578,2927566
2008-06-12,44.780914306640625,45.76436233520508,41.051605224609375,43.34956359863281,23.02047348022461,2482054
2008-06-13,43.242454528808594,44.39142990112305,42.35637664794922,44.25511169433594,23.501359939575195,1143667
2008-06-16,45.569618225097656,46.93281555175781,43.855892181396484,45.9201545715332,24.385570526123047,1741278
2008-06-17,48.334957122802734,50.2921142578125,47.81888961791992,50.22395324707031,26.671072006225586,3670806
2008-06-18,50.42843246459961,54.06037139892578,50.14605712890625,53.30087661743164,28.305055618286133,3354593
2008-06-19,54.51801300048828,57.88705062866211,50.486854553222656,51.57741165161133,27.389822006225586,5903812
2008-06-20,50.740020751953125,51.772151947021484,47.80915451049805,50.35053634643555,26.73830223083496,3711989
2008-06-23,50.68159866333008,52.239532470703125,50.194740295410156,52.12268829345703,27.679378509521484,1968554
2008-06-24,53.04771041870117,54.52775192260742,48.96786880493164,49.89289093017578,26.495258331298828,2717134
2008-06-25,49.47419738769531,50.14605712890625,45.55014419555664,46.52385711669922,24.706157684326172,3238336
2008-06-26,45.43330001831055,48.0038948059082,44.95618438720703,45.75462341308594,24.297666549682617,2532582
2008-06-27,44.790653228759766,46.007789611816406,43.00876235961914,46.007789611816406,24.432098388671875,3951793
2008-06-30,46.436222076416016,48.081790924072266,45.27750778198242,45.3748779296875,24.096004486083984,1998953
2008-07-01,43.52482986450195,44.44985580444336,41.86952209472656,42.2882194519043,22.45686149597168,3039304
2008-07-02,43.36903762817383,43.52482986450195,38.60759353637695,38.73417663574219,20.569509506225586,2999970
2008-07-03,37.44887924194336,37.96494674682617,34.177215576171875,37.05939483642578,19.680133819580078,4123816
2008-07-07,37.97468566894531,39.727359771728516,37.05939483642578,38.19863510131836,20.28511619567871,1712831
2008-07-08,37.2541389465332,40.155792236328125,35.93962860107422,39.7078857421875,21.086585998535156,2671124
2008-07-09,40.94449996948242,42.521907806396484,40.22395324707031,40.50632858276367,21.510597229003906,2414066
2008-07-10,41.85978698730469,41.86952209472656,39.48393249511719,41.13924026489258,21.846698760986328,1165234
2008-07-11,41.11976623535156,41.61635971069336,39.47419738769531,40.311588287353516,21.407182693481445,1116041
2008-07-14,41.635833740234375,42.86270523071289,41.382667541503906,42.44401168823242,22.53959083557129,1569461
2008-07-15,41.8792610168457,42.346641540527344,39.62998962402344,40.60369873046875,21.562301635742188,1418800
2008-07-16,40.60369873046875,43.81694412231445,38.334957122802734,43.534568786621094,23.118724822998047,1763872
2008-07-17,43.96299743652344,44.44985580444336,40.593963623046875,41.528724670410156,22.05353546142578,2081215
2008-07-18,40.71080780029297,41.86952209472656,39.77604675292969,40.340797424316406,21.42268943786621,1734911
2008-07-21,41.37293243408203,42.200584411621094,40.89581298828125,42.064266204833984,22.33793067932129,1608487
2008-07-22,41.80136489868164,41.80136489868164,39.92210388183594,40.2044792175293,21.350303649902344,1269577
2008-07-23,39.43524932861328,39.78578567504883,36.825706481933594,37.23466491699219,19.77320098876953,2110999
2008-07-24,37.95520782470703,39.39630126953125,36.56280517578125,37.653358459472656,19.99554443359375,1587126
2008-07-25,37.02044677734375,39.415775299072266,37.02044677734375,37.41967010498047,19.871448516845703,968050
2008-07-28,38.695228576660156,38.695228576660156,36.533592224121094,36.689388275146484,19.48363494873047,2279529
2008-07-29,36.397274017333984,37.7117805480957,35.60857009887695,37.332035064697266,19.824913024902344,1105360
2008-07-30,37.97468566894531,40.915287017822266,37.48782730102539,40.915287017822266,21.727767944335938,1551489
2008-07-31,39.92210388183594,41.84031295776367,39.53261947631836,39.85394287109375,21.164148330688477,1087388
2008-08-01,41.00292205810547,41.00292205810547,38.85102081298828,39.01655197143555,20.71946144104004,509700
2008-08-04,38.948394775390625,39.0457649230957,34.644596099853516,35.19961166381836,18.692501068115234,1408120
2008-08-05,34.498538970947266,35.33592987060547,33.11587142944336,33.97273635864258,18.040979385375977,1368683
2008-08-06,33.35929870605469,35.80331039428711,33.35929870605469,35.44303894042969,18.821779251098633,795309
2008-08-07,35.77409744262695,36.66017532348633,34.85881042480469,36.52385711669922,19.39573097229004,1389736
2008-08-08,36.2122688293457,36.2122688293457,33.10613250732422,33.40798568725586,17.741064071655273,1388401
2008-08-11,32.677703857421875,32.960079193115234,30.98344612121582,31.21713638305664,16.57763671875,1697734
2008-08-12,30.301849365234375,32.424537658691406,30.301849365234375,31.60662078857422,16.78447151184082,777850
2008-08-13,32.51217269897461,34.06037139892578,31.27556037902832,33.97273635864258,18.040979385375977,1920798
2008-08-14,33.82667922973633,36.02726364135742,33.10613250732422,34.498538970947266,18.320205688476562,1401033
2008-08-15,33.466407775878906,34.0798454284668,32.07400131225586,32.47322463989258,17.244674682617188,907149
2008-08-18,32.87244415283203,34.24537658691406,32.560855865478516,33.04771041870117,17.54974937438965,833102
2008-08-19,32.19084548950195,34.05063247680664,32.19084548950195,33.82667922973633,17.96341323852539,1224081
2008-08-20,34.0798454284668,35.05355453491211,33.66114807128906,34.70301818847656,18.428787231445312,1010260
2008-08-21,35.540409088134766,36.99123764038086,35.19961166381836,36.66017532348633,19.468122482299805,1230860
2008-08-22,36.757545471191406,37.09834671020508,35.501461029052734,36.99123764038086,19.643932342529297,1548819
2008-08-25,37.000972747802734,37.95520782470703,36.757545471191406,37.21519088745117,19.76285171508789,840908
2008-08-26,37.95520782470703,37.95520782470703,36.611488342285156,37.28335189819336,19.79906463623047,623594
2008-08-27,37.73125457763672,38.617332458496094,37.41967010498047,38.53943634033203,20.466087341308594,695587
2008-08-28,38.938655853271484,39.07497787475586,37.439144134521484,38.30574417114258,20.34199333190918,853232
2008-08-29,38.666019439697266,38.85102081298828,36.864654541015625,37.31256103515625,19.814571380615234,941040
2008-09-02,35.8714714050293,35.8714714050293,34.14800262451172,34.352481842041016,18.242637634277344,1038400
2008-09-03,33.47614288330078,35.248294830322266,33.47614288330078,33.846153259277344,17.973758697509766,1727311
2008-09-04,33.846153259277344,34.23563766479492,32.18111038208008,32.44401168823242,17.229164123535156,1474464
2008-09-05,32.132423400878906,33.145084381103516,30.925024032592773,31.98636817932129,16.986129760742188,2297194
2008-09-08,32.59006881713867,33.47614288330078,29.737098693847656,30.0,15.931286811828613,1759456
2008-09-09,29.113924026489258,29.113924026489258,26.923076629638672,26.97176170349121,14.323161125183105,2962998
2008-09-10,26.786758422851562,28.34469223022461,26.777019500732422,27.750730514526367,14.736831665039062,1471177
2008-09-11,27.702045440673828,28.948392868041992,26.22200584411621,28.24732208251953,15.000540733337402,1122306
2008-09-12,29.182083129882812,31.21713638305664,27.263874053955078,31.17818832397461,16.55695915222168,1778559
2008-09-15,27.799415588378906,30.13631820678711,26.786758422851562,27.205453872680664,14.447258949279785,1799201
2008-09-16,25.80331039428711,26.952287673950195,24.839338302612305,26.660175323486328,14.157693862915039,2248103
2008-09-17,25.744888305664062,26.32911491394043,23.846153259277344,25.034080505371094,13.294170379638672,1749186
2008-09-18,25.082765579223633,26.192794799804688,20.457643508911133,24.586172103881836,13.056313514709473,2534225
2008-09-19,26.88412857055664,29.211294174194336,26.874391555786133,29.01655387878418,15.409031867980957,1754116
2008-09-22,29.279455184936523,29.503408432006836,27.380720138549805,28.237585067749023,14.995367050170898,1860410
2008-09-23,27.565725326538086,28.042842864990234,26.2901668548584,26.61149024963379,14.131842613220215,841524
2008-09-24,27.03018569946289,27.711782455444336,26.2901668548584,26.46543312072754,14.054280281066895,499327
2008-09-25,26.387537002563477,28.63680648803711,25.832521438598633,28.354429244995117,15.057415962219238,1553543
2008-09-26,26.93281364440918,27.40019416809082,25.968841552734375,26.60175323486328,14.126668930053711,1517084
2008-09-29,25.170398712158203,26.241479873657227,21.87925910949707,22.940603256225586,12.182446479797363,1442832
2008-09-30,22.40506362915039,24.80038833618164,22.40506362915039,24.547225952148438,13.035632133483887,905814
2008-10-01,24.177215576171875,24.586172103881836,23.378772735595703,23.826679229736328,12.652987480163574,1452897
2008-10-02,21.421615600585938,21.51898765563965,19.42551040649414,19.6689395904541,10.445053100585938,2692999
2008-10-03,20.457643508911133,21.343719482421875,19.01655387878418,19.24050521850586,10.217533111572266,1570180
2008-10-06,17.40019416809082,17.526777267456055,15.00486946105957,17.526777267456055,9.30746841430664,1686334
2008-10-07,17.7896785736084,18.52969741821289,16.09542465209961,16.280427932739258,8.645605087280273,1344343
2008-10-08,14.371956825256348,17.205453872680664,14.284322738647461,16.241479873657227,8.624922752380371,2326669
2008-10-09,16.55306625366211,17.857837677001953,15.160661697387695,15.589094161987305,8.27847957611084,1651929
2008-10-10,14.430379867553711,15.559883117675781,12.638753890991211,14.849075317382812,7.885496139526367,2104528
2008-10-13,17.07887077331543,21.21713638305664,16.066211700439453,21.17818832397461,11.246526718139648,1948219
2008-10-14,21.41187858581543,21.70399284362793,18.597858428955078,19.328140258789062,10.264073371887207,2454119
2008-10-15,18.500486373901367,18.68549156188965,16.105161666870117,16.46543312072754,8.743849754333496,1815325
2008-10-16,17.536514282226562,18.227848052978516,16.066211700439453,18.227848052978516,9.679770469665527,1836276
2008-10-17,17.760467529296875,19.834468841552734,17.049659729003906,18.461538314819336,9.803869247436523,1550975
2008-10-20,20.243427276611328,21.197662353515625,19.649463653564453,21.12950325012207,11.220673561096191,1342289
2008-10-21,19.95131492614746,20.740018844604492,19.474197387695312,19.688413619995117,10.455389976501465,653994
2008-10-22,18.510223388671875,19.23076820373535,17.293087005615234,18.188899993896484,9.659085273742676,1152397
2008-10-23,18.44206428527832,18.597858428955078,16.192794799804688,17.370983123779297,9.224737167358398,1094371
2008-10-24,15.774099349975586,16.55306625366211,14.693281173706055,15.618306159973145,8.293991088867188,1557856
2008-10-27,15.433300971984863,16.99123764038086,15.433300971984863,16.260953903198242,8.635265350341797,1402368
2008-10-28,17.322298049926758,19.824731826782227,16.786758422851562,19.649463653564453,10.434707641601562,1451973
2008-10-29,19.328140258789062,19.96105194091797,16.962024688720703,19.006816864013672,10.093437194824219,1741689
2008-10-30,20.555015563964844,22.843233108520508,19.29892921447754,22.288217544555664,11.8359956741333,2773208
2008-10-31,20.98344612121582,23.85589027404785,20.545278549194336,22.297954559326172,11.841169357299805,1360980
2008-11-03,22.950340270996094,22.950340270996094,21.197662353515625,21.197662353515625,11.256865501403809,1327911
2008-11-04,23.7098331451416,25.365140914916992,22.482959747314453,25.365140914916992,13.469975471496582,2030687
2008-11-05,24.43037986755371,24.71275520324707,21.684518814086914,21.898733139038086,11.62916374206543,1624611
2008-11-06,21.674781799316406,22.044790267944336,20.340797424316406,20.593963623046875,10.93627643585205,1606536
2008-11-07,22.64849090576172,22.64849090576172,21.12950325012207,22.229795455932617,11.804977416992188,1349170
2008-11-10,23.602725982666016,24.09931755065918,23.2521915435791,23.612462997436523,12.539229393005371,1665999
2008-11-11,23.037975311279297,23.037975311279297,21.343719482421875,22.444011688232422,11.918731689453125,1131959
2008-11-12,22.726388931274414,22.726388931274414,20.292112350463867,20.447906494140625,11.040730476379395,1306344
2008-11-13,20.506328582763672,23.369035720825195,20.204479217529297,23.339824676513672,12.60221004486084,1494285
2008-11-14,21.898733139038086,22.88218116760254,21.421615600585938,22.06426429748535,11.913473129272461,1501987
2008-11-17,22.55112075805664,22.55112075805664,20.447906494140625,20.506328582763672,11.07227897644043,1229216
2008-11-18,20.973709106445312,21.353456497192383,20.253164291381836,21.22687339782715,11.461328506469727,928100
2008-11-19,20.837390899658203,21.08081817626953,18.90944480895996,19.10418701171875,10.315200805664062,1331814
2008-11-20,18.656280517578125,19.493671417236328,17.575462341308594,17.672832489013672,9.54234504699707,1800844
2008-11-21,18.2083740234375,19.415773391723633,17.526777267456055,19.24050521850586,10.38880443572998,1817071
2008-11-24,18.8315486907959,20.740018844604492,18.8315486907959,20.165531158447266,10.888265609741211,1821898
2008-11-25,20.817916870117188,20.886075973510742,19.86368179321289,20.61343765258789,11.130107879638672,1578704
2008-11-26,20.603700637817383,22.200584411621094,19.639726638793945,21.908470153808594,11.829354286193848,1700404
2008-11-28,21.996105194091797,22.13242530822754,19.91236686706543,21.898733139038086,11.8240966796875,718386
2008-12-01,20.925024032592773,21.110029220581055,19.42551040649414,19.688413619995117,10.630644798278809,1038708
2008-12-02,20.0,20.23369026184082,19.3768253326416,19.990262985229492,10.793630599975586,1220281
2008-12-03,19.474197387695312,20.311586380004883,19.094449996948242,20.068159103393555,10.835692405700684,880858
2008-12-04,19.6689395904541,20.360273361206055,19.328140258789062,19.591041564941406,10.578073501586914,685420
2008-12-05,19.045764923095703,20.837390899658203,19.045764923095703,20.740018844604492,11.198456764221191,1421573
2008-12-08,21.898733139038086,23.26192855834961,21.50925064086914,23.076923370361328,12.460254669189453,1887626
2008-12-09,22.35637855529785,22.375852584838867,20.98344612121582,21.236610412597656,11.466583251953125,2131847
2008-12-10,21.908470153808594,22.385589599609375,21.31450843811035,22.288217544555664,12.034395217895508,1085847
2008-12-11,22.190847396850586,23.1645565032959,21.489776611328125,21.87925910949707,11.813580513000488,1666821
2008-12-12,20.973709106445312,23.222980499267578,20.973709106445312,23.02823829650879,12.433963775634766,914133
2008-12-15,23.53456687927246,23.787731170654297,22.999025344848633,23.563777923583984,12.723127365112305,1386245
2008-12-16,24.15774154663086,25.219085693359375,23.846153259277344,25.219085693359375,13.616900444030762,1525711
2008-12-17,24.829601287841797,25.60856819152832,24.488801956176758,25.28724479675293,13.653705596923828,1368888
2008-12-18,25.60856819152832,26.124635696411133,23.85589027404785,24.021421432495117,12.970230102539062,751148
2008-12-19,23.7098331451416,24.71275520324707,23.076923370361328,23.135345458984375,12.49179744720459,1022995
2008-12-22,23.378772735595703,23.72930908203125,22.336904525756836,22.541383743286133,12.171092987060547,1047848
2008-12-23,22.63875389099121,23.563777923583984,22.63875389099121,23.242454528808594,12.549630165100098,567931
2008-12-24,24.14800453186035,24.14800453186035,22.77507209777832,23.222980499267578,12.539113998413086,276468
2008-12-26,22.794546127319336,24.021421432495117,22.794546127319336,23.378772735595703,12.623237609863281,341580
2008-12-29,23.933788299560547,24.01168441772461,23.02823829650879,23.933788299560547,12.922913551330566,895544
2008-12-30,24.05063247680664,24.05063247680664,22.541383743286133,22.77507209777832,12.297271728515625,1375256
2008-12-31,22.784809112548828,23.846153259277344,22.50243377685547,23.748783111572266,12.823022842407227,624724
2009-01-02,23.739046096801758,25.121713638305664,23.39824676513672,24.9561824798584,13.474947929382324,1173039
2009-01-05,24.94644546508789,25.082765579223633,24.29405975341797,24.634859085083008,13.30145263671875,1199228
2009-01-06,24.80038833618164,26.93281364440918,24.80038833618164,26.582277297973633,14.352948188781738,1778764
2009-01-07,25.978578567504883,26.09542465209961,25.024343490600586,25.219085693359375,13.616900444030762,996190
2009-01-08,25.267770767211914,25.94936752319336,24.53748893737793,25.89094352722168,13.979667663574219,774358
2009-01-09,27.487829208374023,27.526777267456055,25.725414276123047,26.50438117980957,14.310885429382324,938370
2009-01-12,26.89386558532715,26.89386558532715,25.258033752441406,25.52093505859375,13.779886245727539,1490690
2009-01-13,25.384614944458008,26.13437271118164,24.9561824798584,25.774099349975586,13.916574478149414,650605
2009-01-14,25.550146102905273,25.550146102905273,24.303796768188477,24.586172103881836,13.275164604187012,1075783
2009-01-15,24.849075317382812,25.60856819152832,24.079843521118164,25.18987274169922,13.601127624511719,1037270
2009-01-16,25.64751625061035,26.484907150268555,25.23855972290039,26.056474685668945,14.069048881530762,877366
2009-01-20,25.316455841064453,26.124635696411133,24.829601287841797,25.00486946105957,13.501237869262695,860934
2009-01-21,26.027263641357422,26.027263641357422,24.644596099853516,25.80331039428711,13.932350158691406,919473
2009-01-22,25.511198043823242,25.80331039428711,24.634859085083008,25.56962013244629,13.806174278259277,691376
2009-01-23,24.547225952148438,26.23174285888672,24.508277893066406,26.09542465209961,14.090076446533203,1251091
2009-01-26,25.32619285583496,26.98150062561035,25.32619285583496,26.22200584411621,14.158426284790039,686241
2009-01-27,26.348588943481445,26.79649543762207,26.046737670898438,26.708860397338867,14.421300888061523,818416
2009-01-28,27.43914222717285,27.672832489013672,26.84518051147461,27.536514282226562,14.868182182312012,831973
2009-01-29,26.319377899169922,27.263874053955078,25.80331039428711,26.99123764038086,14.573765754699707,431545
2009-01-30,27.390457153320312,27.390457153320312,26.192794799804688,26.387537002563477,14.247804641723633,763472
2009-02-02,25.832521438598633,27.010711669921875,25.813047409057617,26.660175323486328,14.395010948181152,728451
2009-02-03,26.777019500732422,27.93573570251465,26.777019500732422,27.721519470214844,14.968077659606934,908792
2009-02-04,27.799415588378906,28.578384399414062,27.750730514526367,27.82862663269043,15.025910377502441,680696
2009-02-05,27.760467529296875,28.646543502807617,27.5851993560791,28.52969741821289,15.404454231262207,1165645
2009-02-06,28.96786880493164,30.71080780029297,28.938655853271484,30.4186954498291,16.42439842224121,1760997
2009-02-09,30.46738052368164,31.626094818115234,30.068159103393555,30.51606559753418,16.476978302001953,1295150
2009-02-10,30.340797424316406,30.749757766723633,29.036027908325195,29.347614288330078,15.84608268737793,1019297
2009-02-11,29.600778579711914,30.08763313293457,28.383642196655273,29.14313507080078,15.735668182373047,1098993
2009-02-12,28.734176635742188,30.584226608276367,28.67575454711914,30.4186954498291,16.42439842224121,962504
2009-02-13,31.148977279663086,31.36319351196289,30.3310604095459,30.89581298828125,16.682018280029297,624313
2009-02-17,29.688413619995117,29.834468841552734,28.033105850219727,28.25705909729004,15.257241249084473,1577061
2009-02-18,28.58812141418457,29.328140258789062,28.276533126831055,29.026290893554688,15.67258071899414,1085950
2009-02-19,29.688413619995117,29.990262985229492,28.763389587402344,28.97760581970215,15.646293640136719,766245
2009-02-20,27.994157791137695,28.704965591430664,27.555988311767578,28.412853240966797,15.34135627746582,982120
2009-02-23,28.72443962097168,28.928918838500977,26.786758422851562,26.98150062561035,14.568504333496094,1341878
2009-02-24,27.994157791137695,29.29892921447754,27.283349990844727,29.14313507080078,15.735668182373047,1193374
2009-02-25,28.889970779418945,29.308666229248047,28.02336883544922,28.033105850219727,15.13631820678711,1527457
2009-02-26,28.72443962097168,28.987342834472656,28.383642196655273,28.714702606201172,15.504339218139648,1434103
2009-02-27,29.113924026489258,29.113924026489258,27.604673385620117,28.06231689453125,15.152091026306152,796644
2009-03-02,27.526777267456055,27.750730514526367,25.89094352722168,26.056474685668945,14.069048881530762,1499625
2009-03-03,26.07594871520996,26.7478084564209,25.384614944458008,25.589094161987305,13.816686630249023,916187
2009-03-04,26.621227264404297,26.777019500732422,25.024343490600586,25.267770767211914,13.6431884765625,1924803
2009-03-05,24.81986427307129,24.81986427307129,22.979551315307617,23.885101318359375,12.896622657775879,1562991
2009-03-06,24.138267517089844,24.586172103881836,22.88218116760254,23.515092849731445,12.696843147277832,1337257
2009-03-09,23.1645565032959,24.118793487548828,22.015579223632812,23.213241577148438,12.533862113952637,1282107
2009-03-10,24.34274673461914,24.771177291870117,23.953262329101562,24.67380714416504,13.32248592376709,1273685
2009-03-11,26.368061065673828,26.368061065673828,25.316455841064453,25.530672073364258,13.785137176513672,1080404
2009-03-12,25.404090881347656,25.491722106933594,24.44011688232422,24.99513053894043,13.49598217010498,1097863
2009-03-13,25.306718826293945,25.316455841064453,24.693281173706055,24.780914306640625,13.380313873291016,749505
2009-03-16,25.073028564453125,25.589094161987305,24.780914306640625,25.09250259399414,13.548551559448242,1066231
2009-03-17,25.52093505859375,25.959104537963867,24.693281173706055,25.871469497680664,13.969154357910156,722392
2009-03-18,25.929893493652344,26.562803268432617,25.219085693359375,26.309640884399414,14.205742835998535,946483
2009-03-19,27.322298049926758,27.44887924194336,26.475170135498047,26.679649353027344,14.405529022216797,1153526
2009-03-20,26.387537002563477,27.16650390625,26.2901668548584,26.416748046875,14.263571739196777,563207
2009-03-23,27.205453872680664,27.896787643432617,26.79649543762207,27.818889617919922,15.020650863647461,1290015
2009-03-24,27.77994155883789,27.97468376159668,27.147029876708984,27.322298049926758,14.752520561218262,1013135
2009-03-25,27.97468376159668,28.412853240966797,27.341772079467773,28.140214920043945,15.194148063659668,1428043
2009-03-26,28.383642196655273,28.519960403442383,27.750730514526367,28.325218200683594,15.29404067993164,1168829
2009-03-27,28.16942596435547,28.16942596435547,27.478092193603516,27.5851993560791,14.894472122192383,582720
2009-03-30,26.786758422851562,27.07887077331543,25.413827896118164,25.871469497680664,13.969154357910156,1202720
2009-03-31,26.572540283203125,26.572540283203125,25.618305206298828,25.861732482910156,13.963894844055176,1118095
2009-04-01,25.881206512451172,27.059396743774414,25.316455841064453,27.020448684692383,14.589539527893066,914954
2009-04-02,27.73125648498535,28.149951934814453,27.517040252685547,27.59493637084961,14.89972972869873,1232914
2009-04-03,27.147029876708984,28.383642196655273,27.137292861938477,28.373905181884766,15.320326805114746,832178
2009-04-06,27.994157791137695,28.227848052978516,27.22492790222168,28.12074089050293,15.183634757995605,662312
2009-04-07,27.108081817626953,27.86757469177246,26.874391555786133,27.293087005615234,14.736745834350586,531678
2009-04-08,26.874391555786133,28.24732208251953,26.874391555786133,28.15968894958496,15.204660415649414,1185672
2009-04-09,29.10418701171875,29.795520782470703,28.734176635742188,29.76630973815918,16.072147369384766,943197
2009-04-13,29.357351303100586,30.642648696899414,29.211294174194336,30.438169479370117,16.434919357299805,959423
2009-04-14,30.457643508911133,31.304771423339844,30.37974739074707,30.84712791442871,16.655731201171875,1341776
2009-04-15,30.593963623046875,31.03213119506836,30.438169479370117,30.886075973510742,16.676761627197266,971953
2009-04-16,31.626094818115234,32.18111038208008,30.925024032592773,32.00584030151367,17.2813720703125,1040967
2009-04-17,32.44401168823242,32.44401168823242,31.02239418029785,31.12950325012207,16.808195114135742,672685
2009-04-20,30.593963623046875,30.593963623046875,29.113924026489258,29.48393440246582,15.919681549072266,1071469
2009-04-21,28.656280517578125,30.08763313293457,28.34469223022461,29.990262985229492,16.19307518005371,775590
2009-04-22,29.834468841552734,30.535539627075195,29.406036376953125,29.415773391723633,15.882871627807617,725884
2009-04-23,29.454721450805664,30.253164291381836,29.182083129882812,29.629989624023438,15.998541831970215,1093550
2009-04-24,29.824731826782227,30.350536346435547,29.776046752929688,29.990262985229492,16.19307518005371,1396309
2009-04-27,29.6689395904541,29.795520782470703,28.96786880493164,29.036027908325195,15.677839279174805,860626
2009-04-28,28.432327270507812,29.06523895263672,28.3349552154541,28.938655853271484,15.625267028808594,788531
2009-04-29,30.42843246459961,30.42843246459961,29.279455184936523,30.03894805908203,16.219364166259766,1391174
2009-04-30,30.42843246459961,31.41187858581543,30.340797424316406,30.681596755981445,16.566356658935547,1252529
2009-05-01,30.42843246459961,30.671859741210938,29.892892837524414,30.077896118164062,16.69498634338379,873463
2009-05-04,31.110029220581055,31.499513626098633,30.243427276611328,31.489776611328125,17.478660583496094,1552310
2009-05-05,30.253164291381836,31.820837020874023,30.253164291381836,30.76923179626465,17.078716278076172,1429173
2009-05-06,31.061344146728516,31.98636817932129,30.93476104736328,31.9182071685791,17.71646499633789,1877664
2009-05-07,32.93086624145508,33.20350646972656,31.888996124267578,32.22979736328125,17.889415740966797,1548716
2009-05-08,32.91139221191406,33.0379753112793,31.947420120239258,32.47322463989258,18.024534225463867,1021557
2009-05-11,31.421615600585938,32.2882194519043,31.158714294433594,32.01557922363281,17.77051544189453,871718
2009-05-12,32.5413818359375,33.028236389160156,31.957157135009766,32.93086624145508,18.278541564941406,1176839
2009-05-13,32.50243377685547,32.882179260253906,31.645570755004883,32.083740234375,17.808340072631836,1268140
2009-05-14,32.31742858886719,33.700096130371094,32.11294937133789,33.534568786621094,18.61363983154297,1531565
2009-05-15,33.700096130371094,34.30379867553711,33.44693374633789,33.93378829956055,18.835229873657227,1521706
2009-05-18,34.09931945800781,34.66407012939453,34.09931945800781,34.54722595214844,19.175722122192383,995266
2009-05-19,34.54722595214844,35.4625129699707,34.51801300048828,35.26776885986328,19.575664520263672,1513798
2009-05-20,35.063289642333984,36.5043830871582,35.063289642333984,35.69620132446289,19.813474655151367,1285804
2009-05-21,35.30672073364258,35.30672073364258,32.65822982788086,33.21324157714844,18.435279846191406,2086453
2009-05-22,34.605648040771484,34.68354415893555,33.39824676513672,34.30379867553711,19.04060173034668,720030
2009-05-26,34.362220764160156,35.09250259399414,33.69036102294922,35.02434158325195,19.440547943115234,958396
2009-05-27,35.111976623535156,35.248294830322266,33.7877311706543,33.924049377441406,18.82982063293457,765731
2009-05-28,35.00486755371094,35.00486755371094,33.98247146606445,34.85881042480469,19.348665237426758,614762
2009-05-29,35.26776885986328,35.81304931640625,34.99513244628906,35.404090881347656,19.65133285522461,1249551
2009-06-01,36.05647659301758,36.56280517578125,35.97857666015625,36.28042984008789,20.137754440307617,1046102
2009-06-02,36.105159759521484,36.397274017333984,35.637779235839844,35.929893493652344,19.943185806274414,765628
2009-06-03,35.355403900146484,35.540409088134766,34.595909118652344,35.10224151611328,19.483787536621094,845016
2009-06-04,35.05355453491211,35.98831558227539,35.05355453491211,35.88120651245117,19.91615867614746,575428
2009-06-05,36.36806106567383,36.80623245239258,35.2872428894043,35.686466217041016,19.808073043823242,577277
2009-06-08,35.99805450439453,35.99805450439453,34.57643508911133,35.248294830322266,19.564851760864258,719413
2009-06-09,35.55014419555664,37.0788688659668,35.540409088134766,36.84518051147461,20.451223373413086,1068080
2009-06-10,37.27361297607422,37.68257141113281,36.854915618896484,37.507301330566406,20.8187313079834,876955
2009-06-11,37.52677536010742,38.081790924072266,37.2541389465332,37.85783767700195,21.0133113861084,608908
2009-06-12,37.84810256958008,37.916259765625,37.26387405395508,37.507301330566406,20.8187313079834,821189
2009-06-15,36.728336334228516,36.728336334228516,35.51119613647461,35.88120651245117,19.91615867614746,984379
2009-06-16,36.426483154296875,36.98149871826172,35.959102630615234,36.02726364135742,19.997230529785156,1030800
2009-06-17,35.38461685180664,35.38461685180664,34.09931945800781,34.430381774902344,19.110870361328125,2085734
2009-06-18,33.748783111572266,35.404090881347656,33.64167404174805,35.27750778198242,19.581071853637695,1073626
2009-06-19,36.01752853393555,36.222007751464844,35.637779235839844,35.715675354003906,19.824275970458984,858983
2009-06-22,35.45277404785156,35.51119613647461,33.96299743652344,33.96299743652344,18.851436614990234,1240205
2009-06-23,33.95326232910156,34.605648040771484,33.64167404174805,34.10905456542969,18.932512283325195,600076
2009-06-24,34.47906494140625,34.98539352416992,33.19376754760742,33.81694412231445,18.770368576049805,954288
2009-06-25,33.64167404174805,34.81012725830078,33.36903762817383,34.77117919921875,19.300033569335938,783293
2009-06-26,34.459590911865234,35.15092468261719,34.177215576171875,34.926971435546875,19.386503219604492,708527
2009-06-29,34.94644546508789,36.02726364135742,34.94644546508789,35.77409744262695,19.85671043395996,709246
2009-06-30,35.540409088134766,35.73514938354492,35.04381561279297,35.23855972290039,19.55945587158203,627600
2009-07-01,35.258033752441406,35.783836364746094,34.85881042480469,34.926971435546875,19.386503219604492,472728
2009-07-02,34.673805236816406,35.52093505859375,34.01168441772461,35.23855972290039,19.55945587158203,692095
2009-07-06,34.68354415893555,35.26776885986328,34.508277893066406,35.26776885986328,19.575664520263672,735024
2009-07-07,35.034080505371094,35.80331039428711,34.459590911865234,34.85881042480469,19.348665237426758,784012
2009-07-08,35.10224151611328,35.365142822265625,33.924049377441406,34.780914306640625,19.305437088012695,785655
2009-07-09,35.082763671875,35.62804412841797,34.99513244628906,35.30672073364258,19.5972843170166,770558
2009-07-10,35.569618225097656,35.5793571472168,33.83641815185547,34.27458572387695,19.02439308166504,2021341
2009-07-13,34.323272705078125,35.676727294921875,33.466407775878906,35.59883117675781,19.759422302246094,2013125
2009-07-14,35.69620132446289,35.80331039428711,34.673805236816406,34.8782844543457,19.359479904174805,1609309
2009-07-15,35.404090881347656,35.61830520629883,34.352481842041016,34.819862365722656,19.327056884765625,2615769
2009-07-16,35.530670166015625,36.3291130065918,34.936710357666016,35.44303894042969,19.67295265197754,1630260
2009-07-17,35.540409088134766,35.832523345947266,35.05355453491211,35.394351959228516,19.645923614501953,628113
2009-07-20,35.063289642333984,35.89094543457031,34.69327926635742,35.26776885986328,19.575664520263672,576147
2009-07-21,35.540409088134766,35.84225845336914,34.790653228759766,35.01460647583008,19.435148239135742,1166569
2009-07-22,34.634857177734375,35.258033752441406,34.459590911865234,34.605648040771484,19.208147048950195,729581
2009-07-23,34.09931945800781,35.540409088134766,34.09931945800781,35.43330001831055,19.667543411254883,1766953
2009-07-24,35.16066360473633,35.530670166015625,34.917236328125,35.491722106933594,19.699974060058594,815027
2009-07-27,35.65725326538086,35.65725326538086,34.819862365722656,35.10224151611328,19.483787536621094,536094
2009-07-28,34.69327926635742,34.83933639526367,34.1285285949707,34.76144027709961,19.294620513916016,527775
2009-07-29,34.61538314819336,34.7127571105957,34.15774154663086,34.469329833984375,19.13248634338379,401454
2009-07-30,34.68354415893555,35.501461029052734,34.68354415893555,35.15092468261719,19.510812759399414,858880
2009-07-31,35.082763671875,35.44303894042969,34.73223114013672,34.84907531738281,19.343263626098633,483512
2009-08-03,35.063289642333984,36.02726364135742,35.063289642333984,35.73514938354492,19.835092544555664,925943
2009-08-04,35.69620132446289,35.88120651245117,35.530670166015625,35.70594024658203,19.818872451782227,446642
2009-08-05,35.76436233520508,35.97857666015625,35.26776885986328,35.404090881347656,19.65133285522461,1132268
2009-08-06,35.70594024658203,35.783836364746094,35.09250259399414,35.180137634277344,19.527027130126953,709760
2009-08-07,35.540409088134766,35.84225845336914,35.082763671875,35.355403900146484,19.624305725097656,627497
2009-08-10,35.4625129699707,35.4625129699707,34.99513244628906,35.04381561279297,19.451358795166016,465539
2009-08-11,34.498538970947266,35.1217155456543,34.10905456542969,34.38169479370117,19.083843231201172,713560
2009-08-12,34.51801300048828,35.540409088134766,34.0798454284668,35.180137634277344,19.527027130126953,1142538
2009-08-13,35.6669921875,35.94936752319336,34.95618438720703,35.569618225097656,19.743209838867188,662723
2009-08-14,35.51119613647461,35.676727294921875,34.70301818847656,35.10224151611328,19.483787536621094,641978
2009-08-17,34.40116882324219,34.40116882324219,33.64167404174805,33.992210388183594,18.867658615112305,619178
2009-08-18,34.66407012939453,34.66407012939453,34.0798454284668,34.56669998168945,19.18653106689453,441405
2009-08-19,34.22590255737305,34.65433120727539,33.7877311706543,34.54722595214844,19.175722122192383,468825
2009-08-20,34.469329833984375,35.073028564453125,34.469329833984375,34.917236328125,19.381099700927734,372801
2009-08-21,35.394351959228516,35.540409088134766,34.95618438720703,35.41382598876953,19.65673828125,440994
2009-08-24,35.73514938354492,35.81304931640625,35.18987274169922,35.5793571472168,19.74861717224121,649475
2009-08-25,35.73514938354492,36.02726364135742,35.063289642333984,35.180137634277344,19.527027130126953,513705
2009-08-26,35.05355453491211,35.52093505859375,34.65433120727539,35.48198699951172,19.694568634033203,573990
2009-08-27,35.44303894042969,35.637779235839844,34.89775848388672,35.22882080078125,19.554046630859375,592271
2009-08-28,35.326194763183594,35.41382598876953,34.70301818847656,34.80038833618164,19.316242218017578,404843
2009-08-31,34.19668960571289,34.25511169433594,33.83641815185547,33.91431427001953,18.824420928955078,996498
2009-09-01,33.739044189453125,34.177215576171875,32.60954284667969,32.60954284667969,18.100196838378906,1866778
2009-09-02,32.414798736572266,33.0866584777832,32.15189743041992,32.72638702392578,18.16505241394043,719311
2009-09-03,33.096397399902344,33.23271560668945,32.638755798339844,32.814022064208984,18.213695526123047,591552
2009-09-04,32.999027252197266,33.43719482421875,32.804283142089844,33.34956359863281,18.510955810546875,381017
2009-09-08,33.69036102294922,34.44011688232422,33.69036102294922,34.352481842041016,19.067628860473633,1260745
2009-09-09,34.177215576171875,34.936710357666016,34.177215576171875,34.56669998168945,19.18653106689453,991260
2009-09-10,34.41090774536133,34.81012725830078,34.138267517089844,34.780914306640625,19.305437088012695,539586
2009-09-11,34.76144027709961,35.530670166015625,34.61538314819336,35.31645584106445,19.60269546508789,1464399
2009-09-14,35.04381561279297,35.60857009887695,34.8296012878418,35.41382598876953,19.65673828125,930257
2009-09-15,35.61830520629883,36.28042984008789,35.41382598876953,36.222007751464844,20.105318069458008,1276766
2009-09-16,36.27069091796875,37.09834671020508,36.27069091796875,36.89386749267578,20.478242874145508,1424962
2009-09-17,37.39045715332031,37.7117805480957,36.971763610839844,37.34177017211914,20.72686004638672,1446427
2009-09-18,37.867576599121094,39.376827239990234,37.35150909423828,39.094451904296875,21.699695587158203,3520556
2009-09-21,38.60759353637695,38.60759353637695,37.760467529296875,38.07205581665039,21.13220977783203,1514311
2009-09-22,38.4615364074707,38.646541595458984,38.27653503417969,38.4128532409668,21.32137680053711,1047129
2009-09-23,38.60759353637695,38.71470260620117,38.14021301269531,38.188899993896484,21.197063446044922,953467
2009-09-24,38.26679611206055,38.364166259765625,36.93281555175781,37.26387405395508,20.68362045288086,900165
2009-09-25,37.010711669921875,37.73125457763672,36.864654541015625,37.60467529296875,20.872785568237305,877058
2009-09-28,37.614410400390625,38.56864547729492,37.614410400390625,38.334957122802734,21.27813148498535,889382
2009-09-29,38.68549346923828,38.68549346923828,37.97468566894531,38.06231689453125,21.126798629760742,850869
2009-09-30,38.35443115234375,38.364166259765625,37.585201263427734,38.10126495361328,21.14841651916504,1105463
2009-10-01,38.013633728027344,38.13047790527344,36.09542465209961,36.222007751464844,20.105318069458008,1661378
2009-10-02,35.73514938354492,36.44595718383789,35.15092468261719,35.98831558227539,19.97561264038086,1370223
2009-10-05,36.31937789916992,36.8743896484375,36.114898681640625,36.728336334228516,20.3863582611084,818519
2009-10-06,37.185977935791016,37.760467529296875,36.94255065917969,37.322296142578125,20.716047286987305,820059
2009-10-07,37.34177017211914,37.74099349975586,36.99123764038086,37.05939483642578,20.57012367248535,773434
2009-10-08,37.507301330566406,37.867576599121094,37.08860778808594,37.08860778808594,20.586336135864258,1340954
2009-10-09,36.81596755981445,37.000972747802734,36.35832595825195,36.757545471191406,20.402584075927734,756694
2009-10-12,37.147029876708984,37.56572341918945,37.000972747802734,37.24440002441406,20.67281150817871,628319
2009-10-13,37.0788688659668,37.3709831237793,36.6699104309082,37.34177017211914,20.72686004638672,633248
2009-10-14,37.96494674682617,37.96494674682617,37.05939483642578,37.147029876708984,20.618762969970703,1453616
2009-10-15,36.99123764038086,37.156768798828125,36.24148178100586,36.31937789916992,20.159374237060547,1437903
2009-10-16,36.465431213378906,37.48782730102539,36.31937789916992,37.28335189819336,20.694433212280273,1306549
2009-10-19,38.10126495361328,38.519962310791016,37.73125457763672,38.403114318847656,21.31596565246582,1112138
2009-10-20,38.57838439941406,38.73417663574219,37.56572341918945,37.945472717285156,21.061952590942383,848815
2009-10-21,37.70204544067383,38.07205581665039,37.52677536010742,37.721519470214844,20.937644958496094,1153629
2009-10-22,37.653358459472656,37.99415969848633,37.21519088745117,37.77020263671875,20.964664459228516,774871
2009-10-23,38.10126495361328,38.19863510131836,37.51704025268555,37.59493637084961,20.86737823486328,1027205
2009-10-26,38.042842864990234,38.39337921142578,37.185977935791016,37.332035064697266,20.721450805664062,843475
2009-10-27,36.864654541015625,36.9620246887207,35.89094543457031,35.90068054199219,19.92697525024414,1579731
2009-10-28,35.90068054199219,36.1246337890625,35.29698181152344,35.404090881347656,19.65133285522461,1526122
2009-10-29,36.24148178100586,36.65043640136719,35.84225845336914,36.251216888427734,20.12154197692871,1178893
2009-10-30,35.9201545715332,36.19279479980469,34.94644546508789,35.783836364746094,19.86210823059082,1474977
2009-11-02,36.03700256347656,36.51411819458008,35.1217155456543,35.540409088134766,19.72699737548828,841524
2009-11-03,35.394351959228516,36.397274017333984,35.063289642333984,36.2122688293457,20.099924087524414,766245
2009-11-04,36.5043830871582,36.757545471191406,36.222007751464844,36.30963897705078,20.153968811035156,652556
2009-11-05,36.49464416503906,36.9620246887207,36.49464416503906,36.903602600097656,20.483654022216797,468004
2009-11-06,36.73807144165039,37.293087005615234,36.63096237182617,37.13729476928711,20.613359451293945,508570
2009-11-09,37.575462341308594,38.14021301269531,37.56572341918945,38.02336883544922,21.105182647705078,644340
2009-11-10,38.07205581665039,38.364166259765625,37.96494674682617,38.15968704223633,21.180850982666016,548521
2009-11-11,38.55891036987305,38.55891036987305,37.64362335205078,37.81888961791992,20.991687774658203,594941
2009-11-12,37.48782730102539,38.0038948059082,37.38072204589844,37.624149322509766,20.883594512939453,549959
2009-11-13,37.97468566894531,38.042842864990234,37.6630973815918,37.84810256958008,21.007896423339844,346510
2009-11-16,38.45180130004883,38.88023376464844,38.16942596435547,38.364166259765625,21.294349670410156,851383
2009-11-17,38.62706756591797,38.695228576660156,37.614410400390625,38.16942596435547,21.186262130737305,1230757
2009-11-18,38.55891036987305,39.250244140625,38.31548309326172,39.123661041259766,21.715904235839844,2183710
2009-11-19,38.77312469482422,38.841285705566406,38.052581787109375,38.325218200683594,21.27272605895996,760288
2009-11-20,37.98442077636719,38.364166259765625,37.73125457763672,38.257057189941406,21.23489761352539,602952
2009-11-23,38.77312469482422,39.17234802246094,38.49074935913086,38.519962310791016,21.38082504272461,756899
2009-11-24,38.11100387573242,38.4615364074707,37.53651428222656,37.81888961791992,20.991687774658203,695484
2009-11-25,37.867576599121094,38.07205581665039,37.49756622314453,37.95520782470703,21.06734848022461,762650
2009-11-27,36.903602600097656,37.56572341918945,36.30963897705078,37.06913375854492,20.575529098510742,352569
2009-11-30,36.99123764038086,37.24440002441406,36.35832595825195,36.78675842285156,20.418790817260742,778774
2009-12-01,37.322296142578125,37.56572341918945,36.854915618896484,37.08860778808594,20.586336135864258,745499
2009-12-02,37.27361297607422,37.60467529296875,37.049659729003906,37.41967010498047,20.77009391784668,1075680
2009-12-03,37.429405212402344,37.80915451049805,36.80623245239258,36.8743896484375,20.46743392944336,837518
2009-12-04,37.63388442993164,37.95520782470703,36.77701950073242,37.10808181762695,20.59714698791504,1271940
2009-12-07,37.507301330566406,37.721519470214844,37.24440002441406,37.4586181640625,20.791715621948242,951618
2009-12-08,36.79649353027344,37.27361297607422,36.79649353027344,37.147029876708984,20.824464797973633,584774
2009-12-09,36.89386749267578,37.293087005615234,36.864654541015625,37.28335189819336,20.90088653564453,494192
2009-12-10,37.439144134521484,37.82862854003906,37.429405212402344,37.69230651855469,21.130146026611328,798390
2009-12-11,38.07205581665039,38.52969741821289,38.03310775756836,38.44206237792969,21.550453186035156,741391
2009-12-14,38.7536506652832,38.82181167602539,38.06231689453125,38.364166259765625,21.50678825378418,658512
2009-12-15,38.27653503417969,38.82181167602539,38.23758316040039,38.471275329589844,21.56682777404785,429902
2009-12-16,38.909446716308594,39.63972854614258,38.59785842895508,38.96786880493164,21.84522247314453,721981
2009-12-17,38.55891036987305,38.55891036987305,37.69230651855469,37.77020263671875,21.17381477355957,671453
2009-12-18,38.06231689453125,38.06231689453125,37.24440002441406,37.38072204589844,20.955467224121094,974109
2009-12-21,37.82862854003906,38.28627014160156,37.293087005615234,37.39045715332031,20.96092987060547,887123
2009-12-22,37.3709831237793,37.40019607543945,37.000972747802734,37.34177017211914,20.933635711669922,601617
2009-12-23,37.26387405395508,37.38072204589844,36.854915618896484,37.03018569946289,20.75896453857422,393238
2009-12-24,36.95228958129883,37.23466491699219,36.8743896484375,36.93281555175781,20.704378128051758,112251
2009-12-28,37.03018569946289,37.27361297607422,36.9620246887207,37.08860778808594,20.791715621948242,290230
2009-12-29,37.09834671020508,37.39045715332031,37.02044677734375,37.0788688659668,20.786256790161133,656253
2009-12-30,37.26387405395508,37.26387405395508,36.80623245239258,36.98149871826172,20.731670379638672,362942
2009-12-31,37.03018569946289,37.185977935791016,36.51411819458008,36.582279205322266,20.50786590576172,342196
2010-01-04,37.06913375854492,37.59493637084961,36.99123764038086,37.59493637084961,21.0755615234375,545234
2010-01-05,37.73125457763672,38.4615364074707,37.48782730102539,38.02336883544922,21.315736770629883,1077015
2010-01-06,38.16942596435547,39.17234802246094,38.14021301269531,38.9581298828125,21.839757919311523,784217
2010-01-07,39.02629089355469,41.60662078857422,38.7536506652832,41.07107925415039,23.024276733398438,1888756
2010-01-08,41.061344146728516,42.11294937133789,40.61343765258789,42.11294937133789,23.608335494995117,2002753
2010-01-11,42.72638702392578,42.77507400512695,42.346641540527344,42.69717788696289,23.93585968017578,1546046
2010-01-12,41.8792610168457,42.14216232299805,41.25608444213867,41.31450653076172,23.16073989868164,1157429
2010-01-13,41.40214157104492,41.55793762207031,40.632911682128906,40.81791687011719,22.88234519958496,1139354
2010-01-14,41.28529739379883,42.04479217529297,41.26582336425781,41.674781799316406,23.362709045410156,1191012
2010-01-15,41.56767272949219,41.674781799316406,40.97370910644531,41.022396087646484,22.996978759765625,534862
2010-01-19,40.915287017822266,41.96689224243164,40.915287017822266,41.86952209472656,23.471879959106445,962607
2010-01-20,41.382667541503906,41.382667541503906,40.05842208862305,40.94449996948242,22.953310012817383,1058426
2010-01-21,40.915287017822266,41.012657165527344,39.53261947631836,39.63972854614258,22.22186279296875,918138
2010-01-22,39.38656234741211,39.698150634765625,38.55891036987305,38.59785842895508,21.637794494628906,964764
2010-01-25,39.14313507080078,39.47419738769531,38.73417663574219,38.82181167602539,21.763336181640625,628216
2010-01-26,38.55891036987305,38.55891036987305,37.54624938964844,37.81888961791992,21.201108932495117,943916
2010-01-27,37.82862854003906,37.935733795166016,36.757545471191406,37.21519088745117,20.8626766204834,730402
2010-01-28,36.59201431274414,36.65043640136719,35.70594024658203,36.33885192871094,20.371402740478516,1345062
2010-01-29,36.7088623046875,36.9620246887207,35.365142822265625,35.42356491088867,19.858299255371094,1233119
2010-02-01,35.60857009887695,36.3291130065918,35.15092468261719,36.3291130065918,20.36594581604004,1022173
2010-02-02,36.81596755981445,36.84518051147461,36.02726364135742,36.679649353027344,20.562456130981445,671145
2010-02-03,36.6212272644043,36.757545471191406,35.822784423828125,36.3291130065918,20.36594581604004,778979
2010-02-04,35.540409088134766,35.861732482910156,34.54722595214844,34.72249221801758,19.46527862548828,1409249
2010-02-05,34.86854934692383,35.02434158325195,33.855892181396484,34.94644546508789,19.590831756591797,1465529
2010-02-08,34.83933639526367,34.936710357666016,33.417720794677734,33.4956169128418,18.77750015258789,2441076
2010-02-09,33.98247146606445,34.85881042480469,33.583251953125,34.605648040771484,19.399776458740234,1592877
2010-02-10,34.819862365722656,35.29698181152344,34.4206428527832,35.00486755371094,19.623579025268555,934981
2010-02-11,35.111976623535156,36.45569610595703,35.082763671875,36.20253372192383,20.29498863220215,933954
2010-02-12,35.93962860107422,36.35832595825195,35.5793571472168,36.24148178100586,20.31682014465332,459069
2010-02-16,36.51411819458008,37.39045715332031,36.426483154296875,37.35150909423828,20.939096450805664,719927
2010-02-17,37.39045715332031,37.59493637084961,36.81596755981445,37.195716857910156,20.851760864257812,537326
2010-02-18,36.533592224121094,37.332035064697266,36.533592224121094,37.28335189819336,20.90088653564453,435653
2010-02-19,36.52385711669922,37.20545196533203,36.52385711669922,37.09834671020508,20.79717254638672,271025
2010-02-22,37.13729476928711,37.322296142578125,36.825706481933594,36.903602600097656,20.688007354736328,524078
2010-02-23,36.6212272644043,37.049659729003906,35.61830520629883,35.637779235839844,19.97838020324707,1040864
2010-02-24,35.55988311767578,35.73514938354492,35.219085693359375,35.365142822265625,19.82554817199707,1001017
2010-02-25,35.02434158325195,35.530670166015625,34.8782844543457,35.51119613647461,19.907426834106445,961477
2010-02-26,35.647518157958984,35.88120651245117,35.365142822265625,35.58909225463867,19.951087951660156,850048
2010-03-01,35.34566879272461,36.01752853393555,35.19961166381836,35.60857009887695,19.962017059326172,714792
2010-03-02,36.1246337890625,36.80623245239258,36.1246337890625,36.59201431274414,20.513330459594727,1000914
2010-03-03,36.47517013549805,36.903602600097656,36.24148178100586,36.36806106567383,20.387784957885742,792125
2010-03-04,36.426483154296875,36.69912338256836,36.18305587768555,36.5043830871582,20.464202880859375,799930
2010-03-05,36.825706481933594,37.000972747802734,36.689388275146484,36.79649353027344,20.627962112426758,1150754
2010-03-08,36.728336334228516,37.08860778808594,36.533592224121094,36.59201431274414,20.513330459594727,486695
2010-03-09,36.66017532348633,36.7088623046875,36.36806106567383,36.533592224121094,20.480573654174805,400838
2010-03-10,36.572540283203125,36.78675842285156,36.31937789916992,36.51411819458008,20.46965789794922,701954
2010-03-11,36.45569610595703,36.543331146240234,36.09542465209961,36.33885192871094,20.371402740478516,635200
2010-03-12,37.293087005615234,37.906524658203125,37.010711669921875,37.010711669921875,20.748044967651367,1847984
2010-03-15,37.000972747802734,37.332035064697266,36.48490524291992,36.854915618896484,20.66071128845215,648140
2010-03-16,37.22492599487305,37.67283248901367,37.000972747802734,37.60467529296875,21.08102035522461,994033
2010-03-17,37.88705062866211,37.88705062866211,37.22492599487305,37.293087005615234,20.906347274780273,393238
2010-03-18,37.51704025268555,37.87731170654297,36.95228958129883,37.039920806884766,20.76441764831543,392725
2010-03-19,36.3291130065918,37.10808181762695,36.06621170043945,36.3291130065918,20.36594581604004,773331
2010-03-22,35.968841552734375,36.49464416503906,35.959102630615234,36.416748046875,20.415075302124023,824476
2010-03-23,36.47517013549805,36.903602600097656,36.36806106567383,36.864654541015625,20.666166305541992,432162
2010-03-24,36.45569610595703,36.95228958129883,36.45569610595703,36.60175323486328,20.518789291381836,430416
2010-03-25,36.76728439331055,37.03018569946289,36.2122688293457,36.299903869628906,20.349571228027344,645675
2010-03-26,36.679649353027344,36.679649353027344,35.73514938354492,35.9201545715332,20.136690139770508,419221
2010-03-29,36.01752853393555,36.2122688293457,35.9201545715332,36.2122688293457,20.300447463989258,435140
2010-03-30,36.426483154296875,36.572540283203125,36.299903869628906,36.426483154296875,20.420534133911133,380093
2010-03-31,36.30963897705078,36.63096237182617,36.299903869628906,36.40700912475586,20.409618377685547,380812
2010-04-01,36.83544158935547,37.156768798828125,36.66017532348633,36.95228958129883,20.715288162231445,416962
2010-04-05,37.10808181762695,37.28335189819336,37.03018569946289,37.2541389465332,20.88451385498047,353801
2010-04-06,37.010711669921875,37.35150909423828,36.854915618896484,36.88412857055664,20.67708396911621,535991
2010-04-07,37.049659729003906,37.4586181640625,36.74781036376953,37.23466491699219,20.873594284057617,533218
2010-04-08,37.010711669921875,37.0788688659668,36.73807144165039,37.03018569946289,20.75896453857422,547494
2010-04-09,37.26387405395508,37.26387405395508,36.903602600097656,37.10808181762695,20.802631378173828,1589591
2010-04-12,36.99123764038086,37.24440002441406,36.92307662963867,37.185977935791016,20.846302032470703,311900
2010-04-13,37.049659729003906,37.17624282836914,36.52385711669922,36.582279205322266,20.50786590576172,513808
2010-04-14,36.89386749267578,36.89386749267578,35.832523345947266,35.99805450439453,20.180355072021484,1346192
2010-04-15,35.89094543457031,36.260955810546875,35.84225845336914,35.93962860107422,20.147605895996094,663339
2010-04-16,35.89094543457031,35.91041946411133,35.29698181152344,35.3748779296875,19.831003189086914,739851
2010-04-19,35.1703987121582,35.1703987121582,34.56669998168945,34.888023376464844,19.558082580566406,814308
2010-04-20,35.01460647583008,35.394351959228516,35.01460647583008,35.3748779296875,19.831003189086914,544413
2010-04-21,35.58909225463867,35.58909225463867,35.19961166381836,35.41382598876953,19.85283851623535,780931
2010-04-22,35.26776885986328,35.793575286865234,34.95618438720703,35.793575286865234,20.065731048583984,508262
2010-04-23,35.8714714050293,36.01752853393555,35.62804412841797,35.968841552734375,20.163978576660156,406076
2010-04-26,36.105159759521484,36.105159759521484,35.647518157958984,35.686466217041016,20.00568199157715,311181
2010-04-27,35.75462341308594,35.793575286865234,34.8296012878418,34.8296012878418,19.525325775146484,450853
2010-04-28,35.180137634277344,35.394351959228516,34.76144027709961,35.14118957519531,19.699996948242188,603979
2010-04-29,35.063289642333984,35.60857009887695,35.05355453491211,35.30672073364258,19.792797088623047,654815
2010-04-30,35.365142822265625,35.76436233520508,34.965919494628906,35.05355453491211,19.650869369506836,756385
2010-05-03,35.2872428894043,35.715675354003906,35.082763671875,35.365142822265625,19.82554817199707,431340
2010-05-04,34.73223114013672,35.01460647583008,34.06037139892578,34.25511169433594,19.331544876098633,747451
2010-05-05,33.98247146606445,34.0798454284668,32.950340270996094,33.700096130371094,19.01833152770996,1026486
2010-05-06,33.05744934082031,34.1285285949707,31.402141571044922,32.79454803466797,18.507291793823242,1067464
2010-05-07,32.638755798339844,33.417720794677734,32.04479217529297,32.77507400512695,18.49629783630371,1521911
2010-05-10,34.3330078125,34.469329833984375,33.894840240478516,34.469329833984375,19.452434539794922,888458
2010-05-11,33.80720520019531,34.352481842041016,33.748783111572266,33.83641815185547,19.095258712768555,627394
2010-05-12,34.4206428527832,34.7127571105957,34.167476654052734,34.61538314819336,19.53485870361328,661080
2010-05-13,34.47906494140625,35.13145065307617,34.40116882324219,34.51801300048828,19.479909896850586,451880
2010-05-14,34.18695068359375,34.284324645996094,33.47614288330078,33.700096130371094,19.01833152770996,588266
2010-05-17,33.80720520019531,34.05063247680664,32.950340270996094,33.388511657714844,18.842483520507812,623492
2010-05-18,33.54430389404297,34.18695068359375,32.79454803466797,32.89191818237305,18.562232971191406,537018
2010-05-19,32.706912994384766,32.882179260253906,32.054527282714844,32.55112075805664,18.36990737915039,898111
2010-05-20,31.762414932250977,31.947420120239258,31.256086349487305,31.3729305267334,17.70500373840332,1627076
2010-05-21,30.66212272644043,32.04479217529297,30.165531158447266,31.97663116455078,18.045703887939453,832178
2010-05-24,32.46348571777344,32.46348571777344,31.74294090270996,31.947420120239258,18.029216766357422,615789
2010-05-25,30.75949478149414,31.869522094726562,30.37974739074707,31.762414932250977,17.92481231689453,834951
2010-05-26,32.30769348144531,33.07692337036133,31.6650447845459,31.713729858398438,17.897340774536133,762137
2010-05-27,32.667964935302734,33.456668853759766,32.36611557006836,33.44693374633789,18.87545394897461,720851
2010-05-28,33.36903762817383,33.563777923583984,32.59980392456055,32.667964935302734,18.43584632873535,766964
2010-06-01,32.61927795410156,32.96981430053711,31.850048065185547,31.898733139038086,18.001745223999023,738721
2010-06-02,32.07400131225586,33.07692337036133,32.07400131225586,33.07692337036133,18.666641235351562,538045
2010-06-03,32.93086624145508,33.18403244018555,32.132423400878906,32.45375061035156,18.314964294433594,619384
2010-06-04,31.9182071685791,32.17137145996094,31.538461685180664,31.674781799316406,17.875362396240234,581898
2010-06-07,31.645570755004883,31.733203887939453,31.051607131958008,31.071081161499023,17.5346736907959,399503
2010-06-08,31.148977279663086,31.6650447845459,30.740018844604492,31.626094818115234,17.84788703918457,631913
2010-06-09,31.996105194091797,32.22979736328125,31.51898765563965,31.645570755004883,17.858871459960938,780520
2010-06-10,32.21031951904297,32.77507400512695,32.19084548950195,32.76533508300781,18.490800857543945,550575
2010-06-11,32.32716751098633,33.00876235961914,32.32716751098633,33.00876235961914,18.6281795501709,274825
2010-06-14,33.01850128173828,33.466407775878906,32.73612594604492,32.87244415283203,18.551250457763672,469955
2010-06-15,33.135345458984375,34.26485061645508,33.07692337036133,34.177215576171875,19.28758430480957,600692
2010-06-16,33.8753662109375,34.57643508911133,33.71957015991211,34.508277893066406,19.474411010742188,485771
2010-06-17,34.634857177734375,34.634857177734375,33.80720520019531,34.031158447265625,19.205158233642578,376909
2010-06-18,33.894840240478516,34.4206428527832,33.83641815185547,34.05063247680664,19.21614646911621,673712
2010-06-21,34.508277893066406,34.80038833618164,32.71664810180664,33.30087661743164,18.793031692504883,3281162
2010-06-22,33.34956359863281,33.86562728881836,32.91139221191406,33.39824676513672,18.847980499267578,525311
2010-06-23,34.24537658691406,34.24537658691406,32.999027252197266,33.3787727355957,18.836986541748047,396935
2010-06-24,33.145084381103516,33.63193893432617,32.93086624145508,33.271663665771484,18.776548385620117,519765
2010-06-25,33.310611724853516,33.86562728881836,33.15481948852539,33.63193893432617,18.979860305786133,432880
2010-06-28,33.04771041870117,33.52482986450195,32.677703857421875,33.00876235961914,18.6281795501709,839367
2010-06-29,32.50243377685547,32.6290168762207,31.898733139038086,32.01557922363281,18.067686080932617,701749
2010-06-30,32.14216232299805,32.55112075805664,31.674781799316406,31.75267791748047,17.91931915283203,528186
2010-07-01,32.064266204833984,32.30769348144531,31.246349334716797,32.16163635253906,18.15011215209961,742521
2010-07-02,32.278480529785156,32.6290168762207,32.064266204833984,32.2882194519043,18.221546173095703,183936
2010-07-06,32.677703857421875,33.028236389160156,32.064266204833984,32.239532470703125,18.19407081604004,355034
2010-07-07,32.103214263916016,33.07692337036133,32.103214263916016,33.07692337036133,18.666641235351562,326791
2010-07-08,33.34956359863281,33.563777923583984,33.07692337036133,33.3787727355957,18.836986541748047,479404
2010-07-09,33.36903762817383,34.1285285949707,33.34956359863281,34.040897369384766,19.210660934448242,583336
2010-07-12,34.00194549560547,34.02142333984375,33.563777923583984,33.68062210083008,19.00733757019043,207557
2010-07-13,34.11879348754883,34.30379867553711,33.700096130371094,33.709835052490234,19.02382469177246,275441
2010-07-14,33.709835052490234,34.02142333984375,33.35929870605469,33.82667922973633,19.089765548706055,299884
2010-07-15,33.62220001220703,34.23563766479492,33.26192855834961,34.206424713134766,19.3040714263916,314057
2010-07-16,34.02142333984375,34.15774154663086,33.44693374633789,33.71957015991211,19.029314041137695,426821
2010-07-19,33.71957015991211,34.1285285949707,33.39824676513672,33.7877311706543,19.06778335571289,409876
2010-07-20,33.59299087524414,34.56669998168945,33.59299087524414,34.5374870300293,19.49089813232422,340348
2010-07-21,34.55696105957031,34.90749740600586,34.40116882324219,34.57643508911133,19.512880325317383,423946
2010-07-22,35.04381561279297,35.715675354003906,34.819862365722656,35.22882080078125,19.881046295166016,468517
2010-07-23,35.394351959228516,36.153846740722656,35.05355453491211,36.1246337890625,20.38658905029297,630578
2010-07-26,35.861732482910156,36.416748046875,35.26776885986328,36.33885192871094,20.507476806640625,668166
2010-07-27,36.5043830871582,36.689388275146484,35.90068054199219,35.959102630615234,20.293182373046875,546878
2010-07-28,35.9201545715332,36.007789611816406,35.58909225463867,35.861732482910156,20.238222122192383,330694
2010-07-29,36.06621170043945,37.0788688659668,35.88120651245117,36.8743896484375,20.809707641601562,580050
2010-07-30,36.465431213378906,37.12755584716797,36.09542465209961,36.99123764038086,20.875648498535156,642902
2010-08-02,37.2541389465332,37.867576599121094,37.195716857910156,37.68257141113281,21.265798568725586,397757
2010-08-03,37.575462341308594,38.14021301269531,37.293087005615234,37.96494674682617,21.42514991760254,434113
2010-08-04,38.14021301269531,38.39337921142578,37.84810256958008,38.334957122802734,21.633962631225586,684187
2010-08-05,38.62706756591797,39.33787536621094,38.49074935913086,39.250244140625,22.150503158569336,1183515
2010-08-06,39.19182205200195,39.71762466430664,39.13339614868164,39.552093505859375,22.32084083557129,559304
2010-08-09,39.76631164550781,39.9123649597168,39.27945327758789,39.4547233581543,22.265886306762695,336240
2010-08-10,39.13339614868164,39.32814025878906,38.42258834838867,39.05550003051758,22.040599822998047,402789
2010-08-11,38.27653503417969,38.28627014160156,37.73125457763672,38.0038948059082,21.4471378326416,446848
2010-08-12,37.60467529296875,38.909446716308594,37.34177017211914,38.617332458496094,21.793315887451172,291565
2010-08-13,38.34469223022461,38.85102081298828,38.24732208251953,38.39337921142578,21.666933059692383,163909
2010-08-16,38.39337921142578,38.81207275390625,38.325218200683594,38.646541595458984,21.809803009033203,228302
2010-08-17,40.778968811035156,41.69425582885742,40.52580261230469,41.450828552246094,23.392375946044922,2192748
2010-08-18,41.626094818115234,42.40506362915039,41.626094818115234,42.064266204833984,23.738561630249023,954083
2010-08-19,41.8792610168457,42.30769348144531,41.304771423339844,41.83057403564453,23.6066837310791,467696
2010-08-20,41.27555847167969,41.986366271972656,41.11002731323242,41.986366271972656,23.69460105895996,415935
2010-08-23,42.385589599609375,42.71664810180664,42.04479217529297,42.26874542236328,23.853958129882812,553142
2010-08-24,41.207401275634766,42.14216232299805,40.9542350769043,41.80136489868164,23.59019660949707,634481
2010-08-25,41.39240646362305,41.57741165161133,40.71080780029297,41.47030258178711,23.403362274169922,529829
2010-08-26,41.489776611328125,42.04479217529297,40.749755859375,41.353458404541016,23.33742904663086,363147
2010-08-27,41.674781799316406,42.03505325317383,41.12950134277344,41.918209075927734,23.656145095825195,416551
2010-08-30,42.15189743041992,42.239532470703125,41.528724670410156,41.596885681152344,23.47480010986328,301425
2010-08-31,41.21713638305664,41.75267791748047,40.701072692871094,41.528724670410156,23.436342239379883,489879
2010-09-01,42.16163635253906,42.75559997558594,42.04479217529297,42.71664810180664,24.106731414794922,694457
2010-09-02,43.69036102294922,44.040897369384766,43.01850128173828,43.95326232910156,24.804603576660156,996087
2010-09-03,44.40116882324219,44.780914306640625,44.138267517089844,44.39142990112305,25.051870346069336,667653
2010-09-07,44.54722595214844,44.54722595214844,43.83641815185547,44.27458572387695,24.985933303833008,484128
2010-09-08,44.15774154663086,45.248294830322266,44.15774154663086,45.1217155456543,25.46401023864746,383276
2010-09-09,45.26776885986328,45.70594024658203,45.26776885986328,45.33592987060547,25.584896087646484,338499
2010-09-10,45.41382598876953,45.55988311767578,44.95618438720703,45.14118957519531,25.47500228881836,606238
2010-09-13,45.42356491088867,46.08568572998047,45.34566879272461,46.075950622558594,26.002521514892578,489263
2010-09-14,46.007789611816406,47.0788688659668,45.861732482910156,46.95228958129883,26.497068405151367,655842
2010-09-15,46.73807144165039,47.05939483642578,46.48490524291992,47.010711669921875,26.530046463012695,557764
2010-09-16,47.010711669921875,47.74099349975586,46.89386749267578,47.48782730102539,26.799301147460938,690452
2010-09-17,47.69230651855469,47.799415588378906,46.825706481933594,46.864654541015625,26.447620391845703,396730
2010-09-20,46.99123764038086,47.70204544067383,46.80623245239258,47.507301330566406,26.810287475585938,414805
2010-09-21,47.53651428222656,47.63388442993164,46.79649353027344,46.95228958129883,26.497068405151367,569985
2010-09-22,46.64070129394531,47.293087005615234,46.64070129394531,47.039920806884766,26.546531677246094,528905
2010-09-23,46.51411819458008,47.20545196533203,46.51411819458008,46.76728439331055,26.39267349243164,464615
2010-09-24,47.195716857910156,47.478092193603516,46.94255065917969,47.08860778808594,26.574010848999023,419427
2010-09-27,47.13729476928711,48.14995193481445,47.10808181762695,47.92599868774414,27.04657745361328,589703
2010-09-28,48.0038948059082,48.646541595458984,47.77020263671875,48.63680648803711,27.447711944580078,746834
2010-09-29,47.896785736083984,48.19863510131836,46.728336334228516,46.93281555175781,26.486083984375,1523760
2010-09-30,46.95228958129883,47.60467529296875,46.426483154296875,46.971763610839844,26.50806427001953,1199741
2010-10-01,47.20545196533203,47.40993118286133,46.6699104309082,46.81596755981445,26.42013931274414,678847
2010-10-04,46.611488342285156,47.30282211303711,45.569618225097656,45.65725326538086,25.7662296295166,897495
2010-10-05,46.299903869628906,46.99123764038086,45.74488830566406,46.77701950073242,26.398162841796875,572861
2010-10-06,46.73807144165039,47.34177017211914,46.63096237182617,46.77701950073242,26.398162841796875,428772
2010-10-07,46.78675842285156,47.16650390625,46.30963897705078,46.40700912475586,26.189350128173828,379990
2010-10-08,46.49464416503906,47.98442077636719,46.49464416503906,47.760467529296875,26.953161239624023,925122
2010-10-11,48.02336883544922,49.152870178222656,48.013633728027344,48.24732208251953,27.227914810180664,907765
2010-10-12,48.28627014160156,48.43232727050781,47.80915451049805,48.19863510131836,27.200439453125,606752
2010-10-13,48.85102081298828,49.42551040649414,48.78286361694336,49.376827239990234,27.865341186523438,523975
2010-10-14,49.24050521850586,49.659202575683594,49.01655197143555,49.542354583740234,27.95875358581543,599665
2010-10-15,50.22395324707031,50.262901306152344,49.17234802246094,49.659202575683594,28.02469253540039,448902
2010-10-18,49.47419738769531,49.71762466430664,48.987342834472656,49.444984436035156,27.903797149658203,326073
2010-10-19,48.55891036987305,48.92892074584961,48.15968704223633,48.792598724365234,27.53563117980957,396833
2010-10-20,48.257057189941406,49.89289093017578,48.23758316040039,49.77604675292969,28.090633392333984,446231
2010-10-21,50.048683166503906,50.2044792175293,49.27945327758789,49.698150634765625,28.046682357788086,423740
2010-10-22,48.81207275390625,49.9123649597168,48.81207275390625,48.99707794189453,27.651033401489258,192665
2010-10-25,49.513145446777344,50.03894805908203,49.513145446777344,49.688411712646484,28.04117774963379,333056
2010-10-26,49.269718170166016,50.623172760009766,49.00681686401367,50.51606750488281,28.508255004882812,307278
2010-10-27,50.37974548339844,50.438167572021484,48.92892074584961,50.10710906982422,28.277463912963867,343737
2010-10-28,50.18500518798828,50.447906494140625,49.659202575683594,50.09737014770508,28.271974563598633,261680
2010-10-29,50.32132339477539,50.593963623046875,50.02920913696289,50.438167572021484,28.46429443359375,225221
2010-11-01,50.64264678955078,50.79844284057617,50.35053634643555,50.65238571166992,28.585186004638672,288176
2010-11-02,50.915287017822266,51.32424545288086,50.438167572021484,50.47711944580078,28.486276626586914,303479
2010-11-03,50.75949478149414,50.79844284057617,49.513145446777344,50.10710906982422,28.277463912963867,442637
2010-11-04,50.64264678955078,51.168453216552734,50.10710906982422,51.168453216552734,28.876420974731445,565980
2010-11-05,51.236610412597656,51.55793762207031,51.08081817626953,51.32424545288086,28.964345932006836,301322
2010-11-08,51.36319351196289,51.36319351196289,50.67185974121094,51.051605224609375,28.810487747192383,249253
2010-11-09,51.46056365966797,51.772151947021484,49.873416900634766,50.155792236328125,28.304941177368164,528597
2010-11-10,50.2044792175293,50.4965934753418,49.64946365356445,50.486854553222656,28.491764068603516,298241
2010-11-11,50.116844177246094,50.50632858276367,50.048683166503906,50.408958435058594,28.447811126708984,303992
2010-11-12,49.659202575683594,50.262901306152344,49.03602600097656,49.33787536621094,27.843351364135742,382352
2010-11-15,49.298927307128906,49.406036376953125,48.4615364074707,48.52969741821289,27.38726234436035,549753
2010-11-16,48.2083740234375,48.334957122802734,47.429405212402344,48.0038948059082,27.09054946899414,504462
2010-11-17,48.88997268676758,48.88997268676758,48.052581787109375,48.42258834838867,27.32682991027832,796028
2010-11-18,49.21129608154297,49.60078048706055,49.094451904296875,49.38656234741211,27.87082862854004,665599
2010-11-19,49.415775299072266,49.43524932861328,48.99707794189453,49.43524932861328,27.898305892944336,328537
2010-11-22,49.298927307128906,49.76631164550781,49.13339614868164,49.47419738769531,27.9202938079834,448594
2010-11-23,48.938655853271484,49.415775299072266,48.68549346923828,49.10418701171875,27.71147346496582,347434
2010-11-24,49.27945327758789,49.71762466430664,48.977603912353516,49.71762466430664,28.05767250061035,388822
2010-11-26,49.737098693847656,50.4965934753418,49.57156753540039,50.048683166503906,28.244495391845703,242372
2010-11-29,50.46738052368164,50.68159866333008,49.85394287109375,50.5452766418457,28.52473258972168,414908
2010-11-30,50.009735107421875,50.22395324707031,49.17234802246094,49.38656234741211,27.87082862854004,1004919
2010-12-01,50.155792236328125,50.4965934753418,49.85394287109375,50.10710906982422,28.277463912963867,547699
2010-12-02,50.37974548339844,51.382667541503906,50.37974548339844,51.158714294433594,28.870929718017578,409054
2010-12-03,51.10029220581055,52.521907806396484,50.85686492919922,52.50243377685547,29.629241943359375,444794
2010-12-06,52.48295974731445,52.882179260253906,52.35637664794922,52.677703857421875,29.728160858154297,329564
2010-12-07,53.30087661743164,53.72930908203125,52.843231201171875,52.9211311340332,30.098087310791016,635713
2010-12-08,53.30087661743164,53.320350646972656,52.25900650024414,52.50243377685547,29.859954833984375,600590
2010-12-09,53.00876235961914,53.00876235961914,51.96689224243164,52.39532470703125,29.799039840698242,316727
2010-12-10,52.570594787597656,53.0379753112793,52.39532470703125,52.531646728515625,29.876571655273438,351542
2010-12-13,52.87244415283203,53.04771041870117,51.36319351196289,51.46056365966797,29.267414093017578,423740
2010-12-14,51.781890869140625,51.83057403564453,50.905548095703125,51.13924026489258,29.084667205810547,497273
2010-12-15,51.61635971069336,52.570594787597656,51.61635971069336,52.132423400878906,29.6495304107666,576044
2010-12-16,52.39532470703125,52.50243377685547,51.56767272949219,51.781890869140625,29.45015525817871,586006
2010-12-17,51.82083511352539,51.9961051940918,51.25608444213867,51.9961051940918,29.571996688842773,996601
2010-12-20,52.083740234375,52.31742858886719,51.61635971069336,51.947418212890625,29.54429817199707,451572
2010-12-21,52.804283142089844,53.16455841064453,52.30769348144531,52.96981430053711,30.125776290893555,724857
2010-12-22,52.82375717163086,52.82375717163086,52.26874542236328,52.638755798339844,29.937484741210938,450853
2010-12-23,52.01557922363281,53.36903762817383,51.665042877197266,53.36903762817383,30.352828979492188,322478
2010-12-27,52.882179260253906,53.26192855834961,52.59006881713867,53.23271560668945,30.275299072265625,289819
2010-12-28,53.16455841064453,53.54430389404297,52.87244415283203,53.028236389160156,30.159006118774414,241858
2010-12-29,53.33982467651367,55.063289642333984,53.19376754760742,54.7127571105957,31.11705207824707,465950
2010-12-30,55.01460647583008,55.394351959228516,54.44985580444336,54.84907531738281,31.1945743560791,362017
2010-12-31,55.30672073364258,58.19863510131836,55.258033752441406,56.88412857055664,32.351993560791016,1166877
2011-01-03,57.49756622314453,58.74391555786133,57.429405212402344,57.59493637084961,32.7562370300293,825297
2011-01-04,56.13437271118164,56.44595718383789,55.27750778198242,56.06621170043945,31.886796951293945,973082
2011-01-05,55.98831558227539,56.222007751464844,55.52093505859375,56.13437271118164,31.925561904907227,558175
2011-01-06,55.9201545715332,56.23174285888672,55.355403900146484,55.88120651245117,31.78157615661621,623081
2011-01-07,55.69620132446289,55.84225845336914,54.44985580444336,54.86854934692383,31.205644607543945,650913
2011-01-10,54.55696105957031,54.66407012939453,53.846153259277344,54.508277893066406,31.000743865966797,819649
2011-01-11,54.72249221801758,55.530670166015625,54.5374870300293,54.65433120727539,31.083812713623047,668988
2011-01-12,55.209346771240234,56.09542465209961,54.819862365722656,55.85199737548828,31.764972686767578,615276
2011-01-13,56.09542465209961,56.251216888427734,55.55988311767578,55.822784423828125,31.748361587524414,525002
2011-01-14,56.09542465209961,56.09542465209961,55.41382598876953,55.686466217041016,31.670825958251953,452085
2011-01-18,55.48198699951172,55.59883117675781,55.01460647583008,55.326194763183594,31.465919494628906,651529
2011-01-19,55.62804412841797,55.62804412841797,53.39824676513672,53.62220001220703,30.496803283691406,777542
2011-01-20,53.34956359863281,53.34956359863281,50.769229888916016,51.85978698730469,29.494455337524414,1840487
2011-01-21,52.59006881713867,52.59006881713867,51.908470153808594,52.03505325317383,29.59414291381836,841524
2011-01-24,52.22005844116211,52.58032989501953,51.947418212890625,52.278480529785156,29.732582092285156,703187
2011-01-25,52.58032989501953,52.60954284667969,51.674781799316406,51.89873504638672,29.51661491394043,625957
2011-01-26,52.01557922363281,52.86270523071289,52.01557922363281,52.6290168762207,29.931949615478516,706371
2011-01-27,53.427459716796875,53.76825714111328,52.39532470703125,52.48295974731445,29.848876953125,968256
2011-01-28,52.50243377685547,52.72638702392578,50.92502212524414,51.333980560302734,29.195417404174805,1254070
2011-01-31,51.85004806518555,52.22005844116211,51.528724670410156,52.07400131225586,29.61628532409668,649475
2011-02-01,52.7458610534668,53.20350646972656,52.7458610534668,52.96981430053711,30.125776290893555,943402
2011-02-02,52.706912994384766,53.0379753112793,52.58032989501953,52.79454803466797,30.026084899902344,721365
2011-02-03,52.22005844116211,52.76533508300781,51.5871467590332,52.638755798339844,29.937484741210938,520689
2011-02-04,53.20350646972656,53.20350646972656,52.093475341796875,52.61927795410156,29.926406860351562,534554
2011-02-07,52.677703857421875,53.51509475708008,52.677703857421875,52.86270523071289,30.064851760864258,440275
2011-02-08,53.55404281616211,53.7877311706543,52.950340270996094,53.612464904785156,30.49126625061035,576352
2011-02-09,53.75851821899414,54.23563766479492,52.96981430053711,53.1256103515625,30.214372634887695,716435
2011-02-10,52.96981430053711,53.95326232910156,52.5413818359375,53.924049377441406,30.668474197387695,580255
2011-02-11,53.924049377441406,55.30672073364258,52.69717788696289,55.16066360473633,31.371789932250977,468517
2011-02-14,55.70594024658203,56.387535095214844,55.13145065307617,55.326194763183594,31.465919494628906,572655
2011-02-15,55.569618225097656,55.569618225097656,53.59299087524414,53.75851821899414,30.574331283569336,377217
2011-02-16,54.1285285949707,55.05355453491211,53.885101318359375,54.84907531738281,31.1945743560791,433497
2011-02-17,55.26776885986328,55.26776885986328,54.4206428527832,54.73223114013672,31.128114700317383,380606
2011-02-18,54.4206428527832,54.65433120727539,52.83349609375,53.21324157714844,30.264225006103516,492755
2011-02-22,51.480037689208984,52.45375061035156,50.28237533569336,50.301849365234375,28.608407974243164,832281
2011-02-23,50.8373908996582,51.168453216552734,49.43524932861328,50.33106231689453,28.625028610229492,920500
2011-02-24,49.873416900634766,51.022396087646484,49.49367141723633,50.194740295410156,28.54749298095703,458555
2011-02-25,50.78870391845703,51.54819869995117,50.66212463378906,51.46056365966797,29.267414093017578,385536
2011-02-28,51.908470153808594,52.15189743041992,51.12950134277344,51.596885681152344,29.344945907592773,342299
2011-03-01,50.584224700927734,51.5871467590332,50.50632858276367,51.061344146728516,29.040346145629883,454242
2011-03-02,51.090553283691406,51.742942810058594,51.03213119506836,51.26582336425781,29.156654357910156,363969
2011-03-03,52.71664810180664,54.95618438720703,52.71664810180664,54.81012725830078,31.17242431640625,860934
2011-03-04,55.38461685180664,55.832523345947266,54.29405975341797,54.66407012939453,31.089359283447266,583952
2011-03-07,54.6251220703125,54.790653228759766,52.59006881713867,52.9211311340332,30.098087310791016,343326
2011-03-08,53.456668853759766,53.68062210083008,52.59006881713867,53.33982467651367,30.336210250854492,438940
2011-03-09,53.48588180541992,53.48588180541992,52.58032989501953,52.989288330078125,30.1368465423584,348050
2011-03-10,51.908470153808594,51.957157135009766,50.65238571166992,50.75949478149414,28.868690490722656,648653
2011-03-11,50.57448959350586,51.28529739379883,49.7078857421875,51.207401275634766,29.12342071533203,513192
2011-03-14,49.269718170166016,51.207401275634766,49.24050521850586,50.51606750488281,28.73023796081543,498198
2011-03-15,48.23758316040039,50.623172760009766,47.87731170654297,50.36027145385742,28.641633987426758,909922
2011-03-16,50.555015563964844,50.85686492919922,48.7049674987793,49.1626091003418,27.96047592163086,890409
2011-03-17,50.272640228271484,51.2950325012207,49.86368179321289,50.33106231689453,28.625028610229492,777850
2011-03-18,51.39240646362305,51.665042877197266,50.25316619873047,50.4965934753418,28.71916961669922,680696
2011-03-21,51.40214157104492,52.521907806396484,51.37293243408203,52.51217269897461,29.865493774414062,474269
2011-03-22,52.60954284667969,52.60954284667969,51.40214157104492,51.85004806518555,29.488910675048828,363044
2011-03-23,51.85004806518555,52.424537658691406,51.50925064086914,52.239532470703125,29.710439682006836,250999
2011-03-24,52.882179260253906,52.93086624145508,52.32716751098633,52.65822982788086,29.948558807373047,262090
2011-03-25,53.281402587890625,53.4956169128418,52.94060516357422,53.281402587890625,30.302978515625,434626
2011-03-28,53.19376754760742,53.43719482421875,52.16163635253906,52.46348571777344,29.837810516357422,304300
2011-03-29,52.50243377685547,52.667964935302734,51.8792610168457,52.200584411621094,29.68828582763672,356061
2011-03-30,52.72638702392578,53.145084381103516,52.2882194519043,53.0379753112793,30.164541244506836,457323
2011-03-31,53.40798568725586,54.070106506347656,53.26192855834961,53.80720520019531,30.602025985717773,549856
2011-04-01,54.57643508911133,55.84225845336914,54.57643508911133,55.647518157958984,31.6486759185791,647215
2011-04-04,55.832523345947266,56.416748046875,55.74488830566406,56.19279479980469,31.958791732788086,400941
2011-04-05,56.387535095214844,57.54624938964844,56.24148178100586,57.52677536010742,32.71746826171875,748991
2011-04-06,58.58811950683594,58.58811950683594,56.94255065917969,57.361244201660156,32.62332534790039,781547
2011-04-07,57.156768798828125,57.52677536010742,56.69912338256836,57.17624282836914,32.51810836791992,299165
2011-04-08,57.73125457763672,57.896785736083984,57.27361297607422,57.750728607177734,32.84484100341797,386871
2011-04-11,57.80915451049805,58.07205581665039,56.24148178100586,56.64070129394531,32.21352767944336,415216
2011-04-12,55.929893493652344,55.97857666015625,54.819862365722656,55.00486755371094,31.283174514770508,476939
2011-04-13,55.530670166015625,56.06621170043945,55.365142822265625,55.90068054199219,31.792659759521484,321759
2011-04-14,55.26776885986328,56.24148178100586,55.26776885986328,56.2122688293457,31.96987533569336,286430
2011-04-15,56.31937789916992,56.31937789916992,55.569618225097656,55.69620132446289,31.676366806030273,334083
2011-04-18,55.45277404785156,55.45277404785156,54.25511169433594,54.780914306640625,31.15580940246582,406897
2011-04-19,55.19961166381836,55.77409744262695,55.18987274169922,55.569618225097656,31.6043701171875,312824
2011-04-20,56.56280517578125,56.854915618896484,56.36806106567383,56.73807144165039,32.26891326904297,396011
2011-04-21,57.17624282836914,57.44887924194336,56.903602600097656,57.38072204589844,32.63440704345703,178184
2011-04-25,57.468353271484375,57.59493637084961,56.37779998779297,56.99123764038086,32.41289520263672,146758
2011-04-26,57.195716857910156,57.478092193603516,56.77701950073242,57.35150909423828,32.617794036865234,229945
2011-04-27,57.73125457763672,57.935733795166016,56.03700256347656,56.533592224121094,32.152610778808594,504154
2011-04-28,56.47517013549805,57.26387405395508,56.114898681640625,56.35832595825195,32.05292892456055,318575
2011-04-29,56.679649353027344,59.444984436035156,56.679649353027344,59.42551040649414,33.79734420776367,612092
2011-05-02,59.659202575683594,59.92210388183594,58.52969741821289,58.67575454711914,33.37093734741211,669707
2011-05-03,58.28627014160156,58.30574417114258,56.757545471191406,57.322296142578125,32.76866149902344,417784
2011-05-04,56.98149871826172,57.06913375854492,55.01460647583008,55.3748779296875,31.65542221069336,546159
2011-05-05,54.52775192260742,55.93962860107422,54.41090774536133,55.111976623535156,31.505115509033203,364174
2011-05-06,55.929893493652344,57.06913375854492,55.88120651245117,56.66017532348633,32.39016342163086,486387
2011-05-09,57.13729476928711,57.63388442993164,56.8743896484375,57.439144134521484,32.8354606628418,364996
2011-05-10,57.87731170654297,58.26679611206055,57.55598831176758,57.760467529296875,33.019161224365234,352877
2011-05-11,57.4586181640625,57.575462341308594,55.676727294921875,55.929893493652344,31.97268295288086,523359
2011-05-12,55.90068054199219,56.04673767089844,54.39142990112305,55.686466217041016,31.833532333374023,698360
2011-05-13,55.60857009887695,56.153846740722656,54.85881042480469,55.48198699951172,31.716638565063477,486182
2011-05-16,55.16066360473633,56.465431213378906,54.81012725830078,54.86854934692383,31.36597442626953,560229
2011-05-17,54.362220764160156,55.082763671875,53.7877311706543,54.8782844543457,31.371532440185547,700722
2011-05-18,54.61538314819336,56.02726364135742,54.61538314819336,55.861732482910156,31.933717727661133,751764
2011-05-19,56.13437271118164,56.757545471191406,55.063289642333984,55.569618225097656,31.7667293548584,1036346
2011-05-20,55.501461029052734,56.74781036376953,54.44011688232422,55.98831558227539,32.006080627441406,1319284
2011-05-23,55.89094543457031,56.16358184814453,55.219085693359375,56.01752853393555,32.022789001464844,545645
2011-05-24,56.17332077026367,57.40993118286133,56.17332077026367,57.12755584716797,32.65734100341797,775590
2011-05-25,57.4586181640625,57.945472717285156,57.147029876708984,57.575462341308594,32.913387298583984,502408
2011-05-26,57.54624938964844,58.4615364074707,57.54624938964844,58.4615364074707,33.419925689697266,611579
2011-05-27,58.92892074584961,59.39630126953125,58.92892074584961,59.07497787475586,33.770606994628906,458966
2011-05-31,60.301849365234375,61.14897918701172,59.61051559448242,60.92502212524414,34.82818603515625,1323803
2011-06-01,61.236610412597656,61.236610412597656,59.094451904296875,59.47419738769531,33.998809814453125,764910
2011-06-02,59.659202575683594,61.21713638305664,59.152870178222656,61.012657165527344,34.87828063964844,658821
2011-06-03,59.659202575683594,60.4965934753418,59.21129608154297,59.883155822753906,34.232601165771484,828275
2011-06-06,59.71762466430664,60.07789611816406,58.71470260620117,58.82181167602539,33.625885009765625,348358
2011-06-07,59.152870178222656,60.301849365234375,58.82181167602539,60.0,34.29939270019531,576044
2011-06-08,59.737098693847656,59.85394287109375,58.841285705566406,59.20155715942383,33.842952728271484,519867
2011-06-09,59.58130645751953,60.67185974121094,59.48393249511719,60.42843246459961,34.5443115234375,643724
2011-06-10,59.94157791137695,60.301849365234375,59.444984436035156,59.92210388183594,34.25486755371094,484128
2011-06-13,59.77604675292969,60.65238571166992,59.66893768310547,59.951316833496094,34.271575927734375,681106
2011-06-14,60.51606750488281,60.93476104736328,60.301849365234375,60.555015563964844,34.61667251586914,754537
2011-06-15,59.90262985229492,60.78870391845703,59.14313507080078,59.269718170166016,33.88192367553711,994547
2011-06-16,59.47419738769531,59.47419738769531,56.18305587768555,57.4586181640625,32.84659194946289,677101
2011-06-17,58.14995193481445,58.656280517578125,57.54624938964844,57.92599868774414,33.1137809753418,863912
2011-06-20,58.17916488647461,58.938655853271484,57.74099349975586,58.89970779418945,33.6703987121582,611887
2011-06-21,59.39630126953125,60.438167572021484,59.39630126953125,60.37974548339844,34.516475677490234,389233
2011-06-22,59.75657272338867,60.57448959350586,59.0457649230957,59.084712982177734,33.776161193847656,734408
2011-06-23,58.17916488647461,59.92210388183594,57.6630973815918,59.9123649597168,34.249298095703125,567315
2011-06-24,60.37001037597656,60.37974548339844,59.47419738769531,59.951316833496094,34.271575927734375,319089
2011-06-27,59.97079086303711,60.25316619873047,59.61051559448242,59.951316833496094,34.271575927734375,214746
2011-06-28,60.13631820678711,61.168453216552734,59.990264892578125,60.97370910644531,34.85602569580078,289511
2011-06-29,61.343719482421875,63.19376754760742,61.343719482421875,62.852970123291016,35.9303092956543,594633
2011-06-30,62.2882194519043,63.33982467651367,62.22979736328125,63.01850128173828,36.02494812011719,609935
2011-07-01,63.145084381103516,63.7877311706543,62.75559997558594,63.310611724853516,36.191925048828125,496863
2011-07-05,63.63193893432617,64.18695068359375,63.48588180541992,64.01168823242188,36.592689514160156,443253
2011-07-06,63.86562728881836,64.31353759765625,63.59299087524414,64.23564147949219,36.720726013183594,388925
2011-07-07,64.70301818847656,65.35540771484375,64.03115844726562,64.07010650634766,36.6260986328125,536608
2011-07-08,63.19376754760742,64.03115844726562,62.07400131225586,63.90457534790039,36.53146743774414,776412
2011-07-11,62.385589599609375,63.18403244018555,62.200584411621094,62.531646728515625,35.74661636352539,420043
2011-07-12,62.12268829345703,62.75559997558594,61.947418212890625,62.04479217529297,35.46831512451172,394984
2011-07-13,62.531646728515625,64.07010650634766,62.48295974731445,63.81694412231445,36.48136901855469,608395
2011-07-14,63.97273635864258,64.26484680175781,62.64849090576172,63.00876235961914,36.01937484741211,298960
2011-07-15,63.11587142944336,63.777992248535156,63.0379753112793,63.35929870605469,36.21974563598633,324737
2011-07-18,63.35929870605469,63.55404281616211,62.31742858886719,63.44693374633789,36.26986312866211,451469
2011-07-19,64.10905456542969,64.85881042480469,64.0506362915039,64.46932983398438,36.854312896728516,479712
2011-07-20,64.59590911865234,64.7419662475586,64.07010650634766,64.13826751708984,36.66505813598633,257366
2011-07-21,64.09931945800781,64.7419662475586,63.777992248535156,64.73223114013672,37.00460433959961,595968
2011-07-22,64.81012725830078,65.96884155273438,64.75170135498047,64.84907531738281,37.07138442993164,666523
2011-07-25,64.39143371582031,64.9659194946289,64.07984161376953,64.68354034423828,36.976776123046875,379785
2011-07-26,64.59590911865234,64.65433502197266,63.36903762817383,63.71957015991211,36.42570495605469,691068
2011-07-27,63.43719482421875,63.43719482421875,61.957157135009766,62.15189743041992,35.52953338623047,766039
2011-07-28,62.47322463989258,63.40798568725586,61.85004806518555,62.44401168823242,35.696529388427734,452393
2011-07-29,61.65530776977539,62.72638702392578,60.99318313598633,62.6290168762207,35.802284240722656,442945
2011-08-01,64.8003921508789,64.8003921508789,62.804283142089844,63.748783111572266,36.44241714477539,433599
2011-08-02,63.55404281616211,64.10905456542969,61.37293243408203,61.46056365966797,35.13433837890625,423227
2011-08-03,61.518985748291016,62.14216232299805,58.9581298828125,60.92502212524414,34.82818603515625,699592
2011-08-04,59.97079086303711,60.28237533569336,56.18305587768555,56.426483154296875,32.256568908691406,1081020
2011-08-05,56.19279479980469,57.44887924194336,53.18403244018555,55.52093505859375,31.73891258239746,994752
2011-08-08,53.0866584777832,53.0866584777832,49.74683380126953,50.37001037597656,28.794343948364258,1468713
2011-08-09,51.158714294433594,56.854915618896484,51.12950134277344,56.77701950073242,32.456947326660156,1161948
2011-08-10,56.20253372192383,56.6699104309082,54.57643508911133,54.58617401123047,31.204538345336914,825708
2011-08-11,54.95618438720703,58.2083740234375,54.926971435546875,57.507301330566406,32.87443161010742,901090
2011-08-12,58.364166259765625,59.35735321044922,57.614410400390625,58.841285705566406,33.63700866699219,442637
2011-08-15,59.406036376953125,60.41869354248047,59.38656234741211,59.9123649597168,34.249298095703125,330694
2011-08-16,59.259979248046875,59.698150634765625,58.74391555786133,59.43524932861328,33.9765510559082,430826
2011-08-17,59.834468841552734,60.80817794799805,59.03602600097656,59.844207763671875,34.2103385925293,331618
2011-08-18,57.06913375854492,57.77994155883789,56.48490524291992,57.55598831176758,32.90225601196289,1019195
2011-08-19,55.93962860107422,58.403114318847656,55.55988311767578,56.94255065917969,32.551578521728516,734408
2011-08-22,58.42258834838867,58.481014251708984,57.34177017211914,57.64362335205078,32.952354431152344,498814
2011-08-23,58.06231689453125,58.81207275390625,57.3709831237793,58.81207275390625,33.620304107666016,747759
2011-08-24,58.831546783447266,59.698150634765625,57.507301330566406,58.519962310791016,33.45332717895508,553245
2011-08-25,58.43232727050781,58.666019439697266,56.48490524291992,56.903602600097656,32.529319763183594,865761
2011-08-26,56.52385711669922,57.51704025268555,55.69620132446289,57.40019607543945,32.81318664550781,849226
2011-08-29,58.763389587402344,60.06816101074219,58.57838439941406,60.0,34.29939270019531,499635
2011-08-30,59.269718170166016,61.64556884765625,59.19182205200195,60.915287017822266,34.822628021240234,509803
2011-08-31,61.781890869140625,62.73612594604492,60.37974548339844,62.59006881713867,35.780029296875,1025973
2011-09-01,62.43427658081055,63.271663665771484,62.17137145996094,62.26874542236328,35.59633255004883,517711
2011-09-02,60.85686492919922,61.665042877197266,59.75657272338867,60.33106231689453,34.4886474609375,713457
2011-09-06,57.82862854003906,59.00681686401367,56.9133415222168,58.909446716308594,33.675968170166016,657177
2011-09-07,59.92210388183594,60.41869354248047,59.4547233581543,60.21421432495117,34.421852111816406,339321
2011-09-08,59.60078048706055,60.32132339477539,59.084712982177734,59.376827239990234,33.94314956665039,323402
2011-09-09,58.63680648803711,58.63680648803711,56.74781036376953,57.049659729003906,32.61280822753906,588060
2011-09-12,55.01460647583008,55.52093505859375,52.93086624145508,53.80720520019531,30.75923728942871,1505068
2011-09-13,54.23563766479492,54.66407012939453,53.563777923583984,54.51801300048828,31.165578842163086,850664
2011-09-14,54.751705169677734,55.01460647583008,53.6708869934082,53.79746627807617,30.753673553466797,1148597
2011-09-15,54.52775192260742,54.72249221801758,53.0379753112793,53.096397399902344,30.3528995513916,1575007
2011-09-16,53.135345458984375,53.64167404174805,52.843231201171875,53.0866584777832,30.347332000732422,1974921
2011-09-19,52.570594787597656,53.18403244018555,51.60662078857422,52.89191818237305,30.236007690429688,579742
2011-09-20,53.3300895690918,53.3300895690918,52.064266204833984,52.25900650024414,29.874208450317383,543797
2011-09-21,52.19084548950195,52.200584411621094,49.727359771728516,49.7955207824707,28.46592140197754,1131549
2011-09-22,47.51704025268555,47.53651428222656,45.073028564453125,45.491722106933594,26.005638122558594,1245854
2011-09-23,45.51119613647461,46.144107818603516,44.790653228759766,45.70594024658203,26.128101348876953,856004
2011-09-26,46.6699104309082,48.10126495361328,46.153846740722656,47.98442077636719,27.430606842041016,1115322
2011-09-27,49.57156753540039,51.17818832397461,49.05550003051758,50.03894805908203,28.605093002319336,1303366
2011-09-28,49.86368179321289,50.701072692871094,48.26679611206055,48.52969741821289,27.742326736450195,1501474
2011-09-29,49.990264892578125,50.24342727661133,48.10126495361328,49.17234802246094,28.10969352722168,1060788
2011-09-30,47.70204544067383,47.98442077636719,46.19279479980469,46.55306625366211,26.612361907958984,1051032
2011-10-03,46.47517013549805,46.88412857055664,45.05355453491211,45.1703987121582,25.821950912475586,1072291
2011-10-04,43.534568786621094,44.76144027709961,41.86952209472656,44.65433120727539,25.526935577392578,1437800
2011-10-05,44.8782844543457,46.40700912475586,44.177215576171875,46.114898681640625,26.361881256103516,1001838
2011-10-06,47.507301330566406,49.152870178222656,46.80623245239258,49.13339614868164,28.087434768676758,878804
2011-10-07,49.82473373413086,50.35053634643555,47.81888961791992,48.17916488647461,27.541929244995117,993622
2011-10-10,49.61051559448242,50.60369873046875,49.38656234741211,50.28237533569336,28.74424934387207,462458
2011-10-11,49.61051559448242,51.21713638305664,49.415775299072266,50.56475067138672,28.905672073364258,649578
2011-10-12,51.37293243408203,52.3369026184082,51.00292205810547,51.518985748291016,29.45116424560547,454858
2011-10-13,51.207401275634766,51.781890869140625,50.24342727661133,51.69425582885742,29.551368713378906,350412
2011-10-14,51.54819869995117,53.534568786621094,51.54819869995117,53.320350646972656,30.480924606323242,533424
2011-10-17,52.91139221191406,53.700096130371094,51.80136489868164,53.63193893432617,30.659053802490234,1005125
2011-10-18,53.10613250732422,54.23563766479492,52.239532470703125,53.894840240478516,30.809341430664062,678231
2011-10-19,53.36903762817383,54.24537658691406,52.87244415283203,53.05744934082031,30.330638885498047,592476
2011-10-20,52.45375061035156,53.456668853759766,52.093475341796875,53.04771041870117,30.325069427490234,587341
2011-10-21,53.98247146606445,55.27750778198242,53.48588180541992,55.02434158325195,31.45502281188965,1186082
2011-10-24,55.55014419555664,56.7088623046875,55.45277404785156,56.48490524291992,32.28996276855469,567418
2011-10-25,56.17332077026367,56.19279479980469,54.55696105957031,54.634857177734375,31.23238182067871,1097555
2011-10-26,56.02726364135742,56.31937789916992,54.44011688232422,56.105159759521484,32.072879791259766,463793
2011-10-27,58.373905181884766,59.230770111083984,57.44887924194336,59.07497787475586,33.770606994628906,732148
2011-10-28,58.081790924072266,58.82181167602539,57.97468566894531,58.7049674987793,33.559078216552734,985612
2011-10-31,58.13047790527344,58.334957122802734,56.582279205322266,56.9620246887207,32.56270980834961,732559
2011-11-01,55.00486755371094,56.105159759521484,54.09931945800781,55.2872428894043,31.60530662536621,865761
2011-11-02,55.98831558227539,56.689388275146484,55.861732482910156,56.397274017333984,32.2398681640625,409362
2011-11-03,57.7117805480957,57.7117805480957,56.144107818603516,56.6699104309082,32.39573287963867,853848
2011-11-04,56.7088623046875,57.12755584716797,56.05647659301758,56.903602600097656,32.529319763183594,467490
2011-11-07,56.23174285888672,57.28335189819336,56.02726364135742,57.21519088745117,32.70744323730469,731121
2011-11-08,57.478092193603516,58.42258834838867,57.332035064697266,58.38364028930664,33.375389099121094,365920
2011-11-09,56.105159759521484,56.825706481933594,55.793575286865234,55.8714714050293,31.939302444458008,788222
2011-11-10,56.45569610595703,56.60175323486328,55.3748779296875,56.1246337890625,32.08401870727539,586212
2011-11-11,56.76728439331055,57.30282211303711,56.47517013549805,57.2541389465332,32.729705810546875,428464
2011-11-14,56.66017532348633,57.049659729003906,56.36806106567383,56.9133415222168,32.534881591796875,440891
2011-11-15,56.03700256347656,56.45569610595703,55.70594024658203,56.13437271118164,32.08958435058594,812768
2011-11-16,55.491722106933594,56.28042984008789,55.27750778198242,55.62804412841797,31.800140380859375,545132
2011-11-17,55.81304931640625,56.251216888427734,54.27458572387695,54.61538314819336,31.221237182617188,773742
2011-11-18,54.73223114013672,55.34566879272461,54.65433120727539,55.063289642333984,31.4772891998291,634686
2011-11-21,53.59299087524414,54.73223114013672,53.271663665771484,54.38169479370117,31.08765983581543,748786
2011-11-22,54.10905456542969,54.68354415893555,53.96299743652344,54.39142990112305,31.093225479125977,682750
2011-11-23,53.35929870605469,53.68062210083008,52.60954284667969,52.87244415283203,30.224878311157227,981709
2011-11-25,52.385589599609375,52.76533508300781,51.85004806518555,51.986366271972656,29.71834373474121,348358
2011-11-28,53.885101318359375,54.23563766479492,52.91139221191406,53.15481948852539,30.38629722595215,989309
2011-11-29,52.960079193115234,53.68062210083008,52.804283142089844,53.4956169128418,30.581113815307617,402070
2011-11-30,55.355403900146484,55.88120651245117,55.082763671875,55.832523345947266,31.917024612426758,811433
2011-12-01,55.5793571472168,56.572540283203125,55.31645584106445,55.793575286865234,31.894763946533203,354418
2011-12-02,55.98831558227539,56.397274017333984,54.80038833618164,54.917236328125,31.393810272216797,299165
2011-12-05,55.58909225463867,55.81304931640625,54.6251220703125,54.97565841674805,31.42719841003418,345483
2011-12-06,54.47906494140625,55.58909225463867,54.1285285949707,54.6251220703125,31.226806640625,372390
2011-12-07,54.3330078125,55.404090881347656,54.177215576171875,55.09250259399414,31.493993759155273,620205
2011-12-08,54.47906494140625,54.76144027709961,53.23271560668945,53.3787727355957,30.51432228088379,368179
2011-12-09,53.456668853759766,53.456668853759766,52.46348571777344,53.0866584777832,30.758604049682617,633864
2011-12-12,54.031158447265625,54.031158447265625,51.07107925415039,51.69425582885742,29.951841354370117,671145
2011-12-13,51.742942810058594,52.31742858886719,50.66212463378906,50.99318313598633,29.545642852783203,415113
2011-12-14,50.68159866333008,50.79844284057617,49.19182205200195,49.513145446777344,28.68810272216797,709246
2011-12-15,50.05842208862305,50.447906494140625,48.96786880493164,49.62025451660156,28.750164031982422,759672
2011-12-16,49.62998962402344,52.15189743041992,48.7049674987793,49.86368179321289,28.89120864868164,907046
2011-12-19,49.883155822753906,51.00292205810547,49.883155822753906,50.67185974121094,29.359477996826172,1087696
2011-12-20,51.5871467590332,52.093475341796875,51.54819869995117,51.75267791748047,29.98569107055664,504154
2011-12-21,51.60662078857422,52.093475341796875,51.14897918701172,52.083740234375,30.17751693725586,613324
2011-12-22,51.918209075927734,52.30769348144531,51.674781799316406,52.18111038208008,30.233930587768555,439248
2011-12-23,52.3369026184082,52.804283142089844,52.103214263916016,52.76533508300781,30.57243537902832,211151
2011-12-27,52.531646728515625,52.76533508300781,52.12268829345703,52.36611557006836,30.34112548828125,633248
2011-12-28,52.43427658081055,52.638755798339844,51.2950325012207,51.333980560302734,29.74310302734375,325867
2011-12-29,51.2463493347168,51.85004806518555,51.012657165527344,51.742942810058594,29.980051040649414,317548
2011-12-30,51.84031295776367,52.72638702392578,51.811100006103516,52.43427658081055,30.380615234375,279652
2012-01-03,53.456668853759766,54.216163635253906,52.667964935302734,53.05744934082031,30.741676330566406,596687
2012-01-04,52.852970123291016,53.50535583496094,52.73612594604492,53.456668853759766,30.972990036010742,424767
2012-01-05,53.43719482421875,54.138267517089844,52.677703857421875,53.93378829956055,31.249441146850586,1080301
2012-01-06,54.05063247680664,54.18695068359375,53.64167404174805,53.75851821899414,31.147886276245117,558175
2012-01-09,53.75851821899414,53.75851821899414,52.76533508300781,53.05744934082031,30.741676330566406,750532
2012-01-10,53.748783111572266,54.27458572387695,53.417720794677734,53.71957015991211,31.125322341918945,468312
2012-01-11,53.68062210083008,53.68062210083008,53.1256103515625,53.573516845703125,31.04070281982422,268561
2012-01-12,53.573516845703125,54.37195587158203,53.310611724853516,53.86562728881836,31.209957122802734,336137
2012-01-13,53.91431427001953,54.15774154663086,53.26192855834961,53.612464904785156,31.063264846801758,298754
2012-01-17,54.790653228759766,54.89775848388672,53.777992248535156,53.95326232910156,31.26073455810547,373109
2012-01-18,53.66114807128906,55.00486755371094,53.66114807128906,54.97565841674805,31.853097915649414,485463
2012-01-19,55.209346771240234,56.1246337890625,55.209346771240234,55.85199737548828,32.360862731933594,326278
2012-01-20,55.84225845336914,55.98831558227539,55.394351959228516,55.968841552734375,32.428558349609375,229534
2012-01-23,55.98831558227539,56.718597412109375,55.93962860107422,56.251216888427734,32.592166900634766,294133
2012-01-24,55.84225845336914,56.24148178100586,55.26776885986328,56.153846740722656,32.53574752807617,247712
2012-01-25,55.98831558227539,56.77701950073242,55.530670166015625,56.611488342285156,32.80091094970703,300500
2012-01-26,56.582279205322266,57.049659729003906,56.35832595825195,56.49464416503906,32.73322296142578,537737
2012-01-27,56.51411819458008,57.322296142578125,56.51411819458008,57.23466491699219,33.161991119384766,329667
2012-01-30,56.45569610595703,56.51411819458008,56.04673767089844,56.37779998779297,32.665504455566406,234978
2012-01-31,56.93281555175781,57.28335189819336,56.426483154296875,57.195716857910156,33.1394157409668,370644
2012-02-01,57.56572341918945,58.325218200683594,57.4586181640625,58.27653503417969,33.76564025878906,545440
2012-02-02,58.42258834838867,58.9581298828125,58.2960090637207,58.909446716308594,34.13235092163086,423329
2012-02-03,59.20155715942383,59.20155715942383,58.31548309326172,58.471275329589844,33.87847900390625,570909
2012-02-06,59.113922119140625,59.113922119140625,57.35150909423828,57.74099349975586,33.45533752441406,295776
2012-02-07,57.80915451049805,57.80915451049805,57.06913375854492,57.24440002441406,33.16762161254883,426924
2012-02-08,57.34177017211914,58.07205581665039,57.23466491699219,57.750728607177734,33.46098327636719,388514
2012-02-09,56.59201431274414,58.67575454711914,56.59201431274414,58.43232727050781,33.85591506958008,307689
2012-02-10,57.56572341918945,58.71470260620117,56.51411819458008,57.750728607177734,33.46098327636719,257777
2012-02-13,58.373905181884766,58.59785842895508,57.64362335205078,57.74099349975586,33.45533752441406,372082
2012-02-14,56.18305587768555,57.361244201660156,56.18305587768555,56.689388275146484,32.84605026245117,450956
2012-02-15,56.73807144165039,57.185977935791016,56.6212272644043,56.8743896484375,32.9532356262207,429697
2012-02-16,56.728336334228516,57.48782730102539,56.543331146240234,57.23466491699219,33.161991119384766,418400
2012-02-17,57.6630973815918,58.24732208251953,57.63388442993164,58.11100387573242,33.66973876953125,166066
2012-02-21,58.26679611206055,58.62706756591797,57.85783767700195,57.916259765625,33.556907653808594,234361
2012-02-22,58.091529846191406,58.4615364074707,57.82862854003906,58.1207389831543,33.67537307739258,355342
2012-02-23,58.10126495361328,58.4128532409668,57.322296142578125,58.0038948059082,33.607669830322266,253258
2012-02-24,58.1207389831543,58.471275329589844,58.0038948059082,58.07205581665039,33.647178649902344,165861
2012-02-27,57.721519470214844,58.26679611206055,57.44887924194336,58.16942596435547,33.70357894897461,219264
2012-02-28,57.99415969848633,58.60759353637695,57.99415969848633,58.19863510131836,33.720516204833984,207043
2012-02-29,57.97468566894531,58.45180130004883,57.010711669921875,57.624149322509766,33.38764572143555,273387
2012-03-01,57.760467529296875,58.549171447753906,57.760467529296875,58.06231689453125,33.641517639160156,377217
2012-03-02,57.73125457763672,58.373905181884766,57.28335189819336,57.38072204589844,33.246612548828125,321965
2012-03-05,57.468353271484375,57.48782730102539,56.114898681640625,56.48490524291992,32.72755813598633,392211
2012-03-06,55.355403900146484,55.355403900146484,54.595909118652344,54.81012725830078,31.757205963134766,504052
2012-03-07,55.33592987060547,56.13437271118164,54.673805236816406,54.94644546508789,31.836177825927734,360990
2012-03-08,55.99805450439453,56.6699104309082,55.647518157958984,56.533592224121094,32.75577926635742,412443
2012-03-09,56.47517013549805,56.66017532348633,55.959102630615234,56.144107818603516,32.53010940551758,129915
2012-03-12,55.9201545715332,56.13437271118164,55.355403900146484,55.52093505859375,32.169036865234375,196362
2012-03-13,56.075950622558594,56.28042984008789,55.51119613647461,56.17332077026367,32.547027587890625,512884
2012-03-14,55.822784423828125,56.08568572998047,55.326194763183594,55.42356491088867,32.11262130737305,413470
2012-03-15,55.91041946411133,56.35832595825195,55.647518157958984,56.08568572998047,32.49626541137695,546159
2012-03-16,56.49464416503906,57.624149322509766,56.33885192871094,57.51704025268555,33.32558822631836,344148
2012-03-19,57.80915451049805,58.325218200683594,57.13729476928711,57.60467529296875,33.376365661621094,318370
2012-03-20,57.83836364746094,57.83836364746094,56.9620246887207,57.39045715332031,33.25225067138672,390157
2012-03-21,57.73125457763672,57.867576599121094,57.40019607543945,57.6630973815918,33.41021728515625,221627
2012-03-22,57.06913375854492,57.117820739746094,55.94936752319336,56.299903869628906,32.62038040161133,223475
2012-03-23,56.64070129394531,56.6699104309082,56.06621170043945,56.44595718383789,32.70500183105469,277187
2012-03-26,57.06913375854492,57.721519470214844,56.854915618896484,57.721519470214844,33.44407272338867,329256
2012-03-27,57.77020263671875,58.10126495361328,57.28335189819336,57.322296142578125,33.2127571105957,306662
2012-03-28,57.38072204589844,58.14995193481445,56.582279205322266,57.039920806884766,33.04914855957031,357704
2012-03-29,56.533592224121094,57.117820739746094,56.08568572998047,56.9620246887207,33.0040168762207,414703
2012-03-30,57.77994155883789,57.77994155883789,56.40700912475586,57.12755584716797,33.09992599487305,500765
2012-04-02,57.05939483642578,58.42258834838867,56.49464416503906,58.16942596435547,33.70357894897461,486182
2012-04-03,58.42258834838867,58.42258834838867,57.56572341918945,57.98442077636719,33.59638595581055,298754
2012-04-04,57.23466491699219,57.945472717285156,57.010711669921875,57.82862854003906,33.506126403808594,206735
2012-04-05,57.478092193603516,58.1207389831543,57.24440002441406,57.31256103515625,33.20711135864258,342915
2012-04-09,56.56280517578125,56.99123764038086,56.47517013549805,56.825706481933594,32.925025939941406,251512
2012-04-10,56.543331146240234,56.7088623046875,55.34566879272461,55.89094543457031,32.38341522216797,699798
2012-04-11,56.436222076416016,56.903602600097656,56.06621170043945,56.33885192871094,32.6429443359375,357704
2012-04-12,56.426483154296875,57.13729476928711,56.426483154296875,56.66017532348633,32.829124450683594,267636
2012-04-13,56.3291130065918,56.44595718383789,55.85199737548828,55.88120651245117,32.37778854370117,137002
2012-04-16,56.09542465209961,56.13437271118164,55.33592987060547,55.540409088134766,32.1803092956543,180341
2012-04-17,55.80331039428711,56.543331146240234,55.80331039428711,55.98831558227539,32.43983459472656,225324
2012-04-18,55.258033752441406,56.03700256347656,55.258033752441406,55.89094543457031,32.38341522216797,188146
2012-04-19,55.93962860107422,56.3291130065918,55.61830520629883,56.13437271118164,32.524471282958984,277906
2012-04-20,56.13437271118164,56.56280517578125,55.69620132446289,55.715675354003906,32.28187942504883,324840
2012-04-23,55.04381561279297,55.62804412841797,54.644596099853516,55.61830520629883,32.2254638671875,218956
2012-04-24,55.530670166015625,56.05647659301758,55.258033752441406,55.394351959228516,32.095699310302734,254799
2012-04-25,55.959102630615234,56.47517013549805,55.959102630615234,56.17332077026367,32.547027587890625,417475
2012-04-26,55.76436233520508,56.718597412109375,55.76436233520508,56.48490524291992,32.72755813598633,285301
2012-04-27,56.55306625366211,57.000972747802734,55.90068054199219,56.79649353027344,32.90810775756836,289614
2012-04-30,57.039920806884766,57.039920806884766,56.007789611816406,56.757545471191406,32.88554000854492,227994
2012-05-01,56.533592224121094,57.478092193603516,56.533592224121094,57.147029876708984,33.2847900390625,265993
2012-05-02,56.9620246887207,57.2541389465332,56.416748046875,57.12755584716797,33.27345275878906,200265
2012-05-03,57.39045715332031,57.73125457763672,56.37779998779297,56.757545471191406,33.05794143676758,211254
2012-05-04,56.260955810546875,56.93281555175781,56.13437271118164,56.45569610595703,32.882137298583984,268252
2012-05-07,56.426483154296875,56.6212272644043,55.793575286865234,56.18305587768555,32.72334289550781,175617
2012-05-08,55.97857666015625,56.34858703613281,54.965919494628906,55.929893493652344,32.57588195800781,399914
2012-05-09,55.58909225463867,55.637779235839844,54.323272705078125,54.98539352416992,32.0257682800293,466977
2012-05-10,55.52093505859375,55.84225845336914,54.8782844543457,55.501461029052734,32.32634735107422,303376
2012-05-11,54.98539352416992,55.74488830566406,54.81012725830078,55.00486755371094,32.037109375,269074
2012-05-14,54.459590911865234,55.082763671875,54.216163635253906,54.459590911865234,31.719520568847656,387076
2012-05-15,54.3330078125,54.6251220703125,53.44693374633789,53.534568786621094,31.180744171142578,517608
2012-05-16,53.583251953125,53.846153259277344,52.45375061035156,52.560855865478516,30.613622665405273,363866
2012-05-17,52.45375061035156,52.78480911254883,50.876338958740234,51.57741165161133,30.040815353393555,598946
2012-05-18,51.811100006103516,52.667964935302734,51.13924026489258,51.32424545288086,29.89336585998535,436783
2012-05-21,51.22687530517578,52.68743896484375,50.33106231689453,52.45375061035156,30.551227569580078,256750
2012-05-22,52.58032989501953,52.78480911254883,50.99318313598633,51.27555847167969,29.865001678466797,713560
2012-05-23,51.022396087646484,51.5871467590332,50.2921142578125,51.47030258178711,29.978437423706055,384098
2012-05-24,51.42161560058594,52.86270523071289,51.42161560058594,52.59980392456055,30.636306762695312,536813
2012-05-25,52.69717788696289,52.97955322265625,52.385589599609375,52.65822982788086,30.67032814025879,301835
2012-05-29,53.05744934082031,53.05744934082031,52.39532470703125,52.77507400512695,30.73839569091797,356574
2012-05-30,52.064266204833984,52.6290168762207,51.85004806518555,52.103214263916016,30.347070693969727,470366
2012-05-31,51.9961051940918,52.064266204833984,50.53554153442383,50.60369873046875,29.47368812561035,1253351
2012-06-01,49.96105194091797,50.447906494140625,49.52288055419922,50.09737014770508,29.178787231445312,475809
2012-06-04,50.0,50.486854553222656,49.084712982177734,49.77604675292969,28.99163246154785,643313
2012-06-05,49.61051559448242,50.340797424316406,49.61051559448242,50.23368835449219,29.258180618286133,204373
2012-06-06,50.81791687011719,51.27555847167969,50.438167572021484,51.27555847167969,29.865001678466797,283041
2012-06-07,51.8792610168457,52.424537658691406,51.75267791748047,51.92794418334961,30.244977951049805,396217
2012-06-08,52.30769348144531,52.346641540527344,51.42161560058594,52.31742858886719,30.471834182739258,288998
2012-06-11,52.58032989501953,52.93086624145508,51.22687530517578,51.333980560302734,29.899038314819336,238161
2012-06-12,51.83057403564453,51.8792610168457,51.158714294433594,51.64556884765625,30.08051109313965,212281
2012-06-13,51.37293243408203,51.88899612426758,51.11002731323242,51.42161560058594,29.9500789642334,371671
2012-06-14,51.31450653076172,51.76241683959961,50.97370910644531,51.68451690673828,30.10320281982422,390876
2012-06-15,51.57741165161133,52.19084548950195,51.382667541503906,51.69425582885742,30.108875274658203,391800
2012-06-18,51.7039909362793,52.76533508300781,51.450828552246094,52.58032989501953,30.62496566772461,405665
2012-06-19,52.96981430053711,54.08958053588867,52.560855865478516,53.6708869934082,31.260147094726562,732559
2012-06-20,53.91431427001953,54.3330078125,53.563777923583984,54.040897369384766,31.475658416748047,449210
2012-06-21,53.90457534790039,53.992210388183594,52.200584411621094,52.29795455932617,30.460494995117188,560947
2012-06-22,52.44401168823242,52.72638702392578,51.47030258178711,52.064266204833984,30.324382781982422,428156
2012-06-25,51.26582336425781,51.85004806518555,50.847129821777344,51.18792724609375,29.81397247314453,206632
2012-06-26,51.957157135009766,51.97663116455078,51.03213119506836,51.811100006103516,30.176925659179688,465539
2012-06-27,52.07400131225586,53.096397399902344,52.04479217529297,52.75559997558594,30.727039337158203,429081
2012-06-28,52.48295974731445,53.456668853759766,51.92794418334961,52.72638702392578,30.71003532409668,226248
2012-06-29,54.51801300048828,54.51801300048828,53.583251953125,54.206424713134766,31.572071075439453,596790
2012-07-02,54.41090774536133,54.80038833618164,53.98247146606445,54.7127571105957,31.866973876953125,212692
2012-07-03,54.65433120727539,55.394351959228516,54.52775192260742,54.98539352416992,32.0257682800293,543591
2012-07-05,54.790653228759766,55.41382598876953,54.56669998168945,55.19961166381836,32.15053176879883,367666
2012-07-06,54.70301818847656,54.94644546508789,54.41090774536133,54.8782844543457,31.96338653564453,190919
2012-07-09,55.04381561279297,55.04381561279297,54.323272705078125,54.80038833618164,31.918018341064453,219367
2012-07-10,54.926971435546875,55.45277404785156,54.352481842041016,54.61538314819336,31.810260772705078,215773
2012-07-11,55.00486755371094,56.01752853393555,54.69327926635742,55.93962860107422,32.58155059814453,658512
2012-07-12,55.637779235839844,56.27069091796875,54.936710357666016,56.007789611816406,32.621253967285156,456399
2012-07-13,56.007789611816406,57.28335189819336,56.007789611816406,56.728336334228516,33.040931701660156,390568
2012-07-16,56.397274017333984,56.77701950073242,56.16358184814453,56.436222076416016,32.87078857421875,169866
2012-07-17,57.30282211303711,57.44887924194336,56.48490524291992,57.44887924194336,33.46061706542969,980374
2012-07-18,57.60467529296875,57.96494674682617,56.99123764038086,57.78968048095703,33.659095764160156,475501
2012-07-19,57.69230651855469,58.2083740234375,57.28335189819336,57.468353271484375,33.471946716308594,425281
2012-07-20,57.13729476928711,57.896785736083984,56.76728439331055,57.78968048095703,33.659095764160156,472831
2012-07-23,56.260955810546875,57.78968048095703,56.17332077026367,57.721519470214844,33.619407653808594,524283
2012-07-24,57.23466491699219,57.67283248901367,57.147029876708984,57.64362335205078,33.574031829833984,567931
2012-07-25,57.64362335205078,57.83836364746094,57.322296142578125,57.478092193603516,33.47761535644531,436475
2012-07-26,57.97468566894531,58.091529846191406,57.332035064697266,57.73125457763672,33.62507247924805,397038
2012-07-27,58.013633728027344,58.87049865722656,56.6699104309082,58.7049674987793,34.192195892333984,615173
2012-07-30,56.13437271118164,59.13339614868164,56.13437271118164,58.88023376464844,34.294281005859375,325148
2012-07-31,58.656280517578125,58.9581298828125,58.0038948059082,58.35443115234375,33.98804473876953,366434
2012-08-01,58.257057189941406,58.91918182373047,57.35150909423828,57.48782730102539,33.48329162597656,223167
2012-08-02,57.16650390625,57.39045715332031,56.27069091796875,56.611488342285156,32.97288131713867,273285
2012-08-03,57.69230651855469,58.44206237792969,57.35150909423828,58.35443115234375,33.98804473876953,336343
2012-08-06,58.519962310791016,58.88997268676758,57.916259765625,57.935733795166016,33.744171142578125,123035
2012-08-07,57.92599868774414,58.666019439697266,57.77020263671875,57.83836364746094,33.68745422363281,248637
2012-08-08,57.16650390625,58.4615364074707,57.16650390625,57.99415969848633,33.778202056884766,198519
2012-08-09,58.013633728027344,58.42258834838867,57.361244201660156,57.88705062866211,33.71581268310547,198519
2012-08-10,57.6630973815918,58.74391555786133,57.4586181640625,58.549171447753906,34.101470947265625,249664
2012-08-13,58.42258834838867,58.49074935913086,58.042842864990234,58.19863510131836,33.897300720214844,229226
2012-08-14,58.519962310791016,58.57838439941406,58.02336883544922,58.10126495361328,33.84056854248047,316521
2012-08-15,58.0038948059082,58.81207275390625,57.77020263671875,58.7536506652832,34.220558166503906,184449
2012-08-16,58.549171447753906,58.7536506652832,58.38364028930664,58.666019439697266,34.16952133178711,641567
2012-08-17,58.948394775390625,59.78578567504883,58.909446716308594,59.698150634765625,34.77066421508789,362428
2012-08-20,59.27945327758789,59.67867660522461,59.250244140625,59.52288055419922,34.6685791015625,211357
2012-08-21,59.688411712646484,59.883155822753906,59.24050521850586,59.27945327758789,34.52679443359375,309846
2012-08-22,59.123661041259766,59.659202575683594,58.9581298828125,59.53261947631836,34.67426300048828,313646
2012-08-23,59.34761428833008,59.78578567504883,58.227848052978516,58.471275329589844,34.05609130859375,459377
2012-08-24,58.11100387573242,58.549171447753906,57.40019607543945,57.85783767700195,33.69879913330078,490084
2012-08-27,57.70204544067383,58.617332458496094,57.624149322509766,58.257057189941406,33.931331634521484,343634
2012-08-28,58.02336883544922,58.45180130004883,57.80915451049805,58.4128532409668,34.022064208984375,335829
2012-08-29,59.71762466430664,60.632911682128906,59.552093505859375,59.688411712646484,34.76499938964844,617432
2012-08-30,59.13339614868164,59.77604675292969,59.10418701171875,59.57156753540039,34.69694137573242,394984
2012-08-31,60.048683166503906,60.262901306152344,59.46445846557617,60.019474029541016,34.95782470703125,641156
2012-09-04,59.727359771728516,60.10710906982422,59.259979248046875,59.46445846557617,34.63456344604492,476117
2012-09-05,59.513145446777344,60.05842208862305,59.30866622924805,59.90262985229492,34.889766693115234,310873
2012-09-06,60.32132339477539,60.93476104736328,60.02920913696289,60.749755859375,35.38317108154297,419119
2012-09-07,60.99318313598633,61.168453216552734,60.730281829833984,61.00292205810547,35.53062438964844,434729
2012-09-10,61.00292205810547,61.14897918701172,60.262901306152344,60.68159866333008,35.34347152709961,145834
2012-09-11,60.52580261230469,60.905548095703125,60.18500518798828,60.632911682128906,35.31511306762695,224605
2012-09-12,60.632911682128906,60.85686492919922,60.39921951293945,60.555015563964844,35.26974868774414,340040
2012-09-13,60.61343765258789,60.915287017822266,60.35053634643555,60.69133377075195,35.34914779663086,528494
2012-09-14,61.21713638305664,61.31450653076172,60.584224700927734,60.75949478149414,35.388851165771484,247815
2012-09-17,61.47030258178711,63.59299087524414,60.92502212524414,63.0866584777832,36.74428176879883,1440470
2012-09-18,63.07692337036133,63.23271560668945,62.30769348144531,62.36611557006836,36.324607849121094,744370
2012-09-19,62.47322463989258,62.999027252197266,62.239532470703125,62.560855865478516,36.43803024291992,1211860
2012-09-20,62.59006881713867,63.3787727355957,62.103214263916016,63.3787727355957,36.9144172668457,898728
2012-09-21,63.48588180541992,63.563777923583984,61.71372985839844,61.908470153808594,36.05805969238281,2022676
2012-09-24,61.742942810058594,61.83057403564453,60.85686492919922,60.96397399902344,35.507938385009766,431135
2012-09-25,61.14897918701172,61.207401275634766,59.873416900634766,59.873416900634766,34.87275314331055,368385
2012-09-26,59.67867660522461,59.7078857421875,59.084712982177734,59.688411712646484,34.76499938964844,362428
2012-09-27,59.805259704589844,60.740020751953125,59.49367141723633,60.18500518798828,35.05424499511719,382147
2012-09-28,60.17526626586914,60.17526626586914,59.77604675292969,60.019474029541016,34.95782470703125,470366
2012-10-01,60.07789611816406,60.593963623046875,59.844207763671875,60.41869354248047,35.19034957885742,385536
2012-10-02,59.81499481201172,59.85394287109375,59.19182205200195,59.53261947631836,34.67426300048828,379990
2012-10-03,59.31840133666992,59.31840133666992,58.2960090637207,58.72444152832031,34.20353698730469,402584
2012-10-04,59.06523895263672,59.13339614868164,58.62706756591797,58.88023376464844,34.294281005859375,189584
2012-10-05,59.1626091003418,59.31840133666992,58.53943634033203,58.55891036987305,34.10714340209961,221832
2012-10-08,58.27653503417969,58.45180130004883,57.916259765625,58.218109130859375,33.908634185791016,453112
2012-10-09,58.257057189941406,58.617332458496094,58.14021301269531,58.24732208251953,33.92564392089844,396422
2012-10-10,58.14995193481445,58.35443115234375,57.507301330566406,58.03310775756836,33.800880432128906,257263
2012-10-11,58.42258834838867,58.57838439941406,57.906524658203125,57.935733795166016,33.744171142578125,240113
2012-10-12,57.64362335205078,58.39337921142578,57.59493637084961,57.69230651855469,33.60238265991211,170585
2012-10-15,57.95520782470703,58.081790924072266,57.51704025268555,57.83836364746094,33.68745422363281,175309
2012-10-16,58.03310775756836,58.2960090637207,57.44887924194336,57.98442077636719,33.77252960205078,186914
2012-10-17,57.49756622314453,58.14021301269531,57.39045715332031,57.867576599121094,33.70448684692383,422200
2012-10-18,57.83836364746094,57.906524658203125,57.439144134521484,57.439144134521484,33.45492935180664,255518
2012-10-19,57.53651428222656,57.53651428222656,56.63096237182617,56.7088623046875,33.02959060668945,277495
2012-10-22,56.387535095214844,57.21519088745117,56.33885192871094,56.66017532348633,33.00122833251953,259728
2012-10-23,55.65725326538086,56.19279479980469,55.365142822265625,55.93962860107422,32.58155059814453,212178
2012-10-24,55.929893493652344,56.35832595825195,55.60857009887695,55.715675354003906,32.45111846923828,159904
2012-10-25,55.9201545715332,56.56280517578125,55.783836364746094,56.3291130065918,32.80841064453125,340553
2012-10-26,56.290164947509766,56.6212272644043,56.06621170043945,56.47517013549805,32.89347457885742,218648
2012-10-31,56.35832595825195,56.74781036376953,56.08568572998047,56.3291130065918,32.80841064453125,335726
2012-11-01,55.929893493652344,56.69912338256836,55.501461029052734,56.34858703613281,32.81975555419922,195643
2012-11-02,56.689388275146484,56.8743896484375,56.2122688293457,56.24148178100586,32.75736999511719,337780
2012-11-05,56.20253372192383,56.718597412109375,55.89094543457031,56.59201431274414,32.961524963378906,145731
2012-11-06,56.52385711669922,56.83544158935547,56.31937789916992,56.63096237182617,32.98422622680664,234156
2012-11-07,56.04673767089844,57.03018569946289,55.84225845336914,56.59201431274414,32.961524963378906,395190
2012-11-08,56.47517013549805,56.99123764038086,56.251216888427734,56.387535095214844,32.84243392944336,298754
2012-11-09,56.01752853393555,56.543331146240234,55.81304931640625,56.13437271118164,32.69498062133789,185271
2012-11-12,56.08568572998047,56.44595718383789,55.88120651245117,55.97857666015625,32.6042366027832,280885
2012-11-13,55.59883117675781,56.65043640136719,55.59883117675781,56.105159759521484,32.67797088623047,215465
2012-11-14,55.98831558227539,56.31937789916992,55.77409744262695,55.91041946411133,32.56454086303711,246069
2012-11-15,55.93962860107422,56.251216888427734,55.676727294921875,55.85199737548828,32.530517578125,293209
2012-11-16,55.75462341308594,56.52385711669922,55.74488830566406,56.5043830871582,32.91050338745117,328640
2012-11-19,57.293087005615234,57.73125457763672,56.99123764038086,57.60467529296875,33.55134963989258,348153
2012-11-20,57.31256103515625,58.2083740234375,57.31256103515625,58.081790924072266,33.829246520996094,266917
2012-11-21,56.98149871826172,57.17624282836914,54.138267517089844,55.19961166381836,32.15053176879883,1935073
2012-11-23,55.180137634277344,55.18987274169922,54.76144027709961,54.888023376464844,31.969057083129883,320321
2012-11-26,54.790653228759766,54.790653228759766,53.992210388183594,54.37195587158203,31.668485641479492,386974
2012-11-27,54.508277893066406,54.77117919921875,54.040897369384766,54.323272705078125,31.64011573791504,399298
2012-11-28,53.98247146606445,54.37195587158203,53.320350646972656,54.24537658691406,31.59475326538086,406897
2012-11-29,54.634857177734375,54.99513244628906,54.26485061645508,54.4206428527832,31.696834564208984,278831
2012-11-30,54.66407012939453,55.27750778198242,54.66407012939453,55.111976623535156,32.099491119384766,593093
2012-12-03,55.02434158325195,55.10224151611328,54.498538970947266,54.57643508911133,31.787574768066406,407411
2012-12-04,54.47906494140625,54.605648040771484,54.0798454284668,54.09931945800781,31.509689331054688,303787
2012-12-05,54.15774154663086,55.13145065307617,54.10905456542969,54.90749740600586,31.98039436340332,583336
2012-12-06,54.09931945800781,54.61538314819336,54.09931945800781,54.29405975341797,32.16499328613281,278728
2012-12-07,54.39142990112305,54.89775848388672,53.7877311706543,53.894840240478516,31.928489685058594,188352
2012-12-10,53.894840240478516,54.23563766479492,53.47614288330078,53.65141296386719,31.784273147583008,432059
2012-12-11,53.50535583496094,54.90749740600586,53.50535583496094,54.8782844543457,32.5110969543457,645572
2012-12-12,55.637779235839844,56.73807144165039,55.09250259399414,56.30963897705078,33.35906219482422,487722
2012-12-13,55.783836364746094,56.7088623046875,55.676727294921875,55.84225845336914,33.08217239379883,316419
2012-12-14,55.8714714050293,56.40700912475586,55.74488830566406,55.959102630615234,33.15139389038086,274106
2012-12-17,55.99805450439453,56.30963897705078,55.861732482910156,56.105159759521484,33.2379264831543,311592
2012-12-18,56.105159759521484,56.40700912475586,55.501461029052734,55.75462341308594,33.0302619934082,414292
2012-12-19,55.783836364746094,56.08568572998047,55.55988311767578,55.76436233520508,33.036033630371094,325559
2012-12-20,55.98831558227539,56.2122688293457,55.365142822265625,56.20253372192383,33.295616149902344,249150
2012-12-21,55.9201545715332,56.35832595825195,55.530670166015625,56.05647659301758,33.20907974243164,392006
2012-12-24,55.929893493652344,56.35832595825195,55.394351959228516,56.222007751464844,33.30714416503906,109478
2012-12-26,56.19279479980469,56.19279479980469,55.51119613647461,55.9201545715332,33.12832260131836,185271
2012-12-27,55.84225845336914,56.144107818603516,55.51119613647461,55.59883117675781,32.937965393066406,500457
2012-12-28,55.647518157958984,56.114898681640625,55.326194763183594,55.43330001831055,32.83989715576172,521100
2012-12-31,54.790653228759766,56.2122688293457,54.790653228759766,56.1246337890625,33.24945068359375,284684
2013-01-02,57.05939483642578,57.24440002441406,56.3291130065918,56.95228958129883,33.739784240722656,515143
2013-01-03,56.971763610839844,57.429405212402344,56.33885192871094,56.55306625366211,33.50327682495117,579639
2013-01-04,57.24440002441406,57.24440002441406,55.74488830566406,56.5043830871582,33.47443389892578,657075
2013-01-07,56.37779998779297,56.465431213378906,55.73514938354492,56.09542465209961,33.23216247558594,633967
2013-01-08,56.27069091796875,56.8743896484375,56.007789611816406,56.144107818603516,33.26099395751953,553245
2013-01-09,56.222007751464844,56.6699104309082,56.18305587768555,56.533592224121094,33.49173355102539,347126
2013-01-10,56.76728439331055,56.98149871826172,56.59201431274414,56.98149871826172,33.75708770751953,266507
2013-01-11,57.10808181762695,57.507301330566406,57.010711669921875,57.21519088745117,33.895538330078125,475912
2013-01-14,56.79649353027344,56.95228958129883,56.572540283203125,56.66017532348633,33.56673812866211,524078
2013-01-15,56.56280517578125,56.63096237182617,55.647518157958984,55.676727294921875,32.98411560058594,736051
2013-01-16,55.501461029052734,55.637779235839844,55.180137634277344,55.48198699951172,32.868736267089844,541743
2013-01-17,55.6669921875,56.20253372192383,55.34566879272461,56.01752853393555,33.186012268066406,216492
2013-01-18,56.290164947509766,57.02044677734375,55.89094543457031,57.02044677734375,33.78015899658203,360682
2013-01-22,57.05939483642578,57.24440002441406,56.35832595825195,56.76728439331055,33.63019561767578,528700
2013-01-23,56.6212272644043,56.864654541015625,56.37779998779297,56.426483154296875,33.428279876708984,386049
2013-01-24,56.55306625366211,56.611488342285156,56.105159759521484,56.16358184814453,33.27254104614258,455269
2013-01-25,56.153846740722656,56.48490524291992,55.48198699951172,55.637779235839844,32.961029052734375,835773
2013-01-28,55.540409088134766,55.793575286865234,55.01460647583008,55.034080505371094,32.603397369384766,538456
2013-01-29,55.111976623535156,55.4625129699707,55.111976623535156,55.248294830322266,32.73030471801758,401454
2013-01-30,55.45277404785156,55.501461029052734,55.02434158325195,55.258033752441406,32.73606872558594,227789
2013-01-31,55.02434158325195,55.501461029052734,54.605648040771484,55.34566879272461,32.78797912597656,279755
2013-02-01,55.59883117675781,55.93962860107422,54.888023376464844,54.965919494628906,32.563011169433594,398476
2013-02-04,55.063289642333984,55.073028564453125,54.605648040771484,54.73223114013672,32.4245719909668,311797
2013-02-05,54.780914306640625,55.073028564453125,54.69327926635742,54.94644546508789,32.551483154296875,339321
2013-02-06,54.7127571105957,55.22882080078125,54.7127571105957,55.05355453491211,32.614925384521484,325867
2013-02-07,55.219085693359375,56.251216888427734,55.219085693359375,56.251216888427734,33.3244514465332,369001
2013-02-08,56.28042984008789,56.45569610595703,55.91041946411133,56.30963897705078,33.35906219482422,480533
2013-02-11,56.17332077026367,56.47517013549805,56.06621170043945,56.09542465209961,33.23216247558594,264144
2013-02-12,55.97857666015625,56.02726364135742,55.51119613647461,55.61830520629883,32.94949722290039,185990
2013-02-13,55.74488830566406,56.5043830871582,55.74488830566406,56.105159759521484,33.2379264831543,328229
2013-02-14,55.93962860107422,56.1246337890625,55.355403900146484,55.355403900146484,32.79374694824219,351542
2013-02-15,55.2872428894043,55.3748779296875,54.790653228759766,55.14118957519531,32.66685104370117,327818
2013-02-19,55.51119613647461,55.55014419555664,54.98539352416992,55.082763671875,32.63224411010742,371466
2013-02-20,54.819862365722656,55.1217155456543,53.573516845703125,53.59299087524414,31.749656677246094,579433
2013-02-21,53.43719482421875,53.43719482421875,52.385589599609375,52.90165328979492,31.340097427368164,327202
2013-02-22,52.83349609375,53.75851821899414,52.72638702392578,53.33982467651367,31.599685668945312,270923
2013-02-25,53.79746627807617,53.846153259277344,52.73612594604492,52.804283142089844,31.282413482666016,404433
2013-02-26,52.79454803466797,53.52482986450195,52.79454803466797,53.50535583496094,31.697750091552734,365715
2013-02-27,53.52482986450195,53.82667922973633,53.310611724853516,53.55404281616211,31.726585388183594,560023
2013-02-28,53.63193893432617,54.070106506347656,53.40798568725586,53.96299743652344,31.96886444091797,714587
2013-03-01,53.3787727355957,54.01168441772461,53.3787727355957,53.94352340698242,31.957326889038086,220600
2013-03-04,54.0798454284668,54.14800262451172,53.20350646972656,53.44693374633789,31.663131713867188,252437
2013-03-05,54.08958053588867,54.81012725830078,54.08958053588867,54.29405975341797,32.16499328613281,336343
2013-03-06,52.570594787597656,53.35929870605469,52.22005844116211,52.77507400512695,31.265111923217773,1020427
2013-03-07,52.7458610534668,53.54430389404297,52.6290168762207,53.50535583496094,31.697750091552734,517711
2013-03-08,53.55404281616211,54.19668960571289,53.55404281616211,53.82667922973633,31.888099670410156,345688
2013-03-11,53.846153259277344,54.84907531738281,53.846153259277344,54.76144027709961,32.44187927246094,557250
2013-03-12,54.76144027709961,55.26776885986328,54.673805236816406,55.1703987121582,32.68415832519531,335932
2013-03-13,55.42356491088867,55.501461029052734,54.80038833618164,55.180137634277344,32.68992233276367,493884
2013-03-14,55.26776885986328,55.501461029052734,54.76144027709961,55.209346771240234,32.70722961425781,445102
2013-03-15,55.15092468261719,55.34566879272461,54.55696105957031,54.66407012939453,32.38418960571289,847275
2013-03-18,54.37195587158203,54.37195587158203,53.602725982666016,53.700096130371094,31.813106536865234,406692
2013-03-19,53.65141296386719,53.846153259277344,53.2911376953125,53.417720794677734,31.645828247070312,371466
2013-03-20,53.76825714111328,53.846153259277344,53.20350646972656,53.388511657714844,31.628517150878906,346715
2013-03-21,53.320350646972656,53.388511657714844,52.814022064208984,53.30087661743164,31.57660675048828,398989
2013-03-22,53.310611724853516,53.93378829956055,53.2911376953125,53.93378829956055,31.951553344726562,661388
2013-03-25,54.031158447265625,54.10905456542969,53.33982467651367,54.040897369384766,32.015010833740234,579742
2013-03-26,54.15774154663086,54.26485061645508,53.534568786621094,53.894840240478516,31.928489685058594,416140
2013-03-27,53.66114807128906,53.885101318359375,53.456668853759766,53.855892181396484,31.905414581298828,391800
2013-03-28,53.885101318359375,54.08958053588867,53.739044189453125,53.992210388183594,31.98616600036621,272566
2013-04-01,53.885101318359375,54.070106506347656,53.25218963623047,53.4956169128418,31.69197654724121,321862
2013-04-02,53.90457534790039,54.138267517089844,52.999027252197266,53.145084381103516,31.484304428100586,238264
2013-04-03,53.22298049926758,53.36903762817383,52.26874542236328,52.667964935302734,31.20166015625,282939
2013-04-04,52.667964935302734,52.86270523071289,52.249271392822266,52.47322463989258,31.086273193359375,231486
2013-04-05,51.11002731323242,52.22005844116211,50.97370910644531,51.781890869140625,30.676734924316406,427437
2013-04-08,51.781890869140625,52.278480529785156,51.665042877197266,52.02531433105469,30.820940017700195,199957
2013-04-09,52.093475341796875,52.638755798339844,51.82083511352539,52.50243377685547,31.103588104248047,210021
2013-04-10,52.58032989501953,52.706912994384766,50.769229888916016,50.82765197753906,30.111419677734375,611579
2013-04-11,50.730281829833984,51.158714294433594,50.39921951293945,50.593963623046875,29.972970962524414,413984
2013-04-12,50.593963623046875,50.89581298828125,49.77604675292969,50.5452766418457,29.944120407104492,917214
2013-04-15,49.90262985229492,50.126583099365234,48.7049674987793,48.85102081298828,28.940414428710938,444794
2013-04-16,49.24050521850586,49.561832427978516,48.7049674987793,48.96786880493164,29.009632110595703,356266
2013-04-17,48.68549346923828,49.0457649230957,47.24440002441406,48.02336883544922,28.450088500976562,1177969
2013-04-18,47.906524658203125,48.38364028930664,47.68257141113281,48.373905181884766,28.65776252746582,562899
2013-04-19,48.60759353637695,48.60759353637695,47.88705062866211,48.4615364074707,28.709672927856445,592066
2013-04-22,48.49074935913086,48.57838439941406,47.83836364746094,48.091529846191406,28.4904727935791,879215
2013-04-23,48.14995193481445,48.19863510131836,47.77020263671875,48.06231689453125,28.47317123413086,730094
2013-04-24,48.28627014160156,48.62706756591797,48.10126495361328,48.42258834838867,28.68659782409668,725781
2013-04-25,48.92892074584961,49.513145446777344,48.481014251708984,48.646541595458984,28.81927490234375,1173553
2013-04-26,48.646541595458984,48.7536506652832,47.84810256958008,48.14021301269531,28.51931381225586,673712
2013-04-29,48.403114318847656,48.519962310791016,47.750728607177734,47.95520782470703,28.409713745117188,494398
2013-04-30,47.867576599121094,48.364166259765625,47.7117805480957,48.188899993896484,28.54816246032715,566699
2013-05-01,48.013633728027344,48.519962310791016,47.27361297607422,47.40019607543945,28.08091163635254,541229
2013-05-02,47.13729476928711,48.16942596435547,45.99805450439453,47.614410400390625,28.372758865356445,1025870
2013-05-03,47.88705062866211,48.19863510131836,47.867576599121094,48.06231689453125,28.639659881591797,510111
2013-05-06,48.0038948059082,48.31548309326172,47.92599868774414,48.081790924072266,28.651273727416992,413984
2013-05-07,48.042842864990234,48.14021301269531,47.81888961791992,48.052581787109375,28.633861541748047,317754
2013-05-08,47.896785736083984,48.841285705566406,47.83836364746094,48.71470260620117,29.02841567993164,391184
2013-05-09,48.49074935913086,48.938655853271484,48.4128532409668,48.45180130004883,28.87175941467285,382968
2013-05-10,48.44206237792969,48.549171447753906,47.82862854003906,47.99415969848633,28.599056243896484,342299
2013-05-13,47.906524658203125,48.0038948059082,46.65043640136719,47.02044677734375,28.018829345703125,512576
2013-05-14,46.94255065917969,47.293087005615234,46.88412857055664,47.02044677734375,28.018829345703125,363558
2013-05-15,46.78675842285156,47.039920806884766,46.44595718383789,46.73807144165039,27.85056495666504,616714
2013-05-16,46.64070129394531,46.89386749267578,46.465431213378906,46.73807144165039,27.85056495666504,416448
2013-05-17,46.63096237182617,46.9620246887207,46.56280517578125,46.864654541015625,27.925992965698242,583336
2013-05-20,46.757545471191406,47.09834671020508,46.52385711669922,46.971763610839844,27.98982048034668,341272
2013-05-21,46.825706481933594,47.39045715332031,46.611488342285156,46.81596755981445,27.896987915039062,440275
2013-05-22,46.84518051147461,47.13729476928711,46.52385711669922,46.69912338256836,27.82735824584961,505079
2013-05-23,46.251216888427734,46.825706481933594,46.20253372192383,46.6212272644043,27.780933380126953,408746
2013-05-24,46.3291130065918,46.69912338256836,46.114898681640625,46.416748046875,27.659090042114258,513500
2013-05-28,46.679649353027344,46.679649353027344,46.01752853393555,46.18305587768555,27.51984405517578,456193
2013-05-29,45.959102630615234,46.05647659301758,45.2872428894043,45.76436233520508,27.27034568786621,720749
2013-05-30,45.76436233520508,45.76436233520508,45.258033752441406,45.2872428894043,26.98603630065918,629756
2013-05-31,44.69327926635742,45.22882080078125,44.30379867553711,45.209346771240234,26.939624786376953,693533
2013-06-03,45.13145065307617,45.31645584106445,44.81012725830078,45.1217155456543,26.887405395507812,482690
2013-06-04,45.05355453491211,45.180137634277344,44.52775192260742,45.180137634277344,26.922218322753906,360169
2013-06-05,44.98539352416992,44.99513244628906,44.352481842041016,44.40116882324219,26.45804214477539,308100
2013-06-06,44.4206428527832,44.4206428527832,43.91431427001953,44.18695068359375,26.330385208129883,502306
2013-06-07,43.8753662109375,44.39142990112305,42.76533508300781,43.11587142944336,25.6921443939209,932311
2013-06-10,42.96981430053711,43.0866584777832,42.19084548950195,42.59980392456055,25.384626388549805,725165
2013-06-11,42.16163635253906,42.5413818359375,41.71372985839844,42.12268829345703,25.100326538085938,519046
2013-06-12,42.26874542236328,42.43427658081055,41.7916259765625,41.86952209472656,24.949460983276367,496760
2013-06-13,41.781890869140625,43.281402587890625,41.7039909362793,43.20350646972656,25.744373321533203,541332
2013-06-14,42.97955322265625,43.15481948852539,42.47322463989258,42.667964935302734,25.425251007080078,299371
2013-06-17,42.78480911254883,42.852970123291016,41.47030258178711,41.60662078857422,24.79280662536621,1054524
2013-06-18,41.528724670410156,41.5871467590332,41.012657165527344,41.343719482421875,24.636144638061523,574915
2013-06-19,41.39240646362305,41.55793762207031,40.79844284057617,40.98344802856445,24.421466827392578,564850
2013-06-20,40.311588287353516,40.5452766418457,38.85102081298828,38.89970779418945,23.17979621887207,1197482
2013-06-21,38.977603912353516,39.53261947631836,38.74391555786133,38.89970779418945,23.17979621887207,1757916
2013-06-24,38.4615364074707,38.55891036987305,37.935733795166016,38.081790924072266,22.692407608032227,602336
2013-06-25,38.373905181884766,38.656280517578125,37.935733795166016,38.013633728027344,22.651792526245117,1499625
2013-06-26,38.16942596435547,38.55891036987305,37.867576599121094,38.43232727050781,22.90129280090332,435243
2013-06-27,38.646541595458984,39.376827239990234,38.519962310791016,38.99707794189453,23.237810134887695,888560
2013-06-28,39.06523895263672,39.883155822753906,38.7536506652832,39.33787536621094,23.440893173217773,2072281
2013-07-01,39.38656234741211,39.7078857421875,39.18208312988281,39.24050521850586,23.38286781311035,832178
2013-07-02,39.31840133666992,39.47419738769531,38.763389587402344,38.81207275390625,23.127574920654297,1107620
2013-07-03,38.62706756591797,39.27945327758789,38.50048828125,39.01655197143555,23.249412536621094,555196
2013-07-05,39.20155715942383,39.21129608154297,38.617332458496094,38.78286361694336,23.110170364379883,545851
2013-07-08,38.666019439697266,39.67867660522461,38.666019439697266,39.367088317871094,23.458295822143555,899447
2013-07-09,39.58130645751953,39.698150634765625,38.646541595458984,38.89970779418945,23.17979621887207,856826
2013-07-10,38.88997268676758,39.221031188964844,37.68257141113281,37.81888961791992,22.535747528076172,669912
2013-07-11,38.43232727050781,38.519962310791016,37.41967010498047,37.87731170654297,22.570566177368164,974212
2013-07-12,37.77994155883789,37.935733795166016,37.13729476928711,37.361244201660156,22.263038635253906,473036
2013-07-15,37.293087005615234,37.760467529296875,37.2541389465332,37.585201263427734,22.39649200439453,249766
2013-07-16,37.51704025268555,37.7117805480957,37.13729476928711,37.52677536010742,22.361690521240234,247199
2013-07-17,37.614410400390625,37.906524658203125,37.10808181762695,37.195716857910156,22.164411544799805,972569
2013-07-18,37.195716857910156,37.4586181640625,37.05939483642578,37.28335189819336,22.216632843017578,471701
2013-07-19,37.24440002441406,37.40993118286133,36.81596755981445,37.195716857910156,22.164411544799805,371055
2013-07-22,37.20545196533203,37.585201263427734,37.20545196533203,37.48782730102539,22.338472366333008,460199
2013-07-23,37.760467529296875,37.760467529296875,37.293087005615234,37.39045715332031,22.280454635620117,602336
2013-07-24,37.3709831237793,37.39045715332031,36.971763610839844,37.16650390625,22.147001266479492,496554
2013-07-25,37.03018569946289,37.0788688659668,36.465431213378906,36.6212272644043,21.82207489013672,770353
2013-07-26,36.436222076416016,36.63096237182617,36.260955810546875,36.387535095214844,21.682823181152344,836491
2013-07-29,36.35832595825195,36.5043830871582,35.99805450439453,36.13437271118164,21.531967163085938,892874
2013-07-30,30.457643508911133,30.963972091674805,29.33787727355957,29.95131492614746,17.84757423400879,6343368
2013-07-31,29.561830520629883,29.698150634765625,27.332035064697266,28.198637008666992,16.803173065185547,4154934
2013-08-01,28.305744171142578,28.78286361694336,27.750730514526367,28.597858428955078,17.041061401367188,2368057
2013-08-02,28.451801300048828,28.67575454711914,27.964946746826172,28.06231689453125,16.72194480895996,1864108
2013-08-05,28.06231689453125,28.179162979125977,27.64362144470215,27.702045440673828,16.50726890563965,1267318
2013-08-06,27.69230842590332,28.25705909729004,26.426485061645508,27.63388442993164,16.466650009155273,2760679
2013-08-07,27.565725326538086,27.818889617919922,27.12755584716797,27.176240921020508,16.193939208984375,924711
2013-08-08,27.409931182861328,28.052579879760742,27.273611068725586,27.73125648498535,16.524669647216797,911052
2013-08-09,27.86757469177246,28.325218200683594,27.86757469177246,28.149951934814453,16.7741641998291,1907344
2013-08-12,28.15968894958496,28.67575454711914,27.994157791137695,28.237585067749023,16.82638168334961,1233427
2013-08-13,28.597858428955078,28.646543502807617,27.458616256713867,27.565725326538086,16.42603302001953,898214
2013-08-14,27.77994155883789,27.8773136138916,27.44887924194336,27.526777267456055,16.40281867980957,930565
2013-08-15,27.409931182861328,27.54625129699707,27.16650390625,27.36124610900879,16.30419158935547,487722
2013-08-16,27.341772079467773,27.36124610900879,26.621227264404297,26.728334426879883,15.927040100097656,797979
2013-08-19,26.777019500732422,26.854917526245117,26.309640884399414,26.338851928710938,15.69495677947998,752072
2013-08-20,26.338851928710938,26.426485061645508,26.105161666870117,26.22200584411621,15.625327110290527,1087182
2013-08-21,26.153846740722656,26.23174285888672,24.576435089111328,24.839338302612305,14.801416397094727,1691982
2013-08-22,24.9561824798584,25.404090881347656,24.878286361694336,25.10223960876465,14.958072662353516,1273994
2013-08-23,25.09250259399414,25.306718826293945,25.063291549682617,25.2482967376709,15.045111656188965,897187
2013-08-26,25.60856819152832,25.98831558227539,25.2482967376709,25.355403900146484,15.108928680419922,1413255
2013-08-27,25.19961166381836,25.413827896118164,24.527751922607422,24.67380714416504,14.702776908874512,1271426
2013-08-28,24.28432273864746,24.56669807434082,24.09931755065918,24.323272705078125,14.493900299072266,905198
2013-08-29,24.29405975341797,25.00486946105957,24.19668960571289,24.829601287841797,14.795616149902344,847994
2013-08-30,24.94644546508789,26.114898681640625,24.634859085083008,25.228822708129883,15.033504486083984,1705231
2013-09-03,25.306718826293945,25.628042221069336,25.131450653076172,25.618305206298828,15.265594482421875,1742922
2013-09-04,25.60856819152832,26.260953903198242,25.579357147216797,26.251216888427734,15.642733573913574,1014573
2013-09-05,26.2901668548584,28.02336883544922,26.173320770263672,27.93573570251465,16.646516799926758,1840897
2013-09-06,28.02336883544922,28.48101234436035,27.711782455444336,27.92599868774414,16.640714645385742,1033265
2013-09-09,28.3349552154541,30.525802612304688,28.276533126831055,30.47711753845215,18.160886764526367,1576137
2013-09-10,31.061344146728516,31.6650447845459,30.778968811035156,30.876338958740234,18.398780822753906,3553728
2013-09-11,30.08763313293457,31.489776611328125,29.746835708618164,31.236610412597656,18.613460540771484,1434616
2013-09-12,31.061344146728516,31.148977279663086,29.980525970458984,30.116844177246094,17.946210861206055,841626
2013-09-13,30.116844177246094,30.866601943969727,29.48393440246582,30.671859741210938,18.27693748474121,1284674
2013-09-16,31.158714294433594,31.480039596557617,30.584226608276367,30.84712791442871,18.381372451782227,717668
2013-09-17,30.671859741210938,30.963972091674805,30.253164291381836,30.42843246459961,18.131879806518555,489879
2013-09-18,30.555015563964844,31.421615600585938,30.243427276611328,31.343719482421875,18.677284240722656,671453
2013-09-19,31.431352615356445,32.30769348144531,30.84712791442871,31.061344146728516,18.50901985168457,684496
2013-09-20,31.061344146728516,31.36319351196289,30.730281829833984,30.827653884887695,18.369766235351562,606341
2013-09-23,30.778968811035156,31.353456497192383,30.720544815063477,31.061344146728516,18.50901985168457,705652
2013-09-24,31.100292205810547,31.12950325012207,30.720544815063477,30.75949478149414,18.329158782958984,818519
2013-09-25,30.66212272644043,30.80817985534668,30.389484405517578,30.438169479370117,18.137683868408203,929435
2013-09-26,30.56475257873535,30.817916870117188,30.311586380004883,30.438169479370117,18.137683868408203,712533
2013-09-27,30.3310604095459,30.438169479370117,30.08763313293457,30.19474220275879,17.99262809753418,511343
2013-09-30,29.941577911376953,30.097370147705078,29.600778579711914,29.746835708618164,17.72572898864746,748683
2013-10-01,29.639726638793945,29.834468841552734,29.639726638793945,29.71762466430664,17.708316802978516,653275
2013-10-02,29.591041564941406,29.970788955688477,29.503408432006836,29.62025260925293,17.650299072265625,1178072
2013-10-03,29.308666229248047,29.6689395904541,29.250242233276367,29.600778579711914,17.638689041137695,1044048
2013-10-04,29.5813045501709,29.688413619995117,29.24050521850586,29.28919219970703,17.453020095825195,451777
2013-10-07,29.24050521850586,29.29892921447754,28.607595443725586,28.63680648803711,17.064271926879883,719311
2013-10-08,28.597858428955078,28.78286361694336,28.101266860961914,28.140214920043945,16.768360137939453,444588
2013-10-09,28.149951934814453,28.149951934814453,27.517040252685547,27.604673385620117,16.449237823486328,661696
2013-10-10,27.86757469177246,27.97468376159668,27.409931182861328,27.555988311767578,16.420230865478516,558996
2013-10-11,27.234664916992188,27.526777267456055,26.806232452392578,27.069133758544922,16.130117416381836,850253
2013-10-14,26.952287673950195,27.11781883239746,26.79649543762207,27.03018569946289,16.106910705566406,516273
2013-10-15,27.03018569946289,27.03018569946289,26.640701293945312,26.65043830871582,15.88062572479248,762445
2013-10-16,26.718597412109375,27.020448684692383,26.708860397338867,26.962024688720703,16.06629180908203,813487
2013-10-17,27.108081817626953,27.16650390625,26.69912338256836,26.73807144165039,15.932839393615723,738002
2013-10-18,26.777019500732422,26.97176170349121,26.338851928710938,26.407011032104492,15.735570907592773,880961
2013-10-21,26.475170135498047,26.60175323486328,26.436222076416016,26.523855209350586,15.805192947387695,778569
2013-10-22,26.582277297973633,27.069133758544922,26.46543312072754,27.03018569946289,16.106910705566406,720440
2013-10-23,26.88412857055664,27.263874053955078,26.7478084564209,27.18597984313965,16.199743270874023,494603
2013-10-24,27.108081817626953,27.380720138549805,26.630964279174805,27.16650390625,16.188142776489258,797774
2013-10-25,27.22492790222168,27.22492790222168,26.854917526245117,27.11781883239746,16.15913200378418,428156
2013-10-28,27.059396743774414,28.29600715637207,26.640701293945312,28.198637008666992,16.803173065185547,714176
2013-10-29,28.305744171142578,28.432327270507812,27.40019416809082,27.526777267456055,16.40281867980957,356780
2013-10-30,27.653358459472656,27.750730514526367,27.458616256713867,27.614410400390625,16.455039978027344,249458
2013-10-31,27.653358459472656,27.653358459472656,26.679649353027344,26.88412857055664,16.01988410949707,345277
2013-11-01,26.874391555786133,27.020448684692383,26.32911491394043,26.562803268432617,15.82840347290039,803422
2013-11-04,26.562803268432617,28.111003875732422,26.523855209350586,27.994157791137695,16.681325912475586,822832
2013-11-05,27.896787643432617,27.916261672973633,27.244401931762695,27.409931182861328,16.333194732666016,389644
2013-11-06,27.409931182861328,27.69230842590332,27.16650390625,27.263874053955078,16.246158599853516,390876
2013-11-07,27.263874053955078,27.468353271484375,26.952287673950195,26.98150062561035,16.07789421081543,468928
2013-11-08,26.97176170349121,27.020448684692383,26.523855209350586,26.767282485961914,15.950247764587402,363558
2013-11-11,26.79649543762207,26.952287673950195,26.387537002563477,26.60175323486328,15.851613998413086,454447
2013-11-12,26.55306625366211,26.592016220092773,26.23174285888672,26.407011032104492,15.735570907592773,362120
2013-11-13,26.153846740722656,26.280427932739258,25.80331039428711,26.27069091796875,15.654341697692871,574196
2013-11-14,26.241479873657227,26.35832405090332,25.65725326538086,26.18305778503418,15.602118492126465,563310
2013-11-15,26.348588943481445,26.708860397338867,26.13437271118164,26.572540283203125,15.83420467376709,1785439
2013-11-18,26.679649353027344,27.069133758544922,26.582277297973633,26.854917526245117,16.00246810913086,1245340
2013-11-19,27.020448684692383,27.653358459472656,26.874391555786133,27.468353271484375,16.368011474609375,911257
2013-11-20,26.97176170349121,26.97176170349121,24.849075317382812,25.14118766784668,14.981284141540527,2154030
2013-11-21,25.43330192565918,25.43330192565918,24.44011688232422,24.586172103881836,14.650555610656738,1938668
2013-11-22,24.634859085083008,24.722492218017578,24.06036949157715,24.128530502319336,14.37785530090332,1382137
2013-11-25,24.06036949157715,24.216163635253906,23.622201919555664,23.7098331451416,14.128361701965332,650810
2013-11-26,23.612462997436523,23.972736358642578,23.378772735595703,23.953262329101562,14.273415565490723,1195942
2013-11-27,24.05063247680664,24.362220764160156,23.953262329101562,24.313535690307617,14.4881010055542,410492
2013-11-29,24.469327926635742,24.547225952148438,24.323272705078125,24.35248374938965,14.51130199432373,284787
2013-12-02,24.34274673461914,24.508277893066406,24.186952590942383,24.255111694335938,14.453287124633789,358115
2013-12-03,24.167478561401367,24.615385055541992,24.09931755065918,24.225900650024414,14.435879707336426,583644
2013-12-04,23.67088508605957,24.14800453186035,23.612462997436523,23.982473373413086,14.741722106933594,634070
2013-12-05,23.894838333129883,23.992210388183594,22.83349609375,23.11587142944336,14.209033966064453,1127030
2013-12-06,23.242454528808594,23.826679229736328,22.989288330078125,23.612462997436523,14.514286041259766,865042
2013-12-09,23.612462997436523,23.64167594909668,22.9600772857666,23.125608444213867,14.2150239944458,1356359
2013-12-10,23.02823829650879,23.505355834960938,22.930866241455078,23.125608444213867,14.2150239944458,826427
2013-12-11,23.135345458984375,23.184030532836914,22.4148006439209,22.521907806396484,13.8439359664917,684290
2013-12-12,22.463485717773438,22.609542846679688,21.908470153808594,22.22005844116211,13.658390045166016,660772
2013-12-13,22.22005844116211,22.64849090576172,22.17137336730957,22.55112075805664,13.861893653869629,687987
2013-12-16,22.395326614379883,23.369035720825195,22.30769157409668,22.88218116760254,14.065388679504395,1194812
2013-12-17,23.11587142944336,23.885101318359375,22.940603256225586,23.271665573120117,14.304802894592285,723521
2013-12-18,23.291139602661133,23.53456687927246,22.609542846679688,22.736125946044922,13.975611686706543,554991
2013-12-19,22.541383743286133,22.83349609375,22.015579223632812,22.784809112548828,14.005536079406738,769531
2013-12-20,22.87244415283203,24.0019474029541,22.87244415283203,23.515092849731445,14.454429626464844,1062123
2013-12-23,23.739046096801758,24.595909118652344,23.505355834960938,24.410905838012695,15.00507926940918,865247
2013-12-24,24.56669807434082,25.150924682617188,24.449853897094727,24.926971435546875,15.322296142578125,437194
2013-12-26,24.936708450317383,24.936708450317383,24.410905838012695,24.849075317382812,15.274417877197266,478787
2013-12-27,24.917234420776367,25.150924682617188,24.829601287841797,24.985393524169922,15.358202934265137,295160
2013-12-30,24.829601287841797,24.985393524169922,24.56669807434082,24.81986427307129,15.256460189819336,684187
2013-12-31,24.81012725830078,25.2482967376709,24.81012725830078,25.19961166381836,15.489885330200195,331413
2014-01-02,24.9561824798584,25.296981811523438,24.508277893066406,24.693281173706055,15.178648948669434,569061
2014-01-03,24.732229232788086,25.10223960876465,24.459590911865234,24.56669807434082,15.10084056854248,268971
2014-01-06,24.683544158935547,24.99513053894043,24.576435089111328,24.67380714416504,15.166677474975586,331516
2014-01-07,24.771177291870117,24.780914306640625,24.401168823242188,24.518014907836914,15.070917129516602,410903
2014-01-08,24.518014907836914,25.131450653076172,24.459590911865234,25.073028564453125,15.41207218170166,682750
2014-01-09,25.23855972290039,25.23855972290039,24.28432273864746,24.703018188476562,15.184637069702148,556326
2014-01-10,24.722492218017578,25.131450653076172,24.459590911865234,25.09250259399414,15.424046516418457,520894
2014-01-13,25.10223960876465,25.277507781982422,25.024343490600586,25.111976623535156,15.436013221740723,579228
2014-01-14,25.170398712158203,25.813047409057617,25.034080505371094,25.7935733795166,15.854989051818848,1086977
2014-01-15,25.98831558227539,28.06231689453125,25.90068244934082,27.711782455444336,17.034082412719727,1710468
2014-01-16,27.750730514526367,28.091529846191406,26.825706481933594,27.40019416809082,16.842554092407227,1057707
2014-01-17,27.263874053955078,27.964946746826172,27.18597984313965,27.760467529296875,17.064006805419922,753099
2014-01-21,27.020448684692383,27.11781883239746,26.523855209350586,26.825706481933594,16.489423751831055,1212476
2014-01-22,26.79649543762207,27.517040252685547,26.777019500732422,27.059396743774414,16.63306999206543,812768
2014-01-23,26.825706481933594,26.89386558532715,26.280427932739258,26.582277297973633,16.33979034423828,616919
2014-01-24,26.50438117980957,26.50438117980957,24.965919494628906,25.70594024658203,15.801116943359375,1014573
2014-01-27,25.628042221069336,26.14410972595215,25.472248077392578,25.52093505859375,15.687400817871094,790174
2014-01-28,25.579357147216797,25.686464309692383,25.316455841064453,25.46251106262207,15.651484489440918,480020
2014-01-29,25.296981811523438,25.530672073364258,24.878286361694336,24.90749740600586,15.310324668884277,647318
2014-01-30,24.917234420776367,25.073028564453125,24.39143180847168,24.703018188476562,15.184637069702148,671658
2014-01-31,24.527751922607422,24.527751922607422,24.24537467956543,24.255111694335938,14.909316062927246,685112
2014-02-03,24.371957778930664,24.741966247558594,23.602725982666016,23.875364303588867,14.675889015197754,1031416
2014-02-04,24.031158447265625,24.264848709106445,23.631938934326172,24.06036949157715,14.789607048034668,567007
2014-02-05,24.255111694335938,24.868549346923828,24.079843521118164,24.829601287841797,15.262445449829102,698976
2014-02-06,24.868549346923828,25.345666885375977,24.67380714416504,25.0438175201416,15.394119262695312,713046
2014-02-07,25.082765579223633,25.365140914916992,24.703018188476562,25.23855972290039,15.513825416564941,802190
2014-02-10,25.219085693359375,26.523855209350586,24.839338302612305,25.98831558227539,15.974688529968262,1176839
2014-02-11,26.105161666870117,26.592016220092773,25.481985092163086,25.85199546813965,15.89089584350586,1206314
2014-02-12,25.822784423828125,26.426485061645508,25.822784423828125,25.9980525970459,15.980676651000977,376909
2014-02-13,25.89094352722168,26.445959091186523,25.80331039428711,26.2901668548584,16.160236358642578,485771
2014-02-14,26.27069091796875,26.65043830871582,26.27069091796875,26.319377899169922,16.17818832397461,647626
2014-02-18,26.69912338256836,26.7478084564209,26.309640884399414,26.484907150268555,16.279937744140625,567726
2014-02-19,26.2901668548584,26.533592224121094,26.08568572998047,26.14410972595215,16.07045555114746,618768
2014-02-20,26.163583755493164,26.299903869628906,25.9980525970459,26.212268829345703,16.11235237121582,464204
2014-02-21,26.241479873657227,26.387537002563477,25.9980525970459,26.251216888427734,16.136293411254883,375471
2014-02-24,26.2901668548584,26.299903869628906,26.07594871520996,26.114898681640625,16.052499771118164,464101
2014-02-25,26.09542465209961,26.114898681640625,25.832521438598633,25.93963050842285,15.944764137268066,430929
2014-02-26,26.163583755493164,28.042842864990234,25.85199546813965,27.984420776367188,17.201669692993164,3005413
2014-02-27,28.48101234436035,30.116844177246094,28.111003875732422,29.649463653564453,18.22515296936035,4430581
2014-02-28,29.883155822753906,30.47711753845215,29.162609100341797,29.990262985229492,18.43463897705078,2597488
2014-03-03,29.415773391723633,30.47711753845215,28.91918182373047,29.629989624023438,18.213186264038086,1434103
2014-03-04,29.883155822753906,31.265823364257812,29.824731826782227,30.71080780029297,18.87755012512207,1743230
2014-03-05,29.552093505859375,35.29698181152344,29.328140258789062,32.132423400878906,19.751394271850586,3501967
2014-03-06,32.103214263916016,32.9211311340332,31.207399368286133,32.22979736328125,19.81125259399414,1581169
2014-03-07,32.03505325317383,32.50243377685547,31.51898765563965,31.626094818115234,19.440160751342773,1213606
2014-03-10,31.548198699951172,31.548198699951172,30.76923179626465,31.148977279663086,19.146886825561523,762650
2014-03-11,31.139240264892578,31.32424545288086,30.632911682128906,30.788705825805664,18.92542839050293,1019811
2014-03-12,30.506328582763672,31.100292205810547,29.980525970458984,30.019474029541016,18.452594757080078,1566791
2014-03-13,29.931840896606445,30.311586380004883,29.493671417236328,29.639726638793945,18.21916389465332,1055551
2014-03-14,29.62025260925293,29.795520782470703,28.812074661254883,29.591041564941406,18.189237594604492,1266599
2014-03-17,30.029211044311523,30.671859741210938,29.795520782470703,30.146055221557617,18.5304012298584,785963
2014-03-18,30.18500518798828,30.545278549194336,29.57156753540039,29.883155822753906,18.368799209594727,1005946
2014-03-19,29.834468841552734,29.91236686706543,28.97760581970215,29.211294174194336,17.955814361572266,1044664
2014-03-20,29.474197387695312,29.474197387695312,28.714702606201172,29.3768253326416,18.057565689086914,1137608
2014-03-21,29.415773391723633,29.922103881835938,29.172346115112305,29.328140258789062,18.02764320373535,1057707
2014-03-24,29.72736167907715,29.785783767700195,28.58812141418457,29.113924026489258,17.89596176147461,554067
2014-03-25,29.24050521850586,29.688413619995117,28.753650665283203,29.474197387695312,18.11741828918457,735948
2014-03-26,29.756572723388672,30.19474220275879,29.06523895263672,29.133398056030273,17.90793228149414,964764
2014-03-27,29.06523895263672,29.931840896606445,29.026290893554688,29.922103881835938,18.392744064331055,782369
2014-03-28,30.204479217529297,30.76923179626465,29.922103881835938,30.116844177246094,18.512447357177734,683777
2014-03-31,30.555015563964844,31.139240264892578,30.03894805908203,30.905550003051758,18.997257232666016,1198406
2014-04-01,30.886075973510742,31.32424545288086,30.165531158447266,30.593963623046875,18.80572509765625,822011
2014-04-02,30.47711753845215,30.51606559753418,29.80525779724121,30.029211044311523,18.45857810974121,1437286
2014-04-03,30.0,30.584226608276367,29.8734188079834,30.155794143676758,18.536388397216797,571936
2014-04-04,30.360273361206055,30.730281829833984,29.746835708618164,29.76630973815918,18.296972274780273,584979
2014-04-07,29.57156753540039,29.67867660522461,28.96786880493164,29.10418701171875,17.889978408813477,727835
2014-04-08,29.14313507080078,30.292112350463867,29.123661041259766,29.600778579711914,18.195222854614258,1098993
2014-04-09,29.62025260925293,30.350536346435547,29.318403244018555,30.204479217529297,18.566314697265625,1557651
2014-04-10,30.47711753845215,30.671859741210938,29.785783767700195,29.892892837524414,18.374786376953125,1326473
2014-04-11,30.097370147705078,30.749757766723633,29.5813045501709,30.506328582763672,18.751855850219727,1013546
2014-04-14,30.42843246459961,30.886075973510742,30.262901306152344,30.370010375976562,18.668067932128906,409670
2014-04-15,30.4186954498291,30.57448959350586,29.591041564941406,30.214216232299805,18.572298049926758,1072496
2014-04-16,30.47711753845215,30.954235076904297,30.46738052368164,30.89581298828125,18.991268157958984,604390
2014-04-17,30.963972091674805,31.70399284362793,30.886075973510742,31.47030258178711,19.344402313232422,485874
2014-04-21,31.567672729492188,31.888996124267578,31.148977279663086,31.674781799316406,19.470088958740234,684804
2014-04-22,31.645570755004883,31.645570755004883,31.0418701171875,31.27556037902832,19.224689483642578,606033
2014-04-23,31.207399368286133,31.246349334716797,30.85686492919922,30.954235076904297,19.02718162536621,377525
2014-04-24,30.993183135986328,31.03213119506836,30.243427276611328,30.94449806213379,19.021196365356445,457528
2014-04-25,30.76923179626465,31.265823364257812,30.51606559753418,30.671859741210938,18.853609085083008,301527
2014-04-28,29.503408432006836,30.253164291381836,29.211294174194336,30.107107162475586,18.506458282470703,876442
2014-04-29,30.107107162475586,30.46738052368164,29.990262985229492,30.18500518798828,18.554344177246094,342505
2014-04-30,30.029211044311523,31.061344146728516,30.019474029541016,31.061344146728516,19.174039840698242,477247
2014-05-01,31.071081161499023,31.09055519104004,30.408958435058594,31.03213119506836,19.15601348876953,240215
2014-05-02,31.03213119506836,31.431352615356445,30.66212272644043,30.730281829833984,18.969682693481445,292592
2014-05-05,30.584226608276367,30.749757766723633,29.57156753540039,29.659202575683594,18.308502197265625,687166
2014-05-06,29.48393440246582,29.71762466430664,29.026290893554688,29.084712982177734,17.953874588012695,491317
2014-05-07,29.211294174194336,30.077896118164062,29.01655387878418,30.019474029541016,18.530900955200195,467593
2014-05-08,30.08763313293457,30.28237533569336,29.610515594482422,29.737098693847656,18.35658836364746,300808
2014-05-09,29.659202575683594,29.990262985229492,29.259981155395508,29.328140258789062,18.104143142700195,284787
2014-05-12,29.357351303100586,29.892892837524414,29.221031188964844,29.72736167907715,18.35057830810547,278214
2014-05-13,29.629989624023438,29.922103881835938,29.357351303100586,29.795520782470703,18.39265251159668,331208
2014-05-14,28.90944480895996,29.250242233276367,27.994157791137695,28.16942596435547,17.388874053955078,1833708
2014-05-15,28.188899993896484,28.383642196655273,26.299903869628906,26.806232452392578,16.547382354736328,2176727
2014-05-16,26.777019500732422,28.276533126831055,26.669912338256836,27.77994155883789,17.148447036743164,1086361
2014-05-19,27.818889617919922,28.412853240966797,27.77994155883789,28.373905181884766,17.515094757080078,519251
2014-05-20,28.29600715637207,28.29600715637207,27.750730514526367,27.906524658203125,17.22658920288086,462972
2014-05-21,27.82862663269043,29.074975967407227,27.74099349975586,28.48101234436035,17.58121109008789,436167
2014-05-22,28.2083740234375,28.812074661254883,28.0817928314209,28.763389587402344,17.75551986694336,588060
2014-05-23,28.82181167602539,29.172346115112305,28.714702606201172,29.084712982177734,17.953874588012695,293311
2014-05-27,29.084712982177734,29.629989624023438,28.792600631713867,29.53261947631836,18.23036766052246,413367
2014-05-28,29.639726638793945,29.91236686706543,29.474197387695312,29.834468841552734,18.416698455810547,396833
2014-05-29,29.941577911376953,30.370010375976562,29.80525779724121,29.96105194091797,18.49483871459961,383893
2014-05-30,29.853944778442383,30.32132339477539,29.172346115112305,29.444984436035156,18.17626953125,349180
2014-06-02,29.396299362182617,29.776046752929688,29.211294174194336,29.444984436035156,18.17626953125,242475
2014-06-03,29.42551040649414,29.542356491088867,29.23076820373535,29.52288246154785,18.224353790283203,221935
2014-06-04,29.318403244018555,29.980525970458984,29.14313507080078,29.95131492614746,18.488826751708984,363250
2014-06-05,29.931840896606445,30.03894805908203,29.357351303100586,29.707887649536133,18.338560104370117,224399
2014-06-06,29.844205856323242,29.95131492614746,29.454721450805664,29.591041564941406,18.266427993774414,171714
2014-06-09,29.454721450805664,30.068159103393555,29.454721450805664,29.970788955688477,18.500844955444336,203551
2014-06-10,29.737098693847656,30.27263832092285,29.52288246154785,30.262901306152344,18.681169509887695,347023
2014-06-11,30.204479217529297,30.37974739074707,29.990262985229492,30.155794143676758,18.615053176879883,271025
2014-06-12,30.009737014770508,30.18500518798828,29.42551040649414,29.659202575683594,18.308502197265625,266198
2014-06-13,29.629989624023438,29.707887649536133,29.211294174194336,29.48393440246582,18.2003116607666,225529
2014-06-16,29.513145446777344,29.902629852294922,29.211294174194336,29.38656234741211,18.14020538330078,329154
2014-06-17,29.328140258789062,29.406036376953125,29.113924026489258,29.29892921447754,18.086111068725586,329051
2014-06-18,29.396299362182617,30.077896118164062,29.308666229248047,30.019474029541016,18.530900955200195,322067
2014-06-19,29.990262985229492,30.778968811035156,29.941577911376953,30.525802612304688,18.843454360961914,515759
2014-06-20,30.47711753845215,30.603700637817383,29.922103881835938,30.3310604095459,18.723241806030273,442740
2014-06-23,30.243427276611328,30.243427276611328,29.639726638793945,29.707887649536133,18.338560104370117,283247
2014-06-24,29.600778579711914,29.785783767700195,29.211294174194336,29.308666229248047,18.092121124267578,408130
2014-06-25,29.357351303100586,29.42551040649414,28.87049674987793,29.29892921447754,18.086111068725586,561769
2014-06-26,29.328140258789062,29.57156753540039,28.90944480895996,29.05550193786621,17.935840606689453,508981
2014-06-27,29.182083129882812,29.19182014465332,28.325218200683594,28.432327270507812,17.55116081237793,453010
2014-06-30,28.451801300048828,28.8315486907959,28.383642196655273,28.5394344329834,17.61727523803711,454242
2014-07-01,28.67575454711914,28.812074661254883,28.58812141418457,28.78286361694336,17.767545700073242,310462
2014-07-02,28.9581298828125,29.5813045501709,28.753650665283203,29.29892921447754,18.086111068725586,430518
2014-07-03,29.318403244018555,29.561830520629883,29.29892921447754,29.493671417236328,18.20631980895996,89246
2014-07-07,29.474197387695312,29.503408432006836,28.67575454711914,28.899707794189453,17.83967399597168,398065
2014-07-08,28.9581298828125,29.649463653564453,28.90944480895996,29.201557159423828,18.0260066986084,759261
2014-07-09,28.597858428955078,28.68549156188965,28.218111038208008,28.25705909729004,17.966571807861328,299576
2014-07-10,28.052579879760742,28.130477905273438,27.31256103515625,27.54625129699707,17.514619827270508,612297
2014-07-11,27.624147415161133,27.848100662231445,27.370983123779297,27.5851993560791,17.539384841918945,212794
2014-07-14,27.721519470214844,27.906524658203125,27.575462341308594,27.69230842590332,17.607486724853516,332337
2014-07-15,28.15968894958496,28.938655853271484,27.8773136138916,28.714702606201172,18.25755500793457,750429
2014-07-16,28.928918838500977,29.269718170166016,28.743913650512695,29.24050521850586,18.591869354248047,401043
2014-07-17,29.211294174194336,29.211294174194336,28.597858428955078,28.656280517578125,18.220407485961914,371055
2014-07-18,28.06231689453125,28.461538314819336,27.283349990844727,27.322298049926758,17.372228622436523,593298
2014-07-21,27.31256103515625,27.663095474243164,26.903602600097656,27.604673385620117,17.551767349243164,625340
2014-07-22,27.818889617919922,28.2083740234375,27.73125648498535,27.916261672973633,17.749879837036133,694765
2014-07-23,27.86757469177246,27.93573570251465,27.604673385620117,27.750730514526367,17.644628524780273,365201
2014-07-24,27.955209732055664,28.130477905273438,27.526777267456055,28.07205581665039,17.848936080932617,383893
2014-07-25,27.916261672973633,28.305744171142578,27.8773136138916,28.02336883544922,17.81798553466797,149223
2014-07-28,28.101266860961914,28.704965591430664,27.770204544067383,28.39337921142578,18.053247451782227,253155
2014-07-29,28.49074935913086,28.597858428955078,28.033105850219727,28.033105850219727,17.82417106628418,221216
2014-07-30,28.2083740234375,28.2083740234375,27.12755584716797,27.16650390625,17.27316665649414,301630
2014-07-31,27.069133758544922,27.234664916992188,26.825706481933594,27.000974655151367,17.167917251586914,378141
2014-08-01,26.88412857055664,27.098344802856445,26.50438117980957,26.79649543762207,17.037906646728516,325046
2014-08-04,26.61149024963379,27.098344802856445,26.61149024963379,26.99123764038086,17.161727905273438,236929
2014-08-05,26.777019500732422,27.088607788085938,26.533592224121094,26.99123764038086,17.161727905273438,345585
2014-08-06,26.89386558532715,27.12755584716797,26.7478084564209,27.059396743774414,17.205060958862305,161855
2014-08-07,27.049659729003906,27.049659729003906,26.55306625366211,26.621227264404297,16.926464080810547,164423
2014-08-08,26.582277297973633,27.0399227142334,26.582277297973633,27.03018569946289,17.186492919921875,127759
2014-08-11,27.205453872680664,27.896787643432617,27.18597984313965,27.86757469177246,17.71892547607422,356882
2014-08-12,27.86757469177246,28.2083740234375,27.7896785736084,27.92599868774414,17.756072998046875,275441
2014-08-13,28.052579879760742,28.188899993896484,27.770204544067383,27.984420776367188,17.7932186126709,326689
2014-08-14,27.88705062866211,27.955209732055664,26.630964279174805,27.0399227142334,17.19268035888672,917933
2014-08-15,27.0399227142334,27.0399227142334,26.582277297973633,26.88412857055664,17.093631744384766,883323
2014-08-18,26.97176170349121,27.254138946533203,26.806232452392578,27.195716857910156,17.291744232177734,289306
2014-08-19,27.302824020385742,27.565725326538086,27.156766891479492,27.263874053955078,17.335071563720703,302349
2014-08-20,27.254138946533203,27.672832489013672,27.000974655151367,27.614410400390625,17.557952880859375,329975
2014-08-21,27.555988311767578,27.88705062866211,27.380720138549805,27.64362144470215,17.576528549194336,219264
2014-08-22,27.64362144470215,27.64362144470215,27.263874053955078,27.283349990844727,17.34745979309082,124575
2014-08-25,27.332035064697266,27.624147415161133,27.22492790222168,27.283349990844727,17.34745979309082,141315
2014-08-26,27.263874053955078,27.43914222717285,27.088607788085938,27.40019416809082,17.4217529296875,251820
2014-08-27,27.40019416809082,27.604673385620117,26.73807144165039,26.98150062561035,17.155536651611328,411313
2014-08-28,26.767282485961914,26.8354434967041,25.968841552734375,26.484907150268555,16.83979034423828,810611
2014-08-29,26.377798080444336,26.68938636779785,26.348588943481445,26.660175323486328,16.95123291015625,657280
2014-09-02,26.630964279174805,27.12755584716797,26.533592224121094,26.98150062561035,17.155536651611328,416551
2014-09-03,27.22492790222168,27.22492790222168,26.65043830871582,27.0399227142334,17.19268035888672,436680
2014-09-04,27.11781883239746,27.409931182861328,26.88412857055664,27.176240921020508,17.27935791015625,485566
2014-09-05,27.18597984313965,27.293087005615234,27.07887077331543,27.176240921020508,17.27935791015625,348358
2014-09-08,27.176240921020508,27.244401931762695,26.962024688720703,27.176240921020508,17.27935791015625,399195
2014-09-09,27.11781883239746,27.215190887451172,26.35832405090332,26.426485061645508,16.802644729614258,453010
2014-09-10,26.377798080444336,26.660175323486328,26.2901668548584,26.621227264404297,16.926464080810547,267636
2014-09-11,26.5433292388916,26.562803268432617,26.027263641357422,26.251216888427734,16.69120216369629,483306
2014-09-12,26.066211700439453,26.68938636779785,26.066211700439453,26.61149024963379,16.920272827148438,304095
2014-09-15,26.5433292388916,26.679649353027344,26.299903869628906,26.407011032104492,16.79026222229004,285403
2014-09-16,26.241479873657227,26.592016220092773,25.959104537963867,26.55306625366211,16.883127212524414,359347
2014-09-17,26.621227264404297,26.815969467163086,26.173320770263672,26.416748046875,16.79645347595215,646702
2014-09-18,26.407011032104492,26.728334426879883,26.2901668548584,26.669912338256836,16.957420349121094,247404
2014-09-19,26.767282485961914,27.010711669921875,26.55306625366211,26.669912338256836,16.957420349121094,292079
2014-09-22,26.436222076416016,26.825706481933594,26.436222076416016,26.65043830871582,16.945037841796875,337472
2014-09-23,26.79649543762207,26.923076629638672,26.280427932739258,26.2901668548584,16.71596908569336,243810
2014-09-24,26.260953903198242,26.27069091796875,25.472248077392578,25.822784423828125,16.418792724609375,382044
2014-09-25,25.598831176757812,25.774099349975586,25.472248077392578,25.71567726135254,16.35069465637207,290025
2014-09-26,25.744888305664062,25.89094352722168,25.55988311767578,25.832521438598633,16.42498779296875,212589
2014-09-29,25.550146102905273,25.637779235839844,25.18987274169922,25.345666885375977,16.115436553955078,454037
2014-09-30,25.18987274169922,25.481985092163086,24.965919494628906,25.452774047851562,16.18353271484375,431853
2014-10-01,25.267770767211914,25.306718826293945,24.586172103881836,24.605648040771484,15.644904136657715,338191
2014-10-02,24.459590911865234,24.868549346923828,23.631938934326172,24.703018188476562,15.706820487976074,447669
2014-10-03,24.732229232788086,24.732229232788086,24.040895462036133,24.15774154663086,15.36012077331543,262604
2014-10-06,24.35248374938965,24.53748893737793,23.982473373413086,23.992210388183594,15.254866600036621,534759
2014-10-07,23.90457534790039,24.06036949157715,23.515092849731445,23.563777923583984,14.982461929321289,412443
2014-10-08,23.64167594909668,24.138267517089844,23.437196731567383,24.070106506347656,15.304391860961914,538970
2014-10-09,24.05063247680664,24.10905647277832,23.826679229736328,24.021421432495117,15.27344799041748,469955
2014-10-10,23.76825714111328,24.01168441772461,22.901655197143555,22.940603256225586,14.586228370666504,427232
2014-10-13,22.92112922668457,23.271665573120117,22.044790267944336,22.083738327026367,14.041413307189941,407924
2014-10-14,22.297954559326172,22.49269676208496,21.83057403564453,22.22005844116211,14.128087997436523,311386
2014-10-15,21.957157135009766,22.278480529785156,21.285297393798828,22.005842208862305,13.9918851852417,571936
2014-10-16,21.51898765563965,22.843233108520508,21.441091537475586,22.667964935302734,14.412878036499023,539483
2014-10-17,22.843233108520508,23.222980499267578,22.229795455932617,22.26874351501465,14.159037590026855,309846
2014-10-20,22.278480529785156,22.521907806396484,22.190847396850586,22.444011688232422,14.270482063293457,225735
2014-10-21,22.521907806396484,23.096397399902344,22.521907806396484,22.716650009155273,14.443836212158203,304608
2014-10-22,22.765335083007812,22.81402015686035,22.103212356567383,22.13242530822754,14.072369575500488,265480
2014-10-23,22.229795455932617,22.68743896484375,22.015579223632812,22.531646728515625,14.326200485229492,352364
2014-10-24,22.590068817138672,23.2521915435791,22.4148006439209,22.999025344848633,14.62337589263916,205195
2014-10-27,22.736125946044922,22.979551315307617,21.7916259765625,22.200584411621094,14.11570930480957,349385
2014-10-28,22.40506362915039,22.512170791625977,22.103212356567383,22.463485717773438,14.28286075592041,169969
2014-10-29,22.444011688232422,22.63875389099121,22.249269485473633,22.482959747314453,14.295247077941895,244015
2014-10-30,22.346641540527344,23.01849937438965,22.288217544555664,22.736125946044922,14.456221580505371,287971
2014-10-31,22.88218116760254,23.125608444213867,22.765335083007812,23.10613441467285,14.69148063659668,179930
2014-11-03,22.88218116760254,23.466407775878906,22.521907806396484,23.2521915435791,14.784341812133789,344250
2014-11-04,23.291139602661133,23.330087661743164,22.590068817138672,22.677701950073242,14.419068336486816,160417
2014-11-05,22.706912994384766,23.174293518066406,22.677701950073242,22.92112922668457,14.573848724365234,127451
2014-11-06,22.794546127319336,23.086660385131836,22.677701950073242,23.00876235961914,14.62956714630127,144910
2014-11-07,23.076923370361328,23.39824676513672,23.076923370361328,23.232717514038086,14.771963119506836,206940
2014-11-10,23.222980499267578,23.30087661743164,22.697175979614258,22.92112922668457,14.573848724365234,175309
2014-11-11,22.83349609375,23.135345458984375,22.726388931274414,23.096397399902344,14.685285568237305,166169
2014-11-12,22.88218116760254,23.417722702026367,22.794546127319336,23.339824676513672,14.840066909790039,175412
2014-11-13,23.359298706054688,23.807205200195312,22.989288330078125,23.787731170654297,15.124855995178223,531164
2014-11-14,23.787731170654297,24.216163635253906,23.505355834960938,24.070106506347656,15.304391860961914,343326
2014-11-17,23.96299934387207,24.138267517089844,23.554040908813477,23.77799415588379,15.118666648864746,196054
2014-11-18,23.719572067260742,24.527751922607422,23.690359115600586,24.488801956176758,15.570609092712402,491111
2014-11-19,24.926971435546875,26.23174285888672,24.926971435546875,26.105161666870117,16.598337173461914,734921
2014-11-20,25.929893493652344,26.97176170349121,25.85199546813965,26.93281364440918,17.124582290649414,580666
2014-11-21,27.36124610900879,27.575462341308594,26.630964279174805,27.215190887451172,17.30412483215332,781650
2014-11-24,27.0399227142334,27.0399227142334,25.822784423828125,26.163583755493164,16.63548469543457,571628
2014-11-25,26.066211700439453,26.241479873657227,25.511198043823242,25.618305206298828,16.288782119750977,486079
2014-11-26,25.60856819152832,25.628042221069336,25.2482967376709,25.316455841064453,16.09685516357422,595865
2014-11-28,24.780914306640625,25.014606475830078,24.527751922607422,24.53748893737793,15.60157299041748,465539
2014-12-01,24.459590911865234,24.53748893737793,24.186952590942383,24.24537467956543,15.415833473205566,464409
2014-12-02,24.079843521118164,24.381694793701172,23.758520126342773,23.90457534790039,15.199148178100586,596584
2014-12-03,23.563777923583984,24.508277893066406,23.44693374633789,24.040895462036133,15.548660278320312,567520
2014-12-04,23.86562728881836,23.933788299560547,23.476144790649414,23.515092849731445,15.208597183227539,346818
2014-12-05,23.690359115600586,24.138267517089844,23.612462997436523,23.875364303588867,15.441603660583496,280474
2014-12-08,23.953262329101562,23.953262329101562,23.086660385131836,23.1645565032959,14.981882095336914,358834
2014-12-09,23.076923370361328,23.31061363220215,22.784809112548828,23.15481948852539,14.975584983825684,595865
2014-12-10,23.291139602661133,23.631938934326172,21.92794418334961,22.005842208862305,14.232478141784668,706576
2014-12-11,21.93768310546875,22.59980583190918,21.93768310546875,22.22005844116211,14.371018409729004,448285
2014-12-12,21.966894149780273,22.229795455932617,21.65530776977539,21.6650447845459,14.01205825805664,266198
2014-12-15,21.626094818115234,21.888996124267578,21.295034408569336,21.32424545288086,13.791646957397461,826838
2014-12-16,21.100292205810547,21.480039596557617,20.954235076904297,20.973709106445312,13.564934730529785,752277
2014-12-17,21.051607131958008,22.434274673461914,20.993183135986328,22.288217544555664,14.415102005004883,567623
2014-12-18,22.745861053466797,22.979551315307617,22.044790267944336,22.9600772857666,14.84963321685791,428567
2014-12-19,23.076923370361328,23.466407775878906,22.950340270996094,23.086660385131836,14.931502342224121,892258
2014-12-22,23.11587142944336,23.125608444213867,22.59980583190918,22.862707138061523,14.786656379699707,258188
2014-12-23,22.999025344848633,23.222980499267578,22.745861053466797,23.076923370361328,14.925203323364258,272052
2014-12-24,23.096397399902344,23.20350456237793,22.784809112548828,23.135345458984375,14.962987899780273,98387
2014-12-26,23.222980499267578,23.34956169128418,23.125608444213867,23.242454528808594,15.032262802124023,95716
2014-12-29,23.125608444213867,23.34956169128418,23.10613441467285,23.26192855834961,15.0448579788208,479404
2014-12-30,23.2521915435791,23.739046096801758,23.2521915435791,23.417722702026367,15.145624160766602,256545
2014-12-31,23.44693374633789,23.573514938354492,23.01849937438965,23.2521915435791,15.038561820983887,198416
2015-01-02,23.271665573120117,24.0019474029541,23.096397399902344,23.76825714111328,15.372331619262695,321246
2015-01-05,23.524829864501953,23.573514938354492,23.125608444213867,23.242454528808594,15.032262802124023,237956
2015-01-06,23.193767547607422,23.193767547607422,22.87244415283203,22.911392211914062,14.818144798278809,305430
2015-01-07,23.076923370361328,23.1645565032959,22.81402015686035,22.901655197143555,14.811847686767578,195233
2015-01-08,23.076923370361328,23.320350646972656,22.784809112548828,22.83349609375,14.767765998840332,400633
2015-01-09,22.950340270996094,23.4566707611084,22.784809112548828,23.30087661743164,15.070048332214355,229226
2015-01-12,23.30087661743164,23.30087661743164,22.852970123291016,22.911392211914062,14.818144798278809,447258
2015-01-13,22.930866241455078,23.01849937438965,22.239532470703125,22.765335083007812,14.723681449890137,394881
2015-01-14,22.297954559326172,22.56085777282715,22.1226863861084,22.249269485473633,14.389912605285645,801573
2015-01-15,22.288217544555664,22.541383743286133,22.103212356567383,22.1226863861084,14.308043479919434,427335
2015-01-16,22.11294937133789,22.463485717773438,21.966894149780273,22.288217544555664,14.415102005004883,330694
2015-01-20,22.395326614379883,22.434274673461914,22.035053253173828,22.385589599609375,14.478082656860352,648859
2015-01-21,22.40506362915039,23.38850975036621,22.30769157409668,23.31061363220215,15.07634449005127,345791
2015-01-22,23.466407775878906,23.885101318359375,23.466407775878906,23.85589027404785,15.429014205932617,218751
2015-01-23,23.846153259277344,23.90457534790039,23.49561882019043,23.76825714111328,15.372331619262695,267225
2015-01-26,23.758520126342773,24.216163635253906,23.651411056518555,24.167478561401367,15.630532264709473,213411
2015-01-27,23.719572067260742,24.556961059570312,23.505355834960938,24.498538970947266,15.844647407531738,313030
2015-01-28,24.498538970947266,24.66407012939453,23.77799415588379,23.846153259277344,15.422708511352539,541229
2015-01-29,24.15774154663086,24.29405975341797,23.369035720825195,23.53456687927246,15.22118854522705,542461
2015-01-30,23.330087661743164,23.631938934326172,23.174293518066406,23.232717514038086,15.025968551635742,706062
2015-02-02,23.44693374633789,23.54430389404297,23.193767547607422,23.437196731567383,15.158217430114746,791509
2015-02-03,23.563777923583984,23.86562728881836,23.427459716796875,23.836416244506836,15.416414260864258,505900
2015-02-04,23.76825714111328,23.77799415588379,23.30087661743164,23.359298706054688,15.10783576965332,497890
2015-02-05,23.44693374633789,23.91431427001953,23.15481948852539,23.846153259277344,15.422708511352539,602952
2015-02-06,23.758520126342773,23.92405128479004,23.54430389404297,23.7098331451416,15.334542274475098,258907
2015-02-09,23.72930908203125,24.09931755065918,23.53456687927246,23.982473373413086,15.51087474822998,624313
2015-02-10,23.92405128479004,24.138267517089844,23.437196731567383,23.875364303588867,15.441603660583496,356882
2015-02-11,23.612462997436523,24.031158447265625,23.554040908813477,23.875364303588867,15.441603660583496,287355
2015-02-12,23.992210388183594,24.488801956176758,23.992210388183594,24.255111694335938,15.687211990356445,379168
2015-02-13,24.459590911865234,25.034080505371094,24.070106506347656,24.94644546508789,16.13433265686035,456604
2015-02-17,24.849075317382812,25.345666885375977,24.7517032623291,25.32619285583496,16.379940032958984,384714
2015-02-18,25.3748779296875,25.394351959228516,25.111976623535156,25.277507781982422,16.348451614379883,247712
2015-02-19,24.926971435546875,25.70594024658203,24.85881233215332,25.598831176757812,16.556272506713867,232821
2015-02-20,25.686464309692383,25.696203231811523,25.258033752441406,25.296981811523438,16.361045837402344,143985
2015-02-23,25.19961166381836,25.209348678588867,24.878286361694336,25.09250259399414,16.22879981994629,285095
2015-02-24,25.28724479675293,25.404090881347656,24.99513053894043,25.131450653076172,16.253992080688477,165655
2015-02-25,25.18987274169922,25.550146102905273,24.99513053894043,25.481985092163086,16.480697631835938,181882
2015-02-26,25.18987274169922,25.33592987060547,25.014606475830078,25.160661697387695,16.27288055419922,212178
2015-02-27,25.277507781982422,25.277507781982422,25.014606475830078,25.024343490600586,16.184717178344727,152201
2015-03-02,25.111976623535156,25.111976623535156,24.518014907836914,24.965919494628906,16.146928787231445,236723
2015-03-03,24.81986427307129,25.073028564453125,24.634859085083008,24.9561824798584,16.1406307220459,178287
2015-03-04,24.94644546508789,25.131450653076172,24.39143180847168,25.014606475830078,16.178424835205078,309435
2015-03-05,25.014606475830078,25.228822708129883,24.703018188476562,24.741966247558594,16.00208282470703,364380
2015-03-06,24.362220764160156,24.683544158935547,23.748783111572266,23.982473373413086,15.51087474822998,512370
2015-03-09,23.982473373413086,24.19668960571289,23.485881805419922,23.554040908813477,15.233787536621094,405562
2015-03-10,23.1645565032959,23.76825714111328,22.697175979614258,23.2521915435791,15.038561820983887,550780
2015-03-11,23.076923370361328,23.690359115600586,22.716650009155273,22.745861053466797,14.711091995239258,481868
2015-03-12,22.96981430053711,23.096397399902344,22.444011688232422,22.473222732543945,14.534758567810059,637972
2015-03-13,22.4148006439209,22.521907806396484,21.713729858398438,21.83057403564453,14.119115829467773,646907
2015-03-16,21.811100006103516,21.97663116455078,21.587146759033203,21.9182071685791,14.175798416137695,992801
2015-03-17,21.6650447845459,21.6650447845459,21.47030258178711,21.51898765563965,13.917594909667969,631605
2015-03-18,21.071081161499023,21.246349334716797,14.6251220703125,18.15968894958496,11.744940757751465,11700816
2015-03-19,17.5851993560791,17.682571411132812,17.22492790222168,17.40019416809082,11.253730773925781,1717555
2015-03-20,17.429405212402344,19.250242233276367,17.341772079467773,18.364166259765625,11.87718677520752,2950263
2015-03-23,18.500486373901367,19.123661041259766,18.06231689453125,18.792600631713867,12.154282569885254,1546765
2015-03-24,18.743913650512695,20.146055221557617,18.276533126831055,19.259981155395508,12.456563949584961,1492847
2015-03-25,19.259981155395508,19.406036376953125,18.714702606201172,18.72443962097168,12.110196113586426,634583
2015-03-26,18.568647384643555,18.753650665283203,18.140214920043945,18.179162979125977,11.757534980773926,628319
2015-03-27,18.140214920043945,18.188899993896484,17.31256103515625,17.478092193603516,11.30411148071289,821395
2015-03-30,17.487829208374023,17.838363647460938,17.263874053955078,17.760467529296875,11.486739158630371,942478
2015-03-31,17.614410400390625,17.86757469177246,17.50730323791504,17.770204544067383,11.493034362792969,521100
2015-04-01,17.88705062866211,18.052579879760742,17.770204544067383,17.945472717285156,11.606390953063965,879523
2015-04-02,18.607595443725586,18.938655853271484,18.033105850219727,18.325218200683594,11.852001190185547,886096
2015-04-06,18.40311622619629,18.549171447753906,18.315481185913086,18.39337921142578,11.89608097076416,644134
2015-04-07,18.364166259765625,18.63680648803711,18.364166259765625,18.500486373901367,11.96535587310791,262501
2015-04-08,18.63680648803711,18.889970779418945,18.52969741821289,18.695228576660156,12.091304779052734,780109
2015-04-09,18.656280517578125,18.889970779418945,18.6270694732666,18.646543502807617,12.059818267822266,604081
2015-04-10,18.77312660217285,18.78286361694336,18.25705909729004,18.510223388671875,11.97165298461914,488236
2015-04-13,18.549171447753906,19.629989624023438,18.500486373901367,19.33787727355957,12.506943702697754,873772
2015-04-14,18.96786880493164,19.182083129882812,18.597858428955078,18.695228576660156,12.091304779052734,923581
2015-04-15,18.82181167602539,19.941577911376953,18.753650665283203,19.6689395904541,12.721059799194336,815746
2015-04-16,19.81499481201172,20.993183135986328,19.756572723388672,20.584226608276367,13.313031196594238,1342905
2015-04-17,20.545278549194336,20.545278549194336,19.91236686706543,20.019474029541016,12.947771072387695,728965
2015-04-20,20.13631820678711,20.146055221557617,19.01655387878418,19.15287208557129,12.387288093566895,926559
2015-04-21,19.23076820373535,19.513145446777344,19.15287208557129,19.23076820373535,12.437671661376953,697025
2015-04-22,19.33787727355957,19.464460372924805,19.211294174194336,19.3768253326416,12.532133102416992,730608
2015-04-23,20.817916870117188,21.353456497192383,20.399221420288086,21.1684513092041,13.69088363647461,4677780
2015-04-24,21.100292205810547,21.47030258178711,21.100292205810547,21.36319351196289,13.816834449768066,774050
2015-04-27,21.392404556274414,21.55793571472168,20.84712791442871,21.02239418029785,13.596415519714355,879009
2015-04-28,20.98344612121582,21.197662353515625,20.905550003051758,21.061344146728516,13.621612548828125,671453
2015-04-29,20.837390899658203,21.32424545288086,20.740018844604492,21.236610412597656,13.829594612121582,406487
2015-04-30,21.246349334716797,21.47030258178711,21.08081817626953,21.265823364257812,13.848618507385254,729889
2015-05-01,21.50925064086914,22.142162322998047,21.265823364257812,21.908470153808594,14.267115592956543,451983
2015-05-04,21.74294090270996,21.859785079956055,21.110029220581055,21.139240264892578,13.76618766784668,880242
2015-05-05,21.285297393798828,21.538461685180664,20.89581298828125,21.08081817626953,13.728140830993652,255209
2015-05-06,21.236610412597656,21.285297393798828,20.963972091674805,21.03213119506836,13.696430206298828,297111
2015-05-07,20.954235076904297,21.02239418029785,20.46738052368164,20.817916870117188,13.55693244934082,482382
2015-05-08,21.051607131958008,21.256086349487305,20.671859741210938,20.886075973510742,13.601320266723633,354110
2015-05-11,20.93476104736328,21.100292205810547,20.730281829833984,20.827653884887695,13.563275337219238,260036
2015-05-12,20.80817985534668,20.817916870117188,20.545278549194336,20.71080780029297,13.487183570861816,189790
2015-05-13,20.84712791442871,20.925024032592773,20.496591567993164,20.837390899658203,13.569618225097656,252950
2015-05-14,20.94449806213379,20.963972091674805,20.720544815063477,20.778968811035156,13.531571388244629,293209
2015-05-15,20.76923179626465,21.08081817626953,20.6231746673584,20.925024032592773,13.626681327819824,214027
2015-05-18,20.89581298828125,21.002920150756836,20.525802612304688,20.6231746673584,13.4301118850708,396422
2015-05-19,20.671859741210938,20.827653884887695,20.311586380004883,20.740018844604492,13.506209373474121,433497
2015-05-20,20.51606559753418,20.593963623046875,19.67867660522461,19.931840896606445,12.979907989501953,1120252
2015-05-21,19.902629852294922,20.107107162475586,19.785783767700195,19.980525970458984,13.011609077453613,402481
2015-05-22,19.892892837524414,20.13631820678711,19.737098693847656,19.970788955688477,13.005271911621094,375882
2015-05-26,19.86368179321289,19.86368179321289,19.474197387695312,19.5813045501709,12.751631736755371,373314
2015-05-27,19.561830520629883,19.824731826782227,19.357351303100586,19.42551040649414,12.650179862976074,300500
2015-05-28,19.406036376953125,19.513145446777344,18.9581298828125,18.987342834472656,12.364834785461426,300706
2015-05-29,19.006816864013672,19.279455184936523,18.889970779418945,19.01655387878418,12.383858680725098,548726
2015-06-01,19.06523895263672,19.06523895263672,18.44206428527832,18.48101234436035,12.03510570526123,462150
2015-06-02,18.5394344329834,18.734176635742188,18.44206428527832,18.568647384643555,12.092175483703613,340964
2015-06-03,18.52969741821289,18.91918182373047,18.48101234436035,18.753650665283203,12.212652206420898,327305
2015-06-04,18.656280517578125,18.656280517578125,18.188899993896484,18.519960403442383,12.060471534729004,491009
2015-06-05,18.49074935913086,18.666017532348633,18.34469223022461,18.568647384643555,12.092175483703613,440069
2015-06-08,18.519960403442383,18.812074661254883,18.451801300048828,18.500486373901367,12.047789573669434,388001
2015-06-09,18.52969741821289,18.67575454711914,18.451801300048828,18.48101234436035,12.03510570526123,227789
2015-06-10,18.68549156188965,18.91918182373047,18.549171447753906,18.646543502807617,12.142906188964844,231383
2015-06-11,18.617332458496094,18.714702606201172,18.432327270507812,18.549171447753906,12.07949447631836,765628
2015-06-12,18.461538314819336,18.67575454711914,18.412853240966797,18.510223388671875,12.054129600524902,612708
2015-06-15,18.432327270507812,18.558908462524414,18.24732208251953,18.412853240966797,11.990720748901367,177671
2015-06-16,18.40311622619629,18.6270694732666,18.354429244995117,18.500486373901367,12.047789573669434,156104
2015-06-17,18.49074935913086,18.49074935913086,18.15968894958496,18.39337921142578,11.97804069519043,849432
2015-06-18,16.84518051147461,17.010711669921875,15.696203231811523,15.95910358428955,10.392801284790039,3191300
2015-06-19,15.774099349975586,16.35832405090332,15.744888305664062,15.998052597045898,10.418166160583496,970515
2015-06-22,16.173320770263672,16.65043830871582,16.163583755493164,16.368061065673828,10.6591215133667,897598
2015-06-23,16.35832405090332,16.407011032104492,15.92015552520752,16.260953903198242,10.589370727539062,821086
2015-06-24,16.202531814575195,16.202531814575195,15.774099349975586,15.851996421813965,10.323054313659668,759569
2015-06-25,15.813048362731934,16.22200584411621,15.774099349975586,16.13437271118164,10.506941795349121,931900
2015-06-26,16.153846740722656,16.153846740722656,15.764362335205078,15.929892539978027,10.373781204223633,783190
2015-06-29,15.949366569519043,15.949366569519043,15.102239608764648,15.14118766784668,9.860162734985352,540099
2015-06-30,15.25803279876709,15.774099349975586,15.25803279876709,15.598832130432129,10.158190727233887,922657
2015-07-01,15.63778018951416,15.725414276123047,15.248295783996582,15.316455841064453,9.974300384521484,406178
2015-07-02,15.63778018951416,15.92015552520752,15.501461029052734,15.715677261352539,10.23427963256836,671966
2015-07-06,15.530672073364258,15.530672073364258,14.829601287841797,14.888023376464844,9.695301055908203,393136
2015-07-07,14.829601287841797,14.829601287841797,13.885102272033691,14.186951637268066,9.238753318786621,633556
2015-07-08,13.885102272033691,13.992210388183594,13.41772174835205,13.826680183410645,9.004137992858887,766964
2015-07-09,14.118792533874512,14.16747760772705,13.661149024963379,13.680623054504395,8.909024238586426,897495
2015-07-10,13.787731170654297,14.031159400939941,13.709834098815918,13.972736358642578,9.099252700805664,477350
2015-07-13,14.09931755065918,14.148003578186035,13.84615421295166,13.972736358642578,9.099252700805664,566082
2015-07-14,14.011685371398926,14.420642852783203,13.943525314331055,14.050633430480957,9.149979591369629,578406
2015-07-15,14.011685371398926,14.10905647277832,13.758520126342773,13.914314270019531,9.06120777130127,392519
2015-07-16,14.04089641571045,14.186951637268066,13.933788299560547,13.982473373413086,9.105591773986816,347126
2015-07-17,14.001947402954102,14.021422386169434,13.826680183410645,13.914314270019531,9.06120777130127,536094
2015-07-20,13.924051284790039,13.96299934387207,13.631937980651855,13.661149024963379,8.896343231201172,445307
2015-07-21,13.72930908203125,14.050633430480957,13.641674995422363,13.758520126342773,8.959752082824707,354623
2015-07-22,13.602725982666016,13.602725982666016,13.135346412658691,13.164557456970215,8.572954177856445,551602
2015-07-23,13.2716646194458,13.388509750366211,13.076923370361328,13.11587142944336,8.541251182556152,446745
2015-07-24,13.018500328063965,13.106134414672852,12.590067863464355,12.716650009155273,8.281270980834961,617741
2015-07-27,12.590067863464355,12.726387977600098,12.317428588867188,12.677701950073242,8.255908012390137,720646
2015-07-28,12.697175979614258,13.1450834274292,12.580330848693848,13.057449340820312,8.503204345703125,1191936
2015-07-29,13.028238296508789,13.184030532836914,12.765336036682129,13.028238296508789,8.484183311462402,904068
2015-07-30,13.047712326049805,13.164557456970215,12.911392211914062,12.989289283752441,8.458816528320312,853026
2015-07-31,13.037975311279297,13.398246765136719,13.037975311279297,13.154820442199707,8.566614151000977,552834
2015-08-03,13.1450834274292,13.310612678527832,12.960078239440918,13.222979545593262,8.61099910736084,490598
2015-08-04,13.193767547607422,13.485880851745605,13.154820442199707,13.310612678527832,8.668066024780273,412032
2015-08-05,13.446932792663574,14.001947402954102,13.242453575134277,13.46640682220459,8.769522666931152,882296
2015-08-06,13.407983779907227,13.573514938354492,13.1450834274292,13.437195777893066,8.750497817993164,373314
2015-08-07,13.378772735595703,13.680623054504395,13.174294471740723,13.339824676513672,8.687090873718262,1033778
2015-08-10,13.41772174835205,14.216163635253906,13.222979545593262,14.157740592956543,9.219728469848633,410595
2015-08-11,13.865628242492676,13.982473373413086,13.544303894042969,13.661149024963379,8.896343231201172,465847
2015-08-12,13.544303894042969,13.768257141113281,13.485880851745605,13.748783111572266,8.953409194946289,172433
2015-08-13,13.758520126342773,13.758520126342773,13.534566879272461,13.583251953125,8.845612525939941,845529
2015-08-14,13.554040908813477,13.709834098815918,13.534566879272461,13.631937980651855,8.877318382263184,366844
2015-08-17,13.622200965881348,13.836417198181152,13.573514938354492,13.826680183410645,9.004137992858887,266917
2015-08-18,13.787731170654297,13.904576301574707,13.592988967895508,13.855891227722168,9.023162841796875,343942
2015-08-19,13.768257141113281,13.943525314331055,13.670886039733887,13.797468185424805,8.985114097595215,514835
2015-08-20,13.709834098815918,13.836417198181152,13.651412010192871,13.709834098815918,8.928046226501465,568650
2015-08-21,13.573514938354492,13.816943168640137,13.524829864501953,13.641674995422363,8.883659362792969,803114
2015-08-24,12.872444152832031,13.641674995422363,12.697175979614258,13.592988967895508,8.851953506469727,2433168
2015-08-25,14.3135347366333,14.333008766174316,13.797468185424805,13.875365257263184,9.035840034484863,634173
2015-08-26,14.118792533874512,14.654333114624023,14.031159400939941,14.420642852783203,9.390934944152832,899652
2015-08-27,14.547224998474121,15.14118766784668,14.537487983703613,15.043816566467285,9.796753883361816,837210
2015-08-28,14.712756156921387,15.248295783996582,14.537487983703613,15.082764625549316,9.822118759155273,420865
2015-08-31,15.02434253692627,15.52093505859375,14.868549346923828,15.267769813537598,9.942598342895508,1304393
2015-09-01,14.9367094039917,15.199610710144043,14.868549346923828,15.014606475830078,9.77773380279541,649988
2015-09-02,15.228821754455566,15.228821754455566,14.6251220703125,15.150924682617188,9.866503715515137,552013
2015-09-03,15.228821754455566,15.92015552520752,15.131450653076172,15.87147045135498,10.335734367370605,785963
2015-09-04,15.715677261352539,16.280427932739258,15.647517204284668,16.105161666870117,10.48791790008545,940424
2015-09-08,16.416748046875,16.46543312072754,15.910419464111328,16.066211700439453,10.462554931640625,549240
2015-09-09,16.45569610595703,16.913339614868164,16.192794799804688,16.2901668548584,10.608396530151367,638897
2015-09-10,16.260953903198242,16.55306625366211,16.07594871520996,16.338851928710938,10.640101432800293,768709
2015-09-11,16.251216888427734,16.46543312072754,16.114898681640625,16.212268829345703,10.557666778564453,439761
2015-09-14,16.18305778503418,16.338851928710938,16.09542465209961,16.280427932739258,10.602055549621582,451880
2015-09-15,16.2901668548584,16.592016220092773,16.13437271118164,16.377798080444336,10.6654634475708,370131
2015-09-16,16.475170135498047,16.98150062561035,16.202531814575195,16.952287673950195,11.039580345153809,858675
2015-09-17,16.786758422851562,17.108081817626953,16.669912338256836,16.854917526245117,10.97616958618164,393238
2015-09-18,16.69912338256836,16.806232452392578,15.89094352722168,15.968840599060059,10.399144172668457,475809
2015-09-21,16.114898681640625,16.153846740722656,15.705940246582031,15.725414276123047,10.240618705749512,633043
2015-09-22,15.501461029052734,15.501461029052734,14.800389289855957,15.296980857849121,9.96161937713623,513397
2015-09-23,15.316455841064453,15.316455841064453,14.771178245544434,14.849075317382812,9.669936180114746,542153
2015-09-24,14.605648040771484,15.316455841064453,14.47906494140625,15.248295783996582,9.929915428161621,689733
2015-09-25,15.326192855834961,15.462512016296387,15.160661697387695,15.189872741699219,9.89186954498291,490598
2015-09-28,15.121713638305664,15.228821754455566,14.16747760772705,14.216163635253906,9.25777530670166,699182
2015-09-29,14.206425666809082,14.556962013244629,13.914314270019531,14.157740592956543,9.219728469848633,965996
2015-09-30,14.216163635253906,14.401167869567871,13.875365257263184,14.157740592956543,9.219728469848633,793152
2015-10-01,14.235637664794922,14.771178245544434,14.16747760772705,14.586173057556152,9.498733520507812,610860
2015-10-02,14.47906494140625,15.413826942443848,14.186951637268066,15.394351959228516,10.025029182434082,413265
2015-10-05,15.589094161987305,16.153846740722656,15.579357147216797,16.007789611816406,10.424508094787598,632427
2015-10-06,15.998052597045898,16.46543312072754,15.998052597045898,16.192794799804688,10.544987678527832,485668
2015-10-07,16.2901668548584,16.7478084564209,16.007789611816406,16.212268829345703,10.557666778564453,649783
2015-10-08,16.18305778503418,16.7478084564209,16.163583755493164,16.55306625366211,10.779601097106934,1075680
2015-10-09,16.786758422851562,17.263874053955078,16.786758422851562,17.088607788085938,11.1283540725708,537532
2015-10-12,17.11781883239746,17.18597984313965,16.65043830871582,16.93281364440918,11.026897430419922,385638
2015-10-13,16.79649543762207,16.864654541015625,16.426485061645508,16.572540283203125,10.792281150817871,541126
2015-10-14,16.572540283203125,17.195716857910156,16.562803268432617,17.156766891479492,11.172741889953613,668782
2015-10-15,17.293087005615234,17.44887924194336,16.854917526245117,17.11781883239746,11.14737606048584,412238
2015-10-16,17.137292861938477,17.137292861938477,16.309640884399414,16.475170135498047,10.728873252868652,532705
2015-10-19,16.368061065673828,16.514118194580078,16.13437271118164,16.416748046875,10.69083023071289,439145
2015-10-20,16.407011032104492,16.728334426879883,16.32911491394043,16.55306625366211,10.779601097106934,555196
2015-10-21,16.55306625366211,16.777019500732422,16.35832405090332,16.445959091186523,10.709850311279297,503025
2015-10-22,16.55306625366211,17.818889617919922,16.514118194580078,17.458616256713867,11.369308471679688,1753705
2015-10-23,17.54625129699707,18.412853240966797,17.49756622314453,18.373905181884766,11.965359687805176,522127
2015-10-26,18.042842864990234,19.269718170166016,18.02336883544922,19.123661041259766,12.45361042022705,1019297
2015-10-27,19.006816864013672,19.328140258789062,18.29600715637207,18.63680648803711,12.136564254760742,820778
2015-10-28,18.617332458496094,19.53261947631836,18.471275329589844,18.743913650512695,12.206310272216797,675971
2015-10-29,18.558908462524414,18.812074661254883,18.432327270507812,18.500486373901367,12.047789573669434,689117
2015-10-30,18.364166259765625,18.90944480895996,17.955209732055664,18.87049674987793,12.288749694824219,583131
2015-11-02,18.899707794189453,19.23076820373535,18.607595443725586,19.05550193786621,12.409225463867188,940937
2015-11-03,18.997079849243164,19.328140258789062,18.6270694732666,18.63680648803711,12.136564254760742,595557
2015-11-04,18.90944480895996,19.211294174194336,18.568647384643555,18.666017532348633,12.15558910369873,438324
2015-11-05,18.646543502807617,18.899707794189453,18.519960403442383,18.792600631713867,12.238019943237305,386974
2015-11-06,18.63680648803711,18.96786880493164,18.364166259765625,18.77312660217285,12.225337028503418,260755
2015-11-09,18.695228576660156,18.77312660217285,18.354429244995117,18.451801300048828,12.016084671020508,387487
2015-11-10,18.422590255737305,18.578384399414062,17.984420776367188,18.305744171142578,11.920969009399414,286225
2015-11-11,18.354429244995117,18.364166259765625,18.01363182067871,18.179162979125977,11.838541030883789,362326
2015-11-12,17.945472717285156,18.695228576660156,17.77994155883789,18.198637008666992,11.851222038269043,707911
2015-11-13,19.084712982177734,19.415773391723633,18.97760581970215,19.211294174194336,12.5106782913208,1073934
2015-11-16,19.133398056030273,19.24050521850586,18.67575454711914,19.06523895263672,12.41556167602539,677307
2015-11-17,18.802337646484375,19.026290893554688,17.994157791137695,18.003894805908203,11.72440242767334,1372996
2015-11-18,17.818889617919922,17.994157791137695,17.263874053955078,17.36124610900879,11.305898666381836,815951
2015-11-19,17.614410400390625,17.818889617919922,17.254138946533203,17.49756622314453,11.394675254821777,491009
2015-11-20,17.517040252685547,17.721519470214844,17.234664916992188,17.390457153320312,11.324923515319824,307689
2015-11-23,17.332035064697266,17.59493637084961,17.098344802856445,17.35150909423828,11.299560546875,445307
2015-11-24,17.263874053955078,17.40019416809082,17.11781883239746,17.22492790222168,11.21712589263916,376395
2015-11-25,17.16650390625,17.487829208374023,17.000974655151367,17.195716857910156,11.198102951049805,349899
2015-11-27,17.12755584716797,17.332035064697266,16.65043830871582,16.913339614868164,11.014215469360352,317240
2015-11-30,16.923076629638672,17.22492790222168,16.173320770263672,16.348588943481445,10.646440505981445,730916
2015-12-01,16.105161666870117,16.309640884399414,15.657254219055176,15.666991233825684,10.400174140930176,586417
2015-12-02,15.559883117675781,15.676728248596191,15.219084739685059,15.472249031066895,10.270898818969727,531370
2015-12-03,15.559883117675781,16.027263641357422,15.550146102905273,16.017526626586914,10.632869720458984,423946
2015-12-04,16.027263641357422,16.407011032104492,15.793574333190918,16.153846740722656,10.723361015319824,496246
2015-12-07,16.066211700439453,16.08568572998047,15.335929870605469,15.423563957214355,10.238576889038086,204476
2015-12-08,15.530672073364258,15.530672073364258,14.9367094039917,15.111976623535156,10.031740188598633,280474
2015-12-09,15.238558769226074,15.725414276123047,15.238558769226074,15.413826942443848,10.2321138381958,204168
2015-12-10,15.481986045837402,15.63778018951416,14.946446418762207,14.985393524169922,9.947708129882812,457631
2015-12-11,14.722493171691895,14.946446418762207,14.634859085083008,14.722493171691895,9.773187637329102,224502
2015-12-14,14.683544158935547,14.712756156921387,14.3135347366333,14.430379867553711,9.579279899597168,255107
2015-12-15,14.50827693939209,14.917235374450684,14.469327926635742,14.751704216003418,9.792580604553223,236929
2015-12-16,14.849075317382812,16.124635696411133,14.74196720123291,16.03700065612793,10.645794868469238,443459
2015-12-17,16.192794799804688,16.368061065673828,15.345666885375977,15.462512016296387,10.264433860778809,678231
2015-12-18,16.562803268432617,17.59493637084961,16.397274017333984,16.68938636779785,11.078866004943848,1672983
2015-12-21,16.7478084564209,17.156766891479492,16.7478084564209,17.010711669921875,11.292169570922852,467490
2015-12-22,17.16650390625,17.526777267456055,16.767282485961914,17.478092193603516,11.602433204650879,708527
2015-12-23,17.64362144470215,18.432327270507812,17.64362144470215,18.34469223022461,12.177700996398926,601925
2015-12-24,18.34469223022461,18.5394344329834,18.179162979125977,18.34469223022461,12.177700996398926,207659
2015-12-28,18.16942596435547,18.666017532348633,17.86757469177246,18.607595443725586,12.352225303649902,538867
2015-12-29,18.792600631713867,19.15287208557129,18.2083740234375,18.52969741821289,12.300515174865723,1537316
2015-12-30,18.451801300048828,18.802337646484375,18.305744171142578,18.68549156188965,12.403936386108398,492755
2015-12-31,18.558908462524414,18.8315486907959,18.2083740234375,18.510223388671875,12.287588119506836,485257
2016-01-04,18.07205581665039,18.500486373901367,17.896787643432617,18.24732208251953,12.113067626953125,615687
2016-01-05,18.25705909729004,18.471275329589844,17.77994155883789,17.82862663269043,11.835125923156738,503333
2016-01-06,17.50730323791504,17.97468376159668,17.390457153320312,17.478092193603516,11.602433204650879,443869
2016-01-07,16.93281364440918,17.137292861938477,16.523855209350586,16.65043830871582,11.053009033203125,584774
2016-01-08,16.777019500732422,16.864654541015625,16.202531814575195,16.241479873657227,10.781532287597656,307484
2016-01-11,16.23174285888672,16.23174285888672,15.511198043823242,15.589094161987305,10.348461151123047,383379
2016-01-12,15.774099349975586,16.13437271118164,15.3748779296875,16.017526626586914,10.632869720458984,644751
2016-01-13,16.163583755493164,16.5433292388916,15.90068244934082,15.929892539978027,10.57469367980957,274414
2016-01-14,15.910419464111328,15.978577613830566,15.666991233825684,15.949366569519043,10.58761978149414,535786
2016-01-15,15.540409088134766,16.017526626586914,15.443037986755371,15.998052597045898,10.619938850402832,508673
2016-01-19,16.22200584411621,16.22200584411621,15.793574333190918,16.08568572998047,10.678112983703613,579125
2016-01-20,15.822785377502441,16.007789611816406,14.868549346923828,15.842259407043457,10.516520500183105,491830
2016-01-21,15.666991233825684,15.861733436584473,14.99513053894043,15.043816566467285,9.986491203308105,1058632
2016-01-22,15.6864652633667,16.017526626586914,15.306718826293945,15.978577613830566,10.607013702392578,782882
2016-01-25,15.589094161987305,15.774099349975586,14.79065227508545,14.829601287841797,9.84428882598877,403406
2016-01-26,14.839338302612305,14.99513053894043,14.50827693939209,14.780915260314941,9.811972618103027,542667
2016-01-27,14.79065227508545,15.170398712158203,14.586173057556152,14.819864273071289,9.837822914123535,236723
2016-01-28,14.849075317382812,15.199610710144043,14.586173057556152,15.150924682617188,10.057592391967773,311386
2016-01-29,15.287243843078613,15.813048362731934,15.199610710144043,15.803311347961426,10.490666389465332,267328
2016-02-01,15.608569145202637,15.881207466125488,15.121713638305664,15.783836364746094,10.477736473083496,257263
2016-02-02,15.676728248596191,15.735151290893555,14.897760391235352,14.917235374450684,9.9024658203125,397449
2016-02-03,15.238558769226074,15.579357147216797,14.9367094039917,15.569620132446289,10.335533142089844,392622
2016-02-04,15.598832130432129,16.08568572998047,15.413826942443848,15.881207466125488,10.542374610900879,784114
2016-02-05,15.851996421813965,16.017526626586914,15.49172306060791,15.579357147216797,10.341997146606445,304095
2016-02-08,15.335929870605469,15.413826942443848,14.85881233215332,15.267769813537598,10.135161399841309,368898
2016-02-09,14.99513053894043,15.131450653076172,14.732230186462402,14.888023376464844,9.883072853088379,375266
2016-02-10,14.888023376464844,15.63778018951416,14.74196720123291,14.897760391235352,9.88953685760498,271333
2016-02-11,14.673807144165039,15.0632905960083,14.615385055541992,14.965920448303223,9.934782028198242,188352
2016-02-12,15.248295783996582,15.40408992767334,14.917235374450684,15.335929870605469,10.180404663085938,185887
2016-02-16,15.579357147216797,15.813048362731934,15.345666885375977,15.6864652633667,10.41309928894043,235799
2016-02-17,15.774099349975586,16.864654541015625,15.774099349975586,16.825706481933594,11.16935920715332,500354
2016-02-18,17.059396743774414,17.07887077331543,16.338851928710938,16.65043830871582,11.053009033203125,427437
2016-02-19,16.494644165039062,16.7478084564209,16.241479873657227,16.69912338256836,11.085329055786133,425178
2016-02-22,17.03018569946289,17.409931182861328,16.903602600097656,17.263874053955078,11.460227012634277,504154
2016-02-23,17.049659729003906,17.147029876708984,16.757545471191406,16.874391555786133,11.201677322387695,263528
2016-02-24,16.514118194580078,17.215190887451172,16.32911491394043,17.156766891479492,11.389126777648926,340040
2016-02-25,17.215190887451172,17.302824020385742,16.825706481933594,17.283349990844727,11.473153114318848,253053
2016-02-26,17.458616256713867,17.721519470214844,17.302824020385742,17.478092193603516,11.602433204650879,262193
2016-02-29,17.44887924194336,17.721519470214844,17.215190887451172,17.22492790222168,11.434374809265137,457426
2016-03-01,17.526777267456055,18.149951934814453,17.409931182861328,18.042842864990234,11.977327346801758,443972
2016-03-02,17.818889617919922,18.325218200683594,17.770204544067383,17.857837677001953,11.85451602935791,597919
2016-03-03,17.799415588378906,17.97468376159668,17.409931182861328,17.818889617919922,11.828660011291504,516581
2016-03-04,17.838363647460938,18.82181167602539,17.770204544067383,18.101266860961914,12.01611042022705,947613
2016-03-07,18.091529846191406,19.250242233276367,18.06231689453125,18.695228576660156,12.410398483276367,667447
2016-03-08,18.500486373901367,18.500486373901367,17.5851993560791,17.984420776367188,11.938545227050781,856621
2016-03-09,18.198637008666992,18.373905181884766,17.672832489013672,18.373905181884766,12.197097778320312,502306
2016-03-10,18.422590255737305,19.172346115112305,18.412853240966797,19.045764923095703,12.643096923828125,719927
2016-03-11,19.123661041259766,19.561830520629883,18.938655853271484,19.279455184936523,12.798225402832031,741494
2016-03-14,19.094449996948242,19.57156753540039,18.704965591430664,19.38656234741211,12.869325637817383,608087
2016-03-15,19.19182014465332,19.396299362182617,19.036027908325195,19.279455184936523,12.798225402832031,317857
2016-03-16,19.14313507080078,19.57156753540039,18.97760581970215,19.52288246154785,12.959815979003906,398168
2016-03-17,19.52288246154785,20.243427276611328,19.474197387695312,20.0,13.276541709899902,633146
2016-03-18,20.1265811920166,20.389484405517578,19.883155822753906,20.04868507385254,13.308858871459961,1106593
2016-03-21,20.019474029541016,20.584226608276367,19.96105194091797,20.56475257873535,13.65144157409668,984688
2016-03-22,20.301849365234375,20.720544815063477,20.301849365234375,20.642648696899414,13.703147888183594,827454
2016-03-23,20.438169479370117,20.57448959350586,20.19474220275879,20.399221420288086,13.54155445098877,1026076
2016-03-24,20.155794143676758,20.214216232299805,19.824731826782227,19.931840896606445,13.231291770935059,367974
2016-03-28,20.04868507385254,20.107107162475586,19.853944778442383,19.931840896606445,13.231291770935059,307997
2016-03-29,19.91236686706543,20.301849365234375,19.649463653564453,20.223953247070312,13.42520523071289,749813
2016-03-30,20.350536346435547,20.642648696899414,20.18500518798828,20.32132339477539,13.48984432220459,416962
2016-03-31,20.370010375976562,20.525802612304688,19.931840896606445,20.009737014770508,13.283002853393555,391287
2016-04-01,19.72736167907715,20.009737014770508,19.3768253326416,19.980525970458984,13.26361083984375,482793
2016-04-04,19.980525970458984,20.13631820678711,19.3768253326416,19.474197387695312,12.927501678466797,353288
2016-04-05,19.24050521850586,19.72736167907715,19.182083129882812,19.464460372924805,12.921034812927246,347537
2016-04-06,19.396299362182617,19.552093505859375,19.084712982177734,19.357351303100586,12.849928855895996,390979
2016-04-07,19.19182014465332,19.38656234741211,19.026290893554688,19.308666229248047,12.817617416381836,311078
2016-04-08,19.513145446777344,19.688413619995117,19.133398056030273,19.259981155395508,12.785296440124512,341169
2016-04-11,19.406036376953125,19.892892837524414,19.23076820373535,19.76630973815918,13.121411323547363,536402
2016-04-12,19.834468841552734,20.837390899658203,19.76630973815918,20.817916870117188,13.819497108459473,1328733
2016-04-13,20.905550003051758,21.1684513092041,20.486854553222656,20.632911682128906,13.69668197631836,662107
2016-04-14,20.817916870117188,20.817916870117188,20.03894805908203,20.545278549194336,13.638514518737793,567007
2016-04-15,20.535539627075195,20.535539627075195,20.155794143676758,20.389484405517578,13.535086631774902,514116
2016-04-18,20.311586380004883,21.110029220581055,20.155794143676758,21.012657165527344,13.948768615722656,777439
2016-04-19,21.100292205810547,22.619279861450195,21.03213119506836,22.590068817138672,14.995893478393555,1068902
2016-04-20,22.63875389099121,22.950340270996094,22.190847396850586,22.745861053466797,15.099321365356445,816773
2016-04-21,22.794546127319336,23.02823829650879,21.684518814086914,21.83057403564453,14.49172592163086,829919
2016-04-22,21.83057403564453,22.35637855529785,21.03213119506836,21.139240264892578,14.032800674438477,1367451
2016-04-25,21.012657165527344,21.12950325012207,20.223953247070312,20.408958435058594,13.548017501831055,1069312
2016-04-26,20.486854553222656,20.652385711669922,20.04868507385254,20.57448959350586,13.657902717590332,652659
2016-04-27,20.559999465942383,21.010000228881836,20.540000915527344,20.90999984741211,14.3377685546875,588700
2016-04-28,20.719999313354492,21.190000534057617,20.59000015258789,20.739999771118164,14.221203804016113,660900
2016-04-29,20.739999771118164,21.1200008392334,20.639999389648438,20.829999923706055,14.282914161682129,472400
2016-05-02,21.0,21.0,20.600000381469727,20.860000610351562,14.303486824035645,367100
2016-05-03,20.579999923706055,20.829999923706055,20.309999465942383,20.809999465942383,14.26919937133789,582300
2016-05-04,20.700000762939453,20.979999542236328,20.399999618530273,20.809999465942383,14.26919937133789,313300
2016-05-05,20.969999313354492,21.389999389648438,20.920000076293945,21.059999465942383,14.440624237060547,643900
2016-05-06,21.020000457763672,21.229999542236328,20.969999313354492,21.200000762939453,14.536622047424316,518800
2016-05-09,21.1299991607666,21.1299991607666,20.020000457763672,20.040000915527344,13.741223335266113,540800
2016-05-10,20.239999771118164,20.549999237060547,19.459999084472656,20.510000228881836,14.063495635986328,540200
2016-05-11,20.579999923706055,21.3799991607666,20.190000534057617,21.309999465942383,14.612046241760254,987400
2016-05-12,21.579999923706055,21.889999389648438,21.06999969482422,21.290000915527344,14.598331451416016,732700
2016-05-13,21.18000030517578,21.34000015258789,20.809999465942383,21.020000457763672,14.413196563720703,616000
2016-05-16,21.219999313354492,21.540000915527344,21.1299991607666,21.360000610351562,14.646330833435059,925000
2016-05-17,21.399999618530273,21.549999237060547,20.989999771118164,21.149999618530273,14.502335548400879,665800
2016-05-18,21.0,21.149999618530273,20.030000686645508,20.1200008392334,13.796077728271484,624800
2016-05-19,20.170000076293945,21.239999771118164,19.90999984741211,21.09000015258789,14.461195945739746,953700
2016-05-20,21.270000457763672,22.979999542236328,21.219999313354492,22.760000228881836,15.606300354003906,1942800
2016-05-23,22.729999542236328,23.15999984741211,22.68000030517578,22.90999984741211,15.709145545959473,1084400
2016-05-24,22.850000381469727,22.850000381469727,22.030000686645508,22.059999465942383,15.126310348510742,1492500
2016-05-25,22.290000915527344,22.56999969482422,22.040000915527344,22.270000457763672,15.270307540893555,706300
2016-05-26,22.5,22.579999923706055,22.0,22.1200008392334,15.16745662689209,582400
2016-05-27,22.200000762939453,22.229999542236328,21.950000762939453,22.049999237060547,15.119455337524414,496600
2016-05-31,22.209999084472656,22.290000915527344,21.899999618530273,21.959999084472656,15.057746887207031,855800
2016-06-01,21.75,21.850000381469727,20.920000076293945,21.719999313354492,14.893182754516602,1941300
2016-06-02,21.579999923706055,22.540000915527344,21.579999923706055,22.40999984741211,15.36630630493164,894800
2016-06-03,22.540000915527344,22.860000610351562,22.510000228881836,22.790000915527344,15.626869201660156,595600
2016-06-06,23.350000381469727,24.420000076293945,22.989999771118164,24.239999771118164,16.62111473083496,1327400
2016-06-07,24.31999969482422,24.770000457763672,24.190000534057617,24.469999313354492,16.778820037841797,779300
2016-06-08,24.709999084472656,24.8799991607666,24.010000228881836,24.360000610351562,16.703397750854492,765000
2016-06-09,24.079999923706055,24.18000030517578,23.790000915527344,23.8799991607666,16.374265670776367,288000
2016-06-10,23.739999771118164,24.020000457763672,23.59000015258789,23.850000381469727,16.35369873046875,295600
2016-06-13,23.31999969482422,23.780000686645508,23.079999923706055,23.290000915527344,15.969709396362305,709900
2016-06-14,23.25,23.920000076293945,23.139999389648438,23.56999969482422,16.161706924438477,597500
2016-06-15,23.850000381469727,24.3799991607666,23.850000381469727,23.90999984741211,16.39484214782715,653000
2016-06-16,23.8799991607666,23.8799991607666,23.1299991607666,23.84000015258789,16.346843719482422,377900
2016-06-17,23.899999618530273,24.209999084472656,23.739999771118164,24.0,16.4565486907959,720600
2016-06-20,24.510000228881836,24.540000915527344,23.790000915527344,23.989999771118164,16.449695587158203,633100
2016-06-21,24.0,24.139999389648438,23.8799991607666,24.079999923706055,16.511404037475586,685100
2016-06-22,24.190000534057617,24.329999923706055,23.84000015258789,23.8799991607666,16.374265670776367,429000
2016-06-23,24.309999465942383,24.969999313354492,24.049999237060547,24.8799991607666,17.05995750427246,767800
2016-06-24,24.299999237060547,24.299999237060547,23.610000610351562,24.0,16.4565486907959,656300
2016-06-27,23.56999969482422,23.670000076293945,23.139999389648438,23.190000534057617,15.901148796081543,989500
2016-06-28,23.6299991607666,24.25,23.6299991607666,24.229999542236328,16.6142578125,475500
2016-06-29,24.5,24.8700008392334,24.440000534057617,24.799999237060547,17.005104064941406,706200
2016-06-30,24.799999237060547,24.989999771118164,24.389999389648438,24.719999313354492,16.95025062561035,906300
2016-07-01,24.8799991607666,25.530000686645508,24.799999237060547,25.280000686645508,17.334232330322266,688400
2016-07-05,25.75,26.329999923706055,25.489999771118164,25.65999984741211,17.594799041748047,1168400
2016-07-06,25.43000030517578,25.610000610351562,25.170000076293945,25.239999771118164,17.306806564331055,656000
2016-07-07,25.399999618530273,25.709999084472656,25.399999618530273,25.479999542236328,17.471364974975586,749500
2016-07-08,25.899999618530273,25.899999618530273,25.389999389648438,25.540000915527344,17.512510299682617,579200
2016-07-11,25.510000228881836,25.829999923706055,25.43000030517578,25.600000381469727,17.553651809692383,450700
2016-07-12,25.940000534057617,26.329999923706055,25.739999771118164,26.200000762939453,17.965072631835938,561900
2016-07-13,25.450000762939453,25.75,24.899999618530273,25.459999084472656,17.457656860351562,1197000
2016-07-14,25.479999542236328,25.860000610351562,25.459999084472656,25.719999313354492,17.63593864440918,685000
2016-07-15,25.899999618530273,26.09000015258789,25.56999969482422,25.6200008392334,17.56736183166504,402600
2016-07-18,25.579999923706055,25.579999923706055,25.219999313354492,25.25,17.31366539001465,303900
2016-07-19,25.1299991607666,25.290000915527344,24.770000457763672,24.790000915527344,16.998247146606445,342400
2016-07-20,24.729999542236328,25.280000686645508,24.600000381469727,25.059999465942383,17.183380126953125,345400
2016-07-21,25.229999542236328,25.309999465942383,24.540000915527344,24.739999771118164,16.963964462280273,548900
2016-07-22,24.670000076293945,25.100000381469727,24.600000381469727,24.93000030517578,17.094249725341797,374400
2016-07-25,24.860000610351562,24.920000076293945,24.459999084472656,24.8700008392334,17.053104400634766,282300
2016-07-26,24.920000076293945,25.079999923706055,24.600000381469727,24.690000534057617,16.9296817779541,363700
2016-07-27,24.760000228881836,24.950000762939453,24.579999923706055,24.829999923706055,17.02567481994629,399800
2016-07-28,24.700000762939453,25.139999389648438,24.5,24.940000534057617,17.101099014282227,711000
2016-07-29,25.0,25.09000015258789,24.610000610351562,24.780000686645508,16.99139404296875,384200
2016-08-01,24.899999618530273,24.90999984741211,24.459999084472656,24.56999969482422,16.847396850585938,292400
2016-08-02,24.579999923706055,24.75,24.329999923706055,24.5,16.79939842224121,542000
2016-08-03,24.479999542236328,24.520000457763672,24.229999542236328,24.440000534057617,16.75825309753418,195800
2016-08-04,24.510000228881836,24.600000381469727,24.18000030517578,24.489999771118164,16.79253578186035,253200
2016-08-05,24.639999389648438,24.8700008392334,24.440000534057617,24.469999313354492,16.778820037841797,497400
2016-08-08,24.540000915527344,24.68000030517578,24.3799991607666,24.530000686645508,16.81996726989746,544300
2016-08-09,24.59000015258789,24.700000762939453,24.5,24.540000915527344,16.826824188232422,444100
2016-08-10,24.780000686645508,24.780000686645508,24.420000076293945,24.549999237060547,16.83367919921875,704500
2016-08-11,24.549999237060547,24.65999984741211,24.420000076293945,24.600000381469727,16.867963790893555,503100
2016-08-12,24.600000381469727,24.639999389648438,24.389999389648438,24.520000457763672,16.813114166259766,438600
2016-08-15,24.520000457763672,25.200000762939453,24.520000457763672,25.18000030517578,17.26566505432129,418200
2016-08-16,25.299999237060547,25.450000762939453,24.8700008392334,24.889999389648438,17.066814422607422,331800
2016-08-17,24.799999237060547,24.799999237060547,24.219999313354492,24.350000381469727,16.69654083251953,327000
2016-08-18,24.5,24.709999084472656,24.3799991607666,24.639999389648438,16.895395278930664,521300
2016-08-19,24.549999237060547,24.959999084472656,24.549999237060547,24.81999969482422,17.018817901611328,520300
2016-08-22,24.670000076293945,25.139999389648438,24.510000228881836,25.139999389648438,17.238237380981445,373200
2016-08-23,25.3700008392334,25.3700008392334,25.0,25.1200008392334,17.224525451660156,331800
2016-08-24,25.1200008392334,25.25,24.81999969482422,24.93000030517578,17.094249725341797,309700
2016-08-25,25.18000030517578,27.229999542236328,25.1200008392334,26.15999984741211,17.937641143798828,2127600
2016-08-26,26.5,26.670000076293945,25.979999542236328,26.06999969482422,17.87592887878418,698700
2016-08-29,26.110000610351562,26.219999313354492,25.56999969482422,25.56999969482422,17.533082962036133,448400
2016-08-30,26.68000030517578,26.68000030517578,25.59000015258789,26.229999542236328,17.985639572143555,857400
2016-08-31,25.979999542236328,25.979999542236328,25.06999969482422,25.5,17.485084533691406,855000
2016-09-01,25.329999923706055,26.450000762939453,25.270000457763672,26.43000030517578,18.12277603149414,754700
2016-09-02,26.670000076293945,27.75,26.670000076293945,27.739999771118164,19.021034240722656,930000
2016-09-06,28.229999542236328,28.260000228881836,27.350000381469727,27.399999618530273,18.78789710998535,490400
2016-09-07,27.399999618530273,27.940000534057617,27.399999618530273,27.639999389648438,18.95245933532715,597700
2016-09-08,27.639999389648438,27.81999969482422,26.989999771118164,27.399999618530273,18.78789710998535,745800
2016-09-09,27.209999084472656,27.209999084472656,26.299999237060547,26.489999771118164,18.163921356201172,910800
2016-09-12,26.110000610351562,26.690000534057617,26.040000915527344,26.540000915527344,18.198204040527344,312600
2016-09-13,26.309999465942383,26.31999969482422,26.0,26.1299991607666,17.917070388793945,379400
2016-09-14,27.059999465942383,27.059999465942383,25.649999618530273,25.790000915527344,17.683942794799805,495300
2016-09-15,25.780000686645508,26.049999237060547,25.510000228881836,25.59000015258789,17.546798706054688,441200
2016-09-16,25.350000381469727,25.520000457763672,24.989999771118164,25.25,17.31366539001465,339300
2016-09-19,25.489999771118164,25.739999771118164,25.260000228881836,25.280000686645508,17.334232330322266,154300
2016-09-20,25.3700008392334,25.40999984741211,24.75,24.780000686645508,16.99139404296875,388000
2016-09-21,24.8700008392334,25.690000534057617,24.850000381469727,25.670000076293945,17.60165023803711,674800
2016-09-22,25.790000915527344,26.1200008392334,25.34000015258789,25.510000228881836,17.491943359375,413900
2016-09-23,25.350000381469727,25.479999542236328,25.049999237060547,25.1200008392334,17.224525451660156,310200
2016-09-26,25.780000686645508,26.709999084472656,25.780000686645508,26.0,17.827932357788086,663600
2016-09-27,25.989999771118164,26.1200008392334,25.719999313354492,26.030000686645508,17.84850311279297,502700
2016-09-28,26.219999313354492,27.149999618530273,25.90999984741211,27.100000381469727,18.582191467285156,608000
2016-09-29,27.139999389648438,27.209999084472656,26.170000076293945,26.3799991607666,18.08849334716797,462400
2016-09-30,26.440000534057617,27.030000686645508,26.18000030517578,26.899999618530273,18.445051193237305,803400
2016-10-03,26.899999618530273,27.809999465942383,26.6299991607666,27.790000915527344,19.055316925048828,712200
2016-10-04,27.850000381469727,27.850000381469727,26.920000076293945,27.399999618530273,18.78789710998535,892400
2016-10-05,27.81999969482422,27.81999969482422,27.40999984741211,27.75,19.027889251708984,365300
2016-10-06,27.6200008392334,27.709999084472656,27.489999771118164,27.6200008392334,18.93874740600586,184100
2016-10-07,27.59000015258789,27.649999618530273,27.15999984741211,27.329999923706055,18.739898681640625,270200
2016-10-10,27.420000076293945,27.84000015258789,27.420000076293945,27.760000228881836,19.034746170043945,229500
2016-10-11,27.56999969482422,27.719999313354492,27.209999084472656,27.489999771118164,18.849607467651367,197500
2016-10-12,27.559999465942383,27.610000610351562,27.25,27.3799991607666,18.77418327331543,226200
2016-10-13,27.09000015258789,27.299999237060547,26.280000686645508,26.84000015258789,18.403915405273438,421000
2016-10-14,26.93000030517578,27.15999984741211,26.829999923706055,26.90999984741211,18.4519100189209,204800
2016-10-17,27.290000915527344,27.290000915527344,26.5,26.760000228881836,18.349058151245117,225100
2016-10-18,27.110000610351562,27.690000534057617,26.950000762939453,27.540000915527344,18.88389778137207,450200
2016-10-19,28.0,29.09000015258789,27.950000762939453,28.610000610351562,19.617578506469727,902600
2016-10-20,29.100000381469727,29.299999237060547,28.780000686645508,29.100000381469727,19.953569412231445,501900
2016-10-21,29.15999984741211,29.389999389648438,28.809999465942383,29.360000610351562,20.131853103637695,515700
2016-10-24,29.959999084472656,29.959999084472656,29.190000534057617,29.389999389648438,20.152420043945312,331100
2016-10-25,29.479999542236328,29.90999984741211,29.360000610351562,29.43000030517578,20.179847717285156,551700
2016-10-26,29.469999313354492,29.5,29.049999237060547,29.270000457763672,20.070138931274414,597500
2016-10-27,29.420000076293945,29.649999618530273,29.149999618530273,29.56999969482422,20.275846481323242,489100
2016-10-28,29.610000610351562,30.059999465942383,29.450000762939453,29.700000762939453,20.3649845123291,732400
2016-10-31,29.700000762939453,29.799999237060547,28.709999084472656,29.260000228881836,20.06328010559082,6349000
2016-11-01,29.209999084472656,29.670000076293945,28.670000076293945,29.219999313354492,20.035852432250977,491300
2016-11-02,29.190000534057617,29.209999084472656,28.649999618530273,29.040000915527344,19.91242790222168,584600
2016-11-03,29.149999618530273,29.229999542236328,28.770000457763672,29.15999984741211,19.994714736938477,381300
2016-11-04,28.969999313354492,29.100000381469727,28.760000228881836,28.760000228881836,19.72043800354004,288000
2016-11-07,29.3799991607666,29.389999389648438,28.950000762939453,29.06999969482422,19.932998657226562,322200
2016-11-08,29.040000915527344,29.31999969482422,28.790000915527344,29.149999618530273,19.987852096557617,526600
2016-11-09,28.959999084472656,28.959999084472656,28.25,28.780000686645508,19.734148025512695,671400
2016-11-10,28.850000381469727,29.18000030517578,27.290000915527344,27.3799991607666,18.77418327331543,1038100
2016-11-11,27.31999969482422,27.709999084472656,27.100000381469727,27.399999618530273,18.78789710998535,993200
2016-11-14,27.399999618530273,27.40999984741211,26.469999313354492,26.510000228881836,18.17763328552246,484000
2016-11-15,27.049999237060547,27.239999771118164,26.530000686645508,27.229999542236328,18.671327590942383,671900
2016-11-16,27.15999984741211,27.25,26.489999771118164,26.729999542236328,18.328487396240234,434400
2016-11-17,26.8700008392334,27.09000015258789,26.700000762939453,26.850000381469727,18.4107666015625,438500
2016-11-18,26.959999084472656,27.3700008392334,26.799999237060547,27.309999465942383,18.726186752319336,431400
2016-11-21,27.799999237060547,28.149999618530273,27.459999084472656,27.969999313354492,19.17873764038086,478900
2016-11-22,28.06999969482422,28.360000610351562,27.68000030517578,27.850000381469727,19.096454620361328,984900
2016-11-23,27.59000015258789,27.959999084472656,27.3700008392334,27.829999923706055,19.082744598388672,526400
2016-11-25,27.920000076293945,28.149999618530273,27.450000762939453,28.010000228881836,19.206167221069336,582400
2016-11-28,28.010000228881836,28.110000610351562,27.719999313354492,28.010000228881836,19.206167221069336,465000
2016-11-29,27.8700008392334,27.979999542236328,27.450000762939453,27.479999542236328,18.842754364013672,340900
2016-11-30,27.479999542236328,28.719999313354492,27.309999465942383,28.6200008392334,19.624433517456055,992100
2016-12-01,28.6200008392334,28.770000457763672,28.040000915527344,28.059999465942383,19.240453720092773,473800
2016-12-02,28.010000228881836,28.729999542236328,28.010000228881836,28.399999618530273,19.47358512878418,380300
2016-12-05,28.860000610351562,29.479999542236328,28.809999465942383,29.459999084472656,20.200422286987305,433300
2016-12-06,29.309999465942383,30.719999313354492,29.209999084472656,30.479999542236328,20.899822235107422,950700
2016-12-07,30.559999465942383,31.43000030517578,30.5,31.309999465942383,21.468942642211914,853300
2016-12-08,31.530000686645508,32.31999969482422,31.459999084472656,31.979999542236328,21.928356170654297,841300
2016-12-09,32.040000915527344,32.150001525878906,31.600000381469727,31.690000534057617,21.729501724243164,560000
2016-12-12,31.440000534057617,31.440000534057617,30.18000030517578,30.260000228881836,21.324298858642578,787600
2016-12-13,30.610000610351562,30.610000610351562,29.31999969482422,29.450000762939453,20.753496170043945,836200
2016-12-14,29.350000381469727,29.3700008392334,28.309999465942383,28.469999313354492,20.062883377075195,711300
2016-12-15,28.3700008392334,29.440000534057617,26.68000030517578,27.649999618530273,19.48502540588379,2558000
2016-12-16,27.6200008392334,27.770000457763672,26.920000076293945,27.760000228881836,19.562549591064453,1678000
2016-12-19,27.559999465942383,28.399999618530273,27.510000228881836,28.3799991607666,19.999462127685547,976400
2016-12-20,28.450000762939453,29.049999237060547,28.309999465942383,28.489999771118164,20.076974868774414,850500
2016-12-21,28.600000381469727,28.6200008392334,28.079999923706055,28.329999923706055,19.964221954345703,528100
2016-12-22,28.270000457763672,28.530000686645508,28.079999923706055,28.389999389648438,20.00650978088379,321800
2016-12-23,28.229999542236328,28.3799991607666,27.950000762939453,28.3700008392334,19.992412567138672,358800
2016-12-27,28.350000381469727,28.700000762939453,28.239999771118164,28.440000534057617,20.041744232177734,390100
2016-12-28,28.5,28.520000457763672,28.110000610351562,28.260000228881836,19.914901733398438,423300
2016-12-29,28.440000534057617,28.56999969482422,28.299999237060547,28.5,20.084026336669922,245100
2016-12-30,28.43000030517578,28.780000686645508,28.360000610351562,28.649999618530273,20.18973159790039,344000
2017-01-03,29.0,29.479999542236328,28.579999923706055,28.860000610351562,20.337718963623047,292600
2017-01-04,29.010000228881836,29.399999618530273,28.950000762939453,29.399999618530273,20.718257904052734,653300
2017-01-05,29.479999542236328,30.149999618530273,29.479999542236328,30.010000228881836,21.148128509521484,670400
2017-01-06,30.010000228881836,30.040000915527344,29.530000686645508,29.6200008392334,20.873289108276367,459200
2017-01-09,29.65999984741211,30.440000534057617,29.549999237060547,29.790000915527344,20.993093490600586,398100
2017-01-10,29.90999984741211,30.489999771118164,29.639999389648438,30.389999389648438,21.415910720825195,767400
2017-01-11,30.530000686645508,30.920000076293945,30.260000228881836,30.729999542236328,21.655513763427734,506900
2017-01-12,31.010000228881836,31.43000030517578,30.200000762939453,30.56999969482422,21.542757034301758,617300
2017-01-13,30.610000610351562,31.040000915527344,30.5,30.8700008392334,21.75417137145996,295100
2017-01-17,30.81999969482422,30.940000534057617,30.299999237060547,30.81999969482422,21.718935012817383,590800
2017-01-18,30.770000457763672,31.90999984741211,30.770000457763672,31.770000457763672,22.38840103149414,1267700
2017-01-19,31.969999313354492,32.58000183105469,31.860000610351562,32.459999084472656,22.874645233154297,792800
2017-01-20,32.65999984741211,33.06999969482422,32.349998474121094,32.400001525878906,22.832368850708008,573400
2017-01-23,32.529998779296875,33.040000915527344,32.52000045776367,32.81999969482422,23.128339767456055,445800
2017-01-24,33.0,33.720001220703125,32.88999938964844,33.59000015258789,23.670963287353516,627600
2017-01-25,34.689998626708984,34.84000015258789,33.04999923706055,33.66999816894531,23.72733497619629,1005000
2017-01-26,33.31999969482422,33.56999969482422,32.790000915527344,32.9900016784668,23.248140335083008,908800
2017-01-27,33.099998474121094,33.20000076293945,32.52000045776367,32.63999938964844,23.001493453979492,792700
2017-01-30,32.5,32.63999938964844,32.040000915527344,32.310001373291016,22.768943786621094,474500
2017-01-31,32.2599983215332,32.400001525878906,32.0099983215332,32.31999969482422,22.77598762512207,485200
2017-02-01,32.40999984741211,33.060001373291016,32.06999969482422,32.97999954223633,23.241090774536133,466800
2017-02-02,33.119998931884766,34.2400016784668,32.9900016784668,34.0099983215332,23.966930389404297,667600
2017-02-03,34.11000061035156,34.349998474121094,33.06999969482422,33.150001525878906,23.36088752746582,553900
2017-02-06,33.18000030517578,33.599998474121094,33.04999923706055,33.33000183105469,23.487741470336914,259200
2017-02-07,33.27000045776367,33.54999923706055,32.779998779296875,32.81999969482422,23.128339767456055,392900
2017-02-08,32.79999923706055,33.130001068115234,32.470001220703125,32.939998626708984,23.212905883789062,335300
2017-02-09,32.939998626708984,33.29999923706055,32.529998779296875,32.7400016784668,23.07196617126465,353900
2017-02-10,32.77000045776367,33.29999923706055,32.77000045776367,32.95000076293945,23.219947814941406,372700
2017-02-13,33.09000015258789,34.290000915527344,32.880001068115234,34.04999923706055,23.995126724243164,1009100
2017-02-14,34.0,34.56999969482422,33.97999954223633,34.5099983215332,24.319286346435547,713600
2017-02-15,34.5,34.5,33.209999084472656,33.59000015258789,23.670963287353516,490700
2017-02-16,33.83000183105469,34.150001525878906,32.93000030517578,33.029998779296875,23.276329040527344,660800
2017-02-17,33.029998779296875,33.060001373291016,31.93000030517578,32.0,22.55048179626465,893000
2017-02-21,32.150001525878906,32.77000045776367,32.04999923706055,32.66999816894531,23.022634506225586,513100
2017-02-22,32.77000045776367,33.220001220703125,32.04999923706055,32.13999938964844,22.649137496948242,693000
2017-02-23,32.36000061035156,32.58000183105469,31.700000762939453,32.150001525878906,22.65618896484375,536500
2017-02-24,31.899999618530273,32.08000183105469,31.290000915527344,31.420000076293945,22.14175033569336,371700
2017-02-27,31.5,31.90999984741211,30.84000015258789,30.959999084472656,21.817588806152344,545000
2017-02-28,30.950000762939453,31.799999237060547,30.81999969482422,31.5,22.198129653930664,806400
2017-03-01,32.130001068115234,32.29999923706055,31.479999542236328,31.969999313354492,22.529342651367188,914900
2017-03-02,32.900001525878906,33.88999938964844,32.849998474121094,33.099998474121094,23.325658798217773,1692800
2017-03-03,33.29999923706055,33.31999969482422,32.369998931884766,32.79999923706055,23.114246368408203,964100
2017-03-06,32.70000076293945,33.130001068115234,32.29999923706055,33.06999969482422,23.30451202392578,592800
2017-03-07,33.06999969482422,33.54999923706055,33.0,33.16999816894531,23.374980926513672,816400
2017-03-08,33.36000061035156,33.849998474121094,32.81999969482422,32.880001068115234,23.170621871948242,753600
2017-03-09,33.150001525878906,34.06999969482422,33.040000915527344,33.27000045776367,23.44545555114746,805700
2017-03-10,33.400001525878906,33.65999984741211,32.91999816894531,32.9900016784668,23.248140335083008,527200
2017-03-13,33.209999084472656,33.5099983215332,33.02000045776367,33.400001525878906,23.53706932067871,532000
2017-03-14,33.189998626708984,33.29999923706055,32.849998474121094,32.88999938964844,23.17767333984375,523000
2017-03-15,33.13999938964844,33.5,32.90999984741211,33.400001525878906,23.53706932067871,314500
2017-03-16,33.720001220703125,33.95000076293945,33.2599983215332,33.31999969482422,23.48069190979004,449500
2017-03-17,33.220001220703125,34.310001373291016,33.20000076293945,33.79999923706055,23.81894874572754,917900
2017-03-20,33.79999923706055,34.099998474121094,33.70000076293945,33.97999954223633,23.9457950592041,529400
2017-03-21,33.939998626708984,34.08000183105469,33.150001525878906,33.189998626708984,23.38907814025879,733900
2017-03-22,33.11000061035156,33.779998779296875,32.630001068115234,33.70000076293945,23.74847984313965,652000
2017-03-23,33.31999969482422,33.810001373291016,33.2599983215332,33.41999816894531,23.55116081237793,578200
2017-03-24,33.459999084472656,33.95000076293945,33.380001068115234,33.59000015258789,23.670963287353516,259000
2017-03-27,33.290000915527344,33.310001373291016,32.65999984741211,32.959999084472656,23.22699737548828,647900
2017-03-28,33.16999816894531,33.63999938964844,33.09000015258789,33.34000015258789,23.494783401489258,553400
2017-03-29,33.400001525878906,34.040000915527344,33.349998474121094,33.849998474121094,23.854175567626953,422800
2017-03-30,34.0099983215332,34.439998626708984,33.880001068115234,34.27000045776367,24.15015983581543,584600
2017-03-31,34.36000061035156,34.66999816894531,34.15999984741211,34.369998931884766,24.220626831054688,518500
2017-04-03,34.75,34.75,33.959999084472656,34.150001525878906,24.065593719482422,429700
2017-04-04,34.20000076293945,34.29999923706055,33.869998931884766,34.20000076293945,24.100826263427734,330000
2017-04-05,34.75,34.849998474121094,34.11000061035156,34.2400016784668,24.12901496887207,916800
2017-04-06,34.849998474121094,36.56999969482422,34.810001373291016,36.5,25.721647262573242,1012300
2017-04-07,36.33000183105469,36.650001525878906,35.9900016784668,36.310001373291016,25.587751388549805,765300
2017-04-10,36.84000015258789,37.2400016784668,36.79999923706055,37.060001373291016,26.11628532409668,877300
2017-04-11,37.08000183105469,37.119998931884766,36.52000045776367,36.91999816894531,26.017616271972656,664600
2017-04-12,36.81999969482422,36.83000183105469,36.060001373291016,36.5,25.721647262573242,1022800
2017-04-13,36.45000076293945,37.08000183105469,36.34000015258789,36.9900016784668,26.06694984436035,521300
2017-04-17,36.540000915527344,36.77000045776367,35.970001220703125,36.20000076293945,25.510236740112305,620900
2017-04-18,36.119998931884766,36.790000915527344,35.810001373291016,36.09000015258789,25.432716369628906,1111800
2017-04-19,36.09000015258789,36.18000030517578,35.20000076293945,35.709999084472656,25.16493034362793,728700
2017-04-20,35.70000076293945,36.060001373291016,35.349998474121094,35.97999954223633,25.35520362854004,556600
2017-04-21,35.970001220703125,36.20000076293945,35.54999923706055,35.619998931884766,25.10150718688965,560400
2017-04-24,36.349998474121094,36.91999816894531,36.25,36.5,25.721647262573242,1319000
2017-04-25,36.81999969482422,36.97999954223633,36.40999984741211,36.529998779296875,25.74279022216797,1291600
2017-04-26,36.459999084472656,36.52000045776367,35.95000076293945,36.150001525878906,25.47500228881836,679200
2017-04-27,36.29999923706055,36.470001220703125,34.97999954223633,35.04999923706055,24.6998233795166,1347000
2017-04-28,35.400001525878906,35.70000076293945,35.18000030517578,35.54999923706055,25.052181243896484,743500
2017-05-01,35.79999923706055,36.029998779296875,35.11000061035156,35.130001068115234,24.756200790405273,545900
2017-05-02,35.16999816894531,35.4900016784668,34.90999984741211,35.04999923706055,24.6998233795166,601700
2017-05-03,34.689998626708984,34.86000061035156,34.119998931884766,34.560001373291016,24.495697021484375,1057000
2017-05-04,34.5,34.599998474121094,33.290000915527344,33.29999923706055,23.602622985839844,874000
2017-05-05,33.41999816894531,34.43000030517578,33.41999816894531,34.349998474121094,24.346847534179688,1252300
2017-05-08,34.349998474121094,34.689998626708984,33.880001068115234,33.939998626708984,24.056245803833008,868900
2017-05-09,34.150001525878906,34.400001525878906,33.880001068115234,33.93000030517578,24.049158096313477,927500
2017-05-10,34.099998474121094,34.4900016784668,33.95000076293945,34.25,24.275972366333008,631100
2017-05-11,34.25,34.619998931884766,33.75,34.470001220703125,24.431907653808594,528000
2017-05-12,34.470001220703125,35.04999923706055,34.31999969482422,34.34000015258789,24.339765548706055,516400
2017-05-15,34.88999938964844,34.91999816894531,34.369998931884766,34.459999084472656,24.424814224243164,934800
2017-05-16,34.540000915527344,35.5099983215332,34.43000030517578,35.20000076293945,24.94931983947754,1135200
2017-05-17,35.20000076293945,35.369998931884766,33.810001373291016,33.970001220703125,24.077512741088867,1079900
2017-05-18,33.54999923706055,34.81999969482422,32.59000015258789,34.54999923706055,24.488605499267578,1081900
2017-05-19,35.25,36.40999984741211,35.25,35.810001373291016,25.381681442260742,1344400
2017-05-22,36.470001220703125,36.5,35.15999984741211,35.310001373291016,25.02728271484375,844600
2017-05-23,35.34000015258789,35.779998779296875,35.18000030517578,35.47999954223633,25.14777946472168,832300
2017-05-24,35.52000045776367,36.349998474121094,35.290000915527344,36.2599983215332,25.70062828063965,1441800
2017-05-25,36.5,37.38999938964844,36.439998626708984,37.279998779296875,26.423601150512695,1972900
2017-05-26,37.279998779296875,37.470001220703125,36.79999923706055,37.310001373291016,26.444866180419922,1204100
2017-05-30,37.27000045776367,37.33000183105469,36.470001220703125,36.869998931884766,26.132997512817383,1245100
2017-05-31,37.0,37.06999969482422,36.0099983215332,36.029998779296875,25.537612915039062,1476900
2017-06-01,36.040000915527344,36.77000045776367,35.869998931884766,36.27000045776367,25.707721710205078,997500
2017-06-02,36.369998931884766,36.45000076293945,35.689998626708984,36.150001525878906,25.622671127319336,996600
2017-06-05,36.099998474121094,36.22999954223633,35.689998626708984,36.11000061035156,25.594318389892578,753500
2017-06-06,36.11000061035156,36.38999938964844,35.83000183105469,36.20000076293945,25.658109664916992,1503700
2017-06-07,36.06999969482422,36.33000183105469,35.20000076293945,35.25,25.25826644897461,1430700
2017-06-08,35.40999984741211,35.40999984741211,34.95000076293945,35.310001373291016,25.3012638092041,944700
2017-06-09,35.36000061035156,35.779998779296875,35.0099983215332,35.43000030517578,25.387245178222656,1000600
2017-06-12,35.459999084472656,35.7599983215332,35.04999923706055,35.209999084472656,25.229612350463867,735000
2017-06-13,35.54999923706055,36.29999923706055,35.400001525878906,36.209999084472656,25.946157455444336,952700
2017-06-14,36.18000030517578,36.9900016784668,35.70000076293945,35.779998779296875,25.638042449951172,1142100
2017-06-15,35.22999954223633,35.54999923706055,34.34000015258789,34.459999084472656,24.692197799682617,1364200
2017-06-16,34.41999816894531,34.9900016784668,34.36000061035156,34.439998626708984,24.67786979675293,780900
2017-06-19,34.709999084472656,34.88999938964844,33.81999969482422,33.939998626708984,24.31960105895996,954600
2017-06-20,33.599998474121094,33.810001373291016,33.06999969482422,33.529998779296875,24.02581214904785,731600
2017-06-21,33.5099983215332,33.849998474121094,32.459999084472656,32.52000045776367,23.30209732055664,1183500
2017-06-22,32.56999969482422,32.939998626708984,32.380001068115234,32.65999984741211,23.402420043945312,997200
2017-06-23,32.66999816894531,33.869998931884766,32.560001373291016,33.31999969482422,23.875337600708008,1146600
2017-06-26,33.709999084472656,33.97999954223633,33.0099983215332,33.459999084472656,23.97565269470215,883400
2017-06-27,33.459999084472656,33.689998626708984,33.099998474121094,33.33000183105469,23.882503509521484,669600
2017-06-28,33.41999816894531,33.83000183105469,33.349998474121094,33.540000915527344,24.032978057861328,551000
2017-06-29,33.529998779296875,33.86000061035156,33.02000045776367,33.22999954223633,23.810850143432617,529300
2017-06-30,33.27000045776367,33.439998626708984,32.5,33.02000045776367,23.660375595092773,514700
2017-07-03,33.04999923706055,33.720001220703125,32.90999984741211,33.58000183105469,24.0616397857666,309100
2017-07-05,34.810001373291016,35.310001373291016,34.47999954223633,34.560001373291016,24.763858795166016,1321100
2017-07-06,34.54999923706055,34.599998474121094,33.810001373291016,34.209999084472656,24.513063430786133,917100
2017-07-07,34.34000015258789,35.15999984741211,34.150001525878906,35.130001068115234,25.172285079956055,894200
2017-07-10,35.16999816894531,36.099998474121094,35.04999923706055,35.58000183105469,25.494731903076172,858000
2017-07-11,35.58000183105469,35.779998779296875,35.11000061035156,35.36000061035156,25.337100982666016,845300
2017-07-12,35.560001373291016,36.4900016784668,35.5,36.369998931884766,26.06080436706543,1073900
2017-07-13,36.34000015258789,36.650001525878906,36.209999084472656,36.27000045776367,25.98915672302246,636200
2017-07-14,36.33000183105469,36.95000076293945,36.130001068115234,36.66999816894531,26.275772094726562,525600
2017-07-17,36.779998779296875,37.65999984741211,36.779998779296875,37.099998474121094,26.583881378173828,545300
2017-07-18,37.209999084472656,37.59000015258789,36.81999969482422,37.529998779296875,26.891996383666992,508500
2017-07-19,37.72999954223633,37.939998626708984,37.459999084472656,37.91999816894531,27.171459197998047,388000
2017-07-20,37.95000076293945,38.400001525878906,37.84000015258789,38.380001068115234,27.501070022583008,581100
2017-07-21,38.5,38.7400016784668,38.040000915527344,38.630001068115234,27.68020248413086,526700
2017-07-24,38.54999923706055,38.84000015258789,38.15999984741211,38.40999984741211,27.522560119628906,806000
2017-07-25,38.900001525878906,39.08000183105469,38.400001525878906,39.040000915527344,27.973987579345703,460100
2017-07-26,39.119998931884766,39.84000015258789,38.7599983215332,39.43000030517578,28.253442764282227,622700
2017-07-27,40.0,40.459999084472656,39.5099983215332,39.970001220703125,28.640380859375,839600
2017-07-28,40.0,40.86000061035156,39.84000015258789,40.810001373291016,29.242273330688477,785100
2017-07-31,40.900001525878906,41.77000045776367,40.619998931884766,41.11000061035156,29.45723533630371,756100
2017-08-01,41.349998474121094,41.400001525878906,40.83000183105469,41.09000015258789,29.442913055419922,683800
2017-08-02,41.060001373291016,41.380001068115234,40.810001373291016,41.369998931884766,29.643535614013672,795300
2017-08-03,41.400001525878906,42.63999938964844,41.38999938964844,42.0099983215332,30.102128982543945,1023200
2017-08-04,42.380001068115234,43.040000915527344,42.290000915527344,42.88999938964844,30.732685089111328,821500
2017-08-07,43.09000015258789,43.349998474121094,42.27000045776367,42.790000915527344,30.661039352416992,841000
2017-08-08,42.65999984741211,42.7400016784668,41.5,42.27000045776367,30.288434982299805,1090200
2017-08-09,41.95000076293945,42.2599983215332,41.66999816894531,42.209999084472656,30.245433807373047,579000
2017-08-10,42.20000076293945,42.40999984741211,41.09000015258789,41.13999938964844,29.47873306274414,711600
2017-08-11,40.27000045776367,41.31999969482422,39.2400016784668,41.09000015258789,29.442913055419922,582500
2017-08-14,42.04999923706055,42.290000915527344,41.54999923706055,41.79999923706055,29.95166015625,492900
2017-08-15,41.75,42.189998626708984,41.560001373291016,42.099998474121094,30.166616439819336,429800
2017-08-16,42.27000045776367,43.5,42.27000045776367,43.27000045776367,31.004974365234375,785300
2017-08-17,43.33000183105469,43.599998474121094,42.95000076293945,42.97999954223633,30.797182083129883,547100
2017-08-18,43.11000061035156,43.130001068115234,42.45000076293945,42.90999984741211,30.74702262878418,376300
2017-08-21,42.849998474121094,43.84000015258789,42.810001373291016,43.720001220703125,31.327423095703125,666400
2017-08-22,43.97999954223633,44.619998931884766,43.90999984741211,44.29999923706055,31.74301528930664,688500
2017-08-23,44.20000076293945,44.59000015258789,43.95000076293945,44.38999938964844,31.807510375976562,494800
2017-08-24,44.02000045776367,46.599998474121094,42.619998931884766,46.060001373291016,33.004154205322266,1854100
2017-08-25,46.5,48.119998931884766,46.099998474121094,47.709999084472656,34.18644714355469,1245000
2017-08-28,47.72999954223633,47.79999923706055,46.540000915527344,47.20000076293945,33.82101058959961,754100
2017-08-29,46.70000076293945,47.61000061035156,46.5,47.0,33.67770004272461,717200
2017-08-30,47.0,47.220001220703125,46.099998474121094,46.150001525878906,33.06863784790039,801200
2017-08-31,46.5,47.20000076293945,46.279998779296875,46.93000030517578,33.62753677368164,1322100
2017-09-01,47.18000030517578,48.81999969482422,47.11000061035156,48.040000915527344,34.42291259765625,1176200
2017-09-05,48.61000061035156,49.040000915527344,47.77000045776367,48.0,34.39424133300781,851400
2017-09-06,47.9900016784668,48.95000076293945,47.869998931884766,48.70000076293945,34.89582824707031,775600
2017-09-07,48.84000015258789,50.54999923706055,48.779998779296875,49.599998474121094,35.82318878173828,1154600
2017-09-08,49.75,49.790000915527344,48.150001525878906,48.439998626708984,34.985389709472656,969700
2017-09-11,49.18000030517578,52.40999984741211,49.0,51.810001373291016,37.41934585571289,1401900
2017-09-12,53.41999816894531,55.08000183105469,51.75,52.20000076293945,37.701019287109375,1967300
2017-09-13,53.70000076293945,54.439998626708984,52.84000015258789,54.31999969482422,39.23217010498047,2174600
2017-09-14,55.06999969482422,56.0,53.79999923706055,55.36000061035156,39.98329544067383,1824500
2017-09-15,55.68000030517578,58.709999084472656,55.5,58.060001373291016,41.933349609375,2406300
2017-09-18,59.790000915527344,61.369998931884766,57.38999938964844,58.970001220703125,42.5905876159668,2353500
2017-09-19,58.869998931884766,63.43000030517578,58.869998931884766,61.95000076293945,44.742881774902344,2547500
2017-09-20,63.0,63.79999923706055,56.70000076293945,57.43000030517578,41.478336334228516,5380400
2017-09-21,58.59000015258789,59.66999816894531,57.79999923706055,58.70000076293945,42.39558792114258,1673700
2017-09-22,58.439998626708984,59.0,54.02000045776367,56.47999954223633,40.79220962524414,2616500
2017-09-25,56.150001525878906,56.689998626708984,52.5,52.970001220703125,38.25714874267578,3233100
2017-09-26,53.04999923706055,54.2400016784668,52.560001373291016,52.65999984741211,38.03324508666992,1871600
2017-09-27,53.189998626708984,55.4900016784668,53.18000030517578,55.16999816894531,39.846073150634766,1438400
2017-09-28,55.90999984741211,56.7599983215332,55.11000061035156,55.290000915527344,39.9327507019043,1469200
2017-09-29,56.130001068115234,56.20000076293945,54.709999084472656,55.65999984741211,40.19997787475586,1344800
2017-10-02,56.0,56.099998474121094,54.900001525878906,55.79999923706055,40.301082611083984,1444800
2017-10-03,56.0,57.5099983215332,55.54999923706055,57.5,41.52889633178711,1737800
2017-10-04,57.86000061035156,59.9900016784668,57.59000015258789,59.439998626708984,42.9300422668457,1854500
2017-10-05,59.5,61.0,58.27000045776367,59.18000030517578,42.74225997924805,1701900
2017-10-06,58.560001373291016,59.0099983215332,56.56999969482422,58.939998626708984,42.56892013549805,1548900
2017-10-09,58.939998626708984,59.540000915527344,57.72999954223633,58.540000915527344,42.280025482177734,596400
2017-10-10,58.68000030517578,59.119998931884766,58.119998931884766,58.84000015258789,42.496700286865234,672500
2017-10-11,57.5,57.810001373291016,56.36000061035156,57.810001373291016,41.7527961730957,1550900
2017-10-12,58.0,58.689998626708984,57.33000183105469,57.9900016784668,41.88279342651367,712300
2017-10-13,58.4900016784668,59.970001220703125,58.029998779296875,59.900001525878906,43.26227569580078,1195200
2017-10-16,60.27000045776367,61.619998931884766,59.310001373291016,61.45000076293945,44.381752014160156,1944500
2017-10-17,59.31999969482422,61.0,58.61000061035156,59.959999084472656,43.30561065673828,1936700
2017-10-18,60.349998474121094,60.97999954223633,59.849998474121094,60.599998474121094,43.76784133911133,874800
2017-10-19,59.72999954223633,59.90999984741211,58.65999984741211,59.290000915527344,42.82170867919922,1145300
2017-10-20,59.529998779296875,59.95000076293945,59.06999969482422,59.29999923706055,42.82893753051758,633700
2017-10-23,59.689998626708984,59.810001373291016,58.91999816894531,59.400001525878906,42.90115737915039,545000
2017-10-24,59.66999816894531,62.75,59.5099983215332,60.9900016784668,44.04951477050781,2120400
2017-10-25,60.9900016784668,62.41999816894531,58.5099983215332,59.84000015258789,43.218936920166016,1712600
2017-10-26,59.810001373291016,61.15999984741211,59.27000045776367,60.11000061035156,43.41394805908203,1228700
2017-10-27,60.11000061035156,60.4900016784668,59.349998474121094,59.70000076293945,43.11782455444336,556400
2017-10-30,59.9900016784668,60.400001525878906,58.7599983215332,59.790000915527344,43.18282699584961,860600
2017-10-31,60.0,60.630001068115234,58.810001373291016,59.7400016784668,43.14672088623047,2050900
2017-11-01,60.130001068115234,63.31999969482422,60.04999923706055,61.279998779296875,44.25896453857422,1570200
2017-11-02,61.119998931884766,61.4900016784668,57.15999984741211,58.04999923706055,41.92613220214844,2831100
2017-11-03,58.34000015258789,59.0,56.540000915527344,58.849998474121094,42.50392150878906,1366600
2017-11-06,59.0,59.93000030517578,58.5,58.939998626708984,42.56892013549805,904800
2017-11-07,59.0,60.45000076293945,59.0,59.83000183105469,43.21171951293945,959100
2017-11-08,59.52000045776367,61.2400016784668,59.52000045776367,59.81999969482422,43.20449447631836,916100
2017-11-09,59.5099983215332,59.5099983215332,57.5,57.959999084472656,41.86113739013672,1423100
2017-11-10,57.0099983215332,58.720001220703125,57.0099983215332,57.7599983215332,41.7166862487793,920000
2017-11-13,57.5099983215332,59.5,57.20000076293945,59.22999954223633,42.77837371826172,818500
2017-11-14,58.56999969482422,59.34000015258789,57.880001068115234,57.93000030517578,41.83945846557617,871100
2017-11-15,57.130001068115234,57.22999954223633,55.20000076293945,56.58000183105469,40.86442947387695,1426800
2017-11-16,57.689998626708984,58.09000015258789,56.84000015258789,57.2599983215332,41.35555648803711,1054500
2017-11-17,57.95000076293945,60.099998474121094,57.75,59.79999923706055,43.1900520324707,1633300
2017-11-20,56.43000030517578,58.13999938964844,54.11000061035156,54.540000915527344,39.39106369018555,2786200
2017-11-21,55.900001525878906,57.7400016784668,55.599998474121094,57.33000183105469,41.40611267089844,1439600
2017-11-22,58.029998779296875,58.439998626708984,56.15999984741211,56.52000045776367,40.82109832763672,1331800
2017-11-24,56.040000915527344,56.939998626708984,56.0,56.41999816894531,40.74887466430664,694800
2017-11-27,56.16999816894531,56.41999816894531,54.060001373291016,54.2599983215332,39.1888313293457,1236900
2017-11-28,54.150001525878906,54.970001220703125,53.400001525878906,54.5,39.362178802490234,1016400
2017-11-29,54.25,54.75,51.310001373291016,52.41999816894531,37.85991668701172,1550900
2017-11-30,52.130001068115234,54.75,52.0,54.31999969482422,39.23217010498047,1327200
2017-12-01,54.099998474121094,54.459999084472656,53.02000045776367,54.40999984741211,39.297176361083984,764800
2017-12-04,54.59000015258789,54.880001068115234,52.40999984741211,52.56999969482422,37.96824645996094,1173200
2017-12-05,51.31999969482422,52.959999084472656,50.68000030517578,52.15999984741211,37.67212677001953,782500
2017-12-06,50.20000076293945,51.56999969482422,50.06999969482422,50.20000076293945,36.55720520019531,1255300
2017-12-07,50.099998474121094,52.349998474121094,49.13999938964844,51.939998626708984,37.82431411743164,1417600
2017-12-08,52.5099983215332,52.72999954223633,50.58000183105469,50.95000076293945,37.10337448120117,720900
2017-12-11,50.900001525878906,52.59000015258789,50.68000030517578,51.91999816894531,37.80976486206055,1077600
2017-12-12,51.599998474121094,52.619998931884766,51.599998474121094,51.959999084472656,37.83889389038086,910500
2017-12-13,52.36000061035156,54.13999938964844,52.150001525878906,53.70000076293945,39.106014251708984,983800
2017-12-14,53.7400016784668,53.7400016784668,51.93000030517578,52.2599983215332,38.0573616027832,862700
2017-12-15,52.709999084472656,53.5,52.41999816894531,52.66999816894531,38.355934143066406,1034500
2017-12-18,59.58000183105469,59.790000915527344,56.45000076293945,56.849998474121094,41.39992904663086,3315200
2017-12-19,58.880001068115234,59.18000030517578,57.68000030517578,58.43000030517578,42.5505485534668,2222300
2017-12-20,59.2400016784668,59.93000030517578,58.099998474121094,59.529998779296875,43.351600646972656,1351200
2017-12-21,59.650001525878906,60.540000915527344,58.88999938964844,58.9900016784668,42.95835876464844,1292000
2017-12-22,58.9900016784668,59.68000030517578,58.9900016784668,59.63999938964844,43.43170928955078,535300
2017-12-26,59.83000183105469,59.83000183105469,58.560001373291016,59.119998931884766,43.05302047729492,631500
2017-12-27,59.20000076293945,59.45000076293945,58.58000183105469,58.810001373291016,42.827274322509766,532600
2017-12-28,59.4900016784668,59.619998931884766,58.959999084472656,59.060001373291016,43.00933837890625,634300
2017-12-29,59.599998474121094,59.90999984741211,59.31999969482422,59.369998931884766,43.23508071899414,409300
2018-01-02,60.0,61.56999969482422,59.689998626708984,61.5,44.78621292114258,837900
2018-01-03,61.790000915527344,62.25,60.61000061035156,61.41999816894531,44.72795867919922,706000
2018-01-04,61.709999084472656,62.63999938964844,61.41999816894531,61.720001220703125,44.9464225769043,903300
2018-01-05,61.9900016784668,63.220001220703125,61.529998779296875,63.06999969482422,45.929534912109375,722100
2018-01-08,63.529998779296875,63.790000915527344,62.709999084472656,62.91999816894531,45.820308685302734,1084100
2018-01-09,63.0,63.290000915527344,62.36000061035156,62.36000061035156,45.4124870300293,785900
2018-01-10,62.0,62.529998779296875,61.68000030517578,61.810001373291016,45.011962890625,634300
2018-01-11,62.27000045776367,64.0,62.029998779296875,63.900001525878906,46.53396987915039,841500
2018-01-12,63.900001525878906,64.19999694824219,62.15999984741211,62.72999954223633,45.68194580078125,784600
2018-01-16,63.20000076293945,63.29999923706055,57.27000045776367,58.59000015258789,42.66706848144531,2316300
2018-01-17,61.7599983215332,62.380001068115234,59.099998474121094,59.54999923706055,43.36616134643555,2813300
2018-01-18,58.880001068115234,59.25,56.5099983215332,59.02000045776367,42.98020553588867,4226200
2018-01-19,59.25,60.0,56.79999923706055,56.93000030517578,41.458194732666016,2533900
2018-01-22,56.939998626708984,58.650001525878906,56.939998626708984,57.84000015258789,42.12089157104492,1422300
2018-01-23,58.0099983215332,58.36000061035156,55.08000183105469,56.36000061035156,41.04310607910156,2232700
2018-01-24,56.439998626708984,56.880001068115234,55.25,55.470001220703125,40.39497756958008,1783200
2018-01-25,55.97999954223633,57.970001220703125,55.939998626708984,57.0,41.509178161621094,2289800
2018-01-26,57.0,57.380001068115234,55.08000183105469,55.900001525878906,40.70812225341797,1395500
2018-01-29,56.369998931884766,56.59000015258789,54.400001525878906,54.97999954223633,40.038150787353516,1626500
2018-01-30,55.04999923706055,56.220001220703125,54.529998779296875,56.0,40.78094482421875,1342800
2018-01-31,56.59000015258789,56.93000030517578,55.38999938964844,56.380001068115234,41.057674407958984,1288800
2018-02-01,56.279998779296875,57.20000076293945,55.5,55.77000045776367,40.61345672607422,1240400
2018-02-02,55.400001525878906,55.40999984741211,53.0099983215332,53.060001373291016,38.63994598388672,1644300
2018-02-05,52.11000061035156,53.54999923706055,51.099998474121094,51.150001525878906,37.249019622802734,1700300
2018-02-06,50.20000076293945,53.97999954223633,50.06999969482422,53.560001373291016,39.004058837890625,1853800
2018-02-07,55.29999923706055,56.2599983215332,54.779998779296875,54.84000015258789,39.93619918823242,1678000
2018-02-08,54.849998474121094,55.65999984741211,53.52000045776367,53.56999969482422,39.0113410949707,1417800
2018-02-09,54.150001525878906,55.20000076293945,52.59000015258789,54.15999984741211,39.44099807739258,1103300
2018-02-12,55.0,55.52000045776367,54.209999084472656,55.09000015258789,40.11825180053711,955000
2018-02-13,55.0,55.349998474121094,53.7400016784668,54.29999923706055,39.54295349121094,1158900
2018-02-14,53.5099983215332,55.86000061035156,53.16999816894531,55.7599983215332,40.606163024902344,1119100
2018-02-15,56.40999984741211,56.880001068115234,55.43000030517578,55.93000030517578,40.72996520996094,1182400
2018-02-16,55.45000076293945,55.61000061035156,54.349998474121094,54.560001373291016,39.73229217529297,616900
2018-02-20,54.529998779296875,56.08000183105469,54.279998779296875,55.22999954223633,40.2202033996582,776100
2018-02-21,55.400001525878906,56.29999923706055,55.09000015258789,55.18000030517578,40.18379592895508,883400
2018-02-22,55.91999816894531,57.04999923706055,55.599998474121094,56.470001220703125,41.12321090698242,1087600
2018-02-23,56.849998474121094,58.400001525878906,56.810001373291016,58.38999938964844,42.52141571044922,1088400
2018-02-26,56.900001525878906,57.11000061035156,52.31999969482422,53.709999084472656,39.1132926940918,4036900
2018-02-27,54.540000915527344,54.970001220703125,52.45000076293945,52.560001373291016,38.27582550048828,2176100
2018-02-28,52.619998931884766,52.70000076293945,49.88999938964844,49.900001525878906,36.33873748779297,3202400
2018-03-01,50.83000183105469,51.189998626708984,46.52000045776367,46.72999954223633,34.030242919921875,4058300
2018-03-02,47.08000183105469,48.33000183105469,45.619998931884766,47.849998474121094,34.84585952758789,2987400
2018-03-05,47.38999938964844,47.58000183105469,46.400001525878906,46.75,34.0447998046875,1769500
2018-03-06,47.58000183105469,48.59000015258789,47.060001373291016,48.400001525878906,35.24639129638672,1739100
2018-03-07,48.06999969482422,50.029998779296875,47.849998474121094,49.79999923706055,36.26591110229492,1984000
2018-03-08,50.97999954223633,51.75,49.619998931884766,50.2599983215332,36.600894927978516,2649100
2018-03-09,50.84000015258789,52.119998931884766,50.7400016784668,51.70000076293945,37.6495475769043,1461500
2018-03-12,52.0,52.15999984741211,51.130001068115234,51.2400016784668,37.31455993652344,721800
2018-03-13,51.5,51.84000015258789,50.599998474121094,50.810001373291016,37.001426696777344,982900
2018-03-14,50.939998626708984,51.470001220703125,50.400001525878906,50.65999984741211,36.892189025878906,886600
2018-03-15,50.5,50.529998779296875,48.75,48.810001373291016,35.54495620727539,1205600
2018-03-16,48.619998931884766,48.880001068115234,48.0,48.65999984741211,35.43572235107422,1366400
2018-03-19,47.9900016784668,48.65999984741211,47.220001220703125,47.619998931884766,34.67835998535156,928200
2018-03-20,47.709999084472656,48.060001373291016,47.349998474121094,47.41999816894531,34.53272247314453,923100
2018-03-21,47.66999816894531,48.65999984741211,47.13999938964844,47.70000076293945,34.73662567138672,1611700
2018-03-22,47.11000061035156,47.72999954223633,46.349998474121094,46.81999969482422,34.09578323364258,1447600
2018-03-23,46.70000076293945,48.630001068115234,46.380001068115234,47.43000030517578,34.53999328613281,1652200
2018-03-26,48.310001373291016,48.5,47.04999923706055,47.79999923706055,34.8094482421875,767700
2018-03-27,47.75,48.279998779296875,47.08000183105469,47.45000076293945,34.55455780029297,1240200
2018-03-28,47.40999984741211,47.619998931884766,46.5,46.900001525878906,34.154052734375,1435100
2018-03-29,46.90999984741211,49.369998931884766,46.90999984741211,49.150001525878906,35.792564392089844,964200
2018-04-02,48.5,49.060001373291016,47.7599983215332,48.0,34.95509338378906,713200
2018-04-03,48.20000076293945,49.189998626708984,47.709999084472656,49.09000015258789,35.74886703491211,747400
2018-04-04,47.900001525878906,50.189998626708984,47.810001373291016,50.09000015258789,36.47709655761719,771000
2018-04-05,50.4900016784668,51.77000045776367,50.470001220703125,51.65999984741211,37.620426177978516,1216400
2018-04-06,51.02000045776367,52.40999984741211,50.5,51.369998931884766,37.40922927856445,1239800
2018-04-09,51.95000076293945,52.09000015258789,51.400001525878906,51.79999923706055,37.72236633300781,988100
2018-04-10,52.77000045776367,53.04999923706055,52.33000183105469,52.75,38.41419982910156,1017300
2018-04-11,52.439998626708984,53.189998626708984,52.349998474121094,52.790000915527344,38.443321228027344,890100
2018-04-12,53.209999084472656,53.779998779296875,53.08000183105469,53.25,38.7783088684082,821700
2018-04-13,53.90999984741211,54.150001525878906,52.66999816894531,53.0,38.59624099731445,843700
2018-04-16,53.290000915527344,53.290000915527344,52.31999969482422,52.459999084472656,38.2030029296875,551600
2018-04-17,53.040000915527344,53.650001525878906,52.849998474121094,53.40999984741211,38.89482879638672,839200
2018-04-18,53.5099983215332,54.88999938964844,53.369998931884766,54.56999969482422,39.739566802978516,838800
2018-04-19,55.02000045776367,56.540000915527344,54.970001220703125,56.5099983215332,41.15233612060547,1650900
2018-04-20,56.31999969482422,57.79999923706055,55.720001220703125,56.59000015258789,41.210594177246094,1211400
2018-04-23,56.5,56.5099983215332,55.7599983215332,55.95000076293945,40.744529724121094,769400
2018-04-24,56.0,56.29999923706055,54.79999923706055,56.04999923706055,40.817352294921875,1351400
2018-04-25,55.7400016784668,56.0,54.13999938964844,54.529998779296875,39.7104377746582,1476300
2018-04-26,54.9900016784668,55.279998779296875,54.189998626708984,55.099998474121094,40.12554168701172,669100
2018-04-27,55.06999969482422,55.349998474121094,54.38999938964844,55.2599983215332,40.24205017089844,369300
2018-04-30,55.13999938964844,55.72999954223633,54.599998474121094,54.88999938964844,39.97261047363281,361000
2018-05-01,54.560001373291016,55.130001068115234,54.040000915527344,55.09000015258789,40.11825180053711,467700
2018-05-02,55.16999816894531,55.16999816894531,54.369998931884766,54.5099983215332,39.69587707519531,1126600
2018-05-03,53.58000183105469,54.349998474121094,53.20000076293945,53.849998474121094,39.79935073852539,573400
2018-05-04,53.54999923706055,54.29999923706055,53.209999084472656,54.150001525878906,40.02107238769531,559800
2018-05-07,53.15999984741211,54.16999816894531,52.83000183105469,53.29999923706055,39.392860412597656,741800
2018-05-08,52.959999084472656,52.959999084472656,52.279998779296875,52.849998474121094,39.060272216796875,763800
2018-05-09,52.79999923706055,53.689998626708984,52.400001525878906,53.5099983215332,39.548065185546875,914600
2018-05-10,53.84000015258789,56.709999084472656,53.5099983215332,56.52000045776367,41.7726936340332,1741000
2018-05-11,56.369998931884766,58.150001525878906,56.29999923706055,57.04999923706055,42.164398193359375,1309300
2018-05-14,57.08000183105469,58.040000915527344,55.90999984741211,56.0,41.388370513916016,870800
2018-05-15,55.619998931884766,58.689998626708984,54.84000015258789,57.15999984741211,42.245697021484375,2753300
2018-05-16,57.439998626708984,58.45000076293945,57.0,58.15999984741211,42.984779357910156,1078800
2018-05-17,57.939998626708984,58.11000061035156,53.77000045776367,54.959999084472656,40.61972427368164,3220400
2018-05-18,54.79999923706055,55.900001525878906,54.79999923706055,54.939998626708984,40.604949951171875,1029600
2018-05-21,55.70000076293945,56.4900016784668,54.79999923706055,55.13999938964844,40.75276184082031,717800
2018-05-22,55.04999923706055,55.79999923706055,53.54999923706055,53.869998931884766,39.81412887573242,1210700
2018-05-23,53.11000061035156,54.33000183105469,53.11000061035156,53.5,39.54067611694336,596900
2018-05-24,53.0,53.0,49.209999084472656,50.290000915527344,37.16823196411133,3359700
2018-05-25,50.849998474121094,52.08000183105469,50.369998931884766,51.33000183105469,37.93687057495117,1444000
2018-05-29,50.83000183105469,51.130001068115234,49.849998474121094,50.709999084472656,37.47864532470703,1098100
2018-05-30,51.02000045776367,52.099998474121094,50.720001220703125,51.47999954223633,38.047733306884766,916200
2018-05-31,51.459999084472656,52.16999816894531,51.33000183105469,52.130001068115234,38.52813720703125,824500
2018-06-01,52.06999969482422,52.06999969482422,50.22999954223633,51.45000076293945,38.02556228637695,1689500
2018-06-04,52.040000915527344,53.58000183105469,51.79999923706055,53.349998474121094,39.429813385009766,1349200
2018-06-05,53.45000076293945,53.68000030517578,52.150001525878906,52.439998626708984,38.75725173950195,1586200
2018-06-06,52.91999816894531,52.95000076293945,51.119998931884766,52.2400016784668,38.60944366455078,1221400
2018-06-07,52.08000183105469,52.439998626708984,51.2400016784668,51.66999816894531,38.18815612792969,722500
2018-06-08,51.189998626708984,51.7400016784668,50.7400016784668,51.599998474121094,38.45720672607422,575800
2018-06-11,51.560001373291016,52.13999938964844,51.47999954223633,51.47999954223633,38.36777114868164,457600
2018-06-12,51.599998474121094,51.86000061035156,50.43000030517578,50.599998474121094,37.71192169189453,992600
2018-06-13,50.400001525878906,50.650001525878906,49.900001525878906,50.279998779296875,37.473419189453125,706000
2018-06-14,50.13999938964844,50.720001220703125,50.0099983215332,50.29999923706055,37.48832321166992,614400
2018-06-15,50.0099983215332,50.209999084472656,49.0099983215332,49.95000076293945,37.22747039794922,1009600
2018-06-18,49.380001068115234,49.97999954223633,49.310001373291016,49.56999969482422,36.94425964355469,474300
2018-06-19,48.7599983215332,48.7599983215332,47.619998931884766,48.06999969482422,35.82632064819336,995500
2018-06-20,48.16999816894531,48.45000076293945,46.880001068115234,47.40999984741211,35.33441925048828,1014700
2018-06-21,47.290000915527344,48.13999938964844,47.25,47.779998779296875,35.61018371582031,832100
2018-06-22,48.650001525878906,49.630001068115234,47.900001525878906,49.18000030517578,36.65359878540039,624200
2018-06-25,49.290000915527344,49.36000061035156,48.04999923706055,48.15999984741211,35.893394470214844,520900
2018-06-26,48.150001525878906,48.97999954223633,47.709999084472656,48.7599983215332,36.340572357177734,407200
2018-06-27,49.08000183105469,49.560001373291016,47.4900016784668,47.56999969482422,35.45367431640625,672300
2018-06-28,47.68000030517578,49.599998474121094,46.88999938964844,47.88999938964844,35.692169189453125,647900
2018-06-29,48.34000015258789,48.959999084472656,47.52000045776367,48.04999923706055,35.81141662597656,720900
2018-07-02,47.5099983215332,48.15999984741211,46.68000030517578,46.97999954223633,35.01394271850586,612300
2018-07-03,47.2599983215332,48.439998626708984,47.220001220703125,47.5099983215332,35.408958435058594,502200
2018-07-05,47.5,47.91999816894531,47.150001525878906,47.91999816894531,35.71451950073242,879000
2018-07-06,47.79999923706055,48.75,47.70000076293945,48.470001220703125,36.12443923950195,549300
2018-07-09,48.79999923706055,49.38999938964844,48.72999954223633,48.83000183105469,36.39274978637695,813800
2018-07-10,48.880001068115234,49.099998474121094,48.400001525878906,48.77000045776367,36.34803009033203,329300
2018-07-11,48.40999984741211,48.790000915527344,47.970001220703125,48.15999984741211,35.893394470214844,461500
2018-07-12,48.56999969482422,48.689998626708984,48.11000061035156,48.689998626708984,36.28840255737305,448900
2018-07-13,48.5,49.08000183105469,48.5,48.56999969482422,36.198970794677734,430200
2018-07-16,48.5,48.59000015258789,47.20000076293945,47.79999923706055,35.625091552734375,567200
2018-07-17,47.70000076293945,48.630001068115234,47.54999923706055,48.40999984741211,36.07972717285156,476400
2018-07-18,48.380001068115234,48.779998779296875,47.72999954223633,47.83000183105469,35.64744186401367,648900
2018-07-19,47.58000183105469,47.65999984741211,46.72999954223633,46.9900016784668,35.021400451660156,894200
2018-07-20,47.0099983215332,47.72999954223633,47.0099983215332,47.29999923706055,35.252445220947266,910700
2018-07-23,47.18000030517578,47.29999923706055,45.02000045776367,46.150001525878906,34.39535140991211,1229400
2018-07-24,46.75,47.34000015258789,46.560001373291016,46.70000076293945,34.805267333984375,991100
2018-07-25,46.810001373291016,47.27000045776367,46.63999938964844,47.22999954223633,35.20027160644531,757000
2018-07-26,47.09000015258789,47.41999816894531,46.7400016784668,46.75,34.84253692626953,522900
2018-07-27,46.91999816894531,47.0,46.560001373291016,46.880001068115234,34.939414978027344,972900
2018-07-30,46.849998474121094,47.209999084472656,46.349998474121094,46.619998931884766,34.74563980102539,1165800
2018-07-31,46.720001220703125,48.58000183105469,46.34000015258789,48.27000045776367,35.97538757324219,770600
2018-08-01,48.099998474121094,48.529998779296875,47.220001220703125,47.5,35.401512145996094,1412800
2018-08-02,47.25,48.5099983215332,46.560001373291016,48.18000030517578,35.90830612182617,847900
2018-08-03,47.25,49.209999084472656,47.25,48.849998474121094,36.40764236450195,567300
2018-08-06,48.95000076293945,48.95000076293945,46.630001068115234,46.869998931884766,34.93196487426758,1250900
2018-08-07,47.09000015258789,47.779998779296875,46.81999969482422,47.25,35.215171813964844,838600
2018-08-08,48.15999984741211,48.15999984741211,47.540000915527344,48.09000015258789,35.84122085571289,700500
2018-08-09,48.2400016784668,48.29999923706055,47.47999954223633,47.90999984741211,35.70707321166992,1091400
2018-08-10,47.38999938964844,47.5,46.31999969482422,46.79999923706055,34.87980270385742,1244100
2018-08-13,46.290000915527344,46.689998626708984,45.65999984741211,45.68000030517578,34.0450553894043,930000
2018-08-14,46.150001525878906,46.869998931884766,45.02000045776367,45.13999938964844,33.642608642578125,817200
2018-08-15,44.560001373291016,44.560001373291016,43.119998931884766,43.7599983215332,32.61410140991211,1204000
2018-08-16,44.459999084472656,45.7400016784668,44.25,44.630001068115234,33.26250076293945,1038200
2018-08-17,44.5,45.0,44.040000915527344,44.779998779296875,33.374298095703125,672000
2018-08-20,44.880001068115234,45.25,44.36000061035156,44.439998626708984,33.12089920043945,754600
2018-08-21,44.5,45.310001373291016,44.09000015258789,44.81999969482422,33.404109954833984,669600
2018-08-22,44.849998474121094,45.439998626708984,44.66999816894531,45.099998474121094,33.612796783447266,587400
2018-08-23,44.79999923706055,45.04999923706055,42.58000183105469,42.86000061035156,31.94333267211914,2182600
2018-08-24,43.880001068115234,44.41999816894531,43.29999923706055,43.59000015258789,32.487403869628906,789600
2018-08-27,43.95000076293945,44.939998626708984,43.0,43.18000030517578,32.18182373046875,1901500
2018-08-28,43.20000076293945,43.709999084472656,42.43000030517578,42.540000915527344,31.704843521118164,1518000
2018-08-29,42.5,43.310001373291016,42.310001373291016,42.77000045776367,31.876245498657227,911900
2018-08-30,42.68000030517578,42.77000045776367,41.31999969482422,41.959999084472656,31.272573471069336,949600
2018-08-31,41.81999969482422,43.470001220703125,41.72999954223633,42.61000061035156,31.75701332092285,1697400
2018-09-04,42.2400016784668,42.560001373291016,41.61000061035156,42.20000076293945,31.45143699645996,1020500
2018-09-05,41.529998779296875,41.939998626708984,40.90999984741211,41.470001220703125,31.284713745117188,824600
2018-09-06,41.54999923706055,42.29999923706055,41.54999923706055,42.18000030517578,31.82033348083496,911400
2018-09-07,41.880001068115234,43.70000076293945,41.630001068115234,43.56999969482422,32.86894989013672,1932200
2018-09-10,43.79999923706055,44.119998931884766,42.77000045776367,43.04999923706055,32.476654052734375,1354300
2018-09-11,42.529998779296875,43.45000076293945,42.369998931884766,43.209999084472656,32.59736633300781,1336300
2018-09-12,43.29999923706055,44.599998474121094,43.29999923706055,44.5099983215332,33.57807922363281,1096500
2018-09-13,44.68000030517578,45.63999938964844,44.58000183105469,45.5099983215332,34.33247375488281,949900
2018-09-14,45.040000915527344,46.08000183105469,45.040000915527344,45.900001525878906,34.62668991088867,772200
2018-09-17,46.18000030517578,47.88999938964844,46.099998474121094,47.04999923706055,35.494232177734375,784900
2018-09-18,47.25,47.7599983215332,46.56999969482422,46.70000076293945,35.23019790649414,776900
2018-09-19,47.18000030517578,48.47999954223633,46.880001068115234,48.02000045776367,36.22599792480469,743300
2018-09-20,48.56999969482422,48.79999923706055,47.86000061035156,48.400001525878906,36.512672424316406,891700
2018-09-21,48.560001373291016,48.79999923706055,48.15999984741211,48.45000076293945,36.55038070678711,1048800
2018-09-24,48.470001220703125,48.619998931884766,47.470001220703125,47.58000183105469,35.894065856933594,476200
2018-09-25,47.45000076293945,47.54999923706055,46.540000915527344,46.7599983215332,35.27546310424805,777400
2018-09-26,46.59000015258789,47.18000030517578,46.400001525878906,46.7400016784668,35.260379791259766,588500
2018-09-27,46.70000076293945,46.939998626708984,45.709999084472656,46.13999938964844,34.8077392578125,475100
2018-09-28,45.939998626708984,46.34000015258789,45.5099983215332,45.720001220703125,34.49089813232422,504400
2018-10-01,46.09000015258789,46.540000915527344,45.880001068115234,46.25,34.89072036743164,323800
2018-10-02,46.04999923706055,47.15999984741211,46.04999923706055,46.77000045776367,35.28300476074219,451300
2018-10-03,47.2400016784668,47.70000076293945,46.79999923706055,47.06999969482422,35.50933074951172,513000
2018-10-04,47.099998474121094,47.099998474121094,45.709999084472656,45.939998626708984,34.6568603515625,441700
2018-10-05,45.93000030517578,46.4900016784668,44.93000030517578,45.02000045776367,33.96281433105469,558100
2018-10-08,44.849998474121094,45.689998626708984,44.560001373291016,45.29999923706055,34.174041748046875,417900
2018-10-09,44.90999984741211,45.040000915527344,44.36000061035156,44.720001220703125,33.73649978637695,907500
2018-10-10,44.88999938964844,45.099998474121094,42.709999084472656,42.83000183105469,32.31069564819336,1723900
2018-10-11,42.599998474121094,43.189998626708984,42.06999969482422,42.75,32.250335693359375,933700
2018-10-12,43.79999923706055,43.93000030517578,42.91999816894531,43.09000015258789,32.50684356689453,798100
2018-10-15,43.11000061035156,43.369998931884766,42.20000076293945,42.91999816894531,32.37858581542969,440000
2018-10-16,43.33000183105469,43.470001220703125,42.40999984741211,43.279998779296875,32.650169372558594,416200
2018-10-17,43.33000183105469,43.33000183105469,41.88999938964844,42.18000030517578,31.82033348083496,399300
2018-10-18,42.09000015258789,42.09000015258789,40.959999084472656,41.209999084472656,31.088577270507812,621800
2018-10-19,41.369998931884766,41.939998626708984,41.209999084472656,41.540000915527344,31.337528228759766,526400
2018-10-22,41.709999084472656,42.5,40.790000915527344,40.88999938964844,30.847171783447266,910800
2018-10-23,39.900001525878906,40.90999984741211,39.540000915527344,40.77000045776367,30.75664520263672,842200
2018-10-24,40.65999984741211,41.849998474121094,40.5,40.90999984741211,30.86225700378418,1085300
2018-10-25,41.38999938964844,41.95000076293945,40.91999816894531,41.66999816894531,31.435590744018555,983800
2018-10-26,41.599998474121094,42.54999923706055,41.36000061035156,42.2599983215332,31.880687713623047,854800
2018-10-29,42.70000076293945,42.869998931884766,40.91999816894531,41.11000061035156,31.013126373291016,760900
2018-10-30,41.709999084472656,42.36000061035156,41.22999954223633,42.209999084472656,31.84296989440918,1026100
2018-10-31,42.400001525878906,44.09000015258789,41.959999084472656,43.810001373291016,33.04999542236328,2175100
2018-11-01,44.91999816894531,47.83000183105469,43.88999938964844,47.13999938964844,35.56214141845703,1315200
2018-11-02,47.09000015258789,48.630001068115234,46.5,47.400001525878906,35.75827407836914,1139900
2018-11-05,46.400001525878906,47.29999923706055,46.06999969482422,46.720001220703125,35.245277404785156,773800
2018-11-06,46.45000076293945,47.06999969482422,46.09000015258789,46.529998779296875,35.101959228515625,691500
2018-11-07,47.0,47.0,46.16999816894531,46.279998779296875,34.913352966308594,402000
2018-11-08,46.29999923706055,46.310001373291016,45.27000045776367,45.470001220703125,34.30229568481445,615200
2018-11-09,44.880001068115234,45.22999954223633,44.630001068115234,45.0,33.947731018066406,505600
2018-11-12,44.900001525878906,44.900001525878906,43.84000015258789,44.029998779296875,33.21595764160156,489300
2018-11-13,43.66999816894531,44.189998626708984,43.16999816894531,43.27000045776367,32.64262771606445,412600
2018-11-14,43.5099983215332,44.189998626708984,43.5099983215332,43.880001068115234,33.10280990600586,356700
2018-11-15,43.849998474121094,45.15999984741211,43.7599983215332,44.869998931884766,33.84966278076172,484800
2018-11-16,44.54999923706055,45.130001068115234,44.400001525878906,44.56999969482422,33.62333679199219,538400
2018-11-19,44.349998474121094,44.790000915527344,43.59000015258789,43.619998931884766,32.906673431396484,454800
2018-11-20,43.20000076293945,43.34000015258789,41.709999084472656,41.900001525878906,31.609111785888672,1683100
2018-11-21,42.86000061035156,44.15999984741211,42.5,42.95000076293945,32.401222229003906,969600
2018-11-23,42.5,43.29999923706055,42.0,42.720001220703125,32.22771072387695,496500
2018-11-26,42.720001220703125,43.400001525878906,42.369998931884766,42.529998779296875,32.084381103515625,407400
2018-11-27,42.41999816894531,43.93000030517578,41.66999816894531,41.790000915527344,31.526123046875,849800
2018-11-28,42.18000030517578,43.31999969482422,41.810001373291016,43.119998931884766,32.52946853637695,900100
2018-11-29,43.0099983215332,44.349998474121094,43.0099983215332,44.02000045776367,33.20841979980469,543600
2018-11-30,43.900001525878906,44.36000061035156,43.619998931884766,44.0,33.19333267211914,658900
2018-12-03,45.630001068115234,47.08000183105469,45.560001373291016,46.43000030517578,35.02650833129883,1397100
2018-12-04,46.29999923706055,46.29999923706055,45.15999984741211,45.25,34.37099075317383,733400
2018-12-06,44.25,44.790000915527344,43.16999816894531,44.7599983215332,33.99879837036133,757200
2018-12-07,44.91999816894531,45.220001220703125,43.849998474121094,43.959999084472656,33.39113998413086,342000
2018-12-10,44.0,44.209999084472656,43.040000915527344,43.54999923706055,33.0797119140625,444900
2018-12-11,44.150001525878906,44.25,43.0,43.18000030517578,32.79866409301758,576000
2018-12-12,43.93000030517578,44.22999954223633,43.47999954223633,43.5099983215332,33.04932403564453,630600
2018-12-13,43.7400016784668,43.95000076293945,43.2599983215332,43.34000015258789,32.920188903808594,593600
2018-12-14,42.88999938964844,43.43000030517578,42.599998474121094,42.68000030517578,32.41887664794922,457100
2018-12-17,42.63999938964844,42.7599983215332,41.08000183105469,41.279998779296875,31.355457305908203,913200
2018-12-18,41.400001525878906,41.81999969482422,40.880001068115234,40.88999938964844,31.059228897094727,1004900
2018-12-19,41.27000045776367,42.220001220703125,40.83000183105469,40.959999084472656,31.112394332885742,1039400
2018-12-20,40.849998474121094,40.869998931884766,36.7599983215332,38.470001220703125,29.22104263305664,5278900
2018-12-21,38.650001525878906,39.75,37.970001220703125,38.34000015258789,29.122297286987305,1544600
2018-12-24,38.04999923706055,38.369998931884766,36.869998931884766,36.939998626708984,28.058883666992188,564100
2018-12-26,37.0,39.11000061035156,36.70000076293945,39.040000915527344,29.65400505065918,501900
2018-12-27,38.349998474121094,39.060001373291016,37.7599983215332,38.91999816894531,29.562847137451172,552700
2018-12-28,39.08000183105469,39.54999923706055,37.939998626708984,38.15999984741211,28.985572814941406,489900
2018-12-31,38.20000076293945,38.68000030517578,37.400001525878906,38.29999923706055,29.0919132232666,426700
2019-01-02,37.59000015258789,38.900001525878906,37.5,38.52000045776367,29.259021759033203,692800
2019-01-03,38.439998626708984,38.439998626708984,36.900001525878906,37.2400016784668,28.286754608154297,1490100
2019-01-04,38.220001220703125,39.400001525878906,38.08000183105469,39.040000915527344,29.65400505065918,831600
2019-01-07,39.5,39.9900016784668,39.220001220703125,39.47999954223633,29.98822021484375,602400
2019-01-08,40.02000045776367,41.20000076293945,40.02000045776367,40.900001525878906,31.066816329956055,1123000
2019-01-09,41.790000915527344,42.470001220703125,41.150001525878906,41.25,31.332672119140625,833700
2019-01-10,41.0,42.220001220703125,40.95000076293945,42.189998626708984,32.04668045043945,483400
2019-01-11,41.5099983215332,42.47999954223633,41.349998474121094,41.970001220703125,31.87957000732422,508900
2019-01-14,41.38999938964844,42.77000045776367,41.38999938964844,42.709999084472656,32.441673278808594,421600
2019-01-15,42.650001525878906,43.150001525878906,41.880001068115234,42.060001373291016,31.947938919067383,756900
2019-01-16,42.2400016784668,42.72999954223633,42.0,42.41999816894531,32.221378326416016,501200
2019-01-17,42.459999084472656,43.560001373291016,42.369998931884766,43.15999984741211,32.78347396850586,474700
2019-01-18,43.36000061035156,43.47999954223633,42.43000030517578,42.5,32.28215026855469,505200
2019-01-22,42.15999984741211,42.470001220703125,42.04999923706055,42.36000061035156,32.175804138183594,663900
2019-01-23,42.70000076293945,42.79999923706055,42.02000045776367,42.349998474121094,32.16820526123047,539600
2019-01-24,42.349998474121094,42.86000061035156,41.97999954223633,42.25,32.092247009277344,572400
2019-01-25,42.79999923706055,43.0,42.150001525878906,42.400001525878906,32.20619583129883,541400
2019-01-28,42.15999984741211,42.15999984741211,41.099998474121094,41.900001525878906,31.82640838623047,619600
2019-01-29,42.0,42.54999923706055,41.63999938964844,42.099998474121094,31.97831916809082,546600
2019-01-30,42.18000030517578,43.150001525878906,41.5,42.150001525878906,32.016300201416016,529700
2019-01-31,42.20000076293945,43.029998779296875,41.869998931884766,42.65999984741211,32.403682708740234,545600
2019-02-01,42.689998626708984,42.95000076293945,42.25,42.4900016784668,32.27455520629883,366300
2019-02-04,42.41999816894531,43.150001525878906,42.20000076293945,42.88999938964844,32.57838439941406,300600
2019-02-05,42.900001525878906,43.0099983215332,42.40999984741211,42.72999954223633,32.45684814453125,310400
2019-02-06,42.5099983215332,43.83000183105469,42.4900016784668,42.599998474121094,32.35810852050781,900400
2019-02-07,42.2599983215332,42.70000076293945,41.84000015258789,42.61000061035156,32.36570358276367,675400
2019-02-08,42.68000030517578,42.68000030517578,41.2599983215332,41.54999923706055,31.56055450439453,529600
2019-02-11,41.4900016784668,41.77000045776367,40.61000061035156,40.709999084472656,30.92250633239746,492800
2019-02-12,40.349998474121094,40.349998474121094,39.22999954223633,40.15999984741211,30.504728317260742,2253400
2019-02-13,40.2599983215332,41.31999969482422,40.2599983215332,40.41999816894531,30.702220916748047,778100
2019-02-14,40.189998626708984,41.599998474121094,40.189998626708984,41.029998779296875,31.16556739807129,911500
2019-02-15,41.25,41.77000045776367,41.060001373291016,41.34000015258789,31.401037216186523,518700
2019-02-19,41.099998474121094,41.56999969482422,40.7599983215332,41.27000045776367,31.347864151000977,655600
2019-02-20,41.369998931884766,42.650001525878906,41.2599983215332,41.95000076293945,31.8643798828125,853200
2019-02-21,43.119998931884766,43.689998626708984,42.25,43.54999923706055,33.0797119140625,1452300
2019-02-22,43.810001373291016,44.400001525878906,43.810001373291016,44.369998931884766,33.70256805419922,698200
2019-02-25,44.400001525878906,45.380001068115234,44.400001525878906,44.66999816894531,33.93043518066406,956500
2019-02-26,44.349998474121094,44.529998779296875,43.900001525878906,44.15999984741211,33.543052673339844,529800
2019-02-27,44.16999816894531,45.0,43.810001373291016,45.0,34.18109893798828,795400
2019-02-28,43.83000183105469,43.83000183105469,40.619998931884766,41.220001220703125,31.309892654418945,3308900
2019-03-01,39.9900016784668,40.630001068115234,39.06999969482422,39.33000183105469,29.874282836914062,2426100
2019-03-04,39.630001068115234,39.95000076293945,38.52000045776367,38.9900016784668,29.61602210998535,1174200
2019-03-05,38.5,39.529998779296875,38.099998474121094,39.36000061035156,29.89706802368164,877200
2019-03-06,39.380001068115234,39.4900016784668,38.400001525878906,38.529998779296875,29.266618728637695,664800
2019-03-07,38.61000061035156,38.61000061035156,37.540000915527344,37.63999938964844,28.590593338012695,920600
2019-03-08,36.79999923706055,38.09000015258789,36.56999969482422,37.70000076293945,28.636167526245117,880300
2019-03-11,38.0,38.70000076293945,37.939998626708984,38.68000030517578,29.380552291870117,870300
2019-03-12,38.720001220703125,39.4900016784668,38.529998779296875,39.27000045776367,29.828706741333008,583500
2019-03-13,39.58000183105469,40.45000076293945,39.369998931884766,40.25,30.573097229003906,1282100
2019-03-14,40.25,40.40999984741211,39.279998779296875,40.279998779296875,30.595884323120117,1454000
2019-03-15,40.5,41.040000915527344,40.11000061035156,40.810001373291016,30.998464584350586,1124700
2019-03-18,40.4900016784668,40.95000076293945,39.75,40.290000915527344,30.603477478027344,733300
2019-03-19,40.4900016784668,40.4900016784668,39.4900016784668,39.68000030517578,30.140138626098633,605300
2019-03-20,39.7599983215332,39.7599983215332,38.5099983215332,38.97999954223633,29.60843276977539,583100
2019-03-21,39.02000045776367,39.529998779296875,38.97999954223633,39.34000015258789,29.88187026977539,289600
2019-03-22,39.22999954223633,39.22999954223633,37.86000061035156,38.15999984741211,28.985572814941406,503800
2019-03-25,38.0099983215332,38.5099983215332,37.54999923706055,38.11000061035156,28.947593688964844,407800
2019-03-26,38.59000015258789,38.59000015258789,37.29999923706055,37.720001220703125,28.6513614654541,676200
2019-03-27,37.58000183105469,37.849998474121094,37.25,37.43000030517578,28.43107795715332,539900
2019-03-28,37.380001068115234,38.189998626708984,37.29999923706055,37.97999954223633,28.848848342895508,477200
2019-03-29,38.25,38.720001220703125,37.959999084472656,38.439998626708984,29.19825553894043,691700
2019-04-01,39.0,39.22999954223633,38.61000061035156,38.7400016784668,29.42612648010254,618600
2019-04-02,38.900001525878906,39.0,37.810001373291016,38.09000015258789,28.932401657104492,677400
2019-04-03,38.36000061035156,38.54999923706055,37.849998474121094,38.0099983215332,28.871631622314453,815500
2019-04-04,38.0099983215332,38.689998626708984,37.54999923706055,38.61000061035156,29.327390670776367,656400
2019-04-05,38.79999923706055,39.0,38.43000030517578,38.86000061035156,29.517282485961914,451400
2019-04-08,38.97999954223633,38.9900016784668,38.40999984741211,38.65999984741211,29.365360260009766,531700
2019-04-09,38.34000015258789,38.79999923706055,38.310001373291016,38.5099983215332,29.251420974731445,267100
2019-04-10,38.54999923706055,38.79999923706055,38.34000015258789,38.56999969482422,29.296998977661133,228500
2019-04-11,38.349998474121094,38.52000045776367,37.72999954223633,37.900001525878906,28.788084030151367,631100
2019-04-12,37.41999816894531,37.790000915527344,37.08000183105469,37.77000045776367,28.689332962036133,775800
2019-04-15,37.400001525878906,38.0099983215332,37.099998474121094,37.27000045776367,28.309547424316406,520600
2019-04-16,37.29999923706055,37.5,37.040000915527344,37.43000030517578,28.43107795715332,244400
2019-04-17,37.5,38.84000015258789,37.470001220703125,38.58000183105469,29.304595947265625,735700
2019-04-18,39.0,39.0,37.619998931884766,38.08000183105469,28.924808502197266,631300
2019-04-22,38.119998931884766,38.18000030517578,37.060001373291016,37.08000183105469,28.16522789001465,669200
2019-04-23,36.63999938964844,36.88999938964844,35.75,36.4900016784668,27.71706771850586,898600
2019-04-24,36.5,36.72999954223633,35.61000061035156,35.86000061035156,27.238540649414062,828700
2019-04-25,35.79999923706055,35.97999954223633,35.31999969482422,35.529998779296875,26.987878799438477,1923800
2019-04-26,35.5,36.4900016784668,35.5,36.470001220703125,27.701887130737305,1048800
2019-04-29,36.209999084472656,36.31999969482422,35.63999938964844,36.0,27.344884872436523,927700
2019-04-30,35.849998474121094,35.90999984741211,35.119998931884766,35.63999938964844,27.071426391601562,789200
2019-05-01,35.849998474121094,36.099998474121094,35.11000061035156,35.13999938964844,26.691638946533203,366600
2019-05-02,35.099998474121094,36.119998931884766,34.900001525878906,36.04999923706055,27.708518981933594,936100
2019-05-03,36.41999816894531,36.75,36.08000183105469,36.290000915527344,27.892982482910156,785900
2019-05-06,35.220001220703125,36.45000076293945,35.119998931884766,36.439998626708984,28.00827407836914,1010800
2019-05-07,36.13999938964844,36.29999923706055,35.22999954223633,35.349998474121094,27.170482635498047,687300
2019-05-08,34.66999816894531,34.66999816894531,33.58000183105469,34.5,26.517162322998047,1253200
2019-05-09,34.61000061035156,34.70000076293945,33.70000076293945,34.560001373291016,26.563282012939453,1294400
2019-05-10,34.56999969482422,35.209999084472656,34.029998779296875,34.9900016784668,26.89378547668457,660200
2019-05-13,34.18000030517578,34.4900016784668,33.9900016784668,34.31999969482422,26.378814697265625,738000
2019-05-14,34.9900016784668,34.9900016784668,34.34000015258789,34.380001068115234,26.424936294555664,488500
2019-05-15,34.209999084472656,34.45000076293945,34.099998474121094,34.25,26.32501220703125,462100
2019-05-16,34.25,34.65999984741211,33.5,33.689998626708984,25.894588470458984,877600
2019-05-17,33.619998931884766,33.66999816894531,32.86000061035156,32.900001525878906,25.28738784790039,540900
2019-05-20,32.900001525878906,33.25,32.619998931884766,32.70000076293945,25.1336612701416,501900
2019-05-21,32.900001525878906,33.310001373291016,32.779998779296875,33.16999816894531,25.49490737915039,568400
2019-05-22,33.02000045776367,33.2599983215332,32.66999816894531,32.689998626708984,25.125974655151367,638800
2019-05-23,31.040000915527344,31.459999084472656,30.0,30.799999237060547,23.673294067382812,1897900
2019-05-24,31.040000915527344,31.450000762939453,30.18000030517578,30.360000610351562,23.33510398864746,1449000
2019-05-28,30.0,30.0,28.860000610351562,29.280000686645508,22.5050048828125,1528400
2019-05-29,29.1200008392334,29.420000076293945,28.299999237060547,29.3799991607666,22.58186149597168,1083400
2019-05-30,29.06999969482422,29.90999984741211,28.350000381469727,29.770000457763672,22.881624221801758,635000
2019-05-31,29.5,30.5,29.260000228881836,30.329999923706055,23.312049865722656,609900
2019-06-03,30.600000381469727,31.709999084472656,30.270000457763672,31.260000228881836,24.026859283447266,787200
2019-06-04,31.309999465942383,32.41999816894531,31.309999465942383,32.40999984741211,24.91075897216797,644800
2019-06-05,32.400001525878906,32.5,31.25,31.690000534057617,24.357362747192383,356000
2019-06-06,31.56999969482422,31.979999542236328,31.100000381469727,31.219999313354492,24.230077743530273,335600
2019-06-07,31.510000228881836,31.559999465942383,31.139999389648438,31.420000076293945,24.385303497314453,345800
2019-06-10,32.18000030517578,32.18000030517578,31.670000076293945,31.860000610351562,24.726789474487305,315200
2019-06-11,32.290000915527344,33.22999954223633,32.130001068115234,32.9900016784668,25.603790283203125,668300
2019-06-12,32.7599983215332,32.959999084472656,31.739999771118164,31.780000686645508,24.66469955444336,527100
2019-06-13,31.899999618530273,32.36000061035156,31.799999237060547,32.27000045776367,25.044994354248047,506100
2019-06-14,32.0099983215332,32.209999084472656,31.18000030517578,31.219999313354492,24.230077743530273,427100
2019-06-17,31.18000030517578,31.729999542236328,30.920000076293945,31.43000030517578,24.393062591552734,322900
2019-06-18,31.65999984741211,32.13999938964844,31.299999237060547,31.3700008392334,24.346498489379883,589600
2019-06-19,31.3799991607666,31.65999984741211,31.06999969482422,31.270000457763672,24.268888473510742,347900
2019-06-20,31.6299991607666,31.93000030517578,31.239999771118164,31.530000686645508,24.470674514770508,506200
2019-06-21,31.420000076293945,31.559999465942383,31.030000686645508,31.260000228881836,24.261125564575195,441200
2019-06-24,31.239999771118164,31.31999969482422,30.3700008392334,30.790000915527344,23.89635467529297,911500
2019-06-25,30.790000915527344,31.100000381469727,30.360000610351562,30.3700008392334,23.57039451599121,942300
2019-06-26,30.469999313354492,31.34000015258789,30.25,30.93000030517578,24.005008697509766,635100
2019-06-27,32.0,32.0,31.309999465942383,31.549999237060547,24.48619842529297,445200
2019-06-28,31.520000457763672,31.549999237060547,30.8799991607666,31.110000610351562,24.14470863342285,810500
2019-07-01,31.829999923706055,31.84000015258789,30.530000686645508,30.549999237060547,23.7100887298584,538600
2019-07-02,30.399999618530273,30.549999237060547,29.6200008392334,29.850000381469727,23.16681671142578,1161200
2019-07-03,29.84000015258789,30.010000228881836,29.700000762939453,29.790000915527344,23.12024688720703,629500
2019-07-05,29.670000076293945,30.219999313354492,29.600000381469727,30.1200008392334,23.376361846923828,808700
2019-07-08,30.110000610351562,30.110000610351562,29.09000015258789,29.1200008392334,22.60025405883789,1098700
2019-07-09,28.940000534057617,29.030000686645508,28.610000610351562,28.790000915527344,22.34414291381836,1245500
2019-07-10,29.200000762939453,29.309999465942383,28.81999969482422,29.010000228881836,22.51487922668457,1100700
2019-07-11,29.049999237060547,29.559999465942383,28.950000762939453,29.549999237060547,22.93398094177246,1111900
2019-07-12,29.65999984741211,30.299999237060547,29.649999618530273,30.139999389648438,23.39188575744629,994300
2019-07-15,30.200000762939453,30.579999923706055,29.93000030517578,30.549999237060547,23.7100887298584,511300
2019-07-16,30.520000457763672,31.260000228881836,30.209999084472656,30.229999542236328,23.46173095703125,516400
2019-07-17,30.229999542236328,30.31999969482422,29.579999923706055,29.81999969482422,23.14352798461914,614500
2019-07-18,29.780000686645508,30.040000915527344,29.75,30.0,23.283227920532227,293000
2019-07-19,30.06999969482422,30.969999313354492,30.030000686645508,30.799999237060547,23.90411376953125,1156700
2019-07-22,30.989999771118164,31.239999771118164,30.670000076293945,30.850000381469727,23.942920684814453,520900
2019-07-23,30.989999771118164,31.450000762939453,30.670000076293945,30.790000915527344,23.89635467529297,864500
2019-07-24,30.610000610351562,30.969999313354492,30.40999984741211,30.5,23.671283721923828,432000
2019-07-25,30.25,30.399999618530273,29.65999984741211,30.1200008392334,23.376361846923828,505100
2019-07-26,30.34000015258789,30.34000015258789,29.81999969482422,30.25,23.47725486755371,433200
2019-07-29,30.15999984741211,30.360000610351562,29.6200008392334,29.719999313354492,23.065916061401367,459800
2019-07-30,29.559999465942383,30.110000610351562,29.270000457763672,30.040000915527344,23.31427764892578,737500
2019-07-31,29.450000762939453,30.209999084472656,29.43000030517578,29.489999771118164,22.887413024902344,653000
2019-08-01,29.170000076293945,29.389999389648438,27.549999237060547,27.81999969482422,21.591312408447266,1114400
2019-08-02,27.600000381469727,27.700000762939453,26.739999771118164,27.09000015258789,21.024757385253906,795800
2019-08-05,26.59000015258789,26.639999389648438,25.719999313354492,26.520000457763672,20.582380294799805,777900
2019-08-06,26.75,27.399999618530273,26.1299991607666,26.209999084472656,20.34178352355957,678000
2019-08-07,26.1200008392334,27.190000534057617,25.75,26.760000228881836,20.76864242553711,1717500
2019-08-08,27.360000610351562,28.850000381469727,27.360000610351562,28.809999465942383,22.359661102294922,1621500
2019-08-09,28.239999771118164,28.780000686645508,27.8799991607666,28.59000015258789,22.188915252685547,975500
2019-08-12,28.06999969482422,28.110000610351562,26.93000030517578,27.18000030517578,21.0946044921875,1150900
2019-08-13,27.139999389648438,28.350000381469727,26.90999984741211,27.6200008392334,21.436092376708984,553000
2019-08-14,27.049999237060547,27.170000076293945,26.309999465942383,26.34000015258789,20.442670822143555,542200
2019-08-15,26.6299991607666,26.6299991607666,25.610000610351562,26.010000228881836,20.186559677124023,516000
2019-08-16,26.350000381469727,26.989999771118164,25.610000610351562,26.850000381469727,20.83849334716797,538200
2019-08-19,27.260000228881836,27.399999618530273,26.520000457763672,26.56999969482422,20.621179580688477,541300
2019-08-20,26.389999389648438,26.6200008392334,26.229999542236328,26.260000228881836,20.380584716796875,1385600
2019-08-21,26.610000610351562,26.889999389648438,25.34000015258789,25.43000030517578,19.736417770385742,1668200
2019-08-22,23.31999969482422,24.709999084472656,23.31999969482422,23.709999084472656,18.40151023864746,1933700
2019-08-23,23.559999465942383,23.670000076293945,22.709999084472656,22.979999542236328,17.83495330810547,1183000
2019-08-26,23.229999542236328,23.690000534057617,22.920000076293945,23.059999465942383,17.89704132080078,615000
2019-08-27,23.18000030517578,23.399999618530273,22.979999542236328,23.149999618530273,17.966888427734375,754400
2019-08-28,22.979999542236328,23.489999771118164,22.799999237060547,23.3799991607666,18.14539909362793,591000
2019-08-29,23.729999542236328,24.1200008392334,23.450000762939453,23.889999389648438,18.541210174560547,650800
2019-08-30,24.100000381469727,24.75,24.100000381469727,24.639999389648438,19.123292922973633,635300
2019-09-03,24.239999771118164,24.239999771118164,23.459999084472656,23.799999237060547,18.47136116027832,657600
2019-09-04,24.139999389648438,24.600000381469727,23.850000381469727,23.979999542236328,18.611059188842773,704900
2019-09-05,24.15999984741211,24.959999084472656,24.15999984741211,24.729999542236328,19.409250259399414,605400
2019-09-06,24.850000381469727,25.290000915527344,24.770000457763672,24.829999923706055,19.487735748291016,709500
2019-09-09,25.010000228881836,25.270000457763672,24.8700008392334,25.25,19.81736946105957,529200
2019-09-10,25.200000762939453,26.280000686645508,25.200000762939453,26.260000228881836,20.610063552856445,958100
2019-09-11,26.540000915527344,27.540000915527344,26.31999969482422,27.479999542236328,21.567577362060547,1253700
2019-09-12,27.75,27.950000762939453,26.270000457763672,27.729999542236328,21.76378631591797,1040100
2019-09-13,27.729999542236328,28.200000762939453,27.59000015258789,27.610000610351562,21.66960906982422,543600
2019-09-16,27.700000762939453,28.1200008392334,27.280000686645508,28.040000915527344,22.007091522216797,551700
2019-09-17,27.950000762939453,28.299999237060547,27.56999969482422,27.610000610351562,21.66960906982422,740900
2019-09-18,27.540000915527344,27.780000686645508,27.420000076293945,27.639999389648438,21.69314956665039,205500
2019-09-19,27.610000610351562,28.149999618530273,27.600000381469727,27.979999542236328,21.959999084472656,295100
2019-09-20,27.90999984741211,28.1200008392334,27.600000381469727,27.850000381469727,21.857967376708984,482200
2019-09-23,27.559999465942383,28.559999465942383,27.559999465942383,27.899999618530273,21.897212982177734,558800
2019-09-24,27.65999984741211,28.1200008392334,27.079999923706055,27.1200008392334,21.2850341796875,500400
2019-09-25,27.0,27.579999923706055,26.84000015258789,27.459999084472656,21.5518798828125,445800
2019-09-26,28.09000015258789,28.600000381469727,27.56999969482422,27.90999984741211,21.905061721801758,476800
2019-09-27,28.0,28.329999923706055,27.639999389648438,27.889999389648438,21.889360427856445,568000
2019-09-30,27.850000381469727,28.239999771118164,27.360000610351562,27.790000915527344,21.810880661010742,568100
2019-10-01,27.780000686645508,28.06999969482422,27.389999389648438,27.549999237060547,21.622516632080078,533800
2019-10-02,27.239999771118164,27.65999984741211,26.899999618530273,27.09000015258789,21.261486053466797,494200
2019-10-03,27.0,27.309999465942383,26.75,27.09000015258789,21.261486053466797,265600
2019-10-04,26.959999084472656,27.25,26.899999618530273,27.0,21.19084930419922,261100
2019-10-07,26.670000076293945,26.969999313354492,26.59000015258789,26.59000015258789,20.869062423706055,326500
2019-10-08,26.600000381469727,26.600000381469727,26.09000015258789,26.100000381469727,20.484487533569336,662100
2019-10-09,26.360000610351562,26.579999923706055,25.950000762939453,26.170000076293945,20.539426803588867,254400
2019-10-10,26.299999237060547,27.049999237060547,26.18000030517578,27.020000457763672,21.206544876098633,537800
2019-10-11,27.530000686645508,28.520000457763672,27.530000686645508,28.170000076293945,22.109121322631836,706100
2019-10-14,28.18000030517578,28.219999313354492,27.579999923706055,27.579999923706055,21.646059036254883,355000
2019-10-15,27.479999542236328,27.979999542236328,27.360000610351562,27.8700008392334,21.87366485595703,414400
2019-10-16,28.040000915527344,28.34000015258789,27.780000686645508,27.920000076293945,21.912912368774414,454200
2019-10-17,28.110000610351562,28.670000076293945,28.110000610351562,28.459999084472656,22.336727142333984,394500
2019-10-18,28.3799991607666,28.799999237060547,28.260000228881836,28.3700008392334,22.266088485717773,297000
2019-10-21,27.0,27.649999618530273,26.1200008392334,27.540000915527344,21.614667892456055,1275300
2019-10-22,27.34000015258789,27.920000076293945,26.6299991607666,27.549999237060547,21.622516632080078,945400
2019-10-23,27.600000381469727,27.700000762939453,27.209999084472656,27.56999969482422,21.638212203979492,507400
2019-10-24,27.739999771118164,27.899999618530273,27.479999542236328,27.799999237060547,21.818723678588867,406700
2019-10-25,26.5,27.469999313354492,26.0,27.309999465942383,21.43414878845215,994300
2019-10-28,27.600000381469727,28.360000610351562,27.3700008392334,28.190000534057617,22.124818801879883,937300
2019-10-29,27.90999984741211,28.15999984741211,27.489999771118164,27.8799991607666,21.881515502929688,630900
2019-10-30,27.799999237060547,27.799999237060547,26.329999923706055,27.209999084472656,21.355667114257812,936100
2019-10-31,27.049999237060547,27.43000030517578,26.209999084472656,27.18000030517578,21.332122802734375,920000
2019-11-01,27.59000015258789,28.68000030517578,27.299999237060547,28.68000030517578,22.509389877319336,901000
2019-11-04,28.6299991607666,29.31999969482422,28.3700008392334,28.729999542236328,22.548635482788086,1620300
2019-11-05,28.670000076293945,28.670000076293945,27.540000915527344,28.09000015258789,22.04633331298828,1606900
2019-11-06,27.600000381469727,28.010000228881836,27.34000015258789,27.43000030517578,21.528335571289062,793500
2019-11-07,27.829999923706055,28.15999984741211,27.40999984741211,28.100000381469727,22.054180145263672,890100
2019-11-08,27.989999771118164,27.989999771118164,26.40999984741211,26.649999618530273,20.916156768798828,782500
2019-11-11,25.780000686645508,27.280000686645508,25.5,27.06999969482422,21.24578857421875,1400200
2019-11-12,25.079999923706055,25.899999618530273,24.6200008392334,24.920000076293945,19.558372497558594,2049900
2019-11-13,23.700000762939453,24.450000762939453,23.020000457763672,24.09000015258789,18.90694808959961,2083800
2019-11-14,23.729999542236328,24.299999237060547,23.450000762939453,23.670000076293945,18.57731056213379,1049300
2019-11-15,25.239999771118164,25.489999771118164,24.530000686645508,24.56999969482422,19.283668518066406,875400
2019-11-18,24.799999237060547,24.93000030517578,24.010000228881836,24.040000915527344,18.867708206176758,493100
2019-11-19,24.049999237060547,24.280000686645508,23.469999313354492,23.75,18.64010238647461,676800
2019-11-20,23.540000915527344,23.760000228881836,23.06999969482422,23.40999984741211,18.373249053955078,887200
2019-11-21,23.040000915527344,23.860000610351562,22.760000228881836,23.260000228881836,18.25552749633789,968500
2019-11-22,23.469999313354492,23.84000015258789,23.040000915527344,23.299999237060547,18.286916732788086,1123000
2019-11-25,23.43000030517578,23.899999618530273,23.290000915527344,23.40999984741211,18.373249053955078,733300
2019-11-26,23.729999542236328,23.729999542236328,22.850000381469727,23.190000534057617,18.20058822631836,1195700
2019-11-27,23.200000762939453,24.190000534057617,23.040000915527344,24.15999984741211,18.961885452270508,1570700
2019-11-29,24.110000610351562,24.209999084472656,23.639999389648438,23.829999923706055,18.702892303466797,879400
2019-12-02,24.0,24.110000610351562,23.639999389648438,23.719999313354492,18.616552352905273,685000
2019-12-03,23.579999923706055,23.899999618530273,23.149999618530273,23.700000762939453,18.600858688354492,687800
2019-12-04,24.049999237060547,24.65999984741211,24.040000915527344,24.139999389648438,18.946189880371094,880400
2019-12-05,24.540000915527344,24.770000457763672,24.229999542236328,24.3700008392334,19.310691833496094,796500
2019-12-06,24.59000015258789,24.899999618530273,24.5,24.860000610351562,19.69896697998047,639800
2019-12-09,24.790000915527344,25.200000762939453,24.719999313354492,24.940000534057617,19.762359619140625,438100
2019-12-10,25.100000381469727,25.610000610351562,24.889999389648438,24.989999771118164,19.80197525024414,708300
2019-12-11,25.5,25.979999542236328,25.399999618530273,25.760000228881836,20.41212272644043,935600
2019-12-12,25.760000228881836,26.75,25.760000228881836,26.6200008392334,21.093585968017578,966000
2019-12-13,27.110000610351562,27.399999618530273,26.649999618530273,26.719999313354492,21.172819137573242,960500
2019-12-16,27.200000762939453,27.450000762939453,26.959999084472656,27.06999969482422,21.45016098022461,720400
2019-12-17,27.170000076293945,28.06999969482422,27.06999969482422,27.899999618530273,22.107851028442383,914200
2019-12-18,27.829999923706055,27.93000030517578,27.040000915527344,27.559999465942383,21.83843421936035,1280900
2019-12-19,27.450000762939453,27.860000610351562,27.020000457763672,27.31999969482422,21.64826202392578,1077800
2019-12-20,27.469999313354492,27.6200008392334,27.219999313354492,27.350000381469727,21.672035217285156,740300
2019-12-23,27.459999084472656,27.81999969482422,26.950000762939453,27.760000228881836,21.996915817260742,715800
2019-12-24,27.760000228881836,28.270000457763672,27.610000610351562,27.719999313354492,21.96521759033203,315300
2019-12-26,27.799999237060547,28.170000076293945,27.68000030517578,28.139999389648438,22.298025131225586,420300
2019-12-27,27.829999923706055,28.020000457763672,26.790000915527344,26.850000381469727,21.275835037231445,1041200
2019-12-30,26.950000762939453,27.040000915527344,26.329999923706055,26.34000015258789,20.87171173095703,627100
2019-12-31,26.239999771118164,26.969999313354492,26.239999771118164,26.690000534057617,21.149049758911133,766600
2020-01-02,26.920000076293945,27.100000381469727,26.780000686645508,26.93000030517578,21.339223861694336,741500
2020-01-03,26.84000015258789,26.889999389648438,26.559999465942383,26.719999313354492,21.172819137573242,680700
2020-01-06,26.719999313354492,27.25,26.239999771118164,27.1299991607666,21.497703552246094,569400
2020-01-07,27.299999237060547,28.15999984741211,27.18000030517578,27.860000610351562,22.076156616210938,862800
2020-01-08,27.420000076293945,28.420000076293945,27.40999984741211,27.90999984741211,22.115774154663086,713900
2020-01-09,28.110000610351562,28.309999465942383,27.06999969482422,27.299999237060547,21.632408142089844,616000
2020-01-10,27.360000610351562,27.940000534057617,27.309999465942383,27.729999542236328,21.973140716552734,504000
2020-01-13,28.190000534057617,30.270000457763672,27.940000534057617,30.149999618530273,23.890743255615234,2126900
2020-01-14,30.5,31.6200008392334,30.450000762939453,31.219999313354492,24.738603591918945,2333000
2020-01-15,31.110000610351562,31.280000686645508,30.59000015258789,30.979999542236328,24.548433303833008,2357700
2020-01-16,31.329999923706055,31.670000076293945,31.15999984741211,31.670000076293945,25.09518051147461,1062000
2020-01-17,31.5,31.559999465942383,30.610000610351562,30.700000762939453,24.326557159423828,992600
2020-01-21,30.399999618530273,30.399999618530273,29.690000534057617,29.84000015258789,23.64510154724121,1056200
2020-01-22,29.899999618530273,29.90999984741211,28.850000381469727,29.190000534057617,23.13004493713379,971300
2020-01-23,29.010000228881836,29.829999923706055,28.600000381469727,29.799999237060547,23.613401412963867,780200
2020-01-24,29.950000762939453,30.100000381469727,29.059999465942383,29.3799991607666,23.28059959411621,645800
2020-01-27,27.90999984741211,28.440000534057617,27.59000015258789,28.110000610351562,22.27425193786621,737600
2020-01-28,28.5,29.0,28.299999237060547,28.760000228881836,22.78931427001953,498100
2020-01-29,28.790000915527344,28.899999618530273,28.280000686645508,28.579999923706055,22.64668083190918,418100
2020-01-30,28.299999237060547,28.969999313354492,28.049999237060547,28.399999618530273,22.50404930114746,717200
2020-01-31,28.1299991607666,28.489999771118164,27.84000015258789,28.100000381469727,22.266326904296875,679500
2020-02-03,28.100000381469727,28.84000015258789,27.93000030517578,28.6299991607666,22.68630027770996,752000
2020-02-04,29.450000762939453,31.809999465942383,29.3700008392334,31.149999618530273,24.68313980102539,2739000
2020-02-05,31.110000610351562,31.399999618530273,29.899999618530273,30.270000457763672,23.985828399658203,1291300
2020-02-06,30.40999984741211,30.850000381469727,30.270000457763672,30.299999237060547,24.009599685668945,1084000
2020-02-07,29.940000534057617,30.09000015258789,29.06999969482422,29.469999313354492,23.351909637451172,651500
2020-02-10,29.389999389648438,29.690000534057617,29.0,29.139999389648438,23.090421676635742,500500
2020-02-11,29.579999923706055,30.299999237060547,29.5,30.260000228881836,23.977901458740234,688500
2020-02-12,31.0,31.399999618530273,30.84000015258789,31.31999969482422,24.81784439086914,1066700
2020-02-13,30.81999969482422,31.040000915527344,30.280000686645508,30.75,24.366180419921875,1058500
2020-02-14,31.270000457763672,31.84000015258789,30.5,30.56999969482422,24.223546981811523,865500
2020-02-18,30.6299991607666,30.850000381469727,29.610000610351562,30.270000457763672,23.985828399658203,631700
2020-02-19,30.25,30.829999923706055,30.18000030517578,30.829999923706055,24.429569244384766,871100
2020-02-20,30.479999542236328,33.29999923706055,30.479999542236328,32.9900016784668,26.141141891479492,3678100
2020-02-21,32.060001373291016,32.2400016784668,31.43000030517578,31.850000381469727,25.23781394958496,1524400
2020-02-24,29.959999084472656,30.639999389648438,29.329999923706055,30.540000915527344,24.199777603149414,1871600
2020-02-25,30.700000762939453,31.0,29.34000015258789,29.760000228881836,23.581710815429688,1032500
2020-02-26,29.84000015258789,29.899999618530273,28.43000030517578,29.139999389648438,23.090421676635742,969900
2020-02-27,27.860000610351562,28.719999313354492,27.010000228881836,27.68000030517578,21.933521270751953,1366600
2020-02-28,26.600000381469727,27.540000915527344,26.260000228881836,27.3799991607666,21.6958065032959,1725400
2020-03-02,27.739999771118164,28.950000762939453,27.25,28.43000030517578,22.527820587158203,1286400
2020-03-03,28.280000686645508,29.799999237060547,26.81999969482422,28.899999618530273,22.90024757385254,1740800
2020-03-04,29.739999771118164,30.100000381469727,28.8799991607666,29.260000228881836,23.185508728027344,850200
2020-03-05,28.389999389648438,29.219999313354492,28.309999465942383,28.40999984741211,22.511974334716797,953400
2020-03-06,27.40999984741211,27.780000686645508,26.8700008392334,27.299999237060547,21.632408142089844,915500
2020-03-09,24.760000228881836,25.670000076293945,24.25,24.690000534057617,19.564258575439453,1279100
2020-03-10,25.850000381469727,25.8700008392334,24.979999542236328,25.399999618530273,20.126861572265625,920800
2020-03-11,24.790000915527344,25.079999923706055,23.520000457763672,23.940000534057617,18.9699649810791,906400
2020-03-12,21.950000762939453,22.979999542236328,20.549999237060547,21.450000762939453,16.99689483642578,1781100
2020-03-13,23.540000915527344,23.739999771118164,21.450000762939453,22.43000030517578,17.7734432220459,1723200
2020-03-16,19.5,19.93000030517578,18.559999465942383,19.110000610351562,15.14268684387207,1551100
2020-03-17,19.280000686645508,20.059999465942383,16.790000915527344,19.020000457763672,15.071372032165527,2647600
2020-03-18,17.780000686645508,17.940000534057617,15.199999809265137,15.869999885559082,12.575325965881348,2316000
2020-03-19,16.1299991607666,18.15999984741211,16.040000915527344,17.110000610351562,13.557897567749023,1185200
2020-03-20,18.799999237060547,18.799999237060547,15.960000038146973,16.040000915527344,12.710033416748047,1310000
2020-03-23,16.0,17.110000610351562,15.569999694824219,16.389999389648438,12.987371444702148,1172200
2020-03-24,17.649999618530273,19.920000076293945,17.649999618530273,19.780000686645508,15.673593521118164,1817700
2020-03-25,20.0,22.530000686645508,19.450000762939453,22.030000686645508,17.456483840942383,2289100
2020-03-26,22.270000457763672,22.850000381469727,21.889999389648438,22.600000381469727,17.908151626586914,1908500
2020-03-27,21.510000228881836,21.799999237060547,20.540000915527344,21.34000015258789,16.909732818603516,1468400
2020-03-30,21.030000686645508,22.770000457763672,21.030000686645508,22.350000381469727,17.710054397583008,1459100
2020-03-31,22.139999389648438,23.139999389648438,22.059999465942383,22.549999237060547,17.8685302734375,1293700
2020-04-01,21.510000228881836,22.200000762939453,20.459999084472656,20.829999923706055,16.5056095123291,1141700
2020-04-02,22.170000076293945,22.65999984741211,21.3799991607666,22.0,17.432714462280273,1189400
2020-04-03,21.940000534057617,22.420000076293945,20.940000534057617,21.100000381469727,16.719554901123047,916500
2020-04-06,22.260000228881836,22.440000534057617,21.700000762939453,22.139999389648438,17.54364776611328,833000
2020-04-07,22.84000015258789,23.649999618530273,21.899999618530273,22.040000915527344,17.46441078186035,795000
2020-04-08,22.190000534057617,22.829999923706055,21.75,22.709999084472656,17.995315551757812,689800
2020-04-09,23.219999313354492,23.65999984741211,22.329999923706055,22.84000015258789,18.098323822021484,647600
2020-04-13,22.329999923706055,22.6299991607666,21.1200008392334,22.56999969482422,17.88437843322754,787300
2020-04-14,22.860000610351562,23.459999084472656,22.5,22.920000076293945,18.161714553833008,509100
2020-04-15,22.149999618530273,22.729999542236328,21.600000381469727,22.079999923706055,17.496105194091797,655000
2020-04-16,21.959999084472656,22.190000534057617,21.600000381469727,21.709999084472656,17.202919006347656,541700
2020-04-17,22.440000534057617,22.760000228881836,21.809999465942383,22.56999969482422,17.88437843322754,573600
2020-04-20,22.0,22.440000534057617,21.600000381469727,21.700000762939453,17.194992065429688,541500
2020-04-21,21.100000381469727,21.219999313354492,20.549999237060547,20.84000015258789,16.513534545898438,660900
2020-04-22,21.40999984741211,22.1299991607666,21.239999771118164,21.979999542236328,17.416868209838867,938000
2020-04-23,22.309999465942383,22.450000762939453,21.360000610351562,21.459999084472656,17.00481605529785,688100
2020-04-24,21.600000381469727,21.940000534057617,21.260000228881836,21.40999984741211,16.96519660949707,425000
2020-04-27,21.40999984741211,22.280000686645508,21.110000610351562,22.219999313354492,17.607038497924805,1021500
2020-04-28,22.56999969482422,23.6299991607666,22.56999969482422,23.31999969482422,18.478675842285156,1099000
2020-04-29,23.5,24.440000534057617,23.25,23.329999923706055,18.690174102783203,567300
2020-04-30,23.0,23.100000381469727,22.450000762939453,22.799999237060547,18.265575408935547,710200
2020-05-01,22.329999923706055,22.469999313354492,21.139999389648438,21.600000381469727,17.304231643676758,404900
2020-05-04,21.200000762939453,22.389999389648438,20.860000610351562,22.139999389648438,17.73683738708496,1023800
2020-05-05,22.600000381469727,23.350000381469727,22.299999237060547,22.31999969482422,17.881040573120117,480400
2020-05-06,22.520000457763672,22.690000534057617,21.959999084472656,22.040000915527344,17.65672492980957,383500
2020-05-07,22.360000610351562,23.1200008392334,22.360000610351562,22.649999618530273,18.145408630371094,655600
2020-05-08,22.959999084472656,23.65999984741211,22.940000534057617,23.149999618530273,18.545969009399414,516700
2020-05-11,22.8799991607666,23.209999084472656,22.5,23.200000762939453,18.586029052734375,647500
2020-05-12,23.030000686645508,23.389999389648438,22.25,22.299999237060547,17.86501693725586,1119400
2020-05-13,22.5,22.6299991607666,21.299999237060547,21.90999984741211,17.55257797241211,764900
2020-05-14,21.559999465942383,22.399999618530273,20.5,22.290000915527344,17.857006072998047,912600
2020-05-15,22.260000228881836,22.469999313354492,21.8700008392334,21.8799991607666,17.528541564941406,541100
2020-05-18,22.719999313354492,23.540000915527344,22.719999313354492,23.479999542236328,18.810338973999023,672900
2020-05-19,23.469999313354492,23.899999618530273,22.8700008392334,23.56999969482422,18.882444381713867,931700
2020-05-20,23.649999618530273,24.139999389648438,23.1200008392334,23.56999969482422,18.882444381713867,1022000
2020-05-21,22.59000015258789,24.290000915527344,22.40999984741211,23.8799991607666,19.13079071044922,1080700
2020-05-22,23.56999969482422,23.780000686645508,23.0,23.219999313354492,18.602046966552734,664000
2020-05-26,24.06999969482422,24.770000457763672,23.950000762939453,24.6299991607666,19.73162841796875,1193000
2020-05-27,25.079999923706055,25.809999465942383,24.809999465942383,25.030000686645508,20.052080154418945,887500
2020-05-28,25.280000686645508,25.610000610351562,24.899999618530273,25.270000457763672,20.244348526000977,1112300
2020-05-29,25.1299991607666,25.34000015258789,24.309999465942383,24.3700008392334,19.523340225219727,767500
2020-06-01,24.290000915527344,25.450000762939453,24.110000610351562,24.959999084472656,19.995996475219727,752500
2020-06-02,25.610000610351562,26.3799991607666,25.450000762939453,26.25,21.02944564819336,750300
2020-06-03,26.520000457763672,27.149999618530273,26.360000610351562,26.56999969482422,21.285808563232422,807000
2020-06-04,26.280000686645508,27.290000915527344,25.899999618530273,27.149999618530273,21.891345977783203,687800
2020-06-05,28.06999969482422,28.760000228881836,27.81999969482422,28.25,22.778282165527344,830100
2020-06-08,28.25,29.93000030517578,28.229999542236328,29.920000076293945,24.124828338623047,913300
2020-06-09,29.25,29.520000457763672,28.350000381469727,29.399999618530273,23.70554542541504,942700
2020-06-10,29.3799991607666,29.719999313354492,28.729999542236328,28.809999465942383,23.229820251464844,1030300
2020-06-11,27.1200008392334,27.3799991607666,25.760000228881836,25.8700008392334,20.859268188476562,985100
2020-06-12,26.790000915527344,27.09000015258789,25.729999542236328,26.3799991607666,21.270484924316406,1017400
2020-06-15,25.520000457763672,26.25,25.139999389648438,25.3700008392334,20.456113815307617,2505900
2020-06-16,26.690000534057617,27.34000015258789,26.100000381469727,27.25,21.97197723388672,1519400
2020-06-17,27.299999237060547,27.299999237060547,26.459999084472656,26.610000610351562,21.455936431884766,695700
2020-06-18,26.260000228881836,26.59000015258789,25.8799991607666,26.209999084472656,21.133413314819336,534700
2020-06-19,26.790000915527344,27.25,26.5,26.540000915527344,21.399492263793945,1070600
2020-06-22,26.639999389648438,26.639999389648438,25.790000915527344,25.889999389648438,20.87539291381836,519200
2020-06-23,26.139999389648438,26.399999618530273,25.770000457763672,25.770000457763672,20.77863311767578,460100
2020-06-24,25.479999542236328,25.860000610351562,25.25,25.59000015258789,20.633499145507812,754100
2020-06-25,25.59000015258789,26.3700008392334,25.200000762939453,26.360000610351562,21.254358291625977,908800
2020-06-26,26.3799991607666,26.3799991607666,25.459999084472656,25.850000381469727,20.843141555786133,557800
2020-06-29,26.040000915527344,26.479999542236328,25.969999313354492,26.270000457763672,21.181793212890625,349200
2020-06-30,26.059999465942383,26.40999984741211,25.850000381469727,26.06999969482422,21.020530700683594,508700
2020-07-01,26.020000457763672,26.3700008392334,25.84000015258789,26.260000228881836,21.173728942871094,566100
2020-07-02,26.790000915527344,27.75,26.670000076293945,27.600000381469727,22.254186630249023,708600
2020-07-06,27.899999618530273,28.739999771118164,27.899999618530273,28.350000381469727,22.858919143676758,1098100
2020-07-07,28.059999465942383,28.31999969482422,27.8700008392334,28.010000228881836,22.584774017333984,694100
2020-07-08,28.18000030517578,28.450000762939453,27.59000015258789,28.200000762939453,22.737972259521484,716700
2020-07-09,28.399999618530273,28.420000076293945,27.15999984741211,27.229999542236328,21.95585060119629,686900
2020-07-10,27.1299991607666,27.90999984741211,27.020000457763672,27.65999984741211,22.302562713623047,985600
2020-07-13,28.270000457763672,29.729999542236328,28.049999237060547,29.040000915527344,23.41527557373047,1687100
2020-07-14,28.850000381469727,30.280000686645508,28.049999237060547,30.09000015258789,24.261899948120117,1647800
2020-07-15,30.790000915527344,30.850000381469727,29.18000030517578,29.559999465942383,23.834556579589844,1061700
2020-07-16,29.239999771118164,29.760000228881836,29.100000381469727,29.5,23.786174774169922,489300
2020-07-17,29.6200008392334,29.899999618530273,29.25,29.84000015258789,24.060321807861328,560900
2020-07-20,29.969999313354492,29.989999771118164,29.15999984741211,29.420000076293945,23.721670150756836,391100
2020-07-21,29.90999984741211,30.15999984741211,29.56999969482422,29.579999923706055,23.85068130493164,524600
2020-07-22,29.5,30.549999237060547,29.43000030517578,30.5,24.592487335205078,595700
2020-07-23,30.68000030517578,31.09000015258789,30.34000015258789,30.479999542236328,24.57636260986328,660000
2020-07-24,30.040000915527344,30.600000381469727,29.719999313354492,30.260000228881836,24.398971557617188,615400
2020-07-27,30.600000381469727,31.149999618530273,30.3799991607666,30.969999313354492,24.971454620361328,760900
2020-07-28,30.709999084472656,31.06999969482422,30.56999969482422,30.799999237060547,24.834379196166992,406500
2020-07-29,30.979999542236328,31.1200008392334,30.690000534057617,30.889999389648438,24.90694808959961,396100
2020-07-30,30.25,30.760000228881836,30.010000228881836,30.3799991607666,24.495731353759766,737800
2020-07-31,30.40999984741211,30.649999618530273,30.209999084472656,30.549999237060547,24.632802963256836,488900
2020-08-03,30.719999313354492,30.780000686645508,29.81999969482422,30.280000686645508,24.415102005004883,646200
2020-08-04,30.299999237060547,30.780000686645508,29.90999984741211,30.549999237060547,24.632802963256836,559600
2020-08-05,30.889999389648438,31.360000610351562,30.690000534057617,31.229999542236328,25.181093215942383,741700
2020-08-06,31.3799991607666,31.68000030517578,30.790000915527344,31.540000915527344,25.43105125427246,617900
2020-08-07,31.3700008392334,31.600000381469727,31.06999969482422,31.290000915527344,25.229476928710938,344100
2020-08-10,31.299999237060547,31.969999313354492,31.260000228881836,31.530000686645508,25.422988891601562,661900
2020-08-11,31.75,32.66999816894531,31.729999542236328,32.29999923706055,26.04384422302246,1015000
2020-08-12,32.75,33.189998626708984,32.52000045776367,32.779998779296875,26.430877685546875,732600
2020-08-13,33.0,33.0,31.969999313354492,32.060001373291016,25.8503360748291,776300
2020-08-14,31.889999389648438,32.470001220703125,31.889999389648438,32.310001373291016,26.051910400390625,468500
2020-08-17,32.04999923706055,32.5,31.899999618530273,32.150001525878906,25.922903060913086,348700
2020-08-18,32.36000061035156,32.88999938964844,32.25,32.529998779296875,26.229299545288086,369500
2020-08-19,32.68000030517578,32.9900016784668,32.09000015258789,32.209999084472656,25.97127914428711,446900
2020-08-20,32.79999923706055,32.869998931884766,31.360000610351562,32.2400016784668,25.995466232299805,519100
2020-08-21,32.0099983215332,32.4900016784668,31.719999313354492,32.02000045776367,25.818078994750977,444300
2020-08-24,32.40999984741211,32.66999816894531,32.09000015258789,32.61000061035156,26.293804168701172,455200
2020-08-25,32.95000076293945,33.099998474121094,31.969999313354492,32.2599983215332,26.011594772338867,561600
2020-08-26,32.290000915527344,32.72999954223633,32.220001220703125,32.630001068115234,26.309926986694336,727000
2020-08-27,32.63999938964844,32.779998779296875,31.760000228881836,31.799999237060547,25.64069175720215,318700
2020-08-28,31.84000015258789,32.33000183105469,31.700000762939453,32.29999923706055,26.04384422302246,401400
2020-08-31,32.540000915527344,32.540000915527344,31.309999465942383,31.360000610351562,25.285917282104492,669800
2020-09-01,31.469999313354492,33.34000015258789,31.239999771118164,33.310001373291016,26.85822105407715,863000
2020-09-02,33.599998474121094,34.06999969482422,33.220001220703125,34.04999923706055,27.454893112182617,738500
2020-09-03,33.95000076293945,34.08000183105469,32.209999084472656,32.38999938964844,26.116416931152344,800700
2020-09-04,32.56999969482422,33.0,31.280000686645508,32.459999084472656,26.172853469848633,665400
2020-09-08,31.889999389648438,32.68000030517578,31.469999313354492,32.040000915527344,25.834203720092773,507300
2020-09-09,32.47999954223633,32.9900016784668,32.2400016784668,32.630001068115234,26.309926986694336,469600
2020-09-10,32.81999969482422,32.9900016784668,31.15999984741211,31.5,25.398799896240234,1043500
2020-09-11,31.8700008392334,32.189998626708984,31.579999923706055,31.850000381469727,25.681007385253906,396000
2020-09-14,32.16999816894531,33.41999816894531,32.04999923706055,33.38999938964844,26.922727584838867,670100
2020-09-15,33.84000015258789,34.34000015258789,33.290000915527344,33.790000915527344,27.24525260925293,889400
2020-09-16,33.81999969482422,34.560001373291016,33.66999816894531,33.93000030517578,27.35813331604004,873800
2020-09-17,33.29999923706055,34.810001373291016,33.06999969482422,34.369998931884766,27.712913513183594,824500
2020-09-18,34.5099983215332,34.91999816894531,34.13999938964844,34.41999816894531,27.75322914123535,585900
2020-09-21,33.56999969482422,33.59000015258789,32.66999816894531,32.900001525878906,26.52763557434082,723200
2020-09-22,33.16999816894531,33.29999923706055,32.560001373291016,32.86000061035156,26.495380401611328,563900
2020-09-23,31.040000915527344,31.15999984741211,28.75,28.969999313354492,23.35883331298828,3283300
2020-09-24,28.6299991607666,29.739999771118164,28.469999313354492,29.469999313354492,23.761985778808594,1326800
2020-09-25,29.200000762939453,30.219999313354492,29.1200008392334,30.1200008392334,24.28609275817871,991300
2020-09-28,30.719999313354492,31.290000915527344,30.43000030517578,30.899999618530273,24.915008544921875,1635900
2020-09-29,30.829999923706055,31.579999923706055,30.81999969482422,31.350000381469727,25.277854919433594,935800
2020-09-30,31.350000381469727,32.47999954223633,31.350000381469727,32.41999816894531,26.140605926513672,1046700
2020-10-01,33.11000061035156,33.11000061035156,31.459999084472656,31.56999969482422,25.45524024963379,1507000
2020-10-02,30.93000030517578,33.099998474121094,30.770000457763672,32.5099983215332,26.21316909790039,705100
2020-10-05,33.5,35.540000915527344,33.380001068115234,35.459999084472656,28.5917911529541,1986600
2020-10-06,35.58000183105469,35.66999816894531,34.439998626708984,34.560001373291016,27.866113662719727,1379400
2020-10-07,35.06999969482422,36.13999938964844,34.88999938964844,35.41999816894531,28.559537887573242,1837800
2020-10-08,35.220001220703125,36.40999984741211,35.130001068115234,35.43000030517578,28.877408981323242,1710400
2020-10-09,35.810001373291016,36.36000061035156,35.349998474121094,35.540000915527344,28.967069625854492,837800
2020-10-12,35.90999984741211,36.11000061035156,35.150001525878906,35.380001068115234,28.83665657043457,557700
2020-10-13,35.20000076293945,35.439998626708984,34.34000015258789,34.68000030517578,28.26612091064453,888100
2020-10-14,34.43000030517578,34.83000183105469,33.880001068115234,34.529998779296875,28.14385986328125,967200
2020-10-15,33.58000183105469,34.45000076293945,33.52000045776367,34.29999923706055,27.956392288208008,595100
2020-10-16,34.54999923706055,34.84000015258789,33.869998931884766,34.599998474121094,28.200918197631836,883700
2020-10-19,34.599998474121094,35.31999969482422,34.349998474121094,34.650001525878906,28.241668701171875,890700
2020-10-20,34.91999816894531,35.4900016784668,34.72999954223633,35.0,28.52693748474121,803300
2020-10-21,35.70000076293945,37.189998626708984,35.279998779296875,36.63999938964844,29.86363410949707,1445700
2020-10-22,36.59000015258789,37.34000015258789,36.45000076293945,37.16999816894531,30.295602798461914,794300
2020-10-23,37.38999938964844,37.58000183105469,36.779998779296875,37.279998779296875,30.385257720947266,941000
2020-10-26,36.75,37.689998626708984,36.0,36.43000030517578,29.692466735839844,1456300
2020-10-27,36.58000183105469,37.849998474121094,36.5,37.31999969482422,30.417863845825195,1167200
2020-10-28,36.36000061035156,36.36000061035156,35.43000030517578,35.75,29.138229370117188,814800
2020-10-29,35.84000015258789,37.31999969482422,35.84000015258789,37.08000183105469,30.222251892089844,809500
2020-10-30,37.0,37.380001068115234,35.7400016784668,37.0099983215332,30.165191650390625,1045600
2020-11-02,37.5,38.83000183105469,37.310001373291016,37.90999984741211,30.898752212524414,1250300
2020-11-03,38.65999984741211,38.7400016784668,37.27000045776367,38.0,30.97209930419922,854800
2020-11-04,37.5,37.75,36.029998779296875,37.20000076293945,30.32005500793457,1654900
2020-11-05,38.150001525878906,41.040000915527344,38.130001068115234,40.97999954223633,33.400970458984375,1845700
2020-11-06,41.0,41.83000183105469,40.45000076293945,41.189998626708984,33.572120666503906,1542500
2020-11-09,43.27000045776367,43.29999923706055,41.4900016784668,41.83000183105469,34.09376525878906,1295700
2020-11-10,41.099998474121094,42.650001525878906,40.47999954223633,42.18000030517578,34.3790283203125,845000
2020-11-11,42.130001068115234,42.220001220703125,41.7599983215332,42.06999969482422,34.28938293457031,1042200
2020-11-12,41.54999923706055,42.38999938964844,41.43000030517578,42.150001525878906,34.35458755493164,1335500
2020-11-13,42.38999938964844,43.630001068115234,41.77000045776367,43.619998931884766,35.552711486816406,854300
2020-11-16,44.099998474121094,45.689998626708984,43.91999816894531,45.59000015258789,37.15837097167969,1393900
2020-11-17,44.4900016784668,45.5,44.27000045776367,45.38999938964844,36.995357513427734,1319600
2020-11-18,45.70000076293945,46.38999938964844,45.279998779296875,45.34000015258789,36.95460891723633,1565100
2020-11-19,44.349998474121094,46.380001068115234,43.61000061035156,44.650001525878906,36.3922233581543,1646200
2020-11-20,44.7599983215332,45.41999816894531,44.5,45.099998474121094,36.758995056152344,995800
2020-11-23,45.5099983215332,47.5099983215332,45.40999984741211,47.310001373291016,38.56027603149414,2091600
2020-11-24,47.900001525878906,48.400001525878906,47.15999984741211,48.099998474121094,39.20415496826172,1213200
2020-11-25,47.41999816894531,48.59000015258789,47.209999084472656,48.34000015258789,39.39977264404297,1099900
2020-11-27,47.79999923706055,48.630001068115234,47.56999969482422,48.150001525878906,39.24491500854492,806700
2020-11-30,48.09000015258789,48.25,46.869998931884766,47.06999969482422,38.364646911621094,1248500
2020-12-01,48.0,48.25,46.459999084472656,46.779998779296875,38.12828063964844,699000
2020-12-02,46.79999923706055,46.95000076293945,45.849998474121094,45.90999984741211,37.419185638427734,1005300
2020-12-03,45.93000030517578,46.189998626708984,44.79999923706055,45.09000015258789,36.75084686279297,962400
2020-12-04,45.95000076293945,47.779998779296875,45.84000015258789,47.310001373291016,38.56027603149414,1109900
2020-12-07,47.310001373291016,47.380001068115234,46.459999084472656,47.150001525878906,38.42985534667969,720400
2020-12-08,47.04999923706055,48.220001220703125,46.79999923706055,47.81999969482422,38.975955963134766,785500
2020-12-09,48.29999923706055,48.66999816894531,46.060001373291016,46.970001220703125,38.283145904541016,1049900
2020-12-10,46.59000015258789,47.75,46.40999984741211,47.099998474121094,38.38910675048828,689600
2020-12-11,47.0,47.369998931884766,45.63999938964844,46.20000076293945,37.655555725097656,679400
2020-12-14,47.209999084472656,47.630001068115234,45.529998779296875,45.709999084472656,37.25617980957031,543200
2020-12-15,46.0,47.20000076293945,45.11000061035156,46.75,38.103843688964844,1007000
2020-12-16,47.119998931884766,47.130001068115234,46.06999969482422,46.79999923706055,38.14459228515625,1013000
2020-12-17,47.380001068115234,48.060001373291016,46.540000915527344,47.599998474121094,38.79663848876953,1132000
2020-12-18,47.66999816894531,47.7599983215332,46.849998474121094,47.25,38.5113639831543,676200
2020-12-21,46.16999816894531,47.709999084472656,45.529998779296875,47.68000030517578,38.861839294433594,914600
2020-12-22,48.560001373291016,50.279998779296875,48.29999923706055,49.7400016784668,40.54085159301758,1654500
2020-12-23,50.16999816894531,50.88999938964844,49.130001068115234,49.5099983215332,40.35338592529297,1096700
2020-12-24,47.060001373291016,48.720001220703125,46.630001068115234,47.880001068115234,39.02484893798828,859800
2020-12-28,48.599998474121094,49.75,48.56999969482422,49.20000076293945,40.10072326660156,1032700
2020-12-29,49.68000030517578,49.880001068115234,47.43000030517578,48.27000045776367,39.34272003173828,956800
2020-12-30,48.689998626708984,49.84000015258789,48.689998626708984,49.209999084472656,40.10886764526367,1196900
2020-12-31,49.81999969482422,50.0,48.70000076293945,49.09000015258789,40.01106262207031,510100
2021-01-04,50.439998626708984,52.75,49.84000015258789,51.099998474121094,41.64932632446289,1715400
2021-01-05,51.13999938964844,55.34000015258789,51.13999938964844,55.0099983215332,44.83618927001953,2441200
2021-01-06,56.529998779296875,59.779998779296875,56.09000015258789,57.38999938964844,46.776023864746094,3378100
2021-01-07,60.08000183105469,60.5,57.56999969482422,59.45000076293945,48.455039978027344,1931000
2021-01-08,59.220001220703125,59.5,56.56999969482422,57.099998474121094,46.53965759277344,1892900
2021-01-11,55.349998474121094,58.09000015258789,54.52000045776367,57.33000183105469,46.72711944580078,1677000
2021-01-12,57.75,60.150001525878906,56.689998626708984,60.060001373291016,48.95222854614258,1592200
2021-01-13,59.90999984741211,59.939998626708984,58.150001525878906,58.880001068115234,47.99046325683594,1406000
2021-01-14,58.5,58.59000015258789,57.290000915527344,57.86000061035156,47.15910720825195,1087300
2021-01-15,56.88999938964844,57.63999938964844,55.779998779296875,56.5,46.050621032714844,1012600
2021-01-19,56.849998474121094,58.400001525878906,56.540000915527344,58.099998474121094,47.35471725463867,1315100
2021-01-20,58.83000183105469,60.7400016784668,57.75,57.97999954223633,47.25690841674805,1620500
2021-01-21,58.11000061035156,58.34000015258789,56.709999084472656,57.18000030517578,46.60486602783203,980000
2021-01-22,56.20000076293945,57.130001068115234,55.61000061035156,56.7599983215332,46.26253890991211,906500
2021-01-25,56.7599983215332,57.0,53.790000915527344,56.130001068115234,45.74905776977539,1319900
2021-01-26,56.31999969482422,56.52000045776367,54.2400016784668,54.77000045776367,44.64057922363281,1152300
2021-01-27,53.5099983215332,53.900001525878906,51.349998474121094,53.029998779296875,43.22238540649414,1597000
2021-01-28,52.810001373291016,54.29999923706055,52.5,53.540000915527344,43.638065338134766,1243200
2021-01-29,53.220001220703125,53.97999954223633,50.540000915527344,50.939998626708984,41.5189208984375,1351300
2021-02-01,51.93000030517578,52.790000915527344,50.720001220703125,52.029998779296875,42.40732955932617,981700
2021-02-02,51.720001220703125,54.0099983215332,51.5,53.2400016784668,43.3935432434082,1157000
2021-02-03,53.38999938964844,54.09000015258789,52.040000915527344,52.369998931884766,42.6844482421875,769100
2021-02-04,52.220001220703125,52.279998779296875,49.599998474121094,50.86000061035156,41.45371627807617,1938500
2021-02-05,52.040000915527344,52.54999923706055,51.349998474121094,52.459999084472656,42.7578010559082,957200
2021-02-08,53.380001068115234,56.029998779296875,52.83000183105469,55.040000915527344,44.86064910888672,1660600
2021-02-09,55.040000915527344,55.290000915527344,53.150001525878906,53.56999969482422,43.66250991821289,1315100
2021-02-10,54.38999938964844,54.599998474121094,52.95000076293945,53.5099983215332,43.613609313964844,815600
2021-02-11,54.02000045776367,54.400001525878906,52.900001525878906,54.279998779296875,44.24120330810547,751300
2021-02-12,55.43000030517578,57.38999938964844,54.70000076293945,56.66999816894531,46.189186096191406,1577900
2021-02-16,58.70000076293945,60.470001220703125,57.349998474121094,57.459999084472656,46.833072662353516,1824000
2021-02-17,56.61000061035156,56.709999084472656,54.2400016784668,55.630001068115234,45.34152603149414,1288400
2021-02-18,54.36000061035156,54.66999816894531,52.54999923706055,53.0099983215332,43.206085205078125,1226300
2021-02-19,54.0,56.61000061035156,53.790000915527344,56.22999954223633,45.83055877685547,1382300
2021-02-22,55.349998474121094,58.630001068115234,55.25,58.0099983215332,47.28135681152344,1925600
2021-02-23,56.81999969482422,57.08000183105469,54.0099983215332,56.7400016784668,46.24623489379883,3231500
2021-02-24,56.869998931884766,58.34000015258789,56.66999816894531,57.959999084472656,47.240604400634766,1133100
2021-02-25,56.91999816894531,57.58000183105469,54.58000183105469,54.83000183105469,44.689483642578125,1378800
2021-02-26,54.540000915527344,54.599998474121094,52.880001068115234,53.599998474121094,43.68696212768555,1207500
2021-03-01,54.90999984741211,56.459999084472656,54.72999954223633,54.83000183105469,44.689483642578125,858300
2021-03-02,55.36000061035156,56.880001068115234,55.20000076293945,56.06999969482422,45.70015335083008,857600
2021-03-03,55.84000015258789,56.02000045776367,54.34000015258789,54.459999084472656,44.38790512084961,957300
2021-03-04,53.75,54.040000915527344,50.25,50.459999084472656,41.127685546875,2969000
2021-03-05,51.810001373291016,52.540000915527344,45.20000076293945,51.040000915527344,41.600425720214844,2123800
2021-03-08,50.599998474121094,51.0099983215332,49.77000045776367,49.790000915527344,40.581600189208984,935900
2021-03-09,50.720001220703125,52.939998626708984,50.5,52.380001068115234,42.692596435546875,910800
2021-03-10,54.41999816894531,55.20000076293945,53.220001220703125,54.900001525878906,44.74653625488281,1201800
2021-03-11,55.849998474121094,58.09000015258789,55.849998474121094,57.709999084472656,47.03683853149414,1906400
2021-03-12,57.060001373291016,57.36000061035156,55.5,57.0,46.458152770996094,793100
2021-03-15,57.290000915527344,57.79999923706055,56.720001220703125,57.11000061035156,46.547813415527344,736100
2021-03-16,57.5,58.279998779296875,54.619998931884766,55.380001068115234,45.13776779174805,876600
2021-03-17,54.470001220703125,56.279998779296875,54.209999084472656,55.97999954223633,45.626800537109375,497400
2021-03-18,55.630001068115234,56.400001525878906,53.33000183105469,53.790000915527344,43.841835021972656,807600
2021-03-19,54.0,55.09000015258789,53.08000183105469,54.540000915527344,44.4531135559082,1020400
2021-03-22,55.060001373291016,55.20000076293945,53.400001525878906,54.08000183105469,44.07819747924805,688300
2021-03-23,53.91999816894531,53.91999816894531,51.63999938964844,52.08000183105469,42.44808578491211,739100
2021-03-24,52.54999923706055,53.130001068115234,51.810001373291016,51.959999084472656,42.35027313232422,678500
2021-03-25,50.9900016784668,53.20000076293945,50.619998931884766,52.59000015258789,42.86375427246094,1229200
2021-03-26,53.369998931884766,54.18000030517578,51.36000061035156,52.459999084472656,42.7578010559082,480600
2021-03-29,52.25,52.59000015258789,51.029998779296875,51.130001068115234,41.67377853393555,768200
2021-03-30,51.18000030517578,53.529998779296875,50.880001068115234,53.380001068115234,43.507652282714844,1320700
2021-03-31,54.16999816894531,54.16999816894531,52.7599983215332,53.06999969482422,43.254981994628906,1113400
2021-04-01,53.900001525878906,54.66999816894531,53.59000015258789,54.279998779296875,44.24120330810547,883900
2021-04-05,55.25,55.36000061035156,53.61000061035156,53.81999969482422,43.86628341674805,478300
2021-04-06,54.06999969482422,54.459999084472656,53.5099983215332,53.84000015258789,43.88258361816406,826300
2021-04-07,54.0,54.0,52.279998779296875,52.75,42.99417495727539,1081800
2021-04-08,52.77000045776367,53.54999923706055,52.619998931884766,53.5,43.6054573059082,746200
2021-04-09,53.27000045776367,53.560001373291016,53.060001373291016,53.540000915527344,43.638065338134766,553300
2021-04-12,53.54999923706055,53.54999923706055,52.15999984741211,52.5099983215332,42.798553466796875,1115800
2021-04-13,52.310001373291016,52.400001525878906,51.33000183105469,51.83000183105469,42.244319915771484,1752100
2021-04-14,51.65999984741211,53.689998626708984,51.470001220703125,53.68000030517578,43.752166748046875,1986200
2021-04-15,54.0099983215332,54.22999954223633,53.369998931884766,54.099998474121094,44.09449005126953,962600
2021-04-16,54.560001373291016,55.29999923706055,53.86000061035156,55.099998474121094,44.909549713134766,1577500
2021-04-19,55.5,56.560001373291016,54.869998931884766,55.65999984741211,45.36598205566406,1145100
2021-04-20,55.380001068115234,55.97999954223633,53.15999984741211,53.91999816894531,43.94778823852539,1594300
2021-04-21,53.40999984741211,53.61000061035156,52.40999984741211,53.310001373291016,43.45060348510742,935700
2021-04-22,53.61000061035156,53.869998931884766,52.29999923706055,52.779998779296875,43.01861572265625,1321200
2021-04-23,53.0,53.7599983215332,52.59000015258789,53.52000045776367,43.62176513671875,885900
2021-04-26,53.900001525878906,55.869998931884766,53.810001373291016,55.689998626708984,45.39043045043945,1343600
2021-04-27,55.88999938964844,55.970001220703125,54.63999938964844,54.65999984741211,44.550926208496094,886200
2021-04-28,54.540000915527344,55.279998779296875,53.66999816894531,54.150001525878906,44.135250091552734,1285300
2021-04-29,54.65999984741211,54.810001373291016,52.45000076293945,52.79999923706055,43.04844284057617,886800
2021-04-30,52.5,53.13999938964844,51.849998474121094,52.7400016784668,42.99951934814453,744100
2021-05-03,53.33000183105469,53.36000061035156,52.099998474121094,52.56999969482422,42.86091613769531,579000
2021-05-04,52.40999984741211,52.779998779296875,51.290000915527344,52.68000030517578,42.95059585571289,823600
2021-05-05,53.16999816894531,54.709999084472656,53.16999816894531,54.56999969482422,44.49153518676758,1084900
2021-05-06,53.7400016784668,53.86000061035156,51.65999984741211,53.13999938964844,43.32564163208008,1459400
2021-05-07,53.2599983215332,55.119998931884766,52.54999923706055,55.02000045776367,44.858428955078125,1193600
2021-05-10,55.56999969482422,57.0,55.15999984741211,55.36000061035156,45.13563537597656,1641600
2021-05-11,52.4900016784668,53.869998931884766,52.29999923706055,53.29999923706055,43.456092834472656,1312000
2021-05-12,53.040000915527344,53.349998474121094,51.470001220703125,51.47999954223633,41.972232818603516,860600
2021-05-13,51.68000030517578,52.7400016784668,50.91999816894531,51.06999969482422,41.63794708251953,961900
2021-05-14,51.150001525878906,52.459999084472656,50.93000030517578,52.310001373291016,42.6489372253418,1508400
2021-05-17,50.439998626708984,50.439998626708984,46.41999816894531,46.959999084472656,38.28702163696289,4114100
2021-05-18,46.79999923706055,47.52000045776367,45.540000915527344,46.20000076293945,37.667381286621094,2284000
2021-05-19,44.68000030517578,45.09000015258789,41.849998474121094,42.43000030517578,34.593666076660156,3413700
2021-05-20,43.439998626708984,44.400001525878906,40.529998779296875,41.45000076293945,33.79465103149414,3848600
2021-05-21,42.20000076293945,43.029998779296875,41.709999084472656,42.09000015258789,34.31644821166992,2414900
2021-05-24,43.13999938964844,43.189998626708984,41.5099983215332,42.25,34.446903228759766,1178500
2021-05-25,42.4900016784668,43.099998474121094,41.380001068115234,41.61000061035156,33.92509841918945,1507300
2021-05-26,41.5,42.0,40.58000183105469,41.81999969482422,34.09632110595703,1347500
2021-05-27,42.310001373291016,43.849998474121094,42.29999923706055,42.650001525878906,34.773033142089844,1626800
2021-05-28,43.2400016784668,43.939998626708984,42.5099983215332,43.369998931884766,35.36004638671875,1716400
2021-06-01,44.70000076293945,45.59000015258789,44.16999816894531,44.5099983215332,36.28950500488281,1096200
2021-06-02,44.59000015258789,46.5,44.25,46.09000015258789,37.577701568603516,1889700
2021-06-03,45.4900016784668,46.0,44.59000015258789,45.06999969482422,36.93681335449219,1449000
2021-06-04,45.25,45.75,44.529998779296875,45.7400016784668,37.48591232299805,762800
2021-06-07,45.79999923706055,46.5,45.400001525878906,45.650001525878906,37.41215133666992,874300
2021-06-08,45.66999816894531,47.18000030517578,44.91999816894531,46.790000915527344,38.34642791748047,929600
2021-06-09,46.869998931884766,47.75,46.2599983215332,47.56999969482422,38.98566818237305,1054500
2021-06-10,47.630001068115234,48.08000183105469,46.970001220703125,47.25,38.72342300415039,1539500
2021-06-11,47.72999954223633,48.099998474121094,47.31999969482422,47.869998931884766,39.23153305053711,645500
2021-06-14,48.13999938964844,48.349998474121094,47.08000183105469,47.189998626708984,38.67424011230469,577600
2021-06-15,47.20000076293945,47.2599983215332,45.38999938964844,46.79999923706055,38.35462188720703,1415300
2021-06-16,46.779998779296875,47.02000045776367,45.599998474121094,45.84000015258789,37.5678596496582,1071000
2021-06-17,45.75,45.9900016784668,43.75,44.209999084472656,36.23200607299805,1779800
2021-06-18,43.779998779296875,44.029998779296875,42.41999816894531,42.47999954223633,34.8141975402832,2721900
2021-06-21,42.869998931884766,44.16999816894531,42.68000030517578,43.56999969482422,35.707496643066406,1137000
2021-06-22,43.650001525878906,45.75,43.22999954223633,44.97999954223633,36.86306381225586,1331800
2021-06-23,45.27000045776367,47.33000183105469,45.2400016784668,46.119998931884766,37.79732894897461,1036200
2021-06-24,46.93000030517578,46.97999954223633,46.22999954223633,46.65999984741211,38.239891052246094,821600
2021-06-25,47.540000915527344,47.959999084472656,46.970001220703125,47.189998626708984,38.67424011230469,898200
2021-06-28,47.20000076293945,47.33000183105469,46.279998779296875,47.09000015258789,38.59229278564453,710200
2021-06-29,47.560001373291016,47.849998474121094,46.59000015258789,47.36000061035156,38.813568115234375,931700
2021-06-30,47.31999969482422,47.619998931884766,46.90999984741211,47.33000183105469,38.788978576660156,661000
2021-07-01,47.810001373291016,47.88999938964844,47.290000915527344,47.400001525878906,38.846351623535156,553800
2021-07-02,47.70000076293945,48.650001525878906,47.22999954223633,48.22999954223633,39.52656936645508,665800
2021-07-06,48.29999923706055,48.9900016784668,45.59000015258789,45.79999923706055,37.53507995605469,1353100
2021-07-07,45.529998779296875,46.31999969482422,44.70000076293945,45.439998626708984,37.24003982543945,929000
2021-07-08,43.88999938964844,45.93000030517578,43.65999984741211,45.709999084472656,37.46131896972656,963500
2021-07-09,46.599998474121094,48.029998779296875,46.29999923706055,47.90999984741211,39.26430892944336,966100
2021-07-12,47.91999816894531,50.900001525878906,47.81999969482422,50.529998779296875,41.411521911621094,2276800
2021-07-13,50.380001068115234,50.77000045776367,49.529998779296875,50.099998474121094,41.059112548828125,1180200
2021-07-14,50.470001220703125,51.099998474121094,48.91999816894531,49.0099983215332,40.16581344604492,584100
2021-07-15,48.810001373291016,49.90999984741211,48.61000061035156,49.41999816894531,40.50182342529297,1038900
2021-07-16,49.77000045776367,49.88999938964844,46.88999938964844,47.470001220703125,38.903717041015625,1105500
2021-07-19,46.400001525878906,47.400001525878906,45.77000045776367,47.2599983215332,38.73161315917969,1059800
2021-07-20,47.790000915527344,48.11000061035156,46.08000183105469,47.75,39.1331901550293,1010600
2021-07-21,48.40999984741211,50.29999923706055,48.220001220703125,49.0,40.15761947631836,924000
2021-07-22,49.529998779296875,50.25,48.58000183105469,50.04999923706055,41.01813507080078,1269900
2021-07-23,48.08000183105469,49.5099983215332,47.189998626708984,47.36000061035156,38.813568115234375,1729500
2021-07-26,47.20000076293945,48.13999938964844,47.0099983215332,47.790000915527344,39.165977478027344,689700
2021-07-27,47.150001525878906,47.599998474121094,45.79999923706055,46.59000015258789,38.182518005371094,698800
2021-07-28,46.31999969482422,47.779998779296875,46.31999969482422,47.529998779296875,38.9528923034668,616500
2021-07-29,48.2599983215332,49.189998626708984,47.70000076293945,48.97999954223633,40.14122772216797,990400
2021-07-30,48.97999954223633,50.18000030517578,47.47999954223633,47.5,38.92830276489258,1200100
2021-08-02,47.9900016784668,48.720001220703125,47.290000915527344,47.40999984741211,38.85454559326172,746000
2021-08-03,47.13999938964844,48.33000183105469,45.90999984741211,48.31999969482422,39.60032272338867,1005400
2021-08-04,48.91999816894531,49.459999084472656,47.90999984741211,48.279998779296875,39.56754684448242,1011600
2021-08-05,48.63999938964844,50.099998474121094,48.58000183105469,49.400001525878906,40.48543930053711,1690300
2021-08-06,49.97999954223633,50.849998474121094,49.56999969482422,50.150001525878906,41.100093841552734,1245200
2021-08-09,50.0,51.33000183105469,49.689998626708984,51.02000045776367,41.8130989074707,904700
2021-08-10,51.79999923706055,54.2400016784668,51.18000030517578,53.849998474121094,44.13240051269531,2941200
2021-08-11,55.099998474121094,55.29999923706055,52.189998626708984,53.029998779296875,43.46037292480469,1923900
2021-08-12,53.11000061035156,53.59000015258789,51.060001373291016,53.2599983215332,43.64887237548828,1043900
2021-08-13,53.290000915527344,55.15999984741211,53.290000915527344,54.279998779296875,44.48480224609375,1616100
2021-08-16,53.0,53.38999938964844,50.939998626708984,51.310001373291016,42.05076599121094,1468800
2021-08-17,50.18000030517578,50.25,48.13999938964844,48.970001220703125,40.13303756713867,2129700
2021-08-18,49.56999969482422,50.310001373291016,48.349998474121094,48.5099983215332,39.756038665771484,1459200
2021-08-19,47.0,49.81999969482422,46.59000015258789,47.93000030517578,39.28071594238281,2014500
2021-08-20,48.31999969482422,50.08000183105469,48.189998626708984,49.65999984741211,40.698516845703125,1787100
2021-08-23,50.79999923706055,51.70000076293945,50.380001068115234,50.970001220703125,41.77212142944336,1699600
2021-08-24,51.2400016784668,51.52000045776367,50.13999938964844,50.540000915527344,41.41971206665039,1690600
2021-08-25,50.880001068115234,52.41999816894531,50.04999923706055,52.209999084472656,42.78834915161133,1848900
2021-08-26,52.349998474121094,52.459999084472656,50.900001525878906,51.189998626708984,41.95241928100586,1265800
2021-08-27,51.20000076293945,51.77000045776367,50.349998474121094,51.58000183105469,42.272037506103516,1122800
2021-08-30,52.150001525878906,52.97999954223633,52.0099983215332,52.040000915527344,42.64902877807617,1013800
2021-08-31,52.27000045776367,52.7400016784668,51.349998474121094,52.150001525878906,42.73918151855469,1069400
2021-09-01,52.220001220703125,52.540000915527344,51.130001068115234,52.45000076293945,42.98504638671875,706500
2021-09-02,52.45000076293945,54.68000030517578,52.439998626708984,54.130001068115234,44.629051208496094,1817700
2021-09-03,54.459999084472656,54.59000015258789,52.79999923706055,53.81999969482422,44.37346267700195,1139100
2021-09-07,53.7400016784668,53.88999938964844,52.59000015258789,52.810001373291016,43.540740966796875,813500
2021-09-08,53.099998474121094,53.33000183105469,51.439998626708984,52.27000045776367,43.09552001953125,1282300
2021-09-09,52.29999923706055,54.540000915527344,51.939998626708984,54.040000915527344,44.55485534667969,1780900
2021-09-10,55.0,57.34000015258789,54.58000183105469,55.779998779296875,45.989444732666016,1792600
2021-09-13,56.81999969482422,56.849998474121094,53.709999084472656,54.29999923706055,44.76921081542969,2073200
2021-09-14,54.90999984741211,56.33000183105469,54.25,55.400001525878906,45.6761474609375,1232000
2021-09-15,56.029998779296875,57.43000030517578,55.970001220703125,57.279998779296875,47.22616195678711,1060400
2021-09-16,56.279998779296875,56.630001068115234,55.06999969482422,56.2599983215332,46.385196685791016,1465400
2021-09-17,56.18000030517578,56.220001220703125,54.16999816894531,55.36000061035156,45.643165588378906,838000
2021-09-20,53.33000183105469,54.72999954223633,52.709999084472656,53.880001068115234,44.422935485839844,1929000
2021-09-21,54.08000183105469,54.630001068115234,53.130001068115234,54.029998779296875,44.546607971191406,1130500
2021-09-22,55.4900016784668,55.66999816894531,54.47999954223633,54.560001373291016,44.98358154296875,717600
2021-09-23,55.18000030517578,56.33000183105469,55.099998474121094,55.869998931884766,46.06364822387695,724000
2021-09-24,55.15999984741211,55.75,54.70000076293945,55.31999969482422,45.61018753051758,548400
2021-09-27,55.13999938964844,55.279998779296875,53.41999816894531,53.630001068115234,44.21681594848633,943500
2021-09-28,53.33000183105469,53.56999969482422,52.650001525878906,52.88999938964844,43.6067008972168,752300
2021-09-29,54.029998779296875,54.56999969482422,53.369998931884766,53.75,44.31575393676758,1219400
2021-09-30,54.220001220703125,55.63999938964844,53.720001220703125,53.720001220703125,44.29102325439453,1182700
2021-10-01,54.380001068115234,54.900001525878906,53.810001373291016,54.02000045776367,44.538360595703125,689900
2021-10-04,54.09000015258789,54.20000076293945,51.939998626708984,52.79999923706055,43.532493591308594,670300
2021-10-05,53.150001525878906,54.72999954223633,52.630001068115234,54.0099983215332,44.53010940551758,939300
2021-10-06,53.0,53.150001525878906,50.70000076293945,51.77000045776367,42.68328094482422,1251700
2021-10-07,52.04999923706055,52.68000030517578,51.599998474121094,51.619998931884766,42.559608459472656,1034700
2021-10-08,51.5,52.040000915527344,51.0099983215332,51.58000183105469,42.52663040161133,779200
2021-10-11,51.95000076293945,54.16999816894531,51.5,52.869998931884766,43.590206146240234,865300
2021-10-12,53.040000915527344,54.689998626708984,52.63999938964844,53.540000915527344,44.142608642578125,1197900
2021-10-13,53.88999938964844,54.5,52.959999084472656,53.310001373291016,43.95298385620117,737000
2021-10-14,54.09000015258789,54.349998474121094,53.400001525878906,54.25,44.72799301147461,782600
2021-10-15,54.36000061035156,54.83000183105469,53.20000076293945,54.22999954223633,44.71150588989258,1611300
2021-10-18,54.08000183105469,55.5,53.90999984741211,55.220001220703125,45.527732849121094,1243100
2021-10-19,55.779998779296875,55.869998931884766,54.61000061035156,54.689998626708984,45.090755462646484,1252200
2021-10-20,54.70000076293945,55.2599983215332,54.0,54.779998779296875,45.16496276855469,709900
2021-10-21,54.33000183105469,54.810001373291016,52.880001068115234,53.41999816894531,44.043670654296875,1417100
2021-10-22,53.540000915527344,54.54999923706055,51.959999084472656,52.40999984741211,43.21095275878906,1483000
2021-10-25,52.7400016784668,53.7400016784668,52.54999923706055,52.63999938964844,43.400577545166016,1017300
2021-10-26,54.79999923706055,56.29999923706055,53.5099983215332,56.18000030517578,46.319236755371094,2138900
2021-10-27,56.20000076293945,56.349998474121094,53.689998626708984,53.779998779296875,44.34048843383789,1208100
2021-10-28,53.900001525878906,54.150001525878906,52.849998474121094,53.95000076293945,44.48064422607422,1238900
2021-10-29,53.400001525878906,55.349998474121094,53.220001220703125,54.88999938964844,45.25566101074219,2775000
2021-11-01,55.5,56.88999938964844,55.349998474121094,56.880001068115234,46.89636993408203,1466800
2021-11-02,56.79999923706055,61.290000915527344,56.4900016784668,61.2400016784668,50.491092681884766,4130500
2021-11-03,61.0,61.54999923706055,60.08000183105469,61.2599983215332,50.50758743286133,2925900
2021-11-04,63.25,66.33999633789062,62.95000076293945,66.22000122070312,54.59701156616211,4266300
2021-11-05,65.68000030517578,65.83000183105469,63.869998931884766,64.66000366210938,53.31081771850586,1659600
2021-11-08,65.37999725341797,66.87000274658203,65.30000305175781,66.3499984741211,54.70418930053711,1323400
2021-11-09,66.37000274658203,66.87000274658203,64.23999786376953,65.7699966430664,54.22598648071289,1192700
2021-11-10,65.19999694824219,66.45999908447266,64.0,64.30999755859375,53.022247314453125,989800
2021-11-11,65.18000030517578,66.69000244140625,64.80000305175781,66.05999755859375,54.465091705322266,634300
2021-11-12,65.9000015258789,67.4800033569336,65.43000030517578,66.01000213623047,54.42387008666992,892800
2021-11-15,66.16999816894531,66.44999694824219,64.55000305175781,65.45999908447266,53.97039794921875,1106500
2021-11-16,65.0,65.0,63.099998474121094,63.91999816894531,52.70070266723633,1078500
2021-11-17,64.75,65.54000091552734,63.439998626708984,64.11000061035156,52.857357025146484,1451000
2021-11-18,64.0999984741211,65.87999725341797,62.02000045776367,63.02000045776367,51.95867156982422,2172000
2021-11-19,63.18000030517578,64.36000061035156,62.25,62.66999816894531,51.67010498046875,1470400
2021-11-22,70.0,71.5,67.0999984741211,67.12000274658203,55.33904266357422,2998800
2021-11-23,67.19999694824219,68.38999938964844,65.83000183105469,66.58999633789062,54.90205383300781,1486000
2021-11-24,65.81999969482422,65.9800033569336,64.5999984741211,65.68000030517578,54.15178298950195,1218300
2021-11-26,62.09000015258789,64.47000122070312,61.81999969482422,64.47000122070312,53.15416717529297,817300
2021-11-29,64.43000030517578,65.3499984741211,63.45000076293945,64.04000091552734,52.799644470214844,1429000
2021-11-30,63.59000015258789,63.7400016784668,61.400001525878906,62.2599983215332,51.33206558227539,1473700
2021-12-01,63.689998626708984,64.87999725341797,60.650001525878906,60.77000045776367,50.10359573364258,1167400
2021-12-02,61.0099983215332,61.93000030517578,59.65999984741211,60.25,49.674869537353516,1046500
2021-12-03,60.38999938964844,60.65999984741211,56.93000030517578,57.56999969482422,47.46525955200195,2065800
2021-12-06,57.400001525878906,57.560001373291016,55.65999984741211,56.380001068115234,46.484130859375,1242400
2021-12-07,57.41999816894531,58.93000030517578,57.40999984741211,58.2599983215332,48.034149169921875,1148800
2021-12-08,58.0099983215332,59.4900016784668,57.869998931884766,58.790000915527344,48.47112274169922,716500
2021-12-09,58.34000015258789,59.150001525878906,57.06999969482422,57.36000061035156,47.292118072509766,939200
2021-12-10,57.880001068115234,58.59000015258789,57.290000915527344,57.5099983215332,47.41578674316406,956400
2021-12-13,57.290000915527344,57.619998931884766,55.61000061035156,55.72999954223633,45.948219299316406,886000
2021-12-14,54.68000030517578,55.0099983215332,53.709999084472656,54.150001525878906,44.64554214477539,2028500
2021-12-15,52.880001068115234,55.540000915527344,52.02000045776367,55.2599983215332,45.56071472167969,1914800
2021-12-16,55.9900016784668,58.0,55.689998626708984,56.400001525878906,46.50061798095703,1964800
2021-12-17,56.09000015258789,56.75,54.70000076293945,55.90999984741211,46.096622467041016,1489700
2021-12-20,51.470001220703125,51.84000015258789,46.130001068115234,47.380001068115234,39.063819885253906,8174500
2021-12-21,48.81999969482422,49.79999923706055,47.0,49.150001525878906,40.523155212402344,2728100
2021-12-22,49.150001525878906,50.040000915527344,48.79999923706055,49.40999984741211,40.73750686645508,988900
2021-12-23,49.79999923706055,50.84000015258789,48.5099983215332,50.130001068115234,41.331138610839844,1164600
2021-12-27,53.0,53.0,50.2400016784668,51.310001373291016,42.30402374267578,1241400
2021-12-28,51.369998931884766,52.25,51.02000045776367,51.279998779296875,42.27928161621094,1906800
2021-12-29,51.02000045776367,51.56999969482422,50.61000061035156,51.22999954223633,42.238067626953125,516400
2021-12-30,50.7599983215332,52.43000030517578,50.7599983215332,51.79999923706055,42.70801544189453,827600
2021-12-31,50.59000015258789,51.220001220703125,50.04999923706055,50.43000030517578,42.73344039916992,546400
2022-01-03,51.16999816894531,51.61000061035156,50.5,50.72999954223633,42.987648010253906,620700
2022-01-04,50.689998626708984,51.599998474121094,48.150001525878906,49.099998474121094,41.60642623901367,1896400
2022-01-05,49.75,49.790000915527344,47.27000045776367,47.65999984741211,40.38618850708008,1183700
2022-01-06,47.900001525878906,49.47999954223633,46.70000076293945,49.060001373291016,41.5725212097168,1799000
2022-01-07,49.77000045776367,50.849998474121094,49.2400016784668,49.959999084472656,42.33517074584961,1391200
2022-01-10,49.459999084472656,49.810001373291016,47.81999969482422,48.36000061035156,40.9793586730957,1503400
2022-01-11,49.189998626708984,52.15999984741211,49.150001525878906,51.869998931884766,43.95366668701172,1865900
2022-01-12,53.5,55.97999954223633,53.5,55.630001068115234,47.13982391357422,2753600
2022-01-13,56.36000061035156,57.13999938964844,55.380001068115234,55.54999923706055,47.07202911376953,1734200
2022-01-14,54.70000076293945,56.720001220703125,54.31999969482422,56.54999923706055,47.91940689086914,1070800
2022-01-18,55.630001068115234,57.9900016784668,54.900001525878906,56.43000030517578,47.817726135253906,1223800
2022-01-19,57.310001373291016,58.95000076293945,57.06999969482422,57.470001220703125,48.69900894165039,1443400
2022-01-20,57.709999084472656,58.38999938964844,55.689998626708984,55.970001220703125,47.42793655395508,1204400
2022-01-21,56.0,56.880001068115234,54.130001068115234,54.61000061035156,46.275489807128906,1955200
2022-01-24,53.43000030517578,53.959999084472656,50.650001525878906,53.290000915527344,45.15694808959961,2654500
2022-01-25,53.15999984741211,54.150001525878906,51.91999816894531,53.4900016784668,45.3264274597168,1390700
2022-01-26,54.93000030517578,55.2400016784668,51.75,52.09000015258789,44.14009094238281,1196200
2022-01-27,53.27000045776367,53.95000076293945,51.209999084472656,51.58000183105469,43.707923889160156,1086500
2022-01-28,51.31999969482422,51.52000045776367,49.79999923706055,51.189998626708984,43.3774528503418,1068400
2022-01-31,51.5,54.220001220703125,50.97999954223633,54.150001525878906,45.88569641113281,1225700
2022-02-01,55.25,56.88999938964844,55.0,56.709999084472656,48.054988861083984,1246300
2022-02-02,56.709999084472656,56.709999084472656,54.63999938964844,54.709999084472656,46.360225677490234,929500
2022-02-03,53.52000045776367,53.88999938964844,52.33000183105469,52.72999954223633,44.68241500854492,677300
2022-02-04,52.540000915527344,54.279998779296875,52.45000076293945,53.27000045776367,45.1400032043457,770800
2022-02-07,53.400001525878906,56.119998931884766,53.400001525878906,55.599998474121094,47.1143913269043,996800
2022-02-08,55.880001068115234,56.72999954223633,55.439998626708984,56.630001068115234,47.987205505371094,1182400
2022-02-09,58.099998474121094,59.16999816894531,57.790000915527344,58.81999969482422,49.842960357666016,1726300
2022-02-10,58.400001525878906,63.0,57.75,62.63999938964844,53.07996368408203,3064800
2022-02-11,62.630001068115234,65.66999816894531,62.560001373291016,64.44999694824219,54.61371994018555,2111100
2022-02-14,63.66999816894531,64.81999969482422,62.31999969482422,64.33999633789062,54.5205078125,1413700
2022-02-15,65.8499984741211,67.5,64.55999755859375,65.5999984741211,55.58820724487305,1977000
2022-02-16,66.44000244140625,66.44000244140625,64.58999633789062,66.1500015258789,56.05427169799805,1061400
2022-02-17,64.73999786376953,65.0999984741211,62.93000030517578,62.959999084472656,53.35112762451172,1242200
2022-02-18,63.83000183105469,63.959999084472656,61.349998474121094,61.459999084472656,52.080055236816406,1238300
2022-02-22,61.310001373291016,63.15999984741211,59.88999938964844,60.41999816894531,51.19877243041992,1227800
2022-02-23,61.5099983215332,61.61000061035156,59.68000030517578,59.810001373291016,50.6818733215332,1196100
2022-02-24,56.220001220703125,60.939998626708984,56.0,60.86000061035156,51.57162094116211,1608600
2022-02-25,61.709999084472656,64.43000030517578,60.689998626708984,64.4000015258789,54.571353912353516,1901600
2022-02-28,64.44999694824219,66.81999969482422,64.44999694824219,66.18000030517578,56.07969284057617,1420400
2022-03-01,65.5,65.88999938964844,62.61000061035156,63.9900016784668,54.223934173583984,1386200
2022-03-02,65.13999938964844,66.05999755859375,63.689998626708984,65.86000061035156,55.80853271484375,1571700
2022-03-03,68.45999908447266,74.30999755859375,68.45999908447266,73.5999984741211,62.36725997924805,4284100
2022-03-04,73.66999816894531,78.5999984741211,72.30000305175781,78.1500015258789,66.22286224365234,3137700
2022-03-07,78.8499984741211,79.29000091552734,71.16000366210938,72.06999969482422,61.070762634277344,2500800
2022-03-08,71.16000366210938,73.91000366210938,68.11000061035156,72.9800033569336,61.84189224243164,2577200
2022-03-09,74.1500015258789,75.47000122070312,73.6500015258789,75.02999877929688,63.57902145385742,1829700
2022-03-10,74.77999877929688,77.77999877929688,74.47000122070312,77.52999877929688,65.69747924804688,1506300
2022-03-11,77.5,78.80000305175781,74.83999633789062,74.8499984741211,63.426483154296875,1218200
2022-03-14,74.48999786376953,74.48999786376953,70.19000244140625,70.36000061035156,59.621734619140625,1565400
2022-03-15,70.1500015258789,71.33999633789062,68.22000122070312,70.80999755859375,60.003055572509766,1267900
2022-03-16,72.0,74.08999633789062,70.91000366210938,73.02999877929688,61.884254455566406,1690200
2022-03-17,72.98999786376953,75.2699966430664,72.76000213623047,75.20999908447266,63.73154830932617,1260200
2022-03-18,74.9800033569336,77.25,74.80000305175781,77.18000030517578,65.40087890625,1384400
2022-03-21,77.80999755859375,81.4000015258789,77.52999877929688,80.38999938964844,68.12097930908203,1835800
2022-03-22,81.0999984741211,81.97000122070312,79.16000366210938,80.16000366210938,67.92609405517578,1415100
2022-03-23,80.08999633789062,81.0,78.66999816894531,80.05000305175781,67.83287048339844,1498600
2022-03-24,79.5199966430664,84.06999969482422,79.5199966430664,83.83999633789062,71.04444122314453,1491600
2022-03-25,84.12999725341797,84.83999633789062,82.5999984741211,84.7300033569336,71.79862213134766,1257900
2022-03-28,84.94000244140625,85.29000091552734,82.05999755859375,82.44999694824219,69.8665771484375,1468400
2022-03-29,81.63999938964844,83.31999969482422,80.79000091552734,83.30999755859375,70.59532928466797,1696200
2022-03-30,82.4000015258789,86.79000091552734,82.4000015258789,85.54000091552734,72.4850082397461,2583400
2022-03-31,83.94000244140625,87.48999786376953,83.6500015258789,85.5999984741211,72.53582763671875,1833800
2022-04-01,86.5,88.87000274658203,85.75,88.75,75.20509338378906,1716800
2022-04-04,90.25,90.87000274658203,87.2699966430664,89.12999725341797,75.52709197998047,2203200
2022-04-05,88.91999816894531,89.93000030517578,84.9000015258789,85.87999725341797,72.7730941772461,2435500
2022-04-06,84.5,85.45999908447266,83.18000030517578,85.0,72.02741241455078,2719700
2022-04-07,85.0199966430664,86.12000274658203,83.19999694824219,85.6500015258789,72.57820892333984,1438300
2022-04-08,86.18000030517578,86.63999938964844,83.2699966430664,85.5199966430664,72.46804809570312,1033600
2022-04-11,84.0,84.2300033569336,80.44999694824219,81.55000305175781,69.10395050048828,1843700
2022-04-12,83.37999725341797,84.55000305175781,81.66000366210938,82.55999755859375,69.95978546142578,1724400
2022-04-13,83.80000305175781,85.26000213623047,83.0,84.66999816894531,71.74777221679688,1666100
2022-04-14,84.51000213623047,85.36000061035156,82.58000183105469,82.5999984741211,69.99369812011719,940600
2022-04-18,82.5999984741211,84.68000030517578,82.08999633789062,83.56999969482422,70.81565856933594,952000
2022-04-19,84.0,85.6500015258789,83.22000122070312,85.20999908447266,72.20536041259766,1479600
2022-04-20,85.5,86.56999969482422,83.58000183105469,86.25,73.08662414550781,1331500
2022-04-21,87.47000122070312,88.0,77.93000030517578,78.81999969482422,66.79059600830078,3350900
2022-04-22,78.05000305175781,80.69000244140625,77.19000244140625,77.70999908447266,65.84999084472656,1774300
2022-04-25,75.80000305175781,75.8499984741211,72.19999694824219,74.54000091552734,63.163795471191406,2312400
2022-04-26,74.51000213623047,74.83000183105469,71.18000030517578,71.4000015258789,60.50302505493164,1676500
2022-04-27,72.93000030517578,74.48999786376953,72.44999694824219,73.47000122070312,62.25709915161133,1535500
2022-04-28,73.8499984741211,74.83000183105469,71.29000091552734,74.41000366210938,63.13699722290039,1942200
2022-04-29,75.0,77.37999725341797,73.44000244140625,73.80000305175781,62.61941146850586,1266200
2022-05-02,72.95999908447266,73.73999786376953,71.25,73.04000091552734,61.97454833984375,848400
2022-05-03,73.41999816894531,75.16000366210938,72.05000305175781,74.9000015258789,63.552757263183594,1453600
2022-05-04,78.41000366210938,80.37999725341797,74.73999786376953,80.29000091552734,68.12618255615234,2202100
2022-05-05,82.27999877929688,83.76000213623047,79.44000244140625,80.2699966430664,68.10921478271484,3065600
2022-05-06,79.20999908447266,80.3499984741211,76.62999725341797,78.87000274658203,66.92132568359375,1588300
2022-05-09,76.16999816894531,76.69000244140625,74.08999633789062,74.5999984741211,63.2982063293457,2546900
2022-05-10,76.83000183105469,77.19999694824219,72.75,74.4800033569336,63.19639205932617,2153000
2022-05-11,74.45999908447266,79.20999908447266,74.33000183105469,75.55999755859375,64.11276245117188,1810200
2022-05-12,73.83000183105469,77.88999938964844,73.0,76.41999816894531,64.84247589111328,1532600
2022-05-13,78.16000366210938,83.61000061035156,78.11000061035156,83.61000061035156,70.94320678710938,1688300
2022-05-16,83.61000061035156,87.3499984741211,83.2300033569336,83.38999938964844,70.75653076171875,1787900
2022-05-17,85.98999786376953,90.41999816894531,85.97000122070312,89.83999633789062,76.22936248779297,1963900
2022-05-18,88.16999816894531,93.13999938964844,88.16999816894531,90.20999908447266,76.5433120727539,2758300
2022-05-19,92.0,96.5,90.56999969482422,95.2300033569336,80.80279541015625,3780800
2022-05-20,97.80999755859375,98.97000122070312,89.87000274658203,95.45999908447266,80.9979476928711,3471300
2022-05-23,96.52999877929688,101.58000183105469,94.44000244140625,101.48999786376953,86.11442565917969,2384300
2022-05-24,100.72000122070312,101.51000213623047,97.04000091552734,100.29000091552734,85.0962142944336,2482300
2022-05-25,100.33999633789062,101.55999755859375,97.58000183105469,101.08999633789062,85.77501678466797,2331100
2022-05-26,101.51000213623047,107.55999755859375,101.47000122070312,107.13999938964844,90.908447265625,1983300
2022-05-27,108.0,115.76000213623047,107.70999908447266,113.33000183105469,96.1606674194336,2673100
2022-05-31,112.16999816894531,112.25,105.25,106.16999816894531,90.08540344238281,6425500
2022-06-01,102.87000274658203,103.05000305175781,99.05999755859375,100.73999786376953,85.47804260253906,5441000
2022-06-02,99.30000305175781,105.8499984741211,98.9000015258789,103.83000183105469,90.60655975341797,2651700
2022-06-03,101.0,103.95999908447266,100.2300033569336,103.04000091552734,89.91717529296875,1548900
2022-06-06,105.27999877929688,106.77999877929688,103.5199966430664,103.5199966430664,90.3360366821289,1058300
2022-06-07,102.54000091552734,103.94999694824219,101.18000030517578,101.38999938964844,88.47730255126953,1717000
2022-06-08,100.58000183105469,102.4000015258789,97.41000366210938,98.37999725341797,85.85066223144531,2758000
2022-06-09,98.0,99.48999786376953,95.83000183105469,95.87999725341797,83.6690444946289,2133800
2022-06-10,94.05000305175781,96.7699966430664,91.91000366210938,96.04000091552734,83.80867767333984,1670000
2022-06-13,92.83000183105469,93.87999725341797,90.3499984741211,92.62999725341797,80.83294677734375,1732200
2022-06-14,93.33000183105469,95.41999816894531,92.29000091552734,93.26000213623047,81.38272857666016,1729700
2022-06-15,93.70999908447266,95.55999755859375,92.27999877929688,93.94000244140625,81.97611236572266,1118100
2022-06-16,91.5,93.25,87.1500015258789,88.4000015258789,77.14167785644531,1816100
2022-06-17,89.13999938964844,92.25,87.94000244140625,90.29000091552734,78.79097747802734,1910500
2022-06-21,93.54000091552734,94.26000213623047,91.97000122070312,93.58999633789062,81.67070007324219,840500
2022-06-22,90.55999755859375,92.12000274658203,87.8499984741211,90.45999908447266,78.93932342529297,1391900
2022-06-23,91.83000183105469,92.1500015258789,85.52999877929688,86.56999969482422,75.54473114013672,1458300
2022-06-24,88.0,90.37000274658203,85.55999755859375,89.27999877929688,77.90959167480469,1554200
2022-06-27,90.75,94.63999938964844,90.41999816894531,92.58000183105469,80.7893295288086,1413100
2022-06-28,94.41999816894531,96.0,86.69999694824219,87.08999633789062,75.9985122680664,2129400
2022-06-29,87.80000305175781,87.8499984741211,82.83999633789062,84.30000305175781,73.5638427734375,1969700
2022-06-30,82.2300033569336,85.13999938964844,81.13999938964844,83.52999877929688,72.89191436767578,1468000
2022-07-01,82.16999816894531,84.8499984741211,80.6500015258789,84.66999816894531,73.88672637939453,1213500
2022-07-05,83.73999786376953,84.94999694824219,81.27999877929688,84.66999816894531,73.88672637939453,1766700
2022-07-06,84.0,85.11000061035156,80.75,83.3499984741211,72.73482513427734,1645300
2022-07-07,85.81999969482422,89.55000305175781,85.4000015258789,89.16000366210938,77.80489349365234,1849000
2022-07-08,88.81999969482422,89.3499984741211,85.44000244140625,86.48999786376953,75.47492980957031,942100
2022-07-11,84.94999694824219,84.94999694824219,82.31999969482422,82.68000030517578,72.15015411376953,741000
2022-07-12,80.9000015258789,82.7300033569336,79.02999877929688,81.33000183105469,70.97209167480469,1472800
2022-07-13,81.18000030517578,85.7699966430664,80.30999755859375,83.12000274658203,72.53412628173828,1058500
2022-07-14,81.08999633789062,81.61000061035156,79.25,81.3499984741211,70.98954772949219,1084800
2022-07-15,83.25,86.02999877929688,82.22000122070312,85.05999755859375,74.22703552246094,1322300
2022-07-18,87.25,89.8499984741211,85.30999755859375,85.8499984741211,74.91643524169922,1062100
2022-07-19,86.83999633789062,89.43000030517578,86.5199966430664,89.23999786376953,77.87469482421875,854200
2022-07-20,89.83999633789062,90.2699966430664,87.93000030517578,88.76000213623047,77.45584106445312,1096500
2022-07-21,88.4000015258789,92.0199966430664,87.3499984741211,92.0,80.283203125,1054700
2022-07-22,94.20999908447266,95.04000091552734,90.11000061035156,90.62000274658203,79.07894897460938,1329300
2022-07-25,91.58000183105469,95.44999694824219,90.04000091552734,95.41000366210938,83.2589111328125,940100
2022-07-26,95.95999908447266,96.58999633789062,93.62000274658203,93.63999938964844,81.71432495117188,1100200
2022-07-27,94.61000061035156,97.75,94.06999969482422,97.01000213623047,84.6551284790039,1097200
2022-07-28,98.5,99.41000366210938,96.70999908447266,97.26000213623047,84.87329864501953,1273400
2022-07-29,98.08000183105469,99.72000122070312,97.30000305175781,98.37000274658203,85.8419418334961,1752500
2022-08-01,98.80000305175781,99.73999786376953,96.23999786376953,98.04000091552734,85.55396270751953,1437200
2022-08-02,96.9800033569336,98.83999633789062,95.62999725341797,98.0999984741211,85.60631561279297,935800
2022-08-03,98.8499984741211,99.05000305175781,94.6500015258789,94.94999694824219,82.85749053955078,1408100
2022-08-04,96.26000213623047,96.47000122070312,93.19999694824219,94.73999786376953,82.67424011230469,1344400
2022-08-05,93.93000030517578,95.33000183105469,90.30000305175781,92.79000091552734,80.97257232666016,1646400
2022-08-08,95.41999816894531,97.56999969482422,94.61000061035156,96.08000183105469,83.84358215332031,1600400
2022-08-09,96.7699966430664,97.7300033569336,95.76000213623047,97.44999694824219,85.03909301757812,817600
2022-08-10,100.0,102.16999816894531,99.11000061035156,101.12000274658203,88.24170684814453,1270700
2022-08-11,102.30999755859375,102.83999633789062,100.62999725341797,101.77999877929688,88.81764221191406,1082300
2022-08-12,102.26000213623047,108.75,101.33000183105469,108.69999694824219,94.85633087158203,1702400
2022-08-15,107.12999725341797,112.58999633789062,106.0,111.41000366210938,97.22120666503906,2096800
2022-08-16,113.25,113.69999694824219,103.01000213623047,105.69999694824219,92.23841094970703,3268400
2022-08-17,105.0,105.79000091552734,102.41999816894531,104.41999816894531,91.12141418457031,1888400
2022-08-18,99.91000366210938,99.91000366210938,93.0999984741211,94.0199966430664,82.04592895507812,5481800
2022-08-19,94.62999725341797,95.19999694824219,87.7300033569336,90.06999969482422,78.59898376464844,2940200
2022-08-22,88.48999786376953,94.5999984741211,86.91999816894531,93.7300033569336,81.7928695678711,2538000
2022-08-23,94.37999725341797,99.47000122070312,94.37999725341797,99.12000274658203,86.49641418457031,2087000
2022-08-24,99.62000274658203,103.0999984741211,99.31999969482422,101.94000244140625,88.957275390625,1980800
2022-08-25,103.80000305175781,106.20999908447266,102.80000305175781,105.88999938964844,92.40421295166016,1942600
2022-08-26,106.0,106.18000030517578,102.63999938964844,104.83000183105469,91.47920227050781,1487000
2022-08-29,102.5999984741211,105.8499984741211,100.79000091552734,105.01000213623047,91.63629150390625,1456600
2022-08-30,105.69000244140625,106.06999969482422,101.11000061035156,102.3499984741211,89.31505584716797,2060500
2022-08-31,102.0999984741211,102.38999938964844,99.5199966430664,99.68000030517578,86.98509216308594,2568800
2022-09-01,97.68000030517578,98.5,94.61000061035156,97.63999938964844,85.20490264892578,1566000
2022-09-02,99.69999694824219,101.63999938964844,97.54000091552734,101.29000091552734,88.39004516601562,1523300
2022-09-06,108.37999725341797,109.0,103.55000305175781,103.70999908447266,90.5018539428711,2202500
2022-09-07,103.0199966430664,105.8499984741211,102.12000274658203,105.54000091552734,92.0987777709961,1130000
2022-09-08,106.30000305175781,111.7300033569336,106.2699966430664,111.2699966430664,97.09902954101562,2204800
2022-09-09,113.9000015258789,115.72000122070312,110.30000305175781,111.12000274658203,96.9681396484375,1809700
2022-09-12,113.51000213623047,114.62000274658203,106.68000030517578,108.75,94.89997100830078,1728300
2022-09-13,105.0,111.73999786376953,104.27999877929688,108.48999786376953,94.67308807373047,1532500
2022-09-14,109.55999755859375,114.70999908447266,108.55000305175781,113.5199966430664,99.06248474121094,1577700
2022-09-15,111.54000091552734,112.69999694824219,103.70999908447266,104.5199966430664,91.20868682861328,1924100
2022-09-16,102.51000213623047,105.93000030517578,102.1500015258789,104.1500015258789,90.88581085205078,1703100
2022-09-19,103.0999984741211,107.69999694824219,102.87999725341797,107.02999877929688,93.39901733398438,1239800
2022-09-20,105.87000274658203,106.12000274658203,103.87999725341797,104.66000366210938,91.33086395263672,1229700
2022-09-21,104.75,106.80000305175781,103.5999984741211,103.61000061035156,90.41458892822266,1186100
2022-09-22,104.79000091552734,106.30000305175781,98.25,98.2699966430664,85.75466918945312,1803100
2022-09-23,95.19999694824219,96.05999755859375,93.2300033569336,93.94999694824219,81.9848403930664,1543200
2022-09-26,92.91000366210938,95.5199966430664,91.73999786376953,91.80999755859375,80.11739349365234,1163300
2022-09-27,95.27999877929688,97.38999938964844,93.44999694824219,94.22000122070312,82.220458984375,1395500
2022-09-28,93.68000030517578,95.62000274658203,91.0199966430664,95.33000183105469,83.18909454345703,1477900
2022-09-29,92.52999877929688,93.5199966430664,88.8499984741211,90.79000091552734,80.79436492919922,1516000
2022-09-30,90.43000030517578,93.56999969482422,89.36000061035156,90.75,80.75875854492188,1035500
2022-10-03,92.88999938964844,93.52999877929688,90.52999877929688,92.51000213623047,82.32499694824219,1215500
2022-10-04,96.16000366210938,98.0,95.80000305175781,97.48999786376953,86.75672149658203,1221300
2022-10-05,95.80000305175781,96.58000183105469,92.29000091552734,93.23999786376953,82.97462463378906,1113800
2022-10-06,93.0,95.55999755859375,93.0,94.04000091552734,83.68655395507812,1199500
2022-10-07,92.66000366210938,93.7300033569336,89.33000183105469,90.05000305175781,80.13584899902344,1568000
2022-10-10,91.05999755859375,93.20999908447266,90.23999786376953,91.87999725341797,81.76435852050781,890600
2022-10-11,91.0,91.33999633789062,87.83000183105469,90.73999786376953,80.74987030029297,1009000
2022-10-12,90.1500015258789,90.29000091552734,83.04000091552734,83.12000274658203,73.96881103515625,2687500
2022-10-13,80.5,88.4000015258789,80.25,86.37000274658203,76.8609848022461,3811600
2022-10-14,88.01000213623047,89.16999816894531,82.44000244140625,82.63999938964844,73.5416488647461,1626300
2022-10-17,85.0,88.0999984741211,84.20999908447266,87.58000183105469,77.9377670288086,1401200
2022-10-18,91.08999633789062,91.66000366210938,87.55000305175781,89.3499984741211,79.51290130615234,1600800
2022-10-19,87.69000244140625,91.37999725341797,87.16999816894531,90.1500015258789,80.2248306274414,1232100
2022-10-20,90.4000015258789,91.47000122070312,88.58000183105469,89.0199966430664,79.21923065185547,1173000
2022-10-21,88.86000061035156,94.55000305175781,88.86000061035156,94.08000183105469,83.72215270996094,1181700
2022-10-24,94.0,94.0,90.19999694824219,91.77999877929688,81.67537689208984,1242000
2022-10-25,91.2699966430664,97.13999938964844,91.2699966430664,96.70999908447266,86.06259155273438,1376900
2022-10-26,96.81999969482422,98.86000061035156,96.0999984741211,97.33999633789062,86.62322998046875,1843800
2022-10-27,97.63999938964844,98.41000366210938,95.91999816894531,96.80000305175781,86.14269256591797,1199700
2022-10-28,96.12999725341797,96.33000183105469,93.47000122070312,95.16000366210938,84.68324279785156,1385100
2022-10-31,95.0,95.41999816894531,91.13999938964844,93.68000030517578,83.3661880493164,2464100
2022-11-01,95.98999786376953,96.55999755859375,93.08999633789062,93.76000213623047,83.43738555908203,1090300
2022-11-02,94.75,95.5199966430664,91.45999908447266,91.51000213623047,81.43509674072266,1555100
2022-11-03,88.75,96.05999755859375,87.87000274658203,94.37999725341797,83.98910522460938,1605800
2022-11-04,99.0,99.44000244140625,96.31999969482422,96.69999694824219,86.05369567871094,1104100
2022-11-07,98.0199966430664,98.58000183105469,96.44999694824219,98.0199966430664,87.22836303710938,1500800
2022-11-08,101.70999908447266,107.18000030517578,100.61000061035156,107.12000274658203,95.32649993896484,2016100
2022-11-09,105.0199966430664,107.7300033569336,102.6500015258789,103.2300033569336,91.8647689819336,1380300
2022-11-10,108.86000061035156,109.44000244140625,106.4800033569336,107.75,95.88712310791016,1403600
2022-11-11,109.27999877929688,112.3499984741211,109.27999877929688,111.02999877929688,98.80602264404297,1404900
2022-11-14,110.0999984741211,110.0999984741211,104.69000244140625,104.9800033569336,93.42210388183594,2001900
2022-11-15,104.0,104.0,98.76000213623047,102.5,91.21513366699219,2810400
2022-11-16,103.80000305175781,103.95999908447266,98.93000030517578,99.81999969482422,88.8302001953125,1860800
2022-11-17,100.26000213623047,100.26000213623047,90.2300033569336,90.62000274658203,80.64308166503906,4472700
2022-11-18,91.91000366210938,92.48999786376953,90.0,90.2300033569336,80.2960205078125,1739800
2022-11-21,92.69000244140625,100.26000213623047,91.91999816894531,98.80999755859375,87.93138885498047,2855600
2022-11-22,99.93000030517578,100.33999633789062,95.33000183105469,97.13999938964844,86.44525146484375,2539300
2022-11-23,97.69999694824219,99.87000274658203,97.08000183105469,99.37999725341797,88.43862915039062,1139800
2022-11-25,96.16999816894531,96.36000061035156,91.4800033569336,92.62000274658203,82.42289733886719,2448200
2022-11-28,91.80000305175781,92.62000274658203,90.83000183105469,91.0,80.98124694824219,1642900
2022-11-29,93.7300033569336,96.66999816894531,93.08000183105469,94.56999969482422,84.158203125,1767500
2022-11-30,96.69999694824219,99.16000366210938,94.13999938964844,99.16000366210938,88.24285888671875,2363900
2022-12-01,100.33999633789062,100.5,96.62999725341797,97.12000274658203,86.42745208740234,1689200
2022-12-02,96.5999984741211,101.7300033569336,95.83000183105469,99.8499984741211,88.85689544677734,1859200
2022-12-05,99.43000030517578,100.30999755859375,95.0999984741211,95.13999938964844,84.66544342041016,1857600
2022-12-06,96.19999694824219,96.5,91.80999755859375,94.02999877929688,83.67765045166016,2270700
2022-12-07,93.98999786376953,96.61000061035156,93.2699966430664,95.44999694824219,84.9413070678711,1174700
2022-12-08,93.12999725341797,94.48999786376953,91.06999969482422,91.55000305175781,84.18817138671875,859600
2022-12-09,91.30999755859375,92.12999725341797,90.66000366210938,91.44999694824219,84.0962142944336,838000
2022-12-12,91.58999633789062,93.94000244140625,91.16999816894531,92.93000030517578,85.45720672607422,1081300
2022-12-13,96.55999755859375,96.8499984741211,93.37000274658203,93.8499984741211,86.30322265625,1086700
2022-12-14,93.0,93.51000213623047,89.80000305175781,89.97000122070312,82.73521423339844,1864200
2022-12-15,85.52999877929688,87.94999694824219,83.81999969482422,84.8499984741211,78.02693176269531,2875400
2022-12-16,84.30000305175781,85.5,83.20999908447266,85.25,78.394775390625,1695900
2022-12-19,85.7699966430664,85.7699966430664,83.0199966430664,83.87999725341797,77.13493347167969,1591300
2022-12-20,83.80000305175781,85.9000015258789,83.62000274658203,85.25,78.394775390625,1047900
2022-12-21,86.5199966430664,86.72000122070312,83.63999938964844,84.33999633789062,77.55795288085938,1244700
2022-12-22,83.98999786376953,83.98999786376953,80.20999908447266,82.25,75.6360092163086,1820600
2022-12-23,82.08000183105469,82.4800033569336,80.94000244140625,82.1500015258789,75.54405212402344,859700
2022-12-27,81.58999633789062,81.62000274658203,76.63999938964844,77.7699966430664,71.51626586914062,2270300
2022-12-28,77.8499984741211,78.7699966430664,76.01000213623047,76.66000366210938,70.49552917480469,2180400
2022-12-29,78.30999755859375,79.62000274658203,78.06999969482422,78.87999725341797,72.53700256347656,1702300
2022-12-30,78.19000244140625,80.55000305175781,78.0999984741211,79.83999633789062,73.41980743408203,843700
2023-01-03,81.20999908447266,81.58999633789062,75.80999755859375,76.7699966430664,70.5966796875,1669000
2023-01-04,77.4000015258789,78.4800033569336,76.16000366210938,78.19000244140625,71.90249633789062,1648400
2023-01-05,78.2699966430664,79.41999816894531,77.55999755859375,78.5,72.18756103515625,1037200
2023-01-06,80.38999938964844,80.6500015258789,77.70999908447266,79.68000030517578,73.27266693115234,913400
2023-01-09,81.4000015258789,84.38999938964844,80.9000015258789,81.91000366210938,75.32334899902344,1463300
2023-01-10,81.91000366210938,82.72000122070312,79.86000061035156,79.91999816894531,73.49337768554688,1391200
2023-01-11,81.61000061035156,85.16000366210938,81.44000244140625,84.41000366210938,77.62232208251953,1453900
2023-01-12,87.19999694824219,87.61000061035156,83.83000183105469,85.05999755859375,78.22003936767578,1403600
2023-01-13,82.22000122070312,83.9000015258789,81.54000091552734,83.66999816894531,76.94182586669922,1319600
2023-01-17,84.61000061035156,85.94000244140625,83.5,84.54000091552734,77.74186706542969,1595800
2023-01-18,85.8499984741211,87.91000366210938,84.66999816894531,84.80000305175781,77.98095703125,1440300
2023-01-19,83.58999633789062,84.25,82.13999938964844,84.11000061035156,77.34645080566406,1036900
2023-01-20,85.5199966430664,87.12999725341797,85.2699966430664,85.9800033569336,79.06607818603516,1536700
2023-01-23,87.5999984741211,91.1500015258789,87.47000122070312,90.30999755859375,83.04788208007812,2157600
2023-01-24,90.06999969482422,92.9800033569336,89.51000213623047,92.91000366210938,85.43881225585938,938000
2023-01-25,90.69000244140625,92.81999969482422,89.86000061035156,92.48999786376953,85.05257415771484,1001000
2023-01-26,94.0,95.19000244140625,92.95999908447266,93.9000015258789,86.34920501708984,1030900
2023-01-27,93.58000183105469,94.7300033569336,92.62000274658203,94.61000061035156,87.00210571289062,886400
2023-01-30,94.05000305175781,95.93000030517578,93.7699966430664,95.6500015258789,87.95848083496094,1135100
2023-01-31,96.19000244140625,97.66000366210938,95.83999633789062,97.54000091552734,89.69649505615234,1232600
2023-02-01,97.44000244140625,97.79000091552734,94.83999633789062,96.5999984741211,88.83208465576172,1120200
2023-02-02,98.25,98.66000366210938,95.11000061035156,97.73999786376953,89.88040924072266,1322700
2023-02-03,95.94999694824219,97.94000244140625,95.25,97.08999633789062,89.28267669677734,1546200
2023-02-06,96.25,96.8499984741211,94.48999786376953,95.05999755859375,87.41592407226562,1283300
2023-02-07,96.1500015258789,96.62999725341797,93.5,95.29000091552734,87.62742614746094,1006400
2023-02-08,95.12000274658203,95.41000366210938,93.02999877929688,93.19999694824219,85.70549011230469,1056100
2023-02-09,94.58000183105469,94.98999786376953,91.56999969482422,91.87999725341797,84.49163818359375,788500
2023-02-10,91.0,93.1500015258789,90.70999908447266,93.04000091552734,85.55835723876953,873300
2023-02-13,93.69000244140625,94.54000091552734,92.58000183105469,94.33999633789062,86.75381469726562,835100
2023-02-14,94.4800033569336,95.25,93.62999725341797,94.66999816894531,87.05728149414062,976000
2023-02-15,93.55999755859375,94.2699966430664,92.55999755859375,94.2300033569336,86.65266418457031,1158400
2023-02-16,93.54000091552734,97.81999969482422,92.38999938964844,95.69000244140625,87.99526977539062,1792000
2023-02-17,94.41000366210938,94.41999816894531,86.23999786376953,86.23999786376953,79.30516052246094,4479000
2023-02-21,87.16000366210938,87.3499984741211,82.62999725341797,84.12999725341797,77.36483764648438,2315500
2023-02-22,84.19999694824219,85.66999816894531,82.76000213623047,83.12000274658203,76.4360580444336,1857300
2023-02-23,84.0,87.8499984741211,84.0,87.5,80.46385192871094,1937500
2023-02-24,84.55999755859375,86.9000015258789,83.91000366210938,86.73999786376953,79.76495361328125,1453400
2023-02-27,87.48999786376953,89.69999694824219,87.04000091552734,89.33000183105469,82.14669799804688,1406800
2023-02-28,89.47000122070312,89.86000061035156,88.43000030517578,88.75,81.61332702636719,1439900
2023-03-01,90.25,90.5,86.69999694824219,88.16000366210938,81.0707778930664,2426000
2023-03-02,85.25,86.77999877929688,80.41000366210938,86.05000305175781,79.13044738769531,2876300
2023-03-03,87.5,90.81999969482422,86.75,89.86000061035156,82.63407135009766,1941400
2023-03-06,89.37000274658203,89.58999633789062,86.44000244140625,86.63999938964844,79.67300415039062,1307300
2023-03-07,84.7699966430664,86.45999908447266,83.18000030517578,84.18000030517578,77.41081237792969,1259900
2023-03-08,84.05999755859375,85.44999694824219,83.4000015258789,84.41000366210938,77.62232208251953,1646400
2023-03-09,84.63999938964844,85.08000183105469,80.5,80.51000213623047,74.03592681884766,1645500
2023-03-10,80.02999877929688,81.52999877929688,78.87999725341797,78.9800033569336,72.62896728515625,1847100
2023-03-13,77.0,79.12999725341797,75.56999969482422,77.75,71.49787139892578,1402300
2023-03-14,79.68000030517578,80.29000091552734,76.66999816894531,78.8499984741211,72.50941467285156,2934200
2023-03-15,75.51000213623047,76.36000061035156,71.75,72.62000274658203,66.7803955078125,2824800
2023-03-16,71.76000213623047,73.69999694824219,69.75,73.45999908447266,67.55284118652344,2666500
2023-03-17,72.94999694824219,75.19000244140625,71.80999755859375,74.83999633789062,68.82186889648438,3730700
2023-03-20,75.38999938964844,77.9000015258789,74.83999633789062,77.5,71.26798248291016,1694800
2023-03-21,79.48999786376953,82.63999938964844,79.48999786376953,81.91999816894531,75.33255004882812,2366100
2023-03-22,82.31999969482422,82.87999725341797,80.30999755859375,81.06999969482422,74.5509033203125,2524800
2023-03-23,81.48999786376953,85.5199966430664,80.52999877929688,81.05999755859375,74.54170227050781,1918900
2023-03-24,80.0,80.9800033569336,78.4800033569336,80.95999908447266,74.44975280761719,1216500
2023-03-27,81.81999969482422,81.83000183105469,80.29000091552734,81.06999969482422,74.5509033203125,862400
2023-03-28,84.06999969482422,85.47000122070312,81.87000274658203,82.51000213623047,75.87510681152344,1328100
2023-03-29,83.66000366210938,84.30000305175781,82.88999938964844,83.3499984741211,76.6475601196289,999700
2023-03-30,84.62000274658203,85.02999877929688,80.30999755859375,81.4000015258789,74.8543701171875,1754300
2023-03-31,81.61000061035156,82.0,80.18000030517578,81.05999755859375,74.54170227050781,1164700
2023-04-03,81.19000244140625,81.87999725341797,78.0199966430664,78.11000061035156,71.82891845703125,1324600
2023-04-04,77.7699966430664,77.77999877929688,73.86000061035156,75.12999725341797,69.08855438232422,2236500
2023-04-05,74.12000274658203,74.5,72.5999984741211,73.80999755859375,67.87470245361328,1771300
2023-04-06,73.13999938964844,74.25,72.12999725341797,73.36000061035156,67.46088409423828,1471400
2023-04-10,73.37000274658203,74.62000274658203,73.0,74.13999938964844,68.17816162109375,944800
2023-04-11,74.9000015258789,76.68000030517578,74.72000122070312,76.19999694824219,70.07251739501953,2488000
2023-04-12,77.41999816894531,78.44999694824219,75.94999694824219,76.58999633789062,70.43115234375,1490300
2023-04-13,76.88999938964844,77.61000061035156,75.91999816894531,76.58000183105469,70.42195129394531,1367600
2023-04-14,77.62999725341797,80.9000015258789,77.5999984741211,79.19999694824219,72.83126831054688,2083300
2023-04-17,79.80000305175781,82.44999694824219,79.7699966430664,82.33999633789062,75.71878051757812,2268600
2023-04-18,83.19999694824219,83.66999816894531,81.26000213623047,83.01000213623047,76.33489990234375,1391900
2023-04-19,81.98999786376953,82.4800033569336,79.81999969482422,79.98999786376953,73.5577392578125,1866800
2023-04-20,77.27999877929688,79.9000015258789,77.19999694824219,77.91000366210938,71.64500427246094,2172700
2023-04-21,73.06999969482422,73.27999877929688,60.209999084472656,63.439998626708984,58.338584899902344,17526100
2023-04-24,67.02999877929688,68.7300033569336,65.98999786376953,67.33000183105469,61.9157829284668,6644300
2023-04-25,66.20999908447266,67.33000183105469,65.54000091552734,66.36000061035156,61.02377700805664,2392400
2023-04-26,66.45999908447266,67.26000213623047,64.37000274658203,64.55000305175781,59.35933303833008,2299200
2023-04-27,65.0,67.69999694824219,64.55000305175781,67.0199966430664,61.630706787109375,2728500
2023-04-28,66.66000366210938,68.08000183105469,66.19000244140625,67.4800033569336,62.0537223815918,1915800
2023-05-01,66.25,66.94000244140625,64.0,64.83999633789062,59.626007080078125,1617800
2023-05-02,64.0,65.08999633789062,63.470001220703125,64.73999786376953,59.5340461730957,1767900
2023-05-03,66.01000213623047,68.18000030517578,65.06999969482422,65.16000366210938,59.9202766418457,1970700
2023-05-04,64.48999786376953,66.41999816894531,63.58000183105469,63.619998931884766,58.504112243652344,2077900
2023-05-05,64.26000213623047,67.97000122070312,64.26000213623047,67.69999694824219,62.25602340698242,1855800
2023-05-08,70.30999755859375,70.94999694824219,68.87000274658203,69.0,63.45148849487305,2345100
2023-05-09,69.0,70.44999694824219,68.69999694824219,70.43000030517578,64.7665023803711,1730600
2023-05-10,71.01000213623047,71.5999984741211,69.52999877929688,71.33999633789062,65.60331726074219,1839500
2023-05-11,69.08000183105469,71.36000061035156,68.69999694824219,71.30000305175781,68.66987609863281,2454000
2023-05-12,70.8499984741211,71.70999908447266,70.16999816894531,71.68000030517578,69.03585815429688,1308100
2023-05-15,72.91999816894531,73.48999786376953,72.27999877929688,73.37000274658203,70.66351318359375,1717500
2023-05-16,72.33000183105469,74.98999786376953,72.2300033569336,73.52999877929688,70.81761932373047,1543000
2023-05-17,73.66999816894531,73.7699966430664,71.1500015258789,72.6500015258789,69.9700698852539,1797400
2023-05-18,71.77999877929688,73.88999938964844,70.79000091552734,72.79000091552734,70.10491180419922,2163400
2023-05-19,70.58000183105469,71.70999908447266,69.75,71.08000183105469,68.45799255371094,2039900
2023-05-22,71.70999908447266,72.11000061035156,70.72000122070312,71.1500015258789,68.52540588378906,1603800
2023-05-23,70.66000366210938,73.13999938964844,70.41000366210938,71.72000122070312,69.07438659667969,1209100
2023-05-24,70.81999969482422,71.19000244140625,68.19999694824219,69.06999969482422,66.52212524414062,1352700
2023-05-25,69.05000305175781,69.05000305175781,65.4000015258789,66.08999633789062,63.65205001831055,2575700
2023-05-26,66.45999908447266,66.80999755859375,65.80999755859375,66.29000091552734,63.84468078613281,1154600
2023-05-30,67.55999755859375,67.93000030517578,65.7699966430664,66.87000274658203,64.40328979492188,1373900
2023-05-31,66.05000305175781,66.30000305175781,63.95000076293945,64.16999816894531,61.802879333496094,1746500
2023-06-01,64.54000091552734,66.97000122070312,64.41999816894531,66.16999816894531,63.72910690307617,1171300
2023-06-02,67.95999908447266,69.08000183105469,67.52999877929688,68.30999755859375,65.79016876220703,1108700
2023-06-05,68.63999938964844,69.37999725341797,67.9000015258789,68.44999694824219,65.92499542236328,703800
2023-06-06,67.5,71.18000030517578,67.5,70.88999938964844,68.2750015258789,1116100
2023-06-07,71.01000213623047,71.86000061035156,69.77999877929688,71.26000213623047,68.63135528564453,1142500
2023-06-08,71.12000274658203,71.62000274658203,70.12000274658203,71.1500015258789,68.52540588378906,889100
2023-06-09,71.54000091552734,72.33000183105469,70.19999694824219,70.58000183105469,67.97643280029297,836200
2023-06-12,69.58000183105469,70.05999755859375,67.66999816894531,69.27999877929688,66.72438049316406,1289300
2023-06-13,70.19999694824219,72.02999877929688,69.66000366210938,71.98999786376953,69.33441162109375,979600
2023-06-14,72.5,72.55000305175781,70.25,70.80000305175781,68.18832397460938,1252700
2023-06-15,70.79000091552734,72.12000274658203,70.54000091552734,72.0,69.34405517578125,924000
2023-06-16,72.4000015258789,73.5,71.72000122070312,72.16000366210938,69.49815368652344,1647500
2023-06-20,71.68000030517578,72.18000030517578,69.94000244140625,71.9800033569336,69.32479095458984,1083000
2023-06-21,71.56999969482422,73.1500015258789,71.33000183105469,72.58000183105469,69.90265655517578,711500
2023-06-22,72.06999969482422,72.18000030517578,70.2699966430664,70.83999633789062,68.22683715820312,958700
2023-06-23,70.25,70.3499984741211,69.19000244140625,69.6500015258789,67.08073425292969,665200
2023-06-26,69.9800033569336,71.88999938964844,69.87999725341797,71.30000305175781,68.66987609863281,690500
2023-06-27,71.94999694824219,72.51000213623047,70.66999816894531,72.20999908447266,69.54630279541016,1008500
2023-06-28,71.80999755859375,72.19999694824219,69.16999816894531,70.45999908447266,67.86085510253906,1785800
2023-06-29,70.45999908447266,71.68000030517578,70.33999633789062,71.47000122070312,68.83360290527344,793400
2023-06-30,71.81999969482422,72.97000122070312,71.36000061035156,72.62000274658203,69.9411849975586,1167900
2023-07-03,73.48999786376953,76.56999969482422,73.33999633789062,76.55999755859375,73.73583984375,1479800
2023-07-05,75.83000183105469,77.73999786376953,75.51000213623047,76.2699966430664,73.45652770996094,1632700
2023-07-06,74.79000091552734,75.0,72.54000091552734,74.51000213623047,71.76146697998047,1820400
2023-07-07,74.5199966430664,79.30000305175781,74.5,79.23999786376953,76.31697845458984,2036800
2023-07-10,78.66000366210938,79.62999725341797,77.91999816894531,79.37000274658203,76.44219207763672,1196700
2023-07-11,79.98999786376953,80.30999755859375,78.5199966430664,79.43000030517578,76.49996948242188,990000
2023-07-12,80.29000091552734,81.5,79.79000091552734,80.16999816894531,77.2126693725586,1413400
2023-07-13,80.5,80.69999694824219,78.41000366210938,78.43000030517578,76.28668975830078,1094700
2023-07-14,78.1500015258789,79.18000030517578,77.16000366210938,78.18000030517578,76.04351806640625,1250500
2023-07-17,77.77999877929688,79.16999816894531,76.62000274658203,79.0,76.84111785888672,1099300
2023-07-18,79.0,80.06999969482422,78.4000015258789,79.4000015258789,77.23017883300781,830000
2023-07-19,79.47000122070312,80.05999755859375,78.16000366210938,79.80999755859375,77.62897491455078,1160000
2023-07-20,79.47000122070312,79.77999877929688,76.76000213623047,78.08999633789062,75.95597839355469,1351200
2023-07-21,76.9000015258789,77.08000183105469,74.2300033569336,74.4800033569336,72.44463348388672,1998800
2023-07-24,73.5,73.5,71.2300033569336,72.20999908447266,70.23666381835938,1921400
2023-07-25,74.0,75.7699966430664,73.95999908447266,75.04000091552734,72.98933410644531,1263500
2023-07-26,75.52999877929688,75.87000274658203,74.44999694824219,74.52999877929688,72.4932632446289,735600
2023-07-27,74.76000213623047,74.98999786376953,71.94999694824219,72.01000213623047,70.04212951660156,1266700
2023-07-28,73.12000274658203,74.7699966430664,72.47000122070312,74.61000061035156,72.57107543945312,933100
2023-07-31,74.56999969482422,75.12000274658203,73.3499984741211,73.69000244140625,71.67623138427734,1959200
2023-08-01,73.4800033569336,73.5,71.45999908447266,72.06999969482422,70.10049438476562,1363700
2023-08-02,70.80999755859375,71.51000213623047,69.83000183105469,70.51000213623047,68.58312225341797,1391700
2023-08-03,72.4800033569336,72.4800033569336,70.01000213623047,70.30999755859375,68.38858795166016,1229000
2023-08-04,70.69999694824219,72.94000244140625,70.5,71.05000305175781,69.10836791992188,1028300
2023-08-07,70.66999816894531,70.98999786376953,69.6500015258789,69.9000015258789,67.98979187011719,814800
2023-08-08,68.83999633789062,69.97000122070312,67.93000030517578,69.7699966430664,67.86334991455078,977400
2023-08-09,69.87000274658203,70.19999694824219,68.93000030517578,69.66999816894531,67.76608276367188,781400
2023-08-10,70.9000015258789,70.9000015258789,68.77999877929688,68.80999755859375,66.92958068847656,829800
2023-08-11,68.37000274658203,68.47000122070312,67.30000305175781,67.38999938964844,65.54838562011719,953800
2023-08-14,66.0999984741211,66.66000366210938,64.8499984741211,66.2300033569336,64.42008972167969,1128800
2023-08-15,65.45999908447266,65.69000244140625,64.6500015258789,65.19999694824219,63.41823196411133,1129600
2023-08-16,64.41000366210938,65.87000274658203,64.31999969482422,64.69000244140625,62.92217254638672,1228300
2023-08-17,63.75,65.77999877929688,62.68000030517578,63.68000030517578,61.93977355957031,2403700
2023-08-18,62.9900016784668,63.779998779296875,62.5,63.45000076293945,61.71605682373047,1364600
2023-08-21,64.62000274658203,65.9800033569336,64.61000061035156,64.94000244140625,63.165340423583984,1633100
2023-08-22,65.62999725341797,65.94999694824219,65.08999633789062,65.08999633789062,63.31123733520508,1381000
2023-08-23,64.98999786376953,66.2699966430664,64.38999938964844,66.05999755859375,64.25473022460938,1409400
2023-08-24,66.20999908447266,66.44999694824219,65.0999984741211,65.16000366210938,63.379329681396484,1152100
2023-08-25,65.3499984741211,65.5999984741211,63.2400016784668,63.560001373291016,61.82305145263672,1615400
2023-08-28,63.18000030517578,64.06999969482422,61.47999954223633,61.720001220703125,60.0333366394043,1426100
2023-08-29,61.63999938964844,63.47999954223633,61.599998474121094,63.0,61.278358459472656,2061600
2023-08-30,63.02000045776367,63.470001220703125,62.29999923706055,62.369998931884766,60.66557312011719,1380100
2023-08-31,62.2599983215332,62.84000015258789,61.869998931884766,62.59000015258789,60.87956237792969,3980200
2023-09-01,63.09000015258789,64.4800033569336,62.59000015258789,63.20000076293945,61.4728889465332,1609400
2023-09-05,62.959999084472656,63.66999816894531,62.7400016784668,63.13999938964844,61.41453170776367,1361200
2023-09-06,62.689998626708984,63.400001525878906,61.720001220703125,62.18000030517578,60.48076629638672,1512600
2023-09-07,61.59000015258789,62.16999816894531,60.54999923706055,60.88999938964844,59.226016998291016,1000600
2023-09-08,61.0,61.209999084472656,59.130001068115234,59.290000915527344,57.669742584228516,1213100
2023-09-11,59.900001525878906,60.220001220703125,59.439998626708984,59.59000015258789,57.961544036865234,1102900
2023-09-12,59.75,59.86000061035156,58.04999923706055,58.150001525878906,56.56089401245117,854900
2023-09-13,58.79999923706055,60.540000915527344,58.720001220703125,59.72999954223633,58.09771728515625,1562900
2023-09-14,60.56999969482422,61.2599983215332,60.40999984741211,61.029998779296875,59.36219024658203,1044500
2023-09-15,61.47999954223633,62.58000183105469,61.04999923706055,61.45000076293945,59.770713806152344,2019100
2023-09-18,61.0,61.40999984741211,59.5,60.04999923706055,58.408973693847656,975900
2023-09-19,60.119998931884766,60.52000045776367,59.290000915527344,59.970001220703125,58.33115768432617,749900
2023-09-20,60.529998779296875,61.099998474121094,58.630001068115234,58.79999923706055,57.19313049316406,1139100
2023-09-21,58.45000076293945,58.619998931884766,57.400001525878906,57.5099983215332,55.93838119506836,1190300
2023-09-22,58.63999938964844,59.310001373291016,56.689998626708984,56.779998779296875,55.22833251953125,1122200
2023-09-25,56.2400016784668,57.13999938964844,56.09000015258789,56.380001068115234,54.839263916015625,1380700
2023-09-26,55.599998474121094,56.959999084472656,55.41999816894531,55.61000061035156,54.090309143066406,1281400
2023-09-27,56.04999923706055,56.40999984741211,54.279998779296875,54.84000015258789,53.34135055541992,1262300
2023-09-28,55.380001068115234,58.54999923706055,55.369998931884766,58.2400016784668,56.6484375,1852800
2023-09-29,59.84000015258789,60.58000183105469,59.20000076293945,59.66999816894531,58.03935623168945,1373300
2023-10-02,59.099998474121094,59.119998931884766,56.060001373291016,56.2400016784668,54.70309066772461,1131600
2023-10-03,55.5,55.970001220703125,54.43000030517578,54.560001373291016,53.06900405883789,967500
2023-10-04,55.380001068115234,55.81999969482422,53.77000045776367,55.040000915527344,53.535884857177734,1076200
2023-10-05,54.36000061035156,54.86000061035156,52.720001220703125,53.06999969482422,51.61971664428711,1319500
2023-10-06,52.869998931884766,55.040000915527344,52.41999816894531,54.47999954223633,52.991188049316406,806400
2023-10-09,54.189998626708984,54.65999984741211,52.459999084472656,53.040000915527344,51.590538024902344,802600
2023-10-10,54.47999954223633,56.849998474121094,54.189998626708984,56.79999923706055,55.24778747558594,1571100
2023-10-11,57.20000076293945,58.04999923706055,56.4900016784668,56.95000076293945,55.3936882019043,1417900
2023-10-12,58.65999984741211,59.9900016784668,58.040000915527344,58.68000030517578,57.076412200927734,1794700
2023-10-13,58.20000076293945,59.11000061035156,56.38999938964844,57.439998626708984,55.87029266357422,1488300
2023-10-16,57.0,58.369998931884766,56.88999938964844,57.119998931884766,55.55904006958008,1105500
2023-10-17,56.689998626708984,59.68000030517578,56.66999816894531,59.45000076293945,57.82537078857422,1415100
2023-10-18,57.79999923706055,57.97999954223633,54.79999923706055,55.439998626708984,53.924949645996094,2062300
2023-10-19,54.59000015258789,54.59000015258789,52.349998474121094,52.68000030517578,51.24037551879883,1653400
2023-10-20,52.09000015258789,52.459999084472656,51.27000045776367,51.689998626708984,50.27743148803711,1092500
2023-10-23,50.86000061035156,51.349998474121094,49.7400016784668,50.5099983215332,49.129676818847656,1229700
2023-10-24,51.75,52.380001068115234,51.5,51.72999954223633,50.31633758544922,982900
2023-10-25,51.20000076293945,51.41999816894531,50.04999923706055,50.900001525878906,49.5090217590332,1132900
2023-10-26,52.09000015258789,52.599998474121094,50.86000061035156,51.119998931884766,49.72300720214844,1590900
2023-10-27,51.93000030517578,52.43000030517578,50.790000915527344,51.09000015258789,49.69382858276367,640100
2023-10-30,51.56999969482422,52.25,48.70000076293945,48.72999954223633,47.398319244384766,1676500
2023-10-31,48.66999816894531,49.560001373291016,48.099998474121094,48.400001525878906,47.07734298706055,2268200
2023-11-01,48.04999923706055,48.20000076293945,46.84000015258789,47.470001220703125,46.17275619506836,1434500
2023-11-02,47.25,49.0099983215332,46.47999954223633,47.9900016784668,47.28517532348633,2271100
2023-11-03,49.459999084472656,50.75,49.08000183105469,49.779998779296875,49.048885345458984,1997700
2023-11-06,50.060001373291016,50.130001068115234,47.04999923706055,47.959999084472656,47.255611419677734,1865700
2023-11-07,47.900001525878906,48.869998931884766,47.25,48.5,47.78768539428711,1148200
2023-11-08,48.709999084472656,49.25,47.97999954223633,48.20000076293945,47.492088317871094,1083300
2023-11-09,48.59000015258789,49.459999084472656,47.060001373291016,47.290000915527344,46.595455169677734,1120500
2023-11-10,47.189998626708984,47.27000045776367,45.939998626708984,46.869998931884766,46.18162155151367,1795900
2023-11-13,45.810001373291016,50.9900016784668,44.86000061035156,48.11000061035156,47.403411865234375,6830800
2023-11-14,50.290000915527344,52.029998779296875,50.040000915527344,51.869998931884766,51.10818862915039,2038800
2023-11-15,52.56999969482422,53.20000076293945,51.0,51.5,50.743621826171875,1912900
2023-11-16,50.52000045776367,50.709999084472656,46.900001525878906,47.380001068115234,46.68413162231445,2743800
2023-11-17,47.88999938964844,50.83000183105469,47.72999954223633,50.65999984741211,49.915958404541016,1601900
2023-11-20,50.720001220703125,53.70000076293945,50.61000061035156,52.540000915527344,51.768348693847656,2052700
2023-11-21,52.38999938964844,52.90999984741211,51.20000076293945,51.33000183105469,50.57612228393555,1292500
2023-11-22,51.36000061035156,51.75,50.06999969482422,50.72999954223633,49.98493194580078,1083800
2023-11-24,50.61000061035156,52.41999816894531,50.29999923706055,50.849998474121094,50.10316848754883,851300
2023-11-27,49.31999969482422,50.060001373291016,48.29999923706055,49.720001220703125,48.98976516723633,1237400
2023-11-28,49.779998779296875,51.34000015258789,49.779998779296875,50.09000015258789,49.354331970214844,1046800
2023-11-29,51.099998474121094,51.5,49.970001220703125,50.58000183105469,49.837135314941406,1726600
2023-11-30,50.68000030517578,51.31999969482422,49.810001373291016,50.2400016784668,49.50212860107422,2215700
2023-12-01,50.709999084472656,54.15999984741211,49.97999954223633,54.0,53.206905364990234,1919400
2023-12-04,52.619998931884766,52.86000061035156,49.209999084472656,49.68000030517578,48.950355529785156,2610500
2023-12-05,49.0,49.709999084472656,48.86000061035156,48.9900016784668,48.27048873901367,1874200
2023-12-06,50.650001525878906,51.779998779296875,49.54999923706055,49.61000061035156,49.38847351074219,2174500
2023-12-07,51.099998474121094,52.880001068115234,50.86000061035156,52.0,51.767799377441406,2067700
2023-12-08,53.0,53.630001068115234,51.2400016784668,51.43000030517578,51.20034408569336,2136200
2023-12-11,50.150001525878906,50.439998626708984,49.31999969482422,50.25,50.025611877441406,2169000
2023-12-12,50.0099983215332,50.27000045776367,48.77000045776367,49.45000076293945,49.22918701171875,2016200
2023-12-13,50.91999816894531,54.599998474121094,50.65999984741211,54.43000030517578,54.186946868896484,2731500
2023-12-14,56.060001373291016,57.83000183105469,55.220001220703125,57.0099983215332,56.75542449951172,3329000
2023-12-15,56.619998931884766,57.869998931884766,56.040000915527344,57.22999954223633,56.97444534301758,2578600
2023-12-18,58.060001373291016,58.459999084472656,56.400001525878906,56.459999084472656,56.207881927490234,1319500
2023-12-19,59.189998626708984,59.79999923706055,57.709999084472656,57.97999954223633,57.72109603881836,1417800
2023-12-20,57.470001220703125,58.560001373291016,56.099998474121094,56.099998474121094,55.849491119384766,1228300
2023-12-21,58.47999954223633,58.779998779296875,57.61000061035156,58.5099983215332,58.24872589111328,1191600
2023-12-22,58.7599983215332,60.5099983215332,58.5099983215332,60.13999938964844,59.8714485168457,946700
2023-12-26,61.20000076293945,61.529998779296875,60.290000915527344,61.290000915527344,61.01631546020508,793500
2023-12-27,61.77000045776367,61.88999938964844,60.61000061035156,60.970001220703125,60.69774627685547,945300
2023-12-28,64.08999633789062,64.62000274658203,61.84000015258789,61.90999984741211,61.633548736572266,2388600
2023-12-29,61.599998474121094,61.70000076293945,59.36000061035156,60.220001220703125,59.95109558105469,2093400
2024-01-02,59.29999923706055,60.45000076293945,58.349998474121094,59.439998626708984,59.17457580566406,1132500
2024-01-03,58.5099983215332,58.84000015258789,56.459999084472656,57.68000030517578,57.42243576049805,1720900
2024-01-04,57.439998626708984,57.439998626708984,55.09000015258789,55.20000076293945,54.95351028442383,1697900
2024-01-05,55.0,55.619998931884766,54.34000015258789,54.650001525878906,54.405967712402344,1325800
2024-01-08,53.79999923706055,54.29999923706055,53.5099983215332,54.060001373291016,53.818603515625,1201800
2024-01-09,53.400001525878906,53.66999816894531,52.349998474121094,52.59000015258789,52.35516357421875,1530000
2024-01-10,51.4900016784668,52.41999816894531,49.52000045776367,50.400001525878906,50.17494583129883,3127800
2024-01-11,50.75,50.97999954223633,49.13999938964844,50.0099983215332,49.78668212890625,1846900
2024-01-12,49.9900016784668,50.95000076293945,48.310001373291016,48.650001525878906,48.43275833129883,1510400
2024-01-16,49.72999954223633,49.900001525878906,48.38999938964844,49.29999923706055,49.07985305786133,1879700
2024-01-17,48.04999923706055,49.0099983215332,47.2400016784668,48.619998931884766,48.402889251708984,1730900
2024-01-18,49.09000015258789,49.29999923706055,47.58000183105469,47.95000076293945,47.73588562011719,1198900
2024-01-19,48.060001373291016,48.349998474121094,46.56999969482422,47.880001068115234,47.66619873046875,1667100
2024-01-22,46.88999938964844,49.470001220703125,46.56999969482422,47.86000061035156,47.64628601074219,1360000
2024-01-23,48.83000183105469,49.439998626708984,48.09000015258789,48.41999816894531,48.20378494262695,1412200
2024-01-24,50.41999816894531,50.7400016784668,48.68000030517578,48.7599983215332,48.542266845703125,1268800
2024-01-25,48.5099983215332,48.86000061035156,46.529998779296875,47.279998779296875,47.06887435913086,1600700
2024-01-26,47.529998779296875,48.220001220703125,46.93000030517578,46.959999084472656,46.75030517578125,912300
2024-01-29,46.5,46.56999969482422,45.52000045776367,46.02000045776367,45.81450271606445,1952700
2024-01-30,45.65999984741211,46.0099983215332,44.83000183105469,45.130001068115234,44.9284782409668,1522100
2024-01-31,43.790000915527344,44.150001525878906,42.06999969482422,42.06999969482422,41.88214111328125,3182200
2024-02-01,43.16999816894531,43.65999984741211,41.97999954223633,42.15999984741211,41.971736907958984,1945400
2024-02-02,41.20000076293945,41.33000183105469,40.06999969482422,40.63999938964844,40.458526611328125,1996300
2024-02-05,38.97999954223633,39.95000076293945,38.5,39.349998474121094,39.174285888671875,1719200
2024-02-06,40.0,40.97999954223633,39.900001525878906,40.52000045776367,40.33906173706055,2007700
2024-02-07,41.060001373291016,41.25,40.22999954223633,40.470001220703125,40.28928756713867,1282400
2024-02-08,40.59000015258789,40.63999938964844,39.7400016784668,40.45000076293945,40.26937484741211,1182000
2024-02-09,40.34000015258789,40.72999954223633,39.81999969482422,40.2400016784668,40.0603141784668,792100
2024-02-12,40.189998626708984,42.70000076293945,40.18000030517578,41.75,41.563568115234375,1635300
2024-02-13,40.84000015258789,41.11000061035156,39.529998779296875,39.599998474121094,39.42316818237305,2056200
2024-02-14,40.70000076293945,41.279998779296875,40.27000045776367,40.400001525878906,40.219600677490234,951500
2024-02-15,40.119998931884766,42.560001373291016,40.119998931884766,41.31999969482422,41.13549041748047,1601200
2024-02-16,42.380001068115234,43.79999923706055,42.06999969482422,43.369998931884766,43.176334381103516,1806500
2024-02-20,43.79999923706055,43.91999816894531,41.7599983215332,42.40999984741211,42.22062301635742,2019200
2024-02-21,42.599998474121094,43.72999954223633,42.349998474121094,42.91999816894531,42.72834396362305,1483500
2024-02-22,43.099998474121094,43.810001373291016,42.709999084472656,43.13999938964844,42.94736099243164,1604800
2024-02-23,43.119998931884766,44.47999954223633,42.86000061035156,43.66999816894531,43.47499465942383,1780400
2024-02-26,43.189998626708984,44.349998474121094,42.91999816894531,44.119998931884766,43.9229850769043,1045000
2024-02-27,44.65999984741211,46.040000915527344,44.65999984741211,45.650001525878906,45.4461555480957,2473800
2024-02-28,46.349998474121094,46.79999923706055,45.79999923706055,46.02000045776367,45.81450271606445,2203200
2024-02-29,47.65999984741211,51.54999923706055,47.54999923706055,49.720001220703125,49.497982025146484,3305300
2024-03-01,50.790000915527344,51.58000183105469,50.16999816894531,51.43000030517578,51.20034408569336,1857800
2024-03-04,50.61000061035156,50.61000061035156,47.849998474121094,48.130001068115234,47.91508102416992,1900500
2024-03-05,46.20000076293945,46.52000045776367,44.369998931884766,44.56999969482422,44.370975494384766,2049300
2024-03-06,46.13999938964844,47.33000183105469,45.0099983215332,46.43000030517578,46.22267150878906,1779700
2024-03-07,46.709999084472656,47.33000183105469,46.0099983215332,46.79999923706055,46.59101867675781,846100
2024-03-08,47.970001220703125,48.08000183105469,46.0,46.029998779296875,45.82445526123047,976500
2024-03-11,47.25,49.209999084472656,47.25,48.97999954223633,48.76128387451172,1318400
2024-03-12,49.75,50.400001525878906,48.9900016784668,49.91999816894531,49.697086334228516,1583600
2024-03-13,50.060001373291016,51.29999923706055,50.029998779296875,50.470001220703125,50.244632720947266,847700
2024-03-14,49.029998779296875,49.58000183105469,48.2599983215332,49.029998779296875,48.81106185913086,1127600
2024-03-15,49.41999816894531,50.75,49.02000045776367,50.31999969482422,50.09530258178711,1052000
2024-03-18,51.650001525878906,51.650001525878906,50.0,50.16999816894531,49.94596862792969,1008900
2024-03-19,48.81999969482422,49.08000183105469,47.900001525878906,48.06999969482422,47.8553466796875,930900
2024-03-20,47.83000183105469,51.22999954223633,47.75,50.5099983215332,50.28445053100586,1034500
2024-03-21,49.650001525878906,51.11000061035156,49.5,49.529998779296875,49.3088264465332,856600
2024-03-22,48.709999084472656,49.060001373291016,47.77000045776367,47.970001220703125,47.755794525146484,878100
2024-03-25,46.97999954223633,47.5,46.29999923706055,46.349998474121094,46.143028259277344,928200
2024-03-26,46.36000061035156,47.11000061035156,45.86000061035156,45.86000061035156,45.655216217041016,960600
2024-03-27,46.150001525878906,48.90999984741211,46.150001525878906,48.4900016784668,48.273475646972656,1348900
2024-03-28,49.099998474121094,49.65999984741211,48.220001220703125,49.15999984741211,48.94047927856445,844300
2024-04-01,49.79999923706055,49.95000076293945,48.70000076293945,48.9900016784668,48.771240234375,649100
2024-04-02,47.779998779296875,48.599998474121094,47.630001068115234,48.119998931884766,47.90512466430664,815100
2024-04-03,48.459999084472656,49.779998779296875,48.36000061035156,49.66999816894531,49.44820022583008,1048400
2024-04-04,50.130001068115234,50.45000076293945,47.5099983215332,47.83000183105469,47.61642074584961,1190800
2024-04-05,47.34000015258789,48.439998626708984,47.11000061035156,47.61000061035156,47.397403717041016,782500
2024-04-08,48.97999954223633,50.65999984741211,48.08000183105469,49.810001373291016,49.587581634521484,1358200
2024-04-09,50.18000030517578,51.7599983215332,50.18000030517578,51.56999969482422,51.339717864990234,1046100
2024-04-10,50.150001525878906,51.4900016784668,49.779998779296875,51.150001525878906,50.92159652709961,1206800
2024-04-11,51.29999923706055,51.900001525878906,50.380001068115234,51.15999984741211,50.931549072265625,905700
2024-04-12,50.84000015258789,51.119998931884766,47.91999816894531,47.939998626708984,47.72592544555664,990800
2024-04-15,48.13999938964844,48.72999954223633,46.18000030517578,46.95000076293945,46.74034881591797,784700
2024-04-16,45.90999984741211,46.45000076293945,45.52000045776367,45.529998779296875,45.326690673828125,827800
2024-04-17,45.9900016784668,47.060001373291016,45.81999969482422,46.02000045776367,45.81450271606445,1107400
2024-04-18,46.02000045776367,46.540000915527344,45.59000015258789,45.810001373291016,45.60544204711914,1144500
2024-04-19,45.29999923706055,45.849998474121094,44.84000015258789,44.9900016784668,44.78910446166992,1457400
2024-04-22,44.599998474121094,44.97999954223633,42.79999923706055,43.9900016784668,43.7935676574707,1241300
2024-04-23,43.45000076293945,45.279998779296875,43.369998931884766,44.790000915527344,44.589996337890625,1257800
2024-04-24,44.0099983215332,44.810001373291016,42.7400016784668,43.27000045776367,43.0767822265625,2556300
2024-04-25,43.25,43.619998931884766,42.130001068115234,43.5099983215332,43.31570816040039,1212300
2024-04-26,43.810001373291016,44.650001525878906,43.630001068115234,44.13999938964844,43.94289779663086,859200
2024-04-29,45.790000915527344,47.459999084472656,45.70000076293945,47.209999084472656,46.99918746948242,1503600
2024-04-30,45.83000183105469,46.29999923706055,45.040000915527344,45.689998626708984,45.4859733581543,1615900
2024-05-01,45.810001373291016,47.13999938964844,44.83000183105469,45.83000183105469,45.62535095214844,681200
2024-05-02,46.599998474121094,47.20000076293945,45.54999923706055,46.70000076293945,46.4914665222168,723700
2024-05-03,47.86000061035156,48.470001220703125,47.59000015258789,47.68000030517578,47.46709060668945,835400
2024-05-06,48.45000076293945,48.58000183105469,47.619998931884766,47.959999084472656,47.7458381652832,622400
2024-05-07,47.619998931884766,48.849998474121094,47.5,48.0099983215332,47.795616149902344,803100
2024-05-08,47.2400016784668,47.959999084472656,46.68000030517578,47.70000076293945,47.48699951171875,1192400
2024-05-09,47.900001525878906,49.45000076293945,47.5,48.29999923706055,48.29999923706055,1365200
2024-05-10,48.65999984741211,48.65999984741211,46.380001068115234,46.790000915527344,46.790000915527344,1139400
2024-05-13,47.20000076293945,48.209999084472656,46.709999084472656,48.099998474121094,48.099998474121094,725900
2024-05-14,48.4900016784668,49.68000030517578,48.400001525878906,49.5099983215332,49.5099983215332,1106700
2024-05-15,50.0099983215332,50.0099983215332,47.91999816894531,47.97999954223633,47.97999954223633,1142900
2024-05-16,48.040000915527344,48.4900016784668,47.20000076293945,47.970001220703125,47.970001220703125,878900
2024-05-17,47.90999984741211,48.66999816894531,47.540000915527344,47.849998474121094,47.849998474121094,740600
2024-05-20,47.849998474121094,48.91999816894531,47.380001068115234,48.900001525878906,48.900001525878906,700800
2024-05-21,48.36000061035156,48.970001220703125,47.150001525878906,47.310001373291016,47.310001373291016,565500
2024-05-22,46.70000076293945,47.72999954223633,46.459999084472656,47.5099983215332,47.5099983215332,1138900
2024-05-23,47.619998931884766,50.38999938964844,47.150001525878906,48.619998931884766,48.619998931884766,1860000
2024-05-24,48.59000015258789,49.720001220703125,48.16999816894531,49.45000076293945,49.45000076293945,1396700
2024-05-28,49.70000076293945,50.72999954223633,49.130001068115234,49.61000061035156,49.61000061035156,1159800
2024-05-29,48.619998931884766,48.900001525878906,46.970001220703125,47.0099983215332,47.0099983215332,941700
2024-05-30,46.9900016784668,47.31999969482422,46.40999984741211,46.75,46.75,982700
2024-05-31,47.189998626708984,48.209999084472656,46.060001373291016,46.70000076293945,46.70000076293945,1126000
2024-06-03,47.599998474121094,47.599998474121094,46.279998779296875,46.41999816894531,46.41999816894531,592500
2024-06-04,45.54999923706055,45.9900016784668,45.2400016784668,45.540000915527344,45.540000915527344,731100
2024-06-05,45.810001373291016,46.95000076293945,45.279998779296875,46.83000183105469,46.83000183105469,795000
2024-06-06,46.36000061035156,47.099998474121094,46.11000061035156,47.06999969482422,47.06999969482422,619700
2024-06-07,46.2400016784668,46.83000183105469,45.22999954223633,45.43000030517578,45.43000030517578,835200
2024-06-10,45.220001220703125,45.900001525878906,44.810001373291016,45.86000061035156,45.86000061035156,547300
2024-06-11,45.0099983215332,45.209999084472656,44.2400016784668,44.83000183105469,44.83000183105469,577600
2024-06-12,46.13999938964844,46.400001525878906,44.150001525878906,44.38999938964844,44.38999938964844,1001500
2024-06-13,44.20000076293945,44.56999969482422,43.459999084472656,43.58000183105469,43.58000183105469,1128500
2024-06-14,43.0099983215332,43.150001525878906,41.52000045776367,42.41999816894531,42.41999816894531,1366400
2024-06-17,42.20000076293945,42.59000015258789,41.41999816894531,42.18000030517578,42.18000030517578,1007900
2024-06-18,42.0,42.59000015258789,41.099998474121094,41.560001373291016,41.560001373291016,971000
2024-06-20,41.06999969482422,41.150001525878906,40.18000030517578,40.38999938964844,40.38999938964844,1264200
2024-06-21,40.4900016784668,41.459999084472656,40.29999923706055,40.77000045776367,40.77000045776367,1514300
2024-06-24,40.599998474121094,40.880001068115234,39.810001373291016,40.68000030517578,40.68000030517578,1099600
2024-06-25,40.959999084472656,41.189998626708984,39.97999954223633,40.22999954223633,40.22999954223633,1172700
2024-06-26,41.0,42.81999969482422,41.0,42.77000045776367,42.77000045776367,1288300
2024-06-27,42.369998931884766,42.369998931884766,41.029998779296875,41.47999954223633,41.47999954223633,929600
2024-06-28,41.529998779296875,41.529998779296875,40.560001373291016,40.75,40.75,1554900
2024-07-01,40.75,41.5,40.13999938964844,40.369998931884766,40.369998931884766,789300
2024-07-02,41.02000045776367,41.5,40.11000061035156,40.54999923706055,40.54999923706055,758600
2024-07-03,41.16999816894531,42.790000915527344,40.93000030517578,42.25,42.25,695400
2024-07-05,42.209999084472656,42.45000076293945,41.22999954223633,41.38999938964844,41.38999938964844,649700
2024-07-08,41.40999984741211,41.900001525878906,41.2599983215332,41.5,41.5,484800
2024-07-09,41.5,41.63999938964844,40.15999984741211,40.22999954223633,40.22999954223633,1203300
2024-07-10,40.31999969482422,42.15999984741211,40.31999969482422,41.619998931884766,41.619998931884766,950800
2024-07-11,42.810001373291016,42.84000015258789,41.56999969482422,42.560001373291016,42.560001373291016,1181400
2024-07-12,42.560001373291016,42.880001068115234,42.18000030517578,42.81999969482422,42.81999969482422,770000
2024-07-15,41.599998474121094,42.779998779296875,41.220001220703125,41.709999084472656,41.709999084472656,744900
2024-07-16,41.849998474121094,42.650001525878906,41.18000030517578,42.619998931884766,42.619998931884766,703700
2024-07-17,42.0,42.279998779296875,40.040000915527344,40.939998626708984,40.939998626708984,1473100
2024-07-18,40.959999084472656,41.650001525878906,39.41999816894531,39.63999938964844,39.63999938964844,1533600
2024-07-19,39.5,39.88999938964844,38.66999816894531,39.650001525878906,39.650001525878906,994600
2024-07-22,40.290000915527344,40.290000915527344,39.060001373291016,39.72999954223633,39.72999954223633,750000
2024-07-23,39.0,39.45000076293945,38.56999969482422,38.72999954223633,38.72999954223633,703200
2024-07-24,38.5,38.7599983215332,37.310001373291016,37.810001373291016,37.810001373291016,1619300
2024-07-25,37.720001220703125,38.5,37.2400016784668,37.45000076293945,37.45000076293945,928600
2024-07-26,38.630001068115234,38.900001525878906,37.77000045776367,38.33000183105469,38.33000183105469,769300
2024-07-29,38.119998931884766,38.18000030517578,37.380001068115234,37.93000030517578,37.93000030517578,789000
2024-07-30,37.7400016784668,38.22999954223633,37.459999084472656,37.72999954223633,37.72999954223633,742200
2024-07-31,38.189998626708984,38.68000030517578,37.900001525878906,38.060001373291016,38.060001373291016,1017000
2024-08-01,37.900001525878906,38.66999816894531,36.15999984741211,36.630001068115234,36.630001068115234,1638700
2024-08-02,36.0,36.0,34.630001068115234,35.209999084472656,35.209999084472656,1238900
2024-08-05,32.9900016784668,35.029998779296875,32.2400016784668,33.880001068115234,33.880001068115234,1967300
2024-08-06,33.90999984741211,34.5099983215332,33.619998931884766,34.33000183105469,34.33000183105469,1037900
2024-08-07,35.47999954223633,35.79999923706055,34.720001220703125,34.7599983215332,34.7599983215332,1298900
2024-08-08,35.470001220703125,36.529998779296875,35.0,35.97999954223633,35.97999954223633,975100
2024-08-09,37.290000915527344,37.81999969482422,36.209999084472656,36.58000183105469,36.58000183105469,1149400
2024-08-12,36.61000061035156,36.68000030517578,34.720001220703125,35.04999923706055,35.04999923706055,1469700
2024-08-13,35.209999084472656,36.5,35.04999923706055,36.38999938964844,36.38999938964844,1023200
2024-08-14,36.34000015258789,36.34000015258789,34.59000015258789,35.65999984741211,35.65999984741211,1343600
2024-08-15,36.459999084472656,37.369998931884766,36.16999816894531,36.970001220703125,36.970001220703125,730200
2024-08-16,36.84000015258789,37.2400016784668,36.54999923706055,37.09000015258789,37.09000015258789,613200
2024-08-19,37.279998779296875,37.779998779296875,36.58000183105469,37.529998779296875,37.529998779296875,885900
2024-08-20,37.27000045776367,37.75,36.970001220703125,37.27000045776367,37.27000045776367,875400
2024-08-21,37.810001373291016,38.540000915527344,36.939998626708984,38.45000076293945,38.45000076293945,1534400
2024-08-22,38.20000076293945,38.20000076293945,36.7400016784668,37.5099983215332,37.5099983215332,1321600
2024-08-23,37.84000015258789,38.93000030517578,37.709999084472656,38.63999938964844,38.63999938964844,955900
2024-08-26,38.97999954223633,39.34000015258789,38.06999969482422,38.2400016784668,38.2400016784668,539600
2024-08-27,38.029998779296875,38.27000045776367,37.5,37.56999969482422,37.56999969482422,822400
2024-08-28,37.5,37.599998474121094,36.79999923706055,37.20000076293945,37.20000076293945,550400
2024-08-29,37.47999954223633,39.27000045776367,37.099998474121094,38.790000915527344,38.790000915527344,984700
2024-08-30,39.20000076293945,39.869998931884766,38.31999969482422,38.79999923706055,38.79999923706055,1649000
