Date,Open,High,Low,Close,Adj Close,Volume
2018-11-20,447.0,475.79998779296875,432.0,469.79998779296875,469.79998779296875,3380
2018-11-21,471.0,473.3999938964844,465.6000061035156,468.6000061035156,468.6000061035156,1362
2018-11-23,465.0,469.79998779296875,453.6000061035156,459.6000061035156,459.6000061035156,985
2018-11-26,459.6000061035156,459.6000061035156,416.3999938964844,420.0,420.0,1295
2018-11-27,416.3999938964844,416.3999938964844,393.0,402.0,402.0,1285
2018-11-28,404.3999938964844,431.3999938964844,386.3999938964844,429.0,429.0,1522
2018-11-29,420.0,435.0,414.0,430.20001220703125,430.20001220703125,690
2018-11-30,423.6000061035156,448.20001220703125,411.0,444.0,444.0,735
2018-12-03,444.0,450.0,433.20001220703125,449.3999938964844,449.3999938964844,582
2018-12-04,432.0,443.3999938964844,408.0,437.3999938964844,437.3999938964844,480
2018-12-06,405.6000061035156,426.0,405.6000061035156,423.0,423.0,988
2018-12-07,420.0,420.0,409.79998779296875,413.3999938964844,413.3999938964844,1925
2018-12-10,412.79998779296875,420.0,412.79998779296875,414.0,414.0,2450
2018-12-11,414.0,418.20001220703125,411.0,414.0,414.0,735
2018-12-12,412.79998779296875,423.0,412.79998779296875,414.0,414.0,1062
2018-12-13,413.3999938964844,420.0,408.6000061035156,414.0,414.0,1108
2018-12-14,422.3999938964844,425.3999938964844,411.0,414.0,414.0,572
2018-12-17,414.0,423.6000061035156,408.6000061035156,414.0,414.0,970
2018-12-18,414.0,435.0,408.0,414.0,414.0,1892
2018-12-19,412.79998779296875,414.6000061035156,409.79998779296875,411.6000061035156,411.6000061035156,1110
2018-12-20,412.79998779296875,420.0,411.0,413.3999938964844,413.3999938964844,1063
2018-12-21,420.6000061035156,420.6000061035156,408.0,411.0,411.0,815
2018-12-24,408.0,411.6000061035156,407.3999938964844,410.3999938964844,410.3999938964844,580
2018-12-26,412.79998779296875,415.20001220703125,408.0,409.79998779296875,409.79998779296875,780
2018-12-27,411.6000061035156,420.0,384.6000061035156,406.79998779296875,406.79998779296875,1107
2018-12-28,403.20001220703125,408.0,402.0,403.79998779296875,403.79998779296875,708
2018-12-31,409.79998779296875,409.79998779296875,392.3999938964844,405.0,405.0,982
2019-01-02,403.79998779296875,404.3999938964844,393.0,399.0,399.0,757
2019-01-03,396.6000061035156,396.6000061035156,367.20001220703125,376.79998779296875,376.79998779296875,673
2019-01-04,369.6000061035156,396.6000061035156,369.6000061035156,396.6000061035156,396.6000061035156,642
2019-01-07,381.0,391.79998779296875,381.0,382.79998779296875,382.79998779296875,802
2019-01-08,378.0,382.79998779296875,360.6000061035156,372.6000061035156,372.6000061035156,683
2019-01-09,370.79998779296875,394.20001220703125,366.0,394.20001220703125,394.20001220703125,1053
2019-01-10,380.3999938964844,406.20001220703125,380.3999938964844,400.79998779296875,400.79998779296875,787
2019-01-11,401.3999938964844,401.3999938964844,393.0,401.3999938964844,401.3999938964844,632
2019-01-14,400.79998779296875,430.20001220703125,395.3999938964844,430.20001220703125,430.20001220703125,503
2019-01-15,420.0,429.6000061035156,403.79998779296875,405.0,405.0,763
2019-01-16,402.0,402.0,386.3999938964844,386.3999938964844,386.3999938964844,818
2019-01-17,377.3999938964844,394.79998779296875,377.3999938964844,388.20001220703125,388.20001220703125,915
2019-01-18,381.0,388.79998779296875,363.0,381.0,381.0,807
2019-01-22,366.6000061035156,385.79998779296875,364.20001220703125,378.0,378.0,762
2019-01-23,379.79998779296875,388.20001220703125,376.20001220703125,378.0,378.0,905
2019-01-24,375.0,402.0,375.0,390.0,390.0,1010
2019-01-25,390.0,390.0,378.6000061035156,381.0,381.0,697
2019-01-28,373.79998779296875,389.3999938964844,372.0,372.6000061035156,372.6000061035156,895
2019-01-29,375.0,393.6000061035156,375.0,378.6000061035156,378.6000061035156,768
2019-01-30,390.0,400.79998779296875,386.3999938964844,386.3999938964844,386.3999938964844,1143
2019-01-31,386.3999938964844,408.6000061035156,373.79998779296875,390.0,390.0,727
2019-02-01,380.3999938964844,384.6000061035156,366.0,366.0,366.0,488
2019-02-04,361.79998779296875,385.20001220703125,361.79998779296875,381.0,381.0,690
2019-02-05,379.79998779296875,390.0,366.6000061035156,386.3999938964844,386.3999938964844,672
2019-02-06,387.0,390.0,387.0,388.20001220703125,388.20001220703125,787
2019-02-07,387.0,387.6000061035156,386.3999938964844,387.6000061035156,387.6000061035156,710
2019-02-08,387.0,387.6000061035156,386.3999938964844,387.6000061035156,387.6000061035156,702
2019-02-11,387.0,389.3999938964844,386.3999938964844,387.6000061035156,387.6000061035156,700
2019-02-12,387.0,389.3999938964844,386.3999938964844,388.79998779296875,388.79998779296875,810
2019-02-13,389.3999938964844,390.0,385.79998779296875,386.3999938964844,386.3999938964844,720
2019-02-14,384.0,388.79998779296875,384.0,388.79998779296875,388.79998779296875,683
2019-02-15,384.0,384.0,381.0,382.79998779296875,382.79998779296875,770
2019-02-19,378.0,378.0,367.79998779296875,372.6000061035156,372.6000061035156,598
2019-02-20,375.6000061035156,384.0,373.20001220703125,378.0,378.0,607
2019-02-21,381.0,384.0,381.0,381.0,381.0,882
2019-02-22,382.20001220703125,384.0,379.79998779296875,379.79998779296875,379.79998779296875,1033
2019-02-25,381.6000061035156,384.0,380.3999938964844,382.20001220703125,382.20001220703125,1085
2019-02-26,381.6000061035156,384.0,381.0,382.20001220703125,382.20001220703125,918
2019-02-27,387.0,387.0,367.20001220703125,369.0,369.0,652
2019-02-28,374.3999938964844,375.0,366.0,371.3999938964844,371.3999938964844,633
2019-03-01,370.20001220703125,378.0,361.20001220703125,370.20001220703125,370.20001220703125,740
2019-03-04,376.20001220703125,378.0,372.0,376.79998779296875,376.79998779296875,775
2019-03-05,377.3999938964844,378.0,373.79998779296875,378.0,378.0,865
2019-03-06,376.79998779296875,378.0,374.3999938964844,378.0,378.0,982
2019-03-07,377.3999938964844,378.0,372.6000061035156,378.0,378.0,913
2019-03-08,373.79998779296875,378.0,373.79998779296875,378.0,378.0,992
2019-03-11,377.3999938964844,377.3999938964844,375.6000061035156,375.6000061035156,375.6000061035156,992
2019-03-12,378.0,378.0,374.3999938964844,378.0,378.0,450
2019-03-13,377.3999938964844,378.0,373.79998779296875,378.0,378.0,1178
2019-03-14,377.3999938964844,378.0,374.3999938964844,378.0,378.0,803
2019-03-15,377.3999938964844,378.0,372.6000061035156,378.0,378.0,700
2019-03-18,377.3999938964844,377.3999938964844,374.3999938964844,377.3999938964844,377.3999938964844,465
2019-03-19,377.3999938964844,378.0,374.3999938964844,378.0,378.0,1177
2019-03-20,376.20001220703125,378.0,374.3999938964844,378.0,378.0,828
2019-03-21,383.3999938964844,405.6000061035156,381.0,401.3999938964844,401.3999938964844,780
2019-03-22,404.3999938964844,406.79998779296875,393.0,399.0,399.0,1213
2019-03-25,401.3999938964844,412.79998779296875,393.0,408.0,408.0,1347
2019-03-26,419.3999938964844,419.3999938964844,393.6000061035156,408.0,408.0,1328
2019-03-27,409.20001220703125,420.0,405.0,415.79998779296875,415.79998779296875,1398
2019-03-28,417.6000061035156,420.0,408.0,411.6000061035156,411.6000061035156,1452
2019-03-29,412.20001220703125,414.6000061035156,394.20001220703125,402.0,402.0,870
2019-04-01,409.20001220703125,409.20001220703125,396.0,396.0,396.0,747
2019-04-02,402.0,403.20001220703125,393.0,393.0,393.0,847
2019-04-03,397.20001220703125,411.0,397.20001220703125,405.6000061035156,405.6000061035156,768
2019-04-04,403.20001220703125,418.20001220703125,381.6000061035156,394.20001220703125,394.20001220703125,897
2019-04-05,397.79998779296875,420.0,397.79998779296875,406.20001220703125,406.20001220703125,870
2019-04-08,408.0,420.0,396.0,415.20001220703125,415.20001220703125,1460
2019-04-09,412.20001220703125,468.0,410.3999938964844,444.6000061035156,444.6000061035156,2042
2019-04-10,451.20001220703125,468.0,426.6000061035156,450.0,450.0,1772
2019-04-11,448.20001220703125,468.0,435.6000061035156,444.0,444.0,1765
2019-04-12,450.0,457.20001220703125,436.20001220703125,441.0,441.0,1407
2019-04-15,435.6000061035156,456.6000061035156,435.6000061035156,447.0,447.0,1202
2019-04-16,451.20001220703125,456.6000061035156,441.0,448.20001220703125,448.20001220703125,1232
2019-04-17,445.79998779296875,459.6000061035156,428.3999938964844,445.20001220703125,445.20001220703125,1423
2019-04-18,451.20001220703125,458.3999938964844,433.20001220703125,435.0,435.0,1345
2019-04-22,435.6000061035156,442.79998779296875,399.0,415.79998779296875,415.79998779296875,1483
2019-04-23,409.79998779296875,426.0,402.6000061035156,406.79998779296875,406.79998779296875,1365
2019-04-24,415.79998779296875,421.20001220703125,412.79998779296875,414.0,414.0,1537
2019-04-25,408.6000061035156,431.3999938964844,402.0,405.0,405.0,1558
2019-04-26,402.6000061035156,421.20001220703125,399.6000061035156,408.0,408.0,1458
2019-04-29,411.0,418.79998779296875,407.3999938964844,412.79998779296875,412.79998779296875,1475
2019-04-30,415.79998779296875,420.0,412.20001220703125,420.0,420.0,1515
2019-05-01,417.0,427.79998779296875,411.6000061035156,413.3999938964844,413.3999938964844,1742
2019-05-02,413.3999938964844,420.0,407.3999938964844,414.0,414.0,1480
2019-05-03,414.6000061035156,420.0,413.3999938964844,413.3999938964844,413.3999938964844,1362
2019-05-06,417.0,420.0,414.0,414.0,414.0,1700
2019-05-07,415.79998779296875,423.0,414.6000061035156,420.0,420.0,825
2019-05-08,424.20001220703125,429.0,420.0,423.6000061035156,423.6000061035156,987
2019-05-09,417.0,432.0,411.6000061035156,418.79998779296875,418.79998779296875,1157
2019-05-10,417.0,428.3999938964844,412.20001220703125,412.20001220703125,412.20001220703125,752
2019-05-13,410.3999938964844,420.0,410.3999938964844,417.6000061035156,417.6000061035156,658
2019-05-14,417.6000061035156,426.0,415.79998779296875,419.3999938964844,419.3999938964844,640
2019-05-15,420.0,428.3999938964844,396.0,396.0,396.0,728
2019-05-16,408.6000061035156,408.6000061035156,400.79998779296875,403.79998779296875,403.79998779296875,1013
2019-05-17,409.20001220703125,428.3999938964844,390.0,399.0,399.0,1193
2019-05-20,379.20001220703125,408.0,357.6000061035156,376.79998779296875,376.79998779296875,1492
2019-05-21,378.0,378.6000061035156,348.0,348.0,348.0,788
2019-05-22,352.79998779296875,366.0,338.3999938964844,348.0,348.0,1230
2019-05-23,346.79998779296875,357.0,330.0,336.0,336.0,825
2019-05-24,336.0,351.6000061035156,332.3999938964844,336.0,336.0,928
2019-05-28,322.20001220703125,342.6000061035156,318.0,318.0,318.0,1843
2019-05-29,318.0,318.6000061035156,252.60000610351562,254.39999389648438,254.39999389648438,3353
2019-05-30,261.0,291.0,252.60000610351562,253.1999969482422,253.1999969482422,1695
2019-05-31,252.0,267.0,234.0,267.0,267.0,2608
2019-06-03,258.0,260.3999938964844,235.8000030517578,239.39999389648438,239.39999389648438,1402
2019-06-04,241.8000030517578,241.8000030517578,226.1999969482422,228.0,228.0,1232
2019-06-05,226.1999969482422,231.60000610351562,195.60000610351562,202.1999969482422,202.1999969482422,1745
2019-06-06,199.8000030517578,205.8000030517578,162.60000610351562,177.60000610351562,177.60000610351562,1167
2019-06-07,180.60000610351562,193.8000030517578,180.60000610351562,192.0,192.0,1688
2019-06-10,192.0,195.0,183.60000610351562,193.1999969482422,193.1999969482422,1143
2019-06-11,193.8000030517578,205.1999969482422,191.39999389648438,199.1999969482422,199.1999969482422,2325
2019-06-12,196.1999969482422,205.8000030517578,187.8000030517578,189.0,189.0,3365
2019-06-13,192.0,199.1999969482422,155.39999389648438,161.39999389648438,161.39999389648438,1840
2019-06-14,178.8000030517578,182.39999389648438,177.0,177.60000610351562,177.60000610351562,963
2019-06-17,186.0,189.60000610351562,123.0,127.80000305175781,127.80000305175781,3033
2019-06-18,150.60000610351562,154.8000030517578,124.80000305175781,151.1999969482422,151.1999969482422,3710
2019-06-19,152.39999389648438,168.60000610351562,136.8000030517578,165.60000610351562,165.60000610351562,1827
2019-06-20,169.1999969482422,195.0,160.8000030517578,181.8000030517578,181.8000030517578,2012
2019-06-21,180.0,202.8000030517578,174.0,188.39999389648438,188.39999389648438,2355
2019-06-24,187.1999969482422,207.0,185.39999389648438,190.8000030517578,190.8000030517578,2445
2019-06-25,189.0,205.1999969482422,173.39999389648438,173.39999389648438,173.39999389648438,3363
2019-06-26,176.39999389648438,193.1999969482422,171.60000610351562,181.1999969482422,181.1999969482422,1677
2019-06-27,181.1999969482422,197.39999389648438,178.8000030517578,191.39999389648438,191.39999389648438,2518
2019-06-28,188.39999389648438,198.60000610351562,180.60000610351562,183.60000610351562,183.60000610351562,1507
2019-07-01,187.1999969482422,198.0,182.39999389648438,193.1999969482422,193.1999969482422,1653
2019-07-02,194.39999389648438,222.0,181.1999969482422,211.8000030517578,211.8000030517578,1775
2019-07-03,226.1999969482422,250.8000030517578,216.0,240.0,240.0,945
2019-07-05,232.1999969482422,277.20001220703125,232.1999969482422,253.8000030517578,253.8000030517578,677
2019-07-08,251.39999389648438,311.3999938964844,226.8000030517578,285.0,285.0,1557
2019-07-09,291.0,335.3999938964844,290.3999938964844,317.3999938964844,317.3999938964844,1632
2019-07-10,321.0,327.6000061035156,290.3999938964844,300.0,300.0,1720
2019-07-11,297.0,300.0,272.3999938964844,285.6000061035156,285.6000061035156,1000
2019-07-12,283.20001220703125,298.20001220703125,276.0,282.0,282.0,945
2019-07-15,282.6000061035156,336.0,282.6000061035156,305.3999938964844,305.3999938964844,1165
2019-07-16,303.0,323.3999938964844,291.0,300.6000061035156,300.6000061035156,1063
2019-07-17,300.6000061035156,313.79998779296875,276.6000061035156,300.6000061035156,300.6000061035156,1005
2019-07-18,300.6000061035156,312.0,294.0,294.6000061035156,294.6000061035156,873
2019-07-19,286.79998779296875,304.79998779296875,284.3999938964844,303.6000061035156,303.6000061035156,733
2019-07-22,300.6000061035156,300.6000061035156,276.0,276.0,276.0,688
2019-07-23,277.79998779296875,288.0,254.39999389648438,268.79998779296875,268.79998779296875,440
2019-07-24,278.3999938964844,281.3999938964844,252.0,252.0,252.0,205
2019-07-25,250.1999969482422,270.0,245.39999389648438,264.6000061035156,264.6000061035156,68
2019-07-26,270.0,276.0,243.0,267.0,267.0,75
2019-07-29,255.60000610351562,282.0,243.0,282.0,282.0,102
2019-07-30,296.3999938964844,296.3999938964844,260.3999938964844,273.6000061035156,273.6000061035156,200
2019-07-31,286.79998779296875,286.79998779296875,259.20001220703125,274.79998779296875,274.79998779296875,133
2019-08-01,280.20001220703125,280.20001220703125,256.79998779296875,267.6000061035156,267.6000061035156,298
2019-08-02,259.20001220703125,269.3999938964844,237.60000610351562,237.60000610351562,237.60000610351562,42
2019-08-05,260.3999938964844,260.3999938964844,240.0,259.79998779296875,259.79998779296875,137
2019-08-06,265.79998779296875,297.0,253.8000030517578,297.0,297.0,75
2019-08-07,281.3999938964844,295.20001220703125,244.1999969482422,282.0,282.0,162
2019-08-08,285.0,300.0,276.0,287.3999938964844,287.3999938964844,83
2019-08-09,285.0,288.0,244.8000030517578,285.0,285.0,80
2019-08-12,282.0,282.0,259.20001220703125,259.20001220703125,259.20001220703125,28
2019-08-13,274.20001220703125,282.0,243.0,255.0,255.0,153
2019-08-14,265.79998779296875,265.79998779296875,248.39999389648438,248.39999389648438,248.39999389648438,178
2019-08-15,255.60000610351562,264.0,243.0,246.0,246.0,148
2019-08-16,256.79998779296875,279.6000061035156,204.60000610351562,204.60000610351562,204.60000610351562,285
2019-08-19,202.1999969482422,223.1999969482422,189.0,207.0,207.0,263
2019-08-20,228.60000610351562,241.1999969482422,216.0,237.60000610351562,237.60000610351562,38
2019-08-21,246.0,246.0,202.8000030517578,218.39999389648438,218.39999389648438,60
2019-08-22,213.0,228.0,195.60000610351562,228.0,228.0,12
2019-08-23,207.60000610351562,207.60000610351562,133.8000030517578,156.60000610351562,156.60000610351562,2360
2019-08-26,153.60000610351562,157.1999969482422,143.39999389648438,151.8000030517578,151.8000030517578,328
2019-08-27,142.1999969482422,151.8000030517578,139.1999969482422,141.0,141.0,198
2019-08-28,139.1999969482422,152.39999389648438,138.60000610351562,138.60000610351562,138.60000610351562,355
2019-08-29,141.0,152.39999389648438,141.0,152.39999389648438,152.39999389648438,202
2019-08-30,148.1999969482422,153.0,141.60000610351562,150.0,150.0,250
2019-09-03,151.1999969482422,175.8000030517578,145.8000030517578,172.1999969482422,172.1999969482422,377
2019-09-04,174.0,174.0,142.8000030517578,154.8000030517578,154.8000030517578,462
2019-09-05,159.0,180.0,144.60000610351562,162.0,162.0,325
2019-09-06,170.39999389648438,170.39999389648438,150.60000610351562,160.8000030517578,160.8000030517578,120
2019-09-09,165.0,169.1999969482422,154.1999969482422,163.1999969482422,163.1999969482422,168
2019-09-10,165.0,167.39999389648438,162.0,164.39999389648438,164.39999389648438,107
2019-09-11,168.0,168.0,160.8000030517578,165.0,165.0,178
2019-09-12,162.0,174.0,153.0,160.1999969482422,160.1999969482422,167
2019-09-13,163.1999969482422,165.0,159.0,160.1999969482422,160.1999969482422,53
2019-09-16,163.1999969482422,168.0,155.39999389648438,159.60000610351562,159.60000610351562,155
2019-09-17,161.39999389648438,166.8000030517578,156.0,156.60000610351562,156.60000610351562,180
2019-09-18,156.60000610351562,157.1999969482422,153.0,157.1999969482422,157.1999969482422,113
2019-09-19,156.0,157.1999969482422,148.1999969482422,156.0,156.0,217
2019-09-20,154.8000030517578,159.0,145.1999969482422,147.60000610351562,147.60000610351562,355
2019-09-23,142.1999969482422,151.1999969482422,139.1999969482422,139.1999969482422,139.1999969482422,242
2019-09-24,148.8000030517578,153.0,143.39999389648438,148.8000030517578,148.8000030517578,80
2019-09-25,144.0,148.8000030517578,138.60000610351562,146.39999389648438,146.39999389648438,178
2019-09-26,145.1999969482422,145.8000030517578,133.1999969482422,140.39999389648438,140.39999389648438,257
2019-09-27,138.0,142.1999969482422,128.39999389648438,141.0,141.0,118
2019-09-30,131.39999389648438,136.8000030517578,120.5999984741211,133.1999969482422,133.1999969482422,475
2019-10-01,139.1999969482422,142.1999969482422,133.1999969482422,140.39999389648438,140.39999389648438,140
2019-10-02,144.0,153.0,130.8000030517578,153.0,153.0,212
2019-10-03,153.0,178.8000030517578,153.0,168.60000610351562,168.60000610351562,775
2019-10-04,177.60000610351562,180.0,163.1999969482422,174.60000610351562,174.60000610351562,185
2019-10-07,175.1999969482422,175.1999969482422,151.1999969482422,168.60000610351562,168.60000610351562,140
2019-10-08,166.1999969482422,174.0,147.60000610351562,171.0,171.0,68
2019-10-09,170.39999389648438,172.8000030517578,151.8000030517578,162.0,162.0,67
2019-10-10,163.1999969482422,165.0,159.60000610351562,163.1999969482422,163.1999969482422,58
2019-10-11,165.0,165.0,139.1999969482422,163.1999969482422,163.1999969482422,175
2019-10-14,162.60000610351562,165.0,156.60000610351562,165.0,165.0,43
2019-10-15,162.60000610351562,165.0,156.0,156.0,156.0,250
2019-10-16,157.1999969482422,162.60000610351562,146.39999389648438,162.60000610351562,162.60000610351562,137
2019-10-17,160.8000030517578,162.0,151.8000030517578,155.39999389648438,155.39999389648438,173
2019-10-18,160.8000030517578,171.0,142.8000030517578,169.8000030517578,169.8000030517578,62
2019-10-21,162.0,166.1999969482422,160.1999969482422,163.1999969482422,163.1999969482422,212
2019-10-22,162.0,163.8000030517578,159.60000610351562,162.60000610351562,162.60000610351562,83
2019-10-23,159.60000610351562,161.39999389648438,148.8000030517578,156.0,156.0,130
2019-10-24,160.1999969482422,163.1999969482422,156.60000610351562,157.8000030517578,157.8000030517578,72
2019-10-25,159.60000610351562,161.39999389648438,156.0,156.0,156.0,100
2019-10-28,156.0,158.39999389648438,153.60000610351562,155.39999389648438,155.39999389648438,125
2019-10-29,159.0,161.39999389648438,157.1999969482422,160.1999969482422,160.1999969482422,38
2019-10-30,159.0,162.0,153.0,154.1999969482422,154.1999969482422,132
2019-10-31,156.60000610351562,158.39999389648438,147.0,155.39999389648438,155.39999389648438,53
2019-11-01,154.1999969482422,156.0,150.0,156.0,156.0,53
2019-11-04,156.0,161.39999389648438,156.0,160.1999969482422,160.1999969482422,75
2019-11-05,157.8000030517578,157.8000030517578,154.8000030517578,155.39999389648438,155.39999389648438,70
2019-11-06,154.8000030517578,157.8000030517578,154.1999969482422,157.1999969482422,157.1999969482422,55
2019-11-07,155.39999389648438,162.60000610351562,150.0,162.0,162.0,102
2019-11-08,162.60000610351562,164.39999389648438,156.60000610351562,163.1999969482422,163.1999969482422,68
2019-11-11,159.60000610351562,160.1999969482422,153.60000610351562,153.60000610351562,153.60000610351562,53
2019-11-12,150.0,156.0,149.39999389648438,156.0,156.0,57
2019-11-13,156.0,157.1999969482422,153.0,153.60000610351562,153.60000610351562,17
2019-11-14,154.8000030517578,156.0,154.8000030517578,156.0,156.0,22
2019-11-15,153.60000610351562,154.1999969482422,144.60000610351562,150.0,150.0,103
2019-11-18,147.0,149.39999389648438,147.0,147.0,147.0,43
2019-11-19,150.0,152.39999389648438,150.0,152.39999389648438,152.39999389648438,22
2019-11-20,149.39999389648438,149.39999389648438,148.8000030517578,149.39999389648438,149.39999389648438,12
2019-11-21,148.8000030517578,151.8000030517578,133.1999969482422,151.1999969482422,151.1999969482422,203
2019-11-22,149.39999389648438,162.0,147.0,150.0,150.0,268
2019-11-25,157.1999969482422,157.1999969482422,149.39999389648438,149.39999389648438,149.39999389648438,213
2019-11-26,153.0,157.1999969482422,150.0,151.8000030517578,151.8000030517578,240
2019-11-27,154.8000030517578,154.8000030517578,147.60000610351562,151.8000030517578,151.8000030517578,33
2019-11-29,148.8000030517578,152.39999389648438,138.0,138.0,138.0,92
2019-12-02,138.60000610351562,142.8000030517578,135.0,138.60000610351562,138.60000610351562,98
2019-12-03,138.0,138.60000610351562,133.8000030517578,137.39999389648438,137.39999389648438,128
2019-12-04,133.1999969482422,137.39999389648438,124.80000305175781,136.1999969482422,136.1999969482422,198
2019-12-05,135.60000610351562,135.60000610351562,132.0,132.0,132.0,32
2019-12-06,131.39999389648438,138.0,131.39999389648438,138.0,138.0,142
2019-12-09,135.0,135.60000610351562,114.0,135.60000610351562,135.60000610351562,10622
2019-12-10,125.4000015258789,129.0,114.5999984741211,119.4000015258789,119.4000015258789,1028
2019-12-11,121.80000305175781,123.0,105.0,111.0,111.0,322
2019-12-12,114.5999984741211,120.5999984741211,106.80000305175781,117.0,117.0,118
2019-12-13,114.0,119.4000015258789,102.0,105.5999984741211,105.5999984741211,935
2019-12-16,94.80000305175781,106.19999694824219,94.80000305175781,100.80000305175781,100.80000305175781,418
2019-12-17,97.19999694824219,105.5999984741211,97.19999694824219,105.5999984741211,105.5999984741211,278
2019-12-18,107.4000015258789,112.80000305175781,103.19999694824219,112.19999694824219,112.19999694824219,553
2019-12-19,112.19999694824219,114.0,102.0,113.4000015258789,113.4000015258789,568
2019-12-20,113.4000015258789,114.0,100.19999694824219,113.4000015258789,113.4000015258789,92
2019-12-23,117.0,120.0,108.5999984741211,116.4000015258789,116.4000015258789,212
2019-12-24,111.0,120.0,108.5999984741211,111.5999984741211,111.5999984741211,755
2019-12-26,108.0,111.0,105.0,109.80000305175781,109.80000305175781,77
2019-12-27,107.4000015258789,113.4000015258789,100.80000305175781,102.0,102.0,370
2019-12-30,102.0,102.0,90.5999984741211,97.80000305175781,97.80000305175781,1035
2019-12-31,96.0,97.19999694824219,81.0,85.80000305175781,85.80000305175781,4147
2020-01-02,87.0,108.0,86.4000015258789,103.19999694824219,103.19999694824219,1288
2020-01-03,103.19999694824219,103.19999694824219,89.4000015258789,91.19999694824219,91.19999694824219,1350
2020-01-06,90.0,93.0,89.4000015258789,90.5999984741211,90.5999984741211,482
2020-01-07,94.80000305175781,94.80000305175781,85.80000305175781,91.19999694824219,91.19999694824219,172
2020-01-08,94.80000305175781,94.80000305175781,90.0,90.0,90.0,90
2020-01-09,90.5999984741211,92.4000015258789,86.4000015258789,90.0,90.0,200
2020-01-10,87.5999984741211,91.80000305175781,87.0,89.4000015258789,89.4000015258789,195
2020-01-13,88.19999694824219,89.4000015258789,85.19999694824219,89.4000015258789,89.4000015258789,268
2020-01-14,99.0,99.0,84.5999984741211,94.19999694824219,94.19999694824219,1013
2020-01-15,90.0,98.4000015258789,88.80000305175781,96.0,96.0,238
2020-01-16,98.4000015258789,98.4000015258789,91.19999694824219,96.5999984741211,96.5999984741211,528
2020-01-17,99.0,99.0,92.4000015258789,93.0,93.0,202
2020-01-21,94.19999694824219,94.80000305175781,93.0,94.19999694824219,94.19999694824219,33
2020-01-22,93.5999984741211,93.5999984741211,93.0,93.0,93.0,13
2020-01-23,91.80000305175781,105.5999984741211,91.19999694824219,105.0,105.0,157
2020-01-24,102.5999984741211,104.4000015258789,89.4000015258789,96.5999984741211,96.5999984741211,373
2020-01-27,93.0,93.0,90.5999984741211,90.5999984741211,90.5999984741211,47
2020-01-28,85.19999694824219,85.19999694824219,85.19999694824219,85.19999694824219,85.19999694824219,13
2020-01-29,86.4000015258789,86.4000015258789,84.5999984741211,84.5999984741211,84.5999984741211,180
2020-01-30,85.19999694824219,94.80000305175781,85.19999694824219,87.0,87.0,83
2020-01-31,87.0,88.19999694824219,85.19999694824219,85.19999694824219,85.19999694824219,53
2020-02-03,85.80000305175781,85.80000305175781,75.5999984741211,77.4000015258789,77.4000015258789,292
2020-02-04,73.80000305175781,74.4000015258789,73.80000305175781,74.4000015258789,74.4000015258789,123
2020-02-05,70.19999694824219,75.0,70.19999694824219,74.4000015258789,74.4000015258789,40
2020-02-06,74.4000015258789,74.4000015258789,70.19999694824219,73.80000305175781,73.80000305175781,20
2020-02-07,70.80000305175781,70.80000305175781,67.80000305175781,67.80000305175781,67.80000305175781,45
2020-02-10,72.0,73.80000305175781,72.0,73.80000305175781,73.80000305175781,20
2020-02-11,75.0,75.0,73.19999694824219,73.19999694824219,73.19999694824219,88
2020-02-12,75.0,87.5999984741211,73.80000305175781,83.4000015258789,83.4000015258789,182
2020-02-13,87.5999984741211,96.0,81.0,93.5999984741211,93.5999984741211,152
2020-02-14,92.4000015258789,98.4000015258789,67.19999694824219,87.0,87.0,243
2020-02-18,92.4000015258789,93.0,84.0,90.0,90.0,83
2020-02-19,93.0,93.0,90.5999984741211,93.0,93.0,222
2020-02-20,78.5999984741211,93.0,67.19999694824219,92.4000015258789,92.4000015258789,310
2020-02-21,96.0,98.4000015258789,91.80000305175781,91.80000305175781,91.80000305175781,78
2020-02-24,90.5999984741211,92.4000015258789,90.0,90.0,90.0,115
2020-02-25,91.19999694824219,93.5999984741211,90.0,90.0,90.0,50
2020-02-26,97.80000305175781,98.4000015258789,90.0,90.0,90.0,105
2020-02-27,90.0,90.5999984741211,87.0,90.5999984741211,90.5999984741211,22
2020-02-28,90.5999984741211,90.5999984741211,90.0,90.0,90.0,8
2020-03-02,90.5999984741211,92.4000015258789,90.5999984741211,92.4000015258789,92.4000015258789,33
2020-03-03,91.80000305175781,92.4000015258789,90.5999984741211,90.5999984741211,90.5999984741211,45
2020-03-04,92.4000015258789,93.0,91.80000305175781,93.0,93.0,110
2020-03-05,92.4000015258789,95.4000015258789,88.80000305175781,90.5999984741211,90.5999984741211,148
2020-03-06,90.0,90.5999984741211,88.80000305175781,88.80000305175781,88.80000305175781,53
2020-03-09,90.0,90.0,90.0,90.0,90.0,7
2020-03-10,90.0,90.0,78.5999984741211,88.80000305175781,88.80000305175781,388
2020-03-11,80.4000015258789,95.4000015258789,78.0,95.4000015258789,95.4000015258789,72
2020-03-12,99.0,99.0,73.80000305175781,90.0,90.0,97
2020-03-13,97.80000305175781,97.80000305175781,76.19999694824219,90.0,90.0,128
2020-03-16,67.80000305175781,85.80000305175781,67.80000305175781,81.5999984741211,81.5999984741211,25
2020-03-17,84.0,95.4000015258789,77.4000015258789,87.0,87.0,117
2020-03-18,97.19999694824219,97.19999694824219,83.4000015258789,84.0,84.0,80
2020-03-19,90.0,90.5999984741211,84.0,85.19999694824219,85.19999694824219,92
2020-03-20,84.0,84.0,84.0,84.0,84.0,8
2020-03-23,96.0,96.0,69.5999984741211,79.80000305175781,79.80000305175781,92
2020-03-24,87.5999984741211,87.5999984741211,84.0,84.5999984741211,84.5999984741211,225
2020-03-25,97.19999694824219,98.4000015258789,90.0,97.80000305175781,97.80000305175781,132
2020-03-26,98.4000015258789,100.19999694824219,85.19999694824219,90.5999984741211,90.5999984741211,300
2020-03-27,87.0,90.5999984741211,84.0,84.0,84.0,100
2020-03-30,91.19999694824219,102.0,81.0,96.0,96.0,205
2020-03-31,81.5999984741211,97.80000305175781,81.5999984741211,97.80000305175781,97.80000305175781,168
2020-04-01,102.0,106.19999694824219,83.4000015258789,90.5999984741211,90.5999984741211,123
2020-04-02,88.80000305175781,102.0,87.0,88.80000305175781,88.80000305175781,115
2020-04-03,86.4000015258789,90.0,85.80000305175781,90.0,90.0,67
2020-04-06,100.80000305175781,102.0,84.0,92.4000015258789,92.4000015258789,185
2020-04-07,91.80000305175781,92.4000015258789,83.4000015258789,90.0,90.0,98
2020-04-08,90.0,90.0,81.0,84.5999984741211,84.5999984741211,133
2020-04-09,84.5999984741211,84.5999984741211,84.0,84.5999984741211,84.5999984741211,133
2020-04-13,91.80000305175781,96.0,80.4000015258789,96.0,96.0,90
2020-04-14,84.5999984741211,95.4000015258789,84.0,84.0,84.0,105
2020-04-15,90.0,100.80000305175781,87.0,96.0,96.0,1015
2020-04-16,95.4000015258789,101.4000015258789,85.19999694824219,101.4000015258789,101.4000015258789,378
2020-04-17,100.19999694824219,100.80000305175781,87.0,99.5999984741211,99.5999984741211,178
2020-04-20,97.80000305175781,101.4000015258789,87.0,91.19999694824219,91.19999694824219,188
2020-04-21,100.80000305175781,105.0,96.0,99.0,99.0,93
2020-04-22,99.0,99.0,95.4000015258789,95.4000015258789,95.4000015258789,22
2020-04-23,96.0,96.0,96.0,96.0,96.0,23
2020-04-24,93.0,96.0,91.80000305175781,95.4000015258789,95.4000015258789,55
2020-04-27,89.4000015258789,94.80000305175781,89.4000015258789,94.80000305175781,94.80000305175781,42
2020-04-28,96.5999984741211,96.5999984741211,96.0,96.0,96.0,15
2020-04-29,96.0,97.19999694824219,96.0,97.19999694824219,97.19999694824219,30
2020-04-30,94.80000305175781,95.4000015258789,91.19999694824219,95.4000015258789,95.4000015258789,17
2020-05-01,96.0,96.0,94.80000305175781,94.80000305175781,94.80000305175781,13
2020-05-04,99.0,99.0,88.19999694824219,99.0,99.0,245
2020-05-05,97.80000305175781,97.80000305175781,93.0,95.4000015258789,95.4000015258789,25
2020-05-06,95.4000015258789,96.0,86.4000015258789,93.5999984741211,93.5999984741211,75
2020-05-07,88.80000305175781,93.0,86.4000015258789,91.19999694824219,91.19999694824219,43
2020-05-08,93.0,93.0,90.0,91.80000305175781,91.80000305175781,15
2020-05-11,87.0,87.0,81.0,86.4000015258789,86.4000015258789,197
2020-05-12,82.19999694824219,84.0,81.0,84.0,84.0,215
2020-05-13,87.5999984741211,92.4000015258789,87.5999984741211,87.5999984741211,87.5999984741211,15
2020-05-14,90.0,91.80000305175781,89.4000015258789,89.4000015258789,89.4000015258789,17
2020-05-15,87.5999984741211,87.5999984741211,87.0,87.5999984741211,87.5999984741211,15
2020-05-18,87.0,87.0,86.4000015258789,86.4000015258789,86.4000015258789,10
2020-05-19,85.19999694824219,85.19999694824219,85.19999694824219,85.19999694824219,85.19999694824219,25
2020-05-20,87.5999984741211,87.5999984741211,87.5999984741211,87.5999984741211,87.5999984741211,3
2020-05-21,87.0,87.0,84.5999984741211,84.5999984741211,84.5999984741211,28
2020-05-22,88.19999694824219,88.19999694824219,81.0,85.80000305175781,85.80000305175781,123
2020-05-26,81.0,84.0,81.0,81.5999984741211,81.5999984741211,112
2020-05-27,84.0,91.80000305175781,75.0,82.19999694824219,82.19999694824219,240
2020-05-28,79.80000305175781,80.4000015258789,78.0,80.4000015258789,80.4000015258789,23
2020-05-29,81.0,81.0,75.0,78.0,78.0,95
2020-06-01,79.80000305175781,80.4000015258789,78.0,79.19999694824219,79.19999694824219,23
2020-06-02,79.19999694824219,79.19999694824219,78.5999984741211,78.5999984741211,78.5999984741211,5
2020-06-03,79.19999694824219,82.80000305175781,75.0,82.80000305175781,82.80000305175781,78
2020-06-04,81.5999984741211,90.0,78.0,84.0,84.0,408
2020-06-05,75.0,84.0,75.0,82.19999694824219,82.19999694824219,188
2020-06-08,82.19999694824219,82.19999694824219,81.5999984741211,82.19999694824219,82.19999694824219,18
2020-06-09,82.80000305175781,87.0,81.5999984741211,83.4000015258789,83.4000015258789,112
2020-06-10,84.0,96.0,80.4000015258789,89.4000015258789,89.4000015258789,445
2020-06-11,91.19999694824219,100.80000305175781,85.80000305175781,92.4000015258789,92.4000015258789,1807
2020-06-12,102.0,114.0,87.0,114.0,114.0,4547
2020-06-15,102.0,111.0,92.4000015258789,105.0,105.0,862
2020-06-16,103.19999694824219,105.0,92.4000015258789,96.5999984741211,96.5999984741211,503
2020-06-17,94.80000305175781,99.0,81.0,87.5999984741211,87.5999984741211,1458
2020-06-18,82.80000305175781,88.80000305175781,82.80000305175781,85.80000305175781,85.80000305175781,343
2020-06-19,85.80000305175781,90.0,84.0,86.4000015258789,86.4000015258789,307
2020-06-22,90.5999984741211,90.5999984741211,82.80000305175781,88.19999694824219,88.19999694824219,373
2020-06-23,88.19999694824219,92.4000015258789,84.0,92.4000015258789,92.4000015258789,1130
2020-06-24,84.0,93.5999984741211,84.0,92.4000015258789,92.4000015258789,525
2020-06-25,92.4000015258789,93.5999984741211,85.80000305175781,93.5999984741211,93.5999984741211,247
2020-06-26,93.5999984741211,95.4000015258789,87.5999984741211,94.80000305175781,94.80000305175781,233
2020-06-29,89.4000015258789,95.4000015258789,87.0,92.4000015258789,92.4000015258789,125
2020-06-30,92.4000015258789,95.4000015258789,86.4000015258789,95.4000015258789,95.4000015258789,237
2020-07-01,91.19999694824219,94.19999694824219,91.19999694824219,91.80000305175781,91.80000305175781,298
2020-07-02,92.4000015258789,94.19999694824219,86.4000015258789,87.0,87.0,360
2020-07-06,86.4000015258789,93.0,86.4000015258789,91.19999694824219,91.19999694824219,355
2020-07-07,90.0,93.0,90.0,93.0,93.0,398
2020-07-08,91.80000305175781,93.0,90.0,92.4000015258789,92.4000015258789,150
2020-07-09,91.19999694824219,93.0,90.5999984741211,91.80000305175781,91.80000305175781,188
2020-07-10,93.5999984741211,102.0,93.0,101.4000015258789,101.4000015258789,353
2020-07-13,99.5999984741211,103.19999694824219,96.5999984741211,96.5999984741211,96.5999984741211,300
2020-07-14,94.80000305175781,96.0,88.19999694824219,88.80000305175781,88.80000305175781,233
2020-07-15,96.0,96.0,91.19999694824219,94.19999694824219,94.19999694824219,50
2020-07-16,93.5999984741211,98.4000015258789,93.0,98.4000015258789,98.4000015258789,357
2020-07-17,99.0,99.0,88.80000305175781,97.80000305175781,97.80000305175781,528
2020-07-20,100.80000305175781,101.4000015258789,94.80000305175781,97.19999694824219,97.19999694824219,248
2020-07-21,94.80000305175781,98.4000015258789,93.5999984741211,97.19999694824219,97.19999694824219,70
2020-07-22,94.80000305175781,100.19999694824219,93.0,96.5999984741211,96.5999984741211,93
2020-07-23,96.0,99.0,91.80000305175781,93.0,93.0,160
2020-07-24,91.80000305175781,95.4000015258789,90.0,93.0,93.0,63
2020-07-27,91.19999694824219,92.4000015258789,91.19999694824219,92.4000015258789,92.4000015258789,28
2020-07-28,92.4000015258789,92.4000015258789,91.19999694824219,92.4000015258789,92.4000015258789,23
2020-07-29,92.4000015258789,92.4000015258789,88.80000305175781,90.0,90.0,37
2020-07-30,90.0,92.4000015258789,85.80000305175781,90.0,90.0,302
2020-07-31,88.80000305175781,91.19999694824219,87.0,91.19999694824219,91.19999694824219,118
2020-08-03,89.4000015258789,89.4000015258789,87.0,87.5999984741211,87.5999984741211,33
2020-08-04,87.0,87.0,86.4000015258789,86.4000015258789,86.4000015258789,30
2020-08-05,88.80000305175781,88.80000305175781,86.4000015258789,88.80000305175781,88.80000305175781,20
2020-08-06,88.80000305175781,90.5999984741211,87.0,88.19999694824219,88.19999694824219,27
2020-08-07,88.80000305175781,90.0,85.80000305175781,88.19999694824219,88.19999694824219,135
2020-08-10,90.0,91.19999694824219,85.80000305175781,91.19999694824219,91.19999694824219,35
2020-08-11,89.4000015258789,92.4000015258789,89.4000015258789,91.80000305175781,91.80000305175781,75
2020-08-12,90.5999984741211,91.19999694824219,90.0,91.19999694824219,91.19999694824219,30
2020-08-13,90.0,92.4000015258789,88.80000305175781,89.4000015258789,89.4000015258789,68
2020-08-14,85.80000305175781,87.5999984741211,85.80000305175781,87.5999984741211,87.5999984741211,48
2020-08-17,87.5999984741211,87.5999984741211,82.80000305175781,85.80000305175781,85.80000305175781,57
2020-08-18,85.80000305175781,88.80000305175781,83.4000015258789,85.80000305175781,85.80000305175781,52
2020-08-19,85.80000305175781,87.0,85.80000305175781,87.0,87.0,32
2020-08-20,85.19999694824219,87.0,77.4000015258789,77.4000015258789,77.4000015258789,468
2020-08-21,82.19999694824219,87.0,80.4000015258789,86.4000015258789,86.4000015258789,113
2020-08-24,86.4000015258789,86.4000015258789,77.4000015258789,78.0,78.0,233
2020-08-25,81.0,81.0,77.4000015258789,78.0,78.0,113
2020-08-26,77.4000015258789,82.19999694824219,75.0,81.0,81.0,602
2020-08-27,76.80000305175781,81.5999984741211,70.19999694824219,78.0,78.0,343
2020-08-28,80.4000015258789,81.0,76.80000305175781,81.0,81.0,85
2020-08-31,81.0,81.0,64.80000305175781,73.19999694824219,73.19999694824219,183
2020-09-01,74.4000015258789,76.19999694824219,70.80000305175781,72.5999984741211,72.5999984741211,45
2020-09-02,72.0,72.5999984741211,68.4000015258789,71.4000015258789,71.4000015258789,68
2020-09-03,72.5999984741211,72.5999984741211,66.5999984741211,68.4000015258789,68.4000015258789,152
2020-09-04,69.5999984741211,71.4000015258789,67.80000305175781,70.19999694824219,70.19999694824219,275
2020-09-08,71.4000015258789,71.4000015258789,67.80000305175781,67.80000305175781,67.80000305175781,18
2020-09-09,72.0,72.0,63.0,67.80000305175781,67.80000305175781,78
2020-09-10,67.80000305175781,69.0,65.4000015258789,68.4000015258789,68.4000015258789,90
2020-09-11,66.5999984741211,66.5999984741211,60.599998474121094,64.19999694824219,64.19999694824219,330
2020-09-14,60.0,61.20000076293945,55.20000076293945,56.400001525878906,56.400001525878906,353
2020-09-15,55.79999923706055,60.0,55.20000076293945,58.20000076293945,58.20000076293945,130
2020-09-16,55.20000076293945,57.0,55.20000076293945,57.0,57.0,118
2020-09-17,57.0,58.79999923706055,55.20000076293945,56.400001525878906,56.400001525878906,577
2020-09-18,55.79999923706055,70.80000305175781,51.599998474121094,57.0,57.0,9282
2020-09-21,58.20000076293945,58.20000076293945,49.79999923706055,54.0,54.0,3537
2020-09-22,50.400001525878906,52.79999923706055,50.400001525878906,52.79999923706055,52.79999923706055,1593
2020-09-23,51.0,52.20000076293945,46.79999923706055,47.400001525878906,47.400001525878906,778
2020-09-24,45.0,50.400001525878906,42.599998474121094,48.599998474121094,48.599998474121094,763
2020-09-25,51.0,51.0,43.20000076293945,46.20000076293945,46.20000076293945,155
2020-09-28,46.20000076293945,46.79999923706055,43.79999923706055,45.599998474121094,45.599998474121094,670
2020-09-29,48.0,48.0,43.79999923706055,48.0,48.0,553
2020-09-30,48.0,48.0,41.400001525878906,45.599998474121094,45.599998474121094,663
2020-10-01,45.599998474121094,46.20000076293945,40.20000076293945,46.20000076293945,46.20000076293945,302
2020-10-02,46.20000076293945,50.400001525878906,43.20000076293945,49.79999923706055,49.79999923706055,638
2020-10-05,49.79999923706055,49.79999923706055,45.599998474121094,48.0,48.0,162
2020-10-06,47.400001525878906,48.0,43.79999923706055,47.400001525878906,47.400001525878906,78
2020-10-07,43.20000076293945,49.79999923706055,42.0,49.20000076293945,49.20000076293945,342
2020-10-08,49.20000076293945,49.79999923706055,45.0,49.79999923706055,49.79999923706055,318
2020-10-09,49.79999923706055,49.79999923706055,42.599998474121094,49.20000076293945,49.20000076293945,117
2020-10-12,45.599998474121094,50.400001525878906,45.599998474121094,49.79999923706055,49.79999923706055,1707
2020-10-13,48.0,50.400001525878906,43.79999923706055,49.79999923706055,49.79999923706055,350
2020-10-14,46.79999923706055,49.79999923706055,45.599998474121094,48.0,48.0,393
2020-10-15,49.20000076293945,49.20000076293945,44.400001525878906,49.20000076293945,49.20000076293945,343
2020-10-16,49.20000076293945,49.20000076293945,45.599998474121094,47.400001525878906,47.400001525878906,373
2020-10-19,47.400001525878906,64.80000305175781,47.400001525878906,57.0,57.0,8935
2020-10-20,60.0,73.80000305175781,51.0,59.400001525878906,59.400001525878906,17820
2020-10-21,62.400001525878906,62.400001525878906,43.20000076293945,45.599998474121094,45.599998474121094,9678
2020-10-22,48.75,99.75,48.45000076293945,90.44999694824219,90.44999694824219,369160
2020-10-23,68.55000305175781,79.5,65.55000305175781,67.19999694824219,67.19999694824219,27747
2020-10-26,60.900001525878906,61.5,51.0,52.20000076293945,52.20000076293945,13313
2020-10-27,55.20000076293945,74.69999694824219,53.25,61.20000076293945,61.20000076293945,77173
2020-10-28,57.45000076293945,71.69999694824219,57.45000076293945,63.29999923706055,63.29999923706055,39387
2020-10-29,62.400001525878906,65.55000305175781,55.79999923706055,57.29999923706055,57.29999923706055,14440
2020-10-30,55.5,58.20000076293945,46.79999923706055,49.20000076293945,49.20000076293945,11860
2020-11-02,50.400001525878906,54.29999923706055,48.150001525878906,48.29999923706055,48.29999923706055,8920
2020-11-03,48.599998474121094,50.70000076293945,46.650001525878906,49.650001525878906,49.650001525878906,4833
2020-11-04,49.79999923706055,51.45000076293945,48.0,48.150001525878906,48.150001525878906,3847
2020-11-05,48.900001525878906,50.849998474121094,47.54999923706055,48.599998474121094,48.599998474121094,4187
2020-11-06,48.75,50.25,46.04999923706055,47.54999923706055,47.54999923706055,2887
2020-11-09,47.099998474121094,49.5,45.45000076293945,46.20000076293945,46.20000076293945,3080
2020-11-10,46.5,47.25,42.150001525878906,43.79999923706055,43.79999923706055,2813
2020-11-11,44.54999923706055,44.70000076293945,42.0,43.349998474121094,43.349998474121094,3800
2020-11-12,42.75,44.400001525878906,41.25,41.54999923706055,41.54999923706055,3593
2020-11-13,42.0,43.95000076293945,39.150001525878906,41.099998474121094,41.099998474121094,4260
2020-11-16,40.5,42.29999923706055,39.900001525878906,40.79999923706055,40.79999923706055,2787
2020-11-17,40.95000076293945,46.5,40.95000076293945,43.650001525878906,43.650001525878906,8587
2020-11-18,45.29999923706055,46.95000076293945,42.45000076293945,44.400001525878906,44.400001525878906,6120
2020-11-19,45.900001525878906,48.75,45.150001525878906,47.099998474121094,47.099998474121094,2460
2020-11-20,46.650001525878906,53.54999923706055,46.650001525878906,51.75,51.75,4667
2020-11-23,52.349998474121094,61.650001525878906,51.75,59.54999923706055,59.54999923706055,12233
2020-11-24,61.95000076293945,63.75,54.0,61.349998474121094,61.349998474121094,8140
2020-11-25,58.95000076293945,63.599998474121094,55.04999923706055,60.150001525878906,60.150001525878906,9253
2020-11-27,58.95000076293945,65.69999694824219,55.95000076293945,58.650001525878906,58.650001525878906,12547
2020-11-30,57.900001525878906,58.349998474121094,51.0,54.0,54.0,10600
2020-12-01,52.20000076293945,58.04999923706055,52.20000076293945,54.75,54.75,14847
2020-12-02,54.75,57.0,52.79999923706055,56.25,56.25,2273
2020-12-03,58.79999923706055,59.849998474121094,54.150001525878906,56.099998474121094,56.099998474121094,5287
2020-12-04,56.25,58.95000076293945,54.75,56.099998474121094,56.099998474121094,1127
2020-12-07,55.79999923706055,56.25,51.150001525878906,53.400001525878906,53.400001525878906,2507
2020-12-08,54.29999923706055,61.650001525878906,51.75,54.0,54.0,2327
2020-12-09,54.45000076293945,55.95000076293945,52.5,53.25,53.25,653
2020-12-10,52.5,55.95000076293945,51.150001525878906,54.29999923706055,54.29999923706055,507
2020-12-11,53.400001525878906,59.099998474121094,51.29999923706055,58.5,58.5,3760
2020-12-14,57.599998474121094,58.79999923706055,55.650001525878906,57.599998474121094,57.599998474121094,2720
2020-12-15,57.599998474121094,66.75,54.75,63.599998474121094,63.599998474121094,2933
2020-12-16,61.79999923706055,69.75,61.5,64.05000305175781,64.05000305175781,2560
2020-12-17,62.400001525878906,90.75,62.400001525878906,85.5,85.5,17907
2020-12-18,75.9000015258789,78.44999694824219,69.0,76.5,76.5,13980
2020-12-21,74.69999694824219,75.0,70.3499984741211,73.3499984741211,73.3499984741211,1547
2020-12-22,61.650001525878906,69.9000015258789,61.5,67.5,67.5,4867
2020-12-23,63.75,65.8499984741211,57.45000076293945,57.599998474121094,57.599998474121094,3700
2020-12-24,55.79999923706055,57.0,52.5,54.45000076293945,54.45000076293945,2127
2020-12-28,52.95000076293945,54.45000076293945,49.349998474121094,50.54999923706055,50.54999923706055,5320
2020-12-29,53.70000076293945,54.0,48.75,49.349998474121094,49.349998474121094,2540
2020-12-30,49.20000076293945,53.400001525878906,49.20000076293945,51.150001525878906,51.150001525878906,2227
2020-12-31,51.45000076293945,52.5,49.349998474121094,50.25,50.25,380
2021-01-04,49.5,49.79999923706055,48.75,49.349998474121094,49.349998474121094,720
2021-01-05,49.5,52.95000076293945,49.349998474121094,49.349998474121094,49.349998474121094,1100
2021-01-06,50.400001525878906,52.20000076293945,49.04999923706055,50.54999923706055,50.54999923706055,1440
2021-01-07,50.849998474121094,51.599998474121094,50.25,50.54999923706055,50.54999923706055,713
2021-01-08,51.0,56.099998474121094,51.0,55.20000076293945,55.20000076293945,4293
2021-01-11,57.29999923706055,59.54999923706055,53.54999923706055,56.400001525878906,56.400001525878906,2447
2021-01-12,54.0,57.45000076293945,54.0,56.400001525878906,56.400001525878906,1580
2021-01-13,57.75,59.099998474121094,55.95000076293945,57.29999923706055,57.29999923706055,1613
2021-01-14,58.349998474121094,58.349998474121094,55.5,57.45000076293945,57.45000076293945,1080
2021-01-15,57.0,57.150001525878906,52.5,54.75,54.75,1767
2021-01-19,54.599998474121094,54.599998474121094,52.20000076293945,52.650001525878906,52.650001525878906,2280
2021-01-20,53.25,55.04999923706055,52.20000076293945,52.20000076293945,52.20000076293945,3080
2021-01-21,55.79999923706055,59.400001525878906,54.75,58.5,58.5,15753
2021-01-22,55.79999923706055,58.20000076293945,55.79999923706055,57.45000076293945,57.45000076293945,2053
2021-01-25,58.79999923706055,58.79999923706055,57.150001525878906,57.599998474121094,57.599998474121094,2473
2021-01-26,58.5,58.650001525878906,57.0,58.04999923706055,58.04999923706055,1700
2021-01-27,57.0,57.75,57.0,57.0,57.0,1833
2021-01-28,57.29999923706055,57.75,56.54999923706055,56.70000076293945,56.70000076293945,1033
2021-01-29,56.25,57.29999923706055,55.5,55.650001525878906,55.650001525878906,1260
2021-02-01,56.400001525878906,57.75,56.400001525878906,56.400001525878906,56.400001525878906,873
2021-02-02,56.400001525878906,57.75,56.25,57.599998474121094,57.599998474121094,873
2021-02-03,55.95000076293945,62.70000076293945,55.95000076293945,59.849998474121094,59.849998474121094,8373
2021-02-04,60.29999923706055,61.349998474121094,57.29999923706055,58.79999923706055,58.79999923706055,4553
2021-02-05,61.04999923706055,61.5,59.25,59.400001525878906,59.400001525878906,5133
2021-02-08,61.5,62.25,60.0,62.25,62.25,2760
2021-02-09,62.25,63.599998474121094,59.54999923706055,61.650001525878906,61.650001525878906,3467
2021-02-10,62.849998474121094,63.900001525878906,61.650001525878906,62.849998474121094,62.849998474121094,2587
2021-02-11,63.0,63.75,60.150001525878906,62.25,62.25,1560
2021-02-12,64.05000305175781,67.5,61.20000076293945,64.3499984741211,64.3499984741211,4867
2021-02-16,67.5,69.1500015258789,65.69999694824219,67.3499984741211,67.3499984741211,3333
2021-02-17,68.4000015258789,69.75,64.80000305175781,64.80000305175781,64.80000305175781,1747
2021-02-18,64.80000305175781,64.80000305175781,60.150001525878906,61.5,61.5,1587
2021-02-19,62.54999923706055,64.94999694824219,61.95000076293945,63.0,63.0,1400
2021-02-22,62.099998474121094,62.400001525878906,60.150001525878906,60.150001525878906,60.150001525878906,1173
2021-02-23,59.400001525878906,60.75,56.099998474121094,57.75,57.75,2120
2021-02-24,58.349998474121094,60.45000076293945,58.04999923706055,59.849998474121094,59.849998474121094,447
2021-02-25,60.75,63.0,58.5,59.849998474121094,59.849998474121094,1453
2021-02-26,59.099998474121094,59.25,57.0,58.349998474121094,58.349998474121094,3200
2021-03-01,58.5,61.5,58.5,60.0,60.0,2387
2021-03-02,59.25,61.349998474121094,59.25,60.150001525878906,60.150001525878906,440
2021-03-03,60.599998474121094,61.349998474121094,60.0,60.0,60.0,1140
2021-03-04,59.400001525878906,61.04999923706055,57.75,60.599998474121094,60.599998474121094,1133
2021-03-05,60.29999923706055,60.599998474121094,57.0,57.599998474121094,57.599998474121094,1740
2021-03-08,57.29999923706055,57.75,57.0,57.0,57.0,887
2021-03-09,58.5,58.5,57.0,57.0,57.0,427
2021-03-10,57.75,57.75,55.95000076293945,56.099998474121094,56.099998474121094,680
2021-03-11,57.150001525878906,58.650001525878906,56.099998474121094,58.650001525878906,58.650001525878906,653
2021-03-12,58.79999923706055,58.79999923706055,57.599998474121094,57.75,57.75,247
2021-03-15,58.650001525878906,58.650001525878906,57.75,57.75,57.75,1093
2021-03-16,58.5,59.25,57.0,57.45000076293945,57.45000076293945,3520
2021-03-17,58.79999923706055,64.6500015258789,57.45000076293945,62.70000076293945,62.70000076293945,21240
2021-03-18,62.25,68.8499984741211,62.25,63.150001525878906,63.150001525878906,6753
2021-03-19,62.70000076293945,66.0,60.900001525878906,63.0,63.0,1533
2021-03-22,63.0,66.0,62.54999923706055,62.54999923706055,62.54999923706055,880
2021-03-23,60.29999923706055,62.70000076293945,60.29999923706055,60.599998474121094,60.599998474121094,307
2021-03-24,60.0,63.29999923706055,58.20000076293945,58.5,58.5,1420
2021-03-25,58.95000076293945,59.54999923706055,57.150001525878906,58.95000076293945,58.95000076293945,1500
2021-03-26,60.900001525878906,60.900001525878906,57.900001525878906,57.900001525878906,57.900001525878906,120
2021-03-29,57.75,58.650001525878906,57.75,58.5,58.5,200
2021-03-30,57.45000076293945,58.650001525878906,57.45000076293945,58.650001525878906,58.650001525878906,273
2021-03-31,58.650001525878906,62.25,58.650001525878906,60.0,60.0,1913
2021-04-01,60.0,61.79999923706055,58.04999923706055,58.650001525878906,58.650001525878906,1113
2021-04-05,59.849998474121094,62.25,58.79999923706055,60.0,60.0,593
2021-04-06,60.599998474121094,62.849998474121094,60.599998474121094,62.099998474121094,62.099998474121094,847
2021-04-07,61.95000076293945,62.099998474121094,60.0,61.349998474121094,61.349998474121094,833
2021-04-08,61.79999923706055,62.70000076293945,60.29999923706055,62.70000076293945,62.70000076293945,767
2021-04-09,61.349998474121094,62.400001525878906,60.29999923706055,60.45000076293945,60.45000076293945,740
2021-04-12,59.849998474121094,60.75,57.75,60.150001525878906,60.150001525878906,1900
2021-04-13,59.70000076293945,59.849998474121094,58.04999923706055,59.849998474121094,59.849998474121094,380
2021-04-14,59.70000076293945,60.150001525878906,59.25,59.54999923706055,59.54999923706055,967
2021-04-15,58.5,62.70000076293945,58.5,60.29999923706055,60.29999923706055,1320
2021-04-16,59.54999923706055,60.0,58.650001525878906,59.849998474121094,59.849998474121094,1933
2021-04-19,59.70000076293945,61.04999923706055,59.70000076293945,61.04999923706055,61.04999923706055,587
2021-04-20,59.099998474121094,60.75,59.099998474121094,60.29999923706055,60.29999923706055,1820
2021-04-21,59.54999923706055,60.0,58.79999923706055,59.70000076293945,59.70000076293945,100
2021-04-22,59.25,60.75,59.25,59.54999923706055,59.54999923706055,2820
2021-04-23,59.54999923706055,60.0,59.400001525878906,60.0,60.0,3093
2021-04-26,59.849998474121094,61.20000076293945,58.5,59.849998474121094,59.849998474121094,2193
2021-04-27,61.5,61.5,59.70000076293945,60.0,60.0,1100
2021-04-28,60.599998474121094,61.5,59.54999923706055,60.0,60.0,847
2021-04-29,59.849998474121094,60.45000076293945,59.54999923706055,59.849998474121094,59.849998474121094,1067
2021-04-30,59.849998474121094,59.849998474121094,59.099998474121094,59.54999923706055,59.54999923706055,520
2021-05-03,59.099998474121094,59.400001525878906,58.5,58.5,58.5,1453
2021-05-04,58.04999923706055,58.650001525878906,57.0,57.0,57.0,580
2021-05-05,57.599998474121094,57.599998474121094,57.29999923706055,57.599998474121094,57.599998474121094,127
2021-05-06,58.04999923706055,58.04999923706055,54.150001525878906,54.150001525878906,54.150001525878906,3533
2021-05-07,55.95000076293945,58.20000076293945,45.45000076293945,46.79999923706055,46.79999923706055,7267
2021-05-10,47.099998474121094,49.349998474121094,42.150001525878906,45.0,45.0,4520
2021-05-11,43.95000076293945,46.349998474121094,43.95000076293945,46.20000076293945,46.20000076293945,487
2021-05-12,46.20000076293945,47.54999923706055,44.70000076293945,47.54999923706055,47.54999923706055,1933
2021-05-13,47.099998474121094,48.900001525878906,43.20000076293945,43.95000076293945,43.95000076293945,12373
2021-05-14,43.95000076293945,46.04999923706055,43.95000076293945,45.75,45.75,347
2021-05-17,45.75,45.75,44.849998474121094,45.0,45.0,1253
2021-05-18,46.04999923706055,46.20000076293945,45.599998474121094,46.20000076293945,46.20000076293945,373
2021-05-19,45.75,46.20000076293945,45.29999923706055,45.900001525878906,45.900001525878906,1067
2021-05-20,46.20000076293945,47.400001525878906,46.20000076293945,47.099998474121094,47.099998474121094,367
2021-05-21,47.54999923706055,47.54999923706055,47.099998474121094,47.25,47.25,253
2021-05-24,48.45000076293945,49.20000076293945,48.0,49.04999923706055,49.04999923706055,720
2021-05-25,49.349998474121094,54.0,48.29999923706055,52.79999923706055,52.79999923706055,7407
2021-05-26,53.25,53.54999923706055,48.75,49.5,49.5,2507
2021-05-27,49.20000076293945,52.349998474121094,48.0,49.04999923706055,49.04999923706055,1307
2021-05-28,49.5,49.5,45.75,47.400001525878906,47.400001525878906,760
2021-06-01,48.0,48.0,45.0,45.900001525878906,45.900001525878906,1833
2021-06-02,46.5,47.25,45.599998474121094,46.5,46.5,1287
2021-06-03,46.5,47.54999923706055,46.20000076293945,46.79999923706055,46.79999923706055,713
2021-06-04,46.349998474121094,46.79999923706055,46.349998474121094,46.79999923706055,46.79999923706055,167
2021-06-07,46.79999923706055,46.95000076293945,46.5,46.79999923706055,46.79999923706055,233
2021-06-08,47.25,50.25,46.650001525878906,49.04999923706055,49.04999923706055,880
2021-06-09,50.25,67.3499984741211,48.0,51.75,51.75,22280
2021-06-10,50.54999923706055,51.29999923706055,46.650001525878906,47.099998474121094,47.099998474121094,1573
2021-06-11,47.70000076293945,47.70000076293945,46.650001525878906,47.400001525878906,47.400001525878906,300
2021-06-14,48.0,49.5,47.25,48.0,48.0,633
2021-06-15,48.0,48.45000076293945,47.25,47.54999923706055,47.54999923706055,747
2021-06-16,48.0,48.0,47.25,47.25,47.25,60
2021-06-17,47.400001525878906,47.70000076293945,46.5,47.70000076293945,47.70000076293945,373
2021-06-18,47.25,47.54999923706055,45.150001525878906,45.75,45.75,1860
2021-06-21,46.349998474121094,46.349998474121094,45.599998474121094,45.599998474121094,45.599998474121094,133
2021-06-22,45.45000076293945,45.45000076293945,45.0,45.29999923706055,45.29999923706055,433
2021-06-23,45.599998474121094,48.900001525878906,45.599998474121094,48.150001525878906,48.150001525878906,733
2021-06-24,48.0,48.0,45.45000076293945,46.349998474121094,46.349998474121094,313
2021-06-25,46.95000076293945,46.95000076293945,46.650001525878906,46.79999923706055,46.79999923706055,133
2021-06-28,45.900001525878906,46.5,45.900001525878906,46.20000076293945,46.20000076293945,187
2021-06-29,46.20000076293945,46.5,46.20000076293945,46.20000076293945,46.20000076293945,367
2021-06-30,46.95000076293945,47.70000076293945,45.0,45.0,45.0,1427
2021-07-01,45.29999923706055,45.599998474121094,44.54999923706055,44.849998474121094,44.849998474121094,1287
2021-07-02,45.0,48.599998474121094,44.849998474121094,46.650001525878906,46.650001525878906,10240
2021-07-06,45.29999923706055,47.70000076293945,44.400001525878906,47.70000076293945,47.70000076293945,3740
2021-07-07,45.29999923706055,46.5,45.29999923706055,45.45000076293945,45.45000076293945,187
2021-07-08,45.0,47.400001525878906,45.0,45.45000076293945,45.45000076293945,1067
2021-07-09,45.29999923706055,51.150001525878906,45.29999923706055,47.54999923706055,47.54999923706055,2040
2021-07-12,47.849998474121094,51.900001525878906,47.25,48.599998474121094,48.599998474121094,5047
2021-07-13,51.75,52.04999923706055,49.5,50.70000076293945,50.70000076293945,2660
2021-07-14,49.79999923706055,50.70000076293945,49.650001525878906,50.099998474121094,50.099998474121094,1060
2021-07-15,49.95000076293945,50.099998474121094,48.0,48.29999923706055,48.29999923706055,140
2021-07-16,47.70000076293945,51.29999923706055,47.400001525878906,47.849998474121094,47.849998474121094,2220
2021-07-19,48.45000076293945,50.099998474121094,46.5,48.900001525878906,48.900001525878906,493
2021-07-20,47.70000076293945,49.5,47.400001525878906,49.5,49.5,180
2021-07-21,49.20000076293945,49.5,48.900001525878906,49.5,49.5,253
2021-07-22,49.04999923706055,49.349998474121094,46.650001525878906,49.349998474121094,49.349998474121094,600
2021-07-23,48.75,48.75,46.04999923706055,46.04999923706055,46.04999923706055,793
2021-07-26,47.70000076293945,48.150001525878906,42.599998474121094,42.599998474121094,42.599998474121094,2633
2021-07-27,43.20000076293945,47.54999923706055,40.5,40.5,40.5,607
2021-07-28,42.599998474121094,42.599998474121094,41.25,41.54999923706055,41.54999923706055,500
2021-07-29,42.0,42.75,41.70000076293945,42.150001525878906,42.150001525878906,520
2021-07-30,42.0,46.04999923706055,41.25,41.25,41.25,3600
2021-08-02,42.900001525878906,44.849998474121094,41.849998474121094,42.150001525878906,42.150001525878906,1827
2021-08-03,41.400001525878906,41.54999923706055,40.04999923706055,41.400001525878906,41.400001525878906,240
2021-08-04,41.400001525878906,41.400001525878906,40.79999923706055,40.79999923706055,40.79999923706055,133
2021-08-05,39.150001525878906,41.70000076293945,35.54999923706055,39.599998474121094,39.599998474121094,1073
2021-08-06,39.599998474121094,42.45000076293945,38.25,39.599998474121094,39.599998474121094,7480
2021-08-09,41.849998474121094,41.849998474121094,39.0,40.79999923706055,40.79999923706055,667
2021-08-10,40.650001525878906,41.849998474121094,36.150001525878906,39.0,39.0,1967
2021-08-11,39.45000076293945,39.45000076293945,38.54999923706055,39.29999923706055,39.29999923706055,153
2021-08-12,38.849998474121094,39.29999923706055,38.25,38.25,38.25,27
2021-08-13,38.099998474121094,38.099998474121094,36.0,37.79999923706055,37.79999923706055,1080
2021-08-16,36.599998474121094,39.0,31.5,37.95000076293945,37.95000076293945,3213
2021-08-17,36.29999923706055,36.29999923706055,27.600000381469727,27.75,27.75,12893
2021-08-18,27.899999618530273,29.700000762939453,27.899999618530273,28.5,28.5,927
2021-08-19,28.5,28.5,27.149999618530273,27.149999618530273,27.149999618530273,840
2021-08-20,27.450000762939453,30.0,26.850000381469727,26.850000381469727,26.850000381469727,2600
2021-08-23,26.700000762939453,29.850000381469727,26.25,29.549999237060547,29.549999237060547,10813
2021-08-24,29.700000762939453,31.5,27.450000762939453,30.149999618530273,30.149999618530273,5627
2021-08-25,29.700000762939453,30.0,28.950000762939453,29.25,29.25,580
2021-08-26,30.149999618530273,31.5,29.399999618530273,30.450000762939453,30.450000762939453,413
2021-08-27,30.149999618530273,31.049999237060547,29.700000762939453,29.700000762939453,29.700000762939453,533
2021-08-30,29.850000381469727,31.649999618530273,29.850000381469727,30.450000762939453,30.450000762939453,293
2021-08-31,30.450000762939453,32.400001525878906,29.25,30.299999237060547,30.299999237060547,353
2021-09-01,30.899999618530273,34.95000076293945,30.899999618530273,30.899999618530273,30.899999618530273,1367
2021-09-02,32.70000076293945,32.70000076293945,30.75,30.75,30.75,200
2021-09-03,30.450000762939453,30.450000762939453,29.25,29.25,29.25,100
2021-09-07,32.70000076293945,33.75,30.299999237060547,32.849998474121094,32.849998474121094,1773
2021-09-08,31.950000762939453,34.04999923706055,30.149999618530273,31.200000762939453,31.200000762939453,3833
2021-09-09,31.049999237060547,33.150001525878906,30.899999618530273,32.849998474121094,32.849998474121094,2147
2021-09-10,31.649999618530273,32.849998474121094,31.5,32.099998474121094,32.099998474121094,800
2021-09-13,31.799999237060547,33.45000076293945,31.799999237060547,32.25,32.25,1647
2021-09-14,32.70000076293945,32.849998474121094,31.049999237060547,32.70000076293945,32.70000076293945,3407
2021-09-15,33.0,33.150001525878906,31.200000762939453,32.54999923706055,32.54999923706055,3653
2021-09-16,33.150001525878906,34.5,31.200000762939453,32.70000076293945,32.70000076293945,1713
2021-09-17,32.400001525878906,32.400001525878906,31.5,31.5,31.5,520
2021-09-20,31.799999237060547,35.25,31.5,31.5,31.5,1900
2021-09-21,31.649999618530273,32.849998474121094,31.649999618530273,32.849998474121094,32.849998474121094,113
2021-09-22,35.54999923706055,35.54999923706055,33.900001525878906,34.79999923706055,34.79999923706055,960
2021-09-23,36.0,44.70000076293945,36.0,41.099998474121094,41.099998474121094,23713
2021-09-24,39.45000076293945,41.849998474121094,36.45000076293945,38.849998474121094,38.849998474121094,5560
2021-09-27,38.849998474121094,44.70000076293945,37.20000076293945,40.5,40.5,6447
2021-09-28,42.75,42.75,37.95000076293945,37.95000076293945,37.95000076293945,2493
2021-09-29,38.400001525878906,40.79999923706055,34.349998474121094,36.75,36.75,5967
2021-09-30,36.75,36.75,33.0,33.0,33.0,360
2021-10-01,33.150001525878906,36.150001525878906,33.0,36.150001525878906,36.150001525878906,787
2021-10-04,34.349998474121094,34.95000076293945,33.0,33.29999923706055,33.29999923706055,853
2021-10-05,33.45000076293945,35.70000076293945,33.150001525878906,33.150001525878906,33.150001525878906,1547
2021-10-06,32.849998474121094,33.29999923706055,30.0,30.450000762939453,30.450000762939453,987
2021-10-07,30.0,33.29999923706055,30.0,31.200000762939453,31.200000762939453,347
2021-10-08,31.950000762939453,31.950000762939453,30.899999618530273,31.200000762939453,31.200000762939453,47
2021-10-11,31.5,36.45000076293945,30.75,31.049999237060547,31.049999237060547,1140
2021-10-12,32.400001525878906,34.04999923706055,29.25,31.649999618530273,31.649999618530273,500
2021-10-13,33.900001525878906,33.900001525878906,31.649999618530273,32.849998474121094,32.849998474121094,333
2021-10-14,34.5,36.29999923706055,33.0,36.29999923706055,36.29999923706055,720
2021-10-15,35.849998474121094,36.0,32.54999923706055,35.099998474121094,35.099998474121094,633
2021-10-18,33.150001525878906,33.75,29.850000381469727,33.29999923706055,33.29999923706055,873
2021-10-19,31.799999237060547,32.70000076293945,31.649999618530273,31.950000762939453,31.950000762939453,753
2021-10-20,32.400001525878906,33.29999923706055,32.400001525878906,32.70000076293945,32.70000076293945,567
2021-10-21,32.70000076293945,33.150001525878906,32.099998474121094,32.70000076293945,32.70000076293945,1567
2021-10-22,32.70000076293945,36.29999923706055,31.950000762939453,35.25,35.25,4780
2021-10-25,35.54999923706055,35.54999923706055,32.70000076293945,32.849998474121094,32.849998474121094,700
2021-10-26,33.599998474121094,34.349998474121094,33.0,33.0,33.0,127
2021-10-27,34.5,34.5,33.45000076293945,34.349998474121094,34.349998474121094,260
2021-10-28,35.099998474121094,36.45000076293945,34.5,34.79999923706055,34.79999923706055,833
2021-10-29,38.25,38.25,35.400001525878906,35.54999923706055,35.54999923706055,293
2021-11-01,35.54999923706055,36.29999923706055,35.25,35.25,35.25,133
2021-11-02,36.150001525878906,36.900001525878906,34.650001525878906,35.849998474121094,35.849998474121094,7687
2021-11-03,36.45000076293945,37.04999923706055,33.0,34.20000076293945,34.20000076293945,2933
2021-11-04,33.75,33.75,32.54999923706055,33.150001525878906,33.150001525878906,220
2021-11-05,33.75,33.75,30.0,30.299999237060547,30.299999237060547,700
2021-11-08,31.350000381469727,31.5,30.600000381469727,31.5,31.5,1613
2021-11-09,31.799999237060547,32.099998474121094,31.5,31.5,31.5,407
2021-11-10,32.70000076293945,32.70000076293945,32.25,32.25,32.25,40
2021-11-11,32.849998474121094,32.849998474121094,31.799999237060547,31.950000762939453,31.950000762939453,240
2021-11-12,31.799999237060547,35.70000076293945,30.75,34.650001525878906,34.650001525878906,4740
2021-11-15,35.25,35.400001525878906,34.5,34.5,34.5,1073
2021-11-16,34.650001525878906,34.650001525878906,32.25,33.29999923706055,33.29999923706055,1733
2021-11-17,33.900001525878906,34.349998474121094,33.0,33.150001525878906,33.150001525878906,647
2021-11-18,33.75,33.75,28.200000762939453,29.100000381469727,29.100000381469727,2713
2021-11-19,29.549999237060547,30.149999618530273,27.600000381469727,27.600000381469727,27.600000381469727,920
2021-11-22,28.799999237060547,28.799999237060547,26.700000762939453,26.700000762939453,26.700000762939453,340
2021-11-23,27.899999618530273,28.200000762939453,26.549999237060547,27.450000762939453,27.450000762939453,1547
2021-11-24,26.25,27.899999618530273,26.25,27.149999618530273,27.149999618530273,500
2021-11-26,27.600000381469727,27.899999618530273,25.5,25.5,25.5,1540
2021-11-29,25.950000762939453,29.25,25.649999618530273,27.75,27.75,6880
2021-11-30,27.0,31.950000762939453,27.0,30.149999618530273,30.149999618530273,8207
2021-12-01,31.350000381469727,32.099998474121094,29.100000381469727,31.950000762939453,31.950000762939453,2387
2021-12-02,32.25,34.349998474121094,29.100000381469727,34.20000076293945,34.20000076293945,3227
2021-12-03,34.20000076293945,49.5,31.350000381469727,49.5,49.5,23620
2021-12-06,43.20000076293945,59.25,39.0,41.849998474121094,41.849998474121094,27473
2021-12-07,41.70000076293945,45.599998474121094,40.650001525878906,41.25,41.25,3560
2021-12-08,40.650001525878906,43.5,40.5,41.099998474121094,41.099998474121094,1453
2021-12-09,41.70000076293945,42.45000076293945,40.79999923706055,41.54999923706055,41.54999923706055,320
2021-12-10,40.79999923706055,43.20000076293945,40.79999923706055,42.75,42.75,720
2021-12-13,42.900001525878906,42.900001525878906,40.5,41.70000076293945,41.70000076293945,847
2021-12-14,40.79999923706055,42.0,40.5,40.95000076293945,40.95000076293945,687
2021-12-15,40.5,42.150001525878906,40.5,41.099998474121094,41.099998474121094,1033
2021-12-16,43.79999923706055,43.79999923706055,41.099998474121094,41.400001525878906,41.400001525878906,407
2021-12-17,41.25,43.95000076293945,38.70000076293945,39.0,39.0,1333
2021-12-20,39.0,42.900001525878906,38.54999923706055,39.900001525878906,39.900001525878906,820
2021-12-21,40.20000076293945,42.0,39.900001525878906,39.900001525878906,39.900001525878906,2180
2021-12-22,37.349998474121094,42.599998474121094,37.349998474121094,39.75,39.75,733
2021-12-23,39.75,41.849998474121094,37.650001525878906,39.900001525878906,39.900001525878906,867
2021-12-27,40.349998474121094,41.70000076293945,40.349998474121094,41.25,41.25,160
2021-12-28,42.0,43.5,41.25,42.45000076293945,42.45000076293945,2127
2021-12-29,43.20000076293945,43.20000076293945,40.5,41.70000076293945,41.70000076293945,1780
2021-12-30,42.29999923706055,42.45000076293945,41.70000076293945,42.45000076293945,42.45000076293945,1787
2021-12-31,42.29999923706055,47.25,41.70000076293945,42.45000076293945,42.45000076293945,4573
2022-01-03,43.5,46.5,43.5,43.95000076293945,43.95000076293945,2993
2022-01-04,43.95000076293945,46.5,43.95000076293945,45.29999923706055,45.29999923706055,667
2022-01-05,48.0,49.95000076293945,45.0,45.0,45.0,3107
2022-01-06,45.150001525878906,46.349998474121094,44.70000076293945,44.70000076293945,44.70000076293945,2113
2022-01-07,45.29999923706055,45.599998474121094,44.70000076293945,44.849998474121094,44.849998474121094,1173
2022-01-10,45.75,45.75,44.54999923706055,44.849998474121094,44.849998474121094,647
2022-01-11,44.849998474121094,45.45000076293945,40.95000076293945,42.45000076293945,42.45000076293945,5493
2022-01-12,43.349998474121094,43.95000076293945,42.75,43.04999923706055,43.04999923706055,1047
2022-01-13,42.45000076293945,42.900001525878906,40.349998474121094,40.650001525878906,40.650001525878906,847
2022-01-14,40.95000076293945,42.900001525878906,40.349998474121094,41.400001525878906,41.400001525878906,347
2022-01-18,42.0,43.5,40.79999923706055,41.400001525878906,41.400001525878906,667
2022-01-19,42.0,42.150001525878906,40.79999923706055,41.25,41.25,1007
2022-01-20,40.349998474121094,40.95000076293945,39.900001525878906,40.20000076293945,40.20000076293945,960
2022-01-21,40.20000076293945,40.20000076293945,37.5,37.5,37.5,927
2022-01-24,37.5,37.5,29.700000762939453,30.299999237060547,30.299999237060547,2160
2022-01-25,37.20000076293945,37.20000076293945,31.049999237060547,32.54999923706055,32.54999923706055,900
2022-01-26,34.04999923706055,41.54999923706055,30.75,31.5,31.5,9800
2022-01-27,32.70000076293945,33.75,31.649999618530273,31.649999618530273,31.649999618530273,707
2022-01-28,32.400001525878906,32.70000076293945,30.75,32.70000076293945,32.70000076293945,307
2022-01-31,33.0,33.900001525878906,31.649999618530273,31.649999618530273,31.649999618530273,280
2022-02-01,32.400001525878906,33.29999923706055,31.649999618530273,31.799999237060547,31.799999237060547,1173
2022-02-02,31.799999237060547,32.70000076293945,31.799999237060547,32.400001525878906,32.400001525878906,120
2022-02-03,32.400001525878906,32.70000076293945,31.950000762939453,32.25,32.25,73
2022-02-04,33.0,33.0,31.799999237060547,31.799999237060547,31.799999237060547,173
2022-02-07,33.0,33.0,30.75,31.799999237060547,31.799999237060547,600
2022-02-08,31.5,32.54999923706055,31.5,32.25,32.25,693
2022-02-09,31.950000762939453,32.54999923706055,31.799999237060547,32.400001525878906,32.400001525878906,273
2022-02-10,31.950000762939453,32.400001525878906,31.950000762939453,32.099998474121094,32.099998474121094,153
2022-02-11,32.54999923706055,32.54999923706055,31.950000762939453,31.950000762939453,31.950000762939453,213
2022-02-14,31.950000762939453,32.54999923706055,31.5,32.099998474121094,32.099998474121094,307
2022-02-15,32.400001525878906,32.54999923706055,31.350000381469727,31.950000762939453,31.950000762939453,573
2022-02-16,32.400001525878906,36.150001525878906,31.799999237060547,33.0,33.0,1067
2022-02-17,33.75,34.20000076293945,32.849998474121094,33.75,33.75,480
2022-02-18,33.150001525878906,35.849998474121094,33.0,35.849998474121094,35.849998474121094,233
2022-02-22,35.70000076293945,35.70000076293945,33.900001525878906,34.20000076293945,34.20000076293945,960
2022-02-23,34.20000076293945,34.650001525878906,33.0,34.650001525878906,34.650001525878906,260
2022-02-24,34.650001525878906,35.70000076293945,33.900001525878906,33.900001525878906,33.900001525878906,1053
2022-02-25,35.099998474121094,35.099998474121094,33.900001525878906,33.900001525878906,33.900001525878906,233
2022-02-28,34.95000076293945,34.95000076293945,33.75,34.5,34.5,367
2022-03-01,34.79999923706055,34.79999923706055,34.04999923706055,34.650001525878906,34.650001525878906,207
2022-03-02,34.650001525878906,39.150001525878906,34.650001525878906,35.849998474121094,35.849998474121094,1473
2022-03-03,36.150001525878906,37.5,36.0,36.900001525878906,36.900001525878906,307
2022-03-04,36.900001525878906,39.0,36.150001525878906,36.150001525878906,36.150001525878906,1140
2022-03-07,36.150001525878906,37.20000076293945,36.150001525878906,37.20000076293945,37.20000076293945,547
2022-03-08,37.5,37.5,34.95000076293945,34.95000076293945,34.95000076293945,300
2022-03-09,35.70000076293945,37.5,35.70000076293945,37.5,37.5,240
2022-03-10,37.5,37.650001525878906,36.75,36.900001525878906,36.900001525878906,307
2022-03-11,37.20000076293945,37.349998474121094,34.650001525878906,37.20000076293945,37.20000076293945,267
2022-03-14,37.20000076293945,37.5,34.650001525878906,37.5,37.5,253
2022-03-15,36.0,36.0,34.650001525878906,35.25,35.25,213
2022-03-16,35.25,37.04999923706055,34.650001525878906,35.849998474121094,35.849998474121094,4340
2022-03-17,35.70000076293945,36.29999923706055,35.400001525878906,35.70000076293945,35.70000076293945,1047
2022-03-18,35.70000076293945,36.75,35.70000076293945,35.70000076293945,35.70000076293945,1460
2022-03-21,35.70000076293945,36.150001525878906,35.70000076293945,36.0,36.0,900
2022-03-22,35.849998474121094,35.849998474121094,35.25,35.25,35.25,153
2022-03-23,35.54999923706055,36.45000076293945,35.25,36.45000076293945,36.45000076293945,213
2022-03-24,34.650001525878906,38.70000076293945,34.650001525878906,36.150001525878906,36.150001525878906,8733
2022-03-25,36.75,36.75,33.150001525878906,36.150001525878906,36.150001525878906,1473
2022-03-28,31.799999237060547,34.79999923706055,31.799999237060547,34.79999923706055,34.79999923706055,460
2022-03-29,30.899999618530273,35.099998474121094,30.149999618530273,30.299999237060547,30.299999237060547,2240
2022-03-30,30.0,31.5,30.0,30.450000762939453,30.450000762939453,213
2022-03-31,30.75,31.350000381469727,30.75,30.75,30.75,173
2022-04-01,30.75,31.350000381469727,30.75,30.75,30.75,167
2022-04-04,30.899999618530273,31.5,30.0,31.5,31.5,260
2022-04-05,31.049999237060547,33.0,31.049999237060547,31.350000381469727,31.350000381469727,660
2022-04-06,32.70000076293945,32.70000076293945,32.099998474121094,32.70000076293945,32.70000076293945,513
2022-04-07,31.350000381469727,32.70000076293945,30.899999618530273,32.70000076293945,32.70000076293945,660
2022-04-08,32.400001525878906,32.70000076293945,32.400001525878906,32.70000076293945,32.70000076293945,173
2022-04-11,32.25,33.0,32.25,33.0,33.0,413
2022-04-12,33.45000076293945,35.099998474121094,33.45000076293945,33.75,33.75,580
2022-04-13,34.5,36.0,34.349998474121094,34.349998474121094,34.349998474121094,380
2022-04-14,34.5,35.25,33.45000076293945,33.45000076293945,33.45000076293945,80
2022-04-18,34.04999923706055,36.150001525878906,34.04999923706055,35.70000076293945,35.70000076293945,160
2022-04-19,35.70000076293945,35.70000076293945,35.70000076293945,35.70000076293945,35.70000076293945,0
2022-04-20,37.349998474121094,37.349998474121094,34.5,34.5,34.5,20
2022-04-21,37.349998474121094,37.349998474121094,36.150001525878906,36.29999923706055,36.29999923706055,207
2022-04-22,36.900001525878906,37.20000076293945,32.70000076293945,36.900001525878906,36.900001525878906,307
2022-04-25,36.599998474121094,37.349998474121094,32.70000076293945,36.0,36.0,153
2022-04-26,33.29999923706055,35.849998474121094,32.70000076293945,35.849998474121094,35.849998474121094,47
2022-04-27,35.25,35.25,35.099998474121094,35.099998474121094,35.099998474121094,47
2022-04-28,33.599998474121094,33.599998474121094,33.29999923706055,33.29999923706055,33.29999923706055,93
2022-04-29,35.25,35.25,31.799999237060547,31.799999237060547,31.799999237060547,127
2022-05-02,33.29999923706055,33.29999923706055,33.29999923706055,33.29999923706055,33.29999923706055,13
2022-05-03,34.650001525878906,34.650001525878906,32.400001525878906,32.54999923706055,32.54999923706055,60
2022-05-04,32.54999923706055,32.54999923706055,32.54999923706055,32.54999923706055,32.54999923706055,20
2022-05-05,33.0,35.099998474121094,32.54999923706055,35.099998474121094,35.099998474121094,80
2022-05-06,34.5,34.5,32.25,34.04999923706055,34.04999923706055,120
2022-05-09,33.150001525878906,33.150001525878906,32.25,32.25,32.25,53
2022-05-10,33.599998474121094,33.599998474121094,29.549999237060547,32.70000076293945,32.70000076293945,247
2022-05-11,32.400001525878906,32.54999923706055,30.149999618530273,32.099998474121094,32.099998474121094,140
2022-05-12,32.70000076293945,32.70000076293945,29.399999618530273,31.799999237060547,31.799999237060547,207
2022-05-13,32.099998474121094,32.099998474121094,29.549999237060547,32.099998474121094,32.099998474121094,73
2022-05-16,30.0,32.70000076293945,30.0,32.54999923706055,32.54999923706055,133
2022-05-17,32.400001525878906,32.54999923706055,30.0,32.099998474121094,32.099998474121094,80
2022-05-18,32.099998474121094,32.099998474121094,30.0,30.0,30.0,27
2022-05-19,31.950000762939453,32.25,30.149999618530273,30.149999618530273,30.149999618530273,60
2022-05-20,31.350000381469727,34.5,30.149999618530273,33.0,33.0,307
2022-05-23,34.5,34.5,32.25,33.0,33.0,313
2022-05-24,33.75,34.5,28.799999237060547,28.799999237060547,28.799999237060547,227
2022-05-25,31.649999618530273,34.5,31.5,33.75,33.75,4907
2022-05-26,30.75,34.5,29.25,34.20000076293945,34.20000076293945,187
2022-05-27,34.04999923706055,34.5,31.200000762939453,34.20000076293945,34.20000076293945,93
2022-05-31,34.20000076293945,35.25,31.950000762939453,31.950000762939453,31.950000762939453,380
2022-06-01,30.75,35.25,30.0,35.25,35.25,140
2022-06-02,35.099998474121094,35.400001525878906,34.04999923706055,34.04999923706055,34.04999923706055,753
2022-06-03,35.25,36.0,31.350000381469727,31.350000381469727,31.350000381469727,260
2022-06-06,35.25,36.0,34.349998474121094,36.0,36.0,167
2022-06-07,36.0,36.75,33.599998474121094,34.95000076293945,34.95000076293945,560
2022-06-08,33.150001525878906,35.400001525878906,31.5,35.400001525878906,35.400001525878906,807
2022-06-09,32.25,34.79999923706055,31.049999237060547,34.79999923706055,34.79999923706055,167
2022-06-10,34.349998474121094,34.95000076293945,32.70000076293945,32.70000076293945,32.70000076293945,107
2022-06-13,33.75,36.45000076293945,33.0,35.099998474121094,35.099998474121094,127
2022-06-14,34.20000076293945,36.900001525878906,33.29999923706055,36.29999923706055,36.29999923706055,573
2022-06-15,36.45000076293945,36.75,34.349998474121094,36.0,36.0,833
2022-06-16,36.29999923706055,36.75,30.75,35.400001525878906,35.400001525878906,453
2022-06-17,32.70000076293945,35.099998474121094,30.0,34.04999923706055,34.04999923706055,347
2022-06-21,33.29999923706055,35.25,33.0,33.0,33.0,107
2022-06-22,31.5,31.5,28.5,29.25,29.25,993
2022-06-23,29.25,32.25,28.649999618530273,31.649999618530273,31.649999618530273,507
2022-06-24,31.649999618530273,31.649999618530273,31.649999618530273,31.649999618530273,31.649999618530273,0
2022-06-27,31.649999618530273,32.099998474121094,31.649999618530273,31.950000762939453,31.950000762939453,240
2022-06-28,33.0,34.5,31.350000381469727,31.5,31.5,1940
2022-06-29,33.0,33.75,30.600000381469727,30.600000381469727,30.600000381469727,1153
2022-06-30,31.5,33.599998474121094,30.75,30.75,30.75,200
2022-07-01,32.54999923706055,32.54999923706055,30.75,31.049999237060547,31.049999237060547,40
2022-07-05,34.04999923706055,34.20000076293945,30.149999618530273,31.350000381469727,31.350000381469727,213
2022-07-06,31.950000762939453,31.950000762939453,30.0,30.0,30.0,33
2022-07-07,31.350000381469727,31.350000381469727,29.25,30.600000381469727,30.600000381469727,227
2022-07-08,31.5,33.0,31.5,32.099998474121094,32.099998474121094,67
2022-07-11,33.75,33.75,32.099998474121094,32.099998474121094,32.099998474121094,20
2022-07-12,30.299999237060547,33.900001525878906,30.299999237060547,32.849998474121094,32.849998474121094,47
2022-07-13,30.0,33.0,30.0,33.0,33.0,27
2022-07-14,30.600000381469727,33.599998474121094,30.600000381469727,30.75,30.75,53
2022-07-15,32.849998474121094,32.849998474121094,32.849998474121094,32.849998474121094,32.849998474121094,60
2022-07-18,30.899999618530273,33.29999923706055,30.75,32.25,32.25,160
2022-07-19,30.600000381469727,31.350000381469727,30.0,30.0,30.0,607
2022-07-20,32.099998474121094,32.099998474121094,29.549999237060547,31.200000762939453,31.200000762939453,153
2022-07-21,29.399999618530273,31.049999237060547,29.399999618530273,31.049999237060547,31.049999237060547,27
2022-07-22,30.75,30.75,30.75,30.75,30.75,20
2022-07-25,29.25,29.25,27.0,27.149999618530273,27.149999618530273,593
2022-07-26,27.75,27.75,25.950000762939453,25.950000762939453,25.950000762939453,440
2022-07-27,25.5,25.5,21.299999237060547,23.549999237060547,23.549999237060547,560
2022-07-28,21.75,22.649999618530273,21.299999237060547,21.450000762939453,21.450000762939453,173
2022-07-29,22.350000381469727,27.299999237060547,22.350000381469727,27.299999237060547,27.299999237060547,1453
2022-08-01,26.549999237060547,27.299999237060547,24.0,27.299999237060547,27.299999237060547,387
2022-08-02,26.700000762939453,29.549999237060547,26.700000762939453,28.950000762939453,28.950000762939453,467
2022-08-03,29.399999618530273,32.70000076293945,29.100000381469727,32.70000076293945,32.70000076293945,287
2022-08-04,31.200000762939453,32.849998474121094,31.200000762939453,32.70000076293945,32.70000076293945,93
2022-08-05,30.600000381469727,30.600000381469727,28.649999618530273,28.649999618530273,28.649999618530273,20
2022-08-08,31.5,33.29999923706055,26.700000762939453,33.0,33.0,567
2022-08-09,34.20000076293945,36.599998474121094,34.20000076293945,34.79999923706055,34.79999923706055,1067
2022-08-10,34.349998474121094,36.29999923706055,32.400001525878906,32.400001525878906,32.400001525878906,260
2022-08-11,32.25,35.70000076293945,32.25,35.70000076293945,35.70000076293945,1333
2022-08-12,35.099998474121094,39.45000076293945,34.79999923706055,36.0,36.0,1260
2022-08-15,33.599998474121094,35.54999923706055,33.29999923706055,35.54999923706055,35.54999923706055,147
2022-08-16,35.400001525878906,36.0,35.25,35.70000076293945,35.70000076293945,133
2022-08-17,36.0,36.150001525878906,35.25,35.400001525878906,35.400001525878906,387
2022-08-18,34.79999923706055,36.599998474121094,31.5,36.0,36.0,567
2022-08-19,35.70000076293945,37.5,35.70000076293945,36.75,36.75,653
2022-08-22,38.25,39.0,36.0,38.400001525878906,38.400001525878906,1380
2022-08-23,36.0,39.0,33.45000076293945,35.099998474121094,35.099998474121094,987
2022-08-24,37.5,39.0,37.20000076293945,37.79999923706055,37.79999923706055,813
2022-08-25,39.0,40.349998474121094,34.5,40.349998474121094,40.349998474121094,1587
2022-08-26,39.150001525878906,39.29999923706055,36.45000076293945,39.0,39.0,1253
2022-08-29,37.5,52.5,37.5,46.5,46.5,7300
2022-08-30,42.75,47.25,42.150001525878906,44.70000076293945,44.70000076293945,3733
2022-08-31,52.04999923706055,52.5,40.5,49.04999923706055,49.04999923706055,9813
2022-09-01,49.20000076293945,49.650001525878906,37.79999923706055,44.849998474121094,44.849998474121094,2240
2022-09-02,44.849998474121094,45.0,37.5,39.29999923706055,39.29999923706055,6067
2022-09-06,40.5,45.75,40.5,40.650001525878906,40.650001525878906,5053
2022-09-07,42.150001525878906,43.95000076293945,30.75,34.95000076293945,34.95000076293945,3573
2022-09-08,36.0,40.349998474121094,32.849998474121094,39.150001525878906,39.150001525878906,5300
2022-09-09,40.04999923706055,42.0,37.04999923706055,40.5,40.5,2927
2022-09-12,42.45000076293945,48.0,39.0,48.0,48.0,3020
2022-09-13,39.599998474121094,49.04999923706055,39.29999923706055,46.349998474121094,46.349998474121094,3293
2022-09-14,51.900001525878906,52.349998474121094,43.5,45.75,45.75,3573
2022-09-15,43.95000076293945,45.0,39.900001525878906,42.75,42.75,4100
2022-09-16,40.5,42.150001525878906,36.45000076293945,37.20000076293945,37.20000076293945,4513
2022-09-19,35.849998474121094,39.0,35.849998474121094,37.5,37.5,5700
2022-09-20,39.75,39.900001525878906,36.0,36.75,36.75,4713
2022-09-21,35.849998474121094,39.75,35.849998474121094,38.54999923706055,38.54999923706055,4700
2022-09-22,39.75,43.04999923706055,33.45000076293945,35.54999923706055,35.54999923706055,5067
2022-09-23,35.70000076293945,36.75,34.5,36.0,36.0,4780
2022-09-26,38.25,39.900001525878906,33.150001525878906,36.900001525878906,36.900001525878906,4773
2022-09-27,38.54999923706055,38.849998474121094,35.70000076293945,36.75,36.75,4920
2022-09-28,37.5,37.79999923706055,36.150001525878906,36.75,36.75,4127
2022-09-29,36.0,47.849998474121094,36.0,46.04999923706055,46.04999923706055,37120
2022-09-30,45.0,53.70000076293945,44.849998474121094,53.70000076293945,53.70000076293945,6547
2022-10-03,53.70000076293945,62.70000076293945,52.5,60.45000076293945,60.45000076293945,49947
2022-10-04,58.5,63.75,52.5,60.75,60.75,40500
2022-10-05,61.349998474121094,76.80000305175781,61.349998474121094,74.0999984741211,74.0999984741211,31240
2022-10-06,73.94999694824219,82.3499984741211,69.0,80.25,80.25,14887
2022-10-07,77.25,81.0,66.9000015258789,73.3499984741211,73.3499984741211,5200
2022-10-10,67.80000305175781,71.25,66.5999984741211,69.0,69.0,3167
2022-10-11,67.3499984741211,78.5999984741211,66.44999694824219,76.5,76.5,67233
2022-10-12,71.8499984741211,78.0,65.55000305175781,68.69999694824219,68.69999694824219,61820
2022-10-13,67.5,71.69999694824219,63.0,65.0999984741211,65.0999984741211,10073
2022-10-14,63.45000076293945,69.44999694824219,63.45000076293945,69.0,69.0,6300
2022-10-17,67.5,73.05000305175781,66.5999984741211,70.19999694824219,70.19999694824219,8093
2022-10-18,68.55000305175781,76.05000305175781,68.55000305175781,76.05000305175781,76.05000305175781,17847
2022-10-19,76.3499984741211,96.75,73.19999694824219,92.4000015258789,92.4000015258789,19460
2022-10-20,90.0,100.80000305175781,81.0,99.1500015258789,99.1500015258789,21347
2022-10-21,94.05000305175781,119.4000015258789,92.8499984741211,118.05000305175781,118.05000305175781,28347
2022-10-24,118.19999694824219,126.44999694824219,106.19999694824219,116.25,116.25,18773
2022-10-25,111.9000015258789,111.9000015258789,90.0,94.80000305175781,94.80000305175781,19013
2022-10-26,89.4000015258789,117.1500015258789,88.19999694824219,111.5999984741211,111.5999984741211,20527
2022-10-27,106.5,126.0,106.5,123.44999694824219,123.44999694824219,19547
2022-10-28,123.9000015258789,127.3499984741211,114.75,126.0,126.0,19287
2022-10-31,126.0,128.85000610351562,121.05000305175781,122.55000305175781,122.55000305175781,19073
2022-11-01,120.30000305175781,128.6999969482422,116.25,118.6500015258789,118.6500015258789,19980
2022-11-02,118.3499984741211,126.30000305175781,106.80000305175781,110.25,110.25,24193
2022-11-03,110.55000305175781,111.75,100.5,108.75,108.75,20280
2022-11-04,111.1500015258789,116.8499984741211,105.0,106.94999694824219,106.94999694824219,25793
2022-11-07,105.30000305175781,122.8499984741211,105.0,121.5,121.5,20273
2022-11-08,121.6500015258789,132.0,114.75,130.64999389648438,130.64999389648438,22027
2022-11-09,130.5,137.25,121.5,135.89999389648438,135.89999389648438,23673
2022-11-10,129.4499969482422,154.0500030517578,129.4499969482422,151.35000610351562,151.35000610351562,29293
2022-11-11,144.75,161.10000610351562,144.75,148.8000030517578,148.8000030517578,22940
2022-11-14,144.14999389648438,148.0500030517578,112.5,112.6500015258789,112.6500015258789,21187
2022-11-15,118.6500015258789,123.75,113.69999694824219,118.80000305175781,118.80000305175781,19340
2022-11-16,116.4000015258789,130.35000610351562,112.80000305175781,127.5,127.5,35893
2022-11-17,122.4000015258789,140.25,118.5,139.5,139.5,37427
2022-11-18,121.80000305175781,121.80000305175781,75.5999984741211,104.55000305175781,104.55000305175781,46673
2022-11-21,42.0,42.150001525878906,19.5,20.700000762939453,20.700000762939453,318347
2022-11-22,20.399999618530273,20.399999618530273,16.950000762939453,18.0,18.0,114113
2022-11-23,18.450000762939453,18.600000381469727,16.799999237060547,17.549999237060547,17.549999237060547,51600
2022-11-25,17.549999237060547,18.299999237060547,16.799999237060547,16.950000762939453,16.950000762939453,35093
2022-11-28,16.950000762939453,17.399999618530273,15.449999809265137,15.600000381469727,15.600000381469727,60953
2022-11-29,15.75,15.75,13.949999809265137,14.25,14.25,91233
2022-11-30,14.100000381469727,15.0,13.649999618530273,14.550000190734863,14.550000190734863,30720
2022-12-01,14.25,14.850000381469727,13.800000190734863,14.25,14.25,10653
2022-12-02,14.25,15.899999618530273,13.949999809265137,14.550000190734863,14.550000190734863,31207
2022-12-05,15.0,15.300000190734863,14.25,14.399999618530273,14.399999618530273,13313
2022-12-06,15.0,15.0,13.350000381469727,13.800000190734863,13.800000190734863,15533
2022-12-07,13.800000190734863,14.25,12.300000190734863,12.449999809265137,12.449999809265137,18193
2022-12-08,12.75,12.899999618530273,12.600000381469727,12.600000381469727,12.600000381469727,8487
2022-12-09,12.300000190734863,12.600000381469727,11.699999809265137,12.0,12.0,12987
2022-12-12,12.0,12.300000190734863,11.850000381469727,12.300000190734863,12.300000190734863,4553
2022-12-13,12.149999618530273,12.449999809265137,11.399999618530273,11.699999809265137,11.699999809265137,7900
2022-12-14,11.550000190734863,12.149999618530273,11.550000190734863,12.0,12.0,4013
2022-12-15,11.550000190734863,11.850000381469727,10.649999618530273,11.699999809265137,11.699999809265137,10173
2022-12-16,10.949999809265137,13.5,10.949999809265137,13.050000190734863,13.050000190734863,17427
2022-12-19,13.350000381469727,13.800000190734863,13.199999809265137,13.649999618530273,13.649999618530273,10100
2022-12-20,13.350000381469727,14.100000381469727,13.350000381469727,13.649999618530273,13.649999618530273,8100
2022-12-21,13.350000381469727,13.800000190734863,12.300000190734863,12.899999618530273,12.899999618530273,4240
2022-12-22,12.899999618530273,13.199999809265137,12.0,12.449999809265137,12.449999809265137,5947
2022-12-23,13.050000190734863,13.050000190734863,12.300000190734863,13.050000190734863,13.050000190734863,5913
2022-12-27,12.449999809265137,12.899999618530273,12.0,12.449999809265137,12.449999809265137,4373
2022-12-28,12.149999618530273,12.300000190734863,11.699999809265137,12.300000190734863,12.300000190734863,2467
2022-12-29,12.300000190734863,12.300000190734863,11.699999809265137,12.300000190734863,12.300000190734863,1753
2022-12-30,12.0,12.75,11.850000381469727,12.600000381469727,12.600000381469727,2087
2023-01-03,12.600000381469727,15.449999809265137,12.0,14.399999618530273,14.399999618530273,27220
2023-01-04,14.850000381469727,16.200000762939453,14.550000190734863,16.200000762939453,16.200000762939453,20433
2023-01-05,15.300000190734863,16.200000762939453,13.949999809265137,13.949999809265137,13.949999809265137,42233
2023-01-06,14.100000381469727,14.699999809265137,11.25,11.25,11.25,40987
2023-01-09,11.25,12.0,11.25,11.550000190734863,11.550000190734863,4320
2023-01-10,11.550000190734863,12.149999618530273,11.25,11.699999809265137,11.699999809265137,5013
2023-01-11,11.699999809265137,12.149999618530273,11.100000381469727,11.550000190734863,11.550000190734863,13267
2023-01-12,12.149999618530273,12.149999618530273,11.100000381469727,11.25,11.25,11367
2023-01-13,11.699999809265137,12.600000381469727,11.25,12.0,12.0,11100
2023-01-17,12.300000190734863,12.300000190734863,11.25,11.550000190734863,11.550000190734863,5320
2023-01-18,12.0,12.0,10.949999809265137,11.399999618530273,11.399999618530273,6573
2023-01-19,11.25,11.699999809265137,11.100000381469727,11.550000190734863,11.550000190734863,1747
2023-01-20,11.100000381469727,11.699999809265137,11.100000381469727,11.699999809265137,11.699999809265137,2553
2023-01-23,11.25,11.699999809265137,11.25,11.399999618530273,11.399999618530273,2000
2023-01-24,11.100000381469727,11.699999809265137,11.100000381469727,11.25,11.25,4687
2023-01-25,11.25,11.550000190734863,11.25,11.550000190734863,11.550000190734863,2107
2023-01-26,11.25,11.850000381469727,11.25,11.399999618530273,11.399999618530273,3127
2023-01-27,11.399999618530273,11.699999809265137,11.25,11.25,11.25,2473
2023-01-30,11.25,12.75,11.25,12.149999618530273,12.149999618530273,4820
2023-01-31,12.149999618530273,12.75,12.0,12.75,12.75,3540
2023-02-01,12.449999809265137,12.75,11.699999809265137,12.600000381469727,12.600000381469727,3560
2023-02-02,12.149999618530273,12.75,12.0,12.149999618530273,12.149999618530273,3387
2023-02-03,12.149999618530273,12.600000381469727,11.699999809265137,12.149999618530273,12.149999618530273,5907
2023-02-06,11.850000381469727,12.0,11.25,11.850000381469727,11.850000381469727,3560
2023-02-07,11.699999809265137,12.149999618530273,11.550000190734863,11.550000190734863,11.550000190734863,2220
2023-02-08,11.550000190734863,12.0,11.25,11.399999618530273,11.399999618530273,2267
2023-02-09,11.550000190734863,11.699999809265137,10.949999809265137,10.949999809265137,10.949999809265137,4073
2023-02-10,10.649999618530273,11.25,10.649999618530273,10.800000190734863,10.800000190734863,1353
2023-02-13,10.800000190734863,10.800000190734863,10.649999618530273,10.649999618530273,10.649999618530273,2960
2023-02-14,10.649999618530273,11.25,10.5,10.649999618530273,10.649999618530273,2367
2023-02-15,10.5,11.699999809265137,10.5,10.649999618530273,10.649999618530273,2893
2023-02-16,11.100000381469727,11.100000381469727,10.5,10.5,10.5,2593
2023-02-17,10.5,11.100000381469727,10.050000190734863,10.050000190734863,10.050000190734863,2673
2023-02-21,11.100000381469727,11.100000381469727,9.75,9.899999618530273,9.899999618530273,2627
2023-02-22,10.350000381469727,10.350000381469727,9.449999809265137,9.449999809265137,9.449999809265137,2373
2023-02-23,9.449999809265137,9.600000381469727,9.149999618530273,9.149999618530273,9.149999618530273,2493
2023-02-24,9.149999618530273,9.75,9.149999618530273,9.449999809265137,9.449999809265137,2540
2023-02-27,9.899999618530273,9.899999618530273,9.149999618530273,9.149999618530273,9.149999618530273,2920
2023-02-28,9.300000190734863,9.75,8.699999809265137,8.699999809265137,8.699999809265137,2493
2023-03-01,9.0,9.75,8.550000190734863,8.850000381469727,8.850000381469727,4020
2023-03-02,10.199999809265137,10.199999809265137,8.850000381469727,9.449999809265137,9.449999809265137,1913
2023-03-03,9.149999618530273,9.899999618530273,8.850000381469727,9.149999618530273,9.149999618530273,3573
2023-03-06,9.0,9.149999618530273,8.550000190734863,8.550000190734863,8.550000190734863,3147
2023-03-07,8.550000190734863,8.699999809265137,8.550000190734863,8.550000190734863,8.550000190734863,1613
2023-03-08,8.699999809265137,8.850000381469727,8.550000190734863,8.550000190734863,8.550000190734863,3060
2023-03-09,9.0,9.0,8.25,8.399999618530273,8.399999618530273,3300
2023-03-10,8.25,8.850000381469727,7.800000190734863,8.100000381469727,8.100000381469727,1060
2023-03-13,8.100000381469727,9.0,8.100000381469727,8.550000190734863,8.550000190734863,1320
2023-03-14,9.0,9.0,8.25,8.25,8.25,313
2023-03-15,8.25,8.699999809265137,8.25,8.699999809265137,8.699999809265137,347
2023-03-16,9.0,9.0,8.399999618530273,9.0,9.0,840
2023-03-17,8.25,9.300000190734863,8.25,9.149999618530273,9.149999618530273,493
2023-03-20,8.550000190734863,9.149999618530273,7.800000190734863,8.100000381469727,8.100000381469727,1640
2023-03-21,8.399999618530273,8.399999618530273,7.949999809265137,8.399999618530273,8.399999618530273,813
2023-03-22,8.699999809265137,8.699999809265137,7.949999809265137,8.699999809265137,8.699999809265137,147
2023-03-23,8.100000381469727,9.0,7.949999809265137,9.0,9.0,3467
2023-03-24,8.550000190734863,9.0,8.550000190734863,9.0,9.0,173
2023-03-27,8.850000381469727,8.850000381469727,7.800000190734863,8.550000190734863,8.550000190734863,773
2023-03-28,8.25,8.550000190734863,7.949999809265137,8.550000190734863,8.550000190734863,193
2023-03-29,8.550000190734863,9.0,8.399999618530273,9.0,9.0,3807
2023-03-30,8.850000381469727,8.850000381469727,8.399999618530273,8.850000381469727,8.850000381469727,453
2023-03-31,8.850000381469727,9.0,7.949999809265137,8.699999809265137,8.699999809265137,500
2023-04-03,9.0,9.0,7.949999809265137,8.399999618530273,8.399999618530273,333
2023-04-04,8.100000381469727,8.699999809265137,8.100000381469727,8.699999809265137,8.699999809265137,467
2023-04-05,8.399999618530273,9.0,8.25,8.699999809265137,8.699999809265137,880
2023-04-06,8.550000190734863,10.050000190734863,8.100000381469727,10.050000190734863,10.050000190734863,4413
2023-04-10,9.75,9.75,9.0,9.600000381469727,9.600000381469727,867
2023-04-11,9.600000381469727,9.600000381469727,9.149999618530273,9.149999618530273,9.149999618530273,507
2023-04-12,9.149999618530273,9.300000190734863,8.699999809265137,8.699999809265137,8.699999809265137,947
2023-04-13,9.0,9.0,8.699999809265137,9.0,9.0,213
2023-04-14,9.0,9.149999618530273,8.399999618530273,8.399999618530273,8.399999618530273,447
2023-04-17,8.399999618530273,9.75,8.399999618530273,9.600000381469727,9.600000381469727,660
2023-04-18,9.600000381469727,9.600000381469727,8.25,8.25,8.25,2393
2023-04-19,9.149999618530273,9.600000381469727,8.25,8.699999809265137,8.699999809265137,2133
2023-04-20,9.0,9.449999809265137,8.399999618530273,8.699999809265137,8.699999809265137,2200
2023-04-21,8.550000190734863,9.0,8.550000190734863,8.699999809265137,8.699999809265137,927
2023-04-24,8.699999809265137,9.449999809265137,8.550000190734863,8.699999809265137,8.699999809265137,700
2023-04-25,8.550000190734863,9.149999618530273,8.550000190734863,8.550000190734863,8.550000190734863,467
2023-04-26,8.550000190734863,8.850000381469727,8.399999618530273,8.550000190734863,8.550000190734863,587
2023-04-27,8.550000190734863,9.300000190734863,8.100000381469727,9.0,9.0,840
2023-04-28,9.600000381469727,9.899999618530273,9.149999618530273,9.75,9.75,4793
2023-05-01,8.850000381469727,13.050000190734863,8.699999809265137,12.899999618530273,12.899999618530273,210053
2023-05-02,12.75,15.75,9.149999618530273,10.5,10.5,177247
2023-05-03,10.649999618530273,10.649999618530273,8.699999809265137,9.300000190734863,9.300000190734863,46353
2023-05-04,9.449999809265137,11.100000381469727,8.399999618530273,9.449999809265137,9.449999809265137,34520
2023-05-05,8.699999809265137,9.149999618530273,8.399999618530273,9.149999618530273,9.149999618530273,14553
2023-05-08,9.149999618530273,9.449999809265137,8.550000190734863,9.300000190734863,9.300000190734863,9713
2023-05-09,9.300000190734863,9.300000190734863,8.699999809265137,9.0,9.0,3060
2023-05-10,8.850000381469727,9.149999618530273,8.399999618530273,9.149999618530273,9.149999618530273,3533
2023-05-11,9.0,9.0,7.5,8.25,8.25,12860
2023-05-12,8.25,8.25,7.650000095367432,7.800000190734863,7.800000190734863,4133
2023-05-15,8.100000381469727,8.25,7.650000095367432,7.949999809265137,7.949999809265137,3927
2023-05-16,7.949999809265137,8.100000381469727,7.650000095367432,7.800000190734863,7.800000190734863,2413
2023-05-17,7.650000095367432,8.100000381469727,7.5,7.949999809265137,7.949999809265137,1280
2023-05-18,7.800000190734863,7.949999809265137,7.5,7.800000190734863,7.800000190734863,1620
2023-05-19,7.650000095367432,7.949999809265137,7.5,7.650000095367432,7.650000095367432,867
2023-05-22,7.650000095367432,7.800000190734863,7.5,7.5,7.5,2533
2023-05-23,7.5,7.800000190734863,7.5,7.800000190734863,7.800000190734863,613
2023-05-24,7.800000190734863,7.800000190734863,7.5,7.800000190734863,7.800000190734863,487
2023-05-25,7.650000095367432,7.800000190734863,7.5,7.800000190734863,7.800000190734863,1607
2023-05-26,7.949999809265137,7.949999809265137,7.650000095367432,7.650000095367432,7.650000095367432,947
2023-05-30,7.5,7.949999809265137,7.5,7.650000095367432,7.650000095367432,4540
2023-05-31,7.199999809265137,7.650000095367432,6.75,7.650000095367432,7.650000095367432,1107
2023-06-01,7.650000095367432,7.949999809265137,7.650000095367432,7.949999809265137,7.949999809265137,573
2023-06-02,8.25,8.25,7.050000190734863,7.5,7.5,3613
2023-06-05,7.800000190734863,8.100000381469727,7.5,7.5,7.5,2953
2023-06-06,7.5,9.449999809265137,7.349999904632568,7.949999809265137,7.949999809265137,8627
2023-06-07,7.650000095367432,7.800000190734863,7.199999809265137,7.650000095367432,7.650000095367432,2760
2023-06-08,7.949999809265137,7.949999809265137,7.199999809265137,7.650000095367432,7.650000095367432,480
2023-06-09,7.5,8.100000381469727,7.199999809265137,7.800000190734863,7.800000190734863,5327
2023-06-12,8.25,8.25,7.199999809265137,8.100000381469727,8.100000381469727,3240
2023-06-13,8.100000381469727,8.399999618530273,7.800000190734863,8.25,8.25,2540
2023-06-14,8.100000381469727,8.25,7.800000190734863,7.800000190734863,7.800000190734863,940
2023-06-15,8.25,8.25,7.5,8.25,8.25,860
2023-06-16,8.100000381469727,8.100000381469727,7.349999904632568,8.100000381469727,8.100000381469727,4187
2023-06-20,7.800000190734863,7.800000190734863,7.650000095367432,7.650000095367432,7.650000095367432,100
2023-06-21,7.5,8.25,7.5,7.800000190734863,7.800000190734863,1500
2023-06-22,7.949999809265137,8.25,7.349999904632568,7.650000095367432,7.650000095367432,2020
2023-06-23,7.5,8.399999618530273,7.5,7.650000095367432,7.650000095367432,1860
2023-06-26,7.5,7.800000190734863,7.5,7.800000190734863,7.800000190734863,407
2023-06-27,7.800000190734863,7.800000190734863,7.5,7.800000190734863,7.800000190734863,493
2023-06-28,7.800000190734863,7.800000190734863,7.5,7.800000190734863,7.800000190734863,1333
2023-06-29,7.800000190734863,7.800000190734863,7.5,7.800000190734863,7.800000190734863,767
2023-06-30,7.5,8.100000381469727,7.050000190734863,7.5,7.5,3167
2023-07-03,7.650000095367432,7.800000190734863,7.050000190734863,7.5,7.5,913
2023-07-05,7.050000190734863,7.5,7.050000190734863,7.199999809265137,7.199999809265137,1367
2023-07-06,7.349999904632568,7.5,7.050000190734863,7.199999809265137,7.199999809265137,1633
2023-07-07,7.199999809265137,7.349999904632568,7.199999809265137,7.199999809265137,7.199999809265137,167
2023-07-10,7.349999904632568,7.349999904632568,7.199999809265137,7.349999904632568,7.349999904632568,280
2023-07-11,7.349999904632568,8.100000381469727,7.199999809265137,7.800000190734863,7.800000190734863,2813
2023-07-12,8.100000381469727,8.100000381469727,7.650000095367432,7.650000095367432,7.650000095367432,1187
2023-07-13,7.800000190734863,7.949999809265137,7.349999904632568,7.5,7.5,2060
2023-07-14,7.800000190734863,7.800000190734863,7.199999809265137,7.5,7.5,3267
2023-07-17,7.5,8.399999618530273,7.5,7.800000190734863,7.800000190734863,2787
2023-07-18,7.800000190734863,8.399999618530273,7.650000095367432,7.949999809265137,7.949999809265137,1407
2023-07-19,7.949999809265137,7.949999809265137,7.650000095367432,7.800000190734863,7.800000190734863,2940
2023-07-20,8.100000381469727,8.699999809265137,8.100000381469727,8.550000190734863,8.550000190734863,5393
2023-07-21,8.550000190734863,9.0,8.399999618530273,9.0,9.0,1967
2023-07-24,9.0,9.75,8.699999809265137,9.449999809265137,9.449999809265137,4313
2023-07-25,9.600000381469727,10.199999809265137,9.449999809265137,9.899999618530273,9.899999618530273,2640
2023-07-26,9.899999618530273,10.649999618530273,9.0,10.050000190734863,10.050000190734863,8827
2023-07-27,9.75,10.649999618530273,9.75,10.350000381469727,10.350000381469727,6667
2023-07-28,10.050000190734863,11.100000381469727,10.050000190734863,10.800000190734863,10.800000190734863,13647
2023-07-31,11.100000381469727,11.25,10.350000381469727,10.350000381469727,10.350000381469727,8547
2023-08-01,9.899999618530273,10.5,9.0,9.449999809265137,9.449999809265137,4693
2023-08-02,9.449999809265137,9.899999618530273,9.300000190734863,9.300000190734863,9.300000190734863,1227
2023-08-03,9.600000381469727,9.600000381469727,9.300000190734863,9.300000190734863,9.300000190734863,220
2023-08-04,9.300000190734863,9.300000190734863,8.699999809265137,8.699999809265137,8.699999809265137,1307
2023-08-07,8.699999809265137,9.300000190734863,8.699999809265137,8.850000381469727,8.850000381469727,153
2023-08-08,9.300000190734863,9.300000190734863,7.650000095367432,7.650000095367432,7.650000095367432,9867
2023-08-09,7.650000095367432,7.949999809265137,7.5,7.650000095367432,7.650000095367432,1567
2023-08-10,7.650000095367432,7.800000190734863,7.650000095367432,7.800000190734863,7.800000190734863,300
2023-08-11,7.650000095367432,7.650000095367432,7.5,7.650000095367432,7.650000095367432,213
2023-08-14,7.650000095367432,8.699999809265137,7.5,8.550000190734863,8.550000190734863,6540
2023-08-15,9.0,9.449999809265137,8.399999618530273,9.0,9.0,2353
2023-08-16,8.699999809265137,9.449999809265137,8.550000190734863,9.449999809265137,9.449999809265137,1893
2023-08-17,9.149999618530273,9.149999618530273,9.0,9.0,9.0,447
2023-08-18,8.699999809265137,8.699999809265137,8.399999618530273,8.399999618530273,8.399999618530273,267
2023-08-21,7.800000190734863,7.949999809265137,7.800000190734863,7.949999809265137,7.949999809265137,880
2023-08-22,8.399999618530273,8.699999809265137,7.800000190734863,8.699999809265137,8.699999809265137,5220
2023-08-23,7.949999809265137,8.25,7.800000190734863,8.100000381469727,8.100000381469727,26587
2023-08-24,7.5,7.800000190734863,7.5,7.800000190734863,7.800000190734863,1500
2023-08-25,7.800000190734863,8.100000381469727,7.800000190734863,7.800000190734863,7.800000190734863,833
2023-08-28,7.800000190734863,7.949999809265137,7.800000190734863,7.949999809265137,7.949999809265137,447
2023-08-29,7.800000190734863,7.949999809265137,7.800000190734863,7.800000190734863,7.800000190734863,387
2023-08-30,7.800000190734863,7.800000190734863,7.800000190734863,7.800000190734863,7.800000190734863,73
2023-08-31,7.5,7.949999809265137,7.5,7.949999809265137,7.949999809265137,113
2023-09-01,7.800000190734863,8.100000381469727,7.800000190734863,7.800000190734863,7.800000190734863,907
2023-09-05,7.800000190734863,7.800000190734863,7.5,7.5,7.5,287
2023-09-06,7.5,8.25,7.050000190734863,7.650000095367432,7.650000095367432,17120
2023-09-07,7.650000095367432,7.800000190734863,7.349999904632568,7.800000190734863,7.800000190734863,13360
2023-09-08,7.5,7.949999809265137,7.050000190734863,7.650000095367432,7.650000095367432,3453
2023-09-11,7.5,7.949999809265137,7.050000190734863,7.800000190734863,7.800000190734863,920
2023-09-12,8.100000381469727,8.100000381469727,7.349999904632568,7.349999904632568,7.349999904632568,207
2023-09-13,7.5,7.650000095367432,7.349999904632568,7.349999904632568,7.349999904632568,167
2023-09-14,7.800000190734863,7.800000190734863,7.050000190734863,7.050000190734863,7.050000190734863,513
2023-09-15,7.050000190734863,7.199999809265137,7.050000190734863,7.199999809265137,7.199999809265137,387
2023-09-18,7.050000190734863,7.5,7.050000190734863,7.050000190734863,7.050000190734863,1200
2023-09-19,7.5,7.5,7.050000190734863,7.349999904632568,7.349999904632568,587
2023-09-20,7.5,7.5,7.5,7.5,7.5,613
2023-09-21,7.5,7.800000190734863,7.199999809265137,7.800000190734863,7.800000190734863,193
2023-09-22,7.199999809265137,8.100000381469727,7.199999809265137,7.5,7.5,187
2023-09-25,7.199999809265137,8.399999618530273,7.199999809265137,7.5,7.5,167
2023-09-26,7.800000190734863,8.100000381469727,7.5,8.100000381469727,8.100000381469727,213
2023-09-27,7.5,8.100000381469727,7.199999809265137,8.100000381469727,8.100000381469727,300
2023-09-28,7.199999809265137,8.100000381469727,7.199999809265137,7.5,7.5,53
2023-09-29,7.650000095367432,7.800000190734863,7.650000095367432,7.800000190734863,7.800000190734863,20
2023-10-02,7.949999809265137,7.949999809265137,7.050000190734863,7.949999809265137,7.949999809265137,540
2023-10-03,7.650000095367432,7.650000095367432,7.5,7.650000095367432,7.650000095367432,53
2023-10-04,7.650000095367432,8.100000381469727,7.650000095367432,8.100000381469727,8.100000381469727,727
2023-10-05,7.800000190734863,8.25,7.800000190734863,7.800000190734863,7.800000190734863,180
2023-10-06,8.100000381469727,8.25,7.800000190734863,8.25,8.25,347
2023-10-09,7.800000190734863,8.399999618530273,7.800000190734863,8.399999618530273,8.399999618530273,420
2023-10-10,8.100000381469727,8.25,8.100000381469727,8.25,8.25,47
2023-10-11,8.25,8.25,7.800000190734863,8.25,8.25,520
2023-10-12,8.100000381469727,8.399999618530273,8.100000381469727,8.399999618530273,8.399999618530273,80
2023-10-13,7.800000190734863,8.399999618530273,7.650000095367432,8.100000381469727,8.100000381469727,167
2023-10-16,8.100000381469727,8.100000381469727,8.100000381469727,8.100000381469727,8.100000381469727,967
2023-10-17,7.949999809265137,8.699999809265137,7.800000190734863,8.100000381469727,8.100000381469727,46673
2023-10-18,7.349999904632568,7.800000190734863,6.449999809265137,7.199999809265137,7.199999809265137,5687
2023-10-19,6.75,7.050000190734863,6.75,6.900000095367432,6.900000095367432,620
2023-10-20,6.75,7.050000190734863,6.449999809265137,6.449999809265137,6.449999809265137,2520
2023-10-23,6.449999809265137,6.449999809265137,6.0,6.0,6.0,3533
2023-10-24,6.0,6.0,5.699999809265137,5.699999809265137,5.699999809265137,1993
2023-10-25,5.550000190734863,6.0,5.550000190734863,5.550000190734863,5.550000190734863,880
2023-10-26,5.699999809265137,6.0,5.699999809265137,5.699999809265137,5.699999809265137,393
2023-10-27,5.699999809265137,6.150000095367432,5.550000190734863,5.550000190734863,5.550000190734863,200
2023-10-30,5.550000190734863,6.0,5.550000190734863,5.849999904632568,5.849999904632568,607
2023-10-31,5.550000190734863,6.0,5.550000190734863,5.699999809265137,5.699999809265137,453
2023-11-01,5.849999904632568,6.150000095367432,5.849999904632568,5.849999904632568,5.849999904632568,607
2023-11-02,5.849999904632568,6.599999904632568,5.849999904632568,5.849999904632568,5.849999904632568,767
2023-11-03,5.849999904632568,5.849999904632568,5.400000095367432,5.699999809265137,5.699999809265137,1473
2023-11-06,5.550000190734863,5.849999904632568,5.550000190734863,5.849999904632568,5.849999904632568,60
2023-11-07,5.550000190734863,5.699999809265137,4.949999809265137,5.099999904632568,5.099999904632568,1720
2023-11-08,5.099999904632568,5.400000095367432,5.099999904632568,5.400000095367432,5.400000095367432,120
2023-11-09,4.800000190734863,5.400000095367432,4.800000190734863,4.949999809265137,4.949999809265137,1120
2023-11-10,4.800000190734863,5.099999904632568,4.5,4.800000190734863,4.800000190734863,967
2023-11-13,4.949999809265137,5.099999904632568,4.800000190734863,4.800000190734863,4.800000190734863,1007
2023-11-14,4.800000190734863,4.800000190734863,4.800000190734863,4.800000190734863,4.800000190734863,247
2023-11-15,4.800000190734863,5.099999904632568,4.800000190734863,4.800000190734863,4.800000190734863,253
2023-11-16,4.800000190734863,4.949999809265137,4.5,4.5,4.5,1460
2023-11-17,4.5,5.099999904632568,4.5,4.5,4.5,2127
2023-11-20,4.5,4.949999809265137,4.5,4.800000190734863,4.800000190734863,2940
2023-11-21,4.800000190734863,5.400000095367432,4.5,5.25,5.25,6967
2023-11-22,5.25,5.400000095367432,4.5,4.5,4.5,16760
2023-11-24,4.5,4.800000190734863,4.5,4.650000095367432,4.650000095367432,953
2023-11-27,4.800000190734863,4.949999809265137,4.650000095367432,4.650000095367432,4.650000095367432,767
2023-11-28,4.800000190734863,4.800000190734863,4.650000095367432,4.650000095367432,4.650000095367432,300
2023-11-29,4.650000095367432,4.949999809265137,4.650000095367432,4.800000190734863,4.800000190734863,853
2023-11-30,4.650000095367432,4.650000095367432,4.349999904632568,4.349999904632568,4.349999904632568,1733
2023-12-01,4.5,4.650000095367432,4.050000190734863,4.199999809265137,4.199999809265137,1393
2023-12-04,4.199999809265137,4.199999809265137,3.75,4.050000190734863,4.050000190734863,1673
2023-12-05,4.050000190734863,4.199999809265137,3.9000000953674316,4.050000190734863,4.050000190734863,753
2023-12-06,4.050000190734863,4.199999809265137,4.050000190734863,4.199999809265137,4.199999809265137,1213
2023-12-07,4.199999809265137,4.199999809265137,4.050000190734863,4.050000190734863,4.050000190734863,227
2023-12-08,3.75,4.050000190734863,3.5999999046325684,3.75,3.75,1360
2023-12-11,3.75,3.9000000953674316,3.299999952316284,3.299999952316284,3.299999952316284,1767
2023-12-12,3.1500000953674316,3.450000047683716,3.1500000953674316,3.1500000953674316,3.1500000953674316,1847
2023-12-13,3.0,3.299999952316284,3.0,3.1500000953674316,3.1500000953674316,1240
2023-12-14,3.0,3.299999952316284,3.0,3.1500000953674316,3.1500000953674316,5467
2023-12-15,3.0,3.1500000953674316,3.0,3.0,3.0,840
2023-12-18,3.0,3.299999952316284,3.0,3.1500000953674316,3.1500000953674316,2760
2023-12-19,3.1500000953674316,3.75,3.0,3.75,3.75,73567
2023-12-20,3.5999999046325684,3.5999999046325684,3.1500000953674316,3.450000047683716,3.450000047683716,19173
2023-12-21,3.450000047683716,3.450000047683716,3.0,3.450000047683716,3.450000047683716,6407
2023-12-22,3.299999952316284,3.75,3.1500000953674316,3.299999952316284,3.299999952316284,7053
2023-12-26,3.1500000953674316,3.450000047683716,3.1500000953674316,3.299999952316284,3.299999952316284,2060
2023-12-27,3.299999952316284,3.299999952316284,3.1500000953674316,3.299999952316284,3.299999952316284,3313
2023-12-28,3.1500000953674316,3.299999952316284,3.0,3.299999952316284,3.299999952316284,1760
2023-12-29,3.1500000953674316,3.299999952316284,3.0,3.0,3.0,2413
2024-01-02,3.0,3.299999952316284,3.0,3.1500000953674316,3.1500000953674316,1247
2024-01-03,3.450000047683716,3.75,3.450000047683716,3.5999999046325684,3.5999999046325684,6960
2024-01-04,3.450000047683716,3.450000047683716,3.299999952316284,3.450000047683716,3.450000047683716,2387
2024-01-05,3.299999952316284,3.450000047683716,3.299999952316284,3.450000047683716,3.450000047683716,1020
2024-01-08,3.299999952316284,3.450000047683716,3.299999952316284,3.299999952316284,3.299999952316284,1673
2024-01-09,3.299999952316284,3.299999952316284,3.299999952316284,3.299999952316284,3.299999952316284,707
2024-01-10,3.299999952316284,3.299999952316284,3.299999952316284,3.299999952316284,3.299999952316284,500
2024-01-11,3.450000047683716,3.450000047683716,3.0,3.0,3.0,1893
2024-01-12,3.1500000953674316,3.1500000953674316,3.0,3.1500000953674316,3.1500000953674316,187
2024-01-16,3.1500000953674316,3.1500000953674316,2.700000047683716,2.700000047683716,2.700000047683716,5333
2024-01-17,2.700000047683716,2.8499999046325684,2.700000047683716,2.8499999046325684,2.8499999046325684,480
2024-01-18,2.8499999046325684,3.0,2.700000047683716,2.8499999046325684,2.8499999046325684,400
2024-01-19,2.8499999046325684,2.8499999046325684,2.549999952316284,2.549999952316284,2.549999952316284,3460
2024-01-22,2.700000047683716,2.700000047683716,2.4000000953674316,2.4000000953674316,2.4000000953674316,1433
2024-01-23,2.549999952316284,2.700000047683716,2.0999999046325684,2.0999999046325684,2.0999999046325684,9480
2024-01-24,2.25,2.25,1.9500000476837158,2.0999999046325684,2.0999999046325684,10513
2024-01-25,2.700000047683716,2.700000047683716,1.9500000476837158,2.0999999046325684,2.0999999046325684,65607
2024-01-26,2.200000047683716,2.5799999237060547,1.7699999809265137,2.359999895095825,2.359999895095825,96600
2024-01-29,2.9700000286102295,3.0299999713897705,1.7999999523162842,2.3399999141693115,2.3399999141693115,1857700
2024-01-30,2.1600000858306885,2.2799999713897705,1.9900000095367432,2.0299999713897705,2.0299999713897705,105800
2024-01-31,1.9900000095367432,1.9900000095367432,1.850000023841858,1.9299999475479126,1.9299999475479126,33400
2024-02-01,1.8600000143051147,2.0899999141693115,1.7799999713897705,1.9700000286102295,1.9700000286102295,18600
2024-02-02,1.9199999570846558,2.390000104904175,1.8700000047683716,1.9299999475479126,1.9299999475479126,58800
2024-02-05,2.0399999618530273,2.049999952316284,1.850000023841858,1.9600000381469727,1.9600000381469727,13400
2024-02-06,1.9500000476837158,1.9500000476837158,1.7599999904632568,1.7599999904632568,1.7599999904632568,13200
2024-02-07,1.8700000047683716,1.9900000095367432,1.7000000476837158,1.909999966621399,1.909999966621399,81400
2024-02-08,2.0,2.2799999713897705,1.940000057220459,2.190000057220459,2.190000057220459,185700
2024-02-09,2.1500000953674316,2.1600000858306885,1.8700000047683716,1.8700000047683716,1.8700000047683716,47400
2024-02-12,1.899999976158142,1.9299999475479126,1.7999999523162842,1.850000023841858,1.850000023841858,21200
2024-02-13,1.8300000429153442,1.9500000476837158,1.8300000429153442,1.8600000143051147,1.8600000143051147,16900
2024-02-14,2.009999990463257,2.4600000381469727,1.9600000381469727,2.059999942779541,2.059999942779541,228600
2024-02-15,2.049999952316284,2.4700000286102295,2.049999952316284,2.359999895095825,2.359999895095825,158400
2024-02-16,2.3499999046325684,2.450000047683716,2.190000057220459,2.2899999618530273,2.2899999618530273,69400
2024-02-20,2.200000047683716,2.259999990463257,1.9500000476837158,2.0199999809265137,2.0199999809265137,35800
2024-02-21,2.069999933242798,2.1500000953674316,1.8799999952316284,1.9199999570846558,1.9199999570846558,15500
2024-02-22,1.9500000476837158,1.9500000476837158,1.8700000047683716,1.909999966621399,1.909999966621399,22400
2024-02-23,1.909999966621399,1.9800000190734863,1.7999999523162842,1.850000023841858,1.850000023841858,24600
2024-02-26,1.899999976158142,1.899999976158142,1.7699999809265137,1.7699999809265137,1.7699999809265137,18700
2024-02-27,1.8799999952316284,1.8799999952316284,1.75,1.7699999809265137,1.7699999809265137,26300
2024-02-28,1.840000033378601,1.9199999570846558,1.7799999713897705,1.850000023841858,1.850000023841858,24800
2024-02-29,1.8300000429153442,1.840000033378601,1.7100000381469727,1.7999999523162842,1.7999999523162842,41000
2024-03-01,1.7999999523162842,1.8700000047683716,1.7999999523162842,1.809999942779541,1.809999942779541,12400
2024-03-04,1.8200000524520874,1.8799999952316284,1.75,1.75,1.75,14300
2024-03-05,1.7599999904632568,1.8700000047683716,1.7599999904632568,1.809999942779541,1.809999942779541,29900
2024-03-06,1.809999942779541,1.8899999856948853,1.7699999809265137,1.7799999713897705,1.7799999713897705,36300
2024-03-07,1.850000023841858,2.1600000858306885,1.809999942779541,2.0,2.0,196700
2024-03-08,2.009999990463257,2.049999952316284,1.7699999809265137,1.809999942779541,1.809999942779541,50200
2024-03-11,1.909999966621399,1.9299999475479126,1.7899999618530273,1.8200000524520874,1.8200000524520874,33800
2024-03-12,1.8300000429153442,1.850000023841858,1.7599999904632568,1.8300000429153442,1.8300000429153442,9100
2024-03-13,1.8300000429153442,1.8799999952316284,1.7699999809265137,1.8200000524520874,1.8200000524520874,23400
2024-03-14,1.850000023841858,1.850000023841858,1.6100000143051147,1.6699999570846558,1.6699999570846558,120200
2024-03-15,1.649999976158142,1.75,1.5299999713897705,1.5499999523162842,1.5499999523162842,37600
2024-03-18,1.559999942779541,1.5800000429153442,1.5299999713897705,1.5399999618530273,1.5399999618530273,9400
2024-03-19,1.5299999713897705,1.5299999713897705,1.399999976158142,1.5199999809265137,1.5199999809265137,21900
2024-03-20,1.4600000381469727,1.6299999952316284,1.4500000476837158,1.590000033378601,1.590000033378601,7600
2024-03-21,1.5299999713897705,1.5800000429153442,1.5,1.5499999523162842,1.5499999523162842,26500
2024-03-22,1.5800000429153442,1.6699999570846558,1.5299999713897705,1.5299999713897705,1.5299999713897705,13200
2024-03-25,1.7999999523162842,1.7999999523162842,1.5499999523162842,1.590000033378601,1.590000033378601,27900
2024-03-26,1.6299999952316284,1.6299999952316284,1.399999976158142,1.590000033378601,1.590000033378601,3100
2024-03-27,1.590000033378601,1.6100000143051147,1.4800000190734863,1.5800000429153442,1.5800000429153442,16100
2024-03-28,1.600000023841858,1.6200000047683716,1.5099999904632568,1.5399999618530273,1.5399999618530273,5500
2024-04-01,1.5299999713897705,1.7100000381469727,1.5299999713897705,1.649999976158142,1.649999976158142,17000
2024-04-02,1.659999966621399,1.8300000429153442,1.6399999856948853,1.7699999809265137,1.7699999809265137,26700
2024-04-03,1.7300000190734863,1.75,1.649999976158142,1.649999976158142,1.649999976158142,6500
2024-04-04,1.659999966621399,2.140000104904175,1.5800000429153442,2.0899999141693115,2.0899999141693115,158700
2024-04-05,2.2799999713897705,2.2799999713897705,1.9199999570846558,2.0,2.0,116100
2024-04-08,2.0,2.25,1.899999976158142,1.9500000476837158,1.9500000476837158,89800
2024-04-09,2.259999990463257,2.259999990463257,1.850000023841858,1.9600000381469727,1.9600000381469727,46900
2024-04-10,2.049999952316284,2.0799999237060547,1.7999999523162842,1.7999999523162842,1.7999999523162842,65600
2024-04-11,1.8200000524520874,2.0999999046325684,1.6299999952316284,2.0,2.0,667500
2024-04-12,1.8799999952316284,1.940000057220459,1.7100000381469727,1.809999942779541,1.809999942779541,71800
2024-04-15,1.909999966621399,1.940000057220459,1.7000000476837158,1.899999976158142,1.899999976158142,124800
2024-04-16,1.8300000429153442,2.130000114440918,1.8300000429153442,1.9900000095367432,1.9900000095367432,38200
2024-04-17,1.9600000381469727,2.119999885559082,1.8600000143051147,1.9500000476837158,1.9500000476837158,42300
2024-04-18,1.9199999570846558,2.109999895095825,1.8300000429153442,1.8700000047683716,1.8700000047683716,281300
2024-04-19,1.9299999475479126,2.009999990463257,1.600000023841858,1.649999976158142,1.649999976158142,132300
2024-04-22,1.5499999523162842,1.6100000143051147,1.409999966621399,1.5,1.5,58700
2024-04-23,1.4700000286102295,1.7300000190734863,1.4700000286102295,1.6699999570846558,1.6699999570846558,34500
2024-04-24,1.6699999570846558,1.7100000381469727,1.559999942779541,1.7100000381469727,1.7100000381469727,4800
2024-04-25,1.659999966621399,1.6799999475479126,1.5800000429153442,1.6100000143051147,1.6100000143051147,6900
2024-04-26,1.659999966621399,1.659999966621399,1.590000033378601,1.6399999856948853,1.6399999856948853,7300
2024-04-29,1.590000033378601,1.6799999475479126,1.5199999809265137,1.6299999952316284,1.6299999952316284,9900
2024-04-30,1.649999976158142,1.659999966621399,1.590000033378601,1.6399999856948853,1.6399999856948853,4800
2024-05-01,1.6299999952316284,1.6799999475479126,1.5499999523162842,1.6299999952316284,1.6299999952316284,9100
2024-05-02,1.6200000047683716,1.909999966621399,1.600000023841858,1.899999976158142,1.899999976158142,150100
2024-05-03,2.0299999713897705,2.180000066757202,1.899999976158142,2.180000066757202,2.180000066757202,145200
2024-05-06,2.0999999046325684,2.190000057220459,1.9800000190734863,2.119999885559082,2.119999885559082,32100
2024-05-07,2.0999999046325684,2.390000104904175,2.0899999141693115,2.369999885559082,2.369999885559082,62300
2024-05-08,2.109999895095825,2.390000104904175,1.909999966621399,2.309999942779541,2.309999942779541,167000
2024-05-09,2.299999952316284,2.430000066757202,2.2200000286102295,2.2300000190734863,2.2300000190734863,65600
2024-05-10,2.3299999237060547,2.359999895095825,1.9800000190734863,2.130000114440918,2.130000114440918,106800
2024-05-13,2.1500000953674316,2.190000057220459,1.6100000143051147,2.009999990463257,2.009999990463257,57500
2024-05-14,1.8799999952316284,2.0799999237060547,1.8200000524520874,2.0299999713897705,2.0299999713897705,22500
2024-05-15,1.8799999952316284,2.130000114440918,1.8600000143051147,1.9800000190734863,1.9800000190734863,9700
2024-05-16,2.0299999713897705,2.140000104904175,1.9500000476837158,2.130000114440918,2.130000114440918,8300
2024-05-17,2.240000009536743,2.299999952316284,2.109999895095825,2.119999885559082,2.119999885559082,21300
2024-05-20,2.2300000190734863,2.2300000190734863,2.119999885559082,2.1600000858306885,2.1600000858306885,3900
2024-05-21,2.0999999046325684,2.1500000953674316,2.0199999809265137,2.0399999618530273,2.0399999618530273,6200
2024-05-22,2.190000057220459,2.319999933242798,2.0999999046325684,2.2300000190734863,2.2300000190734863,20000
2024-05-23,2.190000057220459,2.200000047683716,2.0799999237060547,2.119999885559082,2.119999885559082,13000
2024-05-24,2.109999895095825,2.259999990463257,2.109999895095825,2.2200000286102295,2.2200000286102295,17800
2024-05-28,2.259999990463257,2.259999990463257,2.1700000762939453,2.240000009536743,2.240000009536743,11100
2024-05-29,2.1500000953674316,2.200000047683716,2.140000104904175,2.200000047683716,2.200000047683716,4000
2024-05-30,2.1600000858306885,2.2699999809265137,2.1500000953674316,2.240000009536743,2.240000009536743,13500
2024-05-31,2.25,2.25,2.190000057220459,2.25,2.25,5300
2024-06-03,2.2100000381469727,2.2100000381469727,2.109999895095825,2.109999895095825,2.109999895095825,3400
2024-06-04,2.25,2.25,2.0999999046325684,2.180000066757202,2.180000066757202,3200
2024-06-05,2.1500000953674316,2.2100000381469727,2.130000114440918,2.1700000762939453,2.1700000762939453,3100
2024-06-06,2.25,2.3299999237060547,2.200000047683716,2.299999952316284,2.299999952316284,55100
2024-06-07,2.369999885559082,2.369999885559082,2.2100000381469727,2.2300000190734863,2.2300000190734863,11300
2024-06-10,2.1700000762939453,2.309999942779541,2.0999999046325684,2.109999895095825,2.109999895095825,12300
2024-06-11,2.200000047683716,2.369999885559082,2.140000104904175,2.2200000286102295,2.2200000286102295,16500
2024-06-12,2.2699999809265137,2.2799999713897705,2.0199999809265137,2.0399999618530273,2.0399999618530273,25200
2024-06-13,2.109999895095825,2.180000066757202,2.009999990463257,2.1600000858306885,2.1600000858306885,9000
2024-06-14,2.049999952316284,2.0999999046325684,2.0,2.0,2.0,22000
2024-06-17,2.0399999618530273,2.0899999141693115,1.9299999475479126,2.0,2.0,10800
2024-06-18,1.9500000476837158,2.0899999141693115,1.7599999904632568,1.8200000524520874,1.8200000524520874,27500
2024-06-20,1.8200000524520874,1.8700000047683716,1.75,1.7699999809265137,1.7699999809265137,9500
2024-06-21,1.9199999570846558,1.940000057220459,1.7799999713897705,1.8899999856948853,1.8899999856948853,8800
2024-06-24,2.0799999237060547,2.0799999237060547,1.899999976158142,1.899999976158142,1.899999976158142,6700
2024-06-25,1.899999976158142,1.9500000476837158,1.840000033378601,1.840000033378601,1.840000033378601,1900
2024-06-26,2.109999895095825,2.109999895095825,1.7400000095367432,1.8300000429153442,1.8300000429153442,4200
2024-06-27,1.9500000476837158,1.9500000476837158,1.8799999952316284,1.9299999475479126,1.9299999475479126,6400
2024-06-28,2.049999952316284,2.049999952316284,1.7899999618530273,1.7899999618530273,1.7899999618530273,2300
2024-07-01,2.0299999713897705,2.0299999713897705,1.840000033378601,1.840000033378601,1.840000033378601,3000
2024-07-02,1.7599999904632568,1.840000033378601,1.7400000095367432,1.7899999618530273,1.7899999618530273,20800
2024-07-03,2.0,2.1500000953674316,1.9199999570846558,1.9299999475479126,1.9299999475479126,6900
2024-07-05,2.0199999809265137,2.0199999809265137,1.8600000143051147,1.8600000143051147,1.8600000143051147,1400
2024-07-08,1.940000057220459,1.9700000286102295,1.7999999523162842,1.850000023841858,1.850000023841858,5500
2024-07-09,1.9500000476837158,1.9500000476837158,1.6200000047683716,1.909999966621399,1.909999966621399,1500
2024-07-10,1.9500000476837158,1.9500000476837158,1.9299999475479126,1.9299999475479126,1.9299999475479126,1800
2024-07-11,1.600000023841858,1.7899999618530273,1.5299999713897705,1.7899999618530273,1.7899999618530273,224400
2024-07-12,1.7300000190734863,1.75,1.590000033378601,1.6399999856948853,1.6399999856948853,16600
2024-07-15,1.7200000286102295,1.7200000286102295,1.590000033378601,1.6399999856948853,1.6399999856948853,10400
2024-07-16,1.4700000286102295,1.75,1.4299999475479126,1.6100000143051147,1.6100000143051147,500100
2024-07-17,1.690000057220459,1.7200000286102295,1.559999942779541,1.6799999475479126,1.6799999475479126,20700
2024-07-18,1.440000057220459,1.649999976158142,1.440000057220459,1.5499999523162842,1.5499999523162842,59500
2024-07-19,1.5499999523162842,1.659999966621399,1.4600000381469727,1.5399999618530273,1.5399999618530273,50600
2024-07-22,1.690000057220459,1.690000057220459,1.5700000524520874,1.6299999952316284,1.6299999952316284,29600
2024-07-23,1.7300000190734863,1.75,1.6399999856948853,1.7100000381469727,1.7100000381469727,14500
2024-07-24,1.690000057220459,1.7899999618530273,1.649999976158142,1.75,1.75,29600
2024-07-25,1.75,1.8300000429153442,1.7000000476837158,1.7400000095367432,1.7400000095367432,12400
2024-07-26,1.8200000524520874,1.8200000524520874,1.649999976158142,1.649999976158142,1.649999976158142,15200
2024-07-29,1.8600000143051147,1.8600000143051147,1.649999976158142,1.7100000381469727,1.7100000381469727,3800
2024-07-30,1.7000000476837158,1.7200000286102295,1.6200000047683716,1.7200000286102295,1.7200000286102295,9900
2024-07-31,1.7200000286102295,1.909999966621399,1.6699999570846558,1.7100000381469727,1.7100000381469727,14800
2024-08-01,1.7899999618530273,1.7999999523162842,1.7100000381469727,1.7200000286102295,1.7200000286102295,1800
2024-08-02,1.6699999570846558,1.6699999570846558,1.5,1.600000023841858,1.600000023841858,10700
2024-08-05,1.600000023841858,1.7400000095367432,1.5499999523162842,1.7200000286102295,1.7200000286102295,22300
2024-08-06,1.690000057220459,1.7100000381469727,1.6200000047683716,1.6399999856948853,1.6399999856948853,9600
2024-08-07,1.8300000429153442,1.8300000429153442,1.5700000524520874,1.7000000476837158,1.7000000476837158,37500
2024-08-08,1.590000033378601,1.7999999523162842,1.559999942779541,1.7799999713897705,1.7799999713897705,16200
2024-08-09,1.7200000286102295,1.7799999713897705,1.6299999952316284,1.649999976158142,1.649999976158142,12100
2024-08-12,1.6399999856948853,1.7100000381469727,1.590000033378601,1.649999976158142,1.649999976158142,11200
2024-08-13,1.7100000381469727,1.8200000524520874,1.659999966621399,1.7300000190734863,1.7300000190734863,32200
2024-08-14,1.9199999570846558,1.9199999570846558,1.659999966621399,1.8200000524520874,1.8200000524520874,30100
2024-08-15,1.850000023841858,1.9199999570846558,1.7999999523162842,1.8700000047683716,1.8700000047683716,10600
2024-08-16,1.9900000095367432,2.009999990463257,1.7599999904632568,1.7599999904632568,1.7599999904632568,24600
2024-08-19,1.850000023841858,1.9299999475479126,1.809999942779541,1.8899999856948853,1.8899999856948853,20300
2024-08-20,1.9199999570846558,1.9700000286102295,1.909999966621399,1.9600000381469727,1.9600000381469727,20200
2024-08-21,2.059999942779541,2.0899999141693115,1.9600000381469727,2.059999942779541,2.059999942779541,21300
2024-08-22,2.1600000858306885,2.1700000762939453,1.6699999570846558,1.7899999618530273,1.7899999618530273,67400
2024-08-23,1.6799999475479126,1.840000033378601,1.6799999475479126,1.7100000381469727,1.7100000381469727,35400
2024-08-26,1.7400000095367432,1.8300000429153442,1.7000000476837158,1.8200000524520874,1.8200000524520874,14000
2024-08-27,1.690000057220459,1.690000057220459,1.5099999904632568,1.6699999570846558,1.6699999570846558,688600
2024-08-28,1.7200000286102295,1.7400000095367432,1.5499999523162842,1.7300000190734863,1.7300000190734863,35000
2024-08-29,1.6699999570846558,1.7300000190734863,1.649999976158142,1.7000000476837158,1.7000000476837158,32700
2024-08-30,1.7699999809265137,1.7699999809265137,1.6799999475479126,1.7100000381469727,1.7100000381469727,41100
