Date,Open,High,Low,Close,Adj Close,Volume
1984-09-25,0.0,5.0,4.8125,4.8125,2.1823348999023438,800
1984-09-26,0.0,4.9375,4.75,4.75,2.1539931297302246,1600
1984-09-27,0.0,4.9375,4.75,4.75,2.1539931297302246,60800
1984-09-28,4.75,4.75,4.75,4.75,2.1539931297302246,0
1984-10-01,0.0,4.9375,4.75,4.75,2.1539931297302246,21600
1984-10-02,0.0,4.9375,4.8125,4.8125,2.1823348999023438,800
1984-10-03,4.8125,4.8125,4.8125,4.8125,2.1823348999023438,0
1984-10-04,0.0,4.9375,4.8125,4.8125,2.1823348999023438,2800
1984-10-05,0.0,4.9375,4.8125,4.8125,2.1823348999023438,2000
1984-10-08,0.0,4.9375,4.8125,4.8125,2.1823348999023438,8000
1984-10-09,0.0,4.9375,4.8125,4.8125,2.1823348999023438,2400
1984-10-10,0.0,4.9375,4.75,4.75,2.1539931297302246,6400
1984-10-11,0.0,4.9375,4.75,4.75,2.1539931297302246,2000
1984-10-12,4.75,4.75,4.75,4.75,2.1539931297302246,0
1984-10-15,0.0,4.875,4.75,4.75,2.1539931297302246,8800
1984-10-16,0.0,4.9375,4.75,4.75,2.1539931297302246,800
1984-10-17,4.75,4.75,4.75,4.75,2.1539931297302246,0
1984-10-18,4.75,4.75,4.75,4.75,2.1539931297302246,0
1984-10-19,0.0,5.0,4.875,4.875,2.210676908493042,13600
1984-10-22,0.0,5.0625,4.875,4.875,2.210676908493042,23200
1984-10-23,0.0,5.0625,4.9375,4.9375,2.2390189170837402,23600
1984-10-24,4.9375,4.9375,4.9375,4.9375,2.2390189170837402,0
1984-10-25,4.9375,4.9375,4.9375,4.9375,2.2390189170837402,0
1984-10-26,0.0,5.0625,4.9375,4.9375,2.2390189170837402,800
1984-10-29,0.0,5.0625,4.9375,4.9375,2.2390189170837402,1200
1984-10-30,0.0,5.125,4.9375,4.9375,2.2390189170837402,400
1984-10-31,0.0,5.125,4.9375,4.9375,2.2390189170837402,2400
1984-11-01,0.0,5.125,4.9375,4.9375,2.2390189170837402,1200
1984-11-02,0.0,5.125,4.9375,4.9375,2.2390189170837402,1200
1984-11-05,0.0,5.125,4.9375,4.9375,2.2390189170837402,2000
1984-11-06,4.9375,4.9375,4.9375,4.9375,2.2390189170837402,0
1984-11-07,0.0,5.1875,5.0,5.0,2.2673609256744385,10000
1984-11-08,0.0,5.1875,5.0,5.0,2.2673609256744385,400
1984-11-09,0.0,5.125,5.0,5.0,2.2673609256744385,4000
1984-11-12,0.0,5.125,4.9375,4.9375,2.2390189170837402,10000
1984-11-13,0.0,5.0625,4.875,4.875,2.210676908493042,10000
1984-11-14,4.875,4.875,4.875,4.875,2.210676908493042,0
1984-11-15,0.0,5.0,4.875,4.875,2.210676908493042,800
1984-11-16,4.875,4.875,4.875,4.875,2.210676908493042,0
1984-11-19,0.0,5.0,4.8125,4.8125,2.1823348999023438,1600
1984-11-20,4.8125,4.8125,4.8125,4.8125,2.1823348999023438,0
1984-11-21,0.0,5.0,4.8125,4.8125,2.1823348999023438,1200
1984-11-23,4.8125,4.8125,4.8125,4.8125,2.1823348999023438,0
1984-11-26,0.0,5.0,4.875,4.875,2.210676908493042,4800
1984-11-27,0.0,4.9375,4.875,4.875,2.210676908493042,10000
1984-11-28,0.0,4.9375,4.75,4.75,2.1539931297302246,5600
1984-11-29,0.0,4.875,4.6875,4.6875,2.1256508827209473,3200
1984-11-30,0.0,4.8125,4.6875,4.6875,2.1256508827209473,40000
1984-12-03,0.0,4.8125,4.6875,4.6875,2.1256508827209473,36000
1984-12-04,0.0,4.8125,4.6875,4.6875,2.1256508827209473,2400
1984-12-05,0.0,4.8125,4.6875,4.6875,2.1256508827209473,1200
1984-12-06,4.6875,4.6875,4.6875,4.6875,2.1256508827209473,0
1984-12-07,0.0,4.8125,4.6875,4.6875,2.1256508827209473,2400
1984-12-10,0.0,4.8125,4.6875,4.6875,2.1256508827209473,33200
1984-12-11,0.0,4.8125,4.6875,4.6875,2.1256508827209473,1200
1984-12-12,0.0,4.8125,4.6875,4.6875,2.1256508827209473,6400
1984-12-13,4.6875,4.6875,4.6875,4.6875,2.1256508827209473,0
1984-12-14,0.0,4.8125,4.6875,4.6875,2.1256508827209473,800
1984-12-17,0.0,4.8125,4.6875,4.6875,2.1256508827209473,23600
1984-12-18,0.0,4.875,4.75,4.75,2.1539931297302246,25200
1984-12-19,0.0,5.0,4.875,4.875,2.210676908493042,33200
1984-12-20,0.0,5.0,4.875,4.875,2.210676908493042,400
1984-12-21,0.0,5.0,4.875,4.875,2.210676908493042,8800
1984-12-24,0.0,5.0,4.875,4.875,2.210676908493042,0
1984-12-26,4.875,4.875,4.875,4.875,2.210676908493042,0
1984-12-27,0.0,5.0,4.875,4.875,2.210676908493042,149200
1984-12-28,0.0,5.0,4.875,4.875,2.210676908493042,25600
1984-12-31,0.0,5.125,5.0,5.0,2.2673609256744385,44000
1985-01-02,0.0,5.125,4.9375,4.9375,2.2390189170837402,1200
1985-01-03,0.0,5.0625,4.875,4.875,2.210676908493042,20000
1985-01-04,0.0,5.0625,4.875,4.875,2.210676908493042,2800
1985-01-07,0.0,5.0625,4.875,4.875,2.210676908493042,2800
1985-01-08,0.0,5.0,4.875,4.875,2.210676908493042,2400
1985-01-09,0.0,5.0,4.875,4.875,2.210676908493042,4000
1985-01-10,0.0,5.0625,4.9375,4.9375,2.2390189170837402,16000
1985-01-11,0.0,5.0625,4.9375,4.9375,2.2390189170837402,20000
1985-01-14,0.0,5.0625,4.9375,4.9375,2.2390189170837402,3600
1985-01-15,0.0,5.0625,4.9375,4.9375,2.2390189170837402,4400
1985-01-16,0.0,5.0625,4.9375,4.9375,2.2390189170837402,400
1985-01-17,0.0,5.0625,4.9375,4.9375,2.2390189170837402,400
1985-01-18,0.0,5.0625,4.9375,4.9375,2.2390189170837402,6400
1985-01-21,0.0,5.0625,4.9375,4.9375,2.2390189170837402,4000
1985-01-22,0.0,5.0625,5.0625,5.0625,2.2957024574279785,8000
1985-01-23,0.0,5.1875,5.0625,5.125,2.3240444660186768,139600
1985-01-24,0.0,5.25,5.21875,5.21875,2.3665578365325928,26000
1985-01-25,0.0,5.25,5.1875,5.1875,2.352385997772217,14000
1985-01-28,0.0,5.3125,5.125,5.3125,2.409069776535034,38400
1985-01-29,0.0,5.3125,5.1875,5.25,2.380728244781494,16800
1985-01-30,0.0,5.5,5.25,5.5,2.4940967559814453,42400
1985-01-31,0.0,5.5625,5.375,5.5625,2.522439956665039,16800
1985-02-01,0.0,5.5,5.5,5.5,2.4940967559814453,8400
1985-02-04,0.0,5.5625,5.5625,5.5625,2.522439956665039,800
1985-02-05,0.0,5.6875,5.625,5.625,2.550781011581421,3200
1985-02-06,0.0,5.6875,5.5625,5.5625,2.522439956665039,14400
1985-02-07,0.0,6.0,5.6875,5.8125,2.635807752609253,44400
1985-02-08,0.0,6.0,5.9375,5.9375,2.692490816116333,7600
1985-02-11,0.0,6.0,5.875,5.9375,2.692490816116333,21200
1985-02-12,0.0,5.90625,5.875,5.875,2.664149045944214,20800
1985-02-13,0.0,5.875,5.75,5.875,2.664149045944214,14800
1985-02-14,0.0,5.875,5.8125,5.8125,2.635807752609253,16800
1985-02-15,0.0,5.875,5.8125,5.875,2.664149045944214,23200
1985-02-19,0.0,5.84375,5.8125,5.84375,2.6499764919281006,11600
1985-02-20,5.84375,5.84375,5.84375,5.84375,2.6499764919281006,0
1985-02-21,0.0,5.90625,5.8125,5.8125,2.635807752609253,45200
1985-02-22,0.0,5.84375,5.8125,5.84375,2.6499764919281006,12000
1985-02-25,0.0,5.875,5.875,5.875,2.664149045944214,4400
1985-02-26,0.0,5.875,5.8125,5.8125,2.635807752609253,37200
1985-02-27,0.0,5.75,5.75,5.75,2.60746431350708,800
1985-02-28,0.0,5.8125,5.75,5.8125,2.635807752609253,6400
1985-03-01,0.0,5.875,5.78125,5.875,2.664149045944214,6800
1985-03-04,0.0,5.8125,5.6875,5.8125,2.635807752609253,13200
1985-03-05,0.0,5.8125,5.75,5.75,2.60746431350708,14800
1985-03-06,0.0,5.8125,5.71875,5.75,2.60746431350708,42000
1985-03-07,0.0,5.8125,5.75,5.75,2.60746431350708,104000
1985-03-08,0.0,5.875,5.75,5.875,2.664149045944214,64800
1985-03-11,0.0,5.875,5.75,5.8125,2.635807752609253,80000
1985-03-12,0.0,5.75,5.75,5.75,2.60746431350708,14400
1985-03-13,0.0,5.875,5.75,5.8125,2.635807752609253,58400
1985-03-14,0.0,5.75,5.75,5.75,2.60746431350708,56000
1985-03-15,0.0,5.75,5.625,5.625,2.550781011581421,20000
1985-03-18,0.0,5.75,5.625,5.75,2.60746431350708,3600
1985-03-19,0.0,5.5625,5.5,5.5,2.4940967559814453,6000
1985-03-20,0.0,5.6875,5.5,5.5625,2.522439956665039,2000
1985-03-21,0.0,5.625,5.625,5.625,2.550781011581421,400
1985-03-22,5.625,5.625,5.625,5.625,2.550781011581421,0
1985-03-25,0.0,5.5625,5.4375,5.5625,2.522439956665039,5200
1985-03-26,5.5625,5.5625,5.5625,5.5625,2.522439956665039,0
1985-03-27,5.5625,5.5625,5.5625,5.5625,2.522439956665039,0
1985-03-28,0.0,5.5625,5.4375,5.4375,2.4657557010650635,1200
1985-03-29,0.0,5.5625,5.4375,5.4375,2.4657557010650635,12800
1985-04-01,0.0,5.4375,5.4375,5.4375,2.4657557010650635,6400
1985-04-02,0.0,5.5,5.5,5.5,2.4940967559814453,400
1985-04-03,0.0,5.5,5.4375,5.4375,2.4657557010650635,4400
1985-04-04,0.0,5.5,5.5,5.5,2.4940967559814453,400
1985-04-08,0.0,5.375,5.375,5.375,2.4374136924743652,5200
1985-04-09,0.0,5.3125,5.25,5.3125,2.409069776535034,5200
1985-04-10,0.0,5.3125,5.3125,5.3125,2.409069776535034,800
1985-04-11,0.0,5.3125,5.25,5.3125,2.409069776535034,6800
1985-04-12,5.3125,5.3125,5.3125,5.3125,2.409069776535034,0
1985-04-15,0.0,5.3125,5.0625,5.1875,2.352385997772217,368800
1985-04-16,0.0,5.25,5.125,5.25,2.380728244781494,15600
1985-04-17,0.0,5.25,5.25,5.25,2.380728244781494,800
1985-04-18,0.0,5.0625,5.0625,5.0625,2.2957024574279785,3200
1985-04-19,0.0,5.3125,5.1875,5.25,2.380728244781494,112800
1985-04-22,0.0,5.3125,5.1875,5.3125,2.409069776535034,12800
1985-04-23,5.3125,5.3125,5.3125,5.3125,2.409069776535034,0
1985-04-24,0.0,5.3125,5.3125,5.3125,2.409069776535034,2800
1985-04-25,5.3125,5.3125,5.3125,5.3125,2.409069776535034,0
1985-04-26,5.3125,5.3125,5.3125,5.3125,2.409069776535034,0
1985-04-29,0.0,5.1875,5.1875,5.1875,2.352385997772217,2000
1985-04-30,5.1875,5.1875,5.1875,5.1875,2.352385997772217,0
1985-05-01,0.0,5.25,5.25,5.25,2.380728244781494,6000
1985-05-02,0.0,5.3125,5.1875,5.3125,2.409069776535034,2800
1985-05-03,0.0,5.3125,5.25,5.3125,2.409069776535034,80000
1985-05-06,5.3125,5.3125,5.3125,5.3125,2.409069776535034,0
1985-05-07,0.0,5.1875,5.1875,5.1875,2.352385997772217,800
1985-05-08,5.1875,5.1875,5.1875,5.1875,2.352385997772217,0
1985-05-09,0.0,5.1875,5.1875,5.1875,2.352385997772217,4800
1985-05-10,5.1875,5.1875,5.1875,5.1875,2.352385997772217,0
1985-05-13,5.1875,5.1875,5.1875,5.1875,2.352385997772217,0
1985-05-14,0.0,5.28125,5.1875,5.25,2.380728244781494,48000
1985-05-15,0.0,5.1875,5.1875,5.1875,2.352385997772217,3200
1985-05-16,5.1875,5.1875,5.1875,5.1875,2.352385997772217,0
1985-05-17,0.0,5.25,5.1875,5.25,2.380728244781494,4800
1985-05-20,0.0,5.25,5.1875,5.25,2.380728244781494,9600
1985-05-21,0.0,5.28125,5.1875,5.1875,2.352385997772217,14800
1985-05-22,0.0,5.28125,5.1875,5.1875,2.352385997772217,5200
1985-05-23,0.0,5.25,5.25,5.25,2.380728244781494,2000
1985-05-24,0.0,5.25,5.1875,5.25,2.380728244781494,2800
1985-05-28,0.0,5.15625,5.09375,5.15625,2.3382163047790527,720000
1985-05-29,0.0,5.25,5.25,5.25,2.380728244781494,22000
1985-05-30,0.0,5.1875,5.1875,5.1875,2.352385997772217,800
1985-05-31,0.0,5.25,5.1875,5.1875,2.352385997772217,16800
1985-06-03,0.0,5.3125,5.1875,5.25,2.380728244781494,37600
1985-06-04,0.0,5.3125,5.3125,5.3125,2.409069776535034,400
1985-06-05,0.0,5.375,5.25,5.375,2.4374136924743652,3600
1985-06-06,0.0,5.375,5.375,5.375,2.4374136924743652,2000
1985-06-07,0.0,5.375,5.375,5.375,2.4374136924743652,2000
1985-06-10,0.0,5.375,5.25,5.25,2.380728244781494,40400
1985-06-11,0.0,5.5,5.25,5.25,2.380728244781494,17600
1985-06-12,0.0,5.5,5.3125,5.375,2.4374136924743652,22400
1985-06-13,0.0,5.375,5.25,5.25,2.380728244781494,54000
1985-06-14,0.0,5.3125,5.25,5.3125,2.409069776535034,3600
1985-06-17,0.0,5.3125,5.25,5.25,2.380728244781494,2000
1985-06-18,0.0,5.3125,5.1875,5.3125,2.409069776535034,15200
1985-06-19,0.0,5.3125,5.25,5.25,2.380728244781494,13600
1985-06-20,0.0,5.3125,5.1875,5.1875,2.352385997772217,16800
1985-06-21,0.0,5.3125,5.1875,5.3125,2.409069776535034,95200
1985-06-24,0.0,5.1875,5.1875,5.1875,2.352385997772217,3600
1985-06-25,0.0,5.3125,5.1875,5.28125,2.394899606704712,44000
1985-06-26,0.0,5.3125,5.25,5.3125,2.409069776535034,6400
1985-06-27,0.0,5.3125,5.1875,5.25,2.380728244781494,56000
1985-06-28,0.0,5.375,5.25,5.375,2.4374136924743652,29600
1985-07-01,0.0,5.3125,5.25,5.3125,2.409069776535034,427600
1985-07-02,0.0,5.3125,5.25,5.3125,2.409069776535034,5200
1985-07-03,0.0,5.375,5.3125,5.375,2.4374136924743652,2800
1985-07-05,0.0,5.8125,5.375,5.8125,2.635807752609253,33200
1985-07-08,0.0,5.8125,5.6875,5.6875,2.57912278175354,2800
1985-07-09,0.0,5.875,5.6875,5.75,2.60746431350708,4000
1985-07-10,0.0,5.75,5.75,5.75,2.60746431350708,2400
1985-07-11,0.0,5.875,5.75,5.75,2.60746431350708,6000
1985-07-12,0.0,5.875,5.875,5.875,2.664149045944214,1600
1985-07-15,0.0,5.875,5.8125,5.8125,2.635807752609253,80000
1985-07-16,0.0,5.875,5.75,5.875,2.664149045944214,70800
1985-07-17,0.0,6.125,6.0,6.0,2.7208328247070312,62400
1985-07-18,0.0,5.9375,5.875,5.9375,2.692490816116333,8800
1985-07-19,0.0,6.0,5.8125,6.0,2.7208328247070312,23600
1985-07-22,0.0,6.0,5.8125,6.0,2.7208328247070312,1600
1985-07-23,0.0,5.8125,5.8125,5.8125,2.635807752609253,1600
1985-07-24,0.0,5.8125,5.6875,5.8125,2.635807752609253,17200
1985-07-25,0.0,5.6875,5.5625,5.5625,2.522439956665039,16400
1985-07-26,0.0,5.5625,5.4375,5.5625,2.522439956665039,31200
1985-07-29,0.0,5.5625,5.4375,5.5625,2.522439956665039,66800
1985-07-30,0.0,5.625,5.5,5.5,2.4940967559814453,36800
1985-07-31,0.0,5.625,5.4375,5.4375,2.4657557010650635,21600
1985-08-01,0.0,5.5625,5.5625,5.5625,2.522439956665039,14000
1985-08-02,0.0,5.59375,5.5,5.59375,2.536609411239624,19600
1985-08-05,0.0,5.53125,5.5,5.53125,2.5082666873931885,20400
1985-08-06,0.0,5.5625,5.5,5.5,2.4940967559814453,4400
1985-08-07,0.0,5.625,5.5,5.5,2.4940967559814453,4800
1985-08-08,0.0,5.625,5.5,5.625,2.550781011581421,78800
1985-08-09,0.0,5.53125,5.5,5.53125,2.5082666873931885,19600
1985-08-12,0.0,5.5625,5.5,5.5,2.4940967559814453,18400
1985-08-13,0.0,5.5,5.4375,5.4375,2.4657557010650635,12800
1985-08-14,0.0,5.53125,5.375,5.5,2.4940967559814453,94400
1985-08-15,0.0,5.5625,5.5,5.5625,2.522439956665039,11200
1985-08-16,0.0,5.5,5.4375,5.4375,2.4657557010650635,10000
1985-08-19,0.0,5.5625,5.5625,5.5625,2.522439956665039,5600
1985-08-20,0.0,5.5625,5.4375,5.5625,2.522439956665039,4400
1985-08-21,0.0,5.625,5.4375,5.5,2.4940967559814453,30000
1985-08-22,0.0,5.5625,5.4375,5.4375,2.4657557010650635,19200
1985-08-23,0.0,5.4375,5.4375,5.4375,2.4657557010650635,17600
1985-08-26,0.0,5.5625,5.5,5.5625,2.522439956665039,10400
1985-08-27,0.0,5.5625,5.4375,5.5625,2.522439956665039,180800
1985-08-28,0.0,5.6875,5.5625,5.6875,2.57912278175354,22000
1985-08-29,0.0,5.6875,5.625,5.625,2.550781011581421,3200
1985-08-30,0.0,5.6875,5.6875,5.6875,2.57912278175354,3600
1985-09-03,0.0,5.6875,5.5,5.5,2.4940967559814453,14800
1985-09-04,0.0,5.6875,5.5,5.6875,2.57912278175354,88400
1985-09-05,0.0,6.0,5.6875,6.0,2.7208328247070312,18000
1985-09-06,0.0,6.0,6.0,6.0,2.7208328247070312,2800
1985-09-09,0.0,6.0625,5.875,5.875,2.664149045944214,28800
1985-09-10,0.0,5.875,5.875,5.875,2.664149045944214,4000
1985-09-11,0.0,5.875,5.6875,5.6875,2.57912278175354,55600
1985-09-12,0.0,5.8125,5.6875,5.6875,2.57912278175354,57600
1985-09-13,0.0,5.75,5.6875,5.6875,2.57912278175354,49600
1985-09-16,0.0,5.75,5.6875,5.6875,2.57912278175354,2800
1985-09-17,0.0,5.75,5.625,5.65625,2.5649523735046387,178800
1985-09-18,0.0,5.6875,5.5,5.5,2.4940967559814453,70800
1985-09-19,0.0,5.6875,5.5,5.5625,2.522439956665039,24400
1985-09-20,0.0,5.75,5.59375,5.75,2.60746431350708,34400
1985-09-23,0.0,5.75,5.5,5.5,2.4940967559814453,26800
1985-09-24,0.0,5.65625,5.5,5.5,2.4940967559814453,2400
1985-09-25,0.0,5.6875,5.625,5.625,2.550781011581421,12000
1985-09-26,0.0,5.75,5.625,5.75,2.60746431350708,87600
1985-09-30,0.0,5.8125,5.625,5.8125,2.635807752609253,19600
1985-10-01,0.0,5.8125,5.75,5.8125,2.635807752609253,17200
1985-10-02,0.0,5.8125,5.75,5.8125,2.635807752609253,71200
1985-10-03,0.0,5.9375,5.6875,5.9375,2.692490816116333,282800
1985-10-04,0.0,6.0,5.8125,6.0,2.7208328247070312,42400
1985-10-07,0.0,6.0,5.8125,6.0,2.7208328247070312,74400
1985-10-08,0.0,6.0,5.875,5.875,2.664149045944214,32800
1985-10-09,0.0,6.0,5.8125,5.8125,2.635807752609253,24000
1985-10-10,0.0,6.0,5.8125,6.0,2.7208328247070312,7200
1985-10-11,0.0,6.0625,5.9375,5.9375,2.692490816116333,10000
1985-10-14,0.0,6.0625,5.9375,6.0,2.7208328247070312,34400
1985-10-15,0.0,6.0625,5.96875,6.0,2.7208328247070312,93600
1985-10-16,0.0,6.25,6.125,6.25,2.834200382232666,13600
1985-10-17,0.0,6.4375,6.25,6.25,2.834200382232666,171200
1985-10-18,0.0,6.3125,6.125,6.21875,2.8200302124023438,65200
1985-10-21,0.0,6.25,6.125,6.1875,2.8058602809906006,9200
1985-10-22,0.0,6.1875,6.125,6.125,2.7775168418884277,10000
1985-10-23,0.0,6.25,6.1875,6.25,2.834200382232666,12800
1985-10-24,0.0,6.1875,6.125,6.1875,2.8058602809906006,27600
1985-10-25,0.0,6.1875,6.0625,6.1875,2.8058602809906006,1200
1985-10-28,0.0,6.0,6.0,6.0,2.7208328247070312,2400
1985-10-29,0.0,6.09375,6.0,6.0,2.7208328247070312,10800
1985-10-30,0.0,6.0625,5.9375,6.0,2.7208328247070312,44800
1985-10-31,0.0,6.0,5.8125,5.875,2.664149045944214,16800
1985-11-01,0.0,5.875,5.75,5.75,2.60746431350708,17200
1985-11-04,0.0,5.8125,5.6875,5.6875,2.57912278175354,26800
1985-11-05,0.0,5.75,5.625,5.625,2.550781011581421,3200
1985-11-06,0.0,5.75,5.625,5.625,2.550781011581421,12800
1985-11-07,0.0,5.75,5.625,5.6875,2.57912278175354,26400
1985-11-08,0.0,5.75,5.625,5.75,2.60746431350708,9600
1985-11-11,0.0,5.75,5.5625,5.75,2.60746431350708,154400
1985-11-12,0.0,5.75,5.6875,5.75,2.60746431350708,74000
1985-11-13,5.75,5.75,5.75,5.75,2.60746431350708,0
1985-11-14,0.0,5.75,5.625,5.75,2.60746431350708,10800
1985-11-15,0.0,5.75,5.75,5.75,2.60746431350708,15200
1985-11-18,0.0,5.75,5.6875,5.75,2.60746431350708,95600
1985-11-19,0.0,5.75,5.6875,5.6875,2.57912278175354,26400
1985-11-20,0.0,5.78125,5.6875,5.75,2.60746431350708,135200
1985-11-21,0.0,5.78125,5.6875,5.75,2.60746431350708,61200
1985-11-22,0.0,6.0625,5.875,6.0625,2.749175786972046,17200
1985-11-25,0.0,6.0,5.875,6.0,2.7208328247070312,8400
1985-11-26,0.0,6.0,5.8125,6.0,2.7208328247070312,16000
1985-11-27,0.0,6.0,5.875,6.0,2.7208328247070312,19200
1985-11-29,6.0,6.0,6.0,6.0,2.7208328247070312,0
1985-12-02,0.0,6.0625,5.9375,5.9375,2.692490816116333,33200
1985-12-03,0.0,6.0625,5.875,6.0625,2.749175786972046,13200
1985-12-04,0.0,6.0,5.875,6.0,2.7208328247070312,37600
1985-12-05,0.0,6.0,5.9375,6.0,2.7208328247070312,31600
1985-12-06,0.0,6.0,5.875,6.0,2.7208328247070312,8000
1985-12-09,0.0,6.0,5.875,5.875,2.664149045944214,24400
1985-12-10,0.0,6.0,5.9375,6.0,2.7208328247070312,103600
1985-12-11,0.0,6.1875,6.0,6.125,2.7775168418884277,96800
1985-12-12,0.0,6.1875,6.125,6.1875,2.8058602809906006,113600
1985-12-13,0.0,6.1875,6.125,6.1875,2.8058602809906006,62000
1985-12-16,0.0,6.25,6.125,6.25,2.834200382232666,80000
1985-12-17,0.0,6.3125,6.1875,6.1875,2.8058602809906006,5600
1985-12-18,6.1875,6.1875,6.1875,6.1875,2.8058602809906006,0
1985-12-19,0.0,6.3125,6.0,6.125,2.7775168418884277,38000
1985-12-20,0.0,6.125,5.9375,6.125,2.7775168418884277,62000
1985-12-23,0.0,6.125,6.0,6.0,2.7208328247070312,54000
1985-12-24,0.0,6.125,6.0,6.03125,2.7350034713745117,5200
1985-12-26,0.0,6.125,6.0625,6.125,2.7775168418884277,16800
1985-12-27,0.0,6.0625,5.9375,5.9375,2.692490816116333,56000
1985-12-30,0.0,6.0625,5.8125,5.9375,2.692490816116333,38000
1985-12-31,0.0,5.9375,5.8125,5.875,2.664149045944214,7600
1986-01-02,0.0,5.9375,5.8125,5.8125,2.635807752609253,15200
1986-01-03,0.0,5.9375,5.8125,5.9375,2.692490816116333,46000
1986-01-06,0.0,5.9375,5.75,5.875,2.664149045944214,110800
1986-01-07,0.0,5.875,5.75,5.75,2.60746431350708,61200
1986-01-08,0.0,5.8125,5.75,5.8125,2.635807752609253,30400
1986-01-09,0.0,5.78125,5.625,5.625,2.550781011581421,32000
1986-01-10,0.0,5.75,5.4375,5.4375,2.4657557010650635,26400
1986-01-13,0.0,5.625,5.4375,5.625,2.550781011581421,8000
1986-01-14,0.0,5.6875,5.5625,5.6875,2.57912278175354,22800
1986-01-15,0.0,5.6875,5.5,5.6875,2.57912278175354,592800
1986-01-16,0.0,5.8125,5.6875,5.75,2.60746431350708,76000
1986-01-17,0.0,5.8125,5.75,5.8125,2.635807752609253,115600
1986-01-20,0.0,5.875,5.75,5.875,2.664149045944214,12400
1986-01-21,0.0,5.875,5.8125,5.875,2.664149045944214,122400
1986-01-22,0.0,5.9375,5.75,5.75,2.60746431350708,30400
1986-01-23,0.0,5.875,5.875,5.875,2.664149045944214,400
1986-01-24,0.0,5.9375,5.875,5.875,2.664149045944214,10000
1986-01-27,0.0,5.9375,5.8125,5.8125,2.635807752609253,16800
1986-01-28,0.0,6.0,5.875,5.96875,2.706662893295288,118800
1986-01-29,0.0,6.0,5.875,5.875,2.664149045944214,68000
1986-01-30,0.0,5.9375,5.875,5.9375,2.692490816116333,31600
1986-01-31,0.0,5.9375,5.9375,5.9375,2.692490816116333,3600
1986-02-03,0.0,5.9375,5.8125,5.8125,2.635807752609253,486800
1986-02-04,0.0,5.9375,5.9375,5.9375,2.692490816116333,5200
1986-02-05,0.0,6.0,5.90625,6.0,2.7208328247070312,48000
1986-02-06,0.0,6.0,5.875,6.0,2.7208328247070312,2800
1986-02-07,0.0,6.1875,6.0,6.1875,2.8058602809906006,31200
1986-02-10,0.0,6.3125,6.125,6.3125,2.862544298171997,36400
1986-02-11,0.0,6.375,6.25,6.375,2.8908851146698,265200
1986-02-12,0.0,6.375,6.1875,6.25,2.834200382232666,6000
1986-02-13,6.25,6.25,6.25,6.25,2.834200382232666,0
1986-02-14,0.0,6.3125,6.1875,6.3125,2.862544298171997,1200
1986-02-18,0.0,6.375,6.1875,6.1875,2.8058602809906006,25200
1986-02-19,0.0,6.3125,6.1875,6.3125,2.862544298171997,309200
1986-02-20,0.0,6.25,6.25,6.25,2.834200382232666,8400
1986-02-21,0.0,6.25,6.125,6.1875,2.8058602809906006,78000
1986-02-24,0.0,6.25,6.125,6.125,2.7775168418884277,6800
1986-02-25,6.125,6.125,6.125,6.125,2.7775168418884277,0
1986-02-26,0.0,6.125,6.125,6.125,2.7775168418884277,1600
1986-02-27,0.0,6.25,6.125,6.1875,2.8058602809906006,99200
1986-02-28,0.0,6.25,6.25,6.25,2.834200382232666,400
1986-03-03,0.0,6.25,6.25,6.25,2.834200382232666,5600
1986-03-04,0.0,6.25,6.125,6.15625,2.7916882038116455,12000
1986-03-05,0.0,6.125,5.9375,6.0625,2.749175786972046,22000
1986-03-06,0.0,6.0625,5.9375,6.0625,2.749175786972046,37200
1986-03-07,0.0,6.0625,5.9375,5.9375,2.692490816116333,7200
1986-03-10,0.0,6.0625,5.8125,5.9375,2.692490816116333,8800
1986-03-11,0.0,6.0,6.0,6.0,2.7208328247070312,9200
1986-03-12,0.0,6.0,5.875,5.9375,2.692490816116333,52000
1986-03-13,0.0,6.0,5.9375,5.9375,2.692490816116333,19600
1986-03-14,0.0,5.9375,5.8125,5.9375,2.692490816116333,12000
1986-03-17,0.0,6.0625,5.875,5.875,2.664149045944214,83600
1986-03-18,0.0,6.0625,5.875,6.0625,2.749175786972046,7200
1986-03-19,0.0,6.0625,5.9375,5.96875,2.706662893295288,87200
1986-03-20,0.0,6.0625,6.0,6.0625,2.749175786972046,80400
1986-03-21,0.0,6.1875,5.96875,6.1875,2.8058602809906006,124400
1986-03-24,0.0,6.1875,6.125,6.125,2.7775168418884277,8800
1986-03-25,0.0,6.1875,6.0,6.1875,2.8058602809906006,19200
1986-03-26,0.0,6.1875,6.0625,6.1875,2.8058602809906006,5600
1986-03-27,0.0,6.1875,6.0625,6.0625,2.749175786972046,28400
1986-03-31,0.0,6.0625,6.0,6.0,2.7208328247070312,15200
1986-04-01,0.0,6.125,5.9375,6.125,2.7775168418884277,26800
1986-04-02,0.0,6.0,5.9375,6.0,2.7208328247070312,12000
1986-04-03,0.0,6.0,5.9375,5.9375,2.692490816116333,22000
1986-04-04,0.0,5.9375,5.8125,5.875,2.664149045944214,100000
1986-04-07,0.0,5.9375,5.8125,5.90625,2.678318977355957,20400
1986-04-08,0.0,6.0625,5.90625,6.0625,2.749175786972046,36000
1986-04-09,0.0,6.0,5.6875,5.6875,2.57912278175354,34000
1986-04-10,0.0,5.8125,5.6875,5.8125,2.635807752609253,35600
1986-04-11,0.0,5.8125,5.6875,5.8125,2.635807752609253,198000
1986-04-14,0.0,5.8125,5.6875,5.6875,2.57912278175354,18800
1986-04-15,0.0,5.8125,5.6875,5.6875,2.57912278175354,17600
1986-04-16,0.0,5.8125,5.6875,5.6875,2.57912278175354,114400
1986-04-17,0.0,5.8125,5.6875,5.75,2.60746431350708,29200
1986-04-18,0.0,5.75,5.5625,5.5625,2.522439956665039,84400
1986-04-21,0.0,5.75,5.4375,5.4375,2.4657557010650635,20000
1986-04-22,0.0,5.625,5.4375,5.5625,2.522439956665039,26400
1986-04-23,0.0,5.5625,5.4375,5.5,2.4940967559814453,17600
1986-04-24,0.0,5.5625,5.4375,5.4375,2.4657557010650635,34000
1986-04-25,0.0,5.5,5.4375,5.4375,2.4657557010650635,66400
1986-04-28,0.0,5.5,5.4375,5.5,2.4940967559814453,7600
1986-04-29,0.0,5.5,5.4375,5.5,2.4940967559814453,1200
1986-04-30,0.0,5.5,5.3125,5.3125,2.409069776535034,93600
1986-05-01,0.0,5.375,5.1875,5.3125,2.409069776535034,71600
1986-05-02,0.0,5.3125,5.1875,5.25,2.380728244781494,21600
1986-05-05,0.0,5.3125,5.1875,5.3125,2.409069776535034,19600
1986-05-06,0.0,5.3125,5.1875,5.3125,2.409069776535034,35600
1986-05-07,0.0,5.3125,5.1875,5.3125,2.409069776535034,9600
1986-05-08,0.0,5.3125,5.1875,5.1875,2.352385997772217,6000
1986-05-09,0.0,5.3125,5.1875,5.3125,2.409069776535034,40800
1986-05-12,0.0,5.3125,5.1875,5.1875,2.352385997772217,10400
1986-05-13,0.0,5.3125,5.1875,5.3125,2.409069776535034,203600
1986-05-14,0.0,5.3125,5.1875,5.3125,2.409069776535034,4800
1986-05-15,0.0,5.3125,5.1875,5.1875,2.352385997772217,6000
1986-05-16,0.0,5.3125,5.1875,5.25,2.380728244781494,486400
1986-05-19,0.0,5.3125,5.1875,5.3125,2.409069776535034,15600
1986-05-20,0.0,5.3125,5.125,5.25,2.380728244781494,46800
1986-05-21,0.0,5.3125,5.125,5.3125,2.409069776535034,22400
1986-05-22,0.0,5.3125,5.125,5.3125,2.409069776535034,24000
1986-05-23,0.0,5.3125,5.3125,5.3125,2.409069776535034,4400
1986-05-27,0.0,5.3125,5.125,5.3125,2.409069776535034,26400
1986-05-28,0.0,5.5,5.1875,5.3125,2.409069776535034,62800
1986-05-29,0.0,5.5,5.3125,5.5,2.4940967559814453,251600
1986-05-30,0.0,5.625,5.4375,5.5625,2.522439956665039,144800
1986-06-02,0.0,5.5625,5.4375,5.5625,2.522439956665039,18800
1986-06-03,0.0,5.9375,5.5625,5.75,2.60746431350708,615600
1986-06-04,0.0,6.0,5.8125,6.0,2.7208328247070312,140400
1986-06-05,0.0,6.0,5.875,5.9375,2.692490816116333,324400
1986-06-06,0.0,6.0,5.875,6.0,2.7208328247070312,325200
1986-06-09,0.0,5.96875,5.8125,5.8125,2.635807752609253,22400
1986-06-10,0.0,6.0625,5.875,6.0625,2.749175786972046,27200
1986-06-11,0.0,6.0625,5.9375,6.0625,2.749175786972046,430400
1986-06-12,0.0,6.1875,6.0,6.1875,2.8058602809906006,10000
1986-06-13,0.0,6.3125,6.125,6.25,2.834200382232666,276400
1986-06-16,0.0,6.3125,6.1875,6.25,2.834200382232666,60000
1986-06-17,0.0,6.3125,6.1875,6.3125,2.862544298171997,110800
1986-06-18,0.0,6.3125,6.1875,6.3125,2.862544298171997,39600
1986-06-19,0.0,6.4375,6.1875,6.4375,2.919227361679077,968400
1986-06-20,0.0,6.5,6.3125,6.3125,2.862544298171997,203600
1986-06-23,0.0,6.5,6.3125,6.4375,2.919227361679077,73600
1986-06-24,0.0,6.5,6.3125,6.375,2.8908851146698,11200
1986-06-25,0.0,6.4375,6.3125,6.3125,2.862544298171997,8000
1986-06-26,0.0,6.4375,6.3125,6.4375,2.919227361679077,40000
1986-06-27,0.0,6.4375,6.3125,6.4375,2.919227361679077,166400
1986-06-30,0.0,6.4375,6.3125,6.4375,2.919227361679077,18400
1986-07-01,0.0,6.4375,6.375,6.4375,2.919227361679077,76400
1986-07-02,0.0,6.5,6.375,6.5,2.947568416595459,38400
1986-07-03,0.0,6.5625,6.4375,6.5625,2.975912094116211,120800
1986-07-07,0.0,6.5625,6.4375,6.4375,2.919227361679077,21200
1986-07-08,0.0,6.4375,6.1875,6.1875,2.8058602809906006,52800
1986-07-09,0.0,6.3125,6.1875,6.3125,2.862544298171997,8800
1986-07-10,0.0,6.3125,6.1875,6.3125,2.862544298171997,4800
1986-07-11,0.0,6.3125,6.3125,6.3125,2.862544298171997,2000
1986-07-14,0.0,6.25,6.1875,6.1875,2.8058602809906006,46800
1986-07-15,0.0,6.25,6.1875,6.25,2.834200382232666,74800
1986-07-16,0.0,6.3125,6.1875,6.25,2.834200382232666,843600
1986-07-17,0.0,6.4375,6.25,6.375,2.8908851146698,96000
1986-07-18,0.0,6.375,6.25,6.25,2.834200382232666,62800
1986-07-21,0.0,6.3125,6.1875,6.3125,2.862544298171997,202000
1986-07-22,0.0,6.25,6.25,6.25,2.834200382232666,2000
1986-07-23,0.0,6.1875,6.09375,6.09375,2.7633466720581055,170000
1986-07-24,0.0,6.1875,6.0,6.1875,2.8058602809906006,11600
1986-07-25,0.0,5.9375,5.9375,5.9375,2.692490816116333,32800
1986-07-28,0.0,5.875,5.625,5.625,2.550781011581421,19600
1986-07-29,0.0,5.75,5.625,5.75,2.60746431350708,20400
1986-07-30,0.0,5.75,5.625,5.75,2.60746431350708,100000
1986-07-31,0.0,5.75,5.625,5.6875,2.57912278175354,17600
1986-08-01,0.0,5.6875,5.625,5.6875,2.57912278175354,800
1986-08-04,0.0,5.625,5.625,5.625,2.550781011581421,8400
1986-08-05,0.0,5.6875,5.5625,5.6875,2.57912278175354,161200
1986-08-06,0.0,5.5625,5.5625,5.5625,2.522439956665039,800
1986-08-07,0.0,5.6875,5.5625,5.5625,2.522439956665039,70000
1986-08-08,0.0,5.6875,5.5625,5.625,2.550781011581421,176400
1986-08-11,5.625,5.625,5.625,5.625,2.550781011581421,0
1986-08-12,0.0,5.6875,5.5,5.5,2.4940967559814453,8800
1986-08-13,0.0,5.625,5.4375,5.5,2.4940967559814453,42000
1986-08-14,0.0,5.5625,5.375,5.375,2.4374136924743652,10000
1986-08-15,5.375,5.375,5.375,5.375,2.4374136924743652,0
1986-08-18,0.0,5.5625,5.375,5.375,2.4374136924743652,5200
1986-08-19,0.0,5.5,5.5,5.5,2.4940967559814453,1600
1986-08-20,0.0,5.5,5.375,5.375,2.4374136924743652,33200
1986-08-21,0.0,5.40625,5.375,5.375,2.4374136924743652,13200
1986-08-22,0.0,5.5,5.3125,5.375,2.4374136924743652,194400
1986-08-25,0.0,5.5,5.3125,5.3125,2.409069776535034,41600
1986-08-26,0.0,5.5,5.3125,5.5,2.4940967559814453,45600
1986-08-27,0.0,5.4375,5.3125,5.4375,2.4657557010650635,22400
1986-08-28,0.0,5.75,5.3125,5.75,2.60746431350708,74800
1986-08-29,0.0,5.875,5.6875,5.875,2.664149045944214,55600
1986-09-02,0.0,5.8125,5.5625,5.6875,2.57912278175354,85600
1986-09-03,0.0,5.75,5.5625,5.75,2.60746431350708,130800
1986-09-04,0.0,6.1875,5.75,6.0625,2.749175786972046,65600
1986-09-05,0.0,6.0625,6.0,6.0625,2.749175786972046,21600
1986-09-08,0.0,6.125,6.125,6.125,2.7775168418884277,2400
1986-09-09,0.0,6.25,6.125,6.25,2.834200382232666,250400
1986-09-10,0.0,6.1875,6.125,6.125,2.7775168418884277,64800
1986-09-11,0.0,6.25,6.0,6.0,2.7208328247070312,193200
1986-09-12,0.0,5.875,5.75,5.875,2.664149045944214,130800
1986-09-15,0.0,5.8125,5.75,5.8125,2.635807752609253,60800
1986-09-16,0.0,5.875,5.75,5.875,2.664149045944214,17600
1986-09-17,0.0,5.75,5.75,5.75,2.60746431350708,2800
1986-09-18,0.0,5.75,5.75,5.75,2.60746431350708,400
1986-09-19,0.0,5.875,5.75,5.8125,2.635807752609253,33200
1986-09-22,0.0,5.875,5.875,5.875,2.664149045944214,12000
1986-09-23,0.0,5.875,5.8125,5.8125,2.635807752609253,5600
1986-09-24,0.0,6.0625,5.8125,6.0625,2.749175786972046,2000
1986-09-25,0.0,6.0625,5.8125,5.8125,2.635807752609253,3200
1986-09-26,0.0,6.125,5.8125,6.125,2.7775168418884277,35600
1986-09-29,0.0,6.125,6.0,6.0,2.7208328247070312,34000
1986-09-30,0.0,6.0625,5.84375,5.84375,2.6499764919281006,116400
1986-10-01,0.0,5.875,5.8125,5.875,2.664149045944214,92000
1986-10-02,0.0,5.875,5.75,5.875,2.664149045944214,66000
1986-10-03,0.0,5.875,5.75,5.875,2.664149045944214,18400
1986-10-06,0.0,5.875,5.59375,5.59375,2.536609411239624,43200
1986-10-07,0.0,5.6875,5.625,5.625,2.550781011581421,2800
1986-10-08,5.625,5.625,5.625,5.625,2.550781011581421,0
1986-10-09,0.0,5.8125,5.53125,5.6875,2.57912278175354,124400
1986-10-10,0.0,5.875,5.6875,5.875,2.664149045944214,244400
1986-10-13,0.0,5.6875,5.6875,5.6875,2.57912278175354,8800
1986-10-14,0.0,5.875,5.75,5.875,2.664149045944214,6800
1986-10-15,0.0,5.9375,5.75,5.9375,2.692490816116333,3200
1986-10-16,0.0,5.9375,5.9375,5.9375,2.692490816116333,4400
1986-10-17,0.0,5.875,5.8125,5.8125,2.635807752609253,3600
1986-10-20,0.0,5.8125,5.8125,5.8125,2.635807752609253,4000
1986-10-21,0.0,5.9375,5.8125,5.9375,2.692490816116333,97600
1986-10-22,0.0,6.0,5.8125,6.0,2.7208328247070312,21600
1986-10-23,0.0,6.1875,6.0,6.0,2.7208328247070312,24800
1986-10-24,0.0,6.1875,6.0,6.1875,2.8058602809906006,325200
1986-10-27,0.0,6.1875,5.875,5.875,2.664149045944214,101200
1986-10-28,0.0,6.0,5.875,6.0,2.7208328247070312,80800
1986-10-29,0.0,6.125,6.0,6.125,2.7775168418884277,72000
1986-10-30,0.0,6.125,6.0,6.125,2.7775168418884277,2800
1986-10-31,0.0,6.3125,6.125,6.3125,2.862544298171997,63600
1986-11-03,0.0,6.3125,6.125,6.25,2.834200382232666,110400
1986-11-04,0.0,6.25,6.1875,6.1875,2.8058602809906006,104400
1986-11-05,0.0,6.3125,6.1875,6.21875,2.8200302124023438,320800
1986-11-06,0.0,6.3125,6.1875,6.25,2.834200382232666,284400
1986-11-07,0.0,6.25,6.1875,6.25,2.834200382232666,3600
1986-11-10,0.0,6.3125,6.1875,6.1875,2.8058602809906006,363200
1986-11-11,0.0,6.3125,6.1875,6.1875,2.8058602809906006,14800
1986-11-12,0.0,6.25,6.1875,6.21875,2.8200302124023438,87200
1986-11-13,0.0,6.21875,6.1875,6.1875,2.8058602809906006,42000
1986-11-14,0.0,6.25,6.21875,6.21875,2.8200302124023438,62400
1986-11-17,0.0,6.3125,6.1875,6.1875,2.8058602809906006,100800
1986-11-18,0.0,6.3125,6.1875,6.25,2.834200382232666,56000
1986-11-19,0.0,6.375,6.25,6.3125,2.862544298171997,56400
1986-11-20,0.0,6.4375,6.3125,6.3125,2.862544298171997,4400
1986-11-21,0.0,6.4375,6.25,6.25,2.834200382232666,8000
1986-11-24,0.0,6.5,6.25,6.5,2.947568416595459,69200
1986-11-25,0.0,6.5,6.3125,6.5,2.947568416595459,5600
1986-11-26,0.0,6.5625,6.4375,6.5625,2.975912094116211,51200
1986-11-28,0.0,6.625,6.4375,6.625,3.0042548179626465,26400
1986-12-01,0.0,6.4375,6.4375,6.4375,2.919227361679077,1600
1986-12-02,0.0,6.625,6.5,6.59375,2.990082263946533,202800
1986-12-03,0.0,6.625,6.5,6.625,3.0042548179626465,157600
1986-12-04,0.0,6.625,6.5,6.5,2.947568416595459,149600
1986-12-05,0.0,6.625,6.5,6.625,3.0042548179626465,24000
1986-12-08,0.0,6.625,6.5625,6.5625,2.975912094116211,68400
1986-12-09,0.0,6.625,6.5,6.625,3.0042548179626465,58800
1986-12-10,0.0,6.625,6.5,6.5625,2.975912094116211,72800
1986-12-11,0.0,6.625,6.5,6.5,2.947568416595459,70400
1986-12-12,0.0,6.5625,6.5,6.5,2.947568416595459,26400
1986-12-15,0.0,6.5625,6.375,6.5625,2.975912094116211,30000
1986-12-16,0.0,6.5625,6.4375,6.5625,2.975912094116211,31200
1986-12-17,0.0,6.5625,6.4375,6.4375,2.919227361679077,227600
1986-12-18,0.0,6.5,6.3125,6.3125,2.862544298171997,67600
1986-12-19,0.0,6.4375,6.3125,6.4375,2.919227361679077,49600
1986-12-22,0.0,6.375,6.1875,6.3125,2.862544298171997,46400
1986-12-23,0.0,6.3125,5.75,5.875,2.664149045944214,136400
1986-12-24,0.0,6.0,5.75,6.0,2.7208328247070312,22000
1986-12-26,0.0,6.0,5.9375,6.0,2.7208328247070312,76800
1986-12-29,0.0,6.125,5.9375,6.125,2.7775168418884277,191200
1986-12-30,0.0,6.0625,5.875,5.9375,2.692490816116333,61600
1986-12-31,0.0,6.0625,5.875,6.0625,2.749175786972046,35200
1987-01-02,0.0,6.0625,5.9375,6.0625,2.749175786972046,43600
1987-01-05,0.0,6.0625,6.0,6.0,2.7208328247070312,12000
1987-01-06,0.0,6.0,5.75,5.9375,2.692490816116333,161200
1987-01-07,0.0,5.9375,5.84375,5.875,2.664149045944214,72800
1987-01-08,0.0,5.9375,5.84375,5.9375,2.692490816116333,66800
1987-01-09,0.0,5.9375,5.8125,5.9375,2.692490816116333,365200
1987-01-12,0.0,5.9375,5.8125,5.8125,2.635807752609253,135600
1987-01-13,0.0,5.9375,5.8125,5.9375,2.692490816116333,564000
1987-01-14,0.0,6.1875,5.875,6.1875,2.8058602809906006,612800
1987-01-15,0.0,6.625,6.1875,6.4375,2.919227361679077,62400
1987-01-16,0.0,6.625,6.4375,6.4375,2.919227361679077,168000
1987-01-19,0.0,6.6875,6.4375,6.6875,3.032594680786133,83600
1987-01-20,0.0,6.6875,6.5,6.5625,2.975912094116211,13600
1987-01-21,0.0,6.6875,6.5625,6.625,3.0042548179626465,62800
1987-01-22,0.0,6.6875,6.5,6.5,2.947568416595459,389600
1987-01-23,0.0,6.6875,6.5,6.6875,3.032594680786133,90000
1987-01-26,0.0,6.625,6.4375,6.4375,2.919227361679077,82000
1987-01-27,0.0,6.5625,6.4375,6.53125,2.961738109588623,241600
1987-01-28,0.0,6.625,6.5,6.625,3.0042548179626465,64800
1987-01-29,0.0,6.75,6.5625,6.5625,2.975912094116211,50400
1987-01-30,0.0,6.6875,6.5625,6.5625,2.975912094116211,8800
1987-02-02,0.0,6.75,6.625,6.625,3.0042548179626465,33600
1987-02-03,0.0,6.75,6.625,6.6875,3.032594680786133,112000
1987-02-04,0.0,6.75,6.625,6.75,3.0609359741210938,8400
1987-02-05,0.0,6.9375,6.75,6.875,3.1176209449768066,32800
1987-02-06,0.0,7.125,6.875,7.0,3.174306631088257,20400
1987-02-09,0.0,7.0,6.875,6.875,3.1176209449768066,217600
1987-02-10,0.0,7.0,6.875,6.875,3.1176209449768066,37200
1987-02-11,0.0,6.96875,6.875,6.875,3.1176209449768066,162400
1987-02-12,0.0,7.0,6.75,6.75,3.0609359741210938,73600
1987-02-13,0.0,6.75,6.75,6.75,3.0609359741210938,97600
1987-02-17,0.0,7.25,6.75,7.25,3.2876720428466797,119600
1987-02-18,0.0,7.375,7.0625,7.25,3.2876720428466797,328800
1987-02-19,0.0,7.375,7.1875,7.375,3.3443586826324463,385600
1987-02-20,0.0,7.375,7.1875,7.3125,3.3160150051116943,76000
1987-02-23,0.0,7.5,7.25,7.4375,3.3727002143859863,93600
1987-02-24,0.0,7.5,7.3125,7.375,3.3443586826324463,30800
1987-02-25,0.0,7.5625,7.375,7.5,3.401041030883789,39200
1987-02-26,0.0,7.625,7.4375,7.5,3.401041030883789,60400
1987-02-27,0.0,7.6875,7.5,7.5625,3.4293830394744873,84400
1987-03-02,0.0,7.75,7.5625,7.5625,3.4568092823028564,30800
1987-03-03,0.0,7.75,7.5625,7.5625,3.4568092823028564,98800
1987-03-04,0.0,7.6875,7.5625,7.625,3.4853789806365967,60400
1987-03-05,0.0,7.6875,7.5625,7.5625,3.4568092823028564,7600
1987-03-06,0.0,7.6875,7.5625,7.5625,3.4568092823028564,196400
1987-03-09,0.0,7.6875,7.5625,7.6875,3.5139453411102295,15200
1987-03-10,0.0,7.6875,7.5625,7.625,3.4853789806365967,103600
1987-03-11,0.0,7.6875,7.625,7.625,3.4853789806365967,12800
1987-03-12,0.0,7.6875,7.5625,7.6875,3.5139453411102295,9600
1987-03-13,7.6875,7.6875,7.6875,7.6875,3.5139453411102295,0
1987-03-16,0.0,7.6875,7.5625,7.5625,3.4568092823028564,2800
1987-03-17,0.0,7.6875,7.5625,7.5625,3.4568092823028564,90400
1987-03-18,0.0,7.5625,7.5625,7.5625,3.4568092823028564,400
1987-03-19,0.0,7.8125,7.625,7.625,3.4853789806365967,106400
1987-03-20,0.0,7.875,7.625,7.625,3.4853789806365967,94800
1987-03-23,0.0,7.875,7.625,7.625,3.4853789806365967,7600
1987-03-24,0.0,8.0,7.6875,7.84375,3.5853681564331055,35200
1987-03-25,0.0,7.9375,7.8125,7.8125,3.5710842609405518,20000
1987-03-26,0.0,8.0,7.875,7.875,3.5996522903442383,16000
1987-03-27,0.0,8.0,7.875,7.875,3.5996522903442383,31600
1987-03-30,0.0,7.9375,7.875,7.875,3.5996522903442383,341600
1987-03-31,0.0,8.0,7.875,8.0,3.656790256500244,30000
1987-04-01,0.0,8.0,7.875,7.875,3.5996522903442383,20400
1987-04-02,0.0,8.0,7.875,8.0,3.656790256500244,37600
1987-04-03,0.0,8.0,8.0,8.0,3.656790256500244,24800
1987-04-06,0.0,8.125,7.875,8.125,3.713925838470459,32400
1987-04-07,0.0,8.125,7.9375,7.9375,3.6282215118408203,18800
1987-04-08,0.0,8.125,7.9375,7.9375,3.6282215118408203,200400
1987-04-09,0.0,7.9375,7.9375,7.9375,3.6282215118408203,27200
1987-04-10,0.0,7.9375,7.9375,7.9375,3.6282215118408203,10000
1987-04-13,0.0,8.0625,7.9375,7.9375,3.6282215118408203,40400
1987-04-14,0.0,8.0,7.8125,7.8125,3.5710842609405518,49600
1987-04-15,0.0,7.8125,7.8125,7.8125,3.5710842609405518,3200
1987-04-16,0.0,8.0,7.8125,7.8125,3.5710842609405518,107600
1987-04-20,0.0,7.8125,7.8125,7.8125,3.5710842609405518,4800
1987-04-21,0.0,7.90625,7.75,7.8125,3.5710842609405518,345600
1987-04-22,0.0,7.875,7.625,7.625,3.4853789806365967,143600
1987-04-23,0.0,7.75,7.5625,7.625,3.4853789806365967,15600
1987-04-24,0.0,7.5625,7.5,7.5,3.428238868713379,5200
1987-04-27,0.0,7.625,7.5,7.5,3.428238868713379,28800
1987-04-28,0.0,7.75,7.5625,7.5625,3.4568092823028564,87600
1987-04-29,7.5625,7.5625,7.5625,7.5625,3.4568092823028564,0
1987-04-30,0.0,7.6875,7.5,7.5,3.428238868713379,30800
1987-05-01,0.0,7.5625,7.5,7.5,3.428238868713379,6400
1987-05-04,0.0,7.625,7.5,7.5,3.428238868713379,61200
1987-05-05,0.0,7.625,7.5,7.5,3.428238868713379,388000
1987-05-06,0.0,7.625,7.5,7.5,3.428238868713379,9200
1987-05-07,0.0,7.53125,7.5,7.53125,3.4425241947174072,18000
1987-05-08,0.0,7.5,7.5,7.5,3.428238868713379,8000
1987-05-11,0.0,7.625,7.5,7.5,3.428238868713379,6400
1987-05-12,0.0,7.625,7.5,7.625,3.4853789806365967,56000
1987-05-13,0.0,7.5625,7.5625,7.5625,3.4568092823028564,2400
1987-05-14,0.0,7.6875,7.5625,7.5625,3.4568092823028564,800
1987-05-15,0.0,7.6875,7.5625,7.5625,3.4568092823028564,7200
1987-05-18,0.0,7.625,7.4375,7.5,3.428238868713379,212000
1987-05-19,0.0,7.5625,7.4375,7.4375,3.3996710777282715,264800
1987-05-20,0.0,7.5625,7.4375,7.5625,3.4568092823028564,118800
1987-05-21,0.0,7.625,7.4375,7.4375,3.3996710777282715,78400
1987-05-22,0.0,7.46875,7.4375,7.4375,3.4273219108581543,22000
1987-05-26,0.0,7.5,7.125,7.3125,3.3697190284729004,46400
1987-05-27,0.0,7.25,7.0625,7.25,3.3409178256988525,22800
1987-05-28,0.0,7.25,7.0,7.25,3.3409178256988525,10800
1987-05-29,0.0,7.25,7.0,7.25,3.3409178256988525,13600
1987-06-01,0.0,7.25,7.0,7.1875,3.3121159076690674,7600
1987-06-02,0.0,7.0,6.9375,6.9375,3.196911096572876,4000
1987-06-03,0.0,7.0,7.0,7.0,3.2257132530212402,16000
1987-06-04,0.0,6.9375,6.9375,6.9375,3.196911096572876,800
1987-06-05,0.0,7.125,6.9375,7.0,3.2257132530212402,37600
1987-06-08,0.0,6.9375,6.9375,6.9375,3.196911096572876,2000
1987-06-09,0.0,6.9375,6.9375,6.9375,3.196911096572876,7200
1987-06-10,0.0,7.125,6.9375,6.9375,3.196911096572876,55600
1987-06-11,0.0,7.125,7.0,7.0,3.2257132530212402,9600
1987-06-12,0.0,7.125,7.0625,7.0625,3.2545154094696045,14400
1987-06-15,0.0,7.25,7.1875,7.1875,3.3121159076690674,4800
1987-06-16,0.0,7.25,7.25,7.25,3.3409178256988525,10400
1987-06-17,0.0,7.125,7.125,7.125,3.2833147048950195,6400
1987-06-18,0.0,7.125,7.125,7.125,3.2833147048950195,4000
1987-06-19,0.0,7.5,7.125,7.3125,3.3697190284729004,47600
1987-06-22,0.0,7.5,7.3125,7.5,3.4561219215393066,22800
1987-06-23,0.0,7.5,7.375,7.46875,3.4417200088500977,7600
1987-06-24,0.0,7.5,7.40625,7.4375,3.4273219108581543,184800
1987-06-25,0.0,7.875,7.4375,7.8125,3.600125551223755,196000
1987-06-26,0.0,7.9375,7.8125,7.9375,3.6577296257019043,120400
1987-06-29,0.0,8.125,7.875,8.125,3.744130849838257,196400
1987-06-30,0.0,8.125,8.0,8.125,3.744130849838257,155200
1987-07-01,0.0,8.125,7.875,7.875,3.6289279460906982,176400
1987-07-02,7.875,7.875,7.875,7.875,3.6289279460906982,0
1987-07-06,0.0,8.0625,7.875,7.875,3.6289279460906982,4000
1987-07-07,0.0,8.125,7.9375,8.125,3.744130849838257,8800
1987-07-08,0.0,7.9375,7.875,7.875,3.6289279460906982,290400
1987-07-09,0.0,8.0625,7.8125,7.8125,3.600125551223755,290400
1987-07-10,0.0,7.90625,7.8125,7.8125,3.600125551223755,23200
1987-07-13,0.0,7.8125,7.75,7.75,3.5713274478912354,92400
1987-07-14,0.0,7.75,7.625,7.625,3.5137226581573486,188000
1987-07-15,0.0,7.8125,7.625,7.6875,3.54252552986145,28400
1987-07-16,0.0,7.625,7.625,7.625,3.5137226581573486,400
1987-07-17,0.0,7.625,7.625,7.625,3.5137226581573486,2000
1987-07-20,0.0,7.5625,7.5625,7.5625,3.484922170639038,14000
1987-07-21,0.0,7.75,7.625,7.625,3.5137226581573486,11600
1987-07-22,0.0,7.75,7.65625,7.65625,3.5281238555908203,64000
1987-07-23,0.0,7.75,7.5625,7.75,3.5713274478912354,49600
1987-07-24,0.0,7.625,7.5625,7.625,3.5137226581573486,3200
1987-07-27,0.0,7.6875,7.5625,7.6875,3.54252552986145,27600
1987-07-28,0.0,7.75,7.625,7.75,3.5713274478912354,800
1987-07-29,0.0,7.625,7.625,7.625,3.5137226581573486,1200
1987-07-30,0.0,7.8125,7.65625,7.8125,3.600125551223755,20000
1987-07-31,0.0,7.9375,7.75,7.9375,3.6577296257019043,111600
1987-08-03,0.0,7.8125,7.8125,7.8125,3.600125551223755,4000
1987-08-04,0.0,7.875,7.875,7.875,3.6289279460906982,8400
1987-08-05,0.0,7.875,7.875,7.875,3.6289279460906982,6000
1987-08-06,0.0,7.9375,7.9375,7.9375,3.6577296257019043,1200
1987-08-07,0.0,8.0625,7.9375,8.0625,3.7153308391571045,5200
1987-08-10,0.0,8.0625,7.9375,7.9375,3.6577296257019043,3600
1987-08-11,0.0,8.0625,7.9375,8.0625,3.7153308391571045,4400
1987-08-12,0.0,7.9375,7.9375,7.9375,3.6577296257019043,2400
1987-08-13,0.0,7.9375,7.9375,7.9375,3.6577296257019043,4800
1987-08-14,0.0,8.125,7.9375,8.0,3.686530113220215,65200
1987-08-17,0.0,8.0625,8.0625,8.0625,3.7153308391571045,2000
1987-08-18,0.0,8.25,8.0625,8.25,3.8017349243164062,16800
1987-08-19,0.0,8.125,8.0625,8.125,3.744130849838257,124400
1987-08-20,0.0,8.125,8.125,8.125,3.744130849838257,24400
1987-08-21,0.0,8.1875,8.0625,8.0625,3.7153308391571045,34000
1987-08-24,0.0,8.125,8.0625,8.125,3.744130849838257,170400
1987-08-25,0.0,8.25,8.0625,8.0625,3.7429704666137695,18800
1987-08-26,0.0,8.1875,8.0625,8.1875,3.8010008335113525,10400
1987-08-27,0.0,8.1875,8.0625,8.1875,3.8010008335113525,3600
1987-08-28,0.0,8.1875,8.0625,8.0625,3.7429704666137695,6800
1987-08-31,0.0,8.15625,8.0625,8.0625,3.7429704666137695,14000
1987-09-01,0.0,8.1875,8.1875,8.1875,3.8010008335113525,2800
1987-09-02,0.0,8.0625,8.0625,8.0625,3.7429704666137695,2400
1987-09-03,0.0,8.0625,8.0625,8.0625,3.7429704666137695,4400
1987-09-04,0.0,8.0,8.0,8.0,3.713955879211426,5200
1987-09-08,0.0,8.0,7.5,7.5,3.481830358505249,108400
1987-09-09,0.0,7.75,7.625,7.75,3.5978946685791016,24400
1987-09-10,7.75,7.75,7.75,7.75,3.5978946685791016,0
1987-09-11,0.0,7.75,7.5625,7.75,3.5978946685791016,18800
1987-09-14,0.0,7.6875,7.5625,7.6875,3.568881034851074,20400
1987-09-15,0.0,7.5625,7.5625,7.5625,3.510849952697754,4000
1987-09-16,7.5625,7.5625,7.5625,7.5625,3.510849952697754,0
1987-09-17,0.0,7.6875,7.5,7.5,3.481830358505249,44000
1987-09-18,0.0,7.6875,7.4375,7.4375,3.4528188705444336,24000
1987-09-21,0.0,7.625,7.625,7.625,3.539863348007202,400
1987-09-22,0.0,7.4375,7.4375,7.4375,3.4528188705444336,1600
1987-09-23,0.0,7.625,7.4375,7.625,3.539863348007202,6000
1987-09-24,0.0,7.65625,7.5,7.625,3.539863348007202,66400
1987-09-25,0.0,7.6875,7.5,7.5,3.481830358505249,1200
1987-09-28,0.0,7.75,7.5625,7.75,3.5978946685791016,107600
1987-09-29,0.0,7.625,7.625,7.625,3.539863348007202,2000
1987-09-30,0.0,7.75,7.625,7.71875,3.583385705947876,8800
1987-10-01,0.0,7.625,7.625,7.625,3.539863348007202,13200
1987-10-02,0.0,7.6875,7.5625,7.6875,3.568881034851074,20400
1987-10-05,0.0,7.625,7.625,7.625,3.539863348007202,10400
1987-10-06,7.625,7.625,7.625,7.625,3.539863348007202,0
1987-10-07,0.0,7.5625,7.5625,7.5625,3.510849952697754,6400
1987-10-08,0.0,7.6875,7.5625,7.5625,3.510849952697754,9200
1987-10-09,7.5625,7.5625,7.5625,7.5625,3.510849952697754,0
1987-10-12,0.0,7.5625,7.5,7.5,3.481830358505249,25600
1987-10-13,7.5,7.5,7.5,7.5,3.481830358505249,0
1987-10-14,0.0,7.5,7.5,7.5,3.481830358505249,4400
1987-10-15,0.0,7.4375,7.375,7.375,3.42380428314209,18400
1987-10-16,0.0,7.375,7.0,7.0625,3.27872633934021,15600
1987-10-19,0.0,7.0625,6.8125,6.8125,3.1626641750335693,9200
1987-10-20,0.0,6.75,6.1875,6.1875,2.872514247894287,11600
1987-10-21,0.0,6.375,5.875,6.0,2.785468101501465,40000
1987-10-22,0.0,5.75,4.9375,5.0625,2.3502368927001953,61200
1987-10-23,0.0,5.1875,4.9375,5.1875,2.408266544342041,226000
1987-10-26,0.0,5.1875,4.75,4.75,2.205162286758423,208000
1987-10-27,0.0,4.625,4.5,4.5,2.0891001224517822,13600
1987-10-28,0.0,4.25,4.0,4.0,1.856977939605713,36800
1987-10-29,0.0,4.5625,4.125,4.3125,2.002053737640381,103600
1987-10-30,0.0,4.5,4.3125,4.5,2.0891001224517822,208000
1987-11-02,0.0,4.625,4.4375,4.625,2.1471290588378906,12400
1987-11-03,0.0,4.625,4.4375,4.4375,2.060084581375122,10400
1987-11-04,0.0,4.625,4.5,4.625,2.1471290588378906,40000
1987-11-05,0.0,4.625,4.5,4.625,2.1471290588378906,24400
1987-11-06,0.0,4.78125,4.5625,4.5625,2.118114948272705,4400
1987-11-09,4.5625,4.5625,4.5625,4.5625,2.118114948272705,0
1987-11-10,0.0,4.5625,4.5625,4.5625,2.118114948272705,4000
1987-11-11,0.0,4.75,4.625,4.625,2.1471290588378906,14000
1987-11-12,0.0,5.03125,4.6875,5.0,2.321221351623535,321200
1987-11-13,0.0,5.0625,4.75,4.75,2.205162286758423,16800
1987-11-16,0.0,5.0,4.75,5.0,2.321221351623535,12000
1987-11-17,5.0,5.0,5.0,5.0,2.321221351623535,0
1987-11-18,0.0,4.75,4.75,4.75,2.205162286758423,4400
1987-11-19,0.0,5.0,4.75,4.75,2.205162286758423,9200
1987-11-20,0.0,4.875,4.75,4.8125,2.2341761589050293,14000
1987-11-23,0.0,5.0,4.8125,4.9375,2.2922070026397705,81200
1987-11-24,0.0,5.0,4.9375,4.9375,2.2922070026397705,74000
1987-11-25,0.0,5.0,5.0,5.0,2.321221351623535,2000
1987-11-27,0.0,5.125,5.125,5.125,2.3792526721954346,6000
1987-11-30,0.0,4.875,4.875,4.875,2.2631924152374268,16000
1987-12-01,0.0,5.125,4.875,4.875,2.2631924152374268,68800
1987-12-02,0.0,4.9375,4.9375,4.9375,2.2922070026397705,1200
1987-12-03,0.0,4.9375,4.9375,4.9375,2.2922070026397705,11200
1987-12-04,0.0,5.0625,4.9375,5.0625,2.3502368927001953,28000
1987-12-07,0.0,4.96875,4.90625,4.9375,2.2922070026397705,160000
1987-12-08,0.0,5.125,5.0,5.0625,2.3502368927001953,28800
1987-12-09,0.0,5.125,5.125,5.125,2.3792526721954346,3200
1987-12-10,0.0,5.125,5.0,5.0,2.321221351623535,4000
1987-12-11,0.0,5.0,4.9375,5.0,2.321221351623535,1600
1987-12-14,0.0,5.1875,5.1875,5.1875,2.408266544342041,6000
1987-12-15,0.0,5.375,5.0,5.0,2.321221351623535,12000
1987-12-16,0.0,5.375,5.25,5.375,2.525622606277466,91200
1987-12-17,0.0,5.5,5.125,5.40625,2.5403060913085938,355200
1987-12-18,0.0,5.625,5.25,5.4375,2.55499005317688,19600
1987-12-21,0.0,5.625,5.375,5.46875,2.569674491882324,17600
1987-12-22,0.0,5.625,5.375,5.375,2.525622606277466,48400
1987-12-23,0.0,5.625,5.4375,5.625,2.6430916786193848,6800
1987-12-24,0.0,5.875,5.5,5.875,2.760563373565674,9600
1987-12-28,0.0,5.875,5.875,5.875,2.760563373565674,400
1987-12-29,5.875,5.875,5.875,5.875,2.760563373565674,0
1987-12-30,0.0,5.5,5.5,5.5,2.5843563079833984,1200
1987-12-31,0.0,5.875,5.5,5.875,2.760563373565674,3600
1988-01-04,0.0,6.25,5.875,6.125,2.878032684326172,95600
1988-01-05,0.0,6.375,5.875,6.0,2.819298267364502,61200
1988-01-06,6.0,6.0,6.0,6.0,2.819298267364502,0
1988-01-07,0.0,6.0,5.9375,5.9375,2.789930582046509,69200
1988-01-08,0.0,6.0625,5.875,5.875,2.760563373565674,37200
1988-01-11,0.0,6.125,5.875,5.875,2.760563373565674,45600
1988-01-12,0.0,5.9375,5.75,5.9375,2.789930582046509,6000
1988-01-13,0.0,5.75,5.75,5.75,2.7018280029296875,10800
1988-01-14,0.0,6.0,5.75,6.0,2.819298267364502,2000
1988-01-15,0.0,6.0,5.75,5.75,2.7018280029296875,7200
1988-01-18,0.0,5.75,5.75,5.75,2.7018280029296875,3200
1988-01-19,0.0,5.96875,5.96875,5.96875,2.8046133518218994,800
1988-01-20,0.0,5.75,5.75,5.75,2.7018280029296875,1200
1988-01-21,0.0,5.875,5.75,5.875,2.760563373565674,3200
1988-01-22,0.0,5.875,5.75,5.875,2.760563373565674,124800
1988-01-25,0.0,6.0,5.8125,6.0,2.819298267364502,47600
1988-01-26,0.0,5.875,5.8125,5.8125,2.731194496154785,4000
1988-01-27,5.8125,5.8125,5.8125,5.8125,2.731194496154785,0
1988-01-28,0.0,6.0,5.8125,5.875,2.760563373565674,60400
1988-01-29,0.0,6.125,6.125,6.125,2.878032684326172,1200
1988-02-01,0.0,6.125,5.875,5.875,2.760563373565674,2400
1988-02-02,0.0,5.9375,5.875,5.9375,2.789930582046509,36000
1988-02-03,5.9375,5.9375,5.9375,5.9375,2.789930582046509,0
1988-02-04,0.0,5.875,5.875,5.875,2.760563373565674,2000
1988-02-05,0.0,5.875,5.875,5.875,2.760563373565674,6000
1988-02-08,5.875,5.875,5.875,5.875,2.760563373565674,0
1988-02-09,0.0,5.875,5.875,5.875,2.760563373565674,4000
1988-02-10,0.0,6.0,5.75,6.0,2.819298267364502,2800
1988-02-11,0.0,6.0,5.625,6.0,2.819298267364502,25600
1988-02-12,0.0,5.6875,5.6875,5.6875,2.6724612712860107,800
1988-02-16,5.6875,5.6875,5.6875,5.6875,2.6724612712860107,0
1988-02-17,0.0,6.0,6.0,6.0,2.819298267364502,4800
1988-02-18,6.0,6.0,6.0,6.0,2.819298267364502,0
1988-02-19,0.0,6.0,5.75,6.0,2.819298267364502,76800
1988-02-22,0.0,6.0,6.0,6.0,2.819298267364502,1200
1988-02-23,0.0,6.0,6.0,6.0,2.819298267364502,3600
1988-02-24,0.0,6.0,6.0,6.0,2.819298267364502,16000
1988-02-25,0.0,6.25,6.125,6.25,2.936769962310791,8000
1988-02-26,6.25,6.25,6.25,6.25,2.936769962310791,0
1988-02-29,0.0,6.25,6.25,6.25,2.936769962310791,2000
1988-03-01,0.0,6.25,6.125,6.125,2.9059300422668457,115600
1988-03-02,0.0,6.21875,6.125,6.125,2.9059300422668457,26000
1988-03-03,0.0,6.25,6.125,6.125,2.9059300422668457,6000
1988-03-04,0.0,6.125,6.125,6.125,2.9059300422668457,11600
1988-03-07,0.0,6.25,6.125,6.25,2.9652364253997803,2000
1988-03-08,0.0,6.25,6.25,6.25,2.9652364253997803,4400
1988-03-09,0.0,6.125,6.125,6.125,2.9059300422668457,13600
1988-03-10,0.0,6.3125,6.3125,6.3125,2.9948878288269043,1600
1988-03-11,0.0,6.28125,6.25,6.28125,2.9800615310668945,12000
1988-03-14,0.0,6.5625,6.25,6.5625,3.113497018814087,14000
1988-03-15,0.0,6.6875,6.3125,6.6875,3.1728012561798096,18800
1988-03-16,0.0,6.75,6.4375,6.75,3.2024550437927246,114800
1988-03-17,0.0,6.75,6.5,6.75,3.2024550437927246,6400
1988-03-18,0.0,6.5,6.5,6.5,3.0838449001312256,4000
1988-03-21,0.0,6.75,6.75,6.75,3.2024550437927246,1600
1988-03-22,0.0,6.75,6.5,6.75,3.2024550437927246,6400
1988-03-23,0.0,6.8125,6.625,6.625,3.143148183822632,6400
1988-03-24,0.0,6.875,6.875,6.875,3.2617597579956055,400
1988-03-25,0.0,6.875,6.8125,6.875,3.2617597579956055,15600
1988-03-28,0.0,6.90625,6.75,6.75,3.2024550437927246,58400
1988-03-29,0.0,7.0,6.75,7.0,3.3210642337799072,213600
1988-03-30,7.0,7.0,7.0,7.0,3.3210642337799072,0
1988-03-31,0.0,6.875,6.8125,6.875,3.2617597579956055,36400
1988-04-04,0.0,6.8125,6.8125,6.8125,3.232104539871216,400
1988-04-05,0.0,7.125,6.8125,6.875,3.2617597579956055,5600
1988-04-06,0.0,7.125,7.0,7.125,3.3803672790527344,126800
1988-04-07,0.0,7.125,7.0,7.0,3.3210642337799072,10000
1988-04-08,0.0,7.375,7.125,7.125,3.3803672790527344,212000
1988-04-11,7.125,7.125,7.125,7.125,3.3803672790527344,0
1988-04-12,0.0,7.375,7.375,7.375,3.4989774227142334,3200
1988-04-13,0.0,7.375,7.125,7.375,3.4989774227142334,4000
1988-04-14,0.0,7.375,7.125,7.125,3.3803672790527344,18400
1988-04-15,0.0,7.15625,7.0625,7.0625,3.3507165908813477,27600
1988-04-18,0.0,7.1875,7.0625,7.1875,3.410020112991333,18400
1988-04-19,0.0,7.25,7.0625,7.25,3.439673900604248,26400
1988-04-20,0.0,7.375,7.0625,7.375,3.4989774227142334,150800
1988-04-21,0.0,7.46875,7.25,7.46875,3.5434582233428955,108400
1988-04-22,0.0,7.5625,7.3125,7.3125,3.4693260192871094,17200
1988-04-25,0.0,7.625,7.3125,7.5625,3.5879342555999756,162400
1988-04-26,0.0,7.65625,7.4375,7.65625,3.632413387298584,4000
1988-04-27,0.0,7.4375,7.4375,7.4375,3.5286288261413574,1600
1988-04-28,0.0,7.4375,7.4375,7.4375,3.5286288261413574,6000
1988-04-29,0.0,7.71875,7.5,7.71875,3.6620633602142334,40400
1988-05-02,0.0,7.78125,7.4375,7.75,3.6768929958343506,4800
1988-05-03,0.0,7.90625,7.5625,7.90625,3.751023530960083,110800
1988-05-04,0.0,8.0625,7.75,8.0,3.795501947402954,106800
1988-05-05,0.0,8.1875,7.9375,7.9375,3.765848398208618,255600
1988-05-06,0.0,7.875,7.875,7.875,3.7361953258514404,6000
1988-05-09,0.0,8.125,7.9375,7.9375,3.765848398208618,66800
1988-05-10,0.0,8.1875,8.0625,8.0625,3.8251540660858154,1224800
1988-05-11,0.0,8.0625,7.875,7.875,3.7361953258514404,60000
1988-05-12,0.0,7.625,7.625,7.625,3.6175858974456787,5600
1988-05-13,0.0,8.0625,7.625,8.0,3.795501947402954,92000
1988-05-16,0.0,8.0625,7.75,8.0,3.795501947402954,29600
1988-05-17,0.0,8.125,7.8125,7.875,3.7361953258514404,9600
1988-05-18,0.0,8.125,7.8125,8.125,3.854806423187256,125200
1988-05-19,0.0,7.875,7.625,7.625,3.6175858974456787,17200
1988-05-20,0.0,7.875,7.625,7.8125,3.706544876098633,84000
1988-05-23,0.0,7.875,7.8125,7.875,3.7651140689849854,60400
1988-05-24,0.0,7.875,7.875,7.875,3.7651140689849854,400
1988-05-25,0.0,7.90625,7.8125,7.875,3.7651140689849854,604000
1988-05-26,0.0,7.875,7.625,7.625,3.6455838680267334,10000
1988-05-27,0.0,7.625,7.375,7.375,3.5260584354400635,40800
1988-05-31,0.0,7.375,7.375,7.375,3.5260584354400635,25200
1988-06-01,0.0,7.5,7.25,7.5,3.585820436477661,23200
1988-06-02,0.0,7.25,7.125,7.1875,3.4364099502563477,65200
1988-06-03,0.0,7.15625,7.0625,7.15625,3.421471357345581,54800
1988-06-06,0.0,7.28125,6.875,7.0625,3.3766489028930664,70000
1988-06-07,0.0,7.125,6.75,6.8125,3.257119655609131,44400
1988-06-08,0.0,7.0,6.875,7.0,3.346766948699951,119600
1988-06-09,0.0,7.125,7.125,7.125,3.4065310955047607,800
1988-06-10,0.0,7.125,7.0625,7.125,3.4065310955047607,202000
1988-06-13,0.0,7.0625,7.0,7.0,3.346766948699951,23600
1988-06-14,0.0,7.1875,7.125,7.1875,3.4364099502563477,120400
1988-06-15,0.0,7.0,7.0,7.0,3.346766948699951,400
1988-06-16,0.0,7.0,7.0,7.0,3.346766948699951,2000
1988-06-17,0.0,7.375,7.375,7.375,3.5260584354400635,14400
1988-06-20,0.0,7.0,7.0,7.0,3.346766948699951,8800
1988-06-21,7.0,7.0,7.0,7.0,3.346766948699951,0
1988-06-22,0.0,7.0,6.875,6.96875,3.331826686859131,16400
1988-06-23,0.0,7.0,6.8125,7.0,3.346766948699951,36000
1988-06-24,0.0,6.8125,6.8125,6.8125,3.257119655609131,8000
1988-06-27,0.0,7.0,6.8125,6.8125,3.257119655609131,64000
1988-06-28,0.0,7.0,6.8125,7.0,3.346766948699951,26400
1988-06-29,0.0,7.0,6.875,7.0,3.346766948699951,26000
1988-06-30,0.0,7.125,6.875,7.125,3.4065310955047607,13600
1988-07-01,0.0,7.125,7.125,7.125,3.4065310955047607,4000
1988-07-05,0.0,7.3125,7.125,7.3125,3.4961769580841064,120000
1988-07-06,0.0,7.21875,7.21875,7.21875,3.451352834701538,11600
1988-07-07,0.0,7.3125,7.0625,7.3125,3.4961769580841064,13600
1988-07-08,0.0,7.1875,7.125,7.125,3.4065310955047607,26400
1988-07-11,0.0,7.0625,7.0,7.0,3.346766948699951,5200
1988-07-12,0.0,7.09375,7.0,7.0625,3.3766489028930664,34000
1988-07-13,7.0625,7.0625,7.0625,7.0625,3.3766489028930664,0
1988-07-14,0.0,7.125,7.125,7.125,3.4065310955047607,400
1988-07-15,7.125,7.125,7.125,7.125,3.4065310955047607,0
1988-07-18,0.0,7.0,7.0,7.0,3.346766948699951,8400
1988-07-19,0.0,7.125,6.9375,6.9375,3.3168869018554688,41600
1988-07-20,0.0,6.9375,6.9375,6.9375,3.3168869018554688,400
1988-07-21,0.0,7.125,7.125,7.125,3.4065310955047607,5200
1988-07-22,0.0,7.0,7.0,7.0,3.346766948699951,800
1988-07-25,0.0,7.0,6.9375,7.0,3.346766948699951,5200
1988-07-26,7.0,7.0,7.0,7.0,3.346766948699951,0
1988-07-27,0.0,6.9375,6.9375,6.9375,3.3168869018554688,800
1988-07-28,0.0,7.0625,6.9375,7.0,3.346766948699951,12800
1988-07-29,0.0,7.0625,6.9375,7.0,3.346766948699951,9600
1988-08-01,0.0,7.0625,6.9375,7.0625,3.3766489028930664,21200
1988-08-02,0.0,6.9375,6.9375,6.9375,3.3168869018554688,5600
1988-08-03,0.0,7.0625,7.0,7.0625,3.3766489028930664,22000
1988-08-04,0.0,7.0,7.0,7.0,3.346766948699951,800
1988-08-05,0.0,7.0625,7.0,7.0625,3.3766489028930664,11600
1988-08-08,0.0,7.0,6.9375,6.9375,3.3168869018554688,22400
1988-08-09,0.0,6.9375,6.8125,6.8125,3.257119655609131,6000
1988-08-10,0.0,6.8125,6.75,6.75,3.2272400856018066,24000
1988-08-11,0.0,6.875,6.6875,6.6875,3.1973583698272705,4000
1988-08-12,0.0,6.71875,6.625,6.625,3.1674742698669434,108800
1988-08-15,0.0,6.625,6.5,6.5,3.1077113151550293,44000
1988-08-16,0.0,6.625,6.5,6.5,3.1077113151550293,117200
1988-08-17,6.5,6.5,6.5,6.5,3.1077113151550293,0
1988-08-18,0.0,6.53125,6.5,6.53125,3.122652292251587,240000
1988-08-19,0.0,6.5,6.5,6.5,3.1077113151550293,3200
1988-08-22,6.5,6.5,6.5,6.5,3.1077113151550293,0
1988-08-23,0.0,6.75,6.75,6.75,3.2272400856018066,800
1988-08-24,0.0,6.75,6.5,6.75,3.256182909011841,2400
1988-08-25,0.0,6.5,6.5,6.5,3.1355831623077393,2000
1988-08-26,0.0,6.5,6.5,6.5,3.1355831623077393,2000
1988-08-29,6.5,6.5,6.5,6.5,3.1355831623077393,0
1988-08-30,0.0,6.375,6.25,6.25,3.0149848461151123,14800
1988-08-31,6.25,6.25,6.25,6.25,3.0149848461151123,0
1988-09-01,0.0,6.125,6.125,6.125,2.954683780670166,1600
1988-09-02,6.125,6.125,6.125,6.125,2.954683780670166,0
1988-09-06,0.0,6.5,6.5,6.5,3.1355831623077393,5600
1988-09-07,6.5,6.5,6.5,6.5,3.1355831623077393,0
1988-09-08,0.0,6.25,6.125,6.25,3.0149848461151123,4400
1988-09-09,0.0,6.375,6.125,6.375,3.0752851963043213,5600
1988-09-12,0.0,6.375,6.25,6.25,3.0149848461151123,107600
1988-09-13,6.25,6.25,6.25,6.25,3.0149848461151123,0
1988-09-14,0.0,6.375,6.25,6.25,3.0149848461151123,5200
1988-09-15,0.0,6.1875,6.1875,6.1875,2.9848358631134033,400
1988-09-16,6.1875,6.1875,6.1875,6.1875,2.9848358631134033,0
1988-09-19,0.0,6.375,6.375,6.375,3.0752851963043213,9600
1988-09-20,0.0,6.5,6.25,6.5,3.1355831623077393,1200
1988-09-21,6.5,6.5,6.5,6.5,3.1355831623077393,0
1988-09-22,0.0,6.375,6.25,6.25,3.0149848461151123,3200
1988-09-23,0.0,6.375,6.375,6.375,3.0752851963043213,1600
1988-09-26,0.0,6.28125,6.25,6.25,3.0149848461151123,9200
1988-09-27,6.25,6.25,6.25,6.25,3.0149848461151123,0
1988-09-28,0.0,6.375,6.375,6.375,3.0752851963043213,800
1988-09-29,0.0,6.375,6.375,6.375,3.0752851963043213,4000
1988-09-30,0.0,6.5,6.25,6.5,3.1355831623077393,6800
1988-10-03,0.0,6.4375,6.375,6.4375,3.105433702468872,12000
1988-10-04,6.4375,6.4375,6.4375,6.4375,3.105433702468872,0
1988-10-05,6.4375,6.4375,6.4375,6.4375,3.105433702468872,0
1988-10-06,0.0,6.5,6.34375,6.34375,3.060209035873413,12000
1988-10-07,0.0,6.4375,6.375,6.4375,3.105433702468872,34000
1988-10-10,6.4375,6.4375,6.4375,6.4375,3.105433702468872,0
1988-10-11,6.4375,6.4375,6.4375,6.4375,3.105433702468872,0
1988-10-12,0.0,6.5,6.25,6.5,3.1355831623077393,2800
1988-10-13,0.0,6.5,6.5,6.5,3.1355831623077393,2000
1988-10-14,0.0,6.25,6.25,6.25,3.0149848461151123,400
1988-10-17,0.0,6.25,6.25,6.25,3.0149848461151123,2000
1988-10-18,0.0,6.4375,6.375,6.4375,3.105433702468872,158000
1988-10-19,0.0,6.5,6.5,6.5,3.1355831623077393,8000
1988-10-20,0.0,6.375,6.375,6.375,3.0752851963043213,12800
1988-10-21,0.0,6.375,6.25,6.25,3.0149848461151123,480800
1988-10-24,0.0,6.5,6.25,6.5,3.1355831623077393,12800
1988-10-25,0.0,6.5,6.1875,6.5,3.1355831623077393,7600
1988-10-26,6.5,6.5,6.5,6.5,3.1355831623077393,0
1988-10-27,0.0,6.5,6.125,6.1875,2.9848358631134033,87600
1988-10-28,0.0,6.3125,6.125,6.25,3.0149848461151123,180000
1988-10-31,0.0,6.125,6.125,6.125,2.954683780670166,1200
1988-11-01,0.0,6.125,6.125,6.125,2.954683780670166,1200
1988-11-02,6.125,6.125,6.125,6.125,2.954683780670166,0
1988-11-03,0.0,6.375,6.25,6.3125,3.045133590698242,166800
1988-11-04,0.0,6.375,6.375,6.375,3.0752851963043213,4000
1988-11-07,0.0,6.375,6.125,6.375,3.0752851963043213,264000
1988-11-08,0.0,6.3125,6.25,6.3125,3.045133590698242,160000
1988-11-09,0.0,6.375,6.125,6.125,2.954683780670166,25200
1988-11-10,0.0,6.125,6.125,6.125,2.954683780670166,800
1988-11-11,6.125,6.125,6.125,6.125,2.954683780670166,0
1988-11-14,0.0,6.25,6.25,6.25,3.0149848461151123,1200
1988-11-15,0.0,6.3125,6.1875,6.1875,2.9848358631134033,540800
1988-11-16,0.0,6.3125,6.1875,6.1875,2.9848358631134033,16800
1988-11-17,0.0,6.21875,6.21875,6.21875,2.999911308288574,4000
1988-11-18,0.0,6.25,6.21875,6.25,3.0149848461151123,59600
1988-11-21,0.0,6.1875,6.1875,6.1875,2.9848358631134033,2800
1988-11-22,6.1875,6.1875,6.1875,6.1875,2.9848358631134033,0
1988-11-23,6.1875,6.1875,6.1875,6.1875,2.9848358631134033,0
1988-11-25,0.0,6.3125,6.3125,6.3125,3.045133590698242,400
1988-11-28,0.0,6.3125,6.1875,6.28125,3.030057430267334,322800
1988-11-29,0.0,6.3125,6.25,6.3125,3.045133590698242,200000
1988-11-30,0.0,6.1875,6.1875,6.1875,2.9848358631134033,400
1988-12-01,0.0,6.1875,6.1875,6.1875,2.9848358631134033,1200
1988-12-02,0.0,6.28125,6.25,6.25,3.0149848461151123,228000
1988-12-05,0.0,6.1875,6.1875,6.1875,2.9848358631134033,800
1988-12-06,0.0,6.375,6.25,6.375,3.0752851963043213,8800
1988-12-07,0.0,6.21875,6.1875,6.1875,2.9848358631134033,18000
1988-12-08,0.0,6.25,6.1875,6.1875,2.9848358631134033,3600
1988-12-09,0.0,6.25,6.25,6.25,3.0149848461151123,8000
1988-12-12,0.0,6.375,6.1875,6.375,3.0752851963043213,55200
1988-12-13,0.0,6.375,6.25,6.34375,3.060209035873413,135600
1988-12-14,0.0,6.4375,6.375,6.375,3.0752851963043213,70000
1988-12-15,0.0,6.4375,6.3125,6.4375,3.105433702468872,167600
1988-12-16,0.0,6.5,6.25,6.4375,3.105433702468872,73200
1988-12-19,0.0,6.3125,6.25,6.25,3.0457377433776855,17600
1988-12-20,0.0,6.5,6.375,6.375,3.1066524982452393,52800
1988-12-21,0.0,6.4375,6.25,6.4375,3.137108564376831,57600
1988-12-22,0.0,6.4375,6.25,6.375,3.1066524982452393,41600
1988-12-23,0.0,6.4375,6.4375,6.4375,3.137108564376831,4000
1988-12-27,0.0,6.25,6.25,6.25,3.0457377433776855,400
1988-12-28,6.25,6.25,6.25,6.25,3.0457377433776855,0
1988-12-29,0.0,6.4375,6.4375,6.4375,3.137108564376831,2000
1988-12-30,0.0,6.5625,6.25,6.5625,3.1980249881744385,254800
1989-01-03,0.0,6.5,6.3125,6.375,3.1066524982452393,16000
1989-01-04,0.0,6.5625,6.3125,6.3125,3.0761940479278564,2000
1989-01-05,0.0,6.5625,6.3125,6.5625,3.1980249881744385,5200
1989-01-06,0.0,6.5625,6.375,6.5625,3.1980249881744385,238800
1989-01-09,0.0,6.5,6.3125,6.4375,3.137108564376831,309600
1989-01-10,0.0,6.5,6.375,6.375,3.1066524982452393,53600
1989-01-11,0.0,6.5,6.375,6.4375,3.137108564376831,162400
1989-01-12,0.0,6.4375,6.375,6.4375,3.137108564376831,80000
1989-01-13,6.4375,6.4375,6.4375,6.4375,3.137108564376831,0
1989-01-16,0.0,6.5,6.5,6.5,3.1675679683685303,4000
1989-01-17,0.0,6.5,6.5,6.5,3.1675679683685303,2000
1989-01-18,0.0,6.4375,6.3125,6.4375,3.137108564376831,72000
1989-01-19,0.0,6.3125,6.3125,6.3125,3.0761940479278564,2800
1989-01-20,0.0,6.5,6.5,6.5,3.1675679683685303,27600
1989-01-23,0.0,6.3125,6.3125,6.3125,3.0761940479278564,2800
1989-01-24,0.0,6.5,6.3125,6.40625,3.1218819618225098,118000
1989-01-25,6.40625,6.40625,6.40625,6.40625,3.1218819618225098,0
1989-01-26,6.40625,6.40625,6.40625,6.40625,3.1218819618225098,0
1989-01-27,0.0,6.5,6.375,6.5,3.1675679683685303,109200
1989-01-30,0.0,6.375,6.375,6.375,3.1066524982452393,7600
1989-01-31,6.375,6.375,6.375,6.375,3.1066524982452393,0
1989-02-01,0.0,6.5,6.3125,6.5,3.1675679683685303,101600
1989-02-02,6.5,6.5,6.5,6.5,3.1675679683685303,0
1989-02-03,0.0,6.375,6.3125,6.3125,3.0761940479278564,154000
1989-02-06,0.0,6.375,6.3125,6.34375,3.0914242267608643,160800
1989-02-07,0.0,6.46875,6.40625,6.40625,3.1218819618225098,143600
1989-02-08,0.0,6.46875,6.4375,6.4375,3.137108564376831,65200
1989-02-09,0.0,6.46875,6.4375,6.46875,3.152338743209839,100000
1989-02-10,0.0,6.5,6.4375,6.5,3.1675679683685303,58000
1989-02-13,0.0,6.5,6.4375,6.5,3.1675679683685303,12000
1989-02-14,0.0,6.5,6.4375,6.4375,3.137108564376831,6400
1989-02-15,0.0,6.5,6.4375,6.4375,3.137108564376831,14400
1989-02-16,0.0,6.625,6.4375,6.625,3.228480339050293,116800
1989-02-17,0.0,6.875,6.5625,6.8125,3.3198530673980713,5600
1989-02-21,0.0,6.8125,6.8125,6.8125,3.3198530673980713,2800
1989-02-22,0.0,6.78125,6.5625,6.78125,3.304626226425171,1200
1989-02-23,6.78125,6.78125,6.78125,6.78125,3.304626226425171,0
1989-02-24,0.0,6.8125,6.5625,6.625,3.228480339050293,7600
1989-02-27,0.0,6.75,6.5625,6.75,3.2893967628479004,27600
1989-02-28,0.0,6.6875,6.5625,6.5625,3.2291200160980225,105200
1989-03-01,0.0,6.625,6.5625,6.625,3.2598719596862793,27200
1989-03-02,0.0,6.625,6.53125,6.5625,3.2291200160980225,30800
1989-03-03,0.0,6.6875,6.5625,6.6875,3.290625810623169,119200
1989-03-06,6.6875,6.6875,6.6875,6.6875,3.290625810623169,0
1989-03-07,0.0,6.75,6.625,6.75,3.3213798999786377,9200
1989-03-08,0.0,6.8125,6.8125,6.8125,3.352132558822632,2800
1989-03-09,0.0,6.75,6.625,6.625,3.2598719596862793,4000
1989-03-10,6.625,6.625,6.625,6.625,3.2598719596862793,0
1989-03-13,0.0,6.8125,6.6875,6.6875,3.290625810623169,12400
1989-03-14,0.0,6.875,6.75,6.8125,3.352132558822632,8400
1989-03-15,0.0,7.125,7.0,7.125,3.505901336669922,24000
1989-03-16,0.0,7.25,7.125,7.125,3.505901336669922,8000
1989-03-17,0.0,7.375,7.375,7.375,3.628915309906006,8800
1989-03-20,0.0,7.3125,7.3125,7.3125,3.5981616973876953,2400
1989-03-21,7.3125,7.3125,7.3125,7.3125,3.5981616973876953,0
1989-03-22,0.0,7.3125,7.0625,7.0625,3.4751462936401367,174400
1989-03-23,0.0,7.3125,7.25,7.3125,3.5981616973876953,41200
1989-03-27,0.0,7.125,7.125,7.125,3.505901336669922,26800
1989-03-28,0.0,7.375,7.25,7.25,3.5674071311950684,46400
1989-03-29,0.0,7.375,7.25,7.25,3.5674071311950684,35600
1989-03-30,0.0,7.125,7.125,7.125,3.505901336669922,3200
1989-03-31,0.0,7.125,7.125,7.125,3.505901336669922,2000
1989-04-03,0.0,7.125,7.125,7.125,3.505901336669922,8000
1989-04-04,0.0,7.1875,7.125,7.1875,3.5366551876068115,132800
1989-04-05,0.0,7.3125,7.1875,7.1875,3.5366551876068115,5600
1989-04-06,0.0,7.3125,7.3125,7.3125,3.5981616973876953,400
1989-04-07,0.0,7.25,7.1875,7.25,3.5674071311950684,16000
1989-04-10,0.0,7.21875,7.125,7.21875,3.552030324935913,10000
1989-04-11,0.0,7.125,7.125,7.125,3.505901336669922,8000
1989-04-12,0.0,7.125,7.125,7.125,3.505901336669922,400
1989-04-13,0.0,7.1875,7.125,7.1875,3.5366551876068115,20000
1989-04-14,0.0,7.3125,7.125,7.3125,3.5981616973876953,24400
1989-04-17,0.0,7.3125,7.125,7.125,3.505901336669922,100800
1989-04-18,0.0,7.3125,7.25,7.3125,3.5981616973876953,284000
1989-04-19,0.0,7.125,7.125,7.125,3.505901336669922,800
1989-04-20,0.0,7.3125,7.125,7.3125,3.5981616973876953,28400
1989-04-21,0.0,7.21875,7.21875,7.21875,3.552030324935913,1200
1989-04-24,0.0,7.375,7.125,7.125,3.505901336669922,16000
1989-04-25,7.125,7.125,7.125,7.125,3.505901336669922,0
1989-04-26,7.125,7.125,7.125,7.125,3.505901336669922,0
1989-04-27,0.0,7.25,7.125,7.125,3.505901336669922,49200
1989-04-28,0.0,7.375,7.375,7.375,3.628915309906006,6000
1989-05-01,0.0,7.375,7.125,7.375,3.628915309906006,4400
1989-05-02,7.375,7.375,7.375,7.375,3.628915309906006,0
1989-05-03,7.375,7.375,7.375,7.375,3.628915309906006,0
1989-05-04,0.0,7.375,7.3125,7.375,3.628915309906006,15600
1989-05-05,7.375,7.375,7.375,7.375,3.628915309906006,0
1989-05-08,0.0,7.375,7.25,7.375,3.628915309906006,50800
1989-05-09,0.0,7.625,7.5,7.5625,3.7211754322052,228400
1989-05-10,0.0,7.71875,7.5,7.71875,3.7980597019195557,22000
1989-05-11,0.0,7.71875,7.71875,7.71875,3.7980597019195557,800
1989-05-12,7.71875,7.71875,7.71875,7.71875,3.7980597019195557,0
1989-05-15,0.0,7.5,7.5,7.5,3.6904218196868896,9600
1989-05-16,0.0,7.5625,7.5,7.5,3.6904218196868896,8400
1989-05-17,0.0,7.75,7.625,7.75,3.8134372234344482,106400
1989-05-18,0.0,7.75,7.75,7.75,3.8134372234344482,400
1989-05-19,0.0,8.0,7.6875,8.0,3.9364500045776367,41600
1989-05-22,0.0,8.375,7.9375,8.375,4.120973110198975,257600
1989-05-23,0.0,8.375,8.1875,8.25,4.093678951263428,403200
1989-05-24,0.0,8.375,8.375,8.375,4.155706405639648,4000
1989-05-25,0.0,8.4375,8.25,8.375,4.155706405639648,214800
1989-05-26,0.0,8.375,8.25,8.375,4.155706405639648,87600
1989-05-30,0.0,8.5,8.3125,8.5,4.217731475830078,28000
1989-05-31,0.0,8.5,8.375,8.5,4.217731475830078,1600
1989-06-01,0.0,8.5,8.46875,8.5,4.217731475830078,112800
1989-06-02,0.0,8.625,8.4375,8.625,4.279757022857666,114400
1989-06-05,0.0,8.625,8.4375,8.4375,4.186720371246338,4000
1989-06-06,0.0,8.625,8.4375,8.4375,4.186720371246338,34000
1989-06-07,0.0,8.625,8.5,8.5625,4.248743057250977,48800
1989-06-08,0.0,8.75,8.53125,8.75,4.3417816162109375,15200
1989-06-09,0.0,8.6875,8.5,8.6875,4.310769557952881,82000
1989-06-12,0.0,8.75,8.5,8.5,4.217731475830078,124800
1989-06-13,0.0,8.75,8.5,8.75,4.3417816162109375,27600
1989-06-14,0.0,8.75,8.6875,8.75,4.3417816162109375,161200
1989-06-15,0.0,8.75,8.5,8.75,4.3417816162109375,40000
1989-06-16,0.0,8.71875,8.5625,8.5625,4.248743057250977,27600
1989-06-19,0.0,8.75,8.5625,8.75,4.3417816162109375,63600
1989-06-20,0.0,8.875,8.5625,8.6875,4.310769557952881,42800
1989-06-21,0.0,8.8125,8.625,8.75,4.3417816162109375,28000
1989-06-22,0.0,8.9375,8.625,8.8125,4.372795104980469,38000
1989-06-23,0.0,8.75,8.625,8.625,4.279757022857666,11200
1989-06-26,0.0,8.9375,8.625,8.8125,4.372795104980469,91200
1989-06-27,0.0,9.0,8.6875,9.0,4.4658331871032715,121200
1989-06-28,0.0,9.0,8.6875,8.875,4.403810501098633,16800
1989-06-29,0.0,8.78125,8.6875,8.6875,4.310769557952881,305600
1989-06-30,0.0,8.75,8.6875,8.75,4.3417816162109375,33200
1989-07-03,8.75,8.75,8.75,8.75,4.3417816162109375,0
1989-07-05,0.0,8.9375,8.9375,8.9375,4.434821128845215,2000
1989-07-06,0.0,8.9375,8.9375,8.9375,4.434821128845215,400
1989-07-07,8.9375,8.9375,8.9375,8.9375,4.434821128845215,0
1989-07-10,0.0,8.8125,8.6875,8.75,4.3417816162109375,48400
1989-07-11,0.0,8.875,8.875,8.875,4.403810501098633,2000
1989-07-12,0.0,9.0,9.0,9.0,4.4658331871032715,5200
1989-07-13,0.0,8.75,8.75,8.75,4.3417816162109375,1200
1989-07-14,0.0,8.9375,8.8125,8.8125,4.372795104980469,22000
1989-07-17,0.0,8.9375,8.75,8.78125,4.3572893142700195,1163600
1989-07-18,0.0,8.9375,8.75,8.9375,4.434821128845215,1624400
1989-07-19,0.0,8.9375,8.875,8.9375,4.434821128845215,28800
1989-07-20,0.0,9.0,8.875,9.0,4.4658331871032715,6800
1989-07-21,0.0,9.0,8.8125,8.8125,4.372795104980469,19200
1989-07-24,0.0,8.75,8.75,8.75,4.3417816162109375,800
1989-07-25,0.0,9.0,8.75,8.75,4.3417816162109375,9600
1989-07-26,0.0,9.125,8.75,9.125,4.527858257293701,2400
1989-07-27,9.125,9.125,9.125,9.125,4.527858257293701,0
1989-07-28,0.0,8.84375,8.75,8.84375,4.388302326202393,80400
1989-07-31,8.84375,8.84375,8.84375,8.84375,4.388302326202393,0
1989-08-01,0.0,8.75,8.75,8.75,4.3417816162109375,2000
1989-08-02,0.0,9.125,9.0,9.0,4.4658331871032715,39200
1989-08-03,0.0,9.0625,9.0,9.0,4.4658331871032715,14400
1989-08-04,0.0,8.8125,8.8125,8.8125,4.372795104980469,2000
1989-08-07,0.0,8.8125,8.8125,8.8125,4.372795104980469,400
1989-08-08,0.0,9.0625,9.0,9.0,4.4658331871032715,6800
1989-08-09,0.0,8.8125,8.8125,8.8125,4.372795104980469,4000
1989-08-10,0.0,8.9375,8.75,8.9375,4.434821128845215,30800
1989-08-11,0.0,8.875,8.5625,8.5625,4.248743057250977,52400
1989-08-14,0.0,8.75,8.375,8.5625,4.248743057250977,3600
1989-08-15,0.0,8.75,8.375,8.375,4.155706405639648,2800
1989-08-16,0.0,8.75,8.375,8.375,4.155706405639648,2400
1989-08-17,0.0,8.75,8.5625,8.5625,4.248743057250977,2400
1989-08-18,0.0,8.6875,8.375,8.375,4.155706405639648,12000
1989-08-21,0.0,8.5625,8.5625,8.5625,4.248743057250977,800
1989-08-22,0.0,8.5625,8.5625,8.5625,4.248743057250977,800
1989-08-23,8.5625,8.5625,8.5625,8.5625,4.248743057250977,0
1989-08-24,8.5625,8.5625,8.5625,8.5625,4.2837629318237305,0
1989-08-25,0.0,8.5,8.25,8.5,4.252495288848877,24400
1989-08-28,0.0,8.375,8.1875,8.375,4.189958095550537,22000
1989-08-29,0.0,8.5,8.5,8.5,4.252495288848877,1600
1989-08-30,0.0,8.5,8.5,8.5,4.252495288848877,400
1989-08-31,0.0,8.375,8.375,8.375,4.189958095550537,18800
1989-09-01,0.0,8.5,8.25,8.25,4.1274213790893555,4400
1989-09-05,0.0,8.5,8.375,8.375,4.189958095550537,21600
1989-09-06,0.0,8.5625,8.5,8.5625,4.2837629318237305,18000
1989-09-07,0.0,8.4375,8.4375,8.4375,4.2212300300598145,2000
1989-09-08,0.0,8.625,8.625,8.625,4.315030097961426,4000
1989-09-11,0.0,8.6875,8.6875,8.6875,4.34630012512207,1600
1989-09-12,0.0,8.75,8.6875,8.75,4.377570629119873,13600
1989-09-13,0.0,8.75,8.6875,8.6875,4.34630012512207,28000
1989-09-14,8.6875,8.6875,8.6875,8.6875,4.34630012512207,0
1989-09-15,0.0,8.8125,8.5625,8.625,4.315030097961426,6000
1989-09-18,0.0,8.5625,8.5625,8.5625,4.2837629318237305,1600
1989-09-19,0.0,8.8125,8.5625,8.8125,4.408838748931885,4000
1989-09-20,0.0,8.8125,8.5625,8.5625,4.2837629318237305,6400
1989-09-21,8.5625,8.5625,8.5625,8.5625,4.2837629318237305,0
1989-09-22,0.0,8.5625,8.5625,8.5625,4.2837629318237305,1200
1989-09-25,0.0,8.75,8.5625,8.75,4.377570629119873,30800
1989-09-26,0.0,8.75,8.75,8.75,4.377570629119873,1600
1989-09-27,0.0,8.6875,8.5625,8.5625,4.2837629318237305,3200
1989-09-28,8.5625,8.5625,8.5625,8.5625,4.2837629318237305,0
1989-09-29,0.0,8.5625,8.5625,8.5625,4.2837629318237305,1600
1989-10-02,0.0,8.75,8.75,8.75,4.377570629119873,1600
1989-10-03,0.0,8.5625,8.5625,8.5625,4.2837629318237305,4800
1989-10-04,0.0,8.71875,8.5625,8.71875,4.361936569213867,8800
1989-10-05,0.0,8.8125,8.5625,8.8125,4.408838748931885,122800
1989-10-06,0.0,8.75,8.6875,8.75,4.377570629119873,6400
1989-10-09,0.0,8.75,8.75,8.75,4.377570629119873,4000
1989-10-10,0.0,8.75,8.75,8.75,4.377570629119873,4000
1989-10-11,0.0,8.6875,8.6875,8.6875,4.34630012512207,4000
1989-10-12,0.0,8.75,8.75,8.75,4.377570629119873,6000
1989-10-13,0.0,8.78125,8.6875,8.78125,4.393208026885986,33600
1989-10-16,0.0,8.5625,8.375,8.5,4.252495288848877,10400
1989-10-17,0.0,8.4375,8.4375,8.4375,4.2212300300598145,9200
1989-10-18,0.0,8.5625,8.375,8.5,4.252495288848877,28000
1989-10-19,0.0,8.5625,8.5,8.5625,4.2837629318237305,30000
1989-10-20,0.0,8.8125,8.8125,8.8125,4.408838748931885,800
1989-10-23,0.0,8.875,8.875,8.875,4.440107345581055,3200
1989-10-24,0.0,8.75,8.4375,8.75,4.377570629119873,20800
1989-10-25,0.0,8.6875,8.5,8.625,4.315030097961426,124000
1989-10-26,0.0,8.625,8.3125,8.3125,4.158690929412842,19600
1989-10-27,0.0,8.4375,8.1875,8.4375,4.2212300300598145,6400
1989-10-30,0.0,8.125,8.125,8.125,4.064887523651123,2000
1989-10-31,0.0,8.15625,8.0625,8.125,4.064887523651123,135600
1989-11-01,0.0,8.4375,8.125,8.28125,4.143056869506836,14400
1989-11-02,8.28125,8.28125,8.28125,8.28125,4.143056869506836,0
1989-11-03,8.28125,8.28125,8.28125,8.28125,4.143056869506836,0
1989-11-06,8.28125,8.28125,8.28125,8.28125,4.143056869506836,0
1989-11-07,0.0,8.1875,8.0625,8.0625,4.033617973327637,56400
1989-11-08,0.0,8.0625,8.0625,8.0625,4.033617973327637,3600
1989-11-09,0.0,8.15625,8.0625,8.0625,4.033617973327637,44000
1989-11-10,0.0,8.125,8.09375,8.09375,4.049252986907959,64000
1989-11-13,0.0,8.3125,8.0625,8.3125,4.158690929412842,23200
1989-11-14,0.0,8.125,8.0625,8.0625,4.033617973327637,68800
1989-11-15,0.0,8.3125,8.3125,8.3125,4.158690929412842,2000
1989-11-16,0.0,8.0625,8.0625,8.0625,4.033617973327637,2400
1989-11-17,0.0,8.3125,8.0625,8.0625,4.033617973327637,68800
1989-11-20,8.0625,8.0625,8.0625,8.0625,4.033617973327637,0
1989-11-21,0.0,8.3125,8.3125,8.3125,4.158690929412842,1600
1989-11-22,0.0,8.125,8.125,8.125,4.064887523651123,6000
1989-11-24,8.125,8.125,8.125,8.125,4.064887523651123,0
1989-11-27,0.0,8.3125,8.0625,8.3125,4.158690929412842,14000
1989-11-28,0.0,8.3125,8.3125,8.3125,4.158690929412842,20000
1989-11-29,0.0,8.3125,8.25,8.3125,4.158690929412842,64000
1989-11-30,0.0,8.5,8.4375,8.5,4.252495288848877,14800
1989-12-01,8.5,8.5,8.5,8.5,4.252495288848877,0
1989-12-04,0.0,8.5625,8.3125,8.5625,4.2837629318237305,27200
1989-12-05,0.0,8.75,8.625,8.75,4.377570629119873,19200
1989-12-06,0.0,8.8125,8.5,8.5,4.252495288848877,2400
1989-12-07,8.5,8.5,8.5,8.5,4.252495288848877,0
1989-12-08,8.5,8.5,8.5,8.5,4.252495288848877,0
1989-12-11,8.5,8.5,8.5,8.5,4.252495288848877,0
1989-12-12,0.0,8.9375,8.75,8.9375,4.471376419067383,18000
1989-12-13,8.9375,8.9375,8.9375,8.9375,4.471376419067383,0
1989-12-14,8.9375,8.9375,8.9375,8.9375,4.471376419067383,0
1989-12-15,8.9375,8.9375,8.9375,8.9375,4.5066728591918945,0
1989-12-18,0.0,8.6875,8.6875,8.6875,4.380608558654785,11600
1989-12-19,0.0,8.75,8.75,8.75,4.4121246337890625,1200
1989-12-20,0.0,8.6875,8.6875,8.6875,4.380608558654785,6000
1989-12-21,0.0,8.8125,8.6875,8.8125,4.44364070892334,99200
1989-12-22,0.0,9.0,9.0,9.0,4.5381879806518555,800
1989-12-26,0.0,8.75,8.6875,8.6875,4.380608558654785,22400
1989-12-27,0.0,9.0,8.875,8.9375,4.5066728591918945,10400
1989-12-28,8.9375,8.9375,8.9375,8.9375,4.5066728591918945,0
1989-12-29,0.0,8.9375,8.75,8.75,4.4121246337890625,2800
1990-01-02,0.0,9.0625,8.75,8.8125,4.44364070892334,14400
1990-01-03,0.0,8.9375,8.8125,8.9375,4.5066728591918945,21600
1990-01-04,0.0,8.8125,8.8125,8.8125,4.44364070892334,2000
1990-01-05,0.0,9.125,8.8125,8.8125,4.44364070892334,88400
1990-01-08,0.0,8.8125,8.8125,8.8125,4.44364070892334,1200
1990-01-09,8.8125,8.8125,8.8125,8.8125,4.44364070892334,0
1990-01-10,8.8125,8.8125,8.8125,8.8125,4.44364070892334,0
1990-01-11,0.0,8.875,8.875,8.875,4.475157737731934,1600
1990-01-12,0.0,8.75,8.5625,8.625,4.349095344543457,134800
1990-01-15,0.0,8.6875,8.6875,8.6875,4.380608558654785,12000
1990-01-16,0.0,8.59375,8.59375,8.59375,4.333340167999268,14000
1990-01-17,0.0,8.4375,8.4375,8.4375,4.254552841186523,2800
1990-01-18,0.0,8.75,8.4375,8.75,4.4121246337890625,6400
1990-01-19,0.0,8.4375,8.4375,8.4375,4.254552841186523,1600
1990-01-22,0.0,8.75,8.4375,8.75,4.4121246337890625,16800
1990-01-23,0.0,8.75,8.4375,8.4375,4.254552841186523,34000
1990-01-24,0.0,8.5,8.375,8.375,4.223034858703613,23200
1990-01-25,0.0,8.375,8.375,8.375,4.223034858703613,4000
1990-01-26,8.375,8.375,8.375,8.375,4.223034858703613,0
1990-01-29,8.375,8.375,8.375,8.375,4.223034858703613,0
1990-01-30,0.0,8.375,8.375,8.375,4.223034858703613,7600
1990-01-31,0.0,8.375,8.375,8.375,4.223034858703613,400
1990-02-01,0.0,8.6875,8.53125,8.6875,4.380608558654785,143600
1990-02-02,0.0,8.75,8.5,8.6875,4.380608558654785,8000
1990-02-05,8.6875,8.6875,8.6875,8.6875,4.380608558654785,0
1990-02-06,0.0,8.75,8.5625,8.75,4.4121246337890625,204400
1990-02-07,0.0,8.75,8.5,8.5,4.286065578460693,22800
1990-02-08,0.0,8.5,8.5,8.5,4.286065578460693,2000
1990-02-09,0.0,8.875,8.5,8.75,4.4121246337890625,3200
1990-02-12,0.0,8.875,8.875,8.875,4.475157737731934,2000
1990-02-13,8.875,8.875,8.875,8.875,4.475157737731934,0
1990-02-14,0.0,8.875,8.625,8.875,4.475157737731934,178400
1990-02-15,8.875,8.875,8.875,8.875,4.475157737731934,0
1990-02-16,0.0,8.71875,8.625,8.65625,4.364853858947754,256400
1990-02-20,0.0,8.5,8.5,8.5,4.286065578460693,2000
1990-02-21,0.0,8.625,8.5,8.5,4.286065578460693,2400
1990-02-22,0.0,8.875,8.5,8.875,4.475157737731934,20400
1990-02-23,8.875,8.875,8.875,8.875,4.475157737731934,0
1990-02-26,0.0,8.875,8.6875,8.875,4.475157737731934,54400
1990-02-27,8.875,8.875,8.875,8.875,4.510736465454102,0
1990-02-28,0.0,8.875,8.78125,8.875,4.510736465454102,6400
1990-03-01,0.0,8.5,8.5,8.5,4.3201398849487305,12400
1990-03-02,0.0,8.75,8.5,8.75,4.447202205657959,16400
1990-03-05,8.75,8.75,8.75,8.75,4.447202205657959,0
1990-03-06,8.75,8.75,8.75,8.75,4.447202205657959,0
1990-03-07,0.0,8.75,8.75,8.75,4.447202205657959,1600
1990-03-08,8.75,8.75,8.75,8.75,4.447202205657959,0
1990-03-09,0.0,8.6875,8.625,8.6875,4.415436267852783,9600
1990-03-12,8.6875,8.6875,8.6875,8.6875,4.415436267852783,0
1990-03-13,8.6875,8.6875,8.6875,8.6875,4.415436267852783,0
1990-03-14,0.0,9.0,8.625,8.625,4.383671760559082,15200
1990-03-15,0.0,9.0,9.0,9.0,4.57426643371582,400
1990-03-16,0.0,8.8125,8.75,8.8125,4.478967666625977,28400
1990-03-19,0.0,9.0,9.0,9.0,4.57426643371582,400
1990-03-20,0.0,9.0,8.84375,9.0,4.57426643371582,3600
1990-03-21,9.0,9.0,9.0,9.0,4.57426643371582,0
1990-03-22,0.0,9.0,8.625,8.625,4.383671760559082,4400
1990-03-23,0.0,8.625,8.625,8.625,4.383671760559082,2800
1990-03-26,8.625,8.625,8.625,8.625,4.383671760559082,0
1990-03-27,0.0,9.0,8.625,8.625,4.383671760559082,5200
1990-03-28,0.0,8.625,8.625,8.625,4.383671760559082,2000
1990-03-29,0.0,9.0,8.78125,8.84375,4.494852542877197,108000
1990-03-30,0.0,9.0,8.875,9.0,4.57426643371582,26000
1990-04-02,0.0,9.375,8.875,9.375,4.764860153198242,27200
1990-04-03,0.0,9.5,9.375,9.5,4.828392028808594,7600
1990-04-04,0.0,9.5,9.5,9.5,4.828392028808594,2400
1990-04-05,0.0,9.375,9.25,9.25,4.701327800750732,15600
1990-04-06,0.0,9.375,9.375,9.375,4.764860153198242,400
1990-04-09,0.0,9.375,9.25,9.25,4.701327800750732,92800
1990-04-10,0.0,9.25,9.25,9.25,4.701327800750732,2400
1990-04-11,0.0,9.25,9.25,9.25,4.701327800750732,400
1990-04-12,0.0,9.375,9.25,9.375,4.764860153198242,6400
1990-04-16,9.375,9.375,9.375,9.375,4.764860153198242,0
1990-04-17,0.0,9.375,9.25,9.375,4.764860153198242,2800
1990-04-18,9.375,9.375,9.375,9.375,4.764860153198242,0
1990-04-19,0.0,9.375,9.25,9.25,4.701327800750732,4400
1990-04-20,0.0,9.375,9.375,9.375,4.764860153198242,2000
1990-04-23,0.0,9.25,9.25,9.25,4.701327800750732,32400
1990-04-24,0.0,9.3125,9.25,9.25,4.701327800750732,20400
1990-04-25,0.0,9.375,9.25,9.375,4.764860153198242,4400
1990-04-26,0.0,9.25,9.25,9.25,4.701327800750732,800
1990-04-27,0.0,9.375,9.25,9.25,4.701327800750732,6400
1990-04-30,0.0,9.375,9.34375,9.375,4.764860153198242,90000
1990-05-01,0.0,9.375,9.375,9.375,4.764860153198242,1200
1990-05-02,0.0,9.375,9.34375,9.375,4.764860153198242,107600
1990-05-03,9.375,9.375,9.375,9.375,4.764860153198242,0
1990-05-04,9.375,9.375,9.375,9.375,4.764860153198242,0
1990-05-07,9.375,9.375,9.375,9.375,4.764860153198242,0
1990-05-08,0.0,9.34375,9.3125,9.34375,4.7489776611328125,122400
1990-05-09,0.0,9.375,9.25,9.375,4.764860153198242,52800
1990-05-10,0.0,9.375,9.3125,9.34375,4.7489776611328125,40000
1990-05-11,0.0,9.625,9.5,9.5,4.828392028808594,9200
1990-05-14,0.0,9.5,9.5,9.5,4.828392028808594,1600
1990-05-15,0.0,10.1875,9.6875,10.1875,5.1778154373168945,46000
1990-05-16,0.0,9.875,9.875,9.875,5.018985748291016,5600
1990-05-17,0.0,10.25,10.0,10.25,5.209578990936279,10800
1990-05-18,0.0,10.4375,10.4375,10.4375,5.304876804351807,1600
1990-05-21,0.0,10.09375,10.0625,10.0625,5.114283561706543,13200
1990-05-22,0.0,10.09375,10.0625,10.09375,5.1301679611206055,6400
1990-05-23,0.0,10.375,10.125,10.125,5.184571743011475,44000
1990-05-24,0.0,10.15625,10.0,10.0,5.120565414428711,9200
1990-05-25,0.0,10.3125,10.3125,10.3125,5.280583381652832,5600
1990-05-29,0.0,10.3125,10.0,10.3125,5.280583381652832,10000
1990-05-30,0.0,10.3125,10.25,10.3125,5.280583381652832,8400
1990-05-31,0.0,10.375,10.0,10.375,5.312588214874268,2800
1990-06-01,0.0,10.375,10.0,10.0,5.120565414428711,1600
1990-06-04,0.0,10.375,10.0,10.25,5.24857759475708,24000
1990-06-05,0.0,10.03125,10.0,10.0,5.120565414428711,5200
1990-06-06,0.0,10.375,10.0,10.375,5.312588214874268,2000
1990-06-07,0.0,10.25,10.0,10.0,5.120565414428711,10800
1990-06-08,0.0,10.0,10.0,10.0,5.120565414428711,2000
1990-06-11,0.0,10.25,10.0,10.0,5.120565414428711,8000
1990-06-12,0.0,10.0625,10.0625,10.0625,5.152568817138672,2000
1990-06-13,0.0,10.3125,10.0625,10.1875,5.216577053070068,16800
1990-06-14,0.0,10.09375,10.09375,10.09375,5.1685709953308105,2000
1990-06-15,0.0,10.4375,10.25,10.3125,5.280583381652832,45200
1990-06-18,0.0,10.4375,10.0625,10.09375,5.1685709953308105,340000
1990-06-19,0.0,10.0625,10.0625,10.0625,5.152568817138672,4800
1990-06-20,0.0,10.0625,10.0625,10.0625,5.152568817138672,400
1990-06-21,0.0,10.125,10.0625,10.125,5.184571743011475,64000
1990-06-22,0.0,10.0625,10.0625,10.0625,5.152568817138672,2000
1990-06-25,0.0,10.0625,10.0625,10.0625,5.152568817138672,400
1990-06-26,0.0,10.21875,10.0625,10.15625,5.200575351715088,112400
1990-06-27,10.15625,10.15625,10.15625,10.15625,5.200575351715088,0
1990-06-28,0.0,10.125,10.125,10.125,5.184571743011475,1200
1990-06-29,0.0,10.3125,10.125,10.3125,5.280583381652832,48400
1990-07-02,0.0,10.375,10.375,10.375,5.312588214874268,400
1990-07-03,0.0,10.125,10.125,10.125,5.184571743011475,4000
1990-07-05,0.0,10.25,10.125,10.25,5.24857759475708,13600
1990-07-06,0.0,10.125,10.125,10.125,5.184571743011475,8800
1990-07-09,0.0,10.25,10.125,10.25,5.24857759475708,224800
1990-07-10,0.0,10.1875,10.125,10.1875,5.216577053070068,118800
1990-07-11,0.0,10.125,10.125,10.125,5.184571743011475,2000
1990-07-12,0.0,10.375,10.375,10.375,5.312588214874268,6400
1990-07-13,0.0,10.5,10.25,10.25,5.24857759475708,5600
1990-07-16,0.0,10.25,10.25,10.25,5.24857759475708,1200
1990-07-17,0.0,10.5,10.25,10.5,5.376593589782715,15200
1990-07-18,0.0,10.5,10.25,10.3125,5.280583381652832,42400
1990-07-19,0.0,10.125,10.125,10.125,5.184571743011475,3600
1990-07-20,0.0,10.8125,10.375,10.625,5.440601348876953,220000
1990-07-23,0.0,10.625,10.0625,10.1875,5.216577053070068,85200
1990-07-24,0.0,10.375,10.0625,10.375,5.312588214874268,56000
1990-07-25,10.375,10.375,10.375,10.375,5.312588214874268,0
1990-07-26,0.0,10.5,10.3125,10.3125,5.280583381652832,14400
1990-07-27,0.0,10.6875,10.5,10.6875,5.472606182098389,21600
1990-07-30,0.0,11.0625,10.75,10.9375,5.600618839263916,42000
1990-07-31,0.0,11.0,10.625,10.8125,5.536612033843994,14000
1990-08-01,0.0,11.0,10.625,11.0,5.632619857788086,15200
1990-08-02,0.0,10.75,10.5625,10.75,5.504605770111084,20800
1990-08-03,0.0,10.5,10.5,10.5,5.376593589782715,3600
1990-08-06,0.0,10.5,10.375,10.5,5.376593589782715,67200
1990-08-07,0.0,10.5,10.375,10.375,5.312588214874268,31600
1990-08-08,0.0,10.375,10.375,10.375,5.312588214874268,2000
1990-08-09,0.0,10.40625,10.25,10.25,5.24857759475708,54400
1990-08-10,0.0,10.1875,10.0,10.125,5.184571743011475,31600
1990-08-13,0.0,10.0,9.75,9.75,4.99254846572876,10000
1990-08-14,0.0,10.1875,9.75,10.1875,5.216577053070068,2800
1990-08-15,0.0,9.96875,9.96875,9.96875,5.104559421539307,4000
1990-08-16,0.0,9.96875,9.875,9.875,5.056558609008789,8800
1990-08-17,0.0,9.875,9.6875,9.6875,4.960549354553223,1600
1990-08-20,0.0,10.125,10.125,10.125,5.184571743011475,1200
1990-08-21,0.0,10.0625,9.6875,10.0625,5.152568817138672,7200
1990-08-22,0.0,9.9375,9.625,9.625,4.928543567657471,20800
1990-08-23,0.0,9.5,8.3125,8.3125,4.256470680236816,52400
1990-08-24,0.0,8.625,8.625,8.625,4.4566969871521,800
1990-08-27,8.625,8.625,8.625,8.625,4.4566969871521,0
1990-08-28,0.0,8.875,8.5,8.875,4.585879802703857,4800
1990-08-29,0.0,8.875,8.75,8.875,4.585879802703857,11600
1990-08-30,8.875,8.875,8.875,8.875,4.585879802703857,0
1990-08-31,0.0,9.0,9.0,9.0,4.650467395782471,1200
1990-09-04,0.0,9.0,9.0,9.0,4.650467395782471,29200
1990-09-05,0.0,8.71875,8.625,8.625,4.4566969871521,40800
1990-09-06,0.0,8.875,8.625,8.875,4.585879802703857,5600
1990-09-07,0.0,8.625,8.625,8.625,4.4566969871521,400
1990-09-10,0.0,8.625,8.625,8.625,4.4566969871521,800
1990-09-11,8.625,8.625,8.625,8.625,4.4566969871521,0
1990-09-12,8.625,8.625,8.625,8.625,4.4566969871521,0
1990-09-13,0.0,8.625,8.625,8.625,4.4566969871521,2000
1990-09-14,0.0,8.8125,8.625,8.8125,4.553582668304443,40400
1990-09-17,0.0,9.0625,8.75,9.03125,4.666615962982178,61600
1990-09-18,0.0,9.25,9.0,9.0,4.650467395782471,4000
1990-09-19,0.0,9.25,9.25,9.25,4.779646396636963,1600
1990-09-20,0.0,9.25,9.125,9.125,4.715059280395508,45600
1990-09-21,0.0,9.1875,9.0,9.0,4.650467395782471,52400
1990-09-24,0.0,8.8125,8.75,8.78125,4.537437438964844,49600
1990-09-25,0.0,9.125,8.75,8.8125,4.553582668304443,42800
1990-09-26,0.0,8.8125,8.75,8.8125,4.553582668304443,176000
1990-09-27,0.0,8.8125,8.75,8.8125,4.553582668304443,300400
1990-09-28,0.0,9.0,8.9375,9.0,4.650467395782471,2400
1990-10-01,9.0,9.0,9.0,9.0,4.650467395782471,0
1990-10-02,0.0,9.0,8.75,8.8125,4.553582668304443,47600
1990-10-03,0.0,8.8125,8.8125,8.8125,4.553582668304443,400
1990-10-04,0.0,8.75,8.5,8.5,4.392107963562012,10000
1990-10-05,0.0,8.5,8.5,8.5,4.392107963562012,4000
1990-10-08,0.0,8.625,7.875,7.875,4.06915807723999,32400
1990-10-09,0.0,7.9375,7.125,7.125,3.6816213130950928,312000
1990-10-10,0.0,7.5,7.125,7.1875,3.7139148712158203,17200
1990-10-11,0.0,7.3125,6.9375,6.9375,3.584735631942749,18800
1990-10-12,0.0,7.125,6.9375,6.96875,3.6008825302124023,5200
1990-10-15,0.0,7.125,6.9375,7.0,3.617029905319214,20800
1990-10-16,0.0,7.0625,7.03125,7.0625,3.649327039718628,73600
1990-10-17,7.0625,7.0625,7.0625,7.0625,3.649327039718628,0
1990-10-18,0.0,7.03125,6.9375,7.0,3.617029905319214,8400
1990-10-19,0.0,7.125,7.125,7.125,3.6816213130950928,400
1990-10-22,0.0,7.25,6.96875,7.25,3.7462074756622314,42000
1990-10-23,0.0,7.4375,7.25,7.34375,3.7946529388427734,86400
1990-10-24,0.0,7.6875,7.1875,7.4375,3.843095541000366,116400
1990-10-25,0.0,7.5,7.46875,7.5,3.875389337539673,156400
1990-10-26,0.0,7.25,7.25,7.25,3.7462074756622314,800
1990-10-29,7.25,7.25,7.25,7.25,3.7462074756622314,0
1990-10-30,7.25,7.25,7.25,7.25,3.7462074756622314,0
1990-10-31,0.0,7.5625,7.5,7.5625,3.907684564590454,28400
1990-11-01,0.0,7.25,7.25,7.25,3.7462074756622314,3200
1990-11-02,0.0,7.75,7.6875,7.75,4.004569053649902,9600
1990-11-05,0.0,8.1875,8.0,8.0,4.133747100830078,17200
1990-11-06,0.0,8.0625,8.0625,8.0625,4.166044235229492,400
1990-11-07,8.0625,8.0625,8.0625,8.0625,4.166044235229492,0
1990-11-08,0.0,8.5,8.09375,8.5,4.392107963562012,5200
1990-11-09,0.0,8.5,8.5,8.5,4.392107963562012,1200
1990-11-12,0.0,8.5,8.5,8.5,4.392107963562012,1200
1990-11-13,0.0,8.5625,8.5625,8.5625,4.424401760101318,1600
1990-11-14,0.0,8.125,8.125,8.125,4.198336601257324,1600
1990-11-15,0.0,8.125,8.125,8.125,4.198336601257324,800
1990-11-16,0.0,8.5625,8.5,8.5625,4.424401760101318,4000
1990-11-19,0.0,8.125,8.125,8.125,4.198336601257324,5600
1990-11-20,8.125,8.125,8.125,8.125,4.198336601257324,0
1990-11-21,0.0,8.625,8.125,8.625,4.4566969871521,537200
1990-11-23,0.0,8.625,8.125,8.625,4.4566969871521,8400
1990-11-26,0.0,8.125,8.125,8.125,4.198336601257324,2800
1990-11-27,8.125,8.125,8.125,8.125,4.198336601257324,0
1990-11-28,0.0,8.25,8.0,8.0625,4.166044235229492,66000
1990-11-29,0.0,8.3125,8.0,8.3125,4.295224189758301,154400
1990-11-30,0.0,8.3125,8.0,8.0,4.133747100830078,90800
1990-12-03,0.0,8.5,8.0,8.0,4.133747100830078,2800
1990-12-04,8.0,8.0,8.0,8.0,4.133747100830078,0
1990-12-05,8.0,8.0,8.0,8.0,4.133747100830078,0
1990-12-06,0.0,8.5,8.25,8.25,4.2629289627075195,7600
1990-12-07,0.0,8.53125,8.3125,8.375,4.327519416809082,181600
1990-12-10,0.0,8.5,8.25,8.25,4.2629289627075195,4400
1990-12-11,0.0,8.75,8.25,8.625,4.4566969871521,216000
1990-12-12,0.0,8.75,8.75,8.75,4.521289348602295,400
1990-12-13,0.0,8.75,8.5,8.5,4.392107963562012,2400
1990-12-14,0.0,8.75,8.25,8.75,4.521289348602295,52800
1990-12-17,0.0,8.625,8.375,8.625,4.4952263832092285,3600
1990-12-18,0.0,8.75,8.5625,8.625,4.4952263832092285,3200
1990-12-19,0.0,8.75,8.75,8.75,4.560377597808838,400
1990-12-20,0.0,8.75,8.75,8.75,4.560377597808838,2000
1990-12-21,0.0,8.75,8.3125,8.75,4.560377597808838,4800
1990-12-24,8.75,8.75,8.75,8.75,4.560377597808838,0
1990-12-26,0.0,8.5,8.5,8.5,4.430079936981201,1600
1990-12-27,8.5,8.5,8.5,8.5,4.430079936981201,0
1990-12-28,0.0,8.75,8.25,8.75,4.560377597808838,22000
1990-12-31,0.0,8.75,8.5625,8.75,4.560377597808838,5600
1991-01-02,0.0,8.75,8.25,8.75,4.560377597808838,6400
1991-01-03,0.0,8.75,8.75,8.75,4.560377597808838,800
1991-01-04,8.75,8.75,8.75,8.75,4.560377597808838,0
1991-01-07,8.75,8.75,8.75,8.75,4.560377597808838,0
1991-01-08,8.75,8.75,8.75,8.75,4.560377597808838,0
1991-01-09,0.0,8.5625,8.375,8.5625,4.462654113769531,25600
1991-01-10,0.0,8.75,8.3125,8.75,4.560377597808838,1200
1991-01-11,8.75,8.75,8.75,8.75,4.560377597808838,0
1991-01-14,8.75,8.75,8.75,8.75,4.560377597808838,0
1991-01-15,0.0,8.625,8.375,8.53125,4.446368217468262,24800
1991-01-16,8.53125,8.53125,8.53125,8.53125,4.446368217468262,0
1991-01-17,0.0,8.5,8.5,8.5,4.430079936981201,8400
1991-01-18,0.0,8.75,8.375,8.375,4.364931583404541,6800
1991-01-21,0.0,8.5625,8.375,8.5,4.430079936981201,28800
1991-01-22,0.0,8.75,8.4375,8.75,4.560377597808838,8400
1991-01-23,0.0,8.5625,8.375,8.5,4.430079936981201,35200
1991-01-24,0.0,8.75,8.75,8.75,4.560377597808838,800
1991-01-25,0.0,8.75,8.375,8.375,4.364931583404541,33200
1991-01-28,0.0,8.75,8.375,8.75,4.560377597808838,2800
1991-01-29,8.75,8.75,8.75,8.75,4.560377597808838,0
1991-01-30,0.0,8.75,8.75,8.75,4.560377597808838,8800
1991-01-31,0.0,8.75,8.75,8.75,4.560377597808838,14000
1991-02-01,0.0,8.75,8.75,8.75,4.560377597808838,4800
1991-02-04,0.0,8.75,8.5625,8.75,4.560377597808838,9600
1991-02-05,0.0,8.75,8.375,8.75,4.560377597808838,5600
1991-02-06,0.0,8.75,8.375,8.75,4.560377597808838,5600
1991-02-07,0.0,8.75,8.375,8.625,4.4952263832092285,2400
1991-02-08,0.0,8.75,8.75,8.75,4.560377597808838,400
1991-02-11,0.0,9.0,8.375,9.0,4.690672874450684,12800
1991-02-12,0.0,8.875,8.75,8.875,4.625525951385498,18000
1991-02-13,0.0,9.5,8.75,9.25,4.820968151092529,66000
1991-02-14,0.0,9.875,9.5,9.5,4.951267719268799,6800
1991-02-15,9.5,9.5,9.5,9.5,4.951267719268799,0
1991-02-19,0.0,9.75,9.5,9.5,4.951267719268799,17600
1991-02-20,0.0,9.5,9.5,9.5,4.951267719268799,2400
1991-02-21,0.0,9.25,9.25,9.25,4.820968151092529,1600
1991-02-22,0.0,9.5,9.4375,9.5,4.951267719268799,68800
1991-02-25,0.0,9.625,9.625,9.625,5.016415119171143,2000
1991-02-26,0.0,9.625,9.25,9.46875,4.973735809326172,48800
1991-02-27,0.0,9.625,9.625,9.625,5.055811405181885,400
1991-02-28,0.0,9.625,9.25,9.625,5.055811405181885,10000
1991-03-01,0.0,9.625,9.625,9.625,5.055811405181885,3600
1991-03-04,0.0,9.625,9.3125,9.625,5.055811405181885,44000
1991-03-05,0.0,9.4375,9.25,9.4375,4.957319736480713,40800
1991-03-06,0.0,9.625,9.5,9.625,5.055811405181885,20800
1991-03-07,0.0,9.75,9.5,9.5,4.990151882171631,11600
1991-03-08,0.0,9.625,9.5,9.5,4.990151882171631,1600
1991-03-11,0.0,9.5,9.5,9.5,4.990151882171631,2800
1991-03-12,9.5,9.5,9.5,9.5,4.990151882171631,0
1991-03-13,9.5,9.5,9.5,9.5,4.990151882171631,0
1991-03-14,9.5,9.5,9.5,9.5,4.990151882171631,0
1991-03-15,0.0,10.0,10.0,10.0,5.252788543701172,2400
1991-03-18,10.0,10.0,10.0,10.0,5.252788543701172,0
1991-03-19,0.0,9.5,9.5,9.5,4.990151882171631,800
1991-03-20,0.0,9.5,9.5,9.5,4.990151882171631,800
1991-03-21,0.0,10.0,9.625,10.0,5.252788543701172,800
1991-03-22,10.0,10.0,10.0,10.0,5.252788543701172,0
1991-03-25,0.0,9.875,9.8125,9.875,5.187130451202393,184000
1991-03-26,0.0,10.0,9.75,9.75,5.121469974517822,10800
1991-03-27,0.0,10.0,9.625,9.875,5.187130451202393,220400
1991-03-28,9.875,9.875,9.875,9.875,5.187130451202393,0
1991-04-01,0.0,10.0,9.75,10.0,5.252788543701172,7200
1991-04-02,0.0,10.5,10.0,10.5,5.515428066253662,144000
1991-04-03,0.0,10.375,10.125,10.375,5.449771881103516,157200
1991-04-04,0.0,10.625,10.125,10.25,5.384105682373047,77200
1991-04-05,0.0,10.3125,10.125,10.3125,5.4169416427612305,38800
1991-04-08,0.0,10.3125,10.25,10.3125,5.4169416427612305,12800
1991-04-09,10.3125,10.3125,10.3125,10.3125,5.4169416427612305,0
1991-04-10,0.0,10.125,10.125,10.125,5.3184494972229,3600
1991-04-11,0.0,10.125,10.125,10.125,5.3184494972229,1600
1991-04-12,0.0,10.125,10.125,10.125,5.3184494972229,1600
1991-04-15,0.0,10.3125,10.3125,10.3125,5.4169416427612305,4400
1991-04-16,0.0,10.125,10.125,10.125,5.3184494972229,400
1991-04-17,0.0,10.625,10.125,10.625,5.581090450286865,6400
1991-04-18,0.0,10.375,10.375,10.375,5.449771881103516,2800
1991-04-19,0.0,10.0,9.375,9.5,4.990151882171631,19600
1991-04-22,0.0,9.625,9.125,9.25,4.858829498291016,56400
1991-04-23,0.0,9.625,9.3125,9.625,5.055811405181885,84400
1991-04-24,0.0,9.625,9.625,9.625,5.055811405181885,9600
1991-04-25,0.0,9.375,9.125,9.125,4.7931718826293945,125200
1991-04-26,0.0,9.625,9.1875,9.625,5.055811405181885,12800
1991-04-29,9.625,9.625,9.625,9.625,5.055811405181885,0
1991-04-30,0.0,9.3125,9.125,9.125,4.7931718826293945,3600
1991-05-01,0.0,9.625,9.375,9.375,4.924489498138428,24400
1991-05-02,0.0,9.625,9.375,9.375,4.924489498138428,46800
1991-05-03,0.0,9.375,9.125,9.1875,4.8260016441345215,113600
1991-05-06,0.0,9.5,9.25,9.34375,4.908075332641602,82000
1991-05-07,0.0,9.5,9.125,9.5,4.990151882171631,7200
1991-05-08,0.0,9.4375,9.25,9.3125,4.891658782958984,175200
1991-05-09,0.0,9.5,9.25,9.25,4.858829498291016,5600
1991-05-10,0.0,9.375,9.125,9.1875,4.8260016441345215,27600
1991-05-13,0.0,9.625,9.625,9.625,5.055811405181885,1200
1991-05-14,0.0,9.5,9.25,9.25,4.858829498291016,5600
1991-05-15,0.0,9.5,9.25,9.5,4.990151882171631,29600
1991-05-16,0.0,9.125,9.0,9.125,4.7931718826293945,8400
1991-05-17,0.0,9.5,9.25,9.5,4.990151882171631,28800
1991-05-20,0.0,9.5,9.3125,9.375,4.924489498138428,42400
1991-05-21,0.0,9.5,9.125,9.5,4.990151882171631,1600
1991-05-22,0.0,9.125,9.125,9.125,4.7931718826293945,400
1991-05-23,0.0,9.125,9.125,9.125,4.832894802093506,800
1991-05-24,0.0,9.3125,9.25,9.3125,4.932200908660889,72800
1991-05-28,0.0,9.5,9.5,9.5,5.0315070152282715,6000
1991-05-29,0.0,9.5,9.125,9.25,4.899097919464111,14400
1991-05-30,0.0,9.3125,9.25,9.3125,4.932200908660889,49200
1991-05-31,0.0,9.375,9.375,9.375,4.965301036834717,2000
1991-06-03,0.0,9.375,9.0,9.0,4.766688823699951,1600
1991-06-04,0.0,9.09375,9.03125,9.09375,4.816342830657959,291200
1991-06-05,9.09375,9.09375,9.09375,9.09375,4.816342830657959,0
1991-06-06,0.0,9.375,9.0,9.0,4.766688823699951,3600
1991-06-07,0.0,9.125,9.09375,9.125,4.832894802093506,8000
1991-06-10,0.0,9.0,9.0,9.0,4.766688823699951,12000
1991-06-11,0.0,9.375,9.0,9.0,4.766688823699951,22000
1991-06-12,9.0,9.0,9.0,9.0,4.766688823699951,0
1991-06-13,9.0,9.0,9.0,9.0,4.766688823699951,0
1991-06-14,9.0,9.0,9.0,9.0,4.766688823699951,0
1991-06-17,0.0,9.375,9.1875,9.28125,4.915650367736816,133600
1991-06-18,0.0,9.375,9.375,9.375,4.965301036834717,400
1991-06-19,0.0,9.25,9.0,9.25,4.899097919464111,1200
1991-06-20,9.25,9.25,9.25,9.25,4.899097919464111,0
1991-06-21,0.0,9.25,8.875,8.875,4.700486660003662,16400
1991-06-24,0.0,8.875,8.875,8.875,4.700486660003662,9200
1991-06-25,8.875,8.875,8.875,8.875,4.700486660003662,0
1991-06-26,0.0,9.0,8.75,9.0,4.766688823699951,19200
1991-06-27,0.0,9.125,8.75,9.125,4.832894802093506,5200
1991-06-28,9.125,9.125,9.125,9.125,4.832894802093506,0
1991-07-01,0.0,9.125,8.75,9.0625,4.799792766571045,4800
1991-07-02,0.0,8.9375,8.75,8.9375,4.733587741851807,1200
1991-07-03,0.0,9.125,9.125,9.125,4.832894802093506,1600
1991-07-05,0.0,8.9375,8.75,8.75,4.634282112121582,6800
1991-07-08,0.0,9.125,8.75,8.9375,4.733587741851807,10400
1991-07-09,8.9375,8.9375,8.9375,8.9375,4.733587741851807,0
1991-07-10,0.0,9.125,8.75,8.75,4.634282112121582,13600
1991-07-11,0.0,9.125,8.9375,8.9375,4.733587741851807,10400
1991-07-12,0.0,8.9375,8.875,8.9375,4.733587741851807,52000
1991-07-15,0.0,8.96875,8.9375,8.96875,4.750137805938721,21600
1991-07-16,0.0,9.125,9.125,9.125,4.832894802093506,4800
1991-07-17,0.0,9.25,8.875,9.25,4.899097919464111,48400
1991-07-18,0.0,8.875,8.75,8.75,4.634282112121582,73600
1991-07-19,0.0,8.75,8.375,8.75,4.634282112121582,10400
1991-07-22,0.0,8.75,8.375,8.59375,4.5515265464782715,4000
1991-07-23,0.0,8.875,8.625,8.875,4.700486660003662,2800
1991-07-24,0.0,8.75,8.5,8.6875,4.6011786460876465,11600
1991-07-25,0.0,8.375,8.375,8.375,4.435667514801025,3200
1991-07-26,0.0,8.625,8.5625,8.625,4.568075656890869,36000
1991-07-29,0.0,8.875,8.875,8.875,4.700486660003662,1600
1991-07-30,0.0,8.875,8.375,8.875,4.700486660003662,8800
1991-07-31,0.0,8.875,8.5625,8.875,4.700486660003662,14000
1991-08-01,0.0,9.0,8.6875,8.75,4.634282112121582,78000
1991-08-02,0.0,9.25,9.125,9.125,4.832894802093506,2000
1991-08-05,0.0,9.25,9.25,9.25,4.899097919464111,1600
1991-08-06,0.0,9.25,9.25,9.25,4.899097919464111,1200
1991-08-07,9.25,9.25,9.25,9.25,4.899097919464111,0
1991-08-08,0.0,9.0,8.75,8.75,4.634282112121582,3600
1991-08-09,0.0,9.25,9.0,9.0625,4.799792766571045,62400
1991-08-12,0.0,9.25,8.75,8.75,4.634282112121582,4400
1991-08-13,0.0,9.125,8.75,8.75,4.634282112121582,1200
1991-08-14,8.75,8.75,8.75,8.75,4.634282112121582,0
1991-08-15,0.0,9.25,8.75,9.25,4.899097919464111,2400
1991-08-16,0.0,9.25,8.75,9.0,4.766688823699951,2400
1991-08-19,0.0,9.0625,8.4375,9.0625,4.799792766571045,16800
1991-08-20,0.0,9.0625,8.6875,8.90625,4.717034816741943,127600
1991-08-21,0.0,8.96875,8.96875,8.96875,4.750137805938721,8000
1991-08-22,0.0,8.65625,8.625,8.625,4.568075656890869,4800
1991-08-23,8.625,8.625,8.625,8.625,4.568075656890869,0
1991-08-26,8.625,8.625,8.625,8.625,4.608147621154785,0
1991-08-27,8.625,8.625,8.625,8.625,4.608147621154785,0
1991-08-28,0.0,9.125,8.9375,9.125,4.875288486480713,8000
1991-08-29,0.0,8.625,8.625,8.625,4.608147621154785,2400
1991-08-30,8.625,8.625,8.625,8.625,4.608147621154785,0
1991-09-03,8.625,8.625,8.625,8.625,4.608147621154785,0
1991-09-04,8.625,8.625,8.625,8.625,4.608147621154785,0
1991-09-05,0.0,8.9375,8.875,8.9375,4.775111675262451,61600
1991-09-06,8.9375,8.9375,8.9375,8.9375,4.775111675262451,0
1991-09-09,0.0,8.875,8.875,8.875,4.741720199584961,5600
1991-09-10,8.875,8.875,8.875,8.875,4.741720199584961,0
1991-09-11,8.875,8.875,8.875,8.875,4.741720199584961,0
1991-09-12,0.0,9.125,8.9375,8.9375,4.775111675262451,22000
1991-09-13,8.9375,8.9375,8.9375,8.9375,4.775111675262451,0
1991-09-16,0.0,9.03125,8.625,8.625,4.608147621154785,18000
1991-09-17,0.0,9.125,8.625,9.125,4.875288486480713,38800
1991-09-18,0.0,9.0,8.9375,9.0,4.808501720428467,109600
1991-09-19,9.0,9.0,9.0,9.0,4.808501720428467,0
1991-09-20,9.0,9.0,9.0,9.0,4.808501720428467,0
1991-09-23,0.0,8.875,8.625,8.875,4.741720199584961,17600
1991-09-24,0.0,8.625,8.625,8.625,4.608147621154785,6000
1991-09-25,0.0,8.625,8.625,8.625,4.608147621154785,800
1991-09-26,8.625,8.625,8.625,8.625,4.608147621154785,0
1991-09-27,8.625,8.625,8.625,8.625,4.608147621154785,0
1991-09-30,0.0,9.125,8.875,9.125,4.875288486480713,6400
1991-10-01,0.0,9.125,8.625,8.9375,4.775111675262451,35600
1991-10-02,8.9375,8.9375,8.9375,8.9375,4.775111675262451,0
1991-10-03,0.0,8.875,8.875,8.875,4.741720199584961,1600
1991-10-04,8.875,8.875,8.875,8.875,4.741720199584961,0
1991-10-07,0.0,9.0,8.625,9.0,4.808501720428467,3200
1991-10-08,0.0,9.0,8.8125,8.9375,4.775111675262451,28800
1991-10-09,8.9375,8.9375,8.9375,8.9375,4.775111675262451,0
1991-10-10,0.0,8.8125,8.8125,8.8125,4.708326816558838,2000
1991-10-11,8.8125,8.8125,8.8125,8.8125,4.708326816558838,0
1991-10-14,8.8125,8.8125,8.8125,8.8125,4.708326816558838,0
1991-10-15,8.8125,8.8125,8.8125,8.8125,4.708326816558838,0
1991-10-16,8.8125,8.8125,8.8125,8.8125,4.708326816558838,0
1991-10-17,0.0,9.0,8.625,8.8125,4.708326816558838,15200
1991-10-18,0.0,8.9375,8.9375,8.9375,4.775111675262451,8000
1991-10-21,8.9375,8.9375,8.9375,8.9375,4.775111675262451,0
1991-10-22,0.0,8.75,8.625,8.75,4.67493200302124,11200
1991-10-23,0.0,8.75,8.625,8.75,4.67493200302124,12400
1991-10-24,8.75,8.75,8.75,8.75,4.67493200302124,0
1991-10-25,0.0,9.0,8.375,8.375,4.474579334259033,16800
1991-10-28,0.0,8.375,8.125,8.375,4.474579334259033,61600
1991-10-29,0.0,8.6875,8.375,8.625,4.608147621154785,208800
1991-10-30,0.0,8.75,8.5,8.75,4.67493200302124,23200
1991-10-31,0.0,8.46875,8.46875,8.46875,4.5246663093566895,2400
1991-11-01,0.0,8.875,8.875,8.875,4.741720199584961,1600
1991-11-04,0.0,8.625,8.625,8.625,4.608147621154785,400
1991-11-05,0.0,8.8125,8.6875,8.6875,4.64154052734375,9600
1991-11-06,8.6875,8.6875,8.6875,8.6875,4.64154052734375,0
1991-11-07,0.0,8.875,8.4375,8.625,4.608147621154785,2800
1991-11-08,0.0,8.75,8.65625,8.75,4.67493200302124,5200
1991-11-11,8.8125,8.8125,8.5,8.5,4.541362762451172,2000
1991-11-12,8.5,8.5,8.5,8.5,4.541362762451172,400
1991-11-13,8.5,8.5,8.5,8.5,4.541362762451172,0
1991-11-14,8.5,8.5,8.5,8.5,4.541362762451172,0
1991-11-15,8.84375,9.1875,8.84375,9.1875,4.908681392669678,25200
1991-11-18,8.875,8.875,8.5,8.65625,4.6248459815979,104400
1991-11-19,8.65625,8.65625,8.65625,8.65625,4.6248459815979,0
1991-11-20,8.5,9.0,8.5,9.0,4.808501720428467,18800
1991-11-21,9.0,9.0,9.0,9.0,4.808501720428467,0
1991-11-22,8.6875,8.75,8.6875,8.75,4.67493200302124,72400
1991-11-25,8.875,9.125,8.75,8.75,4.67493200302124,12400
1991-11-26,8.625,8.75,8.625,8.625,4.608147621154785,8000
1991-11-27,8.625,9.125,8.625,8.75,4.67493200302124,5600
1991-11-29,8.75,8.75,8.75,8.75,4.67493200302124,0
1991-12-02,8.75,8.75,8.75,8.75,4.67493200302124,0
1991-12-03,8.6875,8.6875,8.6875,8.6875,4.64154052734375,14000
1991-12-04,8.8125,8.9375,8.8125,8.9375,4.775111675262451,2400
1991-12-05,8.5,8.5,8.5,8.5,4.541362762451172,2000
1991-12-06,8.8125,8.8125,8.5,8.75,4.67493200302124,6800
1991-12-09,8.5,8.5,8.5,8.5,4.541362762451172,1600
1991-12-10,8.5625,8.625,8.5625,8.625,4.608147621154785,6000
1991-12-11,8.75,8.75,8.75,8.75,4.67493200302124,400
1991-12-12,8.625,8.6875,8.5,8.65625,4.6248459815979,200400
1991-12-13,8.625,8.875,8.625,8.875,4.741720199584961,15200
1991-12-16,8.875,8.875,8.5,8.5,4.541362762451172,30800
1991-12-17,8.5,8.5,8.5,8.5,4.581789493560791,400
1991-12-18,8.5,8.75,8.5,8.6875,4.682858943939209,56800
1991-12-19,8.75,8.75,8.6875,8.75,4.716550350189209,24800
1991-12-20,8.9375,9.0,8.9375,9.0,4.85130500793457,15200
1991-12-23,8.5625,8.96875,8.5625,8.96875,4.834463596343994,218000
1991-12-24,9.0,9.0,9.0,9.0,4.85130500793457,800
1991-12-26,9.0,9.0,9.0,9.0,4.85130500793457,5200
1991-12-27,9.0,9.0,9.0,9.0,4.85130500793457,0
1991-12-30,9.0,9.0,8.625,9.0,4.85130500793457,5600
1991-12-31,9.0,9.0,8.6875,9.0,4.85130500793457,8400
1992-01-02,8.625,9.25,8.625,9.25,4.986066818237305,30400
1992-01-03,8.875,8.875,8.875,8.875,4.783928871154785,1200
1992-01-06,9.25,9.6875,9.25,9.6875,5.221894264221191,27200
1992-01-07,9.6875,9.6875,9.25,9.6875,5.221894264221191,5600
1992-01-08,9.6875,9.6875,9.6875,9.6875,5.221894264221191,800
1992-01-09,9.5,9.5,9.5,9.5,5.120825290679932,14000
1992-01-10,9.875,10.375,9.8125,10.34375,5.575634956359863,94800
1992-01-13,10.25,10.4375,10.25,10.4375,5.626169204711914,82400
1992-01-14,10.375,10.375,10.125,10.125,5.457719802856445,10800
1992-01-15,10.125,10.625,10.125,10.625,5.727238178253174,21600
1992-01-16,10.125,10.4375,10.125,10.4375,5.626169204711914,56800
1992-01-17,10.125,10.5,10.125,10.125,5.457719802856445,257200
1992-01-20,10.125,10.125,10.125,10.125,5.457719802856445,7600
1992-01-21,10.125,10.125,10.125,10.125,5.457719802856445,10400
1992-01-22,10.125,10.125,10.125,10.125,5.457719802856445,4400
1992-01-23,10.125,10.125,10.125,10.125,5.457719802856445,0
1992-01-24,10.125,10.25,10.125,10.125,5.457719802856445,7600
1992-01-27,10.125,10.25,10.125,10.21875,5.508256912231445,14000
1992-01-28,10.25,10.25,10.1875,10.1875,5.491413116455078,6800
1992-01-29,10.25,10.25,10.125,10.125,5.457719802856445,36800
1992-01-30,10.125,10.1875,10.125,10.1875,5.491413116455078,46000
1992-01-31,10.125,10.125,9.6875,9.6875,5.221894264221191,25600
1992-02-03,9.9375,10.3125,9.9375,10.125,5.457719802856445,52800
1992-02-04,9.875,10.25,9.875,10.25,5.525099754333496,43200
1992-02-05,9.875,10.0,9.875,10.0,5.3903422355651855,2000
1992-02-06,10.0,10.0,10.0,10.0,5.3903422355651855,0
1992-02-07,10.375,10.375,10.25,10.25,5.525099754333496,6400
1992-02-10,10.125,10.125,10.125,10.125,5.457719802856445,800
1992-02-11,10.125,10.125,10.125,10.125,5.457719802856445,0
1992-02-12,10.375,10.375,10.375,10.375,5.592483043670654,1600
1992-02-13,9.875,10.375,9.875,9.875,5.322964191436768,9200
1992-02-14,9.875,10.375,9.875,10.375,5.592483043670654,4400
1992-02-18,9.875,10.375,9.875,9.875,5.322964191436768,8000
1992-02-19,9.875,10.375,9.875,10.375,5.592483043670654,1600
1992-02-20,9.875,9.875,9.875,9.875,5.322964191436768,4000
1992-02-21,10.375,10.375,10.25,10.25,5.525099754333496,1600
1992-02-24,10.375,10.375,10.375,10.375,5.592483043670654,1600
1992-02-25,9.875,10.0,9.875,10.0,5.3903422355651855,12000
1992-02-26,10.25,10.25,10.0625,10.0625,5.424030303955078,22400
1992-02-27,10.125,10.125,9.875,10.0625,5.424030303955078,12400
1992-02-28,10.375,10.375,9.875,10.125,5.457719802856445,4800
1992-03-02,9.9375,10.375,9.9375,10.375,5.592483043670654,9200
1992-03-03,10.0,10.5,10.0,10.5,5.701071262359619,13200
1992-03-04,10.5,10.5,10.5,10.5,5.701071262359619,0
1992-03-05,10.0625,10.0625,10.0625,10.0625,5.463528633117676,1600
1992-03-06,10.5625,10.5625,10.5625,10.5625,5.73500919342041,8000
1992-03-09,10.1875,10.3125,10.1875,10.3125,5.599266529083252,3600
1992-03-10,10.3125,10.3125,10.3125,10.3125,5.599266529083252,0
1992-03-11,10.1875,10.1875,10.1875,10.1875,5.531398773193359,400
1992-03-12,10.6875,10.6875,10.5,10.6875,5.802877902984619,8800
1992-03-13,11.0,11.0,10.625,10.625,5.768938064575195,3600
1992-03-16,10.5,10.75,10.5,10.6875,5.802877902984619,71600
1992-03-17,10.5,10.5,10.5,10.5,5.701071262359619,6000
1992-03-18,10.5625,10.5625,10.5625,10.5625,5.73500919342041,2400
1992-03-19,10.5625,10.5625,10.5625,10.5625,5.73500919342041,0
1992-03-20,10.125,10.125,10.125,10.125,5.497462272644043,800
1992-03-23,10.3125,10.625,10.3125,10.375,5.633203029632568,8000
1992-03-24,10.1875,10.1875,10.1875,10.1875,5.531398773193359,1200
1992-03-25,10.375,10.375,10.375,10.375,5.633203029632568,1200
1992-03-26,10.125,10.125,10.125,10.125,5.497462272644043,400
1992-03-27,10.375,10.375,10.125,10.375,5.633203029632568,11600
1992-03-30,10.625,10.625,10.25,10.25,5.565330982208252,39200
1992-03-31,10.25,10.25,10.25,10.25,5.565330982208252,2000
1992-04-01,10.25,10.25,10.25,10.25,5.565330982208252,0
1992-04-02,10.25,10.25,10.25,10.25,5.565330982208252,0
1992-04-03,10.5,10.75,10.25,10.25,5.565330982208252,167600
1992-04-06,10.25,10.25,10.25,10.25,5.565330982208252,800
1992-04-07,10.25,10.25,10.25,10.25,5.565330982208252,0
1992-04-08,10.4375,10.5625,10.25,10.5625,5.73500919342041,44400
1992-04-09,10.5625,10.625,10.25,10.625,5.768938064575195,1600
1992-04-10,10.25,10.625,10.25,10.5,5.701071262359619,10800
1992-04-13,10.375,10.375,10.375,10.375,5.633203029632568,2400
1992-04-14,10.25,10.25,10.25,10.25,5.565330982208252,4000
1992-04-15,10.1875,10.25,10.125,10.25,5.565330982208252,112800
1992-04-16,10.25,10.25,10.25,10.25,5.565330982208252,0
1992-04-20,10.0,10.0,10.0,10.0,5.429594039916992,400
1992-04-21,10.25,10.25,10.1875,10.1875,5.531398773193359,56800
1992-04-22,10.0,10.25,10.0,10.25,5.565330982208252,26400
1992-04-23,10.375,10.4375,10.125,10.125,5.497462272644043,32400
1992-04-24,10.25,10.5,10.25,10.5,5.701071262359619,14800
1992-04-27,10.125,10.125,10.125,10.125,5.497462272644043,1600
1992-04-28,10.125,10.125,10.125,10.125,5.497462272644043,0
1992-04-29,10.25,10.25,10.25,10.25,5.565330982208252,3200
1992-04-30,10.0,10.0,10.0,10.0,5.429594039916992,2800
1992-05-01,10.25,10.5,10.25,10.5,5.701071262359619,2800
1992-05-04,10.125,10.5,10.125,10.5,5.701071262359619,1200
1992-05-05,10.5,10.5,10.5,10.5,5.701071262359619,0
1992-05-06,10.125,10.5,10.125,10.5,5.701071262359619,3600
1992-05-07,10.5,10.5,10.5,10.5,5.701071262359619,400
1992-05-08,10.125,10.5,10.125,10.5,5.701071262359619,15200
1992-05-11,10.4375,10.75,10.4375,10.75,5.836811065673828,12800
1992-05-12,10.25,10.25,10.25,10.25,5.565330982208252,400
1992-05-13,10.25,10.25,10.25,10.25,5.565330982208252,0
1992-05-14,10.375,10.6875,10.375,10.6875,5.802877902984619,32000
1992-05-15,10.6875,10.6875,10.6875,10.6875,5.802877902984619,0
1992-05-18,10.6875,10.6875,10.6875,10.6875,5.802877902984619,0
1992-05-19,10.6875,10.6875,10.6875,10.6875,5.802877902984619,0
1992-05-20,11.0,11.0,10.8125,11.0,5.972552299499512,9600
1992-05-21,10.875,10.875,10.875,10.875,5.904682636260986,800
1992-05-22,10.875,11.375,10.875,11.25,6.1082916259765625,12000
1992-05-26,11.25,11.25,11.25,11.25,6.149286270141602,400
1992-05-27,11.25,11.5,11.25,11.5,6.2859344482421875,21200
1992-05-28,11.75,11.875,11.6875,11.75,6.4225897789001465,64400
1992-05-29,11.6875,11.6875,11.6875,11.6875,6.388426780700684,6800
1992-06-01,11.75,12.1875,11.3125,11.625,6.3542656898498535,48000
1992-06-02,11.3125,11.3125,11.3125,11.3125,6.183446407318115,12800
1992-06-03,11.3125,11.3125,11.25,11.25,6.149286270141602,8400
1992-06-04,11.25,11.25,11.25,11.25,6.149286270141602,0
1992-06-05,11.1875,11.5,11.1875,11.5,6.2859344482421875,19200
1992-06-08,11.1875,11.25,11.1875,11.1875,6.115122318267822,15200
1992-06-09,11.125,11.125,11.125,11.125,6.080963134765625,4000
1992-06-10,11.125,11.1875,11.125,11.125,6.080963134765625,18400
1992-06-11,11.125,11.125,11.125,11.125,6.080963134765625,400
1992-06-12,11.125,11.125,11.125,11.125,6.080963134765625,0
1992-06-15,11.125,11.375,11.125,11.375,6.2176103591918945,73600
1992-06-16,11.5,11.5,11.5,11.5,6.2859344482421875,400
1992-06-17,11.125,11.1875,11.125,11.1875,6.115122318267822,37200
1992-06-18,11.0,11.25,10.75,10.75,5.875985145568848,13600
1992-06-19,10.625,11.0,10.625,11.0,6.012635231018066,13200
1992-06-22,10.75,10.8125,10.625,10.625,5.8076581954956055,52000
1992-06-23,10.625,10.625,10.625,10.625,5.8076581954956055,400
1992-06-24,10.625,10.75,10.625,10.75,5.875985145568848,11200
1992-06-25,10.8125,10.8125,10.625,10.8125,5.910149097442627,3200
1992-06-26,11.0,11.0,10.46875,10.5,5.7393341064453125,72800
1992-06-29,10.625,10.625,10.625,10.625,5.8076581954956055,3200
1992-06-30,10.8125,11.125,10.625,10.875,5.944309711456299,19200
1992-07-01,11.125,11.125,10.8125,10.8125,5.910149097442627,10400
1992-07-02,10.8125,10.8125,10.75,10.8125,5.910149097442627,51600
1992-07-06,10.8125,10.8125,10.8125,10.8125,5.910149097442627,0
1992-07-07,11.0,11.0,10.8125,10.9375,5.978471279144287,8800
1992-07-08,10.625,11.0,10.625,11.0,6.012635231018066,36800
1992-07-09,11.0,11.0,11.0,11.0,6.012635231018066,0
1992-07-10,11.0,11.0,11.0,11.0,6.012635231018066,0
1992-07-13,11.0,11.0,11.0,11.0,6.012635231018066,0
1992-07-14,11.0,11.0,11.0,11.0,6.012635231018066,0
1992-07-15,11.0,11.0,11.0,11.0,6.012635231018066,0
1992-07-16,11.125,11.5,11.125,11.5,6.2859344482421875,2800
1992-07-17,11.25,11.25,11.25,11.25,6.149286270141602,400
1992-07-20,11.25,11.4375,11.25,11.25,6.149286270141602,32800
1992-07-21,11.25,11.25,11.25,11.25,6.149286270141602,0
1992-07-22,11.25,11.25,11.25,11.25,6.149286270141602,0
1992-07-23,11.125,11.125,11.0,11.0,6.012635231018066,8400
1992-07-24,11.0,11.0,11.0,11.0,6.012635231018066,0
1992-07-27,11.0,11.0,11.0,11.0,6.012635231018066,0
1992-07-28,11.0,11.0,11.0,11.0,6.012635231018066,0
1992-07-29,11.25,11.25,11.125,11.125,6.080963134765625,4800
1992-07-30,11.0,11.0,11.0,11.0,6.012635231018066,2400
1992-07-31,11.0,11.0,11.0,11.0,6.012635231018066,0
1992-08-03,11.25,11.25,10.75,10.75,5.875985145568848,23200
1992-08-04,11.25,11.25,10.75,11.25,6.149286270141602,5600
1992-08-05,11.125,11.1875,11.0625,11.1875,6.115122318267822,23200
1992-08-06,11.3125,11.3125,11.3125,11.3125,6.183446407318115,400
1992-08-07,11.375,11.375,11.375,11.375,6.2176103591918945,2000
1992-08-10,11.125,11.125,10.875,10.875,5.944309711456299,3200
1992-08-11,10.875,11.375,10.875,11.375,6.2176103591918945,1200
1992-08-12,10.875,11.0625,10.875,11.0625,6.0467963218688965,17600
1992-08-13,11.375,11.375,11.25,11.25,6.149286270141602,16000
1992-08-14,11.375,11.375,11.0,11.3125,6.183446407318115,4400
1992-08-17,11.375,11.375,11.375,11.375,6.2176103591918945,400
1992-08-18,11.375,11.375,11.375,11.375,6.2176103591918945,0
1992-08-19,11.375,11.375,11.375,11.375,6.2176103591918945,0
1992-08-20,11.375,11.375,11.375,11.375,6.2176103591918945,0
1992-08-21,11.375,11.375,11.375,11.375,6.2176103591918945,0
1992-08-24,11.125,11.125,11.125,11.125,6.080963134765625,13200
1992-08-25,10.875,10.875,10.875,10.875,5.944309711456299,1200
1992-08-26,10.875,10.875,10.875,10.875,5.98559045791626,400
1992-08-27,11.125,11.125,11.125,11.125,6.123192310333252,1200
1992-08-28,11.125,11.125,11.125,11.125,6.123192310333252,0
1992-08-31,11.375,11.375,11.375,11.375,6.2607879638671875,4800
1992-09-01,11.3125,11.375,11.3125,11.375,6.2607879638671875,4400
1992-09-02,11.375,11.375,11.375,11.375,6.2607879638671875,0
1992-09-03,11.375,11.375,11.375,11.375,6.2607879638671875,1200
1992-09-04,11.375,11.375,11.375,11.375,6.2607879638671875,0
1992-09-08,11.375,11.375,11.375,11.375,6.2607879638671875,0
1992-09-09,11.0625,11.375,11.0625,11.28125,6.209189414978027,79200
1992-09-10,11.25,11.5,11.25,11.5,6.329586505889893,6800
1992-09-11,11.5,11.5,11.5,11.5,6.329586505889893,0
1992-09-14,11.5,11.71875,11.5,11.71875,6.449985504150391,10400
1992-09-15,11.25,11.25,11.25,11.25,6.191988945007324,2000
1992-09-16,11.25,11.25,11.25,11.25,6.191988945007324,1200
1992-09-17,11.25,11.25,11.25,11.25,6.191988945007324,800
1992-09-18,11.5,11.5,11.25,11.5,6.329586505889893,6000
1992-09-21,11.5,11.5,11.5,11.5,6.329586505889893,0
1992-09-22,11.3125,11.5,11.3125,11.5,6.329586505889893,11200
1992-09-23,11.4375,11.5,11.375,11.375,6.2607879638671875,180000
1992-09-24,11.375,11.375,11.375,11.375,6.2607879638671875,0
1992-09-25,11.375,11.875,11.375,11.875,6.535989761352539,2400
1992-09-28,11.375,11.375,11.375,11.375,6.2607879638671875,1200
1992-09-29,11.875,11.875,11.375,11.71875,6.449985504150391,7200
1992-09-30,11.5625,11.875,11.5625,11.875,6.535989761352539,8800
1992-10-01,11.875,11.875,11.875,11.875,6.535989761352539,0
1992-10-02,11.375,11.375,11.375,11.375,6.2607879638671875,4800
1992-10-05,11.5,11.5,11.4375,11.4375,6.2951884269714355,16800
1992-10-06,11.375,11.5,11.375,11.5,6.329586505889893,6400
1992-10-07,11.4375,11.625,11.4375,11.4375,6.2951884269714355,8800
1992-10-08,11.4375,11.46875,11.4375,11.4375,6.2951884269714355,10400
1992-10-09,11.625,11.625,11.25,11.4375,6.2951884269714355,31200
1992-10-12,11.4375,11.4375,11.4375,11.4375,6.2951884269714355,0
1992-10-13,11.4375,11.4375,11.4375,11.4375,6.2951884269714355,0
1992-10-14,11.125,11.125,11.125,11.125,6.123192310333252,800
1992-10-15,11.125,11.375,11.125,11.375,6.2607879638671875,3600
1992-10-16,11.25,11.25,11.25,11.25,6.191988945007324,3200
1992-10-19,11.25,11.25,11.25,11.25,6.191988945007324,0
1992-10-20,10.875,10.875,10.875,10.875,5.98559045791626,2800
1992-10-21,11.1875,11.1875,11.1875,11.1875,6.157588481903076,800
1992-10-22,11.03125,11.03125,11.03125,11.03125,6.071588039398193,5200
1992-10-23,11.03125,11.03125,11.03125,11.03125,6.071588039398193,0
1992-10-26,11.03125,11.03125,11.03125,11.03125,6.071588039398193,0
1992-10-27,11.03125,11.03125,11.03125,11.03125,6.071588039398193,0
1992-10-28,11.03125,11.03125,11.03125,11.03125,6.071588039398193,0
1992-10-29,10.9375,11.25,10.9375,11.125,6.123192310333252,9600
1992-10-30,11.0,11.0,11.0,11.0,6.0543904304504395,1200
1992-11-02,11.1875,11.375,11.125,11.25,6.191988945007324,11600
1992-11-03,11.25,11.25,11.25,11.25,6.191988945007324,0
1992-11-04,11.125,11.25,11.125,11.25,6.191988945007324,6000
1992-11-05,11.125,11.375,11.125,11.375,6.2607879638671875,18400
1992-11-06,11.125,11.125,11.125,11.125,6.123192310333252,800
1992-11-09,11.125,11.125,11.125,11.125,6.123192310333252,0
1992-11-10,11.375,11.375,11.375,11.375,6.2607879638671875,400
1992-11-11,11.375,11.375,11.375,11.375,6.2607879638671875,0
1992-11-12,11.375,11.375,11.375,11.375,6.2607879638671875,0
1992-11-13,11.25,11.375,11.25,11.3125,6.226389408111572,6400
1992-11-16,11.3125,11.3125,11.3125,11.3125,6.226389408111572,0
1992-11-17,11.125,11.3125,11.125,11.3125,6.226389408111572,9600
1992-11-18,11.1875,11.1875,11.1875,11.1875,6.157588481903076,1600
1992-11-19,11.1875,11.1875,11.1875,11.1875,6.157588481903076,0
1992-11-20,11.1875,11.3125,11.1875,11.3125,6.226389408111572,73200
1992-11-23,11.3125,11.3125,11.3125,11.3125,6.226389408111572,0
1992-11-24,11.3125,11.3125,11.3125,11.3125,6.226389408111572,0
1992-11-25,11.3125,11.3125,11.3125,11.3125,6.226389408111572,0
1992-11-27,11.3125,11.3125,11.3125,11.3125,6.226389408111572,29600
1992-11-30,11.3125,11.3125,11.3125,11.3125,6.226389408111572,0
1992-12-01,11.3125,11.3125,11.3125,11.3125,6.226389408111572,0
1992-12-02,11.5,11.5,11.5,11.5,6.329586505889893,1600
1992-12-03,11.5,11.5,11.5,11.5,6.329586505889893,2000
1992-12-04,11.5,11.625,11.375,11.5,6.329586505889893,27600
1992-12-07,11.625,11.625,11.625,11.625,6.398390293121338,800
1992-12-08,11.4375,11.4375,11.4375,11.4375,6.2951884269714355,3600
1992-12-09,11.4375,11.4375,11.4375,11.4375,6.2951884269714355,0
1992-12-10,11.4375,11.4375,11.4375,11.4375,6.2951884269714355,0
1992-12-11,11.4375,11.4375,11.4375,11.4375,6.2951884269714355,0
1992-12-14,11.25,11.375,11.25,11.25,6.191988945007324,176800
1992-12-15,11.125,11.375,11.125,11.375,6.305630207061768,7600
1992-12-16,10.875,10.875,10.875,10.875,6.0284576416015625,2000
1992-12-17,11.0,11.25,11.0,11.0625,6.132395267486572,27200
1992-12-18,11.0625,11.0625,11.0625,11.0625,6.132395267486572,2000
1992-12-21,10.75,10.75,10.75,10.75,5.959165573120117,2000
1992-12-22,10.75,10.75,10.375,10.5,5.820582389831543,56400
1992-12-23,10.875,10.875,10.5,10.5,5.820582389831543,11200
1992-12-24,10.5,10.5,10.5,10.5,5.820582389831543,0
1992-12-28,10.375,10.5,10.375,10.5,5.820582389831543,78000
1992-12-29,10.25,10.625,10.25,10.625,5.889872074127197,64400
1992-12-30,10.75,10.875,10.6875,10.71875,5.941843032836914,32000
1992-12-31,10.71875,10.71875,10.71875,10.71875,5.941843032836914,5200
1993-01-04,10.5,10.5,10.5,10.5,5.820582389831543,14000
1993-01-05,10.5,10.5,10.5,10.5,5.820582389831543,0
1993-01-06,10.0625,10.125,10.0625,10.125,5.612705230712891,800
1993-01-07,10.28125,10.3125,10.125,10.3125,5.716644287109375,34400
1993-01-08,10.125,10.28125,10.125,10.1875,5.647349834442139,36400
1993-01-11,10.1875,10.1875,10.1875,10.1875,5.647349834442139,0
1993-01-12,10.125,10.125,10.125,10.125,5.612705230712891,79200
1993-01-13,10.25,10.5,10.125,10.5,5.820582389831543,170400
1993-01-14,10.25,10.5,10.1875,10.1875,5.647349834442139,112800
1993-01-15,10.1875,10.1875,10.1875,10.1875,5.647349834442139,0
1993-01-18,10.5,10.5,10.5,10.5,5.820582389831543,400
1993-01-19,10.625,10.625,10.625,10.625,5.889872074127197,1200
1993-01-20,10.1875,10.40625,10.1875,10.34375,5.733968257904053,65600
1993-01-21,10.625,10.625,10.1875,10.3125,5.716644287109375,20800
1993-01-22,10.5625,10.5625,10.125,10.25,5.6819963455200195,9600
1993-01-25,10.25,10.25,10.1875,10.1875,5.647349834442139,12000
1993-01-26,10.25,10.5,10.21875,10.34375,5.733968257904053,278000
1993-01-27,10.375,10.375,10.25,10.25,5.6819963455200195,484000
1993-01-28,10.5,10.5,10.25,10.25,5.6819963455200195,1600
1993-01-29,10.375,10.5,10.25,10.5,5.820582389831543,16800
1993-02-01,10.25,10.25,10.25,10.25,5.6819963455200195,400
1993-02-02,10.34375,10.34375,10.125,10.125,5.612705230712891,11600
1993-02-03,10.125,10.5,10.125,10.3125,5.716644287109375,614000
1993-02-04,10.1875,10.53125,10.1875,10.53125,5.837906360626221,242000
1993-02-05,10.625,10.625,10.625,10.625,5.889872074127197,400
1993-02-08,10.625,10.625,10.625,10.625,5.889872074127197,20000
1993-02-09,10.5,10.59375,10.5,10.59375,5.872551441192627,109200
1993-02-10,11.0,11.0,11.0,11.0,6.097752571105957,6000
1993-02-11,11.0625,11.25,11.0625,11.125,6.167046070098877,18800
1993-02-12,11.125,11.125,11.125,11.125,6.167046070098877,0
1993-02-16,11.5,11.5,11.25,11.25,6.236334800720215,3200
1993-02-17,11.25,11.25,11.25,11.25,6.236334800720215,6800
1993-02-18,11.0,11.5,11.0,11.5,6.374921798706055,800
1993-02-19,11.5,11.5,11.0,11.125,6.167046070098877,19600
1993-02-22,11.125,11.125,11.125,11.125,6.167046070098877,0
1993-02-23,11.0,11.0,11.0,11.0,6.097752571105957,400
1993-02-24,11.25,11.5,11.0,11.25,6.236334800720215,14000
1993-02-25,11.25,11.25,11.25,11.25,6.236334800720215,0
1993-02-26,11.25,11.25,11.25,11.25,6.236334800720215,3600
1993-03-01,11.25,11.5,11.25,11.5,6.374921798706055,44400
1993-03-02,11.5,12.0,11.5,12.0,6.698696136474609,16000
1993-03-03,11.5,12.0,11.5,12.0,6.698696136474609,1600
1993-03-04,11.875,11.875,11.5,11.5,6.419580459594727,14400
1993-03-05,11.5,11.625,11.5,11.5,6.419580459594727,2000
1993-03-08,11.5,11.5,11.5,11.5,6.419580459594727,2800
1993-03-09,11.5,11.5,11.5,11.5,6.419580459594727,0
1993-03-10,11.8125,11.8125,11.8125,11.8125,6.594025611877441,2000
1993-03-11,11.75,11.75,11.75,11.75,6.55913782119751,400
1993-03-12,11.75,11.75,11.5,11.5,6.419580459594727,5200
1993-03-15,11.5,11.5,11.5,11.5,6.419580459594727,400
1993-03-16,11.5,11.5,11.5,11.5,6.419580459594727,0
1993-03-17,11.5,11.5,11.5,11.5,6.419580459594727,0
1993-03-18,11.5,11.5,11.5,11.5,6.419580459594727,0
1993-03-19,11.5,11.5,11.5,11.5,6.419580459594727,0
1993-03-22,11.5,11.5,11.5,11.5,6.419580459594727,2400
1993-03-23,11.75,12.0,11.5,11.5,6.419580459594727,4000
1993-03-24,11.625,11.625,11.625,11.625,6.489361763000488,4000
1993-03-25,12.0625,12.0625,11.875,12.0625,6.733584403991699,6800
1993-03-26,12.125,12.125,11.6875,11.75,6.55913782119751,53600
1993-03-29,10.75,11.25,10.75,10.75,6.000910758972168,5200
1993-03-30,11.0,11.0,10.6875,10.6875,5.96602725982666,3200
1993-03-31,10.5,10.5,10.5,10.5,5.861357688903809,3200
1993-04-01,10.875,10.875,10.875,10.875,6.0706892013549805,1200
1993-04-02,11.0,11.0,11.0,11.0,6.140469074249268,400
1993-04-05,11.0,11.0,11.0,11.0,6.140469074249268,0
1993-04-06,10.75,10.75,10.75,10.75,6.000910758972168,1200
1993-04-07,10.75,10.75,10.75,10.75,6.000910758972168,0
1993-04-08,11.0,11.0,10.375,10.5625,5.8962483406066895,61600
1993-04-12,10.375,10.5625,10.375,10.5625,5.8962483406066895,12800
1993-04-13,11.0,11.0,11.0,11.0,6.140469074249268,800
1993-04-14,10.375,10.375,10.375,10.375,5.791576385498047,400
1993-04-15,10.5,10.5,10.3125,10.3125,5.756690502166748,18800
1993-04-16,10.375,10.375,10.125,10.125,5.6520233154296875,8400
1993-04-19,10.125,10.125,10.125,10.125,5.6520233154296875,0
1993-04-20,10.3125,10.3125,10.25,10.25,5.721799850463867,3200
1993-04-21,10.125,10.15625,10.0625,10.09375,5.634579181671143,859600
1993-04-22,10.09375,10.09375,10.09375,10.09375,5.634579181671143,0
1993-04-23,9.875,10.25,9.875,10.15625,5.669469356536865,443200
1993-04-26,10.15625,10.15625,10.15625,10.15625,5.669469356536865,0
1993-04-27,10.15625,10.15625,10.15625,10.15625,5.669469356536865,400
1993-04-28,10.0625,10.09375,10.0625,10.09375,5.634579181671143,11200
1993-04-29,10.0,10.0,10.0,10.0,5.582246780395508,1600
1993-04-30,10.0,10.0,10.0,10.0,5.582246780395508,3200
1993-05-03,10.0,10.25,10.0,10.25,5.721799850463867,3600
1993-05-04,10.1875,10.1875,10.0,10.0,5.582246780395508,4400
1993-05-05,10.0,10.0,10.0,10.0,5.582246780395508,0
1993-05-06,10.5,10.5,10.5,10.5,5.861357688903809,800
1993-05-07,10.5,10.5,10.5,10.5,5.861357688903809,3200
1993-05-10,10.5,10.5,10.5,10.5,5.861357688903809,0
1993-05-11,10.0,10.25,10.0,10.25,5.721799850463867,31600
1993-05-12,10.5,10.5,10.25,10.25,5.721799850463867,48000
1993-05-13,10.0,10.5,10.0,10.125,5.6520233154296875,11600
1993-05-14,10.125,10.125,10.125,10.125,5.6520233154296875,0
1993-05-17,10.0,10.0,10.0,10.0,5.582246780395508,400
1993-05-18,10.0,10.0,10.0,10.0,5.582246780395508,800
1993-05-19,10.0,10.0,10.0,10.0,5.582246780395508,400
1993-05-20,10.21875,10.21875,10.21875,10.21875,5.704354763031006,5600
1993-05-21,10.5,10.5,10.5,10.5,5.861357688903809,2800
1993-05-24,10.5,10.5,10.5,10.5,5.861357688903809,0
1993-05-25,10.75,10.90625,10.5,10.5,5.906356334686279,19600
1993-05-26,10.9375,10.9375,10.9375,10.9375,6.152454853057861,2000
1993-05-27,10.9375,11.0,10.9375,10.9375,6.152454853057861,15200
1993-05-28,10.5,10.5,10.5,10.5,5.906356334686279,400
1993-06-01,10.5,10.5,10.5,10.5,5.906356334686279,800
1993-06-02,10.5,10.5,10.5,10.5,5.906356334686279,0
1993-06-03,10.5,10.5,10.5,10.5,5.906356334686279,1200
1993-06-04,10.5,10.5,10.5,10.5,5.906356334686279,800
1993-06-07,11.0,11.0,10.75,10.9375,6.152454853057861,20000
1993-06-08,10.9375,11.0,10.625,10.75,6.046983242034912,39200
1993-06-09,10.75,10.75,10.75,10.75,6.046983242034912,0
1993-06-10,10.75,10.75,10.75,10.75,6.046983242034912,0
1993-06-11,10.78125,10.90625,10.5,10.75,6.046983242034912,23200
1993-06-14,10.75,10.75,10.75,10.75,6.046983242034912,0
1993-06-15,10.625,10.625,10.5,10.5,5.906356334686279,7600
1993-06-16,10.375,10.375,10.25,10.25,5.7657294273376465,2400
1993-06-17,10.375,10.8125,10.375,10.78125,6.0645647048950195,55200
1993-06-18,10.25,10.75,10.25,10.625,5.976668834686279,14000
1993-06-21,10.25,10.78125,10.25,10.71875,6.02940559387207,44000
1993-06-22,10.375,10.375,10.375,10.375,5.8360419273376465,2400
1993-06-23,10.5,10.5,10.5,10.5,5.906356334686279,800
1993-06-24,10.5,10.5,10.5,10.5,5.906356334686279,0
1993-06-25,10.5,10.5,10.5,10.5,5.906356334686279,9600
1993-06-28,10.5,10.5,10.5,10.5,5.906356334686279,0
1993-06-29,10.8125,10.9375,10.25,10.84375,6.099720001220703,70800
1993-06-30,10.75,10.78125,10.5,10.5,5.906356334686279,23200
1993-07-01,10.5,11.0,10.5,11.0,6.187613010406494,6000
1993-07-02,11.0,11.0,11.0,11.0,6.187613010406494,0
1993-07-06,10.8125,10.8125,10.8125,10.8125,6.082147121429443,7200
1993-07-07,10.8125,10.8125,10.8125,10.8125,6.082147121429443,0
1993-07-08,10.625,10.625,10.625,10.625,5.976668834686279,800
1993-07-09,10.625,10.625,10.625,10.625,5.976668834686279,0
1993-07-12,10.71875,10.8125,10.71875,10.8125,6.082147121429443,6000
1993-07-13,10.8125,10.8125,10.8125,10.8125,6.082147121429443,0
1993-07-14,10.8125,10.8125,10.625,10.625,5.976668834686279,2400
1993-07-15,10.6875,10.8125,10.6875,10.8125,6.082147121429443,16000
1993-07-16,10.625,10.75,10.625,10.75,6.046983242034912,3200
1993-07-19,10.625,10.8125,10.625,10.8125,6.082147121429443,11600
1993-07-20,10.375,10.75,10.375,10.5,5.906356334686279,47200
1993-07-21,10.625,10.625,10.625,10.625,5.976668834686279,28000
1993-07-22,10.625,10.625,10.625,10.625,5.976668834686279,0
1993-07-23,10.375,10.375,10.375,10.375,5.8360419273376465,2400
1993-07-26,10.625,11.0,10.5,11.0,6.187613010406494,389600
1993-07-27,10.625,10.625,10.625,10.625,5.976668834686279,30800
1993-07-28,10.375,10.5,10.375,10.5,5.906356334686279,1600
1993-07-29,10.625,11.0,10.5,10.75,6.046983242034912,254400
1993-07-30,11.0,11.0,11.0,11.0,6.187613010406494,400
1993-08-02,10.375,10.375,10.375,10.375,5.8360419273376465,2000
1993-08-03,10.375,10.6875,10.375,10.6875,6.0118303298950195,1600
1993-08-04,10.6875,10.6875,10.6875,10.6875,6.0118303298950195,0
1993-08-05,10.5625,10.5625,10.5625,10.5625,5.94151496887207,8800
1993-08-06,10.6875,10.6875,10.6875,10.6875,6.0118303298950195,4800
1993-08-09,10.6875,10.6875,10.6875,10.6875,6.0118303298950195,0
1993-08-10,10.78125,11.0,10.78125,11.0,6.187613010406494,5200
1993-08-11,10.78125,10.78125,10.78125,10.78125,6.0645647048950195,3200
1993-08-12,10.78125,10.78125,10.78125,10.78125,6.0645647048950195,0
1993-08-13,10.375,10.375,10.375,10.375,5.8360419273376465,800
1993-08-16,10.375,10.375,10.375,10.375,5.8360419273376465,0
1993-08-17,10.46875,10.46875,10.46875,10.46875,5.888776779174805,800
1993-08-18,10.375,10.375,10.375,10.375,5.8360419273376465,8400
1993-08-19,10.375,10.6875,10.375,10.6875,6.0118303298950195,2800
1993-08-20,10.6875,10.6875,10.6875,10.6875,6.0118303298950195,0
1993-08-23,10.75,10.75,10.5,10.5,5.906356334686279,3200
1993-08-24,10.625,10.625,10.625,10.625,5.976668834686279,8000
1993-08-25,10.5,10.71875,10.5,10.71875,6.075146675109863,6000
1993-08-26,10.5,11.0,10.5,10.875,6.163707256317139,19600
1993-08-27,10.875,10.875,10.875,10.875,6.163707256317139,0
1993-08-30,10.5,10.75,10.5,10.75,6.092860698699951,4800
1993-08-31,10.75,10.75,10.5,10.5,5.951166152954102,8400
1993-09-01,11.0,11.0,10.75,10.75,6.092860698699951,14400
1993-09-02,10.75,10.75,10.625,10.75,6.092860698699951,8800
1993-09-03,10.75,10.75,10.75,10.75,6.092860698699951,0
1993-09-07,10.75,10.75,10.75,10.75,6.092860698699951,0
1993-09-08,10.75,10.75,10.75,10.75,6.092860698699951,0
1993-09-09,10.6875,10.6875,10.6875,10.6875,6.057436943054199,400
1993-09-10,10.84375,10.84375,10.84375,10.84375,6.145996570587158,22000
1993-09-13,10.84375,10.84375,10.84375,10.84375,6.145996570587158,0
1993-09-14,10.6875,10.6875,10.6875,10.6875,6.057436943054199,1200
1993-09-15,10.6875,11.375,10.6875,11.0,6.23455286026001,3200
1993-09-16,11.0,11.25,10.75,10.8125,6.128286838531494,168800
1993-09-17,10.6875,10.6875,10.6875,10.6875,6.057436943054199,1200
1993-09-20,11.1875,11.1875,10.6875,10.6875,6.057436943054199,2400
1993-09-21,11.1875,11.1875,10.71875,10.71875,6.075146675109863,98000
1993-09-22,10.6875,11.0,10.6875,11.0,6.23455286026001,1600
1993-09-23,10.71875,10.71875,10.71875,10.71875,6.075146675109863,2400
1993-09-24,10.8125,10.8125,10.75,10.75,6.092860698699951,80000
1993-09-27,10.75,10.875,10.75,10.875,6.163707256317139,92000
1993-09-28,10.84375,11.25,10.84375,11.25,6.3762526512146,22800
1993-09-29,10.6875,10.6875,10.5,10.5,5.951166152954102,12800
1993-09-30,10.8125,10.8125,10.71875,10.71875,6.075146675109863,25200
1993-10-01,10.875,10.9375,10.5625,10.71875,6.075146675109863,37200
1993-10-04,10.8125,10.8125,10.6875,10.75,6.092860698699951,9600
1993-10-05,10.75,10.75,10.75,10.75,6.092860698699951,0
1993-10-06,10.75,10.75,10.75,10.75,6.092860698699951,0
1993-10-07,10.75,10.75,10.75,10.75,6.092860698699951,0
1993-10-08,10.625,10.78125,10.625,10.78125,6.110572814941406,21200
1993-10-11,10.78125,10.78125,10.78125,10.78125,6.110572814941406,0
1993-10-12,10.78125,10.78125,10.78125,10.78125,6.110572814941406,0
1993-10-13,11.1875,11.1875,11.1875,11.1875,6.340826034545898,400
1993-10-14,10.9375,10.9375,10.4375,10.6875,6.057436943054199,11600
1993-10-15,10.75,11.1875,10.75,11.125,6.305399417877197,6000
1993-10-18,10.5,10.5,10.5,10.5,5.951166152954102,1200
1993-10-19,10.59375,11.1875,10.59375,11.1875,6.340826034545898,8400
1993-10-20,10.75,10.875,10.75,10.75,6.092860698699951,22400
1993-10-21,10.75,10.75,10.75,10.75,6.092860698699951,0
1993-10-22,10.75,10.75,10.5625,10.5625,5.9865922927856445,5200
1993-10-25,10.5625,10.5625,10.5625,10.5625,5.9865922927856445,0
1993-10-26,10.5625,10.5625,10.5625,10.5625,5.9865922927856445,0
1993-10-27,10.75,10.78125,10.75,10.78125,6.110572814941406,47200
1993-10-28,10.75,10.78125,10.5,10.5,5.951166152954102,10800
1993-10-29,10.5,10.5,10.5,10.5,5.951166152954102,400
1993-11-01,10.75,10.78125,10.75,10.78125,6.110572814941406,41600
1993-11-02,10.875,11.25,10.875,11.25,6.3762526512146,2000
1993-11-03,11.25,11.25,11.25,11.25,6.3762526512146,0
1993-11-04,10.875,10.875,10.875,10.875,6.163707256317139,23200
1993-11-05,10.5,11.25,10.5,11.25,6.3762526512146,4000
1993-11-08,10.875,10.875,10.875,10.875,6.163707256317139,2000
1993-11-09,10.75,10.875,10.75,10.875,6.163707256317139,17600
1993-11-10,10.75,11.1875,10.75,10.75,6.092860698699951,17200
1993-11-11,10.75,10.75,10.75,10.75,6.092860698699951,800
1993-11-12,10.75,10.75,10.75,10.75,6.092860698699951,2400
1993-11-15,10.75,10.78125,10.75,10.78125,6.110572814941406,5600
1993-11-16,11.0,11.0,10.75,10.75,6.092860698699951,11600
1993-11-17,10.625,10.625,10.625,10.625,6.022012710571289,800
1993-11-18,11.0,11.0,10.78125,10.78125,6.110572814941406,3200
1993-11-19,10.78125,10.78125,10.78125,10.78125,6.110572814941406,0
1993-11-22,10.625,10.625,10.625,10.625,6.022012710571289,800
1993-11-23,10.75,10.9375,10.75,10.78125,6.110572814941406,380400
1993-11-24,10.75,10.75,10.75,10.75,6.092860698699951,800
1993-11-26,10.75,10.75,10.75,10.75,6.092860698699951,0
1993-11-29,11.25,11.25,11.25,11.25,6.3762526512146,400
1993-11-30,10.625,11.25,10.625,11.25,6.3762526512146,38400
1993-12-01,11.375,11.375,11.375,11.375,6.447099208831787,2400
1993-12-02,11.125,11.125,10.9375,10.9375,6.199132919311523,8400
1993-12-03,11.4375,11.46875,11.0,11.46875,6.500233173370361,14800
1993-12-06,10.875,11.46875,10.875,11.46875,6.500233173370361,3200
1993-12-07,11.5,11.5,11.25,11.25,6.3762526512146,21600
1993-12-08,11.75,11.75,11.75,11.75,6.659641265869141,8800
1993-12-09,11.75,11.75,11.75,11.75,6.659641265869141,4000
1993-12-10,11.5625,11.5625,11.125,11.34375,6.42938756942749,63600
1993-12-13,11.25,11.5,11.25,11.25,6.3762526512146,20800
1993-12-14,11.5,11.53125,11.5,11.53125,6.535653591156006,9600
1993-12-15,11.75,11.75,11.75,11.75,6.7061686515808105,400
1993-12-16,11.875,12.125,11.875,12.125,6.9201860427856445,7200
1993-12-17,11.375,11.375,11.375,11.375,6.492141246795654,2000
1993-12-20,11.375,11.375,11.375,11.375,6.492141246795654,0
1993-12-21,11.375,11.375,11.375,11.375,6.492141246795654,0
1993-12-22,11.5625,11.75,11.375,11.75,6.7061686515808105,46000
1993-12-23,11.75,11.75,11.75,11.75,6.7061686515808105,0
1993-12-27,11.78125,12.125,11.46875,11.75,6.7061686515808105,44400
1993-12-28,11.375,11.5,11.375,11.5,6.563474178314209,4400
1993-12-29,11.5,11.5,11.5,11.5,6.563474178314209,0
1993-12-30,11.375,11.75,11.375,11.625,6.634819507598877,58400
1993-12-31,12.125,12.125,11.75,11.75,6.7061686515808105,4000
1994-01-03,11.75,12.125,11.375,12.125,6.9201860427856445,5200
1994-01-04,11.4375,11.4375,11.4375,11.4375,6.527811527252197,400
1994-01-05,11.375,11.75,11.375,11.75,6.7061686515808105,4400
1994-01-06,11.75,11.75,11.75,11.75,6.7061686515808105,0
1994-01-07,11.375,11.40625,11.375,11.40625,6.50997257232666,3200
1994-01-10,11.75,11.75,11.75,11.75,6.7061686515808105,8000
1994-01-11,11.75,11.75,11.75,11.75,6.7061686515808105,0
1994-01-12,11.375,11.75,11.375,11.375,6.492141246795654,14000
1994-01-13,11.5,11.5,11.25,11.5,6.563474178314209,16400
1994-01-14,11.375,11.6875,11.375,11.6875,6.670492172241211,7600
1994-01-17,11.375,12.0,11.375,12.0,6.848850727081299,8800
1994-01-18,11.6875,11.6875,11.375,11.375,6.492141246795654,62400
1994-01-19,11.625,11.9375,11.625,11.78125,6.723998069763184,34000
1994-01-20,11.1875,11.1875,11.1875,11.1875,6.385121822357178,1200
1994-01-21,11.625,11.625,11.125,11.40625,6.50997257232666,5600
1994-01-24,11.40625,11.40625,11.40625,11.40625,6.50997257232666,0
1994-01-25,11.25,11.375,11.21875,11.25,6.4207987785339355,12800
1994-01-26,11.375,11.375,10.875,10.875,6.206768989562988,2400
1994-01-27,11.4375,11.4375,10.75,10.75,6.135427474975586,3200
1994-01-28,10.75,11.4375,10.6875,10.6875,6.0997538566589355,9200
1994-01-31,11.0625,11.0625,10.6875,10.6875,6.0997538566589355,506400
1994-02-01,10.5,10.875,10.5,10.59375,6.046250343322754,38000
1994-02-02,10.8125,10.875,10.75,10.75,6.135427474975586,10800
1994-02-03,10.5,11.125,10.5,11.125,6.349449634552002,1200
1994-02-04,11.0,11.03125,11.0,11.03125,6.29594612121582,26000
1994-02-07,11.03125,11.03125,11.03125,11.03125,6.29594612121582,0
1994-02-08,11.03125,11.03125,11.03125,11.03125,6.29594612121582,0
1994-02-09,11.0,11.0,11.0,11.0,6.278109550476074,24000
1994-02-10,10.75,10.75,10.75,10.75,6.135427474975586,400
1994-02-11,11.03125,11.125,10.6875,10.6875,6.0997538566589355,19200
1994-02-14,10.78125,10.78125,10.6875,10.6875,6.0997538566589355,34000
1994-02-15,10.625,11.03125,10.625,10.84375,6.1889328956604,20400
1994-02-16,11.0,11.0,11.0,11.0,6.278109550476074,400
1994-02-17,11.09375,11.125,10.75,11.0,6.278109550476074,48400
1994-02-18,11.0625,11.0625,11.0625,11.0625,6.313782215118408,8000
1994-02-22,11.0625,11.0625,11.0625,11.0625,6.313782215118408,0
1994-02-23,11.125,11.1875,10.875,11.1875,6.385121822357178,28400
1994-02-24,11.375,11.375,10.75,10.75,6.135427474975586,6000
1994-02-25,10.75,10.75,10.75,10.75,6.135427474975586,0
1994-02-28,10.75,10.75,10.75,10.75,6.135427474975586,0
1994-03-01,11.125,11.125,11.125,11.125,6.397058486938477,800
1994-03-02,11.125,11.125,11.125,11.125,6.397058486938477,1600
1994-03-03,10.75,10.75,10.75,10.75,6.181426525115967,7600
1994-03-04,10.75,10.75,10.75,10.75,6.181426525115967,7600
1994-03-07,11.0625,11.125,11.0,11.0,6.325181484222412,30800
1994-03-08,10.75,10.75,10.75,10.75,6.181426525115967,4000
1994-03-09,10.625,10.625,10.625,10.625,6.109551429748535,2000
1994-03-10,10.75,11.0,10.625,11.0,6.325181484222412,20400
1994-03-11,10.5625,10.5625,10.5625,10.5625,6.073612213134766,400
1994-03-14,10.5625,10.5625,10.5625,10.5625,6.073612213134766,0
1994-03-15,11.0,11.0,10.75,10.75,6.181426525115967,4000
1994-03-16,11.0,11.0,11.0,11.0,6.325181484222412,400
1994-03-17,10.53125,10.53125,10.53125,10.53125,6.055642604827881,800
1994-03-18,10.53125,10.53125,10.53125,10.53125,6.055642604827881,0
1994-03-21,10.875,10.875,10.5,10.75,6.181426525115967,4800
1994-03-22,10.75,10.75,10.75,10.75,6.181426525115967,0
1994-03-23,10.5,10.75,10.5,10.53125,6.055642604827881,14000
1994-03-24,10.71875,10.71875,10.71875,10.71875,6.163455963134766,9200
1994-03-25,10.875,10.875,10.875,10.875,6.253303050994873,400
1994-03-28,10.6875,10.6875,10.6875,10.6875,6.145491123199463,16000
1994-03-29,10.75,10.75,10.75,10.75,6.181426525115967,1600
1994-03-30,10.75,10.75,10.75,10.75,6.181426525115967,0
1994-03-31,10.3125,10.9375,10.3125,10.875,6.253303050994873,14800
1994-04-04,10.59375,10.59375,10.59375,10.59375,6.091579437255859,9600
1994-04-05,10.59375,10.59375,10.59375,10.59375,6.091579437255859,0
1994-04-06,10.59375,10.59375,10.59375,10.59375,6.091579437255859,400
1994-04-07,10.625,10.625,10.625,10.625,6.109551429748535,2000
1994-04-08,10.375,10.375,10.375,10.375,5.965797424316406,1600
1994-04-11,10.375,10.390625,10.375,10.375,5.965797424316406,45200
1994-04-12,10.25,10.25,10.25,10.25,5.8939208984375,400
1994-04-13,10.25,10.25,10.25,10.25,5.8939208984375,0
1994-04-14,10.71875,10.734375,10.25,10.25,5.8939208984375,48400
1994-04-15,10.25,10.25,10.25,10.25,5.8939208984375,1200
1994-04-18,10.40625,10.4375,10.375,10.4375,6.001735687255859,6800
1994-04-19,10.6875,10.6875,10.6875,10.6875,6.145491123199463,12800
1994-04-20,10.5,10.5,10.5,10.5,6.0376715660095215,800
1994-04-21,10.5,10.5,10.5,10.5,6.0376715660095215,0
1994-04-22,10.5,10.5,10.5,10.5,6.0376715660095215,0
1994-04-25,10.75,10.75,10.75,10.75,6.181426525115967,3200
1994-04-26,10.5,10.5,10.5,10.5,6.0376715660095215,800
1994-04-28,10.8125,10.8125,10.804688453674316,10.804688453674316,6.2128753662109375,44400
1994-04-29,10.5,10.5,10.5,10.5,6.0376715660095215,400
1994-05-02,10.5,10.5,10.5,10.5,6.0376715660095215,1200
1994-05-03,10.5,10.5,10.5,10.5,6.0376715660095215,0
1994-05-04,10.5,10.5,10.5,10.5,6.0376715660095215,0
1994-05-05,10.5,10.5,10.5,10.5,6.0376715660095215,0
1994-05-06,10.9375,10.9375,10.9375,10.9375,6.289241790771484,20000
1994-05-09,10.625,10.625,10.625,10.625,6.109551429748535,18400
1994-05-10,10.84375,10.875,10.8125,10.875,6.253303050994873,34000
1994-05-11,10.875,10.875,10.234375,10.6875,6.145491123199463,347600
1994-05-12,11.0,11.0,10.75,10.75,6.181426525115967,12400
1994-05-13,10.75,10.75,10.75,10.75,6.181426525115967,0
1994-05-16,10.9375,10.9375,10.625,10.625,6.109551429748535,11600
1994-05-17,10.625,10.625,10.625,10.625,6.109551429748535,0
1994-05-18,10.625,10.625,10.625,10.625,6.109551429748535,0
1994-05-19,10.6875,10.6875,10.6875,10.6875,6.145491123199463,2400
1994-05-20,10.6875,10.6875,10.6875,10.6875,6.145491123199463,0
1994-05-23,10.5625,10.578125,10.5625,10.578125,6.082598686218262,14800
1994-05-24,10.5625,10.5625,10.5625,10.5625,6.1198954582214355,400
1994-05-25,10.5625,10.5625,10.5625,10.5625,6.1198954582214355,0
1994-05-26,10.75,10.8125,10.75,10.75,6.228531837463379,40400
1994-05-27,10.75,10.75,10.75,10.75,6.228531837463379,0
1994-05-31,10.84375,10.84375,10.84375,10.84375,6.282851219177246,1200
1994-06-01,10.765625,10.765625,10.765625,10.765625,6.237586975097656,2800
1994-06-02,10.65625,10.75,10.65625,10.75,6.228531837463379,57600
1994-06-03,10.625,10.625,10.625,10.625,6.156108856201172,1200
1994-06-06,10.625,10.625,10.625,10.625,6.156108856201172,0
1994-06-07,10.625,10.625,10.625,10.625,6.156108856201172,800
1994-06-08,10.625,10.625,10.625,10.625,6.156108856201172,800
1994-06-09,10.625,10.625,10.625,10.625,6.156108856201172,0
1994-06-10,10.625,10.71875,10.625,10.6875,6.192321300506592,11600
1994-06-13,10.71875,10.84375,10.625,10.84375,6.282851219177246,6000
1994-06-14,10.84375,10.84375,10.84375,10.84375,6.282851219177246,0
1994-06-15,10.625,10.625,10.625,10.625,6.156108856201172,400
1994-06-16,10.625,10.625,10.625,10.625,6.156108856201172,0
1994-06-17,10.625,10.625,10.625,10.625,6.156108856201172,0
1994-06-20,10.625,10.625,10.625,10.625,6.156108856201172,1600
1994-06-21,10.71875,10.71875,10.625,10.625,6.156108856201172,42400
1994-06-22,10.5,10.5,10.5,10.5,6.083681106567383,400
1994-06-23,10.5,10.5,10.5,10.5,6.083681106567383,0
1994-06-24,10.5,10.5,10.5,10.5,6.083681106567383,400
1994-06-27,10.6875,10.6875,10.6875,10.6875,6.192321300506592,4000
1994-06-28,10.6875,10.875,10.5625,10.875,6.300955772399902,8400
1994-06-29,10.875,10.875,10.875,10.875,6.300955772399902,10400
1994-06-30,10.5,10.703125,10.5,10.5,6.083681106567383,45200
1994-07-01,10.53125,10.53125,10.53125,10.53125,6.101789474487305,14000
1994-07-05,10.53125,10.53125,10.53125,10.53125,6.101789474487305,0
1994-07-06,10.5,10.5,10.5,10.5,6.083681106567383,10000
1994-07-07,10.6875,10.6875,10.6875,10.6875,6.192321300506592,39200
1994-07-08,10.75,10.75,10.5,10.53125,6.101789474487305,7200
1994-07-11,10.5,10.5,10.5,10.5,6.083681106567383,400
1994-07-12,10.5,10.625,10.5,10.625,6.156108856201172,28400
1994-07-13,10.75,10.75,10.6875,10.6875,6.192321300506592,2000
1994-07-14,10.5,10.5,10.5,10.5,6.083681106567383,4800
1994-07-15,10.75,10.75,10.75,10.75,6.228531837463379,1200
1994-07-18,10.5,10.5,10.5,10.5,6.083681106567383,4000
1994-07-19,10.75,10.75,10.65625,10.6875,6.192321300506592,220400
1994-07-20,10.6875,10.6875,10.5625,10.65625,6.1742143630981445,78400
1994-07-21,10.75,10.75,10.5625,10.75,6.228531837463379,8400
1994-07-22,10.625,10.75,10.625,10.75,6.228531837463379,42800
1994-07-25,10.71875,10.71875,10.71875,10.71875,6.210424423217773,4000
1994-07-26,10.828125,10.84375,10.75,10.84375,6.282851219177246,45200
1994-07-27,10.84375,10.84375,10.84375,10.84375,6.282851219177246,0
1994-07-28,10.9375,10.9375,10.9375,10.9375,6.3371686935424805,400
1994-07-29,10.9375,10.9375,10.9375,10.9375,6.3371686935424805,0
1994-08-01,10.5,10.5,10.5,10.5,6.083681106567383,4000
1994-08-02,10.9375,10.9375,10.84375,10.84375,6.282851219177246,13200
1994-08-03,10.875,10.875,10.875,10.875,6.300955772399902,1600
1994-08-04,10.875,10.875,10.875,10.875,6.300955772399902,0
1994-08-05,10.875,10.875,10.875,10.875,6.300955772399902,0
1994-08-08,10.875,10.875,10.875,10.875,6.300955772399902,800
1994-08-09,11.4375,11.4375,10.9375,10.9375,6.3371686935424805,1600
1994-08-10,11.0,11.0,11.0,11.0,6.373382091522217,400
1994-08-11,11.25,11.25,11.0,11.0625,6.409597396850586,75200
1994-08-12,11.0625,11.0625,10.9375,10.9375,6.3371686935424805,32400
1994-08-15,11.09375,11.25,11.09375,11.25,6.518233776092529,12000
1994-08-16,11.25,11.25,11.25,11.25,6.518233776092529,0
1994-08-17,11.09375,11.4375,11.09375,11.4375,6.626865386962891,1200
1994-08-18,11.4375,11.4375,11.4375,11.4375,6.626865386962891,0
1994-08-19,11.4375,11.4375,11.4375,11.4375,6.626865386962891,0
1994-08-22,11.5625,11.5625,11.5625,11.5625,6.699291229248047,1600
1994-08-23,11.5625,11.5625,11.5625,11.5625,6.699291229248047,0
1994-08-24,11.5625,11.5625,11.5625,11.5625,6.699291229248047,0
1994-08-25,11.0625,11.0625,11.0625,11.0625,6.454253196716309,400
1994-08-26,11.0625,11.0625,11.0625,11.0625,6.454253196716309,0
1994-08-29,11.0,11.25,11.0,11.25,6.56364631652832,5200
1994-08-30,11.625,11.625,11.625,11.625,6.7824320793151855,1200
1994-08-31,11.625,11.625,11.625,11.625,6.7824320793151855,0
1994-09-01,11.125,11.125,11.125,11.125,6.490715980529785,1200
1994-09-02,11.40625,11.40625,11.125,11.125,6.490715980529785,4400
1994-09-06,11.125,11.125,11.125,11.125,6.490715980529785,1200
1994-09-07,11.375,11.6875,11.375,11.6875,6.8188982009887695,43600
1994-09-08,11.34375,11.375,11.34375,11.375,6.636576175689697,48000
1994-09-09,11.375,11.375,11.375,11.375,6.636576175689697,0
1994-09-12,11.125,11.125,11.125,11.125,6.490715980529785,3600
1994-09-13,11.1875,11.1875,11.1875,11.1875,6.527180194854736,400
1994-09-14,11.28125,11.28125,11.28125,11.28125,6.581878185272217,2000
1994-09-15,11.1875,11.4375,11.1875,11.1875,6.527180194854736,4000
1994-09-16,11.6875,11.6875,11.1875,11.6875,6.8188982009887695,12800
1994-09-19,11.1875,11.1875,11.1875,11.1875,6.527180194854736,800
1994-09-20,11.1875,11.1875,11.1875,11.1875,6.527180194854736,800
1994-09-21,11.1875,11.1875,11.1875,11.1875,6.527180194854736,400
1994-09-22,11.40625,11.4375,11.40625,11.4375,6.673035621643066,16000
1994-09-23,11.1875,11.375,11.1875,11.375,6.636576175689697,37600
1994-09-26,11.25,11.25,11.25,11.25,6.56364631652832,1200
1994-09-27,11.125,11.25,11.125,11.25,6.56364631652832,4800
1994-09-28,11.25,11.25,11.25,11.25,6.56364631652832,6400
1994-09-29,11.25,11.25,11.25,11.25,6.56364631652832,0
1994-09-30,11.5625,11.5625,11.5625,11.5625,6.745965957641602,400
1994-10-03,11.5625,11.5625,11.375,11.375,6.636576175689697,2400
1994-10-04,11.375,11.375,11.375,11.375,6.636576175689697,0
1994-10-05,11.3125,11.34375,11.3125,11.34375,6.618338584899902,52000
1994-10-06,11.28125,11.5625,11.28125,11.5625,6.745965957641602,19600
1994-10-07,11.21875,11.21875,11.21875,11.21875,6.545414447784424,2400
1994-10-10,11.21875,11.21875,11.21875,11.21875,6.545414447784424,0
1994-10-11,11.21875,11.21875,11.21875,11.21875,6.545414447784424,0
1994-10-12,11.21875,11.21875,11.21875,11.21875,6.545414447784424,0
1994-10-13,11.21875,11.21875,11.21875,11.21875,6.545414447784424,0
1994-10-14,10.953125,10.953125,10.9375,10.9375,6.381321430206299,12000
1994-10-17,11.25,11.28125,11.25,11.28125,6.581878185272217,254400
1994-10-18,11.28125,11.28125,11.28125,11.28125,6.581878185272217,0
1994-10-19,11.25,11.25,11.0625,11.0625,6.454253196716309,4800
1994-10-20,11.0625,11.0625,11.0625,11.0625,6.454253196716309,0
1994-10-21,11.0625,11.0625,11.0625,11.0625,6.454253196716309,0
1994-10-24,11.625,11.625,11.625,11.625,6.7824320793151855,1600
1994-10-25,11.625,11.625,11.625,11.625,6.7824320793151855,1600
1994-10-26,11.375,11.375,11.375,11.375,6.636576175689697,400
1994-10-27,11.25,11.25,11.25,11.25,6.56364631652832,3600
1994-10-28,11.25,11.375,11.1875,11.1875,6.527180194854736,11200
1994-10-31,11.1875,11.1875,11.1875,11.1875,6.527180194854736,0
1994-11-01,11.1875,11.390625,11.1875,11.375,6.636576175689697,64800
1994-11-02,11.1875,11.1875,11.1875,11.1875,6.527180194854736,400
1994-11-03,11.1875,11.1875,11.1875,11.1875,6.527180194854736,2400
1994-11-04,11.3125,11.5,11.3125,11.5,6.709502220153809,3600
1994-11-07,11.5,11.5,11.5,11.5,6.709502220153809,0
1994-11-08,11.5,11.5,11.5,11.5,6.709502220153809,0
1994-11-09,11.5,11.5,11.5,11.5,6.709502220153809,0
1994-11-10,11.5,11.5,11.5,11.5,6.709502220153809,0
1994-11-11,11.5,11.5,11.5,11.5,6.709502220153809,0
1994-11-14,11.5,11.5,11.25,11.25,6.56364631652832,4400
1994-11-15,11.25,11.25,11.125,11.15625,6.508948802947998,10000
1994-11-16,11.15625,11.15625,11.15625,11.15625,6.508948802947998,0
1994-11-17,11.75,11.75,11.125,11.125,6.490715980529785,1600
1994-11-18,11.125,11.125,11.125,11.125,6.490715980529785,0
1994-11-21,11.25,11.25,11.25,11.25,6.56364631652832,400
1994-11-22,11.25,11.25,11.25,11.25,6.56364631652832,0
1994-11-23,10.9375,10.9375,10.9375,10.9375,6.381321430206299,3600
1994-11-25,10.75,10.75,10.75,10.75,6.2719268798828125,400
1994-11-28,11.3125,11.3125,11.3125,11.3125,6.600108623504639,6000
1994-11-29,11.3125,11.3125,10.8125,11.25,6.56364631652832,8800
1994-11-30,11.0,11.3125,10.875,11.015625,6.42690372467041,35600
1994-12-01,11.1875,11.1875,11.15625,11.15625,6.508948802947998,2800
1994-12-02,11.1875,11.1875,11.1875,11.1875,6.527180194854736,11600
1994-12-05,11.1875,11.1875,11.1875,11.1875,6.527180194854736,0
1994-12-06,11.1875,11.1875,11.1875,11.1875,6.527180194854736,0
1994-12-07,10.8125,10.8125,10.8125,10.8125,6.308392524719238,1600
1994-12-08,10.875,11.125,10.8125,10.8125,6.308392524719238,52800
1994-12-09,10.8125,11.25,10.8125,11.25,6.56364631652832,24800
1994-12-12,10.8125,10.8125,10.8125,10.8125,6.308392524719238,400
1994-12-13,11.4375,11.4375,11.15625,11.4375,6.673035621643066,2000
1994-12-14,11.15625,11.15625,11.0,11.0,6.465839385986328,38400
1994-12-15,11.40625,11.65625,11.390625,11.65625,6.85158634185791,19200
1994-12-16,11.3125,11.875,11.3125,11.875,6.980165004730225,26400
1994-12-19,11.3125,11.375,11.3125,11.375,6.686265468597412,3200
1994-12-20,11.3125,11.3125,11.3125,11.3125,6.649525165557861,2000
1994-12-21,11.9375,11.9375,11.3125,11.3125,6.649525165557861,2400
1994-12-22,11.625,11.625,11.3125,11.3125,6.649525165557861,2000
1994-12-23,11.3125,11.3125,11.3125,11.3125,6.649525165557861,0
1994-12-27,11.6875,11.6875,11.6875,11.6875,6.869955062866211,13200
1994-12-28,12.0,12.0,11.5,11.5,6.759737014770508,15600
1994-12-29,11.8125,11.8125,11.625,11.625,6.833214282989502,8000
1994-12-30,11.875,12.0625,11.75,12.0625,7.090378761291504,4800
1995-01-03,11.5625,11.78125,11.5625,11.78125,6.925058364868164,6400
1995-01-04,11.5625,11.8125,11.5625,11.8125,6.943427562713623,4000
1995-01-05,11.5625,11.5625,11.5625,11.5625,6.796477794647217,3200
1995-01-06,11.6875,11.71875,11.6875,11.71875,6.8883185386657715,15600
1995-01-09,12.0625,12.0625,11.59375,11.59375,6.81484317779541,1600
1995-01-10,11.5625,11.5625,11.5625,11.5625,6.796477794647217,800
1995-01-11,11.5625,11.5625,11.5625,11.5625,6.796477794647217,0
1995-01-12,11.8125,11.8125,11.8125,11.8125,6.943427562713623,400
1995-01-13,12.0625,12.0625,12.0625,12.0625,7.090378761291504,400
1995-01-16,12.0625,12.0625,12.0625,12.0625,7.090378761291504,0
1995-01-17,11.5625,11.5625,11.5625,11.5625,6.796477794647217,1600
1995-01-18,11.578125,11.65625,11.578125,11.59375,6.81484317779541,59600
1995-01-19,11.59375,11.59375,11.59375,11.59375,6.81484317779541,0
1995-01-20,11.5625,11.65625,11.5625,11.65625,6.85158634185791,10400
1995-01-23,11.5625,11.65625,11.5625,11.609375,6.824028491973877,41600
1995-01-24,11.5625,11.75,11.5625,11.75,6.906691551208496,6800
1995-01-25,11.71875,11.78125,11.5625,11.65625,6.85158634185791,20000
1995-01-26,11.5625,11.65625,11.5625,11.65625,6.85158634185791,15600
1995-01-27,11.65625,11.65625,11.65625,11.65625,6.85158634185791,0
1995-01-30,11.65625,11.65625,11.65625,11.65625,6.85158634185791,0
1995-01-31,11.5625,11.65625,11.5625,11.65625,6.85158634185791,24800
1995-02-01,11.65625,11.65625,11.5625,11.65625,6.85158634185791,4400
1995-02-02,11.65625,11.6875,11.625,11.6875,6.869955062866211,51200
1995-02-03,11.84375,11.84375,11.59375,11.59375,6.81484317779541,13200
1995-02-06,11.59375,11.59375,11.59375,11.59375,6.81484317779541,0
1995-02-07,11.59375,11.59375,11.59375,11.59375,6.81484317779541,0
1995-02-08,12.125,12.125,12.125,12.125,7.127113342285156,400
1995-02-09,11.84375,11.84375,11.84375,11.84375,6.961794853210449,400
1995-02-10,11.84375,11.84375,11.84375,11.84375,6.961794853210449,0
1995-02-13,11.5625,11.5625,11.5625,11.5625,6.796477794647217,800
1995-02-14,11.84375,11.875,11.8125,11.875,6.980165004730225,5600
1995-02-15,12.0,12.125,12.0,12.125,7.127113342285156,6400
1995-02-16,12.0,12.0,11.5625,11.5625,6.796477794647217,1200
1995-02-17,11.5625,12.125,11.5625,12.125,7.127113342285156,2000
1995-02-21,12.125,12.125,12.125,12.125,7.127113342285156,2400
1995-02-22,12.125,12.125,12.125,12.125,7.127113342285156,0
1995-02-23,11.5625,11.5625,11.5625,11.5625,6.796477794647217,400
1995-02-24,11.84375,12.0,11.84375,12.0,7.053644180297852,2800
1995-02-27,12.0,12.0,12.0,12.0,7.053644180297852,0
1995-02-28,11.84375,12.125,11.84375,12.125,7.177957534790039,6800
1995-03-01,12.125,12.125,11.8125,11.8125,6.9929609298706055,14000
1995-03-02,11.9375,11.9375,11.9375,11.9375,7.066958427429199,2000
1995-03-03,12.1875,12.1875,11.875,12.125,7.177957534790039,16400
1995-03-06,11.875,12.3125,11.875,12.3125,7.288963317871094,800
1995-03-07,12.0,12.0,12.0,12.0,7.103963375091553,400
1995-03-08,12.0,12.0,12.0,12.0,7.103963375091553,0
1995-03-09,11.8125,11.8125,11.8125,11.8125,6.9929609298706055,800
1995-03-10,12.0625,12.3125,12.0625,12.25,7.251961708068848,76800
1995-03-13,12.0,12.5,12.0,12.5,7.399959564208984,2000
1995-03-14,12.5,12.5,12.5,12.5,7.399959564208984,800
1995-03-15,12.5,12.5,12.0,12.015625,7.113212585449219,14000
1995-03-16,12.5,12.5,12.5,12.5,7.399959564208984,400
1995-03-17,12.0,12.375,12.0,12.015625,7.113212585449219,31600
1995-03-20,12.0625,12.0625,12.0625,12.0625,7.140961170196533,4000
1995-03-21,12.0,12.25,12.0,12.0,7.103963375091553,8800
1995-03-22,12.0,12.0,12.0,12.0,7.103963375091553,0
1995-03-23,12.0,12.078125,12.0,12.078125,7.150211811065674,187200
1995-03-24,12.0625,12.5,12.0625,12.078125,7.150211811065674,99600
1995-03-27,12.5,12.5,12.0,12.0,7.103963375091553,3600
1995-03-28,12.0,12.5,12.0,12.25,7.251961708068848,6400
1995-03-29,12.5,12.5,12.0,12.0,7.103963375091553,9200
1995-03-30,12.0,12.0,12.0,12.0,7.103963375091553,800
1995-03-31,12.5,12.5,12.484375,12.5,7.399959564208984,4000
1995-04-03,12.25,12.25,12.25,12.25,7.251961708068848,12000
1995-04-04,12.0,12.0,12.0,12.0,7.103963375091553,3600
1995-04-05,12.5,12.5,12.0,12.0,7.103963375091553,2000
1995-04-06,12.0,12.0,12.0,12.0,7.103963375091553,0
1995-04-07,12.25,12.25,12.25,12.25,7.251961708068848,6400
1995-04-10,12.5,12.5,12.0,12.1875,7.214960098266602,12400
1995-04-11,12.125,12.125,12.125,12.125,7.177957534790039,10000
1995-04-12,12.0,12.0,12.0,12.0,7.103963375091553,8400
1995-04-13,12.0,12.0,12.0,12.0,7.103963375091553,0
1995-04-17,11.6875,11.8125,11.6875,11.8125,6.9929609298706055,1200
1995-04-18,12.3125,12.3125,12.3125,12.3125,7.288963317871094,400
1995-04-19,12.3125,12.3125,12.3125,12.3125,7.288963317871094,0
1995-04-20,12.3125,12.3125,12.3125,12.3125,7.288963317871094,0
1995-04-21,12.0625,12.125,12.0625,12.125,7.177957534790039,10000
1995-04-24,12.125,12.125,12.125,12.125,7.177957534790039,0
1995-04-25,12.125,12.1875,12.0,12.0,7.103963375091553,47200
1995-04-26,12.0,12.0,12.0,12.0,7.103963375091553,0
1995-04-27,11.9375,12.5,11.9375,12.5,7.399959564208984,800
1995-04-28,12.25,12.375,12.25,12.375,7.325960636138916,2600
1995-05-01,11.875,11.875,11.6875,11.75,6.955962181091309,22800
1995-05-02,12.375,12.375,12.375,12.375,7.325960636138916,200
1995-05-03,11.5,12.375,11.5,12.375,7.325960636138916,400
1995-05-04,11.625,11.625,11.625,11.625,6.881961822509766,800
1995-05-05,12.625,12.625,12.0,12.0625,7.140961170196533,3600
1995-05-08,12.75,12.75,12.75,12.75,7.5479559898376465,4000
1995-05-09,11.75,11.75,11.75,11.75,6.955962181091309,200
1995-05-10,12.75,12.75,12.75,12.75,7.5479559898376465,200
1995-05-11,12.75,13.25,12.5,13.25,7.843955993652344,10600
1995-05-12,13.25,13.25,13.25,13.25,7.843955993652344,600
1995-05-15,13.25,13.25,13.0,13.25,7.843955993652344,4600
1995-05-16,12.5,12.75,12.5,12.5,7.399959564208984,5000
1995-05-17,12.5,12.5,12.5,12.5,7.399959564208984,0
1995-05-18,12.5,13.5,12.5,13.5,7.991957664489746,400
1995-05-19,12.5,12.75,12.5,12.75,7.5479559898376465,3400
1995-05-22,12.75,12.75,12.75,12.75,7.5479559898376465,0
1995-05-23,13.25,13.25,13.25,13.25,7.843955993652344,16000
1995-05-24,14.0,14.0,13.0,13.03125,7.7642669677734375,2800
1995-05-25,13.0,13.0,13.0,13.0,7.745646953582764,600
1995-05-26,13.0,13.0,13.0,13.0,7.745646953582764,0
1995-05-30,13.4375,13.5,13.125,13.5,8.043559074401855,6200
1995-05-31,13.5,13.5,13.5,13.5,8.043559074401855,3400
1995-06-01,13.75,14.0,13.75,14.0,8.34146785736084,6200
1995-06-02,14.125,14.5,13.5,14.3125,8.52765941619873,17000
1995-06-05,14.5,14.5,13.5,13.5,8.043559074401855,3400
1995-06-06,14.125,14.25,14.125,14.25,8.490422248840332,3200
1995-06-07,14.25,14.25,14.25,14.25,8.490422248840332,1000
1995-06-08,14.25,14.25,14.25,14.25,8.490422248840332,0
1995-06-09,13.9375,13.9375,13.75,13.75,8.192511558532715,5000
1995-06-12,13.5,14.125,13.5,13.6875,8.155269622802734,13800
1995-06-13,13.375,13.5625,13.375,13.5625,8.080793380737305,5000
1995-06-14,13.75,13.8125,13.6875,13.6875,8.155269622802734,6400
1995-06-15,13.6875,13.6875,13.6875,13.6875,8.155269622802734,0
1995-06-16,13.5,13.5625,13.375,13.53125,8.062177658081055,4600
1995-06-19,13.75,13.75,13.625,13.625,8.118036270141602,1200
1995-06-20,13.25,13.25,13.25,13.25,7.8946027755737305,2800
1995-06-21,13.25,13.28125,13.25,13.28125,7.913218021392822,400
1995-06-22,13.75,13.75,13.25,13.25,7.8946027755737305,600
1995-06-23,13.25,13.25,13.25,13.25,7.8946027755737305,600
1995-06-26,13.5,13.5,13.25,13.28125,7.913218021392822,12200
1995-06-27,12.75,13.0,12.75,12.75,7.596688747406006,12400
1995-06-28,12.875,12.875,12.875,12.875,7.671173572540283,600
1995-06-29,12.875,12.875,12.875,12.875,7.671173572540283,5800
1995-06-30,12.75,13.5,12.75,13.5,8.043559074401855,8600
1995-07-03,13.5,13.5,13.5,13.5,8.043559074401855,6800
1995-07-05,13.625,13.625,13.1875,13.1875,7.85736608505249,1000
1995-07-06,12.75,13.25,12.75,12.75,7.596688747406006,5000
1995-07-07,12.75,13.1875,12.75,13.1875,7.85736608505249,400
1995-07-10,13.5,13.5,12.75,12.75,7.596688747406006,23600
1995-07-11,13.1875,13.25,13.1875,13.1875,7.85736608505249,21800
1995-07-12,12.65625,12.6875,12.5625,12.5625,7.4849748611450195,76200
1995-07-13,12.5,12.5,12.5,12.5,7.447738170623779,4200
1995-07-14,13.0,13.0,13.0,13.0,7.745646953582764,200
1995-07-17,12.625,12.75,12.5,12.75,7.596688747406006,17800
1995-07-18,13.5,13.5,12.625,12.625,7.522212028503418,4400
1995-07-19,12.625,12.625,12.625,12.625,7.522212028503418,0
1995-07-20,12.625,13.5,12.5,12.5,7.447738170623779,156200
1995-07-21,13.0,13.0,12.75,12.875,7.671173572540283,10600
1995-07-24,13.0,13.5,12.71875,13.25,7.8946027755737305,44000
1995-07-25,13.5,13.5,13.0,13.0,7.745646953582764,3800
1995-07-26,13.0,13.0,13.0,13.0,7.745646953582764,0
1995-07-27,13.5,13.5,13.5,13.5,8.043559074401855,600
1995-07-28,13.5,13.5,12.5,12.5625,7.4849748611450195,69800
1995-07-31,12.53125,12.53125,12.5,12.5,7.447738170623779,14200
1995-08-01,12.5625,12.5625,12.5,12.5,7.447738170623779,11200
1995-08-02,12.5,12.5,12.5,12.5,7.447738170623779,0
1995-08-03,12.5,12.5,12.5,12.5,7.447738170623779,0
1995-08-04,12.5,12.5,12.5,12.5,7.447738170623779,1800
1995-08-07,12.5,12.5,12.5,12.5,7.447738170623779,400
1995-08-08,13.5,13.5,12.5,12.5,7.447738170623779,2200
1995-08-09,12.5,12.5,12.5,12.5,7.447738170623779,0
1995-08-10,12.5,12.5,12.5,12.5,7.447738170623779,0
1995-08-11,12.5,13.28125,12.5,13.03125,7.7642669677734375,109400
1995-08-14,13.03125,13.03125,13.03125,13.03125,7.7642669677734375,0
1995-08-15,13.125,13.125,13.125,13.125,7.8201212882995605,6000
1995-08-16,13.125,13.125,12.75,13.0,7.745646953582764,7000
1995-08-17,13.25,13.25,13.25,13.25,7.8946027755737305,2000
1995-08-18,13.25,13.25,13.25,13.25,7.8946027755737305,0
1995-08-21,13.375,13.375,13.375,13.375,7.969078063964844,1800
1995-08-22,13.375,13.375,13.375,13.375,7.969078063964844,600
1995-08-23,13.375,13.375,13.375,13.375,7.969078063964844,600
1995-08-24,12.5,13.375,12.5,13.0,7.745646953582764,800
1995-08-25,12.9375,13.0,12.625,12.65625,7.540832996368408,2000
1995-08-28,12.65625,12.65625,12.65625,12.65625,7.540832996368408,0
1995-08-29,12.65625,12.65625,12.65625,12.65625,7.5918192863464355,0
1995-08-30,13.375,13.375,13.375,13.375,8.02296257019043,800
1995-08-31,12.5,13.375,12.5,13.375,8.02296257019043,17200
1995-09-01,12.5,13.125,12.5,13.125,7.8729987144470215,9200
1995-09-05,13.0,13.0,13.0,13.0,7.798020839691162,3400
1995-09-06,13.125,13.125,12.75,12.75,7.648057460784912,2800
1995-09-07,12.75,12.75,12.75,12.75,7.648057460784912,0
1995-09-08,13.5,13.5,13.0,13.0,7.798020839691162,2600
1995-09-11,13.0,13.0,12.5,13.0,7.798020839691162,9200
1995-09-12,12.625,12.625,12.625,12.625,7.573077201843262,1200
1995-09-13,12.625,13.5,12.625,13.0,7.798020839691162,13600
1995-09-14,13.5,13.5,12.5,12.625,7.573077201843262,59200
1995-09-15,12.625,13.5,12.625,13.5,8.097941398620605,3400
1995-09-18,13.0,13.0,12.625,12.625,7.573077201843262,800
1995-09-19,12.625,12.625,12.625,12.625,7.573077201843262,400
1995-09-20,13.0,13.5,13.0,13.0,7.798020839691162,4400
1995-09-21,12.625,12.625,12.625,12.625,7.573077201843262,1000
1995-09-22,12.625,13.5,12.625,13.0625,7.835509777069092,2200
1995-09-25,13.0,13.0625,12.75,12.75,7.648057460784912,86200
1995-09-26,12.9375,13.375,12.9375,13.375,8.02296257019043,400
1995-09-27,13.375,13.375,13.375,13.375,8.02296257019043,400
1995-09-28,12.875,12.875,12.875,12.875,7.723039627075195,200
1995-09-29,13.375,13.375,12.75,13.0625,7.835509777069092,27800
1995-10-02,12.875,13.125,12.875,13.0,7.798020839691162,79200
1995-10-03,12.875,12.875,12.875,12.875,7.723039627075195,4000
1995-10-04,13.0625,13.5,13.0625,13.5,8.097941398620605,33200
1995-10-05,12.875,13.125,12.875,12.875,7.723039627075195,10200
1995-10-06,12.875,12.875,12.875,12.875,7.723039627075195,400
1995-10-09,12.9375,13.625,12.9375,13.625,8.172928810119629,10400
1995-10-10,12.875,13.0,12.875,13.0,7.798020839691162,203600
1995-10-11,13.0,13.03125,13.0,13.03125,7.816761016845703,5800
1995-10-12,13.0,13.125,13.0,13.125,7.8729987144470215,400
1995-10-13,13.5,13.5,13.5,13.5,8.097941398620605,2200
1995-10-16,13.125,13.25,13.125,13.25,7.947981834411621,1200
1995-10-17,13.5,13.5,13.1875,13.1875,7.910486698150635,3600
1995-10-18,13.0,13.375,12.9375,13.0,7.798020839691162,190600
1995-10-19,13.21875,13.21875,13.1875,13.1875,7.910486698150635,1000
1995-10-20,13.1875,13.1875,13.1875,13.1875,7.910486698150635,0
1995-10-23,13.1875,13.1875,13.1875,13.1875,7.910486698150635,0
1995-10-24,12.875,13.5,12.875,13.5,8.097941398620605,800
1995-10-25,13.125,13.5,12.5,13.1875,7.910486698150635,2200
1995-10-26,13.0,13.1875,13.0,13.0,7.798020839691162,6600
1995-10-27,12.5,12.5625,12.5,12.5,7.498091697692871,174600
1995-10-30,13.5,13.5,12.5,12.53125,7.516838550567627,36400
1995-10-31,13.0,13.0,12.375,12.375,7.423117637634277,21600
1995-11-01,13.0,13.0,12.625,12.75,7.648057460784912,5000
1995-11-02,12.75,12.75,12.75,12.75,7.648057460784912,0
1995-11-03,13.0,13.0,13.0,13.0,7.798020839691162,1000
1995-11-06,12.5,12.5625,12.5,12.5625,7.535584449768066,79000
1995-11-07,12.375,12.375,12.375,12.375,7.423117637634277,2000
1995-11-08,12.375,12.375,12.375,12.375,7.423117637634277,0
1995-11-09,12.375,12.375,12.375,12.375,7.423117637634277,0
1995-11-10,12.75,12.8125,12.75,12.8125,7.685546398162842,18800
1995-11-13,13.0,13.25,12.375,12.4375,7.460606098175049,102800
1995-11-14,12.3125,12.375,12.3125,12.375,7.423117637634277,122000
1995-11-15,12.625,12.6875,12.625,12.625,7.573077201843262,152800
1995-11-16,12.625,12.625,12.625,12.625,7.573077201843262,0
1995-11-17,12.625,12.625,12.625,12.625,7.573077201843262,0
1995-11-20,12.75,13.125,12.25,12.25,7.348136901855469,8200
1995-11-21,12.25,12.25,12.25,12.25,7.348136901855469,0
1995-11-22,12.25,12.25,12.25,12.25,7.348136901855469,0
1995-11-24,12.25,12.25,12.25,12.25,7.348136901855469,0
1995-11-27,12.5,13.0,12.25,12.4375,7.460606098175049,5000
1995-11-28,12.25,12.375,12.25,12.25,7.348136901855469,181800
1995-11-29,12.0,12.0,12.0,12.0,7.1981706619262695,600
1995-11-30,12.125,13.0,12.125,12.25,7.348136901855469,25200
1995-12-01,12.75,12.75,11.75,12.25,7.348136901855469,10200
1995-12-04,12.75,12.75,12.0,12.3125,7.385626316070557,9600
1995-12-05,11.875,12.75,11.875,12.75,7.648057460784912,6200
1995-12-06,12.625,12.625,12.125,12.25,7.348136901855469,3400
1995-12-07,12.25,12.625,11.75,12.3125,7.385626316070557,53000
1995-12-08,12.125,12.625,11.625,12.625,7.573077201843262,5800
1995-12-11,12.125,12.625,12.125,12.625,7.573077201843262,1000
1995-12-12,12.40625,12.40625,12.0,12.0,7.1981706619262695,1400
1995-12-13,12.375,12.5625,12.125,12.5625,7.5893449783325195,17200
1995-12-14,12.875,12.875,11.75,12.75,7.702615737915039,8400
1995-12-15,12.75,12.75,12.125,12.125,7.325037479400635,12200
1995-12-18,12.125,12.25,11.875,12.0,7.2495222091674805,65600
1995-12-19,12.0,12.5,12.0,12.5,7.551581859588623,10000
1995-12-20,12.0,12.5,11.9375,12.0,7.2495222091674805,12400
1995-12-21,12.375,12.375,12.125,12.25,7.400554656982422,9200
1995-12-22,11.5,12.125,11.375,12.125,7.325037479400635,26600
1995-12-26,11.75,12.25,11.25,11.75,7.098487377166748,16400
1995-12-27,11.875,12.125,11.125,12.125,7.325037479400635,37600
1995-12-28,11.375,12.125,11.125,12.125,7.325037479400635,6600
1995-12-29,11.625,12.0,11.125,11.9375,7.211765766143799,166200
1996-01-02,11.125,11.625,11.125,11.625,7.022973537445068,2400
1996-01-03,11.125,11.125,11.125,11.125,6.72091007232666,800
1996-01-04,11.125,12.125,11.125,11.125,6.72091007232666,13000
1996-01-05,12.125,12.125,11.5625,12.125,7.325037479400635,18400
1996-01-08,11.5625,11.625,11.5625,11.5625,6.985220909118652,13000
1996-01-09,11.125,11.125,11.125,11.125,6.72091007232666,600
1996-01-10,11.125,11.625,11.125,11.625,7.022973537445068,66000
1996-01-11,11.125,12.125,11.125,11.625,7.022973537445068,12800
1996-01-12,11.4375,12.125,11.125,11.125,6.72091007232666,22800
1996-01-15,11.875,11.875,11.0,11.0,6.645395755767822,14000
1996-01-16,11.25,11.875,11.0,11.875,7.174008369445801,10800
1996-01-17,11.0,11.875,10.875,11.0,6.645395755767822,49200
1996-01-18,10.875,11.5,10.75,10.75,6.4943623542785645,128400
1996-01-19,11.625,11.625,10.75,11.1875,6.758667945861816,12000
1996-01-22,11.625,11.625,10.75,10.75,6.4943623542785645,4800
1996-01-23,11.5,11.5,10.625,10.75,6.4943623542785645,12400
1996-01-24,11.125,11.5,11.125,11.125,6.72091007232666,6400
1996-01-25,11.125,11.125,11.125,11.125,6.72091007232666,0
1996-01-26,10.625,11.15625,10.625,10.625,6.418847560882568,67000
1996-01-29,10.75,11.5,10.625,11.0,6.645395755767822,171600
1996-01-30,11.375,11.875,11.3125,11.875,7.174008369445801,12600
1996-01-31,11.375,11.875,10.875,11.875,7.174008369445801,131400
1996-02-01,11.3125,11.875,11.0,11.875,7.174008369445801,26000
1996-02-02,10.875,11.375,10.875,11.375,6.871942520141602,296600
1996-02-05,11.875,11.875,11.875,11.875,7.174008369445801,400
1996-02-06,11.875,11.875,11.875,11.875,7.174008369445801,200
1996-02-07,11.0,11.5,11.0,11.5,6.947460174560547,68600
1996-02-08,11.625,11.625,11.625,11.625,7.022973537445068,4200
1996-02-09,11.25,11.625,11.0,11.0,6.645395755767822,8000
1996-02-12,11.625,11.625,11.0,11.5,6.947460174560547,27600
1996-02-13,11.1875,11.625,11.1875,11.25,6.7964253425598145,78600
1996-02-14,11.0625,11.125,11.0625,11.0625,6.6831536293029785,201800
1996-02-15,10.875,11.625,10.875,11.25,6.7964253425598145,333800
1996-02-16,11.625,11.875,11.125,11.875,7.174008369445801,6600
1996-02-20,11.875,11.875,11.375,11.375,6.871942520141602,21400
1996-02-21,11.25,12.0,11.25,12.0,7.2495222091674805,16000
1996-02-22,11.625,12.0,11.25,11.625,7.022973537445068,115000
1996-02-23,12.0,12.0,11.25,11.5,6.947460174560547,15600
1996-02-26,11.6875,12.0,11.625,12.0,7.2495222091674805,9000
1996-02-27,11.625,12.125,11.625,12.0,7.2495222091674805,67800
1996-02-28,11.625,12.0,11.625,12.0,7.2495222091674805,600
1996-02-29,12.0625,12.0625,11.75,11.8125,7.187155246734619,6000
1996-03-01,12.5,12.5,12.5,12.5,7.60545539855957,2000
1996-03-04,12.0,12.5,11.75,12.0,7.301238536834717,28600
1996-03-05,11.75,11.75,11.75,11.75,7.149129867553711,600
1996-03-06,11.8125,12.0,11.75,12.0,7.301238536834717,3200
1996-03-07,11.8125,12.5,11.8125,12.0,7.301238536834717,800
1996-03-08,12.0625,12.0625,11.75,11.75,7.149129867553711,4800
1996-03-11,11.75,11.875,11.75,11.875,7.225189208984375,21600
1996-03-12,11.75,11.75,11.75,11.75,7.149129867553711,400
1996-03-13,11.75,11.75,11.75,11.75,7.149129867553711,400
1996-03-14,12.125,12.5,11.75,11.75,7.149129867553711,15800
1996-03-15,11.75,11.8125,11.75,11.8125,7.187155246734619,1200
1996-03-18,12.5,12.5,11.8125,12.125,7.37729024887085,7800
1996-03-19,12.5,12.5,12.0625,12.125,7.37729024887085,6400
1996-03-20,11.75,12.5,11.75,12.5,7.60545539855957,3200
1996-03-21,11.75,11.8125,11.75,11.8125,7.187155246734619,2200
1996-03-22,12.5,12.5,11.75,12.0,7.301238536834717,1000
1996-03-25,11.75,12.25,11.75,12.0625,7.339268684387207,61600
1996-03-26,11.75,12.5,11.75,11.75,7.149129867553711,1800
1996-03-27,12.125,12.5,11.75,11.75,7.149129867553711,50000
1996-03-28,12.125,12.125,12.125,12.125,7.37729024887085,4400
1996-03-29,12.0625,12.5,12.0625,12.5,7.60545539855957,32400
1996-04-01,12.5,12.5,12.5,12.5,7.60545539855957,0
1996-04-02,11.75,11.75,11.75,11.75,7.149129867553711,2000
1996-04-03,11.75,12.1875,11.75,11.75,7.149129867553711,42600
1996-04-04,11.75,11.75,11.75,11.75,7.149129867553711,0
1996-04-08,12.5,12.5,11.75,11.75,7.149129867553711,2200
1996-04-09,11.75,12.125,11.75,12.125,7.37729024887085,1800
1996-04-10,12.125,12.125,12.0,12.0,7.301238536834717,7400
1996-04-11,11.75,12.5,11.75,11.75,7.149129867553711,8000
1996-04-12,12.5,12.5,12.0,12.0,7.301238536834717,1400
1996-04-15,11.75,12.0,11.75,11.75,7.149129867553711,3000
1996-04-16,12.0,12.375,12.0,12.375,7.5294060707092285,2400
1996-04-17,12.75,12.75,12.125,12.125,7.37729024887085,1400
1996-04-18,12.4375,12.4375,12.0,12.0,7.301238536834717,57000
1996-04-19,12.75,12.75,12.0,12.0,7.301238536834717,2200
1996-04-22,12.0,12.0,12.0,12.0,7.301238536834717,200
1996-04-23,12.0,12.0,12.0,12.0,7.301238536834717,0
1996-04-24,12.75,12.75,12.0,12.75,7.757566452026367,3400
1996-04-25,12.75,12.75,12.75,12.75,7.757566452026367,400
1996-04-26,12.0,12.125,12.0,12.125,7.37729024887085,600
1996-04-29,12.0,12.5,12.0,12.40625,7.5484161376953125,129200
1996-04-30,12.25,12.25,12.25,12.25,7.453352451324463,20600
1996-05-01,12.75,12.75,12.0,12.0,7.301238536834717,1200
1996-05-02,12.0,12.0,12.0,12.0,7.301238536834717,0
1996-05-03,12.75,12.75,12.375,12.6875,7.719540119171143,324000
1996-05-06,13.0,13.0,12.25,12.25,7.453352451324463,2000
1996-05-07,12.25,12.25,12.25,12.25,7.453352451324463,200
1996-05-08,13.0,13.0,12.4375,13.0,7.90967321395874,8400
1996-05-09,13.0,13.0,12.25,12.75,7.757566452026367,32200
1996-05-10,12.6875,13.0,12.5,12.875,7.833622932434082,70400
1996-05-13,13.25,13.25,13.25,13.25,8.061786651611328,200
1996-05-14,13.25,13.25,12.5,12.5,7.60545539855957,8600
1996-05-15,12.75,12.875,12.5625,12.75,7.757566452026367,18400
1996-05-16,13.25,13.25,12.5625,12.5625,7.643484592437744,2000
1996-05-17,12.5,12.75,12.5,12.75,7.757566452026367,2600
1996-05-20,12.875,13.25,12.5,12.5,7.60545539855957,10000
1996-05-21,12.5,12.5,12.5,12.5,7.60545539855957,0
1996-05-22,13.25,13.25,13.25,13.25,8.061786651611328,200
1996-05-23,13.25,13.25,12.8125,12.8125,7.795590877532959,800
1996-05-24,13.25,13.25,13.25,13.25,8.061786651611328,1000
1996-05-28,13.25,13.25,13.25,13.25,8.061786651611328,1200
1996-05-29,12.5,12.875,12.5,12.875,7.884203910827637,5400
1996-05-30,12.5,12.5,12.5,12.5,7.654565334320068,1200
1996-05-31,12.875,12.875,12.8125,12.8125,7.8459296226501465,1000
1996-06-03,12.5,12.8125,12.5,12.8125,7.8459296226501465,4200
1996-06-04,12.5,12.875,12.5,12.875,7.884203910827637,5000
1996-06-05,13.25,13.25,12.5,12.75,7.80765438079834,2600
1996-06-06,12.75,12.75,12.75,12.75,7.80765438079834,0
1996-06-07,12.75,12.75,12.75,12.75,7.80765438079834,0
1996-06-10,12.5,13.25,12.5,12.5,7.654565334320068,10600
1996-06-11,12.9375,12.9375,12.75,12.8125,7.8459296226501465,45800
1996-06-12,12.5,12.5,12.5,12.5,7.654565334320068,4200
1996-06-13,12.625,12.625,12.625,12.625,7.731110095977783,5400
1996-06-14,12.5,12.5,12.5,12.5,7.654565334320068,400
1996-06-17,13.25,13.25,12.5,12.875,7.884203910827637,800
1996-06-18,13.25,13.25,12.5,12.5,7.654565334320068,9000
1996-06-19,13.25,13.25,12.5,12.5,7.654565334320068,14000
1996-06-20,12.5,12.75,12.5,12.75,7.80765438079834,20800
1996-06-21,13.25,13.25,12.5,12.5,7.654565334320068,2000
1996-06-24,12.875,12.875,12.5,12.5,7.654565334320068,9200
1996-06-25,13.25,13.25,12.5,12.5,7.654565334320068,42800
1996-06-26,12.5,12.5,12.5,12.5,7.654565334320068,2000
1996-06-27,12.6875,13.25,12.5,12.5,7.654565334320068,15200
1996-06-28,13.25,13.25,12.5,13.0,7.960742950439453,41200
1996-07-01,12.875,13.0,12.5,12.5,7.654565334320068,18800
1996-07-02,12.5,13.0,12.5,13.0,7.960742950439453,4800
1996-07-03,12.5,13.0,12.5,13.0,7.960742950439453,17400
1996-07-05,12.5,12.5,12.5,12.5,7.654565334320068,2200
1996-07-08,12.9375,12.9375,12.875,12.875,7.884203910827637,1800
1996-07-09,12.625,12.6875,12.5,12.6875,7.769382953643799,11000
1996-07-10,13.0,13.0,13.0,13.0,7.960742950439453,2000
1996-07-11,13.0,13.0,13.0,13.0,7.960742950439453,2000
1996-07-12,12.25,12.375,12.25,12.25,7.501474380493164,21000
1996-07-15,12.25,13.0,12.25,13.0,7.960742950439453,3600
1996-07-16,13.0,13.0,13.0,13.0,7.960742950439453,0
1996-07-17,13.0,13.0,13.0,13.0,7.960742950439453,0
1996-07-18,12.25,12.25,12.25,12.25,7.501474380493164,400
1996-07-19,12.25,12.25,12.25,12.25,7.501474380493164,400
1996-07-22,12.625,13.0,12.5,12.625,7.731110095977783,7000
1996-07-23,12.25,12.625,12.25,12.28125,7.520611763000488,23800
1996-07-24,12.25,12.25,12.25,12.25,7.501474380493164,400
1996-07-25,12.5,13.0,12.25,12.375,7.578016757965088,21600
1996-07-26,12.375,12.375,12.375,12.375,7.578016757965088,0
1996-07-29,12.25,12.25,12.25,12.25,7.501474380493164,1200
1996-07-30,12.25,12.25,12.25,12.25,7.501474380493164,0
1996-07-31,12.25,13.0,12.25,13.0,7.960742950439453,10600
1996-08-01,13.0,13.0,12.25,12.25,7.501474380493164,2200
1996-08-02,12.5625,12.5625,12.5625,12.5625,7.692837238311768,10800
1996-08-05,12.5625,12.5625,12.5625,12.5625,7.692837238311768,0
1996-08-06,12.3125,12.375,12.1875,12.375,7.578016757965088,11000
1996-08-07,12.25,12.25,12.25,12.25,7.501474380493164,600
1996-08-08,12.5,12.5,11.78125,11.78125,7.214423656463623,9000
1996-08-09,11.75,11.96875,11.75,11.96875,7.3292436599731445,5200
1996-08-12,11.75,12.5,11.75,12.5,7.654565334320068,1200
1996-08-13,11.875,11.875,11.875,11.875,7.2718377113342285,4000
1996-08-14,12.0,12.0,11.875,11.875,7.2718377113342285,1000
1996-08-15,12.5,12.5,11.75,11.75,7.195286750793457,1400
1996-08-16,11.75,11.75,11.75,11.75,7.195286750793457,200
1996-08-19,11.75,11.75,11.75,11.75,7.195286750793457,0
1996-08-20,11.625,11.625,11.25,11.25,6.889109134674072,400
1996-08-21,11.25,11.25,11.25,11.25,6.889109134674072,1000
1996-08-22,11.25,11.25,11.25,11.25,6.889109134674072,400
1996-08-23,11.1875,11.5,11.0,11.0,6.736016750335693,232200
1996-08-26,11.5,11.5,11.5,11.5,7.042196750640869,200
1996-08-27,11.5,11.5,11.5,11.5,7.042196750640869,0
1996-08-28,11.25,11.25,11.1875,11.25,6.9404072761535645,54400
1996-08-29,11.25,11.25,11.25,11.25,6.9404072761535645,14200
1996-08-30,11.5,11.5,11.1875,11.1875,6.901846408843994,13400
1996-09-03,11.1875,11.25,11.1875,11.25,6.9404072761535645,2800
1996-09-04,11.5,11.5,11.4375,11.4375,7.05607795715332,8600
1996-09-05,11.5,11.5,11.0,11.125,6.863289833068848,9000
1996-09-06,11.125,11.125,11.125,11.125,6.863289833068848,0
1996-09-09,11.75,11.75,11.0,11.125,6.863289833068848,27200
1996-09-10,11.4375,11.75,11.25,11.3125,6.978964328765869,18400
1996-09-11,11.3125,11.3125,11.3125,11.3125,6.978964328765869,0
1996-09-12,11.5,11.5,11.25,11.25,6.9404072761535645,27600
1996-09-13,11.75,11.75,11.25,11.5,7.094634532928467,33800
1996-09-16,11.5,12.0,11.25,12.0,7.403098106384277,2000
1996-09-17,11.25,11.5625,11.25,11.25,6.9404072761535645,13000
1996-09-18,11.25,11.5,11.25,11.5,7.094634532928467,2400
1996-09-19,11.25,11.5,11.25,11.25,6.9404072761535645,41200
1996-09-20,11.25,12.0,11.25,12.0,7.403098106384277,37400
1996-09-23,12.0,12.0,12.0,12.0,7.403098106384277,200
1996-09-24,11.25,11.5,11.25,11.5,7.094634532928467,27000
1996-09-25,11.75,11.75,11.25,11.375,7.017523288726807,66800
1996-09-26,11.75,11.75,11.25,11.25,6.9404072761535645,30400
1996-09-27,11.3125,11.375,11.3125,11.375,7.017523288726807,2600
1996-09-30,11.75,11.75,11.5,11.5,7.094634532928467,2800
1996-10-01,11.6875,12.0,11.25,11.375,7.017523288726807,84000
1996-10-02,11.875,12.125,11.875,11.875,7.325985431671143,11600
1996-10-03,12.0,12.0,11.5,11.6875,7.2103071212768555,31600
1996-10-04,11.8125,11.84375,11.8125,11.84375,7.306702136993408,26000
1996-10-07,11.8125,11.9375,11.8125,11.9375,7.364543437957764,1800
1996-10-08,11.5,11.8125,11.5,11.8125,7.2874226570129395,2200
1996-10-09,12.0,12.0,11.8125,11.8125,7.2874226570129395,1800
1996-10-10,12.125,12.125,11.5,11.5,7.094634532928467,600
1996-10-11,11.5,11.5,11.5,11.5,7.094634532928467,0
1996-10-14,12.125,12.125,11.5,11.75,7.248865604400635,1000
1996-10-15,12.0,12.0,11.875,12.0,7.403098106384277,3200
1996-10-16,11.875,12.0,11.875,12.0,7.403098106384277,1800
1996-10-17,12.0,12.0,12.0,12.0,7.403098106384277,0
1996-10-18,12.0,12.0,12.0,12.0,7.403098106384277,0
1996-10-21,11.75,11.75,11.75,11.75,7.248865604400635,600
1996-10-22,11.5,11.5,11.5,11.5,7.094634532928467,200
1996-10-23,11.5,11.5,11.5,11.5,7.094634532928467,0
1996-10-24,11.75,11.75,11.5,11.5,7.094634532928467,5200
1996-10-25,11.75,11.75,11.75,11.75,7.248865604400635,800
1996-10-28,11.375,11.375,11.375,11.375,7.017523288726807,2600
1996-10-29,11.75,12.0,11.75,12.0,7.403098106384277,15600
1996-10-30,11.875,11.9375,11.875,11.9375,7.364543437957764,4200
1996-10-31,11.9375,12.0,11.9375,11.9375,7.364543437957764,79200
1996-11-01,12.0,12.0,12.0,12.0,7.403098106384277,7200
1996-11-04,12.125,12.3125,12.125,12.3125,7.59588623046875,14000
1996-11-05,12.0,12.625,12.0,12.125,7.480215072631836,1000
1996-11-06,12.0,12.0,12.0,12.0,7.403098106384277,800
1996-11-07,12.0,12.4375,12.0,12.0,7.403098106384277,6000
1996-11-08,12.125,12.5,12.125,12.1875,7.518773078918457,15800
1996-11-11,12.125,12.625,12.125,12.375,7.634445667266846,12400
1996-11-12,12.1875,12.1875,12.1875,12.1875,7.518773078918457,800
1996-11-13,12.25,12.25,12.25,12.25,7.557333946228027,2000
1996-11-14,12.1875,12.40625,12.1875,12.25,7.557333946228027,324400
1996-11-15,12.875,12.875,12.1875,12.1875,7.518773078918457,8200
1996-11-18,12.875,12.875,12.1875,12.875,7.942910194396973,86800
1996-11-19,12.875,12.875,12.875,12.875,7.942910194396973,3000
1996-11-20,12.25,12.875,12.25,12.5,7.711563587188721,45200
1996-11-21,12.875,12.875,12.25,12.25,7.557333946228027,2600
1996-11-22,12.375,12.625,12.375,12.5625,7.750120639801025,7200
1996-11-25,12.625,12.625,12.625,12.625,7.788678169250488,1000
1996-11-26,12.25,12.25,12.25,12.25,7.557333946228027,400
1996-11-27,12.25,12.875,12.25,12.5,7.711563587188721,2600
1996-11-29,12.5625,12.5625,12.25,12.25,7.557333946228027,3400
1996-12-02,12.875,12.875,12.25,12.875,7.942910194396973,10400
1996-12-03,13.0625,13.125,12.375,12.875,7.942910194396973,20800
1996-12-04,13.125,13.125,12.5,12.5,7.711563587188721,800
1996-12-05,13.125,13.125,12.5,12.5,7.711563587188721,3000
1996-12-06,13.125,13.125,12.5,12.5,7.711563587188721,1400
1996-12-09,13.125,13.25,12.75,13.125,8.097142219543457,421000
1996-12-10,13.25,13.25,12.75,12.75,7.8657917976379395,9200
1996-12-11,12.9375,13.125,12.9375,13.0,8.02001953125,20200
1996-12-12,12.875,13.25,12.875,13.0625,8.114762306213379,100400
1996-12-13,13.25,13.25,12.875,13.125,8.153584480285645,47200
1996-12-16,13.5,13.625,13.0,13.5625,8.425374031066895,13000
1996-12-17,13.0,13.625,13.0,13.125,8.153584480285645,6200
1996-12-18,13.375,13.625,13.0625,13.0625,8.114762306213379,51200
1996-12-19,13.0,13.625,13.0,13.0,8.075932502746582,6400
1996-12-20,13.125,13.40625,13.125,13.40625,8.32830810546875,2200
1996-12-23,13.375,13.75,13.375,13.75,8.541851997375488,1600
1996-12-24,13.75,13.75,13.75,13.75,8.541851997375488,1600
1996-12-26,13.75,13.75,13.25,13.25,8.231240272521973,1600
1996-12-27,13.4375,13.4375,13.4375,13.4375,8.34771728515625,1000
1996-12-30,13.125,13.75,13.125,13.6875,8.503028869628906,12200
1996-12-31,13.25,13.75,13.25,13.75,8.541851997375488,4800
1997-01-02,14.0,14.0,13.375,13.375,8.308893203735352,2000
1997-01-03,13.375,13.375,13.375,13.375,8.308893203735352,0
1997-01-06,13.625,14.0,13.375,13.5625,8.425374031066895,37400
1997-01-07,13.8125,13.8125,13.375,13.4375,8.34771728515625,89800
1997-01-08,13.8125,13.8125,13.375,13.5,8.38654899597168,5800
1997-01-09,13.375,13.8125,13.375,13.375,8.308893203735352,1600
1997-01-10,13.375,13.8125,13.375,13.375,8.308893203735352,3600
1997-01-13,14.0,14.0,13.6875,13.75,8.541851997375488,2400
1997-01-14,13.375,13.75,13.375,13.75,8.541851997375488,1800
1997-01-15,14.0,14.0,13.375,13.375,8.308893203735352,20400
1997-01-16,13.40625,13.75,13.40625,13.75,8.541851997375488,5200
1997-01-17,13.75,13.75,13.375,13.5,8.38654899597168,12400
1997-01-20,13.875,13.875,13.875,13.875,8.6195068359375,2200
1997-01-21,13.625,13.875,13.625,13.75,8.541851997375488,18400
1997-01-22,13.75,13.875,13.75,13.875,8.6195068359375,1400
1997-01-23,13.625,13.875,13.375,13.375,8.308893203735352,4800
1997-01-24,13.625,13.875,13.375,13.625,8.464200973510742,15000
1997-01-27,13.75,13.75,13.75,13.75,8.541851997375488,400
1997-01-28,13.53125,13.75,13.4375,13.75,8.541851997375488,13400
1997-01-29,13.75,13.75,13.0625,13.125,8.153584480285645,121200
1997-01-30,13.375,13.625,13.3125,13.625,8.464200973510742,55800
1997-01-31,13.3125,13.5,13.3125,13.4375,8.34771728515625,54800
1997-02-03,13.375,13.625,13.3125,13.53125,8.405961036682129,20000
1997-02-04,13.625,13.625,13.3125,13.3125,8.270069122314453,9800
1997-02-05,13.3125,13.3125,13.3125,13.3125,8.270069122314453,0
1997-02-06,13.5,13.5,13.46875,13.46875,8.367130279541016,29600
1997-02-07,13.375,13.5625,13.375,13.5625,8.425374031066895,4000
1997-02-10,13.75,13.875,13.5,13.625,8.464200973510742,58800
1997-02-11,13.75,13.75,13.75,13.75,8.541851997375488,5000
1997-02-12,13.5,14.0,13.5,14.0,8.697160720825195,1400
1997-02-13,14.0,14.0,14.0,14.0,8.697160720825195,1600
1997-02-14,14.0,14.0,13.75,14.0,8.697160720825195,13600
1997-02-18,13.8125,13.8125,13.8125,13.8125,8.580680847167969,200
1997-02-19,13.5,13.5,13.5,13.5,8.38654899597168,600
1997-02-20,14.0,14.25,13.75,13.75,8.541851997375488,36200
1997-02-21,13.75,14.0,13.75,14.0,8.697160720825195,7200
1997-02-24,14.125,14.125,13.75,13.75,8.541851997375488,4600
1997-02-25,13.75,13.75,13.75,13.75,8.541851997375488,200
1997-02-26,13.75,14.0,13.75,14.0,8.697160720825195,3000
1997-02-27,14.0,14.0,14.0,14.0,8.697160720825195,400
1997-02-28,14.25,14.25,13.875,13.875,8.6195068359375,4400
1997-03-03,13.875,14.0,13.875,14.0,8.697160720825195,5600
1997-03-04,14.0,14.0,14.0,14.0,8.697160720825195,0
1997-03-05,13.875,14.125,13.875,14.125,8.774810791015625,7600
1997-03-06,14.09375,14.25,14.0,14.0,8.752933502197266,37000
1997-03-07,14.0,14.25,14.0,14.0,8.752933502197266,8600
1997-03-10,14.0,14.375,14.0,14.375,8.987388610839844,4800
1997-03-11,14.0,14.1875,14.0,14.0625,8.792009353637695,31400
1997-03-12,14.25,14.25,14.0,14.125,8.831082344055176,38800
1997-03-13,13.875,14.25,13.75,13.9375,8.713852882385254,26800
1997-03-14,14.0,14.0,13.75,14.0,8.752933502197266,10600
1997-03-17,14.25,14.25,13.75,13.75,8.596625328063965,104400
1997-03-18,13.9375,14.125,13.75,13.75,8.596625328063965,20000
1997-03-19,14.0,14.0,13.625,13.625,8.51848030090332,20600
1997-03-20,14.125,14.125,13.625,14.125,8.831082344055176,56600
1997-03-21,14.125,14.125,13.625,13.625,8.51848030090332,8200
1997-03-24,14.125,14.125,14.125,14.125,8.831082344055176,2000
1997-03-25,13.625,13.875,13.625,13.8125,8.63570785522461,17000
1997-03-26,13.625,13.625,13.625,13.625,8.51848030090332,6400
1997-03-27,14.09375,14.125,13.625,13.625,8.51848030090332,7600
1997-03-31,13.625,14.125,13.625,13.875,8.674781799316406,12000
1997-04-01,13.625,14.125,13.625,14.0,8.752933502197266,24400
1997-04-02,13.875,13.875,13.625,13.625,8.51848030090332,8800
1997-04-03,13.625,14.0,13.625,13.75,8.596625328063965,5600
1997-04-04,14.0,14.0,14.0,14.0,8.752933502197266,2000
1997-04-07,13.5,13.625,13.5,13.625,8.51848030090332,32000
1997-04-08,13.59375,13.75,13.375,13.375,8.362176895141602,32000
1997-04-09,13.375,13.75,13.375,13.75,8.596625328063965,1800
1997-04-10,13.75,13.75,13.5,13.53125,8.45986270904541,36400
1997-04-11,13.375,13.375,13.375,13.375,8.362176895141602,200
1997-04-14,13.5625,13.75,13.375,13.5625,8.47940444946289,6400
1997-04-15,13.625,14.0,13.5,14.0,8.752933502197266,49800
1997-04-16,13.75,13.875,13.75,13.8125,8.63570785522461,32800
1997-04-17,14.0,14.0,13.75,14.0,8.752933502197266,10600
1997-04-18,13.75,13.75,13.75,13.75,8.596625328063965,600
1997-04-21,14.0,14.125,13.5,13.875,8.674781799316406,7400
1997-04-22,13.875,13.875,13.8125,13.875,8.674781799316406,61000
1997-04-23,13.5,13.75,13.5,13.5,8.440324783325195,6800
1997-04-24,13.5,13.5,13.5,13.5,8.440324783325195,0
1997-04-25,13.5,13.5,13.5,13.5,8.440324783325195,5600
1997-04-28,13.75,13.75,13.75,13.75,8.596625328063965,1800
1997-04-29,13.5,13.5,13.5,13.5,8.440324783325195,8800
1997-04-30,13.75,13.75,13.5,13.5,8.440324783325195,16200
1997-05-01,13.6875,13.9375,13.625,13.625,8.51848030090332,12800
1997-05-02,13.8125,14.0,13.8125,14.0,8.752933502197266,8200
1997-05-05,13.6875,14.0,13.6875,13.828125,8.64547061920166,14000
1997-05-06,14.125,15.5,14.125,15.5,9.690741539001465,54200
1997-05-07,15.0,15.25,15.0,15.0625,9.417219161987305,20200
1997-05-08,15.125,15.125,14.75,14.75,9.22183895111084,16600
1997-05-09,15.125,15.125,14.9375,14.9375,9.33906364440918,11800
1997-05-12,14.75,15.125,14.75,15.0,9.378140449523926,16200
1997-05-13,15.125,15.25,14.75,15.25,9.534441947937012,14200
1997-05-14,14.75,15.25,14.75,15.25,9.534441947937012,3400
1997-05-15,15.0,15.0625,14.75,14.875,9.299988746643066,9200
1997-05-16,15.375,15.375,14.8125,14.8125,9.26091194152832,2400
1997-05-19,15.125,15.125,14.875,14.875,9.299988746643066,2200
1997-05-20,14.875,15.125,14.875,15.0,9.378140449523926,105600
1997-05-21,15.375,15.375,14.875,14.875,9.299988746643066,7000
1997-05-22,15.375,15.375,14.875,14.875,9.299988746643066,3000
1997-05-23,15.25,15.375,15.25,15.375,9.612590789794922,1200
1997-05-27,14.875,15.375,14.875,15.375,9.612590789794922,2400
1997-05-28,14.875,15.125,14.875,15.125,9.456289291381836,17800
1997-05-29,15.0,15.3125,14.875,15.3125,9.573517799377441,4400
1997-05-30,15.0,15.25,14.75,15.0,9.378140449523926,15200
1997-06-02,15.1875,15.375,15.0,15.375,9.612590789794922,35800
1997-06-03,15.375,15.375,15.0,15.34375,9.649535179138184,22800
1997-06-04,15.0,15.375,15.0,15.0,9.43336296081543,2400
1997-06-05,15.25,15.25,15.25,15.25,9.590582847595215,7600
1997-06-06,15.3125,15.375,15.25,15.375,9.669194221496582,4600
1997-06-09,15.375,15.5,15.25,15.25,9.590582847595215,11000
1997-06-10,15.25,15.5625,15.25,15.5625,9.787110328674316,2800
1997-06-11,15.625,15.625,15.25,15.375,9.669194221496582,84600
1997-06-12,15.625,15.625,15.4375,15.4375,9.708497047424316,3000
1997-06-13,15.5,15.625,15.375,15.5,9.747802734375,19800
1997-06-16,15.875,15.875,15.5625,15.5625,9.787110328674316,14600
1997-06-17,15.375,15.875,15.375,15.8125,9.944334030151367,5200
1997-06-18,15.375,15.875,15.375,15.375,9.669194221496582,4800
1997-06-19,15.375,15.875,15.375,15.625,9.826415061950684,5800
1997-06-20,15.875,15.875,15.75,15.75,9.905024528503418,6200
1997-06-23,15.875,16.375,15.875,16.375,10.29808521270752,16400
1997-06-24,16.375,16.375,15.875,16.1875,10.180166244506836,22000
1997-06-25,16.375,16.375,15.875,15.875,9.983635902404785,21600
1997-06-26,16.375,16.375,16.0,16.125,10.140862464904785,41000
1997-06-27,15.875,16.5,15.875,16.5,10.376696586608887,5000
1997-06-30,16.5,16.625,16.125,16.625,10.455303192138672,26200
1997-07-01,16.75,16.875,16.625,16.6875,10.494609832763672,108800
1997-07-02,16.8125,16.8125,16.6875,16.8125,10.573223114013672,7200
1997-07-03,16.8125,16.8125,16.625,16.71875,10.514266014099121,6200
1997-07-07,16.8125,16.8125,16.8125,16.8125,10.573223114013672,2000
1997-07-08,16.71875,16.8125,16.625,16.625,10.455303192138672,7000
1997-07-09,16.625,16.8125,16.625,16.65625,10.474960327148438,53600
1997-07-10,16.875,16.875,16.6875,16.78125,10.553571701049805,30600
1997-07-11,16.875,16.875,16.875,16.875,10.612529754638672,1800
1997-07-14,17.0,17.0,16.75,16.75,10.533918380737305,2800
1997-07-15,16.75,16.75,16.75,16.75,10.533918380737305,400
1997-07-16,17.25,17.25,17.25,17.25,10.84836196899414,1000
1997-07-17,17.0,17.25,16.875,17.0625,10.730443954467773,25600
1997-07-18,16.875,17.5,16.875,17.5,11.005584716796875,2200
1997-07-21,16.875,17.625,16.875,17.625,11.08420181274414,24400
1997-07-22,17.625,17.625,17.125,17.625,11.08420181274414,4000
1997-07-23,17.125,17.625,17.125,17.5,11.005584716796875,6200
1997-07-24,17.625,17.75,17.625,17.75,11.162809371948242,600
1997-07-25,17.75,17.75,17.375,17.5625,11.044896125793457,5600
1997-07-28,17.5,17.9375,17.5,17.9375,11.280729293823242,4200
1997-07-29,17.5,17.75,17.5,17.625,11.08420181274414,80000
1997-07-30,17.625,17.75,17.625,17.75,11.162809371948242,6200
1997-07-31,17.75,17.75,17.5,17.75,11.162809371948242,113200
1997-08-01,17.75,17.75,17.75,17.75,11.162809371948242,0
1997-08-04,17.5,17.5625,17.375,17.5625,11.044896125793457,2800
1997-08-05,17.375,17.9375,17.375,17.9375,11.280729293823242,3800
1997-08-06,17.5625,17.875,17.5625,17.5625,11.044896125793457,9200
1997-08-07,17.875,17.875,17.5625,17.875,11.241419792175293,6800
1997-08-08,17.5625,17.875,17.5625,17.875,11.241419792175293,3000
1997-08-11,17.5625,17.875,17.5625,17.875,11.241419792175293,15600
1997-08-12,17.5625,17.78125,17.5625,17.625,11.08420181274414,7000
1997-08-13,17.5625,18.0,17.5625,18.0,11.320029258728027,2200
1997-08-14,17.625,17.625,17.625,17.625,11.08420181274414,1600
1997-08-15,17.5625,18.0,17.5625,18.0,11.320029258728027,400
1997-08-18,17.75,17.78125,17.25,17.6875,11.123504638671875,14400
1997-08-19,17.875,17.875,17.5625,17.71875,11.143153190612793,10800
1997-08-20,17.8125,17.8125,17.625,17.65625,11.103849411010742,4400
1997-08-21,17.5625,17.5625,17.5,17.5,11.005584716796875,12000
1997-08-22,17.625,17.625,17.625,17.625,11.08420181274414,400
1997-08-25,17.75,17.75,17.5,17.5625,11.044896125793457,13600
1997-08-26,17.5625,17.5625,17.5,17.5,11.005584716796875,5600
1997-08-27,17.5,17.5625,17.5,17.5625,11.1019926071167,4200
1997-08-28,17.625,17.625,17.125,17.3125,10.943948745727539,1400
1997-08-29,17.625,17.625,17.1875,17.1875,10.86492919921875,1200
1997-09-02,17.40625,17.625,17.1875,17.1875,10.86492919921875,5200
1997-09-03,17.625,17.625,17.1875,17.625,11.141500473022461,5200
1997-09-04,17.625,17.625,17.1875,17.1875,10.86492919921875,600
1997-09-05,17.5625,17.5625,17.1875,17.25,10.904447555541992,5400
1997-09-08,17.3125,17.5,17.3125,17.375,10.983460426330566,10600
1997-09-09,17.5,17.5,17.34375,17.375,10.983460426330566,2400
1997-09-10,17.1875,17.40625,17.1875,17.40625,11.003216743469238,3800
1997-09-11,17.625,17.625,17.40625,17.625,11.141500473022461,3200
1997-09-12,17.3125,17.3125,17.3125,17.3125,10.943948745727539,3800
1997-09-15,17.625,17.625,17.4375,17.4375,11.022966384887695,2800
1997-09-16,17.5,17.5,17.5,17.5,11.062478065490723,14800
1997-09-17,17.875,17.875,17.75,17.75,11.220514297485352,17000
1997-09-18,17.5,17.875,17.5,17.875,11.299534797668457,800
1997-09-19,17.5,17.75,17.5,17.75,11.220514297485352,10000
1997-09-22,17.625,18.6875,17.625,18.6875,11.81314468383789,37600
1997-09-23,18.25,18.625,18.1875,18.5625,11.734129905700684,35200
1997-09-24,18.5,18.5,17.9375,17.9375,11.339045524597168,12200
1997-09-25,18.21875,18.21875,18.09375,18.21875,11.516831398010254,211600
1997-09-26,18.25,18.75,18.0625,18.75,11.852654457092285,24600
1997-09-29,18.75,18.75,18.75,18.75,11.852654457092285,0
1997-09-30,18.5,18.5,18.5,18.5,11.694621086120605,5400
1997-10-01,18.875,19.25,18.6875,18.75,11.852654457092285,153200
1997-10-02,19.5,19.5,18.5,18.5,11.694621086120605,1800
1997-10-03,19.8125,19.8125,18.75,19.25,12.16872787475586,12000
1997-10-06,18.9375,19.4375,18.9375,19.4375,12.287250518798828,26200
1997-10-07,19.5625,19.75,19.5,19.6875,12.445292472839355,48200
1997-10-08,19.75,19.75,19.625,19.75,12.48480224609375,10200
1997-10-09,19.375,19.75,19.375,19.75,12.48480224609375,2000
1997-10-10,19.75,19.75,19.75,19.75,12.48480224609375,400
1997-10-13,19.75,19.75,19.75,19.75,12.48480224609375,0
1997-10-14,19.5,19.75,19.5,19.75,12.48480224609375,5400
1997-10-15,19.5,19.75,19.25,19.75,12.48480224609375,11800
1997-10-16,19.5,19.5,19.5,19.5,12.326760292053223,1000
1997-10-17,19.25,19.75,19.25,19.75,12.48480224609375,21000
1997-10-20,19.5,19.75,19.375,19.375,12.24774169921875,2600
1997-10-21,19.75,19.75,19.34375,19.75,12.48480224609375,8600
1997-10-22,19.375,19.75,19.375,19.375,12.24774169921875,5400
1997-10-23,19.375,19.375,19.125,19.125,12.089714050292969,2000
1997-10-24,19.75,19.75,19.125,19.75,12.48480224609375,4000
1997-10-27,19.125,19.8125,19.125,19.375,12.24774169921875,21200
1997-10-28,19.0625,19.5625,19.0625,19.5625,12.366272926330566,14000
1997-10-29,19.625,19.625,19.25,19.25,12.16872787475586,30600
1997-10-30,19.0,19.25,19.0,19.25,12.16872787475586,1200
1997-10-31,18.875,19.4375,18.875,19.4375,12.287250518798828,2600
1997-11-03,18.75,19.25,18.75,19.25,12.16872787475586,2400
1997-11-04,19.0,19.5,19.0,19.15625,12.109463691711426,3400
1997-11-05,19.15625,19.15625,19.15625,19.15625,12.109463691711426,0
1997-11-06,19.15625,19.25,19.0,19.1875,12.129223823547363,3200
1997-11-07,19.0,19.0625,19.0,19.0625,12.050198554992676,4800
1997-11-10,19.0,19.25,19.0,19.25,12.16872787475586,2200
1997-11-11,19.0,19.0,19.0,19.0,12.010697364807129,1400
1997-11-12,19.375,19.375,19.0,19.0,12.010697364807129,1600
1997-11-13,19.375,19.375,19.0,19.0,12.010697364807129,176000
1997-11-14,18.75,18.75,18.75,18.75,11.852654457092285,400
1997-11-17,18.75,18.75,18.75,18.75,11.852654457092285,0
1997-11-18,19.15625,19.15625,18.75,18.75,11.852654457092285,800
1997-11-19,18.75,18.75,18.75,18.75,11.852654457092285,0
1997-11-20,19.03125,19.125,19.03125,19.125,12.089714050292969,1400
1997-11-21,19.125,19.125,18.8125,18.8125,11.892160415649414,4800
1997-11-24,18.5,18.5,18.0,18.0,11.378552436828613,9400
1997-11-25,18.0,18.28125,18.0,18.0,11.378552436828613,5000
1997-11-26,18.0,18.0,18.0,18.0,11.378552436828613,0
1997-11-28,18.375,18.9375,18.375,18.9375,11.97118091583252,1400
1997-12-01,18.34375,18.625,18.34375,18.625,11.773636817932129,8400
1997-12-02,19.0,19.0,18.625,18.625,11.773636817932129,1200
1997-12-03,18.625,18.625,18.625,18.625,11.773636817932129,0
1997-12-04,19.25,19.5,18.5625,18.875,11.931670188903809,7800
1997-12-05,19.0,19.0,18.5625,18.9375,11.97118091583252,13000
1997-12-08,18.625,18.8125,18.5,18.8125,11.892160415649414,16000
1997-12-09,18.8125,19.25,18.65625,19.25,12.16872787475586,4600
1997-12-10,19.25,19.25,19.25,19.25,12.16872787475586,0
1997-12-11,18.625,18.625,18.375,18.375,11.615601539611816,7200
1997-12-12,18.375,18.78125,18.375,18.6875,11.87129020690918,11800
1997-12-15,18.75,18.78125,18.5625,18.6875,11.87129020690918,122400
1997-12-16,18.25,18.25,18.0,18.0,11.434554100036621,8200
1997-12-17,18.15625,18.375,18.125,18.375,11.67277717590332,61000
1997-12-18,18.4375,18.4375,18.0,18.0,11.434554100036621,3400
1997-12-19,18.0,18.875,18.0,18.0,11.434554100036621,29000
1997-12-22,18.0,18.1875,18.0,18.1875,11.553659439086914,5400
1997-12-23,18.0,18.46875,18.0,18.46875,11.732327461242676,17600
1997-12-24,18.0,18.0,18.0,18.0,11.434554100036621,1800
1997-12-26,18.0,18.0625,18.0,18.0625,11.474259376525879,4600
1997-12-29,18.25,18.25,18.0,18.0,11.434554100036621,29200
1997-12-30,18.09375,18.09375,18.0625,18.0625,11.474259376525879,25800
1997-12-31,18.0,18.1875,18.0,18.1875,11.553659439086914,2600
1998-01-02,18.0,18.25,18.0,18.25,11.593364715576172,1800
1998-01-05,18.5,18.5,18.0,18.0,11.434554100036621,3400
1998-01-06,18.0,18.0,17.875,17.875,11.355145454406738,14800
1998-01-07,18.5,18.5,17.625,17.625,11.19633674621582,22200
1998-01-08,17.75,17.84375,17.75,17.75,11.275739669799805,98200
1998-01-09,17.75,18.0,17.625,17.625,11.19633674621582,85000
1998-01-12,17.625,18.375,17.625,18.375,11.67277717590332,7400
1998-01-13,17.8125,17.8125,17.59375,17.625,11.19633674621582,85200
1998-01-14,17.625,17.625,17.625,17.625,11.19633674621582,0
1998-01-15,17.625,17.625,17.375,17.625,11.19633674621582,185200
1998-01-16,17.6875,18.375,17.375,17.625,11.19633674621582,19000
1998-01-20,18.375,18.375,18.0,18.375,11.67277717590332,4000
1998-01-21,18.5,18.5,18.0625,18.0625,11.474259376525879,3400
1998-01-22,18.0625,18.0625,18.0625,18.0625,11.474259376525879,2600
1998-01-23,18.0625,18.625,18.0625,18.1875,11.553659439086914,2000
1998-01-26,18.125,18.125,17.625,17.625,11.19633674621582,13600
1998-01-27,17.375,17.5,17.375,17.5,11.116929054260254,2400
1998-01-28,17.5,18.375,17.375,17.375,11.037519454956055,2600
1998-01-29,17.75,18.0,17.375,18.0,11.434554100036621,28400
1998-01-30,17.6875,17.75,17.53125,17.75,11.275739669799805,8000
1998-02-02,18.0,19.0625,17.0,19.0625,12.109511375427246,18400
1998-02-03,18.75,19.125,18.1875,19.125,12.149221420288086,3000
1998-02-04,17.4375,17.5,17.4375,17.5,11.116929054260254,2200
1998-02-05,19.125,19.125,17.75,17.75,11.275739669799805,5200
1998-02-06,19.125,19.125,18.125,18.75,11.910996437072754,6000
1998-02-09,19.0625,19.0625,18.25,18.25,11.593364715576172,2800
1998-02-10,18.53125,18.875,18.1875,18.875,11.990403175354004,1400
1998-02-11,18.875,18.875,18.875,18.875,11.990403175354004,0
1998-02-12,18.875,18.875,18.875,18.875,11.990403175354004,800
1998-02-13,18.875,18.875,18.6875,18.875,11.990403175354004,5000
1998-02-17,18.625,19.0,18.625,19.0,12.069807052612305,3200
1998-02-18,19.0,19.125,18.125,18.125,11.513964653015137,4800
1998-02-19,19.125,19.125,18.125,18.75,11.910996437072754,3800
1998-02-20,17.75,18.25,17.75,18.25,11.593364715576172,1800
1998-02-23,17.8125,18.0625,17.8125,18.0625,11.474259376525879,4600
1998-02-24,17.75,18.375,17.75,17.75,11.275739669799805,5000
1998-02-25,17.5,18.375,17.5,18.375,11.67277717590332,1800
1998-02-26,17.9375,18.5625,17.9375,18.4375,11.712479591369629,27800
1998-02-27,18.625,18.75,18.1875,18.1875,11.553659439086914,2000
1998-03-02,18.0,19.0,18.0,19.0,12.069807052612305,15000
1998-03-03,19.125,19.4375,18.8125,19.4375,12.347733497619629,21400
1998-03-04,19.3125,19.3125,19.1875,19.25,12.228617668151855,4200
1998-03-05,18.6875,18.75,18.6875,18.75,11.966949462890625,2400
1998-03-06,18.90625,19.3125,18.90625,19.3125,12.325950622558594,600
1998-03-09,18.625,18.75,18.625,18.75,11.966949462890625,1000
1998-03-10,18.75,19.3125,18.625,19.3125,12.325950622558594,1600
1998-03-11,19.046875,19.046875,18.625,18.625,11.887165069580078,2000
1998-03-12,18.90625,18.90625,18.90625,18.90625,12.066672325134277,1400
1998-03-13,18.6875,18.6875,18.6875,18.6875,11.92705249786377,600
1998-03-16,19.3125,19.375,18.875,19.375,12.365839958190918,3400
1998-03-17,19.0625,19.375,19.0625,19.375,12.365839958190918,1200
1998-03-18,19.25,19.3125,19.0,19.3125,12.325950622558594,1800
1998-03-19,19.1875,19.375,19.0625,19.0625,12.166396141052246,12800
1998-03-20,19.375,19.375,18.75,19.0,12.126507759094238,3400
1998-03-23,19.125,19.3125,19.0,19.25,12.286062240600586,27000
1998-03-24,19.25,19.375,19.25,19.3125,12.325950622558594,26600
1998-03-25,19.375,19.5,19.375,19.5,12.445621490478516,17600
1998-03-26,19.6875,19.875,19.6875,19.875,12.684965133666992,2000
1998-03-27,19.5,19.875,19.5,19.625,12.525408744812012,10400
1998-03-30,19.625,20.03125,19.625,19.8125,12.645074844360352,23000
1998-03-31,20.03125,20.5625,19.875,20.5625,13.12375259399414,17200
1998-04-01,20.75,21.0,20.75,21.0,13.402983665466309,6600
1998-04-02,21.625,22.0,21.625,21.8125,13.921537399291992,14200
1998-04-03,22.46875,22.46875,22.125,22.375,14.28055477142334,9800
1998-04-06,22.4375,22.4375,21.78125,21.875,13.961440086364746,108000
1998-04-07,21.875,21.9375,20.9375,21.5,13.72209644317627,43600
1998-04-08,21.4375,22.4375,21.375,21.75,13.881650924682617,19200
1998-04-09,21.53125,21.53125,21.53125,21.53125,13.74203872680664,200
1998-04-13,21.53125,21.53125,21.53125,21.53125,13.74203872680664,0
1998-04-14,21.5,21.5,21.5,21.5,13.72209644317627,200
1998-04-15,21.25,21.25,20.3125,20.375,13.004077911376953,25800
1998-04-16,20.25,21.0,20.0,21.0,13.402983665466309,40000
1998-04-17,21.875,21.875,21.25,21.25,13.562532424926758,400
1998-04-20,21.3125,21.625,21.25,21.4375,13.68220329284668,12200
1998-04-21,21.4375,21.5,21.4375,21.5,13.72209644317627,18000
1998-04-22,21.53125,21.625,21.4375,21.625,13.80187702178955,131600
1998-04-23,21.4375,21.5625,21.4375,21.46875,13.702154159545898,56800
1998-04-24,21.5625,21.5625,21.453125,21.453125,13.692180633544922,1800
1998-04-27,21.4375,21.4375,21.15625,21.3125,13.602429389953613,19200
1998-04-28,21.0,21.0625,20.5625,20.5625,13.12375259399414,37600
1998-04-29,21.125,21.5,21.125,21.5,13.72209644317627,1400
1998-04-30,21.5,21.6875,21.125,21.125,13.482757568359375,21800
1998-05-01,21.1875,21.1875,21.1875,21.1875,13.522645950317383,1200
1998-05-04,21.46875,21.5625,21.375,21.5,13.72209644317627,157600
1998-05-05,21.625,21.625,21.1875,21.4375,13.68220329284668,6400
1998-05-06,21.390625,21.5,21.390625,21.5,13.72209644317627,1200
1998-05-07,21.375,21.375,21.375,21.375,13.642316818237305,16000
1998-05-08,21.375,21.5,21.375,21.5,13.72209644317627,31600
1998-05-11,21.5,21.5,21.5,21.5,13.72209644317627,1600
1998-05-12,21.5,21.5625,21.5,21.5,13.72209644317627,2600
1998-05-13,21.5,21.5,21.5,21.5,13.72209644317627,2000
1998-05-14,21.5,22.375,21.5,21.875,13.961440086364746,15200
1998-05-15,22.0,22.375,21.75,21.8125,13.921537399291992,16400
1998-05-18,21.75,22.0,21.75,22.0,14.041211128234863,56000
1998-05-19,21.75,21.8125,21.75,21.8125,13.921537399291992,500400
1998-05-20,21.75,21.8125,21.75,21.8125,13.921537399291992,36800
1998-05-21,21.78125,21.78125,21.78125,21.78125,13.90160083770752,6000
1998-05-22,22.0,22.0625,21.96875,21.96875,14.021265029907227,5200
1998-05-26,21.9375,22.5625,21.875,22.40625,14.30049991607666,31600
1998-05-27,22.25,22.875,20.625,20.625,13.163634300231934,66400
1998-05-28,20.78125,21.15625,20.78125,21.15625,13.561884880065918,17400
1998-05-29,21.328125,21.328125,21.328125,21.328125,13.67205810546875,400
1998-06-01,21.9375,21.9375,21.375,21.375,13.702105522155762,2800
1998-06-02,21.9375,21.9375,21.375,21.71875,13.92246150970459,26600
1998-06-03,21.375,21.4375,21.375,21.375,13.702105522155762,12400
1998-06-04,21.375,21.375,21.375,21.375,13.702105522155762,4200
1998-06-05,21.625,21.625,21.5,21.5,13.782238960266113,2600
1998-06-08,21.75,21.75,21.59375,21.75,13.942500114440918,8800
1998-06-09,21.890625,21.890625,21.71875,21.734375,13.932474136352539,4000
1998-06-10,21.625,21.65625,21.625,21.65625,13.882401466369629,3400
1998-06-11,21.625,21.65625,21.625,21.625,13.8623628616333,4600
1998-06-12,22.0,22.0,21.5,21.5,13.782238960266113,26600
1998-06-15,21.5,21.75,21.5,21.75,13.942500114440918,2400
1998-06-16,21.75,21.75,21.75,21.75,13.942500114440918,0
1998-06-17,21.5,21.625,21.5,21.625,13.8623628616333,25400
1998-06-18,21.5,22.0625,21.5,21.5,13.782238960266113,6600
1998-06-19,21.5,21.625,21.15625,21.40625,13.722139358520508,15800
1998-06-22,21.25,21.5625,21.125,21.125,13.541847229003906,21600
1998-06-23,21.5,21.5,21.5,21.5,13.782238960266113,400
1998-06-24,21.9375,22.0625,21.90625,21.90625,14.04265308380127,10800
1998-06-25,21.5625,22.046875,21.5625,21.5625,13.822304725646973,4600
1998-06-26,21.5625,21.875,21.5625,21.875,14.022625923156738,5800
1998-06-29,22.09375,22.09375,21.75,21.8125,13.982561111450195,1400
1998-06-30,22.0,22.15625,21.9375,22.125,14.18288803100586,13800
1998-07-01,22.125,22.125,21.875,21.9375,14.062690734863281,9600
1998-07-02,21.90625,21.9375,21.875,21.875,14.022625923156738,21000
1998-07-06,21.96875,22.125,21.875,21.90625,14.04265308380127,47000
1998-07-07,21.8125,22.015625,21.8125,21.9375,14.062690734863281,17200
1998-07-08,21.625,21.796875,21.625,21.75,13.942500114440918,3400
1998-07-09,21.875,21.96875,21.875,21.96875,14.082717895507812,26400
1998-07-10,21.75,22.0625,21.75,21.75,13.942500114440918,4600
1998-07-13,21.75,21.75,21.75,21.75,13.942500114440918,0
1998-07-14,21.75,21.75,21.75,21.75,13.942500114440918,0
1998-07-15,21.9375,22.0,21.9375,22.0,14.102754592895508,9200
1998-07-16,22.25,22.25,22.125,22.125,14.18288803100586,14400
1998-07-17,22.125,22.25,22.125,22.21875,14.242984771728516,10400
1998-07-20,22.21875,22.21875,22.03125,22.1875,14.222953796386719,15200
1998-07-21,22.25,22.25,22.25,22.25,14.263005256652832,6000
1998-07-22,22.125,22.1875,22.125,22.125,14.18288803100586,7800
1998-07-23,22.21875,22.21875,22.0,22.0,14.102754592895508,18400
1998-07-24,21.9375,22.1875,21.875,21.9375,14.062690734863281,89800
1998-07-27,21.859375,22.1875,21.859375,22.1875,14.222953796386719,1400
1998-07-28,21.8125,22.0,21.8125,21.90625,14.04265308380127,6800
1998-07-29,21.8125,21.90625,21.8125,21.90625,14.04265308380127,1400
1998-07-30,21.8125,21.9375,21.8125,21.90625,14.04265308380127,7600
1998-07-31,21.9375,22.0625,21.9375,21.9375,14.062690734863281,26000
1998-08-03,21.921875,21.96875,21.90625,21.96875,14.082717895507812,179200
1998-08-04,21.90625,21.96875,21.6875,21.6875,13.902441024780273,312800
1998-08-05,21.6875,21.6875,21.5,21.625,13.8623628616333,360000
1998-08-06,21.9375,21.9375,21.65625,21.65625,13.882401466369629,48000
1998-08-07,21.703125,21.78125,21.625,21.625,13.8623628616333,16400
1998-08-10,21.625,21.78125,21.625,21.78125,13.962522506713867,2200
1998-08-11,21.625,21.625,21.5625,21.625,13.8623628616333,4600
1998-08-12,21.265625,21.34375,21.265625,21.3125,13.6620454788208,7600
1998-08-13,21.1875,21.21875,21.125,21.140625,13.551867485046387,40000
1998-08-14,21.25,21.25,21.125,21.15625,13.561884880065918,1800
1998-08-17,21.125,21.21875,21.125,21.21875,13.601945877075195,5600
1998-08-18,21.1875,21.5,21.125,21.3125,13.6620454788208,18600
1998-08-19,21.3125,21.3125,21.3125,21.3125,13.6620454788208,0
1998-08-20,21.125,21.5,21.125,21.125,13.541847229003906,2400
1998-08-21,21.125,21.15625,20.875,20.9375,13.421659469604492,29800
1998-08-24,20.875,21.0,20.625,20.75,13.301464080810547,58000
1998-08-25,20.75,20.75,20.75,20.75,13.301464080810547,0
1998-08-26,20.75,20.75,20.046875,20.125,12.9008150100708,76200
1998-08-27,19.828125,19.84375,19.28125,19.84375,12.720527648925781,34000
1998-08-28,19.40625,19.875,19.328125,19.875,12.801836013793945,22000
1998-08-31,19.875,19.9375,19.125,19.9375,12.842106819152832,7800
1998-09-01,19.125,19.765625,19.0,19.765625,12.731391906738281,14600
1998-09-02,19.875,20.0,19.0,19.0,12.238243103027344,4600
1998-09-03,19.96875,19.96875,19.125,19.125,12.31875228881836,10800
1998-09-04,19.125,19.125,19.125,19.125,12.31875228881836,1200
1998-09-08,20.0,20.0,19.625,19.703125,12.691140174865723,7200
1998-09-09,19.25,20.125,19.25,19.875,12.801836013793945,8000
1998-09-10,19.6875,19.6875,19.125,19.125,12.31875228881836,3200
1998-09-11,19.125,20.125,19.125,20.125,12.962875366210938,1600
1998-09-14,20.5,20.5,18.875,18.875,12.157719612121582,13800
1998-09-15,18.875,19.375,18.875,19.375,12.479789733886719,10800
1998-09-16,19.4375,19.4375,19.0,19.0,12.238243103027344,2800
1998-09-17,18.75,18.875,18.75,18.75,12.077213287353516,45200
1998-09-18,18.84375,19.0,18.6875,19.0,12.238243103027344,19200
1998-09-21,18.5,19.0,18.5,18.796875,12.10740852355957,4200
1998-09-22,18.5,18.84375,18.5,18.5,11.916179656982422,8200
1998-09-23,18.75,19.0,18.5,18.53125,11.936308860778809,91000
1998-09-24,18.5,19.0,18.5,18.5,11.916179656982422,17800
1998-09-25,18.75,18.75,18.5,18.5,11.916179656982422,15000
1998-09-28,18.5625,18.5625,18.5,18.5625,11.956439018249512,54600
1998-09-29,18.5625,18.5625,18.5625,18.5625,11.956439018249512,0
1998-09-30,18.6875,18.6875,17.9375,18.65625,12.01682186126709,89400
1998-10-01,17.9375,18.65625,17.9375,18.65625,12.01682186126709,41400
1998-10-02,17.75,18.4375,17.75,17.8125,11.473356246948242,100600
1998-10-05,17.78125,17.78125,16.6875,16.75,10.788976669311523,122800
1998-10-06,16.6875,16.875,16.6875,16.875,10.869490623474121,3800
1998-10-07,16.828125,16.875,16.78125,16.875,10.869490623474121,4000
1998-10-08,16.8125,16.8125,16.8125,16.8125,10.829231262207031,200
1998-10-09,16.8125,17.96875,16.5,17.59375,11.332448959350586,12000
1998-10-12,17.5,17.5,16.5,16.5,10.627946853637695,6000
1998-10-13,17.0,17.21875,16.5,16.5,10.627946853637695,39000
1998-10-14,16.5,16.5,16.5,16.5,10.627946853637695,0
1998-10-15,17.0,17.0,16.5625,16.5625,10.668200492858887,2000
1998-10-16,16.5625,16.9375,16.5625,16.9375,10.909749984741211,4600
1998-10-19,16.9375,17.28125,16.9375,17.0625,10.990262031555176,11600
1998-10-20,17.25,17.4375,17.1875,17.25,11.111037254333496,9400
1998-10-21,17.4375,17.4375,17.1875,17.1875,11.070778846740723,1400
1998-10-22,17.1875,17.375,17.0625,17.1875,11.070778846740723,3400
1998-10-23,17.0,17.375,17.0,17.1875,11.070778846740723,2000
1998-10-26,17.15625,17.1875,17.0625,17.140625,11.040589332580566,13400
1998-10-27,17.09375,17.25,17.0,17.125,11.030517578125,32600
1998-10-28,17.1875,17.1875,17.125,17.125,11.030517578125,2200
1998-10-29,17.0625,17.125,17.0625,17.125,11.030517578125,32200
1998-10-30,17.125,17.125,17.0625,17.0625,10.990262031555176,1600
1998-11-02,17.109375,17.109375,17.0625,17.09375,11.010393142700195,9600
1998-11-03,17.0625,17.125,17.0625,17.0625,10.990262031555176,27200
1998-11-04,17.125,17.4375,17.09375,17.4375,11.231806755065918,130800
1998-11-05,17.375,17.40625,17.25,17.375,11.191551208496094,46600
1998-11-06,17.4375,17.9375,17.4375,17.5,11.272062301635742,8400
1998-11-09,17.625,17.8125,17.5,17.8125,11.473356246948242,17200
1998-11-10,17.8125,17.8125,17.625,17.625,11.352579116821289,2000
1998-11-11,17.5625,17.8125,17.5625,17.59375,11.332448959350586,5800
1998-11-12,17.625,17.625,17.625,17.625,11.352579116821289,1000
1998-11-13,17.5,17.5,17.5,17.5,11.272062301635742,1000
1998-11-16,17.625,17.875,17.5,17.625,11.352579116821289,28800
1998-11-17,17.5,17.625,17.5,17.625,11.352579116821289,3600
1998-11-18,17.5,17.9375,17.3125,17.9375,11.553868293762207,40000
1998-11-19,17.9375,17.9375,17.5625,17.75,11.433095932006836,12200
1998-11-20,17.5625,17.875,17.5625,17.65625,11.372708320617676,1400
1998-11-23,17.625,17.625,17.375,17.375,11.191551208496094,86000
1998-11-24,17.25,17.3125,17.125,17.15625,11.050649642944336,53200
1998-11-25,17.9375,17.9375,17.125,17.25,11.111037254333496,20800
1998-11-27,17.25,17.25,17.25,17.25,11.111037254333496,1400
1998-11-30,17.25,17.25,17.25,17.25,11.111037254333496,5400
1998-12-01,17.25,17.9375,17.25,17.59375,11.332448959350586,3800
1998-12-02,17.59375,17.9375,17.5625,17.9375,11.553868293762207,744400
1998-12-03,17.9375,19.0,17.8125,18.5,11.916179656982422,17600
1998-12-04,18.0,19.0,18.0,19.0,12.238243103027344,6000
1998-12-07,19.125,19.125,18.75,18.75,12.077213287353516,9200
1998-12-08,18.84375,19.6875,18.75,19.0625,12.278501510620117,31200
1998-12-09,19.625,19.625,19.15625,19.15625,12.338886260986328,2200
1998-12-10,19.03125,19.03125,18.890625,19.0,12.238243103027344,1800
1998-12-11,19.1875,19.1875,18.875,18.875,12.157719612121582,60400
1998-12-14,19.0,19.0,18.375,18.5,11.976460456848145,103800
1998-12-15,18.5,18.53125,18.46875,18.5,11.976460456848145,39400
1998-12-16,18.5,18.5625,18.375,18.53125,11.996689796447754,8800
1998-12-17,18.53125,18.625,18.5,18.5625,12.016921997070312,22000
1998-12-18,18.6875,18.8125,18.625,18.8125,12.178762435913086,35000
1998-12-21,18.6875,19.5,18.6875,19.5,12.623835563659668,9600
1998-12-22,19.375,19.8125,19.375,19.375,12.542919158935547,9600
1998-12-23,19.59375,20.0,19.59375,20.0,12.947535514831543,19400
1998-12-24,20.125,20.125,19.8125,19.8125,12.826141357421875,6600
1998-12-28,19.875,20.125,19.875,20.0625,12.987985610961914,44200
1998-12-29,20.0,20.625,20.0,20.625,13.352129936218262,4200
1998-12-30,20.625,20.625,20.0,20.0,12.947535514831543,800
1998-12-31,20.625,20.625,20.0625,20.0625,12.987985610961914,6000
1999-01-04,20.0,22.5,20.0,20.0,12.947535514831543,25200
1999-01-05,20.75,20.75,20.0625,20.75,13.433055877685547,4000
1999-01-06,21.4375,21.4375,20.0625,20.0625,12.987985610961914,3000
1999-01-07,20.0625,20.0625,20.0625,20.0625,12.987985610961914,600
1999-01-08,20.0625,20.625,20.0,20.15625,13.04868221282959,60800
1999-01-11,20.15625,20.625,20.0,20.0,12.947535514831543,30800
1999-01-12,20.0625,20.5,20.0,20.25,13.109366416931152,7400
1999-01-13,20.0,21.25,20.0,21.0,13.594898223876953,90400
1999-01-14,21.25,21.25,20.5625,20.5625,13.311676979064941,36600
1999-01-15,20.5625,20.75,20.0,20.0,12.947535514831543,9400
1999-01-19,20.0,20.0,19.0,19.5,12.623835563659668,65800
1999-01-20,17.625,19.75,17.625,19.75,12.785684585571289,19800
1999-01-21,18.125,18.4375,17.125,17.125,11.086313247680664,35800
1999-01-22,17.34375,18.75,16.875,18.75,12.138307571411133,33800
1999-01-25,17.90625,18.96875,17.8125,18.4375,11.935994148254395,23200
1999-01-26,18.4375,19.75,18.4375,19.125,12.381072998046875,15400
1999-01-27,18.6875,18.75,17.75,17.75,11.490930557250977,40000
1999-01-28,17.75,18.5,17.75,18.3125,11.855077743530273,20200
1999-01-29,18.5,18.5,18.5,18.5,11.976460456848145,1400
1999-02-01,18.5,19.0,18.5,18.96875,12.279919624328613,13200
1999-02-02,18.46875,18.9375,18.46875,18.5,11.976460456848145,20400
1999-02-03,18.5,18.75,18.5,18.5,11.976460456848145,41200
1999-02-04,18.5,18.53125,18.125,18.25,11.814620018005371,24600
1999-02-05,18.125,18.75,18.125,18.125,11.73369312286377,41000
1999-02-08,18.125,18.71875,18.125,18.71875,12.118073463439941,1200
1999-02-09,18.125,18.125,18.125,18.125,11.73369312286377,7400
1999-02-10,18.125,18.125,18.125,18.125,11.73369312286377,5400
1999-02-11,18.53125,18.53125,18.125,18.125,11.73369312286377,7200
1999-02-12,18.5,18.5,18.125,18.125,11.73369312286377,39800
1999-02-16,18.5,18.5,18.0,18.015625,11.662890434265137,20400
1999-02-17,18.0,18.03125,17.75,17.75,11.490930557250977,30800
1999-02-18,17.8125,17.8125,17.5625,17.625,11.41000747680664,3200
1999-02-19,17.5625,17.5625,17.5,17.5,11.329081535339355,6200
1999-02-22,17.625,17.875,17.53125,17.875,11.57185173034668,44800
1999-02-23,17.5,18.0625,17.5,17.5625,11.369544982910156,238000
1999-02-24,17.625,18.09375,17.125,17.625,11.41000747680664,6200
1999-02-25,17.625,17.6875,17.5,17.5,11.329081535339355,62000
1999-02-26,17.59375,17.59375,17.53125,17.53125,11.34931468963623,15200
1999-03-01,18.0625,18.0625,17.5,17.75,11.490930557250977,31600
1999-03-02,18.0625,18.0625,17.5,17.75,11.490930557250977,94600
1999-03-03,17.5,18.5,17.5,18.25,11.814620018005371,2200
1999-03-04,18.3125,18.9375,18.28125,18.9375,12.323841094970703,4800
1999-03-05,18.4375,18.9375,18.4375,18.9375,12.323841094970703,1800
1999-03-08,18.5,18.5,18.375,18.375,11.957788467407227,6400
1999-03-09,18.25,18.25,17.9375,17.9375,11.673075675964355,1600
1999-03-10,17.875,17.9375,17.875,17.875,11.632404327392578,15800
1999-03-11,17.75,18.0,17.75,18.0,11.713747024536133,600
1999-03-12,17.75,17.75,17.75,17.75,11.551058769226074,400
1999-03-15,17.875,17.9375,17.84375,17.875,11.632404327392578,34000
1999-03-16,17.875,17.875,17.75,17.8125,11.591733932495117,1400
1999-03-17,17.75,17.75,17.625,17.625,11.469711303710938,10400
1999-03-18,17.5,17.5,15.71875,16.25,10.574909210205078,33000
1999-03-19,16.0,16.625,16.0,16.625,10.818943977355957,7000
1999-03-22,16.5,16.5625,16.375,16.5625,10.778276443481445,32000
1999-03-23,16.5625,16.5625,16.4375,16.4375,10.696932792663574,127800
1999-03-24,16.4375,16.5,16.4375,16.46875,10.717269897460938,8800
1999-03-25,16.4375,16.875,16.4375,16.875,10.981637954711914,5000
1999-03-26,17.5,18.0,17.25,17.625,11.469711303710938,10200
1999-03-29,18.0,18.0,17.625,17.625,11.469711303710938,11000
1999-03-30,17.125,18.0,17.125,17.875,11.632404327392578,13400
1999-03-31,17.5,17.75,17.125,17.125,11.144327163696289,14400
1999-04-01,17.875,17.875,17.125,17.125,11.144327163696289,6600
1999-04-05,17.5,17.5,17.125,17.125,11.144327163696289,2000
1999-04-06,17.125,17.4375,17.125,17.375,11.307021141052246,2200
1999-04-07,17.28125,17.4375,17.125,17.125,11.144327163696289,25200
1999-04-08,17.5,18.125,17.25,17.5,11.388365745544434,10400
1999-04-09,17.5,18.0,17.5,17.53125,11.408699035644531,6800
1999-04-12,17.53125,17.625,17.03125,17.375,11.307021141052246,12600
1999-04-13,17.125,17.78125,17.125,17.59375,11.449373245239258,2000
1999-04-14,18.0,18.5,17.75,18.40625,11.97812557220459,40200
1999-04-15,18.40625,18.5,17.0,17.125,11.144327163696289,12600
1999-04-16,17.25,18.125,17.015625,17.59375,11.449373245239258,14600
1999-04-19,17.125,18.5,17.125,17.5625,11.429040908813477,8000
1999-04-20,17.125,17.8125,17.125,17.5,11.388365745544434,43200
1999-04-21,18.25,18.25,17.0625,17.4375,11.347691535949707,66400
1999-04-22,17.4375,18.0,17.4375,18.0,11.713747024536133,14000
1999-04-23,18.0,18.5625,17.71875,18.5,12.039125442504883,12400
1999-04-26,18.46875,18.46875,17.5,17.5,11.388365745544434,16600
1999-04-27,17.75,17.875,17.59375,17.8125,11.591733932495117,13400
1999-04-28,17.75,18.0,17.4375,17.5,11.388365745544434,13000
1999-04-29,18.0,18.0,17.4375,17.75,11.551058769226074,57000
1999-04-30,17.75,17.75,17.125,17.125,11.144327163696289,90000
1999-05-03,17.21875,17.3125,17.0,17.3125,11.266347885131836,67400
1999-05-04,17.0,17.21875,17.0,17.0,11.062986373901367,43000
1999-05-05,17.0,17.3125,17.0,17.0625,11.103656768798828,43400
1999-05-06,17.0,17.4375,17.0,17.4375,11.347691535949707,400
1999-05-07,17.4375,17.5,17.4375,17.5,11.388365745544434,1200
1999-05-10,17.40625,17.5,17.40625,17.5,11.388365745544434,11800
1999-05-11,17.5,18.0,17.0,17.40625,11.32735824584961,10200
1999-05-12,17.25,17.40625,17.0,17.125,11.144327163696289,63800
1999-05-13,17.125,17.34375,17.0,17.1875,11.185003280639648,3200
1999-05-14,16.75,18.0,16.75,17.0,11.062986373901367,7800
1999-05-17,17.0625,17.0625,16.75,16.75,10.900291442871094,2800
1999-05-18,16.75,16.96875,16.75,16.96875,11.042644500732422,6800
1999-05-19,16.75,17.0,16.53125,16.75,10.900291442871094,9600
1999-05-20,16.75,16.9375,16.625,16.625,10.818943977355957,3600
1999-05-21,17.0625,18.0,17.0625,18.0,11.713747024536133,29400
1999-05-24,17.75,18.0625,17.75,18.0,11.713747024536133,32200
1999-05-25,18.0,18.0,18.0,18.0,11.713747024536133,600
1999-05-26,17.875,17.875,16.875,17.25,11.225678443908691,5600
1999-05-27,17.75,17.75,16.75,17.0,11.124249458312988,4400
1999-05-28,17.25,17.375,17.0,17.0,11.124249458312988,13800
1999-06-01,17.0,17.0,16.75,16.9375,11.083351135253906,5200
1999-06-02,16.75,16.96875,16.75,16.75,10.960655212402344,1800
1999-06-03,16.8125,16.8125,16.8125,16.8125,11.001555442810059,800
1999-06-04,16.96875,17.125,16.8125,17.125,11.206045150756836,5000
1999-06-07,17.125,17.125,16.9375,17.0625,11.165148735046387,2000
1999-06-08,17.375,17.75,17.375,17.46875,11.430983543395996,40200
1999-06-09,17.125,17.5625,17.125,17.5625,11.492331504821777,1000
1999-06-10,17.3125,17.34375,17.25,17.25,11.287842750549316,1200
1999-06-11,17.125,17.5,17.125,17.25,11.287842750549316,2200
1999-06-14,17.0,17.5,17.0,17.125,11.206045150756836,18800
1999-06-15,17.0,19.25,17.0,19.0625,12.473882675170898,62400
1999-06-16,18.75,18.9375,18.0625,18.5,12.105793952941895,12000
1999-06-17,18.125,18.5,17.5,17.5,11.451434135437012,14800
1999-06-18,18.046875,18.375,17.625,18.0625,11.81951904296875,37800
1999-06-21,18.375,18.4375,18.375,18.4375,12.06490421295166,1200
1999-06-22,18.0,18.0,18.0,18.0,11.778614044189453,400
1999-06-23,18.0,18.0,18.0,18.0,11.778614044189453,0
1999-06-24,17.75,17.75,17.75,17.75,11.615020751953125,2200
1999-06-25,17.5,18.0,17.5,18.0,11.778614044189453,1600
1999-06-28,17.75,17.75,16.8125,16.828125,11.011780738830566,14200
1999-06-29,16.71875,17.125,16.71875,17.0,11.124249458312988,97200
1999-06-30,17.25,17.25,16.0,16.0,10.469881057739258,25200
1999-07-01,16.96875,17.03125,16.375,17.0,11.124249458312988,27400
1999-07-02,16.9375,17.03125,16.75,16.8125,11.001555442810059,66200
1999-07-06,16.75,17.0625,16.75,16.75,10.960655212402344,49600
1999-07-07,17.0625,17.0625,16.75,16.8125,11.001555442810059,26600
1999-07-08,17.0,17.0,16.75,16.875,11.04245376586914,9800
1999-07-09,17.0,17.0625,16.78125,16.875,11.04245376586914,5800
1999-07-12,17.0625,17.0625,16.8125,16.8125,11.001555442810059,400
1999-07-13,16.875,17.0625,16.875,17.0625,11.165148735046387,10200
1999-07-14,16.875,17.375,16.875,17.375,11.369630813598633,400
1999-07-15,17.375,17.4375,17.375,17.4375,11.410533905029297,3600
1999-07-16,17.03125,17.5,17.03125,17.5,11.451434135437012,8200
1999-07-19,17.59375,17.6875,17.4375,17.6875,11.574128150939941,11000
1999-07-20,17.5625,17.625,16.8125,16.9375,11.083351135253906,33600
1999-07-21,17.21875,17.21875,17.21875,17.21875,11.267391204833984,1000
1999-07-22,17.0625,17.3125,16.3125,17.3125,11.328736305236816,27800
1999-07-23,17.25,18.5,17.0,17.9375,11.73771858215332,39200
1999-07-26,18.0,18.625,18.0,18.5546875,12.141590118408203,17600
1999-07-27,18.5625,18.5625,17.5,17.5,11.451434135437012,23000
1999-07-28,17.625,17.875,17.625,17.875,11.696818351745605,600
1999-07-29,17.75,17.84375,17.5,17.625,11.533228874206543,15800
1999-07-30,17.625,17.625,16.875,17.125,11.206045150756836,80600
1999-08-02,17.0,17.625,16.75,17.5,11.451434135437012,7000
1999-08-03,17.0,17.25,16.9375,17.0625,11.165148735046387,17000
1999-08-04,17.0625,17.375,16.9375,17.375,11.369630813598633,5800
1999-08-05,16.96875,17.15625,16.96875,17.0703125,11.170254707336426,8600
1999-08-06,17.0625,17.5,17.0625,17.5,11.451434135437012,8800
1999-08-09,17.21875,17.375,17.21875,17.21875,11.267391204833984,20600
1999-08-10,17.21875,17.21875,17.0625,17.0625,11.165148735046387,1800
1999-08-11,17.21875,18.0,17.1875,18.0,11.778614044189453,2600
1999-08-12,18.25,18.5625,18.25,18.5625,12.146697998046875,16000
1999-08-13,17.5,17.5,17.5,17.5,11.451434135437012,200
1999-08-16,17.5,18.0,17.5,18.0,11.778614044189453,5800
1999-08-17,17.5,18.0,17.5,18.0,11.778614044189453,2600
1999-08-18,17.5,18.3125,17.5,18.0,11.778614044189453,5400
1999-08-19,17.5,18.375,17.375,18.375,12.024004936218262,8400
1999-08-20,18.34375,18.34375,17.8125,17.8125,11.655921936035156,600
1999-08-23,18.0,18.21875,18.0,18.125,11.860407829284668,8400
1999-08-24,17.9375,18.09375,17.125,17.375,11.369630813598633,22800
1999-08-25,17.375,17.59375,17.375,17.4375,11.410533905029297,9000
1999-08-26,17.5,17.5,17.4375,17.4375,11.410533905029297,1800
1999-08-27,17.625,17.625,17.578125,17.59375,11.51278018951416,8000
1999-08-30,17.4375,17.46875,16.84375,16.875,11.102405548095703,13800
1999-08-31,16.875,17.0,16.84375,16.90625,11.12296199798584,29600
1999-09-01,16.90625,16.96875,16.875,16.9375,11.143519401550293,12400
1999-09-02,16.9375,17.125,16.9375,16.9375,11.143519401550293,42800
1999-09-03,17.125,17.125,17.0,17.0,11.184646606445312,1200
1999-09-07,17.0625,17.0625,16.875,17.0,11.184646606445312,2000
1999-09-08,16.875,16.90625,16.84375,16.90625,11.12296199798584,4400
1999-09-09,16.8125,16.8125,16.8125,16.8125,11.061281204223633,600
1999-09-10,17.25,17.25,17.2421875,17.25,11.349122047424316,3000
1999-09-13,17.625,17.65625,16.8125,17.25,11.349122047424316,8400
1999-09-14,17.0,17.1875,17.0,17.0,11.184646606445312,3400
1999-09-15,17.25,17.25,16.625,16.75,11.020160675048828,14800
1999-09-16,17.0,17.375,16.5,16.5,10.855677604675293,20600
1999-09-17,16.84375,16.84375,16.5625,16.5625,10.896801948547363,9600
1999-09-20,18.0,18.1875,17.5,17.8125,11.719204902648926,61400
1999-09-21,17.8125,18.3125,17.796875,18.3125,12.048158645629883,19400
1999-09-22,18.375,18.375,18.125,18.125,11.924798965454102,4400
1999-09-23,18.25,18.25,17.53125,17.78125,11.698637962341309,14800
1999-09-24,17.78125,18.25,17.5,18.25,12.007040023803711,21600
1999-09-27,18.2421875,18.2421875,18.0,18.0,11.84256649017334,1600
1999-09-28,17.625,18.0625,17.625,18.0,11.84256649017334,8400
1999-09-29,18.25,18.25,17.25,17.3125,11.390241622924805,96000
1999-09-30,17.5625,17.5625,16.75,16.9375,11.143519401550293,80000
1999-10-01,16.875,17.8125,16.875,17.25,11.349122047424316,14400
1999-10-04,17.75,17.8125,17.65625,17.8125,11.719204902648926,5400
1999-10-05,17.375,17.5,17.0,17.0,11.184646606445312,9000
1999-10-06,17.0,17.03125,16.875,16.875,11.102405548095703,6800
1999-10-07,16.875,17.375,16.875,17.375,11.431361198425293,2400
1999-10-08,16.875,16.9375,16.875,16.875,11.102405548095703,30600
1999-10-11,16.9375,17.375,16.875,16.875,11.102405548095703,1800
1999-10-12,17.15625,17.15625,16.875,16.875,11.102405548095703,9200
1999-10-13,17.25,17.25,16.84375,16.84375,11.081839561462402,54200
1999-10-14,16.84375,17.09375,16.75,17.09375,11.24632453918457,6600
1999-10-15,17.1875,17.203125,16.875,17.125,11.266880989074707,2400
1999-10-18,16.9375,16.9375,16.6875,16.875,11.102405548095703,5200
1999-10-19,16.875,16.875,16.625,16.625,10.937922477722168,4400
1999-10-20,16.78125,16.8125,16.75,16.8125,11.061281204223633,6600
1999-10-21,16.75,16.8125,16.75,16.8125,11.061281204223633,7800
1999-10-22,16.8125,17.0625,16.75,16.8125,11.061281204223633,18800
1999-10-25,16.765625,16.90625,16.75,16.828125,11.071563720703125,6000
1999-10-26,16.75,17.0625,16.4375,16.5,10.855677604675293,38200
1999-10-27,17.0625,17.0625,16.3125,16.375,10.7734375,26000
1999-10-28,17.09375,17.203125,16.0,16.25,10.691205024719238,17400
1999-10-29,16.125,16.75,16.125,16.5,10.855677604675293,51400
1999-11-01,16.46875,16.625,16.3125,16.625,10.937922477722168,10600
1999-11-02,16.9375,16.9375,16.5,16.5625,10.896801948547363,29200
1999-11-03,16.8125,17.0,16.625,16.9375,11.143519401550293,92000
1999-11-04,16.9375,17.0,16.5,17.0,11.184646606445312,27800
1999-11-05,17.0,17.0,16.625,17.0,11.184646606445312,3400
1999-11-08,16.625,16.625,16.5,16.5,10.855677604675293,2600
1999-11-09,16.5,16.625,16.5,16.5,10.855677604675293,2000
1999-11-10,16.625,16.875,16.5,16.65625,10.958481788635254,23600
1999-11-11,16.0,16.5,16.0,16.4375,10.814563751220703,46400
1999-11-12,16.625,16.625,16.375,16.375,10.7734375,3200
1999-11-15,16.75,16.75,16.375,16.375,10.7734375,25800
1999-11-16,16.375,16.75,16.375,16.375,10.7734375,1800
1999-11-17,16.375,16.375,16.375,16.375,10.7734375,10000
1999-11-18,16.4375,16.5,16.4375,16.46875,10.835121154785156,13600
1999-11-19,16.46875,16.46875,16.375,16.375,10.7734375,3400
1999-11-22,16.375,16.5,16.375,16.4375,10.814563751220703,13400
1999-11-23,16.375,16.5,16.375,16.5,10.855677604675293,7600
1999-11-24,16.4375,16.5,16.375,16.4375,10.814563751220703,93800
1999-11-26,16.5,16.75,16.5,16.75,11.020160675048828,27000
1999-11-29,16.5,17.0,16.5,17.0,11.184646606445312,27600
1999-11-30,17.25,17.75,16.625,17.75,11.678079605102539,13200
1999-12-01,17.625,17.625,16.875,16.875,11.102405548095703,41200
1999-12-02,16.875,16.875,16.5,16.5,10.855677604675293,11400
1999-12-03,16.5,16.625,16.5,16.5,10.855677604675293,9000
1999-12-06,16.5,16.765625,16.125,16.5,10.855677604675293,7400
1999-12-07,16.71875,16.71875,16.5,16.5,10.855677604675293,45400
1999-12-08,16.59375,16.59375,16.375,16.375,10.7734375,35400
1999-12-09,16.375,16.4375,16.375,16.375,10.7734375,18000
1999-12-10,16.375,16.375,16.25,16.25,10.691205024719238,3000
1999-12-13,16.28125,16.3125,16.28125,16.3125,10.732320785522461,6600
1999-12-14,16.359375,16.375,16.3125,16.375,10.836548805236816,18400
1999-12-15,16.28125,16.46875,16.28125,16.46875,10.89859390258789,32000
1999-12-16,16.46875,16.65625,16.3125,16.4375,10.877912521362305,46600
1999-12-17,16.40625,16.78125,16.40625,16.4375,10.877912521362305,33400
1999-12-20,16.46875,16.5,16.40625,16.453125,10.888248443603516,7000
1999-12-21,16.5625,16.625,16.5,16.5,10.919273376464844,35600
1999-12-22,16.5,16.5,16.4375,16.4375,10.877912521362305,27200
1999-12-23,16.53125,16.625,16.4375,16.53125,10.939953804016113,77200
1999-12-27,16.5,16.5625,16.5,16.5625,10.960636138916016,1000
1999-12-28,16.5,16.5,16.28125,16.375,10.836548805236816,5200
1999-12-29,16.5,16.625,16.375,16.5,10.919273376464844,94400
1999-12-30,16.5625,16.625,16.25,16.375,10.836548805236816,8200
1999-12-31,16.375,16.375,16.375,16.375,10.836548805236816,1800
2000-01-03,16.53125,16.6875,16.25,16.6875,11.043351173400879,11600
2000-01-04,16.6875,16.75,16.59375,16.59375,10.981313705444336,12000
2000-01-05,16.65625,17.0,16.5,16.625,11.001993179321289,59000
2000-01-06,16.59375,16.75,16.59375,16.625,11.001993179321289,5200
2000-01-07,16.625,16.6875,16.46875,16.6875,11.043351173400879,26000
2000-01-10,16.4375,16.6875,16.4375,16.6875,11.043351173400879,6000
2000-01-11,16.53125,16.6875,16.53125,16.53125,10.939953804016113,18000
2000-01-12,16.28125,16.9375,16.265625,16.625,11.001993179321289,38000
2000-01-13,16.53125,16.625,16.46875,16.625,11.001993179321289,19400
2000-01-14,16.4375,16.625,16.4375,16.625,11.001993179321289,3000
2000-01-18,16.5625,16.5625,16.0,16.25,10.753830909729004,8000
2000-01-19,16.25,16.53125,16.25,16.25,10.753830909729004,1600
2000-01-20,16.5,16.5625,16.40625,16.5,10.919273376464844,6800
2000-01-21,16.46875,16.46875,16.25,16.4375,10.877912521362305,11600
2000-01-24,16.25,16.25,16.0,16.0,10.588386535644531,12800
2000-01-25,16.0,16.125,15.0625,15.0625,9.967972755432129,22000
2000-01-26,15.25,15.5,15.25,15.375,10.174776077270508,95400
2000-01-27,15.4375,15.5,15.25,15.25,10.092056274414062,17800
2000-01-28,15.5,15.5,15.125,15.1875,10.050692558288574,25800
2000-01-31,15.0625,16.75,15.0625,16.25,10.753830909729004,25800
2000-02-01,16.25,16.25,15.125,15.1875,10.050692558288574,33600
2000-02-02,15.1875,15.625,15.1875,15.578125,10.309198379516602,7200
2000-02-03,16.0,16.125,15.8125,16.0,10.588386535644531,1400
2000-02-04,15.5,15.875,15.5,15.875,10.505661964416504,3600
2000-02-07,16.0,16.0,15.75,15.75,10.422943115234375,8600
2000-02-08,16.0,16.0,15.75,16.0,10.588386535644531,39200
2000-02-09,16.03125,16.03125,15.96875,15.96875,10.567702293395996,36400
2000-02-10,15.96875,16.0,15.96875,16.0,10.588386535644531,18000
2000-02-11,16.0,16.0625,15.90625,15.90625,10.526347160339355,60400
2000-02-14,15.84375,17.25,15.5,17.0,11.250160217285156,102800
2000-02-15,17.25,17.25,16.9375,16.9375,11.208794593811035,45400
2000-02-16,16.9375,16.9375,16.59375,16.65625,11.022675514221191,24200
2000-02-17,16.71875,16.75,16.5,16.5,10.919273376464844,125600
2000-02-18,16.71875,16.71875,16.125,16.3125,10.795188903808594,9400
2000-02-22,16.1875,16.3125,16.09375,16.3125,10.795188903808594,7400
2000-02-23,16.3125,16.3125,16.0625,16.0625,10.629745483398438,38200
2000-02-24,16.125,16.125,15.625,15.75,10.422943115234375,96400
2000-02-25,15.90625,16.125,15.875,15.875,10.505661964416504,5200
2000-02-28,15.875,16.125,15.875,16.0,10.588386535644531,1800
2000-02-29,15.875,16.0625,15.875,16.0,10.588386535644531,105200
2000-03-01,16.0625,16.0625,15.875,15.875,10.505661964416504,57000
2000-03-02,15.75,15.75,15.6875,15.6875,10.444079399108887,4400
2000-03-03,15.75,15.75,15.625,15.625,10.402467727661133,12200
2000-03-06,15.75,15.75,15.6875,15.6875,10.444079399108887,800
2000-03-07,15.75,15.9375,15.75,15.75,10.485692024230957,6600
2000-03-08,15.875,16.0,15.75,16.0,10.652129173278809,4600
2000-03-09,15.9375,15.9375,15.8125,15.875,10.568906784057617,91800
2000-03-10,15.8125,15.9375,15.75,15.8125,10.527300834655762,114600
2000-03-13,15.8125,15.96875,15.8125,15.90625,10.589714050292969,30400
2000-03-14,15.9375,15.9375,15.75,15.75,10.485692024230957,15600
2000-03-15,15.78125,15.78125,15.6875,15.6875,10.444079399108887,8200
2000-03-16,15.53125,15.625,14.125,15.5625,10.360860824584961,27600
2000-03-17,15.5,15.96875,15.375,15.75,10.485692024230957,13800
2000-03-20,15.875,15.96875,15.78125,15.78125,10.506497383117676,7200
2000-03-21,15.78125,15.875,15.5,15.875,10.568906784057617,8800
2000-03-22,15.875,16.375,15.8125,16.375,10.9017915725708,17800
2000-03-23,16.28125,16.3125,14.875,15.375,10.236028671264648,23800
2000-03-24,15.125,15.375,15.125,15.25,10.152813911437988,3000
2000-03-27,15.375,15.375,15.25,15.25,10.152813911437988,1400
2000-03-28,15.25,15.28125,15.25,15.25,10.152813911437988,19200
2000-03-29,15.15625,15.296875,15.125,15.28125,10.173615455627441,20000
2000-03-30,15.4375,15.5625,15.40625,15.5,10.319253921508789,15800
2000-03-31,15.40625,15.5,15.375,15.5,10.319253921508789,14400
2000-04-03,15.375,15.5,15.25,15.25,10.152813911437988,5200
2000-04-04,15.46875,16.0,15.46875,15.96875,10.631324768066406,36200
2000-04-05,15.9375,17.40625,15.625,17.40625,11.588350296020508,21200
2000-04-06,16.5,16.875,16.5,16.5,10.985010147094727,3800
2000-04-07,15.5,16.5,15.4375,16.5,10.985010147094727,15400
2000-04-10,16.625,16.625,16.0,16.0,10.652129173278809,29600
2000-04-11,15.875,15.9375,15.5625,15.9375,10.610522270202637,23000
2000-04-12,15.75,16.4375,15.75,15.875,10.568906784057617,1600
2000-04-13,16.46875,16.9375,16.46875,16.75,11.151447296142578,42600
2000-04-14,16.03125,16.46875,16.03125,16.46875,10.964202880859375,15400
2000-04-17,16.609375,17.0,16.03125,17.0,11.317889213562012,15800
2000-04-18,17.0,17.0,16.59375,17.0,11.317889213562012,5200
2000-04-19,17.0,17.0,16.796875,16.796875,11.182656288146973,4600
2000-04-20,17.03125,17.5,16.9375,17.0,11.317889213562012,30000
2000-04-24,17.03125,17.03125,16.78125,17.0,11.317889213562012,13000
2000-04-25,17.0,17.5,16.90625,17.5,11.65076732635498,30800
2000-04-26,17.46875,17.59375,17.0,17.0625,11.359498977661133,15200
2000-04-27,17.0625,17.53125,17.0625,17.5,11.65076732635498,13400
2000-04-28,17.296875,17.40625,17.296875,17.40625,11.588350296020508,5800
2000-05-01,17.46875,17.5,17.09375,17.09375,11.380306243896484,5200
2000-05-02,17.125,17.375,17.125,17.125,11.401103973388672,5000
2000-05-03,17.25,17.421875,17.09375,17.421875,11.598752975463867,6600
2000-05-04,17.25,17.375,17.25,17.375,11.56755256652832,1600
2000-05-05,17.375,17.40625,17.09375,17.40625,11.588350296020508,13000
2000-05-08,17.296875,17.5,17.09375,17.09375,11.380306243896484,7200
2000-05-09,17.09375,17.09375,15.8125,15.953125,10.62092399597168,22000
2000-05-10,16.6875,16.6875,16.09375,16.28125,10.839376449584961,29400
2000-05-11,16.28125,16.65625,16.28125,16.65625,11.089033126831055,22200
2000-05-12,16.5,16.6875,16.5,16.625,11.06822681427002,46200
2000-05-15,16.625,17.125,16.625,17.125,11.401103973388672,32600
2000-05-16,17.0,17.5625,17.0,17.5,11.65076732635498,24000
2000-05-17,17.5,17.6875,17.375,17.46875,11.62996768951416,7600
2000-05-18,17.4375,17.5,17.4375,17.5,11.65076732635498,3800
2000-05-19,17.375,17.53125,17.0625,17.46875,11.62996768951416,4600
2000-05-22,17.53125,17.53125,17.0,17.53125,11.67156982421875,18000
2000-05-23,17.5625,17.5625,17.4375,17.4375,11.60915470123291,10000
2000-05-24,17.4375,17.71875,17.4375,17.71875,11.796396255493164,35600
2000-05-25,17.71875,17.71875,16.9375,17.53125,11.67156982421875,5600
2000-05-26,17.4375,17.75,17.25,17.75,11.817211151123047,4000
2000-05-30,17.5625,17.78125,17.0625,17.78125,11.901712417602539,21000
2000-05-31,17.71875,18.0,17.71875,17.75,11.880793571472168,24800
2000-06-01,18.0,18.25,17.75,18.25,12.21546459197998,11400
2000-06-02,18.21875,18.25,17.53125,18.25,12.21546459197998,14400
2000-06-05,18.375,18.4375,16.65625,18.25,12.21546459197998,57800
2000-06-06,17.9375,18.5,17.9375,18.4375,12.340964317321777,42400
2000-06-07,18.4375,18.5625,18.1875,18.5625,12.424635887145996,45000
2000-06-08,18.515625,18.625,18.46875,18.625,12.466469764709473,14000
2000-06-09,18.40625,18.6875,18.25,18.6875,12.508301734924316,6600
2000-06-12,18.25,18.75,18.25,18.5,12.382798194885254,9400
2000-06-13,18.71875,18.71875,18.0625,18.59375,12.445555686950684,13000
2000-06-14,18.625,18.75,18.5546875,18.75,12.55013370513916,2800
2000-06-15,18.9375,18.9375,18.65625,18.84375,12.612887382507324,7800
2000-06-16,18.984375,19.0,17.25,17.625,11.797127723693848,37200
2000-06-19,18.703125,18.875,18.703125,18.875,12.633798599243164,4200
2000-06-20,18.6875,18.6875,18.6875,18.6875,12.508301734924316,400
2000-06-21,18.65625,18.78125,18.65625,18.78125,12.571049690246582,1600
2000-06-22,18.59375,18.59375,18.4375,18.515625,12.393256187438965,17400
2000-06-23,18.5,18.5,18.3125,18.3125,12.257298469543457,58200
2000-06-26,18.4375,18.5,18.3125,18.5,12.382798194885254,3800
2000-06-27,18.5,18.75,18.46875,18.5625,12.424635887145996,8000
2000-06-28,18.5625,18.96875,18.5625,18.96875,12.696552276611328,1800
2000-06-29,18.859375,18.859375,18.75,18.75,12.55013370513916,18200
2000-06-30,18.75,19.0,18.4375,18.75,12.55013370513916,45800
2000-07-03,18.75,18.9375,17.875,18.75,12.55013370513916,10800
2000-07-05,18.28125,18.46875,18.0,18.0,12.048125267028809,7600
2000-07-06,18.0,18.96875,18.0,18.96875,12.696552276611328,6000
2000-07-07,18.5,18.96875,18.5,18.96875,12.696552276611328,5200
2000-07-10,18.53125,18.875,18.53125,18.5625,12.424635887145996,3800
2000-07-11,18.875,18.875,18.625,18.625,12.466469764709473,600
2000-07-12,18.71875,19.0625,18.71875,19.0,12.717469215393066,38800
2000-07-13,19.0,19.0625,17.5,19.0,12.717469215393066,51200
2000-07-14,19.0,19.0,18.9375,19.0,12.717469215393066,23600
2000-07-17,18.921875,19.0,18.5625,18.90625,12.65472412109375,2400
2000-07-18,18.90625,18.90625,18.5,18.5,12.382798194885254,3400
2000-07-19,18.375,18.375,17.8125,17.8125,11.92263126373291,8800
2000-07-20,18.4375,18.75,18.4375,18.75,12.55013370513916,1200
2000-07-21,18.75,19.0,18.75,18.8125,12.591967582702637,4000
2000-07-24,17.8125,18.8125,16.875,18.25,12.21546459197998,27600
2000-07-25,17.75,19.25,17.75,19.21875,12.863887786865234,129400
2000-07-26,19.25,20.125,18.5,20.125,13.470477104187012,370600
2000-07-27,19.765625,20.0,19.71875,19.90625,13.324061393737793,24800
2000-07-28,19.90625,19.9140625,19.6875,19.875,13.303136825561523,28400
2000-07-31,20.0,21.375,19.875,20.40625,13.658723831176758,152200
2000-08-01,20.40625,20.40625,19.90625,19.90625,13.324061393737793,24000
2000-08-02,20.25,20.3671875,20.0,20.03125,13.407732963562012,59600
2000-08-03,19.96875,20.0625,19.4765625,19.78125,13.24039077758789,65600
2000-08-04,19.90625,20.0,19.90625,19.96875,13.365896224975586,28200
2000-08-07,19.96875,19.96875,19.5625,19.8125,13.26130485534668,132600
2000-08-08,19.90625,19.90625,19.40625,19.75,13.219478607177734,55600
2000-08-09,19.5625,20.0,19.5625,19.875,13.303136825561523,65200
2000-08-10,19.875,19.875,19.5625,19.78125,13.24039077758789,99000
2000-08-11,19.75,20.5,19.625,20.5,13.72148323059082,20000
2000-08-14,20.21875,21.0,20.1171875,21.0,14.05615234375,45000
2000-08-15,20.875,21.25,19.96875,20.375,13.637813568115234,168200
2000-08-16,20.5,20.5625,20.375,20.5,13.72148323059082,134800
2000-08-17,20.46875,20.75,19.96875,20.6875,13.846986770629883,33800
2000-08-18,20.8125,22.0625,20.6796875,21.5,14.390824317932129,119800
2000-08-21,21.875,21.9375,20.46875,21.84375,14.620904922485352,7400
2000-08-22,21.5625,21.78125,20.46875,20.46875,13.700565338134766,4000
2000-08-23,21.8125,21.8125,20.5,20.71875,13.867900848388672,20400
2000-08-24,20.625,20.75,20.125,20.75,13.888813972473145,30000
2000-08-25,20.5,20.75,20.5,20.75,13.888813972473145,9400
2000-08-28,20.75,21.84375,20.75,21.5,14.390824317932129,7600
2000-08-29,21.40625,21.40625,20.90625,21.25,14.223479270935059,2200
2000-08-30,21.125,21.5,21.125,21.5,14.4588623046875,3000
2000-08-31,21.4375,22.0,21.4375,21.9375,14.75307846069336,7000
2000-09-01,21.75,21.9375,20.90625,21.5,14.4588623046875,6200
2000-09-05,20.78125,21.4375,20.78125,21.0,14.122607231140137,40200
2000-09-06,21.03125,21.375,21.03125,21.375,14.374801635742188,6000
2000-09-07,21.1875,21.75,20.9375,21.6875,14.58495044708252,36600
2000-09-08,21.3125,21.3125,20.8125,20.8125,13.996511459350586,23800
2000-09-11,20.9375,21.5,20.8125,21.4375,14.416826248168945,10200
2000-09-12,21.09375,21.21875,20.625,20.8125,13.996511459350586,2800
2000-09-13,21.40625,21.4375,21.03125,21.4375,14.416826248168945,3000
2000-09-14,20.84375,21.4296875,20.84375,21.28125,14.311752319335938,17200
2000-09-15,21.0625,21.15625,20.8125,20.84375,14.017536163330078,13400
2000-09-18,20.84375,20.84375,19.375,19.7421875,13.276721000671387,16000
2000-09-19,19.78125,21.5,19.5625,21.5,14.4588623046875,14000
2000-09-20,20.71875,21.15625,19.90625,19.90625,13.38706111907959,15600
2000-09-21,20.34375,20.34375,19.5625,19.5625,13.155888557434082,9600
2000-09-22,18.8125,20.0625,18.4375,20.0625,13.492130279541016,22000
2000-09-25,19.65625,19.71875,19.53125,19.5625,13.155888557434082,3000
2000-09-26,19.5625,19.5625,19.5625,19.5625,13.155888557434082,0
2000-09-27,19.7421875,20.03125,19.53125,20.03125,13.471126556396484,24200
2000-09-28,20.03125,22.0,19.75,22.0,14.795110702514648,55200
2000-09-29,21.5,22.125,20.4375,22.125,14.87918472290039,87400
2000-10-02,20.5,21.6875,20.0,21.34375,14.353781700134277,22800
2000-10-03,21.65625,21.65625,20.5,20.5,13.786361694335938,17400
2000-10-04,20.3125,21.4375,20.25,21.4375,14.416826248168945,18200
2000-10-05,21.4375,22.34375,20.5625,20.5625,13.828387260437012,24800
2000-10-06,21.21875,21.21875,20.25,20.28125,13.639245986938477,15200
2000-10-09,20.0,20.84375,19.5,20.625,13.870418548583984,29200
2000-10-10,20.625,20.625,20.125,20.1875,13.576205253601074,5000
2000-10-11,19.9375,19.96875,19.8125,19.96875,13.429093360900879,3000
2000-10-12,20.21875,20.21875,19.625,19.625,13.197918891906738,2000
2000-10-13,19.625,20.21875,19.625,20.21875,13.59721851348877,3600
2000-10-16,20.375,20.90625,20.359375,20.875,14.03854751586914,11000
2000-10-17,20.875,20.875,19.75,19.78125,13.302993774414062,19400
2000-10-18,20.0,20.0,19.875,19.875,13.366039276123047,7200
2000-10-19,19.875,20.5,19.875,20.5,13.786361694335938,4800
2000-10-20,20.71875,21.25,20.625,20.625,13.870418548583984,20400
2000-10-23,21.0625,21.0625,19.875,19.875,13.366039276123047,4800
2000-10-24,20.46875,21.5,20.1875,21.5,14.4588623046875,7800
2000-10-25,20.875,21.8125,20.875,21.125,14.206671714782715,15400
2000-10-26,21.5,21.625,19.9375,20.75,13.954493522644043,18400
2000-10-27,20.5,21.375,20.5,21.3125,14.33276653289795,15200
2000-10-30,21.375,21.625,21.375,21.53125,14.479886054992676,54600
2000-10-31,21.53125,21.75,21.5,21.75,14.626985549926758,24600
2000-11-01,21.625,21.75,21.53125,21.5625,14.500901222229004,4400
2000-11-02,21.5,21.8125,21.5,21.8125,14.669024467468262,10200
2000-11-03,21.8125,21.9375,21.71875,21.84375,14.690038681030273,15600
2000-11-06,21.84375,21.84375,21.75,21.75,14.626985549926758,4400
2000-11-07,21.75,21.9375,21.75,21.9375,14.75307846069336,6400
2000-11-08,21.96875,22.125,21.9375,22.0,14.795110702514648,38000
2000-11-09,22.03125,22.03125,21.8125,21.84375,14.690038681030273,15200
2000-11-10,21.8125,21.9375,21.8125,21.8125,14.669024467468262,6800
2000-11-13,21.6875,21.6875,21.5,21.625,14.542930603027344,14400
2000-11-14,21.6875,21.6875,21.625,21.6875,14.58495044708252,5600
2000-11-15,21.6875,21.8125,21.6875,21.8125,14.669024467468262,11000
2000-11-16,21.75,21.90625,21.75,21.8125,14.669024467468262,8800
2000-11-17,21.875,22.0,21.875,21.9375,14.75307846069336,8600
2000-11-20,21.875,22.0625,21.875,22.0,14.795110702514648,7000
2000-11-21,22.0,22.03125,21.90625,21.96875,14.774100303649902,4600
2000-11-22,21.9375,22.0,21.875,21.875,14.711054801940918,5400
2000-11-24,21.90625,22.09375,21.90625,22.09375,14.85815715789795,7200
2000-11-27,22.0625,22.15625,22.03125,22.15625,14.900198936462402,23800
2000-11-28,22.09375,22.125,22.0625,22.0625,14.837141990661621,11200
2000-11-29,22.0625,22.15625,22.0625,22.15625,14.900198936462402,4000
2000-11-30,22.21875,22.375,22.21875,22.25,14.963236808776855,174600
2000-12-01,22.3125,22.3125,22.25,22.3125,15.005278587341309,86200
2000-12-04,22.1875,22.25,22.125,22.125,14.87918472290039,82200
2000-12-05,22.25,22.3125,22.15625,22.3125,15.005278587341309,14000
2000-12-06,22.1875,22.28125,22.1875,22.1875,14.921216011047363,27200
2000-12-07,22.25,22.25,22.125,22.125,14.87918472290039,2800
2000-12-08,22.125,22.75,22.125,22.75,15.2994966506958,52000
2000-12-11,22.875,22.96875,22.875,22.96875,15.446606636047363,18400
2000-12-12,22.90625,23.5625,22.90625,23.5,15.803869247436523,92600
2000-12-13,23.5,23.59375,23.5,23.5,15.87141227722168,49000
2000-12-14,23.5,24.375,23.5,24.125,16.293521881103516,90600
2000-12-15,24.0625,24.875,24.0,24.75,16.71563148498535,112600
2000-12-18,24.625,25.8125,24.625,25.8125,17.43321990966797,74000
2000-12-19,26.125,26.6875,25.9375,26.15625,17.6653995513916,201200
2000-12-20,26.28125,26.375,24.625,24.625,16.6312198638916,89800
2000-12-21,24.65625,24.71875,24.5,24.5,16.546783447265625,11600
2000-12-22,24.375,24.8125,24.25,24.8125,16.757850646972656,40800
2000-12-26,24.75,24.8125,24.625,24.8125,16.757850646972656,2800
2000-12-27,24.6875,24.6875,24.0,24.125,16.293521881103516,28600
2000-12-28,23.9375,24.0625,23.875,24.0625,16.251317977905273,36400
2000-12-29,24.125,24.1875,23.96875,24.0,16.209104537963867,51800
2001-01-02,24.125,24.25,23.0,23.25,15.702567100524902,42000
2001-01-03,23.125,24.125,23.125,24.125,16.293521881103516,37400
2001-01-04,24.25,24.78125,24.1875,24.4375,16.504581451416016,50800
2001-01-05,24.3125,24.3125,23.875,23.875,16.124677658081055,29600
2001-01-08,23.8125,23.8125,22.90625,22.90625,15.470404624938965,20200
2001-01-09,23.0625,23.125,22.9375,23.0625,15.575929641723633,21600
2001-01-10,23.0625,23.1875,22.78125,23.1875,15.660351753234863,15800
2001-01-11,23.3125,23.5625,23.28125,23.5,15.87141227722168,5600
2001-01-12,23.625,23.625,23.1875,23.1875,15.660351753234863,6400
2001-01-16,23.1875,23.1875,22.75,22.96875,15.51262378692627,14600
2001-01-17,23.0,23.125,22.875,23.125,15.618148803710938,8200
2001-01-18,23.125,23.25,22.96875,23.25,15.702567100524902,7000
2001-01-19,23.125,23.125,22.75,22.75,15.364879608154297,13000
2001-01-22,22.875,22.875,22.6875,22.75,15.364879608154297,5400
2001-01-23,22.09375,22.09375,22.03125,22.09375,14.921653747558594,39200
2001-01-24,22.09375,22.09375,21.625,21.625,14.60507869720459,8200
2001-01-25,21.625,21.75,21.5,21.6875,14.647281646728516,10800
2001-01-26,21.5625,21.625,21.25,21.25,14.35180377960205,15800
2001-01-29,21.0,21.575000762939453,21.0,21.575000762939453,14.571301460266113,10200
2001-01-30,21.649999618530273,21.985000610351562,21.649999618530273,21.985000610351562,14.848209381103516,6400
2001-01-31,22.0,22.024999618530273,21.600000381469727,21.690000534057617,14.648977279663086,49400
2001-02-01,21.71500015258789,21.7450008392334,21.56999969482422,21.719999313354492,14.669231414794922,10800
2001-02-02,21.739999771118164,21.7450008392334,21.5,21.5,14.520654678344727,8800
2001-02-05,21.5,21.5,21.0,21.0,14.18295955657959,6800
2001-02-06,21.1200008392334,21.125,21.1200008392334,21.125,14.267382621765137,1600
2001-02-07,21.0,21.625,21.0,21.625,14.60507869720459,19400
2001-02-08,21.575000762939453,21.700000762939453,21.450000762939453,21.575000762939453,14.571301460266113,22200
2001-02-09,21.524999618530273,21.71500015258789,21.524999618530273,21.625,14.60507869720459,9600
2001-02-12,21.729999542236328,22.0,21.690000534057617,22.0,14.85833740234375,25400
2001-02-13,22.100000381469727,22.1200008392334,22.0,22.0,14.85833740234375,12200
2001-02-14,22.0,22.0,21.75,22.0,14.85833740234375,43600
2001-02-15,22.065000534057617,22.399999618530273,22.065000534057617,22.399999618530273,15.128498077392578,24600
2001-02-16,22.5,22.55500030517578,22.5,22.5,15.196029663085938,27600
2001-02-20,22.625,22.950000762939453,22.55500030517578,22.950000762939453,15.499955177307129,27600
2001-02-21,22.825000762939453,22.979999542236328,22.655000686645508,22.655000686645508,15.300715446472168,18400
2001-02-22,22.655000686645508,22.65999984741211,22.424999237060547,22.424999237060547,15.145378112792969,10600
2001-02-23,22.25,22.25,21.799999237060547,21.899999618530273,14.790802955627441,20600
2001-02-26,21.774999618530273,22.125,21.774999618530273,22.125,14.942770957946777,16600
2001-02-27,22.25,22.25,21.75,21.75,14.689493179321289,5400
2001-02-28,21.625,21.625,21.399999618530273,21.475000381469727,14.503769874572754,16600
2001-03-01,21.575000762939453,21.575000762939453,21.325000762939453,21.524999618530273,14.605551719665527,9600
2001-03-02,21.530000686645508,21.75,21.424999237060547,21.75,14.758219718933105,5800
2001-03-05,21.5,21.565000534057617,21.450000762939453,21.450000762939453,14.554657936096191,4600
2001-03-06,21.44499969482422,21.5,21.44499969482422,21.5,14.588582992553711,3400
2001-03-07,21.5,21.729999542236328,21.5,21.540000915527344,14.615731239318848,8200
2001-03-08,21.545000076293945,21.545000076293945,21.450000762939453,21.450000762939453,14.554657936096191,2000
2001-03-09,21.405000686645508,21.405000686645508,20.81999969482422,20.975000381469727,14.232352256774902,24800
2001-03-12,21.100000381469727,21.139999389648438,20.760000228881836,20.760000228881836,14.086468696594238,82400
2001-03-13,20.899999618530273,21.125,20.674999237060547,21.125,14.334136962890625,12400
2001-03-14,21.125,21.145000457763672,20.950000762939453,20.950000762939453,14.215383529663086,8200
2001-03-15,21.049999237060547,21.075000762939453,20.915000915527344,21.03499984741211,14.273069381713867,7800
2001-03-16,21.075000762939453,21.075000762939453,20.825000762939453,20.825000762939453,14.130572319030762,16200
2001-03-19,20.75,20.825000762939453,20.75,20.825000762939453,14.130572319030762,7800
2001-03-20,20.774999618530273,20.815000534057617,20.600000381469727,20.600000381469727,13.977897644042969,7000
2001-03-21,20.600000381469727,20.645000457763672,20.25,20.5,13.910050392150879,6600
2001-03-22,20.375,20.5,19.975000381469727,20.5,13.910050392150879,12200
2001-03-23,20.5,20.5,20.25,20.375,13.825235366821289,5800
2001-03-26,20.375,20.424999237060547,20.25,20.25,13.740412712097168,5400
2001-03-27,20.25,20.549999237060547,20.1299991607666,20.545000076293945,13.940582275390625,42000
2001-03-28,20.25,20.475000381469727,20.25,20.399999618530273,13.842190742492676,14200
2001-03-29,20.5,20.649999618530273,20.450000762939453,20.649999618530273,14.01183032989502,24200
2001-03-30,20.645000457763672,21.125,20.6200008392334,21.125,14.334136962890625,51200
2001-04-02,21.145000457763672,21.325000762939453,21.045000076293945,21.200000762939453,14.385026931762695,15600
2001-04-03,21.100000381469727,21.25,21.100000381469727,21.125,14.334136962890625,18400
2001-04-04,21.125,21.200000762939453,21.049999237060547,21.100000381469727,14.317168235778809,12400
2001-04-05,20.850000381469727,21.299999237060547,20.850000381469727,21.299999237060547,14.452880859375,25800
2001-04-06,21.200000762939453,21.200000762939453,20.875,21.0,14.249316215515137,10800
2001-04-09,21.0,21.475000381469727,21.0,21.149999618530273,14.351094245910645,42400
2001-04-10,21.274999618530273,21.4950008392334,21.100000381469727,21.149999618530273,14.351094245910645,47000
2001-04-11,21.225000381469727,21.225000381469727,20.864999771118164,20.895000457763672,14.178067207336426,7200
2001-04-12,20.850000381469727,20.854999542236328,20.825000762939453,20.850000381469727,14.14753532409668,5200
2001-04-16,20.825000762939453,20.899999618530273,20.780000686645508,20.825000762939453,14.130572319030762,5000
2001-04-17,20.704999923706055,20.704999923706055,20.424999237060547,20.700000762939453,14.045756340026855,14000
2001-04-18,20.700000762939453,20.950000762939453,20.549999237060547,20.549999237060547,13.943978309631348,37800
2001-04-19,20.600000381469727,21.149999618530273,20.600000381469727,21.149999618530273,14.351094245910645,29600
2001-04-20,21.100000381469727,21.299999237060547,21.100000381469727,21.25,14.418946266174316,37600
2001-04-23,21.149999618530273,21.399999618530273,21.125,21.299999237060547,14.452880859375,21000
2001-04-24,21.295000076293945,21.295000076293945,21.0,21.125,14.334136962890625,12800
2001-04-25,21.1200008392334,21.5,21.1200008392334,21.405000686645508,14.524126052856445,360200
2001-04-26,21.489999771118164,21.875,21.489999771118164,21.774999618530273,14.775187492370605,27600
2001-04-27,21.825000762939453,21.899999618530273,21.6299991607666,21.6299991607666,14.676796913146973,26000
2001-04-30,21.5049991607666,21.985000610351562,21.5049991607666,21.540000915527344,14.615731239318848,30200
2001-05-01,21.540000915527344,22.100000381469727,21.540000915527344,22.075000762939453,14.978748321533203,24000
2001-05-02,22.114999771118164,22.475000381469727,22.114999771118164,22.475000381469727,15.250163078308105,5000
2001-05-03,22.489999771118164,22.799999237060547,22.25,22.549999237060547,15.301055908203125,17400
2001-05-04,22.5049991607666,22.5049991607666,22.25,22.25,15.09748363494873,8600
2001-05-07,22.2549991607666,22.299999237060547,21.649999618530273,21.649999618530273,14.690364837646484,19800
2001-05-08,21.524999618530273,21.700000762939453,21.524999618530273,21.649999618530273,14.690364837646484,9800
2001-05-09,21.03499984741211,21.19499969482422,21.0,21.0,14.249316215515137,93000
2001-05-10,21.075000762939453,21.149999618530273,20.950000762939453,20.9950008392334,14.245924949645996,9400
2001-05-11,21.0049991607666,21.100000381469727,21.0,21.0,14.249316215515137,17200
2001-05-14,21.0,21.0,20.25,20.25,13.740412712097168,17800
2001-05-15,20.375,20.479999542236328,20.30500030517578,20.450000762939453,13.876118659973145,7800
2001-05-16,20.450000762939453,20.975000381469727,20.200000762939453,20.899999618530273,14.181461334228516,22600
2001-05-17,20.93000030517578,21.5,20.93000030517578,21.5,14.588582992553711,27400
2001-05-18,21.5,21.770000457763672,21.454999923706055,21.454999923706055,14.558061599731445,27600
2001-05-21,21.360000610351562,21.405000686645508,21.114999771118164,21.239999771118164,14.412165641784668,9200
2001-05-22,21.25,21.34000015258789,21.25,21.280000686645508,14.439312934875488,16000
2001-05-23,21.5,21.540000915527344,21.280000686645508,21.290000915527344,14.446087837219238,27200
2001-05-24,21.219999313354492,21.219999313354492,20.899999618530273,21.100000381469727,14.317168235778809,5200
2001-05-25,21.149999618530273,21.225000381469727,21.079999923706055,21.079999923706055,14.303609848022461,5800
2001-05-29,21.079999923706055,21.079999923706055,20.84000015258789,20.84000015258789,14.140756607055664,6600
2001-05-30,20.850000381469727,20.90999984741211,20.700000762939453,20.700000762939453,14.113478660583496,10400
2001-05-31,20.75,20.795000076293945,20.565000534057617,20.565000534057617,14.021434783935547,5800
2001-06-01,20.5,20.774999618530273,20.31999969482422,20.774999618530273,14.164615631103516,24600
2001-06-04,20.649999618530273,20.799999237060547,20.56999969482422,20.799999237060547,14.181661605834961,21200
2001-06-05,20.799999237060547,21.549999237060547,20.799999237060547,21.549999237060547,14.693016052246094,17800
2001-06-06,21.799999237060547,21.825000762939453,21.55500030517578,21.55500030517578,14.696422576904297,47600
2001-06-07,21.55500030517578,21.75,21.55500030517578,21.7450008392334,14.825974464416504,59000
2001-06-08,21.739999771118164,21.739999771118164,21.450000762939453,21.450000762939453,14.624835014343262,46000
2001-06-11,21.450000762939453,21.565000534057617,21.25,21.25,14.488468170166016,4600
2001-06-12,21.25,21.299999237060547,21.0,21.2450008392334,14.485057830810547,40000
2001-06-13,21.2450008392334,21.25,21.200000762939453,21.200000762939453,14.454385757446289,10000
2001-06-14,21.045000076293945,21.190000534057617,20.93000030517578,21.125,14.403249740600586,10800
2001-06-15,21.239999771118164,21.375,21.0,21.040000915527344,14.34529972076416,21000
2001-06-18,20.989999771118164,21.040000915527344,20.950000762939453,20.950000762939453,14.283928871154785,2200
2001-06-19,21.075000762939453,21.075000762939453,20.954999923706055,20.985000610351562,14.307792663574219,5800
2001-06-20,21.0,21.0,20.950000762939453,21.0,14.318018913269043,17400
2001-06-21,21.0,21.0,20.915000915527344,20.950000762939453,14.283928871154785,7000
2001-06-22,21.0,21.0,20.875,20.875,14.232796669006348,15600
2001-06-25,20.94499969482422,20.985000610351562,20.575000762939453,20.575000762939453,14.028246879577637,31800
2001-06-26,20.579999923706055,20.579999923706055,20.375,20.375,13.891888618469238,29400
2001-06-27,20.3799991607666,20.3799991607666,20.204999923706055,20.25,13.80666446685791,29200
2001-06-28,20.25,20.25,20.0,20.040000915527344,13.66348648071289,64000
2001-06-29,19.924999237060547,20.325000762939453,19.924999237060547,20.0,13.636209487915039,92600
2001-07-02,20.125,20.125,19.895000457763672,19.895000457763672,13.564619064331055,41400
2001-07-03,19.924999237060547,20.03499984741211,19.924999237060547,19.96500015258789,13.612350463867188,23800
2001-07-05,19.975000381469727,20.0,19.799999237060547,19.799999237060547,13.499849319458008,5200
2001-07-06,19.725000381469727,19.725000381469727,19.395000457763672,19.395000457763672,13.22371768951416,19200
2001-07-09,19.375,19.454999923706055,19.375,19.454999923706055,13.264625549316406,13400
2001-07-10,19.399999618530273,19.415000915527344,18.825000762939453,18.825000762939453,12.835083961486816,54200
2001-07-11,18.799999237060547,19.110000610351562,18.799999237060547,19.024999618530273,12.971444129943848,52000
2001-07-12,19.049999237060547,19.25,19.014999389648438,19.25,13.124855995178223,18200
2001-07-13,19.25,19.55500030517578,19.25,19.524999618530273,13.312359809875488,24400
2001-07-16,19.559999465942383,19.649999618530273,19.549999237060547,19.549999237060547,13.32939624786377,45000
2001-07-17,19.549999237060547,19.700000762939453,19.524999618530273,19.69499969482422,13.428254127502441,22200
2001-07-18,19.704999923706055,19.725000381469727,19.5,19.5,13.295304298400879,58200
2001-07-19,19.5,19.625,19.5,19.600000381469727,13.363487243652344,7400
2001-07-20,19.549999237060547,19.559999465942383,19.399999618530273,19.40999984741211,13.233945846557617,11400
2001-07-23,19.424999237060547,19.475000381469727,19.424999237060547,19.450000762939453,13.261216163635254,38800
2001-07-24,19.450000762939453,19.450000762939453,19.100000381469727,19.125,13.03962516784668,85400
2001-07-25,19.149999618530273,19.149999618530273,19.045000076293945,19.094999313354492,13.019166946411133,11600
2001-07-26,19.094999313354492,19.094999313354492,18.875,18.899999618530273,12.886223793029785,62600
2001-07-27,18.924999237060547,19.0,18.674999237060547,18.704999923706055,12.753266334533691,52400
2001-07-30,18.75,18.75,18.1299991607666,18.475000381469727,12.59643840789795,89200
2001-07-31,18.625,19.0,18.549999237060547,18.764999389648438,12.794169425964355,96000
2001-08-01,18.875,18.975000381469727,18.649999618530273,18.649999618530273,12.715766906738281,9200
2001-08-02,18.649999618530273,18.770000457763672,18.600000381469727,18.700000762939453,12.749855041503906,12600
2001-08-03,18.674999237060547,18.674999237060547,18.5,18.5,12.613492965698242,23600
2001-08-06,18.5,18.524999618530273,18.3700008392334,18.3700008392334,12.524855613708496,13400
2001-08-07,18.325000762939453,18.424999237060547,18.25,18.25,12.443044662475586,50800
2001-08-08,18.299999237060547,18.344999313354492,18.100000381469727,18.1299991607666,12.361220359802246,95000
2001-08-09,18.225000381469727,18.2450008392334,18.100000381469727,18.2450008392334,12.4396333694458,8200
2001-08-10,18.299999237060547,18.299999237060547,18.25,18.299999237060547,12.47713565826416,13800
2001-08-13,18.350000381469727,18.579999923706055,18.325000762939453,18.579999923706055,12.668044090270996,9200
2001-08-14,18.594999313354492,19.100000381469727,18.579999923706055,19.010000228881836,12.961219787597656,44000
2001-08-15,19.100000381469727,19.100000381469727,18.950000762939453,18.9950008392334,12.950995445251465,16400
2001-08-16,18.9950008392334,19.174999237060547,18.9950008392334,19.174999237060547,13.073713302612305,4000
2001-08-17,19.174999237060547,19.174999237060547,19.030000686645508,19.100000381469727,13.022581100463867,5600
2001-08-20,19.125,19.174999237060547,19.125,19.174999237060547,13.073713302612305,7400
2001-08-21,19.200000762939453,19.299999237060547,19.174999237060547,19.200000762939453,13.0907621383667,40800
2001-08-22,19.200000762939453,19.280000686645508,19.049999237060547,19.25,13.124855995178223,9000
2001-08-23,19.200000762939453,19.299999237060547,19.174999237060547,19.174999237060547,13.073713302612305,8800
2001-08-24,19.174999237060547,19.399999618530273,19.125,19.399999618530273,13.227124214172363,60600
2001-08-27,19.424999237060547,19.674999237060547,19.424999237060547,19.575000762939453,13.34643840789795,11000
2001-08-28,19.674999237060547,19.825000762939453,19.530000686645508,19.530000686645508,13.315759658813477,10600
2001-08-29,19.420000076293945,19.420000076293945,19.125,19.25,13.192400932312012,7800
2001-08-30,19.354999542236328,19.524999618530273,19.25,19.350000381469727,13.260936737060547,8800
2001-08-31,19.3700008392334,19.3700008392334,19.149999618530273,19.149999618530273,13.123875617980957,5400
2001-09-04,19.125,19.200000762939453,19.100000381469727,19.100000381469727,13.089603424072266,17800
2001-09-05,19.225000381469727,19.25,19.125,19.225000381469727,13.175271034240723,4600
2001-09-06,19.100000381469727,19.100000381469727,18.799999237060547,18.799999237060547,12.884016036987305,5800
2001-09-07,18.899999618530273,18.899999618530273,18.399999618530273,18.399999618530273,12.609881401062012,8400
2001-09-10,18.274999618530273,18.5,18.274999618530273,18.450000762939453,12.644152641296387,18000
2001-09-17,18.725000381469727,18.860000610351562,18.299999237060547,18.30500030517578,12.544771194458008,27800
2001-09-18,18.30500030517578,18.30500030517578,17.850000381469727,17.850000381469727,12.232952117919922,6800
2001-09-19,17.760000228881836,17.760000228881836,17.09000015258789,17.600000381469727,12.061624526977539,21600
2001-09-20,17.75,17.799999237060547,17.5049991607666,17.510000228881836,11.999945640563965,5800
2001-09-21,17.299999237060547,17.299999237060547,17.100000381469727,17.100000381469727,11.718957901000977,25600
2001-09-24,17.0,17.350000381469727,16.950000762939453,17.350000381469727,11.890298843383789,30000
2001-09-25,17.100000381469727,17.100000381469727,16.899999618530273,16.899999618530273,11.58189868927002,20600
2001-09-26,16.825000762939453,16.8799991607666,16.65999984741211,16.75,11.479100227355957,3600
2001-09-27,16.875,17.100000381469727,16.75,16.950000762939453,11.61616325378418,13600
2001-09-28,17.075000762939453,17.5,17.03499984741211,17.5,11.993095397949219,18400
2001-10-01,17.625,17.649999618530273,17.25,17.25,11.821763038635254,3200
2001-10-02,17.0,17.125,16.950000762939453,17.125,11.736093521118164,7200
2001-10-03,17.149999618530273,17.649999618530273,17.149999618530273,17.649999618530273,12.095892906188965,25800
2001-10-04,17.649999618530273,17.774999618530273,17.25,17.649999618530273,12.095892906188965,43000
2001-10-05,17.600000381469727,17.600000381469727,17.450000762939453,17.450000762939453,11.958827018737793,6200
2001-10-08,17.5,17.625,17.5,17.625,12.078758239746094,6000
2001-10-09,17.674999237060547,17.75,17.5,17.5,11.993095397949219,11000
2001-10-10,17.5049991607666,18.200000762939453,17.5,18.200000762939453,12.472813606262207,22200
2001-10-11,18.325000762939453,18.78499984741211,18.325000762939453,18.75,12.849742889404297,29600
2001-10-12,18.700000762939453,19.200000762939453,18.625,19.149999618530273,13.123875617980957,35400
2001-10-15,19.049999237060547,19.100000381469727,18.875,18.985000610351562,13.010787963867188,19000
2001-10-16,18.75,19.075000762939453,18.709999084472656,19.049999237060547,13.055334091186523,10600
2001-10-17,19.0,19.100000381469727,18.985000610351562,18.985000610351562,13.010787963867188,7000
2001-10-18,18.739999771118164,18.739999771118164,18.329999923706055,18.329999923706055,12.561905860900879,9600
2001-10-19,18.399999618530273,18.399999618530273,18.100000381469727,18.225000381469727,12.489945411682129,5800
2001-10-22,18.110000610351562,18.110000610351562,17.875,17.899999618530273,12.267219543457031,10000
2001-10-23,18.0,18.0,17.899999618530273,17.924999237060547,12.284353256225586,12400
2001-10-24,17.850000381469727,17.854999542236328,17.75,17.825000762939453,12.215815544128418,3600
2001-10-25,17.924999237060547,17.924999237060547,17.649999618530273,17.799999237060547,12.198687553405762,18400
2001-10-26,17.729999542236328,17.795000076293945,17.700000762939453,17.7450008392334,12.160998344421387,9000
2001-10-29,17.8700008392334,17.8700008392334,17.600000381469727,17.600000381469727,12.061624526977539,10600
2001-10-30,17.5,17.5,17.334999084472656,17.350000381469727,11.890298843383789,11200
2001-10-31,17.424999237060547,17.450000762939453,17.299999237060547,17.450000762939453,11.958827018737793,62600
2001-11-01,17.325000762939453,17.565000534057617,17.325000762939453,17.520000457763672,12.006799697875977,42800
2001-11-02,17.674999237060547,17.674999237060547,17.350000381469727,17.420000076293945,11.938267707824707,13600
2001-11-05,17.459999084472656,17.575000762939453,17.299999237060547,17.4950008392334,11.989663124084473,9200
2001-11-06,17.4950008392334,17.575000762939453,17.299999237060547,17.4950008392334,11.989663124084473,21800
2001-11-07,17.510000228881836,17.524999618530273,17.3799991607666,17.3799991607666,11.910856246948242,23200
2001-11-08,17.5049991607666,17.520000457763672,17.375,17.375,11.90742301940918,5000
2001-11-09,17.354999542236328,17.354999542236328,17.295000076293945,17.299999237060547,11.856026649475098,5600
2001-11-12,17.299999237060547,17.299999237060547,17.299999237060547,17.299999237060547,11.856026649475098,800
2001-11-13,17.200000762939453,17.200000762939453,16.905000686645508,16.975000381469727,11.633296966552734,29200
2001-11-14,16.975000381469727,17.040000915527344,16.90999984741211,17.020000457763672,11.664143562316895,19800
2001-11-15,17.0,17.0,16.899999618530273,16.899999618530273,11.58189868927002,36800
2001-11-16,17.024999618530273,17.059999465942383,16.950000762939453,17.014999389648438,11.660712242126465,10600
2001-11-19,17.014999389648438,17.014999389648438,16.875,16.989999771118164,11.643580436706543,8600
2001-11-20,17.014999389648438,17.014999389648438,16.899999618530273,16.924999237060547,11.599035263061523,5600
2001-11-21,16.975000381469727,16.975000381469727,16.899999618530273,16.899999618530273,11.58189868927002,5600
2001-11-23,16.950000762939453,16.9950008392334,16.915000915527344,16.9950008392334,11.647008895874023,8200
2001-11-26,16.9950008392334,17.0,16.940000534057617,17.0,11.650436401367188,10600
2001-11-27,17.0,17.024999618530273,16.924999237060547,16.924999237060547,11.599035263061523,22800
2001-11-28,16.875,16.924999237060547,16.774999618530273,16.774999618530273,11.564566612243652,8000
2001-11-29,16.850000381469727,16.924999237060547,16.844999313354492,16.924999237060547,11.667974472045898,46800
2001-11-30,16.924999237060547,16.924999237060547,16.600000381469727,16.809999465942383,11.588691711425781,38800
2001-12-03,16.75,16.875,16.625,16.7450008392334,11.543883323669434,38600
2001-12-04,16.75,16.829999923706055,16.450000762939453,16.545000076293945,11.40600299835205,17600
2001-12-05,16.5,16.5,16.399999618530273,16.450000762939453,11.340513229370117,41000
2001-12-06,16.524999618530273,16.575000762939453,16.524999618530273,16.549999237060547,11.409451484680176,78000
2001-12-07,16.545000076293945,17.075000762939453,16.545000076293945,17.06999969482422,11.767936706542969,233600
2001-12-10,17.125,17.299999237060547,17.100000381469727,17.2549991607666,11.895476341247559,21600
2001-12-11,17.299999237060547,17.450000762939453,17.299999237060547,17.450000762939453,12.029903411865234,59400
2001-12-12,17.475000381469727,17.600000381469727,17.475000381469727,17.594999313354492,12.129863739013672,25200
2001-12-13,17.600000381469727,17.65999984741211,17.524999618530273,17.530000686645508,12.085058212280273,57800
2001-12-14,17.549999237060547,17.899999618530273,17.549999237060547,17.774999618530273,12.253954887390137,43000
2001-12-17,17.825000762939453,18.350000381469727,17.825000762939453,18.299999237060547,12.615893363952637,128400
2001-12-18,18.344999313354492,18.75,18.344999313354492,18.75,12.926117897033691,68800
2001-12-19,18.799999237060547,18.895000457763672,18.75,18.75,12.926117897033691,25000
2001-12-20,18.799999237060547,18.84000015258789,18.649999618530273,18.649999618530273,12.857172012329102,88200
2001-12-21,18.75,18.799999237060547,18.649999618530273,18.674999237060547,12.874406814575195,37200
2001-12-24,18.774999618530273,18.774999618530273,18.709999084472656,18.735000610351562,12.915769577026367,10000
2001-12-26,18.760000228881836,18.780000686645508,18.5,18.649999618530273,12.857172012329102,14400
2001-12-27,18.674999237060547,18.700000762939453,18.635000228881836,18.700000762939453,12.891651153564453,35400
2001-12-28,18.649999618530273,18.69499969482422,18.625,18.649999618530273,12.857172012329102,29800
2001-12-31,18.700000762939453,18.700000762939453,18.424999237060547,18.549999237060547,12.78823471069336,15000
2002-01-02,18.5,18.5,18.25,18.424999237060547,12.702067375183105,26000
2002-01-03,18.424999237060547,18.549999237060547,18.375,18.5,12.753762245178223,43000
2002-01-04,18.5,18.549999237060547,18.399999618530273,18.405000686645508,12.688273429870605,32000
2002-01-07,18.475000381469727,18.475000381469727,18.350000381469727,18.350000381469727,12.650358200073242,32200
2002-01-08,18.350000381469727,18.395000457763672,18.299999237060547,18.375,12.667591094970703,36000
2002-01-09,18.424999237060547,18.450000762939453,18.325000762939453,18.325000762939453,12.633123397827148,10800
2002-01-10,18.375,18.424999237060547,18.350000381469727,18.40999984741211,12.691717147827148,40200
2002-01-11,18.399999618530273,18.44499969482422,18.274999618530273,18.274999618530273,12.598654747009277,8600
2002-01-14,18.25,18.354999542236328,18.225000381469727,18.225000381469727,12.564184188842773,12800
2002-01-15,18.174999237060547,18.209999084472656,17.850000381469727,17.899999618530273,12.340130805969238,18000
2002-01-16,17.924999237060547,17.924999237060547,17.575000762939453,17.575000762939453,12.116081237792969,10800
2002-01-17,17.524999618530273,17.700000762939453,17.5,17.674999237060547,12.185019493103027,70800
2002-01-18,17.799999237060547,17.875,17.799999237060547,17.799999237060547,12.271191596984863,31400
2002-01-22,17.850000381469727,17.96500015258789,17.799999237060547,17.875,12.322896003723145,56800
2002-01-23,17.850000381469727,17.899999618530273,17.850000381469727,17.854999542236328,12.309103012084961,13600
2002-01-24,17.854999542236328,17.854999542236328,17.774999618530273,17.825000762939453,12.288422584533691,7200
2002-01-25,17.774999618530273,17.78499984741211,17.674999237060547,17.725000381469727,12.219486236572266,10600
2002-01-28,17.774999618530273,17.774999618530273,17.55500030517578,17.625,12.15054988861084,80600
2002-01-29,17.649999618530273,17.649999618530273,17.549999237060547,17.549999237060547,12.09883975982666,44800
2002-01-30,17.600000381469727,17.700000762939453,17.540000915527344,17.600000381469727,12.133312225341797,130600
2002-01-31,17.600000381469727,17.670000076293945,17.55500030517578,17.670000076293945,12.181568145751953,35000
2002-02-01,17.625,17.635000228881836,17.575000762939453,17.575000762939453,12.116081237792969,8600
2002-02-04,17.575000762939453,17.594999313354492,17.375,17.4950008392334,12.060925483703613,42000
2002-02-05,17.524999618530273,17.575000762939453,17.5,17.510000228881836,12.071268081665039,57400
2002-02-06,17.5,17.53499984741211,17.450000762939453,17.475000381469727,12.047139167785645,6600
2002-02-07,17.5,17.549999237060547,17.450000762939453,17.475000381469727,12.047139167785645,25800
2002-02-08,17.475000381469727,17.520000457763672,17.325000762939453,17.514999389648438,12.074719429016113,32200
2002-02-11,17.639999389648438,17.649999618530273,17.524999618530273,17.56999969482422,12.11263656616211,36600
2002-02-12,17.545000076293945,17.545000076293945,17.399999618530273,17.485000610351562,12.054034233093262,11200
2002-02-13,17.524999618530273,17.614999771118164,17.5049991607666,17.549999237060547,12.09883975982666,113800
2002-02-14,17.575000762939453,17.625,17.299999237060547,17.299999237060547,11.926493644714355,25400
2002-02-15,17.350000381469727,17.4950008392334,17.325000762939453,17.399999618530273,11.995438575744629,48400
2002-02-19,17.424999237060547,17.424999237060547,17.350000381469727,17.3799991607666,11.981646537780762,83800
2002-02-20,17.3799991607666,17.475000381469727,17.350000381469727,17.450000762939453,12.029903411865234,96200
2002-02-21,17.399999618530273,17.43000030517578,17.354999542236328,17.415000915527344,12.00577449798584,134200
2002-02-22,17.43000030517578,17.625,17.43000030517578,17.549999237060547,12.09883975982666,23800
2002-02-25,17.600000381469727,17.674999237060547,17.549999237060547,17.674999237060547,12.185019493103027,7000
2002-02-26,17.725000381469727,17.725000381469727,17.65999984741211,17.670000076293945,12.181568145751953,9000
2002-02-27,17.700000762939453,17.774999618530273,17.700000762939453,17.774999618530273,12.253954887390137,2600
2002-02-28,17.649999618530273,17.670000076293945,17.549999237060547,17.625,12.219290733337402,14800
2002-03-01,17.674999237060547,17.860000610351562,17.625,17.860000610351562,12.382213592529297,15600
2002-03-04,17.950000762939453,18.125,17.924999237060547,18.075000762939453,12.531280517578125,14000
2002-03-05,18.125,18.950000762939453,18.114999771118164,18.899999618530273,13.103239059448242,43400
2002-03-06,18.875,18.975000381469727,18.75,18.920000076293945,13.117105484008789,41800
2002-03-07,18.899999618530273,19.25,18.889999389648438,19.239999771118164,13.33896255493164,77800
2002-03-08,19.25,19.700000762939453,19.25,19.549999237060547,13.553889274597168,63000
2002-03-11,19.600000381469727,20.350000381469727,19.584999084472656,20.204999923706055,14.007990837097168,59400
2002-03-12,20.225000381469727,20.600000381469727,20.225000381469727,20.549999237060547,14.247178077697754,42200
2002-03-13,20.5,20.5,20.049999237060547,20.049999237060547,13.900529861450195,18200
2002-03-14,20.049999237060547,20.155000686645508,19.969999313354492,19.989999771118164,13.858932495117188,9600
2002-03-15,19.875,19.975000381469727,19.829999923706055,19.975000381469727,13.848536491394043,25000
2002-03-18,19.9950008392334,20.274999618530273,19.899999618530273,20.049999237060547,13.900529861450195,34400
2002-03-19,20.1299991607666,20.1299991607666,19.854999542236328,19.854999542236328,13.765334129333496,14000
2002-03-20,19.80500030517578,19.924999237060547,19.78499984741211,19.899999618530273,13.796538352966309,8800
2002-03-21,19.899999618530273,20.06999969482422,19.899999618530273,20.059999465942383,13.907458305358887,9600
2002-03-22,20.075000762939453,20.270000457763672,20.049999237060547,20.229999542236328,14.025318145751953,13000
2002-03-25,20.280000686645508,20.399999618530273,20.25,20.299999237060547,14.0738525390625,17000
2002-03-26,20.325000762939453,20.649999618530273,20.270000457763672,20.649999618530273,14.316507339477539,58800
2002-03-27,20.700000762939453,20.899999618530273,20.700000762939453,20.875,14.472496032714844,19400
2002-03-28,20.924999237060547,20.9950008392334,20.905000686645508,20.959999084472656,14.531423568725586,24800
2002-04-01,20.950000762939453,20.985000610351562,20.899999618530273,20.96500015258789,14.534895896911621,132600
2002-04-02,20.975000381469727,21.020000457763672,20.895000457763672,21.0,14.559158325195312,147600
2002-04-03,21.0,21.075000762939453,20.75,20.825000762939453,14.437830924987793,42200
2002-04-04,20.825000762939453,20.899999618530273,20.799999237060547,20.850000381469727,14.455163955688477,25200
2002-04-05,20.875,21.020000457763672,20.875,21.0049991607666,14.562620162963867,24600
2002-04-08,20.975000381469727,21.010000228881836,20.75,20.9950008392334,14.55569839477539,32200
2002-04-09,20.9950008392334,21.125,20.975000381469727,21.049999237060547,14.593829154968262,67200
2002-04-10,21.049999237060547,21.5,21.049999237060547,21.5,14.90580940246582,24400
2002-04-11,21.520000457763672,21.825000762939453,21.5,21.510000228881836,14.912738800048828,24200
2002-04-12,21.559999465942383,21.924999237060547,21.540000915527344,21.924999237060547,15.200460433959961,10400
2002-04-15,21.950000762939453,21.950000762939453,21.700000762939453,21.795000076293945,15.110318183898926,39400
2002-04-16,21.825000762939453,21.924999237060547,21.770000457763672,21.924999237060547,15.200460433959961,33000
2002-04-17,21.899999618530273,21.899999618530273,21.850000381469727,21.875,15.165791511535645,4200
2002-04-18,21.850000381469727,21.875,21.764999389648438,21.850000381469727,15.148454666137695,13800
2002-04-19,21.850000381469727,21.989999771118164,21.850000381469727,21.899999618530273,15.183123588562012,8000
2002-04-22,21.825000762939453,21.850000381469727,21.725000381469727,21.75,15.079130172729492,26600
2002-04-23,21.774999618530273,21.860000610351562,21.774999618530273,21.825000762939453,15.13113021850586,8000
2002-04-24,21.844999313354492,21.985000610351562,21.825000762939453,21.950000762939453,15.217791557312012,17800
2002-04-25,21.950000762939453,21.9950008392334,21.93000030517578,21.989999771118164,15.245515823364258,22600
2002-04-26,21.950000762939453,21.975000381469727,21.850000381469727,21.850000381469727,15.148454666137695,12400
2002-04-29,21.8700008392334,21.90999984741211,21.825000762939453,21.844999313354492,15.14499282836914,10000
2002-04-30,21.84000015258789,22.0,21.84000015258789,22.0,15.252455711364746,37400
2002-05-01,22.0,22.0,21.600000381469727,21.850000381469727,15.148454666137695,41800
2002-05-02,21.850000381469727,21.975000381469727,21.75,21.975000381469727,15.235116958618164,27200
2002-05-03,21.950000762939453,22.0,21.90999984741211,22.0,15.252455711364746,18600
2002-05-06,21.985000610351562,22.0,21.665000915527344,21.665000915527344,15.020193099975586,11000
2002-05-07,21.700000762939453,21.725000381469727,21.524999618530273,21.600000381469727,14.975137710571289,11400
2002-05-08,21.600000381469727,21.600000381469727,21.399999618530273,21.475000381469727,14.888471603393555,16600
2002-05-09,21.475000381469727,21.475000381469727,21.299999237060547,21.299999237060547,14.767144203186035,13600
2002-05-10,21.299999237060547,21.299999237060547,20.825000762939453,20.850000381469727,14.455163955688477,48000
2002-05-13,20.825000762939453,20.850000381469727,20.799999237060547,20.815000534057617,14.430896759033203,20400
2002-05-14,20.799999237060547,21.149999618530273,20.799999237060547,21.149999618530273,14.663151741027832,35000
2002-05-15,21.125,21.200000762939453,21.104999542236328,21.200000762939453,14.697813987731934,11400
2002-05-16,21.174999237060547,21.200000762939453,20.9950008392334,21.024999618530273,14.576493263244629,15400
2002-05-17,21.024999618530273,21.024999618530273,20.975000381469727,20.985000610351562,14.548754692077637,37400
2002-05-20,20.989999771118164,20.989999771118164,20.950000762939453,20.975000381469727,14.541826248168945,31200
2002-05-21,20.975000381469727,21.100000381469727,20.875,20.875,14.472496032714844,52000
2002-05-22,20.924999237060547,21.0,20.825000762939453,20.825000762939453,14.437830924987793,5000
2002-05-23,20.774999618530273,21.149999618530273,20.6299991607666,21.149999618530273,14.663151741027832,16600
2002-05-24,21.170000076293945,21.200000762939453,20.899999618530273,20.899999618530273,14.489826202392578,9000
2002-05-28,20.899999618530273,20.899999618530273,20.549999237060547,20.614999771118164,14.292235374450684,9400
2002-05-29,20.53499984741211,20.53499984741211,20.350000381469727,20.424999237060547,14.229538917541504,13400
2002-05-30,20.424999237060547,20.424999237060547,20.25,20.375,14.1947021484375,15800
2002-05-31,20.375,20.375,19.875,19.875,13.846365928649902,20000
2002-06-03,19.875,19.875,19.375,19.674999237060547,13.707032203674316,35000
2002-06-04,19.674999237060547,19.709999084472656,19.6200008392334,19.625,13.672203063964844,14000
2002-06-05,19.600000381469727,19.625,19.350000381469727,19.424999237060547,13.532869338989258,15400
2002-06-06,19.424999237060547,19.424999237060547,19.274999618530273,19.274999618530273,13.428365707397461,16200
2002-06-07,19.270000457763672,19.674999237060547,19.270000457763672,19.670000076293945,13.70355224609375,22600
2002-06-10,19.670000076293945,19.719999313354492,19.600000381469727,19.674999237060547,13.707032203674316,6200
2002-06-11,19.700000762939453,19.700000762939453,19.399999618530273,19.43000030517578,13.536344528198242,16200
2002-06-12,19.510000228881836,19.864999771118164,19.5,19.864999771118164,13.839400291442871,31400
2002-06-13,19.850000381469727,20.264999389648438,19.850000381469727,20.0049991607666,13.936935424804688,59200
2002-06-14,20.0,20.450000762939453,19.9950008392334,20.295000076293945,14.138971328735352,25200
2002-06-17,20.274999618530273,20.4950008392334,20.274999618530273,20.44499969482422,14.243473052978516,21800
2002-06-18,20.5,20.950000762939453,20.5,20.725000381469727,14.438541412353516,113600
2002-06-19,20.674999237060547,20.674999237060547,20.264999389648438,20.264999389648438,14.11807918548584,26800
2002-06-20,20.299999237060547,20.385000228881836,20.125,20.149999618530273,14.037958145141602,55400
2002-06-21,20.149999618530273,20.149999618530273,19.81999969482422,19.924999237060547,13.881203651428223,27200
2002-06-24,19.899999618530273,20.0,19.799999237060547,19.975000381469727,13.916040420532227,32800
2002-06-25,20.0,20.0,19.75,19.924999237060547,13.881203651428223,69800
2002-06-26,19.924999237060547,20.209999084472656,19.899999618530273,20.200000762939453,14.07279109954834,73600
2002-06-27,20.200000762939453,20.200000762939453,19.5,19.90999984741211,13.870755195617676,67000
2002-06-28,19.924999237060547,19.924999237060547,19.600000381469727,19.799999237060547,13.79411792755127,101200
2002-07-01,19.799999237060547,19.834999084472656,19.399999618530273,19.424999237060547,13.532869338989258,41200
2002-07-02,19.450000762939453,19.475000381469727,19.334999084472656,19.350000381469727,13.480618476867676,51400
2002-07-03,19.350000381469727,19.350000381469727,19.1200008392334,19.174999237060547,13.3587007522583,50600
2002-07-05,19.18000030517578,19.350000381469727,19.18000030517578,19.34000015258789,13.473653793334961,12600
2002-07-08,19.344999313354492,19.44499969482422,19.344999313354492,19.350000381469727,13.480618476867676,34400
2002-07-09,19.350000381469727,19.46500015258789,19.325000762939453,19.350000381469727,13.480618476867676,43400
2002-07-10,19.350000381469727,19.350000381469727,19.25,19.25,13.41094970703125,27800
2002-07-11,19.25,19.600000381469727,19.235000610351562,19.594999313354492,13.651300430297852,59600
2002-07-12,19.600000381469727,19.600000381469727,19.549999237060547,19.549999237060547,13.619952201843262,17600
2002-07-15,19.575000762939453,19.575000762939453,19.100000381469727,19.299999237060547,13.445779800415039,25800
2002-07-16,19.25,19.25,18.625,18.649999618530273,12.992942810058594,22000
2002-07-17,18.649999618530273,18.875,18.5,18.8700008392334,13.146218299865723,24400
2002-07-18,18.8700008392334,19.024999618530273,18.850000381469727,18.905000686645508,13.170597076416016,48200
2002-07-19,18.850000381469727,18.989999771118164,18.850000381469727,18.950000762939453,13.201949119567871,23400
2002-07-22,18.950000762939453,18.950000762939453,18.75,18.8799991607666,13.153175354003906,30200
2002-07-23,18.8799991607666,18.8799991607666,18.375,18.3799991607666,12.804842948913574,12400
2002-07-24,18.350000381469727,18.4950008392334,18.239999771118164,18.4950008392334,12.884961128234863,32800
2002-07-25,18.4950008392334,18.4950008392334,18.03499984741211,18.174999237060547,12.662022590637207,79400
2002-07-26,18.125,18.200000762939453,17.924999237060547,18.200000762939453,12.679441452026367,71600
2002-07-29,18.200000762939453,18.5,18.200000762939453,18.5,12.888442993164062,93600
2002-07-30,18.399999618530273,18.899999618530273,18.225000381469727,18.899999618530273,13.167108535766602,73400
2002-07-31,18.825000762939453,18.885000228881836,18.75,18.799999237060547,13.097452163696289,27600
2002-08-01,18.75,18.75,18.56999969482422,18.600000381469727,12.958113670349121,7800
2002-08-02,18.625,18.625,18.145000457763672,18.145000457763672,12.641125679016113,41400
2002-08-05,18.174999237060547,18.2549991607666,17.799999237060547,17.799999237060547,12.400774955749512,28000
2002-08-06,17.875,18.25,17.8700008392334,18.225000381469727,12.696857452392578,26800
2002-08-07,18.25,18.25,18.0,18.200000762939453,12.679441452026367,18800
2002-08-08,18.149999618530273,18.25,18.049999237060547,18.1200008392334,12.6237154006958,37000
2002-08-09,18.149999618530273,18.174999237060547,17.975000381469727,17.975000381469727,12.52269172668457,7200
2002-08-12,17.875,18.0,17.5,17.969999313354492,12.519206047058105,28800
2002-08-13,17.969999313354492,18.100000381469727,17.969999313354492,18.010000228881836,12.547076225280762,27200
2002-08-14,18.010000228881836,18.200000762939453,17.950000762939453,18.200000762939453,12.679441452026367,22800
2002-08-15,18.200000762939453,18.594999313354492,18.149999618530273,18.594999313354492,12.954631805419922,21600
2002-08-16,18.594999313354492,18.594999313354492,18.415000915527344,18.524999618530273,12.905858039855957,8600
2002-08-19,18.600000381469727,18.924999237060547,18.594999313354492,18.924999237060547,13.184526443481445,13600
2002-08-20,18.875,19.040000915527344,18.799999237060547,18.825000762939453,13.114861488342285,80600
2002-08-21,18.799999237060547,18.875,18.565000534057617,18.875,13.149694442749023,32000
2002-08-22,18.850000381469727,19.05500030517578,18.850000381469727,19.05500030517578,13.275101661682129,21200
2002-08-23,19.049999237060547,19.049999237060547,18.825000762939453,18.93000030517578,13.188013076782227,25800
2002-08-26,18.975000381469727,19.375,18.975000381469727,19.329999923706055,13.466689109802246,15400
2002-08-27,19.329999923706055,19.674999237060547,19.200000762939453,19.200000762939453,13.376116752624512,27000
2002-08-28,19.100000381469727,19.174999237060547,18.774999618530273,18.774999618530273,13.151959419250488,14000
2002-08-29,18.799999237060547,18.799999237060547,18.375,18.625,13.046880722045898,24800
2002-08-30,18.649999618530273,19.075000762939453,18.649999618530273,18.649999618530273,13.064388275146484,20600
2002-09-03,18.600000381469727,18.625,18.299999237060547,18.354999542236328,12.85774040222168,17000
2002-09-04,18.325000762939453,18.405000686645508,18.020000457763672,18.389999389648438,12.882261276245117,17200
2002-09-05,18.395000457763672,18.579999923706055,18.075000762939453,18.145000457763672,12.7106351852417,25600
2002-09-06,18.174999237060547,18.55500030517578,18.174999237060547,18.540000915527344,12.987335205078125,9200
2002-09-09,18.540000915527344,19.104999542236328,18.540000915527344,19.104999542236328,13.383122444152832,14800
2002-09-10,19.15999984741211,19.334999084472656,19.15999984741211,19.225000381469727,13.467182159423828,53600
2002-09-11,19.209999084472656,19.209999084472656,18.850000381469727,18.850000381469727,13.204492568969727,16200
2002-09-12,18.825000762939453,18.829999923706055,18.625,18.649999618530273,13.064388275146484,5600
2002-09-13,18.645000457763672,18.899999618530273,18.575000762939453,18.799999237060547,13.169471740722656,13800
2002-09-16,18.75,19.0,18.725000381469727,18.885000228881836,13.229007720947266,13600
2002-09-17,18.934999465942383,18.96500015258789,18.780000686645508,18.899999618530273,13.239511489868164,9400
2002-09-18,18.125,18.1299991607666,17.03499984741211,17.200000762939453,12.048661231994629,151200
2002-09-19,17.100000381469727,17.299999237060547,17.020000457763672,17.020000457763672,11.92257308959961,44200
2002-09-20,17.110000610351562,17.149999618530273,16.75,16.81999969482422,11.782470703125,43800
2002-09-23,16.69499969482422,16.7450008392334,15.614999771118164,15.75,11.032929420471191,51200
2002-09-24,15.75,16.174999237060547,15.649999618530273,15.90999984741211,11.145012855529785,63200
2002-09-25,16.030000686645508,16.350000381469727,15.699999809265137,15.899999618530273,11.138009071350098,83800
2002-09-26,15.949999809265137,16.25,15.625,16.25,11.383186340332031,124400
2002-09-27,16.25,16.399999618530273,16.200000762939453,16.2450008392334,11.379684448242188,19400
2002-09-30,16.219999313354492,16.25,16.075000762939453,16.174999237060547,11.330643653869629,46000
2002-10-01,16.15999984741211,16.15999984741211,15.975000381469727,16.110000610351562,11.285114288330078,21600
2002-10-02,16.100000381469727,16.100000381469727,15.699999809265137,15.75,11.032929420471191,74400
2002-10-03,15.649999618530273,15.725000381469727,15.305000305175781,15.369999885559082,10.766738891601562,45400
2002-10-04,15.369999885559082,15.449999809265137,15.005000114440918,15.199999809265137,10.647651672363281,29200
2002-10-07,15.199999809265137,15.239999771118164,14.25,14.274999618530273,9.999683380126953,81000
2002-10-08,14.149999618530273,14.25,14.125,14.25,9.982175827026367,45000
2002-10-09,14.149999618530273,14.15999984741211,13.875,13.899999618530273,9.7369966506958,36200
2002-10-10,13.850000381469727,13.850000381469727,13.175000190734863,13.3100004196167,9.323699951171875,46800
2002-10-11,13.324999809265137,13.979999542236328,13.324999809265137,13.914999961853027,9.747505187988281,65800
2002-10-14,13.914999961853027,14.25,13.899999618530273,14.130000114440918,9.898113250732422,53400
2002-10-15,14.255000114440918,14.949999809265137,14.255000114440918,14.920000076293945,10.451513290405273,25400
2002-10-16,14.899999618530273,14.899999618530273,14.274999618530273,14.300000190734863,10.01720142364502,21200
2002-10-17,14.350000381469727,14.550000190734863,14.234999656677246,14.324999809265137,10.034709930419922,80000
2002-10-18,14.324999809265137,14.375,14.199999809265137,14.375,10.06973648071289,50200
2002-10-21,14.350000381469727,14.675000190734863,14.350000381469727,14.614999771118164,10.237862586975098,18200
2002-10-22,14.614999771118164,14.614999771118164,13.970000267028809,14.0,9.807052612304688,125000
2002-10-23,13.925000190734863,14.28499984741211,13.899999618530273,14.28499984741211,10.006695747375488,45200
2002-10-24,14.279999732971191,14.800000190734863,14.279999732971191,14.675000190734863,10.279886245727539,20200
2002-10-25,14.664999961853027,15.125,14.65999984741211,15.125,10.59511661529541,19200
2002-10-28,15.225000381469727,15.375,14.774999618530273,14.824999809265137,10.384963989257812,65000
2002-10-29,14.824999809265137,14.850000381469727,14.550000190734863,14.850000381469727,10.402478218078613,43600
2002-10-30,14.875,15.024999618530273,14.875,15.0,10.507551193237305,18600
2002-10-31,15.005000114440918,15.170000076293945,15.005000114440918,15.079999923706055,10.563591003417969,27600
2002-11-01,15.079999923706055,15.40999984741211,15.079999923706055,15.350000381469727,10.752734184265137,30600
2002-11-04,15.335000038146973,15.390000343322754,15.25,15.324999809265137,10.73521900177002,43600
2002-11-05,15.300000190734863,15.324999809265137,15.274999618530273,15.295000076293945,10.714203834533691,46000
2002-11-06,15.449999809265137,15.875,15.425000190734863,15.875,11.120491981506348,47000
2002-11-07,15.850000381469727,15.850000381469727,15.699999809265137,15.770000457763672,11.046939849853516,36400
2002-11-08,15.8149995803833,15.899999618530273,15.774999618530273,15.850000381469727,11.10297966003418,18000
2002-11-11,15.800000190734863,15.875,15.5,15.5,10.857805252075195,17200
2002-11-12,15.5,15.600000381469727,15.475000381469727,15.595000267028809,10.924355506896973,26200
2002-11-13,15.5,15.710000038146973,15.449999809265137,15.555000305175781,10.89633560180664,30600
2002-11-14,15.569999694824219,15.649999618530273,15.520000457763672,15.649999618530273,10.962882041931152,25800
2002-11-15,15.649999618530273,15.925000190734863,15.510000228881836,15.90999984741211,11.145012855529785,26600
2002-11-18,15.949999809265137,15.949999809265137,15.550000190734863,15.75,11.032929420471191,25800
2002-11-19,15.75,16.100000381469727,15.680000305175781,15.975000381469727,11.190543174743652,59200
2002-11-20,16.0,16.799999237060547,16.0,16.75,11.73343276977539,33800
2002-11-21,16.75,17.350000381469727,16.735000610351562,17.075000762939453,11.961102485656738,48000
2002-11-22,17.1200008392334,17.1200008392334,16.649999618530273,16.799999237060547,11.768462181091309,31000
2002-11-25,16.799999237060547,16.850000381469727,16.75,16.825000762939453,11.785969734191895,50800
2002-11-26,16.709999084472656,16.709999084472656,16.219999313354492,16.545000076293945,11.662612915039062,35400
2002-11-27,16.6200008392334,17.549999237060547,16.6200008392334,17.549999237060547,12.3710355758667,54600
2002-11-29,17.600000381469727,17.950000762939453,17.594999313354492,17.950000762939453,12.653002738952637,20600
2002-12-02,18.0,18.049999237060547,17.104999542236328,17.125,12.071455001831055,66000
2002-12-03,17.0,17.100000381469727,16.524999618530273,16.899999618530273,11.912851333618164,52200
2002-12-04,16.774999618530273,16.899999618530273,16.530000686645508,16.530000686645508,11.652042388916016,31600
2002-12-05,16.489999771118164,16.489999771118164,15.824999809265137,16.014999389648438,11.289013862609863,50200
2002-12-06,15.949999809265137,16.25,15.949999809265137,16.225000381469727,11.437045097351074,35600
2002-12-09,16.225000381469727,16.329999923706055,15.649999618530273,15.710000038146973,11.07402229309082,46400
2002-12-10,15.649999618530273,15.6850004196167,15.300000190734863,15.6850004196167,11.056401252746582,63400
2002-12-11,15.6850004196167,15.725000381469727,15.25,15.375,10.837881088256836,16400
2002-12-12,15.25,15.399999618530273,15.175000190734863,15.375,10.837881088256836,23400
2002-12-13,15.395000457763672,15.510000228881836,15.350000381469727,15.449999809265137,10.890741348266602,42600
2002-12-16,15.375,15.569999694824219,15.055000305175781,15.569999694824219,10.975332260131836,81200
2002-12-17,15.619999885559082,16.25,15.619999885559082,16.21500015258789,11.429996490478516,17400
2002-12-18,16.165000915527344,16.165000915527344,16.0,16.0049991607666,11.281963348388672,6400
2002-12-19,15.949999809265137,15.975000381469727,15.75,15.90999984741211,11.215001106262207,14400
2002-12-20,16.0,16.584999084472656,16.0,16.549999237060547,11.6661376953125,38200
2002-12-23,16.424999237060547,16.774999618530273,16.375,16.700000762939453,11.77187442779541,49000
2002-12-24,16.700000762939453,16.739999771118164,16.665000915527344,16.674999237060547,11.754251480102539,2800
2002-12-26,16.635000228881836,16.635000228881836,16.299999237060547,16.299999237060547,11.489910125732422,9600
2002-12-27,16.274999618530273,16.274999618530273,15.850000381469727,15.850000381469727,11.17270565032959,16200
2002-12-30,15.920000076293945,16.700000762939453,15.824999809265137,16.56999969482422,11.68023681640625,30200
2002-12-31,16.524999618530273,16.6299991607666,16.299999237060547,16.299999237060547,11.489910125732422,42000
2003-01-02,16.25,16.395000457763672,16.114999771118164,16.375,11.542780876159668,20000
2003-01-03,16.334999084472656,16.875,16.334999084472656,16.75,11.80711555480957,19000
2003-01-06,16.850000381469727,17.850000381469727,16.850000381469727,17.84000015258789,12.57546329498291,52600
2003-01-07,17.739999771118164,17.739999771118164,17.0,17.104999542236328,12.057355880737305,25800
2003-01-08,17.155000686645508,17.264999389648438,16.954999923706055,17.1299991607666,12.074983596801758,27600
2003-01-09,17.125,17.360000610351562,17.125,17.239999771118164,12.152523040771484,36600
2003-01-10,17.260000228881836,17.489999771118164,17.200000762939453,17.299999237060547,12.194814682006836,18600
2003-01-13,17.274999618530273,17.280000686645508,17.21500015258789,17.2450008392334,12.156041145324707,23400
2003-01-14,17.280000686645508,17.399999618530273,17.25,17.3799991607666,12.25120735168457,34600
2003-01-15,17.354999542236328,17.4950008392334,17.350000381469727,17.454999923706055,12.304073333740234,13200
2003-01-16,17.475000381469727,17.475000381469727,17.420000076293945,17.475000381469727,12.318178176879883,9600
2003-01-17,17.420000076293945,17.420000076293945,17.0,17.0,11.983346939086914,22400
2003-01-21,16.950000762939453,16.950000762939453,16.600000381469727,16.600000381469727,11.701385498046875,32200
2003-01-22,16.549999237060547,16.549999237060547,16.049999237060547,16.145000457763672,11.380656242370605,39200
2003-01-23,16.149999618530273,16.31999969482422,16.049999237060547,16.239999771118164,11.447619438171387,19000
2003-01-24,16.190000534057617,16.190000534057617,15.390000343322754,15.390000343322754,10.848454475402832,26600
2003-01-27,15.199999809265137,15.5600004196167,15.175000190734863,15.270000457763672,10.763861656188965,62000
2003-01-28,15.28499984741211,15.710000038146973,15.234999656677246,15.414999961853027,10.866074562072754,36400
2003-01-29,15.375,15.375,15.149999618530273,15.25,10.74976921081543,9400
2003-01-30,15.3100004196167,15.430000305175781,15.020000457763672,15.024999618530273,10.59115982055664,12400
2003-01-31,15.050000190734863,15.149999618530273,14.975000381469727,15.149999618530273,10.679276466369629,7200
2003-02-03,15.149999618530273,15.305000305175781,14.96500015258789,15.074999809265137,10.62640380859375,16000
2003-02-04,15.0,15.0,14.5,14.640000343322754,10.319774627685547,44600
2003-02-05,14.600000381469727,14.979999542236328,14.600000381469727,14.949999809265137,10.538294792175293,31800
2003-02-06,14.885000228881836,14.989999771118164,14.699999809265137,14.984999656677246,10.56296443939209,21200
2003-02-07,14.984999656677246,15.444999694824219,14.850000381469727,15.375,10.837881088256836,28600
2003-02-10,15.5,16.5,15.5,16.079999923706055,11.334835052490234,73800
2003-02-11,16.049999237060547,16.540000915527344,16.049999237060547,16.200000762939453,11.419424057006836,53600
2003-02-12,16.204999923706055,16.440000534057617,16.024999618530273,16.200000762939453,11.419424057006836,43400
2003-02-13,16.225000381469727,16.299999237060547,16.084999084472656,16.165000915527344,11.39475154876709,22400
2003-02-14,16.114999771118164,16.459999084472656,15.975000381469727,16.40999984741211,11.567451477050781,22200
2003-02-18,16.299999237060547,16.30500030517578,16.040000915527344,16.06999969482422,11.32778549194336,26800
2003-02-19,16.06999969482422,16.06999969482422,15.125,15.375,10.837881088256836,68200
2003-02-20,15.369999885559082,15.494999885559082,15.100000381469727,15.335000038146973,10.809683799743652,31200
2003-02-21,15.3100004196167,16.270000457763672,15.3100004196167,16.100000381469727,11.348934173583984,45800
2003-02-24,16.059999465942383,16.21500015258789,15.895000457763672,16.0049991607666,11.281963348388672,23800
2003-02-25,16.024999618530273,16.209999084472656,15.994999885559082,16.174999237060547,11.401799201965332,18200
2003-02-26,16.024999618530273,16.100000381469727,15.899999618530273,16.075000762939453,11.405350685119629,15000
2003-02-27,16.075000762939453,16.684999465942383,16.06999969482422,16.665000915527344,11.823962211608887,36200
2003-02-28,16.684999465942383,16.875,16.674999237060547,16.674999237060547,11.83105182647705,15800
2003-03-03,16.575000762939453,16.764999389648438,16.145000457763672,16.145000457763672,11.455016136169434,33600
2003-03-04,16.100000381469727,16.31999969482422,15.850000381469727,16.19499969482422,11.490484237670898,33800
2003-03-05,16.149999618530273,16.149999618530273,15.449999809265137,15.524999618530273,11.015117645263672,47000
2003-03-06,15.510000228881836,15.625,15.274999618530273,15.319999694824219,10.869669914245605,24400
2003-03-07,15.300000190734863,15.319999694824219,14.949999809265137,15.175000190734863,10.766792297363281,51400
2003-03-10,15.149999618530273,15.149999618530273,14.850000381469727,14.850000381469727,10.536199569702148,35400
2003-03-11,14.824999809265137,14.864999771118164,14.604999542236328,14.854999542236328,10.539745330810547,55800
2003-03-12,14.850000381469727,14.850000381469727,14.800000190734863,14.800000190734863,10.500724792480469,22400
2003-03-13,14.850000381469727,15.09000015258789,14.649999618530273,15.09000015258789,10.706480026245117,41200
2003-03-14,15.125,15.819999694824219,15.125,15.5,10.997383117675781,20600
2003-03-17,15.425000190734863,15.800000190734863,15.350000381469727,15.800000190734863,11.210233688354492,21400
2003-03-18,15.75,15.954999923706055,15.635000228881836,15.954999923706055,11.320207595825195,17200
2003-03-19,15.954999923706055,15.960000038146973,15.649999618530273,15.890000343322754,11.274090766906738,23200
2003-03-20,15.850000381469727,16.25,15.774999618530273,16.25,11.529512405395508,26800
2003-03-21,16.375,16.594999313354492,16.299999237060547,16.575000762939453,11.760106086730957,28400
2003-03-24,16.579999923706055,16.649999618530273,16.31999969482422,16.350000381469727,11.600464820861816,19600
2003-03-25,16.350000381469727,16.5,16.350000381469727,16.450000762939453,11.671416282653809,9800
2003-03-26,16.479999542236328,16.5,16.174999237060547,16.174999237060547,11.47629451751709,18400
2003-03-27,16.125,16.149999618530273,15.864999771118164,16.0,11.352136611938477,10800
2003-03-28,16.0,16.174999237060547,16.0,16.049999237060547,11.387608528137207,7600
2003-03-31,16.0,16.0,15.75,15.75,11.174757957458496,33400
2003-04-01,15.75,15.899999618530273,15.550000190734863,15.899999618530273,11.281184196472168,19800
2003-04-02,16.0,16.149999618530273,15.994999885559082,16.145000457763672,11.455016136169434,11600
2003-04-03,16.145000457763672,16.299999237060547,16.145000457763672,16.174999237060547,11.47629451751709,8600
2003-04-04,16.200000762939453,16.200000762939453,15.930000305175781,15.949999809265137,11.316658020019531,13400
2003-04-07,16.075000762939453,16.264999389648438,16.075000762939453,16.235000610351562,11.518867492675781,18800
2003-04-08,16.229999542236328,16.239999771118164,16.190000534057617,16.235000610351562,11.518867492675781,10200
2003-04-09,16.25,16.364999771118164,16.200000762939453,16.204999923706055,11.497583389282227,10200
2003-04-10,16.225000381469727,16.225000381469727,16.049999237060547,16.049999237060547,11.387608528137207,12200
2003-04-11,16.075000762939453,16.075000762939453,15.824999809265137,15.824999809265137,11.227971076965332,12600
2003-04-14,15.774999618530273,15.925000190734863,15.699999809265137,15.925000190734863,11.298922538757324,17400
2003-04-15,15.875,15.994999885559082,15.819999694824219,15.899999618530273,11.281184196472168,9600
2003-04-16,15.949999809265137,16.235000610351562,15.930000305175781,16.149999618530273,11.458561897277832,14600
2003-04-17,16.174999237060547,16.225000381469727,16.15999984741211,16.174999237060547,11.47629451751709,9800
2003-04-21,16.174999237060547,16.424999237060547,16.174999237060547,16.385000228881836,11.625296592712402,19600
2003-04-22,16.350000381469727,16.5,16.325000762939453,16.5,11.706886291503906,13600
2003-04-23,16.5,16.514999389648438,16.450000762939453,16.514999389648438,11.71753215789795,28000
2003-04-24,16.549999237060547,16.604999542236328,16.524999618530273,16.565000534057617,11.753007888793945,3600
2003-04-25,16.5,16.5,16.450000762939453,16.454999923706055,11.67496109008789,19800
2003-04-28,16.5,16.645000457763672,16.485000610351562,16.5,11.706886291503906,57400
2003-04-29,16.5,16.584999084472656,16.350000381469727,16.350000381469727,11.600464820861816,30200
2003-04-30,16.325000762939453,16.5049991607666,16.325000762939453,16.5049991607666,11.71043872833252,29200
2003-05-01,16.450000762939453,16.475000381469727,16.299999237060547,16.299999237060547,11.564986228942871,20400
2003-05-02,16.25,16.485000610351562,16.25,16.475000381469727,11.689153671264648,14600
2003-05-05,16.44499969482422,17.200000762939453,16.44499969482422,17.125,12.150328636169434,44800
2003-05-06,17.209999084472656,17.489999771118164,17.209999084472656,17.295000076293945,12.270947456359863,67200
2003-05-07,17.295000076293945,17.40999984741211,17.235000610351562,17.299999237060547,12.274493217468262,18400
2003-05-08,17.30500030517578,17.420000076293945,17.075000762939453,17.1299991607666,12.153882026672363,38200
2003-05-09,17.125,17.125,16.799999237060547,16.889999389648438,11.983600616455078,19800
2003-05-12,16.950000762939453,17.100000381469727,16.920000076293945,16.94499969482422,12.022622108459473,10600
2003-05-13,16.920000076293945,17.125,16.850000381469727,17.125,12.150328636169434,18000
2003-05-14,17.174999237060547,17.270000457763672,17.09000015258789,17.09000015258789,12.125494956970215,14400
2003-05-15,17.1299991607666,17.31999969482422,16.934999465942383,16.94499969482422,12.022622108459473,23200
2003-05-16,16.850000381469727,16.924999237060547,16.325000762939453,16.5,11.706886291503906,47200
2003-05-19,16.524999618530273,16.540000915527344,16.225000381469727,16.225000381469727,11.511775970458984,26200
2003-05-20,16.174999237060547,16.174999237060547,15.795000076293945,15.984999656677246,11.34149169921875,57800
2003-05-21,16.024999618530273,16.165000915527344,15.989999771118164,16.125,11.44082260131836,37000
2003-05-22,16.19499969482422,16.28499984741211,16.190000534057617,16.25,11.529512405395508,10200
2003-05-23,16.375,16.399999618530273,16.280000686645508,16.290000915527344,11.557889938354492,9800
2003-05-27,16.389999389648438,16.850000381469727,16.389999389648438,16.809999465942383,11.926836967468262,18400
2003-05-28,16.725000381469727,17.155000686645508,16.725000381469727,17.125,12.226701736450195,20600
2003-05-29,17.024999618530273,17.44499969482422,17.024999618530273,17.415000915527344,12.433760643005371,30400
2003-05-30,17.450000762939453,17.5,17.375,17.475000381469727,12.476593971252441,27400
2003-06-02,17.475000381469727,17.524999618530273,17.3799991607666,17.475000381469727,12.476593971252441,73000
2003-06-03,17.475000381469727,17.825000762939453,17.475000381469727,17.725000381469727,12.655086517333984,27600
2003-06-04,17.774999618530273,18.19499969482422,17.774999618530273,18.174999237060547,12.976370811462402,45200
2003-06-05,18.155000686645508,18.25,18.0,18.084999084472656,12.912109375,45600
2003-06-06,17.950000762939453,18.049999237060547,17.774999618530273,17.834999084472656,12.733619689941406,59200
2003-06-09,17.799999237060547,17.924999237060547,17.739999771118164,17.825000762939453,12.72647762298584,23200
2003-06-10,17.799999237060547,17.924999237060547,17.71500015258789,17.829999923706055,12.73005199432373,19600
2003-06-11,17.799999237060547,17.825000762939453,17.625,17.69499969482422,12.6336669921875,31000
2003-06-12,17.69499969482422,18.0,17.69499969482422,18.0,12.851426124572754,20600
2003-06-13,18.0,18.225000381469727,17.950000762939453,18.225000381469727,13.012066841125488,41000
2003-06-16,18.21500015258789,18.850000381469727,18.21500015258789,18.809999465942383,13.429742813110352,40400
2003-06-17,18.850000381469727,18.8700008392334,18.354999542236328,18.854999542236328,13.461871147155762,42200
2003-06-18,18.850000381469727,18.850000381469727,18.5,18.5,13.208410263061523,24800
2003-06-19,18.5,18.614999771118164,18.079999923706055,18.079999923706055,12.908540725708008,20400
2003-06-20,18.149999618530273,18.174999237060547,18.05500030517578,18.139999389648438,12.951383590698242,6800
2003-06-23,18.174999237060547,18.19499969482422,17.725000381469727,17.725000381469727,12.655086517333984,17600
2003-06-24,17.760000228881836,17.760000228881836,17.5,17.700000762939453,12.637236595153809,13200
2003-06-25,17.649999618530273,17.834999084472656,17.610000610351562,17.649999618530273,12.601539611816406,11200
2003-06-26,17.649999618530273,17.950000762939453,17.649999618530273,17.899999618530273,12.780028343200684,8800
2003-06-27,17.875,18.299999237060547,17.875,18.225000381469727,13.012066841125488,13000
2003-06-30,18.274999618530273,18.375,18.100000381469727,18.375,13.119163513183594,80000
2003-07-01,18.375,18.389999389648438,18.149999618530273,18.149999618530273,12.958525657653809,28000
2003-07-02,18.200000762939453,18.625,18.200000762939453,18.625,13.297652244567871,35600
2003-07-03,18.575000762939453,18.975000381469727,18.575000762939453,18.934999465942383,13.51898193359375,19400
2003-07-07,18.9950008392334,19.239999771118164,18.850000381469727,19.190000534057617,13.701045036315918,58400
2003-07-08,19.184999465942383,19.395000457763672,19.125,19.200000762939453,13.708185195922852,34400
2003-07-09,19.219999313354492,19.5,19.149999618530273,19.274999618530273,13.761737823486328,54400
2003-07-10,19.25,19.360000610351562,19.100000381469727,19.100000381469727,13.636788368225098,65600
2003-07-11,19.170000076293945,19.274999618530273,19.170000076293945,19.239999771118164,13.736742973327637,10800
2003-07-14,19.2549991607666,19.375,19.225000381469727,19.225000381469727,13.726038932800293,20000
2003-07-15,19.225000381469727,19.225000381469727,18.885000228881836,18.905000686645508,13.497564315795898,13200
2003-07-16,18.975000381469727,18.975000381469727,18.700000762939453,18.850000381469727,13.458293914794922,21400
2003-07-17,18.799999237060547,18.8700008392334,18.549999237060547,18.799999237060547,13.42260456085205,43400
2003-07-18,18.75,18.905000686645508,18.75,18.875,13.47614574432373,78600
2003-07-21,18.825000762939453,18.829999923706055,18.5,18.625,13.297652244567871,15400
2003-07-22,18.610000610351562,19.225000381469727,18.610000610351562,19.225000381469727,13.726038932800293,22800
2003-07-23,19.225000381469727,19.225000381469727,18.899999618530273,18.950000762939453,13.52969741821289,14000
2003-07-24,19.0,19.225000381469727,18.899999618530273,18.899999618530273,13.493999481201172,22200
2003-07-25,18.924999237060547,18.96500015258789,18.764999389648438,18.924999237060547,13.511845588684082,15600
2003-07-28,18.950000762939453,19.270000457763672,18.950000762939453,19.184999465942383,13.697478294372559,16200
2003-07-29,19.19499969482422,19.30500030517578,19.174999237060547,19.25,13.74388313293457,13200
2003-07-30,19.25,19.25,18.40999984741211,18.575000762939453,13.261961936950684,73800
2003-07-31,18.625,18.825000762939453,18.450000762939453,18.75,13.38690185546875,27200
2003-08-01,18.799999237060547,18.799999237060547,18.459999084472656,18.55500030517578,13.247685432434082,21600
2003-08-04,18.899999618530273,18.915000915527344,18.75,18.774999618530273,13.404748916625977,19600
2003-08-05,18.825000762939453,18.825000762939453,18.524999618530273,18.524999618530273,13.226253509521484,17800
2003-08-06,18.5,18.575000762939453,18.475000381469727,18.5,13.208410263061523,9200
2003-08-07,18.475000381469727,18.475000381469727,18.184999465942383,18.28499984741211,13.054898262023926,23000
2003-08-08,18.309999465942383,18.350000381469727,18.155000686645508,18.280000686645508,13.051336288452148,13800
2003-08-11,18.299999237060547,18.5,18.299999237060547,18.5,13.208410263061523,4600
2003-08-12,18.625,18.905000686645508,18.625,18.905000686645508,13.497564315795898,14800
2003-08-13,18.8799991607666,18.950000762939453,18.799999237060547,18.799999237060547,13.42260456085205,26800
2003-08-14,18.799999237060547,19.299999237060547,18.799999237060547,19.084999084472656,13.626082420349121,44800
2003-08-15,19.100000381469727,19.30500030517578,19.100000381469727,19.225000381469727,13.726038932800293,12000
2003-08-18,19.274999618530273,19.799999237060547,19.270000457763672,19.799999237060547,14.13657283782959,29800
2003-08-19,19.8700008392334,19.989999771118164,19.700000762939453,19.959999084472656,14.250802040100098,60800
2003-08-20,19.959999084472656,20.065000534057617,19.799999237060547,19.799999237060547,14.13657283782959,61600
2003-08-21,19.875,20.125,19.875,20.125,14.368616104125977,21600
2003-08-22,20.25,20.299999237060547,19.5,19.5,13.922372817993164,28400
2003-08-25,19.575000762939453,19.774999618530273,19.46500015258789,19.700000762939453,14.065176010131836,11400
2003-08-26,19.75,19.75,19.399999618530273,19.725000381469727,14.08301830291748,13400
2003-08-27,19.670000076293945,19.8799991607666,19.645000457763672,19.8799991607666,14.269640922546387,4800
2003-08-28,19.975000381469727,20.125,19.8700008392334,20.100000381469727,14.427553176879883,16400
2003-08-29,20.0,20.0,19.875,19.875,14.266056060791016,12400
2003-09-02,19.934999465942383,20.25,19.850000381469727,20.25,14.535229682922363,75400
2003-09-03,20.174999237060547,20.549999237060547,20.174999237060547,20.415000915527344,14.653663635253906,34200
2003-09-04,20.415000915527344,20.5,20.360000610351562,20.40999984741211,14.650078773498535,50000
2003-09-05,20.360000610351562,20.360000610351562,19.899999618530273,19.899999618530273,14.284006118774414,17200
2003-09-08,19.924999237060547,20.125,19.924999237060547,20.049999237060547,14.391669273376465,11000
2003-09-09,20.075000762939453,20.075000762939453,19.850000381469727,19.899999618530273,14.284006118774414,26800
2003-09-10,19.875,19.94499969482422,19.690000534057617,19.690000534057617,14.133269309997559,34400
2003-09-11,19.75,19.825000762939453,19.649999618530273,19.725000381469727,14.158382415771484,19400
2003-09-12,19.739999771118164,19.739999771118164,19.56999969482422,19.6200008392334,14.083024024963379,11800
2003-09-15,19.649999618530273,19.75,19.610000610351562,19.674999237060547,14.12249755859375,24600
2003-09-16,19.75,19.924999237060547,19.75,19.8700008392334,14.262475967407227,31400
2003-09-17,19.799999237060547,19.799999237060547,19.5049991607666,19.549999237060547,14.0327787399292,12800
2003-09-18,19.575000762939453,19.625,19.34000015258789,19.5,13.996878623962402,23000
2003-09-19,19.375,19.450000762939453,19.34000015258789,19.350000381469727,13.889211654663086,33800
2003-09-22,19.325000762939453,19.325000762939453,18.704999923706055,18.844999313354492,13.526732444763184,54400
2003-09-23,18.844999313354492,18.889999389648438,18.520000457763672,18.65999984741211,13.393945693969727,68600
2003-09-24,18.65999984741211,18.65999984741211,18.204999923706055,18.344999313354492,13.167839050292969,59200
2003-09-25,18.280000686645508,18.280000686645508,18.0,18.100000381469727,12.991984367370605,46600
2003-09-26,18.049999237060547,18.049999237060547,17.5,17.5,12.561308860778809,25400
2003-09-29,17.4950008392334,18.350000381469727,17.450000762939453,18.350000381469727,13.171427726745605,58600
2003-09-30,18.399999618530273,18.614999771118164,18.200000762939453,18.420000076293945,13.221675872802734,54200
2003-10-01,18.469999313354492,18.670000076293945,18.290000915527344,18.389999389648438,13.200140953063965,46200
2003-10-02,18.385000228881836,18.575000762939453,18.25,18.450000762939453,13.243205070495605,25000
2003-10-03,18.475000381469727,18.799999237060547,18.44499969482422,18.549999237060547,13.314986228942871,27400
2003-10-06,18.545000076293945,18.700000762939453,18.450000762939453,18.700000762939453,13.422650337219238,12800
2003-10-07,18.950000762939453,19.899999618530273,18.93000030517578,19.899999618530273,14.284006118774414,61600
2003-10-08,19.850000381469727,20.100000381469727,19.700000762939453,20.06999969482422,14.406023025512695,70200
2003-10-09,20.174999237060547,20.424999237060547,20.045000076293945,20.100000381469727,14.427553176879883,18200
2003-10-10,20.049999237060547,20.049999237060547,19.690000534057617,19.80500030517578,14.21580982208252,19000
2003-10-13,19.774999618530273,20.0,19.774999618530273,19.989999771118164,14.348602294921875,8600
2003-10-14,20.0,20.44499969482422,20.0,20.44499969482422,14.675200462341309,15800
2003-10-15,20.4950008392334,20.6299991607666,20.299999237060547,20.59000015258789,14.779278755187988,18400
2003-10-16,20.565000534057617,20.850000381469727,20.100000381469727,20.100000381469727,14.427553176879883,48400
2003-10-17,20.100000381469727,20.100000381469727,19.350000381469727,19.350000381469727,13.889211654663086,42600
2003-10-20,19.350000381469727,19.475000381469727,19.334999084472656,19.469999313354492,13.975348472595215,23200
2003-10-21,19.469999313354492,19.55500030517578,19.280000686645508,19.280000686645508,13.83897876739502,14200
2003-10-22,19.2549991607666,19.2549991607666,18.059999465942383,18.68000030517578,13.408296585083008,118000
2003-10-23,18.55500030517578,18.600000381469727,18.06999969482422,18.094999313354492,12.988387107849121,64000
2003-10-24,18.09000015258789,18.25,18.06999969482422,18.225000381469727,13.081704139709473,25200
2003-10-27,18.290000915527344,19.0,18.25,19.0,13.637990951538086,84800
2003-10-28,19.0,19.274999618530273,18.899999618530273,19.19499969482422,13.777965545654297,51400
2003-10-29,19.25,19.764999389648438,19.05500030517578,19.5,13.996878623962402,41600
2003-10-30,19.5,19.90999984741211,19.5,19.739999771118164,14.169156074523926,25600
2003-10-31,19.774999618530273,19.864999771118164,19.735000610351562,19.780000686645508,14.197866439819336,15800
2003-11-03,19.825000762939453,20.299999237060547,19.825000762939453,20.274999618530273,14.55317211151123,31000
2003-11-04,20.274999618530273,21.0,20.274999618530273,20.84000015258789,14.958720207214355,108400
2003-11-05,20.725000381469727,21.200000762939453,20.5,21.200000762939453,15.217124938964844,107200
2003-11-06,21.200000762939453,21.25,21.0,21.020000457763672,15.087919235229492,48800
2003-11-07,21.06999969482422,21.274999618530273,21.040000915527344,21.149999618530273,15.181232452392578,21800
2003-11-10,21.139999389648438,21.2450008392334,21.024999618530273,21.024999618530273,15.091510772705078,21200
2003-11-11,21.0,21.2450008392334,20.934999465942383,20.934999465942383,15.026914596557617,36800
2003-11-12,20.950000762939453,21.579999923706055,20.950000762939453,21.56999969482422,15.482707023620605,35800
2003-11-13,21.520000457763672,21.924999237060547,21.520000457763672,21.864999771118164,15.694456100463867,27400
2003-11-14,21.864999771118164,22.0,21.424999237060547,21.475000381469727,15.414518356323242,45000
2003-11-17,21.475000381469727,21.514999389648438,21.225000381469727,21.350000381469727,15.324799537658691,42200
2003-11-18,21.299999237060547,21.600000381469727,21.290000915527344,21.299999237060547,15.288905143737793,25200
2003-11-19,21.350000381469727,21.575000762939453,21.125,21.450000762939453,15.396577835083008,31400
2003-11-20,21.479999542236328,21.479999542236328,21.25,21.299999237060547,15.288905143737793,20200
2003-11-21,21.424999237060547,21.424999237060547,21.280000686645508,21.280000686645508,15.274548530578613,19200
2003-11-24,21.0,21.5,20.989999771118164,21.5,15.432464599609375,32600
2003-11-25,21.395000457763672,21.915000915527344,21.395000457763672,21.875,15.778698921203613,20400
2003-11-26,21.975000381469727,22.065000534057617,21.549999237060547,21.549999237060547,15.544266700744629,25200
2003-11-28,21.600000381469727,21.645000457763672,21.440000534057617,21.559999465942383,15.55147647857666,10200
2003-12-01,21.684999465942383,22.2549991607666,21.684999465942383,22.2549991607666,16.052797317504883,44400
2003-12-02,22.3799991607666,22.4950008392334,22.25,22.489999771118164,16.222299575805664,28600
2003-12-03,22.4950008392334,22.5,22.295000076293945,22.295000076293945,16.08163833618164,20400
2003-12-04,22.25,22.5049991607666,22.0,22.450000762939453,16.193449020385742,36400
2003-12-05,22.450000762939453,22.450000762939453,22.0,22.0,15.86885929107666,12800
2003-12-08,22.0,22.049999237060547,21.325000762939453,21.639999389648438,15.609182357788086,73800
2003-12-09,21.725000381469727,21.774999618530273,21.584999084472656,21.71500015258789,15.66327953338623,26000
2003-12-10,21.549999237060547,21.575000762939453,21.149999618530273,21.5049991607666,15.511808395385742,43800
2003-12-11,21.510000228881836,21.969999313354492,21.469999313354492,21.969999313354492,15.847219467163086,21800
2003-12-12,22.045000076293945,22.440000534057617,22.045000076293945,22.440000534057617,16.186237335205078,9400
2003-12-15,22.5,22.899999618530273,22.149999618530273,22.149999618530273,15.977052688598633,49800
2003-12-16,22.149999618530273,22.475000381469727,22.0,22.475000381469727,16.211471557617188,24800
2003-12-17,22.424999237060547,22.5,22.299999237060547,22.4950008392334,16.225902557373047,18400
2003-12-18,22.549999237060547,22.549999237060547,22.024999618530273,22.399999618530273,16.157379150390625,32000
2003-12-19,22.399999618530273,22.399999618530273,21.489999771118164,21.520000457763672,15.522638320922852,55200
2003-12-22,21.575000762939453,21.729999542236328,21.469999313354492,21.475000381469727,15.490169525146484,17400
2003-12-23,21.350000381469727,21.684999465942383,21.309999465942383,21.68000030517578,15.638039588928223,16800
2003-12-24,21.774999618530273,21.815000534057617,21.75,21.799999237060547,15.724592208862305,4000
2003-12-26,21.700000762939453,21.81999969482422,21.700000762939453,21.71500015258789,15.66327953338623,6400
2003-12-29,21.774999618530273,22.209999084472656,21.774999618530273,22.209999084472656,16.02033233642578,22800
2003-12-30,22.334999084472656,22.395000457763672,22.030000686645508,22.049999237060547,15.904921531677246,38400
2003-12-31,22.25,22.25,21.649999618530273,21.649999618530273,15.6163911819458,23400
2004-01-02,21.674999237060547,21.875,21.399999618530273,21.600000381469727,15.580334663391113,33400
2004-01-05,21.524999618530273,21.600000381469727,21.344999313354492,21.5,15.508210182189941,25800
2004-01-06,21.450000762939453,21.799999237060547,21.44499969482422,21.4950008392334,15.504587173461914,35400
2004-01-07,21.475000381469727,21.635000228881836,21.399999618530273,21.424999237060547,15.454103469848633,20200
2004-01-08,21.424999237060547,21.649999618530273,21.065000534057617,21.649999618530273,15.6163911819458,49800
2004-01-09,21.600000381469727,21.665000915527344,21.5,21.6200008392334,15.594759941101074,21200
2004-01-12,21.6200008392334,21.690000534057617,21.399999618530273,21.5,15.508210182189941,20000
2004-01-13,21.549999237060547,21.549999237060547,21.399999618530273,21.5049991607666,15.511808395385742,20400
2004-01-14,21.510000228881836,21.950000762939453,21.469999313354492,21.950000762939453,15.832785606384277,40400
2004-01-15,22.024999618530273,22.094999313354492,21.924999237060547,22.094999313354492,15.937384605407715,34200
2004-01-16,22.145000457763672,22.170000076293945,22.0049991607666,22.100000381469727,15.940985679626465,15400
2004-01-20,22.024999618530273,22.045000076293945,21.600000381469727,21.84000015258789,15.753443717956543,34800
2004-01-21,21.825000762939453,21.889999389648438,21.520000457763672,21.530000686645508,15.529838562011719,24600
2004-01-22,21.549999237060547,21.579999923706055,21.149999618530273,21.235000610351562,15.317055702209473,30400
2004-01-23,21.235000610351562,21.235000610351562,20.924999237060547,21.104999542236328,15.223283767700195,32400
2004-01-26,21.104999542236328,21.104999542236328,20.850000381469727,20.934999465942383,15.100662231445312,27400
2004-01-27,20.950000762939453,20.950000762939453,20.649999618530273,20.655000686645508,14.898691177368164,26200
2004-01-28,20.700000762939453,20.735000610351562,20.260000228881836,20.31999969482422,14.657058715820312,55600
2004-01-29,20.3700008392334,20.440000534057617,20.15999984741211,20.280000686645508,14.628201484680176,23000
2004-01-30,20.325000762939453,20.334999084472656,20.045000076293945,20.145000457763672,14.530824661254883,14000
2004-02-02,20.145000457763672,20.28499984741211,19.950000762939453,20.100000381469727,14.49836254119873,27400
2004-02-03,20.125,20.125,19.799999237060547,19.8700008392334,14.332468032836914,20400
2004-02-04,19.850000381469727,19.850000381469727,19.350000381469727,19.350000381469727,13.957379341125488,55400
2004-02-05,19.375,19.375,19.045000076293945,19.2549991607666,13.888859748840332,53800
2004-02-06,19.299999237060547,19.975000381469727,19.299999237060547,19.950000762939453,14.39017105102539,44800
2004-02-09,19.9950008392334,20.100000381469727,19.725000381469727,19.825000762939453,14.299999237060547,17400
2004-02-10,19.875,19.8799991607666,19.600000381469727,19.645000457763672,14.170167922973633,21200
2004-02-11,19.649999618530273,19.725000381469727,19.524999618530273,19.674999237060547,14.191802024841309,23600
2004-02-12,19.700000762939453,19.764999389648438,19.6200008392334,19.725000381469727,14.227869987487793,35600
2004-02-13,19.725000381469727,19.875,19.71500015258789,19.790000915527344,14.274754524230957,26800
2004-02-17,19.850000381469727,20.815000534057617,19.850000381469727,20.815000534057617,15.014100074768066,51600
2004-02-18,20.899999618530273,21.375,20.899999618530273,21.174999237060547,15.273772239685059,68200
2004-02-19,21.174999237060547,21.225000381469727,20.450000762939453,20.524999618530273,14.804923057556152,30200
2004-02-20,20.625,20.625,20.049999237060547,20.149999618530273,14.53442668914795,22800
2004-02-23,20.125,20.6200008392334,20.125,20.25,14.606561660766602,49800
2004-02-24,20.25,20.264999389648438,19.93000030517578,20.0,14.426234245300293,25200
2004-02-25,19.94499969482422,20.100000381469727,19.94499969482422,20.075000762939453,14.556756973266602,24600
2004-02-26,20.059999465942383,20.4950008392334,19.93000030517578,20.184999465942383,14.636515617370605,40400
2004-02-27,20.190000534057617,20.315000534057617,20.18000030517578,20.204999923706055,14.65101432800293,22600
2004-03-01,20.149999618530273,20.200000762939453,20.059999465942383,20.149999618530273,14.61113452911377,11200
2004-03-02,20.184999465942383,20.184999465942383,19.899999618530273,19.93000030517578,14.451607704162598,9400
2004-03-03,19.90999984741211,20.049999237060547,19.774999618530273,20.045000076293945,14.534991264343262,12200
2004-03-04,20.014999389648438,20.094999313354492,19.875,20.075000762939453,14.556756973266602,17400
2004-03-05,20.0,20.225000381469727,20.0,20.200000762939453,14.647390365600586,15600
2004-03-08,20.204999923706055,20.204999923706055,19.885000228881836,19.975000381469727,14.484244346618652,27200
2004-03-09,19.924999237060547,20.09000015258789,19.799999237060547,19.899999618530273,14.429861068725586,18000
2004-03-10,19.899999618530273,19.899999618530273,19.225000381469727,19.299999237060547,13.99478530883789,25000
2004-03-11,19.274999618530273,19.774999618530273,19.274999618530273,19.375,14.049174308776855,24800
2004-03-12,19.299999237060547,19.700000762939453,19.204999923706055,19.700000762939453,14.284834861755371,21800
2004-03-15,19.799999237060547,19.975000381469727,19.725000381469727,19.78499984741211,14.346466064453125,32200
2004-03-16,19.790000915527344,19.850000381469727,19.43000030517578,19.524999618530273,14.157938957214355,19000
2004-03-17,19.5,19.875,19.5,19.875,14.411721229553223,17800
2004-03-18,19.875,19.875,19.5,19.565000534057617,14.186943054199219,16400
2004-03-19,19.649999618530273,19.69499969482422,19.2450008392334,19.25,13.95853042602539,22200
2004-03-22,19.299999237060547,19.299999237060547,18.9950008392334,19.03499984741211,13.80263614654541,21400
2004-03-23,19.25,19.770000457763672,19.25,19.549999237060547,14.176067352294922,45400
2004-03-24,19.55500030517578,19.55500030517578,19.15999984741211,19.15999984741211,13.893267631530762,23200
2004-03-25,19.225000381469727,19.30500030517578,19.149999618530273,19.270000457763672,13.973033905029297,20200
2004-03-26,19.219999313354492,19.614999771118164,19.219999313354492,19.565000534057617,14.186943054199219,14200
2004-03-29,19.565000534057617,19.7450008392334,19.450000762939453,19.520000457763672,14.154309272766113,32400
2004-03-30,19.545000076293945,19.764999389648438,19.520000457763672,19.764999389648438,14.331964492797852,18800
2004-03-31,19.700000762939453,19.850000381469727,19.625,19.834999084472656,14.382730484008789,14200
2004-04-01,19.899999618530273,20.125,19.850000381469727,20.125,14.593008041381836,19800
2004-04-02,20.149999618530273,20.899999618530273,20.149999618530273,20.700000762939453,15.00995922088623,46400
2004-04-05,21.049999237060547,21.290000915527344,20.899999618530273,20.950000762939453,15.191226959228516,46000
2004-04-06,20.940000534057617,21.0,20.899999618530273,20.954999923706055,15.194856643676758,21200
2004-04-07,20.975000381469727,20.975000381469727,20.71500015258789,20.899999618530273,15.154974937438965,17600
2004-04-08,20.950000762939453,21.040000915527344,20.8700008392334,20.950000762939453,15.191226959228516,15800
2004-04-12,20.899999618530273,21.219999313354492,20.899999618530273,21.1200008392334,15.314508438110352,25000
2004-04-13,21.170000076293945,21.219999313354492,20.780000686645508,20.84000015258789,15.111468315124512,24800
2004-04-14,20.799999237060547,20.889999389648438,20.55500030517578,20.600000381469727,14.937442779541016,12200
2004-04-15,20.649999618530273,20.700000762939453,20.28499984741211,20.309999465942383,14.727161407470703,28400
2004-04-16,20.360000610351562,20.950000762939453,20.360000610351562,20.875,15.136856079101562,31400
2004-04-19,20.924999237060547,21.19499969482422,20.799999237060547,20.84000015258789,15.111468315124512,31200
2004-04-20,20.799999237060547,20.975000381469727,20.25,20.2549991607666,14.687278747558594,26000
2004-04-21,20.200000762939453,20.514999389648438,20.149999618530273,20.510000228881836,14.87218189239502,25600
2004-04-22,20.559999465942383,20.6299991607666,20.405000686645508,20.549999237060547,14.901187896728516,48400
2004-04-23,20.594999313354492,20.649999618530273,20.229999542236328,20.395000457763672,14.788793563842773,28600
2004-04-26,20.44499969482422,20.645000457763672,20.354999542236328,20.43000030517578,14.814170837402344,42200
2004-04-27,20.479999542236328,20.649999618530273,20.43000030517578,20.59000015258789,14.93018913269043,29000
2004-04-28,20.545000076293945,20.545000076293945,20.204999923706055,20.209999084472656,14.654638290405273,12000
2004-04-29,20.15999984741211,20.325000762939453,19.875,19.975000381469727,14.484244346618652,34800
2004-04-30,19.979999542236328,20.0,19.799999237060547,19.850000381469727,14.39360237121582,16200
2004-05-03,19.825000762939453,20.0,19.780000686645508,19.94499969482422,14.462486267089844,28200
2004-05-04,19.895000457763672,20.190000534057617,19.854999542236328,20.135000228881836,14.600255966186523,19600
2004-05-05,20.110000610351562,20.135000228881836,19.950000762939453,19.969999313354492,14.480621337890625,4600
2004-05-06,19.920000076293945,19.924999237060547,19.31999969482422,19.399999618530273,14.067301750183105,30600
2004-05-07,19.375,19.450000762939453,19.049999237060547,19.05500030517578,13.817130088806152,22600
2004-05-10,19.0049991607666,19.05500030517578,18.899999618530273,18.934999465942383,13.730117797851562,20200
2004-05-11,18.985000610351562,19.040000915527344,18.75,18.790000915527344,13.624978065490723,31000
2004-05-12,18.774999618530273,18.799999237060547,18.385000228881836,18.7450008392334,13.592347145080566,17400
2004-05-13,18.7450008392334,18.8799991607666,18.674999237060547,18.850000381469727,13.668478965759277,14800
2004-05-14,18.825000762939453,18.825000762939453,18.399999618530273,18.40999984741211,13.349433898925781,35400
2004-05-17,18.40999984741211,18.75,18.260000228881836,18.600000381469727,13.487205505371094,25800
2004-05-18,18.600000381469727,18.940000534057617,18.549999237060547,18.924999237060547,13.722865104675293,11800
2004-05-19,19.0,19.165000915527344,19.0,19.149999618530273,13.886022567749023,37400
2004-05-20,19.190000534057617,19.190000534057617,18.850000381469727,18.850000381469727,13.668478965759277,31800
2004-05-21,18.854999542236328,18.9950008392334,18.844999313354492,18.850000381469727,13.668478965759277,10800
2004-05-24,18.850000381469727,18.899999618530273,18.774999618530273,18.885000228881836,13.693863868713379,9200
2004-05-25,18.860000610351562,19.079999923706055,18.850000381469727,18.989999771118164,13.769996643066406,32000
2004-05-26,18.8799991607666,18.8799991607666,18.649999618530273,18.760000228881836,13.678853034973145,8800
2004-05-27,18.725000381469727,19.0,18.684999465942383,18.9950008392334,13.850208282470703,40400
2004-05-28,19.0,19.059999465942383,18.9950008392334,19.0,13.853850364685059,59800
2004-06-01,19.0,19.145000457763672,18.975000381469727,19.139999389648438,13.955933570861816,21400
2004-06-02,19.264999389648438,19.829999923706055,19.264999389648438,19.829999923706055,14.459043502807617,147000
2004-06-03,19.80500030517578,19.924999237060547,19.729999542236328,19.78499984741211,14.426234245300293,13000
2004-06-04,19.735000610351562,19.975000381469727,19.684999465942383,19.860000610351562,14.480921745300293,15400
2004-06-07,19.90999984741211,20.09000015258789,19.90999984741211,20.065000534057617,14.63039493560791,22800
2004-06-08,20.065000534057617,20.19499969482422,20.010000228881836,20.170000076293945,14.706963539123535,20000
2004-06-09,20.19499969482422,20.274999618530273,19.950000762939453,20.030000686645508,14.604879379272461,26000
2004-06-10,20.065000534057617,20.299999237060547,20.049999237060547,20.270000457763672,14.779875755310059,101400
2004-06-14,20.25,20.25,19.600000381469727,19.604999542236328,14.294995307922363,53200
2004-06-15,19.604999542236328,20.0,19.549999237060547,19.809999465942383,14.4444580078125,74600
2004-06-16,19.850000381469727,20.024999618530273,19.809999465942383,19.854999542236328,14.477274894714355,47800
2004-06-17,19.854999542236328,20.059999465942383,19.7549991607666,19.959999084472656,14.553832054138184,26800
2004-06-18,20.010000228881836,20.155000686645508,19.799999237060547,19.815000534057617,14.448104858398438,48000
2004-06-21,19.84000015258789,20.079999923706055,19.774999618530273,19.969999313354492,14.561128616333008,32800
2004-06-22,19.975000381469727,20.15999984741211,19.950000762939453,20.075000762939453,14.637688636779785,43400
2004-06-23,20.024999618530273,20.31999969482422,19.979999542236328,20.28499984741211,14.790815353393555,46000
2004-06-24,20.260000228881836,20.274999618530273,20.020000457763672,20.020000457763672,14.597586631774902,23800
2004-06-25,20.0,20.31999969482422,20.0,20.25,14.765295028686523,117200
2004-06-28,20.25,20.40999984741211,20.174999237060547,20.174999237060547,14.710609436035156,22200
2004-06-29,20.125,20.5,20.125,20.440000534057617,14.903820991516113,32600
2004-06-30,20.450000762939453,20.84000015258789,20.420000076293945,20.725000381469727,15.111641883850098,77400
2004-07-01,20.774999618530273,20.774999618530273,20.709999084472656,20.709999084472656,15.100699424743652,18200
2004-07-02,20.75,20.75,20.674999237060547,20.68000030517578,15.078821182250977,8600
2004-07-06,20.655000686645508,20.75,20.510000228881836,20.75,15.129867553710938,19600
2004-07-07,20.75,20.75,20.5049991607666,20.524999618530273,14.965808868408203,64000
2004-07-08,20.5,20.5,19.940000534057617,19.94499969482422,14.542889595031738,57400
2004-07-09,19.924999237060547,19.975000381469727,19.850000381469727,19.850000381469727,14.473630905151367,13400
2004-07-12,19.854999542236328,20.28499984741211,19.854999542236328,20.125,14.674149513244629,27200
2004-07-13,20.114999771118164,20.2450008392334,20.110000610351562,20.204999923706055,14.7324800491333,29400
2004-07-14,20.174999237060547,20.344999313354492,20.03499984741211,20.1200008392334,14.670500755310059,22200
2004-07-15,20.149999618530273,20.200000762939453,20.110000610351562,20.135000228881836,14.681436538696289,5600
2004-07-16,20.125,20.165000915527344,19.799999237060547,19.799999237060547,14.437172889709473,15000
2004-07-19,19.850000381469727,19.850000381469727,19.584999084472656,19.584999084472656,14.280402183532715,12000
2004-07-20,19.540000915527344,19.674999237060547,19.299999237060547,19.674999237060547,14.346030235290527,33800
2004-07-21,19.674999237060547,19.674999237060547,19.235000610351562,19.2549991607666,14.03978157043457,27600
2004-07-22,19.2549991607666,19.28499984741211,19.100000381469727,19.104999542236328,13.930410385131836,18600
2004-07-23,19.104999542236328,19.125,18.920000076293945,18.920000076293945,13.795522689819336,12800
2004-07-26,18.969999313354492,19.059999465942383,18.7450008392334,18.829999923706055,13.729898452758789,33400
2004-07-27,18.799999237060547,19.299999237060547,18.78499984741211,19.200000762939453,13.999682426452637,30000
2004-07-28,19.274999618530273,19.565000534057617,19.125,19.40999984741211,14.152804374694824,22400
2004-07-29,19.459999084472656,19.459999084472656,18.770000457763672,18.920000076293945,13.795522689819336,34600
2004-07-30,18.825000762939453,18.8799991607666,18.25,18.475000381469727,13.471043586730957,71000
2004-08-02,18.475000381469727,18.600000381469727,18.424999237060547,18.434999465942383,13.441883087158203,34600
2004-08-03,18.375,18.8700008392334,18.350000381469727,18.799999237060547,13.708027839660645,33000
2004-08-04,18.75,19.5049991607666,18.719999313354492,19.299999237060547,14.072601318359375,26600
2004-08-05,19.25,19.5,19.25,19.350000381469727,14.109054565429688,32600
2004-08-06,19.299999237060547,19.489999771118164,19.295000076293945,19.354999542236328,14.112698554992676,30000
2004-08-09,19.325000762939453,19.405000686645508,19.2450008392334,19.354999542236328,14.112698554992676,34200
2004-08-10,19.375,19.520000457763672,19.209999084472656,19.395000457763672,14.141867637634277,25000
2004-08-11,19.344999313354492,19.399999618530273,19.30500030517578,19.375,14.12728500366211,22400
2004-08-12,19.325000762939453,19.325000762939453,19.15999984741211,19.299999237060547,14.072601318359375,33200
2004-08-13,19.25,19.399999618530273,19.229999542236328,19.350000381469727,14.109054565429688,26000
2004-08-16,19.399999618530273,19.59000015258789,19.399999618530273,19.549999237060547,14.25488567352295,7600
2004-08-17,19.625,19.7450008392334,19.459999084472656,19.46500015258789,14.192911148071289,12400
2004-08-18,19.424999237060547,19.899999618530273,19.424999237060547,19.899999618530273,14.510089874267578,10200
2004-08-19,19.875,19.8799991607666,19.825000762939453,19.825000762939453,14.455404281616211,9800
2004-08-20,19.850000381469727,20.200000762939453,19.815000534057617,20.200000762939453,14.728836059570312,40000
2004-08-23,20.174999237060547,20.225000381469727,19.920000076293945,19.950000762939453,14.546544075012207,27000
2004-08-24,20.0,20.104999542236328,19.950000762939453,20.0,14.583000183105469,121600
2004-08-25,20.0,20.149999618530273,19.9950008392334,20.149999618530273,14.69237232208252,21600
2004-08-26,20.125,20.174999237060547,20.010000228881836,20.114999771118164,14.666862487792969,21200
2004-08-27,19.954999923706055,20.15999984741211,19.954999923706055,20.125,14.754826545715332,7000
2004-08-30,20.125,20.225000381469727,20.05500030517578,20.05500030517578,14.703511238098145,39000
2004-08-31,20.100000381469727,20.15999984741211,20.100000381469727,20.125,14.754826545715332,14000
2004-09-01,20.0,20.145000457763672,19.950000762939453,20.094999313354492,14.73283576965332,25800
2004-09-02,20.075000762939453,20.2450008392334,20.059999465942383,20.225000381469727,14.82815170288086,16600
2004-09-03,20.239999771118164,20.25,20.174999237060547,20.21500015258789,14.820816040039062,8400
2004-09-07,20.219999313354492,20.31999969482422,20.200000762939453,20.280000686645508,14.868476867675781,20000
2004-09-08,20.31999969482422,20.399999618530273,20.260000228881836,20.329999923706055,14.905128479003906,8400
2004-09-09,20.3799991607666,20.5,20.325000762939453,20.34000015258789,14.912468910217285,39200
2004-09-10,20.290000915527344,20.43000030517578,20.225000381469727,20.350000381469727,14.919795989990234,11800
2004-09-13,20.399999618530273,20.5,20.34000015258789,20.395000457763672,14.952780723571777,8600
2004-09-14,20.350000381469727,20.350000381469727,20.174999237060547,20.239999771118164,14.839150428771973,15000
2004-09-15,20.290000915527344,20.5,20.290000915527344,20.475000381469727,15.011431694030762,22000
2004-09-16,20.5,20.545000076293945,20.485000610351562,20.545000076293945,15.06276798248291,7400
2004-09-17,20.649999618530273,20.649999618530273,20.424999237060547,20.43000030517578,14.978446006774902,22200
2004-09-20,20.3799991607666,20.545000076293945,20.3799991607666,20.540000915527344,15.059096336364746,5400
2004-09-21,20.540000915527344,20.584999084472656,20.354999542236328,20.354999542236328,14.9234619140625,34400
2004-09-22,20.30500030517578,20.30500030517578,20.21500015258789,20.274999618530273,14.864808082580566,51400
2004-09-23,20.325000762939453,20.334999084472656,20.25,20.270000457763672,14.861138343811035,34600
2004-09-24,20.264999389648438,20.354999542236328,20.264999389648438,20.334999084472656,14.908787727355957,21400
2004-09-27,20.309999465942383,20.309999465942383,20.225000381469727,20.25,14.846479415893555,86400
2004-09-28,20.225000381469727,20.290000915527344,20.225000381469727,20.264999389648438,14.857481002807617,21600
2004-09-29,20.264999389648438,20.454999923706055,20.260000228881836,20.454999923706055,14.996770858764648,17200
2004-09-30,20.405000686645508,20.454999923706055,20.25,20.264999389648438,14.857481002807617,16600
2004-10-01,20.290000915527344,20.75,20.274999618530273,20.56999969482422,15.08108901977539,33600
2004-10-04,20.549999237060547,20.75,20.549999237060547,20.69499969482422,15.17272663116455,12200
2004-10-05,20.684999465942383,20.700000762939453,20.645000457763672,20.68000030517578,15.161735534667969,8000
2004-10-06,20.6299991607666,20.75,20.6299991607666,20.75,15.213058471679688,15800
2004-10-07,20.719999313354492,20.729999542236328,20.344999313354492,20.364999771118164,14.930788040161133,16200
2004-10-08,19.975000381469727,20.299999237060547,19.975000381469727,20.15999984741211,14.780492782592773,163800
2004-10-11,20.165000915527344,20.165000915527344,20.075000762939453,20.09000015258789,14.729177474975586,10000
2004-10-12,20.049999237060547,20.049999237060547,19.94499969482422,20.045000076293945,14.696183204650879,39800
2004-10-13,20.049999237060547,20.049999237060547,19.584999084472656,19.610000610351562,14.377262115478516,18400
2004-10-14,19.584999084472656,19.59000015258789,19.100000381469727,19.174999237060547,14.058335304260254,20000
2004-10-15,19.149999618530273,19.229999542236328,19.0,19.229999542236328,14.09865665435791,33600
2004-10-18,19.229999542236328,19.30500030517578,19.15999984741211,19.274999618530273,14.13164234161377,17600
2004-10-19,19.200000762939453,19.225000381469727,18.8799991607666,18.899999618530273,13.85671615600586,29200
2004-10-20,18.895000457763672,18.895000457763672,18.6299991607666,18.834999084472656,13.809059143066406,38000
2004-10-21,18.885000228881836,19.274999618530273,18.875,19.274999618530273,14.13164234161377,37200
2004-10-22,19.299999237060547,19.649999618530273,19.290000915527344,19.6299991607666,14.391925811767578,45800
2004-10-25,19.604999542236328,19.729999542236328,19.5049991607666,19.65999984741211,14.413912773132324,163800
2004-10-26,19.665000915527344,19.825000762939453,19.4950008392334,19.799999237060547,14.51655387878418,52600
2004-10-27,19.799999237060547,20.1200008392334,19.719999313354492,20.075000762939453,14.718174934387207,140200
2004-10-28,20.049999237060547,20.350000381469727,20.0,20.350000381469727,14.919795989990234,22200
2004-10-29,20.309999465942383,20.610000610351562,20.28499984741211,20.399999618530273,14.956453323364258,188800
2004-11-01,20.405000686645508,20.405000686645508,20.200000762939453,20.299999237060547,14.883135795593262,28800
2004-11-02,20.174999237060547,20.3700008392334,20.135000228881836,20.30500030517578,14.886799812316895,45200
2004-11-03,20.30500030517578,20.5,20.264999389648438,20.4950008392334,15.026106834411621,64000
2004-11-04,20.375,20.719999313354492,20.350000381469727,20.719999313354492,15.191068649291992,65800
2004-11-05,20.649999618530273,20.84000015258789,20.579999923706055,20.795000076293945,15.246049880981445,49400
2004-11-08,20.75,20.860000610351562,20.725000381469727,20.799999237060547,15.249719619750977,56200
2004-11-09,20.774999618530273,20.795000076293945,20.575000762939453,20.614999771118164,15.114078521728516,72600
2004-11-10,20.614999771118164,20.75,20.545000076293945,20.600000381469727,15.103084564208984,70400
2004-11-11,20.614999771118164,21.0,20.614999771118164,20.920000076293945,15.337692260742188,90200
2004-11-12,20.8700008392334,21.049999237060547,20.844999313354492,21.0,15.39634895324707,164200
2004-11-15,21.0,21.024999618530273,20.899999618530273,20.979999542236328,15.381681442260742,32800
2004-11-16,20.979999542236328,21.100000381469727,20.959999084472656,21.03499984741211,15.422009468078613,48600
2004-11-17,21.040000915527344,21.114999771118164,20.90999984741211,20.90999984741211,15.330364227294922,33800
2004-11-18,20.850000381469727,20.899999618530273,20.545000076293945,20.65999984741211,15.147080421447754,50200
2004-11-19,20.625,20.674999237060547,20.475000381469727,20.5,15.029769897460938,43800
2004-11-22,20.524999618530273,20.700000762939453,20.5049991607666,20.649999618530273,15.139744758605957,47000
2004-11-23,20.700000762939453,20.8799991607666,20.649999618530273,20.684999465942383,15.165399551391602,34000
2004-11-24,20.725000381469727,20.725000381469727,20.34000015258789,20.420000076293945,14.971115112304688,35000
2004-11-26,20.309999465942383,20.44499969482422,20.309999465942383,20.44499969482422,15.07062816619873,5800
2004-11-29,20.475000381469727,20.604999542236328,19.850000381469727,19.875,14.650464057922363,89800
2004-11-30,19.924999237060547,20.19499969482422,19.899999618530273,20.0,14.742609024047852,220200
2004-12-01,20.049999237060547,20.375,19.985000610351562,20.0,14.742609024047852,214400
2004-12-02,20.075000762939453,20.100000381469727,20.020000457763672,20.024999618530273,14.761032104492188,28600
2004-12-03,20.024999618530273,20.075000762939453,19.719999313354492,19.7549991607666,14.562003135681152,46000
2004-12-06,19.7549991607666,20.049999237060547,19.670000076293945,19.674999237060547,14.503040313720703,66800
2004-12-07,19.700000762939453,19.7450008392334,19.100000381469727,19.100000381469727,14.07918930053711,38000
2004-12-08,19.125,19.190000534057617,18.84000015258789,18.950000762939453,13.96861457824707,93600
2004-12-09,18.975000381469727,19.209999084472656,18.950000762939453,18.954999923706055,13.972304344177246,70000
2004-12-10,18.975000381469727,19.075000762939453,18.899999618530273,19.03499984741211,14.031270980834961,57400
2004-12-13,19.084999084472656,19.704999923706055,19.084999084472656,19.704999923706055,14.525152206420898,97000
2004-12-14,19.700000762939453,20.0,19.700000762939453,19.875,14.650464057922363,49200
2004-12-15,19.915000915527344,20.225000381469727,19.825000762939453,19.924999237060547,14.687318801879883,66000
2004-12-16,19.899999618530273,20.18000030517578,19.875,19.989999771118164,14.735238075256348,203600
2004-12-17,19.989999771118164,19.989999771118164,19.75,19.899999618530273,14.668889999389648,37400
2004-12-20,19.850000381469727,20.059999465942383,19.850000381469727,19.899999618530273,14.668889999389648,28600
2004-12-21,19.950000762939453,20.325000762939453,19.94499969482422,20.200000762939453,14.890030860900879,57600
2004-12-22,20.239999771118164,20.59000015258789,20.19499969482422,20.239999771118164,14.919512748718262,45000
2004-12-23,20.174999237060547,20.225000381469727,19.875,19.875,14.650464057922363,10200
2004-12-27,19.924999237060547,19.924999237060547,19.80500030517578,19.84000015258789,14.624661445617676,8600
2004-12-28,19.8799991607666,19.950000762939453,19.834999084472656,19.875,14.650464057922363,11000
2004-12-29,19.850000381469727,19.899999618530273,19.670000076293945,19.7549991607666,14.562003135681152,20200
2004-12-30,19.75,20.065000534057617,19.75,19.889999389648438,14.661523818969727,134400
2004-12-31,19.875,19.975000381469727,19.81999969482422,19.825000762939453,14.61361026763916,29000
2005-01-03,19.860000610351562,19.924999237060547,19.625,19.655000686645508,14.48829460144043,41600
2005-01-04,19.655000686645508,19.729999542236328,19.575000762939453,19.655000686645508,14.48829460144043,81200
2005-01-05,19.700000762939453,19.7450008392334,19.165000915527344,19.354999542236328,14.267156600952148,326400
2005-01-06,19.299999237060547,19.670000076293945,19.280000686645508,19.399999618530273,14.30032730102539,257400
2005-01-07,19.424999237060547,19.530000686645508,19.1200008392334,19.5049991607666,14.37773609161377,213000
2005-01-10,19.549999237060547,19.704999923706055,19.4950008392334,19.6299991607666,14.469868659973145,104200
2005-01-11,19.46500015258789,19.485000610351562,19.075000762939453,19.325000762939453,14.245041847229004,62400
2005-01-12,19.299999237060547,19.5,19.204999923706055,19.424999237060547,14.31875991821289,50400
2005-01-13,19.475000381469727,19.475000381469727,18.93000030517578,19.1200008392334,14.093936920166016,47000
2005-01-14,19.200000762939453,19.450000762939453,19.200000762939453,19.239999771118164,14.182385444641113,26800
2005-01-18,19.200000762939453,19.549999237060547,19.149999618530273,19.475000381469727,14.355607032775879,91600
2005-01-19,19.424999237060547,19.625,19.334999084472656,19.3700008392334,14.278207778930664,421600
2005-01-20,19.31999969482422,19.31999969482422,18.950000762939453,19.079999923706055,14.064444541931152,110800
2005-01-21,19.110000610351562,19.125,18.700000762939453,18.78499984741211,13.846991539001465,49200
2005-01-24,18.799999237060547,19.0,18.649999618530273,18.954999923706055,13.972304344177246,45800
2005-01-25,19.0,19.200000762939453,19.0,19.065000534057617,14.053393363952637,60600
2005-01-26,19.100000381469727,19.299999237060547,19.049999237060547,19.299999237060547,14.226615905761719,28000
2005-01-27,19.350000381469727,19.594999313354492,19.325000762939453,19.459999084472656,14.344555854797363,89200
2005-01-28,19.5,19.594999313354492,19.190000534057617,19.399999618530273,14.30032730102539,52000
2005-01-31,19.450000762939453,19.549999237060547,19.280000686645508,19.354999542236328,14.267156600952148,50400
2005-02-01,19.399999618530273,19.729999542236328,19.354999542236328,19.725000381469727,14.539896011352539,173400
2005-02-02,19.625,19.649999618530273,19.290000915527344,19.549999237060547,14.410898208618164,59200
2005-02-03,19.625,19.625,19.325000762939453,19.420000076293945,14.315071105957031,25600
2005-02-04,19.350000381469727,19.350000381469727,19.174999237060547,19.229999542236328,14.175024032592773,48000
2005-02-07,19.225000381469727,19.274999618530273,19.149999618530273,19.225000381469727,14.171330451965332,24600
2005-02-08,19.204999923706055,19.229999542236328,19.100000381469727,19.184999465942383,14.141847610473633,41800
2005-02-09,19.184999465942383,19.184999465942383,19.024999618530273,19.149999618530273,14.116044044494629,59000
2005-02-10,19.075000762939453,19.2450008392334,19.045000076293945,19.204999923706055,14.156586647033691,79000
2005-02-11,19.18000030517578,19.350000381469727,19.139999389648438,19.295000076293945,14.222929000854492,64800
2005-02-14,19.31999969482422,19.350000381469727,19.200000762939453,19.290000915527344,14.219244956970215,57000
2005-02-15,19.239999771118164,19.30500030517578,19.03499984741211,19.06999969482422,14.057074546813965,56800
2005-02-16,19.100000381469727,19.25,19.049999237060547,19.05500030517578,14.046016693115234,56800
2005-02-17,19.059999465942383,19.399999618530273,19.049999237060547,19.25,14.189759254455566,72400
2005-02-18,19.274999618530273,19.360000610351562,19.045000076293945,19.079999923706055,14.064444541931152,30800
2005-02-22,19.549999237060547,19.6299991607666,18.905000686645508,19.049999237060547,14.042336463928223,81800
2005-02-23,19.075000762939453,19.5,19.075000762939453,19.30500030517578,14.230303764343262,72600
2005-02-24,19.209999084472656,19.540000915527344,19.149999618530273,19.530000686645508,14.47864818572998,107600
2005-02-25,19.479999542236328,19.690000534057617,19.43000030517578,19.59000015258789,14.523139953613281,58000
2005-02-28,19.670000076293945,19.75,19.610000610351562,19.649999618530273,14.567612648010254,55200
2005-03-01,19.709999084472656,19.75,19.625,19.649999618530273,14.567612648010254,79600
2005-03-02,19.625,19.905000686645508,19.625,19.854999542236328,14.719597816467285,79200
2005-03-03,19.829999923706055,19.9950008392334,19.799999237060547,19.985000610351562,14.815967559814453,45000
2005-03-04,19.9950008392334,19.9950008392334,19.850000381469727,19.979999542236328,14.812263488769531,37000
2005-03-07,19.950000762939453,20.309999465942383,19.905000686645508,20.290000915527344,15.042081832885742,53200
2005-03-08,20.25,20.364999771118164,20.239999771118164,20.325000762939453,15.068029403686523,48800
2005-03-09,20.25,20.315000534057617,20.18000030517578,20.274999618530273,15.030964851379395,55000
2005-03-10,20.325000762939453,20.405000686645508,20.235000610351562,20.350000381469727,15.086559295654297,43400
2005-03-11,20.299999237060547,20.399999618530273,20.299999237060547,20.354999542236328,15.090262413024902,45400
2005-03-14,20.385000228881836,20.405000686645508,20.18000030517578,20.18000030517578,14.960533142089844,28200
2005-03-15,20.229999542236328,20.2450008392334,19.594999313354492,19.649999618530273,14.567612648010254,62200
2005-03-16,19.530000686645508,19.825000762939453,19.514999389648438,19.520000457763672,14.47123908996582,45000
2005-03-17,19.540000915527344,19.545000076293945,19.350000381469727,19.434999465942383,14.408226013183594,43400
2005-03-18,19.434999465942383,19.469999313354492,18.924999237060547,19.149999618530273,14.196942329406738,94000
2005-03-21,19.149999618530273,19.149999618530273,19.0,19.075000762939453,14.141337394714355,32400
2005-03-22,19.149999618530273,19.34000015258789,19.100000381469727,19.225000381469727,14.252535820007324,71000
2005-03-23,19.149999618530273,19.149999618530273,18.9950008392334,19.049999237060547,14.122811317443848,52800
2005-03-24,19.174999237060547,19.350000381469727,19.024999618530273,19.084999084472656,14.1487455368042,51800
2005-03-28,19.084999084472656,19.149999618530273,19.075000762939453,19.100000381469727,14.159873962402344,35200
2005-03-29,19.079999923706055,19.125,19.0,19.09000015258789,14.152462005615234,60600
2005-03-30,19.059999465942383,19.395000457763672,19.059999465942383,19.290000915527344,14.300727844238281,70000
2005-03-31,19.264999389648438,19.424999237060547,19.229999542236328,19.344999313354492,14.341501235961914,38800
2005-04-01,19.315000534057617,19.44499969482422,19.18000030517578,19.299999237060547,14.30814266204834,60200
2005-04-04,19.309999465942383,19.75,19.309999465942383,19.604999542236328,14.534263610839844,60000
2005-04-05,19.604999542236328,19.739999771118164,19.475000381469727,19.524999618530273,14.47494125366211,43200
2005-04-06,19.5049991607666,19.6200008392334,19.450000762939453,19.485000610351562,14.445295333862305,21200
2005-04-07,19.450000762939453,19.59000015258789,19.450000762939453,19.540000915527344,14.486067771911621,17800
2005-04-08,19.514999389648438,19.540000915527344,19.135000228881836,19.139999389648438,14.18952751159668,23200
2005-04-11,19.125,19.184999465942383,19.0,19.040000915527344,14.11539077758789,21600
2005-04-12,19.010000228881836,19.145000457763672,18.8799991607666,19.145000457763672,14.193225860595703,32400
2005-04-13,19.1200008392334,19.21500015258789,19.1200008392334,19.135000228881836,14.185819625854492,36400
2005-04-14,19.200000762939453,19.239999771118164,18.899999618530273,18.899999618530273,14.01159954071045,36000
2005-04-15,18.924999237060547,18.924999237060547,18.514999389648438,18.530000686645508,13.7373046875,30600
2005-04-18,18.524999618530273,18.584999084472656,18.1299991607666,18.360000610351562,13.611265182495117,60200
2005-04-19,18.360000610351562,18.415000915527344,18.25,18.334999084472656,13.59273624420166,36200
2005-04-20,18.375,18.375,18.06999969482422,18.239999771118164,13.522302627563477,39800
2005-04-21,18.299999237060547,18.93000030517578,18.299999237060547,18.90999984741211,14.019012451171875,51800
2005-04-22,18.940000534057617,18.940000534057617,18.31999969482422,18.459999084472656,13.685400009155273,42200
2005-04-25,18.459999084472656,18.4950008392334,18.325000762939453,18.450000762939453,13.677988052368164,12600
2005-04-26,18.424999237060547,18.424999237060547,18.100000381469727,18.200000762939453,13.492650032043457,25600
2005-04-27,18.149999618530273,18.149999618530273,17.959999084472656,17.989999771118164,13.336976051330566,26200
2005-04-28,18.049999237060547,18.049999237060547,17.80500030517578,17.8700008392334,13.248010635375977,23200
2005-04-29,17.825000762939453,17.864999771118164,17.709999084472656,17.770000457763672,13.173871994018555,31400
2005-05-02,17.770000457763672,18.21500015258789,17.524999618530273,17.625,13.066370010375977,75000
2005-05-03,17.5049991607666,17.674999237060547,17.385000228881836,17.415000915527344,12.910693168640137,43200
2005-05-04,17.399999618530273,17.799999237060547,17.399999618530273,17.725000381469727,13.140510559082031,69000
2005-05-05,17.700000762939453,17.825000762939453,17.635000228881836,17.815000534057617,13.20722484588623,57000
2005-05-06,17.899999618530273,18.125,17.850000381469727,17.924999237060547,13.28878402709961,37400
2005-05-09,18.024999618530273,18.170000076293945,18.0,18.100000381469727,13.418517112731934,54800
2005-05-10,18.125,18.139999389648438,17.989999771118164,18.075000762939453,13.399978637695312,77800
2005-05-11,18.0049991607666,18.024999618530273,17.80500030517578,17.975000381469727,13.325851440429688,57800
2005-05-12,18.100000381469727,18.135000228881836,17.975000381469727,18.0049991607666,13.348087310791016,65800
2005-05-13,18.05500030517578,18.06999969482422,17.75,18.0049991607666,13.348087310791016,49400
2005-05-16,18.049999237060547,18.09000015258789,18.010000228881836,18.024999618530273,13.362919807434082,45800
2005-05-17,18.0,18.440000534057617,17.975000381469727,18.31999969482422,13.581610679626465,33000
2005-05-18,18.31999969482422,18.875,18.31999969482422,18.799999237060547,13.93746280670166,71600
2005-05-19,18.850000381469727,19.100000381469727,18.850000381469727,19.06999969482422,14.137636184692383,37000
2005-05-20,19.024999618530273,19.315000534057617,18.979999542236328,19.149999618530273,14.196942329406738,41200
2005-05-23,19.149999618530273,19.155000686645508,18.860000610351562,18.969999313354492,14.063495635986328,45200
2005-05-24,19.020000457763672,19.395000457763672,18.905000686645508,19.229999542236328,14.25624942779541,41800
2005-05-25,19.170000076293945,19.315000534057617,19.049999237060547,19.225000381469727,14.252535820007324,85200
2005-05-26,19.100000381469727,19.110000610351562,18.915000915527344,18.915000915527344,14.103410720825195,102400
2005-05-27,18.950000762939453,19.03499984741211,18.905000686645508,18.969999313354492,14.144423484802246,47400
2005-05-31,19.0,19.040000915527344,18.649999618530273,18.649999618530273,13.905821800231934,50600
2005-06-01,18.65999984741211,18.81999969482422,18.649999618530273,18.760000228881836,13.987844467163086,58400
2005-06-02,18.75,18.899999618530273,18.729999542236328,18.899999618530273,14.092230796813965,40400
2005-06-03,19.0,19.0,18.709999084472656,18.7549991607666,13.984114646911621,59400
2005-06-06,18.75,18.875,18.639999389648438,18.799999237060547,14.017668724060059,35600
2005-06-07,18.799999237060547,18.829999923706055,18.674999237060547,18.75,13.980393409729004,54000
2005-06-08,18.700000762939453,18.725000381469727,18.274999618530273,18.274999618530273,13.626216888427734,36400
2005-06-09,18.174999237060547,18.274999618530273,18.05500030517578,18.270000457763672,13.622488021850586,55600
2005-06-10,18.395000457763672,18.4950008392334,18.385000228881836,18.434999465942383,13.745512008666992,34200
2005-06-13,18.309999465942383,18.3700008392334,18.200000762939453,18.30500030517578,13.648588180541992,19600
2005-06-14,18.350000381469727,18.549999237060547,18.299999237060547,18.549999237060547,13.83126449584961,14200
2005-06-15,18.524999618530273,18.575000762939453,18.43000030517578,18.5,13.793986320495605,56600
2005-06-16,18.489999771118164,18.575000762939453,18.450000762939453,18.5,13.793986320495605,72400
2005-06-17,18.625,18.684999465942383,18.524999618530273,18.540000915527344,13.823807716369629,80200
2005-06-20,18.540000915527344,18.56999969482422,18.420000076293945,18.434999465942383,13.745512008666992,37600
2005-06-21,18.440000534057617,18.450000762939453,18.21500015258789,18.21500015258789,13.581482887268066,40400
2005-06-22,18.219999313354492,18.219999313354492,17.975000381469727,18.075000762939453,13.477091789245605,82600
2005-06-23,18.125,18.125,17.75,17.75,13.23476791381836,100000
2005-06-24,17.7549991607666,17.7549991607666,17.450000762939453,17.450000762939453,13.011080741882324,68400
2005-06-27,17.479999542236328,17.584999084472656,17.454999923706055,17.514999389648438,13.05954360961914,41000
2005-06-28,17.514999389648438,17.780000686645508,17.514999389648438,17.780000686645508,13.257140159606934,26600
2005-06-29,17.825000762939453,17.889999389648438,17.56999969482422,17.645000457763672,13.156476974487305,97400
2005-06-30,17.645000457763672,17.825000762939453,17.645000457763672,17.704999923706055,13.201223373413086,96800
2005-07-01,17.649999618530273,17.739999771118164,17.575000762939453,17.700000762939453,13.197489738464355,149000
2005-07-05,17.625,17.674999237060547,17.584999084472656,17.674999237060547,13.178844451904297,27600
2005-07-06,17.674999237060547,17.674999237060547,17.485000610351562,17.524999618530273,13.067004203796387,43000
2005-07-07,17.424999237060547,17.71500015258789,17.424999237060547,17.684999465942383,13.18630599975586,43200
2005-07-08,17.68000030517578,18.065000534057617,17.674999237060547,17.850000381469727,13.309334754943848,109200
2005-07-11,17.875,18.575000762939453,17.875,18.235000610351562,13.59639835357666,88000
2005-07-12,18.260000228881836,18.584999084472656,18.260000228881836,18.395000457763672,13.715696334838867,41600
2005-07-13,18.424999237060547,18.450000762939453,18.30500030517578,18.315000534057617,13.656044960021973,113400
2005-07-14,18.350000381469727,18.3700008392334,18.030000686645508,18.09000015258789,13.488286018371582,17800
2005-07-15,18.094999313354492,18.31999969482422,18.010000228881836,18.295000076293945,13.641130447387695,17000
2005-07-18,18.295000076293945,18.350000381469727,18.174999237060547,18.30500030517578,13.648588180541992,19200
2005-07-19,18.354999542236328,18.549999237060547,18.325000762939453,18.4950008392334,13.79025650024414,21800
2005-07-20,18.450000762939453,18.625,18.360000610351562,18.604999542236328,13.87228012084961,54800
2005-07-21,18.600000381469727,18.625,18.440000534057617,18.475000381469727,13.775339126586914,38400
2005-07-22,18.575000762939453,18.614999771118164,18.5049991607666,18.559999465942383,13.83872127532959,74800
2005-07-25,18.600000381469727,18.735000610351562,18.524999618530273,18.604999542236328,13.87228012084961,53400
2005-07-26,18.635000228881836,18.764999389648438,18.530000686645508,18.575000762939453,13.849905014038086,59400
2005-07-27,18.625,18.655000686645508,18.309999465942383,18.600000381469727,13.868539810180664,38800
2005-07-28,18.649999618530273,18.700000762939453,18.5,18.649999618530273,13.905821800231934,50000
2005-07-29,18.655000686645508,18.739999771118164,18.31999969482422,18.5,13.793986320495605,47600
2005-08-01,19.25,20.479999542236328,19.235000610351562,19.90999984741211,14.845308303833008,242200
2005-08-02,19.625,21.075000762939453,19.625,20.155000686645508,15.027984619140625,221200
2005-08-03,20.15999984741211,20.270000457763672,20.049999237060547,20.049999237060547,14.949697494506836,51000
2005-08-04,20.084999084472656,20.084999084472656,19.684999465942383,19.825000762939453,14.781937599182129,82600
2005-08-05,19.850000381469727,19.850000381469727,19.424999237060547,19.479999542236328,14.52469253540039,51800
2005-08-08,19.5,19.764999389648438,19.5,19.549999237060547,14.576887130737305,24600
2005-08-09,19.584999084472656,19.649999618530273,19.315000534057617,19.31999969482422,14.405394554138184,24600
2005-08-10,19.299999237060547,19.774999618530273,19.299999237060547,19.565000534057617,14.588069915771484,58000
2005-08-11,19.5,19.915000915527344,19.46500015258789,19.915000915527344,14.849043846130371,48800
2005-08-12,19.915000915527344,19.915000915527344,19.625,19.649999618530273,14.651443481445312,23800
2005-08-15,19.684999465942383,19.924999237060547,19.649999618530273,19.924999237060547,14.85649299621582,18200
2005-08-16,19.899999618530273,19.899999618530273,19.40999984741211,19.40999984741211,14.47249984741211,21000
2005-08-17,19.440000534057617,19.549999237060547,19.389999389648438,19.5049991607666,14.543335914611816,50400
2005-08-18,19.5049991607666,19.729999542236328,19.399999618530273,19.59000015258789,14.60671329498291,25200
2005-08-19,19.594999313354492,19.850000381469727,19.584999084472656,19.809999465942383,14.770747184753418,22600
2005-08-22,19.78499984741211,19.854999542236328,19.25,19.405000686645508,14.46877384185791,60000
2005-08-23,19.5,19.575000762939453,19.399999618530273,19.5,14.539604187011719,29200
2005-08-24,19.5,19.625,19.5,19.575000762939453,14.595524787902832,25400
2005-08-25,19.625,19.829999923706055,19.575000762939453,19.735000610351562,14.714827537536621,36200
2005-08-26,19.649999618530273,19.649999618530273,19.149999618530273,19.2450008392334,14.349470138549805,68000
2005-08-29,19.200000762939453,19.5,19.200000762939453,19.375,14.529449462890625,52200
2005-08-30,19.299999237060547,19.385000228881836,18.954999923706055,18.954999923706055,14.214489936828613,63200
2005-08-31,18.954999923706055,19.059999465942383,18.905000686645508,18.969999313354492,14.225736618041992,49000
2005-09-01,19.0,19.19499969482422,18.875,18.924999237060547,14.191990852355957,65200
2005-09-02,18.850000381469727,19.204999923706055,18.850000381469727,18.979999542236328,14.233243942260742,49200
2005-09-06,19.030000686645508,19.399999618530273,19.030000686645508,19.139999389648438,14.35322380065918,118600
2005-09-07,19.09000015258789,19.1299991607666,18.954999923706055,19.020000457763672,14.263237953186035,95200
2005-09-08,18.985000610351562,19.024999618530273,18.934999465942383,18.975000381469727,14.229491233825684,52200
2005-09-09,18.979999542236328,19.280000686645508,18.979999542236328,19.084999084472656,14.311973571777344,199600
2005-09-12,19.125,19.614999771118164,19.125,19.5,14.623186111450195,127200
2005-09-13,19.475000381469727,19.614999771118164,19.475000381469727,19.514999389648438,14.634439468383789,119200
2005-09-14,19.614999771118164,19.614999771118164,19.450000762939453,19.5049991607666,14.626930236816406,126000
2005-09-15,19.514999389648438,19.625,19.5,19.559999465942383,14.668184280395508,86200
2005-09-16,19.760000228881836,19.844999313354492,19.649999618530273,19.71500015258789,14.784415245056152,157200
2005-09-19,19.739999771118164,19.790000915527344,19.524999618530273,19.690000534057617,14.765674591064453,178600
2005-09-20,19.739999771118164,19.795000076293945,19.610000610351562,19.71500015258789,14.784415245056152,92200
2005-09-21,19.71500015258789,19.875,19.575000762939453,19.6200008392334,14.713180541992188,149200
2005-09-22,19.549999237060547,19.6299991607666,19.44499969482422,19.44499969482422,14.581939697265625,123400
2005-09-23,19.450000762939453,19.5,19.424999237060547,19.424999237060547,14.56694507598877,22200
2005-09-26,19.450000762939453,19.649999618530273,19.450000762939453,19.5,14.623186111450195,74400
2005-09-27,19.489999771118164,19.920000076293945,19.489999771118164,19.899999618530273,14.923158645629883,78000
2005-09-28,19.860000610351562,19.90999984741211,19.354999542236328,19.40999984741211,14.55569839477539,70800
2005-09-29,19.5,20.0,19.44499969482422,19.985000610351562,14.986894607543945,161200
2005-09-30,20.0,20.655000686645508,20.0,20.489999771118164,15.3656005859375,72400
2005-10-03,20.540000915527344,20.8799991607666,20.489999771118164,20.700000762939453,15.523077011108398,195000
2005-10-04,20.75,20.834999084472656,20.674999237060547,20.674999237060547,15.504327774047852,54600
2005-10-05,20.65999984741211,20.665000915527344,20.309999465942383,20.309999465942383,15.230607032775879,78000
2005-10-06,20.290000915527344,20.290000915527344,20.06999969482422,20.200000762939453,15.148119926452637,64600
2005-10-07,20.225000381469727,20.34000015258789,20.190000534057617,20.280000686645508,15.208122253417969,42400
2005-10-10,20.28499984741211,20.385000228881836,20.225000381469727,20.225000381469727,15.16686725616455,48200
2005-10-11,20.25,20.475000381469727,20.25,20.3799991607666,15.28310775756836,91000
2005-10-12,20.43000030517578,20.524999618530273,19.760000228881836,19.815000534057617,14.859405517578125,83400
2005-10-13,19.790000915527344,20.579999923706055,19.684999465942383,20.200000762939453,15.148119926452637,83400
2005-10-14,20.25,20.514999389648438,20.25,20.375,15.279352188110352,58800
2005-10-17,20.375,20.405000686645508,20.05500030517578,20.149999618530273,15.110620498657227,37800
2005-10-18,20.024999618530273,20.05500030517578,19.735000610351562,19.875,14.904402732849121,60200
2005-10-19,19.8700008392334,20.09000015258789,19.75,19.854999542236328,14.88940143585205,99200
2005-10-20,19.850000381469727,20.084999084472656,19.84000015258789,19.899999618530273,14.923158645629883,127600
2005-10-21,19.905000686645508,20.280000686645508,19.905000686645508,20.174999237060547,15.129376411437988,74800
2005-10-24,20.299999237060547,20.774999618530273,20.260000228881836,20.774999618530273,15.579316139221191,44200
2005-10-25,20.774999618530273,20.80500030517578,20.290000915527344,20.31999969482422,15.238110542297363,128200
2005-10-26,20.31999969482422,20.399999618530273,20.274999618530273,20.375,15.279352188110352,55000
2005-10-27,20.674999237060547,21.0,20.674999237060547,20.979999542236328,15.733053207397461,116000
2005-10-28,20.9950008392334,21.469999313354492,20.799999237060547,21.274999618530273,15.954276084899902,119600
2005-10-31,21.290000915527344,21.875,21.270000457763672,21.774999618530273,16.329233169555664,112800
2005-11-01,21.700000762939453,21.719999313354492,21.5,21.565000534057617,16.171743392944336,125000
2005-11-02,21.565000534057617,22.360000610351562,21.545000076293945,22.25,16.685440063476562,183000
2005-11-03,22.5,22.684999465942383,21.825000762939453,22.125,16.591693878173828,569200
2005-11-04,22.25,22.850000381469727,22.225000381469727,22.674999237060547,17.004140853881836,227400
2005-11-07,22.9950008392334,24.18000030517578,22.905000686645508,23.774999618530273,17.829044342041016,529200
2005-11-08,23.174999237060547,24.139999389648438,23.174999237060547,23.709999084472656,17.780302047729492,311200
2005-11-09,23.399999618530273,23.905000686645508,23.295000076293945,23.309999465942383,17.4803409576416,141000
2005-11-10,23.315000534057617,23.329999923706055,22.90999984741211,23.155000686645508,17.36410140991211,128600
2005-11-11,23.15999984741211,23.3700008392334,22.979999542236328,23.0049991607666,17.251617431640625,186400
2005-11-14,23.0049991607666,23.040000915527344,22.90999984741211,23.0049991607666,17.251617431640625,121600
2005-11-15,22.979999542236328,23.09000015258789,22.579999923706055,22.834999084472656,17.12413215637207,174000
2005-11-16,22.834999084472656,22.9950008392334,22.420000076293945,22.950000762939453,17.21036148071289,110800
2005-11-17,22.989999771118164,23.299999237060547,22.989999771118164,23.274999618530273,17.454078674316406,125800
2005-11-18,23.3700008392334,23.479999542236328,23.149999618530273,23.190000534057617,17.390344619750977,147400
2005-11-21,23.139999389648438,23.170000076293945,22.549999237060547,23.03499984741211,17.274105072021484,119600
2005-11-22,23.030000686645508,23.219999313354492,22.905000686645508,23.014999389648438,17.259117126464844,70000
2005-11-23,23.125,23.200000762939453,22.950000762939453,23.1200008392334,17.33785629272461,105800
2005-11-25,23.170000076293945,23.200000762939453,23.104999542236328,23.155000686645508,17.36410140991211,24000
2005-11-28,23.0,23.084999084472656,22.559999465942383,22.559999465942383,16.9986629486084,116800
2005-11-29,22.40999984741211,22.94499969482422,22.40999984741211,22.795000076293945,17.17573356628418,81400
2005-11-30,22.795000076293945,23.459999084472656,22.649999618530273,23.459999084472656,17.676799774169922,201800
2005-12-01,23.454999923706055,24.149999618530273,23.450000762939453,24.1299991607666,18.18163299560547,174000
2005-12-02,24.075000762939453,24.600000381469727,23.899999618530273,24.600000381469727,18.5357723236084,162200
2005-12-05,24.575000762939453,24.864999771118164,24.424999237060547,24.690000534057617,18.60358238220215,243600
2005-12-06,24.709999084472656,25.135000228881836,24.709999084472656,24.959999084472656,18.807022094726562,190400
2005-12-07,24.969999313354492,24.975000381469727,24.5,24.889999389648438,18.754283905029297,227600
2005-12-08,24.924999237060547,25.225000381469727,24.924999237060547,25.1299991607666,18.935121536254883,147600
2005-12-09,24.975000381469727,25.3799991607666,24.950000762939453,25.25,19.02553939819336,80000
2005-12-12,25.25,25.56999969482422,25.25,25.5,19.213909149169922,117400
2005-12-13,25.5,25.81999969482422,25.5,25.81999969482422,19.45502471923828,60800
2005-12-14,25.829999923706055,26.225000381469727,25.78499984741211,25.905000686645508,19.519065856933594,100000
2005-12-15,26.0,26.110000610351562,25.704999923706055,25.84000015258789,19.470096588134766,128800
2005-12-16,25.90999984741211,26.125,25.68000030517578,25.905000686645508,19.519065856933594,147400
2005-12-19,25.924999237060547,25.975000381469727,25.34000015258789,25.395000457763672,19.134798049926758,101600
2005-12-20,25.450000762939453,25.600000381469727,25.280000686645508,25.5,19.213909149169922,63400
2005-12-21,25.5,25.725000381469727,25.325000762939453,25.399999618530273,19.138559341430664,85400
2005-12-22,25.450000762939453,26.030000686645508,25.450000762939453,25.829999923706055,19.462560653686523,86200
2005-12-23,25.825000762939453,26.06999969482422,25.825000762939453,25.915000915527344,19.5266056060791,51000
2005-12-27,26.0,26.049999237060547,25.84000015258789,25.844999313354492,19.47386360168457,59800
2005-12-28,25.899999618530273,26.024999618530273,25.885000228881836,26.0,19.590654373168945,48600
2005-12-29,25.93000030517578,26.075000762939453,25.924999237060547,25.94499969482422,19.549213409423828,73400
2005-12-30,25.94499969482422,26.1299991607666,25.94499969482422,26.0,19.590654373168945,72800
2006-01-03,26.024999618530273,26.184999465942383,25.915000915527344,26.149999618530273,19.703676223754883,95800
2006-01-04,26.145000457763672,26.795000076293945,26.024999618530273,26.795000076293945,20.189672470092773,94000
2006-01-05,26.795000076293945,26.924999237060547,26.239999771118164,26.239999771118164,19.771493911743164,239000
2006-01-06,26.364999771118164,26.725000381469727,26.299999237060547,26.399999618530273,19.892051696777344,175800
2006-01-09,26.44499969482422,26.649999618530273,26.40999984741211,26.549999237060547,20.00507926940918,58400
2006-01-10,26.549999237060547,26.674999237060547,26.549999237060547,26.614999771118164,20.054048538208008,84400
2006-01-11,26.614999771118164,26.7450008392334,26.53499984741211,26.739999771118164,20.148231506347656,59000
2006-01-12,26.700000762939453,26.790000915527344,26.549999237060547,26.549999237060547,20.00507926940918,103600
2006-01-13,26.514999389648438,26.860000610351562,26.5,26.7450008392334,20.152000427246094,63600
2006-01-17,26.6200008392334,26.6200008392334,25.954999923706055,26.125,19.68483543395996,108600
2006-01-18,26.075000762939453,26.104999542236328,25.959999084472656,26.06999969482422,19.643396377563477,120600
2006-01-19,26.100000381469727,27.149999618530273,26.049999237060547,27.110000610351562,20.427026748657227,68400
2006-01-20,27.125,27.364999771118164,26.729999542236328,26.729999542236328,20.14069175720215,55000
2006-01-23,26.774999618530273,27.170000076293945,26.774999618530273,27.020000457763672,20.359203338623047,32000
2006-01-24,27.075000762939453,27.274999618530273,26.739999771118164,26.94499969482422,20.302690505981445,104400
2006-01-25,26.950000762939453,27.149999618530273,26.864999771118164,26.93000030517578,20.291393280029297,32200
2006-01-26,26.924999237060547,27.0,26.825000762939453,27.0,20.344135284423828,42000
2006-01-27,27.024999618530273,27.399999618530273,27.014999389648438,27.2450008392334,20.52874755859375,60800
2006-01-30,27.200000762939453,27.510000228881836,26.704999923706055,26.8799991607666,20.25371551513672,93200
2006-01-31,26.850000381469727,27.15999984741211,26.774999618530273,27.100000381469727,20.419485092163086,63800
2006-02-01,27.15999984741211,27.75,27.135000228881836,27.75,20.90924835205078,113200
2006-02-02,27.7450008392334,27.7450008392334,27.18000030517578,27.415000915527344,20.65683937072754,43600
2006-02-03,27.415000915527344,27.415000915527344,26.889999389648438,27.065000534057617,20.393117904663086,69200
2006-02-06,27.024999618530273,27.600000381469727,26.969999313354492,27.549999237060547,20.7585506439209,57400
2006-02-07,27.25,27.700000762939453,26.9950008392334,27.010000228881836,20.35167694091797,77400
2006-02-08,27.040000915527344,27.360000610351562,26.809999465942383,26.950000762939453,20.30646324157715,53200
2006-02-09,26.975000381469727,27.100000381469727,25.915000915527344,26.100000381469727,19.665992736816406,140200
2006-02-10,26.100000381469727,26.299999237060547,25.975000381469727,26.200000762939453,19.741350173950195,74400
2006-02-13,26.274999618530273,26.350000381469727,26.020000457763672,26.18000030517578,19.726276397705078,110600
2006-02-14,26.299999237060547,26.59000015258789,26.200000762939453,26.549999237060547,20.00507926940918,106400
2006-02-15,26.600000381469727,26.950000762939453,26.395000457763672,26.71500015258789,20.129390716552734,79200
2006-02-16,26.71500015258789,26.725000381469727,26.274999618530273,26.3799991607666,19.876977920532227,79800
2006-02-17,26.389999389648438,26.8700008392334,26.15999984741211,26.864999771118164,20.242414474487305,77000
2006-02-21,25.5,25.690000534057617,23.100000381469727,25.684999465942383,19.353307723999023,646800
2006-02-22,25.65999984741211,25.770000457763672,24.375,24.485000610351562,18.449121475219727,236200
2006-02-23,24.450000762939453,24.450000762939453,23.424999237060547,23.5,17.70693588256836,252200
2006-02-24,23.415000915527344,23.700000762939453,23.399999618530273,23.56999969482422,17.843204498291016,201600
2006-02-27,23.5,23.8700008392334,23.325000762939453,23.700000762939453,17.94161605834961,190800
2006-02-28,23.674999237060547,24.030000686645508,23.295000076293945,23.350000381469727,17.67665672302246,132600
2006-03-01,23.399999618530273,23.399999618530273,22.854999542236328,22.93000030517578,17.358705520629883,148000
2006-03-02,22.655000686645508,22.655000686645508,21.78499984741211,22.049999237060547,16.69251823425293,564400
2006-03-03,21.5,21.950000762939453,21.5,21.704999923706055,16.431337356567383,299600
2006-03-06,21.950000762939453,23.450000762939453,21.950000762939453,23.399999618530273,17.71450424194336,488400
2006-03-07,23.274999618530273,23.424999237060547,22.549999237060547,23.040000915527344,17.441980361938477,176400
2006-03-08,22.5,23.084999084472656,22.5,22.8700008392334,17.313282012939453,243600
2006-03-09,22.8700008392334,24.084999084472656,22.829999923706055,23.860000610351562,18.062740325927734,165400
2006-03-10,23.75,24.200000762939453,23.735000610351562,23.93000030517578,18.11573600769043,163400
2006-03-13,23.93000030517578,24.1299991607666,23.93000030517578,24.024999618530273,18.187650680541992,68000
2006-03-14,23.924999237060547,24.184999465942383,23.850000381469727,24.18000030517578,18.304996490478516,68600
2006-03-15,24.18000030517578,24.7450008392334,24.18000030517578,24.719999313354492,18.713787078857422,108800
2006-03-16,24.774999618530273,25.06999969482422,24.774999618530273,24.93000030517578,18.872764587402344,80400
2006-03-17,24.934999465942383,25.03499984741211,24.725000381469727,24.969999313354492,18.903045654296875,192800
2006-03-20,24.934999465942383,25.235000610351562,24.924999237060547,25.065000534057617,18.974966049194336,88200
2006-03-21,25.049999237060547,25.2549991607666,24.575000762939453,24.575000762939453,18.604013442993164,77000
2006-03-22,24.575000762939453,25.03499984741211,24.434999465942383,24.9950008392334,18.92197036743164,92600
2006-03-23,24.899999618530273,24.9950008392334,24.69499969482422,24.9950008392334,18.92197036743164,63000
2006-03-24,24.924999237060547,24.989999771118164,24.875,24.875,18.83112335205078,44400
2006-03-27,24.774999618530273,25.5,24.709999084472656,25.299999237060547,19.152864456176758,77000
2006-03-28,25.174999237060547,25.625,25.174999237060547,25.395000457763672,19.22477912902832,67200
2006-03-29,25.360000610351562,25.719999313354492,25.360000610351562,25.670000076293945,19.432954788208008,110600
2006-03-30,25.670000076293945,26.075000762939453,25.670000076293945,25.8700008392334,19.584362030029297,93400
2006-03-31,25.899999618530273,26.34000015258789,25.850000381469727,26.15999984741211,19.803905487060547,105800
2006-04-03,26.135000228881836,26.799999237060547,26.049999237060547,26.53499984741211,20.087799072265625,115400
2006-04-04,26.5,26.905000686645508,26.360000610351562,26.5049991607666,20.065086364746094,63800
2006-04-05,26.514999389648438,26.735000610351562,26.354999542236328,26.700000762939453,20.212705612182617,41000
2006-04-06,26.684999465942383,26.790000915527344,26.59000015258789,26.68000030517578,20.197568893432617,52600
2006-04-07,26.68000030517578,26.700000762939453,25.520000457763672,25.524999618530273,19.323198318481445,88600
2006-04-10,25.524999618530273,25.719999313354492,25.174999237060547,25.174999237060547,19.058238983154297,56000
2006-04-11,25.174999237060547,25.225000381469727,24.790000915527344,24.795000076293945,18.77056312561035,71800
2006-04-12,24.75,25.145000457763672,24.684999465942383,24.729999542236328,18.721355438232422,55600
2006-04-13,24.68000030517578,25.774999618530273,24.454999923706055,25.520000457763672,19.319406509399414,87000
2006-04-17,25.5049991607666,25.635000228881836,25.344999313354492,25.600000381469727,19.379972457885742,53400
2006-04-18,25.649999618530273,25.989999771118164,25.600000381469727,25.899999618530273,19.607080459594727,80600
2006-04-19,25.850000381469727,25.8700008392334,25.469999313354492,25.625,19.398895263671875,74000
2006-04-20,25.575000762939453,25.649999618530273,25.075000762939453,25.100000381469727,19.001462936401367,62800
2006-04-21,25.350000381469727,25.614999771118164,25.299999237060547,25.3700008392334,19.205852508544922,91200
2006-04-24,25.399999618530273,25.524999618530273,25.030000686645508,25.354999542236328,19.194499969482422,64200
2006-04-25,25.350000381469727,25.5,24.795000076293945,24.90999984741211,18.857624053955078,76200
2006-04-26,24.899999618530273,25.5,24.875,25.424999237060547,19.24748992919922,67800
2006-04-27,25.75,25.75,24.7549991607666,25.045000076293945,18.959815979003906,114000
2006-04-28,25.225000381469727,25.774999618530273,25.200000762939453,25.43000030517578,19.251283645629883,94600
2006-05-01,25.434999465942383,25.665000915527344,25.434999465942383,25.524999618530273,19.323198318481445,141800
2006-05-02,25.524999618530273,25.975000381469727,25.524999618530273,25.975000381469727,19.663860321044922,163800
2006-05-03,25.9950008392334,26.875,25.850000381469727,26.600000381469727,20.137004852294922,123000
2006-05-04,26.69499969482422,27.59000015258789,26.69499969482422,27.59000015258789,20.88646125793457,131800
2006-05-05,27.549999237060547,27.549999237060547,27.079999923706055,27.079999923706055,20.50037384033203,83000
2006-05-08,27.049999237060547,27.06999969482422,26.450000762939453,26.69499969482422,20.20891761779785,41600
2006-05-09,26.75,26.875,26.674999237060547,26.764999389648438,20.261911392211914,39600
2006-05-10,26.71500015258789,27.540000915527344,26.71500015258789,27.325000762939453,20.685850143432617,59200
2006-05-11,27.325000762939453,27.325000762939453,25.549999237060547,25.600000381469727,19.379972457885742,93600
2006-05-12,25.549999237060547,25.655000686645508,25.350000381469727,25.415000915527344,19.239919662475586,110400
2006-05-15,25.415000915527344,25.450000762939453,24.270000457763672,24.75,18.736499786376953,84800
2006-05-16,24.75,25.899999618530273,24.684999465942383,25.514999389648438,19.315614700317383,188800
2006-05-17,25.549999237060547,26.93000030517578,25.549999237060547,26.454999923706055,20.027233123779297,140800
2006-05-18,26.5049991607666,26.655000686645508,26.0049991607666,26.0049991607666,19.686567306518555,62600
2006-05-19,25.950000762939453,25.989999771118164,24.950000762939453,25.549999237060547,19.342121124267578,53400
2006-05-22,25.424999237060547,25.424999237060547,24.225000381469727,24.309999465942383,18.40340232849121,187400
2006-05-23,24.360000610351562,24.575000762939453,24.19499969482422,24.21500015258789,18.33148956298828,134800
2006-05-24,24.274999618530273,24.344999313354492,23.75,23.979999542236328,18.153579711914062,129000
2006-05-25,24.079999923706055,24.155000686645508,24.049999237060547,24.125,18.26335334777832,77800
2006-05-26,24.065000534057617,24.290000915527344,24.065000534057617,24.25,18.442058563232422,86400
2006-05-30,24.125,24.225000381469727,23.75,23.7549991607666,18.06562614440918,320000
2006-05-31,23.75,25.75,23.75,24.825000762939453,18.879352569580078,199000
2006-06-01,24.860000610351562,24.899999618530273,24.295000076293945,24.625,18.727256774902344,109800
2006-06-02,24.625,25.065000534057617,24.475000381469727,25.014999389648438,19.02384376525879,58600
2006-06-05,24.975000381469727,25.100000381469727,24.475000381469727,24.475000381469727,18.61318016052246,88800
2006-06-06,24.475000381469727,24.5,23.989999771118164,24.274999618530273,18.461088180541992,191400
2006-06-07,24.299999237060547,24.825000762939453,24.1299991607666,24.1299991607666,18.35081672668457,188800
2006-06-08,24.1299991607666,24.145000457763672,23.325000762939453,24.049999237060547,18.289976119995117,156400
2006-06-09,24.100000381469727,24.28499984741211,23.584999084472656,23.604999542236328,17.95155143737793,108000
2006-06-12,23.625,23.774999618530273,23.4950008392334,23.5,17.871692657470703,79200
2006-06-13,23.424999237060547,23.75,23.350000381469727,23.3799991607666,17.780431747436523,107600
2006-06-14,23.575000762939453,24.174999237060547,23.575000762939453,23.96500015258789,18.225322723388672,85600
2006-06-15,24.075000762939453,24.350000381469727,23.975000381469727,24.204999923706055,18.407854080200195,64200
2006-06-16,24.204999923706055,24.235000610351562,23.5049991607666,23.665000915527344,17.99717903137207,269000
2006-06-19,23.700000762939453,23.725000381469727,23.440000534057617,23.514999389648438,17.883102416992188,90800
2006-06-20,23.510000228881836,23.635000228881836,23.149999618530273,23.524999618530273,17.890710830688477,105200
2006-06-21,23.524999618530273,24.174999237060547,23.524999618530273,23.81999969482422,18.115055084228516,53400
2006-06-22,23.760000228881836,23.885000228881836,23.209999084472656,23.375,17.776628494262695,84400
2006-06-23,23.274999618530273,24.100000381469727,23.2450008392334,23.469999313354492,17.848878860473633,59000
2006-06-26,23.725000381469727,24.049999237060547,23.434999465942383,23.9950008392334,18.248146057128906,77200
2006-06-27,24.0,24.200000762939453,23.549999237060547,23.774999618530273,18.080835342407227,130800
2006-06-28,23.850000381469727,24.635000228881836,23.850000381469727,24.475000381469727,18.61318016052246,73400
2006-06-29,24.600000381469727,25.959999084472656,24.600000381469727,25.950000762939453,19.73491096496582,94600
2006-06-30,25.950000762939453,26.059999465942383,24.895000457763672,25.139999389648438,19.118913650512695,145400
2006-07-03,25.139999389648438,25.145000457763672,24.59000015258789,24.739999771118164,18.814712524414062,58200
2006-07-05,24.450000762939453,24.959999084472656,24.450000762939453,24.809999465942383,18.86795425415039,55800
2006-07-06,24.850000381469727,25.200000762939453,24.770000457763672,25.0,19.012439727783203,94800
2006-07-07,24.924999237060547,25.25,24.7450008392334,25.100000381469727,19.0884952545166,121800
2006-07-10,25.125,26.125,25.110000610351562,25.344999313354492,19.274818420410156,129800
2006-07-11,25.325000762939453,25.325000762939453,24.575000762939453,25.225000381469727,19.183557510375977,81400
2006-07-12,25.174999237060547,25.204999923706055,24.5,24.520000457763672,18.647403717041016,60200
2006-07-13,24.520000457763672,24.520000457763672,23.549999237060547,23.559999465942383,17.91733169555664,103800
2006-07-14,23.475000381469727,23.475000381469727,22.6200008392334,23.30500030517578,17.72340202331543,110400
2006-07-17,23.25,23.25,22.204999923706055,22.209999084472656,16.89065170288086,107000
2006-07-18,22.299999237060547,22.389999389648438,22.09000015258789,22.389999389648438,17.027538299560547,147600
2006-07-19,22.424999237060547,23.6200008392334,22.424999237060547,23.475000381469727,17.85268783569336,94200
2006-07-20,23.475000381469727,23.700000762939453,22.799999237060547,22.829999923706055,17.362171173095703,86200
2006-07-21,22.829999923706055,22.829999923706055,22.299999237060547,22.5,17.111202239990234,80200
2006-07-24,22.56999969482422,23.15999984741211,22.56999969482422,23.139999389648438,17.597911834716797,104400
2006-07-25,23.174999237060547,24.030000686645508,23.125,23.764999389648438,18.073213577270508,78000
2006-07-26,23.559999465942383,23.940000534057617,22.950000762939453,23.610000610351562,17.95534896850586,69500
2006-07-27,23.799999237060547,23.81999969482422,22.399999618530273,22.489999771118164,17.103595733642578,65700
2006-07-28,22.690000534057617,23.59000015258789,22.639999389648438,23.270000457763672,17.69678497314453,71300
2006-07-31,23.1200008392334,24.09000015258789,22.90999984741211,23.770000457763672,18.077035903930664,68200
2006-08-01,24.600000381469727,26.25,23.850000381469727,25.799999237060547,19.62084197998047,187400
2006-08-02,25.809999465942383,25.809999465942383,24.389999389648438,25.639999389648438,19.499160766601562,113800
2006-08-03,25.389999389648438,25.899999618530273,25.100000381469727,25.479999542236328,19.377483367919922,82900
2006-08-04,25.8799991607666,25.90999984741211,24.040000915527344,24.40999984741211,18.56374740600586,105800
2006-08-07,24.200000762939453,24.389999389648438,23.65999984741211,24.229999542236328,18.426856994628906,109300
2006-08-08,24.0,24.389999389648438,23.649999618530273,23.739999771118164,18.054218292236328,108200
2006-08-09,23.860000610351562,24.200000762939453,23.200000762939453,23.299999237060547,17.71959686279297,60200
2006-08-10,23.049999237060547,23.209999084472656,22.260000228881836,22.530000686645508,17.13401222229004,78400
2006-08-11,22.389999389648438,22.790000915527344,21.969999313354492,22.459999084472656,17.080774307250977,87100
2006-08-14,22.5,23.399999618530273,22.5,22.6200008392334,17.202463150024414,61500
2006-08-15,22.8700008392334,23.43000030517578,22.549999237060547,23.219999313354492,17.658750534057617,60900
2006-08-16,23.15999984741211,23.469999313354492,23.010000228881836,23.3799991607666,17.780431747436523,49300
2006-08-17,23.239999771118164,24.329999923706055,23.229999542236328,24.219999313354492,18.41925811767578,188200
2006-08-18,24.420000076293945,24.950000762939453,24.09000015258789,24.75,18.822317123413086,73200
2006-08-21,24.649999618530273,24.709999084472656,24.219999313354492,24.520000457763672,18.647403717041016,69300
2006-08-22,24.450000762939453,25.010000228881836,24.389999389648438,24.84000015258789,18.890758514404297,73600
2006-08-23,24.899999618530273,25.170000076293945,24.540000915527344,25.09000015258789,19.080890655517578,116700
2006-08-24,25.260000228881836,25.260000228881836,24.700000762939453,25.06999969482422,19.065675735473633,90100
2006-08-25,25.0,25.190000534057617,24.799999237060547,24.8700008392334,18.9135799407959,61300
2006-08-28,24.8799991607666,25.540000915527344,24.8799991607666,25.520000457763672,19.40790367126465,90700
2006-08-29,25.479999542236328,26.260000228881836,25.1200008392334,25.950000762939453,19.828153610229492,184600
2006-08-30,26.0,26.40999984741211,25.809999465942383,26.209999084472656,20.026817321777344,110400
2006-08-31,26.399999618530273,27.209999084472656,26.25,27.059999465942383,20.676288604736328,152300
2006-09-01,26.860000610351562,27.290000915527344,26.459999084472656,26.790000915527344,20.469987869262695,263400
2006-09-05,26.719999313354492,27.690000534057617,26.700000762939453,27.6299991607666,21.1118221282959,147400
2006-09-06,27.3799991607666,27.3799991607666,26.0,26.1299991607666,19.965686798095703,93800
2006-09-07,26.010000228881836,26.690000534057617,25.8799991607666,26.290000915527344,20.087942123413086,122400
2006-09-08,26.450000762939453,26.5,25.610000610351562,25.809999465942383,19.721181869506836,99200
2006-09-11,25.75,25.75,24.709999084472656,25.079999923706055,19.163393020629883,87900
2006-09-12,25.209999084472656,25.979999542236328,25.1200008392334,25.690000534057617,19.62948989868164,67400
2006-09-13,25.75,25.989999771118164,25.299999237060547,25.5,19.484312057495117,98500
2006-09-14,25.5,25.5,24.889999389648438,24.979999542236328,19.086986541748047,91700
2006-09-15,24.899999618530273,26.559999465942383,24.899999618530273,25.31999969482422,19.346776962280273,210300
2006-09-18,25.139999389648438,25.450000762939453,24.799999237060547,25.0,19.102266311645508,64900
2006-09-19,24.950000762939453,25.06999969482422,24.290000915527344,25.010000228881836,19.109905242919922,55100
2006-09-20,25.209999084472656,25.8799991607666,25.149999618530273,25.5,19.484312057495117,74800
2006-09-21,25.469999313354492,25.75,24.5,24.75,18.911245346069336,42400
2006-09-22,24.700000762939453,24.700000762939453,23.510000228881836,23.760000228881836,18.15479278564453,62900
2006-09-25,23.8799991607666,24.280000686645508,23.670000076293945,24.049999237060547,18.37637710571289,163000
2006-09-26,24.049999237060547,24.920000076293945,23.979999542236328,24.600000381469727,18.7966251373291,61800
2006-09-27,24.549999237060547,25.209999084472656,24.459999084472656,24.610000610351562,18.804262161254883,98700
2006-09-28,24.760000228881836,25.110000610351562,24.5,24.639999389648438,18.827199935913086,49700
2006-09-29,24.709999084472656,24.950000762939453,24.31999969482422,24.34000015258789,18.597965240478516,57700
2006-10-02,24.190000534057617,24.489999771118164,23.950000762939453,24.0,18.33816909790039,50100
2006-10-03,23.920000076293945,24.56999969482422,23.299999237060547,24.139999389648438,18.445144653320312,69200
2006-10-04,24.1299991607666,24.68000030517578,23.899999618530273,24.670000076293945,18.85012435913086,44800
2006-10-05,24.540000915527344,25.200000762939453,24.450000762939453,25.079999923706055,19.163393020629883,41500
2006-10-06,25.09000015258789,25.219999313354492,24.690000534057617,25.1200008392334,19.193960189819336,29100
2006-10-09,25.1200008392334,25.59000015258789,24.690000534057617,25.489999771118164,19.476673126220703,77900
2006-10-10,25.600000381469727,25.600000381469727,25.1200008392334,25.25,19.29328727722168,50700
2006-10-11,25.25,25.6200008392334,25.0,25.110000610351562,19.18631935119629,39100
2006-10-12,25.200000762939453,26.479999542236328,25.200000762939453,26.360000610351562,20.14142417907715,52100
2006-10-13,26.469999313354492,26.979999542236328,26.299999237060547,26.59000015258789,20.317169189453125,60600
2006-10-16,26.770000457763672,27.139999389648438,26.469999313354492,26.549999237060547,20.286605834960938,52900
2006-10-17,26.420000076293945,27.0,26.399999618530273,26.899999618530273,20.554033279418945,35500
2006-10-18,27.399999618530273,27.5,27.1200008392334,27.399999618530273,20.936080932617188,89500
2006-10-19,27.25,27.450000762939453,26.760000228881836,27.40999984741211,20.943721771240234,84300
2006-10-20,27.5,27.5,26.8700008392334,26.8700008392334,20.53111457824707,91900
2006-10-23,26.40999984741211,26.450000762939453,25.850000381469727,25.979999542236328,19.851076126098633,94100
2006-10-24,25.989999771118164,26.049999237060547,25.459999084472656,25.719999313354492,19.65241050720215,64100
2006-10-25,25.799999237060547,26.239999771118164,24.989999771118164,25.889999389648438,19.782312393188477,116700
2006-10-26,26.149999618530273,27.989999771118164,26.149999618530273,27.989999771118164,21.38690185546875,116100
2006-10-27,27.989999771118164,27.989999771118164,27.299999237060547,27.440000534057617,20.96665382385254,93300
2006-10-30,27.34000015258789,27.729999542236328,27.209999084472656,27.709999084472656,21.172950744628906,85600
2006-10-31,27.579999923706055,27.8799991607666,27.100000381469727,27.649999618530273,21.127107620239258,115800
2006-11-01,27.799999237060547,27.84000015258789,27.0,27.149999618530273,20.745054244995117,78700
2006-11-02,26.899999618530273,28.100000381469727,26.450000762939453,28.010000228881836,21.40218162536621,134400
2006-11-03,28.0,28.149999618530273,27.90999984741211,28.020000457763672,21.409822463989258,134500
2006-11-06,28.360000610351562,29.100000381469727,28.350000381469727,28.84000015258789,22.0363712310791,93100
2006-11-07,28.889999389648438,29.139999389648438,28.059999465942383,28.200000762939453,21.5473575592041,59200
2006-11-08,28.0,28.959999084472656,27.989999771118164,28.799999237060547,22.00580596923828,64100
2006-11-09,28.920000076293945,28.920000076293945,27.90999984741211,27.920000076293945,21.33341407775879,78700
2006-11-10,27.899999618530273,28.809999465942383,27.899999618530273,28.639999389648438,21.88355827331543,56000
2006-11-13,28.700000762939453,28.979999542236328,28.329999923706055,28.479999542236328,21.761301040649414,92300
2006-11-14,28.479999542236328,29.040000915527344,28.469999313354492,29.0,22.158626556396484,110600
2006-11-15,29.0,30.049999237060547,28.90999984741211,29.530000686645508,22.563587188720703,133700
2006-11-16,29.709999084472656,30.260000228881836,29.020000457763672,29.1200008392334,22.250322341918945,72400
2006-11-17,29.1200008392334,29.8700008392334,28.770000457763672,29.75,22.73169708251953,80400
2006-11-20,29.649999618530273,29.780000686645508,28.989999771118164,29.200000762939453,22.31144905090332,39000
2006-11-21,29.25,29.829999923706055,29.25,29.600000381469727,22.61708641052246,36400
2006-11-22,29.600000381469727,29.649999618530273,29.200000762939453,29.459999084472656,22.51011085510254,59700
2006-11-24,29.209999084472656,29.670000076293945,29.149999618530273,29.450000762939453,22.50246810913086,20800
2006-11-27,29.25,29.329999923706055,28.81999969482422,28.93000030517578,22.105148315429688,65200
2006-11-28,28.84000015258789,29.09000015258789,28.6299991607666,28.93000030517578,22.197206497192383,90500
2006-11-29,29.209999084472656,29.530000686645508,28.690000534057617,28.959999084472656,22.22022819519043,55700
2006-11-30,29.049999237060547,29.149999618530273,28.81999969482422,29.049999237060547,22.289283752441406,133900
2006-12-01,29.139999389648438,29.190000534057617,28.639999389648438,29.010000228881836,22.25860595703125,88800
2006-12-04,29.010000228881836,29.540000915527344,28.989999771118164,29.540000915527344,22.665252685546875,59900
2006-12-05,29.700000762939453,29.989999771118164,28.90999984741211,29.079999923706055,22.312299728393555,57500
2006-12-06,29.049999237060547,29.190000534057617,28.889999389648438,29.06999969482422,22.30463409423828,75300
2006-12-07,29.040000915527344,29.5,29.040000915527344,29.309999465942383,22.48877716064453,34400
2006-12-08,29.290000915527344,29.489999771118164,29.110000610351562,29.209999084472656,22.412050247192383,32000
2006-12-11,29.209999084472656,29.3799991607666,28.719999313354492,28.84000015258789,22.128162384033203,35300
2006-12-12,28.850000381469727,28.989999771118164,28.030000686645508,28.530000686645508,21.890308380126953,38400
2006-12-13,28.75,29.229999542236328,28.75,29.100000381469727,22.32765007019043,42000
2006-12-14,29.200000762939453,29.770000457763672,29.110000610351562,29.540000915527344,22.665252685546875,26100
2006-12-15,29.549999237060547,29.59000015258789,28.920000076293945,28.989999771118164,22.243257522583008,64900
2006-12-18,29.100000381469727,29.350000381469727,28.309999465942383,28.3700008392334,21.767545700073242,48800
2006-12-19,28.200000762939453,28.84000015258789,28.100000381469727,28.719999313354492,22.036087036132812,34400
2006-12-20,28.81999969482422,29.459999084472656,28.6200008392334,28.65999984741211,21.99005126953125,35600
2006-12-21,28.709999084472656,29.309999465942383,28.65999984741211,28.93000030517578,22.197206497192383,43600
2006-12-22,28.979999542236328,28.979999542236328,28.670000076293945,28.709999084472656,22.028425216674805,36200
2006-12-26,28.579999923706055,29.43000030517578,28.579999923706055,29.079999923706055,22.312299728393555,58400
2006-12-27,29.299999237060547,30.0,29.290000915527344,29.8799991607666,22.926118850708008,24300
2006-12-28,29.799999237060547,30.0,29.260000228881836,29.3799991607666,22.542491912841797,45100
2006-12-29,29.3700008392334,29.399999618530273,28.889999389648438,29.0,22.250919342041016,59500
2007-01-03,29.25,29.489999771118164,28.15999984741211,28.56999969482422,21.920991897583008,420800
2007-01-04,28.450000762939453,29.110000610351562,28.190000534057617,29.0,22.250919342041016,47300
2007-01-05,28.760000228881836,28.780000686645508,27.709999084472656,27.84000015258789,21.360885620117188,89400
2007-01-08,27.84000015258789,28.799999237060547,27.75,28.639999389648438,21.97471046447754,65000
2007-01-09,28.700000762939453,29.020000457763672,28.520000457763672,28.889999389648438,22.166519165039062,105500
2007-01-10,28.780000686645508,28.920000076293945,28.399999618530273,28.559999465942383,21.913330078125,102800
2007-01-11,28.649999618530273,29.459999084472656,28.649999618530273,29.200000762939453,22.40436553955078,63400
2007-01-12,29.200000762939453,29.6299991607666,29.149999618530273,29.610000610351562,22.718961715698242,41300
2007-01-16,29.670000076293945,29.770000457763672,29.3700008392334,29.450000762939453,22.5961971282959,42100
2007-01-17,29.350000381469727,30.149999618530273,29.309999465942383,29.81999969482422,22.88007926940918,53700
2007-01-18,29.739999771118164,29.739999771118164,28.829999923706055,28.8799991607666,22.15885353088379,64800
2007-01-19,28.8700008392334,29.309999465942383,28.6200008392334,29.059999465942383,22.296955108642578,27600
2007-01-22,29.049999237060547,29.530000686645508,28.969999313354492,29.469999313354492,22.61153793334961,51200
2007-01-23,29.489999771118164,29.989999771118164,29.399999618530273,29.8799991607666,22.926118850708008,70700
2007-01-24,29.8799991607666,30.0,29.479999542236328,29.850000381469727,22.90311050415039,58300
2007-01-25,29.850000381469727,29.940000534057617,29.34000015258789,29.399999618530273,22.557830810546875,66200
2007-01-26,29.549999237060547,31.040000915527344,29.540000915527344,30.639999389648438,23.509241104125977,174700
2007-01-29,30.6299991607666,30.860000610351562,29.969999313354492,30.030000686645508,23.041213989257812,77900
2007-01-30,29.979999542236328,31.229999542236328,29.979999542236328,30.899999618530273,23.7087459564209,67400
2007-01-31,30.790000915527344,31.049999237060547,30.09000015258789,30.920000076293945,23.724088668823242,59900
2007-02-01,30.899999618530273,31.809999465942383,30.770000457763672,31.809999465942383,24.406963348388672,62200
2007-02-02,31.959999084472656,31.959999084472656,31.219999313354492,31.639999389648438,24.276525497436523,41400
2007-02-05,31.479999542236328,31.540000915527344,30.969999313354492,31.309999465942383,24.023324966430664,67400
2007-02-06,31.459999084472656,31.600000381469727,31.3799991607666,31.450000762939453,24.130739212036133,108400
2007-02-07,31.5,32.099998474121094,31.399999618530273,32.060001373291016,24.59877586364746,69400
2007-02-08,32.08000183105469,32.189998626708984,31.8799991607666,32.04999923706055,24.591108322143555,61800
2007-02-09,32.04999923706055,32.04999923706055,30.170000076293945,30.239999771118164,23.202341079711914,83000
2007-02-12,30.239999771118164,31.079999923706055,30.239999771118164,30.979999542236328,23.770122528076172,59600
2007-02-13,31.149999618530273,31.450000762939453,30.889999389648438,31.329999923706055,24.038671493530273,46300
2007-02-14,31.329999923706055,31.950000762939453,31.329999923706055,31.670000076293945,24.299551010131836,76900
2007-02-15,31.579999923706055,31.690000534057617,31.06999969482422,31.270000457763672,23.99262809753418,52100
2007-02-16,31.280000686645508,31.280000686645508,30.68000030517578,31.0,23.785470962524414,44000
2007-02-20,31.989999771118164,32.63999938964844,31.489999771118164,31.579999923706055,24.230484008789062,191100
2007-02-21,31.389999389648438,31.6200008392334,30.940000534057617,31.309999465942383,24.023324966430664,101600
2007-02-22,31.450000762939453,31.59000015258789,30.309999465942383,31.15999984741211,23.908235549926758,105800
2007-02-23,31.139999389648438,31.139999389648438,30.579999923706055,30.860000610351562,23.678043365478516,75300
2007-02-26,31.010000228881836,32.380001068115234,30.950000762939453,32.349998474121094,24.91817855834961,132200
2007-02-27,31.75,31.75,30.920000076293945,31.25,24.07088851928711,135800
2007-02-28,31.100000381469727,31.209999084472656,30.059999465942383,30.780000686645508,23.708871841430664,109200
2007-03-01,30.100000381469727,30.829999923706055,29.790000915527344,30.299999237060547,23.339128494262695,159300
2007-03-02,31.0,31.149999618530273,30.280000686645508,30.440000534057617,23.446977615356445,104700
2007-03-05,30.030000686645508,30.600000381469727,29.899999618530273,29.93000030517578,23.054134368896484,92700
2007-03-06,30.350000381469727,31.5,30.350000381469727,31.25,24.07088851928711,89900
2007-03-07,31.18000030517578,31.65999984741211,31.010000228881836,31.170000076293945,24.009262084960938,99400
2007-03-08,31.649999618530273,31.829999923706055,31.399999618530273,31.68000030517578,24.402099609375,64400
2007-03-09,31.829999923706055,32.310001373291016,31.700000762939453,31.81999969482422,24.50994110107422,95800
2007-03-12,31.770000457763672,32.119998931884766,31.700000762939453,32.08000183105469,24.710216522216797,69900
2007-03-13,31.899999618530273,31.959999084472656,31.510000228881836,31.65999984741211,24.386693954467773,78600
2007-03-14,31.65999984741211,31.829999923706055,31.270000457763672,31.690000534057617,24.40981101989746,86100
2007-03-15,31.690000534057617,32.119998931884766,31.639999389648438,32.119998931884766,24.741024017333984,46400
2007-03-16,32.119998931884766,32.22999954223633,31.90999984741211,32.06999969482422,24.702512741088867,150800
2007-03-19,32.2400016784668,33.15999984741211,32.11000061035156,32.81999969482422,25.28020477294922,68600
2007-03-20,32.75,32.75,31.809999465942383,32.220001220703125,24.81805419921875,46900
2007-03-21,32.209999084472656,32.599998474121094,31.920000076293945,32.5099983215332,25.041418075561523,72300
2007-03-22,31.530000686645508,32.0099983215332,31.510000228881836,31.670000076293945,24.39440155029297,121000
2007-03-23,31.850000381469727,32.439998626708984,31.459999084472656,32.349998474121094,24.91817855834961,45500
2007-03-26,32.97999954223633,33.16999816894531,31.6299991607666,32.0099983215332,24.65629005432129,82800
2007-03-27,31.860000610351562,31.8799991607666,30.969999313354492,31.389999389648438,24.178730010986328,54700
2007-03-28,31.190000534057617,31.68000030517578,30.899999618530273,31.350000381469727,24.147912979125977,154000
2007-03-29,31.479999542236328,31.610000610351562,30.170000076293945,30.90999984741211,23.80900001525879,100700
2007-03-30,30.989999771118164,31.700000762939453,30.6200008392334,31.489999771118164,24.255748748779297,92500
2007-04-02,31.489999771118164,31.969999313354492,31.3799991607666,31.940000534057617,24.602378845214844,114900
2007-04-03,32.0,32.380001068115234,31.690000534057617,31.799999237060547,24.494539260864258,103000
2007-04-04,31.780000686645508,33.02000045776367,31.6200008392334,33.0099983215332,25.426557540893555,172900
2007-04-05,33.0,33.189998626708984,32.880001068115234,32.959999084472656,25.38804817199707,63500
2007-04-09,33.0,33.099998474121094,32.5099983215332,32.58000183105469,25.095348358154297,64100
2007-04-10,32.619998931884766,33.540000915527344,32.619998931884766,33.099998474121094,25.495880126953125,70500
2007-04-11,33.08000183105469,33.08000183105469,31.670000076293945,32.150001525878906,24.764129638671875,133500
2007-04-12,32.04999923706055,32.86000061035156,32.02000045776367,32.540000915527344,25.064525604248047,72400
2007-04-13,32.5099983215332,32.77000045776367,32.119998931884766,32.77000045776367,25.241695404052734,75000
2007-04-16,33.0,33.84000015258789,32.779998779296875,33.650001525878906,25.919540405273438,172900
2007-04-17,33.619998931884766,33.619998931884766,32.849998474121094,33.189998626708984,25.565204620361328,118400
2007-04-18,33.0,33.189998626708984,32.529998779296875,32.58000183105469,25.095348358154297,71100
2007-04-19,32.369998931884766,33.09000015258789,32.04999923706055,32.54999923706055,25.072235107421875,87300
2007-04-20,33.06999969482422,33.970001220703125,32.65999984741211,33.970001220703125,26.166030883789062,83200
2007-04-23,33.900001525878906,33.97999954223633,33.08000183105469,33.33000183105469,25.673049926757812,69700
2007-04-24,33.25,33.2599983215332,32.29999923706055,33.060001373291016,25.46506690979004,121400
2007-04-25,33.279998779296875,33.86000061035156,33.029998779296875,33.599998474121094,25.881023406982422,172000
2007-04-26,33.400001525878906,33.400001525878906,32.04999923706055,32.91999816894531,25.35723304748535,86400
2007-04-27,32.88999938964844,32.88999938964844,31.989999771118164,32.279998779296875,24.864269256591797,85000
2007-04-30,32.380001068115234,32.380001068115234,31.93000030517578,32.02000045776367,24.66399574279785,156400
2007-05-01,32.0099983215332,32.0099983215332,30.899999618530273,31.469999313354492,24.2403507232666,195400
2007-05-02,31.479999542236328,32.36000061035156,31.469999313354492,31.739999771118164,24.448314666748047,136000
2007-05-03,31.729999542236328,32.45000076293945,31.649999618530273,32.16999816894531,24.779531478881836,122000
2007-05-04,32.18000030517578,32.47999954223633,31.850000381469727,32.130001068115234,24.74872398376465,82600
2007-05-07,32.09000015258789,32.09000015258789,31.6200008392334,31.780000686645508,24.479135513305664,101600
2007-05-08,31.68000030517578,31.760000228881836,31.18000030517578,31.700000762939453,24.41750717163086,69200
2007-05-09,31.639999389648438,32.38999938964844,31.459999084472656,32.25,24.84115982055664,158700
2007-05-10,32.04999923706055,32.36000061035156,31.280000686645508,31.6200008392334,24.35589599609375,244400
2007-05-11,31.739999771118164,32.369998931884766,31.729999542236328,32.34000015258789,24.910478591918945,75200
2007-05-14,32.38999938964844,32.40999984741211,31.010000228881836,31.920000076293945,24.58696174621582,203700
2007-05-15,31.920000076293945,32.189998626708984,31.760000228881836,31.860000610351562,24.540756225585938,140700
2007-05-16,31.899999618530273,32.02000045776367,31.31999969482422,31.56999969482422,24.31737518310547,200200
2007-05-17,31.5,31.5,30.979999542236328,31.15999984741211,24.001562118530273,230300
2007-05-18,31.15999984741211,31.25,30.479999542236328,31.190000534057617,24.02467918395996,253200
2007-05-21,31.229999542236328,31.90999984741211,31.09000015258789,31.700000762939453,24.41750717163086,109600
2007-05-22,31.799999237060547,32.45000076293945,31.799999237060547,32.349998474121094,24.91817855834961,118000
2007-05-23,32.349998474121094,32.47999954223633,32.04999923706055,32.13999938964844,24.756427764892578,100000
2007-05-24,32.08000183105469,32.349998474121094,31.450000762939453,31.8799991607666,24.5561580657959,261100
2007-05-25,31.940000534057617,31.950000762939453,31.610000610351562,31.84000015258789,24.525341033935547,104400
2007-05-29,31.969999313354492,32.27000045776367,31.709999084472656,32.13999938964844,24.85009002685547,132500
2007-05-30,31.889999389648438,32.349998474121094,31.690000534057617,32.33000183105469,24.996986389160156,63300
2007-05-31,32.400001525878906,32.52000045776367,32.099998474121094,32.52000045776367,25.143896102905273,107700
2007-06-01,32.880001068115234,33.41999816894531,32.560001373291016,32.720001220703125,25.29852294921875,199300
2007-06-04,32.77000045776367,33.18000030517578,32.45000076293945,33.09000015258789,25.584604263305664,86600
2007-06-05,32.939998626708984,32.9900016784668,32.56999969482422,32.84000015258789,25.39130973815918,106300
2007-06-06,32.720001220703125,32.900001525878906,32.400001525878906,32.900001525878906,25.437702178955078,101700
2007-06-07,32.900001525878906,33.15999984741211,32.75,32.900001525878906,25.437702178955078,208000
2007-06-08,35.0,36.369998931884766,33.619998931884766,36.16999816894531,27.96600341796875,423400
2007-06-11,36.130001068115234,36.70000076293945,35.84000015258789,36.25,28.02784538269043,227000
2007-06-12,36.099998474121094,36.099998474121094,35.13999938964844,35.29999923706055,27.293336868286133,115800
2007-06-13,35.380001068115234,35.90999984741211,35.2599983215332,35.75,27.641277313232422,94000
2007-06-14,35.86000061035156,36.189998626708984,35.70000076293945,35.86000061035156,27.726314544677734,49400
2007-06-15,36.70000076293945,36.83000183105469,36.36000061035156,36.4900016784668,28.21342658996582,203100
2007-06-18,36.5,36.88999938964844,36.4900016784668,36.59000015258789,28.290739059448242,79500
2007-06-19,36.38999938964844,36.93000030517578,35.91999816894531,36.7400016784668,28.406723022460938,84900
2007-06-20,36.88999938964844,36.88999938964844,36.40999984741211,36.43000030517578,28.167043685913086,148900
2007-06-21,36.18000030517578,37.70000076293945,35.2599983215332,37.209999084472656,28.77011489868164,222100
2007-06-22,37.150001525878906,37.630001068115234,36.459999084472656,36.90999984741211,28.538162231445312,365000
2007-06-25,36.90999984741211,36.90999984741211,36.18000030517578,36.439998626708984,28.174772262573242,138700
2007-06-26,36.56999969482422,36.869998931884766,36.220001220703125,36.709999084472656,28.383527755737305,92300
2007-06-27,36.459999084472656,37.2599983215332,36.40999984741211,37.13999938964844,28.71599769592285,188300
2007-06-28,37.13999938964844,37.7599983215332,36.790000915527344,37.310001373291016,28.847444534301758,100100
2007-06-29,37.5,37.63999938964844,36.43000030517578,36.5,28.221155166625977,92100
2007-07-02,36.849998474121094,37.380001068115234,36.5099983215332,37.34000015258789,28.870635986328125,97400
2007-07-03,37.2400016784668,37.29999923706055,36.7599983215332,36.970001220703125,28.584558486938477,124200
2007-07-05,37.029998779296875,37.04999923706055,36.560001373291016,37.029998779296875,28.630935668945312,75500
2007-07-06,37.08000183105469,37.08000183105469,36.45000076293945,36.939998626708984,28.561349868774414,102000
2007-07-09,36.869998931884766,37.060001373291016,36.70000076293945,36.970001220703125,28.584558486938477,112600
2007-07-10,36.47999954223633,36.77000045776367,36.15999984741211,36.650001525878906,28.337141036987305,122700
2007-07-11,36.650001525878906,37.08000183105469,36.54999923706055,37.060001373291016,28.654146194458008,152100
2007-07-12,37.36000061035156,37.75,37.099998474121094,37.75,29.18764305114746,119500
2007-07-13,37.7400016784668,37.7400016784668,37.220001220703125,37.290000915527344,28.831974029541016,50700
2007-07-16,37.290000915527344,37.869998931884766,37.290000915527344,37.720001220703125,29.1644344329834,141000
2007-07-17,37.91999816894531,38.529998779296875,37.779998779296875,37.79999923706055,29.226293563842773,158600
2007-07-18,37.72999954223633,37.79999923706055,36.91999816894531,37.72999954223633,29.172176361083984,92200
2007-07-19,37.72999954223633,37.83000183105469,37.08000183105469,37.5099983215332,29.00206756591797,81100
2007-07-20,37.38999938964844,37.38999938964844,36.4900016784668,36.880001068115234,28.514976501464844,226500
2007-07-23,36.900001525878906,38.040000915527344,36.84000015258789,37.27000045776367,28.816516876220703,134100
2007-07-24,37.27000045776367,37.27000045776367,36.20000076293945,36.52000045776367,28.23662567138672,199400
2007-07-25,36.56999969482422,36.56999969482422,35.849998474121094,36.20000076293945,27.98919677734375,199700
2007-07-26,36.189998626708984,36.900001525878906,35.68000030517578,36.0,27.834562301635742,290400
2007-07-27,35.81999969482422,36.2400016784668,35.220001220703125,35.400001525878906,27.370664596557617,164300
2007-07-30,35.29999923706055,36.97999954223633,35.2599983215332,36.65999984741211,28.344871520996094,137300
2007-07-31,38.9900016784668,41.16999816894531,38.54999923706055,38.54999923706055,29.806182861328125,446900
2007-08-01,38.5,42.41999816894531,38.290000915527344,41.68000030517578,32.22625732421875,369300
2007-08-02,41.900001525878906,41.939998626708984,40.779998779296875,41.560001373291016,32.13346481323242,261800
2007-08-03,41.5,44.599998474121094,41.099998474121094,43.099998474121094,33.324161529541016,520000
2007-08-06,35.060001373291016,43.400001525878906,35.060001373291016,42.34000015258789,32.73654556274414,348800
2007-08-07,42.27000045776367,44.060001373291016,40.849998474121094,43.45000076293945,33.59476852416992,394500
2007-08-08,44.0099983215332,44.66999816894531,42.43000030517578,44.310001373291016,34.259700775146484,239000
2007-08-09,44.0,44.52000045776367,40.900001525878906,41.720001220703125,32.257164001464844,365300
2007-08-10,41.31999969482422,43.59000015258789,40.400001525878906,41.72999954223633,32.26488494873047,348900
2007-08-13,42.72999954223633,43.380001068115234,42.310001373291016,42.720001220703125,33.03034973144531,189400
2007-08-14,42.849998474121094,43.22999954223633,41.79999923706055,41.900001525878906,32.3963623046875,151600
2007-08-15,42.060001373291016,43.0,40.31999969482422,40.369998931884766,31.213376998901367,210100
2007-08-16,40.52000045776367,41.83000183105469,39.29999923706055,41.45000076293945,32.04841613769531,219500
2007-08-17,43.400001525878906,43.470001220703125,42.06999969482422,42.56999969482422,32.914371490478516,180000
2007-08-20,42.70000076293945,43.459999084472656,42.400001525878906,43.40999984741211,33.5638427734375,94500
2007-08-21,43.599998474121094,43.95000076293945,42.77000045776367,42.84000015258789,33.12314224243164,70300
2007-08-22,43.41999816894531,44.0,43.040000915527344,43.900001525878906,33.942710876464844,82000
2007-08-23,44.0,44.04999923706055,42.58000183105469,42.849998474121094,33.130863189697266,105400
2007-08-24,43.099998474121094,43.2599983215332,42.13999938964844,43.150001525878906,33.36281967163086,108200
2007-08-27,43.25,43.25,41.709999084472656,42.189998626708984,32.620567321777344,114700
2007-08-28,42.08000183105469,42.08000183105469,41.0,41.04999923706055,31.739160537719727,124800
2007-08-29,41.369998931884766,41.83000183105469,40.56999969482422,41.7400016784668,32.36724090576172,69200
2007-08-30,41.5,41.880001068115234,40.9900016784668,41.689998626708984,32.328495025634766,98200
2007-08-31,41.9900016784668,42.060001373291016,41.5099983215332,42.02000045776367,32.58436584472656,120600
2007-09-04,42.0099983215332,42.81999969482422,41.900001525878906,42.45000076293945,32.91781234741211,128500
2007-09-05,42.45000076293945,42.560001373291016,42.0,42.2599983215332,32.770484924316406,162800
2007-09-06,42.310001373291016,42.599998474121094,41.0,41.22999954223633,31.971782684326172,249500
2007-09-07,40.34000015258789,40.36000061035156,39.16999816894531,39.849998474121094,30.901649475097656,142600
2007-09-10,40.0,40.689998626708984,39.16999816894531,39.52000045776367,30.645763397216797,103800
2007-09-11,39.599998474121094,40.45000076293945,39.29999923706055,40.18000030517578,31.15753936767578,66600
2007-09-12,40.189998626708984,41.349998474121094,40.11000061035156,40.619998931884766,31.498750686645508,84100
2007-09-13,40.7400016784668,42.040000915527344,40.279998779296875,41.70000076293945,32.33624267578125,86800
2007-09-14,41.29999923706055,42.650001525878906,40.61000061035156,42.59000015258789,33.0263786315918,114300
2007-09-17,42.369998931884766,43.38999938964844,41.13999938964844,43.18000030517578,33.483917236328125,259300
2007-09-18,43.279998779296875,45.939998626708984,43.22999954223633,45.869998931884766,35.56985855102539,169400
2007-09-19,46.0,47.650001525878906,45.849998474121094,47.54999923706055,36.872623443603516,170100
2007-09-20,47.33000183105469,47.439998626708984,45.41999816894531,46.540000915527344,36.089412689208984,124300
2007-09-21,46.970001220703125,48.040000915527344,46.56999969482422,47.70000076293945,36.988929748535156,129000
2007-09-24,47.70000076293945,47.70000076293945,45.61000061035156,47.209999084472656,36.608970642089844,187500
2007-09-25,47.0099983215332,49.0099983215332,46.61000061035156,48.849998474121094,37.880714416503906,181600
2007-09-26,49.5,50.04999923706055,48.959999084472656,49.31999969482422,38.24517059326172,172900
2007-09-27,48.79999923706055,48.9900016784668,47.83000183105469,48.790000915527344,37.834163665771484,188400
2007-09-28,48.790000915527344,49.369998931884766,47.77000045776367,48.70000076293945,37.76438903808594,138700
2007-10-01,48.59000015258789,48.95000076293945,47.97999954223633,48.400001525878906,37.53175735473633,151200
2007-10-02,48.36000061035156,48.900001525878906,47.22999954223633,47.29999923706055,36.67875671386719,163000
2007-10-03,47.0,47.34000015258789,46.09000015258789,47.060001373291016,36.492645263671875,126000
2007-10-04,47.060001373291016,47.689998626708984,46.09000015258789,47.54999923706055,36.872623443603516,125600
2007-10-05,47.540000915527344,48.150001525878906,47.279998779296875,48.0,37.2215690612793,90600
2007-10-08,47.720001220703125,48.11000061035156,47.59000015258789,47.86000061035156,37.112998962402344,122000
2007-10-09,47.79999923706055,48.40999984741211,47.45000076293945,47.779998779296875,37.05094909667969,136500
2007-10-10,47.59000015258789,48.0,47.0,47.599998474121094,36.91139221191406,99300
2007-10-11,47.45000076293945,47.709999084472656,45.970001220703125,46.43000030517578,36.00409698486328,86700
2007-10-12,46.349998474121094,48.029998779296875,46.33000183105469,47.27000045776367,36.65547561645508,121500
2007-10-15,47.5,47.5,45.33000183105469,46.34000015258789,35.934322357177734,115000
2007-10-16,46.209999084472656,47.65999984741211,46.119998931884766,47.130001068115234,36.54691696166992,138600
2007-10-17,47.47999954223633,47.70000076293945,46.060001373291016,47.13999938964844,36.55466079711914,147800
2007-10-18,47.040000915527344,47.4900016784668,46.599998474121094,47.279998779296875,36.663238525390625,84200
2007-10-19,47.290000915527344,47.52000045776367,45.040000915527344,45.220001220703125,35.0658073425293,121800
2007-10-22,45.16999816894531,46.25,43.56999969482422,46.08000183105469,35.732704162597656,178700
2007-10-23,45.869998931884766,46.63999938964844,43.75,46.470001220703125,36.03512191772461,415200
2007-10-24,46.5,46.66999816894531,43.459999084472656,44.939998626708984,34.84868240356445,268800
2007-10-25,45.060001373291016,45.13999938964844,43.45000076293945,44.209999084472656,34.282615661621094,274900
2007-10-26,44.70000076293945,46.40999984741211,44.279998779296875,45.97999954223633,35.6551628112793,230900
2007-10-29,46.099998474121094,46.34000015258789,45.56999969482422,46.279998779296875,35.88778305053711,88400
2007-10-30,46.0,46.58000183105469,45.220001220703125,45.220001220703125,35.0658073425293,124700
2007-10-31,45.220001220703125,47.20000076293945,45.13999938964844,47.15999984741211,36.570194244384766,124100
2007-11-01,47.0,47.2400016784668,44.63999938964844,45.11000061035156,34.98051834106445,213700
2007-11-02,45.75,45.79999923706055,44.75,45.040000915527344,34.926239013671875,164100
2007-11-05,44.75,45.40999984741211,44.34000015258789,45.20000076293945,35.05031967163086,155200
2007-11-06,45.27000045776367,45.70000076293945,43.70000076293945,45.619998931884766,35.375999450683594,168700
2007-11-07,45.150001525878906,45.290000915527344,43.5,43.630001068115234,33.83285140991211,100700
2007-11-08,43.900001525878906,45.31999969482422,43.56999969482422,45.040000915527344,34.926239013671875,159700
2007-11-09,44.5,46.25,43.599998474121094,45.66999816894531,35.41476821899414,155000
2007-11-12,45.709999084472656,46.61000061035156,45.189998626708984,45.70000076293945,35.43804168701172,206800
2007-11-13,46.0,47.310001373291016,45.560001373291016,47.189998626708984,36.59344482421875,111600
2007-11-14,47.29999923706055,47.90999984741211,46.41999816894531,47.38999938964844,36.7485237121582,142600
2007-11-15,47.20000076293945,47.439998626708984,46.2400016784668,46.70000076293945,36.21348190307617,63300
2007-11-16,46.720001220703125,47.099998474121094,45.29999923706055,46.869998931884766,36.345298767089844,89200
2007-11-19,46.29999923706055,46.29999923706055,44.5099983215332,45.20000076293945,35.05031967163086,133200
2007-11-20,45.20000076293945,46.709999084472656,44.849998474121094,45.88999938964844,35.58536911010742,126600
2007-11-21,45.5,46.70000076293945,45.43000030517578,45.61000061035156,35.36824035644531,135300
2007-11-23,45.65999984741211,47.36000061035156,45.65999984741211,47.15999984741211,36.570194244384766,35700
2007-11-26,47.04999923706055,47.4900016784668,44.810001373291016,44.95000076293945,34.85645294189453,89100
2007-11-27,45.18000030517578,45.36000061035156,44.08000183105469,44.72999954223633,34.68584442138672,168800
2007-11-28,44.72999954223633,45.060001373291016,44.040000915527344,44.70000076293945,34.75582504272461,191700
2007-11-29,44.68000030517578,45.08000183105469,43.59000015258789,44.54999923706055,34.63920211791992,119000
2007-11-30,45.279998779296875,45.529998779296875,43.70000076293945,43.83000183105469,34.07937240600586,136100
2007-12-03,43.97999954223633,45.2400016784668,43.900001525878906,44.029998779296875,34.23487091064453,151700
2007-12-04,43.90999984741211,44.5099983215332,43.59000015258789,43.75,34.017154693603516,90600
2007-12-05,44.58000183105469,45.209999084472656,44.0,44.72999954223633,34.77914810180664,125900
2007-12-06,44.869998931884766,45.41999816894531,44.58000183105469,45.29999923706055,35.22235107421875,66500
2007-12-07,45.41999816894531,45.41999816894531,44.4900016784668,44.90999984741211,34.919105529785156,65400
2007-12-10,44.4900016784668,45.810001373291016,44.2599983215332,44.88999938964844,34.903560638427734,231900
2007-12-11,45.20000076293945,45.47999954223633,42.810001373291016,42.939998626708984,33.38737869262695,95600
2007-12-12,44.04999923706055,44.29999923706055,42.95000076293945,43.58000183105469,33.88498306274414,86300
2007-12-13,43.08000183105469,44.27000045776367,43.08000183105469,44.119998931884766,34.30487060546875,88100
2007-12-14,43.5,44.04999923706055,42.150001525878906,42.209999084472656,32.81977844238281,75100
2007-12-17,42.0,42.900001525878906,41.2400016784668,41.2599983215332,32.08110427856445,81100
2007-12-18,41.68000030517578,43.189998626708984,40.880001068115234,43.099998474121094,33.51175308227539,92900
2007-12-19,42.95000076293945,43.470001220703125,42.470001220703125,43.130001068115234,33.535091400146484,102500
2007-12-20,44.0,45.29999923706055,43.45000076293945,45.0,34.98909378051758,165100
2007-12-21,45.869998931884766,45.97999954223633,44.72999954223633,45.900001525878906,35.688865661621094,236000
2007-12-24,45.939998626708984,47.83000183105469,45.630001068115234,47.709999084472656,37.09621047973633,52000
2007-12-26,47.5099983215332,47.709999084472656,46.849998474121094,47.29999923706055,36.77742385864258,100100
2007-12-27,47.29999923706055,47.459999084472656,44.9900016784668,45.029998779296875,35.01242446899414,111200
2007-12-28,45.400001525878906,46.25,44.47999954223633,44.61000061035156,34.68584442138672,116100
2007-12-31,44.349998474121094,44.869998931884766,43.45000076293945,44.290000915527344,34.437034606933594,162100
2008-01-02,44.290000915527344,45.52000045776367,44.099998474121094,45.349998474121094,35.26121139526367,229100
2008-01-03,45.5,46.689998626708984,44.790000915527344,45.40999984741211,35.30787658691406,122200
2008-01-04,45.06999969482422,45.06999969482422,43.27000045776367,43.560001373291016,33.86943435668945,94700
2008-01-07,43.959999084472656,44.52000045776367,42.56999969482422,43.279998779296875,33.651729583740234,151000
2008-01-08,43.310001373291016,43.58000183105469,41.09000015258789,41.5,32.2677116394043,123600
2008-01-09,41.33000183105469,41.88999938964844,39.72999954223633,40.54999923706055,31.529048919677734,207000
2008-01-10,40.0,40.0,38.77000045776367,39.16999816894531,30.456052780151367,192000
2008-01-11,38.939998626708984,39.560001373291016,37.130001068115234,37.43000030517578,29.103145599365234,141700
2008-01-14,37.54999923706055,38.29999923706055,36.95000076293945,37.0,28.7688045501709,141500
2008-01-15,36.599998474121094,36.86000061035156,35.04999923706055,35.06999969482422,27.268152236938477,201000
2008-01-16,34.970001220703125,35.400001525878906,33.540000915527344,34.13999938964844,26.545055389404297,290000
2008-01-17,34.5,34.5,33.0,33.06999969482422,25.713088989257812,217400
2008-01-18,33.0099983215332,33.380001068115234,32.189998626708984,32.369998931884766,25.168819427490234,232000
2008-01-22,30.959999084472656,33.290000915527344,30.959999084472656,33.08000183105469,25.720869064331055,232900
2008-01-23,32.36000061035156,32.66999816894531,30.920000076293945,32.189998626708984,25.02886199951172,267600
2008-01-24,32.2599983215332,32.91999816894531,31.979999542236328,32.13999938964844,24.9899845123291,217500
2008-01-25,32.20000076293945,32.83000183105469,31.489999771118164,31.8799991607666,24.787824630737305,130000
2008-01-28,32.0,32.38999938964844,31.739999771118164,32.20000076293945,25.036636352539062,148200
2008-01-29,32.2599983215332,32.5,31.809999465942383,32.349998474121094,25.15326690673828,124700
2008-01-30,32.099998474121094,33.709999084472656,31.809999465942383,32.56999969482422,25.324325561523438,125400
2008-01-31,32.099998474121094,33.45000076293945,32.0,32.9900016784668,25.650876998901367,165400
2008-02-01,33.11000061035156,34.86000061035156,33.11000061035156,34.63999938964844,26.933822631835938,182000
2008-02-04,34.68000030517578,35.279998779296875,34.29999923706055,34.93000030517578,27.159305572509766,123800
2008-02-05,35.150001525878906,35.150001525878906,33.279998779296875,33.52000045776367,26.062984466552734,135100
2008-02-06,33.720001220703125,34.439998626708984,33.439998626708984,33.54999923706055,26.086301803588867,108200
2008-02-07,33.43000030517578,34.2599983215332,33.099998474121094,33.68000030517578,26.187400817871094,113600
2008-02-08,33.54999923706055,34.09000015258789,33.27000045776367,33.5099983215332,26.055204391479492,60300
2008-02-11,33.65999984741211,34.15999984741211,33.220001220703125,33.810001373291016,26.28846549987793,73600
2008-02-12,33.90999984741211,33.90999984741211,33.119998931884766,33.54999923706055,26.086301803588867,91200
2008-02-13,33.900001525878906,34.20000076293945,33.54999923706055,33.900001525878906,26.35845184326172,115800
2008-02-14,34.02000045776367,34.310001373291016,33.099998474121094,33.40999984741211,25.97745704650879,130100
2008-02-15,33.099998474121094,33.4900016784668,32.779998779296875,33.34000015258789,25.923023223876953,75100
2008-02-19,33.619998931884766,34.040000915527344,33.38999938964844,34.0099983215332,26.4439697265625,84100
2008-02-20,33.869998931884766,34.7400016784668,33.529998779296875,34.630001068115234,26.926048278808594,74400
2008-02-21,34.93000030517578,35.33000183105469,33.83000183105469,34.040000915527344,26.467308044433594,121600
2008-02-22,34.060001373291016,34.36000061035156,33.029998779296875,33.61000061035156,26.13296890258789,79100
2008-02-25,33.31999969482422,34.619998931884766,33.04999923706055,34.16999816894531,26.568376541137695,122500
2008-02-26,35.0,36.61000061035156,34.650001525878906,35.65999984741211,27.726909637451172,201700
2008-02-27,35.119998931884766,37.0,35.0,36.54999923706055,28.52289390563965,160400
2008-02-28,36.33000183105469,36.5099983215332,35.61000061035156,36.02000045776367,28.10930061340332,142600
2008-02-29,35.560001373291016,36.459999084472656,35.29999923706055,36.08000183105469,28.156118392944336,180900
2008-03-03,35.83000183105469,36.90999984741211,35.20000076293945,36.779998779296875,28.702375411987305,205700
2008-03-04,36.470001220703125,37.060001373291016,36.13999938964844,36.40999984741211,28.41364860534668,280400
2008-03-05,36.36000061035156,37.0,35.900001525878906,36.52000045776367,28.49948501586914,144000
2008-03-06,36.29999923706055,36.72999954223633,35.2400016784668,35.2400016784668,27.500595092773438,136700
2008-03-07,34.689998626708984,35.93000030517578,34.31999969482422,35.61000061035156,27.78934097290039,184500
2008-03-10,35.599998474121094,35.599998474121094,34.7400016784668,34.900001525878906,27.23526382446289,177800
2008-03-11,35.939998626708984,37.029998779296875,35.2599983215332,37.0099983215332,28.881872177124023,182000
2008-03-12,37.15999984741211,37.75,36.470001220703125,36.91999816894531,28.811626434326172,123100
2008-03-13,36.20000076293945,38.119998931884766,35.900001525878906,37.68000030517578,29.40471649169922,165100
2008-03-14,37.93000030517578,38.0,36.560001373291016,37.189998626708984,29.0223331451416,183000
2008-03-17,36.150001525878906,37.91999816894531,36.150001525878906,37.540000915527344,29.295480728149414,133400
2008-03-18,38.29999923706055,39.560001373291016,37.060001373291016,39.310001373291016,30.676755905151367,173500
2008-03-19,39.70000076293945,39.70000076293945,37.060001373291016,37.060001373291016,28.92088508605957,177400
2008-03-20,37.9900016784668,38.02000045776367,36.86000061035156,37.4900016784668,29.256454467773438,281400
2008-03-24,37.900001525878906,38.79999923706055,37.29999923706055,38.66999816894531,30.177305221557617,109000
2008-03-25,38.66999816894531,39.08000183105469,38.279998779296875,38.939998626708984,30.387989044189453,52500
2008-03-26,38.599998474121094,41.779998779296875,38.38999938964844,41.66999816894531,32.518436431884766,237600
2008-03-27,41.0099983215332,41.529998779296875,39.93000030517578,40.34000015258789,31.480531692504883,166000
2008-03-28,40.47999954223633,40.869998931884766,40.22999954223633,40.2400016784668,31.40247917175293,98700
2008-03-31,40.439998626708984,40.439998626708984,39.619998931884766,39.810001373291016,31.066938400268555,110100
2008-04-01,39.63999938964844,40.470001220703125,39.5,40.18000030517578,31.355661392211914,209100
2008-04-02,40.0,40.2599983215332,39.15999984741211,39.529998779296875,30.848424911499023,181000
2008-04-03,39.25,40.31999969482422,39.25,40.099998474121094,31.293237686157227,141400
2008-04-04,40.2400016784668,41.04999923706055,39.83000183105469,40.61000061035156,31.69123649597168,105200
2008-04-07,40.95000076293945,41.060001373291016,40.16999816894531,40.4900016784668,31.59760093688965,112500
2008-04-08,40.099998474121094,41.16999816894531,40.04999923706055,40.279998779296875,31.433717727661133,99800
2008-04-09,40.400001525878906,40.56999969482422,38.650001525878906,39.04999923706055,30.47385025024414,102300
2008-04-10,39.119998931884766,39.84000015258789,37.900001525878906,39.58000183105469,30.887435913085938,123100
2008-04-11,39.0,39.0,38.459999084472656,38.79999923706055,30.27874755859375,99700
2008-04-14,38.599998474121094,38.79999923706055,37.88999938964844,38.470001220703125,30.021223068237305,114100
2008-04-15,38.77000045776367,40.119998931884766,38.77000045776367,40.02000045776367,31.23081398010254,128000
2008-04-16,40.41999816894531,41.400001525878906,40.27000045776367,40.959999084472656,31.96438217163086,173100
2008-04-17,40.849998474121094,41.47999954223633,40.459999084472656,40.540000915527344,31.636608123779297,123600
2008-04-18,41.15999984741211,41.29999923706055,40.59000015258789,41.0,31.99559211730957,145300
2008-04-21,40.7599983215332,40.7599983215332,39.52000045776367,39.95000076293945,31.176191329956055,97500
2008-04-22,39.560001373291016,39.56999969482422,38.2599983215332,39.0,30.43482208251953,202700
2008-04-23,39.099998474121094,39.86000061035156,38.560001373291016,39.709999084472656,30.988889694213867,109200
2008-04-24,39.099998474121094,39.20000076293945,34.029998779296875,36.349998474121094,28.366809844970703,1053500
2008-04-25,36.560001373291016,36.560001373291016,35.09000015258789,35.560001373291016,27.750316619873047,191500
2008-04-28,35.36000061035156,35.869998931884766,35.290000915527344,35.61000061035156,27.78934097290039,195700
2008-04-29,35.5099983215332,35.59000015258789,33.400001525878906,33.779998779296875,26.361248016357422,217700
2008-04-30,33.900001525878906,34.47999954223633,33.34000015258789,34.130001068115234,26.634370803833008,165200
2008-05-01,34.18000030517578,35.5099983215332,33.7599983215332,35.369998931884766,27.60205078125,240900
2008-05-02,35.29999923706055,35.45000076293945,34.849998474121094,35.130001068115234,27.414756774902344,151400
2008-05-05,35.11000061035156,35.119998931884766,34.5099983215332,34.900001525878906,27.23526382446289,140000
2008-05-06,34.75,34.86000061035156,34.220001220703125,34.459999084472656,26.89190673828125,99600
2008-05-07,34.310001373291016,34.599998474121094,33.4900016784668,33.619998931884766,26.236377716064453,104800
2008-05-08,33.689998626708984,33.97999954223633,33.2599983215332,33.689998626708984,26.29100799560547,70600
2008-05-09,33.4900016784668,33.959999084472656,32.619998931884766,33.880001068115234,26.43928337097168,103800
2008-05-12,34.06999969482422,35.099998474121094,33.630001068115234,34.959999084472656,27.28209114074707,123200
2008-05-13,34.959999084472656,35.2599983215332,34.689998626708984,34.91999816894531,27.25086784362793,125100
2008-05-14,34.900001525878906,35.61000061035156,34.790000915527344,35.290000915527344,27.53961753845215,160700
2008-05-15,35.0,35.31999969482422,34.81999969482422,34.97999954223633,27.297697067260742,47800
2008-05-16,35.279998779296875,35.279998779296875,34.220001220703125,35.04999923706055,27.352323532104492,123600
2008-05-19,34.79999923706055,35.459999084472656,34.61000061035156,34.75,27.118207931518555,115400
2008-05-20,34.619998931884766,34.79999923706055,34.27000045776367,34.75,27.118207931518555,65200
2008-05-21,34.95000076293945,35.209999084472656,34.459999084472656,34.720001220703125,27.094802856445312,118100
2008-05-22,34.66999816894531,34.900001525878906,34.290000915527344,34.63999938964844,27.03236961364746,124600
2008-05-23,34.40999984741211,34.68000030517578,34.20000076293945,34.5099983215332,26.930931091308594,91300
2008-05-27,34.40999984741211,35.18000030517578,34.40999984741211,34.900001525878906,27.23526382446289,123000
2008-05-28,34.9900016784668,35.18000030517578,34.52000045776367,35.130001068115234,27.51725196838379,139700
2008-05-29,34.79999923706055,35.63999938964844,34.630001068115234,35.529998779296875,27.830575942993164,146600
2008-05-30,35.529998779296875,35.63999938964844,34.9900016784668,35.16999816894531,27.54859161376953,94700
2008-06-02,35.0,35.18000030517578,34.79999923706055,35.119998931884766,27.509422302246094,129900
2008-06-03,35.189998626708984,35.36000061035156,34.7400016784668,35.0099983215332,27.423259735107422,160700
2008-06-04,34.810001373291016,34.900001525878906,34.5099983215332,34.810001373291016,27.2666015625,245800
2008-06-05,34.849998474121094,35.95000076293945,34.63999938964844,35.869998931884766,28.09688949584961,286000
2008-06-06,35.56999969482422,35.709999084472656,35.150001525878906,35.25,27.611251831054688,438600
2008-06-09,35.2599983215332,35.290000915527344,34.95000076293945,35.0099983215332,27.423259735107422,302100
2008-06-10,34.61000061035156,35.2400016784668,34.400001525878906,34.90999984741211,27.344928741455078,194200
2008-06-11,34.75,35.20000076293945,34.68000030517578,35.0,27.415424346923828,246400
2008-06-12,35.02000045776367,35.27000045776367,34.70000076293945,34.79999923706055,27.258756637573242,253300
2008-06-13,34.91999816894531,35.099998474121094,34.529998779296875,34.79999923706055,27.258756637573242,301100
2008-06-16,34.599998474121094,35.18000030517578,34.599998474121094,34.84000015258789,27.290103912353516,147300
2008-06-17,35.02000045776367,35.279998779296875,34.77000045776367,35.0,27.415424346923828,107300
2008-06-18,34.900001525878906,35.209999084472656,34.5099983215332,34.900001525878906,27.33708953857422,139200
2008-06-19,34.880001068115234,35.27000045776367,34.5099983215332,35.27000045776367,27.626916885375977,111200
2008-06-20,35.130001068115234,35.16999816894531,34.560001373291016,34.93000030517578,27.360597610473633,215100
2008-06-23,35.15999984741211,35.15999984741211,34.290000915527344,34.540000915527344,27.05510711669922,154700
2008-06-24,34.400001525878906,34.45000076293945,32.84000015258789,32.84000015258789,25.7235050201416,171100
2008-06-25,32.86000061035156,33.08000183105469,31.790000915527344,32.470001220703125,25.433687210083008,247900
2008-06-26,32.150001525878906,32.150001525878906,30.389999389648438,30.65999984741211,24.01591682434082,248600
2008-06-27,30.690000534057617,30.75,30.040000915527344,30.459999084472656,23.859254837036133,422400
2008-06-30,30.43000030517578,30.559999465942383,30.06999969482422,30.06999969482422,23.55377197265625,107800
2008-07-01,29.649999618530273,30.1200008392334,29.31999969482422,29.81999969482422,23.35794448852539,377600
2008-07-02,29.709999084472656,29.709999084472656,27.81999969482422,28.170000076293945,22.06549644470215,295900
2008-07-03,28.18000030517578,28.81999969482422,27.969999313354492,28.5,22.323993682861328,92800
2008-07-07,28.920000076293945,28.920000076293945,27.709999084472656,28.100000381469727,22.010671615600586,266200
2008-07-08,28.190000534057617,28.299999237060547,27.5,27.979999542236328,21.916669845581055,258400
2008-07-09,27.93000030517578,27.940000534057617,26.0,26.139999389648438,20.47540283203125,315000
2008-07-10,25.829999923706055,25.829999923706055,24.610000610351562,24.899999618530273,19.504114151000977,366400
2008-07-11,24.639999389648438,25.450000762939453,24.3799991607666,25.290000915527344,19.809600830078125,353300
2008-07-14,25.68000030517578,25.760000228881836,24.790000915527344,25.399999618530273,19.89575958251953,303300
2008-07-15,25.110000610351562,25.3700008392334,24.469999313354492,25.260000228881836,19.786102294921875,266300
2008-07-16,25.190000534057617,25.3700008392334,24.780000686645508,25.15999984741211,19.707775115966797,177300
2008-07-17,25.420000076293945,25.760000228881836,25.049999237060547,25.59000015258789,20.044588088989258,137000
2008-07-18,25.6299991607666,26.0,25.31999969482422,25.479999542236328,19.958431243896484,173500
2008-07-21,25.520000457763672,26.139999389648438,25.459999084472656,26.040000915527344,20.397079467773438,229600
2008-07-22,25.719999313354492,26.65999984741211,25.719999313354492,26.649999618530273,20.87489128112793,170600
2008-07-23,26.65999984741211,27.100000381469727,26.540000915527344,27.040000915527344,21.18037986755371,167800
2008-07-24,27.270000457763672,27.6299991607666,26.850000381469727,26.940000534057617,21.102039337158203,144200
2008-07-25,26.940000534057617,28.1299991607666,26.940000534057617,28.020000457763672,21.94800567626953,178300
2008-07-28,28.0,28.0,27.149999618530273,27.65999984741211,21.666017532348633,225400
2008-07-29,25.440000534057617,26.610000610351562,22.8799991607666,26.469999313354492,20.73389434814453,477300
2008-07-30,26.360000610351562,26.920000076293945,26.270000457763672,26.479999542236328,20.741737365722656,203300
2008-07-31,26.09000015258789,26.90999984741211,25.889999389648438,26.309999465942383,20.608562469482422,286700
2008-08-01,26.229999542236328,26.969999313354492,26.139999389648438,26.399999618530273,20.6790714263916,159800
2008-08-04,26.43000030517578,26.829999923706055,25.989999771118164,26.34000015258789,20.632061004638672,175900
2008-08-05,26.540000915527344,27.270000457763672,26.469999313354492,27.190000534057617,21.297870635986328,178300
2008-08-06,27.18000030517578,28.040000915527344,26.920000076293945,27.81999969482422,21.791343688964844,126600
2008-08-07,27.3799991607666,27.3799991607666,26.770000457763672,26.959999084472656,21.11771011352539,185400
2008-08-08,26.93000030517578,28.850000381469727,26.649999618530273,28.56999969482422,22.378814697265625,182500
2008-08-11,28.459999084472656,28.829999923706055,27.969999313354492,28.829999923706055,22.58248519897461,156400
2008-08-12,28.739999771118164,29.170000076293945,28.399999618530273,29.030000686645508,22.739139556884766,164400
2008-08-13,28.959999084472656,29.790000915527344,28.8700008392334,29.700000762939453,23.263944625854492,106500
2008-08-14,29.399999618530273,30.979999542236328,29.329999923706055,30.75,24.086406707763672,119000
2008-08-15,31.110000610351562,31.790000915527344,30.860000610351562,31.34000015258789,24.548545837402344,121100
2008-08-18,31.350000381469727,32.0,31.010000228881836,31.1200008392334,24.376232147216797,105500
2008-08-19,30.760000228881836,31.0,30.010000228881836,30.260000228881836,23.702592849731445,80100
2008-08-20,30.389999389648438,31.079999923706055,30.09000015258789,30.860000610351562,24.172571182250977,76500
2008-08-21,30.600000381469727,30.739999771118164,30.18000030517578,30.530000686645508,23.914079666137695,59100
2008-08-22,31.06999969482422,31.670000076293945,30.719999313354492,31.520000457763672,24.689552307128906,56400
2008-08-25,31.149999618530273,31.459999084472656,30.18000030517578,30.5,23.89058494567871,76500
2008-08-26,30.399999618530273,31.420000076293945,30.239999771118164,31.3799991607666,24.57988739013672,71900
2008-08-27,31.229999542236328,31.790000915527344,30.719999313354492,30.950000762939453,24.34391975402832,107700
2008-08-28,31.0,31.889999389648438,31.0,31.790000915527344,25.004629135131836,65100
2008-08-29,31.770000457763672,32.0,31.020000457763672,31.149999618530273,24.50123405456543,60400
2008-09-02,31.709999084472656,32.25,31.0,31.34000015258789,24.650676727294922,88100
2008-09-03,31.270000457763672,32.15999984741211,31.139999389648438,32.060001373291016,25.216999053955078,175100
2008-09-04,31.709999084472656,31.799999237060547,31.190000534057617,31.639999389648438,24.886638641357422,131900
2008-09-05,31.3700008392334,31.8799991607666,30.959999084472656,31.559999465942383,24.82372283935547,110600
2008-09-08,32.08000183105469,33.029998779296875,31.889999389648438,33.02000045776367,25.97209930419922,161800
2008-09-09,33.02000045776367,33.81999969482422,31.489999771118164,31.489999771118164,24.76865577697754,121600
2008-09-10,31.93000030517578,32.439998626708984,31.399999618530273,32.02000045776367,25.18553352355957,151100
2008-09-11,31.850000381469727,32.36000061035156,31.31999969482422,32.099998474121094,25.248458862304688,109000
2008-09-12,31.969999313354492,33.08000183105469,31.520000457763672,32.900001525878906,25.877710342407227,70800
2008-09-15,32.54999923706055,33.4900016784668,31.979999542236328,32.279998779296875,25.390045166015625,75500
2008-09-16,31.760000228881836,35.18000030517578,31.489999771118164,34.119998931884766,26.837310791015625,210800
2008-09-17,33.7599983215332,35.560001373291016,33.279998779296875,34.5099983215332,27.14406394958496,299400
2008-09-18,34.5,41.040000915527344,33.52000045776367,40.47999954223633,31.83980369567871,671200
2008-09-19,40.470001220703125,43.939998626708984,38.349998474121094,38.63999938964844,30.392541885375977,402400
2008-09-22,38.310001373291016,38.41999816894531,35.88999938964844,36.08000183105469,28.378955841064453,226900
2008-09-23,36.08000183105469,37.41999816894531,36.08000183105469,36.63999938964844,28.819435119628906,144800
2008-09-24,36.599998474121094,36.599998474121094,35.15999984741211,35.15999984741211,27.655324935913086,169400
2008-09-25,35.0,36.58000183105469,34.880001068115234,36.290000915527344,28.54413604736328,149100
2008-09-26,36.25,36.470001220703125,34.880001068115234,35.22999954223633,27.710376739501953,170800
2008-09-29,34.619998931884766,35.86000061035156,34.060001373291016,34.970001220703125,27.50588607788086,145500
2008-09-30,35.209999084472656,35.849998474121094,33.59000015258789,34.2599983215332,26.947423934936523,273700
2008-10-01,34.0,34.36000061035156,33.09000015258789,33.2599983215332,26.160865783691406,125200
2008-10-02,33.0099983215332,33.08000183105469,30.75,31.229999542236328,24.56415557861328,128200
2008-10-03,31.700000762939453,31.950000762939453,30.010000228881836,30.010000228881836,23.60455894470215,119500
2008-10-06,29.729999542236328,30.15999984741211,27.969999313354492,29.81999969482422,23.455108642578125,159800
2008-10-07,30.309999465942383,30.440000534057617,27.969999313354492,28.049999237060547,22.062910079956055,180700
2008-10-08,28.049999237060547,31.139999389648438,27.059999465942383,29.18000030517578,22.951719284057617,286700
2008-10-09,29.309999465942383,30.290000915527344,26.709999084472656,26.709999084472656,21.008913040161133,218300
2008-10-10,25.68000030517578,29.229999542236328,25.049999237060547,28.6200008392334,22.511245727539062,325900
2008-10-13,28.959999084472656,30.979999542236328,28.959999084472656,30.0,23.596694946289062,80500
2008-10-14,30.0,31.15999984741211,29.190000534057617,30.030000686645508,23.620290756225586,119800
2008-10-15,29.690000534057617,30.0,26.06999969482422,26.06999969482422,20.505523681640625,164300
2008-10-16,26.25,28.639999389648438,25.770000457763672,28.639999389648438,22.526973724365234,360300
2008-10-17,27.549999237060547,30.3700008392334,27.549999237060547,28.270000457763672,22.235952377319336,215700
2008-10-20,28.510000228881836,31.1200008392334,28.510000228881836,31.0,24.38324737548828,153000
2008-10-21,31.010000228881836,31.399999618530273,29.559999465942383,29.690000534057617,23.352859497070312,226800
2008-10-22,29.59000015258789,29.59000015258789,26.75,27.700000762939453,21.78760528564453,260200
2008-10-23,27.6299991607666,27.979999542236328,22.860000610351562,24.0,18.877349853515625,456300
2008-10-24,22.0,23.649999618530273,22.0,22.799999237060547,17.933483123779297,211100
2008-10-27,21.899999618530273,22.440000534057617,20.799999237060547,20.8700008392334,16.415437698364258,218000
2008-10-28,21.200000762939453,21.309999465942383,20.1299991607666,21.0,16.51767349243164,319800
2008-10-29,20.8799991607666,23.59000015258789,20.8799991607666,21.829999923706055,17.170528411865234,464000
2008-10-30,22.350000381469727,23.940000534057617,21.889999389648438,23.920000076293945,18.814430236816406,122500
2008-10-31,23.920000076293945,25.360000610351562,23.049999237060547,25.09000015258789,19.73470115661621,165700
2008-11-03,24.770000457763672,26.540000915527344,24.770000457763672,25.549999237060547,20.09652328491211,147000
2008-11-04,25.700000762939453,26.520000457763672,25.139999389648438,25.3700008392334,19.954938888549805,158600
2008-11-05,25.0,25.450000762939453,24.200000762939453,24.3799991607666,19.176244735717773,159900
2008-11-06,24.25,24.739999771118164,22.799999237060547,22.860000610351562,17.980690002441406,154400
2008-11-07,22.989999771118164,23.65999984741211,22.260000228881836,22.989999771118164,18.082929611206055,113600
2008-11-10,23.43000030517578,23.68000030517578,22.40999984741211,22.75,17.8941593170166,99200
2008-11-11,22.579999923706055,23.719999313354492,22.229999542236328,22.6299991607666,17.79977035522461,102800
2008-11-12,22.290000915527344,22.520000457763672,21.540000915527344,21.559999465942383,16.95815086364746,125200
2008-11-13,21.719999313354492,22.450000762939453,20.690000534057617,22.450000762939453,17.658185958862305,280800
2008-11-14,22.149999618530273,22.8799991607666,21.260000228881836,21.270000457763672,16.730051040649414,157400
2008-11-17,21.399999618530273,22.010000228881836,21.170000076293945,21.40999984741211,16.840177536010742,158800
2008-11-18,21.420000076293945,23.0,21.040000915527344,21.940000534057617,17.257047653198242,155200
2008-11-19,21.8700008392334,22.290000915527344,20.520000457763672,20.530000686645508,16.148006439208984,155700
2008-11-20,20.479999542236328,20.479999542236328,18.59000015258789,18.6200008392334,14.64568042755127,169000
2008-11-21,18.860000610351562,20.5,17.850000381469727,20.479999542236328,16.10867691040039,183900
2008-11-24,20.639999389648438,21.700000762939453,20.15999984741211,21.1299991607666,16.619937896728516,189000
2008-11-25,21.239999771118164,21.25,19.969999313354492,21.139999389648438,16.730741500854492,195700
2008-11-26,20.739999771118164,23.520000457763672,20.559999465942383,23.479999542236328,18.582672119140625,241600
2008-11-28,23.139999389648438,24.09000015258789,22.610000610351562,24.09000015258789,19.065441131591797,45600
2008-12-01,23.59000015258789,23.59000015258789,21.1200008392334,21.31999969482422,16.873197555541992,162400
2008-12-02,21.649999618530273,22.469999313354492,21.219999313354492,22.469999313354492,17.783329010009766,106700
2008-12-03,21.93000030517578,23.479999542236328,21.6299991607666,22.8799991607666,18.107805252075195,111900
2008-12-04,22.65999984741211,23.329999923706055,21.0,21.610000610351562,17.102706909179688,114100
2008-12-05,21.34000015258789,22.549999237060547,20.549999237060547,22.5,17.807083129882812,125800
2008-12-08,22.399999618530273,24.719999313354492,22.25,24.15999984741211,19.12084197998047,112000
2008-12-09,23.989999771118164,25.270000457763672,23.450000762939453,23.489999771118164,18.590579986572266,178900
2008-12-10,23.75,24.1299991607666,23.18000030517578,24.06999969482422,19.049617767333984,131400
2008-12-11,23.670000076293945,24.739999771118164,23.049999237060547,23.290000915527344,18.432296752929688,118600
2008-12-12,22.8700008392334,24.709999084472656,22.3700008392334,24.5,19.38992691040039,79300
2008-12-15,24.760000228881836,25.260000228881836,22.700000762939453,23.3700008392334,18.495616912841797,114300
2008-12-16,23.920000076293945,24.790000915527344,23.459999084472656,24.530000686645508,19.41366958618164,159100
2008-12-17,24.350000381469727,25.260000228881836,24.149999618530273,24.719999313354492,19.564041137695312,113200
2008-12-18,20.0,21.110000610351562,18.700000762939453,20.020000457763672,15.844340324401855,565800
2008-12-19,20.5,20.5,17.530000686645508,17.81999969482422,14.103199005126953,424700
2008-12-22,17.790000915527344,17.790000915527344,16.440000534057617,17.0,13.454237937927246,192900
2008-12-23,17.0,17.600000381469727,15.729999542236328,16.299999237060547,12.900233268737793,223200
2008-12-24,16.6200008392334,17.200000762939453,16.059999465942383,17.020000457763672,13.470059394836426,82200
2008-12-26,17.06999969482422,17.43000030517578,16.3700008392334,16.760000228881836,13.264291763305664,121300
2008-12-29,16.81999969482422,16.940000534057617,15.220000267028809,15.329999923706055,12.132552146911621,245400
2008-12-30,15.5,15.930000305175781,15.180000305175781,15.850000381469727,12.54409122467041,167500
2008-12-31,15.789999961853027,16.389999389648438,15.279999732971191,15.399999618530273,12.187952041625977,196400
2009-01-02,15.420000076293945,16.31999969482422,15.199999809265137,15.609999656677246,12.354154586791992,224700
2009-01-05,15.680000305175781,16.600000381469727,15.59000015258789,15.800000190734863,12.504526138305664,302000
2009-01-06,15.989999771118164,16.549999237060547,15.40999984741211,16.40999984741211,12.987295150756836,359000
2009-01-07,16.200000762939453,16.559999465942383,15.350000381469727,15.8100004196167,12.51244068145752,209800
2009-01-08,15.539999961853027,15.680000305175781,15.09000015258789,15.630000114440918,12.369979858398438,244000
2009-01-09,15.699999809265137,15.699999809265137,15.0,15.09000015258789,11.942610740661621,302500
2009-01-12,15.109999656677246,15.170000076293945,13.699999809265137,14.149999618530273,11.198671340942383,299300
2009-01-13,14.180000305175781,15.020000457763672,13.9399995803833,14.579999923706055,11.538983345031738,270800
2009-01-14,14.720000267028809,14.720000267028809,14.0,14.369999885559082,11.372786521911621,308600
2009-01-15,14.470000267028809,14.960000038146973,13.770000457763672,14.800000190734863,11.71310043334961,270800
2009-01-16,15.029999732971191,15.859999656677246,14.119999885559082,15.510000228881836,12.275012969970703,308000
2009-01-20,15.260000228881836,15.359999656677246,14.199999809265137,14.300000190734863,11.31738567352295,309400
2009-01-21,14.449999809265137,15.239999771118164,14.390000343322754,15.149999618530273,11.990094184875488,165600
2009-01-22,14.800000190734863,14.90999984741211,13.930000305175781,14.369999885559082,11.372786521911621,182800
2009-01-23,14.050000190734863,14.15999984741211,13.039999961853027,13.34000015258789,10.557615280151367,255000
2009-01-26,13.399999618530273,14.180000305175781,13.25,13.520000457763672,10.700072288513184,132200
2009-01-27,13.609999656677246,14.329999923706055,13.5600004196167,13.930000305175781,11.024558067321777,84500
2009-01-28,14.109999656677246,14.8100004196167,13.920000076293945,14.630000114440918,11.578559875488281,112800
2009-01-29,14.510000228881836,14.510000228881836,13.470000267028809,13.84000015258789,10.953327178955078,115500
2009-01-30,13.930000305175781,14.069999694824219,13.4399995803833,13.539999961853027,10.715898513793945,172200
2009-02-02,13.180000305175781,14.100000381469727,13.170000076293945,13.899999618530273,11.000813484191895,118100
2009-02-03,14.010000228881836,14.010000228881836,13.1899995803833,13.600000381469727,10.763388633728027,171700
2009-02-04,13.59000015258789,13.930000305175781,13.25,13.289999961853027,10.518044471740723,73900
2009-02-05,13.260000228881836,13.90999984741211,12.949999809265137,13.579999923706055,10.747556686401367,118400
2009-02-06,13.710000038146973,14.359999656677246,13.609999656677246,14.100000381469727,11.159098625183105,119500
2009-02-09,14.0,14.489999771118164,14.0,14.40999984741211,11.40444278717041,171400
2009-02-10,14.289999961853027,14.869999885559082,14.289999961853027,14.479999542236328,11.459842681884766,318100
2009-02-11,14.479999542236328,14.770000457763672,13.920000076293945,14.069999694824219,11.135357856750488,262300
2009-02-12,13.920000076293945,14.529999732971191,13.5600004196167,14.4399995803833,11.42818546295166,221300
2009-02-13,14.40999984741211,14.550000190734863,13.390000343322754,13.5,10.684246063232422,181900
2009-02-17,13.199999809265137,13.520000457763672,13.069999694824219,13.34000015258789,10.557615280151367,209400
2009-02-18,13.510000228881836,13.680000305175781,13.149999618530273,13.34000015258789,10.557615280151367,135400
2009-02-19,13.520000457763672,14.010000228881836,13.460000038146973,13.59000015258789,10.755475044250488,97500
2009-02-20,13.329999923706055,13.600000381469727,12.770000457763672,12.899999618530273,10.209389686584473,128700
2009-02-23,12.920000076293945,13.0600004196167,11.899999618530273,12.020000457763672,9.512938499450684,159000
2009-02-24,12.489999771118164,12.489999771118164,11.399999618530273,11.859999656677246,9.386306762695312,311000
2009-02-25,11.720000267028809,11.720000267028809,10.539999961853027,11.039999961853027,8.8341703414917,264700
2009-02-26,11.069999694824219,11.180000305175781,9.979999542236328,10.079999923706055,8.065980911254883,279100
2009-02-27,10.039999961853027,10.680000305175781,9.84000015258789,9.859999656677246,7.88994026184082,212900
2009-03-02,9.760000228881836,9.760000228881836,9.09000015258789,9.140000343322754,7.313799858093262,187400
2009-03-03,9.25,9.369999885559082,8.260000228881836,8.34000015258789,6.673641204833984,233100
2009-03-04,8.5,8.979999542236328,8.25,8.75,7.001721382141113,212600
2009-03-05,8.510000228881836,8.770000457763672,8.100000381469727,8.300000190734863,6.641633033752441,224700
2009-03-06,8.369999885559082,8.430000305175781,8.020000457763672,8.229999542236328,6.585617542266846,131200
2009-03-09,8.119999885559082,8.270000457763672,7.650000095367432,7.739999771118164,6.193521976470947,108500
2009-03-10,7.949999809265137,8.260000228881836,7.860000133514404,8.25,6.601624488830566,138300
2009-03-11,8.279999732971191,8.279999732971191,7.610000133514404,7.980000019073486,6.385570526123047,115400
2009-03-12,7.920000076293945,8.449999809265137,7.659999847412109,8.369999885559082,6.697646617889404,170000
2009-03-13,8.449999809265137,8.520000457763672,8.199999809265137,8.4399995803833,6.753661155700684,100400
2009-03-16,8.489999771118164,8.710000038146973,7.829999923706055,8.0600004196167,6.449585914611816,176300
2009-03-17,8.039999961853027,8.15999984741211,7.820000171661377,8.15999984741211,6.529604911804199,164900
2009-03-18,8.140000343322754,8.829999923706055,8.0600004196167,8.770000457763672,7.017724990844727,237700
2009-03-19,8.90999984741211,9.130000114440918,8.770000457763672,8.850000381469727,7.08173942565918,93000
2009-03-20,8.9399995803833,9.0600004196167,8.229999542236328,8.239999771118164,6.593620300292969,110900
2009-03-23,8.489999771118164,9.930000305175781,8.4399995803833,9.930000305175781,7.945955276489258,134500
2009-03-24,9.960000038146973,10.15999984741211,9.270000457763672,9.289999961853027,7.433830738067627,130700
2009-03-25,9.390000343322754,10.079999923706055,9.010000228881836,9.710000038146973,7.769908428192139,135900
2009-03-26,9.800000190734863,10.210000038146973,9.420000076293945,10.180000305175781,8.146002769470215,142000
2009-03-27,9.90999984741211,10.020000457763672,9.449999809265137,9.479999542236328,7.58586311340332,99100
2009-03-30,9.1899995803833,9.449999809265137,8.859999656677246,9.380000114440918,7.505848407745361,106200
2009-03-31,9.470000267028809,9.619999885559082,9.079999923706055,9.369999885559082,7.497844696044922,145200
2009-04-01,9.140000343322754,9.970000267028809,9.050000190734863,9.890000343322754,7.913944721221924,107100
2009-04-02,10.029999732971191,11.1899995803833,9.90999984741211,10.649999618530273,8.5220947265625,172700
2009-04-03,10.649999618530273,10.949999809265137,10.399999618530273,10.739999771118164,8.594110488891602,77600
2009-04-06,10.699999809265137,10.869999885559082,10.210000038146973,10.84000015258789,8.674131393432617,100700
2009-04-07,10.65999984741211,10.960000038146973,10.0,10.029999732971191,8.025971412658691,63400
2009-04-08,10.069999694824219,11.369999885559082,10.069999694824219,11.069999694824219,8.858177185058594,91400
2009-04-09,11.5,12.09000015258789,11.34000015258789,11.899999618530273,9.52234172821045,130300
2009-04-13,11.949999809265137,12.640000343322754,11.75,12.460000038146973,9.970454216003418,122800
2009-04-14,12.319999694824219,13.180000305175781,11.84000015258789,12.050000190734863,9.642370223999023,212100
2009-04-15,11.989999771118164,12.989999771118164,11.989999771118164,12.920000076293945,10.338542938232422,127700
2009-04-16,13.0,14.710000038146973,12.649999618530273,13.989999771118164,11.194751739501953,179100
2009-04-17,14.029999732971191,14.229999542236328,13.8100004196167,14.079999923706055,11.266767501831055,132800
2009-04-20,13.75,13.75,12.899999618530273,13.020000457763672,10.418564796447754,129200
2009-04-21,12.960000038146973,14.050000190734863,12.829999923706055,14.010000228881836,11.210755348205566,200700
2009-04-22,13.760000228881836,15.0,13.760000228881836,14.380000114440918,11.506831169128418,214100
2009-04-23,14.430000305175781,14.680000305175781,14.199999809265137,14.329999923706055,11.466815948486328,239400
2009-04-24,14.5,15.220000267028809,14.319999694824219,14.899999618530273,11.922934532165527,191200
2009-04-27,14.65999984741211,14.75,14.069999694824219,14.430000305175781,11.54683780670166,120400
2009-04-28,14.25,14.680000305175781,14.220000267028809,14.289999961853027,11.434807777404785,229400
2009-04-29,14.369999885559082,15.579999923706055,14.359999656677246,15.140000343322754,12.114980697631836,157500
2009-04-30,15.220000267028809,15.890000343322754,14.770000457763672,14.869999885559082,11.89892578125,208000
2009-05-01,14.84000015258789,15.970000267028809,14.5,15.449999809265137,12.363040924072266,225100
2009-05-04,15.430000305175781,16.43000030517578,15.329999923706055,16.389999389648438,13.115220069885254,199900
2009-05-05,16.239999771118164,16.479999542236328,15.640000343322754,16.06999969482422,12.859159469604492,109600
2009-05-06,16.270000457763672,16.489999771118164,15.300000190734863,16.280000686645508,13.027207374572754,129100
2009-05-07,16.68000030517578,17.399999618530273,16.450000762939453,16.549999237060547,13.243252754211426,154000
2009-05-08,16.799999237060547,19.489999771118164,16.709999084472656,19.31999969482422,15.459803581237793,148700
2009-05-11,19.31999969482422,20.3700008392334,19.030000686645508,19.540000915527344,15.635848045349121,132900
2009-05-12,19.559999465942383,19.559999465942383,18.450000762939453,19.079999923706055,15.26775074005127,107800
2009-05-13,18.700000762939453,18.700000762939453,17.540000915527344,17.950000762939453,14.363529205322266,111700
2009-05-14,17.829999923706055,18.719999313354492,17.670000076293945,17.780000686645508,14.227496147155762,100100
2009-05-15,17.709999084472656,18.209999084472656,17.5,17.670000076293945,14.139474868774414,121400
2009-05-18,18.350000381469727,19.3700008392334,18.059999465942383,19.299999237060547,15.443801879882812,116300
2009-05-19,19.15999984741211,19.709999084472656,18.979999542236328,19.09000015258789,15.275755882263184,77600
2009-05-20,19.309999465942383,20.0,19.25,19.360000610351562,15.491800308227539,138400
2009-05-21,19.010000228881836,19.690000534057617,18.479999542236328,18.93000030517578,15.147726058959961,69100
2009-05-22,19.0,19.0,17.950000762939453,17.969999313354492,14.379533767700195,46200
2009-05-26,17.950000762939453,19.540000915527344,17.729999542236328,19.479999542236328,15.587828636169434,122600
2009-05-27,19.299999237060547,19.81999969482422,18.899999618530273,18.950000762939453,15.265602111816406,95600
2009-05-28,19.389999389648438,19.43000030517578,18.219999313354492,19.239999771118164,15.499218940734863,81600
2009-05-29,19.239999771118164,19.239999771118164,17.84000015258789,18.270000457763672,14.717818260192871,103600
2009-06-01,18.700000762939453,19.8799991607666,18.700000762939453,19.540000915527344,15.74089527130127,111200
2009-06-02,19.3799991607666,21.239999771118164,19.3799991607666,21.030000686645508,16.941194534301758,116600
2009-06-03,20.899999618530273,21.09000015258789,19.549999237060547,20.209999084472656,16.280630111694336,128600
2009-06-04,20.399999618530273,21.40999984741211,20.399999618530273,21.260000228881836,17.126474380493164,54600
2009-06-05,21.40999984741211,21.700000762939453,20.799999237060547,21.0,16.917024612426758,149300
2009-06-08,21.030000686645508,21.030000686645508,19.700000762939453,19.93000030517578,16.055063247680664,176100
2009-06-09,20.139999389648438,20.56999969482422,20.030000686645508,20.190000534057617,16.26451873779297,111000
2009-06-10,20.440000534057617,20.670000076293945,19.600000381469727,20.239999771118164,16.304792404174805,128300
2009-06-11,20.280000686645508,20.690000534057617,19.780000686645508,19.899999618530273,16.030895233154297,107300
2009-06-12,19.790000915527344,19.93000030517578,19.0,19.450000762939453,15.668391227722168,77600
2009-06-15,19.299999237060547,19.299999237060547,18.0,18.579999923706055,14.967548370361328,87000
2009-06-16,18.8799991607666,19.1299991607666,18.100000381469727,18.25,14.701704025268555,102600
2009-06-17,18.290000915527344,18.65999984741211,17.809999465942383,18.25,14.701704025268555,100100
2009-06-18,18.270000457763672,19.200000762939453,18.260000228881836,18.75,15.104486465454102,49900
2009-06-19,19.0,19.0,17.579999923706055,17.649999618530273,14.218362808227539,179100
2009-06-22,17.200000762939453,17.760000228881836,16.270000457763672,16.459999084472656,13.259725570678711,94000
2009-06-23,16.56999969482422,17.290000915527344,16.360000610351562,16.770000457763672,13.509452819824219,68300
2009-06-24,16.979999542236328,17.799999237060547,16.600000381469727,16.799999237060547,13.533622741699219,55700
2009-06-25,16.709999084472656,17.799999237060547,16.709999084472656,17.59000015258789,14.170022964477539,90200
2009-06-26,17.520000457763672,18.190000534057617,17.3700008392334,18.170000076293945,14.637252807617188,269800
2009-06-29,18.170000076293945,18.760000228881836,17.65999984741211,18.190000534057617,14.65336799621582,91200
2009-06-30,18.260000228881836,18.790000915527344,18.010000228881836,18.389999389648438,14.814481735229492,96700
2009-07-01,18.489999771118164,19.399999618530273,18.489999771118164,18.809999465942383,15.15281867980957,65200
2009-07-02,18.40999984741211,18.65999984741211,17.399999618530273,17.399999618530273,14.01696491241455,81000
2009-07-06,17.31999969482422,17.540000915527344,16.709999084472656,17.450000762939453,14.05724048614502,91800
2009-07-07,17.40999984741211,17.56999969482422,16.700000762939453,16.729999542236328,13.477230072021484,74800
2009-07-08,16.850000381469727,16.850000381469727,15.90999984741211,16.440000534057617,13.243610382080078,96700
2009-07-09,16.610000610351562,16.610000610351562,15.880000114440918,15.880000114440918,12.792496681213379,65800
2009-07-10,15.739999771118164,16.18000030517578,15.300000190734863,15.789999961853027,12.719991683959961,84100
2009-07-13,15.789999961853027,16.440000534057617,15.430000305175781,16.299999237060547,13.13083267211914,87600
2009-07-14,16.34000015258789,16.649999618530273,16.030000686645508,16.239999771118164,13.082501411437988,87400
2009-07-15,16.540000915527344,17.6200008392334,16.540000915527344,17.489999771118164,14.089468002319336,121800
2009-07-16,16.510000228881836,17.81999969482422,16.510000228881836,17.459999084472656,14.06529426574707,104600
2009-07-17,17.489999771118164,17.510000228881836,17.100000381469727,17.200000762939453,13.855849266052246,90100
2009-07-20,17.389999389648438,17.649999618530273,17.209999084472656,17.5,14.097521781921387,56100
2009-07-21,17.690000534057617,17.850000381469727,17.110000610351562,17.389999389648438,14.008906364440918,55800
2009-07-22,17.350000381469727,17.3700008392334,16.229999542236328,16.450000762939453,13.251670837402344,92900
2009-07-23,16.600000381469727,17.81999969482422,16.600000381469727,17.31999969482422,13.952521324157715,91100
2009-07-24,17.229999542236328,17.979999542236328,16.6299991607666,17.90999984741211,14.427811622619629,56300
2009-07-27,17.93000030517578,18.049999237060547,16.690000534057617,17.899999618530273,14.41975212097168,99200
2009-07-28,17.75,18.549999237060547,17.31999969482422,18.040000915527344,14.532529830932617,59700
2009-07-29,17.809999465942383,18.270000457763672,17.709999084472656,18.1299991607666,14.605030059814453,60200
2009-07-30,18.6299991607666,20.739999771118164,18.6299991607666,20.270000457763672,16.328960418701172,152700
2009-07-31,20.600000381469727,22.25,20.600000381469727,21.940000534057617,17.674264907836914,221800
2009-08-03,22.260000228881836,24.549999237060547,22.260000228881836,24.219999313354492,19.510961532592773,184400
2009-08-04,23.989999771118164,27.579999923706055,23.530000686645508,27.549999237060547,22.193527221679688,196500
2009-08-05,27.530000686645508,27.540000915527344,26.0,26.799999237060547,21.589351654052734,152800
2009-08-06,27.0,27.350000381469727,26.420000076293945,26.65999984741211,21.476572036743164,124500
2009-08-07,27.25,29.0,26.899999618530273,28.18000030517578,22.70103645324707,110800
2009-08-10,28.059999465942383,28.18000030517578,27.110000610351562,27.5,22.153249740600586,80200
2009-08-11,27.260000228881836,28.530000686645508,26.31999969482422,28.239999771118164,22.749374389648438,86800
2009-08-12,28.0,29.329999923706055,27.790000915527344,28.299999237060547,22.797704696655273,145100
2009-08-13,28.31999969482422,29.489999771118164,27.700000762939453,27.8799991607666,22.459365844726562,140200
2009-08-14,27.920000076293945,27.989999771118164,25.329999923706055,26.469999313354492,21.323509216308594,135100
2009-08-17,26.010000228881836,26.010000228881836,24.549999237060547,25.360000610351562,20.42932891845703,103400
2009-08-18,25.5,26.90999984741211,25.5,26.459999084472656,21.315458297729492,87300
2009-08-19,26.1200008392334,26.670000076293945,25.81999969482422,26.3700008392334,21.242944717407227,49100
2009-08-20,26.3799991607666,26.700000762939453,26.229999542236328,26.5,21.347684860229492,56800
2009-08-21,26.969999313354492,27.1299991607666,26.549999237060547,26.75,21.549072265625,91200
2009-08-24,26.889999389648438,26.950000762939453,26.18000030517578,26.600000381469727,21.428226470947266,84200
2009-08-25,26.670000076293945,27.020000457763672,26.350000381469727,26.479999542236328,21.331562042236328,96300
2009-08-26,26.31999969482422,26.700000762939453,25.68000030517578,26.600000381469727,21.428226470947266,57100
2009-08-27,26.270000457763672,26.270000457763672,24.610000610351562,25.899999618530273,20.966800689697266,65600
2009-08-28,26.010000228881836,26.170000076293945,25.260000228881836,25.649999618530273,20.764421463012695,92800
2009-08-31,25.31999969482422,25.950000762939453,24.940000534057617,25.56999969482422,20.699657440185547,119800
2009-09-01,25.309999465942383,26.799999237060547,24.860000610351562,25.450000762939453,20.602516174316406,238100
2009-09-02,25.25,26.079999923706055,24.920000076293945,25.59000015258789,20.715843200683594,223200
2009-09-03,25.84000015258789,26.309999465942383,25.290000915527344,26.0,21.047758102416992,81600
2009-09-04,26.0,26.270000457763672,25.110000610351562,25.3799991607666,20.545839309692383,70600
2009-09-08,25.59000015258789,26.0,25.09000015258789,25.489999771118164,20.634897232055664,105100
2009-09-09,25.549999237060547,26.700000762939453,25.5,25.920000076293945,20.982995986938477,67600
2009-09-10,25.81999969482422,26.59000015258789,25.260000228881836,26.420000076293945,21.387760162353516,60200
2009-09-11,26.420000076293945,26.920000076293945,26.389999389648438,26.59000015258789,21.525379180908203,48700
2009-09-14,26.350000381469727,27.209999084472656,25.90999984741211,27.149999618530273,21.978713989257812,70900
2009-09-15,27.010000228881836,27.639999389648438,26.559999465942383,27.3700008392334,22.15681266784668,97600
2009-09-16,27.3799991607666,28.0,27.149999618530273,27.899999618530273,22.585859298706055,66200
2009-09-17,27.940000534057617,28.1299991607666,27.65999984741211,28.06999969482422,22.72347640991211,138200
2009-09-18,28.190000534057617,28.5,27.809999465942383,28.239999771118164,22.861103057861328,209600
2009-09-21,27.860000610351562,28.059999465942383,27.420000076293945,27.860000610351562,22.553483963012695,79200
2009-09-22,28.170000076293945,28.399999618530273,27.3799991607666,27.420000076293945,22.197284698486328,72300
2009-09-23,27.420000076293945,29.270000457763672,26.940000534057617,28.5,23.071578979492188,184900
2009-09-24,28.5,28.690000534057617,27.450000762939453,28.579999923706055,23.13633918762207,129500
2009-09-25,28.5,28.799999237060547,28.010000228881836,28.68000030517578,23.217288970947266,86200
2009-09-28,28.75,28.979999542236328,28.6200008392334,28.81999969482422,23.330629348754883,101800
2009-09-29,28.799999237060547,31.229999542236328,28.799999237060547,30.790000915527344,24.92539405822754,165800
2009-09-30,30.899999618530273,31.260000228881836,28.790000915527344,29.059999465942383,23.52490997314453,157500
2009-10-01,28.969999313354492,28.969999313354492,27.219999313354492,27.219999313354492,22.035383224487305,85800
2009-10-02,27.0,27.0,26.139999389648438,26.34000015258789,21.3229923248291,100500
2009-10-05,26.399999618530273,27.920000076293945,26.399999618530273,27.360000610351562,22.148712158203125,79900
2009-10-06,27.56999969482422,29.799999237060547,27.56999969482422,29.780000686645508,24.10777473449707,154400
2009-10-07,29.729999542236328,29.799999237060547,29.149999618530273,29.790000915527344,24.115867614746094,156400
2009-10-08,29.799999237060547,30.68000030517578,29.700000762939453,29.799999237060547,24.123973846435547,116900
2009-10-09,29.8700008392334,30.020000457763672,29.389999389648438,29.829999923706055,24.148258209228516,53000
2009-10-12,29.829999923706055,29.969999313354492,29.450000762939453,29.690000534057617,24.034915924072266,116100
2009-10-13,29.729999542236328,29.969999313354492,29.31999969482422,29.799999237060547,24.123973846435547,110100
2009-10-14,30.139999389648438,30.489999771118164,29.68000030517578,30.049999237060547,24.326353073120117,63100
2009-10-15,29.989999771118164,30.09000015258789,29.040000915527344,30.049999237060547,24.326353073120117,55100
2009-10-16,29.899999618530273,29.899999618530273,28.389999389648438,29.209999084472656,23.646343231201172,89400
2009-10-19,29.56999969482422,30.030000686645508,28.989999771118164,29.93000030517578,24.229209899902344,130700
2009-10-20,30.06999969482422,30.200000762939453,28.59000015258789,28.899999618530273,23.3953914642334,81300
2009-10-21,28.719999313354492,29.829999923706055,28.56999969482422,28.709999084472656,23.2415828704834,103700
2009-10-22,28.56999969482422,30.200000762939453,27.93000030517578,29.68000030517578,24.026817321777344,104100
2009-10-23,29.709999084472656,29.950000762939453,28.309999465942383,28.93000030517578,23.419668197631836,127900
2009-10-26,28.93000030517578,29.719999313354492,27.989999771118164,28.56999969482422,23.128238677978516,82300
2009-10-27,29.030000686645508,33.369998931884766,29.030000686645508,31.920000076293945,25.840167999267578,348600
2009-10-28,31.770000457763672,31.770000457763672,28.850000381469727,29.030000686645508,23.50063133239746,166300
2009-10-29,29.280000686645508,29.479999542236328,27.889999389648438,28.06999969482422,22.72347640991211,103500
2009-10-30,27.959999084472656,28.010000228881836,25.709999084472656,26.65999984741211,21.58204460144043,225400
2009-11-02,26.780000686645508,27.709999084472656,25.989999771118164,26.719999313354492,21.630619049072266,83200
2009-11-03,26.399999618530273,27.079999923706055,26.1299991607666,26.84000015258789,21.727764129638672,111700
2009-11-04,27.059999465942383,27.31999969482422,26.049999237060547,26.15999984741211,21.177282333374023,98300
2009-11-05,26.530000686645508,28.510000228881836,26.079999923706055,28.440000534057617,23.023006439208984,141800
2009-11-06,28.469999313354492,29.5,28.209999084472656,29.149999618530273,23.597768783569336,129400
2009-11-09,29.530000686645508,29.75,28.860000610351562,29.360000610351562,23.76777458190918,61200
2009-11-10,29.030000686645508,29.610000610351562,27.6299991607666,28.59000015258789,23.144437789916992,97000
2009-11-11,28.770000457763672,29.59000015258789,28.510000228881836,29.18000030517578,23.62206268310547,58000
2009-11-12,29.040000915527344,29.399999618530273,28.709999084472656,28.969999313354492,23.45205307006836,112300
2009-11-13,29.010000228881836,29.760000228881836,28.739999771118164,29.469999313354492,23.85681915283203,60700
2009-11-16,29.84000015258789,30.729999542236328,29.649999618530273,30.65999984741211,24.82015609741211,109600
2009-11-17,30.540000915527344,30.610000610351562,29.639999389648438,30.049999237060547,24.326353073120117,66200
2009-11-18,29.979999542236328,30.25,29.649999618530273,30.0,24.285869598388672,138400
2009-11-19,29.520000457763672,29.549999237060547,28.209999084472656,28.489999771118164,23.063480377197266,110600
2009-11-20,28.219999313354492,28.549999237060547,27.639999389648438,27.969999313354492,22.64252281188965,93600
2009-11-23,28.489999771118164,29.690000534057617,28.15999984741211,28.520000457763672,23.087772369384766,116000
2009-11-24,28.6200008392334,28.760000228881836,27.270000457763672,28.309999465942383,22.917762756347656,83000
2009-11-25,28.3799991607666,28.760000228881836,27.850000381469727,28.450000762939453,23.145566940307617,78500
2009-11-27,27.280000686645508,27.790000915527344,27.06999969482422,27.06999969482422,22.02286148071289,38600
2009-11-30,27.049999237060547,27.31999969482422,25.809999465942383,27.219999313354492,22.144893646240234,121900
2009-12-01,27.579999923706055,28.1299991607666,27.260000228881836,27.700000762939453,22.5353946685791,130200
2009-12-02,27.860000610351562,29.0,27.860000610351562,28.770000457763672,23.405899047851562,171700
2009-12-03,28.979999542236328,29.1299991607666,27.649999618530273,27.75,22.576068878173828,122700
2009-12-04,28.239999771118164,29.3700008392334,28.049999237060547,28.610000610351562,23.27573013305664,180800
2009-12-07,28.6299991607666,29.219999313354492,28.049999237060547,29.18000030517578,23.739456176757812,72700
2009-12-08,28.860000610351562,29.1200008392334,28.59000015258789,28.809999465942383,23.438438415527344,95000
2009-12-09,28.829999923706055,29.06999969482422,28.0,28.90999984741211,23.51979637145996,71100
2009-12-10,29.0,29.309999465942383,28.079999923706055,28.25,22.982845306396484,48200
2009-12-11,28.579999923706055,28.860000610351562,28.25,28.709999084472656,23.357088088989258,34100
2009-12-14,28.8799991607666,29.790000915527344,28.1200008392334,29.770000457763672,24.21945571899414,41400
2009-12-15,29.770000457763672,29.770000457763672,28.209999084472656,28.450000762939453,23.145566940307617,101800
2009-12-16,28.790000915527344,29.06999969482422,28.06999969482422,28.1299991607666,22.885231018066406,186300
2009-12-17,28.079999923706055,28.1299991607666,26.940000534057617,27.209999084472656,22.136754989624023,118100
2009-12-18,27.290000915527344,27.81999969482422,25.719999313354492,26.780000686645508,21.78693199157715,180100
2009-12-21,26.899999618530273,27.479999542236328,26.75,26.850000381469727,21.84388542175293,52100
2009-12-22,26.829999923706055,27.40999984741211,26.81999969482422,26.959999084472656,21.933366775512695,64600
2009-12-23,27.219999313354492,27.389999389648438,26.68000030517578,26.959999084472656,21.933366775512695,43900
2009-12-24,27.139999389648438,27.559999465942383,26.959999084472656,27.5,22.372678756713867,28200
2009-12-28,27.540000915527344,27.540000915527344,26.959999084472656,27.1299991607666,22.071666717529297,18000
2009-12-29,27.25,27.25,26.68000030517578,27.020000457763672,21.982181549072266,23500
2009-12-30,26.799999237060547,27.149999618530273,26.40999984741211,26.81999969482422,21.819477081298828,39100
2009-12-31,26.719999313354492,27.1299991607666,26.110000610351562,26.190000534057617,21.30693244934082,51500
2010-01-04,26.559999465942383,27.600000381469727,26.559999465942383,27.530000686645508,22.397104263305664,36800
2010-01-05,27.399999618530273,27.399999618530273,26.649999618530273,26.969999313354492,21.94150733947754,49300
2010-01-06,26.989999771118164,27.200000762939453,26.420000076293945,26.559999465942383,21.60794448852539,43500
2010-01-07,26.610000610351562,27.049999237060547,26.309999465942383,26.860000610351562,21.852014541625977,31000
2010-01-08,26.670000076293945,27.100000381469727,26.459999084472656,26.860000610351562,21.852014541625977,39100
2010-01-11,26.969999313354492,27.889999389648438,26.790000915527344,27.670000076293945,22.510990142822266,72800
2010-01-12,27.34000015258789,27.75,26.709999084472656,26.90999984741211,21.89268684387207,28300
2010-01-13,27.040000915527344,27.3799991607666,26.18000030517578,27.170000076293945,22.104206085205078,37000
2010-01-14,27.139999389648438,27.139999389648438,26.690000534057617,26.989999771118164,21.95777130126953,31500
2010-01-15,27.1200008392334,27.1200008392334,25.809999465942383,26.1200008392334,21.24998664855957,60200
2010-01-19,26.260000228881836,26.579999923706055,25.809999465942383,26.43000030517578,21.50218391418457,41300
2010-01-20,26.079999923706055,26.079999923706055,24.709999084472656,25.729999542236328,20.93269920349121,89300
2010-01-21,25.739999771118164,25.739999771118164,24.700000762939453,24.700000762939453,20.094745635986328,98700
2010-01-22,24.649999618530273,25.170000076293945,23.950000762939453,24.06999969482422,19.58220672607422,69500
2010-01-25,24.350000381469727,24.479999542236328,23.200000762939453,24.270000457763672,19.744911193847656,72600
2010-01-26,24.200000762939453,24.209999084472656,23.690000534057617,24.0,19.525259017944336,115100
2010-01-27,23.770000457763672,24.549999237060547,23.469999313354492,24.530000686645508,19.956436157226562,35800
2010-01-28,24.65999984741211,24.829999923706055,23.170000076293945,23.920000076293945,19.460166931152344,72500
2010-01-29,24.09000015258789,24.469999313354492,23.780000686645508,23.93000030517578,19.46830940246582,67500
2010-02-01,23.989999771118164,24.469999313354492,23.969999313354492,24.18000030517578,19.671693801879883,43900
2010-02-02,24.1299991607666,24.459999084472656,23.950000762939453,24.139999389648438,19.639150619506836,61600
2010-02-03,23.950000762939453,24.100000381469727,23.489999771118164,23.649999618530273,19.24051284790039,57700
2010-02-04,23.3700008392334,23.440000534057617,22.420000076293945,22.5,18.304927825927734,77800
2010-02-05,22.6299991607666,23.06999969482422,21.799999237060547,22.950000762939453,18.6710205078125,53400
2010-02-08,22.860000610351562,22.860000610351562,21.81999969482422,21.84000015258789,17.767976760864258,36600
2010-02-09,22.239999771118164,22.479999542236328,21.739999771118164,22.190000534057617,18.05272674560547,117100
2010-02-10,22.040000915527344,22.850000381469727,21.610000610351562,22.809999465942383,18.557132720947266,50200
2010-02-11,22.649999618530273,23.530000686645508,22.209999084472656,23.3799991607666,19.020854949951172,112800
2010-02-12,23.09000015258789,23.969999313354492,22.889999389648438,23.770000457763672,19.338138580322266,121400
2010-02-16,23.950000762939453,24.389999389648438,23.40999984741211,24.389999389648438,19.842538833618164,86500
2010-02-17,24.559999465942383,25.020000457763672,24.329999923706055,24.549999237060547,19.97270393371582,59500
2010-02-18,24.229999542236328,24.799999237060547,24.229999542236328,24.6200008392334,20.029659271240234,67500
2010-02-19,24.610000610351562,25.739999771118164,24.600000381469727,25.68000030517578,20.89202117919922,128300
2010-02-22,25.639999389648438,26.049999237060547,25.399999618530273,25.68000030517578,20.89202117919922,52300
2010-02-23,25.469999313354492,25.469999313354492,22.329999923706055,23.260000228881836,18.923229217529297,720500
2010-02-24,23.229999542236328,23.969999313354492,22.790000915527344,23.780000686645508,19.46341896057129,192700
2010-02-25,23.309999465942383,24.469999313354492,22.780000686645508,24.209999084472656,19.81536865234375,380900
2010-02-26,24.209999084472656,24.219999313354492,23.600000381469727,23.860000610351562,19.528902053833008,72200
2010-03-01,24.09000015258789,24.5,23.940000534057617,24.420000076293945,19.987245559692383,81500
2010-03-02,24.540000915527344,25.6200008392334,24.540000915527344,25.479999542236328,20.854843139648438,125600
2010-03-03,25.610000610351562,25.829999923706055,25.030000686645508,25.229999542236328,20.65022087097168,120800
2010-03-04,25.31999969482422,25.719999313354492,25.309999465942383,25.700000762939453,21.03490447998047,65500
2010-03-05,25.829999923706055,27.030000686645508,25.829999923706055,27.030000686645508,22.12347412109375,110100
2010-03-08,26.940000534057617,27.1299991607666,26.739999771118164,26.799999237060547,21.935224533081055,77500
2010-03-09,26.600000381469727,26.90999984741211,26.299999237060547,26.399999618530273,21.607833862304688,64700
2010-03-10,26.31999969482422,26.989999771118164,25.8799991607666,26.43000030517578,21.632387161254883,41700
2010-03-11,26.170000076293945,26.68000030517578,25.81999969482422,26.610000610351562,21.779720306396484,65000
2010-03-12,26.81999969482422,26.90999984741211,26.309999465942383,26.860000610351562,21.984338760375977,41000
2010-03-15,26.860000610351562,27.209999084472656,26.770000457763672,27.149999618530273,22.221696853637695,75000
2010-03-16,27.350000381469727,28.350000381469727,27.209999084472656,27.75,22.712778091430664,176900
2010-03-17,27.959999084472656,28.700000762939453,27.81999969482422,28.3799991607666,23.228422164916992,66700
2010-03-18,28.350000381469727,28.579999923706055,28.030000686645508,28.3700008392334,23.22024154663086,45100
2010-03-19,28.3799991607666,28.579999923706055,28.040000915527344,28.3799991607666,23.228422164916992,149900
2010-03-22,28.139999389648438,28.56999969482422,27.770000457763672,27.860000610351562,22.80281639099121,126800
2010-03-23,27.790000915527344,28.40999984741211,27.770000457763672,28.040000915527344,22.950138092041016,138000
2010-03-24,27.959999084472656,28.049999237060547,26.799999237060547,26.860000610351562,21.984338760375977,234200
2010-03-25,27.15999984741211,27.899999618530273,26.3799991607666,26.40999984741211,21.616018295288086,77900
2010-03-26,26.610000610351562,26.940000534057617,25.93000030517578,26.020000457763672,21.296815872192383,90300
2010-03-29,26.18000030517578,27.0,25.889999389648438,26.90999984741211,22.02525520324707,134600
2010-03-30,27.030000686645508,27.950000762939453,26.950000762939453,27.790000915527344,22.74551773071289,55200
2010-03-31,27.700000762939453,28.0,27.34000015258789,27.389999389648438,22.418127059936523,110200
2010-04-01,27.68000030517578,28.0,26.5,27.170000076293945,22.238059997558594,36400
2010-04-05,27.399999618530273,28.56999969482422,27.399999618530273,28.56999969482422,23.383934020996094,50100
2010-04-06,28.299999237060547,28.8700008392334,28.06999969482422,28.6200008392334,23.424861907958984,42700
2010-04-07,28.489999771118164,28.670000076293945,27.8700008392334,28.15999984741211,23.048358917236328,42400
2010-04-08,27.93000030517578,28.440000534057617,27.540000915527344,28.309999465942383,23.171133041381836,24500
2010-04-09,28.299999237060547,28.520000457763672,27.84000015258789,28.489999771118164,23.318450927734375,31500
2010-04-12,28.459999084472656,28.729999542236328,28.110000610351562,28.729999542236328,23.51488494873047,39200
2010-04-13,31.020000457763672,33.400001525878906,31.020000457763672,33.13999938964844,27.124378204345703,427100
2010-04-14,33.560001373291016,33.70000076293945,32.709999084472656,33.59000015258789,27.492700576782227,198100
2010-04-15,33.66999816894531,34.15999984741211,33.36000061035156,33.959999084472656,27.795530319213867,93800
2010-04-16,33.939998626708984,34.150001525878906,33.25,33.959999084472656,27.795530319213867,110200
2010-04-19,33.65999984741211,34.099998474121094,33.369998931884766,33.72999954223633,27.607284545898438,41500
2010-04-20,34.04999923706055,34.279998779296875,33.61000061035156,34.27000045776367,28.049264907836914,38600
2010-04-21,34.38999938964844,34.4900016784668,33.7400016784668,34.34000015258789,28.10655975341797,34200
2010-04-22,33.650001525878906,35.0,33.06999969482422,34.86000061035156,28.532167434692383,81500
2010-04-23,35.0,35.70000076293945,34.709999084472656,35.560001373291016,29.105104446411133,86300
2010-04-26,35.68000030517578,36.58000183105469,34.5099983215332,34.95000076293945,28.60582733154297,66200
2010-04-27,34.630001068115234,35.790000915527344,34.150001525878906,34.279998779296875,28.057456970214844,87700
2010-04-28,34.5,35.310001373291016,34.290000915527344,34.93000030517578,28.58945655822754,46400
2010-04-29,35.41999816894531,36.4900016784668,35.0,36.349998474121094,29.75170135498047,171000
2010-04-30,36.2400016784668,36.29999923706055,34.43000030517578,34.4900016784668,28.22933006286621,92200
2010-05-03,34.709999084472656,35.5099983215332,34.290000915527344,35.400001525878906,28.974151611328125,40800
2010-05-04,34.439998626708984,34.70000076293945,33.65999984741211,34.040000915527344,27.861003875732422,95400
2010-05-05,33.54999923706055,34.06999969482422,32.790000915527344,33.150001525878906,27.132579803466797,78200
2010-05-06,32.7599983215332,33.61000061035156,30.549999237060547,32.18000030517578,26.338642120361328,105200
2010-05-07,31.799999237060547,32.13999938964844,30.329999923706055,30.799999237060547,25.209144592285156,92700
2010-05-10,32.25,33.720001220703125,32.25,33.630001068115234,27.525434494018555,81300
2010-05-11,33.16999816894531,36.18000030517578,32.83000183105469,35.599998474121094,29.137840270996094,144500
2010-05-12,35.43000030517578,36.13999938964844,35.18000030517578,35.95000076293945,29.424320220947266,112500
2010-05-13,35.68000030517578,37.11000061035156,35.16999816894531,36.68000030517578,30.021791458129883,179000
2010-05-14,36.380001068115234,36.380001068115234,35.349998474121094,35.880001068115234,29.367015838623047,129300
2010-05-17,36.11000061035156,36.79999923706055,35.25,36.060001373291016,29.514341354370117,132700
2010-05-18,36.88999938964844,37.0,35.68000030517578,35.849998474121094,29.342466354370117,142600
2010-05-19,35.75,35.75,34.40999984741211,34.93000030517578,28.58945655822754,116500
2010-05-20,33.59000015258789,34.279998779296875,33.130001068115234,33.52000045776367,27.43541145324707,169400
2010-05-21,32.83000183105469,34.369998931884766,32.66999816894531,33.33000183105469,27.279884338378906,221400
2010-05-24,33.459999084472656,33.689998626708984,32.060001373291016,32.130001068115234,26.297718048095703,95700
2010-05-25,31.729999542236328,32.09000015258789,30.850000381469727,31.979999542236328,26.174957275390625,122300
2010-05-26,31.969999313354492,32.790000915527344,31.40999984741211,31.520000457763672,25.911876678466797,233800
2010-05-27,32.58000183105469,34.119998931884766,31.920000076293945,34.040000915527344,27.983503341674805,93000
2010-05-28,33.9900016784668,34.25,32.560001373291016,33.4900016784668,27.531370162963867,80800
2010-06-01,32.619998931884766,32.970001220703125,31.040000915527344,31.079999923706055,25.550168991088867,94100
2010-06-02,31.5,32.650001525878906,30.899999618530273,32.630001068115234,26.824386596679688,53400
2010-06-03,32.84000015258789,33.970001220703125,32.58000183105469,33.7400016784668,27.73689079284668,63700
2010-06-04,32.470001220703125,32.779998779296875,31.020000457763672,31.8799991607666,26.20783042907715,178600
2010-06-07,32.0099983215332,32.47999954223633,31.0,31.510000228881836,25.903663635253906,143200
2010-06-08,31.6200008392334,31.829999923706055,30.510000228881836,31.1299991607666,25.591272354125977,135700
2010-06-09,31.459999084472656,32.04999923706055,30.65999984741211,30.899999618530273,25.402196884155273,126200
2010-06-10,31.700000762939453,32.36000061035156,31.229999542236328,32.34000015258789,26.585979461669922,92300
2010-06-11,31.8700008392334,32.72999954223633,31.729999542236328,32.619998931884766,26.8161678314209,69200
2010-06-14,33.16999816894531,34.38999938964844,32.72999954223633,34.02000045776367,27.967073440551758,132400
2010-06-15,34.470001220703125,34.9900016784668,34.0,34.91999816894531,28.706941604614258,146600
2010-06-16,34.58000183105469,34.939998626708984,33.900001525878906,34.209999084472656,28.123273849487305,114800
2010-06-17,34.04999923706055,35.0,33.38999938964844,35.0,28.772714614868164,81600
2010-06-18,35.380001068115234,37.130001068115234,35.22999954223633,36.790000915527344,30.244220733642578,454000
2010-06-21,37.150001525878906,38.27000045776367,37.150001525878906,37.41999816894531,30.76213836669922,243600
2010-06-22,37.5,38.27000045776367,36.849998474121094,36.900001525878906,30.33466148376465,266200
2010-06-23,36.58000183105469,36.880001068115234,35.959999084472656,36.150001525878906,29.71809959411621,131500
2010-06-24,35.689998626708984,35.70000076293945,34.40999984741211,34.650001525878906,28.48499298095703,199700
2010-06-25,34.93000030517578,34.959999084472656,34.150001525878906,34.54999923706055,28.40277671813965,199600
2010-06-28,34.66999816894531,35.72999954223633,34.13999938964844,34.86000061035156,28.657621383666992,98200
2010-06-29,34.130001068115234,34.27000045776367,33.619998931884766,33.91999816894531,27.88486671447754,157100
2010-06-30,34.0,34.63999938964844,33.540000915527344,33.81999969482422,27.802650451660156,131700
2010-07-01,33.52000045776367,33.52000045776367,31.329999923706055,32.439998626708984,26.668197631835938,166300
2010-07-02,32.91999816894531,33.130001068115234,31.84000015258789,32.2599983215332,26.52021598815918,86100
2010-07-06,32.869998931884766,33.810001373291016,30.969999313354492,31.309999465942383,25.739238739013672,168600
2010-07-07,31.56999969482422,32.27000045776367,31.3700008392334,32.130001068115234,26.413347244262695,131200
2010-07-08,32.599998474121094,32.84000015258789,32.09000015258789,32.5,26.717514038085938,138000
2010-07-09,32.5099983215332,32.91999816894531,32.310001373291016,32.560001373291016,26.766845703125,164700
2010-07-12,32.38999938964844,32.52000045776367,31.0,32.02000045776367,26.32291603088379,114900
2010-07-13,32.54999923706055,34.150001525878906,32.529998779296875,33.939998626708984,27.901309967041016,170300
2010-07-14,33.77000045776367,33.77000045776367,32.810001373291016,33.060001373291016,27.177888870239258,83500
2010-07-15,33.209999084472656,33.45000076293945,32.16999816894531,32.5099983215332,26.725732803344727,57400
2010-07-16,32.150001525878906,32.2400016784668,30.959999084472656,31.010000228881836,25.492624282836914,130800
2010-07-19,31.25,31.700000762939453,30.780000686645508,31.530000686645508,25.920101165771484,75600
2010-07-20,31.079999923706055,33.0,30.860000610351562,32.83000183105469,26.988801956176758,87300
2010-07-21,33.2400016784668,33.709999084472656,31.920000076293945,31.969999313354492,26.28181266784668,77200
2010-07-22,32.5099983215332,33.47999954223633,32.369998931884766,33.119998931884766,27.22720718383789,118100
2010-07-23,32.93000030517578,34.0,32.630001068115234,33.97999954223633,27.934192657470703,100800
2010-07-26,34.029998779296875,34.81999969482422,33.810001373291016,34.43000030517578,28.304136276245117,94800
2010-07-27,34.5,34.5,33.380001068115234,33.970001220703125,27.925973892211914,88600
2010-07-28,33.75,34.029998779296875,32.869998931884766,33.79999923706055,27.78622055053711,113400
2010-07-29,35.15999984741211,35.54999923706055,33.90999984741211,34.88999938964844,28.682275772094727,180200
2010-07-30,35.869998931884766,37.61000061035156,35.68000030517578,37.52000045776367,30.84433937072754,180600
2010-08-02,38.27000045776367,38.880001068115234,37.900001525878906,38.130001068115234,31.345821380615234,243900
2010-08-03,37.90999984741211,38.5,36.599998474121094,36.70000076293945,30.170249938964844,131600
2010-08-04,36.880001068115234,37.310001373291016,36.599998474121094,37.209999084472656,30.589508056640625,103800
2010-08-05,36.790000915527344,37.130001068115234,36.119998931884766,36.25,29.800312042236328,115700
2010-08-06,35.70000076293945,36.15999984741211,35.060001373291016,36.0,29.59478187561035,87700
2010-08-09,36.43000030517578,36.599998474121094,35.650001525878906,36.41999816894531,29.940061569213867,40600
2010-08-10,35.779998779296875,35.779998779296875,34.349998474121094,34.61000061035156,28.452104568481445,69200
2010-08-11,33.77000045776367,33.790000915527344,32.34000015258789,32.459999084472656,26.68463706970215,87300
2010-08-12,31.649999618530273,32.58000183105469,31.420000076293945,31.969999313354492,26.28181266784668,62900
2010-08-13,31.729999542236328,32.349998474121094,31.5,31.6200008392334,25.99409294128418,145900
2010-08-16,31.489999771118164,32.2400016784668,31.149999618530273,32.150001525878906,26.429792404174805,95800
2010-08-17,32.689998626708984,34.70000076293945,32.560001373291016,34.56999969482422,28.41921615600586,161500
2010-08-18,34.61000061035156,35.09000015258789,34.08000183105469,35.02000045776367,28.78915786743164,105100
2010-08-19,34.75,35.02000045776367,33.77000045776367,33.83000183105469,27.81087875366211,178200
2010-08-20,33.599998474121094,33.619998931884766,33.13999938964844,33.45000076293945,27.498489379882812,106600
2010-08-23,33.65999984741211,33.900001525878906,32.470001220703125,33.0,27.12856101989746,126300
2010-08-24,32.369998931884766,32.630001068115234,31.260000228881836,31.65999984741211,26.0269718170166,94500
2010-08-25,31.399999618530273,32.47999954223633,30.649999618530273,32.209999084472656,26.479110717773438,89800
2010-08-26,32.29999923706055,32.93000030517578,32.0099983215332,32.029998779296875,26.331138610839844,115500
2010-08-27,32.36000061035156,33.5,31.700000762939453,33.40999984741211,27.586193084716797,81800
2010-08-30,33.11000061035156,33.150001525878906,31.040000915527344,31.06999969482422,25.654081344604492,120300
2010-08-31,30.940000534057617,32.400001525878906,30.940000534057617,31.239999771118164,25.794443130493164,180200
2010-09-01,31.8700008392334,33.70000076293945,31.469999313354492,33.34000015258789,27.52838897705078,97600
2010-09-02,33.119998931884766,33.849998474121094,32.720001220703125,33.689998626708984,27.817380905151367,75700
2010-09-03,34.20000076293945,34.75,33.7599983215332,33.939998626708984,28.023805618286133,99600
2010-09-07,33.849998474121094,33.849998474121094,31.739999771118164,31.899999618530273,26.339401245117188,135700
2010-09-08,32.0,32.43000030517578,31.450000762939453,31.65999984741211,26.1412353515625,85200
2010-09-09,32.369998931884766,32.400001525878906,31.100000381469727,31.610000610351562,26.09994888305664,66100
2010-09-10,31.850000381469727,32.40999984741211,31.43000030517578,31.649999618530273,26.13298225402832,90300
2010-09-13,32.189998626708984,33.459999084472656,32.13999938964844,33.150001525878906,27.371517181396484,89800
2010-09-14,32.9900016784668,33.290000915527344,32.56999969482422,32.65999984741211,26.966915130615234,45000
2010-09-15,32.56999969482422,32.619998931884766,31.709999084472656,32.29999923706055,26.669675827026367,133400
2010-09-16,32.130001068115234,32.150001525878906,30.979999542236328,31.170000076293945,25.736644744873047,91900
2010-09-17,31.59000015258789,32.65999984741211,30.93000030517578,32.34000015258789,26.702699661254883,125500
2010-09-20,32.369998931884766,33.400001525878906,31.59000015258789,33.25,27.454082489013672,96200
2010-09-21,33.310001373291016,33.779998779296875,32.790000915527344,32.83000183105469,27.10728645324707,68100
2010-09-22,32.650001525878906,32.650001525878906,30.889999389648438,31.239999771118164,25.794443130493164,344400
2010-09-23,30.8700008392334,31.399999618530273,30.190000534057617,30.329999923706055,25.04306983947754,145400
2010-09-24,30.56999969482422,30.899999618530273,29.600000381469727,30.110000610351562,24.861421585083008,396100
2010-09-27,30.040000915527344,30.040000915527344,28.479999542236328,28.81999969482422,23.796283721923828,420700
2010-09-28,29.010000228881836,29.969999313354492,28.110000610351562,29.889999389648438,24.679767608642578,183000
2010-09-29,29.670000076293945,30.440000534057617,29.5,30.31999969482422,25.034812927246094,118000
2010-09-30,30.719999313354492,31.040000915527344,30.280000686645508,30.899999618530273,25.513710021972656,151900
2010-10-01,31.170000076293945,31.350000381469727,30.610000610351562,30.889999389648438,25.505451202392578,125100
2010-10-04,30.809999465942383,31.110000610351562,29.700000762939453,30.299999237060547,25.018295288085938,75100
2010-10-05,30.770000457763672,32.09000015258789,30.520000457763672,32.029998779296875,26.446735382080078,137600
2010-10-06,32.029998779296875,32.130001068115234,31.399999618530273,31.700000762939453,26.174266815185547,86800
2010-10-07,32.08000183105469,32.38999938964844,31.649999618530273,31.989999771118164,26.41370964050293,45600
2010-10-08,31.950000762939453,32.93000030517578,31.719999313354492,32.709999084472656,27.008203506469727,79200
2010-10-11,32.630001068115234,32.63999938964844,31.899999618530273,32.04999923706055,26.4632511138916,48800
2010-10-12,31.81999969482422,32.209999084472656,31.15999984741211,32.0099983215332,26.43022346496582,80800
2010-10-13,32.119998931884766,32.97999954223633,32.040000915527344,32.720001220703125,27.016462326049805,59000
2010-10-14,32.7599983215332,32.970001220703125,32.38999938964844,32.790000915527344,27.074262619018555,62600
2010-10-15,33.0,33.0,31.700000762939453,31.719999313354492,26.190776824951172,146800
2010-10-18,31.860000610351562,32.04999923706055,31.420000076293945,31.940000534057617,26.372432708740234,42000
2010-10-19,31.309999465942383,31.889999389648438,30.889999389648438,31.170000076293945,25.736644744873047,62000
2010-10-20,31.5,32.0,31.040000915527344,31.8799991607666,26.322887420654297,81700
2010-10-21,32.099998474121094,32.400001525878906,31.0,31.799999237060547,26.256832122802734,55200
2010-10-22,31.8799991607666,31.889999389648438,31.040000915527344,31.18000030517578,25.744911193847656,38500
2010-10-25,31.579999923706055,32.29999923706055,31.1299991607666,31.260000228881836,25.810962677001953,34500
2010-10-26,31.8799991607666,34.47999954223633,31.420000076293945,34.349998474121094,28.36233139038086,245200
2010-10-27,33.939998626708984,34.25,33.0099983215332,34.11000061035156,28.164173126220703,164000
2010-10-28,34.25,34.84000015258789,33.130001068115234,33.63999938964844,27.776094436645508,96600
2010-10-29,33.369998931884766,34.099998474121094,32.9900016784668,33.54999923706055,27.7017765045166,59500
2010-11-01,33.720001220703125,33.939998626708984,32.79999923706055,33.310001373291016,27.503616333007812,75100
2010-11-02,33.70000076293945,34.56999969482422,33.70000076293945,34.2599983215332,28.288015365600586,76400
2010-11-03,34.15999984741211,34.38999938964844,33.470001220703125,33.880001068115234,27.97425651550293,81900
2010-11-04,34.47999954223633,34.93000030517578,33.959999084472656,34.880001068115234,28.799951553344727,107900
2010-11-05,34.81999969482422,35.16999816894531,34.31999969482422,35.0,28.89903450012207,126800
2010-11-08,35.02000045776367,35.47999954223633,34.900001525878906,35.11000061035156,28.989856719970703,72100
2010-11-09,35.040000915527344,35.630001068115234,34.779998779296875,35.060001373291016,28.948570251464844,97600
2010-11-10,35.2599983215332,35.310001373291016,34.650001525878906,35.22999954223633,29.08893394470215,49800
2010-11-11,34.75,35.220001220703125,34.54999923706055,35.09000015258789,28.97334861755371,60600
2010-11-12,34.560001373291016,35.45000076293945,34.439998626708984,34.61000061035156,28.577009201049805,91600
2010-11-15,34.83000183105469,35.040000915527344,34.25,34.31999969482422,28.33755874633789,33600
2010-11-16,34.060001373291016,34.060001373291016,33.189998626708984,33.83000183105469,27.932971954345703,51300
2010-11-17,34.029998779296875,34.029998779296875,32.810001373291016,33.11000061035156,27.338481903076172,34900
2010-11-18,33.650001525878906,35.130001068115234,33.650001525878906,34.58000183105469,28.552230834960938,82300
2010-11-19,34.45000076293945,34.869998931884766,33.97999954223633,34.529998779296875,28.510955810546875,65100
2010-11-22,34.29999923706055,34.70000076293945,33.47999954223633,34.4900016784668,28.477930068969727,38200
2010-11-23,33.959999084472656,34.189998626708984,33.209999084472656,34.060001373291016,28.122879028320312,34400
2010-11-24,34.369998931884766,35.709999084472656,34.119998931884766,35.38999938964844,29.221038818359375,44500
2010-11-26,34.970001220703125,35.02000045776367,34.43000030517578,34.5099983215332,28.63197898864746,24100
2010-11-29,34.209999084472656,34.84000015258789,33.56999969482422,34.650001525878906,28.748138427734375,28100
2010-11-30,34.15999984741211,34.529998779296875,33.4900016784668,34.13999938964844,28.32501220703125,80500
2010-12-01,35.0,36.36000061035156,34.970001220703125,36.04999923706055,29.909666061401367,87300
2010-12-02,35.9900016784668,36.41999816894531,35.790000915527344,36.31999969482422,30.133695602416992,33900
2010-12-03,36.16999816894531,36.97999954223633,35.939998626708984,36.79999923706055,30.53192138671875,48400
2010-12-06,36.599998474121094,36.9900016784668,36.2400016784668,36.720001220703125,30.465551376342773,36000
2010-12-07,37.09000015258789,38.349998474121094,37.09000015258789,37.779998779296875,31.34499740600586,69200
2010-12-08,38.040000915527344,38.040000915527344,37.400001525878906,37.5099983215332,31.121000289916992,59900
2010-12-09,37.970001220703125,37.970001220703125,37.220001220703125,37.630001068115234,31.220552444458008,57100
2010-12-10,37.61000061035156,37.849998474121094,37.099998474121094,37.5,31.112689971923828,54100
2010-12-13,37.709999084472656,37.709999084472656,37.11000061035156,37.34000015258789,30.979944229125977,27800
2010-12-14,37.34000015258789,38.279998779296875,36.779998779296875,38.209999084472656,31.70176124572754,64000
2010-12-15,38.220001220703125,39.93000030517578,37.84000015258789,38.2400016784668,31.726652145385742,94000
2010-12-16,38.33000183105469,38.70000076293945,37.68000030517578,38.70000076293945,32.10831069946289,100600
2010-12-17,38.79999923706055,38.79999923706055,37.29999923706055,37.970001220703125,31.502643585205078,137900
2010-12-20,38.02000045776367,38.27000045776367,37.630001068115234,37.709999084472656,31.28691864013672,42100
2010-12-21,37.959999084472656,38.13999938964844,37.689998626708984,37.9900016784668,31.51923179626465,41600
2010-12-22,37.9900016784668,38.189998626708984,37.79999923706055,38.130001068115234,31.635398864746094,39500
2010-12-23,38.09000015258789,38.290000915527344,37.70000076293945,38.060001373291016,31.57731819152832,32500
2010-12-27,37.900001525878906,38.439998626708984,37.83000183105469,38.290000915527344,31.768144607543945,14700
2010-12-28,38.43000030517578,38.9900016784668,37.81999969482422,38.81999969482422,32.20785140991211,64200
2010-12-29,38.75,39.0,38.33000183105469,38.5099983215332,31.950666427612305,89000
2010-12-30,38.349998474121094,39.0,38.349998474121094,38.560001373291016,31.992151260375977,35600
2010-12-31,38.38999938964844,38.779998779296875,38.349998474121094,38.40999984741211,31.867692947387695,41600
2011-01-03,38.77000045776367,39.38999938964844,38.47999954223633,38.900001525878906,32.274227142333984,77300
2011-01-04,39.150001525878906,39.279998779296875,37.099998474121094,37.93000030517578,31.469465255737305,62200
2011-01-05,37.65999984741211,37.88999938964844,37.47999954223633,37.650001525878906,31.237154006958008,65600
2011-01-06,37.58000183105469,37.7400016784668,36.25,36.5099983215332,30.291311264038086,28200
2011-01-07,36.290000915527344,36.66999816894531,34.9900016784668,35.65999984741211,29.586097717285156,71800
2011-01-10,35.47999954223633,36.29999923706055,34.959999084472656,35.810001373291016,29.710556030273438,36100
2011-01-11,35.939998626708984,36.599998474121094,35.849998474121094,36.439998626708984,30.233257293701172,43000
2011-01-12,36.900001525878906,37.56999969482422,36.4900016784668,37.470001220703125,31.087820053100586,129500
2011-01-13,37.5099983215332,38.369998931884766,37.47999954223633,38.34000015258789,31.809619903564453,86900
2011-01-14,38.369998931884766,38.630001068115234,38.189998626708984,38.59000015258789,32.01704406738281,65000
2011-01-18,38.45000076293945,38.880001068115234,38.27000045776367,38.63999938964844,32.05853271484375,78500
2011-01-19,38.470001220703125,39.13999938964844,36.880001068115234,36.9900016784668,30.689577102661133,100100
2011-01-20,36.83000183105469,37.369998931884766,36.43000030517578,36.81999969482422,30.54852294921875,65600
2011-01-21,37.13999938964844,38.97999954223633,37.06999969482422,38.31999969482422,31.793027877807617,105900
2011-01-24,38.540000915527344,40.25,38.540000915527344,40.119998931884766,33.28642654418945,124200
2011-01-25,40.02000045776367,40.22999954223633,39.5099983215332,40.150001525878906,33.31133270263672,94800
2011-01-26,40.40999984741211,41.72999954223633,40.060001373291016,41.459999084472656,34.398189544677734,126400
2011-01-27,41.65999984741211,42.38999938964844,40.66999816894531,41.91999816894531,34.779842376708984,116400
2011-01-28,41.86000061035156,41.86000061035156,39.75,39.93000030517578,33.12880325317383,139300
2011-01-31,40.34000015258789,40.7599983215332,39.689998626708984,40.34000015258789,33.46896743774414,67100
2011-02-01,40.84000015258789,42.38999938964844,40.5099983215332,41.959999084472656,34.81301498413086,67200
2011-02-02,41.900001525878906,42.310001373291016,41.29999923706055,41.4900016784668,34.423099517822266,81800
2011-02-03,41.470001220703125,41.650001525878906,40.66999816894531,41.40999984741211,34.3567008972168,35500
2011-02-04,41.400001525878906,42.09000015258789,40.970001220703125,41.61000061035156,34.522647857666016,80100
2011-02-07,41.810001373291016,42.310001373291016,41.75,41.95000076293945,34.80473327636719,76100
2011-02-08,42.119998931884766,42.439998626708984,41.83000183105469,42.41999816894531,35.19468307495117,35500
2011-02-09,42.400001525878906,42.45000076293945,41.959999084472656,42.31999969482422,35.111717224121094,46500
2011-02-10,41.9900016784668,42.59000015258789,41.970001220703125,42.31999969482422,35.111717224121094,34100
2011-02-11,42.150001525878906,42.709999084472656,42.029998779296875,42.689998626708984,35.418704986572266,74800
2011-02-14,42.709999084472656,43.84000015258789,42.70000076293945,43.2400016784668,35.8750114440918,88600
2011-02-15,43.130001068115234,43.150001525878906,41.29999923706055,41.59000015258789,34.506046295166016,94400
2011-02-16,41.91999816894531,42.099998474121094,41.310001373291016,41.83000183105469,34.70516586303711,85400
2011-02-17,41.75,42.56999969482422,41.619998931884766,42.2599983215332,35.06193923950195,106400
2011-02-18,42.599998474121094,43.29999923706055,41.959999084472656,42.63999938964844,35.37721252441406,80100
2011-02-22,43.349998474121094,43.349998474121094,39.900001525878906,40.31999969482422,33.45237731933594,131600
2011-02-23,40.40999984741211,40.459999084472656,37.61000061035156,38.810001373291016,32.19956588745117,192700
2011-02-24,38.720001220703125,40.66999816894531,38.650001525878906,40.209999084472656,33.507877349853516,181900
2011-02-25,40.540000915527344,40.619998931884766,40.02000045776367,40.599998474121094,33.83285903930664,91200
2011-02-28,40.52000045776367,40.84000015258789,40.27000045776367,40.650001525878906,33.874549865722656,86800
2011-03-01,40.77000045776367,41.04999923706055,39.560001373291016,39.650001525878906,33.041221618652344,87200
2011-03-02,39.54999923706055,39.650001525878906,38.779998779296875,39.06999969482422,32.55790328979492,87100
2011-03-03,39.689998626708984,40.880001068115234,39.61000061035156,40.65999984741211,33.88288497924805,38300
2011-03-04,40.849998474121094,40.97999954223633,39.400001525878906,39.93000030517578,33.274559020996094,70700
2011-03-07,40.29999923706055,40.349998474121094,38.150001525878906,38.619998931884766,32.182891845703125,69200
2011-03-08,38.619998931884766,40.119998931884766,38.06999969482422,39.88999938964844,33.24121856689453,121100
2011-03-09,39.630001068115234,40.689998626708984,39.45000076293945,39.86000061035156,33.216217041015625,85000
2011-03-10,39.130001068115234,39.130001068115234,38.0,38.2400016784668,31.86623191833496,118200
2011-03-11,37.95000076293945,39.380001068115234,37.849998474121094,39.0099983215332,32.50790023803711,101800
2011-03-14,38.52000045776367,39.29999923706055,37.52000045776367,38.400001525878906,31.999568939208984,83200
2011-03-15,37.04999923706055,37.83000183105469,37.0099983215332,37.54999923706055,31.29123878479004,89400
2011-03-16,37.369998931884766,37.86000061035156,36.93000030517578,36.970001220703125,30.80791664123535,63200
2011-03-17,37.900001525878906,37.93000030517578,36.959999084472656,37.09000015258789,30.90791130065918,57100
2011-03-18,37.54999923706055,38.400001525878906,37.54999923706055,38.279998779296875,31.899560928344727,90300
2011-03-21,39.16999816894531,40.060001373291016,38.81999969482422,39.560001373291016,32.966217041015625,49800
2011-03-22,39.810001373291016,39.810001373291016,39.060001373291016,39.349998474121094,32.791221618652344,38600
2011-03-23,39.33000183105469,39.54999923706055,38.22999954223633,39.33000183105469,32.77455520629883,80500
2011-03-24,39.720001220703125,39.720001220703125,38.75,39.31999969482422,32.76620864868164,32400
2011-03-25,39.66999816894531,41.0,39.25,40.150001525878906,33.457881927490234,59600
2011-03-28,40.470001220703125,40.779998779296875,40.220001220703125,40.380001068115234,33.64954376220703,46100
2011-03-29,40.27000045776367,40.63999938964844,39.939998626708984,40.400001525878906,33.666221618652344,65700
2011-03-30,40.790000915527344,41.2400016784668,40.11000061035156,41.130001068115234,34.274539947509766,60900
2011-03-31,41.06999969482422,42.060001373291016,41.06999969482422,42.040000915527344,35.03287124633789,66000
2011-04-01,42.279998779296875,43.34000015258789,42.029998779296875,42.540000915527344,35.449527740478516,101200
2011-04-04,42.869998931884766,43.040000915527344,42.72999954223633,42.81999969482422,35.68285369873047,44600
2011-04-05,42.790000915527344,42.790000915527344,41.18000030517578,41.439998626708984,34.532859802246094,67600
2011-04-06,41.83000183105469,41.90999984741211,41.0,41.27000045776367,34.391197204589844,33800
2011-04-07,41.47999954223633,41.7400016784668,39.900001525878906,39.97999954223633,33.31622314453125,142300
2011-04-08,40.40999984741211,41.34000015258789,40.15999984741211,40.310001373291016,33.591224670410156,75400
2011-04-11,40.41999816894531,40.56999969482422,39.33000183105469,39.560001373291016,32.966217041015625,34800
2011-04-12,39.18000030517578,39.75,38.63999938964844,38.779998779296875,32.31623077392578,52300
2011-04-13,39.16999816894531,39.31999969482422,38.0,38.31999969482422,31.93290138244629,55300
2011-04-14,38.08000183105469,38.400001525878906,37.65999984741211,38.02000045776367,31.682918548583984,60100
2011-04-15,37.869998931884766,39.61000061035156,37.66999816894531,39.540000915527344,32.949562072753906,80600
2011-04-18,39.27000045776367,39.45000076293945,38.84000015258789,39.29999923706055,32.74954605102539,81500
2011-04-19,39.40999984741211,39.97999954223633,39.0099983215332,39.11000061035156,32.591224670410156,113800
2011-04-20,39.630001068115234,41.0099983215332,39.630001068115234,41.0099983215332,34.174530029296875,100600
2011-04-21,41.61000061035156,41.68000030517578,40.36000061035156,40.65999984741211,33.88288497924805,74600
2011-04-25,40.560001373291016,40.560001373291016,39.54999923706055,40.04999923706055,33.37454605102539,127500
2011-04-26,40.06999969482422,41.5,40.06999969482422,40.810001373291016,34.00786590576172,91400
2011-04-27,40.79999923706055,40.91999816894531,40.150001525878906,40.810001373291016,34.00786590576172,86400
2011-04-28,40.720001220703125,40.75,40.09000015258789,40.68000030517578,33.899539947509766,81800
2011-04-29,40.68000030517578,41.16999816894531,40.400001525878906,41.02000045776367,34.182865142822266,70000
2011-05-02,41.16999816894531,41.459999084472656,40.93000030517578,41.0,34.166194915771484,81000
2011-05-03,40.84000015258789,41.290000915527344,40.66999816894531,40.75,33.95787811279297,86000
2011-05-04,40.70000076293945,40.70000076293945,39.43000030517578,39.650001525878906,33.041221618652344,77000
2011-05-05,39.119998931884766,40.04999923706055,38.52000045776367,39.22999954223633,32.69121551513672,74900
2011-05-06,40.029998779296875,40.31999969482422,38.869998931884766,38.970001220703125,32.47457504272461,61100
2011-05-09,39.0,39.90999984741211,38.720001220703125,39.4900016784668,32.90789794921875,52000
2011-05-10,39.790000915527344,40.04999923706055,39.599998474121094,39.75,33.12456130981445,70600
2011-05-11,39.45000076293945,39.52000045776367,38.47999954223633,39.02000045776367,32.5162239074707,54300
2011-05-12,38.790000915527344,40.04999923706055,38.439998626708984,39.91999816894531,33.26621627807617,72000
2011-05-13,39.84000015258789,39.9900016784668,39.15999984741211,39.29999923706055,32.74954605102539,62600
2011-05-16,38.97999954223633,39.130001068115234,38.25,38.25,31.87456512451172,78600
2011-05-17,38.119998931884766,38.38999938964844,37.61000061035156,37.68000030517578,31.399574279785156,111100
2011-05-18,37.83000183105469,39.04999923706055,37.529998779296875,38.779998779296875,32.31623077392578,89000
2011-05-19,39.099998474121094,39.459999084472656,38.47999954223633,38.810001373291016,32.34123611450195,54800
2011-05-20,38.58000183105469,39.79999923706055,38.5,39.150001525878906,32.62456512451172,70600
2011-05-23,37.91999816894531,38.209999084472656,37.0,37.25,31.04124641418457,83800
2011-05-24,37.47999954223633,37.790000915527344,36.25,36.869998931884766,30.724590301513672,92900
2011-05-25,36.70000076293945,38.2599983215332,36.70000076293945,37.90999984741211,31.59122657775879,42900
2011-05-26,37.54999923706055,37.70000076293945,36.91999816894531,37.400001525878906,31.306642532348633,46300
2011-05-27,37.560001373291016,38.119998931884766,37.459999084472656,37.86000061035156,31.691694259643555,30100
2011-05-31,38.43000030517578,38.65999984741211,37.81999969482422,38.630001068115234,32.336238861083984,131900
2011-06-01,38.439998626708984,38.58000183105469,36.459999084472656,36.54999923706055,30.59511375427246,76400
2011-06-02,36.58000183105469,37.45000076293945,36.36000061035156,36.650001525878906,30.678836822509766,93600
2011-06-03,35.83000183105469,36.43000030517578,35.59000015258789,35.7400016784668,29.917089462280273,78000
2011-06-06,35.63999938964844,36.130001068115234,34.630001068115234,35.060001373291016,29.347883224487305,95600
2011-06-07,35.43000030517578,35.63999938964844,35.02000045776367,35.22999954223633,29.490175247192383,93900
2011-06-08,35.150001525878906,35.7400016784668,35.150001525878906,35.45000076293945,29.67433738708496,76800
2011-06-09,35.75,36.400001525878906,35.540000915527344,35.81999969482422,29.984060287475586,112200
2011-06-10,35.470001220703125,35.61000061035156,34.099998474121094,34.25,28.669843673706055,120300
2011-06-13,34.529998779296875,34.529998779296875,33.4900016784668,33.5099983215332,28.050411224365234,90700
2011-06-14,34.040000915527344,34.869998931884766,33.900001525878906,34.439998626708984,28.82889175415039,55600
2011-06-15,34.11000061035156,35.630001068115234,33.95000076293945,35.22999954223633,29.490175247192383,165600
2011-06-16,35.33000183105469,37.29999923706055,35.2400016784668,37.290000915527344,31.214555740356445,120400
2011-06-17,37.630001068115234,38.369998931884766,37.47999954223633,38.189998626708984,31.967924118041992,136700
2011-06-20,37.91999816894531,38.5,37.59000015258789,38.060001373291016,31.859111785888672,76900
2011-06-21,38.529998779296875,39.349998474121094,38.4900016784668,39.09000015258789,32.721290588378906,58300
2011-06-22,38.81999969482422,39.13999938964844,38.599998474121094,38.849998474121094,32.52039337158203,95000
2011-06-23,38.11000061035156,38.939998626708984,37.310001373291016,38.75,32.43668746948242,42000
2011-06-24,38.810001373291016,38.810001373291016,38.06999969482422,38.279998779296875,32.04327392578125,80600
2011-06-27,38.349998474121094,39.189998626708984,38.290000915527344,39.099998474121094,32.72966384887695,114900
2011-06-28,39.220001220703125,39.79999923706055,39.040000915527344,39.59000015258789,33.13983154296875,41400
2011-06-29,39.77000045776367,39.77000045776367,38.75,39.09000015258789,32.721290588378906,38600
2011-06-30,39.279998779296875,40.0,38.83000183105469,39.93000030517578,33.42444610595703,129800
2011-07-01,39.86000061035156,41.15999984741211,39.790000915527344,41.029998779296875,34.345218658447266,74000
2011-07-05,40.959999084472656,41.400001525878906,40.59000015258789,41.25,34.52937316894531,53700
2011-07-06,41.0099983215332,41.31999969482422,40.75,41.060001373291016,34.370330810546875,59100
2011-07-07,41.38999938964844,41.91999816894531,40.880001068115234,41.720001220703125,34.922813415527344,52500
2011-07-08,41.0,41.75,40.630001068115234,41.599998474121094,34.82235336303711,34900
2011-07-11,40.880001068115234,41.060001373291016,40.4900016784668,40.84000015258789,34.18618392944336,51400
2011-07-12,40.63999938964844,41.25,40.4900016784668,40.619998931884766,34.00200271606445,39100
2011-07-13,40.970001220703125,41.869998931884766,40.790000915527344,41.34000015258789,34.6047248840332,71800
2011-07-14,41.31999969482422,41.90999984741211,40.38999938964844,40.709999084472656,34.07734680175781,47800
2011-07-15,40.810001373291016,41.08000183105469,40.130001068115234,40.650001525878906,34.02714157104492,95800
2011-07-18,40.33000183105469,40.33000183105469,39.2599983215332,40.0,33.4830322265625,75700
2011-07-19,40.470001220703125,41.90999984741211,40.470001220703125,41.84000015258789,35.023250579833984,47300
2011-07-20,41.779998779296875,42.150001525878906,41.15999984741211,42.099998474121094,35.24089050292969,90000
2011-07-21,42.290000915527344,42.91999816894531,41.689998626708984,42.650001525878906,35.70127868652344,61200
2011-07-22,42.63999938964844,42.84000015258789,42.220001220703125,42.56999969482422,35.63431167602539,46700
2011-07-25,42.08000183105469,42.869998931884766,41.150001525878906,41.189998626708984,34.479148864746094,112500
2011-07-26,41.279998779296875,41.279998779296875,39.7599983215332,40.18000030517578,33.633697509765625,81500
2011-07-27,39.849998474121094,40.0,38.810001373291016,39.61000061035156,33.156578063964844,94100
2011-07-28,42.369998931884766,44.880001068115234,41.27000045776367,44.25,37.04059600830078,134000
2011-07-29,41.2599983215332,44.77000045776367,41.2599983215332,42.810001373291016,35.8352165222168,147400
2011-08-01,43.810001373291016,43.810001373291016,41.959999084472656,43.209999084472656,36.17005157470703,115500
2011-08-02,42.72999954223633,44.310001373291016,41.880001068115234,42.040000915527344,35.1906623840332,151500
2011-08-03,42.029998779296875,42.22999954223633,40.939998626708984,41.790000915527344,34.98139572143555,142600
2011-08-04,41.11000061035156,41.849998474121094,38.709999084472656,38.790000915527344,32.47016525268555,214800
2011-08-05,39.380001068115234,40.0,37.79999923706055,39.060001373291016,32.696189880371094,249600
2011-08-08,38.099998474121094,39.02000045776367,34.70000076293945,34.709999084472656,29.054893493652344,201500
2011-08-09,35.79999923706055,38.209999084472656,32.9900016784668,37.880001068115234,31.708436965942383,253600
2011-08-10,36.02000045776367,37.720001220703125,36.02000045776367,36.619998931884766,30.653717041015625,244500
2011-08-11,36.900001525878906,38.09000015258789,36.08000183105469,37.349998474121094,31.26478385925293,283600
2011-08-12,37.900001525878906,38.209999084472656,36.619998931884766,37.439998626708984,31.34011459350586,185100
2011-08-15,38.13999938964844,39.099998474121094,37.75,38.400001525878906,32.143699645996094,95800
2011-08-16,37.68000030517578,38.560001373291016,37.400001525878906,37.970001220703125,31.783771514892578,156000
2011-08-17,39.779998779296875,40.189998626708984,39.2599983215332,40.06999969482422,33.541622161865234,373800
2011-08-18,38.630001068115234,38.630001068115234,37.25,37.36000061035156,31.273147583007812,272700
2011-08-19,36.369998931884766,38.27000045776367,36.369998931884766,37.34000015258789,31.256418228149414,174300
2011-08-22,38.47999954223633,38.47999954223633,37.16999816894531,37.970001220703125,31.783771514892578,2527300
2011-08-23,37.88999938964844,40.099998474121094,37.72999954223633,40.099998474121094,33.56673049926758,200000
2011-08-24,39.91999816894531,41.45000076293945,39.709999084472656,40.95000076293945,34.27825164794922,164900
2011-08-25,41.470001220703125,41.689998626708984,38.5099983215332,39.40999984741211,32.989166259765625,199100
2011-08-26,39.040000915527344,41.0099983215332,38.22999954223633,41.0099983215332,34.3284797668457,117200
2011-08-29,41.810001373291016,43.38999938964844,41.20000076293945,43.33000183105469,36.421478271484375,153100
2011-08-30,43.0,44.189998626708984,42.22999954223633,43.7599983215332,36.78291702270508,120300
2011-08-31,43.81999969482422,44.75,43.58000183105469,43.959999084472656,36.95102310180664,244500
2011-09-01,43.9900016784668,44.63999938964844,41.630001068115234,42.40999984741211,35.648170471191406,301000
2011-09-02,41.13999938964844,42.06999969482422,39.290000915527344,39.47999954223633,33.18531799316406,152500
2011-09-06,38.16999816894531,40.36000061035156,37.84000015258789,40.189998626708984,33.782108306884766,263200
2011-09-07,40.33000183105469,41.400001525878906,40.33000183105469,41.310001373291016,34.72352981567383,245400
2011-09-08,40.88999938964844,41.4900016784668,39.63999938964844,40.06999969482422,33.68122863769531,189300
2011-09-09,39.630001068115234,39.630001068115234,37.65999984741211,38.36000061035156,32.2438850402832,188000
2011-09-12,37.439998626708984,38.18000030517578,36.59000015258789,37.849998474121094,31.815195083618164,224500
2011-09-13,38.310001373291016,39.15999984741211,37.88999938964844,38.61000061035156,32.45402145385742,206800
2011-09-14,38.939998626708984,40.709999084472656,38.06999969482422,39.779998779296875,33.437469482421875,124000
2011-09-15,40.2400016784668,40.77000045776367,38.959999084472656,40.65999984741211,34.17716979980469,116400
2011-09-16,40.75,40.81999969482422,38.779998779296875,39.40999984741211,33.12648010253906,158200
2011-09-19,38.5,39.61000061035156,38.02000045776367,39.060001373291016,32.83228302001953,132500
2011-09-20,39.220001220703125,39.849998474121094,38.20000076293945,38.220001220703125,32.126220703125,84100
2011-09-21,38.09000015258789,38.09000015258789,35.36000061035156,35.45000076293945,29.797861099243164,225300
2011-09-22,34.7400016784668,35.220001220703125,33.86000061035156,34.36000061035156,28.88164520263672,245700
2011-09-23,34.290000915527344,35.849998474121094,34.189998626708984,35.22999954223633,29.612937927246094,111000
2011-09-26,35.91999816894531,37.2400016784668,35.349998474121094,37.11000061035156,31.193193435668945,128600
2011-09-27,38.119998931884766,39.939998626708984,37.68000030517578,38.11000061035156,32.03376007080078,140500
2011-09-28,38.060001373291016,38.58000183105469,36.650001525878906,37.18000030517578,31.252023696899414,206000
2011-09-29,38.22999954223633,38.86000061035156,36.86000061035156,37.970001220703125,31.916074752807617,107500
2011-09-30,36.9900016784668,37.290000915527344,35.27000045776367,35.369998931884766,29.730609893798828,156700
2011-10-03,35.0,35.650001525878906,32.75,32.91999816894531,27.671241760253906,193900
2011-10-04,32.43000030517578,35.75,32.0099983215332,35.599998474121094,29.92394256591797,191500
2011-10-05,35.689998626708984,36.5099983215332,35.20000076293945,36.27000045776367,30.487106323242188,83100
2011-10-06,36.04999923706055,37.0099983215332,35.38999938964844,36.720001220703125,30.865365982055664,102000
2011-10-07,37.0,37.0,34.58000183105469,35.2599983215332,29.638153076171875,123600
2011-10-10,36.459999084472656,36.93000030517578,35.86000061035156,36.79999923706055,30.93260955810547,114900
2011-10-11,36.38999938964844,37.4900016784668,36.38999938964844,37.2400016784668,31.302467346191406,122800
2011-10-12,37.58000183105469,37.959999084472656,36.97999954223633,37.5099983215332,31.529407501220703,101000
2011-10-13,37.15999984741211,37.4900016784668,36.43000030517578,37.34000015258789,31.386512756347656,59000
2011-10-14,37.970001220703125,38.83000183105469,37.38999938964844,38.709999084472656,32.538082122802734,60200
2011-10-17,38.27000045776367,39.099998474121094,36.7400016784668,36.90999984741211,31.025074005126953,91900
2011-10-18,37.060001373291016,38.7599983215332,36.459999084472656,38.459999084472656,32.327945709228516,70500
2011-10-19,38.349998474121094,39.0,37.02000045776367,37.310001373291016,31.361299514770508,59500
2011-10-20,37.52000045776367,38.150001525878906,35.959999084472656,37.130001068115234,31.21000099182129,49300
2011-10-21,37.939998626708984,38.75,37.33000183105469,38.63999938964844,32.4792366027832,79100
2011-10-24,38.68000030517578,40.54999923706055,38.310001373291016,40.29999923706055,33.87458038330078,112100
2011-10-25,34.099998474121094,38.25,33.630001068115234,37.75,31.73114585876465,650900
2011-10-26,38.400001525878906,38.400001525878906,36.91999816894531,37.439998626708984,31.4705753326416,248200
2011-10-27,39.0,41.310001373291016,38.439998626708984,40.9900016784668,34.45456314086914,210900
2011-10-28,40.65999984741211,40.83000183105469,38.91999816894531,39.33000183105469,33.059242248535156,151200
2011-10-31,38.91999816894531,39.91999816894531,37.90999984741211,38.689998626708984,32.52127456665039,100500
2011-11-01,37.040000915527344,38.88999938964844,37.0099983215332,38.33000183105469,32.218666076660156,172700
2011-11-02,39.20000076293945,39.88999938964844,38.56999969482422,39.38999938964844,33.109657287597656,83700
2011-11-03,40.119998931884766,41.54999923706055,39.25,41.08000183105469,34.530208587646484,122700
2011-11-04,40.47999954223633,40.880001068115234,39.630001068115234,40.720001220703125,34.227603912353516,57400
2011-11-07,40.7599983215332,40.810001373291016,38.630001068115234,40.290000915527344,33.866172790527344,46400
2011-11-08,40.7400016784668,40.7400016784668,38.459999084472656,40.29999923706055,33.87458038330078,78600
2011-11-09,38.709999084472656,38.91999816894531,37.18000030517578,37.349998474121094,31.394922256469727,115100
2011-11-10,38.25,39.369998931884766,37.75,38.7599983215332,32.580116271972656,106100
2011-11-11,39.2400016784668,40.2400016784668,39.119998931884766,40.11000061035156,33.714874267578125,51800
2011-11-14,39.689998626708984,39.77000045776367,38.5,38.849998474121094,32.65576171875,63700
2011-11-15,38.41999816894531,40.56999969482422,38.380001068115234,40.369998931884766,33.93341827392578,67700
2011-11-16,39.869998931884766,41.5,39.68000030517578,40.15999984741211,33.756900787353516,74800
2011-11-17,40.06999969482422,40.7599983215332,39.22999954223633,39.63999938964844,33.3198127746582,84900
2011-11-18,39.790000915527344,40.08000183105469,39.310001373291016,39.779998779296875,33.437469482421875,47000
2011-11-21,38.83000183105469,39.25,38.20000076293945,38.45000076293945,32.31953048706055,72500
2011-11-22,38.47999954223633,39.150001525878906,38.18000030517578,38.75,32.571712493896484,58000
2011-11-23,38.310001373291016,38.47999954223633,37.279998779296875,37.459999084472656,31.487380981445312,167300
2011-11-25,37.25,38.400001525878906,37.20000076293945,37.20000076293945,31.268827438354492,38200
2011-11-28,37.25,39.29999923706055,36.369998931884766,38.810001373291016,32.771907806396484,100700
2011-11-29,38.790000915527344,39.18000030517578,38.119998931884766,38.560001373291016,32.56078338623047,49800
2011-11-30,40.63999938964844,42.0,40.16999816894531,41.97999954223633,35.448699951171875,211700
2011-12-01,41.650001525878906,42.20000076293945,40.04999923706055,40.20000076293945,33.94563674926758,130000
2011-12-02,40.970001220703125,41.47999954223633,39.7599983215332,39.790000915527344,33.59943389892578,104800
2011-12-05,40.70000076293945,41.4900016784668,40.25,40.90999984741211,34.54518127441406,87200
2011-12-06,41.11000061035156,41.689998626708984,40.9900016784668,41.209999084472656,34.79851150512695,74500
2011-12-07,40.86000061035156,41.38999938964844,39.61000061035156,41.18000030517578,34.7731819152832,54700
2011-12-08,40.720001220703125,40.88999938964844,39.060001373291016,39.220001220703125,33.11811065673828,98500
2011-12-09,39.45000076293945,41.34000015258789,39.45000076293945,40.540000915527344,34.232765197753906,160100
2011-12-12,40.04999923706055,40.04999923706055,38.459999084472656,39.720001220703125,33.540321350097656,72900
2011-12-13,40.16999816894531,40.459999084472656,38.40999984741211,38.689998626708984,32.67057418823242,69700
2011-12-14,38.38999938964844,38.720001220703125,37.75,38.0,32.08793258666992,78900
2011-12-15,38.7599983215332,39.09000015258789,38.310001373291016,38.720001220703125,32.69589614868164,63800
2011-12-16,39.15999984741211,39.9900016784668,38.619998931884766,38.959999084472656,32.8985595703125,176400
2011-12-19,39.25,39.95000076293945,37.900001525878906,38.040000915527344,32.1216926574707,185500
2011-12-20,39.38999938964844,39.459999084472656,38.650001525878906,39.09000015258789,33.00834274291992,154900
2011-12-21,38.84000015258789,39.88999938964844,38.349998474121094,39.75,33.5656623840332,50000
2011-12-22,39.90999984741211,40.13999938964844,39.34000015258789,39.47999954223633,33.337669372558594,35400
2011-12-23,39.70000076293945,39.790000915527344,38.880001068115234,39.400001525878906,33.27011489868164,55400
2011-12-27,39.290000915527344,39.959999084472656,38.75,39.61000061035156,33.44744873046875,34200
2011-12-28,39.630001068115234,39.63999938964844,38.54999923706055,38.70000076293945,32.67901611328125,50600
2011-12-29,38.88999938964844,39.61000061035156,38.88999938964844,39.380001068115234,33.25321960449219,55100
2011-12-30,39.20000076293945,39.630001068115234,38.81999969482422,38.869998931884766,32.82257843017578,38800
2012-01-03,40.13999938964844,40.720001220703125,39.689998626708984,39.75,33.5656623840332,65400
2012-01-04,39.40999984741211,40.380001068115234,39.40999984741211,40.02000045776367,33.79365539550781,35200
2012-01-05,39.58000183105469,40.88999938964844,38.97999954223633,40.720001220703125,34.38473892211914,93700
2012-01-06,40.709999084472656,40.709999084472656,39.25,39.36000061035156,33.23633575439453,101500
2012-01-09,39.43000030517578,39.43000030517578,37.7400016784668,37.790000915527344,31.910600662231445,135400
2012-01-10,38.27000045776367,39.0,38.25,38.849998474121094,32.80567932128906,155100
2012-01-11,38.52000045776367,38.90999984741211,38.25,38.439998626708984,32.45946502685547,106200
2012-01-12,38.4900016784668,38.95000076293945,38.25,38.7599983215332,32.72968673706055,66400
2012-01-13,38.29999923706055,38.790000915527344,38.060001373291016,38.689998626708984,32.67057418823242,104600
2012-01-17,39.04999923706055,39.27000045776367,38.38999938964844,38.439998626708984,32.45946502685547,92400
2012-01-18,38.43000030517578,38.43000030517578,38.0,38.150001525878906,32.2145881652832,93400
2012-01-19,38.220001220703125,38.43000030517578,37.95000076293945,38.22999954223633,32.28215026855469,68400
2012-01-20,38.22999954223633,38.4900016784668,37.75,37.9900016784668,32.0794792175293,91000
2012-01-23,37.86000061035156,38.47999954223633,37.86000061035156,38.290000915527344,32.332801818847656,52400
2012-01-24,37.90999984741211,38.150001525878906,37.75,37.95000076293945,32.04570007324219,184200
2012-01-25,37.84000015258789,38.09000015258789,37.7599983215332,38.0,32.08793258666992,276700
2012-01-26,38.18000030517578,38.54999923706055,37.9900016784668,37.9900016784668,32.0794792175293,147400
2012-01-27,37.790000915527344,38.459999084472656,37.790000915527344,38.22999954223633,32.28215026855469,162600
2012-01-30,37.75,38.18000030517578,37.560001373291016,37.75,31.876821517944336,127500
2012-01-31,38.11000061035156,38.619998931884766,38.029998779296875,38.47999954223633,32.493247985839844,192000
2012-02-01,38.709999084472656,39.25,38.52000045776367,39.20000076293945,33.10122299194336,223000
2012-02-02,39.119998931884766,39.31999969482422,38.95000076293945,39.29999923706055,33.185665130615234,129100
2012-02-03,39.72999954223633,40.099998474121094,39.36000061035156,39.9900016784668,33.76832580566406,133400
2012-02-06,39.81999969482422,40.380001068115234,39.689998626708984,39.95000076293945,33.73455047607422,114000
2012-02-07,39.939998626708984,40.63999938964844,39.70000076293945,40.40999984741211,34.12298583984375,53600
2012-02-08,40.59000015258789,41.41999816894531,40.209999084472656,41.369998931884766,34.933616638183594,89700
2012-02-09,41.41999816894531,41.900001525878906,41.18000030517578,41.529998779296875,35.06871032714844,99000
2012-02-10,41.029998779296875,41.150001525878906,40.459999084472656,40.939998626708984,34.57050704956055,56900
2012-02-13,41.34000015258789,42.0,41.34000015258789,41.59000015258789,35.119388580322266,94300
2012-02-14,41.209999084472656,41.43000030517578,40.52000045776367,41.22999954223633,34.815406799316406,60700
2012-02-15,41.36000061035156,41.5,40.27000045776367,40.47999954223633,34.18208694458008,66100
2012-02-16,40.5,42.0,40.5,41.540000915527344,35.07716369628906,69100
2012-02-17,41.84000015258789,42.439998626708984,41.810001373291016,42.209999084472656,35.64292907714844,77900
2012-02-21,42.970001220703125,43.7599983215332,41.72999954223633,43.040000915527344,36.34379577636719,105100
2012-02-22,43.400001525878906,43.9900016784668,43.0,43.2599983215332,36.52956771850586,118700
2012-02-23,43.279998779296875,43.959999084472656,42.4900016784668,43.65999984741211,36.867340087890625,70700
2012-02-24,43.849998474121094,43.849998474121094,42.72999954223633,42.970001220703125,36.28468322753906,62800
2012-02-27,42.310001373291016,43.310001373291016,41.5099983215332,42.75,36.242305755615234,85000
2012-02-28,42.70000076293945,43.119998931884766,42.040000915527344,42.13999938964844,35.725162506103516,55400
2012-02-29,42.25,42.810001373291016,41.029998779296875,41.040000915527344,34.79261779785156,126900
2012-03-01,41.38999938964844,41.560001373291016,41.0099983215332,41.060001373291016,34.809574127197266,102000
2012-03-02,41.08000183105469,41.310001373291016,39.709999084472656,40.029998779296875,33.936363220214844,111100
2012-03-05,39.790000915527344,40.5,39.66999816894531,40.400001525878906,34.25003433227539,145100
2012-03-06,39.90999984741211,40.29999923706055,39.599998474121094,40.25,34.12287139892578,113900
2012-03-07,40.380001068115234,41.18000030517578,40.380001068115234,41.02000045776367,34.77565002441406,101000
2012-03-08,41.380001068115234,41.540000915527344,40.380001068115234,41.220001220703125,34.94520950317383,103600
2012-03-09,41.220001220703125,42.25,41.0,41.689998626708984,35.34366989135742,87600
2012-03-12,41.790000915527344,41.91999816894531,41.279998779296875,41.5,35.182594299316406,52900
2012-03-13,41.709999084472656,42.90999984741211,41.54999923706055,42.869998931884766,36.34403991699219,80700
2012-03-14,42.779998779296875,43.06999969482422,42.06999969482422,42.369998931884766,35.92015838623047,54100
2012-03-15,42.41999816894531,42.86000061035156,41.900001525878906,42.63999938964844,36.14904022216797,62500
2012-03-16,42.869998931884766,43.47999954223633,42.630001068115234,43.029998779296875,36.47967529296875,100700
2012-03-19,42.779998779296875,43.9900016784668,42.41999816894531,43.349998474121094,36.7509651184082,67900
2012-03-20,42.90999984741211,42.90999984741211,42.150001525878906,42.2400016784668,35.8099365234375,40900
2012-03-21,42.43000030517578,42.630001068115234,41.52000045776367,41.869998931884766,35.49625015258789,52300
2012-03-22,41.38999938964844,42.459999084472656,40.97999954223633,42.439998626708984,35.9794921875,114600
2012-03-23,42.400001525878906,42.709999084472656,41.95000076293945,42.709999084472656,36.20838165283203,86300
2012-03-26,43.15999984741211,43.900001525878906,43.150001525878906,43.369998931884766,36.767913818359375,89700
2012-03-27,43.369998931884766,43.939998626708984,43.029998779296875,43.04999923706055,36.49663543701172,128600
2012-03-28,43.22999954223633,43.25,41.47999954223633,42.189998626708984,35.767547607421875,172800
2012-03-29,41.83000183105469,43.0,41.83000183105469,42.93000030517578,36.394893646240234,70100
2012-03-30,43.0099983215332,44.38999938964844,42.540000915527344,44.0,37.3020133972168,221000
2012-04-02,43.849998474121094,45.630001068115234,43.380001068115234,45.58000183105469,38.64149475097656,173500
2012-04-03,45.459999084472656,46.72999954223633,45.459999084472656,46.38999938964844,39.32819747924805,223900
2012-04-04,45.93000030517578,47.119998931884766,45.7599983215332,46.790000915527344,39.667293548583984,152200
2012-04-05,46.4900016784668,47.45000076293945,46.4900016784668,47.20000076293945,40.014896392822266,159000
2012-04-09,46.310001373291016,47.2599983215332,46.11000061035156,46.77000045776367,39.65035629272461,172500
2012-04-10,46.779998779296875,47.130001068115234,45.25,45.290000915527344,38.39564895629883,212000
2012-04-11,45.959999084472656,46.849998474121094,45.400001525878906,46.65999984741211,39.557098388671875,146400
2012-04-12,46.810001373291016,48.65999984741211,46.810001373291016,47.880001068115234,40.59136962890625,131600
2012-04-13,47.470001220703125,47.709999084472656,46.93000030517578,47.040000915527344,39.87925720214844,77600
2012-04-16,47.400001525878906,48.08000183105469,46.91999816894531,47.310001373291016,40.1081428527832,80800
2012-04-17,47.810001373291016,49.060001373291016,47.650001525878906,48.45000076293945,41.074615478515625,78400
2012-04-18,48.119998931884766,48.70000076293945,47.81999969482422,48.189998626708984,40.85417938232422,87100
2012-04-19,48.060001373291016,48.619998931884766,46.88999938964844,47.72999954223633,40.46421432495117,175000
2012-04-20,48.2400016784668,49.189998626708984,47.84000015258789,47.84000015258789,40.55746078491211,191300
2012-04-23,46.27000045776367,46.27000045776367,40.70000076293945,42.040000915527344,35.64039611816406,541400
2012-04-24,42.16999816894531,42.349998474121094,41.0,41.630001068115234,35.29280090332031,263300
2012-04-25,42.22999954223633,42.25,41.43000030517578,41.970001220703125,35.5810432434082,208600
2012-04-26,42.02000045776367,43.939998626708984,42.02000045776367,43.529998779296875,36.903560638427734,180300
2012-04-27,43.4900016784668,45.18000030517578,43.27000045776367,44.779998779296875,37.963287353515625,223100
2012-04-30,44.63999938964844,44.75,44.0,44.29999923706055,37.55635070800781,139000
2012-05-01,44.25,45.45000076293945,44.18000030517578,44.20000076293945,37.47157669067383,165800
2012-05-02,43.790000915527344,44.65999984741211,43.61000061035156,44.52000045776367,37.74285125732422,126000
2012-05-03,44.380001068115234,44.54999923706055,43.93000030517578,44.209999084472656,37.48004913330078,97000
2012-05-04,43.79999923706055,43.79999923706055,42.86000061035156,43.02000045776367,36.471195220947266,131800
2012-05-07,42.959999084472656,43.27000045776367,42.84000015258789,43.06999969482422,36.51358413696289,93000
2012-05-08,42.66999816894531,43.22999954223633,42.08000183105469,43.18000030517578,36.60684585571289,152200
2012-05-09,42.72999954223633,43.90999984741211,42.650001525878906,43.83000183105469,37.15789794921875,128000
2012-05-10,44.0,44.54999923706055,43.869998931884766,44.290000915527344,37.54786682128906,92700
2012-05-11,43.84000015258789,44.52000045776367,43.5,43.869998931884766,37.191810607910156,65000
2012-05-14,43.41999816894531,43.70000076293945,42.72999954223633,43.11000061035156,36.54750061035156,48000
2012-05-15,42.9900016784668,43.52000045776367,42.2400016784668,42.619998931884766,36.132076263427734,69000
2012-05-16,42.84000015258789,43.47999954223633,42.66999816894531,42.7599983215332,36.25077819824219,38800
2012-05-17,42.7400016784668,42.7400016784668,42.130001068115234,42.209999084472656,35.78450012207031,82800
2012-05-18,42.209999084472656,43.189998626708984,41.880001068115234,42.959999084472656,36.420326232910156,112500
2012-05-21,43.16999816894531,43.58000183105469,42.119998931884766,43.36000061035156,36.75944519042969,76200
2012-05-22,43.25,43.25,41.459999084472656,42.06999969482422,35.66582107543945,84000
2012-05-23,41.619998931884766,42.65999984741211,40.709999084472656,42.5,36.030338287353516,73000
2012-05-24,42.599998474121094,42.599998474121094,41.2400016784668,42.20000076293945,35.77602767944336,38300
2012-05-25,42.25,42.40999984741211,41.13999938964844,41.459999084472656,35.14867401123047,52300
2012-05-29,41.61000061035156,42.72999954223633,40.540000915527344,42.43000030517578,36.11910629272461,38500
2012-05-30,42.060001373291016,43.040000915527344,41.97999954223633,42.34000015258789,36.04249954223633,77500
2012-05-31,42.25,42.63999938964844,41.27000045776367,42.20000076293945,35.92332458496094,70900
2012-06-01,41.2599983215332,41.540000915527344,40.689998626708984,40.790000915527344,34.72304153442383,77900
2012-06-04,41.04999923706055,41.099998474121094,40.290000915527344,41.029998779296875,34.92734909057617,33400
2012-06-05,40.79999923706055,41.130001068115234,40.13999938964844,40.310001373291016,34.3144416809082,54000
2012-06-06,40.619998931884766,41.5,40.43000030517578,41.41999816894531,35.25934982299805,54800
2012-06-07,42.0,42.779998779296875,41.93000030517578,42.060001373291016,35.80414962768555,57900
2012-06-08,41.810001373291016,42.540000915527344,41.66999816894531,42.29999923706055,36.0084342956543,41900
2012-06-11,42.75,42.81999969482422,41.04999923706055,41.11000061035156,34.99544143676758,103300
2012-06-12,41.439998626708984,42.25,40.9900016784668,41.470001220703125,35.301902770996094,119800
2012-06-13,41.5099983215332,42.33000183105469,40.83000183105469,41.09000015258789,34.9784049987793,85200
2012-06-14,41.099998474121094,42.18000030517578,41.08000183105469,41.59000015258789,35.404048919677734,62000
2012-06-15,41.7599983215332,43.09000015258789,41.61000061035156,42.880001068115234,36.5021858215332,117500
2012-06-18,42.68000030517578,43.099998474121094,42.130001068115234,42.84000015258789,36.46814727783203,53100
2012-06-19,43.09000015258789,43.279998779296875,42.66999816894531,42.79999923706055,36.43406677246094,78200
2012-06-20,42.689998626708984,42.689998626708984,41.63999938964844,41.79999923706055,35.58281707763672,36900
2012-06-21,41.65999984741211,42.0,40.0099983215332,40.09000015258789,34.12715148925781,79700
2012-06-22,40.34000015258789,40.349998474121094,39.709999084472656,40.0,34.050540924072266,90600
2012-06-25,39.25,39.650001525878906,38.310001373291016,38.65999984741211,32.90985107421875,76000
2012-06-26,38.650001525878906,38.83000183105469,37.459999084472656,37.81999969482422,32.19479751586914,165600
2012-06-27,37.88999938964844,38.70000076293945,37.84000015258789,38.58000183105469,32.84175491333008,82700
2012-06-28,38.2599983215332,38.720001220703125,37.68000030517578,38.70000076293945,32.943904876708984,62300
2012-06-29,39.310001373291016,40.209999084472656,39.15999984741211,39.95000076293945,34.00798034667969,82800
2012-07-02,39.709999084472656,40.66999816894531,39.400001525878906,40.630001068115234,34.58683395385742,74400
2012-07-03,40.52000045776367,41.47999954223633,40.33000183105469,41.400001525878906,35.242313385009766,37200
2012-07-05,41.20000076293945,41.56999969482422,40.41999816894531,40.5,34.4761848449707,78100
2012-07-06,40.04999923706055,40.849998474121094,39.619998931884766,40.16999816894531,34.19525146484375,54400
2012-07-09,39.970001220703125,40.15999984741211,39.65999984741211,40.0,34.050540924072266,113300
2012-07-10,40.20000076293945,40.45000076293945,39.09000015258789,39.189998626708984,33.36100769042969,55500
2012-07-11,39.36000061035156,39.36000061035156,38.470001220703125,38.540000915527344,32.807708740234375,85900
2012-07-12,38.029998779296875,38.849998474121094,38.029998779296875,38.5099983215332,32.78217315673828,115400
2012-07-13,38.72999954223633,39.38999938964844,38.72999954223633,39.16999816894531,33.343997955322266,105200
2012-07-16,38.9900016784668,39.029998779296875,38.470001220703125,38.7599983215332,32.99497604370117,37000
2012-07-17,39.0099983215332,39.220001220703125,38.060001373291016,38.41999816894531,32.70554733276367,70800
2012-07-18,38.209999084472656,38.459999084472656,38.04999923706055,38.25,32.560829162597656,70300
2012-07-19,38.349998474121094,38.560001373291016,38.20000076293945,38.369998931884766,32.662986755371094,59400
2012-07-20,38.119998931884766,38.40999984741211,38.0099983215332,38.11000061035156,32.441654205322266,54400
2012-07-23,37.560001373291016,38.290000915527344,37.27000045776367,37.95000076293945,32.30544662475586,41600
2012-07-24,38.150001525878906,38.150001525878906,36.68000030517578,36.93000030517578,31.437158584594727,48100
2012-07-25,37.130001068115234,37.130001068115234,36.040000915527344,36.15999984741211,30.78169822692871,50500
2012-07-26,37.5099983215332,38.65999984741211,35.2599983215332,36.970001220703125,31.471210479736328,180200
2012-07-27,37.0,39.31999969482422,35.709999084472656,39.06999969482422,33.258872985839844,156700
2012-07-30,39.150001525878906,41.22999954223633,39.0,40.9900016784668,34.89330291748047,120700
2012-07-31,40.86000061035156,41.880001068115234,40.849998474121094,41.66999816894531,35.472164154052734,75300
2012-08-01,41.880001068115234,42.75,41.70000076293945,41.849998474121094,35.625370025634766,176100
2012-08-02,41.54999923706055,41.88999938964844,41.04999923706055,41.43000030517578,35.26786804199219,88400
2012-08-03,42.15999984741211,43.779998779296875,41.90999984741211,42.58000183105469,36.24680709838867,89400
2012-08-06,42.560001373291016,43.209999084472656,42.029998779296875,42.11000061035156,35.84671401977539,60600
2012-08-07,42.220001220703125,42.220001220703125,40.86000061035156,40.900001525878906,34.816688537597656,83000
2012-08-08,40.45000076293945,40.779998779296875,40.369998931884766,40.439998626708984,34.42509460449219,69500
2012-08-09,40.439998626708984,41.70000076293945,40.27000045776367,41.20000076293945,35.07206344604492,41000
2012-08-10,41.18000030517578,42.11000061035156,41.060001373291016,41.79999923706055,35.58281707763672,39900
2012-08-13,41.79999923706055,42.7400016784668,41.34000015258789,42.68000030517578,36.33192443847656,77100
2012-08-14,42.88999938964844,43.209999084472656,42.439998626708984,42.66999816894531,36.32341003417969,62800
2012-08-15,42.5099983215332,43.09000015258789,42.5,42.9900016784668,36.595829010009766,44100
2012-08-16,42.869998931884766,43.27000045776367,41.97999954223633,43.20000076293945,36.77458953857422,58300
2012-08-17,43.25,43.65999984741211,43.130001068115234,43.33000183105469,36.88526153564453,52100
2012-08-20,43.08000183105469,43.790000915527344,43.0099983215332,43.72999954223633,37.22575759887695,27700
2012-08-21,43.79999923706055,44.0,42.869998931884766,43.34000015258789,36.89376449584961,83400
2012-08-22,43.16999816894531,43.5,43.09000015258789,43.209999084472656,36.78308868408203,45000
2012-08-23,43.04999923706055,43.25,42.02000045776367,42.5099983215332,36.18719482421875,32200
2012-08-24,42.470001220703125,42.65999984741211,42.130001068115234,42.31999969482422,36.02546691894531,108600
2012-08-27,42.45000076293945,42.4900016784668,42.099998474121094,42.33000183105469,36.03398513793945,37500
2012-08-28,42.220001220703125,42.400001525878906,42.040000915527344,42.31999969482422,36.02546691894531,52400
2012-08-29,42.279998779296875,42.400001525878906,42.0,42.349998474121094,36.19641876220703,44900
2012-08-30,41.95000076293945,41.9900016784668,41.709999084472656,41.709999084472656,35.649417877197266,21900
2012-08-31,42.0,42.150001525878906,41.79999923706055,41.95000076293945,35.854549407958984,38600
2012-09-04,41.810001373291016,42.349998474121094,41.279998779296875,42.16999816894531,36.042572021484375,62800
2012-09-05,41.97999954223633,42.29999923706055,41.97999954223633,42.08000183105469,35.965633392333984,47100
2012-09-06,42.380001068115234,43.4900016784668,42.2599983215332,43.41999816894531,37.110939025878906,69700
2012-09-07,43.689998626708984,44.02000045776367,43.619998931884766,43.93000030517578,37.54682922363281,18500
2012-09-10,43.75,44.45000076293945,43.5099983215332,43.93000030517578,37.54682922363281,37100
2012-09-11,43.68000030517578,44.369998931884766,43.630001068115234,43.869998931884766,37.49555969238281,38500
2012-09-12,44.099998474121094,44.20000076293945,43.75,44.0,37.606651306152344,22500
2012-09-13,44.0099983215332,44.4900016784668,43.720001220703125,43.95000076293945,37.56393051147461,80900
2012-09-14,43.9900016784668,45.0,43.9900016784668,44.15999984741211,37.7434196472168,61700
2012-09-17,44.06999969482422,44.06999969482422,43.43000030517578,43.90999984741211,37.52973556518555,38000
2012-09-18,43.650001525878906,44.0,43.529998779296875,43.779998779296875,37.41862869262695,37100
2012-09-19,43.709999084472656,43.959999084472656,43.0099983215332,43.91999816894531,37.53828811645508,46300
2012-09-20,43.540000915527344,44.439998626708984,43.529998779296875,44.13999938964844,37.726318359375,44200
2012-09-21,44.18000030517578,44.540000915527344,44.08000183105469,44.25,37.820343017578125,90900
2012-09-24,44.25,44.65999984741211,43.810001373291016,43.95000076293945,37.56393051147461,45900
2012-09-25,44.13999938964844,44.220001220703125,42.72999954223633,42.81999969482422,36.598114013671875,54300
2012-09-26,42.90999984741211,43.02000045776367,42.59000015258789,42.93000030517578,36.692138671875,33000
2012-09-27,43.119998931884766,43.189998626708984,42.65999984741211,43.0099983215332,36.7605094909668,55600
2012-09-28,42.720001220703125,43.060001373291016,42.36000061035156,42.81999969482422,36.598114013671875,31500
2012-10-01,42.95000076293945,43.529998779296875,42.0,42.90999984741211,36.675045013427734,66200
2012-10-02,43.15999984741211,43.2400016784668,42.2400016784668,42.959999084472656,36.717777252197266,41200
2012-10-03,43.150001525878906,43.189998626708984,42.0,42.220001220703125,36.085304260253906,18600
2012-10-04,42.310001373291016,42.63999938964844,41.63999938964844,42.63999938964844,36.444278717041016,37500
2012-10-05,42.7400016784668,43.15999984741211,42.29999923706055,42.439998626708984,36.273338317871094,79700
2012-10-08,42.33000183105469,42.72999954223633,42.279998779296875,42.650001525878906,36.45281982421875,37000
2012-10-09,42.7599983215332,42.7599983215332,41.79999923706055,41.880001068115234,35.79471206665039,36900
2012-10-10,41.79999923706055,41.83000183105469,40.90999984741211,41.220001220703125,35.2305908203125,57900
2012-10-11,41.45000076293945,42.150001525878906,41.27000045776367,42.029998779296875,35.92290496826172,24100
2012-10-12,42.02000045776367,42.400001525878906,42.02000045776367,42.18000030517578,36.05111312866211,21400
2012-10-15,42.209999084472656,42.72999954223633,41.40999984741211,41.849998474121094,35.769065856933594,63700
2012-10-16,42.0099983215332,42.380001068115234,41.869998931884766,42.27000045776367,36.12803268432617,44800
2012-10-17,42.29999923706055,42.349998474121094,41.54999923706055,42.060001373291016,35.94855499267578,44600
2012-10-18,41.880001068115234,41.880001068115234,41.529998779296875,41.63999938964844,35.58957290649414,44200
2012-10-19,41.41999816894531,41.56999969482422,37.810001373291016,38.470001220703125,32.88017654418945,261000
2012-10-22,38.40999984741211,38.75,37.7400016784668,38.16999816894531,32.62377166748047,81600
2012-10-23,37.84000015258789,38.619998931884766,37.81999969482422,38.279998779296875,32.717796325683594,54200
2012-10-24,37.619998931884766,38.599998474121094,34.790000915527344,38.36000061035156,32.786170959472656,344000
2012-10-25,38.209999084472656,38.439998626708984,36.709999084472656,37.150001525878906,31.751985549926758,117500
2012-10-26,37.09000015258789,37.650001525878906,37.0099983215332,37.349998474121094,31.92291831970215,50400
2012-10-31,37.560001373291016,37.869998931884766,37.18000030517578,37.41999816894531,31.98276138305664,88400
2012-11-01,37.599998474121094,38.15999984741211,37.560001373291016,38.060001373291016,32.529762268066406,67900
2012-11-02,38.27000045776367,38.27000045776367,37.54999923706055,37.56999969482422,32.1109733581543,54000
2012-11-05,37.63999938964844,38.08000183105469,37.18000030517578,37.72999954223633,32.247703552246094,36000
2012-11-06,37.9900016784668,38.61000061035156,37.84000015258789,38.08000183105469,32.54685592651367,28500
2012-11-07,37.59000015258789,37.59000015258789,36.5,36.72999954223633,31.39301872253418,62500
2012-11-08,37.209999084472656,37.209999084472656,36.65999984741211,36.68000030517578,31.350284576416016,62800
2012-11-09,36.630001068115234,37.11000061035156,36.540000915527344,36.959999084472656,31.589603424072266,104200
2012-11-12,37.0099983215332,37.2400016784668,36.849998474121094,37.0,31.623783111572266,25800
2012-11-13,36.66999816894531,36.95000076293945,36.27000045776367,36.33000183105469,31.051130294799805,24600
2012-11-14,36.56999969482422,36.56999969482422,35.83000183105469,35.880001068115234,30.666532516479492,51000
2012-11-15,35.779998779296875,36.029998779296875,35.400001525878906,35.599998474121094,30.42720603942871,43900
2012-11-16,35.470001220703125,35.599998474121094,35.119998931884766,35.29999923706055,30.170799255371094,154600
2012-11-19,35.72999954223633,36.0,35.06999969482422,36.0,30.769088745117188,67500
2012-11-20,35.869998931884766,36.97999954223633,35.41999816894531,36.599998474121094,31.281898498535156,120600
2012-11-21,36.70000076293945,37.84000015258789,36.290000915527344,37.61000061035156,32.1451530456543,55500
2012-11-23,37.81999969482422,37.970001220703125,37.5099983215332,37.7400016784668,32.25625991821289,15800
2012-11-26,37.720001220703125,37.88999938964844,36.939998626708984,37.790000915527344,32.29899215698242,53300
2012-11-27,37.650001525878906,38.52000045776367,36.97999954223633,37.0,31.623783111572266,101500
2012-11-28,36.66999816894531,38.0,36.45000076293945,38.0,32.63725280761719,93900
2012-11-29,38.400001525878906,38.689998626708984,37.560001373291016,37.720001220703125,32.39677047729492,78300
2012-11-30,37.779998779296875,38.20000076293945,37.36000061035156,38.13999938964844,32.757511138916016,91800
2012-12-03,38.470001220703125,38.470001220703125,37.5099983215332,37.68000030517578,32.362422943115234,51300
2012-12-04,37.7599983215332,38.75,37.4900016784668,38.630001068115234,33.17835235595703,36100
2012-12-05,38.70000076293945,38.75,38.20000076293945,38.45000076293945,33.02376174926758,63600
2012-12-06,38.27000045776367,38.68000030517578,38.119998931884766,38.540000915527344,33.10105514526367,40100
2012-12-07,38.75,38.970001220703125,38.5,38.7599983215332,33.290008544921875,39700
2012-12-10,38.75,39.400001525878906,38.75,39.279998779296875,33.736610412597656,42700
2012-12-11,39.5,40.22999954223633,39.439998626708984,40.09000015258789,34.43230056762695,53200
2012-12-12,40.220001220703125,40.93000030517578,39.58000183105469,39.79999923706055,34.183231353759766,95400
2012-12-13,39.900001525878906,40.459999084472656,39.900001525878906,40.209999084472656,34.535369873046875,34300
2012-12-14,40.25,41.58000183105469,40.25,41.29999923706055,35.471553802490234,74800
2012-12-17,41.40999984741211,42.099998474121094,41.40999984741211,41.7400016784668,35.84943389892578,116000
2012-12-18,41.84000015258789,42.650001525878906,41.33000183105469,42.369998931884766,36.39054489135742,58500
2012-12-19,42.45000076293945,42.849998474121094,42.18000030517578,42.4900016784668,36.49359130859375,41600
2012-12-20,42.560001373291016,43.290000915527344,42.2599983215332,42.70000076293945,36.6739616394043,57300
2012-12-21,42.36000061035156,43.060001373291016,42.0099983215332,42.849998474121094,36.80280685424805,183700
2012-12-24,42.650001525878906,43.0,42.470001220703125,42.83000183105469,36.78562545776367,18000
2012-12-26,42.91999816894531,43.31999969482422,42.25,42.38999938964844,36.40772247314453,28100
2012-12-27,42.45000076293945,42.849998474121094,42.0099983215332,42.66999816894531,36.6482048034668,33200
2012-12-28,42.529998779296875,43.099998474121094,42.34000015258789,42.369998931884766,36.39054489135742,53100
2012-12-31,42.400001525878906,44.22999954223633,42.189998626708984,43.95000076293945,37.747562408447266,68700
2013-01-02,43.959999084472656,45.310001373291016,43.959999084472656,44.75,38.434661865234375,117800
2013-01-03,44.68000030517578,44.86000061035156,44.31999969482422,44.650001525878906,38.3487663269043,100900
2013-01-04,44.95000076293945,44.9900016784668,43.75,44.16999816894531,37.936500549316406,269100
2013-01-07,44.04999923706055,44.95000076293945,43.810001373291016,44.849998474121094,38.520545959472656,272100
2013-01-08,44.709999084472656,44.709999084472656,44.34000015258789,44.4900016784668,38.21135711669922,148000
2013-01-09,44.5,44.75,44.400001525878906,44.4900016784668,38.21135711669922,77000
2013-01-10,44.59000015258789,44.970001220703125,44.29999923706055,44.880001068115234,38.546321868896484,87700
2013-01-11,44.75,45.060001373291016,44.15999984741211,44.689998626708984,38.383121490478516,95900
2013-01-14,44.33000183105469,44.41999816894531,43.900001525878906,44.06999969482422,37.85063552856445,180600
2013-01-15,43.91999816894531,44.709999084472656,43.900001525878906,44.66999816894531,38.365962982177734,58000
2013-01-16,44.56999969482422,45.040000915527344,44.349998474121094,44.83000183105469,38.50337219238281,56000
2013-01-17,45.099998474121094,45.70000076293945,45.06999969482422,45.650001525878906,39.207645416259766,53100
2013-01-18,45.52000045776367,46.29999923706055,45.189998626708984,46.220001220703125,39.69722366333008,174100
2013-01-22,46.220001220703125,46.61000061035156,45.83000183105469,46.470001220703125,39.91193389892578,63500
2013-01-23,46.59000015258789,46.59000015258789,46.040000915527344,46.130001068115234,39.619911193847656,106300
2013-01-24,46.220001220703125,46.68000030517578,46.18000030517578,46.220001220703125,39.69722366333008,175500
2013-01-25,46.34000015258789,46.61000061035156,45.88999938964844,46.560001373291016,39.98923110961914,112200
2013-01-28,46.63999938964844,46.81999969482422,46.31999969482422,46.5099983215332,39.94628143310547,169000
2013-01-29,46.560001373291016,47.189998626708984,45.970001220703125,46.22999954223633,39.705810546875,255900
2013-01-30,46.130001068115234,46.41999816894531,45.880001068115234,46.08000183105469,39.57695770263672,98700
2013-01-31,45.9900016784668,46.36000061035156,45.79999923706055,46.040000915527344,39.54261779785156,169800
2013-02-01,46.38999938964844,46.84000015258789,46.29999923706055,46.400001525878906,39.851802825927734,137900
2013-02-04,46.099998474121094,46.630001068115234,45.56999969482422,45.83000183105469,39.36225891113281,73700
2013-02-05,46.11000061035156,46.880001068115234,45.7599983215332,46.7400016784668,40.143836975097656,67800
2013-02-06,46.40999984741211,46.709999084472656,46.25,46.709999084472656,40.11806869506836,38200
2013-02-07,46.619998931884766,46.75,46.220001220703125,46.619998931884766,40.040748596191406,38300
2013-02-08,46.619998931884766,47.66999816894531,46.40999984741211,46.970001220703125,40.34137725830078,58700
2013-02-11,46.939998626708984,47.029998779296875,46.59000015258789,46.75,40.15240478515625,59300
2013-02-12,46.65999984741211,47.29999923706055,46.65999984741211,47.209999084472656,40.54750061035156,40900
2013-02-13,47.2599983215332,47.349998474121094,46.56999969482422,47.310001373291016,40.633392333984375,61800
2013-02-14,47.209999084472656,47.70000076293945,47.189998626708984,47.5099983215332,40.80514907836914,41100
2013-02-15,47.720001220703125,47.83000183105469,46.540000915527344,46.7400016784668,40.143836975097656,96700
2013-02-19,46.61000061035156,50.310001373291016,46.61000061035156,49.81999969482422,42.789161682128906,156300
2013-02-20,50.18000030517578,50.33000183105469,46.84000015258789,46.88999938964844,40.27265930175781,166800
2013-02-21,46.880001068115234,47.2400016784668,46.15999984741211,47.029998779296875,40.39289474487305,92500
2013-02-22,47.06999969482422,48.119998931884766,46.88999938964844,47.849998474121094,41.09717559814453,114400
2013-02-25,47.849998474121094,47.849998474121094,45.650001525878906,45.72999954223633,39.27634811401367,108300
2013-02-26,45.84000015258789,46.470001220703125,45.599998474121094,46.040000915527344,39.69887924194336,73400
2013-02-27,45.93000030517578,46.720001220703125,45.880001068115234,46.2400016784668,39.871334075927734,119900
2013-02-28,46.150001525878906,46.84000015258789,45.93000030517578,46.66999816894531,40.24210739135742,84700
2013-03-01,46.2599983215332,46.91999816894531,45.75,46.810001373291016,40.36281967163086,31100
2013-03-04,46.68000030517578,47.130001068115234,46.470001220703125,47.0,40.526649475097656,70200
2013-03-05,47.279998779296875,47.58000183105469,46.81999969482422,47.41999816894531,40.88880920410156,62800
2013-03-06,47.54999923706055,47.86000061035156,47.31999969482422,47.75,41.17334747314453,42000
2013-03-07,47.900001525878906,48.099998474121094,47.15999984741211,47.849998474121094,41.25957489013672,70200
2013-03-08,48.150001525878906,48.41999816894531,47.75,48.27000045776367,41.62174987792969,39300
2013-03-11,48.0,48.31999969482422,47.31999969482422,47.68000030517578,41.11299514770508,35400
2013-03-12,47.529998779296875,48.130001068115234,47.27000045776367,47.61000061035156,41.052650451660156,36200
2013-03-13,47.689998626708984,48.439998626708984,47.540000915527344,48.029998779296875,41.414794921875,39600
2013-03-14,48.2599983215332,48.47999954223633,47.93000030517578,48.47999954223633,41.80281448364258,23100
2013-03-15,48.630001068115234,49.400001525878906,48.2599983215332,48.970001220703125,42.22533416748047,119600
2013-03-18,48.290000915527344,49.130001068115234,48.20000076293945,48.88999938964844,42.156341552734375,43900
2013-03-19,49.15999984741211,49.18000030517578,47.810001373291016,48.380001068115234,41.71657943725586,45900
2013-03-20,48.65999984741211,49.209999084472656,48.5099983215332,49.16999816894531,42.39778137207031,38400
2013-03-21,48.439998626708984,49.040000915527344,48.439998626708984,48.63999938964844,41.94077682495117,57600
2013-03-22,48.7599983215332,48.86000061035156,48.650001525878906,48.779998779296875,42.061485290527344,23400
2013-03-25,49.060001373291016,49.61000061035156,48.86000061035156,49.529998779296875,42.70819091796875,64300
2013-03-26,49.66999816894531,49.939998626708984,49.02000045776367,49.459999084472656,42.647830963134766,62900
2013-03-27,48.959999084472656,48.959999084472656,48.380001068115234,48.79999923706055,42.0787239074707,33600
2013-03-28,48.939998626708984,48.970001220703125,48.459999084472656,48.560001373291016,41.871788024902344,62500
2013-04-01,48.599998474121094,48.970001220703125,46.88999938964844,47.150001525878906,40.65599060058594,58200
2013-04-02,47.369998931884766,47.81999969482422,46.5,46.72999954223633,40.293846130371094,43100
2013-04-03,46.689998626708984,46.91999816894531,45.40999984741211,45.77000045776367,39.466064453125,60900
2013-04-04,45.880001068115234,46.25,45.540000915527344,46.18000030517578,39.81958770751953,40700
2013-04-05,45.2599983215332,46.619998931884766,44.959999084472656,46.5099983215332,40.1041374206543,55600
2013-04-08,46.52000045776367,46.689998626708984,45.810001373291016,46.630001068115234,40.207618713378906,41700
2013-04-09,46.59000015258789,46.849998474121094,46.20000076293945,46.54999923706055,40.138633728027344,37000
2013-04-10,46.619998931884766,47.880001068115234,46.310001373291016,47.810001373291016,41.2250862121582,55000
2013-04-11,47.5,47.86000061035156,47.27000045776367,47.560001373291016,41.009521484375,31200
2013-04-12,47.290000915527344,47.599998474121094,46.630001068115234,46.869998931884766,40.414554595947266,30900
2013-04-15,46.43000030517578,46.79999923706055,43.880001068115234,44.5,38.37098693847656,114700
2013-04-16,45.099998474121094,46.209999084472656,44.58000183105469,46.029998779296875,39.690250396728516,65300
2013-04-17,45.540000915527344,45.970001220703125,44.810001373291016,45.34000015258789,39.09528732299805,68700
2013-04-18,45.5,45.86000061035156,45.02000045776367,45.380001068115234,39.129783630371094,86100
2013-04-19,45.540000915527344,46.709999084472656,45.27000045776367,46.630001068115234,40.207618713378906,64700
2013-04-22,46.29999923706055,46.540000915527344,45.29999923706055,46.0099983215332,39.673004150390625,121700
2013-04-23,46.2599983215332,46.439998626708984,45.93000030517578,46.380001068115234,39.99204635620117,127300
2013-04-24,46.4900016784668,46.66999816894531,46.25,46.59000015258789,40.173118591308594,22100
2013-04-25,46.720001220703125,47.36000061035156,46.439998626708984,47.119998931884766,40.630123138427734,40600
2013-04-26,46.86000061035156,46.93000030517578,46.65999984741211,46.81999969482422,40.37145233154297,58500
2013-04-29,46.75,47.45000076293945,46.689998626708984,47.31999969482422,40.80257034301758,32200
2013-04-30,47.310001373291016,47.869998931884766,46.90999984741211,47.81999969482422,41.23372268676758,43600
2013-05-01,47.470001220703125,47.61000061035156,46.70000076293945,46.849998474121094,40.397315979003906,115200
2013-05-02,47.0,48.40999984741211,46.81999969482422,48.099998474121094,41.47514724731445,75600
2013-05-03,48.84000015258789,50.119998931884766,48.84000015258789,49.400001525878906,42.596099853515625,105100
2013-05-06,49.33000183105469,49.900001525878906,49.33000183105469,49.650001525878906,42.81166458129883,66500
2013-05-07,49.65999984741211,50.0,49.58000183105469,49.97999954223633,43.096229553222656,58400
2013-05-08,49.79999923706055,50.97999954223633,49.79999923706055,50.97999954223633,43.95848846435547,55000
2013-05-09,50.75,51.22999954223633,49.810001373291016,49.93000030517578,43.053096771240234,65700
2013-05-10,49.970001220703125,50.130001068115234,49.36000061035156,49.90999984741211,43.035858154296875,27000
2013-05-13,49.90999984741211,49.90999984741211,49.43000030517578,49.7400016784668,42.8892822265625,21700
2013-05-14,49.66999816894531,50.650001525878906,49.599998474121094,50.560001373291016,43.59633255004883,47200
2013-05-15,50.09000015258789,50.849998474121094,50.09000015258789,50.540000915527344,43.57908630371094,52100
2013-05-16,50.2400016784668,51.0,49.95000076293945,50.65999984741211,43.68254852294922,45800
2013-05-17,51.0,51.11000061035156,50.459999084472656,51.0,43.975730895996094,56600
2013-05-20,50.7400016784668,51.79999923706055,50.70000076293945,51.04999923706055,44.01884078979492,73800
2013-05-21,51.0,51.130001068115234,50.560001373291016,50.900001525878906,43.88951110839844,47100
2013-05-22,50.869998931884766,51.08000183105469,49.59000015258789,49.9900016784668,43.10484313964844,69600
2013-05-23,49.599998474121094,50.040000915527344,49.45000076293945,49.9900016784668,43.10484313964844,26800
2013-05-24,49.599998474121094,49.81999969482422,49.11000061035156,49.540000915527344,42.7168083190918,28800
2013-05-28,50.369998931884766,50.459999084472656,49.84000015258789,50.0,43.113460540771484,176100
2013-05-29,49.900001525878906,50.439998626708984,49.56999969482422,50.08000183105469,43.33846664428711,74200
2013-05-30,50.2599983215332,51.380001068115234,50.04999923706055,50.7599983215332,43.926910400390625,39100
2013-05-31,50.25,50.400001525878906,49.09000015258789,49.34000015258789,42.69807052612305,83900
2013-06-03,49.529998779296875,50.86000061035156,49.09000015258789,50.65999984741211,43.84037399291992,106300
2013-06-04,50.709999084472656,51.18000030517578,50.18000030517578,50.84000015258789,43.996158599853516,54500
2013-06-05,50.720001220703125,51.029998779296875,50.34000015258789,50.59000015258789,43.779815673828125,54800
2013-06-06,50.47999954223633,50.90999984741211,50.31999969482422,50.540000915527344,43.736534118652344,96500
2013-06-07,50.91999816894531,51.11000061035156,50.5,50.7599983215332,43.926910400390625,24700
2013-06-10,50.75,50.95000076293945,50.4900016784668,50.90999984741211,44.056732177734375,22100
2013-06-11,50.2599983215332,50.77000045776367,50.0099983215332,50.150001525878906,43.3990364074707,65900
2013-06-12,50.33000183105469,50.459999084472656,50.0099983215332,50.220001220703125,43.45960235595703,35100
2013-06-13,50.060001373291016,51.61000061035156,50.060001373291016,51.5,44.56730270385742,28400
2013-06-14,51.33000183105469,51.4900016784668,50.68000030517578,50.790000915527344,43.952884674072266,26200
2013-06-17,51.40999984741211,51.459999084472656,50.90999984741211,51.02000045776367,44.15192794799805,52600
2013-06-18,51.06999969482422,51.880001068115234,51.040000915527344,51.619998931884766,44.67115783691406,58200
2013-06-19,51.540000915527344,51.59000015258789,50.70000076293945,50.77000045776367,43.935577392578125,48900
2013-06-20,49.91999816894531,50.5099983215332,49.79999923706055,50.279998779296875,43.51152420043945,71600
2013-06-21,50.779998779296875,50.83000183105469,49.689998626708984,49.88999938964844,43.174034118652344,178400
2013-06-24,49.18000030517578,49.25,46.90999984741211,47.54999923706055,41.1490364074707,109500
2013-06-25,47.959999084472656,47.959999084472656,47.33000183105469,47.5,41.10576629638672,79600
2013-06-26,47.869998931884766,48.08000183105469,46.810001373291016,47.220001220703125,40.86347198486328,85200
2013-06-27,47.38999938964844,48.7599983215332,47.310001373291016,48.29999923706055,41.79806900024414,99800
2013-06-28,48.150001525878906,48.70000076293945,47.9900016784668,48.27000045776367,41.772117614746094,142800
2013-07-01,48.7400016784668,49.81999969482422,48.2400016784668,49.63999938964844,42.957698822021484,67700
2013-07-02,49.650001525878906,50.16999816894531,49.11000061035156,49.9900016784668,43.260589599609375,43600
2013-07-03,49.810001373291016,50.849998474121094,49.810001373291016,50.560001373291016,43.753841400146484,26700
2013-07-05,51.279998779296875,51.7599983215332,50.599998474121094,51.5,44.56730270385742,59500
2013-07-08,51.54999923706055,51.869998931884766,51.22999954223633,51.810001373291016,44.835567474365234,52600
2013-07-09,51.880001068115234,53.310001373291016,51.599998474121094,52.810001373291016,45.700958251953125,69300
2013-07-10,52.970001220703125,53.22999954223633,52.06999969482422,52.150001525878906,45.12980651855469,71300
2013-07-11,52.939998626708984,53.099998474121094,52.220001220703125,52.439998626708984,45.38075637817383,40400
2013-07-12,52.20000076293945,52.400001525878906,51.54999923706055,52.15999984741211,45.138450622558594,76600
2013-07-15,52.220001220703125,52.70000076293945,52.029998779296875,52.5,45.432682037353516,62700
2013-07-16,52.58000183105469,52.689998626708984,51.81999969482422,52.09000015258789,45.077884674072266,52500
2013-07-17,52.529998779296875,52.529998779296875,51.029998779296875,51.349998474121094,44.437503814697266,58400
2013-07-18,51.65999984741211,51.689998626708984,51.31999969482422,51.54999923706055,44.61057662963867,38900
2013-07-19,51.5099983215332,51.900001525878906,51.279998779296875,51.68000030517578,44.72308349609375,87900
2013-07-22,51.88999938964844,52.09000015258789,51.31999969482422,51.869998931884766,44.88750076293945,38800
2013-07-23,52.029998779296875,52.33000183105469,51.61000061035156,52.209999084472656,45.181739807128906,69100
2013-07-24,52.56999969482422,52.849998474121094,51.70000076293945,51.91999816894531,44.93075942993164,73000
2013-07-25,52.0,53.36000061035156,52.0,52.790000915527344,45.68366241455078,147100
2013-07-26,52.27000045776367,53.209999084472656,50.4900016784668,51.849998474121094,44.87019348144531,81600
2013-07-29,51.56999969482422,51.880001068115234,50.279998779296875,50.599998474121094,43.78846740722656,61400
2013-07-30,50.97999954223633,51.25,50.66999816894531,51.25,44.3509521484375,58600
2013-07-31,51.59000015258789,52.0,51.41999816894531,51.599998474121094,44.65384292602539,66500
2013-08-01,52.369998931884766,52.369998931884766,51.7599983215332,52.119998931884766,45.10384750366211,102000
2013-08-02,52.0,52.20000076293945,51.849998474121094,52.099998474121094,45.0865364074707,102600
2013-08-05,52.09000015258789,52.470001220703125,51.54999923706055,52.459999084472656,45.39808654785156,42800
2013-08-06,52.13999938964844,52.61000061035156,51.869998931884766,52.61000061035156,45.52788162231445,120600
2013-08-07,52.279998779296875,52.52000045776367,51.81999969482422,52.41999816894531,45.36346435546875,82100
2013-08-08,52.880001068115234,53.310001373291016,52.52000045776367,53.25,46.08174133300781,50300
2013-08-09,52.93000030517578,53.630001068115234,52.93000030517578,53.54999923706055,46.34134292602539,37500
2013-08-12,53.08000183105469,54.0,53.08000183105469,53.72999954223633,46.49711990356445,35400
2013-08-13,53.650001525878906,54.540000915527344,53.650001525878906,54.189998626708984,46.89519119262695,28400
2013-08-14,54.15999984741211,54.209999084472656,53.66999816894531,54.150001525878906,46.8605842590332,79300
2013-08-15,53.4900016784668,54.380001068115234,53.29999923706055,54.029998779296875,46.75674057006836,107900
2013-08-16,53.70000076293945,54.31999969482422,53.540000915527344,54.08000183105469,46.79999923706055,52700
2013-08-19,53.849998474121094,54.2599983215332,53.630001068115234,53.86000061035156,46.6096076965332,47000
2013-08-20,53.7599983215332,54.43000030517578,53.709999084472656,54.209999084472656,46.912506103515625,25700
2013-08-21,53.86000061035156,54.72999954223633,53.790000915527344,54.06999969482422,46.791343688964844,52800
2013-08-22,54.43000030517578,55.279998779296875,54.11000061035156,54.9900016784668,47.58749771118164,156600
2013-08-23,54.9900016784668,55.119998931884766,54.45000076293945,54.68000030517578,47.319217681884766,16400
2013-08-26,54.650001525878906,54.880001068115234,54.130001068115234,54.41999816894531,47.09421920776367,20100
2013-08-27,53.720001220703125,53.810001373291016,52.119998931884766,52.25,45.21634292602539,65000
2013-08-28,52.099998474121094,52.529998779296875,51.400001525878906,52.400001525878906,45.50291442871094,43700
2013-08-29,52.400001525878906,52.83000183105469,52.16999816894531,52.779998779296875,45.832889556884766,50400
2013-08-30,52.619998931884766,52.619998931884766,51.279998779296875,51.369998931884766,44.60848617553711,58800
2013-09-03,52.02000045776367,52.400001525878906,51.20000076293945,51.529998779296875,44.74740982055664,39600
2013-09-04,51.470001220703125,52.040000915527344,51.189998626708984,51.970001220703125,45.12950134277344,93000
2013-09-05,52.209999084472656,52.54999923706055,51.959999084472656,52.290000915527344,45.40739059448242,151100
2013-09-06,52.66999816894531,53.59000015258789,51.689998626708984,53.31999969482422,46.30181121826172,94500
2013-09-09,53.400001525878906,54.869998931884766,53.400001525878906,54.779998779296875,47.56963348388672,158600
2013-09-10,54.880001068115234,55.369998931884766,54.54999923706055,55.25,47.977787017822266,119200
2013-09-11,55.220001220703125,56.189998626708984,54.970001220703125,55.279998779296875,48.00382995605469,52800
2013-09-12,55.099998474121094,55.63999938964844,54.88999938964844,55.31999969482422,48.038578033447266,112700
2013-09-13,55.66999816894531,56.27000045776367,55.36000061035156,55.95000076293945,48.58564758300781,38100
2013-09-16,56.9900016784668,57.9900016784668,56.880001068115234,57.7400016784668,50.140045166015625,91900
2013-09-17,57.7400016784668,58.11000061035156,57.369998931884766,58.0,50.36581802368164,49000
2013-09-18,58.06999969482422,59.70000076293945,57.77000045776367,59.41999816894531,51.598907470703125,52500
2013-09-19,59.45000076293945,59.869998931884766,58.779998779296875,58.880001068115234,51.12998962402344,53500
2013-09-20,59.25,61.29999923706055,58.90999984741211,61.09000015258789,53.049110412597656,186000
2013-09-23,60.720001220703125,61.54999923706055,60.0099983215332,61.310001373291016,53.24014663696289,61100
2013-09-24,61.209999084472656,62.58000183105469,61.20000076293945,61.68000030517578,53.56145477294922,75900
2013-09-25,61.75,62.189998626708984,61.4900016784668,61.939998626708984,53.7872200012207,96200
2013-09-26,61.93000030517578,62.54999923706055,61.79999923706055,62.45000076293945,54.2300910949707,37200
2013-09-27,61.86000061035156,62.63999938964844,61.86000061035156,62.5,54.27350616455078,57500
2013-09-30,61.7400016784668,62.63999938964844,61.7400016784668,62.0,53.83932876586914,92100
2013-10-01,61.91999816894531,63.040000915527344,61.91999816894531,62.95000076293945,54.66429138183594,56800
2013-10-02,62.540000915527344,62.880001068115234,62.20000076293945,62.650001525878906,54.40376663208008,52100
2013-10-03,62.31999969482422,62.849998474121094,61.2599983215332,62.650001525878906,54.40376663208008,76000
2013-10-04,62.5,63.70000076293945,62.5,62.619998931884766,54.37771224975586,47400
2013-10-07,61.97999954223633,63.470001220703125,61.75,62.95000076293945,54.66429138183594,55900
2013-10-08,63.119998931884766,63.380001068115234,62.45000076293945,62.84000015258789,54.56875228881836,106300
2013-10-09,62.90999984741211,63.08000183105469,62.54999923706055,62.83000183105469,54.56007766723633,150300
2013-10-10,63.63999938964844,64.01000213623047,63.040000915527344,63.619998931884766,55.246097564697266,93900
2013-10-11,63.20000076293945,65.0999984741211,63.099998474121094,65.05999755859375,56.49655532836914,39600
2013-10-14,64.38999938964844,66.93000030517578,64.36000061035156,66.83000183105469,58.03357696533203,58900
2013-10-15,67.11000061035156,67.11000061035156,66.06999969482422,66.33999633789062,57.608070373535156,62800
2013-10-16,66.6500015258789,67.69000244140625,66.37999725341797,66.55999755859375,57.799110412597656,42700
2013-10-17,66.22000122070312,66.87000274658203,66.02999877929688,66.83999633789062,58.04226303100586,46200
2013-10-18,67.43000030517578,68.80999755859375,67.31999969482422,68.69999694824219,59.65744400024414,49900
2013-10-21,68.62000274658203,69.05000305175781,68.20999908447266,68.4800033569336,59.466392517089844,93800
2013-10-22,68.66999816894531,68.94000244140625,67.80000305175781,67.9000015258789,58.96272277832031,160700
2013-10-23,67.0,67.0,63.65999984741211,64.13999938964844,55.6976432800293,125200
2013-10-24,63.869998931884766,63.939998626708984,62.31999969482422,63.22999954223633,54.90742111206055,94700
2013-10-25,63.22999954223633,63.5,61.060001373291016,61.880001068115234,53.73511505126953,97100
2013-10-28,61.72999954223633,61.72999954223633,60.41999816894531,60.77000045776367,52.77122116088867,109500
2013-10-29,60.849998474121094,61.400001525878906,60.400001525878906,60.70000076293945,52.71043014526367,76300
2013-10-30,60.90999984741211,61.060001373291016,59.939998626708984,60.29999923706055,52.36307144165039,39900
2013-10-31,60.41999816894531,61.09000015258789,60.2599983215332,60.689998626708984,52.70174026489258,56300
2013-11-01,60.47999954223633,61.130001068115234,59.43000030517578,60.970001220703125,52.94490051269531,76200
2013-11-04,60.9900016784668,61.779998779296875,60.5,61.619998931884766,53.509342193603516,82000
2013-11-05,61.68000030517578,61.849998474121094,61.2599983215332,61.709999084472656,53.58749008178711,44600
2013-11-06,61.9900016784668,62.27000045776367,61.0,61.209999084472656,53.1533088684082,44800
2013-11-07,61.349998474121094,61.349998474121094,57.650001525878906,58.04999923706055,50.40923309326172,127500
2013-11-08,58.0,60.540000915527344,58.0,60.33000183105469,52.3891487121582,43900
2013-11-11,60.33000183105469,60.90999984741211,59.79999923706055,60.34000015258789,52.3978157043457,16700
2013-11-12,60.310001373291016,60.68000030517578,60.0,60.54999923706055,52.580162048339844,21600
2013-11-13,60.11000061035156,61.90999984741211,60.11000061035156,61.689998626708984,53.57011795043945,21200
2013-11-14,61.5,61.7400016784668,61.25,61.470001220703125,53.37907791137695,26200
2013-11-15,61.36000061035156,61.90999984741211,61.0,61.58000183105469,53.4745979309082,48400
2013-11-18,61.52000045776367,61.52000045776367,60.25,60.66999816894531,52.684364318847656,35800
2013-11-19,60.52000045776367,61.040000915527344,60.220001220703125,60.65999984741211,52.675697326660156,26900
2013-11-20,60.689998626708984,61.06999969482422,60.040000915527344,60.900001525878906,52.884117126464844,36200
2013-11-21,61.02000045776367,62.220001220703125,61.02000045776367,61.959999084472656,53.80458450317383,80400
2013-11-22,61.86000061035156,62.90999984741211,61.4900016784668,62.70000076293945,54.44718933105469,27600
2013-11-25,62.70000076293945,63.459999084472656,62.70000076293945,63.20000076293945,54.881378173828125,27300
2013-11-26,63.060001373291016,65.08000183105469,63.060001373291016,65.0199966430664,56.623069763183594,61600
2013-11-27,65.26000213623047,66.66000366210938,64.73999786376953,65.33000183105469,56.89305877685547,108600
2013-11-29,65.83999633789062,65.83999633789062,65.05000305175781,65.26000213623047,56.83208084106445,21300
2013-12-02,65.08999633789062,65.08999633789062,63.4900016784668,64.29000091552734,55.98735427856445,118300
2013-12-03,64.02999877929688,64.94000244140625,63.79999923706055,64.61000061035156,56.26603698730469,61500
2013-12-04,64.51000213623047,64.5999984741211,63.47999954223633,64.05999755859375,55.78706359863281,94600
2013-12-05,63.86000061035156,64.55000305175781,63.529998779296875,64.26000213623047,55.96123123168945,62300
2013-12-06,65.05999755859375,65.3499984741211,64.54000091552734,64.91000366210938,56.52728271484375,59300
2013-12-09,65.27999877929688,65.63999938964844,64.33000183105469,65.41000366210938,56.962730407714844,56200
2013-12-10,65.13999938964844,65.73999786376953,64.51000213623047,64.86000061035156,56.4837532043457,97600
2013-12-11,65.08999633789062,65.33000183105469,63.95000076293945,64.19000244140625,55.900272369384766,70500
2013-12-12,64.12000274658203,64.5999984741211,63.7400016784668,64.2300033569336,55.93511199951172,47300
2013-12-13,64.45999908447266,65.48999786376953,64.41999816894531,64.72000122070312,56.361820220947266,60500
2013-12-16,65.19000244140625,66.38999938964844,65.19000244140625,65.87999725341797,57.37201690673828,59200
2013-12-17,65.69000244140625,65.94999694824219,64.12999725341797,64.47000122070312,56.144100189208984,59100
2013-12-18,64.5199966430664,65.0999984741211,63.79999923706055,65.0,56.605655670166016,68200
2013-12-19,64.16000366210938,65.51000213623047,64.16000366210938,64.97000122070312,56.57952880859375,44500
2013-12-20,65.19000244140625,67.08999633789062,64.45999908447266,66.80000305175781,58.17322540283203,163100
2013-12-23,66.93000030517578,67.95999908447266,65.70999908447266,67.77999877929688,59.026634216308594,84900
2013-12-24,67.77999877929688,68.83999633789062,67.19999694824219,67.72000122070312,58.97438430786133,72000
2013-12-26,67.83000183105469,69.02999877929688,67.80000305175781,68.6500015258789,59.78429412841797,47700
2013-12-27,68.97000122070312,68.97000122070312,66.5199966430664,66.81999969482422,58.19062042236328,52200
2013-12-30,66.81999969482422,68.8499984741211,66.19999694824219,68.08999633789062,59.2966194152832,88100
2013-12-31,68.55999755859375,69.18000030517578,66.9000015258789,67.80999755859375,59.05278778076172,150000
2014-01-02,67.80999755859375,67.80999755859375,66.12000274658203,66.36000061035156,57.7900390625,72200
2014-01-03,66.3499984741211,66.86000061035156,65.77999877929688,66.66000366210938,58.05129623413086,82300
2014-01-06,67.0,67.0,63.83000183105469,65.22000122070312,56.7972412109375,144600
2014-01-07,65.30000305175781,67.6500015258789,64.7300033569336,66.05999755859375,57.52876281738281,90500
2014-01-08,65.62000274658203,66.5,64.58000183105469,65.5199966430664,57.058509826660156,73700
2014-01-09,65.66999816894531,66.05999755859375,64.51000213623047,65.55000305175781,57.08464431762695,45800
2014-01-10,65.58999633789062,66.56999969482422,64.95999908447266,66.44999694824219,57.86841583251953,55400
2014-01-13,66.08999633789062,66.66000366210938,64.27999877929688,65.05999755859375,56.65791702270508,72200
2014-01-14,65.2300033569336,66.83000183105469,65.06999969482422,66.54000091552734,57.94679260253906,38900
2014-01-15,66.87000274658203,67.77999877929688,66.79000091552734,67.69999694824219,58.95697021484375,70600
2014-01-16,67.55999755859375,67.73999786376953,66.3499984741211,66.91000366210938,58.26899337768555,62100
2014-01-17,66.66999816894531,67.47000122070312,65.66999816894531,66.16000366210938,57.615848541259766,45300
2014-01-21,66.5999984741211,67.16000366210938,65.45999908447266,66.68000030517578,58.06869888305664,40800
2014-01-22,66.56999969482422,66.63999938964844,65.9800033569336,66.51000213623047,57.920658111572266,32000
2014-01-23,66.0199966430664,67.3499984741211,65.45999908447266,67.16999816894531,58.49542236328125,64700
2014-01-24,66.62999725341797,66.66000366210938,63.61000061035156,64.75,56.38795471191406,128400
2014-01-27,64.8499984741211,65.69000244140625,63.20000076293945,64.05000305175781,55.778350830078125,63500
2014-01-28,64.23999786376953,65.2300033569336,63.970001220703125,65.0,56.605655670166016,48700
2014-01-29,64.37999725341797,65.54000091552734,63.16999816894531,63.97999954223633,55.71739196777344,58500
2014-01-30,64.47000122070312,66.2699966430664,64.44000244140625,64.80999755859375,56.440189361572266,101000
2014-01-31,63.59000015258789,64.55999755859375,63.209999084472656,64.12999725341797,55.8480110168457,112800
2014-02-03,63.849998474121094,63.9900016784668,62.29999923706055,62.59000015258789,54.50690841674805,78800
2014-02-04,62.79999923706055,64.2699966430664,62.33000183105469,63.08000183105469,54.933624267578125,57300
2014-02-05,62.810001373291016,63.40999984741211,61.77000045776367,62.560001373291016,54.48078918457031,49100
2014-02-06,62.86000061035156,63.22999954223633,61.630001068115234,62.18000030517578,54.14985656738281,85600
2014-02-07,62.29999923706055,63.43000030517578,61.59000015258789,62.939998626708984,54.81171417236328,73200
2014-02-10,62.77000045776367,62.77000045776367,61.18000030517578,61.70000076293945,53.731834411621094,49100
2014-02-11,61.56999969482422,63.5,61.099998474121094,62.81999969482422,54.70719909667969,58400
2014-02-12,62.790000915527344,63.06999969482422,61.81999969482422,62.63999938964844,54.550453186035156,53600
2014-02-13,62.880001068115234,63.779998779296875,62.560001373291016,63.630001068115234,55.41259765625,46000
2014-02-14,63.70000076293945,63.70000076293945,62.47999954223633,63.25,55.08167266845703,19300
2014-02-18,63.470001220703125,64.25,63.099998474121094,63.7599983215332,55.525794982910156,38400
2014-02-19,63.5099983215332,64.0,62.15999984741211,62.33000183105469,54.280487060546875,47400
2014-02-20,62.56999969482422,64.23999786376953,62.5,64.02999877929688,55.76093292236328,31500
2014-02-21,64.3499984741211,64.3499984741211,62.90999984741211,63.130001068115234,54.9771728515625,43400
2014-02-24,62.93000030517578,64.44000244140625,62.93000030517578,64.0,55.734825134277344,63300
2014-02-25,63.7400016784668,63.7400016784668,58.7599983215332,59.02000045776367,51.397945404052734,198900
2014-02-26,58.75,58.84000015258789,57.150001525878906,58.209999084472656,50.69255828857422,149600
2014-02-27,57.849998474121094,60.81999969482422,57.15999984741211,60.66999816894531,52.99873733520508,93100
2014-02-28,60.86000061035156,62.04999923706055,60.560001373291016,61.2599983215332,53.51413345336914,75400
2014-03-03,60.540000915527344,61.650001525878906,60.41999816894531,61.290000915527344,53.540348052978516,75500
2014-03-04,62.279998779296875,64.72000122070312,62.099998474121094,64.19000244140625,56.07366943359375,126600
2014-03-05,64.26000213623047,64.44000244140625,63.36000061035156,64.11000061035156,56.003780364990234,75300
2014-03-06,64.45999908447266,64.55000305175781,63.41999816894531,64.30999755859375,56.1784782409668,49500
2014-03-07,64.73999786376953,65.56999969482422,64.18000030517578,64.76000213623047,56.57160949707031,45700
2014-03-10,64.68000030517578,65.44000244140625,64.51000213623047,65.4000015258789,57.130680084228516,47000
2014-03-11,65.27999877929688,65.44000244140625,63.65999984741211,64.13999938964844,56.030006408691406,69500
2014-03-12,63.689998626708984,65.11000061035156,63.33000183105469,64.4000015258789,56.257118225097656,109500
2014-03-13,64.68000030517578,64.68000030517578,63.119998931884766,63.88999938964844,55.81159591674805,55300
2014-03-14,63.86000061035156,65.0,63.86000061035156,64.30000305175781,56.16975021362305,31600
2014-03-17,64.77999877929688,65.0999984741211,64.19000244140625,64.72000122070312,56.53664779663086,36400
2014-03-18,65.18000030517578,65.18000030517578,64.1500015258789,64.69999694824219,56.51918411254883,46200
2014-03-19,64.56999969482422,64.56999969482422,63.2599983215332,64.30999755859375,56.1784782409668,46900
2014-03-20,64.0199966430664,64.61000061035156,63.95000076293945,64.1500015258789,56.038726806640625,44800
2014-03-21,64.27999877929688,65.0999984741211,63.869998931884766,64.62999725341797,56.45802688598633,175200
2014-03-24,64.29000091552734,64.33000183105469,63.060001373291016,63.689998626708984,55.63688659667969,45200
2014-03-25,64.13999938964844,64.37999725341797,63.13999938964844,63.45000076293945,55.42722702026367,108500
2014-03-26,64.01000213623047,64.01000213623047,63.11000061035156,63.279998779296875,55.278717041015625,60600
2014-03-27,63.310001373291016,64.20999908447266,62.599998474121094,63.97999954223633,55.890220642089844,64300
2014-03-28,63.939998626708984,65.41000366210938,63.880001068115234,64.08000183105469,55.97758102416992,45200
2014-03-31,64.48999786376953,65.94999694824219,63.83000183105469,65.62000274658203,57.3228645324707,69100
2014-04-01,65.61000061035156,66.61000061035156,65.04000091552734,66.47000122070312,58.06538772583008,60200
2014-04-02,66.66000366210938,66.66000366210938,64.55000305175781,65.41999816894531,57.14813995361328,66700
2014-04-03,65.23999786376953,65.27999877929688,64.22000122070312,64.94000244140625,56.72884750366211,24000
2014-04-04,65.41999816894531,65.63999938964844,62.290000915527344,62.97999954223633,55.01665496826172,58400
2014-04-07,62.650001525878906,63.18000030517578,61.279998779296875,61.709999084472656,53.9072380065918,86000
2014-04-08,61.93000030517578,64.2699966430664,61.16999816894531,63.93000030517578,55.84654235839844,63200
2014-04-09,64.0,64.6500015258789,63.5,64.45999908447266,56.30952072143555,38000
2014-04-10,64.26000213623047,64.26000213623047,62.34000015258789,62.4900016784668,54.588619232177734,51500
2014-04-11,61.7400016784668,62.790000915527344,61.7400016784668,61.959999084472656,54.1256217956543,38700
2014-04-14,62.79999923706055,64.12000274658203,62.619998931884766,63.290000915527344,55.28746795654297,50400
2014-04-15,63.54999923706055,64.08999633789062,61.779998779296875,63.279998779296875,55.278717041015625,36400
2014-04-16,63.65999984741211,64.30000305175781,63.65999984741211,64.08000183105469,55.97758102416992,27400
2014-04-17,64.1500015258789,66.0,64.05999755859375,65.94999694824219,57.61113739013672,68200
2014-04-21,65.80000305175781,66.37999725341797,64.79000091552734,66.19000244140625,57.82078170776367,105300
2014-04-22,66.26000213623047,66.56999969482422,65.73999786376953,66.02999877929688,57.68100357055664,90400
2014-04-23,65.83999633789062,65.83999633789062,64.16000366210938,64.19999694824219,56.082393646240234,102200
2014-04-24,64.68000030517578,64.69000244140625,62.90999984741211,63.119998931884766,55.13897705078125,137500
2014-04-25,62.869998931884766,62.95000076293945,61.54999923706055,61.7400016784668,53.9334602355957,61800
2014-04-28,62.11000061035156,63.09000015258789,61.5,62.540000915527344,54.63229751586914,70800
2014-04-29,62.63999938964844,64.05000305175781,62.560001373291016,63.83000183105469,55.75918960571289,75700
2014-04-30,63.79999923706055,64.5,63.13999938964844,63.790000915527344,55.72423553466797,81800
2014-05-01,63.45000076293945,64.18000030517578,62.84000015258789,63.310001373291016,55.30493927001953,101000
2014-05-02,63.630001068115234,64.37999725341797,63.40999984741211,64.08000183105469,55.97758102416992,61600
2014-05-05,63.58000183105469,64.48999786376953,63.09000015258789,64.30000305175781,56.16975021362305,66200
2014-05-06,63.9900016784668,64.47000122070312,63.290000915527344,63.72999954223633,55.67182922363281,74100
2014-05-07,63.9900016784668,65.41999816894531,63.06999969482422,65.33999633789062,57.07826232910156,89900
2014-05-08,64.94000244140625,66.8499984741211,64.94000244140625,66.0,57.65480422973633,125000
2014-05-09,65.58999633789062,66.98999786376953,65.1500015258789,66.7699966430664,58.32743835449219,64900
2014-05-12,66.88999938964844,68.79000091552734,66.88999938964844,68.1500015258789,59.532962799072266,69800
2014-05-13,67.9800033569336,68.08000183105469,65.9800033569336,66.05000305175781,57.698490142822266,104200
2014-05-14,65.87999725341797,66.75,63.939998626708984,63.97999954223633,55.890220642089844,64700
2014-05-15,63.599998474121094,64.23999786376953,62.95000076293945,64.19000244140625,56.07366943359375,77000
2014-05-16,64.06999969482422,64.36000061035156,63.45000076293945,63.5,55.470924377441406,57900
2014-05-19,63.40999984741211,64.4000015258789,63.18000030517578,64.19000244140625,56.07366943359375,43500
2014-05-20,63.900001525878906,63.900001525878906,62.43000030517578,62.810001373291016,54.86814880371094,79500
2014-05-21,63.0,63.689998626708984,62.5099983215332,62.849998474121094,54.90311050415039,66900
2014-05-22,62.959999084472656,63.650001525878906,62.75,63.220001220703125,55.22632598876953,42500
2014-05-23,63.36000061035156,64.38999938964844,62.279998779296875,64.37999725341797,56.23964309692383,146700
2014-05-27,64.5,65.41000366210938,64.4000015258789,64.83000183105469,56.63273620605469,75900
2014-05-28,64.5199966430664,64.5199966430664,63.70000076293945,64.29000091552734,56.33481216430664,50600
2014-05-29,64.27999877929688,64.81999969482422,63.97999954223633,64.19000244140625,56.247188568115234,44400
2014-05-30,64.19999694824219,64.5199966430664,63.689998626708984,63.90999984741211,56.00183868408203,69900
2014-06-02,64.1500015258789,64.1500015258789,62.630001068115234,63.529998779296875,55.668853759765625,46700
2014-06-03,63.310001373291016,63.400001525878906,62.779998779296875,63.02000045776367,55.221961975097656,106100
2014-06-04,62.72999954223633,63.45000076293945,62.72999954223633,63.11000061035156,55.30083465576172,30900
2014-06-05,63.380001068115234,65.58000183105469,62.779998779296875,65.38999938964844,57.298702239990234,60600
2014-06-06,65.83000183105469,67.1500015258789,65.43000030517578,66.12000274658203,57.93838882446289,82600
2014-06-09,65.83999633789062,67.0,65.80000305175781,66.6500015258789,58.40279769897461,49400
2014-06-10,66.6500015258789,66.66999816894531,65.8499984741211,66.55000305175781,58.31516647338867,19200
2014-06-11,66.1500015258789,66.1500015258789,65.01000213623047,65.44000244140625,57.34251022338867,36400
2014-06-12,65.19999694824219,65.19999694824219,63.630001068115234,64.11000061035156,56.17708206176758,46100
2014-06-13,64.31999969482422,64.31999969482422,63.099998474121094,63.709999084472656,55.82658004760742,55300
2014-06-16,63.810001373291016,64.0,63.2400016784668,63.970001220703125,56.05440902709961,33900
2014-06-17,64.01000213623047,64.94999694824219,63.959999084472656,64.66000366210938,56.65903091430664,71600
2014-06-18,64.52999877929688,64.80000305175781,63.75,64.6500015258789,56.65027618408203,47300
2014-06-19,64.69000244140625,65.68000030517578,64.45999908447266,65.33000183105469,57.246124267578125,72800
2014-06-20,65.23999786376953,68.29000091552734,65.23999786376953,67.70999908447266,59.331634521484375,235400
2014-06-23,67.87999725341797,68.05000305175781,66.94999694824219,68.0,59.585758209228516,76300
2014-06-24,68.08999633789062,69.19999694824219,67.5,68.68000030517578,60.18159103393555,135800
2014-06-25,68.5199966430664,71.04000091552734,67.94000244140625,70.9800033569336,62.1970100402832,99000
2014-06-26,72.80999755859375,75.70999908447266,72.0,75.43000030517578,66.09635925292969,209100
2014-06-27,74.77999877929688,77.3499984741211,74.7699966430664,76.5199966430664,67.05147552490234,165300
2014-06-30,76.12000274658203,77.0,74.95999908447266,76.31999969482422,66.87623596191406,122100
2014-07-01,76.36000061035156,77.23999786376953,75.86000061035156,75.9000015258789,66.5082015991211,105400
2014-07-02,76.05999755859375,76.41000366210938,74.31999969482422,74.81999969482422,65.56184387207031,85500
2014-07-03,75.12999725341797,75.91000366210938,75.0199966430664,75.76000213623047,66.38554382324219,63500
2014-07-07,75.43000030517578,75.87000274658203,74.58999633789062,74.7300033569336,65.4830093383789,65000
2014-07-08,74.66000366210938,74.66000366210938,72.94999694824219,73.16999816894531,64.11603546142578,119600
2014-07-09,73.55000305175781,73.86000061035156,72.93000030517578,73.16999816894531,64.11603546142578,65200
2014-07-10,71.80000305175781,73.02999877929688,71.80000305175781,72.5,63.528907775878906,66100
2014-07-11,72.5,72.91999816894531,71.80000305175781,72.5,63.528907775878906,36700
2014-07-14,73.0,73.13999938964844,72.38999938964844,72.88999938964844,63.87066650390625,39000
2014-07-15,73.0,73.33000183105469,70.98999786376953,72.22000122070312,63.28354263305664,83200
2014-07-16,72.68000030517578,73.75,71.69000244140625,73.19999694824219,64.14228820800781,141800
2014-07-17,72.76000213623047,73.08000183105469,71.83999633789062,72.37000274658203,63.41499328613281,75900
2014-07-18,72.18000030517578,73.19000244140625,72.18000030517578,72.93000030517578,63.90570068359375,131500
2014-07-21,72.61000061035156,72.94999694824219,72.16000366210938,72.51000213623047,63.53767395019531,112700
2014-07-22,73.11000061035156,74.26000213623047,73.11000061035156,74.13999938964844,64.96597290039062,50500
2014-07-23,74.16999816894531,74.9000015258789,73.0199966430664,73.4000015258789,64.31755828857422,63700
2014-07-24,75.0,77.77999877929688,74.08000183105469,75.56999969482422,66.21902465820312,200200
2014-07-25,75.31999969482422,75.70999908447266,74.62000274658203,75.4800033569336,66.14018249511719,116900
2014-07-28,75.7699966430664,76.58000183105469,75.3499984741211,76.25,66.81488800048828,117800
2014-07-29,76.22000122070312,76.70999908447266,75.41000366210938,75.70999908447266,66.34172058105469,70200
2014-07-30,76.16000366210938,76.44000244140625,74.04000091552734,74.30999755859375,65.11495208740234,89700
2014-07-31,73.31999969482422,73.9800033569336,72.58000183105469,72.94999694824219,63.92323303222656,103700
2014-08-01,72.94999694824219,72.94999694824219,71.44999694824219,72.19000244140625,63.25727462768555,64500
2014-08-04,72.27999877929688,72.73999786376953,70.69999694824219,72.25,63.30984115600586,90700
2014-08-05,72.08999633789062,72.08999633789062,71.05999755859375,71.51000213623047,62.661415100097656,59500
2014-08-06,71.30999755859375,72.77999877929688,71.26000213623047,72.58999633789062,63.60778045654297,84600
2014-08-07,72.94999694824219,72.94999694824219,71.16999816894531,72.13999938964844,63.21344757080078,74000
2014-08-08,72.12000274658203,73.79000091552734,72.12000274658203,72.86000061035156,63.844337463378906,57000
2014-08-11,72.5,74.12999725341797,72.29000091552734,73.16999816894531,64.11603546142578,71700
2014-08-12,72.9800033569336,73.5199966430664,72.41999816894531,72.94000244140625,63.914493560791016,46700
2014-08-13,72.98999786376953,73.93000030517578,72.5999984741211,73.02999877929688,63.993316650390625,48000
2014-08-14,73.1500015258789,73.1500015258789,72.33000183105469,73.02999877929688,63.993316650390625,29200
2014-08-15,73.80999755859375,73.80999755859375,71.30999755859375,72.31999969482422,63.37118911743164,68700
2014-08-18,73.0199966430664,73.48999786376953,72.41999816894531,73.43000030517578,64.3438720703125,65700
2014-08-19,73.44999694824219,73.7300033569336,72.97000122070312,73.20999908447266,64.15106201171875,31800
2014-08-20,72.94000244140625,72.94000244140625,72.26000213623047,72.41999816894531,63.45880126953125,53700
2014-08-21,72.47000122070312,72.70999908447266,70.9000015258789,72.33999633789062,63.388702392578125,48400
2014-08-22,72.27999877929688,72.79000091552734,71.33000183105469,72.44000244140625,63.476318359375,110200
2014-08-25,72.8499984741211,72.9800033569336,71.36000061035156,71.77999877929688,62.898006439208984,70500
2014-08-26,71.55999755859375,72.0199966430664,71.0199966430664,71.80000305175781,62.915531158447266,60800
2014-08-27,71.69999694824219,72.0199966430664,70.5,70.81999969482422,62.05679702758789,61600
2014-08-28,70.22000122070312,70.36000061035156,69.45999908447266,69.94999694824219,61.46803665161133,57400
2014-08-29,69.93000030517578,70.18000030517578,69.2300033569336,69.69000244140625,61.23957443237305,59600
2014-09-02,69.7699966430664,70.19999694824219,69.18000030517578,69.87999725341797,61.406532287597656,62000
2014-09-03,69.81999969482422,70.02999877929688,68.87999725341797,69.41999816894531,61.00231170654297,46400
2014-09-04,69.54000091552734,69.94000244140625,69.19999694824219,69.44999694824219,61.028663635253906,53500
2014-09-05,69.18000030517578,69.55999755859375,69.0,69.38999938964844,60.9759521484375,62500
2014-09-08,69.13999938964844,69.73999786376953,69.12000274658203,69.63999938964844,61.19563674926758,42500
2014-09-09,69.69999694824219,69.69999694824219,68.48999786376953,68.70999908447266,60.378395080566406,42500
2014-09-10,67.95999908447266,69.16000366210938,67.95999908447266,69.04000091552734,60.668373107910156,35100
2014-09-11,68.80999755859375,70.5199966430664,68.80999755859375,70.19000244140625,61.67893981933594,46200
2014-09-12,70.30000305175781,70.30000305175781,68.70999908447266,69.2300033569336,60.835350036621094,37500
2014-09-15,69.12999725341797,69.12999725341797,67.94999694824219,68.41999816894531,60.123565673828125,36700
2014-09-16,68.37999725341797,69.83000183105469,68.08000183105469,69.62999725341797,61.18683624267578,117400
2014-09-17,69.5199966430664,70.4000015258789,69.25,69.94999694824219,61.46803665161133,38200
2014-09-18,70.1500015258789,70.80999755859375,69.38999938964844,70.75,62.171024322509766,52800
2014-09-19,70.83000183105469,71.3499984741211,69.68000030517578,69.83999633789062,61.37138366699219,128900
2014-09-22,69.5199966430664,70.16999816894531,67.86000061035156,68.05000305175781,59.798423767089844,75400
2014-09-23,67.88999938964844,68.23999786376953,67.37000274658203,67.52999877929688,59.34147644042969,48700
2014-09-24,67.8499984741211,68.94999694824219,67.30999755859375,68.25,59.97417449951172,37100
2014-09-25,68.12000274658203,68.12000274658203,66.81999969482422,67.4800033569336,59.29755401611328,58800
2014-09-26,67.55000305175781,68.55000305175781,66.7699966430664,68.29000091552734,60.00934982299805,41100
2014-09-29,67.41000366210938,68.2300033569336,67.30999755859375,68.12000274658203,59.85995864868164,35500
2014-09-30,68.06999969482422,68.18000030517578,67.08999633789062,67.08999633789062,58.954837799072266,97200
2014-10-01,67.22000122070312,67.22000122070312,64.97000122070312,65.08999633789062,57.19735336303711,73100
2014-10-02,65.2300033569336,67.05000305175781,65.2300033569336,66.5,58.43636703491211,57900
2014-10-03,67.31999969482422,67.69000244140625,66.83999633789062,66.8499984741211,58.743953704833984,56400
2014-10-06,67.1500015258789,67.3499984741211,66.44999694824219,66.75,58.65605926513672,31500
2014-10-07,66.13999938964844,66.43000030517578,65.19999694824219,65.76000213623047,57.786109924316406,91000
2014-10-08,65.55000305175781,67.91999816894531,65.19000244140625,67.54000091552734,59.35027313232422,41600
2014-10-09,67.30999755859375,67.38999938964844,65.58000183105469,65.62999725341797,57.67186737060547,52200
2014-10-10,65.2300033569336,66.11000061035156,63.90999984741211,64.30000305175781,56.503135681152344,96200
2014-10-13,64.62999725341797,65.66000366210938,64.56999969482422,64.83999633789062,56.97766876220703,91500
2014-10-14,65.62999725341797,67.7699966430664,65.31999969482422,66.19999694824219,58.172752380371094,72700
2014-10-15,65.2300033569336,67.33999633789062,64.66000366210938,67.01000213623047,58.88454055786133,80000
2014-10-16,66.0999984741211,69.11000061035156,66.0999984741211,67.9800033569336,59.73693084716797,103700
2014-10-17,69.0,69.0,66.36000061035156,66.45999908447266,58.401222229003906,72400
2014-10-20,66.19000244140625,66.44000244140625,64.88999938964844,65.41000366210938,57.47856140136719,92800
2014-10-21,65.55999755859375,67.19999694824219,65.55999755859375,66.98999786376953,58.86698532104492,45000
2014-10-22,67.12999725341797,67.26000213623047,65.66999816894531,66.08000183105469,58.06731033325195,56600
2014-10-23,65.55000305175781,66.72000122070312,64.31999969482422,66.01000213623047,58.00579833984375,71800
2014-10-24,66.19999694824219,66.81999969482422,65.2300033569336,66.47000122070312,58.4100227355957,51000
2014-10-27,66.55000305175781,69.08999633789062,66.47000122070312,68.83999633789062,60.49264144897461,90600
2014-10-28,69.2699966430664,72.4800033569336,69.02999877929688,72.4000015258789,63.6209716796875,76800
2014-10-29,72.58000183105469,73.23999786376953,70.88999938964844,71.55999755859375,62.8828125,57500
2014-10-30,71.51000213623047,73.33999633789062,71.4000015258789,72.63999938964844,63.83186721801758,50700
2014-10-31,73.87999725341797,74.22000122070312,72.88999938964844,73.7300033569336,64.78970336914062,82600
2014-11-03,73.51000213623047,74.45999908447266,73.05000305175781,73.73999786376953,64.7984848022461,67800
2014-11-04,73.27999877929688,73.87000274658203,72.98999786376953,73.36000061035156,64.46455383300781,54900
2014-11-05,73.72000122070312,74.88999938964844,73.12000274658203,73.54000091552734,64.62271118164062,49200
2014-11-06,73.4000015258789,75.01000213623047,73.0,74.80999755859375,65.73872375488281,38400
2014-11-07,74.55999755859375,74.77999877929688,73.19000244140625,74.06999969482422,65.08846282958984,58900
2014-11-10,74.45999908447266,74.98999786376953,73.80000305175781,74.7699966430664,65.70358276367188,36400
2014-11-11,74.94000244140625,74.94000244140625,73.20999908447266,73.9800033569336,65.0093765258789,37800
2014-11-12,73.83000183105469,74.61000061035156,73.45999908447266,74.38999938964844,65.36965942382812,75700
2014-11-13,74.52999877929688,74.63999938964844,72.9000015258789,73.08999633789062,64.22727966308594,40400
2014-11-14,73.36000061035156,73.36000061035156,72.19000244140625,72.5199966430664,63.72640609741211,28100
2014-11-17,72.29000091552734,72.29000091552734,71.0,71.12999725341797,62.504940032958984,58900
2014-11-18,71.12999725341797,72.0,70.18000030517578,70.44000244140625,61.89860153198242,58100
2014-11-19,70.4800033569336,70.4800033569336,68.01000213623047,69.27999877929688,60.87928009033203,125400
2014-11-20,68.9000015258789,69.95999908447266,68.9000015258789,69.70999908447266,61.257137298583984,25100
2014-11-21,70.79000091552734,70.98999786376953,68.19000244140625,68.52999877929688,60.22023391723633,52900
2014-11-24,68.5,69.87000274658203,68.5,69.73999786376953,61.28351593017578,30900
2014-11-25,69.66000366210938,69.97000122070312,68.6500015258789,69.66999816894531,61.3980712890625,48200
2014-11-26,69.4800033569336,69.91000366210938,68.66000366210938,69.72000122070312,61.44211959838867,34500
2014-11-28,69.54000091552734,69.58000183105469,67.43000030517578,67.44999694824219,59.441654205322266,27300
2014-12-01,66.97000122070312,68.02999877929688,66.33999633789062,66.66999816894531,58.75425720214844,44000
2014-12-02,66.95999908447266,68.31999969482422,66.95999908447266,68.13999938964844,60.04973220825195,61300
2014-12-03,67.98999786376953,69.66999816894531,67.98999786376953,68.83999633789062,60.6666145324707,43300
2014-12-04,68.58000183105469,69.16000366210938,67.4000015258789,67.66000366210938,59.626705169677734,45400
2014-12-05,67.55999755859375,69.70999908447266,67.55999755859375,69.04000091552734,60.84286117553711,29900
2014-12-08,68.77999877929688,69.77999877929688,67.36000061035156,67.45999908447266,59.450477600097656,36600
2014-12-09,66.94999694824219,70.5,66.30000305175781,69.91000366210938,61.60957717895508,62600
2014-12-10,68.97000122070312,69.25,67.30999755859375,67.51000213623047,59.494537353515625,31700
2014-12-11,67.62999725341797,69.48999786376953,67.52999877929688,68.05000305175781,59.97042465209961,34800
2014-12-12,67.05999755859375,67.98999786376953,66.29000091552734,67.11000061035156,59.142024993896484,47600
2014-12-15,67.61000061035156,69.7699966430664,67.61000061035156,68.86000061035156,60.68424987792969,65800
2014-12-16,68.94999694824219,70.72000122070312,68.19000244140625,68.41999816894531,60.29648208618164,75300
2014-12-17,68.30000305175781,70.55999755859375,67.04000091552734,70.48999786376953,62.12071228027344,71100
2014-12-18,70.31999969482422,72.0,68.29000091552734,71.1500015258789,62.70236587524414,48100
2014-12-19,70.9000015258789,72.0,69.72000122070312,71.16999816894531,62.72000503540039,125600
2014-12-22,71.43000030517578,72.55999755859375,70.1500015258789,72.41999816894531,63.8215217590332,34900
2014-12-23,72.69999694824219,73.73999786376953,72.38999938964844,73.19000244140625,64.50015258789062,59100
2014-12-24,73.0199966430664,73.62999725341797,72.58000183105469,73.2300033569336,64.535400390625,24500
2014-12-26,73.41999816894531,74.81999969482422,73.08999633789062,73.98999786376953,65.20516204833984,42600
2014-12-29,73.56999969482422,74.29000091552734,73.45999908447266,73.80999755859375,65.04653930664062,54100
2014-12-30,73.86000061035156,74.43000030517578,72.94999694824219,73.01000213623047,64.3415298461914,25000
2014-12-31,73.33999633789062,73.61000061035156,71.83000183105469,72.16999816894531,63.60124588012695,60900
2015-01-02,72.5199966430664,72.5199966430664,69.77999877929688,70.79000091552734,62.385101318359375,43000
2015-01-05,70.08999633789062,70.2300033569336,67.83000183105469,68.6500015258789,60.49915313720703,91900
2015-01-06,68.95999908447266,69.08000183105469,66.41999816894531,66.80999755859375,58.87762451171875,84600
2015-01-07,67.44999694824219,67.44999694824219,65.80000305175781,66.97000122070312,59.01865005493164,63500
2015-01-08,67.63999938964844,68.7699966430664,66.62999725341797,67.83000183105469,59.77653503417969,109700
2015-01-09,67.73999786376953,68.25,66.55000305175781,67.87000274658203,59.811798095703125,77500
2015-01-12,67.98999786376953,68.4000015258789,65.79000091552734,66.79000091552734,58.86001968383789,60100
2015-01-13,67.52999877929688,69.0999984741211,66.80999755859375,67.69999694824219,59.66196060180664,79700
2015-01-14,66.7300033569336,68.06999969482422,66.45999908447266,67.5,59.48571014404297,63000
2015-01-15,67.88999938964844,67.95999908447266,66.16000366210938,66.68000030517578,58.76308059692383,41600
2015-01-16,66.26000213623047,68.37999725341797,66.26000213623047,68.1500015258789,60.05854034423828,37500
2015-01-20,69.16999816894531,69.16999816894531,66.5999984741211,67.1500015258789,59.1772575378418,76400
2015-01-21,66.83999633789062,67.81999969482422,65.91000366210938,66.36000061035156,58.48107147216797,95600
2015-01-22,67.01000213623047,67.5199966430664,65.80000305175781,66.68000030517578,58.76308059692383,104300
2015-01-23,66.5,67.20999908447266,65.98999786376953,66.43000030517578,58.54277801513672,76200
2015-01-26,66.62000274658203,69.41000366210938,66.2300033569336,68.80000305175781,60.63139724731445,73800
2015-01-27,68.12999725341797,68.12999725341797,66.1500015258789,66.48999786376953,58.59563064575195,63100
2015-01-28,66.58999633789062,66.58999633789062,65.0199966430664,65.41999816894531,57.65266418457031,45500
2015-01-29,65.69999694824219,66.81999969482422,65.2300033569336,66.81999969482422,58.88646697998047,46000
2015-01-30,65.44999694824219,66.56999969482422,64.95999908447266,65.20999908447266,57.46760177612305,79300
2015-02-02,65.2300033569336,67.0999984741211,64.75,66.7699966430664,58.84239196777344,39500
2015-02-03,66.68000030517578,68.0199966430664,66.68000030517578,67.22000122070312,59.238948822021484,56700
2015-02-04,66.73999786376953,67.19000244140625,65.86000061035156,66.20999908447266,58.348876953125,55600
2015-02-05,66.2300033569336,68.41999816894531,66.2300033569336,67.81999969482422,59.767723083496094,56400
2015-02-06,68.0199966430664,69.18000030517578,66.70999908447266,67.12999725341797,59.159637451171875,80700
2015-02-09,66.72000122070312,67.5,66.45999908447266,67.16000366210938,59.186092376708984,61400
2015-02-10,67.80000305175781,67.80000305175781,66.08999633789062,66.83000183105469,58.8952751159668,35500
2015-02-11,66.41000366210938,68.30000305175781,66.33000183105469,66.66000366210938,58.745460510253906,20300
2015-02-12,66.76000213623047,67.73999786376953,66.06999969482422,67.68000030517578,59.64434051513672,37500
2015-02-13,67.6500015258789,68.0,66.9000015258789,67.79000091552734,59.74129867553711,38900
2015-02-17,67.80000305175781,67.80000305175781,66.47000122070312,66.83000183105469,58.8952751159668,34700
2015-02-18,66.30999755859375,68.19000244140625,66.30999755859375,68.06999969482422,59.98802947998047,49400
2015-02-19,68.19999694824219,69.29000091552734,67.75,68.6500015258789,60.49915313720703,68300
2015-02-20,68.73999786376953,69.62999725341797,67.91999816894531,69.12999725341797,60.92216873168945,71100
2015-02-23,69.08999633789062,69.81999969482422,68.3499984741211,69.2300033569336,61.01030731201172,73500
2015-02-24,69.69999694824219,70.66999816894531,67.62000274658203,70.33000183105469,61.97971725463867,73000
2015-02-25,70.3499984741211,70.93000030517578,66.91999816894531,67.0199966430664,59.06271743774414,111000
2015-02-26,66.97000122070312,67.04000091552734,64.58000183105469,66.97000122070312,59.195289611816406,91400
2015-02-27,66.55999755859375,66.55999755859375,64.9000015258789,65.37000274658203,57.781044006347656,69700
2015-03-02,65.58000183105469,66.5,65.0199966430664,65.93000030517578,58.27602767944336,57300
2015-03-03,65.54000091552734,65.87999725341797,64.66999816894531,64.95999908447266,57.41863250732422,63500
2015-03-04,64.75,65.11000061035156,64.0,64.72000122070312,57.20648956298828,68400
2015-03-05,64.5,66.01000213623047,63.56999969482422,63.9900016784668,56.56124496459961,118800
2015-03-06,63.2400016784668,64.19000244140625,63.13999938964844,63.189998626708984,55.854103088378906,57000
2015-03-09,63.5,65.20999908447266,63.150001525878906,64.5199966430664,57.02972412109375,38500
2015-03-10,63.93000030517578,64.41000366210938,63.5,63.81999969482422,56.41097640991211,45000
2015-03-11,64.05999755859375,64.62000274658203,63.79999923706055,64.51000213623047,57.02088165283203,74400
2015-03-12,65.16000366210938,66.25,64.80000305175781,65.51000213623047,57.90479278564453,97900
2015-03-13,65.41000366210938,66.6500015258789,64.69999694824219,64.72000122070312,57.20648956298828,57800
2015-03-16,65.19000244140625,65.72000122070312,64.87000274658203,65.30000305175781,57.719173431396484,56400
2015-03-17,64.88999938964844,65.56999969482422,64.41000366210938,65.11000061035156,57.55122756958008,73000
2015-03-18,64.77999877929688,66.19000244140625,64.19999694824219,65.7300033569336,58.09925842285156,76400
2015-03-19,65.26000213623047,65.83000183105469,64.44999694824219,64.94999694824219,57.40979766845703,33200
2015-03-20,65.37000274658203,65.87999725341797,64.70999908447266,65.63999938964844,58.019691467285156,104500
2015-03-23,65.5999984741211,65.97000122070312,65.13999938964844,65.25,57.67497253417969,46200
2015-03-24,64.9000015258789,66.44999694824219,64.80000305175781,66.30999755859375,58.611915588378906,46000
2015-03-25,66.55000305175781,66.55000305175781,64.93000030517578,65.12999725341797,57.568912506103516,41000
2015-03-26,65.12000274658203,66.44999694824219,65.08000183105469,66.12999725341797,58.45280838012695,58700
2015-03-27,65.91000366210938,66.6500015258789,65.63999938964844,66.37000274658203,58.66495132446289,47200
2015-03-30,66.66999816894531,67.55999755859375,66.04000091552734,67.19000244140625,59.38973617553711,74200
2015-03-31,66.63999938964844,66.63999938964844,64.54000091552734,65.37000274658203,57.781044006347656,123900
2015-04-01,65.16999816894531,65.43000030517578,64.12000274658203,64.98999786376953,57.445159912109375,47800
2015-04-02,65.0199966430664,65.91999816894531,64.45999908447266,65.5999984741211,57.98433303833008,74100
2015-04-06,65.44000244140625,66.33000183105469,65.2699966430664,65.48999786376953,57.8870964050293,37600
2015-04-07,65.47000122070312,66.0,64.8499984741211,65.0,57.45400619506836,53500
2015-04-08,65.1500015258789,65.88999938964844,64.75,65.69999694824219,58.07271957397461,61300
2015-04-09,65.61000061035156,66.13999938964844,64.37999725341797,65.5199966430664,57.91363525390625,26800
2015-04-10,65.87999725341797,66.05000305175781,64.55000305175781,65.05999755859375,57.50702667236328,18600
2015-04-13,64.97000122070312,65.47000122070312,64.97000122070312,65.19999694824219,57.630760192871094,15900
2015-04-14,65.31999969482422,65.93000030517578,64.98999786376953,65.75,58.11692428588867,34600
2015-04-15,66.13999938964844,67.5999984741211,65.63999938964844,67.4000015258789,59.57539367675781,63400
2015-04-16,67.05999755859375,67.47000122070312,66.43000030517578,67.01000213623047,59.23066329956055,68900
2015-04-17,66.31999969482422,66.56999969482422,65.0199966430664,65.27999877929688,57.70149612426758,45700
2015-04-20,65.68000030517578,67.80000305175781,65.30999755859375,66.91000366210938,59.14225387573242,73800
2015-04-21,67.37999725341797,67.5,66.01000213623047,66.26000213623047,58.56771469116211,43700
2015-04-22,66.0999984741211,66.47000122070312,65.5,66.25,58.55886459350586,18000
2015-04-23,66.0199966430664,67.33999633789062,65.91999816894531,67.19000244140625,59.38973617553711,38000
2015-04-24,67.05000305175781,67.05000305175781,66.0199966430664,66.7300033569336,58.983158111572266,37100
2015-04-27,67.0,70.12000274658203,67.0,68.12000274658203,60.21180725097656,122100
2015-04-28,68.19999694824219,68.70999908447266,66.05000305175781,66.5999984741211,58.86824417114258,70300
2015-04-29,66.2300033569336,66.2300033569336,65.08000183105469,65.12000274658203,57.56007766723633,60600
2015-04-30,65.0,65.91000366210938,64.22000122070312,64.29000091552734,56.826419830322266,81800
2015-05-01,64.41999816894531,65.1500015258789,64.0,64.80000305175781,57.27720642089844,55000
2015-05-04,64.7300033569336,65.62999725341797,64.20999908447266,65.05000305175781,57.49818420410156,43500
2015-05-05,65.0199966430664,65.20999908447266,64.0,64.62000274658203,57.11812210083008,71800
2015-05-06,64.68000030517578,65.12000274658203,64.0199966430664,65.08000183105469,57.524715423583984,33700
2015-05-07,64.88999938964844,65.4800033569336,63.95000076293945,65.06999969482422,57.515869140625,36100
2015-05-08,65.69000244140625,65.95999908447266,65.01000213623047,65.0999984741211,57.54238510131836,32500
2015-05-11,64.77999877929688,65.80000305175781,64.77999877929688,65.12999725341797,57.568912506103516,34200
2015-05-12,64.55000305175781,65.04000091552734,64.12000274658203,64.7699966430664,57.250701904296875,62800
2015-05-13,65.04000091552734,65.70999908447266,64.61000061035156,65.43000030517578,57.834068298339844,38400
2015-05-14,65.93000030517578,67.08999633789062,65.0,66.87999725341797,59.11573791503906,57300
2015-05-15,66.91999816894531,66.94999694824219,65.19999694824219,65.27999877929688,57.70149612426758,31000
2015-05-18,65.22000122070312,65.91000366210938,64.70999908447266,65.31999969482422,57.73684310913086,35800
2015-05-19,64.5199966430664,66.05000305175781,63.93000030517578,65.9800033569336,58.320220947265625,59000
2015-05-20,65.83999633789062,66.38999938964844,65.25,65.47000122070312,57.869441986083984,53700
2015-05-21,65.56999969482422,66.4800033569336,65.4000015258789,66.05999755859375,58.39093017578125,30500
2015-05-22,66.11000061035156,66.45999908447266,65.0999984741211,65.43000030517578,57.834068298339844,33200
2015-05-26,65.08000183105469,65.73999786376953,64.52999877929688,65.1500015258789,57.586585998535156,66800
2015-05-27,64.94999694824219,66.19999694824219,64.80999755859375,66.04000091552734,58.55301284790039,38900
2015-05-28,65.9000015258789,66.02999877929688,65.0,65.76000213623047,58.304752349853516,35900
2015-05-29,65.5,66.4800033569336,63.70000076293945,63.7599983215332,56.531490325927734,61200
2015-06-01,64.0,64.31999969482422,62.59000015258789,63.869998931884766,56.62902069091797,41700
2015-06-02,63.79999923706055,65.2300033569336,63.27000045776367,64.05000305175781,56.788612365722656,55600
2015-06-03,64.33999633789062,64.51000213623047,64.01000213623047,64.26000213623047,56.97481918334961,69300
2015-06-04,63.869998931884766,64.44999694824219,63.5099983215332,64.0,56.74428176879883,73800
2015-06-05,63.65999984741211,64.91000366210938,62.9900016784668,64.72000122070312,57.38264465332031,96000
2015-06-08,64.38999938964844,64.94000244140625,63.95000076293945,64.20999908447266,56.93046569824219,58900
2015-06-09,64.2699966430664,65.52999877929688,63.83000183105469,64.8499984741211,57.49790573120117,66900
2015-06-10,65.30999755859375,66.75,64.91000366210938,65.02999877929688,57.65749740600586,104500
2015-06-11,65.05999755859375,65.77999877929688,64.87000274658203,65.62000274658203,58.180625915527344,56000
2015-06-12,65.3499984741211,65.95999908447266,65.23999786376953,65.5,58.07422637939453,35400
2015-06-15,64.77999877929688,65.58000183105469,64.22000122070312,65.12000274658203,57.73731994628906,68600
2015-06-16,64.95999908447266,65.5199966430664,64.41000366210938,65.29000091552734,57.88804244995117,34500
2015-06-17,65.5999984741211,65.79000091552734,64.80999755859375,65.16999816894531,57.78163146972656,44400
2015-06-18,65.13999938964844,65.98999786376953,64.51000213623047,65.47000122070312,58.04762268066406,65400
2015-06-19,65.73999786376953,66.25,64.58999633789062,65.69000244140625,58.24270248413086,89600
2015-06-22,66.30000305175781,66.62999725341797,65.94000244140625,66.19999694824219,58.69485855102539,95200
2015-06-23,66.01000213623047,66.8499984741211,65.70999908447266,66.30999755859375,58.79240036010742,34600
2015-06-24,66.04000091552734,66.68000030517578,65.83999633789062,66.44000244140625,58.907657623291016,44100
2015-06-25,66.79000091552734,66.79000091552734,65.87000274658203,66.27999877929688,58.76579284667969,46400
2015-06-26,66.55000305175781,66.98999786376953,65.61000061035156,66.69999694824219,59.13817596435547,99700
2015-06-29,66.27999877929688,66.51000213623047,64.9000015258789,65.01000213623047,57.6397819519043,39700
2015-06-30,65.7699966430664,65.7699966430664,64.88999938964844,65.33999633789062,57.9323616027832,44400
2015-07-01,65.88999938964844,65.88999938964844,64.63999938964844,65.37999725341797,57.96782302856445,51100
2015-07-02,65.4800033569336,65.5199966430664,63.97999954223633,64.98999786376953,57.62203598022461,32800
2015-07-06,64.48999786376953,65.37000274658203,63.959999084472656,65.23999786376953,57.84370803833008,41700
2015-07-07,65.04000091552734,65.18000030517578,64.05999755859375,65.0199966430664,57.64863204956055,32400
2015-07-08,64.6500015258789,64.69999694824219,63.18000030517578,64.33999633789062,57.04573440551758,87000
2015-07-09,65.08000183105469,65.08000183105469,64.16000366210938,64.55000305175781,57.231937408447266,80700
2015-07-10,65.30000305175781,65.63999938964844,64.75,65.05999755859375,57.68410873413086,60000
2015-07-13,65.30999755859375,66.12999725341797,65.01000213623047,66.0199966430664,58.53527069091797,33400
2015-07-14,66.06999969482422,66.37999725341797,65.5199966430664,66.1500015258789,58.650543212890625,54900
2015-07-15,66.05999755859375,66.05999755859375,64.62000274658203,64.75,57.40925598144531,84700
2015-07-16,65.1500015258789,65.38999938964844,64.55000305175781,65.1500015258789,57.763916015625,39000
2015-07-17,64.94999694824219,65.04000091552734,64.31999969482422,64.83999633789062,57.48905563354492,61100
2015-07-20,64.66000366210938,64.69999694824219,64.19000244140625,64.47000122070312,57.16098403930664,50200
2015-07-21,64.18000030517578,64.37000274658203,63.630001068115234,64.11000061035156,56.84180450439453,57700
2015-07-22,63.61000061035156,63.84000015258789,63.369998931884766,63.599998474121094,56.38964080810547,62900
2015-07-23,63.970001220703125,63.970001220703125,61.810001373291016,62.31999969482422,55.25474166870117,91800
2015-07-24,62.70000076293945,62.70000076293945,60.060001373291016,60.380001068115234,53.5346794128418,107100
2015-07-27,60.369998931884766,60.369998931884766,58.13999938964844,58.79999923706055,52.13382339477539,146800
2015-07-28,58.869998931884766,59.54999923706055,58.70000076293945,59.029998779296875,52.33774185180664,105800
2015-07-29,59.130001068115234,59.97999954223633,59.130001068115234,59.779998779296875,53.002708435058594,69300
2015-07-30,59.27000045776367,59.619998931884766,58.810001373291016,59.4900016784668,52.7455940246582,55000
2015-07-31,59.7400016784668,60.040000915527344,59.63999938964844,59.810001373291016,53.02930450439453,64400
2015-08-03,59.970001220703125,59.970001220703125,59.13999938964844,59.56999969482422,52.81651306152344,61200
2015-08-04,59.560001373291016,59.970001220703125,59.209999084472656,59.59000015258789,52.83424377441406,75800
2015-08-05,59.65999984741211,60.970001220703125,59.65999984741211,60.279998779296875,53.446014404296875,96700
2015-08-06,60.47999954223633,61.16999816894531,59.79999923706055,60.90999984741211,54.00459289550781,84600
2015-08-07,60.470001220703125,60.9900016784668,60.150001525878906,60.369998931884766,53.525814056396484,63800
2015-08-10,60.81999969482422,62.220001220703125,60.81999969482422,61.61000061035156,54.62523651123047,96300
2015-08-11,60.79999923706055,61.40999984741211,60.099998474121094,60.279998779296875,53.446014404296875,61300
2015-08-12,59.869998931884766,61.099998474121094,59.58000183105469,60.400001525878906,53.55241775512695,108900
2015-08-13,60.5099983215332,60.5099983215332,59.849998474121094,59.86000061035156,53.073638916015625,33900
2015-08-14,59.869998931884766,60.27000045776367,59.16999816894531,60.029998779296875,53.224365234375,66700
2015-08-17,59.689998626708984,60.11000061035156,59.349998474121094,60.08000183105469,53.26869201660156,35700
2015-08-18,59.7400016784668,60.150001525878906,59.59000015258789,59.900001525878906,53.109092712402344,30800
2015-08-19,59.470001220703125,59.97999954223633,58.91999816894531,58.939998626708984,52.257938385009766,45800
2015-08-20,58.56999969482422,58.95000076293945,58.29999923706055,58.38999938964844,51.77027893066406,67200
2015-08-21,55.5,58.599998474121094,55.5,58.099998474121094,51.51316452026367,84900
2015-08-24,55.29999923706055,57.400001525878906,55.29999923706055,56.5099983215332,50.10342025756836,146000
2015-08-25,58.130001068115234,58.130001068115234,55.689998626708984,55.709999084472656,49.394126892089844,107200
2015-08-26,56.599998474121094,57.66999816894531,55.959999084472656,56.720001220703125,50.28962326049805,85700
2015-08-27,56.810001373291016,57.63999938964844,56.33000183105469,57.40999984741211,51.081520080566406,91600
2015-08-28,57.2400016784668,57.869998931884766,57.15999984741211,57.459999084472656,51.12600326538086,50800
2015-08-31,57.04999923706055,57.97999954223633,56.400001525878906,57.31999969482422,51.001426696777344,135900
2015-09-01,56.47999954223633,56.84000015258789,55.810001373291016,55.869998931884766,49.711273193359375,68600
2015-09-02,58.04999923706055,58.04999923706055,55.779998779296875,56.029998779296875,49.853633880615234,82300
2015-09-03,56.119998931884766,56.43000030517578,55.779998779296875,55.9900016784668,49.818050384521484,73100
2015-09-04,55.150001525878906,56.13999938964844,55.150001525878906,55.47999954223633,49.36425018310547,43200
2015-09-08,56.02000045776367,56.380001068115234,55.709999084472656,55.880001068115234,49.72016525268555,50400
2015-09-09,56.31999969482422,56.43000030517578,55.43000030517578,55.599998474121094,49.47102737426758,77700
2015-09-10,55.31999969482422,55.95000076293945,55.25,55.65999984741211,49.52442932128906,74900
2015-09-11,55.400001525878906,55.93000030517578,54.810001373291016,55.83000183105469,49.6756706237793,41300
2015-09-14,55.900001525878906,55.900001525878906,54.84000015258789,55.0099983215332,48.946067810058594,51100
2015-09-15,55.279998779296875,56.130001068115234,54.75,56.029998779296875,49.853633880615234,42600
2015-09-16,56.06999969482422,56.43000030517578,55.77000045776367,56.38999938964844,50.1739501953125,38000
2015-09-17,55.86000061035156,56.16999816894531,55.40999984741211,55.599998474121094,49.47102737426758,72900
2015-09-18,54.90999984741211,55.459999084472656,54.349998474121094,54.4900016784668,48.483402252197266,124500
2015-09-21,54.720001220703125,55.130001068115234,54.4900016784668,54.959999084472656,48.901580810546875,45600
2015-09-22,54.540000915527344,55.04999923706055,54.279998779296875,54.84000015258789,48.7948112487793,169800
2015-09-23,54.959999084472656,55.439998626708984,54.630001068115234,54.9900016784668,48.928279876708984,115300
2015-09-24,54.5,54.939998626708984,54.0,54.70000076293945,48.67023849487305,283100
2015-09-25,54.84000015258789,56.31999969482422,54.470001220703125,55.86000061035156,49.7023811340332,155000
2015-09-28,55.65999984741211,56.93000030517578,55.31999969482422,56.209999084472656,50.013790130615234,83700
2015-09-29,56.08000183105469,56.83000183105469,55.869998931884766,56.11000061035156,49.92481994628906,96500
2015-09-30,56.279998779296875,56.41999816894531,55.529998779296875,56.18000030517578,49.98710250854492,112100
2015-10-01,56.04999923706055,56.189998626708984,55.439998626708984,55.939998626708984,49.7735481262207,175500
2015-10-02,55.459999084472656,55.77000045776367,54.959999084472656,55.59000015258789,49.462127685546875,66900
2015-10-05,55.7400016784668,57.709999084472656,55.7400016784668,57.5099983215332,51.17048263549805,88000
2015-10-06,57.31999969482422,57.939998626708984,56.9900016784668,57.20000076293945,50.894649505615234,68200
2015-10-07,57.290000915527344,58.459999084472656,57.290000915527344,57.90999984741211,51.526390075683594,76800
2015-10-08,57.529998779296875,59.08000183105469,57.31999969482422,58.72999954223633,52.25600051879883,102500
2015-10-09,58.95000076293945,59.349998474121094,58.5,58.540000915527344,52.08694076538086,54900
2015-10-12,58.68000030517578,58.869998931884766,58.150001525878906,58.66999816894531,52.202613830566406,35200
2015-10-13,58.09000015258789,58.88999938964844,57.52000045776367,57.56999969482422,51.223873138427734,74300
2015-10-14,57.290000915527344,58.0,56.22999954223633,56.38999938964844,50.1739501953125,67800
2015-10-15,56.369998931884766,56.72999954223633,55.02000045776367,55.970001220703125,49.80025100708008,79900
2015-10-16,55.939998626708984,55.939998626708984,54.38999938964844,55.04999923706055,48.98167037963867,74900
2015-10-19,55.04999923706055,55.709999084472656,55.04999923706055,55.61000061035156,49.479923248291016,52900
2015-10-20,55.650001525878906,56.83000183105469,55.52000045776367,56.83000183105469,50.56545639038086,83500
2015-10-21,57.040000915527344,57.7400016784668,56.470001220703125,56.58000183105469,50.34298324584961,74900
2015-10-22,56.7599983215332,58.7599983215332,56.7599983215332,58.470001220703125,52.0246696472168,71000
2015-10-23,58.9900016784668,59.939998626708984,58.38999938964844,59.040000915527344,52.531829833984375,129600
2015-10-26,58.880001068115234,59.709999084472656,57.77000045776367,57.9900016784668,51.59757995605469,38200
2015-10-27,60.0,60.0,56.779998779296875,57.15999984741211,50.859073638916016,116500
2015-10-28,57.130001068115234,57.91999816894531,56.41999816894531,57.869998931884766,51.49079895019531,178100
2015-10-29,57.29999923706055,57.709999084472656,56.560001373291016,57.220001220703125,50.91245651245117,144000
2015-10-30,57.36000061035156,58.380001068115234,57.29999923706055,57.91999816894531,51.53529357910156,69400
2015-11-02,57.84000015258789,59.540000915527344,57.84000015258789,59.099998474121094,52.585227966308594,44900
2015-11-03,59.02000045776367,60.099998474121094,58.810001373291016,59.63999938964844,53.06568908691406,61600
2015-11-04,59.869998931884766,60.18000030517578,59.34000015258789,59.720001220703125,53.136878967285156,56700
2015-11-05,59.83000183105469,60.31999969482422,59.29999923706055,59.959999084472656,53.35042190551758,39000
2015-11-06,60.18000030517578,60.70000076293945,59.099998474121094,60.63999938964844,53.9554557800293,60900
2015-11-09,60.34000015258789,60.34000015258789,59.20000076293945,59.33000183105469,52.789859771728516,44400
2015-11-10,59.31999969482422,59.939998626708984,59.29999923706055,59.7599983215332,53.17246627807617,45700
2015-11-11,59.7599983215332,60.310001373291016,59.599998474121094,59.77000045776367,53.18136215209961,48400
2015-11-12,59.290000915527344,59.290000915527344,57.869998931884766,58.029998779296875,51.63317108154297,43300
2015-11-13,57.7400016784668,59.18000030517578,57.7400016784668,58.56999969482422,52.11363220214844,55800
2015-11-16,58.63999938964844,58.95000076293945,58.13999938964844,58.70000076293945,52.22931671142578,54900
2015-11-17,58.63999938964844,59.40999984741211,58.18000030517578,58.650001525878906,52.18482971191406,48300
2015-11-18,58.720001220703125,60.54999923706055,58.4900016784668,60.459999084472656,53.79529571533203,73000
2015-11-19,60.209999084472656,61.11000061035156,59.849998474121094,61.060001373291016,54.32916259765625,61600
2015-11-20,61.279998779296875,62.369998931884766,60.2400016784668,61.880001068115234,55.058773040771484,108900
2015-11-23,61.84000015258789,62.11000061035156,60.79999923706055,61.130001068115234,54.39144515991211,36800
2015-11-24,61.040000915527344,61.90999984741211,60.34000015258789,61.77000045776367,54.960899353027344,37800
2015-11-25,61.790000915527344,62.040000915527344,60.959999084472656,61.38999938964844,54.80021286010742,56700
2015-11-27,61.2599983215332,61.83000183105469,61.2599983215332,61.56999969482422,54.96089553833008,10800
2015-11-30,61.83000183105469,62.4900016784668,60.959999084472656,62.27000045776367,55.58576202392578,99100
2015-12-01,62.279998779296875,62.63999938964844,61.689998626708984,62.189998626708984,55.514339447021484,145100
2015-12-02,62.02000045776367,62.810001373291016,61.849998474121094,62.2400016784668,55.55898666381836,79300
2015-12-03,62.5099983215332,62.91999816894531,61.459999084472656,61.810001373291016,55.17513656616211,67700
2015-12-04,61.7400016784668,62.45000076293945,61.54999923706055,62.0,55.3447380065918,33300
2015-12-07,61.650001525878906,62.06999969482422,60.939998626708984,61.56999969482422,54.96089553833008,62500
2015-12-08,60.93000030517578,61.59000015258789,60.630001068115234,61.36000061035156,54.77345275878906,102300
2015-12-09,61.38999938964844,62.060001373291016,60.310001373291016,60.91999816894531,54.38066864013672,58200
2015-12-10,60.75,61.11000061035156,60.18000030517578,60.52000045776367,54.02360916137695,62900
2015-12-11,59.310001373291016,59.88999938964844,57.810001373291016,58.29999923706055,52.04191589355469,114100
2015-12-14,58.15999984741211,58.79999923706055,57.369998931884766,58.58000183105469,52.291847229003906,108700
2015-12-15,58.91999816894531,59.59000015258789,57.459999084472656,57.959999084472656,51.738407135009766,110700
2015-12-16,58.2400016784668,58.58000183105469,57.20000076293945,58.310001373291016,52.05083465576172,81100
2015-12-17,58.560001373291016,58.68000030517578,56.97999954223633,57.31999969482422,51.16710662841797,91100
2015-12-18,56.939998626708984,57.439998626708984,56.220001220703125,56.86000061035156,50.756473541259766,177000
2015-12-21,56.900001525878906,57.209999084472656,54.939998626708984,56.16999816894531,50.140541076660156,184100
2015-12-22,56.36000061035156,57.47999954223633,56.040000915527344,57.380001068115234,51.220672607421875,53600
2015-12-23,57.63999938964844,58.029998779296875,56.970001220703125,57.41999816894531,51.256378173828125,61900
2015-12-24,57.349998474121094,58.0099983215332,57.20000076293945,57.599998474121094,51.41703796386719,18400
2015-12-28,57.52000045776367,57.81999969482422,56.7400016784668,57.689998626708984,51.49738693237305,58600
2015-12-29,57.90999984741211,58.63999938964844,57.43000030517578,58.15999984741211,51.91693878173828,36300
2015-12-30,58.349998474121094,58.349998474121094,56.79999923706055,57.529998779296875,51.35456085205078,26300
2015-12-31,56.83000183105469,56.900001525878906,56.150001525878906,56.2599983215332,50.22087860107422,45800
2016-01-04,55.45000076293945,55.45000076293945,53.290000915527344,53.95000076293945,48.158843994140625,137700
2016-01-05,53.95000076293945,54.790000915527344,53.459999084472656,54.7400016784668,48.86404800415039,67700
2016-01-06,54.34000015258789,55.709999084472656,54.31999969482422,55.040000915527344,49.13185119628906,91000
2016-01-07,53.939998626708984,54.439998626708984,53.279998779296875,53.63999938964844,47.88212585449219,51700
2016-01-08,53.869998931884766,54.22999954223633,52.90999984741211,53.02000045776367,47.32868194580078,111300
2016-01-11,53.310001373291016,54.0,53.029998779296875,53.790000915527344,48.01602554321289,69800
2016-01-12,54.279998779296875,54.279998779296875,52.88999938964844,54.130001068115234,48.31953811645508,87300
2016-01-13,54.130001068115234,54.849998474121094,52.38999938964844,52.720001220703125,47.060882568359375,79500
2016-01-14,52.83000183105469,53.2400016784668,51.290000915527344,51.56999969482422,46.034339904785156,143600
2016-01-15,50.09000015258789,52.36000061035156,50.09000015258789,51.66999816894531,46.123592376708984,173800
2016-01-19,52.02000045776367,52.15999984741211,49.540000915527344,50.25,44.856021881103516,101400
2016-01-20,49.720001220703125,50.72999954223633,48.869998931884766,50.369998931884766,44.963134765625,86300
2016-01-21,50.40999984741211,50.61000061035156,48.9900016784668,49.310001373291016,44.01691818237305,104300
2016-01-22,49.79999923706055,52.56999969482422,49.68000030517578,52.220001220703125,46.61455154418945,155300
2016-01-25,51.880001068115234,52.380001068115234,51.43000030517578,51.58000183105469,46.04326629638672,81200
2016-01-26,51.970001220703125,52.959999084472656,51.75,52.65999984741211,47.00733184814453,58100
2016-01-27,52.470001220703125,52.83000183105469,51.86000061035156,52.22999954223633,46.62348556518555,52600
2016-01-28,52.65999984741211,53.720001220703125,52.34000015258789,52.869998931884766,47.194786071777344,37700
2016-01-29,53.2400016784668,54.209999084472656,53.18000030517578,54.11000061035156,48.30167770385742,76800
2016-02-01,53.900001525878906,54.18000030517578,52.900001525878906,54.150001525878906,48.33736801147461,74000
2016-02-02,53.61000061035156,54.189998626708984,52.75,53.08000183105469,47.382240295410156,58200
2016-02-03,53.72999954223633,53.83000183105469,51.849998474121094,53.060001373291016,47.3643798828125,49900
2016-02-04,52.58000183105469,54.34000015258789,52.58000183105469,52.939998626708984,47.257266998291016,72100
2016-02-05,52.65999984741211,53.540000915527344,52.09000015258789,52.119998931884766,46.5252799987793,63700
2016-02-08,51.599998474121094,53.0,51.31999969482422,52.66999816894531,47.0162467956543,43100
2016-02-09,52.099998474121094,53.029998779296875,52.060001373291016,52.15999984741211,46.56099319458008,40300
2016-02-10,52.52000045776367,52.58000183105469,51.43000030517578,51.5099983215332,45.98075866699219,64800
2016-02-11,50.650001525878906,52.560001373291016,50.650001525878906,51.970001220703125,46.391387939453125,41100
2016-02-12,52.400001525878906,53.5,52.20000076293945,52.689998626708984,47.03409957885742,32800
2016-02-16,52.9900016784668,53.56999969482422,52.25,52.58000183105469,46.935909271240234,75700
2016-02-17,53.029998779296875,53.7400016784668,52.79999923706055,53.16999816894531,47.46257019042969,62200
2016-02-18,53.02000045776367,54.040000915527344,52.90999984741211,53.900001525878906,48.11422348022461,49400
2016-02-19,53.7599983215332,54.34000015258789,53.18000030517578,53.22999954223633,47.516143798828125,60600
2016-02-22,53.66999816894531,55.150001525878906,53.2400016784668,53.84000015258789,48.06066131591797,95500
2016-02-23,51.4900016784668,53.84000015258789,51.09000015258789,51.5,45.97183609008789,199500
2016-02-24,50.79999923706055,54.439998626708984,50.70000076293945,54.040000915527344,48.23918533325195,125400
2016-02-25,54.08000183105469,54.52000045776367,51.63999938964844,52.41999816894531,46.966915130615234,116200
2016-02-26,52.810001373291016,52.849998474121094,49.83000183105469,50.0,44.798648834228516,176900
2016-02-29,49.470001220703125,49.529998779296875,45.91999816894531,46.540000915527344,41.69858169555664,257000
2016-03-01,47.09000015258789,48.959999084472656,47.09000015258789,48.0099983215332,43.01566696166992,147200
2016-03-02,47.7400016784668,48.34000015258789,47.2400016784668,48.220001220703125,43.203826904296875,96000
2016-03-03,47.97999954223633,49.7400016784668,47.97999954223633,49.7400016784668,44.56568908691406,99600
2016-03-04,49.619998931884766,51.31999969482422,49.619998931884766,50.810001373291016,45.524391174316406,104400
2016-03-07,50.52000045776367,51.75,50.25,51.689998626708984,46.31284713745117,79700
2016-03-08,51.63999938964844,52.099998474121094,50.70000076293945,51.81999969482422,46.429317474365234,188600
2016-03-09,51.83000183105469,52.75,50.9900016784668,51.150001525878906,45.82901382446289,51900
2016-03-10,51.38999938964844,51.599998474121094,49.68000030517578,49.83000183105469,44.646331787109375,51400
2016-03-11,50.15999984741211,50.91999816894531,49.41999816894531,50.86000061035156,45.56918716430664,96600
2016-03-14,50.86000061035156,51.22999954223633,50.20000076293945,50.61000061035156,45.3452033996582,60500
2016-03-15,50.470001220703125,50.58000183105469,49.47999954223633,49.66999816894531,44.50298309326172,46600
2016-03-16,49.54999923706055,51.279998779296875,48.20000076293945,51.0,45.69462203979492,81000
2016-03-17,51.13999938964844,52.369998931884766,51.13999938964844,52.130001068115234,46.70707321166992,87900
2016-03-18,52.40999984741211,52.81999969482422,51.25,51.40999984741211,46.06196975708008,149800
2016-03-21,51.25,51.619998931884766,50.880001068115234,51.459999084472656,46.10677719116211,58100
2016-03-22,51.31999969482422,51.66999816894531,50.7400016784668,51.029998779296875,45.72149658203125,52300
2016-03-23,51.06999969482422,51.33000183105469,50.040000915527344,50.66999816894531,45.39894485473633,73100
2016-03-24,50.560001373291016,50.689998626708984,49.93000030517578,50.54999923706055,45.291439056396484,42300
2016-03-28,50.54999923706055,51.290000915527344,49.619998931884766,50.95000076293945,45.64982223510742,61400
2016-03-29,50.86000061035156,52.06999969482422,50.650001525878906,51.900001525878906,46.50100326538086,67100
2016-03-30,52.31999969482422,52.59000015258789,51.68000030517578,51.849998474121094,46.45620346069336,61300
2016-03-31,51.93000030517578,51.93000030517578,51.38999938964844,51.47999954223633,46.12469482421875,38500
2016-04-01,50.970001220703125,51.529998779296875,50.41999816894531,51.279998779296875,45.945499420166016,64400
2016-04-04,51.279998779296875,51.52000045776367,50.470001220703125,50.599998474121094,45.33623504638672,97300
2016-04-05,50.380001068115234,51.400001525878906,50.310001373291016,51.18000030517578,45.855892181396484,74700
2016-04-06,51.09000015258789,52.06999969482422,51.0,51.47999954223633,46.12469482421875,64900
2016-04-07,51.13999938964844,51.61000061035156,51.099998474121094,51.439998626708984,46.08885192871094,52800
2016-04-08,51.869998931884766,52.790000915527344,51.599998474121094,51.90999984741211,46.50996398925781,43000
2016-04-11,52.029998779296875,52.9900016784668,51.5,51.619998931884766,46.250125885009766,61300
2016-04-12,51.72999954223633,52.65999984741211,51.560001373291016,51.81999969482422,46.429317474365234,50200
2016-04-13,52.20000076293945,53.0,51.91999816894531,52.83000183105469,47.334259033203125,118400
2016-04-14,52.939998626708984,53.11000061035156,52.349998474121094,52.650001525878906,47.172977447509766,57600
2016-04-15,52.45000076293945,52.45000076293945,51.83000183105469,52.369998931884766,46.922119140625,65000
2016-04-18,52.2599983215332,52.90999984741211,52.2599983215332,52.849998474121094,47.352176666259766,46200
2016-04-19,53.099998474121094,53.86000061035156,53.02000045776367,53.540000915527344,47.97039794921875,51000
2016-04-20,53.790000915527344,53.790000915527344,53.290000915527344,53.400001525878906,47.84495544433594,47500
2016-04-21,53.279998779296875,54.13999938964844,53.279998779296875,53.790000915527344,48.19438934326172,48900
2016-04-22,53.970001220703125,55.470001220703125,53.939998626708984,55.2599983215332,49.511470794677734,90600
2016-04-25,55.2599983215332,55.88999938964844,54.810001373291016,55.849998474121094,50.04009246826172,178900
2016-04-26,56.0,56.0,53.90999984741211,54.459999084472656,48.7946891784668,137500
2016-04-27,54.65999984741211,54.90999984741211,53.790000915527344,54.70000076293945,49.00971603393555,70300
2016-04-28,54.68000030517578,54.7400016784668,53.70000076293945,53.93000030517578,48.319828033447266,81800
2016-04-29,53.880001068115234,54.290000915527344,53.08000183105469,53.40999984741211,47.853919982910156,54400
2016-05-02,53.7599983215332,53.7599983215332,52.650001525878906,53.220001220703125,47.683692932128906,59200
2016-05-03,52.90999984741211,53.90999984741211,51.810001373291016,52.349998474121094,46.9041862487793,62300
2016-05-04,52.08000183105469,52.540000915527344,51.61000061035156,52.029998779296875,46.617469787597656,35600
2016-05-05,52.060001373291016,52.2400016784668,51.369998931884766,52.060001373291016,46.64435577392578,73400
2016-05-06,51.84000015258789,52.83000183105469,51.689998626708984,52.810001373291016,47.31633758544922,62900
2016-05-09,52.619998931884766,52.709999084472656,51.75,52.43000030517578,46.97587585449219,71000
2016-05-10,52.54999923706055,53.70000076293945,52.54999923706055,53.59000015258789,48.015193939208984,59900
2016-05-11,53.63999938964844,54.08000183105469,53.209999084472656,53.439998626708984,47.880794525146484,52500
2016-05-12,54.029998779296875,54.25,52.91999816894531,53.06999969482422,47.549293518066406,37600
2016-05-13,52.779998779296875,53.189998626708984,52.150001525878906,52.66999816894531,47.19090270996094,35300
2016-05-16,52.91999816894531,53.540000915527344,52.5099983215332,52.59000015258789,47.11922073364258,43900
2016-05-17,52.56999969482422,53.209999084472656,51.540000915527344,52.02000045776367,46.60851287841797,74300
2016-05-18,51.31999969482422,52.619998931884766,51.31999969482422,52.279998779296875,46.841468811035156,49300
2016-05-19,51.849998474121094,52.7599983215332,51.11000061035156,51.68000030517578,46.303890228271484,32300
2016-05-20,51.95000076293945,52.5099983215332,51.33000183105469,52.33000183105469,46.88627243041992,71600
2016-05-23,52.400001525878906,53.11000061035156,52.09000015258789,52.13999938964844,46.716041564941406,51800
2016-05-24,52.189998626708984,53.849998474121094,52.189998626708984,53.56999969482422,47.99727249145508,71000
2016-05-25,53.70000076293945,54.060001373291016,53.2400016784668,53.400001525878906,47.84495544433594,37800
2016-05-26,53.36000061035156,53.36000061035156,52.75,52.86000061035156,47.539180755615234,27100
2016-05-27,52.70000076293945,53.29999923706055,52.70000076293945,53.099998474121094,47.75502395629883,53200
2016-05-31,53.029998779296875,54.040000915527344,52.970001220703125,53.70000076293945,48.29463577270508,113200
2016-06-01,53.34000015258789,54.18000030517578,52.939998626708984,54.09000015258789,48.645381927490234,72800
2016-06-02,54.20000076293945,54.90999984741211,53.630001068115234,54.849998474121094,49.32887268066406,58200
2016-06-03,54.95000076293945,54.95000076293945,54.02000045776367,54.45000076293945,48.96913146972656,32400
2016-06-06,54.349998474121094,55.540000915527344,54.349998474121094,55.38999938964844,49.81451416015625,65400
2016-06-07,55.38999938964844,55.869998931884766,55.02000045776367,55.45000076293945,49.86848068237305,51300
2016-06-08,55.36000061035156,56.33000183105469,55.18000030517578,55.7599983215332,50.14726638793945,133900
2016-06-09,55.33000183105469,55.400001525878906,54.599998474121094,54.88999938964844,49.36483383178711,97600
2016-06-10,54.34000015258789,54.459999084472656,53.779998779296875,54.220001220703125,48.762298583984375,60400
2016-06-13,54.099998474121094,54.650001525878906,53.40999984741211,53.63999938964844,48.24067306518555,82100
2016-06-14,53.709999084472656,54.720001220703125,52.90999984741211,54.599998474121094,49.10404586791992,83500
2016-06-15,54.970001220703125,54.970001220703125,53.970001220703125,54.06999969482422,48.62739944458008,70500
2016-06-16,53.97999954223633,54.2400016784668,53.150001525878906,54.09000015258789,48.645381927490234,60000
2016-06-17,54.0,54.91999816894531,54.0,54.130001068115234,48.68135070800781,136500
2016-06-20,54.810001373291016,55.209999084472656,54.599998474121094,54.79999923706055,49.28390121459961,71600
2016-06-21,54.70000076293945,54.70000076293945,53.959999084472656,54.38999938964844,48.91517639160156,109700
2016-06-22,54.290000915527344,55.18000030517578,54.150001525878906,54.650001525878906,49.149009704589844,100700
2016-06-23,55.02000045776367,55.27000045776367,54.34000015258789,54.79999923706055,49.28390121459961,77200
2016-06-24,52.36000061035156,53.56999969482422,51.060001373291016,51.439998626708984,46.26211929321289,161000
2016-06-27,50.790000915527344,50.790000915527344,49.970001220703125,50.2599983215332,45.20090866088867,110500
2016-06-28,50.45000076293945,51.540000915527344,50.45000076293945,51.33000183105469,46.16319274902344,95600
2016-06-29,51.58000183105469,52.0,51.52000045776367,51.86000061035156,46.639854431152344,71200
2016-06-30,51.720001220703125,53.880001068115234,51.529998779296875,53.869998931884766,48.4475212097168,100100
2016-07-01,53.72999954223633,54.459999084472656,53.16999816894531,53.5099983215332,48.123756408691406,49700
2016-07-05,52.97999954223633,53.70000076293945,52.5099983215332,52.880001068115234,47.55717468261719,47000
2016-07-06,52.560001373291016,54.2599983215332,52.560001373291016,53.7400016784668,48.330604553222656,72100
2016-07-07,53.970001220703125,54.68000030517578,53.4900016784668,53.93000030517578,48.50148391723633,36600
2016-07-08,54.29999923706055,56.08000183105469,54.29999923706055,55.900001525878906,50.273189544677734,110600
2016-07-11,56.029998779296875,57.31999969482422,55.95000076293945,56.59000015258789,50.89371871948242,81400
2016-07-12,56.93000030517578,57.810001373291016,56.54999923706055,57.290000915527344,51.52326965332031,76300
2016-07-13,57.70000076293945,57.9900016784668,56.959999084472656,57.779998779296875,51.96393966674805,59800
2016-07-14,58.0,58.61000061035156,57.58000183105469,58.40999984741211,52.53053665161133,64400
2016-07-15,58.7599983215332,58.84000015258789,58.25,58.7599983215332,52.845298767089844,84000
2016-07-18,58.77000045776367,58.77000045776367,57.459999084472656,57.470001220703125,51.68515396118164,55600
2016-07-19,57.45000076293945,57.59000015258789,56.75,57.02000045776367,51.28044128417969,39100
2016-07-20,57.290000915527344,57.84000015258789,56.9900016784668,57.47999954223633,51.694149017333984,35400
2016-07-21,57.540000915527344,58.849998474121094,56.619998931884766,57.06999969482422,51.32541275024414,45500
2016-07-22,56.880001068115234,57.68000030517578,56.45000076293945,57.119998931884766,51.37038803100586,67800
2016-07-25,57.11000061035156,57.709999084472656,56.43000030517578,57.58000183105469,51.78406524658203,107300
2016-07-26,59.77000045776367,63.4900016784668,59.77000045776367,60.79999923706055,54.67996597290039,449000
2016-07-27,60.66999816894531,63.2599983215332,60.2400016784668,63.060001373291016,56.71247482299805,411800
2016-07-28,62.86000061035156,63.41999816894531,62.310001373291016,62.560001373291016,56.262794494628906,135100
2016-07-29,62.63999938964844,64.3499984741211,62.470001220703125,64.08000183105469,57.62980651855469,123600
2016-08-01,63.900001525878906,64.48999786376953,62.810001373291016,63.310001373291016,56.93729782104492,137300
2016-08-02,63.45000076293945,64.93000030517578,62.68000030517578,62.810001373291016,56.48763656616211,74300
2016-08-03,63.0099983215332,63.90999984741211,62.56999969482422,63.09000015258789,56.739444732666016,69700
2016-08-04,63.130001068115234,63.83000183105469,62.63999938964844,63.0099983215332,56.66749572753906,64800
2016-08-05,63.11000061035156,64.08000183105469,63.040000915527344,63.869998931884766,57.4409294128418,56300
2016-08-08,63.93000030517578,64.05000305175781,63.290000915527344,63.470001220703125,57.08119583129883,36900
2016-08-09,63.220001220703125,63.79999923706055,62.599998474121094,63.20000076293945,56.83837890625,170200
2016-08-10,63.189998626708984,63.779998779296875,62.77000045776367,63.08000183105469,56.7304573059082,93900
2016-08-11,63.310001373291016,63.77000045776367,63.060001373291016,63.209999084472656,56.84737014770508,35900
2016-08-12,63.40999984741211,63.40999984741211,62.369998931884766,62.790000915527344,56.46963882446289,41800
2016-08-15,62.75,63.290000915527344,62.540000915527344,62.93000030517578,56.595550537109375,46600
2016-08-16,62.68000030517578,63.22999954223633,62.41999816894531,62.5099983215332,56.21782302856445,84200
2016-08-17,62.619998931884766,63.099998474121094,62.13999938964844,62.4900016784668,56.19984436035156,40900
2016-08-18,62.25,62.689998626708984,62.029998779296875,62.56999969482422,56.27178955078125,34100
2016-08-19,62.36000061035156,63.61000061035156,61.45000076293945,63.029998779296875,56.685489654541016,152000
2016-08-22,62.689998626708984,63.29999923706055,61.90999984741211,63.22999954223633,56.86536407470703,68500
2016-08-23,63.5099983215332,64.4000015258789,63.18000030517578,63.5,57.108184814453125,52400
2016-08-24,63.7599983215332,64.13999938964844,63.220001220703125,63.900001525878906,57.467918395996094,77700
2016-08-25,63.90999984741211,64.4000015258789,63.56999969482422,64.16000366210938,57.701744079589844,59500
2016-08-26,64.04000091552734,64.7699966430664,63.95000076293945,64.36000061035156,57.88161849975586,59800
2016-08-29,64.30000305175781,64.69000244140625,64.13999938964844,64.56999969482422,58.25149917602539,37600
2016-08-30,64.56999969482422,65.02999877929688,64.29000091552734,64.95999908447266,58.603328704833984,42800
2016-08-31,64.80999755859375,65.33000183105469,64.55000305175781,64.7300033569336,58.39584732055664,65700
2016-09-01,64.94000244140625,65.63999938964844,63.970001220703125,64.95999908447266,58.603328704833984,27500
2016-09-02,64.9800033569336,66.54000091552734,64.9800033569336,66.52999877929688,60.01968765258789,56100
2016-09-06,66.41999816894531,66.4800033569336,65.01000213623047,65.41000366210938,59.00929641723633,206700
2016-09-07,65.62999725341797,66.30999755859375,64.55000305175781,65.56999969482422,59.15363693237305,96600
2016-09-08,65.2699966430664,65.2699966430664,64.22000122070312,64.69000244140625,58.359745025634766,36700
2016-09-09,64.05000305175781,64.05000305175781,62.88999938964844,62.970001220703125,56.808067321777344,40400
2016-09-12,62.72999954223633,64.0,62.72999954223633,63.970001220703125,57.7101936340332,66100
2016-09-13,63.29999923706055,63.720001220703125,62.59000015258789,62.810001373291016,56.66371536254883,33900
2016-09-14,63.029998779296875,63.15999984741211,62.290000915527344,62.61000061035156,56.4832763671875,30500
2016-09-15,62.59000015258789,63.4900016784668,62.38999938964844,63.380001068115234,57.177940368652344,31200
2016-09-16,63.439998626708984,63.959999084472656,62.63999938964844,63.33000183105469,57.1328239440918,125100
2016-09-19,63.56999969482422,64.70999908447266,63.27000045776367,63.790000915527344,57.54782485961914,37900
2016-09-20,64.23999786376953,64.51000213623047,63.58000183105469,64.05999755859375,57.7913932800293,28200
2016-09-21,64.30999755859375,65.44999694824219,64.13999938964844,65.33000183105469,58.93711853027344,54700
2016-09-22,65.86000061035156,66.5199966430664,65.62999725341797,66.20999908447266,59.730995178222656,60700
2016-09-23,66.23999786376953,66.23999786376953,64.69999694824219,64.83999633789062,58.49506759643555,33300
2016-09-26,64.36000061035156,65.31999969482422,63.77000045776367,64.18000030517578,57.89965057373047,54800
2016-09-27,64.2300033569336,64.4000015258789,63.59000015258789,64.25,57.962799072265625,46500
2016-09-28,64.27999877929688,64.76000213623047,64.02999877929688,64.36000061035156,58.062042236328125,54000
2016-09-29,64.37000274658203,64.58999633789062,63.81999969482422,63.970001220703125,57.7101936340332,45400
2016-09-30,64.20999908447266,65.20999908447266,64.05999755859375,64.80000305175781,58.458984375,64300
2016-10-03,64.41000366210938,65.0,64.4000015258789,64.72000122070312,58.38682174682617,48100
2016-10-04,64.75,65.08000183105469,64.0199966430664,64.3499984741211,58.053016662597656,39500
2016-10-05,64.66000366210938,65.29000091552734,64.61000061035156,64.75,58.413883209228516,21900
2016-10-06,64.4000015258789,65.2699966430664,63.7400016784668,64.88999938964844,58.54018020629883,41200
2016-10-07,64.7300033569336,64.7300033569336,61.68000030517578,61.75,55.70743179321289,104900
2016-10-10,62.119998931884766,62.72999954223633,61.709999084472656,61.959999084472656,55.89689254760742,31200
2016-10-11,61.959999084472656,61.959999084472656,60.220001220703125,61.02000045776367,55.04887390136719,71500
2016-10-12,60.93000030517578,62.0099983215332,60.93000030517578,61.650001525878906,55.61724853515625,30200
2016-10-13,61.13999938964844,61.5,60.63999938964844,60.939998626708984,54.976707458496094,37900
2016-10-14,61.29999923706055,61.9900016784668,60.93000030517578,60.97999954223633,55.012794494628906,40200
2016-10-17,60.79999923706055,61.349998474121094,60.79999923706055,61.06999969482422,55.093990325927734,22100
2016-10-18,61.560001373291016,61.79999923706055,60.9900016784668,61.13999938964844,55.157142639160156,27000
2016-10-19,61.15999984741211,62.540000915527344,61.060001373291016,61.66999816894531,55.63527297973633,42700
2016-10-20,61.650001525878906,61.849998474121094,61.09000015258789,61.25,55.256378173828125,54200
2016-10-21,60.68000030517578,61.47999954223633,60.209999084472656,61.18000030517578,55.19321823120117,65400
2016-10-24,61.63999938964844,61.77000045776367,60.849998474121094,61.25,55.256378173828125,59500
2016-10-25,63.349998474121094,63.349998474121094,60.220001220703125,60.849998474121094,54.895511627197266,53300
2016-10-26,60.75,61.31999969482422,60.540000915527344,61.06999969482422,55.093990325927734,90700
2016-10-27,61.27000045776367,62.5,61.0,62.29999923706055,56.20362854003906,212000
2016-10-28,62.2400016784668,64.30000305175781,62.209999084472656,63.380001068115234,57.177940368652344,170500
2016-10-31,63.5,63.5,62.400001525878906,62.95000076293945,56.79002380371094,63200
2016-11-01,63.849998474121094,63.849998474121094,62.279998779296875,62.75,56.60960006713867,88300
2016-11-02,62.54999923706055,63.25,62.150001525878906,62.70000076293945,56.56447982788086,69000
2016-11-03,62.79999923706055,63.79999923706055,62.70000076293945,63.79999923706055,57.55684280395508,85900
2016-11-04,63.900001525878906,65.1500015258789,63.099998474121094,64.94999694824219,58.59431457519531,98100
2016-11-07,65.6500015258789,67.5,65.3499984741211,67.5,60.894771575927734,84800
2016-11-08,67.25,69.4000015258789,66.55000305175781,68.30000305175781,61.61650085449219,124000
2016-11-09,68.5,72.0,68.5,71.3499984741211,64.36802673339844,89900
2016-11-10,71.44999694824219,74.4000015258789,71.3499984741211,73.69999694824219,66.48808288574219,110800
2016-11-11,73.44999694824219,75.5,72.94999694824219,74.30000305175781,67.02938079833984,152800
2016-11-14,75.05000305175781,75.9000015258789,72.75,72.94999694824219,65.81145477294922,150800
2016-11-15,73.19999694824219,73.19999694824219,71.30000305175781,71.55000305175781,64.5484619140625,124300
2016-11-16,71.5,72.5,71.19999694824219,71.94999694824219,64.9093246459961,89000
2016-11-17,71.94999694824219,73.6500015258789,71.05000305175781,72.9000015258789,65.76634979248047,64800
2016-11-18,72.9000015258789,73.5999984741211,72.19999694824219,72.8499984741211,65.72123718261719,73600
2016-11-21,73.25,73.69999694824219,73.0,73.6500015258789,66.4429702758789,75800
2016-11-22,73.69999694824219,75.25,73.44999694824219,75.19999694824219,67.84130096435547,47200
2016-11-23,75.6500015258789,76.4000015258789,75.0,75.94999694824219,68.51789093017578,70800
2016-11-25,76.30000305175781,76.5,75.3499984741211,76.5,69.0140609741211,14500
2016-11-28,75.9000015258789,76.0999984741211,75.12999725341797,75.30000305175781,68.11849212646484,82000
2016-11-29,75.5999984741211,75.5999984741211,73.8499984741211,73.94999694824219,66.89725494384766,93200
2016-11-30,74.55000305175781,75.5999984741211,73.69999694824219,75.0999984741211,67.93757629394531,79900
2016-12-01,75.4000015258789,76.5999984741211,74.4000015258789,74.80000305175781,67.66615295410156,87900
2016-12-02,74.4000015258789,74.9000015258789,73.3499984741211,73.3499984741211,66.35448455810547,51200
2016-12-05,73.75,74.5,73.5999984741211,74.4000015258789,67.3043441772461,64400
2016-12-06,74.44999694824219,75.55000305175781,73.5,75.0,67.84711456298828,73600
2016-12-07,75.05000305175781,75.6500015258789,74.9000015258789,75.25,68.07324981689453,66700
2016-12-08,75.19999694824219,76.19999694824219,74.6500015258789,75.5,68.2994384765625,78600
2016-12-09,75.8499984741211,76.80000305175781,75.55000305175781,75.6500015258789,68.43512725830078,85800
2016-12-12,75.5999984741211,75.6500015258789,74.69999694824219,75.1500015258789,67.98279571533203,58400
2016-12-13,75.3499984741211,75.69999694824219,74.0,74.19999694824219,67.1234130859375,44800
2016-12-14,74.0,74.5,72.8499984741211,72.94999694824219,65.99259948730469,59400
2016-12-15,73.05000305175781,74.0,72.3499984741211,73.5,66.49015808105469,60200
2016-12-16,72.75,74.1500015258789,72.4000015258789,72.6500015258789,65.7212142944336,219300
2016-12-19,72.5,73.44999694824219,71.44999694824219,71.6500015258789,64.81659698486328,113300
2016-12-20,72.0999984741211,73.3499984741211,71.0,71.25,64.45475006103516,105700
2016-12-21,71.5,73.05000305175781,71.0,72.30000305175781,65.40461730957031,89900
2016-12-22,72.5,72.55000305175781,71.0999984741211,71.3499984741211,64.54521942138672,44600
2016-12-23,71.0999984741211,71.80000305175781,70.9000015258789,71.25,64.45475006103516,57600
2016-12-27,71.3499984741211,72.5,71.19999694824219,71.75,64.90706634521484,46800
2016-12-28,71.8499984741211,72.05000305175781,71.0999984741211,71.3499984741211,64.54521942138672,37500
2016-12-29,71.5,71.9000015258789,71.0,71.6500015258789,64.81659698486328,27400
2016-12-30,71.75,71.75,70.94999694824219,71.19999694824219,64.40953826904297,50000
2017-01-03,71.94999694824219,72.75,71.6500015258789,72.5999984741211,65.6760025024414,62100
2017-01-04,72.80000305175781,74.5,72.75,74.1500015258789,67.07819366455078,88700
2017-01-05,73.69999694824219,74.1500015258789,71.3499984741211,71.6500015258789,64.81659698486328,64000
2017-01-06,71.5,72.1500015258789,71.05000305175781,71.25,64.45475006103516,39100
2017-01-09,70.80000305175781,71.3499984741211,70.25,70.80000305175781,64.04767608642578,49600
2017-01-10,70.8499984741211,71.4000015258789,69.1500015258789,69.30000305175781,62.69074630737305,193800
2017-01-11,69.25,69.3499984741211,67.6500015258789,67.80000305175781,61.333805084228516,103400
2017-01-12,67.30000305175781,67.69999694824219,65.69999694824219,66.5,60.15776062011719,91500
2017-01-13,66.8499984741211,68.80000305175781,66.05000305175781,68.4000015258789,61.87656021118164,82700
2017-01-17,68.0,68.0,66.8499984741211,67.1500015258789,60.74577331542969,57000
2017-01-18,67.44999694824219,68.05000305175781,67.1500015258789,67.19999694824219,60.79099655151367,78800
2017-01-19,67.19999694824219,67.69999694824219,66.55000305175781,66.80000305175781,60.429161071777344,40600
2017-01-20,66.9000015258789,67.3499984741211,64.5,65.0,58.80082702636719,122200
2017-01-23,65.0,65.75,64.30000305175781,65.44999694824219,59.207908630371094,70600
2017-01-24,65.8499984741211,66.05000305175781,65.3499984741211,65.75,59.47929382324219,105200
2017-01-25,66.0999984741211,68.75,66.0999984741211,68.5999984741211,62.05747985839844,202700
2017-01-26,68.55000305175781,68.69999694824219,67.55000305175781,68.05000305175781,61.5599479675293,34200
2017-01-27,68.0,68.94999694824219,68.0,68.75,62.19319152832031,51800
2017-01-30,68.25,68.9000015258789,67.80000305175781,68.5999984741211,62.05747985839844,70400
2017-01-31,68.44999694824219,69.3499984741211,68.18000030517578,69.25,62.6454963684082,76600
2017-02-01,69.44999694824219,69.5,69.0,69.25,62.6454963684082,56900
2017-02-02,69.19999694824219,69.4000015258789,68.80000305175781,69.05000305175781,62.46457290649414,70700
2017-02-03,69.5999984741211,70.94999694824219,69.0999984741211,70.94999694824219,64.18336486816406,68600
2017-02-06,70.94999694824219,71.19999694824219,70.44999694824219,70.6500015258789,63.911991119384766,76900
2017-02-07,71.30000305175781,71.6500015258789,70.05000305175781,70.4000015258789,63.685829162597656,121200
2017-02-08,69.94999694824219,69.94999694824219,69.4000015258789,69.80000305175781,63.14302444458008,43900
2017-02-09,69.80000305175781,70.8499984741211,69.80000305175781,70.75,64.00244140625,50100
2017-02-10,71.0999984741211,71.30000305175781,70.30000305175781,71.0999984741211,64.31906127929688,62400
2017-02-13,71.5999984741211,72.47000122070312,71.30000305175781,71.6500015258789,64.81659698486328,50000
2017-02-14,71.30000305175781,71.30000305175781,70.05000305175781,70.5999984741211,63.866756439208984,79000
2017-02-15,70.3499984741211,71.25,69.8499984741211,71.05000305175781,64.2738265991211,38900
2017-02-16,70.8499984741211,72.25,70.44999694824219,71.3499984741211,64.54521942138672,66800
2017-02-17,71.55000305175781,71.94999694824219,70.55000305175781,71.3499984741211,64.54521942138672,76800
2017-02-21,71.44999694824219,72.3499984741211,71.27999877929688,72.0,65.13322448730469,74200
2017-02-22,71.8499984741211,71.8499984741211,69.8499984741211,70.0999984741211,63.41442108154297,89300
2017-02-23,69.44999694824219,76.0999984741211,67.0999984741211,73.25,66.26400756835938,247100
2017-02-24,73.1500015258789,75.69999694824219,73.1500015258789,74.94999694824219,67.8018798828125,117300
2017-02-27,74.55000305175781,74.55000305175781,72.69999694824219,73.19999694824219,66.2187728881836,104000
2017-02-28,72.30000305175781,72.52999877929688,70.0999984741211,70.25,63.73296356201172,118800
2017-03-01,71.3499984741211,73.30000305175781,71.1500015258789,72.75,66.00102233886719,119700
2017-03-02,72.4000015258789,72.5999984741211,70.6500015258789,71.0999984741211,64.5041275024414,59400
2017-03-03,70.94999694824219,71.4000015258789,70.4000015258789,70.94999694824219,64.36801147460938,47000
2017-03-06,70.5999984741211,71.9000015258789,70.4000015258789,71.5999984741211,64.95771789550781,65400
2017-03-07,71.55000305175781,72.3499984741211,70.8499984741211,71.1500015258789,64.54948425292969,77300
2017-03-08,71.5,71.75,69.9000015258789,69.94999694824219,63.46078872680664,45100
2017-03-09,69.94999694824219,70.1500015258789,69.25,69.69999694824219,63.23399353027344,64500
2017-03-10,70.0999984741211,70.1500015258789,69.1500015258789,70.1500015258789,63.64225387573242,32200
2017-03-13,70.1500015258789,70.44999694824219,70.0,70.05000305175781,63.55153274536133,35300
2017-03-14,69.5,69.9000015258789,68.9000015258789,69.8499984741211,63.37007141113281,45200
2017-03-15,70.30000305175781,71.94999694824219,69.9000015258789,71.80000305175781,65.13917541503906,78500
2017-03-16,72.0,73.05000305175781,71.0999984741211,72.5999984741211,65.8649673461914,79200
2017-03-17,72.5,73.94999694824219,72.05000305175781,73.69999694824219,66.8628921508789,221600
2017-03-20,73.3499984741211,73.75,72.80000305175781,73.25,66.45465087890625,51600
2017-03-21,73.5999984741211,73.8499984741211,71.8499984741211,71.94999694824219,65.27526092529297,81000
2017-03-22,71.69999694824219,71.80000305175781,69.80000305175781,70.5,63.95976638793945,77200
2017-03-23,70.5999984741211,71.3499984741211,69.8499984741211,70.8499984741211,64.27727508544922,44200
2017-03-24,70.8499984741211,71.30000305175781,70.19999694824219,70.69999694824219,64.14119720458984,70800
2017-03-27,69.8499984741211,71.0999984741211,69.19999694824219,70.9000015258789,64.32266235351562,64200
2017-03-28,70.80000305175781,72.05000305175781,70.1500015258789,71.8499984741211,65.18452453613281,61100
2017-03-29,71.5999984741211,72.25,71.25,72.0,65.32061767578125,26800
2017-03-30,72.0999984741211,72.69999694824219,71.4000015258789,72.5,65.77422332763672,47500
2017-03-31,72.5,73.0999984741211,71.9000015258789,72.6500015258789,65.91030883789062,87500
2017-04-03,72.69999694824219,73.5,70.1500015258789,70.5,63.95976638793945,59100
2017-04-04,70.5,71.25,70.4000015258789,70.9000015258789,64.32266235351562,81400
2017-04-05,71.4000015258789,72.0,70.1500015258789,70.3499984741211,63.823692321777344,58200
2017-04-06,70.3499984741211,71.3499984741211,70.0999984741211,71.30000305175781,64.685546875,90500
2017-04-07,71.1500015258789,71.6500015258789,70.30000305175781,71.44999694824219,64.8216323852539,58700
2017-04-10,71.5,72.0999984741211,71.0999984741211,71.69999694824219,65.04844665527344,52900
2017-04-11,71.30000305175781,72.55000305175781,71.30000305175781,72.4000015258789,65.68353271484375,40200
2017-04-12,72.1500015258789,72.1500015258789,70.69999694824219,70.9000015258789,64.32266235351562,42900
2017-04-13,70.69999694824219,71.0,70.1500015258789,70.19999694824219,63.68758773803711,46100
2017-04-17,70.4000015258789,71.30000305175781,70.1500015258789,71.30000305175781,64.685546875,21700
2017-04-18,70.80000305175781,71.6500015258789,70.5999984741211,71.0,64.41337585449219,87900
2017-04-19,71.1500015258789,71.8499984741211,70.5,71.1500015258789,64.54948425292969,30000
2017-04-20,71.55000305175781,72.69999694824219,71.3499984741211,72.5,65.77422332763672,47800
2017-04-21,72.5999984741211,73.75,71.80000305175781,73.6500015258789,66.81755828857422,72700
2017-04-24,74.0,75.0,71.69999694824219,73.9000015258789,67.04434967041016,127400
2017-04-25,74.5999984741211,74.5999984741211,71.9000015258789,72.5,65.77422332763672,114400
2017-04-26,72.55000305175781,74.5999984741211,72.55000305175781,73.05000305175781,66.27322387695312,94800
2017-04-27,73.1500015258789,74.80000305175781,73.1500015258789,74.6500015258789,67.72479248046875,74900
2017-04-28,74.80000305175781,74.94999694824219,72.8499984741211,73.25,66.45465087890625,71300
2017-05-01,73.4000015258789,74.0999984741211,72.94999694824219,73.6500015258789,66.81755828857422,38900
2017-05-02,73.5999984741211,74.0,72.69999694824219,73.1500015258789,66.36393737792969,92600
2017-05-03,72.80000305175781,73.0999984741211,72.0,73.05000305175781,66.27322387695312,51300
2017-05-04,73.05000305175781,73.3499984741211,72.44999694824219,72.80000305175781,66.04639434814453,44400
2017-05-05,73.0999984741211,73.1500015258789,72.5999984741211,72.94999694824219,66.18246459960938,46900
2017-05-08,72.94999694824219,73.94999694824219,72.55000305175781,73.6500015258789,66.81755828857422,41100
2017-05-09,73.55000305175781,74.19999694824219,72.8499984741211,73.3499984741211,66.54541015625,66500
2017-05-10,73.1500015258789,73.75,72.8499984741211,73.6500015258789,66.81755828857422,36400
2017-05-11,73.25,73.5999984741211,72.55000305175781,73.3499984741211,66.54541015625,31000
2017-05-12,73.05000305175781,73.05000305175781,72.44999694824219,72.5999984741211,65.8649673461914,31300
2017-05-15,72.9000015258789,73.5,72.75,73.0999984741211,66.31856536865234,28200
2017-05-16,73.19999694824219,73.25,72.4000015258789,73.1500015258789,66.36393737792969,26100
2017-05-17,73.1500015258789,73.1500015258789,71.01000213623047,71.94999694824219,65.27526092529297,67300
2017-05-18,71.6500015258789,72.44999694824219,71.05000305175781,71.19999694824219,64.59483337402344,75400
2017-05-19,71.0999984741211,71.55000305175781,70.75,70.80000305175781,64.2319564819336,71200
2017-05-22,71.0,71.55000305175781,70.30000305175781,70.75,64.18659210205078,52500
2017-05-23,70.75,71.1500015258789,70.1500015258789,70.69999694824219,64.14119720458984,91800
2017-05-24,70.9000015258789,72.30000305175781,70.0999984741211,70.5,63.95976638793945,61300
2017-05-25,70.8499984741211,71.02999877929688,70.4000015258789,70.75,64.18659210205078,52600
2017-05-26,70.54000091552734,70.75,70.4000015258789,70.69999694824219,64.33216094970703,28800
2017-05-30,70.44999694824219,70.55000305175781,70.0,70.0999984741211,63.786197662353516,31900
2017-05-31,70.05000305175781,70.30000305175781,69.1500015258789,70.0,63.69520950317383,46100
2017-06-01,70.1500015258789,71.1500015258789,69.75,70.25,63.922706604003906,89900
2017-06-02,70.44999694824219,73.94999694824219,70.44999694824219,73.6500015258789,67.0164794921875,122700
2017-06-05,73.55000305175781,74.25,72.9000015258789,73.0,66.4250259399414,55800
2017-06-06,72.6500015258789,72.6500015258789,71.25,71.80000305175781,65.33309173583984,36400
2017-06-07,71.8499984741211,72.1500015258789,71.55000305175781,71.69999694824219,65.2420883178711,32500
2017-06-08,71.80000305175781,73.5999984741211,71.19999694824219,73.5,66.87999725341797,51100
2017-06-09,73.30000305175781,74.80000305175781,73.30000305175781,74.5999984741211,67.88090515136719,64900
2017-06-12,74.5999984741211,74.94999694824219,73.75,73.94999694824219,67.28943634033203,52300
2017-06-13,74.0999984741211,74.55000305175781,73.94999694824219,74.4000015258789,67.69891357421875,36100
2017-06-14,74.4000015258789,74.4000015258789,73.30000305175781,73.8499984741211,67.1984634399414,43900
2017-06-15,73.30000305175781,74.19999694824219,73.1500015258789,73.94999694824219,67.28943634033203,46000
2017-06-16,73.25,74.9000015258789,73.0,74.75,68.01741027832031,122800
2017-06-19,74.9000015258789,74.9000015258789,73.55000305175781,73.6500015258789,67.0164794921875,51300
2017-06-20,73.3499984741211,73.5999984741211,72.80000305175781,73.44999694824219,66.8344955444336,50600
2017-06-21,73.4000015258789,74.0,72.0999984741211,72.25,65.74256896972656,31800
2017-06-22,72.3499984741211,73.25,72.0,73.0999984741211,66.5160140991211,64400
2017-06-23,72.9000015258789,74.05000305175781,72.9000015258789,74.0,67.33494567871094,61700
2017-06-26,73.9000015258789,74.25,72.55000305175781,73.69999694824219,67.06194305419922,33800
2017-06-27,73.9000015258789,73.94999694824219,73.0,73.6500015258789,67.0164794921875,48800
2017-06-28,73.80000305175781,74.75,73.4000015258789,73.55000305175781,66.92545318603516,76200
2017-06-29,73.80000305175781,73.80000305175781,71.80000305175781,73.05000305175781,66.47052001953125,45200
2017-06-30,73.5,74.3499984741211,73.1500015258789,73.80000305175781,67.15294647216797,33500
2017-07-03,73.8499984741211,74.6500015258789,72.30000305175781,74.5,67.78990173339844,27800
2017-07-05,74.3499984741211,74.8499984741211,73.55000305175781,74.1500015258789,67.47144317626953,49900
2017-07-06,73.69999694824219,74.25,73.0,73.55000305175781,66.92545318603516,72700
2017-07-07,73.75,74.80000305175781,73.1500015258789,74.75,68.01741027832031,25900
2017-07-10,74.5,75.55000305175781,74.05000305175781,74.75,68.01741027832031,38200
2017-07-11,74.8499984741211,75.80000305175781,74.5,75.44999694824219,68.65433502197266,50900
2017-07-12,75.9000015258789,76.80000305175781,75.6500015258789,76.30000305175781,69.42777252197266,47100
2017-07-13,76.25,76.30000305175781,75.5,76.0,69.15480041503906,40200
2017-07-14,75.9000015258789,76.19999694824219,75.3499984741211,75.75,68.92733764648438,73300
2017-07-17,75.6500015258789,76.30000305175781,74.75,75.4000015258789,68.60884094238281,79900
2017-07-18,75.1500015258789,75.30000305175781,74.5999984741211,75.0999984741211,68.33588409423828,39400
2017-07-19,75.1500015258789,76.3499984741211,74.94999694824219,75.1500015258789,68.38138580322266,57400
2017-07-20,75.0999984741211,75.6500015258789,73.80000305175781,74.5999984741211,67.88090515136719,45900
2017-07-21,74.80000305175781,75.05000305175781,73.30000305175781,73.94999694824219,67.28943634033203,56800
2017-07-24,73.69999694824219,74.0,72.80000305175781,73.9000015258789,67.24394226074219,78200
2017-07-25,74.0999984741211,75.19999694824219,73.9000015258789,74.8499984741211,68.1083755493164,44900
2017-07-26,74.80000305175781,75.4000015258789,74.1500015258789,74.25,67.56243896484375,40000
2017-07-27,74.44999694824219,75.80000305175781,74.30000305175781,74.55000305175781,67.83540344238281,47400
2017-07-28,74.4000015258789,75.80000305175781,73.80000305175781,75.0999984741211,68.33588409423828,41500
2017-07-31,75.1500015258789,75.87999725341797,74.44999694824219,75.55000305175781,68.7453384399414,77300
2017-08-01,75.9000015258789,75.9000015258789,74.94999694824219,75.8499984741211,69.01832580566406,54600
2017-08-02,72.5,72.5,65.5999984741211,69.25,63.01277542114258,416000
2017-08-03,68.9000015258789,68.9000015258789,64.37999725341797,65.69999694824219,59.782501220703125,261800
2017-08-04,65.75,66.3499984741211,65.25,66.25,60.28297424316406,107500
2017-08-07,66.30000305175781,67.25,65.94999694824219,66.25,60.28297424316406,209800
2017-08-08,66.25,66.30000305175781,64.25,64.75,58.91807556152344,141100
2017-08-09,64.25,64.8499984741211,62.849998474121094,63.150001525878906,57.462196350097656,118700
2017-08-10,62.70000076293945,63.25,62.20000076293945,62.29999923706055,56.688743591308594,117700
2017-08-11,61.75,63.599998474121094,60.099998474121094,63.04999923706055,57.371192932128906,181100
2017-08-14,63.25,63.83000183105469,62.70000076293945,63.45000076293945,57.735164642333984,76100
2017-08-15,63.75,64.5999984741211,63.20000076293945,64.0,58.235626220703125,130100
2017-08-16,64.0999984741211,64.4000015258789,63.54999923706055,63.75,58.008148193359375,124200
2017-08-17,63.400001525878906,63.779998779296875,63.150001525878906,63.25,57.55317687988281,164600
2017-08-18,62.849998474121094,63.650001525878906,62.58000183105469,62.900001525878906,57.23469924926758,151500
2017-08-21,63.0,63.0,61.79999923706055,61.79999923706055,56.23377990722656,85000
2017-08-22,61.95000076293945,61.95000076293945,61.0,61.25,55.733314514160156,97100
2017-08-23,60.95000076293945,61.20000076293945,60.29999923706055,61.0,55.50583267211914,80300
2017-08-24,61.150001525878906,61.25,60.400001525878906,61.0,55.50583267211914,98700
2017-08-25,61.20000076293945,62.099998474121094,60.849998474121094,61.5,55.96079635620117,87500
2017-08-28,61.54999923706055,61.79999923706055,60.45000076293945,61.20000076293945,55.68781280517578,96600
2017-08-29,60.75,61.400001525878906,60.54999923706055,61.04999923706055,55.74260330200195,84500
2017-08-30,61.0,61.20000076293945,60.650001525878906,60.70000076293945,55.42303466796875,65000
2017-08-31,60.95000076293945,61.400001525878906,60.599998474121094,60.95000076293945,55.65129470825195,67600
2017-09-01,61.099998474121094,61.54999923706055,60.650001525878906,61.400001525878906,56.06217956542969,81500
2017-09-05,61.29999923706055,61.75,60.54999923706055,60.75,55.46866989135742,68200
2017-09-06,61.150001525878906,61.68000030517578,60.54999923706055,61.04999923706055,55.74260330200195,34100
2017-09-07,61.20000076293945,61.20000076293945,60.150001525878906,60.400001525878906,55.149112701416016,130100
2017-09-08,60.5,60.75,60.04999923706055,60.45000076293945,55.194759368896484,101900
2017-09-11,60.849998474121094,61.04999923706055,60.45000076293945,60.79999923706055,55.51433563232422,78900
2017-09-12,61.04999923706055,61.650001525878906,60.849998474121094,61.650001525878906,56.290443420410156,120800
2017-09-13,61.54999923706055,62.5,61.5,61.849998474121094,56.47304916381836,67500
2017-09-14,61.599998474121094,62.45000076293945,61.45000076293945,62.29999923706055,56.883934020996094,53700
2017-09-15,62.45000076293945,62.83000183105469,61.79999923706055,62.79999923706055,57.34046936035156,113800
2017-09-18,62.95000076293945,63.900001525878906,62.95000076293945,63.650001525878906,58.1165657043457,58600
2017-09-19,63.5,64.0,63.20000076293945,63.5,57.9796142578125,56100
2017-09-20,63.5,64.05000305175781,63.45000076293945,63.79999923706055,58.2535285949707,42500
2017-09-21,63.849998474121094,64.05000305175781,62.95000076293945,63.150001525878906,57.6600456237793,110500
2017-09-22,63.04999923706055,63.810001373291016,63.04999923706055,63.349998474121094,57.842647552490234,80600
2017-09-25,63.349998474121094,63.79999923706055,63.099998474121094,63.5,57.9796142578125,64100
2017-09-26,63.650001525878906,64.6500015258789,63.650001525878906,64.05000305175781,58.48179626464844,46400
2017-09-27,64.05000305175781,66.5,64.05000305175781,65.80000305175781,60.07965850830078,113500
2017-09-28,65.5,66.4000015258789,65.0999984741211,66.3499984741211,60.581844329833984,47100
2017-09-29,66.4000015258789,66.5,65.94999694824219,66.19999694824219,60.44488525390625,62100
2017-10-02,66.25,67.75,66.1500015258789,67.69999694824219,61.814483642578125,60600
2017-10-03,67.80000305175781,68.69999694824219,67.6500015258789,68.25,62.31665802001953,106900
2017-10-04,68.44999694824219,69.19999694824219,68.25,68.69999694824219,62.72756576538086,82800
2017-10-05,68.80000305175781,69.05000305175781,67.55000305175781,67.6500015258789,61.768829345703125,36900
2017-10-06,67.19999694824219,67.80000305175781,66.9000015258789,67.1500015258789,61.31230926513672,45000
2017-10-09,67.1500015258789,67.5999984741211,66.9000015258789,67.0999984741211,61.266632080078125,62600
2017-10-10,67.44999694824219,67.5,66.94999694824219,67.25,61.40359878540039,53600
2017-10-11,67.25,68.05000305175781,67.25,67.94999694824219,62.04273223876953,36500
2017-10-12,67.94999694824219,68.75,67.87999725341797,68.69999694824219,62.72756576538086,48600
2017-10-13,68.94999694824219,69.4000015258789,68.52999877929688,69.1500015258789,63.138423919677734,59300
2017-10-16,69.19999694824219,69.94999694824219,69.0,69.80000305175781,63.73192596435547,44400
2017-10-17,69.5999984741211,70.1500015258789,68.6500015258789,69.05000305175781,63.047115325927734,43900
2017-10-18,69.1500015258789,70.19999694824219,69.05000305175781,69.55000305175781,63.503658294677734,41600
2017-10-19,69.19999694824219,69.69999694824219,68.72000122070312,69.4000015258789,63.36669158935547,49400
2017-10-20,69.9000015258789,70.18000030517578,69.3499984741211,69.55000305175781,63.503658294677734,45400
2017-10-23,69.9000015258789,69.94999694824219,69.55000305175781,69.80000305175781,63.73192596435547,38600
2017-10-24,70.0999984741211,71.33000183105469,70.0999984741211,70.6500015258789,64.50801849365234,47900
2017-10-25,70.55000305175781,70.5999984741211,69.6500015258789,70.25,64.14280700683594,38500
2017-10-26,70.6500015258789,70.8499984741211,70.05000305175781,70.5,64.37105560302734,35200
2017-10-27,70.5,70.55000305175781,69.75,70.0999984741211,64.00582122802734,59400
2017-10-30,69.94999694824219,69.94999694824219,68.44999694824219,69.05000305175781,63.047115325927734,57600
2017-10-31,69.44999694824219,69.80000305175781,69.27999877929688,69.3499984741211,63.32103729248047,77100
2017-11-01,69.94999694824219,70.5,68.4000015258789,68.44999694824219,62.49928665161133,73300
2017-11-02,65.19999694824219,66.19999694824219,61.400001525878906,64.05000305175781,58.48179626464844,381200
2017-11-03,64.05000305175781,65.3499984741211,63.93000030517578,64.6500015258789,59.029632568359375,147100
2017-11-06,64.44999694824219,66.19999694824219,64.1500015258789,66.1500015258789,60.39924240112305,196300
2017-11-07,66.0999984741211,67.5,66.0999984741211,66.94999694824219,61.12968063354492,340200
2017-11-08,66.6500015258789,67.30000305175781,66.05000305175781,66.94999694824219,61.12968063354492,206800
2017-11-09,66.55000305175781,67.0,65.0999984741211,65.19999694824219,59.53181076049805,279000
2017-11-10,65.25,65.25,63.29999923706055,63.45000076293945,57.933956146240234,186500
2017-11-13,63.25,63.25,60.75,61.25,55.92521286010742,169200
2017-11-14,60.849998474121094,61.29999923706055,60.650001525878906,60.849998474121094,55.55998611450195,117400
2017-11-15,60.400001525878906,61.150001525878906,60.29999923706055,60.70000076293945,55.42303466796875,134200
2017-11-16,60.95000076293945,62.70000076293945,60.650001525878906,62.400001525878906,56.97524642944336,173500
2017-11-17,62.04999923706055,63.150001525878906,61.849998474121094,62.25,56.83827209472656,90700
2017-11-20,62.45000076293945,62.70000076293945,61.79999923706055,62.70000076293945,57.24915313720703,68800
2017-11-21,62.79999923706055,63.58000183105469,62.599998474121094,62.79999923706055,57.34046936035156,91000
2017-11-22,62.79999923706055,63.54999923706055,62.400001525878906,62.79999923706055,57.34046936035156,56600
2017-11-24,62.849998474121094,63.099998474121094,62.400001525878906,62.70000076293945,57.24915313720703,24500
2017-11-27,62.70000076293945,63.95000076293945,62.70000076293945,62.95000076293945,57.4774284362793,252400
2017-11-28,63.099998474121094,65.44999694824219,63.099998474121094,65.3499984741211,59.66878128051758,122100
2017-11-29,65.0999984741211,66.19999694824219,65.05000305175781,65.80000305175781,60.273353576660156,84400
2017-11-30,66.0999984741211,66.0999984741211,65.3499984741211,65.80000305175781,60.273353576660156,100800
2017-12-01,66.0,66.0,62.900001525878906,64.69999694824219,59.265743255615234,94800
2017-12-04,65.5,66.30000305175781,64.3499984741211,64.3499984741211,58.945133209228516,133100
2017-12-05,64.5,64.5999984741211,63.880001068115234,64.25,58.853546142578125,58000
2017-12-06,64.1500015258789,65.30000305175781,63.95000076293945,65.0999984741211,59.632137298583984,83800
2017-12-07,64.6500015258789,65.22000122070312,64.05000305175781,64.6500015258789,59.219932556152344,64200
2017-12-08,64.9000015258789,64.9000015258789,63.150001525878906,63.150001525878906,57.84592056274414,79400
2017-12-11,63.29999923706055,63.29999923706055,62.349998474121094,62.45000076293945,57.20473098754883,65500
2017-12-12,62.650001525878906,62.75,61.900001525878906,62.04999923706055,56.83831024169922,63200
2017-12-13,62.54999923706055,63.70000076293945,62.04999923706055,62.29999923706055,57.067317962646484,143500
2017-12-14,62.900001525878906,65.75,62.04999923706055,64.6500015258789,59.219932556152344,170100
2017-12-15,64.6500015258789,68.55000305175781,64.6500015258789,67.8499984741211,62.15114974975586,306000
2017-12-18,68.3499984741211,69.0999984741211,67.1500015258789,67.55000305175781,61.876373291015625,130800
2017-12-19,68.0,68.3499984741211,67.05000305175781,68.0,62.2885627746582,103700
2017-12-20,68.3499984741211,69.69999694824219,67.8499984741211,69.6500015258789,63.79998016357422,98400
2017-12-21,69.75,70.8499984741211,68.97000122070312,70.5,64.57857513427734,124000
2017-12-22,70.6500015258789,71.4000015258789,69.8499984741211,71.19999694824219,65.21980285644531,113000
2017-12-26,71.0,71.5,70.55000305175781,71.0999984741211,65.12818908691406,83600
2017-12-27,71.25,72.05000305175781,71.0,71.8499984741211,65.815185546875,81400
2017-12-28,72.1500015258789,73.1500015258789,71.9000015258789,73.0,66.86862182617188,109000
2017-12-29,73.0,73.0,72.25,72.6500015258789,66.54800415039062,100600
2018-01-02,73.0,74.47000122070312,72.9000015258789,74.3499984741211,68.105224609375,151100
2018-01-03,74.19999694824219,74.55000305175781,73.62999725341797,74.44999694824219,68.19681549072266,276700
2018-01-04,74.75,74.94999694824219,74.05000305175781,74.55000305175781,68.2884292602539,137300
2018-01-05,74.55000305175781,74.6500015258789,73.0999984741211,73.5999984741211,67.41820526123047,78200
2018-01-08,73.69999694824219,75.1500015258789,73.69999694824219,74.19999694824219,67.96783447265625,80900
2018-01-09,74.19999694824219,74.25,73.05000305175781,73.0999984741211,66.96021270751953,181000
2018-01-10,73.0999984741211,73.0999984741211,71.94999694824219,72.3499984741211,66.2732162475586,88200
2018-01-11,72.55000305175781,73.5999984741211,72.55000305175781,73.1500015258789,67.00599670410156,97300
2018-01-12,73.4000015258789,74.30000305175781,72.55000305175781,73.5,67.32659912109375,62200
2018-01-16,73.80000305175781,74.44999694824219,72.9000015258789,72.94999694824219,66.82279968261719,86400
2018-01-17,73.19999694824219,73.19999694824219,72.55000305175781,72.5999984741211,66.50218963623047,80100
2018-01-18,72.5,73.0,71.5,71.5999984741211,65.58618927001953,108100
2018-01-19,71.5,72.55000305175781,71.0999984741211,72.5,66.4106216430664,138900
2018-01-22,72.19999694824219,72.9000015258789,71.3499984741211,71.44999694824219,65.44880676269531,76800
2018-01-23,71.5,71.94999694824219,70.8499984741211,71.4000015258789,65.40298461914062,80900
2018-01-24,71.6500015258789,72.05000305175781,70.0999984741211,70.75,64.80757904052734,96600
2018-01-25,71.0,71.69999694824219,69.6500015258789,69.69999694824219,63.84577560424805,143900
2018-01-26,70.0999984741211,70.0999984741211,68.80000305175781,69.44999694824219,63.61678695678711,120500
2018-01-29,69.44999694824219,69.44999694824219,67.19999694824219,67.25,61.6015625,90900
2018-01-30,66.5,67.25,66.0999984741211,67.0999984741211,61.464141845703125,155800
2018-01-31,67.1500015258789,67.69999694824219,66.55000305175781,67.4000015258789,61.73896789550781,139600
2018-02-01,67.05000305175781,68.0,66.9000015258789,67.30000305175781,61.64734649658203,102100
2018-02-02,66.94999694824219,67.05000305175781,66.19999694824219,66.25,60.68555450439453,294600
2018-02-05,66.0,66.30000305175781,62.70000076293945,62.75,57.479522705078125,118100
2018-02-06,61.650001525878906,63.20000076293945,61.150001525878906,62.150001525878906,56.92992401123047,164000
2018-02-07,61.900001525878906,63.70000076293945,61.5,62.5,57.250518798828125,195600
2018-02-08,62.45000076293945,62.45000076293945,60.900001525878906,61.099998474121094,55.96810531616211,117100
2018-02-09,61.75,62.04999923706055,59.0,60.54999923706055,55.464290618896484,145500
2018-02-12,60.75,61.650001525878906,59.95000076293945,61.25,56.10551834106445,127600
2018-02-13,60.79999923706055,60.79999923706055,59.70000076293945,60.20000076293945,55.1436882019043,124900
2018-02-14,59.849998474121094,60.70000076293945,59.20000076293945,60.599998474121094,55.51010513305664,115600
2018-02-15,61.25,62.150001525878906,61.04999923706055,61.79999923706055,56.609317779541016,113000
2018-02-16,61.599998474121094,62.349998474121094,61.20000076293945,62.29999923706055,57.067317962646484,356500
2018-02-20,62.04999923706055,62.900001525878906,62.04999923706055,62.75,57.479522705078125,117800
2018-02-21,62.95000076293945,63.25,62.25,62.45000076293945,57.20473098754883,123700
2018-02-22,63.0,67.77999877929688,62.54999923706055,64.5999984741211,59.17413330078125,273800
2018-02-23,64.8499984741211,64.8499984741211,62.400001525878906,63.45000076293945,58.120723724365234,131100
2018-02-26,65.44999694824219,68.5,64.44999694824219,67.69999694824219,62.01374816894531,198700
2018-02-27,67.69999694824219,69.44999694824219,67.69999694824219,67.9000015258789,62.39049530029297,150900
2018-02-28,67.94999694824219,69.80000305175781,64.19999694824219,64.4000015258789,59.17449951171875,297800
2018-03-01,64.30000305175781,65.4000015258789,63.29999923706055,64.0,58.80695343017578,116000
2018-03-02,63.599998474121094,65.4000015258789,62.79999923706055,65.19999694824219,59.909584045410156,93600
2018-03-05,65.05000305175781,66.8499984741211,64.19999694824219,66.3499984741211,60.96626663208008,92500
2018-03-06,66.55000305175781,67.8499984741211,66.0,67.6500015258789,62.16078186035156,93600
2018-03-07,67.25,68.0999984741211,66.75,67.80000305175781,62.298614501953125,84400
2018-03-08,68.0,68.4000015258789,67.0999984741211,68.25,62.712093353271484,57800
2018-03-09,68.69999694824219,70.19999694824219,67.9000015258789,69.94999694824219,64.27413177490234,92500
2018-03-12,70.25,72.0999984741211,70.0,71.80000305175781,65.97404479980469,203600
2018-03-13,71.75,72.80000305175781,71.37999725341797,71.75,65.92811584472656,141100
2018-03-14,72.0,72.55000305175781,71.0,71.0999984741211,65.33084106445312,150400
2018-03-15,71.4000015258789,71.4000015258789,69.75,70.0,64.32010650634766,83300
2018-03-16,70.0,70.30000305175781,69.55000305175781,70.1500015258789,64.45793151855469,200600
2018-03-19,70.0,70.3499984741211,68.1500015258789,68.9000015258789,63.30931854248047,200400
2018-03-20,68.9000015258789,69.94999694824219,68.44999694824219,68.75,63.17153549194336,96100
2018-03-21,68.8499984741211,69.1500015258789,68.1500015258789,68.1500015258789,62.6202278137207,95200
2018-03-22,67.55000305175781,68.69999694824219,67.19999694824219,67.25,61.79323959350586,97800
2018-03-23,67.3499984741211,68.08000183105469,66.44999694824219,66.44999694824219,61.05815505981445,77700
2018-03-26,67.4000015258789,68.5,67.05000305175781,68.30000305175781,62.758052825927734,60600
2018-03-27,68.5,68.5,67.3499984741211,67.75,62.25265121459961,71300
2018-03-28,67.69999694824219,68.30000305175781,67.25,67.8499984741211,62.34456253051758,61900
2018-03-29,68.19999694824219,68.75,67.5,67.69999694824219,62.20672607421875,136500
2018-04-02,67.80000305175781,68.75,66.44999694824219,67.05000305175781,61.609474182128906,99900
2018-04-03,67.5,68.25,67.30000305175781,68.05000305175781,62.528324127197266,74400
2018-04-04,67.1500015258789,69.4000015258789,66.9000015258789,69.25,63.63094711303711,72100
2018-04-05,69.75,71.0999984741211,67.75,70.4000015258789,64.68765258789062,138700
2018-04-06,69.75,70.0999984741211,67.69999694824219,68.25,62.712093353271484,143700
2018-04-09,68.55000305175781,68.80000305175781,67.5,68.1500015258789,62.6202278137207,180800
2018-04-10,69.1500015258789,70.1500015258789,68.19999694824219,68.9000015258789,63.30931854248047,137200
2018-04-11,68.4000015258789,68.69999694824219,67.8499984741211,68.44999694824219,62.89585876464844,84800
2018-04-12,68.55000305175781,69.0,68.05000305175781,68.55000305175781,62.98776626586914,53500
2018-04-13,68.8499984741211,69.44999694824219,68.0,68.55000305175781,62.98776626586914,146900
2018-04-16,69.0,69.3499984741211,68.0999984741211,69.25,63.63094711303711,91900
2018-04-17,69.69999694824219,71.69999694824219,69.69999694824219,70.9000015258789,65.14708709716797,214100
2018-04-18,70.94999694824219,72.30000305175781,70.80000305175781,70.80000305175781,65.05519104003906,91400
2018-04-19,70.6500015258789,71.1500015258789,69.8499984741211,70.5,64.7795181274414,68600
2018-04-20,70.30000305175781,70.4000015258789,69.4000015258789,69.80000305175781,64.13630676269531,92100
2018-04-23,72.94999694824219,77.19999694824219,71.87000274658203,74.44999694824219,68.4090347290039,462600
2018-04-24,75.19999694824219,76.25,74.30000305175781,74.44999694824219,68.4090347290039,207900
2018-04-25,74.8499984741211,75.8499984741211,73.3499984741211,73.9000015258789,67.90365600585938,200200
2018-04-26,74.05000305175781,75.5,73.3499984741211,73.6500015258789,67.67394256591797,226200
2018-04-27,73.69999694824219,74.19999694824219,72.55000305175781,73.9000015258789,67.90365600585938,175000
2018-04-30,74.1500015258789,74.52999877929688,73.80000305175781,74.0,67.99553680419922,81100
2018-05-01,73.55000305175781,73.55000305175781,72.44999694824219,73.44999694824219,67.49016571044922,114800
2018-05-02,73.1500015258789,74.3499984741211,73.1500015258789,73.80000305175781,67.81175994873047,104500
2018-05-03,73.44999694824219,73.9000015258789,72.5999984741211,73.05000305175781,67.12261199951172,97400
2018-05-04,72.80000305175781,73.75,72.44999694824219,73.3499984741211,67.39828491210938,85200
2018-05-07,73.55000305175781,73.69999694824219,72.55000305175781,72.69999694824219,66.80099487304688,98400
2018-05-08,72.69999694824219,72.94999694824219,72.22000122070312,72.5,66.61724090576172,100700
2018-05-09,72.5999984741211,72.6500015258789,71.94999694824219,72.19999694824219,66.34160614013672,59700
2018-05-10,72.4000015258789,72.75,72.0,72.55000305175781,66.66319274902344,61200
2018-05-11,72.69999694824219,73.0,71.9000015258789,72.1500015258789,66.295654296875,66300
2018-05-14,72.30000305175781,73.0999984741211,72.0999984741211,72.9000015258789,66.98480987548828,88700
2018-05-15,72.55000305175781,74.19999694824219,72.55000305175781,74.0999984741211,68.0874252319336,143500
2018-05-16,74.3499984741211,75.75,74.0999984741211,75.25,69.14409637451172,74400
2018-05-17,75.0,76.69999694824219,74.94999694824219,76.5,70.29267120361328,98300
2018-05-18,76.8499984741211,77.44999694824219,76.69999694824219,77.0,70.75209045410156,59800
2018-05-21,77.55000305175781,78.75,77.4000015258789,78.0999984741211,71.76286315917969,57200
2018-05-22,78.30000305175781,78.69999694824219,77.8499984741211,77.94999694824219,71.6250228881836,65500
2018-05-23,77.75,78.80000305175781,77.6500015258789,78.69999694824219,72.31417083740234,53800
2018-05-24,78.4000015258789,78.94999694824219,77.9000015258789,78.75,72.360107421875,65200
2018-05-25,78.80000305175781,79.25,78.4000015258789,79.19999694824219,72.77359771728516,42000
2018-05-29,78.69999694824219,80.19999694824219,78.0999984741211,79.75,73.27896881103516,78300
2018-05-30,79.6500015258789,81.4000015258789,79.6500015258789,80.1500015258789,73.84095001220703,97100
2018-05-31,79.8499984741211,80.19999694824219,78.80000305175781,78.80000305175781,72.59723663330078,79800
2018-06-01,79.25,80.9000015258789,79.25,80.25,73.93307495117188,103400
2018-06-04,80.4000015258789,82.19999694824219,79.69999694824219,80.25,73.93307495117188,127600
2018-06-05,80.44999694824219,81.19999694824219,80.44999694824219,80.69999694824219,74.34765625,122000
2018-06-06,80.8499984741211,81.05000305175781,80.55000305175781,80.69999694824219,74.34765625,70100
2018-06-07,80.8499984741211,81.05000305175781,79.55000305175781,79.80000305175781,73.51849365234375,74400
2018-06-08,80.05000305175781,80.5,78.8499984741211,78.8499984741211,72.6432876586914,70300
2018-06-11,78.75,78.9000015258789,78.0999984741211,78.55000305175781,72.36688995361328,137600
2018-06-12,78.6500015258789,78.9000015258789,77.69999694824219,77.69999694824219,71.58381652832031,92500
2018-06-13,77.9000015258789,77.9000015258789,75.9000015258789,76.0999984741211,70.1097640991211,182100
2018-06-14,76.5999984741211,76.5999984741211,75.5,75.8499984741211,69.87940979003906,154000
2018-06-15,75.6500015258789,77.05000305175781,75.4000015258789,76.94999694824219,70.89285278320312,159100
2018-06-18,76.5,79.25,76.3499984741211,79.0,72.78145599365234,68000
2018-06-19,78.25,78.3499984741211,77.44999694824219,78.05000305175781,71.90625762939453,53100
2018-06-20,78.30000305175781,79.19999694824219,77.5999984741211,78.30000305175781,72.13658142089844,60800
2018-06-21,78.30000305175781,78.5,76.4000015258789,77.1500015258789,71.07709503173828,69800
2018-06-22,77.80000305175781,78.0,77.05000305175781,77.6500015258789,71.5377426147461,121500
2018-06-25,77.5,77.75,75.94999694824219,76.0999984741211,70.1097640991211,55700
2018-06-26,76.30000305175781,77.0999984741211,75.9000015258789,76.9000015258789,70.84676361083984,132000
2018-06-27,76.9000015258789,78.75,76.80000305175781,78.05000305175781,71.90625762939453,78000
2018-06-28,78.05000305175781,78.55000305175781,77.1500015258789,78.4000015258789,72.22869110107422,70600
2018-06-29,78.44999694824219,79.6500015258789,78.05000305175781,79.0,72.78145599365234,99500
2018-07-02,78.5,79.19999694824219,77.80000305175781,79.1500015258789,72.91967010498047,71200
2018-07-03,79.4000015258789,79.77999877929688,78.5,78.69999694824219,72.50508880615234,30800
2018-07-05,79.19999694824219,79.19999694824219,78.0999984741211,78.8499984741211,72.6432876586914,106400
2018-07-06,78.94999694824219,79.8499984741211,78.5999984741211,79.80000305175781,73.51849365234375,50300
2018-07-09,80.0,81.30000305175781,80.0,81.0999984741211,74.71619415283203,36600
2018-07-10,81.5999984741211,81.5999984741211,78.8499984741211,79.19999694824219,72.9657211303711,79500
2018-07-11,79.0,79.05000305175781,77.94999694824219,78.8499984741211,72.6432876586914,68200
2018-07-12,79.1500015258789,79.5,78.4000015258789,78.69999694824219,72.50508880615234,47700
2018-07-13,78.8499984741211,79.6500015258789,78.8499984741211,79.30000305175781,73.05786895751953,42600
2018-07-16,79.30000305175781,79.30000305175781,77.94999694824219,78.30000305175781,72.13658142089844,62100
2018-07-17,78.25,78.55000305175781,78.05000305175781,78.1500015258789,71.99838256835938,99400
2018-07-18,78.0,78.1500015258789,76.94999694824219,77.25,71.16925048828125,123800
2018-07-19,77.1500015258789,78.94999694824219,77.1500015258789,78.19999694824219,72.04446411132812,224100
2018-07-20,78.05000305175781,79.3499984741211,78.0,78.80000305175781,72.59723663330078,107100
2018-07-23,78.6500015258789,78.6500015258789,77.25,78.3499984741211,72.1826400756836,81900
2018-07-24,78.69999694824219,79.5,78.0,78.44999694824219,72.27476501464844,84100
2018-07-25,81.5,86.02999877929688,80.44999694824219,81.19999694824219,74.80828857421875,392900
2018-07-26,81.0999984741211,83.05000305175781,81.0999984741211,82.69999694824219,76.1902084350586,172800
2018-07-27,83.19999694824219,84.0,82.5999984741211,83.44999694824219,76.88117218017578,258500
2018-07-30,83.4000015258789,83.6500015258789,79.75,79.9000015258789,73.61064910888672,95500
2018-07-31,80.0999984741211,81.5999984741211,79.9000015258789,81.3499984741211,74.94648742675781,102800
2018-08-01,81.3499984741211,81.3499984741211,79.30000305175781,80.4000015258789,74.07127380371094,61700
2018-08-02,79.94999694824219,81.9000015258789,79.94999694824219,81.80000305175781,75.3610610961914,132700
2018-08-03,81.94999694824219,81.94999694824219,79.8499984741211,80.5,74.16339874267578,92200
2018-08-06,80.75,81.3499984741211,80.44999694824219,80.8499984741211,74.48583984375,61800
2018-08-07,80.94999694824219,81.4000015258789,80.3499984741211,80.5999984741211,74.2555160522461,60300
2018-08-08,80.6500015258789,80.6500015258789,79.0,79.1500015258789,72.91967010498047,57600
2018-08-09,79.19999694824219,79.19999694824219,77.6500015258789,78.30000305175781,72.13658142089844,56600
2018-08-10,77.80000305175781,78.5999984741211,76.75,77.9000015258789,71.76806640625,40000
2018-08-13,78.25,78.44999694824219,77.0999984741211,77.5,71.39952850341797,36000
2018-08-14,77.5,77.5999984741211,76.5,76.5999984741211,70.57039642333984,68200
2018-08-15,76.55000305175781,76.8499984741211,75.3499984741211,75.80000305175781,69.83338928222656,88800
2018-08-16,76.0999984741211,77.0999984741211,75.80000305175781,75.9000015258789,69.92549133300781,79300
2018-08-17,75.80000305175781,76.6500015258789,75.6500015258789,76.5999984741211,70.57039642333984,85800
2018-08-20,76.6500015258789,77.25,75.94999694824219,76.05000305175781,70.0636978149414,83700
2018-08-21,76.4000015258789,77.0,75.69999694824219,76.6500015258789,70.61647033691406,150500
2018-08-22,76.6500015258789,78.8499984741211,76.6500015258789,78.6500015258789,72.45903015136719,81400
2018-08-23,78.5999984741211,78.91000366210938,75.8499984741211,76.0,70.01762390136719,71400
2018-08-24,76.0,76.4000015258789,74.25,75.0,69.09635162353516,79500
2018-08-27,75.05000305175781,76.0,74.80000305175781,74.94999694824219,69.05027770996094,50300
2018-08-28,74.94999694824219,75.1500015258789,74.0999984741211,74.44999694824219,68.58963775634766,90700
2018-08-29,74.75,76.05000305175781,74.44999694824219,75.9000015258789,69.92549133300781,61100
2018-08-30,75.4000015258789,76.5,75.05000305175781,76.05000305175781,70.25808715820312,60200
2018-08-31,75.69999694824219,76.94999694824219,75.5,76.55000305175781,70.72000122070312,89800
2018-09-04,76.4000015258789,76.4000015258789,74.5,75.30000305175781,69.5652084350586,131400
2018-09-05,75.19999694824219,75.4000015258789,74.55000305175781,75.3499984741211,69.61137390136719,100500
2018-09-06,75.25,75.69999694824219,74.75,75.0999984741211,69.38042449951172,77000
2018-09-07,74.69999694824219,75.55000305175781,74.55000305175781,75.4000015258789,69.6575927734375,53100
2018-09-10,75.80000305175781,76.25,75.1500015258789,75.9000015258789,70.1195068359375,73700
2018-09-11,75.55000305175781,77.05000305175781,75.55000305175781,76.94999694824219,71.08953857421875,87400
2018-09-12,76.8499984741211,77.29000091552734,75.94999694824219,76.80000305175781,70.9509506225586,145300
2018-09-13,77.69999694824219,79.0,76.80000305175781,77.19999694824219,71.32048797607422,127100
2018-09-14,77.0999984741211,77.69999694824219,76.05000305175781,76.94999694824219,71.08953857421875,64200
2018-09-17,77.0999984741211,77.0999984741211,75.0999984741211,75.30000305175781,69.5652084350586,65000
2018-09-18,75.55000305175781,75.55000305175781,74.44999694824219,74.80000305175781,69.103271484375,71300
2018-09-19,74.9000015258789,75.9000015258789,74.80000305175781,75.19999694824219,69.47281646728516,91000
2018-09-20,75.69999694824219,76.4000015258789,74.6500015258789,75.0999984741211,69.38042449951172,64000
2018-09-21,75.0999984741211,75.4000015258789,73.80000305175781,74.0,68.36420440673828,163500
2018-09-24,73.6500015258789,74.02999877929688,72.0,73.05000305175781,67.48656463623047,98200
2018-09-25,73.5,76.8499984741211,73.5,76.55000305175781,70.72000122070312,130200
2018-09-26,76.69999694824219,76.69999694824219,75.25,75.55000305175781,69.7961654663086,78600
2018-09-27,75.5,76.0,75.4000015258789,75.9000015258789,70.1195068359375,44900
2018-09-28,75.5999984741211,76.4000015258789,74.69999694824219,75.94999694824219,70.16568756103516,159600
2018-10-01,76.43000030517578,77.12999725341797,74.94000244140625,74.97000122070312,69.26032257080078,111100
2018-10-02,74.8499984741211,75.36000061035156,74.43000030517578,74.80000305175781,69.103271484375,37800
2018-10-03,75.08000183105469,76.12999725341797,75.08000183105469,75.11000061035156,69.38965606689453,42700
2018-10-04,74.87999725341797,74.87999725341797,73.11000061035156,73.58999633789062,67.98543548583984,82000
2018-10-05,73.86000061035156,74.12999725341797,71.69000244140625,72.33000183105469,66.82141876220703,40300
2018-10-08,72.31999969482422,72.31999969482422,69.80000305175781,71.20999908447266,65.78668975830078,88200
2018-10-09,71.18000030517578,72.18000030517578,70.79000091552734,71.77999877929688,66.31327819824219,58000
2018-10-10,71.45999908447266,72.30000305175781,69.4000015258789,69.56999969482422,64.2715835571289,62500
2018-10-11,69.2699966430664,69.6500015258789,66.45999908447266,66.5199966430664,61.453857421875,57400
2018-10-12,67.61000061035156,67.61000061035156,64.05999755859375,64.87999725341797,59.93877029418945,76500
2018-10-15,64.91000366210938,66.9800033569336,64.41999816894531,66.16999816894531,61.13052749633789,62600
2018-10-16,66.58000183105469,68.7699966430664,66.58000183105469,68.36000061035156,63.15374755859375,105000
2018-10-17,68.3499984741211,68.76000213623047,67.33000183105469,68.0199966430664,62.83962631225586,46800
2018-10-18,67.66000366210938,67.66000366210938,65.41999816894531,65.70999908447266,60.70556640625,43400
2018-10-19,65.86000061035156,66.55999755859375,63.849998474121094,64.0199966430664,59.14426803588867,48600
2018-10-22,64.31999969482422,65.62999725341797,63.709999084472656,64.68000030517578,59.75400161743164,42000
2018-10-23,63.779998779296875,65.19999694824219,63.099998474121094,64.76000213623047,59.82792282104492,60900
2018-10-24,65.44999694824219,67.20999908447266,61.06999969482422,61.58000183105469,56.89009475708008,106500
2018-10-25,62.220001220703125,62.529998779296875,61.060001373291016,62.2599983215332,57.518310546875,94900
2018-10-26,61.45000076293945,61.79999923706055,60.29999923706055,61.13999938964844,56.483612060546875,71000
2018-10-29,62.310001373291016,63.25,58.59000015258789,59.790000915527344,55.23643493652344,48700
2018-10-30,59.91999816894531,61.220001220703125,58.9900016784668,60.72999954223633,56.104827880859375,59500
2018-10-31,61.70000076293945,63.189998626708984,60.970001220703125,61.119998931884766,56.46513748168945,90200
2018-11-01,61.540000915527344,63.77000045776367,61.130001068115234,62.88999938964844,58.10033416748047,65500
2018-11-02,63.34000015258789,64.81999969482422,62.290000915527344,62.54999923706055,57.78623580932617,74700
2018-11-05,62.630001068115234,64.48999786376953,61.45000076293945,62.04999923706055,57.324310302734375,58100
2018-11-06,62.0,64.02999877929688,61.790000915527344,63.88999938964844,59.02417755126953,48200
2018-11-07,64.0999984741211,65.19999694824219,62.689998626708984,64.83999633789062,59.90182876586914,44200
2018-11-08,64.38999938964844,64.91000366210938,62.54999923706055,62.790000915527344,58.00795364379883,56700
2018-11-09,62.7400016784668,63.81999969482422,62.29999923706055,63.13999938964844,58.331295013427734,64000
2018-11-12,63.09000015258789,63.09000015258789,60.95000076293945,61.060001373291016,56.40971374511719,39800
2018-11-13,61.34000015258789,62.0,59.40999984741211,59.4900016784668,54.959285736083984,48100
2018-11-14,60.22999954223633,60.720001220703125,58.279998779296875,59.02000045776367,54.52507019042969,51400
2018-11-15,58.61000061035156,60.54999923706055,58.529998779296875,60.209999084472656,55.62443923950195,48600
2018-11-16,59.709999084472656,60.709999084472656,58.95000076293945,60.189998626708984,55.605960845947266,85000
2018-11-19,60.16999816894531,60.439998626708984,58.93000030517578,59.29999923706055,54.78375244140625,66700
2018-11-20,58.400001525878906,60.47999954223633,58.09000015258789,59.689998626708984,55.1440315246582,94400
2018-11-21,59.75,61.45000076293945,59.75,60.25,55.66139602661133,51600
2018-11-23,59.689998626708984,60.220001220703125,58.790000915527344,59.2400016784668,54.72831726074219,18100
2018-11-26,59.88999938964844,60.7400016784668,59.13999938964844,60.2599983215332,55.670623779296875,86700
2018-11-27,59.810001373291016,61.20000076293945,58.310001373291016,58.4900016784668,54.035438537597656,47900
2018-11-28,58.72999954223633,61.04999923706055,58.52000045776367,60.560001373291016,55.947784423828125,71800
2018-11-29,60.31999969482422,60.31999969482422,58.86000061035156,59.38999938964844,55.066932678222656,49600
2018-11-30,59.38999938964844,59.9900016784668,58.90999984741211,59.849998474121094,55.49345397949219,89100
2018-12-03,60.939998626708984,61.310001373291016,58.959999084472656,59.86000061035156,55.50272750854492,92800
2018-12-04,59.599998474121094,60.470001220703125,55.31999969482422,55.650001525878906,51.59917449951172,70400
2018-12-06,55.0,57.59000015258789,54.81999969482422,57.29999923706055,53.12907028198242,136900
2018-12-07,57.349998474121094,59.150001525878906,55.0,55.54999923706055,51.506446838378906,142400
2018-12-10,55.58000183105469,56.7599983215332,54.900001525878906,56.18000030517578,52.09059524536133,95200
2018-12-11,56.349998474121094,57.58000183105469,54.20000076293945,55.099998474121094,51.08921432495117,94300
2018-12-12,55.810001373291016,57.5099983215332,55.810001373291016,56.290000915527344,52.192588806152344,70000
2018-12-13,56.27000045776367,57.220001220703125,54.189998626708984,54.56999969482422,50.5977897644043,139600
2018-12-14,54.2599983215332,55.06999969482422,53.65999984741211,54.43000030517578,50.467987060546875,77600
2018-12-17,53.97999954223633,55.61000061035156,52.91999816894531,53.119998931884766,49.25333023071289,192100
2018-12-18,53.439998626708984,55.04999923706055,53.02000045776367,54.380001068115234,50.42162322998047,114400
2018-12-19,54.27000045776367,55.18000030517578,52.41999816894531,52.75,48.9102668762207,64900
2018-12-20,52.36000061035156,53.189998626708984,50.779998779296875,51.72999954223633,47.96451950073242,105200
2018-12-21,51.75,52.220001220703125,49.63999938964844,49.93000030517578,46.295536041259766,271600
2018-12-24,49.290000915527344,50.0099983215332,48.970001220703125,49.34000015258789,45.74848556518555,46300
2018-12-26,49.630001068115234,52.459999084472656,49.0099983215332,52.150001525878906,48.35394287109375,76900
2018-12-27,51.029998779296875,51.9900016784668,49.13999938964844,51.119998931884766,47.3989143371582,71400
2018-12-28,51.459999084472656,52.84000015258789,50.31999969482422,51.22999954223633,47.50090408325195,98100
2018-12-31,50.43000030517578,52.29999923706055,50.119998931884766,52.11000061035156,48.31686019897461,90700
2019-01-02,51.029998779296875,53.130001068115234,50.290000915527344,52.7400016784668,48.900997161865234,74500
2019-01-03,52.189998626708984,52.7599983215332,50.70000076293945,51.189998626708984,47.46382141113281,45900
2019-01-04,52.0099983215332,53.79999923706055,51.36000061035156,52.720001220703125,48.88245391845703,73000
2019-01-07,52.720001220703125,54.13999938964844,52.5099983215332,53.61000061035156,49.707672119140625,51800
2019-01-08,54.18000030517578,55.099998474121094,53.310001373291016,54.93000030517578,50.93157958984375,67000
2019-01-09,55.22999954223633,56.2400016784668,54.310001373291016,55.13999938964844,51.12630081176758,53400
2019-01-10,54.790000915527344,56.47999954223633,54.790000915527344,56.25,52.15549850463867,43600
2019-01-11,55.75,56.459999084472656,54.5,56.400001525878906,52.294586181640625,57000
2019-01-14,55.95000076293945,57.93000030517578,55.380001068115234,55.59000015258789,51.54354476928711,42300
2019-01-15,55.790000915527344,57.09000015258789,54.97999954223633,56.15999984741211,52.072052001953125,33700
2019-01-16,56.2400016784668,57.0,55.5,55.709999084472656,51.65480422973633,38700
2019-01-17,55.540000915527344,57.38999938964844,55.150001525878906,56.97999954223633,52.832366943359375,75700
2019-01-18,57.290000915527344,58.95000076293945,56.15999984741211,57.970001220703125,53.75030517578125,66300
2019-01-22,57.38999938964844,57.38999938964844,55.560001373291016,55.88999938964844,51.82170867919922,56600
2019-01-23,56.15999984741211,56.83000183105469,55.0,56.060001373291016,51.979331970214844,39700
2019-01-24,55.939998626708984,56.86000061035156,55.369998931884766,56.619998931884766,52.49856948852539,36900
2019-01-25,56.9900016784668,57.599998474121094,56.25,57.369998931884766,53.193973541259766,34800
2019-01-28,56.54999923706055,56.90999984741211,54.869998931884766,56.599998474121094,52.48003387451172,63300
2019-01-29,56.43000030517578,58.220001220703125,56.43000030517578,57.97999954223633,53.75957107543945,79100
2019-01-30,58.349998474121094,59.279998779296875,57.18000030517578,58.150001525878906,53.91719436645508,71400
2019-01-31,58.060001373291016,59.40999984741211,57.470001220703125,58.72999954223633,54.45498275756836,63700
2019-02-01,58.88999938964844,59.77000045776367,57.90999984741211,59.33000183105469,55.01129913330078,53300
2019-02-04,59.38999938964844,60.34000015258789,59.060001373291016,60.11000061035156,55.73452377319336,49200
2019-02-05,60.0,61.439998626708984,59.5,60.95000076293945,56.51338195800781,71300
2019-02-06,61.0,61.630001068115234,60.130001068115234,61.58000183105469,57.09751510620117,72600
2019-02-07,61.16999816894531,61.380001068115234,59.31999969482422,60.33000183105469,55.93851852416992,50900
2019-02-08,60.02000045776367,61.290000915527344,59.040000915527344,60.599998474121094,56.18885803222656,49800
2019-02-11,60.7400016784668,61.59000015258789,60.15999984741211,60.810001373291016,56.38357925415039,43100
2019-02-12,61.16999816894531,62.36000061035156,61.16999816894531,61.79999923706055,57.3015022277832,59200
2019-02-13,61.970001220703125,63.16999816894531,61.790000915527344,62.599998474121094,58.043277740478516,50300
2019-02-14,62.20000076293945,62.56999969482422,61.7400016784668,61.970001220703125,57.459136962890625,75900
2019-02-15,62.5,63.58000183105469,61.970001220703125,62.68000030517578,58.11745071411133,119800
2019-02-19,62.43000030517578,63.72999954223633,61.63999938964844,61.93000030517578,57.42205047607422,104000
2019-02-20,61.97999954223633,62.560001373291016,61.34000015258789,61.59000015258789,57.10679626464844,177700
2019-02-21,63.459999084472656,64.12999725341797,60.279998779296875,64.08999633789062,59.424827575683594,245400
2019-02-22,63.97999954223633,64.91999816894531,63.97999954223633,64.5199966430664,59.82351303100586,54500
2019-02-25,65.0,65.20999908447266,63.5099983215332,63.650001525878906,59.0168571472168,103200
2019-02-26,63.84000015258789,64.0,62.11000061035156,62.2599983215332,57.728023529052734,185100
2019-02-27,62.09000015258789,63.560001373291016,61.36000061035156,63.2599983215332,58.86323165893555,103900
2019-02-28,63.029998779296875,63.68000030517578,62.43000030517578,63.20000076293945,58.807403564453125,68600
2019-03-01,63.849998474121094,63.91999816894531,62.22999954223633,63.38999938964844,58.98419952392578,56800
2019-03-04,63.439998626708984,63.9900016784668,62.630001068115234,63.040000915527344,58.65853500366211,54200
2019-03-05,63.08000183105469,63.56999969482422,62.470001220703125,63.08000183105469,58.69575119018555,46800
2019-03-06,63.0,63.27000045776367,61.810001373291016,62.15999984741211,57.83968734741211,76000
2019-03-07,62.45000076293945,62.45000076293945,60.88999938964844,61.349998474121094,57.08597946166992,39600
2019-03-08,60.88999938964844,61.5099983215332,60.58000183105469,61.27000045776367,57.011531829833984,44600
2019-03-11,61.560001373291016,62.72999954223633,61.099998474121094,62.52000045776367,58.174659729003906,45300
2019-03-12,62.52000045776367,62.52000045776367,60.720001220703125,61.18000030517578,56.92779541015625,60300
2019-03-13,61.31999969482422,62.70000076293945,61.060001373291016,62.04999923706055,57.737327575683594,37400
2019-03-14,61.9900016784668,62.06999969482422,60.869998931884766,61.04999923706055,56.80683135986328,47500
2019-03-15,61.09000015258789,61.599998474121094,60.5,60.66999816894531,56.4532470703125,210600
2019-03-18,60.86000061035156,62.13999938964844,60.72999954223633,62.029998779296875,57.718727111816406,140600
2019-03-19,62.619998931884766,63.16999816894531,61.900001525878906,62.81999969482422,58.45381164550781,83900
2019-03-20,62.83000183105469,63.79999923706055,61.63999938964844,62.72999954223633,58.37007141113281,66600
2019-03-21,62.630001068115234,64.1500015258789,62.630001068115234,63.16999816894531,58.77949142456055,54400
2019-03-22,62.7599983215332,63.83000183105469,60.720001220703125,61.06999969482422,56.825443267822266,86700
2019-03-25,61.34000015258789,62.11000061035156,60.58000183105469,61.2599983215332,57.00222396850586,61400
2019-03-26,62.04999923706055,63.34000015258789,62.02000045776367,62.61000061035156,58.2584114074707,62400
2019-03-27,62.4900016784668,62.56999969482422,60.95000076293945,61.599998474121094,57.31861114501953,44100
2019-03-28,61.59000015258789,62.27000045776367,61.040000915527344,62.040000915527344,57.72802734375,31500
2019-03-29,62.47999954223633,62.47999954223633,61.689998626708984,62.09000015258789,57.77455139160156,60200
2019-04-01,62.650001525878906,63.0,61.540000915527344,62.0,57.69080352783203,86500
2019-04-02,61.970001220703125,61.970001220703125,59.18000030517578,59.59000015258789,55.448299407958984,93900
2019-04-03,60.09000015258789,60.66999816894531,59.52000045776367,59.84000015258789,55.680931091308594,69200
2019-04-04,60.060001373291016,60.880001068115234,59.540000915527344,60.790000915527344,56.56489944458008,46000
2019-04-05,61.15999984741211,61.810001373291016,60.959999084472656,61.560001373291016,57.28138732910156,35200
2019-04-08,61.279998779296875,61.83000183105469,60.40999984741211,61.380001068115234,57.113887786865234,40100
2019-04-09,61.16999816894531,62.099998474121094,60.58000183105469,61.459999084472656,57.188323974609375,107300
2019-04-10,62.5,64.80999755859375,62.5,64.54000091552734,60.05426788330078,109200
2019-04-11,64.7699966430664,66.0,64.4000015258789,65.52999877929688,60.97544860839844,70000
2019-04-12,66.30000305175781,67.1500015258789,65.9800033569336,66.51000213623047,61.88734817504883,67400
2019-04-15,66.52999877929688,67.69000244140625,66.12000274658203,67.41000366210938,62.72480773925781,72800
2019-04-16,67.95999908447266,67.95999908447266,65.76000213623047,66.5199966430664,61.89664077758789,75700
2019-04-17,67.05000305175781,67.62999725341797,66.0199966430664,67.33999633789062,62.65966033935547,90900
2019-04-18,67.19000244140625,67.91999816894531,66.80999755859375,67.43000030517578,62.7433967590332,60700
2019-04-22,66.9800033569336,67.55999755859375,66.0,66.08999633789062,61.49653244018555,47000
2019-04-23,66.16999816894531,67.73999786376953,65.5999984741211,67.23999786376953,62.566593170166016,40300
2019-04-24,67.27999877929688,67.79000091552734,66.25,66.47000122070312,61.85012435913086,85800
2019-04-25,65.87999725341797,66.01000213623047,64.41000366210938,65.12999725341797,60.603248596191406,33800
2019-04-26,65.0,66.54000091552734,65.0,66.44999694824219,61.83151626586914,60900
2019-04-29,66.31999969482422,68.56999969482422,66.31999969482422,68.5,63.739036560058594,139400
2019-04-30,75.0,75.0,65.55999755859375,66.37999725341797,61.766387939453125,143900
2019-05-01,66.37999725341797,66.37999725341797,63.40999984741211,64.33000183105469,59.85886001586914,180200
2019-05-02,64.08000183105469,64.36000061035156,62.16999816894531,62.84000015258789,58.47241973876953,107100
2019-05-03,63.5,65.88999938964844,63.29999923706055,65.54000091552734,60.98476028442383,68400
2019-05-06,63.959999084472656,65.97000122070312,63.959999084472656,65.77999877929688,61.20808792114258,79600
2019-05-07,65.04000091552734,65.66999816894531,64.62000274658203,65.5199966430664,60.966156005859375,151500
2019-05-08,65.6500015258789,65.6500015258789,63.16999816894531,63.380001068115234,58.974884033203125,117500
2019-05-09,62.88999938964844,65.29000091552734,62.63999938964844,65.02999877929688,60.51020812988281,75000
2019-05-10,64.75,65.5199966430664,64.0999984741211,65.18000030517578,60.649784088134766,55000
2019-05-13,63.75,63.91999816894531,62.84000015258789,63.349998474121094,58.94697952270508,57700
2019-05-14,63.52000045776367,64.22000122070312,62.939998626708984,63.75,59.31917190551758,52600
2019-05-15,63.2599983215332,64.52999877929688,63.25,64.48999786376953,60.00774002075195,113300
2019-05-16,64.80999755859375,65.25,62.58000183105469,63.0,58.621307373046875,101500
2019-05-17,62.33000183105469,62.630001068115234,60.45000076293945,60.68000030517578,56.46255111694336,54300
2019-05-20,60.02000045776367,60.41999816894531,58.43000030517578,60.33000183105469,56.136878967285156,93300
2019-05-21,60.68000030517578,61.279998779296875,60.290000915527344,60.79999923706055,56.5742073059082,47400
2019-05-22,60.38999938964844,60.43000030517578,58.630001068115234,58.849998474121094,54.759742736816406,52700
2019-05-23,58.16999816894531,58.45000076293945,57.279998779296875,57.86000061035156,53.83855056762695,73600
2019-05-24,58.36000061035156,59.290000915527344,57.77000045776367,58.91999816894531,54.82487487792969,50700
2019-05-28,59.7400016784668,59.7400016784668,58.279998779296875,58.95000076293945,54.85279846191406,54900
2019-05-29,58.599998474121094,59.38999938964844,58.34000015258789,59.040000915527344,54.9365348815918,54400
2019-05-30,59.040000915527344,59.369998931884766,57.20000076293945,57.72999954223633,53.91849899291992,44000
2019-05-31,56.97999954223633,57.650001525878906,56.7599983215332,57.61000061035156,53.80643081665039,63600
2019-06-03,57.47999954223633,58.34000015258789,56.939998626708984,57.40999984741211,53.619632720947266,56900
2019-06-04,58.029998779296875,59.83000183105469,57.93000030517578,59.7599983215332,55.814476013183594,49800
2019-06-05,60.0,60.470001220703125,59.290000915527344,60.220001220703125,56.244102478027344,45000
2019-06-06,60.2400016784668,60.2400016784668,58.349998474121094,58.880001068115234,54.992576599121094,55900
2019-06-07,59.130001068115234,60.130001068115234,58.2400016784668,59.5099983215332,55.58098220825195,79100
2019-06-10,59.939998626708984,60.86000061035156,59.45000076293945,60.220001220703125,56.244102478027344,49000
2019-06-11,60.7400016784668,61.27000045776367,59.540000915527344,59.93000030517578,55.9732551574707,70500
2019-06-12,59.93000030517578,60.63999938964844,59.25,60.2400016784668,56.26277542114258,44800
2019-06-13,60.58000183105469,61.209999084472656,60.150001525878906,60.77000045776367,56.75779724121094,34300
2019-06-14,60.61000061035156,60.61000061035156,59.70000076293945,59.790000915527344,55.84249496459961,41400
2019-06-17,59.93000030517578,61.119998931884766,59.66999816894531,60.869998931884766,56.851192474365234,51800
2019-06-18,61.33000183105469,62.709999084472656,60.970001220703125,61.630001068115234,57.56101608276367,69600
2019-06-19,61.619998931884766,62.540000915527344,61.33000183105469,62.22999954223633,58.121402740478516,55400
2019-06-20,63.09000015258789,63.630001068115234,62.619998931884766,63.459999084472656,59.27019500732422,71600
2019-06-21,62.97999954223633,63.43000030517578,60.31999969482422,60.31999969482422,56.33749771118164,116400
2019-06-24,60.439998626708984,61.189998626708984,59.90999984741211,60.83000183105469,56.8138313293457,56500
2019-06-25,61.33000183105469,61.939998626708984,60.689998626708984,61.400001525878906,57.3462028503418,80500
2019-06-26,61.75,62.2599983215332,58.599998474121094,58.90999984741211,55.020591735839844,139100
2019-06-27,59.220001220703125,60.150001525878906,58.650001525878906,60.150001525878906,56.1787223815918,154200
2019-06-28,60.439998626708984,61.880001068115234,60.18000030517578,61.20000076293945,57.159400939941406,140400
2019-07-01,62.209999084472656,62.5,60.130001068115234,60.63999938964844,56.63637161254883,59400
2019-07-02,60.709999084472656,60.7599983215332,58.79999923706055,58.90999984741211,55.020591735839844,42100
2019-07-03,59.310001373291016,60.5,59.08000183105469,60.40999984741211,56.42155456542969,32800
2019-07-05,60.06999969482422,61.2400016784668,59.529998779296875,61.130001068115234,57.094032287597656,53300
2019-07-08,60.84000015258789,61.18000030517578,60.2599983215332,60.540000915527344,56.54297637939453,41500
2019-07-09,60.209999084472656,60.90999984741211,59.90999984741211,60.72999954223633,56.720420837402344,50700
2019-07-10,61.130001068115234,62.369998931884766,60.77000045776367,62.15999984741211,58.0560188293457,81100
2019-07-11,62.400001525878906,64.30000305175781,62.290000915527344,64.25,60.00803756713867,121900
2019-07-12,64.5199966430664,64.97000122070312,63.27000045776367,64.1500015258789,59.91463851928711,213100
2019-07-15,64.33000183105469,65.55999755859375,64.0,65.47000122070312,61.14748764038086,85400
2019-07-16,65.75,67.4000015258789,65.08999633789062,65.91000366210938,61.558448791503906,115400
2019-07-17,65.91000366210938,66.05000305175781,65.23999786376953,65.66000366210938,61.324947357177734,65600
2019-07-18,65.66000366210938,66.0,65.44999694824219,65.70999908447266,61.37164306640625,83200
2019-07-19,65.61000061035156,66.0,65.5,65.75,61.40898895263672,99000
2019-07-22,65.70999908447266,66.01000213623047,63.93000030517578,64.2699966430664,60.026710510253906,99500
2019-07-23,64.5999984741211,65.22000122070312,63.9900016784668,65.20999908447266,60.90465545654297,65400
2019-07-24,65.20999908447266,66.93000030517578,65.02999877929688,66.68000030517578,62.277587890625,61800
2019-07-25,66.48999786376953,66.58999633789062,64.4000015258789,64.83000183105469,60.54975128173828,66100
2019-07-26,65.01000213623047,66.37999725341797,64.55999755859375,65.93000030517578,61.57710647583008,66700
2019-07-29,65.87999725341797,66.13999938964844,65.12999725341797,66.02999877929688,61.67050552368164,72200
2019-07-30,65.41000366210938,67.56999969482422,65.12999725341797,67.16999816894531,62.73524475097656,78900
2019-07-31,69.98999786376953,78.63999938964844,68.37000274658203,76.11000061035156,71.08499908447266,252400
2019-08-01,76.0199966430664,76.0199966430664,72.4000015258789,72.91000366210938,68.0962905883789,167700
2019-08-02,72.72000122070312,72.72000122070312,70.33999633789062,71.2300033569336,66.52718353271484,97800
2019-08-05,70.38999938964844,70.44999694824219,68.5199966430664,69.2699966430664,64.69659423828125,130600
2019-08-06,70.12000274658203,71.94999694824219,68.37000274658203,70.33000183105469,65.68661499023438,98500
2019-08-07,69.37000274658203,70.33000183105469,68.47000122070312,68.95999908447266,64.40705871582031,98900
2019-08-08,69.31999969482422,70.98999786376953,69.31999969482422,70.48999786376953,65.83604431152344,80700
2019-08-09,70.11000061035156,70.11000061035156,68.2699966430664,68.31999969482422,63.809326171875,81300
2019-08-12,67.5999984741211,67.88999938964844,66.7300033569336,67.47000122070312,63.01543045043945,41400
2019-08-13,67.13999938964844,69.02999877929688,66.83999633789062,68.12000274658203,63.622501373291016,80100
2019-08-14,66.86000061035156,67.06999969482422,65.11000061035156,66.93000030517578,62.51109313964844,89200
2019-08-15,67.25,67.87999725341797,66.41999816894531,67.36000061035156,62.912696838378906,50600
2019-08-16,67.80999755859375,69.52999877929688,66.41999816894531,69.1500015258789,64.58452606201172,49500
2019-08-19,70.01000213623047,70.76000213623047,69.12999725341797,69.9800033569336,65.35972595214844,38000
2019-08-20,69.94999694824219,69.94999694824219,68.63999938964844,69.23999786376953,64.6685791015625,57800
2019-08-21,69.8499984741211,70.08999633789062,67.80999755859375,68.5999984741211,64.07083892822266,49800
2019-08-22,68.86000061035156,69.45999908447266,67.73999786376953,67.87999725341797,63.39836120605469,51900
2019-08-23,67.45999908447266,68.12999725341797,66.44000244140625,66.51000213623047,62.11882400512695,96500
2019-08-26,67.37999725341797,67.79000091552734,65.91999816894531,66.81999969482422,62.408363342285156,48600
2019-08-27,67.45999908447266,67.75,65.88999938964844,66.75,62.34296798706055,69200
2019-08-28,66.5,68.11000061035156,66.36000061035156,66.79000091552734,62.38033676147461,50200
2019-08-29,67.30999755859375,67.36000061035156,66.43000030517578,67.08999633789062,62.86759948730469,77000
2019-08-30,67.51000213623047,68.73999786376953,67.19000244140625,68.38999938964844,64.08578491210938,56600
2019-09-03,67.66999816894531,67.66999816894531,65.62000274658203,65.98999786376953,61.836849212646484,80300
2019-09-04,66.68000030517578,66.9000015258789,65.83999633789062,66.0,61.8462028503418,50500
2019-09-05,67.0999984741211,68.0,66.30000305175781,67.25,63.017539978027344,128200
2019-09-06,67.33000183105469,67.87000274658203,66.54000091552734,67.25,63.017539978027344,45600
2019-09-09,67.5199966430664,69.26000213623047,66.91000366210938,68.25,63.9546012878418,69900
2019-09-10,68.13999938964844,70.06999969482422,67.44999694824219,69.5,65.12593078613281,87300
2019-09-11,70.38999938964844,73.18000030517578,69.75,73.12000274658203,68.5180892944336,76900
2019-09-12,72.86000061035156,73.13999938964844,71.19000244140625,73.01000213623047,68.41502380371094,98100
2019-09-13,73.4800033569336,74.16000366210938,72.62000274658203,73.80999755859375,69.16468811035156,78900
2019-09-16,73.37000274658203,73.6500015258789,71.72000122070312,72.22000122070312,67.67474365234375,74600
2019-09-17,72.44000244140625,72.44000244140625,71.19999694824219,71.30000305175781,66.81262969970703,62300
2019-09-18,71.08000183105469,71.54000091552734,70.05000305175781,71.13999938964844,66.66271209716797,41100
2019-09-19,71.19999694824219,71.80000305175781,70.30000305175781,70.30000305175781,65.87557220458984,66200
2019-09-20,70.33000183105469,71.08000183105469,69.97000122070312,71.0,66.53150939941406,152700
2019-09-23,70.33999633789062,71.58000183105469,70.30000305175781,70.88999938964844,66.42845153808594,47300
2019-09-24,70.77999877929688,70.77999877929688,68.8499984741211,69.37999725341797,65.01348114013672,65500
2019-09-25,69.43000030517578,71.19000244140625,69.27999877929688,70.86000061035156,66.40034484863281,77100
2019-09-26,70.58999633789062,71.0199966430664,69.75,70.4800033569336,66.04424285888672,58500
2019-09-27,70.58000183105469,71.69999694824219,68.80000305175781,70.80000305175781,66.3441162109375,66400
2019-09-30,70.91999816894531,71.87000274658203,70.45999908447266,70.69999694824219,66.25039672851562,77500
2019-10-01,70.94000244140625,71.5,67.94000244140625,68.36000061035156,64.05768585205078,69400
2019-10-02,67.80000305175781,68.54000091552734,66.63999938964844,68.3499984741211,64.04830169677734,60300
2019-10-03,68.18000030517578,68.94000244140625,66.9000015258789,68.0999984741211,63.814048767089844,85300
2019-10-04,68.2699966430664,69.48999786376953,68.16999816894531,69.1500015258789,64.7979736328125,40800
2019-10-07,68.77999877929688,69.22000122070312,68.19999694824219,68.68000030517578,64.35755157470703,132400
2019-10-08,67.94999694824219,68.05999755859375,66.6500015258789,67.0999984741211,62.87696838378906,44800
2019-10-09,67.37000274658203,67.75,66.80999755859375,67.22000122070312,62.98942947387695,34600
2019-10-10,67.30000305175781,68.3499984741211,66.81999969482422,68.05000305175781,63.76719284057617,64100
2019-10-11,69.23999786376953,71.30999755859375,69.05999755859375,70.51000213623047,66.07237243652344,104500
2019-10-14,70.0999984741211,70.0999984741211,68.41999816894531,69.0199966430664,64.6761474609375,48000
2019-10-15,69.29000091552734,70.0999984741211,68.44999694824219,69.66999816894531,65.28522491455078,29400
2019-10-16,69.30999755859375,70.54000091552734,68.55000305175781,68.8499984741211,64.51683044433594,64500
2019-10-17,69.43000030517578,70.31999969482422,68.7699966430664,69.80999755859375,65.41641998291016,179300
2019-10-18,69.26000213623047,69.91999816894531,68.08999633789062,68.9800033569336,64.63865661621094,91300
2019-10-21,69.55999755859375,70.58999633789062,69.23999786376953,69.51000213623047,65.13530731201172,85200
2019-10-22,69.66999816894531,70.26000213623047,69.08999633789062,69.86000061035156,65.46328735351562,99900
2019-10-23,69.70999908447266,70.41000366210938,69.41999816894531,70.30999755859375,65.88493347167969,61200
2019-10-24,70.06999969482422,70.4000015258789,69.51000213623047,70.0,65.59446716308594,54500
2019-10-25,69.79000091552734,70.33999633789062,69.41999816894531,69.55000305175781,65.17279052734375,125200
2019-10-28,69.9800033569336,70.80999755859375,69.77999877929688,70.31999969482422,65.89433288574219,102800
2019-10-29,70.12000274658203,72.47000122070312,69.58999633789062,71.58999633789062,67.08438110351562,85600
2019-10-30,72.29000091552734,76.48999786376953,71.01000213623047,75.87000274658203,71.09502410888672,177400
2019-10-31,76.54000091552734,79.38999938964844,76.30000305175781,77.43000030517578,72.55683898925781,158600
2019-11-01,78.08000183105469,78.08000183105469,76.05999755859375,77.30999755859375,72.44439697265625,119700
2019-11-04,77.3499984741211,79.62999725341797,77.30999755859375,78.4000015258789,73.46580505371094,130500
2019-11-05,78.58000183105469,79.4000015258789,78.0999984741211,78.76000213623047,73.80313873291016,77100
2019-11-06,78.69999694824219,79.16000366210938,78.22000122070312,78.37000274658203,73.43767547607422,72400
2019-11-07,79.0199966430664,79.19000244140625,77.08000183105469,77.9000015258789,72.99726104736328,77000
2019-11-08,77.68000030517578,78.04000091552734,77.37000274658203,77.81999969482422,72.92229461669922,58400
2019-11-11,77.30999755859375,77.7699966430664,76.88999938964844,77.54000091552734,72.65990447998047,65300
2019-11-12,77.94999694824219,78.93000030517578,77.25,78.23999786376953,73.31587982177734,66500
2019-11-13,77.6500015258789,77.97000122070312,76.79000091552734,77.19999694824219,72.3413314819336,46200
2019-11-14,77.0999984741211,77.33999633789062,75.5999984741211,75.91000366210938,71.13252258300781,51200
2019-11-15,76.5199966430664,76.5199966430664,74.72000122070312,75.0,70.2797622680664,73000
2019-11-18,74.5199966430664,75.2300033569336,73.69999694824219,74.25,69.57698059082031,65900
2019-11-19,74.58999633789062,75.05999755859375,74.1500015258789,74.16000366210938,69.49264526367188,54700
2019-11-20,73.68000030517578,74.58000183105469,72.66000366210938,73.12000274658203,68.5180892944336,72200
2019-11-21,73.55000305175781,73.55000305175781,72.2300033569336,72.98999786376953,68.39627838134766,42500
2019-11-22,73.38999938964844,73.8499984741211,72.37999725341797,73.43000030517578,68.80858612060547,45000
2019-11-25,73.83999633789062,75.69000244140625,73.08000183105469,74.91000366210938,70.19544219970703,65000
2019-11-26,75.0,75.81999969482422,74.36000061035156,74.62999725341797,69.93306732177734,50400
2019-11-27,74.69000244140625,74.87999725341797,74.12000274658203,74.83999633789062,70.33719635009766,26300
2019-11-29,74.61000061035156,75.22000122070312,74.04000091552734,74.45999908447266,69.98005676269531,24500
2019-12-02,74.69000244140625,74.76000213623047,73.52999877929688,74.62999725341797,70.13982391357422,73300
2019-12-03,74.06999969482422,77.94000244140625,73.66999816894531,77.33999633789062,72.686767578125,103200
2019-12-04,78.16000366210938,79.44000244140625,78.16000366210938,79.19999694824219,74.43486022949219,102700
2019-12-05,79.37000274658203,80.44000244140625,77.54000091552734,78.4000015258789,73.6830062866211,96600
2019-12-06,79.33000183105469,80.43000030517578,79.05999755859375,79.2300033569336,74.46308135986328,72300
2019-12-09,78.77999877929688,78.98999786376953,78.05999755859375,78.58999633789062,73.861572265625,83300
2019-12-10,78.77999877929688,79.31999969482422,78.3499984741211,78.69000244140625,73.95555877685547,64500
2019-12-11,79.08000183105469,79.73999786376953,78.55999755859375,79.0,74.24691772460938,34000
2019-12-12,79.06999969482422,79.9000015258789,78.4800033569336,78.83000183105469,74.08714294433594,75100
2019-12-13,78.76000213623047,78.86000061035156,77.2300033569336,78.12000274658203,73.41984558105469,40900
2019-12-16,78.80000305175781,79.13999938964844,77.69000244140625,78.45999908447266,73.7394027709961,72000
2019-12-17,78.55999755859375,78.80000305175781,77.54000091552734,78.23999786376953,73.53264617919922,56600
2019-12-18,78.55000305175781,78.61000061035156,77.1500015258789,78.41000366210938,73.69239807128906,59700
2019-12-19,78.62000274658203,78.62000274658203,77.31999969482422,77.41999816894531,72.761962890625,52900
2019-12-20,77.75,78.98999786376953,77.55000305175781,78.3499984741211,73.63599395751953,355300
2019-12-23,78.54000091552734,78.86000061035156,76.95999908447266,77.91999816894531,73.23188781738281,53000
2019-12-24,77.98999786376953,78.22000122070312,77.31999969482422,78.02999877929688,73.33526611328125,24100
2019-12-26,77.91000366210938,78.5,77.5999984741211,77.86000061035156,73.17548370361328,28800
2019-12-27,78.19000244140625,78.91999816894531,77.70999908447266,78.33999633789062,73.62661743164062,51300
2019-12-30,78.31999969482422,79.4000015258789,77.87000274658203,78.43000030517578,73.71119689941406,62000
2019-12-31,78.33999633789062,79.33999633789062,77.7699966430664,77.91999816894531,73.23188781738281,69400
2020-01-02,77.70999908447266,78.55000305175781,76.80000305175781,78.48999786376953,73.76759338378906,74900
2020-01-03,77.44999694824219,79.86000061035156,77.44999694824219,79.6500015258789,74.85780334472656,104100
2020-01-06,78.8499984741211,79.94000244140625,77.58999633789062,79.61000061035156,74.8201904296875,65900
2020-01-07,79.11000061035156,79.62000274658203,78.68000030517578,79.31999969482422,74.54765319824219,55100
2020-01-08,79.33000183105469,80.12000274658203,78.93000030517578,79.44000244140625,74.66044616699219,65600
2020-01-09,79.13999938964844,80.55000305175781,79.05999755859375,80.23999786376953,75.41229248046875,68100
2020-01-10,80.18000030517578,80.5,79.69000244140625,80.3499984741211,75.51569366455078,65800
2020-01-13,80.26000213623047,83.26000213623047,80.05000305175781,83.18000030517578,78.17543029785156,88700
2020-01-14,82.83000183105469,83.06999969482422,82.18000030517578,82.55999755859375,77.59272766113281,83500
2020-01-15,83.38999938964844,84.54000091552734,82.43000030517578,83.95999908447266,78.90850830078125,79900
2020-01-16,84.56999969482422,86.30999755859375,84.56999969482422,86.27999877929688,81.08892059326172,66700
2020-01-17,86.83999633789062,87.05999755859375,84.2300033569336,84.58000183105469,79.4911880493164,62400
2020-01-21,84.20999908447266,84.6500015258789,82.83000183105469,82.86000061035156,77.87467956542969,50300
2020-01-22,83.33999633789062,83.33999633789062,81.80999755859375,82.63999938964844,77.66791534423828,33300
2020-01-23,82.54000091552734,83.04000091552734,81.77999877929688,83.02999877929688,78.0344467163086,48000
2020-01-24,83.25,83.25,81.80999755859375,82.23999786376953,77.2919921875,33800
2020-01-27,80.93000030517578,81.62000274658203,80.56999969482422,80.98999786376953,76.11715698242188,38400
2020-01-28,81.66999816894531,82.05000305175781,80.54000091552734,80.72000122070312,75.86341094970703,41500
2020-01-29,80.72000122070312,80.93000030517578,79.51000213623047,79.58000183105469,74.79202270507812,35000
2020-01-30,79.04000091552734,79.38999938964844,77.62999725341797,79.29000091552734,74.51946258544922,57800
2020-01-31,78.5999984741211,78.91000366210938,77.0999984741211,77.22000122070312,72.5739974975586,68500
2020-02-03,77.86000061035156,78.33999633789062,76.54000091552734,77.37999725341797,72.7243881225586,69600
2020-02-04,78.52999877929688,79.75,78.52999877929688,79.26000213623047,74.49127960205078,31200
2020-02-05,80.25,80.73999786376953,79.5,80.66000366210938,75.80705261230469,33000
2020-02-06,81.08999633789062,81.4000015258789,79.66999816894531,80.2699966430664,75.44051361083984,24800
2020-02-07,80.12000274658203,80.12000274658203,79.47000122070312,79.83000183105469,75.02698516845703,38700
2020-02-10,79.41000366210938,80.80999755859375,79.41000366210938,80.69000244140625,75.83522033691406,31600
2020-02-11,81.25,82.75,81.25,81.95999908447266,77.02880096435547,34400
2020-02-12,82.1500015258789,82.1500015258789,81.41999816894531,81.91999816894531,76.9912338256836,40900
2020-02-13,81.61000061035156,82.19000244140625,81.26000213623047,82.12000274658203,77.17919921875,43400
2020-02-14,81.91999816894531,82.1500015258789,81.12999725341797,82.05999755859375,77.12278747558594,35200
2020-02-18,82.01000213623047,85.30999755859375,81.52999877929688,84.33999633789062,79.26560974121094,40000
2020-02-19,84.58000183105469,84.58000183105469,82.37999725341797,82.95999908447266,77.96864318847656,42100
2020-02-20,82.87999725341797,84.44999694824219,81.0199966430664,83.41999816894531,78.40097045898438,73600
2020-02-21,83.41999816894531,83.5,80.73999786376953,82.70999908447266,77.73371124267578,48900
2020-02-24,80.72000122070312,84.70999908447266,80.72000122070312,82.29000091552734,77.33895874023438,71500
2020-02-25,82.69999694824219,82.70999908447266,80.2300033569336,80.79000091552734,75.92921447753906,84100
2020-02-26,81.62999725341797,81.62999725341797,80.05999755859375,80.81999969482422,75.9574203491211,54200
2020-02-27,79.25,80.61000061035156,76.66999816894531,76.88999938964844,72.26386260986328,104700
2020-02-28,74.68000030517578,74.80000305175781,70.11000061035156,71.54000091552734,67.42865753173828,107400
2020-03-02,72.08000183105469,75.0999984741211,71.63999938964844,74.47000122070312,70.1902847290039,64600
2020-03-03,74.58999633789062,75.37999725341797,71.23999786376953,72.04000091552734,67.89994049072266,76300
2020-03-04,72.86000061035156,77.37000274658203,72.86000061035156,77.33000183105469,72.88594818115234,66000
2020-03-05,75.5199966430664,75.81999969482422,72.4000015258789,73.41999816894531,69.20062255859375,66600
2020-03-06,70.94999694824219,72.95999908447266,70.12000274658203,71.44000244140625,67.33441162109375,78200
2020-03-09,69.44000244140625,69.91999816894531,63.650001525878906,63.7400016784668,60.07692337036133,121000
2020-03-10,65.73999786376953,66.1500015258789,63.130001068115234,66.1500015258789,62.34844207763672,107900
2020-03-11,64.1500015258789,64.79000091552734,61.15999984741211,62.349998474121094,58.76681137084961,73100
2020-03-12,58.2400016784668,58.77000045776367,53.529998779296875,53.619998931884766,50.538509368896484,116700
2020-03-13,55.619998931884766,59.2400016784668,53.86000061035156,59.2400016784668,55.83554458618164,115500
2020-03-16,52.0099983215332,56.86000061035156,51.16999816894531,54.599998474121094,51.462196350097656,107600
2020-03-17,55.95000076293945,60.84000015258789,53.2400016784668,60.7599983215332,57.268184661865234,133700
2020-03-18,57.45000076293945,60.599998474121094,55.970001220703125,58.15999984741211,54.81761169433594,114600
2020-03-19,58.119998931884766,60.66999816894531,51.2599983215332,52.40999984741211,49.3980598449707,146800
2020-03-20,52.88999938964844,55.790000915527344,50.06999969482422,51.45000076293945,48.493221282958984,148100
2020-03-23,51.709999084472656,52.41999816894531,46.63999938964844,48.90999984741211,46.09919357299805,70000
2020-03-24,49.90999984741211,53.41999816894531,49.689998626708984,53.41999816894531,50.35001754760742,112600
2020-03-25,53.220001220703125,58.45000076293945,52.27000045776367,54.08000183105469,50.97208023071289,151900
2020-03-26,54.060001373291016,57.869998931884766,54.060001373291016,57.61000061035156,54.299217224121094,103300
2020-03-27,55.0,55.369998931884766,52.31999969482422,53.45000076293945,50.37828826904297,72800
2020-03-30,53.810001373291016,58.2400016784668,53.18000030517578,58.02000045776367,54.68564987182617,92200
2020-03-31,57.27000045776367,59.790000915527344,55.880001068115234,57.95000076293945,54.619667053222656,136700
2020-04-01,55.13999938964844,55.13999938964844,51.11000061035156,51.91999816894531,48.93621063232422,86500
2020-04-02,52.099998474121094,57.83000183105469,52.099998474121094,56.439998626708984,53.19645309448242,92000
2020-04-03,55.70000076293945,56.91999816894531,52.619998931884766,53.65999984741211,50.57622146606445,103200
2020-04-06,56.150001525878906,58.43000030517578,55.439998626708984,57.81999969482422,54.49714279174805,92800
2020-04-07,60.439998626708984,65.31999969482422,59.27000045776367,59.45000076293945,56.03347396850586,117000
2020-04-08,60.75,62.189998626708984,59.43000030517578,60.7400016784668,57.24934005737305,77800
2020-04-09,61.119998931884766,64.16000366210938,60.54999923706055,64.16000366210938,60.47279739379883,59400
2020-04-13,63.13999938964844,63.2400016784668,61.33000183105469,61.88999938964844,58.333248138427734,50100
2020-04-14,64.19000244140625,64.55000305175781,61.189998626708984,62.2599983215332,58.681983947753906,48500
2020-04-15,59.900001525878906,59.970001220703125,57.119998931884766,58.31999969482422,54.968406677246094,88000
2020-04-16,58.54999923706055,60.45000076293945,56.369998931884766,59.58000183105469,56.156002044677734,98400
2020-04-17,61.290000915527344,62.869998931884766,61.08000183105469,62.45000076293945,58.86106491088867,62100
2020-04-20,60.83000183105469,62.90999984741211,60.529998779296875,61.15999984741211,57.645198822021484,73000
2020-04-21,59.27000045776367,60.15999984741211,58.650001525878906,59.2400016784668,55.83554458618164,54100
2020-04-22,59.79999923706055,60.0,58.70000076293945,59.58000183105469,56.156002044677734,57200
2020-04-23,59.459999084472656,61.630001068115234,58.79999923706055,60.97999954223633,57.47554397583008,69500
2020-04-24,60.470001220703125,60.91999816894531,58.369998931884766,58.56999969482422,55.204036712646484,76100
2020-04-27,58.20000076293945,59.689998626708984,57.45000076293945,59.52000045776367,56.09944534301758,136300
2020-04-28,60.75,63.77000045776367,60.720001220703125,61.279998779296875,57.75831604003906,141100
2020-04-29,63.27000045776367,65.97000122070312,63.130001068115234,65.30000305175781,61.547279357910156,136700
2020-04-30,63.5,63.5099983215332,59.130001068115234,59.16999816894531,55.76956558227539,127700
2020-05-01,57.290000915527344,58.470001220703125,56.630001068115234,58.43000030517578,55.072086334228516,114900
2020-05-04,57.59000015258789,57.59000015258789,56.220001220703125,57.060001373291016,53.780826568603516,83400
2020-05-05,58.25,58.70000076293945,57.7599983215332,57.939998626708984,54.61024475097656,77600
2020-05-06,58.95000076293945,58.95000076293945,56.040000915527344,57.779998779296875,54.45943832397461,117000
2020-05-07,59.0099983215332,59.09000015258789,55.02000045776367,55.209999084472656,52.03714370727539,84000
2020-05-08,56.34000015258789,57.06999969482422,55.63999938964844,56.279998779296875,53.04563903808594,132300
2020-05-11,55.36000061035156,56.43000030517578,54.77000045776367,55.5,52.31047439575195,113200
2020-05-12,55.65999984741211,55.849998474121094,51.91999816894531,51.91999816894531,48.93621063232422,112400
2020-05-13,51.560001373291016,51.7400016784668,50.2400016784668,51.4900016784668,48.530921936035156,122100
2020-05-14,50.369998931884766,52.08000183105469,48.79999923706055,51.91999816894531,48.93621063232422,96600
2020-05-15,51.79999923706055,52.560001373291016,51.11000061035156,51.91999816894531,48.93621063232422,107400
2020-05-18,54.40999984741211,56.650001525878906,54.40999984741211,56.43000030517578,53.18703079223633,88800
2020-05-19,56.040000915527344,57.02000045776367,54.9900016784668,55.02000045776367,51.858055114746094,64800
2020-05-20,56.5099983215332,58.34000015258789,55.79999923706055,58.06999969482422,54.732784271240234,82500
2020-05-21,57.65999984741211,58.72999954223633,57.65999984741211,58.0099983215332,54.67622375488281,67600
2020-05-22,58.47999954223633,58.47999954223633,56.5099983215332,57.29999923706055,54.00703048706055,33800
2020-05-26,59.95000076293945,64.11000061035156,59.95000076293945,62.290000915527344,58.71025848388672,106400
2020-05-27,63.939998626708984,64.80999755859375,62.04999923706055,64.12999725341797,60.44451904296875,93200
2020-05-28,64.7699966430664,66.5199966430664,63.90999984741211,64.54000091552734,61.04035186767578,196900
2020-05-29,63.61000061035156,64.25,61.81999969482422,63.939998626708984,60.4728889465332,133000
2020-06-01,63.75,65.38999938964844,63.529998779296875,64.79000091552734,61.27680206298828,146400
2020-06-02,65.56999969482422,65.95999908447266,64.06999969482422,64.66999816894531,61.163299560546875,160800
2020-06-03,66.19999694824219,69.6500015258789,65.98999786376953,68.76000213623047,65.03153228759766,106400
2020-06-04,67.9800033569336,69.23999786376953,66.9000015258789,68.47000122070312,64.75724029541016,152800
2020-06-05,70.56999969482422,72.69000244140625,70.56999969482422,71.0999984741211,67.24464416503906,89200
2020-06-08,71.8499984741211,72.55999755859375,71.01000213623047,71.3499984741211,67.4810791015625,75000
2020-06-09,70.19000244140625,70.76000213623047,68.94999694824219,69.19000244140625,65.4382095336914,51700
2020-06-10,69.05999755859375,69.06999969482422,65.95999908447266,66.01000213623047,62.43064498901367,93400
2020-06-11,62.900001525878906,64.06999969482422,61.81999969482422,62.08000183105469,58.7137565612793,98900
2020-06-12,64.55000305175781,64.62999725341797,60.97999954223633,62.810001373291016,59.40416717529297,62600
2020-06-15,60.63999938964844,64.68000030517578,60.63999938964844,64.16999816894531,60.6904182434082,76800
2020-06-16,66.91999816894531,66.91999816894531,64.2699966430664,64.9000015258789,61.380836486816406,65800
2020-06-17,65.08999633789062,65.08999633789062,63.25,64.04000091552734,60.56745910644531,58800
2020-06-18,63.189998626708984,64.63999938964844,63.189998626708984,63.880001068115234,60.41614532470703,34600
2020-06-19,64.9000015258789,65.38999938964844,63.560001373291016,63.77000045776367,60.312110900878906,164700
2020-06-22,63.150001525878906,63.619998931884766,61.869998931884766,63.5,60.05674362182617,64800
2020-06-23,64.33000183105469,64.38999938964844,63.25,63.560001373291016,60.113502502441406,46000
2020-06-24,62.66999816894531,63.189998626708984,61.540000915527344,61.779998779296875,58.430015563964844,71700
2020-06-25,61.310001373291016,63.47999954223633,61.310001373291016,63.29999923706055,59.86759948730469,50500
2020-06-26,62.630001068115234,62.93000030517578,61.20000076293945,61.279998779296875,57.95712661743164,188400
2020-06-29,62.400001525878906,65.16999816894531,62.34000015258789,64.80999755859375,61.295711517333984,75300
2020-06-30,64.1500015258789,66.01000213623047,64.1500015258789,65.01000213623047,61.484867095947266,56800
2020-07-01,65.66000366210938,66.20999908447266,63.150001525878906,63.27000045776367,59.8392219543457,42300
2020-07-02,64.98999786376953,66.31999969482422,64.23999786376953,64.7699966430664,61.257877349853516,56900
2020-07-06,66.37999725341797,66.37999725341797,64.06999969482422,64.83999633789062,61.32408905029297,53000
2020-07-07,64.0,64.83999633789062,63.59000015258789,63.720001220703125,60.26482009887695,51300
2020-07-08,63.349998474121094,64.69000244140625,62.790000915527344,64.5,61.00252151489258,88400
2020-07-09,64.22000122070312,64.69000244140625,61.689998626708984,62.16999816894531,58.79886245727539,66500
2020-07-10,62.47999954223633,63.61000061035156,62.47999954223633,63.43000030517578,59.990543365478516,30100
2020-07-13,64.30999755859375,65.55999755859375,62.91999816894531,64.20999908447266,60.728248596191406,40700
2020-07-14,64.38999938964844,66.18000030517578,63.41999816894531,66.06999969482422,62.48738098144531,72800
2020-07-15,67.79000091552734,68.69000244140625,66.56999969482422,67.56999969482422,63.90605926513672,71300
2020-07-16,67.56999969482422,68.51000213623047,66.94000244140625,67.54000091552734,63.877685546875,45900
2020-07-17,67.41000366210938,67.9000015258789,66.88999938964844,67.05999755859375,63.42369842529297,52400
2020-07-20,66.66999816894531,67.05999755859375,65.38999938964844,65.88999938964844,62.317161560058594,76300
2020-07-21,66.93000030517578,67.31999969482422,66.20999908447266,66.5,62.89407730102539,56400
2020-07-22,65.7699966430664,66.72000122070312,65.47000122070312,66.27999877929688,62.68600845336914,61000
2020-07-23,66.04000091552734,68.52999877929688,66.04000091552734,68.19999694824219,64.50189208984375,57500
2020-07-24,68.27999877929688,68.27999877929688,65.23999786376953,66.7300033569336,63.111610412597656,90500
2020-07-27,67.02999877929688,68.72000122070312,66.93000030517578,68.29000091552734,64.58702850341797,57300
2020-07-28,68.30000305175781,69.33000183105469,67.86000061035156,68.38999938964844,64.68158721923828,70900
2020-07-29,68.97000122070312,69.97000122070312,68.81999969482422,69.61000061035156,65.83543395996094,70800
2020-07-30,68.48999786376953,68.48999786376953,65.05999755859375,66.45999908447266,62.856239318847656,113100
2020-07-31,65.63999938964844,66.70999908447266,64.30999755859375,66.62000274658203,63.007572174072266,114000
2020-08-03,67.11000061035156,69.08999633789062,66.80999755859375,68.62999725341797,64.9085693359375,103000
2020-08-04,67.9800033569336,67.9800033569336,65.87999725341797,66.06999969482422,62.48738098144531,78200
2020-08-05,66.08999633789062,67.3499984741211,65.94999694824219,66.5,62.89407730102539,154000
2020-08-06,66.5999984741211,67.30999755859375,66.05999755859375,66.6500015258789,63.035945892333984,87200
2020-08-07,66.47000122070312,68.31999969482422,66.47000122070312,68.31999969482422,64.6153793334961,111000
2020-08-10,68.6500015258789,71.2699966430664,68.16999816894531,70.19999694824219,66.3934326171875,65600
2020-08-11,71.31999969482422,73.29000091552734,71.31999969482422,71.91999816894531,68.02018737792969,96800
2020-08-12,72.91999816894531,73.43000030517578,71.47000122070312,72.16999816894531,68.25662994384766,51300
2020-08-13,71.56999969482422,71.69999694824219,70.30000305175781,70.58000183105469,66.75285339355469,43900
2020-08-14,70.06999969482422,71.43000030517578,70.06999969482422,71.04000091552734,67.18789672851562,38700
2020-08-17,70.98999786376953,71.3499984741211,70.2300033569336,71.13999938964844,67.282470703125,55300
2020-08-18,71.0999984741211,71.0999984741211,69.76000213623047,69.87000274658203,66.08134460449219,57200
2020-08-19,69.9000015258789,71.86000061035156,69.9000015258789,70.69999694824219,66.8663330078125,57800
2020-08-20,69.81999969482422,70.5199966430664,69.51000213623047,70.16999816894531,66.36507415771484,49100
2020-08-21,70.02999877929688,70.02999877929688,67.5999984741211,69.1500015258789,65.40038299560547,273000
2020-08-24,69.45999908447266,69.88999938964844,68.33000183105469,69.08000183105469,65.33417510986328,69200
2020-08-25,69.25,69.54000091552734,68.19999694824219,68.91999816894531,65.18283081054688,43100
2020-08-26,68.7300033569336,69.44999694824219,68.41000366210938,68.97000122070312,65.23013305664062,47100
2020-08-27,69.5,69.66000366210938,68.43000030517578,68.58000183105469,64.8613052368164,51400
2020-08-28,68.95999908447266,68.95999908447266,67.94000244140625,68.29000091552734,64.79488372802734,48400
2020-08-31,68.04000091552734,68.04000091552734,66.44000244140625,66.47000122070312,63.068023681640625,85100
2020-09-01,66.19000244140625,68.19999694824219,66.19000244140625,68.16999816894531,64.68099975585938,48800
2020-09-02,68.16999816894531,69.27999877929688,67.95999908447266,68.95999908447266,65.43057250976562,52000
2020-09-03,68.7300033569336,68.98999786376953,66.7300033569336,66.94999694824219,63.523441314697266,49100
2020-09-04,68.05000305175781,68.3499984741211,67.22000122070312,67.44999694824219,63.997859954833984,45300
2020-09-08,66.93000030517578,67.29000091552734,65.77999877929688,65.94000244140625,62.56515121459961,44300
2020-09-09,66.55000305175781,66.55000305175781,64.47000122070312,64.79000091552734,61.47400665283203,74100
2020-09-10,64.62999725341797,65.19999694824219,63.619998931884766,63.65999984741211,60.401832580566406,51800
2020-09-11,63.849998474121094,63.93000030517578,62.290000915527344,62.970001220703125,59.74715042114258,54000
2020-09-14,63.33000183105469,64.66000366210938,62.77000045776367,62.959999084472656,59.73765563964844,64700
2020-09-15,63.650001525878906,64.0199966430664,61.689998626708984,61.810001373291016,58.64652633666992,56100
2020-09-16,61.7599983215332,64.01000213623047,61.7400016784668,63.27000045776367,60.03179931640625,70300
2020-09-17,62.58000183105469,64.08000183105469,62.29999923706055,63.2400016784668,60.00333786010742,64300
2020-09-18,63.68000030517578,64.30999755859375,62.95000076293945,64.27999877929688,60.990108489990234,311500
2020-09-21,62.810001373291016,62.810001373291016,58.900001525878906,59.68000030517578,56.62553405761719,83500
2020-09-22,59.790000915527344,60.560001373291016,59.31999969482422,60.439998626708984,57.34663772583008,54100
2020-09-23,60.45000076293945,61.0,59.439998626708984,60.029998779296875,56.957618713378906,71800
2020-09-24,59.970001220703125,61.25,59.86000061035156,60.61000061035156,57.5079345703125,33800
2020-09-25,60.099998474121094,60.68000030517578,59.7400016784668,59.9900016784668,56.919677734375,59500
2020-09-28,60.369998931884766,62.13999938964844,60.369998931884766,61.33000183105469,58.19108200073242,90600
2020-09-29,61.0,61.54999923706055,59.40999984741211,60.08000183105469,57.00505828857422,128800
2020-09-30,59.88999938964844,61.2599983215332,59.81999969482422,60.36000061035156,57.27073669433594,106500
2020-10-01,60.2599983215332,60.91999816894531,58.77000045776367,59.27000045776367,56.23651885986328,89700
2020-10-02,58.310001373291016,59.86000061035156,57.9900016784668,59.099998474121094,56.075218200683594,123300
2020-10-05,59.86000061035156,60.75,59.58000183105469,60.18000030517578,57.09994888305664,116600
2020-10-06,60.18000030517578,61.4900016784668,59.97999954223633,60.040000915527344,56.96711730957031,184400
2020-10-07,60.310001373291016,62.5099983215332,60.119998931884766,62.369998931884766,59.17786407470703,187000
2020-10-08,63.119998931884766,63.599998474121094,62.25,62.63999938964844,59.43404006958008,51000
2020-10-09,63.43000030517578,63.83000183105469,62.47999954223633,63.540000915527344,60.2879753112793,62700
2020-10-12,63.58000183105469,64.95999908447266,63.459999084472656,64.66999816894531,61.360137939453125,53100
2020-10-13,63.95000076293945,64.36000061035156,62.41999816894531,62.83000183105469,59.614315032958984,67400
2020-10-14,63.13999938964844,63.9900016784668,62.79999923706055,62.83000183105469,59.614315032958984,36700
2020-10-15,61.959999084472656,63.560001373291016,61.810001373291016,63.2599983215332,60.022308349609375,35700
2020-10-16,63.150001525878906,64.05000305175781,62.959999084472656,63.310001373291016,60.069759368896484,31100
2020-10-19,63.790000915527344,63.790000915527344,62.029998779296875,62.31999969482422,59.13041305541992,69900
2020-10-20,62.779998779296875,63.86000061035156,62.65999984741211,62.939998626708984,59.718685150146484,42600
2020-10-21,62.900001525878906,63.36000061035156,62.08000183105469,62.45000076293945,59.25376510620117,51700
2020-10-22,62.65999984741211,63.58000183105469,61.58000183105469,62.130001068115234,58.950138092041016,71200
2020-10-23,62.52000045776367,62.880001068115234,61.5099983215332,62.02000045776367,58.84576416015625,54300
2020-10-26,60.959999084472656,61.38999938964844,59.66999816894531,61.06999969482422,57.944393157958984,72500
2020-10-27,61.060001373291016,61.34000015258789,60.29999923706055,60.400001525878906,57.308692932128906,73400
2020-10-28,59.75,60.779998779296875,59.04999923706055,59.849998474121094,56.78683090209961,75800
2020-10-29,61.689998626708984,63.529998779296875,59.88999938964844,60.56999969482422,57.4699821472168,140300
2020-10-30,60.27000045776367,60.86000061035156,59.060001373291016,59.619998931884766,56.568603515625,101100
2020-11-02,60.060001373291016,60.38999938964844,58.09000015258789,59.150001525878906,56.12266159057617,76800
2020-11-03,60.2400016784668,61.650001525878906,60.09000015258789,61.150001525878906,58.02029800415039,113800
2020-11-04,60.09000015258789,60.09000015258789,59.0099983215332,59.279998779296875,56.24600601196289,57100
2020-11-05,59.40999984741211,62.20000076293945,59.40999984741211,61.66999816894531,58.51368713378906,52000
2020-11-06,62.0,62.119998931884766,60.790000915527344,61.720001220703125,58.561126708984375,69400
2020-11-09,64.2300033569336,68.54000091552734,63.869998931884766,67.43000030517578,63.9788932800293,110700
2020-11-10,68.26000213623047,69.58999633789062,67.63999938964844,68.9800033569336,65.4495620727539,72500
2020-11-11,69.01000213623047,69.01000213623047,64.75,65.38999938964844,62.04330062866211,57600
2020-11-12,64.5199966430664,65.25,62.15999984741211,63.38999938964844,60.14565658569336,107400
2020-11-13,63.900001525878906,64.77999877929688,63.16999816894531,63.810001373291016,60.544166564941406,73700
2020-11-16,64.13999938964844,67.83999633789062,64.13999938964844,67.83000183105469,64.35840606689453,111400
2020-11-17,67.16999816894531,68.2699966430664,66.37000274658203,67.5199966430664,64.06427764892578,75800
2020-11-18,68.05999755859375,68.7300033569336,66.38999938964844,66.51000213623047,63.10598373413086,54700
2020-11-19,66.19000244140625,66.45999908447266,64.91999816894531,66.23999786376953,62.84978485107422,80300
2020-11-20,65.51000213623047,66.87000274658203,65.02999877929688,66.4800033569336,63.077510833740234,83200
2020-11-23,67.13999938964844,68.75,66.83999633789062,68.23999786376953,64.74742126464844,43000
2020-11-24,69.48999786376953,70.75,67.97000122070312,70.2300033569336,66.63558197021484,72900
2020-11-25,69.88999938964844,70.0999984741211,68.75,69.87999725341797,66.30351257324219,57800
2020-11-27,69.48999786376953,69.48999786376953,68.22000122070312,68.69000244140625,65.3896255493164,29200
2020-11-30,68.30999755859375,68.38999938964844,66.5199966430664,67.16000366210938,63.93315124511719,55800
2020-12-01,67.55999755859375,68.55000305175781,66.87999725341797,67.4000015258789,64.1615982055664,92800
2020-12-02,67.16999816894531,67.97000122070312,66.72000122070312,67.48999786376953,64.2472915649414,52300
2020-12-03,67.94000244140625,68.12999725341797,66.48999786376953,67.5999984741211,64.35198974609375,49600
2020-12-04,68.12000274658203,69.48999786376953,67.41999816894531,69.44999694824219,66.11312103271484,31000
2020-12-07,69.29000091552734,69.62999725341797,68.62999725341797,69.1500015258789,65.82752990722656,48900
2020-12-08,68.7699966430664,69.9800033569336,68.47000122070312,69.97000122070312,66.6081314086914,99300
2020-12-09,70.0,71.45999908447266,70.0,70.9000015258789,67.4934310913086,75700
2020-12-10,70.51000213623047,70.51000213623047,69.63999938964844,69.95999908447266,66.59859466552734,58200
2020-12-11,69.51000213623047,69.94999694824219,68.77999877929688,69.5,66.16069793701172,59100
2020-12-14,70.05999755859375,72.0,70.05999755859375,70.05999755859375,66.69378662109375,108000
2020-12-15,70.97000122070312,70.97000122070312,69.04000091552734,70.30999755859375,66.93180084228516,121800
2020-12-16,70.80999755859375,71.16999816894531,69.8499984741211,69.8499984741211,66.49388885498047,100800
2020-12-17,70.12000274658203,70.79000091552734,69.30999755859375,70.37999725341797,66.99842071533203,118500
2020-12-18,70.80000305175781,72.68000030517578,70.19999694824219,71.51000213623047,68.0741195678711,482600
2020-12-21,70.54000091552734,70.56999969482422,69.44000244140625,69.87999725341797,66.5224609375,108600
2020-12-22,69.93000030517578,69.93000030517578,66.5199966430664,67.87999725341797,64.6185302734375,118000
2020-12-23,68.06999969482422,70.13999938964844,68.06999969482422,69.7699966430664,66.417724609375,73900
2020-12-24,70.2699966430664,70.44999694824219,69.5199966430664,69.52999877929688,66.18924713134766,48200
2020-12-28,70.11000061035156,70.95999908447266,69.47000122070312,69.69999694824219,66.35108947753906,78600
2020-12-29,70.02999877929688,70.02999877929688,68.70999908447266,69.0199966430664,65.70377349853516,58700
2020-12-30,69.0999984741211,70.23999786376953,69.0999984741211,69.91000366210938,66.55098724365234,41600
2020-12-31,69.9000015258789,70.56999969482422,69.6500015258789,70.16999816894531,66.79851531982422,52400
2021-01-04,70.0,70.87999725341797,68.9000015258789,69.52999877929688,66.18924713134766,95100
2021-01-05,69.91999816894531,70.97000122070312,69.05000305175781,69.87999725341797,66.5224609375,120400
2021-01-06,70.91999816894531,74.9000015258789,70.91999816894531,73.9800033569336,70.42544555664062,168000
2021-01-07,74.23999786376953,74.45999908447266,72.0999984741211,73.38999938964844,69.86378479003906,80200
2021-01-08,73.5,73.55999755859375,70.05999755859375,71.69999694824219,68.25499725341797,81800
2021-01-11,70.95999908447266,72.47000122070312,70.95999908447266,72.31999969482422,68.84519958496094,52400
2021-01-12,72.6500015258789,74.05999755859375,72.47000122070312,73.58999633789062,70.05419921875,61800
2021-01-13,73.43000030517578,73.43000030517578,72.0999984741211,72.5,69.01654815673828,38800
2021-01-14,72.91000366210938,74.76000213623047,72.27999877929688,73.5199966430664,69.987548828125,59200
2021-01-15,72.45999908447266,73.30999755859375,71.7300033569336,72.87000274658203,69.36878967285156,41500
2021-01-19,73.66000366210938,74.08999633789062,72.91999816894531,73.0,69.49254608154297,68700
2021-01-20,73.22000122070312,74.4000015258789,72.41000366210938,73.69999694824219,70.15889739990234,57000
2021-01-21,73.70999908447266,74.69000244140625,72.94999694824219,74.01000213623047,70.45401763916016,77200
2021-01-22,73.36000061035156,75.44999694824219,72.62999725341797,75.37000274658203,71.74866485595703,58400
2021-01-25,74.76000213623047,74.76000213623047,71.70999908447266,72.93000030517578,69.4259033203125,110300
2021-01-26,73.7699966430664,73.97000122070312,71.8499984741211,72.16999816894531,68.70240783691406,92000
2021-01-27,70.51000213623047,70.56999969482422,68.0999984741211,68.5999984741211,65.30392456054688,97700
2021-01-28,69.3499984741211,69.43000030517578,68.05999755859375,68.4000015258789,65.1135482788086,66100
2021-01-29,68.4800033569336,69.23999786376953,67.48999786376953,67.75,64.49478912353516,82600
2021-02-01,67.86000061035156,68.81999969482422,66.7300033569336,68.55000305175781,65.25635528564453,54000
2021-02-02,69.6500015258789,71.33999633789062,69.52999877929688,71.33000183105469,67.90277099609375,51700
2021-02-03,71.18000030517578,71.95999908447266,70.45999908447266,71.91999816894531,68.46442413330078,62800
2021-02-04,72.08999633789062,72.7300033569336,71.5999984741211,72.02999877929688,68.56915283203125,54300
2021-02-05,72.47000122070312,73.06999969482422,71.1500015258789,73.06999969482422,69.5591812133789,41900
2021-02-08,73.19999694824219,74.66999816894531,73.0999984741211,74.44000244140625,70.86334228515625,47400
2021-02-09,74.37000274658203,75.80999755859375,73.63999938964844,75.08999633789062,71.48210144042969,45600
2021-02-10,75.5,76.31999969482422,75.0,75.29000091552734,71.67250061035156,75600
2021-02-11,75.7699966430664,76.38999938964844,73.36000061035156,74.87000274658203,71.27268981933594,95000
2021-02-12,74.91000366210938,77.19000244140625,74.25,76.1500015258789,72.49118041992188,131400
2021-02-16,76.52999877929688,76.54000091552734,75.5,76.11000061035156,72.45309448242188,37900
2021-02-17,75.48999786376953,76.27999877929688,75.19000244140625,75.58999633789062,71.95808410644531,54800
2021-02-18,75.41999816894531,75.91000366210938,74.1500015258789,74.55000305175781,70.96806335449219,25800
2021-02-19,74.88999938964844,75.70999908447266,74.58999633789062,75.66000366210938,72.02473449707031,83200
2021-02-22,75.5,77.7699966430664,75.5,77.23999786376953,73.52880859375,41900
2021-02-23,77.26000213623047,78.72000122070312,76.02999877929688,77.44999694824219,73.72871398925781,42500
2021-02-24,78.01000213623047,79.73999786376953,77.72000122070312,79.11000061035156,75.3089599609375,78500
2021-02-25,78.8499984741211,79.44999694824219,76.79000091552734,78.58000183105469,74.80442810058594,90100
2021-02-26,79.41000366210938,79.41000366210938,76.02999877929688,76.19999694824219,72.75171661376953,118500
2021-03-01,77.0199966430664,78.7699966430664,76.68000030517578,78.23999786376953,74.69940948486328,55600
2021-03-02,77.56999969482422,77.98999786376953,76.91999816894531,77.4000015258789,73.89740753173828,53800
2021-03-03,77.87999725341797,79.4000015258789,77.86000061035156,77.86000061035156,74.33659362792969,60600
2021-03-04,77.97000122070312,79.13999938964844,75.94000244140625,76.62000274658203,73.15274047851562,74100
2021-03-05,77.5,78.55000305175781,76.56999969482422,78.47000122070312,74.91900634765625,71900
2021-03-08,78.9800033569336,80.55999755859375,78.16999816894531,79.2699966430664,75.68279266357422,78100
2021-03-09,79.73999786376953,79.73999786376953,78.37000274658203,78.48999786376953,74.9380874633789,61700
2021-03-10,78.63999938964844,80.94999694824219,78.63999938964844,80.56999969482422,76.92395782470703,56600
2021-03-11,81.0999984741211,81.6500015258789,80.12000274658203,80.8499984741211,77.1913070678711,61000
2021-03-12,80.86000061035156,82.54000091552734,80.86000061035156,81.83999633789062,78.13648223876953,50900
2021-03-15,81.70999908447266,82.4000015258789,81.0,82.31999969482422,78.59477996826172,44600
2021-03-16,82.31999969482422,82.31999969482422,80.30999755859375,80.98999786376953,77.32498168945312,41100
2021-03-17,81.13999938964844,81.13999938964844,80.0199966430664,80.5,76.85713195800781,40600
2021-03-18,80.30999755859375,81.23999786376953,79.83000183105469,80.31999969482422,76.68528747558594,129800
2021-03-19,80.23999786376953,80.63999938964844,78.80999755859375,80.01000213623047,76.3893051147461,258900
2021-03-22,79.80000305175781,79.80000305175781,78.54000091552734,79.0199966430664,75.44409942626953,63900
2021-03-23,77.9000015258789,78.7300033569336,76.37000274658203,76.69999694824219,73.22908782958984,72200
2021-03-24,77.3499984741211,80.94000244140625,77.3499984741211,78.7300033569336,75.16722869873047,119700
2021-03-25,78.26000213623047,79.79000091552734,76.97000122070312,79.12999725341797,75.54911804199219,53400
2021-03-26,80.0199966430664,81.02999877929688,79.5199966430664,80.9800033569336,77.31542205810547,59800
2021-03-29,80.91000366210938,82.6500015258789,80.63999938964844,80.69000244140625,77.03854370117188,68700
2021-03-30,80.7300033569336,81.83999633789062,80.16000366210938,81.19000244140625,77.51591491699219,63700
2021-03-31,81.44999694824219,83.16000366210938,79.80999755859375,79.88999938964844,76.27473449707031,124100
2021-04-01,80.13999938964844,80.81999969482422,78.52999877929688,80.6500015258789,77.0003433227539,57600
2021-04-05,81.44999694824219,81.62999725341797,80.62000274658203,81.4000015258789,77.7164077758789,72500
2021-04-06,81.47000122070312,82.5,81.30999755859375,81.37999725341797,77.69729614257812,59300
2021-04-07,80.93000030517578,81.25,79.56999969482422,80.01000213623047,76.3893051147461,58700
2021-04-08,80.05000305175781,80.80999755859375,79.6500015258789,80.33000183105469,76.69483184814453,82400
2021-04-09,80.3499984741211,81.47000122070312,79.9800033569336,81.19000244140625,77.51591491699219,46600
2021-04-12,81.54000091552734,81.97000122070312,80.9000015258789,81.80000305175781,78.09830474853516,49400
2021-04-13,82.05999755859375,82.05999755859375,81.05000305175781,81.37000274658203,77.6877670288086,61700
2021-04-14,81.38999938964844,82.2300033569336,81.37000274658203,81.48999786376953,77.80233001708984,21000
2021-04-15,81.87999725341797,82.76000213623047,80.87000274658203,81.16000366210938,77.48727416992188,32800
2021-04-16,81.95999908447266,82.04000091552734,80.0,80.79000091552734,77.13401794433594,38400
2021-04-19,80.75,81.5199966430664,79.37000274658203,80.0199966430664,76.39884948730469,55300
2021-04-20,79.1500015258789,80.37999725341797,78.06999969482422,78.08000183105469,74.5466537475586,85900
2021-04-21,78.08000183105469,79.87999725341797,78.0,79.80000305175781,76.18881225585938,75800
2021-04-22,79.91000366210938,80.61000061035156,79.6500015258789,80.2300033569336,76.59937286376953,53000
2021-04-23,80.8499984741211,81.69999694824219,80.8499984741211,81.12000274658203,77.44908142089844,39900
2021-04-26,81.48999786376953,81.76000213623047,80.18000030517578,80.2300033569336,76.59937286376953,25200
2021-04-27,80.51000213623047,80.51000213623047,78.7300033569336,79.0,75.42501068115234,35800
2021-04-28,79.12000274658203,79.3499984741211,77.95999908447266,78.8499984741211,75.28179168701172,49700
2021-04-29,79.51000213623047,79.68000030517578,78.9800033569336,79.68000030517578,76.0742416381836,35600
2021-04-30,78.86000061035156,79.44999694824219,77.83000183105469,78.91000366210938,75.33908081054688,72800
2021-05-03,78.51000213623047,81.0,78.51000213623047,80.06999969482422,76.44659423828125,141500
2021-05-04,80.94000244140625,83.08999633789062,80.63999938964844,82.37000274658203,78.64250946044922,99100
2021-05-05,83.0999984741211,83.12000274658203,81.95999908447266,82.94000244140625,79.18670654296875,57500
2021-05-06,83.25,85.81999969482422,83.25,85.7300033569336,81.8504638671875,87500
2021-05-07,85.83000183105469,85.83000183105469,84.8499984741211,85.3499984741211,81.48765563964844,51100
2021-05-10,86.12999725341797,87.4000015258789,84.11000061035156,84.1500015258789,80.34196472167969,96600
2021-05-11,83.0999984741211,83.87999725341797,82.48999786376953,83.48999786376953,79.71183013916016,42200
2021-05-12,83.5999984741211,84.5199966430664,81.43000030517578,81.70999908447266,78.01237487792969,69900
2021-05-13,81.5999984741211,85.97000122070312,80.93000030517578,85.5199966430664,81.64995574951172,66200
2021-05-14,86.4000015258789,86.94000244140625,84.08000183105469,84.5,80.67611694335938,87400
2021-05-17,84.5,84.70999908447266,83.48999786376953,84.48999786376953,80.66655731201172,50800
2021-05-18,84.58000183105469,84.58000183105469,82.9000015258789,83.02999877929688,79.27263641357422,36200
2021-05-19,82.41999816894531,82.9000015258789,81.22000122070312,82.69999694824219,78.95758056640625,72500
2021-05-20,82.81999969482422,83.41999816894531,81.86000061035156,83.41999816894531,79.64498901367188,113200
2021-05-21,84.19999694824219,84.7300033569336,83.08000183105469,83.30999755859375,79.53997039794922,67600
2021-05-24,83.7300033569336,84.62000274658203,83.20999908447266,84.18000030517578,80.37059783935547,47300
2021-05-25,84.18000030517578,84.18000030517578,82.45999908447266,82.5199966430664,78.78572082519531,78200
2021-05-26,82.37000274658203,83.58000183105469,81.94999694824219,83.19999694824219,79.43495178222656,57100
2021-05-27,83.55000305175781,83.70999908447266,83.26000213623047,83.3499984741211,79.79874420166016,38500
2021-05-28,83.55999755859375,84.02999877929688,81.94999694824219,82.73999786376953,79.21475219726562,117400
2021-06-01,82.83000183105469,85.18000030517578,82.83000183105469,84.97000122070312,81.34974670410156,105900
2021-06-02,85.2699966430664,85.2699966430664,82.94000244140625,83.72000122070312,80.15299987792969,95900
2021-06-03,83.51000213623047,83.51000213623047,82.0,83.16000366210938,79.6168441772461,43000
2021-06-04,83.7300033569336,84.0999984741211,82.87999725341797,83.75,80.18170928955078,62700
2021-06-07,83.70999908447266,83.87999725341797,82.79000091552734,83.11000061035156,79.5689926147461,29500
2021-06-08,82.95999908447266,83.58000183105469,82.48999786376953,83.45999908447266,79.90406799316406,31000
2021-06-09,83.58999633789062,83.58999633789062,82.37999725341797,82.97000122070312,79.4349594116211,46700
2021-06-10,83.12999725341797,83.12999725341797,82.29000091552734,82.47000122070312,78.95625305175781,41900
2021-06-11,82.23999786376953,82.41999816894531,81.16999816894531,81.7300033569336,78.2477798461914,51700
2021-06-14,81.5,81.5,80.33999633789062,81.04000091552734,77.58718872070312,46600
2021-06-15,81.05000305175781,81.7699966430664,80.62000274658203,81.7699966430664,78.28607940673828,51300
2021-06-16,81.56999969482422,82.44999694824219,80.7300033569336,82.44999694824219,78.93710327148438,80300
2021-06-17,82.2300033569336,82.38999938964844,79.30999755859375,80.55999755859375,77.12762451171875,100100
2021-06-18,79.38999938964844,79.75,77.83000183105469,78.25,74.91604614257812,149400
2021-06-21,79.11000061035156,80.41999816894531,78.58999633789062,80.37999725341797,76.95530700683594,59700
2021-06-22,80.08999633789062,80.08999633789062,78.9000015258789,79.95999908447266,76.55318450927734,43600
2021-06-23,79.66000366210938,80.52999877929688,79.29000091552734,79.5,76.11280059814453,45600
2021-06-24,80.12000274658203,81.2699966430664,79.54000091552734,80.81999969482422,77.37655639648438,51900
2021-06-25,81.16000366210938,81.93000030517578,80.47000122070312,80.6500015258789,77.21379089355469,159300
2021-06-28,80.54000091552734,80.54000091552734,79.18000030517578,79.58000183105469,76.18939971923828,44300
2021-06-29,80.11000061035156,80.27999877929688,79.41999816894531,79.62000274658203,76.2276840209961,28500
2021-06-30,79.27999877929688,80.31999969482422,79.27999877929688,79.8499984741211,76.44788360595703,49700
2021-07-01,80.0,80.16000366210938,79.38999938964844,79.7300033569336,76.3329849243164,89000
2021-07-02,79.91000366210938,79.91000366210938,78.4000015258789,78.44000244140625,75.09796142578125,50700
2021-07-06,78.19999694824219,78.19999694824219,75.6500015258789,77.27999877929688,73.98738861083984,47700
2021-07-07,77.04000091552734,77.94999694824219,76.76000213623047,77.4000015258789,74.10226440429688,67000
2021-07-08,76.08000183105469,76.94999694824219,75.31999969482422,76.0,72.76190948486328,119700
2021-07-09,77.37000274658203,77.5,76.56999969482422,76.72000122070312,73.45123291015625,81900
2021-07-12,76.3499984741211,77.27999877929688,76.0,76.83999633789062,73.56611633300781,51400
2021-07-13,76.23999786376953,76.87000274658203,75.41000366210938,75.61000061035156,72.38853454589844,67300
2021-07-14,75.61000061035156,77.0,75.25,76.63999938964844,73.37464904785156,86300
2021-07-15,75.9000015258789,77.2699966430664,75.9000015258789,76.87999725341797,73.60442352294922,52800
2021-07-16,77.5199966430664,77.6500015258789,76.5199966430664,76.91999816894531,73.64270782470703,68800
2021-07-19,75.41000366210938,76.08999633789062,74.66000366210938,75.62000274658203,72.39812469482422,96100
2021-07-20,75.2699966430664,78.20999908447266,75.2699966430664,77.3499984741211,74.05439758300781,90400
2021-07-21,78.0199966430664,79.12999725341797,78.0,78.19999694824219,74.86817932128906,57900
2021-07-22,78.02999877929688,78.41000366210938,76.77999877929688,77.19999694824219,73.9107894897461,41200
2021-07-23,77.44000244140625,77.66999816894531,77.0199966430664,77.54000091552734,74.23629760742188,27500
2021-07-26,77.45999908447266,78.0199966430664,77.45999908447266,77.86000061035156,74.54265594482422,25800
2021-07-27,77.16000366210938,77.77999877929688,76.8499984741211,77.37999725341797,74.0831298828125,28400
2021-07-28,77.94000244140625,78.44000244140625,76.66999816894531,77.87999725341797,74.56182861328125,45500
2021-07-29,78.5,79.48999786376953,78.45999908447266,79.0,75.63409423828125,29600
2021-07-30,78.54000091552734,79.37999725341797,78.54000091552734,79.12000274658203,75.74898529052734,35600
2021-08-02,78.83999633789062,80.47000122070312,78.45999908447266,78.7300033569336,75.3756103515625,78600
2021-08-03,78.43000030517578,79.93000030517578,76.20999908447266,77.91000366210938,74.59052276611328,93800
2021-08-04,76.44000244140625,77.36000061035156,75.38999938964844,75.5,72.28323364257812,44300
2021-08-05,75.44999694824219,76.9000015258789,74.88999938964844,75.80000305175781,72.57044982910156,42400
2021-08-06,76.08999633789062,76.7699966430664,74.75,74.86000061035156,71.67049407958984,40100
2021-08-09,74.80000305175781,75.45999908447266,73.41999816894531,73.7300033569336,70.58863830566406,48700
2021-08-10,73.81999969482422,75.18000030517578,73.44000244140625,74.9000015258789,71.70877838134766,60200
2021-08-11,74.87999725341797,75.05999755859375,74.33999633789062,74.83999633789062,71.65132141113281,32600
2021-08-12,74.83000183105469,74.83000183105469,73.22000122070312,73.36000061035156,70.2343978881836,42400
2021-08-13,73.0,73.55000305175781,71.69000244140625,73.08999633789062,69.97589874267578,49700
2021-08-16,72.58000183105469,74.38999938964844,72.41000366210938,73.91999816894531,70.77053833007812,52600
2021-08-17,73.04000091552734,73.33000183105469,72.61000061035156,72.87000274658203,69.7652816772461,62300
2021-08-18,72.68000030517578,73.69999694824219,71.6500015258789,71.66000366210938,68.6068344116211,37400
2021-08-19,70.87000274658203,71.48999786376953,70.73999786376953,71.12000274658203,68.0898208618164,53000
2021-08-20,70.88999938964844,72.58999633789062,70.80999755859375,72.12999725341797,69.05680847167969,65900
2021-08-23,72.30999755859375,72.94000244140625,72.20999908447266,72.20999908447266,69.13337707519531,35300
2021-08-24,72.47000122070312,73.0199966430664,72.26000213623047,72.37000274658203,69.28657531738281,35400
2021-08-25,72.22000122070312,73.05999755859375,71.83999633789062,72.30999755859375,69.2291259765625,32600
2021-08-26,72.12999725341797,72.48999786376953,71.93000030517578,72.16000366210938,69.08552551269531,39200
2021-08-27,72.58000183105469,74.33999633789062,72.58000183105469,74.08000183105469,70.92371368408203,65300
2021-08-30,74.04000091552734,74.04000091552734,73.3499984741211,73.58000183105469,70.66443634033203,36100
2021-08-31,73.69000244140625,74.36000061035156,72.8499984741211,73.9800033569336,71.04857635498047,51800
2021-09-01,73.58999633789062,74.9000015258789,73.2699966430664,74.66999816894531,71.71122741699219,48300
2021-09-02,74.5999984741211,76.2300033569336,74.5999984741211,75.88999938964844,72.88288879394531,44700
2021-09-03,75.68000030517578,76.16999816894531,75.18000030517578,76.0,72.98851776123047,49600
2021-09-07,75.52999877929688,76.26000213623047,75.04000091552734,75.13999938964844,72.16259002685547,60400
2021-09-08,75.0,75.58999633789062,74.52999877929688,74.80999755859375,71.8456802368164,65300
2021-09-09,74.45999908447266,75.1500015258789,74.33000183105469,74.33999633789062,71.39429473876953,65200
2021-09-10,74.77999877929688,75.16999816894531,74.19000244140625,74.5999984741211,71.64401245117188,54200
2021-09-13,74.83999633789062,75.0,73.8499984741211,74.58999633789062,71.6343994140625,51100
2021-09-14,75.12000274658203,75.55999755859375,73.55999755859375,73.91000366210938,70.9813461303711,61100
2021-09-15,73.7300033569336,75.23999786376953,73.7300033569336,75.04000091552734,72.06655883789062,56100
2021-09-16,75.33999633789062,75.33999633789062,73.45999908447266,73.48999786376953,70.57799530029297,52600
2021-09-17,72.9000015258789,72.9000015258789,71.48999786376953,71.91000366210938,69.06058502197266,227300
2021-09-20,70.8499984741211,71.80000305175781,70.13999938964844,71.02999877929688,68.21544647216797,57100
2021-09-21,71.2300033569336,71.70999908447266,70.58000183105469,71.33000183105469,68.50357055664062,49000
2021-09-22,71.41000366210938,72.91000366210938,71.41000366210938,72.22000122070312,69.35830688476562,30300
2021-09-23,72.69000244140625,73.83000183105469,72.30999755859375,73.4000015258789,70.49156951904297,47500
2021-09-24,73.23999786376953,73.73999786376953,73.23999786376953,73.36000061035156,70.45313262939453,37300
2021-09-27,73.43000030517578,75.30000305175781,73.43000030517578,74.4000015258789,71.45193481445312,29200
2021-09-28,74.4000015258789,75.41999816894531,72.87000274658203,73.48999786376953,70.57799530029297,53300
2021-09-29,73.58000183105469,74.87999725341797,72.54000091552734,74.62999725341797,71.67280578613281,33400
2021-09-30,75.23999786376953,75.7699966430664,73.93000030517578,73.94999694824219,71.0197525024414,60800
2021-10-01,73.8499984741211,76.51000213623047,73.8499984741211,75.7300033569336,72.7292251586914,67700
2021-10-04,75.8499984741211,77.31999969482422,75.69999694824219,76.87000274658203,73.82405090332031,59500
2021-10-05,76.87000274658203,77.91999816894531,76.2699966430664,77.05999755859375,74.00652313232422,46900
2021-10-06,76.43000030517578,76.76000213623047,75.87999725341797,76.68000030517578,73.6415786743164,36500
2021-10-07,77.29000091552734,78.44999694824219,77.29000091552734,78.11000061035156,75.0149154663086,43900
2021-10-08,78.36000061035156,78.36000061035156,77.33000183105469,77.37999725341797,74.31383514404297,44700
2021-10-11,77.61000061035156,78.08999633789062,76.41999816894531,76.43000030517578,73.4014892578125,25500
2021-10-12,76.66000366210938,76.86000061035156,75.75,76.0,72.98851776123047,38000
2021-10-13,76.2699966430664,76.2699966430664,75.20999908447266,75.9000015258789,72.89249420166016,32600
2021-10-14,76.63999938964844,77.55999755859375,76.55999755859375,77.52999877929688,74.45790100097656,28600
2021-10-15,78.69000244140625,79.12999725341797,77.0999984741211,77.0999984741211,74.0449447631836,59100
2021-10-18,76.93000030517578,77.0,76.05999755859375,76.62000274658203,73.58396911621094,34600
2021-10-19,76.41999816894531,77.31999969482422,76.20999908447266,76.83999633789062,73.79523468017578,30400
2021-10-20,76.80000305175781,77.55999755859375,76.80000305175781,77.3499984741211,74.28501892089844,27200
2021-10-21,77.04000091552734,78.01000213623047,76.69999694824219,77.97000122070312,74.8804702758789,34600
2021-10-22,78.12999725341797,78.4000015258789,77.38999938964844,77.68000030517578,74.6019515991211,19300
2021-10-25,77.98999786376953,78.6500015258789,77.41999816894531,78.31999969482422,75.21661376953125,29300
2021-10-26,78.58999633789062,78.58999633789062,77.58000183105469,77.62999725341797,74.55394744873047,49300
2021-10-27,77.36000061035156,78.41000366210938,76.33999633789062,76.33999633789062,73.31504821777344,30000
2021-10-28,76.9000015258789,78.98999786376953,76.9000015258789,78.86000061035156,75.7352066040039,34900
2021-10-29,79.08000183105469,79.73999786376953,78.62999725341797,79.45999908447266,76.31140899658203,33300
2021-11-01,78.83999633789062,81.81999969482422,78.62000274658203,81.7300033569336,78.4914779663086,66900
2021-11-02,81.98999786376953,83.43000030517578,80.43000030517578,82.1500015258789,78.89484405517578,50000
2021-11-03,81.41000366210938,81.41000366210938,78.2300033569336,80.52999877929688,77.33903503417969,79900
2021-11-04,80.75,81.95999908447266,80.41000366210938,81.77999877929688,78.53948974609375,49600
2021-11-05,82.7699966430664,84.18000030517578,82.73999786376953,83.77999877929688,80.46025848388672,57900
2021-11-08,84.54000091552734,84.91999816894531,82.7699966430664,83.2699966430664,79.970458984375,31900
2021-11-09,83.37999725341797,84.11000061035156,83.2699966430664,83.7300033569336,80.4122314453125,25600
2021-11-10,83.80000305175781,84.52999877929688,83.77999877929688,84.27999877929688,80.94043731689453,31000
2021-11-11,84.2699966430664,84.69999694824219,83.83000183105469,84.16999816894531,80.83478546142578,27200
2021-11-12,84.66000366210938,84.66000366210938,83.83999633789062,84.0999984741211,80.7675552368164,22800
2021-11-15,84.41999816894531,84.41999816894531,83.55999755859375,83.80000305175781,80.47945404052734,37000
2021-11-16,83.54000091552734,84.08000183105469,83.19999694824219,83.55000305175781,80.23936462402344,33300
2021-11-17,83.7300033569336,83.7300033569336,82.23999786376953,82.66000366210938,79.3846435546875,32100
2021-11-18,83.12000274658203,83.31999969482422,81.7699966430664,82.54000091552734,79.26937103271484,40200
2021-11-19,82.0,82.87000274658203,81.83999633789062,82.5,79.23095703125,35300
2021-11-22,82.55999755859375,84.41000366210938,82.55999755859375,83.48999786376953,80.18173217773438,30700
2021-11-23,83.12000274658203,84.77999877929688,82.9000015258789,84.33999633789062,80.99805450439453,42800
2021-11-24,83.87999725341797,84.44000244140625,83.58000183105469,84.23999786376953,80.90201568603516,24900
2021-11-26,82.23999786376953,82.9000015258789,79.88999938964844,80.68000030517578,77.48308563232422,37100
2021-11-29,81.4000015258789,81.4000015258789,79.93000030517578,80.27999877929688,77.33858489990234,33200
2021-11-30,79.5199966430664,80.27999877929688,78.62999725341797,78.66000366210938,75.77793884277344,47400
2021-12-01,79.68000030517578,80.70999908447266,78.26000213623047,78.33999633789062,75.46965789794922,61000
2021-12-02,78.91999816894531,81.05000305175781,78.91999816894531,80.7699966430664,77.81061553955078,32600
2021-12-03,80.55000305175781,81.54000091552734,80.27999877929688,81.33999633789062,78.35974884033203,49400
2021-12-06,82.36000061035156,83.83999633789062,82.36000061035156,83.45999908447266,80.40206146240234,42400
2021-12-07,84.16999816894531,84.54000091552734,83.05999755859375,83.58000183105469,80.51768493652344,34400
2021-12-08,84.16999816894531,84.26000213623047,83.0,83.87999725341797,80.80667877197266,33800
2021-12-09,83.25,84.83000183105469,81.98999786376953,82.11000061035156,79.10153198242188,39100
2021-12-10,82.76000213623047,83.05000305175781,81.6500015258789,82.11000061035156,79.10153198242188,27500
2021-12-13,81.56999969482422,82.1500015258789,81.02999877929688,81.4800033569336,78.49462127685547,34100
2021-12-14,81.44999694824219,81.94000244140625,80.0199966430664,80.19000244140625,77.25189971923828,57200
2021-12-15,80.68000030517578,82.12000274658203,79.52999877929688,81.9000015258789,78.89923095703125,72000
2021-12-16,82.5,82.55999755859375,80.0199966430664,80.23999786376953,77.300048828125,78300
2021-12-17,81.43000030517578,81.95999908447266,79.1500015258789,79.69999694824219,76.77983856201172,197500
2021-12-20,78.80999755859375,78.80999755859375,76.0,77.11000061035156,74.28472900390625,61500
2021-12-21,77.0999984741211,78.55999755859375,77.0999984741211,78.2300033569336,75.36370849609375,51200
2021-12-22,77.98999786376953,79.41999816894531,77.7300033569336,79.27999877929688,76.3752212524414,31800
2021-12-23,79.9000015258789,80.88999938964844,78.33999633789062,80.36000061035156,77.4156494140625,19900
2021-12-27,80.55000305175781,81.62999725341797,79.4800033569336,81.30999755859375,78.33084106445312,34500
2021-12-28,81.37999725341797,82.01000213623047,81.0999984741211,81.55000305175781,78.56205749511719,22400
2021-12-29,81.55000305175781,82.12999725341797,81.33000183105469,81.69999694824219,78.70654296875,24100
2021-12-30,81.77999877929688,82.58999633789062,80.87999725341797,80.88999938964844,77.92623901367188,26900
2021-12-31,80.5199966430664,81.44999694824219,79.9800033569336,81.04000091552734,78.07073211669922,24000
2022-01-03,81.58999633789062,82.8499984741211,80.73999786376953,81.27999877929688,78.30192565917969,76100
2022-01-04,82.01000213623047,83.76000213623047,82.01000213623047,82.80000305175781,79.76624298095703,34900
2022-01-05,83.30000305175781,84.0199966430664,81.43000030517578,81.75,78.75473022460938,36600
2022-01-06,82.0,82.73999786376953,81.37000274658203,82.33000183105469,79.31346893310547,36200
2022-01-07,81.98999786376953,82.58000183105469,81.4800033569336,81.79000091552734,78.79324340820312,33900
2022-01-10,81.05999755859375,81.05999755859375,79.4800033569336,80.7699966430664,77.81061553955078,93900
2022-01-11,80.83000183105469,81.22000122070312,79.72000122070312,80.45999908447266,77.5119857788086,31500
2022-01-12,80.9800033569336,81.26000213623047,80.11000061035156,80.20999908447266,77.27114868164062,42400
2022-01-13,80.79000091552734,82.05999755859375,80.58000183105469,80.75,77.7913589477539,19200
2022-01-14,80.33999633789062,81.19999694824219,80.30999755859375,81.04000091552734,78.07073211669922,26700
2022-01-18,80.47000122070312,80.47000122070312,78.88999938964844,79.2300033569336,76.32705688476562,20600
2022-01-19,79.77999877929688,79.98999786376953,78.08000183105469,78.37999725341797,75.50819396972656,24600
2022-01-20,78.3499984741211,78.97000122070312,76.5,76.66999816894531,73.86084747314453,126300
2022-01-21,76.58000183105469,78.91000366210938,76.1500015258789,77.2699966430664,74.43885803222656,40700
2022-01-24,76.41999816894531,78.98999786376953,75.80999755859375,78.4800033569336,75.60453033447266,53200
2022-01-25,77.41999816894531,77.62999725341797,75.19000244140625,76.94000244140625,74.1209487915039,34500
2022-01-26,77.12999725341797,78.62999725341797,74.29000091552734,75.45999908447266,72.69517517089844,34100
2022-01-27,76.05999755859375,76.80000305175781,74.47000122070312,74.47000122070312,71.741455078125,59400
2022-01-28,74.55000305175781,76.11000061035156,71.9000015258789,76.0,73.21538543701172,127800
2022-01-31,75.33999633789062,77.2300033569336,75.16999816894531,77.16999816894531,74.34252166748047,49000
2022-02-01,77.27999877929688,77.27999877929688,75.87999725341797,77.05999755859375,74.23655700683594,48200
2022-02-02,76.72000122070312,76.77999877929688,75.5999984741211,76.16000366210938,73.36953735351562,39000
2022-02-03,75.3499984741211,76.20999908447266,74.86000061035156,75.0199966430664,72.27130126953125,28200
2022-02-04,74.69999694824219,74.79000091552734,72.79000091552734,73.77999877929688,71.07673645019531,25000
2022-02-07,73.79000091552734,75.62000274658203,73.79000091552734,75.37000274658203,72.60848999023438,55500
2022-02-08,75.08999633789062,76.5199966430664,75.08999633789062,76.3499984741211,73.55257415771484,26000
2022-02-09,77.05000305175781,77.4800033569336,76.63999938964844,77.0,74.17875671386719,31400
2022-02-10,75.44000244140625,75.94000244140625,73.97000122070312,74.52999877929688,71.79924774169922,47600
2022-02-11,74.81999969482422,75.5199966430664,73.66999816894531,75.0999984741211,72.34837341308594,49000
2022-02-14,75.33999633789062,76.25,74.87000274658203,75.9800033569336,73.19613647460938,61400
2022-02-15,76.52999877929688,78.06999969482422,76.52999877929688,77.87999725341797,75.0265121459961,33800
2022-02-16,77.9800033569336,78.87000274658203,77.54000091552734,78.54000091552734,75.66233825683594,37100
2022-02-17,77.91999816894531,78.51000213623047,77.18000030517578,77.88999938964844,75.03614807128906,73300
2022-02-18,77.44000244140625,78.27999877929688,77.36000061035156,78.08000183105469,75.21918487548828,74700
2022-02-22,77.47000122070312,78.58000183105469,77.11000061035156,77.20999908447266,74.38105010986328,45800
2022-02-23,77.56999969482422,77.56999969482422,76.16000366210938,76.33999633789062,73.54293060302734,34000
2022-02-24,75.4000015258789,76.54000091552734,74.58999633789062,76.4800033569336,73.67781829833984,42100
2022-02-25,76.9800033569336,79.3499984741211,76.9800033569336,78.98999786376953,76.0958480834961,45700
2022-02-28,78.62999725341797,79.87000274658203,78.44000244140625,78.77999877929688,75.89353942871094,78600
2022-03-01,78.66000366210938,78.80999755859375,76.83999633789062,77.26000213623047,74.42922973632812,82300
2022-03-02,77.48999786376953,79.6500015258789,77.48999786376953,79.16999816894531,76.516845703125,50400
2022-03-03,79.80000305175781,79.80000305175781,78.0199966430664,78.81999969482422,76.17858123779297,38700
2022-03-04,77.94999694824219,79.38999938964844,77.79000091552734,79.38999938964844,76.7294692993164,49100
2022-03-07,79.04000091552734,79.5,78.37000274658203,79.0199966430664,76.37186431884766,38500
2022-03-08,79.02999877929688,79.4800033569336,77.58999633789062,77.7699966430664,75.16374969482422,30100
2022-03-09,79.12000274658203,79.4800033569336,78.58000183105469,79.44000244140625,76.77779388427734,49600
2022-03-10,78.31999969482422,79.83000183105469,77.87000274658203,79.69999694824219,77.02909088134766,52600
2022-03-11,79.98999786376953,81.38999938964844,79.98999786376953,80.77999877929688,78.07289123535156,86600
2022-03-14,81.19000244140625,83.47000122070312,81.19000244140625,82.26000213623047,79.5032958984375,69900
2022-03-15,83.06999969482422,84.5,82.77999877929688,83.30999755859375,80.5180892944336,94600
2022-03-16,83.91000366210938,84.0,82.16000366210938,82.69000244140625,79.91888427734375,104900
2022-03-17,82.04000091552734,83.88999938964844,82.04000091552734,83.66000366210938,80.85637664794922,56600
2022-03-18,83.76000213623047,85.33000183105469,82.43000030517578,85.25,82.3930892944336,145300
2022-03-21,84.81999969482422,85.0,83.3499984741211,83.7699966430664,80.96269226074219,47000
2022-03-22,84.31999969482422,84.83999633789062,83.1500015258789,83.30000305175781,80.50843811035156,33400
2022-03-23,82.8499984741211,82.8499984741211,80.97000122070312,81.02999877929688,78.31450653076172,30200
2022-03-24,81.33999633789062,81.45999908447266,79.9800033569336,80.06999969482422,77.38668060302734,37500
2022-03-25,80.7699966430664,80.81999969482422,79.87999725341797,80.26000213623047,77.5703125,49700
2022-03-28,79.7300033569336,79.95999908447266,78.87999725341797,79.37999725341797,76.71981048583984,38900
2022-03-29,80.13999938964844,82.05999755859375,80.13999938964844,81.63999938964844,78.90406799316406,56500
2022-03-30,81.18000030517578,81.9800033569336,80.02999877929688,80.19000244140625,77.502685546875,28600
2022-03-31,79.5999984741211,80.5199966430664,78.55999755859375,78.80000305175781,76.15924835205078,41000
2022-04-01,79.08000183105469,79.68000030517578,78.19999694824219,79.2300033569336,76.57483673095703,67300
2022-04-04,79.2300033569336,79.2300033569336,77.68000030517578,78.18000030517578,75.56002044677734,36600
2022-04-05,78.08999633789062,78.25,75.76000213623047,75.7699966430664,73.23078155517578,69100
2022-04-06,75.69999694824219,75.69999694824219,74.13999938964844,74.27999877929688,71.79071807861328,70700
2022-04-07,74.58000183105469,74.63999938964844,73.16000366210938,73.94999694824219,71.47177124023438,72400
2022-04-08,74.06999969482422,74.06999969482422,72.44999694824219,72.54000091552734,70.10901641845703,70600
2022-04-11,72.4800033569336,73.06999969482422,70.8499984741211,71.20999908447266,68.8235855102539,94100
2022-04-12,72.0999984741211,72.79000091552734,71.72000122070312,71.94999694824219,69.53880310058594,76000
2022-04-13,72.19000244140625,72.80999755859375,71.44999694824219,72.31999969482422,69.89640808105469,61100
2022-04-14,72.62999725341797,73.12000274658203,70.83000183105469,71.27999877929688,68.89125061035156,36000
2022-04-18,71.13999938964844,71.79000091552734,70.08999633789062,71.73999786376953,69.33582305908203,51200
2022-04-19,71.55000305175781,73.69000244140625,71.55000305175781,73.5,71.036865234375,67500
2022-04-20,74.05000305175781,75.20999908447266,74.05000305175781,74.75,72.24496459960938,82300
2022-04-21,75.56999969482422,75.56999969482422,74.73999786376953,75.0,72.48658752441406,68700
2022-04-22,74.95999908447266,74.95999908447266,74.01000213623047,74.19999694824219,71.71339416503906,69100
2022-04-25,73.45999908447266,73.80999755859375,71.79000091552734,73.51000213623047,71.0465087890625,93000
2022-04-26,73.08000183105469,73.4000015258789,70.77999877929688,70.81999969482422,68.4466781616211,89700
2022-04-27,70.55000305175781,71.9800033569336,70.11000061035156,70.43000030517578,68.06974029541016,88000
2022-04-28,70.0,70.2300033569336,64.66999816894531,68.87000274658203,66.5620346069336,132200
2022-04-29,68.41999816894531,68.43000030517578,64.55000305175781,64.58000183105469,62.4157829284668,133200
2022-05-02,64.83999633789062,66.5199966430664,62.4900016784668,63.36000061035156,61.23667526245117,97600
2022-05-03,62.810001373291016,63.470001220703125,62.0099983215332,62.400001525878906,60.30885314941406,64700
2022-05-04,62.31999969482422,63.93000030517578,61.790000915527344,63.86000061035156,61.71992111206055,66300
2022-05-05,63.130001068115234,63.130001068115234,60.349998474121094,61.209999084472656,59.15872573852539,62200
2022-05-06,60.86000061035156,61.16999816894531,59.63999938964844,60.5099983215332,58.482177734375,83300
2022-05-09,60.099998474121094,63.9900016784668,60.099998474121094,63.2400016784668,61.12069320678711,100800
2022-05-10,63.5,63.72999954223633,61.290000915527344,61.630001068115234,59.56464767456055,62900
2022-05-11,61.91999816894531,62.790000915527344,60.34000015258789,60.61000061035156,58.578834533691406,55100
2022-05-12,60.779998779296875,61.93000030517578,60.779998779296875,61.56999969482422,59.50665283203125,44800
2022-05-13,62.279998779296875,62.72999954223633,60.689998626708984,62.02000045776367,59.94157791137695,65900
2022-05-16,61.369998931884766,61.47999954223633,60.220001220703125,60.54999923706055,58.52083969116211,55000
2022-05-17,61.439998626708984,62.56999969482422,61.38999938964844,62.06999969482422,59.989906311035156,46000
2022-05-18,61.38999938964844,62.040000915527344,60.290000915527344,60.95000076293945,58.90744400024414,105900
2022-05-19,60.540000915527344,61.2599983215332,60.189998626708984,60.310001373291016,58.288883209228516,67600
2022-05-20,60.93000030517578,60.959999084472656,58.650001525878906,59.900001525878906,57.89262771606445,55300
2022-05-23,60.5099983215332,60.93000030517578,59.90999984741211,60.63999938964844,58.607826232910156,48000
2022-05-24,60.650001525878906,61.849998474121094,59.849998474121094,61.7599983215332,59.69029235839844,59800
2022-05-25,61.27000045776367,62.15999984741211,60.16999816894531,61.130001068115234,59.08140563964844,61700
2022-05-26,61.599998474121094,62.349998474121094,61.119998931884766,61.79999923706055,59.72895050048828,36100
2022-05-27,62.02000045776367,63.34000015258789,62.02000045776367,63.33000183105469,61.45628356933594,48900
2022-05-31,62.68000030517578,62.77000045776367,61.959999084472656,62.2400016784668,60.398536682128906,94700
2022-06-01,62.22999954223633,63.75,61.52000045776367,63.599998474121094,61.71830368041992,76100
2022-06-02,63.720001220703125,64.87000274658203,63.04999923706055,64.38999938964844,62.484928131103516,49000
2022-06-03,64.1500015258789,64.1500015258789,62.650001525878906,62.91999816894531,61.05841064453125,42900
2022-06-06,63.54999923706055,64.12999725341797,62.9900016784668,63.68000030517578,61.795928955078125,45500
2022-06-07,63.22999954223633,63.5,62.29999923706055,63.119998931884766,61.252498626708984,44100
2022-06-08,62.970001220703125,63.47999954223633,62.52000045776367,62.68000030517578,60.82551956176758,57100
2022-06-09,61.7599983215332,62.59000015258789,61.58000183105469,61.70000076293945,59.874507904052734,43900
2022-06-10,61.0,61.0,59.619998931884766,59.650001525878906,57.88516616821289,60600
2022-06-13,58.720001220703125,59.16999816894531,57.150001525878906,57.470001220703125,55.7696647644043,83500
2022-06-14,57.56999969482422,57.56999969482422,56.279998779296875,57.22999954223633,55.536766052246094,45800
2022-06-15,57.880001068115234,58.5099983215332,57.15999984741211,57.810001373291016,56.099605560302734,45600
2022-06-16,57.220001220703125,57.220001220703125,54.900001525878906,55.36000061035156,53.72209167480469,52800
2022-06-17,55.959999084472656,56.689998626708984,55.81999969482422,56.310001373291016,54.643985748291016,90400
2022-06-21,57.040000915527344,58.18000030517578,56.20000076293945,57.54999923706055,55.8472900390625,62500
2022-06-22,56.720001220703125,58.0099983215332,56.5099983215332,57.63999938964844,55.934635162353516,47100
2022-06-23,57.68000030517578,57.83000183105469,57.0099983215332,57.4900016784668,55.78907012939453,44700
2022-06-24,57.709999084472656,59.540000915527344,57.709999084472656,59.540000915527344,57.77842712402344,293400
2022-06-27,60.0099983215332,60.0099983215332,58.02000045776367,58.689998626708984,56.95357131958008,58600
2022-06-28,59.20000076293945,59.5,57.84000015258789,57.88999938964844,56.1772346496582,40500
2022-06-29,58.38999938964844,58.38999938964844,57.15999984741211,58.02000045776367,56.30339050292969,47500
2022-06-30,57.310001373291016,59.25,57.27000045776367,59.25,57.49699783325195,58100
2022-07-01,59.209999084472656,59.599998474121094,58.540000915527344,59.310001373291016,57.55522537231445,41800
2022-07-05,58.84000015258789,59.59000015258789,57.029998779296875,59.36000061035156,57.60374450683594,70200
2022-07-06,59.5,59.560001373291016,57.959999084472656,58.529998779296875,56.79829788208008,32200
2022-07-07,59.040000915527344,60.189998626708984,58.93000030517578,59.54999923706055,57.788124084472656,24300
2022-07-08,59.06999969482422,60.630001068115234,58.58000183105469,59.16999816894531,57.41936492919922,30500
2022-07-11,58.470001220703125,59.18000030517578,58.439998626708984,58.66999816894531,56.93415451049805,25500
2022-07-12,58.59000015258789,60.029998779296875,58.380001068115234,58.68000030517578,56.94386291503906,30100
2022-07-13,57.88999938964844,58.439998626708984,57.54999923706055,58.130001068115234,56.41014099121094,20800
2022-07-14,57.38999938964844,58.369998931884766,56.880001068115234,58.36000061035156,56.633331298828125,26000
2022-07-15,59.220001220703125,59.66999816894531,58.310001373291016,59.29999923706055,57.54551315307617,46700
2022-07-18,59.939998626708984,59.939998626708984,58.47999954223633,58.7599983215332,57.0214958190918,26900
2022-07-19,59.470001220703125,61.349998474121094,59.470001220703125,61.08000183105469,59.27286148071289,47800
2022-07-20,61.279998779296875,62.7599983215332,60.959999084472656,62.47999954223633,60.63143539428711,46200
2022-07-21,62.0099983215332,63.08000183105469,61.77000045776367,63.08000183105469,61.21368408203125,34000
2022-07-22,62.88999938964844,63.66999816894531,61.93000030517578,62.79999923706055,60.94196701049805,31800
2022-07-25,62.84000015258789,63.279998779296875,62.79999923706055,62.93000030517578,61.068119049072266,32000
2022-07-26,63.13999938964844,63.54999923706055,62.650001525878906,63.04999923706055,61.1845703125,27700
2022-07-27,63.43000030517578,65.72000122070312,63.43000030517578,65.23999786376953,63.30978012084961,37700
2022-07-28,65.01000213623047,66.5199966430664,65.01000213623047,66.23999786376953,64.28018188476562,19100
2022-07-29,65.94000244140625,67.4000015258789,65.94000244140625,67.02999877929688,65.04680633544922,29000
2022-08-01,66.5,68.1500015258789,65.98999786376953,67.33000183105469,65.33793640136719,36400
2022-08-02,67.0999984741211,67.55000305175781,65.7699966430664,65.88999938964844,63.9405403137207,35200
2022-08-03,66.30000305175781,66.30000305175781,65.04000091552734,65.72000122070312,63.775569915771484,37000
2022-08-04,66.12999725341797,66.12999725341797,64.2699966430664,65.20999908447266,63.28065872192383,34600
2022-08-05,64.37999725341797,65.63999938964844,64.13999938964844,65.5199966430664,63.58149337768555,28600
2022-08-08,65.77999877929688,66.58000183105469,65.12999725341797,65.5999984741211,63.65912628173828,39100
2022-08-09,66.0,68.0,64.1500015258789,66.83999633789062,64.8624267578125,41100
2022-08-10,68.0,68.27999877929688,66.5,67.87000274658203,65.86197662353516,55200
2022-08-11,68.55999755859375,69.08999633789062,67.7300033569336,68.75,66.71592712402344,35200
2022-08-12,69.1500015258789,70.47000122070312,68.0,70.37000274658203,68.28799438476562,32900
2022-08-15,70.25,71.69000244140625,69.44999694824219,71.51000213623047,69.39427185058594,45400
2022-08-16,70.94000244140625,71.70999908447266,70.37000274658203,70.51000213623047,68.42385864257812,39400
2022-08-17,70.08000183105469,70.4000015258789,69.12999725341797,69.7699966430664,67.70574951171875,34100
2022-08-18,69.58000183105469,71.20999908447266,69.58000183105469,70.55999755859375,68.47237396240234,33800
2022-08-19,70.12000274658203,70.12000274658203,67.93000030517578,68.66999816894531,66.63829040527344,80200
2022-08-22,67.93000030517578,68.0,65.9000015258789,65.91999816894531,63.969661712646484,55000
2022-08-23,65.86000061035156,66.4800033569336,65.62000274658203,65.75,63.804683685302734,45900
2022-08-24,65.51000213623047,65.76000213623047,64.91000366210938,65.05000305175781,63.12540054321289,32800
2022-08-25,65.20999908447266,66.0,64.68000030517578,65.76000213623047,63.81440353393555,31300
2022-08-26,66.02999877929688,66.02999877929688,63.209999084472656,63.209999084472656,61.3398323059082,34800
2022-08-29,63.0,63.369998931884766,62.54999923706055,62.66999816894531,60.81581115722656,31200
2022-08-30,62.45000076293945,62.45000076293945,60.959999084472656,61.04999923706055,59.48101806640625,40400
2022-08-31,61.25,61.25,60.04999923706055,60.349998474121094,58.799007415771484,46100
2022-09-01,60.36000061035156,61.40999984741211,59.279998779296875,61.33000183105469,59.75382995605469,59100
2022-09-02,62.02000045776367,62.02000045776367,59.29999923706055,59.75,58.21443176269531,36900
2022-09-06,60.18000030517578,60.18000030517578,58.2599983215332,58.970001220703125,57.4544792175293,47100
2022-09-07,59.029998779296875,60.61000061035156,59.029998779296875,60.369998931884766,58.81849670410156,29300
2022-09-08,60.040000915527344,60.650001525878906,59.529998779296875,60.459999084472656,58.90618896484375,24500
2022-09-09,60.72999954223633,61.52000045776367,60.16999816894531,61.33000183105469,59.75382995605469,37400
2022-09-12,61.7400016784668,63.38999938964844,61.5,63.31999969482422,61.69268035888672,50800
2022-09-13,61.529998779296875,61.70000076293945,59.7400016784668,59.779998779296875,58.24365997314453,76800
2022-09-14,60.61000061035156,60.7599983215332,59.279998779296875,60.7599983215332,59.19847869873047,67200
2022-09-15,60.939998626708984,62.40999984741211,60.77000045776367,60.9900016784668,59.422569274902344,65600
2022-09-16,60.400001525878906,60.400001525878906,59.029998779296875,60.15999984741211,58.613895416259766,176800
2022-09-19,60.029998779296875,62.56999969482422,60.029998779296875,62.29999923706055,60.69889450073242,71500
2022-09-20,62.0,62.0,60.13999938964844,60.900001525878906,59.33488464355469,53400
2022-09-21,61.54999923706055,62.04999923706055,60.25,60.33000183105469,58.77952575683594,34900
2022-09-22,59.869998931884766,59.869998931884766,58.560001373291016,58.95000076293945,57.43498992919922,47100
2022-09-23,58.70000076293945,58.95000076293945,57.540000915527344,58.459999084472656,56.957584381103516,47400
2022-09-26,58.27000045776367,59.15999984741211,57.84000015258789,58.150001525878906,56.65555191040039,48800
2022-09-27,58.61000061035156,58.77000045776367,56.810001373291016,57.040000915527344,55.57408142089844,46900
2022-09-28,56.90999984741211,59.130001068115234,56.709999084472656,58.66999816894531,57.16218948364258,65600
2022-09-29,57.66999816894531,57.66999816894531,56.63999938964844,57.119998931884766,55.65202331542969,56400
2022-09-30,57.38999938964844,58.36000061035156,56.5099983215332,56.560001373291016,55.10641860961914,74700
2022-10-03,57.38999938964844,58.84000015258789,57.150001525878906,58.349998474121094,56.85041427612305,50200
2022-10-04,59.09000015258789,60.65999984741211,59.09000015258789,60.15999984741211,58.613895416259766,43100
2022-10-05,59.09000015258789,59.709999084472656,58.400001525878906,59.2400016784668,57.71753692626953,36800
2022-10-06,58.91999816894531,59.34000015258789,58.529998779296875,58.869998931884766,57.35704803466797,34500
2022-10-07,58.060001373291016,58.060001373291016,56.5,56.68000030517578,55.22332763671875,49600
2022-10-10,57.11000061035156,57.959999084472656,57.029998779296875,57.27000045776367,55.79817199707031,47000
2022-10-11,56.97999954223633,58.65999984741211,56.79999923706055,57.88999938964844,56.4022331237793,57300
2022-10-12,58.130001068115234,58.130001068115234,57.18000030517578,57.2599983215332,55.788421630859375,58700
2022-10-13,56.279998779296875,57.97999954223633,56.040000915527344,57.369998931884766,55.895599365234375,175400
2022-10-14,58.540000915527344,58.81999969482422,56.900001525878906,57.290000915527344,55.81766128540039,94400
2022-10-17,58.209999084472656,59.0,57.619998931884766,58.52000045776367,57.01604461669922,116400
2022-10-18,59.68000030517578,60.2400016784668,58.880001068115234,59.349998474121094,57.824710845947266,97100
2022-10-19,58.91999816894531,59.72999954223633,58.13999938964844,58.880001068115234,57.366798400878906,74100
2022-10-20,58.880001068115234,59.11000061035156,57.209999084472656,57.5,56.02225875854492,65800
2022-10-21,57.939998626708984,59.290000915527344,57.439998626708984,58.779998779296875,57.26936340332031,71300
2022-10-24,59.4900016784668,59.9900016784668,59.11000061035156,59.439998626708984,57.91239929199219,64900
2022-10-25,59.61000061035156,60.91999816894531,59.47999954223633,60.029998779296875,58.48723220825195,185000
2022-10-26,60.689998626708984,61.27000045776367,59.34000015258789,59.720001220703125,58.185203552246094,213300
2022-10-27,59.65999984741211,61.459999084472656,58.18000030517578,58.27000045776367,56.7724723815918,142300
2022-10-28,59.310001373291016,60.20000076293945,58.56999969482422,59.45000076293945,57.92213821411133,219500
2022-10-31,58.650001525878906,59.599998474121094,58.08000183105469,58.25,56.75298309326172,104300
2022-11-01,58.77000045776367,58.77000045776367,57.650001525878906,58.619998931884766,57.11347579956055,177800
2022-11-02,58.27000045776367,61.59000015258789,57.77000045776367,59.4900016784668,57.961116790771484,125600
2022-11-03,58.70000076293945,60.29999923706055,57.38999938964844,59.95000076293945,58.4092903137207,72400
2022-11-04,60.72999954223633,61.369998931884766,59.970001220703125,61.119998931884766,59.54922103881836,38600
2022-11-07,61.2599983215332,62.68000030517578,61.060001373291016,62.189998626708984,60.59172439575195,51300
2022-11-08,62.4900016784668,63.869998931884766,62.09000015258789,63.52000045776367,61.88754653930664,81100
2022-11-09,63.25,64.05000305175781,62.720001220703125,63.779998779296875,62.140865325927734,100500
2022-11-10,65.7300033569336,67.3499984741211,65.5,66.29000091552734,64.58636474609375,85200
2022-11-11,66.70999908447266,67.30000305175781,65.9800033569336,66.16999816894531,64.46943664550781,54300
2022-11-14,65.5999984741211,66.33000183105469,65.29000091552734,65.33999633789062,63.660762786865234,34100
2022-11-15,66.06999969482422,66.56999969482422,65.4800033569336,65.55000305175781,63.86537551879883,55000
2022-11-16,65.54000091552734,65.66000366210938,63.709999084472656,64.05000305175781,62.40392303466797,82800
2022-11-17,63.2599983215332,63.72999954223633,62.36000061035156,63.59000015258789,61.95574951171875,41700
2022-11-18,64.70999908447266,65.26000213623047,62.88999938964844,63.93000030517578,62.287010192871094,63200
2022-11-21,63.72999954223633,63.72999954223633,62.9900016784668,63.20000076293945,61.575767517089844,47200
2022-11-22,63.529998779296875,63.66999816894531,62.5,62.529998779296875,60.92299270629883,43200
2022-11-23,62.88999938964844,63.150001525878906,62.119998931884766,62.849998474121094,61.234764099121094,50800
2022-11-25,63.189998626708984,63.5099983215332,63.189998626708984,63.22999954223633,61.60499954223633,14600
2022-11-28,62.7400016784668,62.79999923706055,62.099998474121094,62.459999084472656,60.85478591918945,41200
2022-11-29,62.2400016784668,62.72999954223633,62.06999969482422,62.220001220703125,60.879249572753906,30300
2022-11-30,62.06999969482422,63.54999923706055,61.0,63.529998779296875,62.1610221862793,88200
2022-12-01,64.05999755859375,64.12999725341797,63.2400016784668,63.93000030517578,62.55240249633789,54700
2022-12-02,63.279998779296875,64.6500015258789,63.279998779296875,64.3499984741211,62.963348388671875,37100
2022-12-05,63.939998626708984,64.33000183105469,63.38999938964844,64.05000305175781,62.66981506347656,44200
2022-12-06,64.0,64.25,63.70000076293945,64.08000183105469,62.69916534423828,49900
2022-12-07,64.3499984741211,64.76000213623047,62.849998474121094,62.93000030517578,61.573951721191406,61400
2022-12-08,63.18000030517578,63.41999816894531,62.689998626708984,63.0,61.64243698120117,33500
2022-12-09,62.540000915527344,63.02000045776367,62.150001525878906,62.29999923706055,60.95751953125,38200
2022-12-12,61.650001525878906,62.43000030517578,61.2400016784668,62.380001068115234,61.035804748535156,44200
2022-12-13,64.16000366210938,64.72000122070312,62.52000045776367,63.02000045776367,61.66201400756836,74900
2022-12-14,62.90999984741211,63.45000076293945,61.90999984741211,62.209999084472656,60.86946487426758,56400
2022-12-15,61.630001068115234,61.7400016784668,59.95000076293945,60.2599983215332,58.961483001708984,116900
2022-12-16,60.0,60.41999816894531,59.70000076293945,60.0,58.707088470458984,459400
2022-12-19,59.939998626708984,60.66999816894531,59.400001525878906,59.939998626708984,58.648380279541016,105400
2022-12-20,59.939998626708984,60.560001373291016,59.790000915527344,60.290000915527344,58.990840911865234,53500
2022-12-21,60.63999938964844,61.459999084472656,60.439998626708984,60.70000076293945,59.39200210571289,66200
2022-12-22,60.52000045776367,60.52000045776367,58.59000015258789,59.84000015258789,58.550533294677734,78200
2022-12-23,59.68000030517578,60.529998779296875,59.54999923706055,60.02000045776367,58.726654052734375,29600
2022-12-27,60.459999084472656,61.31999969482422,60.0,61.209999084472656,59.89101028442383,71100
2022-12-28,61.400001525878906,61.400001525878906,60.0,60.029998779296875,58.73643493652344,56100
2022-12-29,60.459999084472656,62.08000183105469,60.459999084472656,62.029998779296875,60.693336486816406,60200
2022-12-30,61.77000045776367,62.04999923706055,61.13999938964844,61.56999969482422,60.243255615234375,36600
2023-01-03,62.20000076293945,62.439998626708984,61.650001525878906,62.130001068115234,60.79118347167969,53600
2023-01-04,62.70000076293945,63.27000045776367,62.279998779296875,63.06999969482422,61.71092987060547,85100
2023-01-05,63.06999969482422,63.790000915527344,62.650001525878906,63.11000061035156,61.75007247924805,66700
2023-01-06,63.880001068115234,65.66000366210938,63.880001068115234,65.3499984741211,63.941795349121094,79800
2023-01-09,65.55999755859375,66.16000366210938,64.9000015258789,65.13999938964844,63.736331939697266,57700
2023-01-10,64.8499984741211,65.30999755859375,64.48999786376953,65.22000122070312,63.81459045410156,57500
2023-01-11,65.18000030517578,66.1500015258789,64.91999816894531,66.12000274658203,64.69520568847656,69900
2023-01-12,66.27999877929688,67.72000122070312,66.25,67.62999725341797,66.17266845703125,54300
2023-01-13,67.11000061035156,68.23999786376953,67.11000061035156,67.51000213623047,66.05525970458984,78600
2023-01-17,67.80999755859375,68.48999786376953,67.7699966430664,68.11000061035156,66.642333984375,36300
2023-01-18,68.27999877929688,68.58999633789062,66.8499984741211,66.91999816894531,65.47796630859375,30600
2023-01-19,66.61000061035156,67.27999877929688,65.93000030517578,66.58999633789062,65.15507507324219,40800
2023-01-20,67.05999755859375,68.1500015258789,66.66000366210938,67.45999908447266,66.00634002685547,56500
2023-01-23,67.29000091552734,68.56999969482422,67.29000091552734,67.81999969482422,66.35858917236328,39700
2023-01-24,67.1500015258789,67.95999908447266,66.83999633789062,67.55999755859375,66.10417175292969,25300
2023-01-25,67.19000244140625,68.20999908447266,66.86000061035156,67.97000122070312,66.5053482055664,24500
2023-01-26,68.27999877929688,68.27999877929688,66.75,67.11000061035156,65.66388702392578,48900
2023-01-27,66.87000274658203,68.18000030517578,66.87000274658203,67.4000015258789,65.9476318359375,30000
2023-01-30,67.26000213623047,67.87000274658203,67.08999633789062,67.19999694824219,65.7519302368164,30600
2023-01-31,67.5,70.23999786376953,67.5,70.12999725341797,68.61881256103516,78500
2023-02-01,70.04000091552734,71.91999816894531,69.47000122070312,70.58999633789062,69.06888580322266,59800
2023-02-02,71.04000091552734,71.97000122070312,70.86000061035156,71.18000030517578,69.64617156982422,56600
2023-02-03,71.0,72.01000213623047,70.62000274658203,70.66000366210938,69.13739776611328,81500
2023-02-06,70.3499984741211,70.66000366210938,69.75,70.2699966430664,68.75577545166016,50900
2023-02-07,69.87000274658203,70.43000030517578,68.9800033569336,69.87999725341797,68.37417602539062,56900
2023-02-08,69.33999633789062,69.77999877929688,68.19000244140625,68.25,66.77931213378906,65700
2023-02-09,68.58000183105469,68.79000091552734,66.41000366210938,66.55000305175781,65.1159439086914,83700
2023-02-10,66.2699966430664,67.72000122070312,66.05000305175781,66.7699966430664,65.33120727539062,127700
2023-02-13,67.11000061035156,68.55000305175781,66.5,68.16000366210938,66.69125366210938,43300
2023-02-14,67.68000030517578,68.5,67.1500015258789,67.94999694824219,66.48576354980469,48100
2023-02-15,67.73999786376953,68.97000122070312,67.5,68.58000183105469,67.10220336914062,44100
2023-02-16,68.05999755859375,69.30999755859375,67.55000305175781,68.80999755859375,67.3272476196289,46400
2023-02-17,69.19000244140625,70.33000183105469,68.98999786376953,69.83000183105469,68.32526397705078,54600
2023-02-21,69.12000274658203,69.55999755859375,67.56999969482422,68.01000213623047,66.54448699951172,205000
2023-02-22,68.43000030517578,69.91000366210938,68.05000305175781,68.45999908447266,66.98478698730469,185300
2023-02-23,69.5,73.41000366210938,68.86000061035156,73.0,71.42694854736328,191400
2023-02-24,71.41000366210938,72.83999633789062,70.58999633789062,71.80000305175781,70.25281524658203,91200
2023-02-27,72.44999694824219,74.18000030517578,72.44999694824219,72.87999725341797,71.30953216552734,153300
2023-02-28,71.83999633789062,72.69999694824219,70.23999786376953,70.81999969482422,69.29393005371094,76500
2023-03-01,70.80000305175781,71.80000305175781,70.38999938964844,71.5199966430664,69.97883605957031,95700
2023-03-02,70.86000061035156,72.16999816894531,70.7300033569336,72.0,70.71050262451172,95500
2023-03-03,72.33999633789062,72.44000244140625,71.52999877929688,72.23999786376953,70.94621276855469,128600
2023-03-06,72.11000061035156,72.13999938964844,70.61000061035156,71.2699966430664,69.99357604980469,165600
2023-03-07,71.16000366210938,71.72000122070312,70.33000183105469,70.5999984741211,69.3355712890625,70500
2023-03-08,70.87999725341797,70.9000015258789,69.41000366210938,70.3499984741211,69.09005737304688,69200
2023-03-09,70.43000030517578,70.70999908447266,69.44999694824219,69.55000305175781,68.30438995361328,61500
2023-03-10,69.12000274658203,69.12000274658203,66.91000366210938,67.5199966430664,66.31072998046875,80500
2023-03-13,66.44000244140625,66.8499984741211,64.58000183105469,65.0,63.83586883544922,101200
2023-03-14,66.6500015258789,67.29000091552734,65.5999984741211,66.72000122070312,65.52506256103516,59500
2023-03-15,65.08000183105469,65.20999908447266,63.900001525878906,64.70999908447266,63.55107116699219,81800
2023-03-16,63.86000061035156,66.45999908447266,63.470001220703125,65.87999725341797,64.70010375976562,77800
2023-03-17,65.52999877929688,65.52999877929688,64.08000183105469,64.87000274658203,63.70820236206055,308100
2023-03-20,65.4800033569336,66.72000122070312,65.08000183105469,65.31999969482422,64.15013122558594,76800
2023-03-21,66.33999633789062,67.44999694824219,65.80999755859375,66.0999984741211,64.9161605834961,83200
2023-03-22,66.26000213623047,66.37000274658203,64.48999786376953,64.52999877929688,63.37428665161133,58900
2023-03-23,64.58000183105469,65.58000183105469,63.65999984741211,64.30000305175781,63.148414611816406,62900
2023-03-24,63.619998931884766,64.83999633789062,63.29999923706055,64.66000366210938,63.50196075439453,62200
2023-03-27,65.54000091552734,65.61000061035156,64.87999725341797,65.16999816894531,64.00282287597656,51900
2023-03-28,64.8499984741211,66.26000213623047,64.8499984741211,66.19999694824219,65.0143814086914,56400
2023-03-29,66.66000366210938,66.91999816894531,65.95999908447266,66.81999969482422,65.62327575683594,78000
2023-03-30,67.13999938964844,67.44999694824219,66.43000030517578,66.9800033569336,65.7804183959961,65100
2023-03-31,67.52999877929688,68.61000061035156,67.26000213623047,68.52999877929688,67.30265045166016,89000
2023-04-03,68.37999725341797,69.55999755859375,68.37999725341797,69.0999984741211,67.86243438720703,93200
2023-04-04,69.4000015258789,69.4000015258789,65.63999938964844,66.30999755859375,65.12240600585938,53000
2023-04-05,65.7699966430664,66.23999786376953,65.43000030517578,65.63999938964844,64.46441650390625,47500
2023-04-06,65.6500015258789,65.88999938964844,65.13999938964844,65.5199966430664,64.3465576171875,32000
2023-04-10,65.72000122070312,66.73999786376953,65.72000122070312,66.37000274658203,65.18133544921875,52200
2023-04-11,66.88999938964844,67.86000061035156,66.62999725341797,66.63999938964844,65.44649505615234,83900
2023-04-12,67.12000274658203,67.48999786376953,66.44999694824219,67.22000122070312,66.01610565185547,27900
2023-04-13,67.30999755859375,67.44000244140625,66.5199966430664,67.12999725341797,65.92771911621094,32600
2023-04-14,67.16000366210938,68.08000183105469,66.44999694824219,66.72000122070312,65.52506256103516,53000
2023-04-17,66.72000122070312,67.52999877929688,66.72000122070312,67.45999908447266,66.25181579589844,33700
2023-04-18,67.80999755859375,67.88999938964844,66.62000274658203,67.18000030517578,65.9768295288086,35500
2023-04-19,66.66000366210938,67.45999908447266,66.5199966430664,67.18000030517578,65.9768295288086,50600
2023-04-20,67.0,67.69000244140625,66.77999877929688,67.5199966430664,66.31072998046875,52700
2023-04-21,67.87000274658203,67.87000274658203,66.80000305175781,67.43000030517578,66.22235107421875,42300
2023-04-24,67.5,68.18000030517578,67.45999908447266,67.81999969482422,66.60536193847656,41900
2023-04-25,67.4000015258789,67.9000015258789,66.76000213623047,66.94999694824219,65.75094604492188,79000
2023-04-26,66.30000305175781,66.44999694824219,64.87999725341797,64.98999786376953,63.8260383605957,115000
2023-04-27,65.44000244140625,66.88999938964844,65.41999816894531,66.58999633789062,65.39739227294922,131400
2023-04-28,70.51000213623047,76.44999694824219,70.0,76.41999816894531,75.05134582519531,246100
2023-05-01,76.81999969482422,80.5199966430664,76.7300033569336,80.12999725341797,78.69489288330078,181100
2023-05-02,80.11000061035156,80.33000183105469,78.0199966430664,79.44999694824219,78.02706146240234,214300
2023-05-03,79.45999908447266,80.5199966430664,78.62999725341797,78.62999725341797,77.22176361083984,134600
2023-05-04,78.5,78.5,76.04000091552734,77.1500015258789,75.76827239990234,102900
2023-05-05,78.30000305175781,78.87000274658203,77.95999908447266,78.30999755859375,76.90748596191406,70900
2023-05-08,78.58000183105469,78.5999984741211,77.66000366210938,78.27999877929688,76.8780288696289,73100
2023-05-09,78.19999694824219,78.48999786376953,77.56999969482422,77.8499984741211,76.45572662353516,79300
2023-05-10,78.47000122070312,78.54000091552734,77.05999755859375,77.86000061035156,76.46556091308594,73800
2023-05-11,77.0999984741211,77.87000274658203,76.69000244140625,77.70999908447266,76.31824493408203,84700
2023-05-12,77.98999786376953,78.29000091552734,77.0199966430664,77.9000015258789,76.50483703613281,132600
2023-05-15,77.98999786376953,78.61000061035156,77.5199966430664,78.23999786376953,76.83875274658203,95500
2023-05-16,77.61000061035156,77.61000061035156,76.81999969482422,77.19000244140625,75.80755615234375,57000
2023-05-17,77.5999984741211,78.16000366210938,77.12000274658203,77.9800033569336,76.58341217041016,71800
2023-05-18,77.5999984741211,78.37999725341797,77.5999984741211,78.19000244140625,76.78964233398438,84200
2023-05-19,79.05000305175781,79.88999938964844,77.41000366210938,77.7699966430664,76.37716674804688,145300
2023-05-22,78.18000030517578,78.66000366210938,77.66999816894531,78.44000244140625,77.03517150878906,48900
2023-05-23,78.06999969482422,78.66999816894531,77.37999725341797,77.48999786376953,76.10218048095703,119600
2023-05-24,77.36000061035156,77.36000061035156,75.70999908447266,75.91000366210938,74.55049133300781,53600
2023-05-25,75.58999633789062,76.26000213623047,75.37999725341797,75.77999877929688,74.42279815673828,56000
2023-05-26,75.54000091552734,75.98999786376953,75.11000061035156,75.23999786376953,73.89248657226562,82700
2023-05-30,74.97000122070312,75.0,73.87000274658203,74.01000213623047,72.94141387939453,78900
2023-05-31,74.08000183105469,74.08000183105469,72.69000244140625,73.0999984741211,72.04454803466797,146800
2023-06-01,73.55000305175781,74.25,72.5999984741211,74.19000244140625,73.11881256103516,109700
2023-06-02,75.19000244140625,77.3499984741211,74.87999725341797,77.3499984741211,76.23318481445312,160900
2023-06-05,76.75,76.9800033569336,74.69000244140625,75.20999908447266,74.12407684326172,79000
2023-06-06,75.22000122070312,78.22000122070312,75.22000122070312,78.04000091552734,76.91321563720703,97300
2023-06-07,78.51000213623047,81.19000244140625,78.45999908447266,81.0199966430664,79.85018920898438,85700
2023-06-08,80.72000122070312,81.04000091552734,79.33000183105469,80.86000061035156,79.69251251220703,70800
2023-06-09,80.58000183105469,80.58000183105469,79.1500015258789,79.91999816894531,78.76607513427734,53400
2023-06-12,80.18000030517578,80.69000244140625,79.58000183105469,80.37999725341797,79.21942901611328,60000
2023-06-13,80.33999633789062,81.69000244140625,80.33999633789062,81.55000305175781,80.37254333496094,84700
2023-06-14,81.7699966430664,81.7699966430664,79.91000366210938,80.7699966430664,79.60379028320312,81500
2023-06-15,80.70999908447266,81.33000183105469,80.05000305175781,81.33000183105469,80.15572357177734,82500
2023-06-16,82.06999969482422,82.06999969482422,80.12000274658203,81.13999938964844,79.96845245361328,259900
2023-06-20,80.88999938964844,81.37000274658203,80.23999786376953,80.81999969482422,79.653076171875,52900
2023-06-21,80.45999908447266,81.73999786376953,80.45999908447266,81.62000274658203,80.44154357910156,51000
2023-06-22,81.61000061035156,81.61000061035156,79.66999816894531,79.75,78.59852600097656,76200
2023-06-23,79.0,79.9000015258789,78.45999908447266,79.37000274658203,78.2240219116211,226000
2023-06-26,79.11000061035156,80.63999938964844,79.11000061035156,79.77999877929688,78.62809753417969,64900
2023-06-27,79.79000091552734,80.52999877929688,79.77999877929688,80.12999725341797,78.9730453491211,35200
2023-06-28,80.18000030517578,80.18000030517578,79.55999755859375,79.87999725341797,78.72665405273438,50000
2023-06-29,79.93000030517578,81.61000061035156,79.93000030517578,81.5999984741211,80.42181396484375,72500
2023-06-30,82.0,82.0,81.0199966430664,81.11000061035156,79.93890380859375,49500
2023-07-03,80.58999633789062,81.62999725341797,79.12000274658203,81.33999633789062,80.16557312011719,84900
2023-07-05,80.45999908447266,81.41999816894531,78.79000091552734,78.88999938964844,77.7509536743164,73800
2023-07-06,78.3499984741211,78.48999786376953,77.06999969482422,77.26000213623047,76.14448547363281,69700
2023-07-07,77.08999633789062,78.44000244140625,77.08999633789062,77.5999984741211,76.47957611083984,51400
2023-07-10,77.31999969482422,78.9000015258789,77.31999969482422,77.6500015258789,76.52885437011719,67400
2023-07-11,77.94000244140625,78.0,77.08999633789062,77.94999694824219,76.82451629638672,198100
2023-07-12,78.98999786376953,79.91999816894531,78.44000244140625,78.86000061035156,77.72137451171875,255800
2023-07-13,79.04000091552734,79.66999816894531,78.79000091552734,79.66999816894531,78.5196762084961,116000
2023-07-14,79.45999908447266,79.70999908447266,78.25,79.43000030517578,78.28315734863281,106700
2023-07-17,79.29000091552734,80.56999969482422,79.26000213623047,79.7699966430664,78.61824035644531,75900
2023-07-18,79.88999938964844,80.88999938964844,79.88999938964844,80.79000091552734,79.62351989746094,49300
2023-07-19,80.52999877929688,81.33000183105469,79.80000305175781,80.75,79.58409118652344,44000
2023-07-20,81.3499984741211,81.3499984741211,80.20999908447266,80.8499984741211,79.68264770507812,37900
2023-07-21,81.08999633789062,81.08999633789062,79.2699966430664,79.48999786376953,78.34228515625,49300
2023-07-24,79.56999969482422,79.91000366210938,78.93000030517578,79.81999969482422,78.66752624511719,39000
2023-07-25,79.2300033569336,80.29000091552734,77.70999908447266,80.05999755859375,78.904052734375,31200
2023-07-26,79.77999877929688,80.37999725341797,79.36000061035156,79.63999938964844,78.49011993408203,31600
2023-07-27,79.72000122070312,79.72000122070312,78.0199966430664,78.68000030517578,77.54398345947266,68200
2023-07-28,79.12999725341797,80.5999984741211,79.12999725341797,79.75,78.59852600097656,45800
2023-07-31,79.56999969482422,80.33999633789062,79.56999969482422,80.23999786376953,79.08145904541016,42900
2023-08-01,79.80999755859375,80.66999816894531,79.43000030517578,80.2699966430664,79.11101531982422,104800
2023-08-02,79.66999816894531,80.86000061035156,79.66999816894531,80.16999816894531,79.01245880126953,38400
2023-08-03,79.76000213623047,81.47000122070312,79.58000183105469,81.2300033569336,80.05716705322266,96100
2023-08-04,85.0,86.80000305175781,82.86000061035156,83.70999908447266,82.50135040283203,113000
2023-08-07,83.62000274658203,87.52999877929688,83.58000183105469,86.95999908447266,85.70442962646484,121600
2023-08-08,86.58999633789062,86.83999633789062,85.1500015258789,86.81999969482422,85.56645965576172,78500
2023-08-09,85.83000183105469,86.41000366210938,84.97000122070312,86.36000061035156,85.11309814453125,95200
2023-08-10,85.79000091552734,86.80999755859375,84.93000030517578,85.44999694824219,84.21622467041016,75900
2023-08-11,85.12999725341797,86.02999877929688,84.73999786376953,84.94999694824219,83.72344207763672,61700
2023-08-14,84.47000122070312,84.47000122070312,83.45999908447266,83.7300033569336,82.52108001708984,78300
2023-08-15,83.41999816894531,83.41999816894531,82.08000183105469,82.93000030517578,81.73262023925781,64400
2023-08-16,82.97000122070312,83.55000305175781,81.5999984741211,81.8499984741211,80.66819763183594,47800
2023-08-17,81.61000061035156,82.19999694824219,80.29000091552734,80.41999816894531,79.25885772705078,47900
2023-08-18,79.98999786376953,80.87000274658203,79.9800033569336,80.30000305175781,79.14058685302734,124800
2023-08-21,80.2699966430664,80.7699966430664,79.81999969482422,80.0999984741211,78.94347381591797,50600
2023-08-22,80.41999816894531,80.83999633789062,79.44999694824219,79.95999908447266,78.80549621582031,45300
2023-08-23,80.11000061035156,81.69999694824219,80.11000061035156,81.4800033569336,80.30355072021484,243000
2023-08-24,81.7699966430664,83.05000305175781,81.51000213623047,81.63999938964844,80.46123504638672,103800
2023-08-25,82.37999725341797,82.95999908447266,82.0,82.01000213623047,80.82589721679688,100800
2023-08-28,82.5,83.30999755859375,81.97000122070312,82.08999633789062,80.90474700927734,69400
2023-08-29,82.08000183105469,82.54000091552734,81.69999694824219,82.3499984741211,81.16099548339844,112800
2023-08-30,82.08999633789062,83.73999786376953,81.69000244140625,83.23999786376953,82.30299377441406,100900
2023-08-31,83.38999938964844,84.12000274658203,82.19999694824219,82.43000030517578,81.50211334228516,169600
2023-09-01,83.1500015258789,83.75,83.01000213623047,83.44000244140625,82.50074005126953,112900
2023-09-05,82.68000030517578,83.05999755859375,77.80000305175781,78.37000274658203,77.4878158569336,143200
2023-09-06,78.81999969482422,79.37000274658203,77.73999786376953,78.06999969482422,77.19119262695312,302400
2023-09-07,77.79000091552734,79.58999633789062,77.29000091552734,79.29000091552734,78.39745330810547,160200
2023-09-08,79.20999908447266,79.76000213623047,78.25,78.26000213623047,77.3790512084961,157500
2023-09-11,78.4800033569336,79.0999984741211,78.0999984741211,78.69999694824219,77.81409454345703,84400
2023-09-12,78.48999786376953,78.94000244140625,77.52999877929688,77.80000305175781,76.92423248291016,51400
2023-09-13,77.94999694824219,77.95999908447266,76.5999984741211,76.68000030517578,75.81683349609375,57100
2023-09-14,77.33000183105469,77.80999755859375,76.26000213623047,77.48999786376953,76.61771392822266,131600
2023-09-15,77.23999786376953,77.77999877929688,75.9000015258789,76.73999786376953,75.87615966796875,265800
2023-09-18,76.79000091552734,77.6500015258789,76.58999633789062,76.72000122070312,75.85638427734375,47900
2023-09-19,76.36000061035156,77.13999938964844,76.36000061035156,76.70999908447266,75.84649658203125,59800
2023-09-20,77.16999816894531,77.9800033569336,75.94999694824219,75.95999908447266,75.10494232177734,57700
2023-09-21,75.66999816894531,75.69000244140625,74.37000274658203,74.37000274658203,73.5328369140625,56600
2023-09-22,74.2300033569336,74.79000091552734,74.0,74.41999816894531,73.582275390625,62700
2023-09-25,74.0999984741211,75.26000213623047,74.0999984741211,74.69999694824219,73.85911560058594,37200
2023-09-26,74.30999755859375,74.66999816894531,73.56999969482422,73.72000122070312,72.8901596069336,60000
2023-09-27,74.12000274658203,74.63999938964844,73.7300033569336,74.19000244140625,73.35487365722656,56400
2023-09-28,74.37999725341797,76.11000061035156,74.37999725341797,75.83000183105469,74.97640991210938,105600
2023-09-29,76.0199966430664,76.0199966430664,73.91000366210938,74.1500015258789,73.31531524658203,61000
2023-10-02,73.66999816894531,74.69000244140625,73.66999816894531,74.63999938964844,73.7998046875,79500
2023-10-03,73.94000244140625,75.02999877929688,73.94000244140625,74.41000366210938,73.5723876953125,65000
2023-10-04,74.5199966430664,75.79000091552734,74.08000183105469,75.68000030517578,74.82808685302734,70000
2023-10-05,75.7300033569336,76.91999816894531,75.41000366210938,76.25,75.39167785644531,84200
2023-10-06,75.69000244140625,76.91000366210938,75.66999816894531,76.19999694824219,75.34223175048828,128100
2023-10-09,76.1500015258789,77.05999755859375,75.87999725341797,76.93000030517578,76.06402587890625,46600
2023-10-10,77.1500015258789,78.13999938964844,76.80999755859375,76.87000274658203,76.00469970703125,67100
2023-10-11,77.01000213623047,77.81999969482422,77.01000213623047,77.5,76.62760162353516,86900
2023-10-12,77.33999633789062,77.33999633789062,75.88999938964844,76.47000122070312,75.60919952392578,54200
2023-10-13,76.38999938964844,76.6500015258789,74.16999816894531,75.0,74.15574645996094,62100
2023-10-16,75.68000030517578,76.5999984741211,75.5,75.9800033569336,75.12471771240234,53900
2023-10-17,75.26000213623047,77.6500015258789,75.26000213623047,76.36000061035156,75.50044250488281,95200
2023-10-18,75.63999938964844,75.6500015258789,74.69000244140625,74.87000274658203,74.02721405029297,52800
2023-10-19,74.29000091552734,75.27999877929688,74.13999938964844,74.18000030517578,73.34497833251953,93400
2023-10-20,74.62000274658203,75.02999877929688,73.80000305175781,73.81999969482422,72.9890365600586,63200
2023-10-23,73.69999694824219,74.69000244140625,73.38999938964844,73.41999816894531,72.59353637695312,44200
2023-10-24,74.1500015258789,74.1500015258789,72.8499984741211,73.54000091552734,72.7121810913086,37700
2023-10-25,73.06999969482422,73.51000213623047,72.80999755859375,73.19999694824219,72.3759994506836,40200
2023-10-26,73.4000015258789,74.2699966430664,73.05000305175781,73.55000305175781,72.7220687866211,125300
2023-10-27,73.18000030517578,74.80999755859375,72.9000015258789,73.2300033569336,72.40567016601562,76200
2023-10-30,73.8499984741211,75.48999786376953,73.83999633789062,75.41999816894531,74.57101440429688,115900
2023-10-31,76.11000061035156,78.26000213623047,73.81999969482422,74.22000122070312,73.38452911376953,175200
2023-11-01,77.55999755859375,79.44000244140625,74.66000366210938,79.41000366210938,78.51610565185547,249400
2023-11-02,80.0199966430664,81.94999694824219,79.5199966430664,80.7699966430664,79.86078643798828,107100
2023-11-03,82.62999725341797,82.9000015258789,81.12000274658203,82.33000183105469,81.40323638916016,196100
2023-11-06,82.0,82.62000274658203,81.80999755859375,82.58999633789062,81.66030883789062,164100
2023-11-07,82.0,83.55000305175781,81.9800033569336,83.54000091552734,82.599609375,169900
2023-11-08,83.27999877929688,84.33999633789062,83.0199966430664,83.23999786376953,82.30299377441406,119200
2023-11-09,83.88999938964844,84.12999725341797,83.1500015258789,83.44999694824219,82.51062774658203,75200
2023-11-10,83.52999877929688,84.20999908447266,82.79000091552734,83.68000030517578,82.738037109375,117400
2023-11-13,83.19999694824219,84.0,83.0199966430664,83.0199966430664,82.08546447753906,73600
2023-11-14,85.08000183105469,85.43000030517578,83.91999816894531,84.38999938964844,83.44004821777344,309600
2023-11-15,84.16000366210938,84.81999969482422,83.87999725341797,84.5,83.54881286621094,262700
2023-11-16,84.66000366210938,86.52999877929688,84.33000183105469,86.4800033569336,85.50652313232422,159600
2023-11-17,87.2300033569336,89.52999877929688,87.2300033569336,87.7300033569336,86.7424545288086,143500
2023-11-20,87.29000091552734,87.87999725341797,85.77999877929688,87.69999694824219,86.71278381347656,83500
2023-11-21,87.20999908447266,87.66000366210938,86.30999755859375,86.48999786376953,85.51640319824219,318200
2023-11-22,87.1500015258789,87.62999725341797,86.51000213623047,87.4000015258789,86.41616821289062,133600
2023-11-24,87.72000122070312,88.4000015258789,87.55000305175781,88.04000091552734,87.04895782470703,58500
2023-11-27,87.80999755859375,88.58000183105469,86.91000366210938,87.88999938964844,86.90065002441406,86000
2023-11-28,88.1500015258789,88.1500015258789,86.5,86.51000213623047,85.53617858886719,75200
2023-11-29,86.9800033569336,87.29000091552734,85.08000183105469,85.69000244140625,85.00052642822266,176900
2023-11-30,86.18000030517578,86.30999755859375,84.98999786376953,85.62000274658203,84.93108367919922,77000
2023-12-01,85.4000015258789,86.80999755859375,85.22000122070312,86.68000030517578,85.98255920410156,120200
2023-12-04,86.4000015258789,87.56999969482422,86.36000061035156,87.11000061035156,86.40909576416016,175400
2023-12-05,87.02999877929688,87.04000091552734,85.68000030517578,86.05000305175781,85.35762786865234,102000
2023-12-06,86.61000061035156,87.18000030517578,85.2699966430664,85.58000183105469,84.89141082763672,113400
2023-12-07,85.66999816894531,87.05999755859375,85.3499984741211,86.94999694824219,86.2503890991211,126000
2023-12-08,86.80000305175781,87.2300033569336,86.08999633789062,86.98999786376953,86.2900619506836,169000
2023-12-11,87.13999938964844,87.26000213623047,86.75,87.05999755859375,86.3594970703125,142300
2023-12-12,87.12000274658203,88.27999877929688,86.93000030517578,87.7300033569336,87.02411651611328,149200
2023-12-13,87.33999633789062,88.33999633789062,86.72000122070312,88.01000213623047,87.3018569946289,230400
2023-12-14,89.41000366210938,92.52999877929688,89.41000366210938,91.22000122070312,90.48603820800781,188300
2023-12-15,91.2699966430664,91.55000305175781,89.30000305175781,90.54000091552734,89.81150817871094,648800
2023-12-18,91.12999725341797,91.5,90.2300033569336,91.08999633789062,90.3570785522461,136300
2023-12-19,91.56999969482422,92.37000274658203,91.16999816894531,91.94999694824219,91.21015167236328,107100
2023-12-20,92.33999633789062,93.05000305175781,90.63999938964844,90.77999877929688,90.04956817626953,142500
2023-12-21,91.5199966430664,91.91999816894531,91.19000244140625,91.6500015258789,90.9125747680664,107600
2023-12-22,92.22000122070312,93.08000183105469,91.56999969482422,92.13999938964844,91.39862823486328,66500
2023-12-26,91.80999755859375,93.12000274658203,91.66999816894531,92.5,91.75572967529297,54100
2023-12-27,92.8499984741211,93.37999725341797,92.36000061035156,92.76000213623047,92.01363372802734,73600
2023-12-28,93.76000213623047,93.77999877929688,92.70999908447266,92.77999877929688,92.03347778320312,76900
2023-12-29,92.5,92.86000061035156,92.22000122070312,92.69000244140625,91.94420623779297,78900
2024-01-02,91.80999755859375,92.7300033569336,91.33000183105469,91.5199966430664,90.78361511230469,97100
2024-01-03,91.48999786376953,91.48999786376953,88.48999786376953,88.51000213623047,87.79783630371094,127200
2024-01-04,89.0,89.0,87.62999725341797,87.73999786376953,87.03401947021484,80100
2024-01-05,87.16000366210938,87.80000305175781,86.75,86.88999938964844,86.19086456298828,80400
2024-01-08,86.88999938964844,88.01000213623047,86.69000244140625,87.80999755859375,87.10346221923828,80300
2024-01-09,86.70999908447266,87.0999984741211,85.63999938964844,87.05999755859375,86.3594970703125,107300
2024-01-10,87.0999984741211,87.51000213623047,86.69999694824219,87.43000030517578,86.72652435302734,99800
2024-01-11,87.3499984741211,89.04000091552734,86.76000213623047,89.02999877929688,88.31365203857422,187800
2024-01-12,89.9000015258789,90.5,89.3499984741211,90.38999938964844,89.66271209716797,80000
2024-01-16,89.97000122070312,91.13999938964844,89.18000030517578,91.04000091552734,90.30747985839844,137800
2024-01-17,90.05000305175781,90.58999633789062,89.8499984741211,90.33000183105469,89.60319519042969,73900
2024-01-18,90.83000183105469,91.62999725341797,90.66000366210938,90.79000091552734,90.05949401855469,109900
2024-01-19,91.25,91.62000274658203,89.30000305175781,90.79000091552734,90.05949401855469,74200
2024-01-22,91.0999984741211,92.33000183105469,90.83999633789062,91.61000061035156,90.87288665771484,98000
2024-01-23,91.7699966430664,92.12999725341797,90.66000366210938,90.70999908447266,89.98013305664062,90500
2024-01-24,91.5999984741211,91.5999984741211,89.69000244140625,89.83000183105469,89.10721588134766,69000
2024-01-25,91.02999877929688,91.73999786376953,90.62000274658203,90.87000274658203,90.13884735107422,114200
2024-01-26,91.0,92.44999694824219,91.0,92.29000091552734,91.54742431640625,96700
2024-01-29,92.29000091552734,95.37000274658203,92.29000091552734,95.33999633789062,94.5728759765625,164200
2024-01-30,94.70999908447266,95.81999969482422,94.30000305175781,95.0,94.23561096191406,84900
2024-01-31,95.12999725341797,95.37000274658203,94.33999633789062,94.5199966430664,93.75947570800781,126600
2024-02-01,94.98999786376953,96.98999786376953,94.54000091552734,96.94999694824219,96.16991424560547,80200
2024-02-02,96.16000366210938,97.27999877929688,96.0,97.25,96.4675064086914,68600
2024-02-05,96.44999694824219,96.75,95.66999816894531,96.0199966430664,95.24740600585938,136200
2024-02-06,96.02999877929688,96.6500015258789,95.69999694824219,96.33999633789062,95.56483459472656,64000
2024-02-07,96.33999633789062,97.41000366210938,95.91999816894531,96.55999755859375,95.78306579589844,90800
2024-02-08,96.51000213623047,97.94999694824219,96.16999816894531,97.62999725341797,96.84445190429688,157900
2024-02-09,97.7699966430664,97.93000030517578,96.66000366210938,97.31999969482422,96.53694915771484,94100
2024-02-12,96.98999786376953,99.5999984741211,96.75,99.26000213623047,98.46134185791016,211200
2024-02-13,97.29000091552734,97.86000061035156,95.8499984741211,96.73999786376953,95.96160888671875,217500
2024-02-14,97.76000213623047,99.83999633789062,97.76000213623047,99.73999786376953,98.93746948242188,127000
2024-02-15,100.0,102.36000061035156,100.0,101.94000244140625,101.1197738647461,160300
2024-02-16,101.38999938964844,102.3499984741211,101.11000061035156,101.41999816894531,100.60395812988281,140000
2024-02-20,100.2699966430664,102.41000366210938,100.16999816894531,102.18000030517578,101.35784912109375,137000
2024-02-21,102.12999725341797,102.5,101.30999755859375,101.86000061035156,101.04041290283203,162000
2024-02-22,103.0,103.06999969482422,98.2699966430664,101.66999816894531,100.85194396972656,241400
2024-02-23,102.86000061035156,106.66000366210938,102.38999938964844,106.20999908447266,105.35541534423828,155600
2024-02-26,107.0999984741211,110.41999816894531,104.76000213623047,110.16000366210938,109.27363586425781,267700
2024-02-27,110.0,114.97000122070312,109.94999694824219,114.63999938964844,113.71759033203125,360000
2024-02-28,114.55000305175781,117.0,113.20999908447266,113.47000122070312,112.83258819580078,380700
2024-02-29,114.97000122070312,114.97000122070312,111.23999786376953,113.19000244140625,112.55416107177734,241400
2024-03-01,112.58999633789062,113.05999755859375,109.91999816894531,110.80999755859375,110.1875228881836,274600
2024-03-04,110.51000213623047,113.30000305175781,109.91999816894531,110.30000305175781,109.6803970336914,234800
2024-03-05,109.69000244140625,111.7300033569336,108.41000366210938,108.69999694824219,108.0893783569336,152100
2024-03-06,108.86000061035156,110.08999633789062,107.66000366210938,108.66999816894531,108.0595474243164,210500
2024-03-07,109.44000244140625,110.87999725341797,109.23999786376953,110.16999816894531,109.5511245727539,160300
2024-03-08,110.93000030517578,112.0,109.83000183105469,110.58999633789062,109.96876525878906,116500
2024-03-11,110.1500015258789,111.31999969482422,109.3499984741211,111.08000183105469,110.45600891113281,123800
2024-03-12,110.61000061035156,111.73999786376953,110.12000274658203,111.72000122070312,111.09242248535156,90000
2024-03-13,111.54000091552734,113.23999786376953,111.54000091552734,112.73999786376953,112.106689453125,132000
2024-03-14,112.0,112.55000305175781,110.70999908447266,112.06999969482422,111.4404525756836,118500
2024-03-15,111.87999725341797,114.6500015258789,111.87000274658203,114.08000183105469,113.43915557861328,244900
2024-03-18,114.31999969482422,115.2699966430664,112.73999786376953,112.75,112.11663055419922,157800
2024-03-19,113.11000061035156,115.33000183105469,112.9800033569336,115.05999755859375,114.41365814208984,115100
2024-03-20,115.55000305175781,117.05999755859375,113.9800033569336,116.55000305175781,115.8952865600586,131400
2024-03-21,116.72000122070312,122.04000091552734,116.58000183105469,121.76000213623047,121.07601928710938,222800
2024-03-22,122.29000091552734,122.29000091552734,120.33000183105469,121.7300033569336,121.04618835449219,119300
2024-03-25,122.25,123.22000122070312,118.80999755859375,119.30000305175781,118.62984466552734,155800
2024-03-26,120.54000091552734,120.9800033569336,119.0,120.7300033569336,120.05181121826172,131700
2024-03-27,121.43000030517578,122.30999755859375,120.2300033569336,121.5,120.8174819946289,155800
2024-03-28,121.5,122.83999633789062,120.62999725341797,121.61000061035156,120.92686462402344,137400
2024-04-01,122.01000213623047,123.5199966430664,120.77999877929688,122.91999816894531,122.22949981689453,159200
2024-04-02,121.66000366210938,121.69000244140625,119.20999908447266,121.05999755859375,120.37994384765625,134600
2024-04-03,120.41000366210938,123.33000183105469,120.23999786376953,122.63999938964844,121.9510726928711,90900
2024-04-04,123.44000244140625,124.11000061035156,120.7300033569336,121.0,120.3202896118164,87600
2024-04-05,121.87000274658203,122.91999816894531,120.8499984741211,121.80000305175781,121.11579895019531,93000
2024-04-08,122.13999938964844,122.3499984741211,120.94000244140625,121.48999786376953,120.80753326416016,126500
2024-04-09,121.61000061035156,122.06999969482422,119.25,121.31999969482422,120.63848876953125,138400
2024-04-10,119.0,120.01000213623047,117.2699966430664,118.41000366210938,117.74484252929688,135200
2024-04-11,118.48999786376953,119.6500015258789,118.12999725341797,119.06999969482422,118.401123046875,110800
2024-04-12,117.87999725341797,119.05999755859375,116.2300033569336,117.16000366210938,116.50186157226562,74800
2024-04-15,117.87999725341797,119.4000015258789,115.29000091552734,116.27999877929688,115.62680053710938,105900
2024-04-16,115.44000244140625,116.75,114.55999755859375,116.19999694824219,115.54724884033203,67200
2024-04-17,116.68000030517578,116.68000030517578,114.51000213623047,115.66000366210938,115.01029205322266,104400
2024-04-18,116.0999984741211,117.2300033569336,114.37000274658203,114.7300033569336,114.08551025390625,110300
2024-04-19,114.33000183105469,115.58000183105469,114.30999755859375,114.9000015258789,114.25455474853516,105300
2024-04-22,115.48999786376953,116.75,114.48999786376953,115.18000030517578,114.53297424316406,80300
2024-04-23,115.7300033569336,118.66999816894531,115.7300033569336,118.55000305175781,117.88404846191406,92100
2024-04-24,118.01000213623047,119.70999908447266,116.69999694824219,117.30999755859375,116.65101623535156,98900
2024-04-25,115.9800033569336,116.4000015258789,115.05999755859375,115.45999908447266,114.81140899658203,119300
2024-04-26,115.44999694824219,116.66999816894531,115.44999694824219,115.62999725341797,114.98045349121094,67200
2024-04-29,115.62999725341797,116.87999725341797,115.62999725341797,116.44000244140625,115.78590393066406,88700
2024-04-30,116.12999725341797,117.38999938964844,115.93000030517578,116.4800033569336,115.82568359375,122100
2024-05-01,116.61000061035156,117.4800033569336,114.61000061035156,114.80000305175781,114.15511322021484,81900
2024-05-02,116.0199966430664,116.30000305175781,114.62999725341797,115.69999694824219,115.05005645751953,109600
2024-05-03,109.9000015258789,111.55999755859375,104.43000030517578,106.97000122070312,106.36910247802734,247700
2024-05-06,106.80000305175781,109.0,106.41999816894531,106.98999786376953,106.38898468017578,170300
2024-05-07,107.3499984741211,108.5,106.66999816894531,107.1500015258789,106.54808807373047,192000
2024-05-08,107.11000061035156,108.94000244140625,106.80000305175781,108.01000213623047,107.40325927734375,100600
2024-05-09,108.0999984741211,108.55000305175781,106.56999969482422,106.83999633789062,106.23982238769531,101000
2024-05-10,107.37999725341797,107.79000091552734,106.16999816894531,106.23999786376953,105.64319610595703,94600
2024-05-13,106.41999816894531,106.66999816894531,104.80999755859375,105.2300033569336,104.63887786865234,128400
2024-05-14,105.54000091552734,105.93000030517578,103.76000213623047,105.75,105.15595245361328,134600
2024-05-15,106.77999877929688,108.77999877929688,105.80999755859375,105.9000015258789,105.30511474609375,111900
2024-05-16,105.62999725341797,105.83999633789062,103.81999969482422,105.4800033569336,104.8874740600586,114200
2024-05-17,105.9800033569336,106.04000091552734,104.63999938964844,104.9000015258789,104.31072998046875,112800
2024-05-20,105.18000030517578,105.83999633789062,104.30999755859375,104.44000244140625,103.85330963134766,70900
2024-05-21,104.33000183105469,104.79000091552734,103.77999877929688,104.06999969482422,103.48538970947266,73300
2024-05-22,103.88999938964844,104.11000061035156,102.11000061035156,102.62000274658203,102.04353332519531,72900
2024-05-23,102.75,103.62999725341797,101.56999969482422,102.19000244140625,101.61595153808594,126400
2024-05-24,102.37000274658203,102.58000183105469,101.12999725341797,102.5199966430664,101.944091796875,102400
2024-05-28,102.94999694824219,103.0,101.05999755859375,101.38999938964844,100.82044219970703,93300
2024-05-29,99.66000366210938,101.68000030517578,99.66000366210938,100.13999938964844,99.57746887207031,196700
2024-05-30,100.4800033569336,101.9800033569336,100.33999633789062,101.95999908447266,101.38724517822266,103800
2024-05-31,102.29000091552734,102.80999755859375,101.08999633789062,102.66000366210938,102.36442565917969,155000
2024-06-03,103.8499984741211,104.66000366210938,100.16999816894531,100.37000274658203,100.08101654052734,129100
2024-06-04,102.36000061035156,103.05999755859375,100.5199966430664,101.87999725341797,101.58666229248047,298700
2024-06-05,101.75,102.43000030517578,100.25,100.91999816894531,100.62943267822266,135300
2024-06-06,100.80999755859375,100.9000015258789,99.05999755859375,99.91999816894531,99.63230895996094,109800
2024-06-07,99.4000015258789,99.86000061035156,98.30999755859375,99.0,98.71495819091797,62000
2024-06-10,98.12999725341797,99.48999786376953,97.76000213623047,99.11000061035156,98.82464599609375,105300
2024-06-11,98.5,99.0999984741211,97.54000091552734,98.48999786376953,98.20642852783203,73200
2024-06-12,100.0,101.66000366210938,99.29000091552734,100.23999786376953,99.95138549804688,79700
2024-06-13,99.11000061035156,99.97000122070312,96.5,98.30999755859375,98.02693939208984,176200
2024-06-14,97.22000122070312,97.2300033569336,95.41999816894531,96.2699966430664,95.99281311035156,167200
2024-06-17,96.11000061035156,97.29000091552734,96.08000183105469,96.97000122070312,96.69080352783203,145000
2024-06-18,96.81999969482422,98.27999877929688,96.68000030517578,97.91000366210938,97.62809753417969,74800
2024-06-20,97.25,97.70999908447266,96.23999786376953,97.04000091552734,96.76060485839844,103900
2024-06-21,97.0999984741211,98.76000213623047,96.30999755859375,98.56999969482422,98.28619384765625,222500
2024-06-24,98.37999725341797,99.30000305175781,98.19000244140625,98.56999969482422,98.28619384765625,69900
2024-06-25,98.1500015258789,98.44000244140625,96.87999725341797,97.62000274658203,97.33893585205078,86900
2024-06-26,97.19000244140625,97.87000274658203,96.68000030517578,97.5199966430664,97.23921966552734,75000
2024-06-27,97.86000061035156,98.3499984741211,97.12000274658203,97.68000030517578,97.39875793457031,59300
2024-06-28,98.56999969482422,98.87999725341797,97.05000305175781,98.44000244140625,98.15657043457031,270700
2024-07-01,98.7300033569336,98.7300033569336,96.70999908447266,97.7699966430664,97.48849487304688,93100
2024-07-02,97.63999938964844,99.08999633789062,97.63999938964844,98.66000366210938,98.37593841552734,84300
2024-07-03,99.01000213623047,99.5999984741211,98.30999755859375,98.54000091552734,98.25628662109375,24700
2024-07-05,98.22000122070312,98.43000030517578,97.0199966430664,97.44999694824219,97.16941833496094,84000
2024-07-08,98.16999816894531,99.5999984741211,98.16999816894531,99.12000274658203,98.8346176147461,123700
2024-07-09,99.05999755859375,99.19000244140625,96.81999969482422,96.94999694824219,96.67086029052734,113100
2024-07-10,97.66999816894531,98.58000183105469,97.33000183105469,97.94999694824219,97.66797637939453,65300
2024-07-11,99.70999908447266,102.12999725341797,99.69000244140625,101.44000244140625,101.14793395996094,89200
2024-07-12,102.6500015258789,104.5199966430664,101.41999816894531,101.5999984741211,101.3074722290039,112900
2024-07-15,102.2699966430664,105.79000091552734,102.2699966430664,103.97000122070312,103.670654296875,124300
2024-07-16,105.0,108.62999725341797,105.0,108.29000091552734,107.97821044921875,92700
2024-07-17,107.4000015258789,109.19999694824219,106.75,108.01000213623047,107.69902038574219,168200
2024-07-18,107.37999725341797,110.13999938964844,106.83000183105469,107.62999725341797,107.32010650634766,92200
2024-07-19,107.7300033569336,108.58000183105469,105.5999984741211,105.83000183105469,105.52529907226562,82100
2024-07-22,106.44000244140625,106.97000122070312,104.4800033569336,106.37000274658203,106.0637435913086,102000
2024-07-23,106.0999984741211,109.38999938964844,105.48999786376953,108.2300033569336,107.91838836669922,129300
2024-07-24,107.48999786376953,108.58999633789062,105.94000244140625,106.36000061035156,106.05377197265625,71900
2024-07-25,107.05999755859375,109.76000213623047,107.05999755859375,108.22000122070312,107.90841674804688,98100
2024-07-26,109.6500015258789,110.44999694824219,108.06999969482422,108.77999877929688,108.466796875,85100
2024-07-29,108.87999725341797,109.43000030517578,106.86000061035156,106.98999786376953,106.68195343017578,65000
2024-07-30,107.77999877929688,108.06999969482422,106.04000091552734,107.58999633789062,107.28022003173828,83900
2024-07-31,107.73999786376953,109.58000183105469,106.04000091552734,107.69000244140625,107.37994384765625,111400
2024-08-01,107.31999969482422,108.12000274658203,102.41000366210938,103.54000091552734,103.24188995361328,94300
2024-08-02,99.87000274658203,100.55000305175781,97.94000244140625,99.2300033569336,98.94429779052734,76500
2024-08-05,95.97000122070312,96.91999816894531,93.58999633789062,94.98999786376953,94.71649932861328,107600
2024-08-06,94.69999694824219,97.81999969482422,94.69999694824219,96.5199966430664,96.24209594726562,84900
2024-08-07,97.37999725341797,98.88999938964844,95.3499984741211,96.0199966430664,95.74353790283203,171600
2024-08-08,94.91000366210938,95.29000091552734,91.0,92.45999908447266,92.19378662109375,116300
2024-08-09,92.30000305175781,94.61000061035156,92.30000305175781,93.63999938964844,93.37039184570312,101400
2024-08-12,93.08000183105469,93.3499984741211,90.41000366210938,90.87000274658203,90.60836791992188,135500
2024-08-13,91.70999908447266,93.75,90.18000030517578,93.18000030517578,92.91171264648438,154200
2024-08-14,93.76000213623047,93.80999755859375,90.25,92.61000061035156,92.3433609008789,140000
2024-08-15,94.93000030517578,95.66000366210938,93.73999786376953,93.7699966430664,93.50001525878906,96100
2024-08-16,93.6500015258789,95.25,93.63999938964844,94.05999755859375,93.78917694091797,93100
2024-08-19,94.61000061035156,95.5,93.54000091552734,94.31999969482422,94.04843139648438,96800
2024-08-20,94.27999877929688,94.69000244140625,92.7699966430664,93.0,92.73223114013672,71300
2024-08-21,92.81999969482422,94.83000183105469,92.44000244140625,94.36000061035156,94.08831787109375,149000
2024-08-22,94.16000366210938,94.23999786376953,93.05000305175781,93.18000030517578,92.91171264648438,176300
2024-08-23,94.0999984741211,96.51000213623047,94.0999984741211,95.94000244140625,95.66377258300781,101800
2024-08-26,96.86000061035156,97.9800033569336,96.33999633789062,97.16000366210938,96.88025665283203,105300
2024-08-27,96.80000305175781,96.88999938964844,95.19999694824219,96.44999694824219,96.17229461669922,59400
2024-08-28,96.11000061035156,97.23999786376953,95.94999694824219,95.97000122070312,95.69368743896484,187000
2024-08-29,96.9000015258789,97.87999725341797,96.18000030517578,97.25,96.97000122070312,146200
2024-08-30,97.25,98.06999969482422,96.19000244140625,97.66999816894531,97.66999816894531,89100
2024-09-03,96.55999755859375,97.26000213623047,94.05000305175781,94.91000366210938,94.91000366210938,92900
2024-09-04,94.3499984741211,95.19000244140625,93.5999984741211,93.87000274658203,93.87000274658203,198800
2024-09-05,94.16000366210938,94.16000366210938,92.3499984741211,92.44000244140625,92.44000244140625,137600
2024-09-06,92.26000213623047,93.52999877929688,91.01000213623047,91.4800033569336,91.4800033569336,53600
2024-09-09,91.41000366210938,91.43000030517578,90.0,90.73999786376953,90.73999786376953,82200
2024-09-10,91.13999938964844,91.13999938964844,89.75,90.62000274658203,90.62000274658203,81500
2024-09-11,90.05000305175781,90.76000213623047,88.0,90.5999984741211,90.5999984741211,81800
2024-09-12,91.31999969482422,91.70999908447266,90.33000183105469,91.2699966430664,91.2699966430664,59400
2024-09-13,92.16000366210938,93.0,91.55999755859375,92.4800033569336,92.4800033569336,74300
2024-09-16,92.81999969482422,93.41999816894531,92.04000091552734,92.88999938964844,92.88999938964844,74500
2024-09-17,93.91999816894531,96.08999633789062,93.77999877929688,94.9000015258789,94.9000015258789,96000
2024-09-18,94.4000015258789,95.62999725341797,92.79000091552734,93.20999908447266,93.20999908447266,94700
2024-09-19,95.55999755859375,95.55999755859375,92.77999877929688,93.9000015258789,93.9000015258789,109800
2024-09-20,93.4800033569336,93.6500015258789,91.48999786376953,92.08000183105469,92.08000183105469,389500
2024-09-23,92.70999908447266,93.58999633789062,91.83000183105469,93.41999816894531,93.41999816894531,96100
2024-09-24,94.0,95.12000274658203,94.0,94.91999816894531,94.91999816894531,81400
