Date,Open,High,Low,Close,Adj Close,Volume
2020-09-03,9.880000114440918,10.489999771118164,9.859999656677246,10.229999542236328,10.229999542236328,970400
2020-09-04,10.329999923706055,10.600000381469727,10.119999885559082,10.25,10.25,253400
2020-09-08,10.3100004196167,10.3100004196167,10.15999984741211,10.239999771118164,10.239999771118164,70300
2020-09-09,10.25,10.25,10.149999618530273,10.199999809265137,10.199999809265137,53100
2020-09-10,10.15999984741211,10.279999732971191,10.085000038146973,10.109999656677246,10.109999656677246,87300
2020-09-11,10.25,10.279999732971191,10.0649995803833,10.135000228881836,10.135000228881836,44300
2020-09-14,10.140000343322754,10.239999771118164,10.100000381469727,10.149999618530273,10.149999618530273,53000
2020-09-15,10.194999694824219,10.204999923706055,10.140000343322754,10.140000343322754,10.140000343322754,16500
2020-09-16,10.130000114440918,10.880000114440918,10.109999656677246,10.15999984741211,10.15999984741211,49400
2020-09-17,10.454999923706055,10.454999923706055,10.050000190734863,10.140000343322754,10.140000343322754,23900
2020-09-18,10.199999809265137,10.539999961853027,10.149999618530273,10.149999618530273,10.149999618530273,39800
2020-09-21,10.15999984741211,10.300000190734863,10.100000381469727,10.130000114440918,10.130000114440918,16600
2020-09-22,10.699999809265137,10.699999809265137,10.163000106811523,10.380000114440918,10.380000114440918,1700
2020-09-23,10.710000038146973,10.710000038146973,10.199999809265137,10.550000190734863,10.550000190734863,6400
2020-09-24,10.359999656677246,10.359999656677246,10.199999809265137,10.279999732971191,10.279999732971191,3500
2020-09-25,10.234999656677246,10.28499984741211,10.220000267028809,10.220000267028809,10.220000267028809,1900
2020-09-28,10.220000267028809,10.220000267028809,10.100000381469727,10.109999656677246,10.109999656677246,1300
2020-09-29,10.229999542236328,10.229999542236328,10.13599967956543,10.13599967956543,10.13599967956543,1200
2020-09-30,10.180000305175781,10.614999771118164,10.180000305175781,10.359999656677246,10.359999656677246,9700
2020-10-01,10.5,10.5,10.149999618530273,10.149999618530273,10.149999618530273,1900
2020-10-02,10.100000381469727,10.100000381469727,10.100000381469727,10.100000381469727,10.100000381469727,100
2020-10-05,10.109999656677246,10.329999923706055,10.100000381469727,10.100000381469727,10.100000381469727,6400
2020-10-06,10.199999809265137,10.40999984741211,10.140000343322754,10.15999984741211,10.15999984741211,4500
2020-10-07,10.199999809265137,10.3100004196167,10.100000381469727,10.140000343322754,10.140000343322754,4700
2020-10-08,10.220000267028809,10.289999961853027,10.170000076293945,10.199000358581543,10.199000358581543,2400
2020-10-09,10.149999618530273,10.479999542236328,10.140000343322754,10.140000343322754,10.140000343322754,2500
2020-10-12,10.170000076293945,10.510000228881836,10.100000381469727,10.100000381469727,10.100000381469727,11000
2020-10-13,10.420000076293945,10.420000076293945,10.149999618530273,10.149999618530273,10.149999618530273,12700
2020-10-14,10.204999923706055,10.244999885559082,10.119999885559082,10.119999885559082,10.119999885559082,3000
2020-10-15,10.125,10.149999618530273,10.119999885559082,10.130000114440918,10.130000114440918,3300
2020-10-16,10.489999771118164,10.489999771118164,10.180000305175781,10.180000305175781,10.180000305175781,7100
2020-10-19,10.470000267028809,10.470000267028809,10.15999984741211,10.15999984741211,10.15999984741211,5200
2020-10-20,10.178000450134277,10.180000305175781,10.100000381469727,10.149999618530273,10.149999618530273,4100
2020-10-21,10.149999618530273,10.149999618530273,10.109999656677246,10.149999618530273,10.149999618530273,5800
2020-10-22,10.109999656677246,10.149999618530273,10.100000381469727,10.149999618530273,10.149999618530273,1100
2020-10-23,10.100000381469727,10.109999656677246,10.100000381469727,10.100000381469727,10.100000381469727,5000
2020-10-26,10.100000381469727,10.125,10.100000381469727,10.100000381469727,10.100000381469727,2000
2020-10-27,10.0600004196167,10.149999618530273,9.829999923706055,10.100000381469727,10.100000381469727,60600
2020-10-28,10.039999961853027,10.15999984741211,9.902000427246094,9.979999542236328,9.979999542236328,4200
2020-10-29,10.0,10.0,9.859999656677246,9.90999984741211,9.90999984741211,8400
2020-10-30,9.880000114440918,9.949999809265137,9.859999656677246,9.949999809265137,9.949999809265137,6600
2020-11-02,10.09000015258789,10.109999656677246,10.09000015258789,10.109999656677246,10.109999656677246,600
2020-11-03,10.109999656677246,10.109999656677246,10.109999656677246,10.109999656677246,10.109999656677246,0
2020-11-04,9.899999618530273,10.039999961853027,9.899999618530273,10.0,10.0,15000
2020-11-05,10.020000457763672,10.069999694824219,10.0,10.050000190734863,10.050000190734863,2300
2020-11-06,10.039999961853027,10.15999984741211,10.039999961853027,10.15999984741211,10.15999984741211,29800
2020-11-09,10.15999984741211,10.25,10.149999618530273,10.211999893188477,10.211999893188477,10900
2020-11-10,10.229999542236328,10.239999771118164,10.140000343322754,10.239999771118164,10.239999771118164,1400
2020-11-11,10.194999694824219,10.194999694824219,10.194999694824219,10.194999694824219,10.194999694824219,800
2020-11-12,10.149999618530273,10.210000038146973,10.149999618530273,10.210000038146973,10.210000038146973,800
2020-11-13,10.210000038146973,10.430000305175781,10.210000038146973,10.430000305175781,10.430000305175781,7900
2020-11-16,10.210000038146973,10.4399995803833,10.149999618530273,10.239999771118164,10.239999771118164,6800
2020-11-17,10.15999984741211,10.4399995803833,10.149999618530273,10.359999656677246,10.359999656677246,8000
2020-11-18,10.345000267028809,10.395000457763672,10.260000228881836,10.390000343322754,10.390000343322754,2600
2020-11-19,10.449999809265137,10.484999656677246,10.220000267028809,10.4399995803833,10.4399995803833,5100
2020-11-20,10.220000267028809,10.350000381469727,10.220000267028809,10.34000015258789,10.34000015258789,4400
2020-11-23,10.479999542236328,10.725000381469727,10.260000228881836,10.569999694824219,10.569999694824219,12200
2020-11-24,10.369999885559082,11.720000267028809,10.369999885559082,11.0,11.0,21500
2020-11-25,11.42300033569336,11.42300033569336,10.899999618530273,10.899999618530273,10.899999618530273,6000
2020-11-27,10.899999618530273,10.899999618530273,10.899999618530273,10.899999618530273,10.899999618530273,100
2020-11-30,11.829999923706055,11.829999923706055,10.899999618530273,10.899999618530273,10.899999618530273,12100
2020-12-01,11.08899974822998,11.390000343322754,11.08899974822998,11.390000343322754,11.390000343322754,500
2020-12-02,10.970000267028809,11.239999771118164,10.899999618530273,10.979999542236328,10.979999542236328,4400
2020-12-03,10.899999618530273,11.09000015258789,10.899999618530273,10.972999572753906,10.972999572753906,4200
2020-12-04,11.005999565124512,11.017999649047852,10.899999618530273,10.899999618530273,10.899999618530273,2600
2020-12-07,10.90999984741211,11.100000381469727,10.899999618530273,10.920000076293945,10.920000076293945,4800
2020-12-08,11.005000114440918,11.005000114440918,10.8100004196167,10.859999656677246,10.859999656677246,114000
2020-12-09,11.100000381469727,11.100000381469727,10.899999618530273,10.979999542236328,10.979999542236328,55700
2020-12-10,11.0,11.324000358581543,11.0,11.208999633789062,11.208999633789062,14100
2020-12-11,11.036999702453613,11.149999618530273,11.036999702453613,11.125,11.125,17500
2020-12-14,11.180000305175781,11.437999725341797,10.899999618530273,11.0,11.0,87400
2020-12-15,10.930000305175781,11.184000015258789,10.838000297546387,10.90999984741211,10.90999984741211,39200
2020-12-16,10.899999618530273,11.038999557495117,10.899999618530273,11.0,11.0,600
2020-12-17,10.920000076293945,11.300000190734863,10.899999618530273,11.074999809265137,11.074999809265137,19400
2020-12-18,11.050000190734863,11.064000129699707,10.960000038146973,11.0,11.0,9700
2020-12-21,10.899999618530273,11.020000457763672,10.899999618530273,11.020000457763672,11.020000457763672,5700
2020-12-22,11.0,11.0600004196167,10.989999771118164,11.050000190734863,11.050000190734863,6900
2020-12-23,11.260000228881836,11.300000190734863,11.100000381469727,11.199999809265137,11.199999809265137,16100
2020-12-24,11.100000381469727,11.255000114440918,11.0600004196167,11.255000114440918,11.255000114440918,1100
2020-12-28,11.4399995803833,11.4399995803833,11.0,11.029999732971191,11.029999732971191,18900
2020-12-29,11.449999809265137,11.449999809265137,11.050000190734863,11.109999656677246,11.109999656677246,7600
2020-12-30,11.220000267028809,11.420000076293945,11.199999809265137,11.359999656677246,11.359999656677246,21300
2020-12-31,11.239999771118164,11.4399995803833,11.239999771118164,11.4399995803833,11.4399995803833,18500
2021-01-04,11.430000305175781,11.449999809265137,11.199999809265137,11.369999885559082,11.369999885559082,39600
2021-01-05,11.430000305175781,11.680000305175781,11.279999732971191,11.279999732971191,11.279999732971191,6100
2021-01-06,11.460000038146973,11.649999618530273,11.300000190734863,11.5,11.5,8900
2021-01-07,11.569999694824219,12.880000114440918,11.539999961853027,12.880000114440918,12.880000114440918,60200
2021-01-08,11.699999809265137,12.649999618530273,11.699999809265137,12.199999809265137,12.199999809265137,2700
2021-01-11,11.550000190734863,12.104999542236328,11.550000190734863,12.100000381469727,12.100000381469727,29000
2021-01-12,11.989999771118164,12.9399995803833,11.949999809265137,12.0,12.0,91000
2021-01-13,11.892000198364258,12.0,11.800000190734863,11.800000190734863,11.800000190734863,18000
2021-01-14,11.859999656677246,12.100000381469727,11.699999809265137,11.770000457763672,11.770000457763672,11500
2021-01-15,11.895000457763672,12.09000015258789,11.699999809265137,11.819999694824219,11.819999694824219,8600
2021-01-19,12.100000381469727,12.100000381469727,11.399999618530273,11.460000038146973,11.460000038146973,15400
2021-01-20,11.5,11.5,11.369999885559082,11.395000457763672,11.395000457763672,17000
2021-01-21,11.399999618530273,11.640000343322754,11.350000381469727,11.399999618530273,11.399999618530273,19800
2021-01-22,11.399999618530273,11.470000267028809,11.399999618530273,11.399999618530273,11.399999618530273,35100
2021-01-25,11.399999618530273,11.670000076293945,11.399999618530273,11.479999542236328,11.479999542236328,19100
2021-01-26,11.479999542236328,11.479999542236328,11.399999618530273,11.40999984741211,11.40999984741211,26700
2021-01-27,11.399999618530273,11.449999809265137,11.210000038146973,11.210000038146973,11.210000038146973,91600
2021-01-28,11.300000190734863,11.300000190734863,11.229999542236328,11.229999542236328,11.229999542236328,2500
2021-01-29,11.319999694824219,11.359999656677246,11.319999694824219,11.329999923706055,11.329999923706055,3300
2021-02-01,11.58899974822998,11.630000114440918,11.260000228881836,11.630000114440918,11.630000114440918,4700
2021-02-02,11.4399995803833,11.449999809265137,11.430000305175781,11.430000305175781,11.430000305175781,52500
2021-02-03,11.399999618530273,11.550000190734863,11.25,11.539999961853027,11.539999961853027,2200
2021-02-04,11.5,11.5,11.399999618530273,11.399999618530273,11.399999618530273,7000
2021-02-05,11.699000358581543,11.699000358581543,11.149999618530273,11.149999618530273,11.149999618530273,30000
2021-02-08,11.479999542236328,11.869999885559082,11.350000381469727,11.350000381469727,11.350000381469727,46500
2021-02-09,11.479999542236328,11.75,11.399999618530273,11.420000076293945,11.420000076293945,9900
2021-02-10,11.866000175476074,12.489999771118164,11.444000244140625,11.979999542236328,11.979999542236328,29500
2021-02-11,12.329999923706055,12.880000114440918,11.899999618530273,12.222999572753906,12.222999572753906,36500
2021-02-12,12.220000267028809,12.449999809265137,12.149999618530273,12.199999809265137,12.199999809265137,4700
2021-02-16,12.829999923706055,13.479999542236328,12.470000267028809,12.770000457763672,12.770000457763672,32800
2021-02-17,12.600000381469727,12.800000190734863,12.270000457763672,12.335000038146973,12.335000038146973,10400
2021-02-18,12.15999984741211,12.699999809265137,11.90999984741211,12.510000228881836,12.510000228881836,19000
2021-02-19,12.489999771118164,12.800000190734863,12.399999618530273,12.550000190734863,12.550000190734863,10300
2021-02-22,12.704000473022461,14.0,12.600000381469727,13.085000038146973,13.085000038146973,16700
2021-02-23,13.15999984741211,13.15999984741211,12.09000015258789,12.210000038146973,12.210000038146973,8800
2021-02-24,12.199999809265137,13.0,12.0,12.239999771118164,12.239999771118164,28500
2021-02-25,12.050000190734863,12.0600004196167,11.460000038146973,11.510000228881836,11.510000228881836,19600
2021-02-26,11.279999732971191,11.9399995803833,11.229999542236328,11.869999885559082,11.869999885559082,8800
2021-03-01,11.869999885559082,11.869999885559082,11.359999656677246,11.5,11.5,57600
2021-03-02,11.399999618530273,11.890000343322754,11.399999618530273,11.739999771118164,11.739999771118164,3400
2021-03-03,11.9350004196167,11.9350004196167,11.289999961853027,11.369999885559082,11.369999885559082,44100
2021-03-04,11.199999809265137,11.220000267028809,10.75,10.880000114440918,10.880000114440918,21100
2021-03-05,11.09000015258789,11.4399995803833,10.5,11.119999885559082,11.119999885559082,17600
2021-03-08,10.991999626159668,11.40999984741211,10.8100004196167,10.875,10.875,21200
2021-03-09,11.489999771118164,12.0,11.04699993133545,11.289999961853027,11.289999961853027,7000
2021-03-10,11.864999771118164,11.864999771118164,11.25,11.260000228881836,11.260000228881836,15500
2021-03-11,11.300000190734863,11.539999961853027,10.640000343322754,10.75,10.75,84300
2021-03-12,10.972000122070312,11.199999809265137,10.972000122070312,11.199999809265137,11.199999809265137,20200
2021-03-15,11.149999618530273,11.199999809265137,11.0,11.109999656677246,11.109999656677246,45600
2021-03-16,11.010000228881836,11.0600004196167,10.880000114440918,11.0,11.0,29400
2021-03-17,10.880000114440918,11.180000305175781,10.529999732971191,11.149999618530273,11.149999618530273,17300
2021-03-18,10.859999656677246,10.925000190734863,10.649999618530273,10.925000190734863,10.925000190734863,1600
2021-03-19,10.925000190734863,10.925000190734863,10.925000190734863,10.925000190734863,10.925000190734863,0
2021-03-22,11.199999809265137,11.199999809265137,10.949999809265137,11.100000381469727,11.100000381469727,2900
2021-03-23,11.149999618530273,11.199999809265137,10.630000114440918,10.739999771118164,10.739999771118164,4100
2021-03-24,10.550000190734863,10.819999694824219,10.5,10.539999961853027,10.539999961853027,18300
2021-03-25,10.600000381469727,10.600000381469727,10.100000381469727,10.399999618530273,10.399999618530273,20900
2021-03-26,10.25,10.600000381469727,10.25,10.300000190734863,10.300000190734863,3700
2021-03-29,10.300000190734863,10.579999923706055,10.300000190734863,10.579999923706055,10.579999923706055,800
2021-03-30,10.494999885559082,10.600000381469727,10.494999885559082,10.600000381469727,10.600000381469727,700
2021-03-31,10.711000442504883,11.119999885559082,10.604999542236328,11.119999885559082,11.119999885559082,17300
2021-04-01,10.649999618530273,11.015000343322754,10.510000228881836,10.979999542236328,10.979999542236328,9000
2021-04-05,10.609999656677246,10.989999771118164,10.510000228881836,10.989999771118164,10.989999771118164,3200
2021-04-06,11.050000190734863,11.630000114440918,10.949999809265137,11.399999618530273,11.399999618530273,30800
2021-04-07,11.100000381469727,11.489999771118164,11.100000381469727,11.300000190734863,11.300000190734863,4000
2021-04-08,11.880000114440918,11.880000114440918,11.300000190734863,11.350000381469727,11.350000381469727,7900
2021-04-09,11.614999771118164,11.614999771118164,11.25,11.25,11.25,15000
2021-04-12,11.380000114440918,11.380000114440918,11.010000228881836,11.010000228881836,11.010000228881836,6000
2021-04-13,10.619999885559082,11.210000038146973,10.619999885559082,11.210000038146973,11.210000038146973,1600
2021-04-14,11.630000114440918,12.220000267028809,11.520000457763672,12.100000381469727,12.100000381469727,1174800
2021-04-15,12.170000076293945,13.960000038146973,12.170000076293945,12.84000015258789,12.84000015258789,315600
2021-04-16,12.75,12.918999671936035,12.199999809265137,12.399999618530273,12.399999618530273,48900
2021-04-19,12.350000381469727,12.350000381469727,10.800000190734863,10.920000076293945,10.920000076293945,166900
2021-04-20,10.920000076293945,11.170000076293945,10.699999809265137,11.010000228881836,11.010000228881836,104200
2021-04-21,11.010000228881836,11.595000267028809,10.829000473022461,11.300000190734863,11.300000190734863,13200
2021-04-22,11.220000267028809,11.649999618530273,10.710000038146973,11.0,11.0,329200
2021-04-23,11.024999618530273,11.399999618530273,10.5600004196167,11.399999618530273,11.399999618530273,11800
2021-04-26,11.399999618530273,11.449999809265137,11.0,11.170000076293945,11.170000076293945,16100
2021-04-27,11.300000190734863,11.399999618530273,11.039999961853027,11.34000015258789,11.34000015258789,165900
2021-04-28,11.526000022888184,11.699999809265137,11.5,11.529999732971191,11.529999732971191,3000
2021-04-29,11.59000015258789,12.0,11.4399995803833,11.520000457763672,11.520000457763672,6900
2021-04-30,11.6850004196167,11.890000343322754,11.4399995803833,11.6899995803833,11.6899995803833,39700
2021-05-03,11.800000190734863,11.850000381469727,11.550000190734863,11.800000190734863,11.800000190734863,23900
2021-05-04,11.770000457763672,11.800000190734863,11.470000267028809,11.800000190734863,11.800000190734863,5700
2021-05-05,11.699999809265137,11.899999618530273,11.270000457763672,11.539999961853027,11.539999961853027,12100
2021-05-06,11.4350004196167,11.5,11.119999885559082,11.5,11.5,20900
2021-05-07,11.470000267028809,11.470000267028809,10.600000381469727,10.8100004196167,10.8100004196167,61900
2021-05-10,10.829999923706055,11.800000190734863,10.829999923706055,11.75,11.75,26200
2021-05-11,11.539999961853027,11.739999771118164,10.640000343322754,11.40999984741211,11.40999984741211,25200
2021-05-12,11.260000228881836,11.670000076293945,10.8100004196167,10.8100004196167,10.8100004196167,2400
2021-05-13,11.07800006866455,11.579999923706055,10.800000190734863,11.300000190734863,11.300000190734863,24100
2021-05-14,11.692000389099121,11.692000389099121,10.5,11.479999542236328,11.479999542236328,11700
2021-05-17,11.229999542236328,11.229999542236328,10.770000457763672,10.779999732971191,10.779999732971191,1300
2021-05-18,10.800000190734863,10.800000190734863,10.319999694824219,10.5,10.5,16200
2021-05-19,10.5,11.114999771118164,10.350000381469727,10.600000381469727,10.600000381469727,9300
2021-05-20,10.710000038146973,10.927000045776367,10.619999885559082,10.6899995803833,10.6899995803833,9600
2021-05-21,10.800000190734863,11.114999771118164,10.760000228881836,11.020000457763672,11.020000457763672,1900
2021-05-24,11.199999809265137,11.199999809265137,11.0,11.0,11.0,3000
2021-05-25,11.22599983215332,11.22599983215332,11.187000274658203,11.187000274658203,11.187000274658203,600
2021-05-26,11.437000274658203,11.470000267028809,11.050000190734863,11.170000076293945,11.170000076293945,11300
2021-05-27,11.180000305175781,11.199999809265137,10.949999809265137,10.949999809265137,10.949999809265137,6500
2021-05-28,10.949999809265137,11.199999809265137,10.854999542236328,11.199999809265137,11.199999809265137,8900
2021-06-01,11.119999885559082,11.125,11.0,11.029999732971191,11.029999732971191,5100
2021-06-02,11.270000457763672,11.270000457763672,10.949999809265137,11.0,11.0,10300
2021-06-03,11.220000267028809,11.220000267028809,10.975000381469727,10.975000381469727,10.975000381469727,3100
2021-06-04,10.979999542236328,11.229999542236328,10.899999618530273,10.949999809265137,10.949999809265137,6700
2021-06-07,11.029999732971191,11.029999732971191,10.899999618530273,10.899999618530273,10.899999618530273,8900
2021-06-08,10.817000389099121,11.0,10.817000389099121,11.0,11.0,3800
2021-06-09,11.074000358581543,11.303999900817871,11.029999732971191,11.029999732971191,11.029999732971191,2500
2021-06-10,11.17199993133545,11.17199993133545,11.029999732971191,11.029999732971191,11.029999732971191,800
2021-06-11,11.050000190734863,11.0600004196167,10.850000381469727,10.994999885559082,10.994999885559082,12100
2021-06-14,11.020000457763672,11.050000190734863,10.949999809265137,10.949999809265137,10.949999809265137,1700
2021-06-15,11.0,11.399999618530273,11.0,11.399999618530273,11.399999618530273,2600
2021-06-16,11.366000175476074,11.4399995803833,11.220000267028809,11.220000267028809,11.220000267028809,6600
2021-06-17,11.220000267028809,11.479999542236328,11.220000267028809,11.470000267028809,11.470000267028809,14600
2021-06-18,11.119999885559082,11.119999885559082,11.119999885559082,11.119999885559082,11.119999885559082,300
2021-06-21,11.180000305175781,11.180000305175781,11.170000076293945,11.170000076293945,11.170000076293945,600
2021-06-22,11.39900016784668,11.39900016784668,11.0,11.027999877929688,11.027999877929688,1900
2021-06-23,11.027999877929688,11.027999877929688,11.027999877929688,11.027999877929688,11.027999877929688,0
2021-06-24,11.079999923706055,11.40999984741211,11.079999923706055,11.399999618530273,11.399999618530273,3500
2021-06-25,11.083000183105469,11.350000381469727,10.859999656677246,11.005000114440918,11.005000114440918,9700
2021-06-28,11.25,11.460000038146973,11.1899995803833,11.1899995803833,11.1899995803833,9500
2021-06-29,11.199999809265137,11.220000267028809,11.0,11.010000228881836,11.010000228881836,5100
2021-06-30,11.25,11.5,11.25,11.380000114440918,11.380000114440918,6100
2021-07-01,11.319999694824219,11.352999687194824,11.168000221252441,11.210000038146973,11.210000038146973,9200
2021-07-02,11.32800006866455,11.32800006866455,11.010000228881836,11.010000228881836,11.010000228881836,1200
2021-07-06,11.227999687194824,11.329999923706055,11.1899995803833,11.329999923706055,11.329999923706055,3500
2021-07-07,11.220000267028809,11.579999923706055,11.199999809265137,11.220000267028809,11.220000267028809,4000
2021-07-08,11.010000228881836,11.100000381469727,10.949999809265137,11.100000381469727,11.100000381469727,5900
2021-07-09,11.0,11.027999877929688,10.916999816894531,10.916999816894531,10.916999816894531,1500
2021-07-12,11.010000228881836,11.399999618530273,10.970000267028809,11.0,11.0,546300
2021-07-13,10.949999809265137,11.0,10.899999618530273,10.899999618530273,10.899999618530273,15800
2021-07-14,10.932999610900879,11.0,10.720000267028809,10.850000381469727,10.850000381469727,15700
2021-07-15,10.609999656677246,10.729999542236328,10.470000267028809,10.729999542236328,10.729999542236328,9000
2021-07-16,10.673999786376953,10.729999542236328,10.40999984741211,10.729999542236328,10.729999542236328,2900
2021-07-19,10.770000457763672,10.84000015258789,10.5,10.770000457763672,10.770000457763672,25500
2021-07-20,10.760000228881836,10.760000228881836,10.5,10.5,10.5,8200
2021-07-21,10.550000190734863,10.550000190734863,10.46500015258789,10.46500015258789,10.46500015258789,7600
2021-07-22,10.640000343322754,10.970000267028809,10.550000190734863,10.739999771118164,10.739999771118164,7700
2021-07-23,10.399999618530273,10.6850004196167,10.399999618530273,10.510000228881836,10.510000228881836,13900
2021-07-26,10.600000381469727,10.600000381469727,10.050000190734863,10.09000015258789,10.09000015258789,7700
2021-07-27,10.050000190734863,10.119999885559082,9.9399995803833,9.9399995803833,9.9399995803833,7400
2021-07-28,10.050000190734863,10.380000114440918,9.90999984741211,9.944999694824219,9.944999694824219,16600
2021-07-29,10.09000015258789,10.180000305175781,9.949999809265137,10.100000381469727,10.100000381469727,24400
2021-07-30,10.170000076293945,10.170000076293945,10.0,10.02400016784668,10.02400016784668,14100
2021-08-02,10.15999984741211,10.1899995803833,9.949999809265137,10.0,10.0,19200
2021-08-03,9.949999809265137,10.0,9.949999809265137,9.979999542236328,9.979999542236328,238900
2021-08-04,10.0,10.0,9.84000015258789,9.880000114440918,9.880000114440918,15000
2021-08-05,9.850000381469727,10.0,9.850000381469727,9.949999809265137,9.949999809265137,10800
2021-08-06,10.0,10.555000305175781,9.90999984741211,10.09000015258789,10.09000015258789,12500
2021-08-09,11.170000076293945,11.180000305175781,10.199999809265137,10.199999809265137,10.199999809265137,105000
2021-08-10,10.149999618530273,10.399999618530273,9.970000267028809,10.199999809265137,10.199999809265137,151900
2021-08-11,9.609999656677246,10.489999771118164,8.899999618530273,9.989999771118164,9.989999771118164,45000
2021-08-12,9.979999542236328,10.399999618530273,9.305000305175781,9.5600004196167,9.5600004196167,569600
2021-08-13,9.979999542236328,9.979999542236328,9.600000381469727,9.864999771118164,9.864999771118164,77000
2021-08-16,9.789999961853027,9.84000015258789,9.319999694824219,9.574999809265137,9.574999809265137,188800
2021-08-17,9.75,9.859999656677246,9.59000015258789,9.829999923706055,9.829999923706055,7300
2021-08-18,9.550000190734863,10.0,9.550000190734863,9.979999542236328,9.979999542236328,218600
2021-08-19,9.670000076293945,9.979999542236328,9.670000076293945,9.960000038146973,9.960000038146973,21400
2021-08-20,9.979999542236328,11.180000305175781,9.949999809265137,11.109999656677246,11.109999656677246,78500
2021-08-23,11.5,12.899999618530273,10.869999885559082,12.6899995803833,12.6899995803833,55800
2021-08-24,12.5,12.960000038146973,12.0600004196167,12.720000267028809,12.720000267028809,51600
2021-08-25,12.539999961853027,12.890000343322754,12.479999542236328,12.649999618530273,12.649999618530273,81900
2021-08-26,12.760000228881836,12.8100004196167,12.010000228881836,12.4399995803833,12.4399995803833,49900
2021-08-27,12.289999961853027,13.395000457763672,12.126999855041504,12.699999809265137,12.699999809265137,48300
2021-08-30,12.720000267028809,12.720000267028809,11.899999618530273,11.920000076293945,11.920000076293945,92500
2021-08-31,11.720000267028809,11.720000267028809,11.300000190734863,11.640000343322754,11.640000343322754,86300
2021-09-01,11.520000457763672,12.329999923706055,11.170000076293945,12.010000228881836,12.010000228881836,63200
2021-09-02,12.0,12.11299991607666,11.600000381469727,12.0,12.0,60600
2021-09-03,11.890000343322754,13.5,11.890000343322754,12.930000305175781,12.930000305175781,388100
2021-09-07,13.050000190734863,15.899999618530273,13.050000190734863,14.850000381469727,14.850000381469727,599000
2021-09-08,14.989999771118164,15.40999984741211,14.0600004196167,15.069999694824219,15.069999694824219,306800
2021-09-09,15.039999961853027,16.190000534057617,14.779999732971191,15.680000305175781,15.680000305175781,285000
2021-09-10,15.569999694824219,16.149999618530273,15.539999961853027,15.59000015258789,15.59000015258789,223500
2021-09-13,15.619999885559082,17.1200008392334,15.149999618530273,15.770000457763672,15.770000457763672,309700
2021-09-14,15.550000190734863,16.09000015258789,15.109999656677246,15.5600004196167,15.5600004196167,314100
2021-09-15,15.640000343322754,16.239999771118164,15.180000305175781,15.829999923706055,15.829999923706055,408400
2021-09-16,15.770000457763672,17.770000457763672,15.770000457763672,16.989999771118164,16.989999771118164,466200
2021-09-17,16.850000381469727,18.84000015258789,15.199999809265137,17.299999237060547,17.299999237060547,3567700
2021-09-20,17.290000915527344,17.389999389648438,16.510000228881836,16.600000381469727,16.600000381469727,306400
2021-09-21,16.479999542236328,16.700000762939453,14.930000305175781,14.930000305175781,14.930000305175781,228600
2021-09-22,14.9399995803833,16.059999465942383,14.9399995803833,15.800000190734863,15.800000190734863,79700
2021-09-23,15.850000381469727,15.979999542236328,14.279999732971191,14.789999961853027,14.789999961853027,185400
2021-09-24,14.65999984741211,14.760000228881836,13.5,13.5600004196167,13.5600004196167,80500
2021-09-27,13.420000076293945,14.369999885559082,12.829999923706055,13.260000228881836,13.260000228881836,196300
2021-09-28,13.09000015258789,13.09000015258789,12.390000343322754,12.649999618530273,12.649999618530273,164900
2021-09-29,12.8100004196167,12.8100004196167,11.880000114440918,12.029999732971191,12.029999732971191,59900
2021-09-30,11.920000076293945,13.15999984741211,11.729999542236328,12.930000305175781,12.930000305175781,580800
2021-10-01,12.890000343322754,13.399999618530273,12.510000228881836,13.149999618530273,13.149999618530273,66600
2021-10-04,13.109999656677246,13.994000434875488,13.020000457763672,13.449999809265137,13.449999809265137,91700
2021-10-05,13.449999809265137,14.449999809265137,13.170000076293945,13.949999809265137,13.949999809265137,142800
2021-10-06,13.84000015258789,14.119999885559082,13.59000015258789,13.800000190734863,13.800000190734863,44600
2021-10-07,13.75,14.760000228881836,13.220000267028809,13.670000076293945,13.670000076293945,86400
2021-10-08,13.699999809265137,14.960000038146973,13.545000076293945,14.109999656677246,14.109999656677246,84700
2021-10-11,14.09000015258789,14.09000015258789,13.260000228881836,13.520000457763672,13.520000457763672,42700
2021-10-12,13.649999618530273,14.079999923706055,13.069999694824219,13.800000190734863,13.800000190734863,61800
2021-10-13,13.90999984741211,14.039999961853027,13.510000228881836,13.920000076293945,13.920000076293945,59900
2021-10-14,14.09000015258789,14.949999809265137,13.630000114440918,14.289999961853027,14.289999961853027,69600
2021-10-15,14.40999984741211,14.845999717712402,13.829999923706055,14.029999732971191,14.029999732971191,33900
2021-10-18,14.0600004196167,14.270000457763672,13.039999961853027,13.100000381469727,13.100000381469727,55300
2021-10-19,13.220000267028809,13.5600004196167,12.670000076293945,12.789999961853027,12.789999961853027,54700
2021-10-20,13.199999809265137,13.350000381469727,12.619999885559082,12.640000343322754,12.640000343322754,47200
2021-10-21,12.649999618530273,13.187999725341797,12.649999618530273,13.020000457763672,13.020000457763672,25700
2021-10-22,13.09000015258789,13.364999771118164,12.819999694824219,13.180000305175781,13.180000305175781,66400
2021-10-25,13.399999618530273,13.520000457763672,12.579999923706055,12.800000190734863,12.800000190734863,87700
2021-10-26,12.949999809265137,13.100000381469727,12.090999603271484,12.899999618530273,12.899999618530273,263800
2021-10-27,12.960000038146973,13.470000267028809,12.390000343322754,12.399999618530273,12.399999618530273,78300
2021-10-28,12.399999618530273,13.229999542236328,12.220000267028809,13.0,13.0,403000
2021-10-29,13.270000457763672,13.451000213623047,12.595000267028809,12.84000015258789,12.84000015258789,207900
2021-11-01,12.729999542236328,13.09000015258789,12.729999542236328,12.90999984741211,12.90999984741211,116200
2021-11-02,13.010000228881836,13.010000228881836,12.760000228881836,12.880000114440918,12.880000114440918,35500
2021-11-03,12.770000457763672,13.050000190734863,12.649999618530273,12.960000038146973,12.960000038146973,48900
2021-11-04,12.869999885559082,13.050000190734863,12.670000076293945,12.800000190734863,12.800000190734863,30800
2021-11-05,12.739999771118164,12.954999923706055,12.369999885559082,12.779999732971191,12.779999732971191,66200
2021-11-08,12.770000457763672,12.850000381469727,12.380000114440918,12.640000343322754,12.640000343322754,86200
2021-11-09,12.390000343322754,12.880000114440918,12.319999694824219,12.6899995803833,12.6899995803833,52500
2021-11-10,12.739999771118164,12.9399995803833,12.385000228881836,12.739999771118164,12.739999771118164,70700
2021-11-11,12.779999732971191,13.270000457763672,12.670000076293945,12.970000267028809,12.970000267028809,742800
2021-11-12,12.989999771118164,13.550000190734863,12.875,13.300000190734863,13.300000190734863,278800
2021-11-15,13.359999656677246,13.75,12.880000114440918,13.5,13.5,235400
2021-11-16,13.4399995803833,14.3100004196167,13.399999618530273,13.5,13.5,239300
2021-11-17,13.550000190734863,13.75,13.300000190734863,13.600000381469727,13.600000381469727,375500
2021-11-18,13.880000114440918,13.904999732971191,11.479999542236328,11.869999885559082,11.869999885559082,377100
2021-11-19,11.930000305175781,12.899999618530273,11.395000457763672,11.970000267028809,11.970000267028809,167200
2021-11-22,11.90999984741211,12.039999961853027,9.520000457763672,9.550000190734863,9.550000190734863,310500
2021-11-23,9.510000228881836,9.84000015258789,9.0,9.6899995803833,9.6899995803833,142100
2021-11-24,9.520000457763672,10.65999984741211,9.220000267028809,10.40999984741211,10.40999984741211,94600
2021-11-26,10.319999694824219,10.734999656677246,10.020000457763672,10.350000381469727,10.350000381469727,49300
2021-11-29,10.510000228881836,10.548999786376953,9.9399995803833,9.989999771118164,9.989999771118164,146600
2021-11-30,10.0,10.5600004196167,9.510000228881836,10.369999885559082,10.369999885559082,706400
2021-12-01,10.300000190734863,11.109999656677246,9.619999885559082,10.0,10.0,145300
2021-12-02,10.069999694824219,10.34000015258789,9.789999961853027,10.130000114440918,10.130000114440918,104400
2021-12-03,10.079999923706055,10.979000091552734,9.335000038146973,10.09000015258789,10.09000015258789,158800
2021-12-06,10.010000228881836,10.010000228881836,9.300000190734863,9.779999732971191,9.779999732971191,174000
2021-12-07,9.890000343322754,11.140000343322754,9.75,10.789999961853027,10.789999961853027,79600
2021-12-08,10.859999656677246,11.3100004196167,10.59000015258789,11.079999923706055,11.079999923706055,103400
2021-12-09,11.119999885559082,11.729999542236328,10.819999694824219,11.289999961853027,11.289999961853027,200700
2021-12-10,11.279999732971191,11.470000267028809,10.720000267028809,10.989999771118164,10.989999771118164,74100
2021-12-13,11.039999961853027,11.380000114440918,10.760000228881836,11.149999618530273,11.149999618530273,68300
2021-12-14,11.079999923706055,11.579999923706055,10.449999809265137,10.880000114440918,10.880000114440918,43600
2021-12-15,10.960000038146973,11.079999923706055,10.550000190734863,10.960000038146973,10.960000038146973,423400
2021-12-16,10.979999542236328,11.0,10.34000015258789,10.729999542236328,10.729999542236328,139500
2021-12-17,10.850000381469727,11.010000228881836,10.289999961853027,11.0,11.0,177100
2021-12-20,10.9399995803833,11.0,10.520000457763672,10.649999618530273,10.649999618530273,106800
2021-12-21,10.899999618530273,11.055000305175781,10.600000381469727,10.899999618530273,10.899999618530273,180100
2021-12-22,10.899999618530273,11.0,10.800000190734863,10.949999809265137,10.949999809265137,77200
2021-12-23,11.0,11.25,10.800000190734863,10.9399995803833,10.9399995803833,414500
2021-12-27,10.949999809265137,10.989999771118164,10.619999885559082,10.739999771118164,10.739999771118164,83400
2021-12-28,10.649999618530273,10.890000343322754,10.420000076293945,10.489999771118164,10.489999771118164,63600
2021-12-29,10.510000228881836,10.739999771118164,10.050000190734863,10.479999542236328,10.479999542236328,68400
2021-12-30,10.520000457763672,10.899999618530273,10.460000038146973,10.859999656677246,10.859999656677246,89900
2021-12-31,10.930000305175781,10.970000267028809,10.800000190734863,10.9399995803833,10.9399995803833,96800
2022-01-03,10.930000305175781,11.0,10.697999954223633,10.9399995803833,10.9399995803833,105600
2022-01-04,10.9399995803833,10.9399995803833,10.35200023651123,10.489999771118164,10.489999771118164,34200
2022-01-05,10.539999961853027,10.539999961853027,9.25,9.789999961853027,9.789999961853027,110100
2022-01-06,9.880000114440918,9.970000267028809,8.930000305175781,9.880000114440918,9.880000114440918,297800
2022-01-07,9.899999618530273,9.899999618530273,8.859999656677246,9.130000114440918,9.130000114440918,104600
2022-01-10,8.960000038146973,9.140000343322754,8.390000343322754,9.100000381469727,9.100000381469727,94800
2022-01-11,9.130000114440918,9.600000381469727,8.5600004196167,9.0,9.0,87800
2022-01-12,9.020000457763672,9.119999885559082,8.390000343322754,8.680000305175781,8.680000305175781,121600
2022-01-13,8.619999885559082,8.699000358581543,8.069999694824219,8.369999885559082,8.369999885559082,439800
2022-01-14,8.359999656677246,8.869999885559082,8.086999893188477,8.640000343322754,8.640000343322754,72700
2022-01-18,8.609999656677246,8.680000305175781,8.0,8.229999542236328,8.229999542236328,137700
2022-01-19,8.329999923706055,8.989999771118164,8.25,8.489999771118164,8.489999771118164,129600
2022-01-20,8.489999771118164,9.140000343322754,8.489999771118164,8.59000015258789,8.59000015258789,90800
2022-01-21,8.59000015258789,9.220000267028809,8.170000076293945,8.300000190734863,8.300000190734863,159300
2022-01-24,8.5,9.029999732971191,7.710000038146973,8.739999771118164,8.739999771118164,222500
2022-01-25,8.520000457763672,8.789999961853027,8.100000381469727,8.270000457763672,8.270000457763672,129800
2022-01-26,8.5,8.619999885559082,7.869999885559082,7.949999809265137,7.949999809265137,166700
2022-01-27,8.010000228881836,8.65999984741211,7.690000057220459,7.820000171661377,7.820000171661377,86900
2022-01-28,7.824999809265137,8.09000015258789,7.5,7.940000057220459,7.940000057220459,65300
2022-01-31,7.920000076293945,8.569999694824219,7.881999969482422,8.529999732971191,8.529999732971191,60900
2022-02-01,8.680000305175781,9.6899995803833,8.029999732971191,9.220000267028809,9.220000267028809,124400
2022-02-02,9.359999656677246,9.569999694824219,9.029999732971191,9.279999732971191,9.279999732971191,69600
2022-02-03,9.039999961853027,9.920000076293945,8.6899995803833,8.789999961853027,8.789999961853027,96600
2022-02-04,8.739999771118164,9.020000457763672,8.479999542236328,8.75,8.75,157900
2022-02-07,8.729999542236328,9.59000015258789,8.649999618530273,8.989999771118164,8.989999771118164,89200
2022-02-08,8.899999618530273,9.149999618530273,8.5600004196167,9.0,9.0,102500
2022-02-09,8.989999771118164,9.800000190734863,8.9399995803833,9.1899995803833,9.1899995803833,99600
2022-02-10,9.289999961853027,9.819999694824219,8.734999656677246,9.380000114440918,9.380000114440918,140400
2022-02-11,9.319999694824219,9.600000381469727,9.119999885559082,9.329999923706055,9.329999923706055,84400
2022-02-14,9.399999618530273,9.989999771118164,9.09000015258789,9.109999656677246,9.109999656677246,83900
2022-02-15,9.210000038146973,9.609999656677246,8.970000267028809,9.350000381469727,9.350000381469727,60200
2022-02-16,9.199999809265137,9.199999809265137,8.8100004196167,8.970000267028809,8.970000267028809,262600
2022-02-17,9.0,9.449999809265137,8.510000228881836,8.949999809265137,8.949999809265137,113000
2022-02-18,9.140000343322754,9.40999984741211,8.960000038146973,9.329999923706055,9.329999923706055,86800
2022-02-22,9.510000228881836,9.760000228881836,9.170000076293945,9.380000114440918,9.380000114440918,63000
2022-02-23,9.4399995803833,9.4399995803833,8.779999732971191,9.020000457763672,9.020000457763672,194700
2022-02-24,8.399999618530273,9.319999694824219,7.860000133514404,9.039999961853027,9.039999961853027,298800
2022-02-25,9.039999961853027,9.199999809265137,8.630000114440918,8.979999542236328,8.979999542236328,61800
2022-02-28,8.949999809265137,9.390000343322754,8.760000228881836,9.15999984741211,9.15999984741211,258400
2022-03-01,9.050000190734863,9.734999656677246,9.050000190734863,9.479999542236328,9.479999542236328,152600
2022-03-02,9.460000038146973,9.654999732971191,9.0600004196167,9.4399995803833,9.4399995803833,123500
2022-03-03,9.510000228881836,9.510000228881836,8.600000381469727,8.739999771118164,8.739999771118164,75000
2022-03-04,8.75,9.010000228881836,8.010000228881836,8.350000381469727,8.350000381469727,111600
2022-03-07,8.3100004196167,9.050000190734863,8.180000305175781,8.369999885559082,8.369999885559082,318500
2022-03-08,8.34000015258789,9.050000190734863,8.1899995803833,8.59000015258789,8.59000015258789,197500
2022-03-09,8.65999984741211,8.90999984741211,8.520000457763672,8.65999984741211,8.65999984741211,138100
2022-03-10,8.619999885559082,8.710000038146973,8.390000343322754,8.479999542236328,8.479999542236328,147300
2022-03-11,8.579999923706055,9.029999732971191,8.289999961853027,8.300000190734863,8.300000190734863,181600
2022-03-14,8.260000228881836,8.869999885559082,8.0600004196167,8.329999923706055,8.329999923706055,222700
2022-03-15,8.3100004196167,9.010000228881836,8.180000305175781,8.829999923706055,8.829999923706055,673800
2022-03-16,9.84000015258789,9.84000015258789,8.319999694824219,8.4399995803833,8.4399995803833,555100
2022-03-17,8.319999694824219,8.569999694824219,8.199999809265137,8.329999923706055,8.329999923706055,432400
2022-03-18,8.460000038146973,8.470000267028809,7.880000114440918,7.929999828338623,7.929999828338623,559100
2022-03-21,7.75,7.829999923706055,7.510000228881836,7.639999866485596,7.639999866485596,452300
2022-03-22,7.690000057220459,8.0,7.599999904632568,7.849999904632568,7.849999904632568,644800
2022-03-23,7.769999980926514,8.074999809265137,7.460000038146973,7.809999942779541,7.809999942779541,1416500
2022-03-24,7.800000190734863,7.900000095367432,7.099999904632568,7.150000095367432,7.150000095367432,375200
2022-03-25,7.159999847412109,7.159999847412109,6.860000133514404,7.010000228881836,7.010000228881836,309700
2022-03-28,7.0,7.119999885559082,6.880000114440918,7.03000020980835,7.03000020980835,372900
2022-03-29,6.929999828338623,7.28000020980835,6.860000133514404,7.150000095367432,7.150000095367432,482600
2022-03-30,7.139999866485596,8.0,7.139999866485596,7.75,7.75,348900
2022-03-31,7.670000076293945,7.860000133514404,7.5,7.579999923706055,7.579999923706055,247200
2022-04-01,7.630000114440918,7.699999809265137,7.409999847412109,7.489999771118164,7.489999771118164,250600
2022-04-04,7.599999904632568,8.1899995803833,7.550000190734863,8.010000228881836,8.010000228881836,276100
2022-04-05,8.085000038146973,8.09000015258789,7.760000228881836,8.0,8.0,198100
2022-04-06,7.840000152587891,8.050000190734863,7.78000020980835,8.0,8.0,193900
2022-04-07,7.909999847412109,8.09000015258789,7.559999942779541,7.670000076293945,7.670000076293945,157900
2022-04-08,7.650000095367432,7.760000228881836,7.460000038146973,7.619999885559082,7.619999885559082,147300
2022-04-11,7.5,7.690000057220459,7.079999923706055,7.369999885559082,7.369999885559082,87900
2022-04-12,7.400000095367432,7.650000095367432,7.099999904632568,7.489999771118164,7.489999771118164,281100
2022-04-13,7.539999961853027,7.940000057220459,7.239999771118164,7.929999828338623,7.929999828338623,209700
2022-04-14,7.949999809265137,8.180000305175781,7.5,7.639999866485596,7.639999866485596,175300
2022-04-18,7.695000171661377,7.695000171661377,7.309999942779541,7.400000095367432,7.400000095367432,201400
2022-04-19,7.340000152587891,7.420000076293945,7.199999809265137,7.420000076293945,7.420000076293945,110100
2022-04-20,7.420000076293945,7.5,7.130000114440918,7.400000095367432,7.400000095367432,216500
2022-04-21,7.400000095367432,7.789999961853027,7.199999809265137,7.360000133514404,7.360000133514404,113800
2022-04-22,7.014999866485596,7.610000133514404,7.014999866485596,7.159999847412109,7.159999847412109,184500
2022-04-25,7.25,7.289999961853027,7.03000020980835,7.179999828338623,7.179999828338623,325300
2022-04-26,7.179999828338623,7.179999828338623,6.800000190734863,6.860000133514404,6.860000133514404,163500
2022-04-27,6.869999885559082,7.559999942779541,6.690000057220459,7.099999904632568,7.099999904632568,324700
2022-04-28,7.090000152587891,7.570000171661377,7.0,7.389999866485596,7.389999866485596,167000
2022-04-29,7.050000190734863,7.650000095367432,7.050000190734863,7.360000133514404,7.360000133514404,172500
2022-05-02,7.210000038146973,7.65500020980835,7.210000038146973,7.429999828338623,7.429999828338623,173500
2022-05-03,7.389999866485596,7.489999771118164,7.039999961853027,7.070000171661377,7.070000171661377,119100
2022-05-04,7.099999904632568,7.275000095367432,6.71999979019165,7.0,7.0,303400
2022-05-05,6.980000019073486,7.0,6.550000190734863,6.559999942779541,6.559999942779541,129200
2022-05-06,6.5,6.510000228881836,6.059999942779541,6.099999904632568,6.099999904632568,138200
2022-05-09,6.010000228881836,6.050000190734863,5.320000171661377,5.329999923706055,5.329999923706055,181400
2022-05-10,5.460000038146973,5.489999771118164,4.96999979019165,5.019999980926514,5.019999980926514,394000
2022-05-11,5.070000171661377,5.070000171661377,4.590000152587891,4.639999866485596,4.639999866485596,322800
2022-05-12,4.489999771118164,4.96999979019165,4.409999847412109,4.96999979019165,4.96999979019165,315000
2022-05-13,5.070000171661377,5.269999980926514,5.0,5.070000171661377,5.070000171661377,198000
2022-05-16,5.019999980926514,5.215000152587891,4.960000038146973,5.079999923706055,5.079999923706055,223600
2022-05-17,5.150000095367432,5.670000076293945,5.079999923706055,5.630000114440918,5.630000114440918,261300
2022-05-18,5.559999942779541,5.760000228881836,5.28000020980835,5.389999866485596,5.389999866485596,238400
2022-05-19,5.329999923706055,5.550000190734863,5.320000171661377,5.409999847412109,5.409999847412109,83100
2022-05-20,5.480000019073486,5.775000095367432,5.440000057220459,5.570000171661377,5.570000171661377,295500
2022-05-23,5.659999847412109,5.739999771118164,5.489999771118164,5.579999923706055,5.579999923706055,319200
2022-05-24,5.559999942779541,5.690000057220459,5.380000114440918,5.599999904632568,5.599999904632568,328700
2022-05-25,5.570000171661377,5.710000038146973,5.320000171661377,5.619999885559082,5.619999885559082,633800
2022-05-26,5.650000095367432,5.980000019073486,5.625,5.880000114440918,5.880000114440918,290300
2022-05-27,5.920000076293945,6.21999979019165,5.800000190734863,6.21999979019165,6.21999979019165,252400
2022-05-31,6.25,6.800000190734863,6.210000038146973,6.690000057220459,6.690000057220459,551800
2022-06-01,6.679999828338623,7.09499979019165,6.360000133514404,6.519999980926514,6.519999980926514,392200
2022-06-02,6.519999980926514,6.929999828338623,6.380000114440918,6.78000020980835,6.78000020980835,371500
2022-06-03,6.809999942779541,6.889999866485596,6.489999771118164,6.800000190734863,6.800000190734863,325500
2022-06-06,6.940000057220459,7.079999923706055,5.96999979019165,5.989999771118164,5.989999771118164,307100
2022-06-07,5.889999866485596,6.199999809265137,5.559999942779541,5.889999866485596,5.889999866485596,392200
2022-06-08,5.869999885559082,6.230000019073486,5.619999885559082,5.900000095367432,5.900000095367432,347400
2022-06-09,5.929999828338623,5.929999828338623,5.289999961853027,5.289999961853027,5.289999961853027,203500
2022-06-10,5.21999979019165,5.550000190734863,4.829999923706055,4.829999923706055,4.829999923706055,164300
2022-06-13,4.760000228881836,4.760000228881836,3.8299999237060547,3.859999895095825,3.859999895095825,292500
2022-06-14,4.008999824523926,4.019999980926514,3.7100000381469727,3.9600000381469727,3.9600000381469727,178600
2022-06-15,3.990000009536743,4.150000095367432,3.940000057220459,4.090000152587891,4.090000152587891,171600
2022-06-16,3.9600000381469727,4.21999979019165,3.859999895095825,4.119999885559082,4.119999885559082,202000
2022-06-17,4.150000095367432,4.989999771118164,4.150000095367432,4.730000019073486,4.730000019073486,520500
2022-06-21,4.789999961853027,5.050000190734863,4.25,4.269999980926514,4.269999980926514,370800
2022-06-22,4.159999847412109,4.434999942779541,4.039999961853027,4.139999866485596,4.139999866485596,330500
2022-06-23,4.159999847412109,4.369999885559082,4.0,4.230000019073486,4.230000019073486,725100
2022-06-24,4.260000228881836,4.829999923706055,3.890000104904175,4.630000114440918,4.630000114440918,6841700
2022-06-27,4.800000190734863,5.170000076293945,4.090000152587891,4.400000095367432,4.400000095367432,861800
2022-06-28,4.340000152587891,4.570000171661377,4.130000114440918,4.409999847412109,4.409999847412109,598800
2022-06-29,4.360000133514404,4.5,4.190000057220459,4.320000171661377,4.320000171661377,408000
2022-06-30,4.230000019073486,4.539999961853027,4.230000019073486,4.53000020980835,4.53000020980835,463300
2022-07-01,4.579999923706055,4.800000190734863,4.440000057220459,4.75,4.75,126500
2022-07-05,4.639999866485596,5.079999923706055,4.579999923706055,5.070000171661377,5.070000171661377,244100
2022-07-06,4.929999828338623,5.369999885559082,4.760000228881836,4.849999904632568,4.849999904632568,135500
2022-07-07,4.860000133514404,5.329999923706055,4.860000133514404,5.309999942779541,5.309999942779541,173000
2022-07-08,5.300000190734863,5.599999904632568,5.269999980926514,5.460000038146973,5.460000038146973,226900
2022-07-11,5.440000057220459,5.440000057220459,4.644999980926514,4.679999828338623,4.679999828338623,168400
2022-07-12,4.670000076293945,4.800000190734863,4.309999942779541,4.610000133514404,4.610000133514404,129300
2022-07-13,4.550000190734863,4.809999942779541,4.386000156402588,4.71999979019165,4.71999979019165,511200
2022-07-14,4.650000095367432,4.829999923706055,4.360000133514404,4.369999885559082,4.369999885559082,136100
2022-07-15,4.46999979019165,4.53000020980835,4.230000019073486,4.510000228881836,4.510000228881836,123000
2022-07-18,4.559999942779541,4.559999942779541,4.199999809265137,4.25,4.25,69700
2022-07-19,4.309999942779541,4.510000228881836,4.25,4.380000114440918,4.380000114440918,75400
2022-07-20,4.380000114440918,4.989999771118164,4.380000114440918,4.420000076293945,4.420000076293945,88100
2022-07-21,4.380000114440918,4.539999961853027,4.380000114440918,4.519999980926514,4.519999980926514,69400
2022-07-22,4.539999961853027,4.539999961853027,4.099999904632568,4.159999847412109,4.159999847412109,140800
2022-07-25,4.170000076293945,4.400000095367432,4.065000057220459,4.139999866485596,4.139999866485596,1468400
2022-07-26,4.099999904632568,4.300000190734863,3.940000057220459,4.199999809265137,4.199999809265137,227600
2022-07-27,4.239999771118164,4.380000114440918,3.9600000381469727,4.360000133514404,4.360000133514404,254700
2022-07-28,4.369999885559082,4.585000038146973,4.179999828338623,4.309999942779541,4.309999942779541,124200
2022-07-29,4.28000020980835,4.28000020980835,3.990000009536743,4.090000152587891,4.090000152587891,274600
2022-08-01,4.050000190734863,4.050000190734863,3.7899999618530273,3.809999942779541,3.809999942779541,194500
2022-08-02,3.859999895095825,4.255000114440918,3.7899999618530273,4.050000190734863,4.050000190734863,696500
2022-08-03,4.070000171661377,4.28000020980835,4.070000171661377,4.119999885559082,4.119999885559082,204800
2022-08-04,4.139999866485596,4.534999847412109,4.139999866485596,4.329999923706055,4.329999923706055,296200
2022-08-05,4.269999980926514,4.340000152587891,4.150000095367432,4.28000020980835,4.28000020980835,338200
2022-08-08,4.320000171661377,4.554999828338623,4.199999809265137,4.300000190734863,4.300000190734863,398300
2022-08-09,4.289999961853027,4.320000171661377,4.059999942779541,4.059999942779541,4.059999942779541,230100
2022-08-10,4.119999885559082,5.010000228881836,4.119999885559082,4.96999979019165,4.96999979019165,247200
2022-08-11,4.980000019073486,5.380000114440918,4.980000019073486,5.099999904632568,5.099999904632568,240900
2022-08-12,5.119999885559082,5.260000228881836,4.789999961853027,5.21999979019165,5.21999979019165,160600
2022-08-15,5.190000057220459,5.409999847412109,5.093999862670898,5.389999866485596,5.389999866485596,161500
2022-08-16,5.340000152587891,5.340000152587891,5.03000020980835,5.170000076293945,5.170000076293945,140500
2022-08-17,5.090000152587891,5.179999828338623,4.849999904632568,5.010000228881836,5.010000228881836,133000
2022-08-18,4.940000057220459,5.079999923706055,4.75,5.0,5.0,130600
2022-08-19,4.920000076293945,5.059999942779541,4.820000171661377,4.900000095367432,4.900000095367432,115500
2022-08-22,4.820000171661377,4.880000114440918,4.590000152587891,4.840000152587891,4.840000152587891,164700
2022-08-23,4.860000133514404,5.0,4.659999847412109,4.679999828338623,4.679999828338623,90200
2022-08-24,4.670000076293945,4.860000133514404,4.610000133514404,4.71999979019165,4.71999979019165,115300
2022-08-25,4.789999961853027,4.789999961853027,4.46999979019165,4.510000228881836,4.510000228881836,50200
2022-08-26,4.539999961853027,4.539999961853027,4.199999809265137,4.28000020980835,4.28000020980835,151000
2022-08-29,4.239999771118164,4.619999885559082,4.239999771118164,4.5,4.5,137600
2022-08-30,4.539999961853027,4.539999961853027,4.0,4.150000095367432,4.150000095367432,126400
2022-08-31,4.170000076293945,4.329999923706055,4.090000152587891,4.099999904632568,4.099999904632568,76600
2022-09-01,4.019999980926514,4.269999980926514,4.019999980926514,4.260000228881836,4.260000228881836,131200
2022-09-02,4.269999980926514,4.610000133514404,4.170000076293945,4.28000020980835,4.28000020980835,153900
2022-09-06,4.260000228881836,4.360000133514404,3.5910000801086426,3.740000009536743,3.740000009536743,270300
2022-09-07,3.700000047683716,4.059999942779541,3.569999933242798,3.5999999046325684,3.5999999046325684,246100
2022-09-08,3.549999952316284,3.8259999752044678,3.5,3.7200000286102295,3.7200000286102295,219300
2022-09-09,3.7799999713897705,3.940000057220459,3.700000047683716,3.7300000190734863,3.7300000190734863,164600
2022-09-12,3.799999952316284,3.950000047683716,3.690000057220459,3.930000066757202,3.930000066757202,145000
2022-09-13,3.7899999618530273,3.859999895095825,3.5999999046325684,3.609999895095825,3.609999895095825,241700
2022-09-14,3.619999885559082,3.759999990463257,3.549999952316284,3.5999999046325684,3.5999999046325684,245900
2022-09-15,3.569999933242798,3.680000066757202,3.450000047683716,3.5799999237060547,3.5799999237060547,261600
2022-09-16,3.549999952316284,3.6500000953674316,3.3399999141693115,3.5,3.5,1322400
2022-09-19,3.490000009536743,3.690000057220459,3.390000104904175,3.680000066757202,3.680000066757202,150400
2022-09-20,3.609999895095825,3.6500000953674316,3.319999933242798,3.490000009536743,3.490000009536743,205100
2022-09-21,3.5,3.6619999408721924,3.390000104904175,3.549999952316284,3.549999952316284,159900
2022-09-22,3.490000009536743,3.5299999713897705,3.180000066757202,3.380000114440918,3.380000114440918,144300
2022-09-23,3.359999895095825,3.430000066757202,3.2100000381469727,3.4200000762939453,3.4200000762939453,143700
2022-09-26,3.4100000858306885,3.5299999713897705,3.2100000381469727,3.25,3.25,134000
2022-09-27,3.259999990463257,3.4600000381469727,3.259999990463257,3.4000000953674316,3.4000000953674316,74300
2022-09-28,3.4700000286102295,3.7300000190734863,3.4700000286102295,3.700000047683716,3.700000047683716,140400
2022-09-29,3.630000114440918,3.6600000858306885,3.4649999141693115,3.5999999046325684,3.5999999046325684,177000
2022-09-30,3.569999933242798,3.9600000381469727,3.569999933242798,3.619999885559082,3.619999885559082,180000
2022-10-03,3.700000047683716,3.75,3.2950000762939453,3.4100000858306885,3.4100000858306885,120100
2022-10-04,3.450000047683716,3.8399999141693115,3.450000047683716,3.819999933242798,3.819999933242798,125000
2022-10-05,3.690000057220459,4.050000190734863,3.690000057220459,3.9800000190734863,3.9800000190734863,186700
2022-10-06,3.950000047683716,4.230000019073486,3.819999933242798,4.110000133514404,4.110000133514404,170800
2022-10-07,4.21999979019165,4.25,3.9100000858306885,4.050000190734863,4.050000190734863,162800
2022-10-10,4.090000152587891,4.190000057220459,3.9700000286102295,4.070000171661377,4.070000171661377,78700
2022-10-11,4.03000020980835,4.383999824523926,3.7799999713897705,4.349999904632568,4.349999904632568,285300
2022-10-12,4.369999885559082,4.510000228881836,4.309999942779541,4.409999847412109,4.409999847412109,138800
2022-10-13,4.25,4.769999980926514,4.25,4.730000019073486,4.730000019073486,184700
2022-10-14,4.989999771118164,5.210000038146973,4.809999942779541,5.170000076293945,5.170000076293945,159900
2022-10-17,5.340000152587891,6.28000020980835,5.333000183105469,6.010000228881836,6.010000228881836,563300
2022-10-18,6.210000038146973,6.940000057220459,6.010000228881836,6.78000020980835,6.78000020980835,463500
2022-10-19,6.980000019073486,7.0,6.650000095367432,6.980000019073486,6.980000019073486,243100
2022-10-20,7.130000114440918,7.489999771118164,6.735000133514404,6.789999961853027,6.789999961853027,344800
2022-10-21,6.829999923706055,7.300000190734863,6.610000133514404,7.25,7.25,154800
2022-10-24,7.269999980926514,7.46999979019165,6.840000152587891,7.449999809265137,7.449999809265137,162600
2022-10-25,7.579999923706055,7.929999828338623,7.230000019073486,7.389999866485596,7.389999866485596,204800
2022-10-26,7.5,7.920000076293945,7.25,7.869999885559082,7.869999885559082,111200
2022-10-27,8.010000228881836,8.557999610900879,7.75,8.0600004196167,8.0600004196167,162700
2022-10-28,8.100000381469727,8.210000038146973,7.579999923706055,8.15999984741211,8.15999984741211,242300
2022-10-31,8.34000015258789,8.34000015258789,7.960000038146973,8.039999961853027,8.039999961853027,256400
2022-11-01,7.78000020980835,8.039999961853027,7.670000076293945,7.829999923706055,7.829999923706055,667900
2022-11-02,7.789999961853027,8.020000457763672,7.380000114440918,7.409999847412109,7.409999847412109,210100
2022-11-03,7.239999771118164,7.789999961853027,7.239999771118164,7.489999771118164,7.489999771118164,152500
2022-11-04,7.489999771118164,7.960000038146973,7.300000190734863,7.630000114440918,7.630000114440918,163400
2022-11-07,7.690000057220459,8.149999618530273,7.46999979019165,7.760000228881836,7.760000228881836,115300
2022-11-08,7.769999980926514,8.029999732971191,7.53000020980835,7.739999771118164,7.739999771118164,102100
2022-11-09,7.760000228881836,7.760000228881836,7.245999813079834,7.590000152587891,7.590000152587891,113100
2022-11-10,7.75,7.75,6.889999866485596,7.190000057220459,7.190000057220459,230000
2022-11-11,7.460000038146973,7.965000152587891,7.409999847412109,7.760000228881836,7.760000228881836,420900
2022-11-14,7.769999980926514,8.460000038146973,7.610000133514404,8.149999618530273,8.149999618530273,289500
2022-11-15,8.399999618530273,8.489999771118164,7.949999809265137,8.100000381469727,8.100000381469727,266800
2022-11-16,8.100000381469727,8.210000038146973,7.534999847412109,7.730000019073486,7.730000019073486,88600
2022-11-17,7.559999942779541,7.809999942779541,7.519999980926514,7.739999771118164,7.739999771118164,74000
2022-11-18,7.96999979019165,8.109999656677246,7.690000057220459,7.849999904632568,7.849999904632568,180900
2022-11-21,7.760000228881836,7.869999885559082,7.690000057220459,7.760000228881836,7.760000228881836,76800
2022-11-22,7.670000076293945,7.849999904632568,7.482999801635742,7.75,7.75,309800
2022-11-23,7.690000057220459,7.809999942779541,7.369999885559082,7.5,7.5,147700
2022-11-25,7.480000019073486,7.739999771118164,7.389999866485596,7.449999809265137,7.449999809265137,84500
2022-11-28,7.429999828338623,7.650000095367432,6.989999771118164,7.019999980926514,7.019999980926514,236100
2022-11-29,6.960000038146973,7.730000019073486,6.960000038146973,7.21999979019165,7.21999979019165,163100
2022-11-30,7.320000171661377,7.715000152587891,7.230000019073486,7.510000228881836,7.510000228881836,657400
2022-12-01,7.449999809265137,7.880000114440918,7.079999923706055,7.730000019073486,7.730000019073486,149400
2022-12-02,7.630000114440918,7.980000019073486,7.617000102996826,7.940000057220459,7.940000057220459,243000
2022-12-05,7.929999828338623,8.180000305175781,7.480000019073486,7.690000057220459,7.690000057220459,394800
2022-12-06,7.659999847412109,7.900000095367432,7.420000076293945,7.489999771118164,7.489999771118164,103100
2022-12-07,7.539999961853027,7.610000133514404,7.380000114440918,7.400000095367432,7.400000095367432,129500
2022-12-08,7.46999979019165,7.769999980926514,7.380000114440918,7.489999771118164,7.489999771118164,117100
2022-12-09,7.460000038146973,7.550000190734863,7.380000114440918,7.489999771118164,7.489999771118164,122500
2022-12-12,7.550000190734863,7.659999847412109,7.164999961853027,7.190000057220459,7.190000057220459,300200
2022-12-13,7.489999771118164,7.940000057220459,7.400000095367432,7.619999885559082,7.619999885559082,234800
2022-12-14,7.599999904632568,8.039999961853027,7.599999904632568,7.929999828338623,7.929999828338623,152200
2022-12-15,7.920000076293945,8.0649995803833,7.815000057220459,7.920000076293945,7.920000076293945,161100
2022-12-16,7.820000171661377,8.020000457763672,7.5,7.920000076293945,7.920000076293945,1005000
2022-12-19,7.96999979019165,7.96999979019165,7.389999866485596,7.75,7.75,180200
2022-12-20,7.710000038146973,8.050000190734863,7.360000133514404,7.860000133514404,7.860000133514404,167900
2022-12-21,7.909999847412109,8.069999694824219,7.860000133514404,7.989999771118164,7.989999771118164,145000
2022-12-22,7.869999885559082,7.994999885559082,7.489999771118164,7.510000228881836,7.510000228881836,122400
2022-12-23,7.570000171661377,7.989999771118164,7.460000038146973,7.829999923706055,7.829999923706055,172500
2022-12-27,7.860000133514404,7.885000228881836,7.210000038146973,7.300000190734863,7.300000190734863,116600
2022-12-28,7.21999979019165,7.289999961853027,7.0,7.199999809265137,7.199999809265137,148400
2022-12-29,7.289999961853027,7.736999988555908,7.239999771118164,7.599999904632568,7.599999904632568,110300
2022-12-30,7.480000019073486,7.639999866485596,7.050000190734863,7.25,7.25,414100
2023-01-03,7.309999942779541,7.760000228881836,7.139999866485596,7.309999942779541,7.309999942779541,188500
2023-01-04,7.380000114440918,7.760000228881836,7.329999923706055,7.71999979019165,7.71999979019165,106700
2023-01-05,7.710000038146973,7.880000114440918,7.465000152587891,7.599999904632568,7.599999904632568,107300
2023-01-06,7.670000076293945,8.079999923706055,7.460000038146973,7.769999980926514,7.769999980926514,89700
2023-01-09,7.940000057220459,7.940000057220459,7.300000190734863,7.389999866485596,7.389999866485596,86100
2023-01-10,7.389999866485596,7.699999809265137,7.289999961853027,7.699999809265137,7.699999809265137,115300
2023-01-11,7.650000095367432,8.039999961853027,7.639999866485596,7.860000133514404,7.860000133514404,95600
2023-01-12,7.889999866485596,8.399999618530273,7.78000020980835,7.989999771118164,7.989999771118164,176400
2023-01-13,7.960000038146973,8.180000305175781,7.940000057220459,8.0600004196167,8.0600004196167,158600
2023-01-17,8.039999961853027,8.397000312805176,7.860000133514404,7.929999828338623,7.929999828338623,266500
2023-01-18,7.920000076293945,8.050000190734863,7.409999847412109,7.429999828338623,7.429999828338623,151900
2023-01-19,7.349999904632568,7.480000019073486,7.099999904632568,7.349999904632568,7.349999904632568,128200
2023-01-20,7.46999979019165,7.46999979019165,7.170000076293945,7.260000228881836,7.260000228881836,153200
2023-01-23,7.260000228881836,7.380000114440918,6.940000057220459,7.139999866485596,7.139999866485596,163800
2023-01-24,7.090000152587891,7.409999847412109,6.96999979019165,7.119999885559082,7.119999885559082,166100
2023-01-25,7.119999885559082,7.659999847412109,6.960000038146973,7.179999828338623,7.179999828338623,288700
2023-01-26,7.210000038146973,7.375,6.75,6.840000152587891,6.840000152587891,194900
2023-01-27,6.789999961853027,7.059999942779541,6.5,6.53000020980835,6.53000020980835,112400
2023-01-30,6.429999828338623,6.5,6.130000114440918,6.170000076293945,6.170000076293945,181900
2023-01-31,6.239999771118164,6.619999885559082,6.059999942779541,6.599999904632568,6.599999904632568,350700
2023-02-01,6.519999980926514,6.949999809265137,6.210000038146973,6.849999904632568,6.849999904632568,284900
2023-02-02,6.949999809265137,7.190000057220459,6.71999979019165,7.03000020980835,7.03000020980835,234700
2023-02-03,6.860000133514404,7.070000171661377,6.5,6.539999961853027,6.539999961853027,173100
2023-02-06,6.480000019073486,6.71999979019165,6.409999847412109,6.5,6.5,304000
2023-02-07,6.489999771118164,6.539999961853027,6.179999828338623,6.349999904632568,6.349999904632568,352900
2023-02-08,6.230000019073486,6.489999771118164,5.800000190734863,6.139999866485596,6.139999866485596,295800
2023-02-09,6.150000095367432,6.380000114440918,6.010000228881836,6.119999885559082,6.119999885559082,222600
2023-02-10,6.03000020980835,6.320000171661377,5.840000152587891,6.170000076293945,6.170000076293945,429100
2023-02-13,6.199999809265137,6.389999866485596,6.059999942779541,6.190000057220459,6.190000057220459,400300
2023-02-14,6.139999866485596,6.139999866485596,5.449999809265137,5.760000228881836,5.760000228881836,604700
2023-02-15,5.670000076293945,5.800000190734863,5.554999828338623,5.679999828338623,5.679999828338623,286700
2023-02-16,5.539999961853027,5.610000133514404,5.289999961853027,5.360000133514404,5.360000133514404,228200
2023-02-17,5.420000076293945,5.71999979019165,5.289999961853027,5.679999828338623,5.679999828338623,251700
2023-02-21,5.619999885559082,5.71999979019165,5.329999923706055,5.400000095367432,5.400000095367432,216900
2023-02-22,5.409999847412109,5.5,5.159999847412109,5.210000038146973,5.210000038146973,172200
2023-02-23,5.230000019073486,5.230000019073486,4.889999866485596,5.03000020980835,5.03000020980835,153200
2023-02-24,4.949999809265137,4.989999771118164,4.71999979019165,4.829999923706055,4.829999923706055,125400
2023-02-27,4.869999885559082,5.019999980926514,4.769999980926514,4.929999828338623,4.929999828338623,185200
2023-02-28,4.949999809265137,5.239999771118164,4.925000190734863,5.230000019073486,5.230000019073486,161900
2023-03-01,5.230000019073486,5.539999961853027,5.130000114440918,5.199999809265137,5.199999809265137,343800
2023-03-02,5.260000228881836,5.309999942779541,4.980000019073486,5.300000190734863,5.300000190734863,97700
2023-03-03,5.329999923706055,5.380000114440918,5.130000114440918,5.360000133514404,5.360000133514404,110400
2023-03-06,5.420000076293945,5.420000076293945,5.130000114440918,5.159999847412109,5.159999847412109,92300
2023-03-07,5.25,5.25,4.925000190734863,5.039999961853027,5.039999961853027,73700
2023-03-08,5.039999961853027,5.139999866485596,4.960000038146973,5.019999980926514,5.019999980926514,80300
2023-03-09,4.960000038146973,5.03000020980835,4.619999885559082,4.650000095367432,4.650000095367432,141300
2023-03-10,4.650000095367432,4.650000095367432,3.9600000381469727,4.03000020980835,4.03000020980835,231900
2023-03-13,3.890000104904175,4.460000038146973,3.890000104904175,4.289999961853027,4.289999961853027,157300
2023-03-14,4.440000057220459,4.519999980926514,4.255000114440918,4.420000076293945,4.420000076293945,169600
2023-03-15,4.260000228881836,4.375,4.110000133514404,4.28000020980835,4.28000020980835,138100
2023-03-16,4.210000038146973,4.554999828338623,4.175000190734863,4.389999866485596,4.389999866485596,131100
2023-03-17,4.340000152587891,4.519999980926514,4.184999942779541,4.210000038146973,4.210000038146973,262100
2023-03-20,4.300000190734863,4.389999866485596,4.130000114440918,4.320000171661377,4.320000171661377,144700
2023-03-21,4.409999847412109,4.570000171661377,4.389999866485596,4.46999979019165,4.46999979019165,170300
2023-03-22,4.46999979019165,4.46999979019165,4.050000190734863,4.070000171661377,4.070000171661377,120800
2023-03-23,4.119999885559082,4.244999885559082,3.984999895095825,4.070000171661377,4.070000171661377,117800
2023-03-24,4.0,4.230000019073486,3.990000009536743,4.170000076293945,4.170000076293945,88500
2023-03-27,4.170000076293945,4.179999828338623,3.549999952316284,3.7799999713897705,3.7799999713897705,165400
2023-03-28,3.799999952316284,3.940000057220459,3.75,3.759999990463257,3.759999990463257,100700
2023-03-29,3.819999933242798,4.079999923706055,3.819999933242798,4.019999980926514,4.019999980926514,326800
2023-03-30,4.050000190734863,4.130000114440918,3.9200000762939453,3.9200000762939453,3.9200000762939453,272100
2023-03-31,3.950000047683716,4.079999923706055,3.9000000953674316,3.950000047683716,3.950000047683716,492000
2023-04-03,4.090000152587891,4.489999771118164,4.090000152587891,4.360000133514404,4.360000133514404,312300
2023-04-04,4.369999885559082,4.440000057220459,4.21999979019165,4.28000020980835,4.28000020980835,185000
2023-04-05,4.329999923706055,4.329999923706055,4.090000152587891,4.170000076293945,4.170000076293945,147700
2023-04-06,4.170000076293945,4.489999771118164,4.159999847412109,4.429999828338623,4.429999828338623,156200
2023-04-10,4.400000095367432,4.619999885559082,4.349999904632568,4.519999980926514,4.519999980926514,135500
2023-04-11,4.519999980926514,4.800000190734863,4.510000228881836,4.699999809265137,4.699999809265137,122800
2023-04-12,4.769999980926514,4.800000190734863,4.53000020980835,4.559999942779541,4.559999942779541,116500
2023-04-13,4.559999942779541,4.849999904632568,4.449999809265137,4.489999771118164,4.489999771118164,257900
2023-04-14,4.46999979019165,4.559999942779541,4.170000076293945,4.260000228881836,4.260000228881836,164400
2023-04-17,4.199999809265137,4.400000095367432,4.130000114440918,4.199999809265137,4.199999809265137,552000
2023-04-18,4.21999979019165,4.224999904632568,3.7100000381469727,3.7100000381469727,3.7100000381469727,234100
2023-04-19,3.6500000953674316,3.7799999713897705,3.5899999141693115,3.619999885559082,3.619999885559082,109500
2023-04-20,3.640000104904175,3.640000104904175,3.359999895095825,3.4200000762939453,3.4200000762939453,97400
2023-04-21,3.380000114440918,3.671999931335449,3.380000114440918,3.609999895095825,3.609999895095825,235100
2023-04-24,3.559999942779541,3.640000104904175,3.450000047683716,3.5399999618530273,3.5399999618530273,80200
2023-04-25,3.490000009536743,3.5999999046325684,3.25,3.319999933242798,3.319999933242798,142800
2023-04-26,3.2699999809265137,3.4549999237060547,3.184999942779541,3.2699999809265137,3.2699999809265137,244000
2023-04-27,3.2799999713897705,3.490000009536743,3.2799999713897705,3.430000066757202,3.430000066757202,83200
2023-04-28,3.4000000953674316,3.559999942779541,3.369999885559082,3.4000000953674316,3.4000000953674316,181200
2023-05-01,3.3399999141693115,3.5199999809265137,3.319999933242798,3.3299999237060547,3.3299999237060547,79000
2023-05-02,3.369999885559082,3.490000009536743,3.140000104904175,3.2200000286102295,3.2200000286102295,110600
2023-05-03,3.240000009536743,3.430000066757202,3.0999999046325684,3.240000009536743,3.240000009536743,337300
2023-05-04,3.2300000190734863,3.319999933242798,3.1500000953674316,3.259999990463257,3.259999990463257,77500
2023-05-05,3.319999933242798,3.4800000190734863,3.305000066757202,3.430000066757202,3.430000066757202,45800
2023-05-08,3.4200000762939453,3.4800000190734863,3.3550000190734863,3.440000057220459,3.440000057220459,68800
2023-05-09,3.4800000190734863,3.799999952316284,3.2699999809265137,3.6600000858306885,3.6600000858306885,396600
2023-05-10,3.680000066757202,4.099999904632568,3.680000066757202,3.859999895095825,3.859999895095825,250600
2023-05-11,3.819999933242798,3.930000066757202,3.630000114440918,3.700000047683716,3.700000047683716,229800
2023-05-12,3.7300000190734863,3.940000057220459,3.549999952316284,3.5899999141693115,3.5899999141693115,78300
2023-05-15,3.609999895095825,3.869999885559082,3.5450000762939453,3.7699999809265137,3.7699999809265137,59100
2023-05-16,3.700000047683716,3.7100000381469727,3.569999933242798,3.5899999141693115,3.5899999141693115,54400
2023-05-17,3.640000104904175,3.7200000286102295,3.5209999084472656,3.680000066757202,3.680000066757202,93000
2023-05-18,3.700000047683716,3.7799999713897705,3.619999885559082,3.700000047683716,3.700000047683716,56200
2023-05-19,3.8399999141693115,3.940000057220459,3.5999999046325684,3.7200000286102295,3.7200000286102295,86800
2023-05-22,3.7200000286102295,4.0,3.690000057220459,3.9100000858306885,3.9100000858306885,110700
2023-05-23,3.9100000858306885,4.105000019073486,3.9100000858306885,4.019999980926514,4.019999980926514,60100
2023-05-24,3.990000009536743,3.990000009536743,3.4100000858306885,3.5,3.5,191700
2023-05-25,3.4800000190734863,3.5899999141693115,2.880000114440918,2.9200000762939453,2.9200000762939453,203100
2023-05-26,2.9800000190734863,3.1500000953674316,2.9000000953674316,2.990000009536743,2.990000009536743,130600
2023-05-30,3.0199999809265137,3.0199999809265137,2.7300000190734863,2.759999990463257,2.759999990463257,217000
2023-05-31,2.7899999618530273,2.9100000858306885,2.4700000286102295,2.700000047683716,2.700000047683716,1182400
2023-06-01,2.680000066757202,2.759999990463257,2.6050000190734863,2.6700000762939453,2.6700000762939453,192000
2023-06-02,2.690000057220459,3.430000066757202,2.559999942779541,3.190000057220459,3.190000057220459,2480100
2023-06-05,3.2300000190734863,3.6700000762939453,3.140000104904175,3.4000000953674316,3.4000000953674316,352200
2023-06-06,3.380000114440918,3.609999895095825,3.309999942779541,3.549999952316284,3.549999952316284,190300
2023-06-07,3.5999999046325684,3.890000104904175,3.549999952316284,3.7100000381469727,3.7100000381469727,285700
2023-06-08,3.690000057220459,3.700000047683716,3.2200000286102295,3.430000066757202,3.430000066757202,125100
2023-06-09,3.4100000858306885,3.430000066757202,3.1700000762939453,3.3299999237060547,3.3299999237060547,138700
2023-06-12,3.319999933242798,3.6700000762939453,3.2799999713897705,3.5299999713897705,3.5299999713897705,127800
2023-06-13,3.569999933242798,3.680000066757202,3.450000047683716,3.630000114440918,3.630000114440918,117200
2023-06-14,3.6700000762939453,3.7300000190734863,3.4100000858306885,3.509999990463257,3.509999990463257,116700
2023-06-15,3.5,3.6600000858306885,3.359999895095825,3.609999895095825,3.609999895095825,88300
2023-06-16,3.640000104904175,3.6600000858306885,3.3299999237060547,3.509999990463257,3.509999990463257,304700
2023-06-20,3.509999990463257,3.5439999103546143,3.299999952316284,3.5,3.5,86300
2023-06-21,3.490000009536743,3.5199999809265137,3.2799999713897705,3.4800000190734863,3.4800000190734863,99300
2023-06-22,3.430000066757202,3.490000009536743,3.200000047683716,3.450000047683716,3.450000047683716,192400
2023-06-23,3.3499999046325684,3.990000009536743,3.2950000762939453,3.740000009536743,3.740000009536743,552200
2023-06-26,3.7300000190734863,3.809999942779541,3.359999895095825,3.359999895095825,3.359999895095825,123300
2023-06-27,3.369999885559082,3.369999885559082,3.140000104904175,3.2100000381469727,3.2100000381469727,88700
2023-06-28,3.2100000381469727,3.359999895095825,3.0999999046325684,3.3499999046325684,3.3499999046325684,85600
2023-06-29,3.3299999237060547,3.5299999713897705,3.1500000953674316,3.259999990463257,3.259999990463257,78600
2023-06-30,3.25,3.359999895095825,3.119999885559082,3.319999933242798,3.319999933242798,177200
2023-07-03,3.299999952316284,3.4149999618530273,3.0999999046325684,3.1500000953674316,3.1500000953674316,63900
2023-07-05,3.0999999046325684,3.2899999618530273,3.0299999713897705,3.190000057220459,3.190000057220459,57900
2023-07-06,3.119999885559082,3.359999895095825,3.0399999618530273,3.240000009536743,3.240000009536743,98700
2023-07-07,3.2899999618530273,3.3499999046325684,3.1500000953674316,3.190000057220459,3.190000057220459,58700
2023-07-10,3.180000066757202,3.319999933242798,3.1500000953674316,3.200000047683716,3.200000047683716,52500
2023-07-11,3.2100000381469727,3.569999933242798,3.2049999237060547,3.430000066757202,3.430000066757202,185900
2023-07-12,3.4700000286102295,3.6500000953674316,3.359999895095825,3.5399999618530273,3.5399999618530273,140200
2023-07-13,3.5899999141693115,3.6419999599456787,3.4010000228881836,3.450000047683716,3.450000047683716,58700
2023-07-14,3.4800000190734863,3.4800000190734863,3.2799999713897705,3.430000066757202,3.430000066757202,49100
2023-07-17,3.4600000381469727,3.5799999237060547,3.3399999141693115,3.549999952316284,3.549999952316284,133800
2023-07-18,3.5399999618530273,3.630000114440918,3.380000114440918,3.4200000762939453,3.4200000762939453,60700
2023-07-19,3.430000066757202,3.609999895095825,3.4200000762939453,3.509999990463257,3.509999990463257,105200
2023-07-20,3.490000009536743,3.559999942779541,3.2699999809265137,3.309999942779541,3.309999942779541,109600
2023-07-21,3.3499999046325684,3.390000104904175,3.1519999504089355,3.240000009536743,3.240000009536743,90600
2023-07-24,3.2899999618530273,3.296999931335449,3.049999952316284,3.1600000858306885,3.1600000858306885,53400
2023-07-25,3.119999885559082,3.1700000762939453,3.0,3.0399999618530273,3.0399999618530273,48900
2023-07-26,3.0399999618530273,3.119999885559082,2.890000104904175,2.9700000286102295,2.9700000286102295,82400
2023-07-27,2.9700000286102295,3.0450000762939453,2.880000114440918,2.930000066757202,2.930000066757202,178600
2023-07-28,2.930000066757202,3.619999885559082,2.9100000858306885,3.049999952316284,3.049999952316284,254900
2023-07-31,3.049999952316284,3.380000114440918,3.049999952316284,3.380000114440918,3.380000114440918,80300
2023-08-01,3.3299999237060547,3.4100000858306885,3.2200000286102295,3.259999990463257,3.259999990463257,40500
2023-08-02,3.200000047683716,3.299999952316284,3.0950000286102295,3.180000066757202,3.180000066757202,68300
2023-08-03,3.180000066757202,3.4600000381469727,3.180000066757202,3.390000104904175,3.390000104904175,53700
2023-08-04,3.4100000858306885,3.4600000381469727,3.325000047683716,3.4000000953674316,3.4000000953674316,101400
2023-08-07,3.509999990463257,3.569999933242798,3.359999895095825,3.440000057220459,3.440000057220459,193400
2023-08-08,3.450000047683716,3.990000009536743,3.450000047683716,3.8299999237060547,3.8299999237060547,1537200
2023-08-09,5.0,9.390000343322754,5.0,7.809999942779541,7.809999942779541,74897800
2023-08-10,7.309999942779541,7.590000152587891,6.25,6.539999961853027,6.539999961853027,5196900
2023-08-11,6.929999828338623,9.239999771118164,6.809999942779541,7.510000228881836,7.510000228881836,8668400
2023-08-14,7.28000020980835,7.5,6.769999980926514,6.989999771118164,6.989999771118164,1029900
2023-08-15,6.75,7.25,6.75,6.900000095367432,6.900000095367432,479200
2023-08-16,6.980000019073486,7.440000057220459,6.75,6.840000152587891,6.840000152587891,705500
2023-08-17,6.949999809265137,7.456999778747559,6.789999961853027,7.119999885559082,7.119999885559082,496800
2023-08-18,6.949999809265137,7.3520002365112305,6.710000038146973,6.940000057220459,6.940000057220459,449100
2023-08-21,6.96999979019165,7.300000190734863,6.888999938964844,7.159999847412109,7.159999847412109,431400
2023-08-22,7.070000171661377,7.650000095367432,6.906000137329102,7.289999961853027,7.289999961853027,578000
2023-08-23,7.170000076293945,7.519999980926514,7.170000076293945,7.380000114440918,7.380000114440918,259900
2023-08-24,7.369999885559082,7.420000076293945,6.639999866485596,7.005000114440918,7.005000114440918,508800
2023-08-25,7.059999942779541,7.28000020980835,6.835000038146973,7.090000152587891,7.090000152587891,381800
2023-08-28,7.150000095367432,7.485000133514404,6.909999847412109,7.239999771118164,7.239999771118164,385400
2023-08-29,7.199999809265137,7.449999809265137,7.044000148773193,7.190000057220459,7.190000057220459,215300
2023-08-30,7.139999866485596,7.380000114440918,6.46999979019165,6.650000095367432,6.650000095367432,607100
2023-08-31,6.690000057220459,6.949999809265137,6.480000019073486,6.489999771118164,6.489999771118164,354700
2023-09-01,6.480000019073486,7.210000038146973,6.431000232696533,7.159999847412109,7.159999847412109,487600
2023-09-05,7.039999961853027,7.190000057220459,6.909999847412109,7.010000228881836,7.010000228881836,555800
2023-09-06,7.03000020980835,7.320000171661377,6.760000228881836,7.260000228881836,7.260000228881836,786200
2023-09-07,7.199999809265137,7.590000152587891,7.130000114440918,7.329999923706055,7.329999923706055,520600
2023-09-08,7.369999885559082,7.480000019073486,6.789999961853027,7.059999942779541,7.059999942779541,600200
2023-09-11,7.139999866485596,8.25,7.139999866485596,8.25,8.25,1072200
2023-09-12,8.170000076293945,8.529999732971191,7.949999809265137,8.100000381469727,8.100000381469727,911600
2023-09-13,8.100000381469727,8.239999771118164,7.929999828338623,8.039999961853027,8.039999961853027,896300
2023-09-14,8.100000381469727,8.380000114440918,7.934999942779541,8.239999771118164,8.239999771118164,577600
2023-09-15,8.329999923706055,8.529999732971191,8.069999694824219,8.510000228881836,8.510000228881836,1687600
2023-09-18,8.5600004196167,9.079999923706055,8.350000381469727,9.010000228881836,9.010000228881836,966800
2023-09-19,8.890000343322754,9.109999656677246,8.369999885559082,8.520000457763672,8.520000457763672,717200
2023-09-20,8.779999732971191,9.09000015258789,8.5600004196167,8.59000015258789,8.59000015258789,353100
2023-09-21,8.449999809265137,9.180000305175781,8.380000114440918,9.170000076293945,9.170000076293945,1544900
2023-09-22,9.09000015258789,10.390000343322754,9.0,10.319999694824219,10.319999694824219,2070300
2023-09-25,10.289999961853027,11.25,10.069999694824219,11.149999618530273,11.149999618530273,2126800
2023-09-26,11.010000228881836,11.319999694824219,10.800000190734863,11.069999694824219,11.069999694824219,694700
2023-09-27,11.069999694824219,11.40999984741211,10.630000114440918,11.199999809265137,11.199999809265137,1792400
2023-09-28,11.3100004196167,11.61400032043457,10.579999923706055,10.880000114440918,10.880000114440918,1186700
2023-09-29,10.869999885559082,11.479999542236328,10.850000381469727,11.260000228881836,11.260000228881836,1687200
2023-10-02,11.199999809265137,11.539999961853027,10.960000038146973,11.25,11.25,755600
2023-10-03,11.1899995803833,11.260000228881836,10.399999618530273,10.550000190734863,10.550000190734863,715500
2023-10-04,10.710000038146973,10.789999961853027,10.399999618530273,10.569999694824219,10.569999694824219,611500
2023-10-05,10.5,13.029999732971191,9.892999649047852,12.010000228881836,12.010000228881836,3303400
2023-10-06,11.9399995803833,12.430000305175781,11.369999885559082,11.380000114440918,11.380000114440918,1668300
2023-10-09,11.460000038146973,11.5,9.649999618530273,9.869999885559082,9.869999885559082,2386500
2023-10-10,9.680000305175781,10.015000343322754,9.399999618530273,9.729999542236328,9.729999542236328,970000
2023-10-11,9.640000343322754,10.140000343322754,8.789999961853027,8.850000381469727,8.850000381469727,1946400
2023-10-12,8.670000076293945,8.779999732971191,7.199999809265137,7.800000190734863,7.800000190734863,2840100
2023-10-13,7.889999866485596,7.980000019073486,5.150000095367432,7.690000057220459,7.690000057220459,14822900
2023-10-16,7.400000095367432,7.440999984741211,6.46999979019165,6.519999980926514,6.519999980926514,3156500
2023-10-17,6.420000076293945,7.349999904632568,6.320000171661377,7.199999809265137,7.199999809265137,2094500
2023-10-18,7.829999923706055,7.829999923706055,7.010000228881836,7.260000228881836,7.260000228881836,1719800
2023-10-19,7.199999809265137,7.579999923706055,7.043000221252441,7.510000228881836,7.510000228881836,948800
2023-10-20,7.360000133514404,7.739999771118164,7.340000152587891,7.539999961853027,7.539999961853027,898900
2023-10-23,7.389999866485596,7.730000019073486,6.994999885559082,7.050000190734863,7.050000190734863,871800
2023-10-24,6.809999942779541,7.489999771118164,6.809999942779541,7.190000057220459,7.190000057220459,839700
2023-10-25,7.269999980926514,7.639999866485596,7.090000152587891,7.360000133514404,7.360000133514404,793500
2023-10-26,7.260000228881836,8.119999885559082,7.260000228881836,8.079999923706055,8.079999923706055,823100
2023-10-27,8.119999885559082,8.289999961853027,7.809999942779541,8.010000228881836,8.010000228881836,773500
2023-10-30,8.239999771118164,8.493000030517578,7.980000019073486,8.319999694824219,8.319999694824219,657400
2023-10-31,8.239999771118164,8.54800033569336,8.029999732971191,8.399999618530273,8.399999618530273,637500
2023-11-01,8.260000228881836,8.529999732971191,8.1899995803833,8.210000038146973,8.210000038146973,469700
2023-11-02,8.210000038146973,8.470000267028809,8.010000228881836,8.430000305175781,8.430000305175781,514700
2023-11-03,8.489999771118164,8.829999923706055,8.119999885559082,8.399999618530273,8.399999618530273,594500
2023-11-06,8.59000015258789,8.65999984741211,8.270000457763672,8.390000343322754,8.390000343322754,678700
2023-11-07,8.380000114440918,8.699999809265137,8.380000114440918,8.609999656677246,8.609999656677246,455500
2023-11-08,8.859999656677246,9.140000343322754,8.5600004196167,8.9399995803833,8.9399995803833,1109500
2023-11-09,9.069999694824219,9.09000015258789,8.350000381469727,8.399999618530273,8.399999618530273,695500
2023-11-10,8.390000343322754,8.46500015258789,8.0,8.359999656677246,8.359999656677246,702100
2023-11-13,8.270000457763672,8.270000457763672,7.485000133514404,7.570000171661377,7.570000171661377,672600
2023-11-14,7.809999942779541,8.0,7.519999980926514,7.795000076293945,7.795000076293945,852000
2023-11-15,7.769999980926514,7.960000038146973,6.880000114440918,7.235000133514404,7.235000133514404,1565100
2023-11-16,7.340000152587891,7.650000095367432,7.170000076293945,7.510000228881836,7.510000228881836,664100
2023-11-17,7.510000228881836,7.630000114440918,7.367000102996826,7.599999904632568,7.599999904632568,549300
2023-11-20,7.650000095367432,7.920000076293945,7.489999771118164,7.610000133514404,7.610000133514404,467200
2023-11-21,7.590000152587891,7.599999904632568,7.389999866485596,7.440000057220459,7.440000057220459,429200
2023-11-22,7.53000020980835,7.84499979019165,7.449999809265137,7.78000020980835,7.78000020980835,320900
2023-11-24,7.78000020980835,7.960000038146973,7.480000019073486,7.53000020980835,7.53000020980835,182100
2023-11-27,7.510000228881836,7.659999847412109,7.429999828338623,7.550000190734863,7.550000190734863,1054100
2023-11-28,7.5,7.610000133514404,7.425000190734863,7.519999980926514,7.519999980926514,249200
2023-11-29,7.519999980926514,7.816999912261963,7.389999866485596,7.5,7.5,536100
2023-11-30,7.599999904632568,7.980000019073486,7.505000114440918,7.599999904632568,7.599999904632568,726200
2023-12-01,7.489999771118164,7.869999885559082,7.440000057220459,7.760000228881836,7.760000228881836,452900
2023-12-04,7.800000190734863,7.920000076293945,7.489999771118164,7.730000019073486,7.730000019073486,339100
2023-12-05,7.679999828338623,8.109999656677246,7.614999771118164,8.069999694824219,8.069999694824219,577900
2023-12-06,7.849999904632568,8.380000114440918,7.822000026702881,8.350000381469727,8.350000381469727,557700
2023-12-07,8.390000343322754,8.649999618530273,8.1899995803833,8.550000190734863,8.550000190734863,498400
2023-12-08,8.850000381469727,9.3149995803833,8.619999885559082,9.180000305175781,9.180000305175781,581200
2023-12-11,9.239999771118164,9.380000114440918,8.739999771118164,9.300000190734863,9.300000190734863,794800
2023-12-12,9.399999618530273,9.630000114440918,9.220000267028809,9.5,9.5,594200
2023-12-13,9.550000190734863,10.085000038146973,9.390000343322754,10.0,10.0,684600
2023-12-14,10.109999656677246,10.40999984741211,9.970000267028809,10.1899995803833,10.1899995803833,942600
2023-12-15,10.350000381469727,10.779999732971191,10.180000305175781,10.640000343322754,10.640000343322754,877400
2023-12-18,10.619999885559082,10.90999984741211,10.380000114440918,10.399999618530273,10.399999618530273,433200
2023-12-19,10.449999809265137,10.625,10.010000228881836,10.149999618530273,10.149999618530273,1143300
2023-12-20,10.220000267028809,10.479999542236328,9.805000305175781,9.84000015258789,9.84000015258789,663500
2023-12-21,9.920000076293945,10.149999618530273,9.720000267028809,9.8100004196167,9.8100004196167,511600
2023-12-22,9.850000381469727,10.25,9.670000076293945,10.020000457763672,10.020000457763672,540500
2023-12-26,10.170000076293945,10.600000381469727,9.9399995803833,10.460000038146973,10.460000038146973,456900
2023-12-27,10.470000267028809,10.65999984741211,10.220000267028809,10.539999961853027,10.539999961853027,325500
2023-12-28,10.609999656677246,10.729999542236328,10.319999694824219,10.350000381469727,10.350000381469727,542800
2023-12-29,10.40999984741211,10.40999984741211,9.869999885559082,9.899999618530273,9.899999618530273,747100
2024-01-02,9.800000190734863,10.420000076293945,9.770000457763672,9.979999542236328,9.979999542236328,414000
2024-01-03,10.010000228881836,10.09000015258789,9.5600004196167,9.640000343322754,9.640000343322754,341900
2024-01-04,9.699999809265137,9.791000366210938,9.1899995803833,9.319999694824219,9.319999694824219,495000
2024-01-05,9.229999542236328,9.239999771118164,8.859999656677246,9.180000305175781,9.180000305175781,470200
2024-01-08,9.180000305175781,9.680000305175781,9.069999694824219,9.470000267028809,9.470000267028809,376800
2024-01-09,9.319999694824219,9.460000038146973,9.0600004196167,9.359999656677246,9.359999656677246,310200
2024-01-10,9.350000381469727,9.949999809265137,9.239999771118164,9.850000381469727,9.850000381469727,671200
2024-01-11,9.789999961853027,10.829999923706055,9.760000228881836,10.600000381469727,10.600000381469727,1139500
2024-01-12,10.600000381469727,11.510000228881836,10.600000381469727,10.9399995803833,10.9399995803833,833900
2024-01-16,10.75,10.75,9.71500015258789,10.5600004196167,10.5600004196167,488500
2024-01-17,10.550000190734863,11.616999626159668,10.479999542236328,11.470000267028809,11.470000267028809,951200
2024-01-18,11.5,11.6899995803833,10.539999961853027,10.949999809265137,10.949999809265137,4713200
2024-01-19,11.050000190734863,11.050000190734863,10.5,10.930000305175781,10.930000305175781,435800
2024-01-22,10.970000267028809,11.289999961853027,10.770000457763672,10.960000038146973,10.960000038146973,336900
2024-01-23,10.930000305175781,11.545000076293945,10.90999984741211,11.359999656677246,11.359999656677246,435900
2024-01-24,11.5,12.710000038146973,11.40999984741211,12.569999694824219,12.569999694824219,955300
2024-01-25,12.569999694824219,13.005000114440918,12.350000381469727,12.430000305175781,12.430000305175781,584900
2024-01-26,12.460000038146973,12.489999771118164,11.479999542236328,11.529999732971191,11.529999732971191,440100
2024-01-29,11.529999732971191,12.390000343322754,11.239999771118164,12.390000343322754,12.390000343322754,354400
2024-01-30,12.25,12.300000190734863,11.869999885559082,12.0,12.0,359000
2024-01-31,11.979999542236328,12.369999885559082,11.720000267028809,11.75,11.75,463300
2024-02-01,11.9399995803833,12.430000305175781,11.760000228881836,12.279999732971191,12.279999732971191,401400
2024-02-02,12.180000305175781,12.989999771118164,12.135000228881836,12.880000114440918,12.880000114440918,492800
2024-02-05,12.739999771118164,12.75,12.0,12.460000038146973,12.460000038146973,414300
2024-02-06,12.220000267028809,12.869999885559082,12.220000267028809,12.729999542236328,12.729999542236328,361400
2024-02-07,12.699999809265137,12.890000343322754,12.430000305175781,12.720000267028809,12.720000267028809,373200
2024-02-08,12.699999809265137,12.779999732971191,11.75,12.15999984741211,12.15999984741211,450900
2024-02-09,12.0,12.699999809265137,11.890000343322754,12.40999984741211,12.40999984741211,643000
2024-02-12,12.65999984741211,12.800000190734863,11.979999542236328,12.390000343322754,12.390000343322754,638300
2024-02-13,11.920000076293945,12.050000190734863,11.350000381469727,11.75,11.75,1660000
2024-02-14,11.800000190734863,12.020000457763672,11.600000381469727,11.949999809265137,11.949999809265137,563000
2024-02-15,12.0,12.050000190734863,11.680000305175781,11.819999694824219,11.819999694824219,381600
2024-02-16,11.850000381469727,12.020000457763672,11.529999732971191,11.970000267028809,11.970000267028809,409100
2024-02-20,11.890000343322754,12.100000381469727,11.6899995803833,11.729999542236328,11.729999542236328,1115300
2024-02-21,11.739999771118164,11.800000190734863,10.65999984741211,11.0600004196167,11.0600004196167,644100
2024-02-22,11.0,11.6899995803833,10.920000076293945,11.510000228881836,11.510000228881836,487600
2024-02-23,11.520000457763672,12.0,11.45300006866455,11.5,11.5,383600
2024-02-26,11.449999809265137,11.859999656677246,11.229999542236328,11.369999885559082,11.369999885559082,291900
2024-02-27,11.470000267028809,11.949999809265137,11.34000015258789,11.800000190734863,11.800000190734863,538500
2024-02-28,11.789999961853027,11.970000267028809,11.470000267028809,11.510000228881836,11.510000228881836,292200
2024-02-29,11.739999771118164,11.9399995803833,11.069999694824219,11.130000114440918,11.130000114440918,426300
2024-03-01,11.079999923706055,11.609999656677246,11.0600004196167,11.4399995803833,11.4399995803833,353900
2024-03-04,11.399999618530273,11.729999542236328,11.164999961853027,11.539999961853027,11.539999961853027,370300
2024-03-05,11.569999694824219,11.859999656677246,10.979999542236328,11.170000076293945,11.170000076293945,341700
2024-03-06,11.520000457763672,11.710000038146973,11.199999809265137,11.300000190734863,11.300000190734863,329000
2024-03-07,11.3100004196167,11.3100004196167,11.0,11.020000457763672,11.020000457763672,258000
2024-03-08,11.170000076293945,11.329999923706055,10.899999618530273,11.149999618530273,11.149999618530273,300800
2024-03-11,11.15999984741211,11.34000015258789,10.670000076293945,10.739999771118164,10.739999771118164,724000
2024-03-12,10.75,10.960000038146973,9.880000114440918,10.0,10.0,830900
2024-03-13,10.010000228881836,10.100000381469727,9.180000305175781,9.220000267028809,9.220000267028809,1259300
2024-03-14,9.220000267028809,9.4350004196167,8.829999923706055,9.09000015258789,9.09000015258789,1167000
2024-03-15,9.0600004196167,9.295000076293945,8.930000305175781,9.029999732971191,9.029999732971191,3316900
2024-03-18,8.710000038146973,8.899999618530273,8.289999961853027,8.390000343322754,8.390000343322754,1062400
2024-03-19,8.3100004196167,8.5600004196167,8.069999694824219,8.149999618530273,8.149999618530273,759200
2024-03-20,8.380000114440918,8.510000228881836,8.0600004196167,8.5,8.5,582300
2024-03-21,8.550000190734863,8.625,8.1899995803833,8.220000267028809,8.220000267028809,521500
2024-03-22,7.96999979019165,8.0600004196167,7.699999809265137,7.730000019073486,7.730000019073486,500200
2024-03-25,7.690000057220459,7.929999828338623,7.559999942779541,7.630000114440918,7.630000114440918,343700
2024-03-26,7.679999828338623,7.789999961853027,7.480000019073486,7.510000228881836,7.510000228881836,480600
2024-03-27,7.53000020980835,7.869999885559082,7.320000171661377,7.699999809265137,7.699999809265137,602100
2024-03-28,7.710000038146973,7.989999771118164,7.625,7.940000057220459,7.940000057220459,1253700
2024-04-01,7.989999771118164,7.989999771118164,7.5,7.639999866485596,7.639999866485596,638000
2024-04-02,7.510000228881836,7.690000057220459,7.050000190734863,7.559999942779541,7.559999942779541,777400
2024-04-03,7.460000038146973,7.710000038146973,7.349999904632568,7.679999828338623,7.679999828338623,1076600
2024-04-04,7.909999847412109,8.140000343322754,7.53000020980835,7.639999866485596,7.639999866485596,980600
2024-04-05,7.53000020980835,7.760000228881836,7.244999885559082,7.380000114440918,7.380000114440918,425800
2024-04-08,7.440000057220459,7.53000020980835,7.335000038146973,7.429999828338623,7.429999828338623,327700
2024-04-09,7.429999828338623,7.71999979019165,7.320000171661377,7.699999809265137,7.699999809265137,487800
2024-04-10,7.480000019073486,7.659999847412109,7.25,7.46999979019165,7.46999979019165,511300
2024-04-11,7.539999961853027,7.739999771118164,7.289999961853027,7.590000152587891,7.590000152587891,312100
2024-04-12,7.610000133514404,7.795000076293945,7.235000133514404,7.360000133514404,7.360000133514404,516500
2024-04-15,7.300000190734863,7.550000190734863,7.199999809265137,7.320000171661377,7.320000171661377,320500
2024-04-16,7.28000020980835,7.380000114440918,7.099999904632568,7.349999904632568,7.349999904632568,361000
2024-04-17,7.400000095367432,7.519999980926514,7.309999942779541,7.460000038146973,7.460000038146973,475300
2024-04-18,7.429999828338623,7.599999904632568,7.309999942779541,7.369999885559082,7.369999885559082,396800
2024-04-19,7.300000190734863,7.360000133514404,6.929999828338623,7.309999942779541,7.309999942779541,526500
2024-04-22,7.340000152587891,7.409999847412109,7.059999942779541,7.309999942779541,7.309999942779541,346700
2024-04-23,7.360000133514404,7.920000076293945,7.300000190734863,7.769999980926514,7.769999980926514,581800
2024-04-24,7.75,7.800000190734863,7.489999771118164,7.760000228881836,7.760000228881836,364900
2024-04-25,7.539999961853027,7.579999923706055,7.179999828338623,7.329999923706055,7.329999923706055,448000
2024-04-26,7.369999885559082,7.5,7.260000228881836,7.440000057220459,7.440000057220459,301900
2024-04-29,7.449999809265137,7.880000114440918,7.400000095367432,7.869999885559082,7.869999885559082,433600
2024-04-30,7.75,8.020000457763672,7.675000190734863,7.699999809265137,7.699999809265137,651500
2024-05-01,7.510000228881836,7.804999828338623,7.199999809265137,7.28000020980835,7.28000020980835,887200
2024-05-02,7.320000171661377,7.670000076293945,7.320000171661377,7.590000152587891,7.590000152587891,477800
2024-05-03,7.760000228881836,7.929999828338623,7.489999771118164,7.610000133514404,7.610000133514404,345800
2024-05-06,7.599999904632568,8.020000457763672,7.519999980926514,7.889999866485596,7.889999866485596,446400
2024-05-07,7.900000095367432,8.0600004196167,7.789999961853027,7.849999904632568,7.849999904632568,490600
2024-05-08,7.699999809265137,7.960000038146973,7.429999828338623,7.909999847412109,7.909999847412109,664500
2024-05-09,7.820000171661377,8.380000114440918,7.710000038146973,7.769999980926514,7.769999980926514,793400
2024-05-10,7.820000171661377,7.96999979019165,6.920000076293945,7.105000019073486,7.105000019073486,453400
2024-05-13,7.210000038146973,7.625,7.150000095367432,7.309999942779541,7.309999942779541,365100
2024-05-14,7.320000171661377,7.639999866485596,7.320000171661377,7.599999904632568,7.599999904632568,415300
2024-05-15,7.760000228881836,7.96999979019165,7.670000076293945,7.800000190734863,7.800000190734863,612800
2024-05-16,7.820000171661377,7.960000038146973,7.760000228881836,7.789999961853027,7.789999961853027,395200
2024-05-17,7.829999923706055,7.829999923706055,7.389999866485596,7.519999980926514,7.519999980926514,430100
2024-05-20,7.519999980926514,7.730000019073486,7.440000057220459,7.670000076293945,7.670000076293945,295500
2024-05-21,7.630000114440918,7.630000114440918,7.380000114440918,7.46999979019165,7.46999979019165,556800
2024-05-22,7.429999828338623,7.570000171661377,7.329999923706055,7.389999866485596,7.389999866485596,374800
2024-05-23,6.710000038146973,7.690000057220459,6.619999885559082,7.090000152587891,7.090000152587891,1224400
2024-05-24,7.070000171661377,7.119999885559082,6.679999828338623,6.909999847412109,6.909999847412109,707500
2024-05-28,6.960000038146973,7.079999923706055,6.699999809265137,6.849999904632568,6.849999904632568,559300
2024-05-29,6.71999979019165,6.789999961853027,6.480000019073486,6.75,6.75,638200
2024-05-30,6.789999961853027,6.980000019073486,6.460000038146973,6.659999847412109,6.659999847412109,1047800
2024-05-31,6.71999979019165,7.135000228881836,6.610000133514404,6.920000076293945,6.920000076293945,817900
2024-06-03,6.940000057220459,7.260000228881836,6.800000190734863,7.0,7.0,429500
2024-06-04,7.010000228881836,7.289999961853027,6.920000076293945,7.119999885559082,7.119999885559082,291900
2024-06-05,7.170000076293945,7.420000076293945,7.025000095367432,7.409999847412109,7.409999847412109,345600
2024-06-06,7.380000114440918,7.489999771118164,7.099999904632568,7.199999809265137,7.199999809265137,406500
2024-06-07,7.079999923706055,7.289999961853027,6.699999809265137,6.900000095367432,6.900000095367432,741100
2024-06-10,6.760000228881836,7.300000190734863,6.710000038146973,7.159999847412109,7.159999847412109,528800
2024-06-11,7.090000152587891,7.119999885559082,6.829999923706055,6.920000076293945,6.920000076293945,336500
2024-06-12,7.110000133514404,7.710000038146973,7.050000190734863,7.610000133514404,7.610000133514404,701000
2024-06-13,7.550000190734863,8.640000343322754,7.440000057220459,8.390000343322754,8.390000343322754,1233700
2024-06-14,8.34000015258789,9.119999885559082,8.079999923706055,8.930000305175781,8.930000305175781,1301100
2024-06-17,8.9399995803833,9.520000457763672,8.699999809265137,9.380000114440918,9.380000114440918,1441800
2024-06-18,9.449999809265137,9.720000267028809,9.029999732971191,9.539999961853027,9.539999961853027,981900
2024-06-20,9.6899995803833,9.800000190734863,9.359999656677246,9.550000190734863,9.550000190734863,741400
2024-06-21,9.550000190734863,10.260000228881836,9.399999618530273,10.100000381469727,10.100000381469727,2545000
2024-06-24,10.029999732971191,10.4399995803833,9.899999618530273,10.149999618530273,10.149999618530273,865700
2024-06-25,10.140000343322754,10.319999694824219,9.229999542236328,9.260000228881836,9.260000228881836,477800
2024-06-26,9.140000343322754,9.4399995803833,8.770000457763672,8.869999885559082,8.869999885559082,536500
2024-06-27,8.75,9.029999732971191,8.449999809265137,8.539999961853027,8.539999961853027,570600
2024-06-28,8.5,8.6850004196167,8.40999984741211,8.579999923706055,8.579999923706055,2760900
2024-07-01,8.5600004196167,9.020000457763672,8.489999771118164,9.0,9.0,473400
2024-07-02,9.0,9.329999923706055,8.09000015258789,8.104999542236328,8.104999542236328,793000
2024-07-03,7.989999771118164,8.359999656677246,7.949999809265137,8.34000015258789,8.34000015258789,265000
2024-07-05,8.3100004196167,8.569999694824219,8.170000076293945,8.5600004196167,8.5600004196167,296800
2024-07-08,8.640000343322754,9.149999618530273,8.640000343322754,8.880000114440918,8.880000114440918,946200
2024-07-09,8.869999885559082,9.630000114440918,8.739999771118164,9.609999656677246,9.609999656677246,387900
2024-07-10,9.479999542236328,9.819999694824219,9.020000457763672,9.229999542236328,9.229999542236328,779700
2024-07-11,9.420000076293945,9.8100004196167,9.289999961853027,9.609999656677246,9.609999656677246,881800
2024-07-12,9.710000038146973,10.020000457763672,9.319999694824219,9.960000038146973,9.960000038146973,646600
2024-07-15,9.970000267028809,10.09000015258789,9.770000457763672,10.020000457763672,10.020000457763672,449100
2024-07-16,10.100000381469727,10.130000114440918,9.774999618530273,9.84000015258789,9.84000015258789,854600
2024-07-17,10.010000228881836,10.069999694824219,9.260000228881836,9.760000228881836,9.760000228881836,2064400
2024-07-18,9.680000305175781,9.930000305175781,9.369999885559082,9.8100004196167,9.8100004196167,1394900
2024-07-19,9.8100004196167,9.960000038146973,9.210000038146973,9.270000457763672,9.270000457763672,688000
2024-07-22,9.3100004196167,9.949999809265137,8.930000305175781,9.890000343322754,9.890000343322754,1468400
2024-07-23,9.720000267028809,10.050000190734863,9.649999618530273,9.75,9.75,828500
2024-07-24,9.619999885559082,10.069999694824219,9.425999641418457,9.90999984741211,9.90999984741211,782300
2024-07-25,10.0,10.329999923706055,9.71500015258789,9.850000381469727,9.850000381469727,657000
2024-07-26,9.90999984741211,10.149999618530273,9.579999923706055,9.75,9.75,920800
2024-07-29,9.710000038146973,9.859999656677246,9.5,9.760000228881836,9.760000228881836,372500
2024-07-30,9.779999732971191,10.140000343322754,9.569999694824219,9.699999809265137,9.699999809265137,504400
2024-07-31,9.75,10.279999732971191,9.529999732971191,9.850000381469727,9.850000381469727,697800
2024-08-01,9.850000381469727,10.0600004196167,9.270000457763672,9.449999809265137,9.449999809265137,850300
2024-08-02,8.960000038146973,9.210000038146973,8.699999809265137,9.15999984741211,9.15999984741211,403900
2024-08-05,8.600000381469727,8.84000015258789,8.319999694824219,8.829999923706055,8.829999923706055,633700
2024-08-06,8.989999771118164,9.350000381469727,8.630000114440918,9.010000228881836,9.010000228881836,415500
2024-08-07,9.890000343322754,9.890000343322754,8.649999618530273,8.720000267028809,8.720000267028809,853400
2024-08-08,9.029999732971191,9.300000190734863,8.795000076293945,8.90999984741211,8.90999984741211,678700
2024-08-09,9.029999732971191,9.140000343322754,8.319999694824219,8.5,8.5,475400
2024-08-12,8.539999961853027,8.710000038146973,8.40999984741211,8.5,8.5,472600
2024-08-13,8.670000076293945,9.140000343322754,8.449999809265137,9.050000190734863,9.050000190734863,601800
2024-08-14,9.09000015258789,9.329999923706055,8.880000114440918,9.300000190734863,9.300000190734863,322100
2024-08-15,9.529999732971191,9.739999771118164,9.220000267028809,9.399999618530273,9.399999618530273,472600
2024-08-16,9.380000114440918,10.0,9.279999732971191,9.960000038146973,9.960000038146973,1001300
2024-08-19,10.399999618530273,10.710000038146973,9.649999618530273,10.680000305175781,10.680000305175781,1165400
2024-08-20,10.779999732971191,11.119999885559082,10.515000343322754,11.109999656677246,11.109999656677246,566100
2024-08-21,10.979999542236328,11.5,10.390000343322754,10.399999618530273,10.399999618530273,638200
2024-08-22,10.460000038146973,11.244999885559082,10.420000076293945,11.020000457763672,11.020000457763672,733800
2024-08-23,11.109999656677246,11.8100004196167,10.989999771118164,11.569999694824219,11.569999694824219,573600
2024-08-26,11.970000267028809,12.015000343322754,11.399999618530273,11.930000305175781,11.930000305175781,425700
2024-08-27,11.850000381469727,11.970000267028809,11.390000343322754,11.399999618530273,11.399999618530273,466100
2024-08-28,11.479999542236328,11.609999656677246,11.239999771118164,11.34000015258789,11.34000015258789,354100
2024-08-29,11.399999618530273,11.59000015258789,11.069999694824219,11.119999885559082,11.119999885559082,345600
2024-08-30,11.140000343322754,11.920000076293945,11.029999732971191,11.829999923706055,11.829999923706055,893300
2024-09-03,11.630000114440918,11.75,10.890000343322754,10.930000305175781,10.930000305175781,534600
2024-09-04,10.869999885559082,11.079999923706055,10.729999542236328,10.84000015258789,10.84000015258789,258100
2024-09-05,10.84000015258789,11.789999961853027,10.569999694824219,11.680000305175781,11.680000305175781,963100
2024-09-06,11.829999923706055,11.920000076293945,10.84000015258789,10.890000343322754,10.890000343322754,509700
2024-09-09,9.0,9.449999809265137,8.180000305175781,9.15999984741211,9.15999984741211,5182100
2024-09-10,9.0,9.350000381469727,8.399999618530273,9.09000015258789,9.09000015258789,1514700
2024-09-11,9.050000190734863,9.960000038146973,8.92199993133545,9.6899995803833,9.6899995803833,1119800
2024-09-12,9.6899995803833,10.220000267028809,9.359999656677246,10.0,10.0,1018100
2024-09-13,10.149999618530273,10.845999717712402,10.125,10.5,10.5,1566200
2024-09-16,10.65999984741211,10.8100004196167,8.869999885559082,9.609999656677246,9.609999656677246,2008600
2024-09-17,9.699999809265137,9.84000015258789,8.03499984741211,8.619999885559082,8.619999885559082,1997800
2024-09-18,8.619999885559082,8.979999542236328,8.265000343322754,8.279999732971191,8.279999732971191,1242700
2024-09-19,8.510000228881836,8.670000076293945,8.149999618530273,8.40999984741211,8.40999984741211,890300
2024-09-20,8.4399995803833,8.579999923706055,8.239999771118164,8.300000190734863,8.300000190734863,2650000
2024-09-23,8.319999694824219,8.40999984741211,7.650000095367432,7.690000057220459,7.690000057220459,658300
2024-09-24,7.75,7.949999809265137,7.335000038146973,7.449999809265137,7.449999809265137,1328700
2024-09-25,7.429999828338623,7.690000057220459,7.380000114440918,7.429999828338623,7.429999828338623,641200
2024-09-26,7.53000020980835,7.800000190734863,7.28000020980835,7.360000133514404,7.360000133514404,892500
2024-09-27,7.400000095367432,7.579999923706055,7.199999809265137,7.46999979019165,7.46999979019165,579900
2024-09-30,7.429999828338623,7.78000020980835,7.420000076293945,7.699999809265137,7.699999809265137,1010700
2024-10-01,7.699999809265137,7.699999809265137,7.190000057220459,7.28000020980835,7.28000020980835,760600
2024-10-02,7.199999809265137,7.360000133514404,6.994999885559082,7.039999961853027,7.039999961853027,692100
2024-10-03,6.869999885559082,7.019999980926514,6.715000152587891,6.900000095367432,6.900000095367432,866400
2024-10-04,7.03000020980835,7.139999866485596,6.824999809265137,6.980000019073486,6.980000019073486,448500
2024-10-07,6.980000019073486,7.010000228881836,6.809999942779541,6.989999771118164,6.989999771118164,1237300
2024-10-08,7.099999904632568,7.210000038146973,6.849999904632568,6.889999866485596,6.889999866485596,539000
2024-10-09,6.860000133514404,6.90500020980835,6.699999809265137,6.78000020980835,6.78000020980835,405200
