Date,Open,High,Low,Close,Adj Close,Volume
1984-08-31,26.625,26.75,26.625,26.625,24.10284423828125,600
1984-09-04,26.625,26.75,26.5,26.5,23.98968505859375,17100
1984-09-05,26.5,26.5,26.25,26.25,23.76336669921875,10200
1984-09-06,26.25,26.25,26.25,26.25,23.76336669921875,500
1984-09-07,26.25,26.25,26.25,26.25,23.76336669921875,1500
1984-09-10,26.25,26.5,26.25,26.5,23.98968505859375,300
1984-09-11,26.5,27.875,26.375,27.75,25.121273040771484,6800
1984-09-12,27.75,28.0,27.5,27.5,24.894954681396484,16800
1984-09-13,27.5,27.5,27.5,27.5,24.894954681396484,200
1984-09-14,27.75,28.25,27.75,28.0,25.347591400146484,8200
1984-09-17,28.25,29.25,28.25,29.125,26.36602210998535,3100
1984-09-18,29.125,29.125,28.625,28.625,25.913387298583984,12900
1984-09-19,28.625,28.625,27.75,27.75,25.121273040771484,2300
1984-09-20,27.5,27.5,27.25,27.5,24.894954681396484,3400
1984-09-21,27.5,27.5,27.375,27.5,24.894954681396484,1800
1984-09-24,27.75,28.0,27.75,28.0,25.347591400146484,1500
1984-09-25,28.0,28.0,28.0,28.0,25.347591400146484,500
1984-09-26,28.0,28.0,27.75,27.875,25.234432220458984,3600
1984-09-27,27.875,27.875,27.75,27.875,25.234432220458984,1200
1984-09-28,27.75,27.75,27.625,27.75,25.121273040771484,5100
1984-10-01,27.75,27.875,27.625,27.875,25.234432220458984,1500
1984-10-02,27.875,27.875,27.875,27.875,25.234432220458984,200
1984-10-03,27.75,27.75,27.75,27.75,25.121273040771484,200
1984-10-04,27.75,27.75,27.75,27.75,25.121273040771484,0
1984-10-05,28.0,28.0,28.0,28.0,25.347591400146484,200
1984-10-08,28.0,28.0,28.0,28.0,25.347591400146484,2100
1984-10-09,28.0,28.125,27.875,28.125,25.46074867248535,400
1984-10-10,28.375,28.625,28.375,28.5,25.80022621154785,6300
1984-10-11,27.75,27.75,27.5,27.5,24.894954681396484,2600
1984-10-12,27.5,27.75,27.5,27.5,24.894954681396484,4000
1984-10-15,27.5,27.625,27.375,27.375,24.781797409057617,600
1984-10-16,27.375,27.625,27.375,27.625,25.008113861083984,2400
1984-10-17,27.625,27.625,27.625,27.625,25.008113861083984,2400
1984-10-18,27.375,27.375,27.25,27.25,24.668636322021484,1300
1984-10-19,27.25,27.375,27.0,27.125,24.555479049682617,2300
1984-10-22,26.875,26.875,26.625,26.625,24.10284423828125,700
1984-10-23,26.625,26.75,26.625,26.75,24.216001510620117,1000
1984-10-24,26.5,26.5,26.5,26.5,23.98968505859375,100
1984-10-25,26.5,26.625,26.5,26.625,24.10284423828125,200
1984-10-26,26.5,26.5,26.375,26.375,23.876523971557617,500
1984-10-29,26.25,26.25,26.0,26.0,23.537050247192383,300
1984-10-30,26.0,26.125,25.75,26.0,23.537050247192383,1400
1984-10-31,26.0,26.0,26.0,26.0,23.537050247192383,10100
1984-11-01,26.125,26.375,26.125,26.125,23.65020751953125,600
1984-11-02,26.375,26.625,26.375,26.625,24.10284423828125,5800
1984-11-05,26.625,26.625,26.625,26.625,24.10284423828125,200
1984-11-06,26.625,26.75,26.25,26.5,23.98968505859375,7100
1984-11-07,26.5,26.5,26.375,26.375,23.876523971557617,600
1984-11-08,26.375,26.625,26.375,26.625,24.10284423828125,10900
1984-11-09,26.625,26.625,26.625,26.625,24.10284423828125,0
1984-11-12,26.375,26.375,26.375,26.375,23.876523971557617,2200
1984-11-13,26.5,26.5,26.5,26.5,23.98968505859375,100
1984-11-14,26.375,26.375,26.375,26.375,23.876523971557617,3600
1984-11-15,26.375,26.625,26.375,26.375,23.876523971557617,2600
1984-11-16,26.375,26.75,26.375,26.5,23.98968505859375,7200
1984-11-19,26.5,26.5,26.25,26.25,23.76336669921875,5100
1984-11-20,26.125,26.125,26.125,26.125,23.65020751953125,300
1984-11-21,26.125,26.125,26.0,26.0,23.537050247192383,1700
1984-11-23,26.0,26.0,26.0,26.0,23.537050247192383,200
1984-11-26,26.25,26.25,26.25,26.25,23.76336669921875,3600
1984-11-27,26.25,26.25,26.25,26.25,23.76336669921875,6100
1984-11-28,26.25,26.25,26.25,26.25,23.76336669921875,400
1984-11-29,26.25,26.25,26.25,26.25,23.76336669921875,1800
1984-11-30,26.25,26.25,26.25,26.25,23.76336669921875,500
1984-12-03,26.25,26.25,26.125,26.125,23.65020751953125,3800
1984-12-04,26.125,26.125,26.125,26.125,23.65020751953125,600
1984-12-05,26.125,26.25,26.125,26.25,23.76336669921875,1500
1984-12-06,26.25,26.25,26.25,26.25,23.76336669921875,0
1984-12-07,26.125,26.125,26.0,26.0,23.537050247192383,700
1984-12-10,26.0,26.375,26.0,26.25,23.76336669921875,1800
1984-12-11,26.25,27.0,26.25,27.0,24.442319869995117,10000
1984-12-12,27.25,27.25,27.25,27.25,24.668636322021484,500
1984-12-13,27.25,27.25,27.125,27.125,24.555479049682617,1900
1984-12-14,27.125,27.25,27.0,27.25,24.668636322021484,12600
1984-12-17,27.125,27.125,27.0,27.0,24.442319869995117,4300
1984-12-18,27.25,27.25,27.25,27.25,24.668636322021484,900
1984-12-19,27.25,27.375,27.25,27.25,24.668636322021484,1900
1984-12-20,27.25,27.25,27.125,27.25,24.668636322021484,20800
1984-12-21,27.375,27.5,27.375,27.375,24.781797409057617,1500
1984-12-24,27.625,27.75,27.625,27.625,25.008113861083984,1300
1984-12-26,27.625,27.625,27.625,27.625,25.008113861083984,100
1984-12-27,27.75,27.75,27.75,27.75,25.121273040771484,2100
1984-12-28,27.75,28.0,27.625,28.0,25.347591400146484,4000
1984-12-31,27.875,27.875,27.75,27.75,25.121273040771484,600
1985-01-02,27.75,27.75,27.75,27.75,25.121273040771484,100
1985-01-03,27.75,27.75,27.75,27.75,25.121273040771484,15300
1985-01-04,27.75,27.75,27.75,27.75,25.121273040771484,500
1985-01-07,27.875,28.0,27.875,28.0,25.347591400146484,1100
1985-01-08,28.0,28.125,27.875,28.0,25.347591400146484,30700
1985-01-09,27.875,27.875,27.75,27.75,25.121273040771484,700
1985-01-10,27.75,27.75,27.625,27.625,25.008113861083984,2800
1985-01-11,27.5,27.5,27.5,27.5,24.894954681396484,400
1985-01-14,27.5,27.625,27.25,27.375,24.781797409057617,6900
1985-01-15,27.375,27.625,27.375,27.625,25.008113861083984,39400
1985-01-16,27.625,27.875,27.625,27.875,25.234432220458984,1800
1985-01-17,27.875,27.875,27.75,27.75,25.121273040771484,200
1985-01-18,27.625,27.625,27.5,27.625,25.008113861083984,1100
1985-01-21,27.5,27.5,27.5,27.5,24.894954681396484,900
1985-01-22,27.5,27.5,27.5,27.5,24.894954681396484,0
1985-01-23,27.75,28.0,27.75,27.75,25.121273040771484,2200
1985-01-24,27.625,27.625,27.5,27.625,25.008113861083984,900
1985-01-25,27.625,27.875,27.5,27.875,25.234432220458984,1700
1985-01-28,27.875,28.0,27.625,28.0,25.347591400146484,3600
1985-01-29,28.0,28.0,28.0,28.0,25.347591400146484,0
1985-01-30,28.0,28.0,27.875,28.0,25.347591400146484,1300
1985-01-31,28.625,28.75,28.625,28.75,26.026546478271484,3000
1985-02-01,28.375,28.375,28.375,28.375,25.68706703186035,2900
1985-02-04,28.375,28.5,28.25,28.5,25.80022621154785,900
1985-02-05,28.5,28.625,28.375,28.375,25.68706703186035,800
1985-02-06,28.375,29.0,28.375,29.0,26.25286293029785,3400
1985-02-07,29.0,29.0,28.0,28.0,25.347591400146484,7300
1985-02-08,28.0,28.125,27.75,27.75,25.121273040771484,2400
1985-02-11,27.75,27.75,27.5,27.75,25.121273040771484,3500
1985-02-12,27.75,28.0,27.75,27.75,25.121273040771484,20400
1985-02-13,27.5,27.5,27.25,27.5,24.894954681396484,7900
1985-02-14,27.5,27.75,27.375,27.625,25.008113861083984,1400
1985-02-15,27.625,27.625,27.5,27.5,24.894954681396484,500
1985-02-19,27.5,27.5,27.25,27.5,24.894954681396484,1800
1985-02-20,27.25,27.25,25.875,26.125,23.65020751953125,15600
1985-02-21,25.875,25.875,25.75,25.75,23.31072998046875,1000
1985-02-22,25.75,26.0,25.75,26.0,23.537050247192383,6600
1985-02-25,26.125,26.5,26.125,26.375,23.876523971557617,5000
1985-02-26,26.5,26.75,26.5,26.75,24.216001510620117,700
1985-02-27,26.875,27.0,26.875,26.875,24.32916259765625,1000
1985-02-28,26.875,27.125,26.75,27.125,24.555479049682617,600
1985-03-01,27.375,27.75,27.375,27.75,25.121273040771484,800
1985-03-04,27.75,27.875,27.5,27.5,24.894954681396484,1100
1985-03-05,27.375,27.375,27.125,27.125,24.555479049682617,3600
1985-03-06,27.25,27.25,27.25,27.25,24.668636322021484,500
1985-03-07,27.375,27.375,27.375,27.375,24.781797409057617,200
1985-03-08,27.375,27.5,27.125,27.5,24.894954681396484,4400
1985-03-11,27.5,27.5,27.125,27.125,24.555479049682617,6400
1985-03-12,27.0,27.0,26.75,26.75,24.216001510620117,600
1985-03-13,26.625,26.625,26.375,26.375,23.876523971557617,1200
1985-03-14,26.375,26.5,26.375,26.5,23.98968505859375,300
1985-03-15,26.5,26.625,25.75,25.75,23.31072998046875,3900
1985-03-18,25.75,26.125,25.625,26.125,23.65020751953125,2200
1985-03-19,26.0,26.0,25.75,25.75,23.31072998046875,3000
1985-03-20,25.75,25.75,25.5,25.5,23.084413528442383,4200
1985-03-21,25.5,25.5,25.0,25.0,22.631778717041016,1300
1985-03-22,25.0,25.375,25.0,25.375,22.971254348754883,3900
1985-03-25,25.125,25.125,24.125,24.5,22.179141998291016,4000
1985-03-26,24.75,25.0,24.75,25.0,22.631778717041016,3900
1985-03-27,25.125,25.25,25.125,25.125,22.744937896728516,300
1985-03-28,25.125,25.25,25.125,25.25,22.858095169067383,1000
1985-03-29,25.25,25.5,25.25,25.25,22.858095169067383,300
1985-04-01,25.5,25.625,25.5,25.625,23.197572708129883,1600
1985-04-02,25.75,25.75,25.75,25.75,23.31072998046875,200
1985-04-03,25.75,26.25,25.625,26.0,23.537050247192383,29500
1985-04-04,26.25,26.5,26.25,26.5,23.98968505859375,5900
1985-04-08,26.5,26.625,26.5,26.5,23.98968505859375,2800
1985-04-09,26.5,27.0,26.5,27.0,24.442319869995117,3400
1985-04-10,27.75,28.125,27.75,28.125,25.46074867248535,12400
1985-04-11,28.0,28.0,28.0,28.0,25.347591400146484,3500
1985-04-12,28.0,28.0,27.75,27.75,25.121273040771484,1900
1985-04-15,27.875,28.125,27.875,28.0,25.347591400146484,4300
1985-04-16,28.0,28.25,28.0,28.125,25.46074867248535,2200
1985-04-17,28.25,28.375,28.25,28.25,25.57390785217285,1400
1985-04-18,28.0,28.0,28.0,28.0,25.347591400146484,200
1985-04-19,28.0,28.0,27.375,27.375,24.781797409057617,2100
1985-04-22,27.375,27.625,27.25,27.5,24.894954681396484,1900
1985-04-23,27.25,27.25,27.25,27.25,24.668636322021484,100
1985-04-24,27.125,27.125,27.0,27.0,24.442319869995117,1300
1985-04-25,27.0,27.25,27.0,27.0,24.442319869995117,1300
1985-04-26,27.25,27.5,27.25,27.25,24.668636322021484,3300
1985-04-29,27.125,27.125,26.625,26.625,24.10284423828125,3600
1985-04-30,26.625,26.75,26.5,26.625,24.10284423828125,3200
1985-05-01,26.75,26.75,26.75,26.75,24.216001510620117,1200
1985-05-02,26.75,26.875,26.625,26.625,24.10284423828125,2000
1985-05-03,26.625,26.75,26.625,26.75,24.216001510620117,200
1985-05-06,26.75,26.75,26.625,26.75,24.216001510620117,200
1985-05-07,26.75,26.875,26.625,26.625,24.10284423828125,700
1985-05-08,26.625,26.625,26.625,26.625,24.10284423828125,500
1985-05-09,26.625,26.625,26.5,26.5,23.98968505859375,500
1985-05-10,26.5,26.625,26.5,26.625,24.10284423828125,400
1985-05-13,26.625,26.625,26.625,26.625,24.10284423828125,900
1985-05-14,26.625,26.625,26.375,26.5,23.98968505859375,11400
1985-05-15,26.625,27.0,26.625,26.875,24.32916259765625,2200
1985-05-16,26.75,26.75,26.75,26.75,24.216001510620117,200
1985-05-17,26.75,26.75,26.75,26.75,24.216001510620117,1100
1985-05-20,27.0,27.5,27.0,27.375,24.781797409057617,6700
1985-05-21,27.625,27.75,27.625,27.75,25.121273040771484,2500
1985-05-22,27.625,27.625,27.25,27.25,24.668636322021484,6800
1985-05-23,27.25,27.25,27.25,27.25,24.668636322021484,400
1985-05-24,27.375,27.5,27.375,27.5,24.894954681396484,2600
1985-05-28,27.5,27.75,27.5,27.5,24.894954681396484,16100
1985-05-29,27.5,27.75,27.375,27.75,25.121273040771484,1200
1985-05-30,27.75,27.75,27.625,27.625,25.008113861083984,400
1985-05-31,27.625,27.75,27.5,27.625,25.008113861083984,1500
1985-06-03,27.625,27.75,27.375,27.375,24.781797409057617,2900
1985-06-04,27.375,27.375,27.375,27.375,24.781797409057617,300
1985-06-05,27.625,28.25,27.625,28.0,25.347591400146484,4900
1985-06-06,28.0,28.125,28.0,28.0,25.347591400146484,1300
1985-06-07,28.25,28.375,28.25,28.375,25.68706703186035,2000
1985-06-10,28.125,28.125,28.125,28.125,25.46074867248535,800
1985-06-11,28.0,28.0,27.875,27.875,25.234432220458984,15800
1985-06-12,28.0,28.125,28.0,28.125,25.46074867248535,1200
1985-06-13,28.0,28.0,27.75,28.0,25.347591400146484,1800
1985-06-14,28.0,28.0,27.875,28.0,25.347591400146484,900
1985-06-17,27.75,27.75,27.75,27.75,25.121273040771484,300
1985-06-18,27.75,27.75,27.625,27.75,25.121273040771484,600
1985-06-19,27.875,27.875,27.875,27.875,25.234432220458984,400
1985-06-20,27.875,28.0,27.75,28.0,25.347591400146484,2000
1985-06-21,27.75,27.75,27.5,27.75,25.121273040771484,2500
1985-06-24,27.75,27.75,27.5,27.5,24.894954681396484,3400
1985-06-25,27.375,27.375,27.375,27.375,24.781797409057617,600
1985-06-26,27.375,27.375,27.375,27.375,24.781797409057617,0
1985-06-27,27.375,27.375,27.375,27.375,24.781797409057617,2700
1985-06-28,27.25,27.25,27.0,27.25,24.668636322021484,2900
1985-07-01,27.5,27.625,27.5,27.5,24.894954681396484,700
1985-07-02,27.5,27.875,27.5,27.625,25.008113861083984,1500
1985-07-03,27.625,27.75,27.5,27.5,24.894954681396484,1300
1985-07-05,27.5,27.875,27.25,27.875,25.234432220458984,3500
1985-07-08,27.875,28.0,27.75,27.75,25.121273040771484,2400
1985-07-09,27.75,27.875,27.75,27.875,25.234432220458984,400
1985-07-10,27.875,28.25,27.75,28.25,25.57390785217285,1900
1985-07-11,28.25,28.5,28.25,28.25,25.57390785217285,3200
1985-07-12,28.375,28.5,28.375,28.5,25.80022621154785,800
1985-07-15,28.375,28.375,28.25,28.375,25.68706703186035,1500
1985-07-16,28.375,28.5,28.25,28.5,25.80022621154785,4500
1985-07-17,28.5,28.75,28.25,28.75,26.026546478271484,9900
1985-07-18,28.625,28.625,28.375,28.375,25.68706703186035,3000
1985-07-19,28.5,28.875,28.5,28.875,26.139705657958984,9100
1985-07-22,28.875,29.0,28.875,29.0,26.25286293029785,5800
1985-07-23,29.0,29.0,29.0,29.0,26.25286293029785,0
1985-07-24,29.0,29.0,29.0,29.0,26.25286293029785,0
1985-07-25,29.0,29.0,28.875,28.875,26.139705657958984,1900
1985-07-26,28.875,29.0,28.75,28.75,26.026546478271484,400
1985-07-29,28.75,28.75,28.75,28.75,26.026546478271484,900
1985-07-30,29.0,29.0,29.0,29.0,26.25286293029785,1800
1985-07-31,29.25,29.25,29.25,29.25,26.47918128967285,300
1985-08-01,29.375,30.0,29.375,30.0,27.158132553100586,3400
1985-08-02,29.75,29.75,29.75,29.75,26.93181800842285,500
1985-08-05,29.75,29.875,29.75,29.75,26.93181800842285,500
1985-08-06,29.5,29.5,29.125,29.125,26.36602210998535,1200
1985-08-07,29.0,29.0,28.625,28.625,25.913387298583984,2800
1985-08-08,28.5,28.5,28.5,28.5,25.80022621154785,900
1985-08-09,28.375,28.375,28.125,28.25,25.57390785217285,4500
1985-08-12,28.25,28.25,27.125,27.125,24.555479049682617,3300
1985-08-13,27.125,27.25,26.625,26.75,24.216001510620117,2400
1985-08-14,26.75,27.0,26.75,27.0,24.442319869995117,2700
1985-08-15,26.75,26.75,26.75,26.75,24.216001510620117,400
1985-08-16,26.75,26.75,26.75,26.75,24.216001510620117,1300
1985-08-19,26.75,26.875,26.75,26.75,24.216001510620117,1200
1985-08-20,26.75,27.0,26.75,26.75,24.216001510620117,600
1985-08-21,26.875,27.0,26.875,27.0,24.442319869995117,500
1985-08-22,26.875,26.875,26.75,26.75,24.216001510620117,2300
1985-08-23,26.75,26.875,26.75,26.875,24.32916259765625,400
1985-08-26,26.875,26.875,26.875,26.875,24.32916259765625,400
1985-08-27,27.0,27.125,27.0,27.0,24.442319869995117,300
1985-08-28,27.0,27.0,27.0,27.0,24.442319869995117,400
1985-08-29,27.25,27.375,27.25,27.25,24.668636322021484,800
1985-08-30,27.75,28.125,27.75,28.0,25.347591400146484,3200
1985-09-03,28.25,28.75,28.25,28.25,25.57390785217285,2200
1985-09-04,28.25,28.375,28.0,28.0,25.347591400146484,800
1985-09-05,28.0,28.0,28.0,28.0,25.347591400146484,0
1985-09-06,27.75,27.75,27.5,27.5,24.894954681396484,2000
1985-09-09,27.5,27.5,27.25,27.5,24.894954681396484,2000
1985-09-10,27.5,27.5,27.125,27.125,24.555479049682617,1100
1985-09-11,27.0,27.0,27.0,27.0,24.442319869995117,600
1985-09-12,27.0,27.25,27.0,27.0,24.442319869995117,1500
1985-09-13,27.0,27.25,27.0,27.0,24.442319869995117,800
1985-09-16,27.0,27.0,27.0,27.0,24.442319869995117,0
1985-09-17,27.125,27.5,27.125,27.125,24.555479049682617,2500
1985-09-18,27.125,27.125,27.0,27.0,24.442319869995117,2200
1985-09-19,27.25,27.25,27.25,27.25,24.668636322021484,500
1985-09-20,27.25,27.25,27.25,27.25,24.668636322021484,4000
1985-09-23,27.125,27.125,27.125,27.125,24.555479049682617,100
1985-09-24,27.0,27.0,27.0,27.0,24.442319869995117,100
1985-09-25,27.0,27.0,27.0,27.0,24.442319869995117,100
1985-09-26,27.0,27.0,27.0,27.0,24.442319869995117,3500
1985-09-30,27.0,27.125,26.875,27.125,24.555479049682617,1100
1985-10-01,27.125,27.25,27.0,27.0,24.442319869995117,2900
1985-10-02,27.0,27.0,27.0,27.0,24.442319869995117,0
1985-10-03,26.875,26.875,26.875,26.875,24.32916259765625,400
1985-10-04,26.875,27.0,26.875,27.0,24.442319869995117,200
1985-10-07,27.0,27.25,27.0,27.125,24.555479049682617,1200
1985-10-08,27.0,27.0,26.875,26.875,24.32916259765625,400
1985-10-09,27.125,27.125,27.125,27.125,24.555479049682617,1000
1985-10-10,27.0,27.0,27.0,27.0,24.442319869995117,500
1985-10-11,27.0,27.0,27.0,27.0,24.442319869995117,500
1985-10-14,27.0,27.125,26.875,27.125,24.555479049682617,2300
1985-10-15,27.125,27.125,27.125,27.125,24.555479049682617,0
1985-10-16,27.125,27.25,27.125,27.125,24.555479049682617,3800
1985-10-17,27.0,27.0,26.875,26.875,24.32916259765625,700
1985-10-18,26.875,26.875,26.875,26.875,24.32916259765625,5100
1985-10-21,26.875,26.875,26.875,26.875,24.32916259765625,0
1985-10-22,26.75,26.75,26.75,26.75,24.216001510620117,3200
1985-10-23,26.75,26.75,26.75,26.75,24.216001510620117,200
1985-10-24,26.75,26.75,26.75,26.75,24.216001510620117,0
1985-10-25,26.75,26.75,26.75,26.75,24.216001510620117,600
1985-10-28,26.75,26.75,26.75,26.75,24.216001510620117,3200
1985-10-29,26.75,26.875,26.625,26.875,24.32916259765625,800
1985-10-30,26.875,27.0,26.875,27.0,24.442319869995117,800
1985-10-31,27.0,27.125,26.875,27.125,24.555479049682617,700
1985-11-01,27.25,27.25,27.25,27.25,24.668636322021484,100
1985-11-04,27.25,27.25,27.25,27.25,24.668636322021484,0
1985-11-05,27.0,27.0,27.0,27.0,24.442319869995117,700
1985-11-06,26.5,26.5,26.375,26.5,23.98968505859375,22000
1985-11-07,26.5,26.5,26.25,26.25,23.76336669921875,7900
1985-11-08,26.25,26.5,26.25,26.5,23.98968505859375,800
1985-11-11,26.5,26.75,26.5,26.75,24.216001510620117,5900
1985-11-12,26.75,27.75,26.75,27.75,25.121273040771484,7800
1985-11-13,27.5,27.5,27.5,27.5,24.894954681396484,300
1985-11-14,27.5,27.5,27.25,27.5,24.894954681396484,1700
1985-11-15,27.25,27.25,26.25,26.5,23.98968505859375,8200
1985-11-18,26.375,26.375,26.375,26.375,23.876523971557617,300
1985-11-19,26.625,26.875,26.625,26.75,24.216001510620117,2300
1985-11-20,26.75,26.75,26.625,26.625,24.10284423828125,2700
1985-11-21,26.625,27.0,26.625,26.625,24.10284423828125,18600
1985-11-22,26.625,26.875,26.625,26.75,24.216001510620117,4900
1985-11-25,26.75,26.75,26.75,26.75,24.216001510620117,1500
1985-11-26,26.75,26.875,26.75,26.875,24.32916259765625,500
1985-11-27,26.875,26.875,26.75,26.875,24.32916259765625,1500
1985-11-29,26.875,27.0,26.875,27.0,24.442319869995117,600
1985-12-02,27.0,27.25,27.0,27.125,24.555479049682617,2300
1985-12-03,27.125,27.25,27.0,27.25,24.668636322021484,700
1985-12-04,27.25,27.375,27.25,27.375,24.781797409057617,1300
1985-12-05,27.375,27.5,27.375,27.5,24.894954681396484,1800
1985-12-06,27.5,27.5,27.25,27.25,24.668636322021484,2000
1985-12-09,27.25,27.5,27.25,27.5,24.894954681396484,2800
1985-12-10,27.5,27.5,27.25,27.375,24.781797409057617,3100
1985-12-11,27.375,27.375,27.0,27.375,24.781797409057617,8300
1985-12-12,27.875,28.125,27.875,27.875,25.234432220458984,9400
1985-12-13,28.0,28.5,28.0,28.5,25.80022621154785,3600
1985-12-16,28.5,28.5,28.125,28.5,25.80022621154785,1800
1985-12-17,28.25,28.25,28.0,28.0,25.347591400146484,900
1985-12-18,28.125,28.25,28.125,28.125,25.46074867248535,500
1985-12-19,28.25,28.75,28.25,28.5,25.80022621154785,1800
1985-12-20,28.75,29.75,28.75,29.25,26.47918128967285,4500
1985-12-23,29.5,29.75,29.5,29.75,26.93181800842285,1800
1985-12-24,29.625,29.625,29.375,29.375,26.59234046936035,400
1985-12-26,29.375,29.75,29.25,29.25,26.47918128967285,2200
1985-12-27,29.5,30.25,29.5,30.25,27.384450912475586,2500
1985-12-30,30.0,30.0,29.625,29.875,27.044973373413086,4800
1985-12-31,29.75,29.75,29.625,29.625,26.81865692138672,1600
1986-01-02,29.625,30.0,29.625,30.0,27.158132553100586,4400
1986-01-03,29.875,29.875,29.625,29.875,27.044973373413086,4200
1986-01-06,29.75,29.75,29.25,29.5,26.70549964904785,3800
1986-01-07,29.5,29.75,29.5,29.5,26.70549964904785,700
1986-01-08,29.25,29.25,28.875,28.875,26.139705657958984,1300
1986-01-09,28.625,28.625,27.375,27.375,24.781797409057617,3100
1986-01-10,27.25,27.25,26.75,26.75,24.216001510620117,2200
1986-01-13,26.875,27.375,26.875,27.375,24.781797409057617,2300
1986-01-14,27.625,27.875,27.625,27.875,25.234432220458984,600
1986-01-15,28.125,28.625,28.125,28.625,25.913387298583984,600
1986-01-16,28.875,29.0,28.875,29.0,26.25286293029785,600
1986-01-17,29.0,29.125,28.875,29.125,26.36602210998535,1200
1986-01-20,29.0,29.0,28.625,28.625,25.913387298583984,1200
1986-01-21,28.375,28.375,28.375,28.375,25.68706703186035,100
1986-01-22,28.25,28.25,27.875,28.125,25.46074867248535,1800
1986-01-23,27.875,27.875,27.75,27.75,25.121273040771484,300
1986-01-24,27.75,28.125,27.625,28.0,25.347591400146484,8500
1986-01-27,28.0,28.125,27.75,27.75,25.121273040771484,2200
1986-01-28,27.75,27.75,27.75,27.75,25.121273040771484,4000
1986-01-29,27.75,27.75,27.5,27.5,24.894954681396484,8500
1986-01-30,27.5,27.75,27.5,27.75,25.121273040771484,3600
1986-01-31,27.875,27.875,27.875,27.875,25.234432220458984,1100
1986-02-03,27.625,27.625,27.5,27.625,25.008113861083984,3400
1986-02-04,27.625,27.75,27.375,27.375,24.781797409057617,7700
1986-02-05,27.375,27.375,27.25,27.375,24.781797409057617,2200
1986-02-06,27.25,27.25,27.25,27.25,24.668636322021484,500
1986-02-07,27.25,28.0,27.25,28.0,25.347591400146484,6400
1986-02-10,28.0,28.0,27.5,27.5,24.894954681396484,500
1986-02-11,27.5,27.5,27.5,27.5,24.894954681396484,500
1986-02-12,27.5,27.75,27.5,27.5,24.894954681396484,1500
1986-02-13,27.5,27.75,27.5,27.625,25.008113861083984,600
1986-02-14,27.5,27.5,27.5,27.5,24.894954681396484,700
1986-02-18,27.75,27.75,27.75,27.75,25.121273040771484,200
1986-02-19,27.75,27.875,27.625,27.75,25.121273040771484,800
1986-02-20,27.75,27.75,27.75,27.75,25.121273040771484,300
1986-02-21,27.75,28.5,27.75,28.125,25.46074867248535,4700
1986-02-24,28.125,28.125,28.0,28.0,25.347591400146484,1500
1986-02-25,28.0,28.25,27.25,28.25,25.57390785217285,20500
1986-02-26,28.25,28.25,28.125,28.125,25.46074867248535,800
1986-02-27,28.125,28.5,28.125,28.5,25.80022621154785,1900
1986-02-28,28.875,30.25,28.875,29.875,27.044973373413086,10300
1986-03-03,29.875,30.125,29.625,29.75,26.93181800842285,2700
1986-03-04,29.75,29.875,29.5,29.5,26.70549964904785,5300
1986-03-05,29.375,29.375,29.375,29.375,26.59234046936035,1100
1986-03-06,29.5,29.5,29.5,29.5,26.70549964904785,400
1986-03-07,29.5,30.0,29.375,29.875,27.044973373413086,6400
1986-03-10,29.875,30.25,29.875,30.0,27.158132553100586,7500
1986-03-11,30.0,30.0,30.0,30.0,27.158132553100586,0
1986-03-12,30.0,32.75,30.0,32.75,29.647632598876953,6800
1986-03-13,32.75,33.25,32.75,33.0,29.873947143554688,4200
1986-03-14,32.75,32.75,32.0,32.0,28.96867561340332,3300
1986-03-17,31.75,31.75,31.0,31.0,28.063404083251953,1600
1986-03-18,30.875,30.875,30.125,30.125,27.271289825439453,3200
1986-03-19,30.25,30.5,30.25,30.5,27.610767364501953,1100
1986-03-20,31.0,31.25,31.0,31.0,28.063404083251953,2300
1986-03-21,31.0,32.0,30.75,32.0,28.96867561340332,5400
1986-03-24,32.0,32.25,32.0,32.0,28.96867561340332,500
1986-03-25,31.875,31.875,31.375,31.375,28.402881622314453,1100
1986-03-26,31.375,32.0,31.25,32.0,28.96867561340332,2900
1986-03-27,32.375,33.0,32.375,33.0,29.873947143554688,3300
1986-03-31,33.0,33.25,32.75,33.25,30.100265502929688,1500
1986-04-01,33.5,34.0,33.5,33.5,30.326581954956055,2600
1986-04-02,33.25,33.25,32.75,32.75,29.647632598876953,1100
1986-04-03,32.75,32.75,30.5,30.5,27.610767364501953,3500
1986-04-04,30.5,30.625,29.5,29.5,26.70549964904785,5100
1986-04-07,29.5,29.875,29.5,29.75,26.93181800842285,2200
1986-04-08,30.0,30.375,30.0,30.375,27.497610092163086,2900
1986-04-09,30.25,30.25,30.125,30.125,27.271289825439453,3300
1986-04-10,30.375,30.375,30.375,30.375,27.497610092163086,200
1986-04-11,30.25,30.25,30.125,30.125,27.271289825439453,600
1986-04-14,30.125,30.125,30.125,30.125,27.271289825439453,0
1986-04-15,30.375,30.75,30.375,30.75,27.837087631225586,1100
1986-04-16,30.75,31.375,30.75,31.375,28.402881622314453,1700
1986-04-17,31.375,31.375,31.25,31.375,28.402881622314453,1000
1986-04-18,31.125,31.125,31.125,31.125,28.176565170288086,1400
1986-04-21,31.0,31.0,31.0,31.0,28.063404083251953,1200
1986-04-22,31.25,31.375,31.25,31.25,28.289724349975586,600
1986-04-23,31.25,31.25,31.125,31.125,28.176565170288086,2000
1986-04-24,31.125,31.125,31.125,31.125,28.176565170288086,1100
1986-04-25,31.0,31.0,31.0,31.0,28.063404083251953,1900
1986-04-28,31.0,31.0,31.0,31.0,28.063404083251953,0
1986-04-29,30.75,30.75,30.5,30.75,27.837087631225586,1300
1986-04-30,30.75,30.875,30.125,30.125,27.271289825439453,2100
1986-05-01,30.125,30.375,30.125,30.125,27.271289825439453,900
1986-05-02,30.125,30.5,30.125,30.125,27.271289825439453,2300
1986-05-05,30.125,30.125,30.125,30.125,27.271289825439453,400
1986-05-06,30.125,30.25,30.125,30.125,27.271289825439453,600
1986-05-07,30.0,30.0,30.0,30.0,27.158132553100586,1600
1986-05-08,30.0,30.0,29.875,29.875,27.044973373413086,3600
1986-05-09,29.875,30.0,29.75,29.75,26.93181800842285,3100
1986-05-12,29.875,30.0,29.875,29.875,27.044973373413086,1700
1986-05-13,29.875,30.0,29.875,29.875,27.044973373413086,2300
1986-05-14,29.75,29.75,29.75,29.75,26.93181800842285,800
1986-05-15,29.75,30.0,29.75,29.75,26.93181800842285,3100
1986-05-16,29.75,29.875,29.0,29.0,26.25286293029785,6100
1986-05-19,28.5,28.5,28.0,28.5,25.80022621154785,2500
1986-05-20,28.25,28.25,28.0,28.25,25.57390785217285,800
1986-05-21,28.25,28.25,27.5,27.5,24.894954681396484,16800
1986-05-22,27.5,28.75,27.5,28.75,26.026546478271484,18600
1986-05-23,29.0,29.75,29.0,29.75,26.93181800842285,1300
1986-05-27,29.75,30.75,29.75,30.75,27.837087631225586,3600
1986-05-28,31.0,32.0,31.0,32.0,28.96867561340332,2600
1986-05-29,31.75,31.75,31.625,31.625,28.629199981689453,500
1986-05-30,31.5,31.5,31.375,31.375,28.402881622314453,200
1986-06-02,31.375,31.375,31.0,31.0,28.063404083251953,2100
1986-06-03,30.75,30.75,30.625,30.625,27.72393035888672,500
1986-06-04,30.5,30.5,30.375,30.375,27.497610092163086,200
1986-06-05,30.125,30.125,30.125,30.125,27.271289825439453,500
1986-06-06,30.125,30.5,30.125,30.5,27.610767364501953,1300
1986-06-09,30.375,30.375,30.125,30.375,27.497610092163086,2600
1986-06-10,31.0,31.25,31.0,31.0,28.063404083251953,2600
1986-06-11,31.0,31.0,31.0,31.0,28.063404083251953,2500
1986-06-12,31.0,31.0,31.0,31.0,28.063404083251953,0
1986-06-13,31.0,31.0,31.0,31.0,28.063404083251953,700
1986-06-16,31.0,31.375,30.875,31.125,28.176565170288086,1100
1986-06-17,31.125,31.125,31.125,31.125,28.176565170288086,800
1986-06-18,31.125,31.375,31.125,31.375,28.402881622314453,200
1986-06-19,31.25,31.25,30.625,30.625,27.72393035888672,4300
1986-06-20,30.5,30.5,28.375,28.375,25.68706703186035,8000
1986-06-23,28.75,29.25,28.75,29.25,26.47918128967285,2200
1986-06-24,29.25,29.75,29.25,29.25,26.47918128967285,4400
1986-06-25,29.25,29.375,29.0,29.375,26.59234046936035,700
1986-06-26,29.375,29.875,29.125,29.875,27.044973373413086,2300
1986-06-27,29.75,29.75,29.375,29.5,26.70549964904785,1000
1986-06-30,29.75,31.0,29.75,31.0,28.063404083251953,8400
1986-07-01,31.0,31.5,31.0,31.375,28.402881622314453,6200
1986-07-02,31.25,31.25,31.25,31.25,28.289724349975586,600
1986-07-03,31.25,31.75,31.125,31.125,28.176565170288086,2200
1986-07-07,31.125,31.375,30.375,30.375,27.497610092163086,4000
1986-07-08,30.125,30.125,29.5,29.5,26.70549964904785,2800
1986-07-09,29.375,29.375,29.125,29.375,26.59234046936035,600
1986-07-10,29.375,29.375,29.0,29.375,26.59234046936035,1800
1986-07-11,29.375,29.375,29.375,29.375,26.59234046936035,0
1986-07-14,29.375,29.375,29.375,29.375,26.59234046936035,0
1986-07-15,29.0,29.0,28.25,28.25,25.57390785217285,2300
1986-07-16,28.5,28.75,28.5,28.5,25.80022621154785,1300
1986-07-17,28.375,28.375,28.375,28.375,25.68706703186035,100
1986-07-18,28.125,28.125,28.125,28.125,25.46074867248535,2900
1986-07-21,28.375,28.375,28.375,28.375,25.68706703186035,800
1986-07-22,28.375,28.375,28.375,28.375,25.68706703186035,100
1986-07-23,28.5,28.5,28.5,28.5,25.80022621154785,200
1986-07-24,28.5,28.5,28.5,28.5,25.80022621154785,0
1986-07-25,28.5,28.5,28.5,28.5,25.80022621154785,0
1986-07-28,28.5,28.5,28.5,28.5,25.80022621154785,0
1986-07-29,28.5,28.5,28.5,28.5,25.80022621154785,200
1986-07-30,28.5,28.625,28.5,28.625,25.913387298583984,1000
1986-07-31,28.625,28.625,28.5,28.625,25.913387298583984,1600
1986-08-01,28.625,28.625,28.625,28.625,25.913387298583984,0
1986-08-04,28.375,28.375,28.375,28.375,25.68706703186035,200
1986-08-05,28.25,28.25,28.125,28.125,25.46074867248535,300
1986-08-06,28.125,28.25,28.125,28.125,25.46074867248535,1200
1986-08-07,28.125,28.125,28.125,28.125,25.46074867248535,100
1986-08-08,28.0,28.0,27.5,27.5,24.894954681396484,1800
1986-08-11,27.25,27.25,27.0,27.25,24.668636322021484,2900
1986-08-12,27.0,27.0,26.875,27.0,24.442319869995117,1400
1986-08-13,27.0,27.0,27.0,27.0,24.442319869995117,2100
1986-08-14,27.0,27.0,27.0,27.0,24.442319869995117,900
1986-08-15,27.125,27.125,27.125,27.125,24.555479049682617,300
1986-08-18,27.125,27.125,27.125,27.125,24.555479049682617,0
1986-08-19,26.75,26.75,26.25,26.25,23.76336669921875,1700
1986-08-20,26.375,26.5,26.375,26.5,23.98968505859375,1000
1986-08-21,26.625,26.625,26.625,26.625,24.10284423828125,500
1986-08-22,26.5,26.5,26.375,26.5,23.98968505859375,1000
1986-08-25,26.25,26.25,26.125,26.125,23.65020751953125,1500
1986-08-26,26.25,26.375,26.25,26.25,23.76336669921875,700
1986-08-27,26.375,26.375,26.375,26.375,23.876523971557617,1000
1986-08-28,26.375,26.375,26.125,26.125,23.65020751953125,500
1986-08-29,26.25,26.5,26.25,26.5,23.98968505859375,3100
1986-09-02,26.625,26.875,26.625,26.875,24.32916259765625,500
1986-09-03,26.875,26.875,26.875,26.875,24.32916259765625,0
1986-09-04,26.875,27.75,26.75,27.625,25.008113861083984,3800
1986-09-05,27.625,27.625,27.5,27.5,24.894954681396484,700
1986-09-08,27.5,27.75,27.25,27.75,25.121273040771484,1900
1986-09-09,27.5,27.5,27.25,27.25,24.668636322021484,1500
1986-09-10,27.25,27.375,27.25,27.375,24.781797409057617,1300
1986-09-11,27.125,27.125,26.75,26.75,24.216001510620117,2300
1986-09-12,26.5,26.5,25.75,25.75,23.31072998046875,2000
1986-09-15,26.5,27.0,26.5,26.625,24.10284423828125,7200
1986-09-16,26.625,27.25,26.5,27.25,24.668636322021484,3100
1986-09-17,27.25,27.625,27.25,27.625,25.008113861083984,2200
1986-09-18,27.5,27.5,27.0,27.0,24.442319869995117,1800
1986-09-19,27.0,27.0,26.75,27.0,24.442319869995117,2600
1986-09-22,27.125,27.125,27.125,27.125,24.555479049682617,200
1986-09-23,27.125,27.125,27.0,27.125,24.555479049682617,2200
1986-09-24,27.0,27.0,26.5,26.5,23.98968505859375,1800
1986-09-25,26.25,26.25,26.125,26.125,23.65020751953125,200
1986-09-26,26.125,26.25,26.125,26.125,23.65020751953125,700
1986-09-29,26.125,26.5,26.125,26.5,23.98968505859375,5800
1986-09-30,26.75,27.125,26.75,27.125,24.555479049682617,16000
1986-10-01,27.125,27.25,27.0,27.0,24.442319869995117,2500
1986-10-02,27.25,27.5,27.25,27.25,24.668636322021484,17300
1986-10-03,27.25,27.25,27.25,27.25,24.668636322021484,1100
1986-10-06,27.25,27.5,27.25,27.375,24.781797409057617,700
1986-10-07,27.625,28.125,27.625,28.125,25.46074867248535,2100
1986-10-08,28.125,28.5,28.0,28.5,25.80022621154785,10700
1986-10-09,28.5,28.625,28.5,28.5,25.80022621154785,1400
1986-10-10,28.5,28.5,28.5,28.5,25.80022621154785,100
1986-10-13,28.5,28.5,28.5,28.5,25.80022621154785,300
1986-10-14,28.5,28.5,28.375,28.375,25.68706703186035,800
1986-10-15,28.5,28.75,28.5,28.75,26.026546478271484,1800
1986-10-16,28.625,28.625,28.625,28.625,25.913387298583984,200
1986-10-17,28.625,28.625,28.375,28.375,25.68706703186035,3900
1986-10-20,28.375,28.375,28.375,28.375,25.68706703186035,1500
1986-10-21,28.375,28.375,28.375,28.375,25.68706703186035,0
1986-10-22,28.375,28.375,28.375,28.375,25.68706703186035,400
1986-10-23,28.5,28.5,28.5,28.5,25.80022621154785,500
1986-10-24,28.625,28.625,28.625,28.625,25.913387298583984,400
1986-10-27,28.375,28.375,28.375,28.375,25.68706703186035,700
1986-10-28,28.375,28.625,28.375,28.5,25.80022621154785,1900
1986-10-29,28.5,28.625,28.5,28.5,25.80022621154785,2700
1986-10-30,28.75,29.0,28.75,28.75,26.026546478271484,4700
1986-10-31,28.75,28.875,28.625,28.875,26.139705657958984,3000
1986-11-03,28.875,28.875,28.875,28.875,26.139705657958984,16000
1986-11-04,28.625,28.625,28.625,28.625,25.913387298583984,5800
1986-11-05,28.625,28.875,28.625,28.875,26.139705657958984,1300
1986-11-06,28.875,28.875,28.75,28.875,26.139705657958984,1700
1986-11-07,28.875,28.875,28.75,28.875,26.139705657958984,23900
1986-11-10,28.875,28.875,28.875,28.875,26.139705657958984,900
1986-11-11,28.875,28.875,28.75,28.75,26.026546478271484,22000
1986-11-12,28.75,28.875,28.5,28.5,25.80022621154785,20400
1986-11-13,28.5,28.5,28.5,28.5,25.80022621154785,1600
1986-11-14,28.5,28.625,28.5,28.5,25.80022621154785,3400
1986-11-17,28.375,28.375,28.375,28.375,25.68706703186035,200
1986-11-18,28.125,28.125,27.875,27.875,25.234432220458984,4100
1986-11-19,27.875,27.875,27.875,27.875,25.234432220458984,0
1986-11-20,27.75,27.75,27.75,27.75,25.121273040771484,500
1986-11-21,27.875,28.0,27.875,27.875,25.234432220458984,1400
1986-11-24,27.875,28.0,27.75,27.875,25.234432220458984,3100
1986-11-25,27.75,27.75,27.25,27.625,25.008113861083984,6200
1986-11-26,27.5,27.5,27.5,27.5,24.894954681396484,1200
1986-11-28,27.625,27.75,27.625,27.625,25.008113861083984,800
1986-12-01,27.625,27.625,27.5,27.5,24.894954681396484,3000
1986-12-02,27.5,28.125,27.5,28.125,25.46074867248535,6000
1986-12-03,28.125,28.75,28.125,28.375,25.68706703186035,6600
1986-12-04,28.25,28.25,28.125,28.125,25.46074867248535,1000
1986-12-05,28.125,28.125,28.0,28.0,25.347591400146484,4800
1986-12-08,28.125,28.25,28.125,28.25,25.57390785217285,1100
1986-12-09,28.25,28.5,28.25,28.25,25.57390785217285,3000
1986-12-10,28.25,28.25,28.25,28.25,25.57390785217285,200
1986-12-11,28.25,28.25,28.125,28.25,25.57390785217285,1500
1986-12-12,28.25,28.25,28.25,28.25,25.57390785217285,600
1986-12-15,28.25,28.25,28.125,28.125,25.46074867248535,4200
1986-12-16,28.25,28.5,28.25,28.5,25.80022621154785,7300
1986-12-17,28.75,28.875,28.75,28.875,26.139705657958984,500
1986-12-18,28.625,28.625,28.375,28.5,25.80022621154785,2600
1986-12-19,28.5,29.75,28.25,29.75,26.93181800842285,14600
1986-12-22,29.625,29.625,29.25,29.25,26.47918128967285,9600
1986-12-23,29.125,29.125,28.375,28.375,25.68706703186035,11400
1986-12-24,28.375,28.625,28.375,28.375,25.68706703186035,2200
1986-12-26,28.25,28.25,28.125,28.125,25.46074867248535,1400
1986-12-29,28.0,28.0,28.0,28.0,25.347591400146484,300
1986-12-30,28.0,28.125,28.0,28.0,25.347591400146484,4600
1986-12-31,28.0,28.0,27.75,28.0,25.347591400146484,3000
1987-01-02,28.25,28.25,28.25,28.25,25.57390785217285,600
1987-01-05,28.5,29.375,28.5,29.375,26.59234046936035,2900
1987-01-06,29.5,29.75,29.5,29.75,26.93181800842285,2200
1987-01-07,29.75,30.25,29.625,30.25,27.384450912475586,8100
1987-01-08,30.0,30.0,30.0,30.0,27.158132553100586,3400
1987-01-09,29.875,29.875,29.875,29.875,27.044973373413086,1400
1987-01-12,30.0,30.875,30.0,30.875,27.950246810913086,3800
1987-01-13,31.0,31.5,31.0,31.5,28.516040802001953,1600
1987-01-14,31.25,31.25,31.25,31.25,28.289724349975586,800
1987-01-15,31.125,31.125,31.125,31.125,28.176565170288086,1000
1987-01-16,31.125,31.25,31.0,31.0,28.063404083251953,8400
1987-01-19,31.0,31.25,30.875,31.25,28.289724349975586,600
1987-01-20,31.5,31.75,31.5,31.5,28.516040802001953,3600
1987-01-21,31.5,31.625,31.375,31.375,28.402881622314453,2400
1987-01-22,31.375,31.625,31.25,31.25,28.289724349975586,2300
1987-01-23,31.25,31.375,31.125,31.125,28.176565170288086,5800
1987-01-26,31.125,31.25,31.0,31.0,28.063404083251953,500
1987-01-27,30.875,30.875,30.875,30.875,27.950246810913086,900
1987-01-28,31.0,31.0,31.0,31.0,28.063404083251953,100
1987-01-29,30.875,30.875,30.875,30.875,27.950246810913086,100
1987-01-30,30.75,30.75,30.75,30.75,27.837087631225586,200
1987-02-02,30.75,30.75,30.75,30.75,27.837087631225586,100
1987-02-03,30.75,30.75,30.625,30.625,27.72393035888672,700
1987-02-04,30.75,30.75,30.75,30.75,27.837087631225586,1000
1987-02-05,30.625,30.625,30.5,30.5,27.610767364501953,700
1987-02-06,30.5,31.0,30.5,31.0,28.063404083251953,1600
1987-02-09,30.625,30.625,30.5,30.5,27.610767364501953,300
1987-02-10,30.5,30.5,30.5,30.5,27.610767364501953,1100
1987-02-11,30.5,30.625,30.375,30.625,27.72393035888672,4000
1987-02-12,30.5,30.5,30.5,30.5,27.610767364501953,2200
1987-02-13,30.5,31.125,30.5,31.125,28.176565170288086,1900
1987-02-17,31.375,31.75,31.375,31.75,28.742359161376953,2200
1987-02-18,32.0,32.375,32.0,32.0,28.96867561340332,2800
1987-02-19,32.0,32.75,32.0,32.5,29.42131233215332,3600
1987-02-20,32.5,32.5,32.5,32.5,29.42131233215332,0
1987-02-23,32.375,32.375,32.0,32.0,28.96867561340332,1500
1987-02-24,31.75,31.75,31.5,31.5,28.516040802001953,1200
1987-02-25,31.625,31.75,31.625,31.75,28.742359161376953,300
1987-02-26,31.75,31.75,31.375,31.75,28.742359161376953,1900
1987-02-27,32.0,32.5,32.0,32.5,29.42131233215332,2800
1987-03-02,32.5,32.75,32.5,32.5,29.42131233215332,1500
1987-03-03,32.375,32.375,32.375,32.375,29.30815315246582,200
1987-03-04,32.25,32.25,32.25,32.25,29.194995880126953,300
1987-03-05,32.125,32.125,32.125,32.125,29.081836700439453,400
1987-03-06,32.375,32.375,32.375,32.375,29.30815315246582,300
1987-03-09,32.375,32.375,32.25,32.375,29.30815315246582,200
1987-03-10,32.125,32.125,32.125,32.125,29.081836700439453,200
1987-03-11,32.125,32.125,32.125,32.125,29.081836700439453,100
1987-03-12,32.0,32.0,32.0,32.0,28.96867561340332,500
1987-03-13,32.0,32.5,32.0,32.25,29.194995880126953,2200
1987-03-16,32.375,32.375,32.375,32.375,29.30815315246582,100
1987-03-17,32.375,32.375,32.25,32.375,29.30815315246582,1100
1987-03-18,32.375,32.375,32.375,32.375,29.30815315246582,200
1987-03-19,32.375,32.375,32.0,32.0,28.96867561340332,2000
1987-03-20,32.0,32.0,31.125,31.125,28.176565170288086,15800
1987-03-23,31.25,31.375,31.25,31.25,28.289724349975586,200
1987-03-24,31.5,32.375,31.5,32.375,29.30815315246582,4700
1987-03-25,32.375,32.5,32.25,32.5,29.42131233215332,5700
1987-03-26,32.5,32.625,32.5,32.625,29.53447151184082,1600
1987-03-27,32.875,32.875,32.875,32.875,29.76078987121582,300
1987-03-30,32.75,32.75,32.5,32.5,29.42131233215332,1500
1987-03-31,32.5,32.5,32.25,32.5,29.42131233215332,1500
1987-04-01,32.5,32.625,32.25,32.625,29.53447151184082,4600
1987-04-02,32.75,33.125,32.75,33.0,29.873947143554688,900
1987-04-03,33.25,34.125,33.25,34.125,30.892377853393555,4000
1987-04-06,34.125,34.25,34.0,34.125,30.892377853393555,6400
1987-04-07,34.375,35.0,34.375,34.875,31.57132911682129,2800
1987-04-08,35.0,35.125,35.0,35.125,31.79764747619629,300
1987-04-09,35.0,35.0,34.5,34.5,31.231855392456055,5700
1987-04-10,34.375,34.375,34.375,34.375,31.118694305419922,100
1987-04-13,34.375,34.375,34.125,34.125,30.892377853393555,1200
1987-04-14,34.0,34.0,32.75,32.75,29.647632598876953,9200
1987-04-15,32.625,32.625,32.0,32.0,28.96867561340332,3900
1987-04-16,32.25,32.375,32.25,32.25,29.194995880126953,5000
1987-04-20,32.25,32.5,32.0,32.0,28.96867561340332,4300
1987-04-21,31.75,31.75,31.625,31.625,28.629199981689453,2300
1987-04-22,31.75,31.875,31.75,31.875,28.85551643371582,900
1987-04-23,32.0,32.125,32.0,32.0,28.96867561340332,4300
1987-04-24,31.875,31.875,31.75,31.75,28.742359161376953,1200
1987-04-27,31.75,31.75,31.625,31.625,28.629199981689453,3900
1987-04-28,31.625,31.625,31.625,31.625,28.629199981689453,0
1987-04-29,31.75,32.0,31.75,32.0,28.96867561340332,2500
1987-04-30,32.25,32.25,32.25,32.25,29.194995880126953,1400
1987-05-01,32.25,32.25,32.125,32.125,29.081836700439453,300
1987-05-04,32.125,32.125,32.125,32.125,29.081836700439453,400
1987-05-05,32.125,32.125,32.0,32.0,28.96867561340332,1500
1987-05-06,32.0,32.0,32.0,32.0,28.96867561340332,0
1987-05-07,32.0,32.0,32.0,32.0,28.96867561340332,1800
1987-05-08,32.0,32.0,32.0,32.0,28.96867561340332,8000
1987-05-11,32.0,32.125,32.0,32.0,28.96867561340332,2100
1987-05-12,31.75,31.75,31.75,31.75,28.742359161376953,300
1987-05-13,31.625,31.625,31.625,31.625,28.629199981689453,100
1987-05-14,31.25,31.25,31.25,31.25,28.289724349975586,32600
1987-05-15,31.125,31.125,30.75,30.75,27.837087631225586,1400
1987-05-18,30.375,30.375,30.375,30.375,27.497610092163086,400
1987-05-19,30.25,30.25,29.625,29.625,26.81865692138672,1300
1987-05-20,29.625,29.625,29.625,29.625,26.81865692138672,0
1987-05-21,29.375,29.375,29.375,29.375,26.59234046936035,500
1987-05-22,29.125,29.125,29.0,29.0,26.25286293029785,2500
1987-05-26,29.25,29.5,29.25,29.5,26.70549964904785,1600
1987-05-27,29.75,29.875,29.75,29.75,26.93181800842285,1700
1987-05-28,29.625,29.625,29.625,29.625,26.81865692138672,100
1987-05-29,29.625,29.75,29.625,29.625,26.81865692138672,1600
1987-06-01,29.5,29.5,29.25,29.25,26.47918128967285,1000
1987-06-02,29.375,29.5,29.375,29.5,26.70549964904785,1000
1987-06-03,29.25,29.25,29.25,29.25,26.47918128967285,300
1987-06-04,29.25,29.375,29.25,29.25,26.47918128967285,7700
1987-06-05,29.25,29.25,29.25,29.25,26.47918128967285,0
1987-06-08,29.375,29.375,29.375,29.375,26.59234046936035,100
1987-06-09,29.375,29.375,29.25,29.25,26.47918128967285,300
1987-06-10,29.375,29.5,29.375,29.375,26.59234046936035,1200
1987-06-11,29.25,29.25,29.25,29.25,26.47918128967285,400
1987-06-12,29.375,29.625,29.375,29.625,26.81865692138672,1700
1987-06-15,29.875,30.25,29.875,30.25,27.384450912475586,1700
1987-06-16,30.5,31.0,30.5,31.0,28.063404083251953,2200
1987-06-17,31.0,31.25,31.0,31.25,28.289724349975586,800
1987-06-18,31.125,31.125,31.125,31.125,28.176565170288086,100
1987-06-19,31.0,31.0,30.875,31.0,28.063404083251953,6200
1987-06-22,31.125,31.125,31.125,31.125,28.176565170288086,100
1987-06-23,31.0,31.0,31.0,31.0,28.063404083251953,200
1987-06-24,31.0,31.0,31.0,31.0,28.063404083251953,0
1987-06-25,30.75,30.75,30.625,30.625,27.72393035888672,800
1987-06-26,30.75,30.75,30.75,30.75,27.837087631225586,300
1987-06-29,30.75,30.75,30.75,30.75,27.837087631225586,0
1987-06-30,30.75,31.0,30.75,31.0,28.063404083251953,2700
1987-07-01,31.0,31.125,31.0,31.0,28.063404083251953,1100
1987-07-02,31.0,31.0,31.0,31.0,28.063404083251953,0
1987-07-06,30.875,30.875,30.875,30.875,27.950246810913086,4800
1987-07-07,31.0,31.0,31.0,31.0,28.063404083251953,700
1987-07-08,30.75,30.75,30.75,30.75,27.837087631225586,200
1987-07-09,30.75,30.875,30.625,30.625,27.72393035888672,600
1987-07-10,30.75,30.75,30.75,30.75,27.837087631225586,200
1987-07-13,30.5,30.5,30.375,30.375,27.497610092163086,7700
1987-07-14,30.5,30.5,30.5,30.5,27.610767364501953,400
1987-07-15,30.5,30.5,30.5,30.5,27.610767364501953,0
1987-07-16,30.25,30.25,30.125,30.125,27.271289825439453,500
1987-07-17,30.125,30.25,30.0,30.25,27.384450912475586,6700
1987-07-20,30.25,30.25,30.25,30.25,27.384450912475586,4600
1987-07-21,30.25,30.25,30.25,30.25,27.384450912475586,300
1987-07-22,30.25,30.375,30.125,30.375,27.497610092163086,2900
1987-07-23,30.25,30.25,30.25,30.25,27.384450912475586,900
1987-07-24,30.5,30.75,30.5,30.75,27.837087631225586,5500
1987-07-27,30.75,30.75,30.625,30.625,27.72393035888672,1800
1987-07-28,30.5,30.5,30.5,30.5,27.610767364501953,200
1987-07-29,30.5,30.75,30.375,30.75,27.837087631225586,1100
1987-07-30,31.0,32.125,31.0,32.125,29.081836700439453,4800
1987-07-31,31.875,31.875,31.75,31.75,28.742359161376953,800
1987-08-03,31.75,32.0,31.5,31.5,28.516040802001953,6400
1987-08-04,31.5,31.625,31.125,31.125,28.176565170288086,1500
1987-08-05,31.0,31.0,31.0,31.0,28.063404083251953,300
1987-08-06,30.875,30.875,30.875,30.875,27.950246810913086,1900
1987-08-07,30.75,30.75,30.625,30.625,27.72393035888672,300
1987-08-10,30.625,31.0,30.625,31.0,28.063404083251953,1400
1987-08-11,31.0,31.0,30.75,30.875,27.950246810913086,900
1987-08-12,31.0,31.5,31.0,31.5,28.516040802001953,1800
1987-08-13,31.5,31.75,31.5,31.5,28.516040802001953,2600
1987-08-14,31.5,31.625,31.5,31.5,28.516040802001953,1100
1987-08-17,31.375,31.375,31.25,31.25,28.289724349975586,500
1987-08-18,31.25,31.5,31.125,31.375,28.402881622314453,1300
1987-08-19,31.375,31.375,31.375,31.375,28.402881622314453,0
1987-08-20,31.375,31.375,31.375,31.375,28.402881622314453,0
1987-08-21,31.375,31.375,31.375,31.375,28.402881622314453,0
1987-08-24,31.375,31.375,31.375,31.375,28.402881622314453,0
1987-08-25,31.5,31.75,31.5,31.75,28.742359161376953,1100
1987-08-26,31.5,31.5,31.25,31.25,28.289724349975586,1200
1987-08-27,31.25,31.5,31.25,31.25,28.289724349975586,500
1987-08-28,31.0,31.0,31.0,31.0,28.063404083251953,3700
1987-08-31,31.0,31.25,31.0,31.125,28.176565170288086,400
1987-09-01,31.25,31.375,31.25,31.375,28.402881622314453,600
1987-09-02,31.25,31.25,31.25,31.25,28.289724349975586,500
1987-09-03,31.125,31.125,31.125,31.125,28.176565170288086,300
1987-09-04,31.125,31.375,31.0,31.0,28.063404083251953,1400
1987-09-08,30.625,30.625,30.125,30.125,27.271289825439453,6800
1987-09-09,30.125,30.25,30.125,30.125,27.271289825439453,2400
1987-09-10,30.25,30.5,30.25,30.25,27.384450912475586,2600
1987-09-11,30.25,30.375,29.75,30.25,27.384450912475586,9200
1987-09-14,30.25,30.25,29.75,30.0,27.158132553100586,6600
1987-09-15,30.0,30.125,29.875,29.875,27.044973373413086,1200
1987-09-16,29.75,29.75,29.625,29.625,26.81865692138672,700
1987-09-17,29.75,30.0,29.75,30.0,27.158132553100586,2500
1987-09-18,30.0,30.125,30.0,30.0,27.158132553100586,1000
1987-09-21,30.0,30.25,30.0,30.125,27.271289825439453,1800
1987-09-22,30.25,30.25,30.25,30.25,27.384450912475586,100
1987-09-23,30.25,30.625,30.125,30.625,27.72393035888672,2000
1987-09-24,30.625,30.75,30.5,30.75,27.837087631225586,400
1987-09-25,30.75,30.75,30.75,30.75,27.837087631225586,0
1987-09-28,31.0,31.5,31.0,31.5,28.516040802001953,5800
1987-09-29,31.5,31.5,31.5,31.5,28.516040802001953,0
1987-09-30,31.625,31.875,31.625,31.875,28.85551643371582,1200
1987-10-01,31.875,31.875,31.875,31.875,28.85551643371582,0
1987-10-02,31.625,31.625,31.625,31.625,28.629199981689453,1300
1987-10-05,31.625,31.875,31.625,31.875,28.85551643371582,500
1987-10-06,31.875,32.0,31.75,31.75,28.742359161376953,600
1987-10-07,31.875,31.875,31.875,31.875,28.85551643371582,500
1987-10-08,31.75,31.75,31.5,31.5,28.516040802001953,4000
1987-10-09,31.5,31.625,31.25,31.25,28.289724349975586,1600
1987-10-12,31.125,31.125,30.75,30.75,27.837087631225586,1200
1987-10-13,30.875,30.875,30.875,30.875,27.950246810913086,200
1987-10-14,30.25,30.25,30.25,30.25,27.384450912475586,5700
1987-10-15,30.0,30.0,30.0,30.0,27.158132553100586,5500
1987-10-16,30.0,30.125,29.5,29.5,26.70549964904785,4600
1987-10-19,29.0,29.0,28.125,28.125,25.46074867248535,6900
1987-10-20,27.625,27.625,23.0,23.0,20.821237564086914,9700
1987-10-21,23.25,24.5,23.25,24.5,22.179141998291016,8500
1987-10-22,24.25,24.25,23.75,23.875,21.61334800720215,4300
1987-10-23,23.75,23.75,23.5,23.75,21.50018882751465,500
1987-10-26,23.75,24.0,23.125,23.125,20.934396743774414,3500
1987-10-27,22.875,22.875,22.5,22.5,20.368600845336914,2100
1987-10-28,21.75,21.75,21.125,21.375,19.35017204284668,1600
1987-10-29,21.375,22.0,21.125,22.0,19.915964126586914,8600
1987-10-30,22.0,22.875,22.0,22.875,20.708078384399414,19700
1987-11-02,22.875,23.25,22.875,23.25,21.047555923461914,12100
1987-11-03,23.25,23.375,23.125,23.375,21.160715103149414,11000
1987-11-04,23.625,23.625,23.625,23.625,21.38703155517578,4400
1987-11-05,23.5,23.5,23.5,23.5,21.27387237548828,500
1987-11-06,23.5,23.5,23.5,23.5,21.27387237548828,0
1987-11-09,23.25,23.25,23.25,23.25,21.047555923461914,200
1987-11-10,23.25,23.25,22.875,22.875,20.708078384399414,2100
1987-11-11,23.0,23.0,23.0,23.0,20.821237564086914,5200
1987-11-12,22.75,22.75,22.625,22.625,20.48175811767578,1900
1987-11-13,22.625,22.75,22.625,22.625,20.48175811767578,1500
1987-11-16,22.625,22.625,22.625,22.625,20.48175811767578,100
1987-11-17,22.375,22.375,22.375,22.375,20.255441665649414,56500
1987-11-18,22.375,22.5,22.375,22.375,20.255441665649414,11000
1987-11-19,22.375,22.375,21.5,21.5,19.463329315185547,10400
1987-11-20,21.5,21.5,21.5,21.5,19.463329315185547,56200
1987-11-23,21.5,21.5,21.25,21.25,19.237010955810547,5700
1987-11-24,21.25,21.25,21.25,21.25,19.237010955810547,1900
1987-11-25,21.25,21.375,21.125,21.375,19.35017204284668,1300
1987-11-27,21.5,21.5,21.5,21.5,19.463329315185547,1900
1987-11-30,21.375,21.375,21.375,21.375,19.35017204284668,3900
1987-12-01,21.625,21.75,21.625,21.75,19.689647674560547,1500
1987-12-02,21.625,21.625,21.625,21.625,19.576488494873047,2700
1987-12-03,21.375,21.375,21.0,21.0,19.01069450378418,7900
1987-12-04,20.5,20.5,20.125,20.125,18.218582153320312,5300
1987-12-07,20.125,20.125,20.125,20.125,18.218582153320312,20600
1987-12-08,20.25,20.25,20.25,20.25,18.33173942565918,100
1987-12-09,20.375,20.875,20.375,20.75,18.78437614440918,1400
1987-12-10,20.75,20.875,20.625,20.75,18.78437614440918,600
1987-12-11,20.75,20.75,20.75,20.75,18.78437614440918,400
1987-12-14,21.0,21.5,21.0,21.5,19.463329315185547,18400
1987-12-15,21.625,22.125,21.625,22.125,20.029123306274414,8700
1987-12-16,22.375,23.0,22.375,23.0,20.821237564086914,3400
1987-12-17,23.0,23.25,23.0,23.0,20.821237564086914,1400
1987-12-18,23.0,23.375,22.875,23.375,21.160715103149414,2100
1987-12-21,24.0,24.125,24.0,24.125,21.83966636657715,3600
1987-12-22,24.125,24.75,24.125,24.75,22.40546226501465,3400
1987-12-23,24.75,25.0,24.75,25.0,22.631778717041016,2800
1987-12-24,24.75,24.75,24.5,24.75,22.40546226501465,2500
1987-12-28,24.5,24.5,24.375,24.375,22.065982818603516,1000
1987-12-29,24.25,24.25,24.0,24.0,21.72650718688965,1700
1987-12-30,24.25,24.5,24.25,24.5,22.179141998291016,1600
1987-12-31,24.5,24.75,24.5,24.75,22.40546226501465,2200
1988-01-04,24.75,25.5,24.625,25.5,23.084413528442383,1700
1988-01-05,25.75,25.75,25.75,25.75,23.31072998046875,200
1988-01-06,25.75,25.75,25.75,25.75,23.31072998046875,0
1988-01-07,25.875,26.125,25.875,26.125,23.65020751953125,1200
1988-01-08,25.875,25.875,25.5,25.5,23.084413528442383,1400
1988-01-11,25.375,25.375,25.25,25.25,22.858095169067383,15200
1988-01-12,25.0,25.0,24.75,24.75,22.40546226501465,1500
1988-01-13,24.875,24.875,24.875,24.875,22.518619537353516,100
1988-01-14,24.875,24.875,24.875,24.875,22.518619537353516,0
1988-01-15,24.75,24.75,24.75,24.75,22.40546226501465,500
1988-01-18,24.75,24.75,24.75,24.75,22.40546226501465,0
1988-01-19,24.75,24.75,24.75,24.75,22.40546226501465,300
1988-01-20,24.75,24.75,24.75,24.75,22.40546226501465,6600
1988-01-21,24.75,24.75,24.625,24.75,22.40546226501465,1000
1988-01-22,25.0,25.0,25.0,25.0,22.631778717041016,300
1988-01-25,25.0,25.0,25.0,25.0,22.631778717041016,0
1988-01-26,25.125,25.25,25.125,25.125,22.744937896728516,600
1988-01-27,25.0,25.0,25.0,25.0,22.631778717041016,100
1988-01-28,25.0,25.0,25.0,25.0,22.631778717041016,0
1988-01-29,25.0,25.0,25.0,25.0,22.631778717041016,0
1988-02-01,25.0,25.25,25.0,25.0,22.631778717041016,900
1988-02-02,24.75,24.75,24.75,24.75,22.40546226501465,700
1988-02-03,24.75,25.0,24.625,24.875,22.518619537353516,2700
1988-02-04,25.0,25.0,25.0,25.0,22.631778717041016,500
1988-02-05,25.0,25.0,25.0,25.0,22.631778717041016,0
1988-02-08,24.75,24.75,24.75,24.75,22.40546226501465,500
1988-02-09,24.75,24.75,24.75,24.75,22.40546226501465,0
1988-02-10,25.0,25.0,25.0,25.0,22.631778717041016,400
1988-02-11,25.25,25.625,25.25,25.5,23.084413528442383,2500
1988-02-12,25.5,25.5,25.5,25.5,23.084413528442383,0
1988-02-16,25.5,25.5,25.5,25.5,23.084413528442383,600
1988-02-17,25.75,26.0,25.75,26.0,23.537050247192383,600
1988-02-18,26.0,26.5,26.0,26.25,23.76336669921875,4300
1988-02-19,26.25,26.25,26.25,26.25,23.76336669921875,0
1988-02-22,26.5,26.5,26.5,26.5,23.98968505859375,300
1988-02-23,26.25,26.25,26.125,26.125,23.65020751953125,22500
1988-02-24,26.125,26.125,26.125,26.125,23.65020751953125,2000
1988-02-25,26.125,26.125,26.125,26.125,23.65020751953125,2300
1988-02-26,26.125,26.25,26.125,26.25,23.76336669921875,900
1988-02-29,26.25,26.25,26.25,26.25,23.76336669921875,0
1988-03-01,26.25,26.25,26.125,26.125,23.65020751953125,700
1988-03-02,26.125,26.125,26.125,26.125,23.65020751953125,0
1988-03-03,26.125,26.125,26.125,26.125,23.65020751953125,300
1988-03-04,26.375,26.375,26.375,26.375,23.876523971557617,3700
1988-03-07,26.625,26.625,26.625,26.625,24.10284423828125,1200
1988-03-08,26.625,26.75,26.5,26.75,24.216001510620117,3100
1988-03-09,27.0,27.5,27.0,27.375,24.781797409057617,4200
1988-03-10,27.375,27.5,27.375,27.375,24.781797409057617,900
1988-03-11,27.375,27.5,27.375,27.375,24.781797409057617,1200
1988-03-14,27.375,27.5,27.375,27.375,24.781797409057617,1100
1988-03-15,27.5,27.5,27.5,27.5,24.894954681396484,300
1988-03-16,27.5,28.0,27.375,28.0,25.347591400146484,4800
1988-03-17,28.0,28.0,27.625,28.0,25.347591400146484,3400
1988-03-18,28.0,28.0,28.0,28.0,25.347591400146484,1500
1988-03-21,28.0,28.0,28.0,28.0,25.347591400146484,3900
1988-03-22,28.0,28.125,28.0,28.0,25.347591400146484,1400
1988-03-23,28.0,28.25,28.0,28.25,25.57390785217285,700
1988-03-24,28.125,28.125,28.125,28.125,25.46074867248535,200
1988-03-25,28.0,28.0,28.0,28.0,25.347591400146484,2400
1988-03-28,28.0,28.0,27.875,27.875,25.234432220458984,32700
1988-03-29,28.0,28.0,28.0,28.0,25.347591400146484,5200
1988-03-30,28.0,28.0,27.625,27.625,25.008113861083984,800
1988-03-31,27.625,27.875,27.5,27.875,25.234432220458984,1700
1988-04-04,27.75,27.75,27.5,27.5,24.894954681396484,300
1988-04-05,27.25,27.25,27.125,27.125,24.555479049682617,400
1988-04-06,26.875,26.875,26.875,26.875,24.32916259765625,300
1988-04-07,27.0,27.0,27.0,27.0,24.442319869995117,500
1988-04-08,27.0,27.0,26.75,26.75,24.216001510620117,2900
1988-04-11,26.5,26.5,26.25,26.375,23.876523971557617,1200
1988-04-12,26.25,26.25,26.125,26.25,23.76336669921875,800
1988-04-13,26.25,26.375,26.25,26.25,23.76336669921875,1800
1988-04-14,26.0,26.0,25.75,25.875,23.42388916015625,2700
1988-04-15,25.625,25.625,25.625,25.625,23.197572708129883,500
1988-04-18,25.5,25.5,25.5,25.5,23.084413528442383,200
1988-04-19,25.5,25.75,25.5,25.625,23.197572708129883,5800
1988-04-20,25.625,25.75,25.625,25.625,23.197572708129883,600
1988-04-21,25.625,25.75,25.625,25.75,23.31072998046875,500
1988-04-22,25.75,25.75,25.75,25.75,23.31072998046875,0
1988-04-25,26.0,26.125,26.0,26.125,23.65020751953125,5700
1988-04-26,26.0,26.0,26.0,26.0,23.537050247192383,400
1988-04-27,26.0,26.0,26.0,26.0,23.537050247192383,0
1988-04-28,26.0,26.0,26.0,26.0,23.537050247192383,100
1988-04-29,26.0,26.0,26.0,26.0,23.537050247192383,200
1988-05-02,26.25,26.25,26.25,26.25,23.76336669921875,200
1988-05-03,26.125,26.125,26.125,26.125,23.65020751953125,1800
1988-05-04,26.375,26.5,26.375,26.5,23.98968505859375,1900
1988-05-05,26.375,26.375,26.375,26.375,23.876523971557617,300
1988-05-06,26.5,26.625,26.5,26.5,23.98968505859375,1300
1988-05-09,26.5,26.5,26.5,26.5,23.98968505859375,0
1988-05-10,26.5,27.5,26.5,27.25,24.668636322021484,3700
1988-05-11,27.25,27.5,27.25,27.5,24.894954681396484,1700
1988-05-12,27.625,27.625,27.625,27.625,25.008113861083984,100
1988-05-13,27.625,27.875,27.625,27.625,25.008113861083984,400
1988-05-16,27.625,27.625,27.625,27.625,25.008113861083984,300
1988-05-17,27.5,27.5,27.5,27.5,24.894954681396484,200
1988-05-18,27.5,27.5,27.5,27.5,24.894954681396484,0
1988-05-19,27.5,27.5,27.125,27.375,24.781797409057617,3100
1988-05-20,27.375,27.375,27.125,27.375,24.781797409057617,700
1988-05-23,27.125,27.125,27.125,27.125,24.555479049682617,500
1988-05-24,27.125,27.375,27.125,27.375,24.781797409057617,1100
1988-05-25,27.75,27.75,27.75,27.75,25.121273040771484,1200
1988-05-26,27.625,27.625,27.625,27.625,25.008113861083984,200
1988-05-27,27.625,27.625,27.625,27.625,25.008113861083984,7000
1988-05-31,27.5,27.5,27.25,27.25,24.668636322021484,1300
1988-06-01,27.125,27.125,27.0,27.125,24.555479049682617,700
1988-06-02,27.125,27.125,27.125,27.125,24.555479049682617,0
1988-06-03,27.125,27.25,27.0,27.125,24.555479049682617,900
1988-06-06,27.375,27.375,27.375,27.375,24.781797409057617,500
1988-06-07,27.25,27.25,27.125,27.25,24.668636322021484,2300
1988-06-08,27.125,27.125,27.125,27.125,24.555479049682617,2000
1988-06-09,27.125,27.125,27.125,27.125,24.555479049682617,0
1988-06-10,27.125,27.125,27.125,27.125,24.555479049682617,0
1988-06-13,27.125,27.125,27.125,27.125,24.555479049682617,600
1988-06-14,27.125,27.125,27.125,27.125,24.555479049682617,100
1988-06-15,27.375,28.0,27.375,28.0,25.347591400146484,14300
1988-06-16,28.0,28.0,28.0,28.0,25.347591400146484,900
1988-06-17,28.25,28.5,28.25,28.25,25.57390785217285,2800
1988-06-20,28.25,28.25,28.125,28.25,25.57390785217285,500
1988-06-21,28.25,28.25,28.25,28.25,25.57390785217285,0
1988-06-22,28.5,28.625,28.5,28.625,25.913387298583984,400
1988-06-23,28.25,28.25,28.125,28.25,25.57390785217285,15700
1988-06-24,28.25,28.25,28.25,28.25,25.57390785217285,7000
1988-06-27,28.25,28.25,28.25,28.25,25.57390785217285,0
1988-06-28,28.5,28.5,28.5,28.5,25.80022621154785,1000
1988-06-29,28.625,28.625,28.625,28.625,25.913387298583984,700
1988-06-30,28.75,29.0,28.75,29.0,26.25286293029785,700
1988-07-01,28.75,28.75,28.75,28.75,26.026546478271484,100
1988-07-05,28.875,28.875,28.875,28.875,26.139705657958984,400
1988-07-06,29.0,29.0,29.0,29.0,26.25286293029785,400
1988-07-07,29.0,29.25,29.0,29.0,26.25286293029785,600
1988-07-08,29.5,29.625,29.5,29.5,26.70549964904785,1600
1988-07-11,29.375,29.375,29.375,29.375,26.59234046936035,100
1988-07-12,29.375,29.375,29.375,29.375,26.59234046936035,0
1988-07-13,29.375,29.5,29.25,29.25,26.47918128967285,300
1988-07-14,29.25,29.375,29.125,29.125,26.36602210998535,1300
1988-07-15,29.25,29.5,29.25,29.25,26.47918128967285,1300
1988-07-18,29.375,29.5,29.375,29.375,26.59234046936035,2600
1988-07-19,29.375,29.375,29.375,29.375,26.59234046936035,900
1988-07-20,29.375,29.375,29.375,29.375,26.59234046936035,2100
1988-07-21,29.375,29.375,29.375,29.375,26.59234046936035,0
1988-07-22,29.25,29.25,29.25,29.25,26.47918128967285,200
1988-07-25,29.5,30.0,29.5,30.0,27.158132553100586,2300
1988-07-26,29.75,29.75,29.5,29.5,26.70549964904785,2300
1988-07-27,29.5,29.625,29.375,29.625,26.81865692138672,1500
1988-07-28,29.5,29.5,29.0,29.0,26.25286293029785,20500
1988-07-29,29.25,29.25,29.25,29.25,26.47918128967285,200
1988-08-01,29.25,29.25,29.25,29.25,26.47918128967285,0
1988-08-02,29.25,29.25,29.25,29.25,26.47918128967285,0
1988-08-03,29.375,30.25,29.375,29.75,26.93181800842285,15100
1988-08-04,29.75,30.375,29.625,30.25,27.384450912475586,11400
1988-08-05,30.5,30.75,30.5,30.625,27.72393035888672,3900
1988-08-08,30.875,31.375,30.875,31.125,28.176565170288086,3500
1988-08-09,31.375,31.875,31.375,31.875,28.85551643371582,3400
1988-08-10,31.625,31.625,31.375,31.375,28.402881622314453,800
1988-08-11,31.5,31.875,31.5,31.875,28.85551643371582,2600
1988-08-12,31.75,31.75,31.5,31.5,28.516040802001953,1400
1988-08-15,31.375,31.375,31.25,31.375,28.402881622314453,400
1988-08-16,31.25,31.25,31.25,31.25,28.289724349975586,1100
1988-08-17,31.25,31.25,31.25,31.25,28.289724349975586,0
1988-08-18,31.25,31.25,31.25,31.25,28.289724349975586,0
1988-08-19,31.25,31.375,31.25,31.375,28.402881622314453,2400
1988-08-22,31.375,31.375,31.375,31.375,28.402881622314453,1100
1988-08-23,31.25,31.25,31.25,31.25,28.289724349975586,200
1988-08-24,31.375,31.375,31.375,31.375,28.402881622314453,200
1988-08-25,31.25,31.25,31.25,31.25,28.289724349975586,700
1988-08-26,31.25,31.25,31.25,31.25,28.289724349975586,600
1988-08-29,31.25,31.25,31.25,31.25,28.289724349975586,0
1988-08-30,31.25,31.75,31.25,31.5,28.516040802001953,2200
1988-08-31,31.375,31.375,31.375,31.375,28.402881622314453,1100
1988-09-01,31.375,31.375,31.375,31.375,28.402881622314453,100
1988-09-02,31.375,31.375,31.375,31.375,28.402881622314453,0
1988-09-06,31.25,31.25,31.25,31.25,28.289724349975586,1400
1988-09-07,31.375,31.5,31.375,31.375,28.402881622314453,600
1988-09-08,31.375,31.375,31.375,31.375,28.402881622314453,2900
1988-09-09,31.375,31.375,31.375,31.375,28.402881622314453,100
1988-09-12,31.375,31.375,31.375,31.375,28.402881622314453,200
1988-09-13,31.25,31.25,31.25,31.25,28.289724349975586,200
1988-09-14,31.25,32.0,31.125,32.0,28.96867561340332,3100
1988-09-15,32.0,32.125,31.875,32.125,29.081836700439453,4900
1988-09-16,32.125,32.125,32.125,32.125,29.081836700439453,0
1988-09-19,32.125,32.125,32.0,32.125,29.081836700439453,900
1988-09-20,32.0,32.0,32.0,32.0,28.96867561340332,300
1988-09-21,32.25,32.25,32.25,32.25,29.194995880126953,100
1988-09-22,32.625,32.875,32.625,32.75,29.647632598876953,1700
1988-09-23,32.625,32.625,32.625,32.625,29.53447151184082,100
1988-09-26,32.625,32.625,32.625,32.625,29.53447151184082,0
1988-09-27,32.625,32.625,32.625,32.625,29.53447151184082,300
1988-09-28,32.5,32.5,32.5,32.5,29.42131233215332,200
1988-09-29,32.5,32.75,32.5,32.625,29.53447151184082,900
1988-09-30,32.625,33.5,32.625,33.5,30.326581954956055,6100
1988-10-03,33.5,33.625,33.375,33.5,30.326581954956055,1400
1988-10-04,33.5,34.0,33.5,33.875,30.66605567932129,7900
1988-10-05,34.0,34.5,34.0,34.25,31.005535125732422,3900
1988-10-06,34.5,34.75,34.5,34.625,31.34501075744629,2200
1988-10-07,34.625,35.5,34.625,35.25,31.910804748535156,8300
1988-10-10,35.25,35.5,35.125,35.5,32.137123107910156,2400
1988-10-11,35.75,36.0,35.75,36.0,32.589759826660156,1000
1988-10-12,36.25,36.625,36.25,36.625,33.155555725097656,1500
1988-10-13,36.875,36.875,36.875,36.875,33.38187026977539,300
1988-10-14,36.875,37.25,36.75,37.25,33.72134780883789,2000
1988-10-17,37.25,37.5,37.25,37.25,33.72134780883789,1400
1988-10-18,37.125,37.125,37.0,37.0,33.49502944946289,300
1988-10-19,37.0,37.0,37.0,37.0,33.49502944946289,400
1988-10-20,37.0,37.0,37.0,37.0,33.49502944946289,400
1988-10-21,37.0,37.125,37.0,37.125,33.608192443847656,6100
1988-10-24,37.0,37.0,37.0,37.0,33.49502944946289,200
1988-10-25,36.75,36.75,36.75,36.75,33.26871109008789,200
1988-10-26,36.625,36.625,36.625,36.625,33.155555725097656,100
1988-10-27,36.5,36.5,36.0,36.0,32.589759826660156,2000
1988-10-28,36.0,36.0,36.0,36.0,32.589759826660156,5700
1988-10-31,35.75,35.75,35.5,35.5,32.137123107910156,400
1988-11-01,35.375,35.375,35.25,35.375,32.023963928222656,700
1988-11-02,35.375,35.375,35.375,35.375,32.023963928222656,0
1988-11-03,35.375,35.375,35.375,35.375,32.023963928222656,0
1988-11-04,35.375,35.375,35.375,35.375,32.023963928222656,0
1988-11-07,35.375,35.375,35.375,35.375,32.023963928222656,0
1988-11-08,35.375,35.375,35.375,35.375,32.023963928222656,0
1988-11-09,35.125,35.125,34.625,34.625,31.34501075744629,2100
1988-11-10,34.5,34.5,34.25,34.25,31.005535125732422,3000
1988-11-11,34.25,34.25,34.25,34.25,31.005535125732422,500
1988-11-14,34.25,34.25,34.25,34.25,31.005535125732422,11600
1988-11-15,34.125,34.125,34.0,34.0,30.779216766357422,1500
1988-11-16,33.875,33.875,33.875,33.875,30.66605567932129,600
1988-11-17,33.75,33.75,33.75,33.75,30.552898406982422,3400
1988-11-18,33.75,33.75,33.625,33.625,30.439743041992188,1000
1988-11-21,33.5,33.5,33.25,33.375,30.213422775268555,3700
1988-11-22,33.375,33.375,33.375,33.375,30.213422775268555,4900
1988-11-23,33.375,33.375,33.375,33.375,30.213422775268555,0
1988-11-25,33.375,33.375,33.375,33.375,30.213422775268555,400
1988-11-28,33.25,33.25,33.0,33.0,29.873947143554688,12000
1988-11-29,33.25,33.25,33.25,33.25,30.100265502929688,300
1988-11-30,33.25,33.25,32.75,32.75,29.647632598876953,2100
1988-12-01,32.5,32.5,32.5,32.5,29.42131233215332,300
1988-12-02,32.5,32.625,32.375,32.625,29.53447151184082,700
1988-12-05,32.375,32.375,32.375,32.375,29.30815315246582,300
1988-12-06,32.25,32.25,32.0,32.0,28.96867561340332,1400
1988-12-07,31.75,31.75,31.75,31.75,28.742359161376953,1300
1988-12-08,31.5,31.5,31.5,31.5,28.516040802001953,3100
1988-12-09,31.5,31.5,31.5,31.5,28.516040802001953,1300
1988-12-12,31.625,31.625,31.625,31.625,28.629199981689453,5500
1988-12-13,31.625,31.625,31.625,31.625,28.629199981689453,0
1988-12-14,31.625,31.875,31.625,31.75,28.742359161376953,2600
1988-12-15,32.0,32.25,32.0,32.25,29.194995880126953,2000
1988-12-16,32.25,32.25,32.25,32.25,29.194995880126953,4300
1988-12-19,32.25,32.25,32.25,32.25,29.194995880126953,0
1988-12-20,32.25,32.25,32.25,32.25,29.194995880126953,1000
1988-12-21,32.25,32.25,32.25,32.25,29.194995880126953,0
1988-12-22,32.25,32.25,32.25,32.25,29.194995880126953,1000
1988-12-23,32.25,32.25,32.25,32.25,29.194995880126953,1900
1988-12-27,32.125,32.125,32.125,32.125,29.081836700439453,100
1988-12-28,32.125,32.125,32.125,32.125,29.081836700439453,0
1988-12-29,32.125,32.125,32.125,32.125,29.081836700439453,0
1988-12-30,32.0,32.0,31.875,32.0,28.96867561340332,700
1989-01-03,31.875,31.875,31.875,31.875,28.85551643371582,800
1989-01-04,32.0,32.375,32.0,32.375,29.30815315246582,1900
1989-01-05,32.5,32.75,32.5,32.625,29.53447151184082,900
1989-01-06,32.625,32.625,32.375,32.625,29.53447151184082,1300
1989-01-09,32.375,32.375,32.25,32.25,29.194995880126953,900
1989-01-10,32.375,32.375,32.375,32.375,29.30815315246582,1000
1989-01-11,32.125,32.125,32.125,32.125,29.081836700439453,400
1989-01-12,32.125,32.125,32.125,32.125,29.081836700439453,1000
1989-01-13,32.0,32.0,32.0,32.0,28.96867561340332,1000
1989-01-16,32.0,32.125,32.0,32.0,28.96867561340332,900
1989-01-17,31.875,31.875,31.875,31.875,28.85551643371582,700
1989-01-18,31.875,31.875,31.875,31.875,28.85551643371582,800
1989-01-19,31.875,32.125,31.875,32.0,28.96867561340332,56100
1989-01-20,32.0,32.0,32.0,32.0,28.96867561340332,600
1989-01-23,32.125,32.125,32.125,32.125,29.081836700439453,4600
1989-01-24,32.125,32.125,32.125,32.125,29.081836700439453,0
1989-01-25,32.25,32.625,32.25,32.625,29.53447151184082,1000
1989-01-26,32.75,33.25,32.75,33.25,30.100265502929688,1400
1989-01-27,33.25,33.875,33.25,33.875,30.66605567932129,900
1989-01-30,33.875,34.375,33.75,34.375,31.118694305419922,2100
1989-01-31,34.625,35.25,34.625,35.25,31.910804748535156,6400
1989-02-01,34.875,34.875,34.5,34.5,31.231855392456055,12500
1989-02-02,34.5,35.0,34.5,34.875,31.57132911682129,7600
1989-02-03,34.875,35.125,34.875,35.0,31.684486389160156,1400
1989-02-06,35.0,35.125,34.75,35.125,31.79764747619629,6000
1989-02-07,35.125,35.125,35.0,35.0,31.684486389160156,1300
1989-02-08,35.0,35.0,35.0,35.0,31.684486389160156,1500
1989-02-09,35.0,35.25,34.875,35.0,31.684486389160156,7400
1989-02-10,34.875,34.875,34.625,34.875,31.57132911682129,1100
1989-02-13,34.875,34.875,34.25,34.75,31.458168029785156,4200
1989-02-14,34.875,34.875,34.875,34.875,31.57132911682129,1500
1989-02-15,34.875,34.875,34.875,34.875,31.57132911682129,0
1989-02-16,34.375,34.375,34.375,34.375,31.118694305419922,100
1989-02-17,34.125,34.125,33.75,33.75,30.552898406982422,2900
1989-02-21,33.625,33.625,33.625,33.625,30.439743041992188,900
1989-02-22,33.625,33.625,33.625,33.625,30.439743041992188,600
1989-02-23,33.625,33.75,33.625,33.75,30.552898406982422,600
1989-02-24,33.75,34.0,33.75,33.75,30.552898406982422,7900
1989-02-27,33.75,33.75,33.75,33.75,30.552898406982422,0
1989-02-28,33.75,34.125,33.625,33.875,30.66605567932129,20100
1989-03-01,33.75,33.75,33.625,33.625,30.439743041992188,7800
1989-03-02,33.875,33.875,33.875,33.875,30.66605567932129,300
1989-03-03,33.875,34.0,33.625,34.0,30.779216766357422,15500
1989-03-06,34.0,34.0,33.75,34.0,30.779216766357422,13400
1989-03-07,34.0,34.0,33.875,33.875,30.66605567932129,400
1989-03-08,33.875,33.875,33.875,33.875,30.66605567932129,0
1989-03-09,33.75,33.75,33.5,33.75,30.552898406982422,17400
1989-03-10,34.0,34.0,34.0,34.0,30.779216766357422,700
1989-03-13,34.0,34.0,33.75,33.75,30.552898406982422,400
1989-03-14,33.75,33.75,33.75,33.75,30.552898406982422,0
1989-03-15,33.75,33.75,33.75,33.75,30.552898406982422,0
1989-03-16,33.75,33.75,33.75,33.75,30.552898406982422,0
1989-03-17,33.75,33.75,33.625,33.75,30.552898406982422,300
1989-03-20,33.75,33.75,33.75,33.75,30.552898406982422,100
1989-03-21,33.625,33.625,33.625,33.625,30.439743041992188,400
1989-03-22,33.625,33.625,33.625,33.625,30.439743041992188,0
1989-03-23,33.5,33.5,33.5,33.5,30.326581954956055,200
1989-03-27,33.5,33.5,33.5,33.5,30.326581954956055,17400
1989-03-28,33.25,33.25,33.25,33.25,30.100265502929688,19700
1989-03-29,33.25,33.5,33.25,33.5,30.326581954956055,1800
1989-03-30,33.5,33.5,33.5,33.5,30.326581954956055,0
1989-03-31,33.625,33.625,33.625,33.625,30.439743041992188,100
1989-04-03,33.375,33.375,33.375,33.375,30.213422775268555,1000
1989-04-04,33.25,33.25,33.25,33.25,30.100265502929688,1900
1989-04-05,33.25,33.5,33.0,33.5,30.326581954956055,9800
1989-04-06,33.5,33.5,33.5,33.5,30.326581954956055,0
1989-04-07,33.25,33.25,33.25,33.25,30.100265502929688,100
1989-04-10,33.125,33.125,33.0,33.0,29.873947143554688,500
1989-04-11,33.0,33.25,33.0,33.25,30.100265502929688,5800
1989-04-12,33.25,33.25,33.25,33.25,30.100265502929688,200
1989-04-13,33.0,33.0,32.875,32.875,29.76078987121582,4000
1989-04-14,32.875,33.0,32.875,33.0,29.873947143554688,4900
1989-04-17,33.0,33.0,33.0,33.0,29.873947143554688,0
1989-04-18,33.0,33.0,33.0,33.0,29.873947143554688,200
1989-04-19,32.75,32.75,32.75,32.75,29.647632598876953,200
1989-04-20,32.875,32.875,32.875,32.875,29.76078987121582,100
1989-04-21,32.875,32.875,32.875,32.875,29.76078987121582,4600
1989-04-24,32.75,32.75,32.75,32.75,29.647632598876953,100
1989-04-25,32.75,32.75,32.75,32.75,29.647632598876953,0
1989-04-26,32.75,32.75,32.75,32.75,29.647632598876953,0
1989-04-27,32.75,33.0,32.625,32.75,29.647632598876953,1600
1989-04-28,32.75,32.75,32.75,32.75,29.647632598876953,0
1989-05-01,32.875,33.0,32.875,33.0,29.873947143554688,800
1989-05-02,33.125,33.25,33.125,33.25,30.100265502929688,1600
1989-05-03,33.25,33.25,33.0,33.25,30.100265502929688,1500
1989-05-04,33.25,33.5,33.25,33.25,30.100265502929688,4000
1989-05-05,33.125,33.125,33.125,33.125,29.98710823059082,1100
1989-05-08,33.125,33.25,32.875,33.0,29.873947143554688,2100
1989-05-09,33.0,33.0,33.0,33.0,29.873947143554688,0
1989-05-10,33.125,33.25,33.125,33.125,29.98710823059082,600
1989-05-11,33.0,33.0,32.875,32.875,29.76078987121582,700
1989-05-12,32.875,33.125,32.875,32.875,29.76078987121582,1200
1989-05-15,33.125,33.125,33.125,33.125,29.98710823059082,500
1989-05-16,33.375,33.375,33.375,33.375,30.213422775268555,1000
1989-05-17,33.125,33.125,33.0,33.0,29.873947143554688,1000
1989-05-18,33.0,33.0,33.0,33.0,29.873947143554688,0
1989-05-19,32.875,32.875,32.625,32.625,29.53447151184082,600
1989-05-22,32.375,32.375,32.375,32.375,29.30815315246582,700
1989-05-23,32.375,32.375,32.375,32.375,29.30815315246582,2200
1989-05-24,32.5,32.625,32.5,32.5,29.42131233215332,3100
1989-05-25,32.5,33.0,32.5,33.0,29.873947143554688,9100
1989-05-26,33.0,33.125,33.0,33.125,29.98710823059082,1100
1989-05-30,33.125,33.125,33.125,33.125,29.98710823059082,100
1989-05-31,33.125,33.125,33.0,33.0,29.873947143554688,900
1989-06-01,32.875,32.875,32.875,32.875,29.76078987121582,600
1989-06-02,32.875,33.125,32.875,33.0,29.873947143554688,4900
1989-06-05,33.0,33.125,32.875,33.0,29.873947143554688,2300
1989-06-06,33.25,33.25,33.25,33.25,30.100265502929688,600
1989-06-07,33.125,33.125,33.0,33.0,29.873947143554688,2200
1989-06-08,32.75,32.75,32.625,32.625,29.53447151184082,1000
1989-06-09,32.875,33.0,32.875,33.0,29.873947143554688,500
1989-06-12,33.0,33.125,33.0,33.125,29.98710823059082,9300
1989-06-13,32.625,32.625,32.375,32.625,29.53447151184082,57000
1989-06-14,32.625,32.875,32.5,32.875,29.76078987121582,22000
1989-06-15,32.75,32.75,32.625,32.625,29.53447151184082,8600
1989-06-16,32.625,32.75,32.625,32.625,29.53447151184082,3600
1989-06-19,32.625,32.875,32.5,32.625,29.53447151184082,9700
1989-06-20,32.625,32.75,32.375,32.375,29.30815315246582,9000
1989-06-21,32.375,32.5,32.25,32.25,29.194995880126953,8300
1989-06-22,32.25,32.25,32.25,32.25,29.194995880126953,6000
1989-06-23,32.0,32.0,31.875,32.0,28.96867561340332,6500
1989-06-26,32.0,32.0,31.75,31.875,28.85551643371582,5000
1989-06-27,31.875,31.875,31.625,31.875,28.85551643371582,5900
1989-06-28,31.75,31.75,31.75,31.75,28.742359161376953,100
1989-06-29,31.5,31.5,31.25,31.5,28.516040802001953,1100
1989-06-30,31.25,31.25,30.875,30.875,27.950246810913086,1300
1989-07-03,30.75,30.75,30.75,30.75,27.837087631225586,100
1989-07-05,31.0,31.0,31.0,31.0,28.063404083251953,200
1989-07-06,31.25,31.75,31.25,31.75,28.742359161376953,3300
1989-07-07,31.75,32.0,31.75,32.0,28.96867561340332,6200
1989-07-10,32.0,32.75,31.875,32.75,29.647632598876953,26100
1989-07-11,33.0,33.25,33.0,33.25,30.100265502929688,26200
1989-07-12,33.25,33.5,33.125,33.25,30.100265502929688,4500
1989-07-13,33.5,33.75,33.5,33.75,30.552898406982422,6900
1989-07-14,33.625,33.625,33.625,33.625,30.439743041992188,3300
1989-07-17,33.875,34.25,33.875,34.25,31.005535125732422,2400
1989-07-18,34.25,34.25,34.0,34.25,31.005535125732422,12600
1989-07-19,34.25,34.5,34.25,34.25,31.005535125732422,4600
1989-07-20,34.25,34.375,34.125,34.25,31.005535125732422,4200
1989-07-21,34.25,34.375,34.25,34.375,31.118694305419922,1000
1989-07-24,34.25,34.25,34.0,34.0,30.779216766357422,3700
1989-07-25,34.0,34.375,34.0,34.125,30.892377853393555,18900
1989-07-26,34.375,34.5,34.375,34.5,31.231855392456055,800
1989-07-27,34.5,34.5,34.25,34.5,31.231855392456055,1900
1989-07-28,34.5,34.5,34.375,34.375,31.118694305419922,4600
1989-07-31,34.625,34.75,34.625,34.75,31.458168029785156,1200
1989-08-01,35.0,35.375,35.0,35.25,31.910804748535156,7400
1989-08-02,35.375,35.75,35.375,35.625,32.250282287597656,4300
1989-08-03,35.625,36.0,35.625,36.0,32.589759826660156,4400
1989-08-04,35.75,35.75,35.75,35.75,32.363441467285156,500
1989-08-07,36.0,36.0,36.0,36.0,32.589759826660156,33300
1989-08-08,36.0,36.25,36.0,36.125,32.702919006347656,2000
1989-08-09,36.125,36.125,36.0,36.0,32.589759826660156,5400
1989-08-10,35.75,35.75,35.75,35.75,32.363441467285156,500
1989-08-11,35.75,35.75,35.5,35.5,32.137123107910156,1000
1989-08-14,35.625,35.625,35.625,35.625,32.250282287597656,500
1989-08-15,35.75,35.75,35.75,35.75,32.363441467285156,1700
1989-08-16,35.5,35.5,35.5,35.5,32.137123107910156,400
1989-08-17,35.5,35.5,35.5,35.5,32.137123107910156,0
1989-08-18,35.5,35.5,35.5,35.5,32.137123107910156,300
1989-08-21,35.25,35.25,35.0,35.125,31.79764747619629,1500
1989-08-22,35.0,35.0,35.0,35.0,31.684486389160156,3500
1989-08-23,35.25,35.5,35.25,35.375,32.023963928222656,3700
1989-08-24,35.375,35.5,35.125,35.125,31.79764747619629,7700
1989-08-25,35.0,35.0,35.0,35.0,31.684486389160156,400
1989-08-28,35.0,35.0,34.75,35.0,31.684486389160156,10100
1989-08-29,34.75,34.75,34.75,34.75,31.458168029785156,1400
1989-08-30,34.875,35.0,34.875,35.0,31.684486389160156,2200
1989-08-31,35.0,35.0,35.0,35.0,31.684486389160156,5000
1989-09-01,35.125,35.375,35.125,35.375,32.023963928222656,6300
1989-09-05,35.125,35.125,35.125,35.125,31.79764747619629,2500
1989-09-06,35.125,35.125,35.125,35.125,31.79764747619629,700
1989-09-07,35.0,35.0,35.0,35.0,31.684486389160156,400
1989-09-08,35.25,35.25,35.25,35.25,31.910804748535156,3100
1989-09-11,35.375,36.25,35.375,35.5,32.137123107910156,11400
1989-09-12,35.5,35.625,35.375,35.5,32.137123107910156,1300
1989-09-13,35.75,35.875,35.75,35.875,32.476600646972656,9500
1989-09-14,35.75,35.75,35.75,35.75,32.363441467285156,200
1989-09-15,35.875,35.875,35.875,35.875,32.476600646972656,700
1989-09-18,35.75,35.75,35.625,35.625,32.250282287597656,19300
1989-09-19,35.625,35.75,35.625,35.75,32.363441467285156,18200
1989-09-20,35.75,35.875,35.75,35.75,32.363441467285156,14300
1989-09-21,36.125,36.25,36.125,36.25,32.816078186035156,800
1989-09-22,36.25,36.25,36.25,36.25,32.816078186035156,300
1989-09-25,36.375,36.625,36.375,36.5,33.04239273071289,1800
1989-09-26,36.75,37.0,36.75,37.0,33.49502944946289,1900
1989-09-27,37.0,37.5,37.0,37.5,33.947669982910156,1500
1989-09-28,37.5,38.25,37.375,38.125,34.51346206665039,2000
1989-09-29,39.0,39.625,39.0,39.375,35.645050048828125,8600
1989-10-02,39.375,39.375,38.5,38.5,34.85293960571289,3100
1989-10-03,38.5,38.5,38.0,38.0,34.400306701660156,11700
1989-10-04,38.0,38.0,38.0,38.0,34.400306701660156,0
1989-10-05,38.0,38.0,37.5,37.5,33.947669982910156,6200
1989-10-06,37.5,37.625,37.25,37.25,33.72134780883789,900
1989-10-09,37.25,37.25,37.25,37.25,33.72134780883789,100
1989-10-10,37.25,37.25,37.25,37.25,33.72134780883789,0
1989-10-11,37.0,37.0,37.0,37.0,33.49502944946289,1200
1989-10-12,37.0,37.25,36.75,37.25,33.72134780883789,3800
1989-10-13,37.0,37.0,37.0,37.0,33.49502944946289,200
1989-10-16,36.75,36.75,35.625,35.75,32.363441467285156,3000
1989-10-17,35.75,36.0,35.625,35.625,32.250282287597656,2600
1989-10-18,35.75,37.25,35.75,37.25,33.72134780883789,10800
1989-10-19,37.25,38.0,37.0,38.0,34.400306701660156,4800
1989-10-20,38.0,38.0,38.0,38.0,34.400306701660156,300
1989-10-23,38.0,38.25,37.75,38.125,34.51346206665039,2400
1989-10-24,38.0,38.0,37.875,38.0,34.400306701660156,3200
1989-10-25,38.0,38.0,37.875,37.875,34.28714370727539,1100
1989-10-26,37.875,37.875,37.75,37.75,34.17398452758789,600
1989-10-27,37.75,37.75,37.125,37.125,33.608192443847656,12800
1989-10-30,36.875,36.875,36.875,36.875,33.38187026977539,5600
1989-10-31,36.875,36.875,36.875,36.875,33.38187026977539,0
1989-11-01,36.75,36.75,36.75,36.75,33.26871109008789,500
1989-11-02,36.625,36.625,36.5,36.625,33.155555725097656,400
1989-11-03,36.75,36.75,36.75,36.75,33.26871109008789,800
1989-11-06,36.5,36.5,36.0,36.0,32.589759826660156,2500
1989-11-07,36.0,36.0,36.0,36.0,32.589759826660156,0
1989-11-08,36.0,36.0,36.0,36.0,32.589759826660156,100
1989-11-09,35.75,35.75,35.625,35.625,32.250282287597656,17800
1989-11-10,35.625,35.625,35.625,35.625,32.250282287597656,0
1989-11-13,35.5,35.5,35.25,35.25,31.910804748535156,5200
1989-11-14,35.25,35.25,35.25,35.25,31.910804748535156,1000
1989-11-15,35.25,35.25,35.25,35.25,31.910804748535156,200
1989-11-16,35.375,35.375,35.375,35.375,32.023963928222656,300
1989-11-17,35.375,35.5,35.375,35.375,32.023963928222656,3700
1989-11-20,35.375,35.375,35.25,35.375,32.023963928222656,5700
1989-11-21,35.375,35.375,35.375,35.375,32.023963928222656,3200
1989-11-22,35.375,35.375,35.375,35.375,32.023963928222656,200
1989-11-24,35.375,35.375,35.375,35.375,32.023963928222656,0
1989-11-27,35.375,35.375,35.125,35.375,32.023963928222656,1500
1989-11-28,35.375,35.375,35.375,35.375,32.023963928222656,0
1989-11-29,35.125,35.125,35.125,35.125,31.79764747619629,200
1989-11-30,34.875,34.875,34.25,34.5,31.231855392456055,4300
1989-12-01,34.75,34.75,34.75,34.75,31.458168029785156,3500
1989-12-04,34.75,34.875,34.75,34.75,31.458168029785156,900
1989-12-05,34.75,34.75,34.75,34.75,31.458168029785156,200
1989-12-06,34.75,34.875,34.75,34.75,31.458168029785156,1200
1989-12-07,34.75,34.875,34.75,34.75,31.458168029785156,400
1989-12-08,34.75,34.75,34.5,34.5,31.231855392456055,1200
1989-12-11,34.5,34.5,34.5,34.5,31.231855392456055,400
1989-12-12,34.625,34.875,34.625,34.625,31.34501075744629,8100
1989-12-13,34.75,35.0,34.75,35.0,31.684486389160156,1900
1989-12-14,34.75,34.75,34.75,34.75,31.458168029785156,3600
1989-12-15,35.0,35.25,35.0,35.25,31.910804748535156,3400
1989-12-18,35.25,35.5,35.0,35.25,31.910804748535156,42100
1989-12-19,35.25,35.25,35.0,35.0,31.684486389160156,2100
1989-12-20,35.0,35.0,35.0,35.0,31.684486389160156,300
1989-12-21,34.875,34.875,34.875,34.875,31.57132911682129,15000
1989-12-22,34.875,35.125,34.75,35.125,31.79764747619629,9500
1989-12-26,35.125,35.125,35.125,35.125,31.79764747619629,500
1989-12-27,35.125,35.125,35.0,35.0,31.684486389160156,500
1989-12-28,34.75,34.75,34.75,34.75,31.458168029785156,500
1989-12-29,34.75,34.875,34.75,34.75,31.458168029785156,13300
1990-01-02,34.75,34.875,34.75,34.875,31.57132911682129,1700
1990-01-03,34.875,34.875,34.875,34.875,31.57132911682129,1000
1990-01-04,34.875,34.875,34.625,34.75,31.458168029785156,10500
1990-01-05,34.75,34.75,34.75,34.75,31.458168029785156,1300
1990-01-08,34.75,34.875,34.75,34.875,31.57132911682129,900
1990-01-09,34.875,34.875,34.875,34.875,31.57132911682129,1000
1990-01-10,34.75,34.75,34.625,34.625,31.34501075744629,2900
1990-01-11,34.625,34.875,34.625,34.875,31.57132911682129,200
1990-01-12,34.875,34.875,34.875,34.875,31.57132911682129,300
1990-01-15,34.625,34.625,33.625,33.75,30.552898406982422,7500
1990-01-16,33.5,33.5,33.0,33.0,29.873947143554688,10500
1990-01-17,33.0,33.25,33.0,33.25,30.100265502929688,500
1990-01-18,33.0,33.0,32.5,32.5,29.42131233215332,2700
1990-01-19,32.75,32.75,32.75,32.75,29.647632598876953,100
1990-01-22,32.625,32.625,31.75,31.75,28.742359161376953,2400
1990-01-23,31.5,31.5,31.375,31.375,28.402881622314453,700
1990-01-24,31.375,31.5,30.5,30.5,27.610767364501953,16900
1990-01-25,30.5,30.5,30.5,30.5,27.610767364501953,0
1990-01-26,30.5,30.5,30.5,30.5,27.610767364501953,0
1990-01-29,30.25,30.25,29.25,29.25,26.47918128967285,4700
1990-01-30,29.25,29.375,29.0,29.375,26.59234046936035,2300
1990-01-31,29.25,29.25,29.125,29.125,26.36602210998535,700
1990-02-01,29.125,29.125,28.875,29.0,26.25286293029785,600
1990-02-02,29.0,29.75,29.0,29.75,26.93181800842285,12200
1990-02-05,29.75,29.875,29.5,29.875,27.044973373413086,20100
1990-02-06,30.0,30.0,30.0,30.0,27.158132553100586,1200
1990-02-07,30.0,30.0,29.75,30.0,27.158132553100586,1300
1990-02-08,30.125,30.25,30.125,30.125,27.271289825439453,3500
1990-02-09,30.25,30.75,30.25,30.75,27.837087631225586,7300
1990-02-12,30.75,30.75,30.5,30.75,27.837087631225586,3400
1990-02-13,30.75,30.875,30.625,30.75,27.837087631225586,1100
1990-02-14,30.75,31.0,30.75,30.875,27.950246810913086,500
1990-02-15,31.125,31.25,31.125,31.25,28.289724349975586,500
1990-02-16,30.875,30.875,30.875,30.875,28.130279541015625,1000
1990-02-20,30.875,31.125,30.75,30.875,28.130279541015625,8900
1990-02-21,30.875,31.0,30.875,31.0,28.244165420532227,34600
1990-02-22,31.25,31.25,31.25,31.25,28.471942901611328,300
1990-02-23,31.0,31.0,31.0,31.0,28.244165420532227,200
1990-02-26,31.125,31.125,31.125,31.125,28.35805320739746,800
1990-02-27,31.125,31.25,31.125,31.125,28.35805320739746,200
1990-02-28,31.125,31.25,31.125,31.125,28.35805320739746,2200
1990-03-01,31.125,31.25,31.0,31.0,28.244165420532227,500
1990-03-02,31.0,31.0,30.875,31.0,28.244165420532227,1000
1990-03-05,31.0,31.0,31.0,31.0,28.244165420532227,100
1990-03-06,31.125,31.25,31.125,31.125,28.35805320739746,600
1990-03-07,31.375,31.375,31.375,31.375,28.585832595825195,100
1990-03-08,31.5,32.0,31.5,32.0,29.155269622802734,19300
1990-03-09,32.5,32.5,32.5,32.5,29.610820770263672,2000
1990-03-12,32.625,33.75,32.625,33.25,30.294147491455078,5800
1990-03-13,33.375,33.5,33.375,33.375,30.408035278320312,1000
1990-03-14,33.25,33.25,33.25,33.25,30.294147491455078,400
1990-03-15,33.25,33.25,33.125,33.125,30.180259704589844,500
1990-03-16,33.125,33.25,33.0,33.25,30.294147491455078,1700
1990-03-19,33.0,33.0,33.0,33.0,30.06637191772461,300
1990-03-20,32.875,32.875,32.875,32.875,29.952484130859375,100
1990-03-21,32.75,32.75,32.625,32.75,29.83859634399414,700
1990-03-22,32.75,32.75,32.75,32.75,29.83859634399414,0
1990-03-23,32.75,32.75,32.75,32.75,29.83859634399414,0
1990-03-26,32.75,32.75,32.75,32.75,29.83859634399414,0
1990-03-27,32.5,32.5,32.5,32.5,29.610820770263672,2000
1990-03-28,32.5,32.5,32.5,32.5,29.610820770263672,0
1990-03-29,32.25,32.25,32.125,32.125,29.26915740966797,1600
1990-03-30,32.125,32.25,32.0,32.0,29.155269622802734,800
1990-04-02,31.75,31.75,31.75,31.75,28.927494049072266,600
1990-04-03,31.75,31.75,31.75,31.75,28.927494049072266,0
1990-04-04,31.875,32.0,31.875,31.875,29.0413818359375,700
1990-04-05,31.75,31.75,31.625,31.625,28.81360626220703,600
1990-04-06,31.375,31.375,31.0,31.0,28.244165420532227,3500
1990-04-09,31.0,31.0,30.75,31.0,28.244165420532227,2400
1990-04-10,31.0,31.25,31.0,31.0,28.244165420532227,200
1990-04-11,31.0,31.25,31.0,31.0,28.244165420532227,15400
1990-04-12,31.0,31.25,31.0,31.0,28.244165420532227,400
1990-04-16,30.75,30.75,30.75,30.75,28.016393661499023,200
1990-04-17,30.625,30.625,30.625,30.625,27.90250587463379,100
1990-04-18,30.375,30.375,30.375,30.375,27.674728393554688,1200
1990-04-19,30.375,30.375,30.375,30.375,27.674728393554688,0
1990-04-20,30.125,30.125,29.75,29.75,27.105289459228516,6800
1990-04-23,29.5,29.5,29.0,29.125,26.535850524902344,8700
1990-04-24,29.0,29.0,29.0,29.0,26.42196273803711,100
1990-04-25,29.125,29.125,29.125,29.125,26.535850524902344,200
1990-04-26,28.875,28.875,28.625,28.625,26.080299377441406,700
1990-04-27,28.25,28.25,26.875,26.875,24.485870361328125,7000
1990-04-30,26.625,26.625,26.0,26.25,23.916431427001953,7800
1990-05-01,26.25,26.25,26.125,26.125,23.80254364013672,6300
1990-05-02,26.0,26.0,26.0,26.0,23.688657760620117,100
1990-05-03,26.125,26.25,26.125,26.125,23.80254364013672,1200
1990-05-04,26.125,26.125,26.0,26.0,23.688657760620117,1700
1990-05-07,26.0,26.0,25.625,25.625,23.34699249267578,1000
1990-05-08,25.375,25.375,24.875,24.875,22.663667678833008,3700
1990-05-09,24.75,24.75,24.375,24.375,22.208114624023438,15800
1990-05-10,24.375,24.375,24.375,24.375,22.208114624023438,200
1990-05-11,24.25,24.25,24.125,24.25,22.094226837158203,2200
1990-05-14,24.25,24.25,24.0,24.0,21.866453170776367,1300
1990-05-15,24.0,24.0,24.0,24.0,21.866453170776367,300
1990-05-16,24.0,24.0,24.0,24.0,21.866453170776367,0
1990-05-17,24.0,24.0,24.0,24.0,21.866453170776367,100
1990-05-18,23.75,23.75,23.625,23.625,21.524789810180664,1100
1990-05-21,23.25,23.25,22.25,22.25,20.445104598999023,2500
1990-05-22,22.0,22.0,21.0,21.25,19.526222229003906,4700
1990-05-23,21.25,21.375,21.0,21.375,19.641082763671875,4600
1990-05-24,21.625,21.625,21.625,21.625,19.870803833007812,1700
1990-05-25,21.625,21.75,21.0,21.0,19.29650115966797,6000
1990-05-29,20.875,20.875,20.75,20.875,19.181642532348633,8300
1990-05-30,20.875,20.875,20.375,20.5,18.837060928344727,24900
1990-05-31,20.5,21.25,20.125,21.25,19.526222229003906,16900
1990-06-01,21.25,21.25,21.0,21.0,19.29650115966797,27600
1990-06-04,21.0,21.125,20.75,21.0,19.29650115966797,30200
1990-06-05,21.25,22.5,21.25,22.5,20.674823760986328,22300
1990-06-06,23.25,25.5,23.25,25.5,23.43146514892578,16300
1990-06-07,25.75,26.25,25.75,26.125,24.005767822265625,9500
1990-06-08,26.0,26.0,25.625,25.75,23.66118621826172,900
1990-06-11,25.5,25.5,25.125,25.25,23.20174789428711,1300
1990-06-12,25.25,25.25,25.0,25.25,23.20174789428711,3900
1990-06-13,25.5,27.0,25.5,27.0,24.80978775024414,9400
1990-06-14,26.875,26.875,26.75,26.75,24.580068588256836,1200
1990-06-15,26.75,27.375,26.625,27.375,25.154369354248047,1300
1990-06-18,27.375,27.5,27.25,27.5,25.269229888916016,500
1990-06-19,27.25,27.25,27.0,27.0,24.80978775024414,1400
1990-06-20,27.125,27.5,27.125,27.125,24.92464828491211,4800
1990-06-21,27.25,28.125,27.25,27.875,25.61380958557129,7000
1990-06-22,28.0,28.0,28.0,28.0,25.728670120239258,1000
1990-06-25,27.875,27.875,27.0,27.0,24.80978775024414,3600
1990-06-26,27.0,27.0,27.0,27.0,24.80978775024414,3000
1990-06-27,26.75,26.75,26.5,26.5,24.3503475189209,2900
1990-06-28,26.25,26.25,26.0,26.0,23.89090919494629,2400
1990-06-29,26.0,26.0,25.875,26.0,23.89090919494629,400
1990-07-02,26.0,26.0,26.0,26.0,23.89090919494629,1600
1990-07-03,25.875,25.875,25.5,25.625,23.54632568359375,600
1990-07-05,25.625,25.625,25.625,25.625,23.54632568359375,0
1990-07-06,25.625,25.625,25.625,25.625,23.54632568359375,1500
1990-07-09,25.375,25.375,25.375,25.375,23.316604614257812,2100
1990-07-10,25.125,25.125,24.875,25.0,22.972026824951172,1000
1990-07-11,25.0,25.0,24.75,25.0,22.972026824951172,1600
1990-07-12,24.75,24.75,24.75,24.75,22.742305755615234,900
1990-07-13,24.75,25.0,24.75,24.75,22.742305755615234,1100
1990-07-16,24.5,24.5,24.375,24.375,22.39772605895996,700
1990-07-17,24.5,24.5,24.5,24.5,22.512584686279297,300
1990-07-18,24.5,24.5,24.5,24.5,22.512584686279297,0
1990-07-19,24.0,24.0,23.875,24.0,22.053144454956055,1100
1990-07-20,23.875,23.875,23.5,23.5,21.593706130981445,1500
1990-07-23,23.25,23.25,23.125,23.25,21.363983154296875,1900
1990-07-24,23.25,23.5,23.0,23.0,21.13426399230957,1200
1990-07-25,22.625,22.625,22.125,22.125,20.330244064331055,1700
1990-07-26,22.125,22.125,21.875,22.125,20.330244064331055,1200
1990-07-27,22.0,22.0,22.0,22.0,20.215381622314453,200
1990-07-30,21.75,21.75,21.75,21.75,19.985660552978516,100
1990-07-31,21.5,21.5,21.375,21.375,19.641082763671875,500
1990-08-01,21.125,21.125,21.125,21.125,19.411361694335938,3000
1990-08-02,21.0,21.0,20.75,21.0,19.29650115966797,4400
1990-08-03,20.75,20.75,18.875,18.875,17.34387969970703,20900
1990-08-06,18.5,18.5,17.875,17.875,16.424999237060547,3100
1990-08-07,17.625,17.625,17.375,17.375,15.965558052062988,2900
1990-08-08,17.375,17.375,17.375,17.375,15.965558052062988,5300
1990-08-09,17.375,18.0,17.375,17.875,16.424999237060547,33900
1990-08-10,18.0,18.75,18.0,18.75,17.229019165039062,4400
1990-08-13,18.75,18.75,18.625,18.75,17.229019165039062,1400
1990-08-14,18.75,18.75,18.125,18.125,16.65471839904785,2400
1990-08-15,18.0,18.0,18.0,18.0,16.539859771728516,2200
1990-08-16,18.0,18.0,17.25,17.25,15.85069751739502,30600
1990-08-17,17.25,17.25,17.25,17.25,15.85069751739502,0
1990-08-20,17.25,17.25,17.25,17.25,15.85069751739502,200
1990-08-21,17.0,17.0,16.75,16.75,15.391258239746094,1400
1990-08-22,16.5,16.5,16.125,16.5,15.344758033752441,6600
1990-08-23,16.5,16.5,16.0,16.0,14.879765510559082,5000
1990-08-24,16.25,16.5,16.25,16.25,15.112261772155762,2600
1990-08-27,16.5,16.625,16.5,16.5,15.344758033752441,500
1990-08-28,16.5,16.75,16.5,16.5,15.344758033752441,1700
1990-08-29,16.625,16.625,16.625,16.625,15.461006164550781,100
1990-08-30,16.625,16.625,16.625,16.625,15.461006164550781,0
1990-08-31,16.625,16.75,16.375,16.375,15.228510856628418,4000
1990-09-04,16.25,16.25,16.25,16.25,15.112261772155762,5000
1990-09-05,16.0,16.0,15.625,15.625,14.531021118164062,2300
1990-09-06,15.75,15.875,15.75,15.75,14.647269248962402,600
1990-09-07,15.75,15.75,15.75,15.75,14.647269248962402,1300
1990-09-10,15.75,15.75,15.625,15.75,14.647269248962402,1100
1990-09-11,15.625,15.625,15.625,15.625,14.531021118164062,100
1990-09-12,15.75,15.75,15.75,15.75,14.647269248962402,100
1990-09-13,15.75,15.75,15.75,15.75,14.647269248962402,0
1990-09-14,15.5,15.5,15.125,15.125,14.066028594970703,900
1990-09-17,15.0,15.0,14.875,15.0,13.949779510498047,300
1990-09-18,14.75,14.75,14.5,14.625,13.601036071777344,800
1990-09-19,14.375,14.375,14.375,14.375,13.368539810180664,200
1990-09-20,14.375,14.375,13.25,13.25,12.322305679321289,3200
1990-09-21,13.0,13.0,13.0,13.0,12.089810371398926,1400
1990-09-24,13.0,13.0,12.625,12.75,11.85731315612793,12600
1990-09-25,12.5,12.5,12.5,12.5,11.62481689453125,4700
1990-09-26,12.5,12.5,12.0,12.0,11.15982437133789,1200
1990-09-27,12.0,12.125,11.75,12.125,11.27607250213623,5600
1990-09-28,11.875,11.875,11.625,11.875,11.04357624053955,2900
1990-10-01,11.875,12.0,11.875,12.0,11.15982437133789,1100
1990-10-02,12.0,12.5,11.875,12.5,11.62481689453125,4100
1990-10-03,12.5,12.625,12.25,12.625,11.74106502532959,1500
1990-10-04,12.625,13.125,12.625,12.625,11.74106502532959,3400
1990-10-05,12.625,12.625,12.5,12.625,11.74106502532959,2300
1990-10-08,12.5,12.5,12.375,12.375,11.50856876373291,900
1990-10-09,12.375,12.5,12.25,12.25,11.39232063293457,500
1990-10-10,12.0,12.0,11.875,11.875,11.04357624053955,900
1990-10-11,11.875,12.0,11.875,12.0,11.15982437133789,1500
1990-10-12,12.0,12.0,11.875,11.875,11.04357624053955,600
1990-10-15,11.875,11.875,11.875,11.875,11.04357624053955,300
1990-10-16,11.875,11.875,11.875,11.875,11.04357624053955,0
1990-10-17,11.875,12.125,11.875,12.0,11.15982437133789,2400
1990-10-18,11.75,11.75,11.75,11.75,10.927328109741211,1000
1990-10-19,11.625,11.625,10.5,10.5,9.764846801757812,3400
1990-10-22,10.5,10.5,9.5,9.5,8.834860801696777,3500
1990-10-23,9.5,9.625,8.875,9.0,8.369868278503418,56700
1990-10-24,9.0,9.125,8.375,8.375,7.788627624511719,15000
1990-10-25,8.375,8.75,8.25,8.625,8.021123886108398,27300
1990-10-26,8.625,8.625,8.5,8.5,7.904875755310059,2100
1990-10-29,8.375,8.375,8.25,8.375,7.788627624511719,2500
1990-10-30,8.375,8.375,8.125,8.125,7.556130886077881,17100
1990-10-31,8.125,8.25,8.0,8.0,7.439882755279541,5800
1990-11-01,8.125,8.125,8.125,8.125,7.556130886077881,7600
1990-11-02,8.125,8.25,8.0,8.25,7.672379016876221,30900
1990-11-05,8.25,8.25,8.0,8.125,7.556130886077881,41100
1990-11-06,8.125,8.25,7.625,7.625,7.0911383628845215,43900
1990-11-07,7.625,8.0,7.625,7.625,7.0911383628845215,9900
1990-11-08,7.625,7.875,7.625,7.75,7.207386493682861,8500
1990-11-09,7.75,7.75,7.625,7.625,7.0911383628845215,4400
1990-11-12,7.625,7.75,7.5,7.5,6.974889755249023,24800
1990-11-13,7.5,7.625,7.25,7.5,6.974889755249023,27600
1990-11-14,7.5,7.5,7.0,7.0,6.509897232055664,46700
1990-11-15,7.0,7.125,7.0,7.0,6.509897232055664,31700
1990-11-16,7.0,7.125,7.0,7.0,6.509897232055664,22100
1990-11-19,7.0,7.125,6.875,7.0,6.509897232055664,28600
1990-11-20,7.0,7.0,6.75,6.875,6.581697940826416,17900
1990-11-21,6.875,7.0,6.875,7.0,6.701364994049072,19200
1990-11-23,7.0,7.0,6.875,7.0,6.701364994049072,12800
1990-11-26,7.0,7.75,7.0,7.75,7.419368267059326,23500
1990-11-27,7.75,8.75,7.75,8.125,7.778369903564453,28000
1990-11-28,8.25,9.0,8.25,9.0,8.61604118347168,132700
1990-11-29,9.125,9.375,9.125,9.25,8.855375289916992,26700
1990-11-30,9.25,9.25,9.25,9.25,8.855375289916992,14400
1990-12-03,9.25,9.25,9.0,9.0,8.61604118347168,14500
1990-12-04,9.0,9.0,8.625,8.625,8.257039070129395,11200
1990-12-05,8.625,8.875,8.375,8.75,8.37670612335205,8200
1990-12-06,8.75,9.375,8.75,8.75,8.37670612335205,26400
1990-12-07,7.625,7.625,7.375,7.625,7.29970121383667,42400
1990-12-10,7.625,8.0,7.25,7.375,7.060366630554199,24800
1990-12-11,7.25,7.25,7.0,7.125,6.8210320472717285,11500
1990-12-12,7.125,7.5,7.0,7.5,7.1800336837768555,7100
1990-12-13,7.5,7.5,7.25,7.375,7.060366630554199,7500
1990-12-14,7.375,7.375,7.25,7.375,7.060366630554199,3000
1990-12-17,7.375,7.375,7.125,7.375,7.060366630554199,23600
1990-12-18,7.375,7.5,7.0,7.375,7.060366630554199,42700
1990-12-19,7.375,7.5,7.25,7.375,7.060366630554199,17000
1990-12-20,7.5,7.5,7.5,7.5,7.1800336837768555,2600
1990-12-21,7.5,7.5,7.125,7.25,6.940699577331543,32400
1990-12-24,7.25,7.375,7.25,7.375,7.060366630554199,2100
1990-12-26,7.375,7.625,7.375,7.375,7.060366630554199,3600
1990-12-27,7.375,7.5,7.25,7.5,7.1800336837768555,5700
1990-12-28,7.5,7.625,7.375,7.375,7.060366630554199,20200
1990-12-31,7.375,7.875,7.25,7.875,7.539035797119141,7900
1991-01-02,7.875,8.25,7.75,8.25,7.898037433624268,6900
1991-01-03,8.25,8.25,7.875,8.0,7.658702850341797,8300
1991-01-04,8.0,8.0,8.0,8.0,7.658702850341797,2100
1991-01-07,7.875,7.875,7.75,7.875,7.539035797119141,3700
1991-01-08,7.875,7.875,7.625,7.625,7.29970121383667,1300
1991-01-09,7.625,7.75,7.5,7.625,7.29970121383667,1100
1991-01-10,7.5,7.5,7.25,7.25,6.940699577331543,6200
1991-01-11,7.25,7.375,7.25,7.375,7.060366630554199,3600
1991-01-14,7.375,7.5,7.25,7.375,7.060366630554199,15200
1991-01-15,7.375,7.375,7.25,7.25,6.940699577331543,3200
1991-01-16,7.25,7.25,7.25,7.25,6.940699577331543,5400
1991-01-17,7.5,7.75,7.5,7.75,7.419368267059326,8300
1991-01-18,7.625,7.625,7.625,7.625,7.29970121383667,400
1991-01-21,7.625,7.75,7.375,7.5,7.1800336837768555,4300
1991-01-22,7.5,7.5,7.375,7.375,7.060366630554199,600
1991-01-23,7.375,7.5,7.25,7.25,6.940699577331543,20300
1991-01-24,7.25,7.75,7.25,7.75,7.419368267059326,21000
1991-01-25,7.75,8.0,7.75,8.0,7.658702850341797,9300
1991-01-28,8.0,8.5,8.0,8.375,8.017704963684082,46300
1991-01-29,8.375,8.75,8.375,8.75,8.37670612335205,26100
1991-01-30,8.75,8.75,8.5,8.5,8.137372016906738,19100
1991-01-31,8.375,8.375,8.25,8.375,8.017704963684082,11600
1991-02-01,8.375,8.625,8.375,8.625,8.257039070129395,9600
1991-02-04,8.625,9.5,8.5,9.375,8.975042343139648,49200
1991-02-05,9.375,9.5,9.125,9.125,8.735708236694336,29700
1991-02-06,9.125,9.5,9.125,9.375,8.975042343139648,12800
1991-02-07,9.375,9.5,9.125,9.25,8.855375289916992,25400
1991-02-08,9.375,9.5,9.375,9.375,8.975042343139648,11600
1991-02-11,9.375,11.25,9.25,11.0,10.530715942382812,38100
1991-02-12,11.0,12.5,11.0,12.5,11.966723442077637,48700
1991-02-13,12.625,14.625,12.625,13.875,13.283062934875488,60400
1991-02-14,14.25,15.0,14.25,14.5,13.881399154663086,41500
1991-02-15,14.875,16.0,14.875,15.5,14.838736534118652,43500
1991-02-19,15.5,16.25,15.5,16.125,15.43707275390625,72800
1991-02-20,15.875,15.875,15.375,15.5,14.838736534118652,20900
1991-02-21,15.5,15.625,14.25,14.25,13.642064094543457,39600
1991-02-22,14.125,14.125,12.5,14.125,13.5223970413208,36100
1991-02-25,14.375,15.0,14.375,15.0,14.360067367553711,19000
1991-02-26,15.25,15.75,15.25,15.25,14.59940242767334,12100
1991-02-27,15.25,15.75,15.125,15.5,14.838736534118652,17900
1991-02-28,15.5,15.875,15.375,15.375,14.719069480895996,25200
1991-03-01,15.375,15.5,15.125,15.25,14.59940242767334,16100
1991-03-04,15.25,15.5,15.125,15.125,14.479735374450684,14200
1991-03-05,15.125,15.375,14.875,15.0,14.360067367553711,18800
1991-03-06,15.0,15.375,15.0,15.0,14.360067367553711,7800
1991-03-07,15.0,15.125,15.0,15.0,14.360067367553711,29400
1991-03-08,15.0,15.125,14.5,14.75,14.120733261108398,14800
1991-03-11,14.625,14.625,14.25,14.375,13.76173210144043,14900
1991-03-12,14.125,14.125,13.0,13.375,12.804393768310547,9800
1991-03-13,13.375,13.625,13.125,13.25,12.68472671508789,4300
1991-03-14,13.25,13.25,13.0,13.25,12.68472671508789,3100
1991-03-15,13.0,13.0,12.375,12.875,12.325724601745605,37900
1991-03-18,12.875,13.125,12.75,13.125,12.565059661865234,3400
1991-03-19,13.125,13.125,13.0,13.0,12.445392608642578,6400
1991-03-20,13.0,13.0,13.0,13.0,12.445392608642578,4200
1991-03-21,12.875,12.875,12.625,12.75,12.20605754852295,5500
1991-03-22,12.75,12.75,12.625,12.625,12.086390495300293,30600
1991-03-25,12.625,12.625,12.5,12.625,12.086390495300293,8900
1991-03-26,12.625,12.875,12.625,12.625,12.086390495300293,6900
1991-03-27,12.875,13.0,12.875,12.875,12.325724601745605,6800
1991-03-28,13.0,13.125,13.0,13.0,12.445392608642578,28200
1991-04-01,13.25,14.5,13.25,14.5,13.881399154663086,24700
1991-04-02,14.75,16.0,14.75,15.625,14.958403587341309,37200
1991-04-03,15.625,16.125,15.625,15.75,15.078071594238281,17600
1991-04-04,15.75,16.125,15.625,15.75,15.078071594238281,15200
1991-04-05,15.75,16.0,15.25,15.25,14.59940242767334,3600
1991-04-08,15.125,15.125,14.75,14.75,14.120733261108398,7900
1991-04-09,14.625,14.625,14.0,14.5,13.881399154663086,5600
1991-04-10,14.5,14.75,14.5,14.625,14.001066207885742,8300
1991-04-11,14.625,14.75,14.625,14.625,14.001066207885742,3500
1991-04-12,14.625,14.75,14.625,14.625,14.001066207885742,2500
1991-04-15,14.625,14.75,14.125,14.125,13.5223970413208,3600
1991-04-16,13.875,13.875,13.625,13.625,13.04372787475586,3200
1991-04-17,13.625,13.625,13.5,13.5,12.924060821533203,8300
1991-04-18,13.5,13.625,13.5,13.625,13.04372787475586,2900
1991-04-19,13.625,14.0,13.625,14.0,13.402729988098145,2100
1991-04-22,14.0,14.0,13.625,13.625,13.04372787475586,1600
1991-04-23,13.625,13.875,13.625,13.625,13.04372787475586,2700
1991-04-24,13.875,14.25,13.875,13.875,13.283062934875488,5300
1991-04-25,13.875,14.0,13.875,13.875,13.283062934875488,2300
1991-04-26,13.75,13.75,13.375,13.375,12.804393768310547,2300
1991-04-29,14.375,15.5,14.375,15.0,14.360067367553711,18000
1991-04-30,15.0,15.625,14.75,15.625,14.958403587341309,30800
1991-05-01,15.625,16.0,15.375,16.0,15.317405700683594,17400
1991-05-02,16.0,16.125,15.875,15.875,15.197738647460938,6600
1991-05-03,15.75,15.75,15.25,15.5,14.838736534118652,7500
1991-05-06,15.5,15.5,14.875,15.125,14.479735374450684,11500
1991-05-07,15.125,15.125,15.0,15.0,14.360067367553711,3100
1991-05-08,15.0,15.0,14.625,14.75,14.120733261108398,8300
1991-05-09,14.625,14.625,14.625,14.625,14.001066207885742,1200
1991-05-10,14.5,14.5,14.25,14.25,13.642064094543457,5100
1991-05-13,14.375,14.5,14.375,14.5,13.881399154663086,1600
1991-05-14,14.25,14.25,14.0,14.125,13.5223970413208,4000
1991-05-15,14.125,14.25,13.875,14.25,13.642064094543457,1900
1991-05-16,14.25,14.5,14.25,14.25,13.642064094543457,8900
1991-05-17,14.375,14.5,14.375,14.5,13.881399154663086,600
1991-05-20,14.5,14.75,14.375,14.75,14.120733261108398,2100
1991-05-21,14.75,14.875,14.375,14.75,14.120733261108398,1900
1991-05-22,14.75,15.0,14.625,14.75,14.120733261108398,1500
1991-05-23,14.5,14.5,14.0,14.25,13.642064094543457,3800
1991-05-24,14.0,14.0,14.0,14.0,13.402729988098145,1500
1991-05-28,14.0,14.625,14.0,14.625,14.001066207885742,3000
1991-05-29,14.625,14.625,14.625,14.625,14.001066207885742,1300
1991-05-30,14.625,14.625,14.375,14.375,13.76173210144043,2800
1991-05-31,14.375,14.75,14.375,14.75,14.120733261108398,4400
1991-06-03,14.875,15.375,14.875,15.0,14.360067367553711,4400
1991-06-04,15.0,15.25,14.875,15.25,14.59940242767334,2700
1991-06-05,15.25,15.5,15.25,15.5,14.838736534118652,2600
1991-06-06,15.5,15.5,15.125,15.125,14.479735374450684,4500
1991-06-07,15.125,15.25,15.0,15.25,14.59940242767334,2400
1991-06-10,15.0,15.0,12.75,13.125,12.565059661865234,24100
1991-06-11,13.125,13.875,13.125,13.875,13.283062934875488,13300
1991-06-12,13.625,13.625,13.25,13.25,12.68472671508789,4900
1991-06-13,13.125,13.125,12.625,12.625,12.086390495300293,2500
1991-06-14,12.625,13.0,12.625,12.75,12.20605754852295,4100
1991-06-17,12.75,13.0,12.75,12.75,12.20605754852295,4800
1991-06-18,13.0,13.0,13.0,13.0,12.445392608642578,600
1991-06-19,12.75,12.75,12.625,12.625,12.086390495300293,5900
1991-06-20,12.5,12.5,12.375,12.375,11.84705638885498,900
1991-06-21,12.25,12.25,12.0,12.0,11.488054275512695,5700
1991-06-24,12.0,12.0,11.875,11.875,11.368387222290039,1100
1991-06-25,11.875,12.125,11.25,11.375,10.889718055725098,13400
1991-06-26,11.375,11.625,11.25,11.375,10.889718055725098,2600
1991-06-27,11.375,11.5,11.125,11.125,10.650383949279785,3800
1991-06-28,11.125,11.25,11.125,11.125,10.650383949279785,2100
1991-07-01,11.25,11.25,11.25,11.25,10.770051002502441,1500
1991-07-02,11.375,11.625,11.375,11.375,10.889718055725098,1900
1991-07-03,11.5,11.625,11.5,11.625,11.12905216217041,1000
1991-07-05,11.625,11.75,11.5,11.75,11.248720169067383,400
1991-07-08,11.5,11.5,11.5,11.5,11.009385108947754,200
1991-07-09,11.5,11.5,11.25,11.375,10.889718055725098,1800
1991-07-10,11.25,11.25,11.0,11.125,10.650383949279785,3200
1991-07-11,11.0,11.0,10.25,10.5,10.052047729492188,9100
1991-07-12,10.625,10.75,10.625,10.75,10.2913818359375,1700
1991-07-15,10.75,11.125,10.625,11.125,10.650383949279785,2800
1991-07-16,11.125,11.125,11.0,11.125,10.650383949279785,2300
1991-07-17,11.125,11.375,11.0,11.25,10.770051002502441,4500
1991-07-18,11.0,11.0,10.875,10.875,10.411048889160156,1100
1991-07-19,11.0,11.25,11.0,11.25,10.770051002502441,1300
1991-07-22,11.25,11.25,11.0,11.125,10.650383949279785,1900
1991-07-23,11.0,11.0,10.875,11.0,10.530715942382812,2000
1991-07-24,11.0,11.125,10.875,10.875,10.411048889160156,2100
1991-07-25,10.875,10.875,10.75,10.875,10.411048889160156,2400
1991-07-26,10.875,11.125,10.5,10.5,10.052047729492188,1400
1991-07-29,10.5,10.625,10.375,10.5,10.052047729492188,1900
1991-07-30,10.5,10.5,10.0,10.0,9.573378562927246,7100
1991-07-31,10.0,10.375,10.0,10.125,9.693045616149902,3200
1991-08-01,10.25,10.5,10.25,10.25,9.812712669372559,6200
1991-08-02,10.25,11.625,10.25,11.625,11.12905216217041,10100
1991-08-05,12.125,12.625,12.125,12.375,11.84705638885498,14300
1991-08-06,12.375,12.5,12.25,12.25,11.727388381958008,2100
1991-08-07,12.125,12.125,11.75,11.75,11.248720169067383,3400
1991-08-08,11.625,11.625,11.25,11.375,10.889718055725098,2200
1991-08-09,11.25,11.25,11.0,11.0,10.530715942382812,1700
1991-08-12,11.0,11.0,10.75,10.875,10.411048889160156,3300
1991-08-13,10.875,11.0,10.875,10.875,10.411048889160156,5200
1991-08-14,10.875,11.0,10.875,11.0,10.530715942382812,4000
1991-08-15,11.0,11.0,11.0,11.0,10.530715942382812,4400
1991-08-16,11.0,11.25,11.0,11.25,10.770051002502441,1200
1991-08-19,11.25,11.25,11.0,11.0,10.530715942382812,4200
1991-08-20,11.0,11.0,10.875,11.0,10.530715942382812,1300
1991-08-21,11.25,11.375,11.25,11.25,10.770051002502441,2700
1991-08-22,11.25,11.5,11.25,11.5,11.009385108947754,300
1991-08-23,11.375,11.375,11.125,11.125,10.650383949279785,3700
1991-08-26,11.125,11.25,11.0,11.25,10.770051002502441,1300
1991-08-27,11.25,11.5,11.125,11.125,10.650383949279785,2400
1991-08-28,11.125,11.5,11.0,11.5,11.009385108947754,3800
1991-08-29,11.5,11.75,11.375,11.375,10.889718055725098,3200
1991-08-30,11.25,11.25,11.125,11.25,10.770051002502441,1500
1991-09-03,11.125,11.125,11.0,11.0,10.530715942382812,2400
1991-09-04,10.75,10.75,10.5,10.5,10.052047729492188,1900
1991-09-05,10.5,10.625,10.25,10.25,9.812712669372559,3200
1991-09-06,10.25,10.5,10.25,10.5,10.052047729492188,600
1991-09-09,10.875,11.0,10.875,11.0,10.530715942382812,2800
1991-09-10,10.875,10.875,10.875,10.875,10.411048889160156,300
1991-09-11,10.75,10.75,10.5,10.5,10.052047729492188,1400
1991-09-12,10.5,10.625,10.5,10.625,10.171714782714844,800
1991-09-13,10.5,10.5,10.5,10.5,10.052047729492188,2500
1991-09-16,10.5,10.5,10.25,10.25,9.812712669372559,1300
1991-09-17,10.125,10.125,9.875,10.0,9.573378562927246,4200
1991-09-18,10.0,10.0,9.875,9.875,9.45371150970459,4300
1991-09-19,9.875,10.125,9.875,10.0,9.573378562927246,1200
1991-09-20,10.0,10.0,9.75,9.875,9.45371150970459,3500
1991-09-23,9.875,10.0,9.875,9.875,9.45371150970459,2000
1991-09-24,9.875,9.875,9.625,9.625,9.214376449584961,2500
1991-09-25,9.625,9.625,9.625,9.625,9.214376449584961,500
1991-09-26,9.625,9.75,9.625,9.625,9.214376449584961,900
1991-09-27,9.75,9.75,9.75,9.75,9.334044456481934,300
1991-09-30,9.75,9.75,9.625,9.75,9.334044456481934,500
1991-10-01,9.75,9.75,9.75,9.75,9.334044456481934,1700
1991-10-02,9.75,9.875,9.75,9.875,9.45371150970459,5600
1991-10-03,9.875,10.0,9.75,10.0,9.573378562927246,1900
1991-10-04,9.75,9.75,9.5,9.5,9.094709396362305,3500
1991-10-07,9.5,9.625,9.25,9.25,8.855375289916992,3100
1991-10-08,9.25,9.375,9.25,9.25,8.855375289916992,1900
1991-10-09,9.25,9.25,9.125,9.125,8.735708236694336,1400
1991-10-10,9.125,9.25,9.125,9.25,8.855375289916992,1800
1991-10-11,9.25,9.375,9.25,9.25,8.855375289916992,1200
1991-10-14,9.25,9.25,9.25,9.25,8.855375289916992,0
1991-10-15,9.25,9.25,9.0,9.0,8.61604118347168,4300
1991-10-16,9.0,9.75,9.0,9.75,9.334044456481934,2700
1991-10-17,9.75,10.5,9.75,10.125,9.693045616149902,7900
1991-10-18,10.125,10.125,10.0,10.0,9.573378562927246,3700
1991-10-21,9.75,9.75,9.25,9.375,8.975042343139648,3700
1991-10-22,9.375,9.5,9.25,9.375,8.975042343139648,2300
1991-10-23,9.5,9.5,9.5,9.5,9.094709396362305,300
1991-10-24,9.625,9.875,9.625,9.875,9.45371150970459,3100
1991-10-25,9.875,10.0,9.375,9.375,8.975042343139648,7300
1991-10-28,9.5,9.625,9.5,9.625,9.214376449584961,3300
1991-10-29,9.875,10.0,9.875,9.875,9.45371150970459,10600
1991-10-30,9.875,10.25,9.875,10.25,9.812712669372559,5500
1991-10-31,10.375,11.125,10.375,11.125,10.650383949279785,5400
1991-11-01,11.25,11.75,11.25,11.5,11.009385108947754,9500
1991-11-04,11.25,11.25,11.0,11.0,10.530715942382812,6900
1991-11-05,10.875,10.875,10.25,10.25,9.812712669372559,23900
1991-11-06,10.25,10.375,10.125,10.125,9.693045616149902,22500
1991-11-07,10.125,10.25,10.125,10.25,9.812712669372559,1500
1991-11-08,10.125,10.125,9.875,10.0,9.573378562927246,7600
1991-11-11,9.875,10.0,9.875,10.0,9.573378562927246,4800
1991-11-12,9.875,10.0,9.75,10.0,9.573378562927246,13300
1991-11-13,10.125,10.125,9.875,9.875,9.45371150970459,800
1991-11-14,9.875,10.0,9.875,10.0,9.573378562927246,3200
1991-11-15,10.125,10.125,9.875,9.875,9.45371150970459,6600
1991-11-18,9.75,9.875,9.75,9.875,9.45371150970459,1500
1991-11-19,10.0,10.25,10.0,10.125,9.693045616149902,4700
1991-11-20,10.0,10.25,10.0,10.25,9.812712669372559,3500
1991-11-21,10.125,10.125,10.0,10.0,9.573378562927246,5500
1991-11-22,9.875,10.0,9.875,10.0,9.573378562927246,1400
1991-11-25,9.875,10.0,9.875,10.0,9.573378562927246,1100
1991-11-26,9.875,10.0,9.75,10.0,9.573378562927246,4200
1991-11-27,10.125,10.125,9.875,9.875,9.45371150970459,1200
1991-11-29,9.75,10.0,9.75,10.0,9.573378562927246,2900
1991-12-02,9.875,10.0,9.625,9.75,9.334044456481934,3500
1991-12-03,9.875,9.875,9.75,9.75,9.334044456481934,1400
1991-12-04,9.75,9.75,9.75,9.75,9.334044456481934,1000
1991-12-05,9.875,9.875,9.875,9.875,9.45371150970459,100
1991-12-06,9.75,9.875,9.75,9.75,9.334044456481934,3500
1991-12-09,9.875,10.0,9.75,9.75,9.334044456481934,11500
1991-12-10,9.75,9.75,9.625,9.625,9.214376449584961,1300
1991-12-11,9.5,9.5,9.5,9.5,9.094709396362305,1300
1991-12-12,9.5,9.75,9.5,9.75,9.334044456481934,1600
1991-12-13,9.75,9.75,9.75,9.75,9.334044456481934,1000
1991-12-16,9.75,9.75,9.25,9.25,8.855375289916992,3000
1991-12-17,9.125,9.375,9.125,9.125,8.735708236694336,9400
1991-12-18,9.25,9.375,9.25,9.25,8.855375289916992,3000
1991-12-19,9.25,9.25,9.125,9.125,8.735708236694336,5200
1991-12-20,9.0,9.0,8.875,8.875,8.496373176574707,6200
1991-12-23,9.0,9.375,9.0,9.25,8.855375289916992,12300
1991-12-24,9.5,9.5,9.125,9.125,8.735708236694336,9800
1991-12-26,9.0,9.375,9.0,9.125,8.735708236694336,8000
1991-12-27,9.125,9.375,9.125,9.125,8.735708236694336,14200
1991-12-30,9.25,10.5,9.25,10.375,9.932380676269531,23500
1991-12-31,10.625,11.5,10.625,11.5,11.009385108947754,22700
1992-01-02,11.875,12.5,11.875,12.5,11.966723442077637,35000
1992-01-03,12.75,13.0,12.0,12.25,11.727388381958008,21500
1992-01-06,12.125,13.125,12.125,13.0,12.445392608642578,19900
1992-01-07,13.125,13.75,13.0,13.5,12.924060821533203,11600
1992-01-08,13.25,13.25,13.0,13.125,12.565059661865234,4600
1992-01-09,12.875,12.875,12.5,12.75,12.20605754852295,6500
1992-01-10,12.625,12.75,12.25,12.75,12.20605754852295,7400
1992-01-13,12.875,13.25,12.875,13.125,12.565059661865234,6700
1992-01-14,13.25,13.375,13.125,13.25,12.68472671508789,4800
1992-01-15,13.125,13.5,13.125,13.375,12.804393768310547,4900
1992-01-16,13.125,13.125,12.75,13.0,12.445392608642578,12700
1992-01-17,13.25,13.25,13.125,13.25,12.68472671508789,3100
1992-01-20,13.25,13.75,13.125,13.625,13.04372787475586,4100
1992-01-21,13.75,13.875,13.625,13.625,13.04372787475586,1400
1992-01-22,13.75,13.75,13.25,13.75,13.163395881652832,4000
1992-01-23,13.625,13.875,13.625,13.75,13.163395881652832,3400
1992-01-24,13.5,13.5,13.25,13.25,12.68472671508789,5400
1992-01-27,13.375,13.375,13.25,13.375,12.804393768310547,3700
1992-01-28,13.5,13.75,13.5,13.75,13.163395881652832,4300
1992-01-29,13.875,13.875,13.5,13.625,13.04372787475586,5900
1992-01-30,13.5,13.5,13.5,13.5,12.924060821533203,1500
1992-01-31,13.625,14.0,13.625,14.0,13.402729988098145,11900
1992-02-03,14.0,14.0,13.875,13.875,13.283062934875488,3700
1992-02-04,14.0,14.125,14.0,14.0,13.402729988098145,3400
1992-02-05,13.75,13.875,13.75,13.75,13.163395881652832,1900
1992-02-06,13.75,14.0,13.625,13.625,13.04372787475586,2300
1992-02-07,13.625,13.625,13.375,13.375,12.804393768310547,1800
1992-02-10,13.625,14.125,13.625,14.125,13.5223970413208,10500
1992-02-11,14.125,14.125,13.5,14.0,13.402729988098145,5900
1992-02-12,13.75,13.875,13.75,13.875,13.283062934875488,2200
1992-02-13,14.0,14.25,13.875,14.125,13.5223970413208,10700
1992-02-14,14.0,14.25,14.0,14.25,13.642064094543457,5600
1992-02-18,14.375,14.375,13.75,13.75,13.163395881652832,5600
1992-02-19,13.5,13.625,13.125,13.625,13.04372787475586,5700
1992-02-20,13.375,13.375,13.125,13.375,12.804393768310547,8200
1992-02-21,13.375,13.375,13.25,13.375,12.804393768310547,800
1992-02-24,13.375,13.375,13.125,13.375,12.804393768310547,6300
1992-02-25,13.25,13.25,13.0,13.0,12.445392608642578,3500
1992-02-26,13.0,13.0,13.0,13.0,12.445392608642578,3900
1992-02-27,12.875,12.875,12.5,12.5,11.966723442077637,6500
1992-02-28,12.5,12.5,11.75,12.0,11.488054275512695,8800
1992-03-02,12.0,12.375,11.875,12.375,11.84705638885498,3200
1992-03-03,12.5,12.625,12.375,12.625,12.086390495300293,1200
1992-03-04,12.75,13.125,12.5,13.125,12.565059661865234,7000
1992-03-05,13.125,13.25,13.125,13.25,12.68472671508789,6100
1992-03-06,13.25,13.875,13.25,13.875,13.283062934875488,16500
1992-03-09,13.625,13.75,13.625,13.625,13.04372787475586,1300
1992-03-10,13.5,13.5,13.25,13.25,12.68472671508789,1800
1992-03-11,13.25,13.5,13.25,13.5,12.924060821533203,2300
1992-03-12,13.5,13.875,13.5,13.75,13.163395881652832,1200
1992-03-13,13.625,13.75,13.625,13.75,13.163395881652832,600
1992-03-16,13.625,13.625,13.625,13.625,13.04372787475586,1300
1992-03-17,13.625,13.75,13.625,13.75,13.163395881652832,200
1992-03-18,13.75,14.0,13.75,13.875,13.283062934875488,8900
1992-03-19,14.0,14.0,13.75,13.75,13.163395881652832,4600
1992-03-20,13.75,13.875,13.75,13.875,13.283062934875488,2400
1992-03-23,13.875,13.875,13.625,13.875,13.283062934875488,2500
1992-03-24,13.75,13.875,13.75,13.75,13.163395881652832,1700
1992-03-25,13.625,13.625,13.375,13.375,12.804393768310547,1200
1992-03-26,13.25,13.25,13.0,13.0,12.445392608642578,1600
1992-03-27,13.0,13.0,12.25,12.25,11.727388381958008,2700
1992-03-30,12.375,12.5,12.375,12.375,11.84705638885498,3500
1992-03-31,12.5,12.5,12.5,12.5,11.966723442077637,1100
1992-04-01,12.375,12.375,12.25,12.25,11.727388381958008,14800
1992-04-02,12.25,12.25,12.0,12.125,11.607721328735352,1500
1992-04-03,12.125,12.25,12.125,12.25,11.727388381958008,300
1992-04-06,12.25,12.25,12.125,12.125,11.607721328735352,1600
1992-04-07,12.125,12.125,11.875,12.125,11.607721328735352,8300
1992-04-08,12.0,12.0,11.875,11.875,11.368387222290039,5200
1992-04-09,11.875,11.875,11.625,11.625,11.12905216217041,5000
1992-04-10,11.875,11.875,11.75,11.75,11.248720169067383,3200
1992-04-13,12.0,12.0,12.0,12.0,11.488054275512695,2200
1992-04-14,12.0,12.125,12.0,12.125,11.607721328735352,4400
1992-04-15,12.125,12.125,12.125,12.125,11.607721328735352,400
1992-04-16,12.0,12.25,12.0,12.25,11.727388381958008,800
1992-04-20,12.125,12.25,12.0,12.0,11.488054275512695,2100
1992-04-21,12.125,12.125,12.0,12.0,11.488054275512695,3400
1992-04-22,12.0,12.125,12.0,12.125,11.607721328735352,8400
1992-04-23,12.0,12.25,12.0,12.25,11.727388381958008,4300
1992-04-24,12.5,13.875,12.5,13.875,13.283062934875488,12100
1992-04-27,14.0,14.375,13.25,13.25,12.68472671508789,17600
1992-04-28,13.375,13.375,13.125,13.125,12.565059661865234,6200
1992-04-29,13.25,13.5,13.25,13.5,12.924060821533203,2700
1992-04-30,13.75,14.5,13.625,14.5,13.881399154663086,28300
1992-05-01,14.5,14.5,14.375,14.375,13.76173210144043,1300
1992-05-04,14.375,14.375,14.375,14.375,13.76173210144043,1300
1992-05-05,14.375,14.75,14.375,14.5,13.881399154663086,8800
1992-05-06,14.375,14.375,14.125,14.125,13.5223970413208,3600
1992-05-07,14.25,14.375,14.125,14.25,13.642064094543457,2900
1992-05-08,14.125,14.375,14.0,14.25,13.642064094543457,3400
1992-05-11,14.375,14.375,14.0,14.0,13.402729988098145,3000
1992-05-12,14.125,14.125,14.0,14.0,13.402729988098145,1100
1992-05-13,14.125,14.625,14.0,14.5,13.881399154663086,14100
1992-05-14,14.375,14.625,14.125,14.125,13.5223970413208,5500
1992-05-15,13.875,14.125,13.875,14.125,13.5223970413208,4400
1992-05-18,14.375,14.375,14.125,14.125,13.5223970413208,1100
1992-05-19,14.0,14.125,13.875,13.875,13.283062934875488,6600
1992-05-20,14.0,14.0,13.75,13.875,13.283062934875488,24700
1992-05-21,13.875,13.875,13.875,13.875,13.283062934875488,200
1992-05-22,14.0,14.0,13.5,13.625,13.04372787475586,1900
1992-05-26,13.625,13.625,13.625,13.625,13.04372787475586,0
1992-05-27,13.5,13.625,13.25,13.25,12.68472671508789,14100
1992-05-28,13.25,13.375,13.0,13.375,12.804393768310547,4400
1992-05-29,13.375,13.625,13.375,13.625,13.04372787475586,1400
1992-06-01,13.75,13.875,13.125,13.375,12.804393768310547,4600
1992-06-02,13.125,13.125,13.0,13.0,12.445392608642578,2800
1992-06-03,13.0,13.0,13.0,13.0,12.445392608642578,4500
1992-06-04,13.25,13.25,13.125,13.125,12.565059661865234,1100
1992-06-05,13.0,13.0,12.875,12.875,12.325724601745605,1100
1992-06-08,12.75,12.875,12.625,12.875,12.325724601745605,2000
1992-06-09,13.0,13.0,12.875,13.0,12.445392608642578,1200
1992-06-10,13.125,13.375,13.125,13.375,12.804393768310547,800
1992-06-11,13.375,13.375,13.25,13.25,12.68472671508789,1800
1992-06-12,13.0,13.0,13.0,13.0,12.445392608642578,900
1992-06-15,12.875,12.875,12.875,12.875,12.325724601745605,3000
1992-06-16,12.875,13.125,12.875,13.0,12.445392608642578,1300
1992-06-17,13.0,13.0,12.875,12.875,12.325724601745605,1000
1992-06-18,12.75,13.0,12.625,13.0,12.445392608642578,4800
1992-06-19,12.875,12.875,12.625,12.625,12.086390495300293,2100
1992-06-22,12.5,12.75,12.5,12.75,12.20605754852295,6000
1992-06-23,12.75,12.875,12.75,12.75,12.20605754852295,1100
1992-06-24,12.75,12.75,12.75,12.75,12.20605754852295,0
1992-06-25,13.0,13.0,13.0,13.0,12.445392608642578,700
1992-06-26,12.875,12.875,12.875,12.875,12.325724601745605,500
1992-06-29,12.75,12.75,12.5,12.75,12.20605754852295,12200
1992-06-30,12.875,12.875,12.625,12.625,12.086390495300293,2200
1992-07-01,12.625,12.625,12.625,12.625,12.086390495300293,300
1992-07-02,12.875,13.125,12.875,13.125,12.565059661865234,1300
1992-07-06,13.0,13.0,13.0,13.0,12.445392608642578,100
1992-07-07,13.0,13.125,13.0,13.0,12.445392608642578,800
1992-07-08,13.0,13.0,13.0,13.0,12.445392608642578,0
1992-07-09,13.0,13.0,13.0,13.0,12.445392608642578,0
1992-07-10,13.0,13.125,13.0,13.125,12.565059661865234,1700
1992-07-13,12.875,12.875,12.5,12.75,12.20605754852295,2300
1992-07-14,12.75,12.75,12.625,12.75,12.20605754852295,1400
1992-07-15,12.625,12.625,12.5,12.5,11.966723442077637,2200
1992-07-16,12.375,12.5,12.375,12.5,11.966723442077637,2700
1992-07-17,12.5,12.5,12.5,12.5,11.966723442077637,0
1992-07-20,12.375,12.375,12.375,12.375,11.84705638885498,1400
1992-07-21,12.5,12.5,12.375,12.375,11.84705638885498,1100
1992-07-22,12.375,12.375,12.25,12.25,11.727388381958008,1900
1992-07-23,12.125,12.375,12.0,12.25,11.727388381958008,7200
1992-07-24,12.125,12.25,12.0,12.25,11.727388381958008,2500
1992-07-27,12.125,12.125,11.875,12.0,11.488054275512695,7100
1992-07-28,12.125,12.375,12.125,12.375,11.84705638885498,2200
1992-07-29,12.125,12.375,12.125,12.375,11.84705638885498,3300
1992-07-30,12.375,12.5,12.375,12.5,11.966723442077637,1500
1992-07-31,12.375,12.625,12.375,12.5,11.966723442077637,1200
1992-08-03,12.25,12.25,12.125,12.25,11.727388381958008,2400
1992-08-04,12.25,12.25,12.0,12.0,11.488054275512695,4000
1992-08-05,12.0,12.0,12.0,12.0,11.488054275512695,1700
1992-08-06,11.875,12.0,11.875,12.0,11.488054275512695,4100
1992-08-07,12.0,12.0,11.875,12.0,11.488054275512695,3000
1992-08-10,12.0,12.0,11.5,11.5,11.009385108947754,2600
1992-08-11,11.375,11.625,11.375,11.625,11.12905216217041,900
1992-08-12,11.75,11.75,11.75,11.75,11.248720169067383,200
1992-08-13,11.625,11.625,11.5,11.5,11.009385108947754,700
1992-08-14,11.625,12.0,11.625,12.0,11.488054275512695,11100
1992-08-17,11.75,11.75,11.75,11.75,11.248720169067383,1500
1992-08-18,11.875,11.875,11.25,11.25,10.770051002502441,5600
1992-08-19,11.25,11.25,11.25,11.25,10.770051002502441,1000
1992-08-20,11.25,11.5,11.25,11.5,11.009385108947754,700
1992-08-21,11.625,11.75,11.5,11.625,11.12905216217041,2800
1992-08-24,11.375,11.375,11.25,11.25,10.770051002502441,1900
1992-08-25,11.25,11.25,11.25,11.25,10.770051002502441,1000
1992-08-26,11.25,11.375,11.25,11.25,10.770051002502441,1500
1992-08-27,11.375,11.375,11.25,11.375,10.889718055725098,1800
1992-08-28,11.25,11.25,11.0,11.0,10.530715942382812,6900
1992-08-31,11.125,11.25,11.0,11.125,10.650383949279785,4000
1992-09-01,11.0,11.25,10.875,11.125,10.650383949279785,2100
1992-09-02,11.25,11.25,11.125,11.25,10.770051002502441,400
1992-09-03,11.25,11.5,11.25,11.5,11.009385108947754,1500
1992-09-04,11.5,11.5,11.5,11.5,11.009385108947754,0
1992-09-08,11.375,11.375,11.0,11.0,10.530715942382812,2600
1992-09-09,11.25,11.5,11.25,11.5,11.009385108947754,3100
1992-09-10,11.5,11.625,11.5,11.625,11.12905216217041,5900
1992-09-11,11.5,11.875,11.5,11.875,11.368387222290039,2500
1992-09-14,11.875,12.0,11.875,11.875,11.368387222290039,2800
1992-09-15,11.625,11.75,11.625,11.75,11.248720169067383,1200
1992-09-16,11.875,11.875,11.375,11.5,11.009385108947754,3200
1992-09-17,11.375,11.375,11.25,11.25,10.770051002502441,1400
1992-09-18,11.375,11.75,11.375,11.75,11.248720169067383,1400
1992-09-21,11.875,11.875,11.875,11.875,11.368387222290039,400
1992-09-22,11.75,11.875,11.75,11.75,11.248720169067383,500
1992-09-23,11.75,11.875,11.75,11.75,11.248720169067383,2100
1992-09-24,11.875,11.875,11.75,11.75,11.248720169067383,800
1992-09-25,11.75,11.875,11.625,11.875,11.368387222290039,2600
1992-09-28,11.875,11.875,11.75,11.75,11.248720169067383,400
1992-09-29,11.875,11.875,11.75,11.75,11.248720169067383,1400
1992-09-30,11.625,11.875,11.625,11.875,11.368387222290039,900
1992-10-01,11.875,11.875,11.875,11.875,11.368387222290039,200
1992-10-02,11.625,11.625,11.5,11.5,11.009385108947754,1700
1992-10-05,11.5,11.5,11.0,11.0,10.530715942382812,6000
1992-10-06,11.125,11.125,11.0,11.0,10.530715942382812,500
1992-10-07,10.25,10.625,10.25,10.5,10.052047729492188,7100
1992-10-08,10.375,10.5,10.375,10.375,9.932380676269531,1100
1992-10-09,10.375,10.375,10.375,10.375,9.932380676269531,700
1992-10-12,10.5,10.5,10.5,10.5,10.052047729492188,1100
1992-10-13,10.75,10.875,10.75,10.75,10.2913818359375,2200
1992-10-14,10.625,10.75,10.625,10.75,10.2913818359375,400
1992-10-15,10.875,10.875,10.875,10.875,10.411048889160156,500
1992-10-16,11.0,11.125,11.0,11.0,10.530715942382812,3400
1992-10-19,11.0,11.375,11.0,11.125,10.650383949279785,3100
1992-10-20,11.25,11.625,11.25,11.5,11.009385108947754,6300
1992-10-21,11.75,11.75,11.5,11.5,11.009385108947754,1500
1992-10-22,11.625,11.625,11.5,11.625,11.12905216217041,2600
1992-10-23,11.625,11.625,11.5,11.5,11.009385108947754,300
1992-10-26,11.625,11.75,11.625,11.75,11.248720169067383,200
1992-10-27,11.875,11.875,11.5,11.5,11.009385108947754,4100
1992-10-28,11.75,11.875,11.75,11.875,11.368387222290039,900
1992-10-29,11.75,12.375,11.75,12.375,11.84705638885498,37800
1992-10-30,12.5,13.25,12.25,13.125,12.565059661865234,10500
1992-11-02,13.25,14.125,12.875,14.0,13.402729988098145,53600
1992-11-03,14.125,15.375,14.0,15.375,14.719069480895996,41000
1992-11-04,15.75,16.0,15.375,15.625,14.958403587341309,30700
1992-11-05,15.625,15.625,15.375,15.375,14.719069480895996,12700
1992-11-06,15.125,15.5,15.125,15.25,14.59940242767334,10900
1992-11-09,15.5,15.625,15.375,15.375,14.719069480895996,18700
1992-11-10,15.5,15.5,15.0,15.125,14.479735374450684,23800
1992-11-11,15.25,15.75,15.25,15.75,15.078071594238281,16300
1992-11-12,15.75,16.25,15.75,16.25,15.556739807128906,15900
1992-11-13,16.375,17.0,16.0,16.25,15.556739807128906,11600
1992-11-16,16.5,16.5,16.25,16.25,15.556739807128906,4400
1992-11-17,16.25,16.625,16.125,16.375,15.676407814025879,7500
1992-11-18,16.25,16.5,16.125,16.25,15.556739807128906,3100
1992-11-19,16.25,16.625,16.0,16.5,15.796074867248535,5200
1992-11-20,16.75,17.0,16.5,16.5,15.796074867248535,16800
1992-11-23,16.75,17.0,16.375,16.875,16.15507698059082,5600
1992-11-24,17.0,17.875,16.875,17.875,17.11241340637207,26900
1992-11-25,18.0,18.125,17.75,18.0,17.23208236694336,10300
1992-11-27,18.0,18.75,18.0,18.5,17.710750579833984,11100
1992-11-30,18.125,18.125,17.125,17.875,17.11241340637207,13600
1992-12-01,17.5,18.25,17.5,18.25,17.471416473388672,9000
1992-12-02,18.125,18.125,17.625,17.625,16.873079299926758,1500
1992-12-03,17.5,17.5,17.25,17.5,16.7534122467041,3200
1992-12-04,17.375,17.5,17.375,17.5,16.7534122467041,1500
1992-12-07,17.375,17.5,17.125,17.5,16.7534122467041,3700
1992-12-08,17.75,18.25,17.75,18.25,17.471416473388672,12400
1992-12-09,18.125,18.125,17.75,17.75,16.992746353149414,2900
1992-12-10,17.625,17.625,17.5,17.5,16.7534122467041,1300
1992-12-11,17.625,17.875,17.5,17.75,16.992746353149414,2500
1992-12-14,18.125,18.25,18.0,18.0,17.23208236694336,3500
1992-12-15,18.125,18.25,18.0,18.125,17.351749420166016,4200
1992-12-16,17.75,18.0,16.0,16.0,15.317405700683594,391100
1992-12-17,15.75,16.0,15.5,16.0,15.317405700683594,18000
1992-12-18,15.75,16.25,15.5,16.25,15.556739807128906,9500
1992-12-21,16.125,16.75,16.125,16.625,15.915741920471191,13600
1992-12-22,16.875,17.125,16.5,16.5,15.796074867248535,9400
1992-12-23,16.625,16.625,15.875,16.0,15.317405700683594,6600
1992-12-24,16.125,16.25,16.125,16.25,15.556739807128906,5900
1992-12-28,16.375,16.375,15.875,15.875,15.197738647460938,6800
1992-12-29,16.125,16.25,16.0,16.25,15.556739807128906,15300
1992-12-30,16.25,16.625,16.0,16.625,15.915741920471191,26700
1992-12-31,16.875,17.625,16.875,17.625,16.873079299926758,7600
1993-01-04,17.75,18.625,17.75,18.25,17.471416473388672,15700
1993-01-05,18.375,18.375,18.0,18.0,17.23208236694336,4400
1993-01-06,18.0,18.125,17.75,18.125,17.351749420166016,8800
1993-01-07,18.0,18.125,17.625,18.0,17.23208236694336,8100
1993-01-08,17.875,17.875,16.75,17.0,16.274744033813477,12600
1993-01-11,16.75,17.5,16.75,17.5,16.7534122467041,6000
1993-01-12,17.625,17.625,17.125,17.125,16.394411087036133,8200
1993-01-13,17.125,17.25,17.125,17.125,16.394411087036133,3300
1993-01-14,17.25,17.375,17.125,17.375,16.633745193481445,5400
1993-01-15,17.25,17.375,17.0,17.375,16.633745193481445,21900
1993-01-18,17.625,18.0,17.625,17.875,17.11241340637207,6700
1993-01-19,17.875,18.375,17.75,17.875,17.11241340637207,10100
1993-01-20,17.875,18.0,17.625,17.75,16.992746353149414,9300
1993-01-21,17.875,17.875,17.5,17.625,16.873079299926758,6200
1993-01-22,17.75,17.75,17.375,17.625,16.873079299926758,5600
1993-01-25,17.5,17.75,17.5,17.5,16.7534122467041,2400
1993-01-26,17.375,17.375,17.25,17.375,16.633745193481445,3200
1993-01-27,17.125,17.375,17.125,17.375,16.633745193481445,2700
1993-01-28,17.125,17.25,16.875,16.875,16.15507698059082,6700
1993-01-29,16.875,17.0,16.75,16.75,16.035409927368164,9600
1993-02-01,16.75,16.75,16.25,16.5,15.796074867248535,3400
1993-02-02,16.625,17.0,16.5,17.0,16.274744033813477,8500
1993-02-03,17.125,17.5,16.875,17.375,16.633745193481445,5300
1993-02-04,17.5,17.875,17.5,17.875,17.11241340637207,7300
1993-02-05,17.875,17.875,17.625,17.75,16.992746353149414,8000
1993-02-08,17.5,17.625,16.875,17.125,16.394411087036133,3400
1993-02-09,17.375,17.375,16.875,16.875,16.15507698059082,3900
1993-02-10,16.875,16.875,16.25,16.5,15.796074867248535,16500
1993-02-11,16.75,17.125,16.75,17.0,16.274744033813477,6100
1993-02-12,17.25,17.5,17.25,17.5,16.7534122467041,16100
1993-02-16,17.625,17.625,16.75,17.0,16.274744033813477,4700
1993-02-17,16.875,17.125,16.875,17.0,16.274744033813477,4000
1993-02-18,17.25,17.375,16.875,17.0,16.274744033813477,5400
1993-02-19,17.25,17.375,17.0,17.375,16.633745193481445,4000
1993-02-22,17.125,17.25,16.875,17.0,16.274744033813477,5200
1993-02-23,16.875,17.0,16.25,16.625,15.915741920471191,10200
1993-02-24,16.5,16.875,16.5,16.625,15.915741920471191,2700
1993-02-25,16.625,17.0,16.5,16.5,15.796074867248535,5800
1993-02-26,16.375,16.5,16.25,16.5,15.796074867248535,3200
1993-03-01,16.375,16.5,16.125,16.5,15.796074867248535,1500
1993-03-02,16.375,16.5,16.25,16.5,15.796074867248535,1400
1993-03-03,16.75,16.75,16.625,16.75,16.035409927368164,8500
1993-03-04,16.875,16.875,16.5,16.5,15.796074867248535,2200
1993-03-05,16.25,16.25,16.25,16.25,15.556739807128906,2500
1993-03-08,16.0,16.125,16.0,16.125,15.43707275390625,2700
1993-03-09,16.125,16.375,16.0,16.0,15.317405700683594,16800
1993-03-10,16.125,16.125,15.0,15.0,14.360067367553711,12500
1993-03-11,15.0,15.125,14.75,14.875,14.240400314331055,5500
1993-03-12,14.75,14.75,14.375,14.5,13.881399154663086,9600
1993-03-15,14.5,14.875,14.5,14.875,14.240400314331055,5200
1993-03-16,15.0,16.0,15.0,16.0,15.317405700683594,7100
1993-03-17,16.125,16.25,15.75,15.75,15.078071594238281,4100
1993-03-18,15.875,15.875,15.625,15.625,14.958403587341309,1600
1993-03-19,15.5,15.5,15.5,15.5,14.838736534118652,200
1993-03-22,15.5,15.5,15.125,15.375,14.719069480895996,4900
1993-03-23,15.125,15.125,15.0,15.0,14.360067367553711,8000
1993-03-24,15.125,15.125,14.625,14.625,14.001066207885742,3200
1993-03-25,14.875,15.0,14.75,15.0,14.360067367553711,1500
1993-03-26,14.75,14.875,14.5,14.5,13.881399154663086,5400
1993-03-29,14.5,14.875,14.25,14.25,13.642064094543457,6400
1993-03-30,14.375,14.75,14.125,14.75,14.120733261108398,4500
1993-03-31,14.625,14.625,14.375,14.375,13.76173210144043,2200
1993-04-01,14.125,14.125,13.75,14.125,13.5223970413208,7500
1993-04-02,14.125,14.125,13.5,14.0,13.402729988098145,4700
1993-04-05,14.25,14.25,14.125,14.125,13.5223970413208,2500
1993-04-06,14.125,14.375,14.125,14.375,13.76173210144043,600
1993-04-07,14.125,14.375,14.125,14.125,13.5223970413208,4500
1993-04-08,14.25,14.5,14.125,14.5,13.881399154663086,4800
1993-04-12,14.25,14.375,14.25,14.375,13.76173210144043,2000
1993-04-13,14.25,14.25,14.125,14.25,13.642064094543457,2300
1993-04-14,14.125,14.75,14.125,14.75,14.120733261108398,6400
1993-04-15,14.5,14.875,14.5,14.75,14.120733261108398,6700
1993-04-16,14.75,14.875,14.75,14.875,14.240400314331055,1700
1993-04-19,14.75,14.75,14.625,14.625,14.001066207885742,700
1993-04-20,14.375,14.375,14.0,14.0,13.402729988098145,4200
1993-04-21,14.0,14.125,13.875,14.0,13.402729988098145,4100
1993-04-22,14.0,14.0,13.875,13.875,13.283062934875488,1500
1993-04-23,14.125,14.125,13.875,13.875,13.283062934875488,4400
1993-04-26,14.0,14.125,13.875,13.875,13.283062934875488,4200
1993-04-27,14.0,14.0,13.75,14.0,13.402729988098145,1700
1993-04-28,13.875,14.0,13.875,14.0,13.402729988098145,200
1993-04-29,13.875,14.0,13.875,13.875,13.283062934875488,4100
1993-04-30,13.875,14.0,13.625,13.625,13.04372787475586,2700
1993-05-03,13.75,14.25,13.625,14.25,13.642064094543457,7400
1993-05-04,14.125,14.125,14.0,14.0,13.402729988098145,500
1993-05-05,14.125,14.25,14.0,14.0,13.402729988098145,2900
1993-05-06,14.0,14.0,13.75,13.75,13.163395881652832,1200
1993-05-07,13.625,13.875,13.625,13.875,13.283062934875488,2800
1993-05-10,13.625,13.75,13.5,13.75,13.163395881652832,3100
1993-05-11,13.75,13.875,13.75,13.875,13.283062934875488,1800
1993-05-12,13.75,13.75,13.625,13.625,13.04372787475586,1400
1993-05-13,13.5,13.5,13.5,13.5,12.924060821533203,1400
1993-05-14,13.5,13.75,13.5,13.75,13.163395881652832,500
1993-05-17,13.875,13.875,13.625,13.625,13.04372787475586,1600
1993-05-18,13.5,13.75,13.5,13.5,12.924060821533203,2400
1993-05-19,13.625,13.625,13.125,13.25,12.68472671508789,6700
1993-05-20,13.125,13.375,13.125,13.125,12.565059661865234,2600
1993-05-21,13.125,13.5,13.125,13.5,12.924060821533203,2200
1993-05-24,13.25,13.375,13.25,13.25,12.68472671508789,9400
1993-05-25,13.0,13.25,13.0,13.125,12.565059661865234,9100
1993-05-26,13.125,13.125,13.125,13.125,12.565059661865234,200
1993-05-27,13.25,13.25,13.125,13.125,12.565059661865234,2100
1993-05-28,13.125,13.25,13.125,13.25,12.68472671508789,7400
1993-06-01,13.125,13.375,13.125,13.375,12.804393768310547,6400
1993-06-02,13.25,13.375,13.25,13.375,12.804393768310547,1000
1993-06-03,13.25,13.375,13.125,13.25,12.68472671508789,3000
1993-06-04,13.125,13.375,13.125,13.25,12.68472671508789,6400
1993-06-07,13.375,13.5,13.25,13.25,12.68472671508789,4500
1993-06-08,13.25,13.75,13.25,13.5,12.924060821533203,5100
1993-06-09,13.5,13.5,13.375,13.5,12.924060821533203,1900
1993-06-10,13.25,13.875,13.25,13.75,13.163395881652832,10400
1993-06-11,13.625,13.75,13.5,13.625,13.04372787475586,1700
1993-06-14,13.75,13.875,13.125,13.75,13.163395881652832,15300
1993-06-15,13.5,13.75,13.5,13.5,12.924060821533203,5400
1993-06-16,13.5,13.625,13.5,13.625,13.04372787475586,3100
1993-06-17,13.625,13.75,13.625,13.75,13.163395881652832,500
1993-06-18,13.875,13.875,13.25,13.375,12.804393768310547,8100
1993-06-21,13.375,13.375,13.25,13.375,12.804393768310547,3800
1993-06-22,13.5,13.5,13.25,13.25,12.68472671508789,5700
1993-06-23,13.375,13.5,13.25,13.5,12.924060821533203,2100
1993-06-24,13.375,13.875,13.375,13.5,12.924060821533203,7100
1993-06-25,13.5,13.625,13.5,13.5,12.924060821533203,1600
1993-06-28,13.375,13.75,13.375,13.5,12.924060821533203,12000
1993-06-29,13.5,13.5,13.25,13.375,12.804393768310547,29700
1993-06-30,13.25,13.25,13.0,13.0,12.445392608642578,16000
1993-07-01,13.25,13.25,13.0,13.0,12.445392608642578,5600
1993-07-02,13.0,13.5,13.0,13.125,12.565059661865234,5000
1993-07-06,13.0,13.25,13.0,13.0,12.445392608642578,1500
1993-07-07,13.0,13.25,12.875,12.875,12.325724601745605,11200
1993-07-08,13.0,13.0,12.75,12.75,12.20605754852295,15800
1993-07-09,12.75,12.875,12.625,12.625,12.086390495300293,6800
1993-07-12,12.625,12.875,12.625,12.625,12.086390495300293,4800
1993-07-13,12.625,12.625,12.25,12.25,11.727388381958008,19400
1993-07-14,12.375,12.5,12.375,12.5,11.966723442077637,1600
1993-07-15,12.375,12.375,12.0,12.0,11.488054275512695,2400
1993-07-16,12.0,12.0,11.875,12.0,11.488054275512695,1600
1993-07-19,12.0,12.0,11.75,11.75,11.248720169067383,1200
1993-07-20,11.625,11.625,11.375,11.375,10.889718055725098,6300
1993-07-21,11.375,11.5,11.25,11.25,10.770051002502441,5300
1993-07-22,11.0,11.75,11.0,11.5,11.009385108947754,37300
1993-07-23,11.75,12.375,11.75,12.25,11.727388381958008,11400
1993-07-26,12.125,12.375,12.125,12.25,11.727388381958008,2100
1993-07-27,12.125,12.5,12.0,12.0,11.488054275512695,10900
1993-07-28,11.875,12.125,11.875,12.0,11.488054275512695,1400
1993-07-29,12.0,12.125,12.0,12.0,11.488054275512695,1800
1993-07-30,12.0,12.125,12.0,12.0,11.488054275512695,1800
1993-08-02,11.25,11.25,11.125,11.125,10.650383949279785,9200
1993-08-03,11.0,11.0,10.25,10.375,9.932380676269531,10100
1993-08-04,10.5,11.0,10.5,10.75,10.2913818359375,10700
1993-08-05,11.0,11.125,10.75,10.875,10.411048889160156,12500
1993-08-06,10.75,11.0,10.625,10.875,10.411048889160156,3600
1993-08-09,11.0,11.0,10.625,10.625,10.171714782714844,3100
1993-08-10,10.625,10.875,10.625,10.75,10.2913818359375,6000
1993-08-11,10.875,10.875,10.75,10.75,10.2913818359375,900
1993-08-12,10.5,10.75,10.5,10.75,10.2913818359375,3200
1993-08-13,10.625,10.625,10.375,10.5,10.052047729492188,4400
1993-08-16,10.375,10.375,10.0,10.375,9.932380676269531,25200
1993-08-17,10.125,10.375,10.125,10.25,9.812712669372559,8600
1993-08-18,10.25,10.5,10.25,10.25,9.812712669372559,4700
1993-08-19,10.125,10.5,10.125,10.5,10.052047729492188,5200
1993-08-20,10.375,10.625,10.25,10.625,10.171714782714844,3900
1993-08-23,10.875,10.875,10.375,10.5,10.052047729492188,2800
1993-08-24,10.375,10.625,10.375,10.625,10.171714782714844,2500
1993-08-25,10.5,10.625,10.375,10.375,9.932380676269531,8200
1993-08-26,10.375,10.375,10.25,10.25,9.812712669372559,6900
1993-08-27,10.375,10.625,10.375,10.625,10.171714782714844,2400
1993-08-30,10.75,10.875,10.5,10.5,10.052047729492188,5100
1993-08-31,10.625,10.625,10.625,10.625,10.171714782714844,100
1993-09-01,10.625,10.75,10.5,10.5,10.052047729492188,1900
1993-09-02,10.5,10.75,10.5,10.5,10.052047729492188,2900
1993-09-03,10.375,10.5,10.375,10.5,10.052047729492188,400
1993-09-07,10.5,10.625,10.5,10.5,10.052047729492188,4100
1993-09-08,10.5,10.625,10.25,10.375,9.932380676269531,8400
1993-09-09,10.5,10.625,10.25,10.5,10.052047729492188,4500
1993-09-10,10.5,10.5,10.125,10.125,9.693045616149902,2300
1993-09-13,10.25,10.25,10.0,10.125,9.693045616149902,8100
1993-09-14,10.125,10.125,10.0,10.0,9.573378562927246,3300
1993-09-15,10.0,10.25,10.0,10.0,9.573378562927246,2200
1993-09-16,10.25,10.375,10.25,10.25,9.812712669372559,2000
1993-09-17,10.375,10.5,10.375,10.5,10.052047729492188,300
1993-09-20,10.5,10.5,9.875,9.875,9.45371150970459,63500
1993-09-21,10.125,10.25,10.0,10.0,9.573378562927246,10000
1993-09-22,9.875,10.0,9.875,10.0,9.573378562927246,2500
1993-09-23,10.25,10.25,10.0,10.25,9.812712669372559,4100
1993-09-24,10.125,10.875,10.0,10.875,10.411048889160156,7300
1993-09-27,11.125,11.25,11.125,11.125,10.650383949279785,8500
1993-09-28,11.25,11.5,11.25,11.375,10.889718055725098,6700
1993-09-29,11.25,11.25,11.25,11.25,10.770051002502441,1700
1993-09-30,11.125,11.75,11.0,11.75,11.248720169067383,13300
1993-10-01,11.75,12.0,11.75,11.875,11.368387222290039,2800
1993-10-04,12.0,12.625,12.0,12.625,12.086390495300293,9900
1993-10-05,12.75,12.75,12.125,12.25,11.727388381958008,9000
1993-10-06,12.25,12.25,11.75,11.75,11.248720169067383,5400
1993-10-07,11.75,11.75,11.5,11.5,11.009385108947754,6300
1993-10-08,11.25,11.25,10.75,10.875,10.411048889160156,8300
1993-10-11,11.125,11.125,11.0,11.125,10.650383949279785,3900
1993-10-12,11.25,11.5,11.25,11.25,10.770051002502441,1300
1993-10-13,11.375,11.5,11.25,11.375,10.889718055725098,900
1993-10-14,11.375,11.5,11.25,11.5,11.009385108947754,3300
1993-10-15,11.5,11.625,11.375,11.5,11.009385108947754,4800
1993-10-18,11.75,12.5,11.625,12.125,11.607721328735352,5500
1993-10-19,12.25,12.5,12.125,12.125,11.607721328735352,4300
1993-10-20,12.0,12.0,11.75,11.75,11.248720169067383,1800
1993-10-21,11.625,11.75,11.625,11.75,11.248720169067383,600
1993-10-22,11.5,11.875,11.5,11.5,11.009385108947754,4500
1993-10-25,11.375,11.5,11.375,11.5,11.009385108947754,200
1993-10-26,11.5,11.75,11.5,11.625,11.12905216217041,1800
1993-10-27,11.625,11.875,11.625,11.75,11.248720169067383,2300
1993-10-28,11.875,11.875,11.625,11.875,11.368387222290039,4900
1993-10-29,11.75,11.875,11.625,11.875,11.368387222290039,7900
1993-11-01,12.0,12.25,11.875,12.0,11.488054275512695,17200
1993-11-02,12.125,12.25,11.75,12.25,11.727388381958008,12200
1993-11-03,12.375,12.375,11.875,12.0,11.488054275512695,15100
1993-11-04,12.25,12.25,11.875,11.875,11.368387222290039,17900
1993-11-05,11.75,11.875,11.625,11.875,11.368387222290039,7700
1993-11-08,12.0,12.0,11.875,11.875,11.368387222290039,16300
1993-11-09,12.0,12.125,12.0,12.125,11.607721328735352,17400
1993-11-10,12.125,12.125,11.25,11.75,11.248720169067383,14000
1993-11-11,11.625,11.75,11.375,11.375,10.889718055725098,2300
1993-11-12,11.375,11.375,10.875,11.375,10.889718055725098,11000
1993-11-15,11.125,11.25,11.0,11.0,10.530715942382812,3900
1993-11-16,11.0,11.125,11.0,11.125,10.650383949279785,3700
1993-11-17,11.0,11.125,10.75,10.875,10.411048889160156,2200
1993-11-18,10.75,10.75,10.5,10.75,10.2913818359375,5000
1993-11-19,10.625,11.125,10.5,11.125,10.650383949279785,2700
1993-11-22,11.25,11.25,10.625,10.75,10.2913818359375,5600
1993-11-23,10.75,10.75,10.625,10.625,10.171714782714844,1400
1993-11-24,10.75,10.75,10.75,10.75,10.2913818359375,1500
1993-11-26,10.625,10.75,10.625,10.75,10.2913818359375,400
1993-11-29,10.625,10.625,10.25,10.25,9.812712669372559,4600
1993-11-30,10.125,10.25,10.125,10.25,9.812712669372559,6100
1993-12-01,10.25,10.5,10.25,10.5,10.052047729492188,3100
1993-12-02,10.375,10.75,10.375,10.625,10.171714782714844,4300
1993-12-03,10.75,10.75,10.625,10.625,10.171714782714844,3500
1993-12-06,10.5,10.625,10.375,10.375,9.932380676269531,4500
1993-12-07,10.25,10.625,10.125,10.375,9.932380676269531,5500
1993-12-08,10.375,10.75,10.375,10.625,10.171714782714844,14300
1993-12-09,10.625,10.625,10.625,10.625,10.171714782714844,1000
1993-12-10,10.5,10.625,10.5,10.625,10.171714782714844,3800
1993-12-13,10.5,10.625,10.375,10.5,10.052047729492188,18600
1993-12-14,10.5,10.625,10.125,10.5,10.052047729492188,5900
1993-12-15,10.375,10.5,10.375,10.5,10.052047729492188,2000
1993-12-16,10.375,11.0,10.375,10.625,10.171714782714844,7700
1993-12-17,10.625,10.875,10.5,10.875,10.411048889160156,7500
1993-12-20,10.75,11.25,10.75,11.25,10.770051002502441,10000
1993-12-21,11.125,11.125,11.125,11.125,10.650383949279785,1200
1993-12-22,11.0,11.875,11.0,11.875,11.368387222290039,9200
1993-12-23,11.875,11.875,11.625,11.625,11.12905216217041,1800
1993-12-27,11.5,11.625,11.25,11.375,10.889718055725098,6000
1993-12-28,11.25,11.5,11.25,11.25,10.770051002502441,4000
1993-12-29,11.25,11.375,11.125,11.25,10.770051002502441,3600
1993-12-30,11.125,11.375,11.125,11.375,10.889718055725098,2900
1993-12-31,11.25,11.625,11.125,11.625,11.12905216217041,7500
1994-01-03,11.375,11.625,11.25,11.5,11.009385108947754,6700
1994-01-04,11.375,11.625,11.25,11.625,11.12905216217041,4000
1994-01-05,11.625,11.75,11.5,11.5,11.009385108947754,4300
1994-01-06,11.625,12.0,11.5,12.0,11.488054275512695,24200
1994-01-07,12.0,12.0,12.0,12.0,11.488054275512695,6000
1994-01-10,11.75,12.125,11.75,12.0,11.488054275512695,7600
1994-01-11,11.875,12.0,11.75,11.75,11.248720169067383,6100
1994-01-12,12.0,12.0,11.75,11.875,11.368387222290039,3600
1994-01-13,11.75,11.875,11.75,11.75,11.248720169067383,3400
1994-01-14,11.875,11.875,11.625,11.875,11.368387222290039,6200
1994-01-17,11.875,12.0,11.625,12.0,11.488054275512695,4000
1994-01-18,12.0,12.0,11.625,11.75,11.248720169067383,4300
1994-01-19,11.625,11.75,11.5,11.75,11.248720169067383,4800
1994-01-20,11.875,11.875,11.75,11.875,11.368387222290039,2300
1994-01-21,11.875,12.0,11.75,12.0,11.488054275512695,17000
1994-01-24,11.875,12.0,11.625,11.75,11.248720169067383,14100
1994-01-25,11.625,11.75,11.5,11.5,11.009385108947754,5300
1994-01-26,11.5,11.875,11.5,11.875,11.368387222290039,9700
1994-01-27,11.875,12.0,11.875,12.0,11.488054275512695,6600
1994-01-28,12.0,12.125,11.875,12.0,11.488054275512695,11700
1994-01-31,12.0,12.0,11.875,12.0,11.488054275512695,11200
1994-02-01,11.875,12.0,11.875,12.0,11.488054275512695,11900
1994-02-02,12.0,12.875,12.0,12.75,12.20605754852295,21000
1994-02-03,12.875,12.875,12.625,12.75,12.20605754852295,11100
1994-02-04,12.75,12.75,12.0,12.25,11.727388381958008,8000
1994-02-07,12.0,12.0,11.5,11.75,11.248720169067383,10600
1994-02-08,11.75,11.875,11.75,11.875,11.368387222290039,1400
1994-02-09,11.75,11.875,11.75,11.875,11.368387222290039,1100
1994-02-10,11.875,11.875,11.625,11.625,11.12905216217041,2400
1994-02-11,11.625,11.625,11.625,11.625,11.12905216217041,600
1994-02-14,11.625,12.25,11.625,12.25,11.727388381958008,13700
1994-02-15,12.375,12.5,11.625,11.75,11.248720169067383,7600
1994-02-16,11.5,11.875,11.5,11.75,11.248720169067383,14300
1994-02-17,11.625,11.875,11.625,11.75,11.248720169067383,6200
1994-02-18,12.0,12.0,11.75,11.75,11.248720169067383,5400
1994-02-22,11.625,11.875,11.625,11.875,11.368387222290039,4400
1994-02-23,11.625,11.875,11.625,11.75,11.248720169067383,3400
1994-02-24,11.75,11.75,11.625,11.75,11.248720169067383,2500
1994-02-25,11.875,11.875,11.625,11.75,11.248720169067383,10100
1994-02-28,11.75,11.75,11.75,11.75,11.248720169067383,0
1994-03-01,11.75,11.875,11.625,11.75,11.248720169067383,11200
1994-03-02,11.75,12.0,11.75,12.0,11.488054275512695,19100
1994-03-03,12.125,12.25,12.125,12.125,11.607721328735352,7000
1994-03-04,12.375,12.75,12.25,12.75,12.20605754852295,11000
1994-03-07,13.25,13.375,12.75,12.75,12.20605754852295,9900
1994-03-08,12.875,12.875,12.625,12.75,12.20605754852295,2200
1994-03-09,12.75,13.0,12.75,13.0,12.445392608642578,3600
1994-03-10,13.0,13.0,12.875,12.875,12.325724601745605,5200
1994-03-11,12.875,13.0,12.875,13.0,12.445392608642578,5800
1994-03-14,12.875,12.875,12.875,12.875,12.325724601745605,4100
1994-03-15,12.875,13.125,12.875,13.0,12.445392608642578,8500
1994-03-16,12.875,13.0,12.875,13.0,12.445392608642578,1300
1994-03-17,13.0,13.5,12.875,13.25,12.68472671508789,14600
1994-03-18,13.0,13.0,12.625,13.0,12.445392608642578,26600
1994-03-21,12.875,13.0,12.75,12.875,12.325724601745605,5500
1994-03-22,13.0,13.125,12.875,13.0,12.445392608642578,6200
1994-03-23,13.125,13.5,13.125,13.25,12.68472671508789,8700
1994-03-24,13.25,13.625,13.125,13.625,13.04372787475586,5000
1994-03-25,13.75,13.875,13.75,13.875,13.283062934875488,8600
1994-03-28,13.875,13.875,13.375,13.375,12.804393768310547,7100
1994-03-29,13.25,13.375,13.0,13.0,12.445392608642578,9000
1994-03-30,12.75,13.0,12.25,13.0,12.445392608642578,10900
1994-03-31,12.875,13.375,12.75,13.25,12.68472671508789,19000
1994-04-04,13.25,13.25,12.5,12.5,11.966723442077637,25700
1994-04-05,12.75,13.0,12.75,13.0,12.445392608642578,3700
1994-04-06,13.0,13.0,12.875,12.875,12.325724601745605,2100
1994-04-07,12.875,13.25,12.875,13.25,12.68472671508789,9600
1994-04-08,13.375,13.375,13.25,13.25,12.68472671508789,1300
1994-04-11,13.125,13.125,12.875,13.125,12.565059661865234,4800
1994-04-12,12.875,12.875,12.625,12.625,12.086390495300293,5300
1994-04-13,12.625,12.875,12.625,12.625,12.086390495300293,7000
1994-04-14,12.5,12.625,12.375,12.5,11.966723442077637,3200
1994-04-15,12.375,12.5,12.375,12.375,11.84705638885498,4200
1994-04-18,12.25,12.25,12.0,12.0,11.488054275512695,6000
1994-04-19,11.875,12.25,11.625,11.875,11.368387222290039,10100
1994-04-20,11.875,11.875,11.875,11.875,11.368387222290039,2100
1994-04-21,12.0,12.0,11.875,11.875,11.368387222290039,1000
1994-04-22,11.875,12.125,11.875,11.875,11.368387222290039,5100
1994-04-25,11.75,12.0,11.75,11.875,11.368387222290039,4300
1994-04-26,12.0,12.0,12.0,12.0,11.488054275512695,1000
1994-04-28,12.0,12.375,12.0,12.375,11.84705638885498,8900
1994-04-29,12.25,12.25,12.125,12.125,11.607721328735352,2000
1994-05-02,12.125,12.125,12.0,12.0,11.488054275512695,5700
1994-05-03,12.25,12.5,12.25,12.375,11.84705638885498,6800
1994-05-04,12.375,12.5,12.375,12.5,11.966723442077637,2500
1994-05-05,12.375,12.5,12.375,12.5,11.966723442077637,4500
1994-05-06,12.5,12.5,12.125,12.5,11.966723442077637,16300
1994-05-09,12.25,12.25,12.25,12.25,11.727388381958008,6900
1994-05-10,12.25,12.25,12.25,12.25,11.727388381958008,6400
1994-05-11,12.125,12.375,12.125,12.375,11.84705638885498,5400
1994-05-12,12.25,12.375,12.25,12.375,11.84705638885498,2900
1994-05-13,12.25,12.375,12.25,12.375,11.84705638885498,5600
1994-05-16,12.25,12.25,12.25,12.25,11.727388381958008,1600
1994-05-17,12.25,12.25,12.25,12.25,11.727388381958008,2800
1994-05-18,12.25,12.25,12.125,12.125,11.607721328735352,7100
1994-05-19,12.125,12.25,12.125,12.25,11.727388381958008,6000
1994-05-20,12.125,12.5,12.125,12.5,11.966723442077637,8100
1994-05-23,12.5,12.5,12.25,12.25,11.727388381958008,1700
1994-05-24,12.25,12.5,12.25,12.25,11.727388381958008,5700
1994-05-25,12.25,12.25,12.0,12.125,11.607721328735352,94100
1994-05-26,12.0,12.25,12.0,12.25,11.727388381958008,3800
1994-05-27,12.125,12.125,12.0,12.0,11.488054275512695,1900
1994-05-31,12.0,12.125,12.0,12.0,11.488054275512695,20900
1994-06-01,12.0,12.0,11.625,11.625,11.12905216217041,11900
1994-06-02,11.625,12.0,11.625,11.875,11.368387222290039,8000
1994-06-03,11.625,12.0,11.625,11.875,11.368387222290039,4300
1994-06-06,11.625,11.875,11.625,11.875,11.368387222290039,3600
1994-06-07,11.75,11.75,11.375,11.375,10.889718055725098,10100
1994-06-08,11.5,11.5,11.375,11.375,10.889718055725098,6200
1994-06-09,11.375,11.625,11.375,11.625,11.12905216217041,3500
1994-06-10,11.5,11.5,11.25,11.25,10.770051002502441,4600
1994-06-13,11.375,11.5,11.375,11.375,10.889718055725098,900
1994-06-14,11.375,11.375,11.375,11.375,10.889718055725098,1600
1994-06-15,11.375,11.5,11.375,11.375,10.889718055725098,2900
1994-06-16,11.375,11.375,11.375,11.375,10.889718055725098,300
1994-06-17,11.375,11.375,11.25,11.25,10.770051002502441,5900
1994-06-20,11.25,11.25,10.875,10.875,10.411048889160156,49100
1994-06-21,11.0,11.125,11.0,11.125,10.650383949279785,6300
1994-06-22,11.0,11.125,11.0,11.125,10.650383949279785,700
1994-06-23,11.25,11.25,11.125,11.125,10.650383949279785,1400
1994-06-24,11.0,11.125,11.0,11.0,10.530715942382812,1100
1994-06-27,11.0,11.0,11.0,11.0,10.530715942382812,1200
1994-06-28,11.0,11.0,11.0,11.0,10.530715942382812,5600
1994-06-29,11.0,11.0,11.0,11.0,10.530715942382812,1600
1994-06-30,11.0,11.125,11.0,11.0,10.530715942382812,3000
1994-07-01,11.0,11.0,11.0,11.0,10.530715942382812,300
1994-07-05,11.125,11.125,11.0,11.0,10.530715942382812,1000
1994-07-06,11.0,11.0,10.75,10.875,10.411048889160156,7100
1994-07-07,10.75,10.875,10.75,10.875,10.411048889160156,1700
1994-07-08,10.75,10.75,10.625,10.625,10.171714782714844,2100
1994-07-11,10.625,10.625,10.25,10.25,9.812712669372559,5800
1994-07-12,10.125,10.25,10.125,10.25,9.812712669372559,1100
1994-07-13,10.375,10.5,10.375,10.5,10.052047729492188,2300
1994-07-14,10.625,10.875,10.625,10.875,10.411048889160156,2200
1994-07-15,10.875,10.875,10.875,10.875,10.411048889160156,1000
1994-07-18,10.875,11.375,10.875,11.375,10.889718055725098,8900
1994-07-19,11.375,11.375,11.25,11.25,10.770051002502441,300
1994-07-20,11.125,11.25,11.0,11.0,10.530715942382812,6300
1994-07-21,11.0,11.0,11.0,11.0,10.530715942382812,1100
1994-07-22,10.875,10.875,10.875,10.875,10.411048889160156,200
1994-07-25,11.0,11.0,11.0,11.0,10.530715942382812,500
1994-07-26,11.0,11.375,11.0,11.375,10.889718055725098,7800
1994-07-27,11.25,11.375,11.25,11.375,10.889718055725098,5200
1994-07-28,11.375,11.375,11.375,11.375,10.889718055725098,0
1994-07-29,11.375,11.375,11.25,11.25,10.770051002502441,6100
1994-08-01,11.25,11.375,11.25,11.375,10.889718055725098,2000
1994-08-02,11.5,11.5,10.75,11.0,10.530715942382812,61400
1994-08-03,11.0,11.0,10.75,10.75,10.2913818359375,2500
1994-08-04,10.875,11.0,10.875,11.0,10.530715942382812,1900
1994-08-05,10.875,10.875,10.75,10.75,10.2913818359375,3300
1994-08-08,10.875,10.875,10.5,10.5,10.052047729492188,2600
1994-08-09,10.75,10.75,10.5,10.5,10.052047729492188,5900
1994-08-10,10.5,10.5,10.0,10.125,9.693045616149902,7600
1994-08-11,10.0,10.125,9.75,10.125,9.693045616149902,12800
1994-08-12,10.0,10.25,10.0,10.25,9.812712669372559,3900
1994-08-15,10.25,10.375,10.25,10.375,9.932380676269531,3400
1994-08-16,10.375,10.375,10.25,10.25,9.812712669372559,2100
1994-08-17,10.125,10.25,10.125,10.125,9.693045616149902,16000
1994-08-18,10.125,10.125,9.75,9.75,9.334044456481934,6500
1994-08-19,9.875,10.0,9.75,10.0,9.573378562927246,8800
1994-08-22,10.0,10.125,10.0,10.0,9.573378562927246,4500
1994-08-23,10.0,10.25,9.875,10.125,9.693045616149902,5400
1994-08-24,9.875,10.0,9.625,9.625,9.214376449584961,16600
1994-08-25,9.875,10.0,9.75,9.875,9.45371150970459,20800
1994-08-26,10.0,10.0,9.75,9.75,9.334044456481934,26800
1994-08-29,9.75,9.75,9.625,9.625,9.214376449584961,8200
1994-08-30,9.75,9.75,9.625,9.75,9.334044456481934,12000
1994-08-31,9.75,9.75,9.625,9.625,9.214376449584961,8600
1994-09-01,9.5,9.5,9.125,9.125,8.735708236694336,9700
1994-09-02,9.25,9.25,9.125,9.125,8.735708236694336,61500
1994-09-06,9.125,9.625,9.125,9.625,9.214376449584961,8100
1994-09-07,9.5,9.75,9.5,9.625,9.214376449584961,11600
1994-09-08,9.75,9.75,9.5,9.625,9.214376449584961,8900
1994-09-09,9.5,9.75,9.5,9.75,9.334044456481934,2500
1994-09-12,9.75,9.875,9.625,9.875,9.45371150970459,14900
1994-09-13,9.75,9.75,9.625,9.75,9.334044456481934,3700
1994-09-14,9.625,9.75,9.625,9.75,9.334044456481934,600
1994-09-15,9.75,9.75,9.625,9.625,9.214376449584961,1100
1994-09-16,9.5,9.625,9.5,9.625,9.214376449584961,3100
1994-09-19,9.5,9.625,9.5,9.5,9.094709396362305,1000
1994-09-20,9.5,9.5,9.375,9.5,9.094709396362305,2800
1994-09-21,9.375,9.375,9.375,9.375,8.975042343139648,1500
1994-09-22,9.375,9.375,9.25,9.375,8.975042343139648,7700
1994-09-23,9.375,9.375,9.125,9.25,8.855375289916992,6000
1994-09-26,9.375,9.5,9.375,9.375,8.975042343139648,3500
1994-09-27,9.5,9.5,9.375,9.5,9.094709396362305,2600
1994-09-28,9.5,9.5,9.25,9.375,8.975042343139648,7000
1994-09-29,9.375,9.625,9.25,9.625,9.214376449584961,8700
1994-09-30,9.625,9.625,9.5,9.625,9.214376449584961,1700
1994-10-03,9.5,9.625,9.5,9.5,9.094709396362305,3200
1994-10-04,9.625,9.625,9.375,9.375,8.975042343139648,2700
1994-10-05,9.5,9.5,9.125,9.125,8.735708236694336,11200
1994-10-06,9.25,9.25,9.125,9.25,8.855375289916992,1500
1994-10-07,9.125,9.5,9.125,9.5,9.094709396362305,6300
1994-10-10,9.5,9.5,9.5,9.5,9.094709396362305,4400
1994-10-11,9.5,10.125,9.5,10.125,9.693045616149902,19800
1994-10-12,10.0,10.0,10.0,10.0,9.573378562927246,2700
1994-10-13,10.125,10.125,9.875,10.0,9.573378562927246,1600
1994-10-14,9.875,10.125,9.875,10.125,9.693045616149902,8200
1994-10-17,10.125,10.25,10.0,10.25,9.812712669372559,2700
1994-10-18,10.375,10.375,10.25,10.375,9.932380676269531,7900
1994-10-19,10.5,11.0,10.5,11.0,10.530715942382812,22900
1994-10-20,11.0,11.0,10.5,10.875,10.411048889160156,12400
1994-10-21,10.75,10.875,10.625,10.875,10.411048889160156,3700
1994-10-24,10.75,10.75,10.5,10.625,10.171714782714844,4100
1994-10-25,10.5,10.625,10.5,10.625,10.171714782714844,1500
1994-10-26,10.625,10.625,10.625,10.625,10.171714782714844,2000
1994-10-27,10.625,10.625,10.625,10.625,10.171714782714844,0
1994-10-28,10.5,11.125,10.5,10.5,10.052047729492188,16000
1994-10-31,10.5,10.625,10.5,10.5,10.052047729492188,4900
1994-11-01,10.5,10.5,10.375,10.5,10.052047729492188,5700
1994-11-02,10.375,10.375,10.25,10.25,9.812712669372559,2900
1994-11-03,10.25,10.375,10.25,10.25,9.812712669372559,2500
1994-11-04,10.25,10.25,10.0,10.0,9.573378562927246,1900
1994-11-07,10.0,10.125,10.0,10.125,9.693045616149902,2500
1994-11-08,10.0,10.125,10.0,10.0,9.573378562927246,1700
1994-11-09,10.125,10.375,10.125,10.125,9.693045616149902,7700
1994-11-10,9.875,10.25,9.875,10.0,9.573378562927246,6200
1994-11-11,10.0,10.125,10.0,10.0,9.573378562927246,900
1994-11-14,10.25,10.75,10.125,10.625,10.171714782714844,21300
1994-11-15,10.625,10.625,10.5,10.625,10.171714782714844,6200
1994-11-16,10.625,10.625,10.5,10.625,10.171714782714844,4900
1994-11-17,10.625,10.625,10.5,10.5,10.052047729492188,1500
1994-11-18,10.5,10.5,10.375,10.375,9.932380676269531,4400
1994-11-21,10.25,10.25,9.875,9.875,9.45371150970459,6400
1994-11-22,10.0,10.0,9.75,9.75,9.334044456481934,12700
1994-11-23,9.75,9.75,9.75,9.75,9.334044456481934,3400
1994-11-25,9.875,9.875,9.875,9.875,9.45371150970459,500
1994-11-28,10.0,10.0,10.0,10.0,9.573378562927246,100
1994-11-29,9.875,10.125,9.875,10.125,9.693045616149902,1500
1994-11-30,10.0,10.125,10.0,10.125,9.693045616149902,3200
1994-12-01,10.125,10.125,10.0,10.125,9.693045616149902,1200
1994-12-02,10.0,10.0,9.875,9.875,9.45371150970459,3400
1994-12-05,9.875,10.0,9.875,10.0,9.573378562927246,1600
1994-12-06,9.625,9.75,9.625,9.75,9.334044456481934,6300
1994-12-07,9.875,9.875,9.625,9.625,9.214376449584961,6200
1994-12-08,9.625,9.625,9.5,9.5,9.094709396362305,4000
1994-12-09,9.5,9.75,9.5,9.5,9.094709396362305,4500
1994-12-12,9.625,9.625,9.5,9.5,9.094709396362305,1900
1994-12-13,9.5,9.5,9.5,9.5,9.094709396362305,4400
1994-12-14,9.5,9.625,9.5,9.625,9.214376449584961,6000
1994-12-15,9.5,9.875,9.5,9.875,9.45371150970459,5000
1994-12-16,9.75,9.875,9.75,9.875,9.45371150970459,9400
1994-12-19,9.875,9.875,9.75,9.75,9.334044456481934,2600
1994-12-20,9.75,9.875,9.75,9.75,9.334044456481934,3100
1994-12-21,9.75,9.875,9.625,9.625,9.214376449584961,12600
1994-12-22,9.5,9.625,9.5,9.5,9.094709396362305,13800
1994-12-23,9.5,9.5,9.5,9.5,9.094709396362305,1700
1994-12-27,9.625,9.625,9.5,9.5,9.094709396362305,4200
1994-12-28,9.5,9.5,9.375,9.5,9.094709396362305,16300
1994-12-29,9.375,9.5,9.375,9.375,8.975042343139648,8600
1994-12-30,9.375,9.5,9.375,9.375,8.975042343139648,11300
1995-01-03,9.375,9.375,9.375,9.375,8.975042343139648,200
1995-01-04,9.5,9.625,9.5,9.625,9.214376449584961,1200
1995-01-05,9.5,9.5,9.375,9.375,8.975042343139648,5700
1995-01-06,9.5,9.625,9.5,9.625,9.214376449584961,4600
1995-01-09,9.625,9.625,9.625,9.625,9.214376449584961,1400
1995-01-10,9.5,9.625,9.5,9.5,9.094709396362305,5600
1995-01-11,9.625,9.625,9.5,9.5,9.094709396362305,7300
1995-01-12,9.625,9.625,9.625,9.625,9.214376449584961,5100
1995-01-13,9.75,9.875,9.75,9.875,9.45371150970459,4000
1995-01-16,9.75,9.75,9.625,9.75,9.334044456481934,4000
1995-01-17,9.75,10.25,9.75,10.25,9.812712669372559,9900
1995-01-18,10.125,10.125,10.0,10.125,9.693045616149902,5300
1995-01-19,10.125,10.125,9.875,9.875,9.45371150970459,3900
1995-01-20,9.875,9.875,9.875,9.875,9.45371150970459,1100
1995-01-23,9.75,9.75,9.625,9.625,9.214376449584961,5300
1995-01-24,9.625,9.625,9.5,9.625,9.214376449584961,2000
1995-01-25,9.5,9.5,9.5,9.5,9.094709396362305,500
1995-01-26,9.5,9.625,9.5,9.625,9.214376449584961,14700
1995-01-27,9.5,9.75,9.5,9.75,9.334044456481934,3000
1995-01-30,9.625,9.75,9.625,9.625,9.214376449584961,2200
1995-01-31,9.75,9.75,9.75,9.75,9.334044456481934,200
1995-02-01,9.625,9.75,9.625,9.625,9.214376449584961,3300
1995-02-02,9.625,9.75,9.625,9.75,9.334044456481934,4400
1995-02-03,9.875,9.875,9.75,9.75,9.334044456481934,1100
1995-02-06,9.875,10.0,9.75,10.0,9.573378562927246,8200
1995-02-07,10.0,10.25,10.0,10.25,9.812712669372559,13100
1995-02-08,10.125,10.25,10.125,10.25,9.812712669372559,500
1995-02-09,10.375,10.5,10.25,10.375,9.932380676269531,7500
1995-02-10,10.5,10.5,10.375,10.5,10.052047729492188,5600
1995-02-13,10.625,10.75,10.25,10.75,10.2913818359375,11900
1995-02-14,10.875,11.5,10.875,11.25,10.770051002502441,36200
1995-02-15,11.5,11.875,11.5,11.75,11.248720169067383,27800
1995-02-16,11.75,11.75,10.625,10.625,10.171714782714844,8900
1995-02-17,10.625,10.875,10.625,10.75,10.2913818359375,3000
1995-02-21,10.625,11.125,10.625,11.125,10.650383949279785,8000
1995-02-22,11.25,11.625,11.25,11.25,10.770051002502441,8100
1995-02-23,11.0,11.0,10.875,10.875,10.411048889160156,4200
1995-02-24,10.875,11.0,10.875,11.0,10.530715942382812,1200
1995-02-27,11.0,11.0,11.0,11.0,10.530715942382812,0
1995-02-28,11.0,11.0,10.75,10.75,10.2913818359375,10700
1995-03-01,10.75,10.75,10.75,10.75,10.2913818359375,3000
1995-03-02,10.5,10.5,10.375,10.5,10.052047729492188,7300
1995-03-03,10.5,10.5,10.25,10.375,9.932380676269531,9100
1995-03-06,10.25,10.5,10.25,10.25,9.812712669372559,9700
1995-03-07,10.25,10.25,10.25,10.25,9.812712669372559,1000
1995-03-08,10.25,10.375,10.125,10.25,9.812712669372559,4600
1995-03-09,10.25,10.375,10.25,10.25,9.812712669372559,44000
1995-03-10,10.25,10.375,10.25,10.375,9.932380676269531,4600
1995-03-13,10.25,10.25,10.25,10.25,9.812712669372559,600
1995-03-14,10.25,10.25,9.875,9.875,9.45371150970459,22100
1995-03-15,9.875,10.0,9.875,10.0,9.573378562927246,4300
1995-03-16,10.0,10.0,9.875,10.0,9.573378562927246,1400
1995-03-17,10.0,10.0,9.875,9.875,9.45371150970459,10000
1995-03-20,9.875,10.0,9.875,10.0,9.573378562927246,2100
1995-03-21,9.875,9.875,9.875,9.875,9.45371150970459,2500
1995-03-22,10.0,10.0,10.0,10.0,9.573378562927246,5000
1995-03-23,10.0,10.0,9.875,10.0,9.573378562927246,21500
1995-03-24,10.0,10.0,10.0,10.0,9.573378562927246,2000
1995-03-27,10.0,10.125,10.0,10.125,9.693045616149902,1300
1995-03-28,10.0,10.125,10.0,10.125,9.693045616149902,3400
1995-03-29,10.0,10.0,9.875,9.875,9.45371150970459,3900
1995-03-30,9.875,9.875,9.875,9.875,9.45371150970459,2900
1995-03-31,9.875,10.0,9.875,9.875,9.45371150970459,2600
1995-04-03,10.0,10.125,9.875,10.0,9.573378562927246,8700
1995-04-04,10.125,10.25,10.0,10.0,9.573378562927246,9500
1995-04-05,10.0,10.0,10.0,10.0,9.573378562927246,300
1995-04-06,10.0,10.125,10.0,10.0,9.573378562927246,1800
1995-04-07,10.125,10.125,10.0,10.0,9.573378562927246,6300
1995-04-10,10.0,10.0,9.875,10.0,9.573378562927246,1500
1995-04-11,10.0,10.0,9.625,9.75,9.334044456481934,23200
1995-04-12,9.625,9.625,9.5,9.625,9.214376449584961,11600
1995-04-13,9.75,9.875,9.625,9.875,9.45371150970459,11300
1995-04-17,9.875,9.875,9.75,9.75,9.334044456481934,6600
1995-04-18,9.75,9.75,9.625,9.75,9.334044456481934,7900
1995-04-19,9.625,9.6875,9.625,9.625,9.214376449584961,3800
1995-04-20,9.6875,9.875,9.625,9.875,9.45371150970459,10600
1995-04-21,9.75,9.75,9.6875,9.6875,9.274210929870605,6900
1995-04-24,9.625,9.875,9.625,9.875,9.45371150970459,8400
1995-04-25,9.75,9.875,9.75,9.75,9.334044456481934,600
1995-04-26,9.875,9.875,9.6875,9.6875,9.274210929870605,10700
1995-04-27,9.8125,9.8125,9.6875,9.6875,9.274210929870605,5100
1995-04-28,9.625,9.875,9.625,9.875,9.45371150970459,19100
1995-05-01,10.0,10.5,10.0,10.5,10.052047729492188,30500
1995-05-02,10.625,11.0,10.625,11.0,10.530715942382812,29000
1995-05-03,11.0,11.0,10.75,10.875,10.411048889160156,17100
1995-05-04,10.875,10.875,10.75,10.75,10.2913818359375,4100
1995-05-05,10.75,10.875,10.625,10.875,10.411048889160156,4600
1995-05-08,10.75,11.0,10.75,10.875,10.411048889160156,2800
1995-05-09,10.875,11.5,10.875,11.5,11.009385108947754,24100
1995-05-10,11.5,11.5,10.75,10.75,10.2913818359375,10600
1995-05-11,10.75,10.875,10.625,10.625,10.171714782714844,3300
1995-05-12,10.5,10.5,10.25,10.375,9.932380676269531,14700
1995-05-15,10.25,10.5,10.25,10.375,9.932380676269531,5400
1995-05-16,10.25,10.5,10.25,10.5,10.052047729492188,11900
1995-05-17,10.5,10.625,10.375,10.625,10.171714782714844,4900
1995-05-18,10.5,10.5,10.375,10.375,9.932380676269531,1500
1995-05-19,10.25,10.5,10.25,10.5,10.052047729492188,7200
1995-05-22,10.375,10.375,10.25,10.25,9.812712669372559,2600
1995-05-23,10.375,10.375,10.25,10.375,9.932380676269531,2200
1995-05-24,10.25,10.375,10.25,10.25,9.812712669372559,4700
1995-05-25,10.25,10.25,10.25,10.25,9.812712669372559,400
1995-05-26,10.25,10.25,10.25,10.25,9.812712669372559,300
1995-05-30,10.25,10.625,10.25,10.625,10.171714782714844,2300
1995-05-31,10.5,10.625,10.5,10.5,10.052047729492188,2400
1995-06-01,10.625,10.625,10.5,10.5,10.052047729492188,1500
1995-06-02,10.5,10.5,10.25,10.25,9.812712669372559,5900
1995-06-05,10.25,10.25,10.25,10.25,9.812712669372559,2400
1995-06-06,10.25,10.375,10.25,10.25,9.812712669372559,6500
1995-06-07,10.375,10.375,10.125,10.125,9.693045616149902,6000
1995-06-08,10.25,10.25,10.125,10.25,9.812712669372559,2700
1995-06-09,10.125,10.125,10.0,10.0,9.573378562927246,7700
1995-06-12,9.875,9.875,9.75,9.75,9.334044456481934,5000
1995-06-13,9.625,10.0,9.625,10.0,9.573378562927246,3700
1995-06-14,10.125,10.125,10.0,10.125,9.693045616149902,5000
1995-06-15,10.0,10.125,10.0,10.125,9.693045616149902,5000
1995-06-16,10.25,10.25,10.0,10.125,9.693045616149902,5900
1995-06-19,10.0,10.0,9.875,10.0,9.573378562927246,5100
1995-06-20,9.875,10.0,9.75,9.875,9.45371150970459,30100
1995-06-21,10.0,10.0,9.875,10.0,9.573378562927246,2500
1995-06-22,10.125,10.25,10.0,10.25,9.812712669372559,3400
1995-06-23,10.375,10.5,10.375,10.375,9.932380676269531,12300
1995-06-26,10.375,10.375,10.375,10.375,9.932380676269531,200
1995-06-27,10.25,10.75,10.125,10.625,10.171714782714844,11500
1995-06-28,10.625,10.625,10.625,10.625,10.171714782714844,1100
1995-06-29,10.5,10.5,10.375,10.375,9.932380676269531,1300
1995-06-30,10.25,10.25,10.125,10.25,9.812712669372559,1800
1995-07-03,10.125,10.25,10.125,10.25,9.812712669372559,1100
1995-07-05,10.25,10.5,10.25,10.5,10.052047729492188,2600
1995-07-06,10.625,10.625,10.375,10.375,9.932380676269531,4900
1995-07-07,10.375,10.5,10.25,10.5,10.052047729492188,5300
1995-07-10,10.375,11.5,10.375,11.5,11.009385108947754,15800
1995-07-11,11.5,11.5,11.25,11.25,10.770051002502441,7500
1995-07-12,11.125,11.625,11.125,11.625,11.12905216217041,21900
1995-07-13,11.625,11.75,11.5,11.75,11.248720169067383,17100
1995-07-14,11.75,12.125,11.75,11.875,11.368387222290039,27600
1995-07-17,12.0,12.125,12.0,12.125,11.607721328735352,14600
1995-07-18,12.0,12.0,11.75,11.875,11.368387222290039,5300
1995-07-19,11.75,11.875,11.375,11.5,11.009385108947754,11300
1995-07-20,11.5,11.625,11.5,11.5,11.009385108947754,2800
1995-07-21,11.5,12.0,11.5,12.0,11.488054275512695,5000
1995-07-24,12.125,12.125,12.0,12.0,11.488054275512695,500
1995-07-25,11.875,11.875,11.625,11.625,11.12905216217041,3000
1995-07-26,11.625,11.625,11.625,11.625,11.12905216217041,800
1995-07-27,11.625,11.625,11.625,11.625,11.12905216217041,4200
1995-07-28,11.625,11.625,11.625,11.625,11.12905216217041,3000
1995-07-31,11.625,11.75,11.625,11.625,11.12905216217041,1900
1995-08-01,11.5,11.625,11.375,11.625,11.12905216217041,7900
1995-08-02,11.625,11.625,11.625,11.625,11.12905216217041,0
1995-08-03,11.5,11.5,11.5,11.5,11.009385108947754,5300
1995-08-04,11.5,11.625,11.5,11.5,11.009385108947754,3300
1995-08-07,11.625,11.625,11.5,11.5,11.009385108947754,4700
1995-08-08,11.5,11.5,11.5,11.5,11.009385108947754,900
1995-08-09,11.625,11.75,11.5,11.5,11.009385108947754,3400
1995-08-10,11.625,11.875,11.5,11.625,11.12905216217041,19300
1995-08-11,11.5,11.5,11.25,11.25,10.770051002502441,24500
1995-08-14,11.25,11.375,11.25,11.25,10.770051002502441,13700
1995-08-15,11.25,11.375,11.125,11.25,10.770051002502441,6200
1995-08-16,11.125,11.125,10.75,10.875,10.411048889160156,17500
1995-08-17,11.0,11.125,10.75,10.75,10.2913818359375,11500
1995-08-18,10.75,11.125,10.75,11.125,10.650383949279785,11000
1995-08-21,11.125,11.25,10.875,10.875,10.411048889160156,26100
1995-08-22,10.75,10.75,10.5,10.75,10.2913818359375,39800
1995-08-23,10.875,11.125,10.875,11.125,10.650383949279785,3500
1995-08-24,11.0,11.125,11.0,11.125,10.650383949279785,700
1995-08-25,11.25,11.25,11.0,11.0,10.530715942382812,3900
1995-08-28,11.125,11.125,11.0,11.0,10.530715942382812,4300
1995-08-29,11.0,11.0,10.875,10.875,10.411048889160156,600
1995-08-30,10.875,11.25,10.875,11.25,10.770051002502441,5500
1995-08-31,12.0,12.0,11.375,11.375,10.889718055725098,20300
1995-09-01,11.375,11.5,11.25,11.5,11.009385108947754,14200
1995-09-05,11.5,11.625,11.5,11.5,11.009385108947754,14500
1995-09-06,11.5,11.875,11.5,11.75,11.248720169067383,6000
1995-09-07,11.875,12.125,11.875,12.125,11.607721328735352,12200
1995-09-08,12.25,12.5,12.25,12.5,11.966723442077637,12100
1995-09-11,12.5,12.875,12.5,12.625,12.086390495300293,11800
1995-09-12,12.875,13.375,12.75,13.125,12.565059661865234,23400
1995-09-13,13.0,13.0,12.5,12.5,11.966723442077637,14200
1995-09-14,12.5,12.5,12.375,12.375,11.84705638885498,11800
1995-09-15,12.5,12.875,12.5,12.875,12.325724601745605,6000
1995-09-18,12.875,12.875,12.75,12.875,12.325724601745605,6600
1995-09-19,12.75,12.875,12.625,12.875,12.325724601745605,1900
1995-09-20,12.625,12.625,12.5,12.625,12.086390495300293,6700
1995-09-21,12.5,12.5,12.5,12.5,11.966723442077637,200
1995-09-22,12.375,12.375,12.25,12.25,11.727388381958008,9200
1995-09-25,12.375,12.5,12.25,12.375,11.84705638885498,5000
1995-09-26,12.5,12.625,12.5,12.625,12.086390495300293,800
1995-09-27,12.75,12.75,12.125,12.125,11.607721328735352,6700
1995-09-28,12.25,12.5,12.25,12.5,11.966723442077637,8200
1995-09-29,12.375,12.5,12.375,12.375,11.84705638885498,2800
1995-10-02,12.25,12.25,11.875,12.0,11.488054275512695,9400
1995-10-03,11.875,11.875,11.75,11.75,11.248720169067383,4800
1995-10-04,11.875,11.875,11.75,11.75,11.248720169067383,12600
1995-10-05,11.875,11.875,11.75,11.75,11.248720169067383,2900
1995-10-06,11.75,11.75,11.75,11.75,11.248720169067383,0
1995-10-09,11.625,11.625,11.375,11.375,10.889718055725098,7900
1995-10-10,11.375,11.375,11.125,11.125,10.650383949279785,23700
1995-10-11,11.125,11.25,11.125,11.25,10.770051002502441,16400
1995-10-12,11.375,11.5,11.375,11.5,11.009385108947754,2200
1995-10-13,11.5,11.875,11.5,11.875,11.368387222290039,9100
1995-10-16,11.75,11.75,11.75,11.75,11.248720169067383,100
1995-10-17,11.625,11.625,11.625,11.625,11.12905216217041,1500
1995-10-18,11.5,11.5,11.375,11.375,10.889718055725098,4700
1995-10-19,11.375,11.375,11.25,11.25,10.770051002502441,5400
1995-10-20,11.375,11.375,11.125,11.125,10.650383949279785,8400
1995-10-23,11.125,11.25,11.125,11.125,10.650383949279785,2800
1995-10-24,11.25,11.375,11.25,11.25,10.770051002502441,2700
1995-10-25,11.375,11.375,11.25,11.25,10.770051002502441,2400
1995-10-26,11.25,11.25,11.125,11.25,10.770051002502441,5400
1995-10-27,11.125,11.25,11.125,11.25,10.770051002502441,6300
1995-10-30,11.25,11.625,11.25,11.625,11.12905216217041,4100
1995-10-31,11.625,11.625,11.5,11.625,11.12905216217041,3700
1995-11-01,11.75,11.75,11.5,11.625,11.12905216217041,2000
1995-11-02,11.625,11.75,11.625,11.625,11.12905216217041,500
1995-11-03,11.75,11.75,11.5,11.625,11.12905216217041,2300
1995-11-06,11.5,11.875,11.5,11.875,11.368387222290039,1900
1995-11-07,11.75,11.75,11.625,11.75,11.248720169067383,1400
1995-11-08,11.625,11.75,11.625,11.75,11.248720169067383,4400
1995-11-09,11.875,11.875,11.75,11.75,11.248720169067383,2100
1995-11-10,11.625,11.75,11.5,11.75,11.248720169067383,7000
1995-11-13,11.5,11.5,11.125,11.125,10.650383949279785,7700
1995-11-14,10.875,10.875,9.5,10.25,9.812712669372559,49000
1995-11-15,10.375,10.5,10.125,10.125,9.693045616149902,25200
1995-11-16,10.0,10.0,9.5,9.625,9.214376449584961,10100
1995-11-17,9.625,9.625,9.0,9.0,8.61604118347168,10800
1995-11-20,8.875,8.875,8.75,8.875,8.496373176574707,4600
1995-11-21,8.9375,8.9375,8.625,8.625,8.257039070129395,8600
1995-11-22,8.375,8.4375,8.125,8.375,8.017704963684082,42600
1995-11-24,8.5,8.5,8.375,8.375,8.017704963684082,4100
1995-11-27,8.375,9.0,8.375,8.8125,8.436539649963379,20400
1995-11-28,8.875,9.0,8.625,9.0,8.61604118347168,9500
1995-11-29,9.25,9.625,9.25,9.25,8.855375289916992,12000
1995-11-30,9.0,9.25,9.0,9.25,8.855375289916992,2900
1995-12-01,9.125,9.25,9.0,9.25,8.855375289916992,8200
1995-12-04,9.125,9.375,9.0,9.375,8.975042343139648,6200
1995-12-05,9.25,9.25,9.25,9.25,8.855375289916992,900
1995-12-06,9.125,9.25,9.0,9.25,8.855375289916992,29800
1995-12-07,9.125,9.125,8.875,8.875,8.496373176574707,5900
1995-12-08,8.625,8.75,8.625,8.75,8.37670612335205,4500
1995-12-11,8.625,8.75,8.25,8.25,7.898037433624268,17300
1995-12-12,8.375,8.625,8.25,8.25,7.898037433624268,10100
1995-12-13,8.375,8.5,8.25,8.5,8.137372016906738,7200
1995-12-14,8.5,8.875,8.5,8.625,8.257039070129395,7700
1995-12-15,8.375,8.5,8.125,8.5,8.137372016906738,21300
1995-12-18,8.375,8.375,8.125,8.125,7.778369903564453,7100
1995-12-19,8.25,8.375,8.25,8.375,8.017704963684082,6400
1995-12-20,8.625,8.625,8.25,8.25,7.898037433624268,9700
1995-12-21,8.125,8.375,8.125,8.375,8.017704963684082,19400
1995-12-22,8.5625,8.75,8.5625,8.5625,8.197205543518066,16900
1995-12-26,8.5,8.625,8.5,8.5,8.137372016906738,8400
1995-12-27,8.5,8.75,8.375,8.375,8.017704963684082,6600
1995-12-28,8.5,8.5,7.875,8.125,7.778369903564453,17100
1995-12-29,8.25,8.5,8.25,8.25,7.898037433624268,20300
1996-01-02,8.25,8.375,8.25,8.375,8.017704963684082,4100
1996-01-03,8.5,8.5,8.25,8.25,7.898037433624268,7800
1996-01-04,8.375,8.625,8.375,8.5,8.137372016906738,8900
1996-01-05,8.5,8.5,8.4375,8.4375,8.07753849029541,2800
1996-01-08,8.5625,8.6875,8.5625,8.625,8.257039070129395,3400
1996-01-09,8.625,8.625,8.625,8.625,8.257039070129395,900
1996-01-10,8.75,8.75,8.5,8.5,8.137372016906738,1900
1996-01-11,8.5,8.5,8.375,8.5,8.137372016906738,23400
1996-01-12,8.5,8.5,8.375,8.375,8.017704963684082,1400
1996-01-15,8.25,8.25,8.0,8.0,7.658702850341797,3000
1996-01-16,8.0,8.0,7.8125,8.0,7.658702850341797,8600
1996-01-17,8.0,8.0,8.0,8.0,7.658702850341797,800
1996-01-18,8.0,8.25,8.0,8.0,7.658702850341797,8600
1996-01-19,8.0,8.125,7.5,7.75,7.419368267059326,18000
1996-01-22,8.0,8.25,8.0,8.125,7.778369903564453,11800
1996-01-23,8.25,8.375,8.25,8.375,8.017704963684082,2400
1996-01-24,8.375,8.5,8.375,8.375,8.017704963684082,5300
1996-01-25,8.5,8.5,8.0,8.0,7.658702850341797,6900
1996-01-26,8.125,8.375,8.125,8.375,8.017704963684082,3100
1996-01-29,8.25,8.375,8.25,8.375,8.017704963684082,3000
1996-01-30,8.375,8.5,8.125,8.5,8.137372016906738,12100
1996-01-31,8.375,8.5,8.25,8.25,7.898037433624268,3500
1996-02-01,8.25,8.5,8.25,8.5,8.137372016906738,7800
1996-02-02,8.5,8.8125,8.5,8.8125,8.436539649963379,6900
1996-02-05,8.875,8.875,8.625,8.625,8.257039070129395,1600
1996-02-06,8.625,9.0,8.625,8.75,8.37670612335205,3900
1996-02-07,8.875,9.0,8.875,8.875,8.496373176574707,6600
1996-02-08,8.875,8.90625,8.8125,8.8125,8.436539649963379,8500
1996-02-09,8.8125,8.875,8.8125,8.875,8.496373176574707,3000
1996-02-12,8.8125,8.8125,8.5625,8.5625,8.197205543518066,9100
1996-02-13,8.625,8.75,8.5625,8.75,8.37670612335205,9600
1996-02-14,8.625,8.625,8.375,8.375,8.017704963684082,5600
1996-02-15,8.5,8.5,8.375,8.375,8.017704963684082,7300
1996-02-16,8.375,8.5,8.375,8.5,8.137372016906738,8000
1996-02-20,8.5,8.5,8.125,8.125,7.778369903564453,5300
1996-02-21,8.125,8.25,8.125,8.25,7.898037433624268,2300
1996-02-22,8.125,8.25,8.125,8.25,7.898037433624268,2100
1996-02-23,8.5,8.5,8.25,8.375,8.017704963684082,10800
1996-02-26,8.375,8.375,8.25,8.25,7.898037433624268,3500
1996-02-27,8.25,8.25,8.125,8.125,7.778369903564453,6300
1996-02-28,8.125,8.375,8.125,8.25,7.898037433624268,3400
1996-02-29,8.125,8.125,8.0,8.125,7.778369903564453,6000
1996-03-01,8.125,8.125,8.125,8.125,7.778369903564453,4700
1996-03-04,8.125,8.125,8.125,8.125,7.778369903564453,3100
1996-03-05,8.125,8.125,8.0,8.0,7.658702850341797,5900
1996-03-06,8.125,8.1875,8.0,8.125,7.778369903564453,9600
1996-03-07,8.125,8.375,8.125,8.375,8.017704963684082,33100
1996-03-08,8.375,8.375,8.25,8.25,7.898037433624268,12600
1996-03-11,8.25,8.25,8.25,8.25,7.898037433624268,2200
1996-03-12,8.5,8.5,8.375,8.375,8.017704963684082,4500
1996-03-13,8.375,8.375,8.25,8.25,7.898037433624268,3200
1996-03-14,8.125,8.25,8.0,8.0,7.658702850341797,3300
1996-03-15,8.0,8.125,8.0,8.125,7.778369903564453,5300
1996-03-18,8.25,8.25,8.0,8.0,7.658702850341797,34500
1996-03-19,8.125,8.125,8.0,8.0,7.658702850341797,6600
1996-03-20,8.125,8.25,8.0,8.0,7.658702850341797,7600
1996-03-21,8.0,8.0,8.0,8.0,7.658702850341797,700
1996-03-22,8.0,8.0,7.875,7.875,7.539035797119141,3200
1996-03-25,7.875,8.25,7.875,8.125,7.778369903564453,8100
1996-03-26,8.25,8.25,8.0,8.0,7.658702850341797,9900
1996-03-27,8.125,8.125,7.875,8.0,7.658702850341797,3900
1996-03-28,8.0,8.0,7.875,8.0,7.658702850341797,3600
1996-03-29,8.125,8.125,8.0,8.0625,7.718536376953125,3400
1996-04-01,8.0625,8.0625,7.875,7.875,7.539035797119141,3800
1996-04-02,8.0,8.125,8.0,8.125,7.778369903564453,3900
1996-04-03,8.375,8.375,8.125,8.125,7.778369903564453,9000
1996-04-04,8.25,8.25,8.125,8.125,7.778369903564453,700
1996-04-08,8.125,8.125,8.0,8.0,7.658702850341797,2000
1996-04-09,8.125,8.125,8.0,8.0,7.658702850341797,3100
1996-04-10,8.0,8.0,7.75,7.75,7.419368267059326,5600
1996-04-11,7.875,7.875,7.875,7.875,7.539035797119141,1500
1996-04-12,7.875,8.0,7.875,7.875,7.539035797119141,2800
1996-04-15,8.0,8.0,7.75,7.75,7.419368267059326,4700
1996-04-16,7.875,7.875,7.75,7.875,7.539035797119141,2200
1996-04-17,7.75,7.875,7.75,7.875,7.539035797119141,700
1996-04-18,7.875,8.0,7.75,7.875,7.539035797119141,5400
1996-04-19,7.75,7.9375,7.75,7.875,7.539035797119141,10800
1996-04-22,8.0625,9.0,8.0625,9.0,8.61604118347168,24200
1996-04-23,9.0,9.75,9.0,9.625,9.214376449584961,22400
1996-04-24,9.5,9.875,9.5,9.5625,9.154542922973633,28600
1996-04-25,9.625,9.625,9.5,9.5625,9.154542922973633,9100
1996-04-26,9.5,9.5,9.0,9.125,8.735708236694336,16200
1996-04-29,9.125,9.125,8.75,9.0,8.61604118347168,42700
1996-04-30,8.875,9.0,8.75,8.875,8.496373176574707,16300
1996-05-01,8.875,8.875,8.75,8.875,8.496373176574707,12400
1996-05-02,8.75,8.875,8.625,8.625,8.257039070129395,9600
1996-05-03,8.75,8.875,8.75,8.875,8.496373176574707,5100
1996-05-06,8.875,9.0,8.75,9.0,8.61604118347168,7800
1996-05-07,8.875,8.90625,8.75,8.75,8.37670612335205,13600
1996-05-08,8.875,9.125,8.75,9.0,8.61604118347168,26000
1996-05-09,8.875,8.875,8.8125,8.875,8.496373176574707,11500
1996-05-10,9.0,9.125,8.875,9.125,8.735708236694336,62500
1996-05-13,9.125,9.375,8.875,9.0,8.61604118347168,70300
1996-05-14,9.125,9.625,9.125,9.5,9.094709396362305,27700
1996-05-15,9.625,9.625,9.25,9.375,8.975042343139648,10700
1996-05-16,9.25,9.375,9.125,9.25,8.855375289916992,10500
1996-05-17,9.125,9.875,9.125,9.75,9.334044456481934,27500
1996-05-20,9.8125,10.625,9.6875,10.375,9.932380676269531,40200
1996-05-21,10.5,10.875,10.375,10.875,10.411048889160156,39200
1996-05-22,11.0,11.625,11.0,11.625,11.12905216217041,81500
1996-05-23,11.5,11.5,10.875,10.875,10.411048889160156,16300
1996-05-24,11.125,11.375,10.5,11.375,10.889718055725098,25300
1996-05-28,11.375,11.625,11.0,11.5,11.009385108947754,37700
1996-05-29,11.25,11.75,11.25,11.375,10.889718055725098,86000
1996-05-30,11.125,11.125,10.875,11.125,10.650383949279785,11600
1996-05-31,11.0,11.125,10.875,11.125,10.650383949279785,3000
1996-06-03,11.0,11.125,11.0,11.0,10.530715942382812,5200
1996-06-04,11.0,11.125,11.0,11.0,10.530715942382812,3200
1996-06-05,11.125,11.125,11.0,11.0,10.530715942382812,30600
1996-06-06,10.875,11.125,10.875,11.0,10.530715942382812,8100
1996-06-07,10.875,11.625,10.875,11.5,11.009385108947754,24200
1996-06-10,11.625,11.625,11.125,11.25,10.770051002502441,8900
1996-06-11,11.375,11.375,11.125,11.125,10.650383949279785,7800
1996-06-12,11.125,11.5,11.125,11.5,11.009385108947754,21000
1996-06-13,11.625,11.625,11.375,11.5,11.009385108947754,9500
1996-06-14,11.5,11.625,11.375,11.5,11.009385108947754,2100
1996-06-17,11.5,11.5,11.5,11.5,11.009385108947754,2100
1996-06-18,11.625,11.625,11.5,11.5,11.009385108947754,3500
1996-06-19,11.375,11.5,11.125,11.125,10.650383949279785,6600
1996-06-20,11.0,11.125,11.0,11.125,10.650383949279785,4000
1996-06-21,11.125,11.125,10.875,10.875,10.411048889160156,5100
1996-06-24,10.875,11.125,10.875,11.0,10.530715942382812,13000
1996-06-25,11.0,11.25,11.0,11.125,10.650383949279785,8600
1996-06-26,11.125,11.625,11.125,11.625,11.12905216217041,18400
1996-06-27,11.625,12.0,11.5,12.0,11.488054275512695,29700
1996-06-28,11.875,12.125,11.875,12.0,11.488054275512695,11800
1996-07-01,12.0,12.25,11.75,11.875,11.368387222290039,18600
1996-07-02,11.75,12.125,11.75,11.875,11.368387222290039,9400
1996-07-03,12.125,12.25,11.75,12.0,11.488054275512695,6200
1996-07-05,11.75,12.0,11.75,11.875,11.368387222290039,7100
1996-07-08,11.75,11.875,11.625,11.75,11.248720169067383,3200
1996-07-09,11.75,12.0,11.75,11.75,11.248720169067383,800
1996-07-10,11.75,11.875,11.5,11.625,11.12905216217041,2500
1996-07-11,11.375,11.375,11.0,11.125,10.650383949279785,9800
1996-07-12,11.125,11.125,10.875,11.0,10.530715942382812,5600
1996-07-15,10.875,11.125,10.875,11.125,10.650383949279785,8900
1996-07-16,11.125,11.375,9.875,11.125,10.650383949279785,45900
1996-07-17,10.875,11.0,10.625,10.625,10.171714782714844,6800
1996-07-18,10.75,11.25,10.75,11.25,10.770051002502441,8900
1996-07-19,11.375,11.625,11.375,11.5,11.009385108947754,14400
1996-07-22,11.625,11.75,11.5,11.75,11.248720169067383,17200
1996-07-23,11.625,11.75,10.75,10.75,10.2913818359375,15000
1996-07-24,10.5,10.875,10.375,10.75,10.2913818359375,19700
1996-07-25,10.875,11.0,10.875,11.0,10.530715942382812,200
1996-07-26,11.125,11.25,10.875,11.0,10.530715942382812,6700
1996-07-29,10.875,10.875,10.5,10.5,10.052047729492188,10800
1996-07-30,10.375,10.375,10.125,10.375,9.932380676269531,9400
1996-07-31,10.25,10.375,10.25,10.25,9.812712669372559,3700
1996-08-01,10.125,10.25,10.125,10.125,9.693045616149902,13500
1996-08-02,10.25,10.5,10.25,10.25,9.812712669372559,18100
1996-08-05,10.25,10.25,10.25,10.25,9.812712669372559,1600
1996-08-06,10.25,10.375,10.25,10.375,9.932380676269531,400
1996-08-07,10.5,10.5,10.375,10.375,9.932380676269531,2700
1996-08-08,10.25,10.75,10.25,10.75,10.2913818359375,13600
1996-08-09,10.625,11.125,10.625,10.75,10.2913818359375,15400
1996-08-12,10.625,10.875,10.5,10.75,10.2913818359375,25900
1996-08-13,10.75,10.75,10.625,10.625,10.171714782714844,3100
1996-08-14,10.75,11.0,10.625,10.75,10.2913818359375,9200
1996-08-15,10.625,10.625,10.5,10.5,10.052047729492188,10400
1996-08-16,10.75,10.75,10.375,10.375,9.932380676269531,5300
1996-08-19,10.375,10.5,10.25,10.25,9.812712669372559,15900
1996-08-20,10.125,10.25,10.125,10.125,9.693045616149902,4000
1996-08-21,10.125,10.25,10.125,10.25,9.812712669372559,1300
1996-08-22,10.375,10.375,10.125,10.25,9.812712669372559,6600
1996-08-23,10.25,10.25,10.0,10.0,9.573378562927246,6300
1996-08-26,10.0,10.25,10.0,10.25,9.812712669372559,2700
1996-08-27,10.0,10.25,10.0,10.125,9.693045616149902,6100
1996-08-28,10.25,10.375,10.125,10.125,9.693045616149902,4900
1996-08-29,10.25,10.25,10.125,10.125,9.693045616149902,1100
1996-08-30,10.125,10.25,10.125,10.25,9.812712669372559,1800
1996-09-03,10.125,10.125,10.0,10.125,9.693045616149902,3400
1996-09-04,10.125,10.125,10.0,10.125,9.693045616149902,5800
1996-09-05,10.0,10.0,9.625,9.75,9.334044456481934,6800
1996-09-06,9.875,9.875,9.75,9.875,9.45371150970459,2400
1996-09-09,10.0,10.25,9.875,10.0,9.573378562927246,5300
1996-09-10,10.0,10.0,9.875,9.875,9.45371150970459,4000
1996-09-11,9.75,9.875,9.625,9.625,9.214376449584961,7300
1996-09-12,9.5,9.75,9.5,9.625,9.214376449584961,7900
1996-09-13,9.625,9.625,9.375,9.5,9.094709396362305,10900
1996-09-16,9.375,9.375,8.875,9.0,8.61604118347168,23300
1996-09-17,9.125,9.375,9.0,9.0,8.61604118347168,12500
1996-09-18,9.0,9.0,8.75,8.75,8.37670612335205,18700
1996-09-19,8.75,8.875,8.625,8.75,8.37670612335205,12200
1996-09-20,8.625,9.625,8.625,9.5,9.094709396362305,23000
1996-09-23,9.375,9.375,9.0,9.0,8.61604118347168,9600
1996-09-24,9.125,9.125,8.75,9.0,8.61604118347168,10900
1996-09-25,8.875,9.0,8.75,8.875,8.496373176574707,7600
1996-09-26,9.0,9.125,9.0,9.0,8.61604118347168,6000
1996-09-27,9.0,9.125,8.875,9.125,8.735708236694336,13900
1996-09-30,9.125,9.125,9.0,9.0,8.61604118347168,10300
1996-10-01,9.0,9.125,9.0,9.125,8.735708236694336,5700
1996-10-02,9.0,9.125,8.875,9.0,8.61604118347168,6500
1996-10-03,8.9375,9.0,8.875,8.875,8.496373176574707,4700
1996-10-04,9.0,9.0,8.75,8.875,8.496373176574707,5200
1996-10-07,8.875,8.875,8.75,8.75,8.37670612335205,3900
1996-10-08,8.75,8.875,8.625,8.625,8.257039070129395,3400
1996-10-09,8.5625,8.625,8.5,8.5,8.137372016906738,6100
1996-10-10,8.5,8.625,8.5,8.625,8.257039070129395,2400
1996-10-11,8.5,8.625,8.5,8.5,8.137372016906738,1500
1996-10-14,8.625,8.75,8.5,8.625,8.257039070129395,8900
1996-10-15,8.75,8.875,8.6875,8.875,8.496373176574707,13200
1996-10-16,9.0,9.0,9.0,9.0,8.61604118347168,1500
1996-10-17,8.875,9.0,8.75,8.9375,8.556206703186035,19700
1996-10-18,8.875,9.0,8.875,8.875,8.496373176574707,10200
1996-10-21,8.875,8.875,8.75,8.75,8.37670612335205,1200
1996-10-22,8.875,8.875,8.625,8.625,8.257039070129395,2500
1996-10-23,8.5,8.625,8.5,8.5,8.137372016906738,2500
1996-10-24,8.5,8.5,8.25,8.25,7.898037433624268,5200
1996-10-25,8.25,8.5,8.25,8.375,8.017704963684082,6000
1996-10-28,8.25,8.25,8.0,8.0,7.658702850341797,12700
1996-10-29,8.0,8.125,7.875,8.0,7.658702850341797,17000
1996-10-30,8.0,8.0,7.875,7.875,7.539035797119141,7800
1996-10-31,8.0,8.25,8.0,8.25,7.898037433624268,8400
1996-11-01,8.375,8.5,8.25,8.5,8.137372016906738,4800
1996-11-04,8.5625,8.5625,8.25,8.5,8.137372016906738,7300
1996-11-05,8.375,8.5,8.25,8.4375,8.07753849029541,8200
1996-11-06,8.6875,8.6875,8.375,8.375,8.017704963684082,9200
1996-11-07,8.5,8.5,8.375,8.5,8.137372016906738,12100
1996-11-08,8.5,8.75,8.5,8.625,8.257039070129395,4000
1996-11-11,8.5,8.5,8.5,8.5,8.137372016906738,2600
1996-11-12,8.625,8.625,8.5,8.5625,8.197205543518066,4300
1996-11-13,8.5,9.0,8.375,9.0,8.61604118347168,25200
1996-11-14,9.0,9.0,8.75,8.75,8.37670612335205,18500
1996-11-15,8.8125,9.0,8.8125,8.875,8.496373176574707,11900
1996-11-18,9.0,9.0,8.875,8.875,8.496373176574707,6800
1996-11-19,8.875,8.9375,8.8125,8.8125,8.436539649963379,6800
1996-11-20,8.75,8.75,8.625,8.625,8.257039070129395,9100
1996-11-21,8.75,8.75,8.5625,8.5625,8.197205543518066,4700
1996-11-22,8.625,8.625,8.5,8.625,8.257039070129395,12000
1996-11-25,8.625,8.75,8.5,8.75,8.37670612335205,11400
1996-11-26,8.625,8.875,8.625,8.75,8.37670612335205,14200
1996-11-27,8.75,9.0,8.75,8.9375,8.556206703186035,22100
1996-11-29,8.875,9.0,8.875,9.0,8.61604118347168,4000
1996-12-02,8.875,8.9375,8.8125,8.8125,8.436539649963379,6100
1996-12-03,8.8125,8.875,8.8125,8.8125,8.436539649963379,5600
1996-12-04,8.9375,8.9375,8.875,8.875,8.496373176574707,3900
1996-12-05,8.875,9.0,8.875,8.9375,8.556206703186035,12500
1996-12-06,8.8125,9.0,8.75,9.0,8.61604118347168,9000
1996-12-09,9.125,9.25,9.0,9.25,8.855375289916992,11500
1996-12-10,9.25,9.25,9.0,9.0,8.61604118347168,22800
1996-12-11,8.875,8.875,8.875,8.875,8.496373176574707,2800
1996-12-12,9.0,9.25,9.0,9.0,8.61604118347168,5300
1996-12-13,8.875,8.9375,8.875,8.875,8.496373176574707,3100
1996-12-16,8.875,8.875,8.5,8.5,8.137372016906738,9800
1996-12-17,8.625,8.75,8.5,8.75,8.37670612335205,5800
1996-12-18,8.625,8.625,8.5,8.5,8.137372016906738,10000
1996-12-19,8.375,8.375,7.5,7.75,7.419368267059326,109600
1996-12-20,7.625,7.875,7.625,7.875,7.539035797119141,33400
1996-12-23,7.875,8.0,7.875,7.875,7.539035797119141,9500
1996-12-24,7.9375,8.0625,7.875,8.0625,7.718536376953125,7900
1996-12-26,8.0625,8.125,8.0,8.0625,7.718536376953125,14000
1996-12-27,7.9375,8.0,7.875,8.0,7.658702850341797,6100
1996-12-30,7.875,8.125,7.75,8.0,7.658702850341797,18900
1996-12-31,8.0,8.0625,7.75,7.8125,7.479201793670654,36500
1997-01-02,7.9375,8.0,7.875,8.0,7.658702850341797,7000
1997-01-03,7.875,8.25,7.875,8.25,7.898037433624268,10100
1997-01-06,8.0,8.25,8.0,8.125,7.778369903564453,3300
1997-01-07,8.0,8.375,8.0,8.375,8.017704963684082,10400
1997-01-08,8.375,8.375,8.125,8.125,7.778369903564453,16700
1997-01-09,8.0,8.125,8.0,8.0,7.658702850341797,3300
1997-01-10,8.0,8.25,8.0,8.25,7.898037433624268,7900
1997-01-13,8.1875,8.25,8.1875,8.25,7.898037433624268,3200
1997-01-14,8.1875,8.375,8.1875,8.375,8.017704963684082,3900
1997-01-15,8.25,8.375,8.25,8.25,7.898037433624268,5200
1997-01-16,8.25,8.375,8.25,8.375,8.017704963684082,4000
1997-01-17,8.375,8.5,8.25,8.5,8.137372016906738,15400
1997-01-20,8.875,9.5,8.75,9.125,8.735708236694336,79000
1997-01-21,9.0625,9.125,8.875,9.125,8.735708236694336,22200
1997-01-22,9.25,9.25,8.75,8.75,8.37670612335205,6200
1997-01-23,8.625,8.75,8.5625,8.625,8.257039070129395,7400
1997-01-24,8.625,8.625,8.125,8.125,7.778369903564453,20900
1997-01-27,8.25,8.25,8.125,8.125,7.778369903564453,1400
1997-01-28,8.25,8.375,8.125,8.25,7.898037433624268,20100
1997-01-29,8.125,8.25,8.125,8.25,7.898037433624268,8200
1997-01-30,8.25,8.375,8.25,8.375,8.017704963684082,6300
1997-01-31,8.5,8.5,8.375,8.375,8.017704963684082,3700
1997-02-03,8.4375,8.5,8.25,8.25,7.898037433624268,2500
1997-02-04,8.125,8.3125,8.125,8.3125,7.957870960235596,7800
1997-02-05,8.1875,8.3125,8.0625,8.3125,7.957870960235596,11700
1997-02-06,8.1875,8.25,8.1875,8.1875,7.8382039070129395,1000
1997-02-07,8.125,8.125,8.125,8.125,7.778369903564453,1900
1997-02-10,8.25,8.25,8.125,8.125,7.778369903564453,300
1997-02-11,8.0,8.0,8.0,8.0,7.658702850341797,1000
1997-02-12,8.0,8.375,8.0,8.375,8.017704963684082,9100
1997-02-13,8.25,8.25,8.0,8.0,7.658702850341797,7700
1997-02-14,8.0,8.125,8.0,8.125,7.778369903564453,4900
1997-02-18,8.125,9.0,8.125,8.75,8.37670612335205,36700
1997-02-19,8.75,8.75,8.125,8.25,7.898037433624268,13900
1997-02-20,8.25,8.375,8.0625,8.375,8.017704963684082,8900
1997-02-21,8.4375,8.5,8.0,8.5,8.137372016906738,90900
1997-02-24,8.5,8.5,8.375,8.375,8.017704963684082,5900
1997-02-25,8.25,8.25,8.125,8.25,7.898037433624268,3700
1997-02-26,8.125,8.125,8.0,8.0,7.658702850341797,12000
1997-02-27,8.125,8.1875,8.0,8.0,7.658702850341797,13400
1997-02-28,8.0,8.1875,8.0,8.0625,7.718536376953125,8400
1997-03-03,8.125,8.25,8.0,8.125,7.778369903564453,11400
1997-03-04,8.25,8.25,8.125,8.125,7.778369903564453,2700
1997-03-05,8.0,8.0,8.0,8.0,7.658702850341797,1500
1997-03-06,8.0,8.0,8.0,8.0,7.658702850341797,800
1997-03-07,8.25,8.25,8.125,8.125,7.778369903564453,12500
1997-03-10,8.125,8.125,7.875,8.125,7.778369903564453,11900
1997-03-11,8.0,8.25,7.875,8.0,7.658702850341797,19100
1997-03-12,7.875,8.125,7.875,8.0,7.658702850341797,19500
1997-03-13,7.9375,8.0,7.9375,8.0,7.658702850341797,4500
1997-03-14,8.125,8.125,8.0,8.0625,7.718536376953125,5400
1997-03-17,8.1875,8.1875,8.0,8.125,7.778369903564453,6800
1997-03-18,8.125,8.125,7.9375,7.9375,7.598869323730469,15800
1997-03-19,8.0,8.0,7.875,7.875,7.539035797119141,20500
1997-03-20,7.875,7.875,7.5,7.5,7.1800336837768555,15700
1997-03-21,7.625,7.625,7.375,7.375,7.060366630554199,11200
1997-03-24,7.375,7.375,7.0,7.0,6.701364994049072,19200
1997-03-25,7.0625,7.0625,7.0,7.0,6.701364994049072,7100
1997-03-26,7.0,7.0,6.875,7.0,6.701364994049072,9400
1997-03-27,7.0,7.0,6.875,6.875,6.581697940826416,3600
1997-03-31,6.9375,7.0,6.9375,7.0,6.701364994049072,16300
1997-04-01,6.875,6.875,6.875,6.875,6.581697940826416,4900
1997-04-02,6.875,6.9375,6.875,6.875,6.581697940826416,4300
1997-04-03,7.0,7.0,6.875,6.9375,6.641531467437744,20600
1997-04-04,7.0,7.0,6.875,6.875,6.581697940826416,2700
1997-04-07,7.0,7.0,6.875,7.0,6.701364994049072,2100
1997-04-08,6.875,7.0,6.875,7.0,6.701364994049072,3700
1997-04-09,6.875,7.0,6.75,6.875,6.581697940826416,11800
1997-04-10,6.75,6.75,6.625,6.625,6.342363357543945,6300
1997-04-11,6.5,6.75,6.25,6.625,6.342363357543945,18600
1997-04-14,6.6875,6.6875,6.625,6.625,6.342363357543945,11300
1997-04-15,6.75,6.75,6.625,6.75,6.462030410766602,3800
1997-04-16,6.75,6.875,6.75,6.875,6.581697940826416,7600
1997-04-17,6.875,6.875,6.875,6.875,6.581697940826416,2200
1997-04-18,6.75,6.875,6.75,6.75,6.462030410766602,17100
1997-04-21,6.625,6.625,6.625,6.625,6.342363357543945,1100
1997-04-22,6.5,6.5,6.375,6.4375,6.162862300872803,10200
1997-04-23,6.5,6.5,6.5,6.5,6.222696304321289,9400
1997-04-24,6.625,6.625,6.5,6.5,6.222696304321289,9600
1997-04-25,6.5,6.5,6.5,6.5,6.222696304321289,1900
1997-04-28,6.5,6.75,6.5,6.625,6.342363357543945,4700
1997-04-29,6.5,6.75,6.5,6.75,6.462030410766602,4700
1997-04-30,6.625,7.25,6.625,7.125,6.8210320472717285,20000
1997-05-01,7.5,7.5,7.25,7.25,6.940699577331543,14600
1997-05-02,7.375,7.375,7.0,7.0,6.701364994049072,33600
1997-05-05,6.75,6.875,6.75,6.875,6.581697940826416,5500
1997-05-06,6.75,7.0,6.75,7.0,6.701364994049072,7600
1997-05-07,7.0,7.0,6.875,6.875,6.581697940826416,3300
1997-05-08,6.875,7.0,6.875,7.0,6.701364994049072,8700
1997-05-09,7.0,7.0,6.6875,6.75,6.462030410766602,10800
1997-05-12,6.6875,6.9375,6.6875,6.875,6.581697940826416,14300
1997-05-13,6.875,6.9375,6.75,6.75,6.462030410766602,31000
1997-05-14,7.0,7.0,6.875,6.9375,6.641531467437744,7000
1997-05-15,6.8125,6.875,6.75,6.875,6.581697940826416,3700
1997-05-16,6.75,6.75,6.625,6.75,6.462030410766602,6300
1997-05-19,6.625,7.125,6.625,6.875,6.581697940826416,10700
1997-05-20,6.75,6.75,6.625,6.75,6.462030410766602,5500
1997-05-21,6.8125,7.0,6.8125,7.0,6.701364994049072,17900
1997-05-22,7.125,7.125,6.875,7.125,6.8210320472717285,13100
1997-05-23,7.0,7.125,7.0,7.125,6.8210320472717285,10200
1997-05-27,7.125,7.125,7.0,7.125,6.8210320472717285,6000
1997-05-28,7.125,7.25,7.0625,7.1875,6.880866050720215,9800
1997-05-29,7.25,7.375,7.25,7.375,7.060366630554199,5700
1997-05-30,7.375,7.375,7.0,7.125,6.8210320472717285,12700
1997-06-02,7.25,7.375,7.25,7.25,6.940699577331543,5800
1997-06-03,7.25,7.375,7.25,7.25,6.940699577331543,12900
1997-06-04,7.25,7.25,7.25,7.25,6.940699577331543,13100
1997-06-05,7.3125,7.375,7.25,7.375,7.060366630554199,8500
1997-06-06,7.25,7.375,7.25,7.375,7.060366630554199,2900
1997-06-09,7.4375,7.5,7.375,7.375,7.060366630554199,4000
1997-06-10,7.375,7.375,7.375,7.375,7.060366630554199,0
1997-06-11,7.375,7.5,7.375,7.5,7.1800336837768555,8500
1997-06-12,7.5,7.6875,7.4375,7.625,7.29970121383667,5500
1997-06-13,7.625,7.75,7.5,7.5,7.1800336837768555,18600
1997-06-16,7.5,7.625,7.4375,7.4375,7.120200157165527,4400
1997-06-17,7.375,7.5,7.375,7.5,7.1800336837768555,1900
1997-06-18,7.375,7.5,7.375,7.5,7.1800336837768555,2300
1997-06-19,7.5,7.625,7.3125,7.625,7.29970121383667,14800
1997-06-20,7.5,7.5,7.25,7.25,6.940699577331543,11000
1997-06-23,7.3125,7.375,7.3125,7.375,7.060366630554199,2500
1997-06-24,7.4375,7.5,7.375,7.375,7.060366630554199,6500
1997-06-25,7.4375,7.4375,7.375,7.375,7.060366630554199,10400
1997-06-26,7.375,7.5,7.375,7.375,7.060366630554199,7300
1997-06-27,7.375,7.375,7.25,7.375,7.060366630554199,8000
1997-06-30,7.375,7.375,7.375,7.375,7.060366630554199,1000
1997-07-01,7.4375,7.625,7.4375,7.5,7.1800336837768555,11100
1997-07-02,7.75,7.875,7.625,7.875,7.539035797119141,12500
1997-07-03,7.875,8.125,7.875,8.125,7.778369903564453,9700
1997-07-07,8.0,8.0,8.0,8.0,7.658702850341797,9300
1997-07-08,8.0,8.0,7.875,7.875,7.539035797119141,7100
1997-07-09,7.875,8.0625,7.875,8.0625,7.718536376953125,6400
1997-07-10,8.1875,8.1875,8.125,8.1875,7.8382039070129395,3100
1997-07-11,8.1875,8.375,8.1875,8.25,7.898037433624268,10600
1997-07-14,8.125,8.125,8.0,8.125,7.778369903564453,4000
1997-07-15,8.0625,8.25,8.0625,8.1875,7.8382039070129395,3600
1997-07-16,8.125,8.1875,8.125,8.1875,7.8382039070129395,6500
1997-07-17,8.25,8.3125,8.1875,8.3125,7.957870960235596,9400
1997-07-18,8.3125,8.375,8.25,8.3125,7.957870960235596,9700
1997-07-21,8.1875,8.25,8.0625,8.125,7.778369903564453,17000
1997-07-22,8.0,8.125,7.875,7.875,7.539035797119141,8300
1997-07-23,7.75,7.75,7.625,7.6875,7.359534740447998,8000
1997-07-24,7.625,7.75,7.625,7.75,7.419368267059326,15700
1997-07-25,7.75,7.875,7.75,7.875,7.539035797119141,10600
1997-07-28,7.875,7.9375,7.75,7.875,7.539035797119141,4700
1997-07-29,7.875,7.9375,7.875,7.875,7.539035797119141,5800
1997-07-30,8.0,8.25,8.0,8.1875,7.8382039070129395,9000
1997-07-31,8.25,8.25,8.1875,8.1875,7.8382039070129395,5700
1997-08-01,8.25,8.25,8.1875,8.1875,7.8382039070129395,500
1997-08-04,8.25,8.25,7.75,8.0,7.658702850341797,12300
1997-08-05,8.0,8.125,8.0,8.125,7.778369903564453,7100
1997-08-06,8.125,8.25,8.125,8.25,7.898037433624268,6700
1997-08-07,8.25,8.3125,8.125,8.125,7.778369903564453,6700
1997-08-08,8.0,8.1875,8.0,8.0625,7.718536376953125,5300
1997-08-11,8.0,8.125,8.0,8.0,7.658702850341797,1800
1997-08-12,8.0,8.0,7.875,7.875,7.539035797119141,1200
1997-08-13,7.75,7.75,7.5,7.75,7.419368267059326,13500
1997-08-14,7.75,7.75,7.625,7.75,7.419368267059326,3300
1997-08-15,7.75,7.75,7.5,7.5,7.1800336837768555,4100
1997-08-18,7.625,7.625,7.375,7.375,7.060366630554199,7100
1997-08-19,7.375,7.5,7.375,7.5,7.1800336837768555,10200
1997-08-20,7.5,7.5625,7.4375,7.5625,7.239867687225342,8900
1997-08-21,7.5,7.5625,7.5,7.5625,7.239867687225342,1100
1997-08-22,7.5,7.5,7.25,7.375,7.060366630554199,8500
1997-08-25,7.375,7.375,7.375,7.375,7.060366630554199,2000
1997-08-26,7.375,7.375,7.25,7.3125,7.000533103942871,5300
1997-08-27,7.25,7.25,7.0,7.1875,6.880866050720215,9100
1997-08-28,7.1875,7.25,7.125,7.125,6.8210320472717285,7300
1997-08-29,7.0,7.0,7.0,7.0,6.701364994049072,1700
1997-09-02,7.0,7.125,7.0,7.0625,6.7611985206604,1200
1997-09-03,7.0,7.3125,7.0,7.25,6.940699577331543,16200
1997-09-04,7.1875,7.25,7.125,7.125,6.8210320472717285,14100
1997-09-05,7.0625,7.1875,7.0625,7.1875,6.880866050720215,3000
1997-09-08,7.4375,7.5,7.375,7.5,7.1800336837768555,8300
1997-09-09,7.625,7.625,7.5,7.5,7.1800336837768555,6500
1997-09-10,7.625,7.625,7.5625,7.5625,7.239867687225342,4300
1997-09-11,7.5625,7.75,7.5625,7.6875,7.359534740447998,9600
1997-09-12,7.625,7.75,7.625,7.75,7.419368267059326,7400
1997-09-15,7.75,7.75,7.625,7.625,7.29970121383667,6600
1997-09-16,7.625,7.6875,7.625,7.6875,7.359534740447998,18300
1997-09-17,7.625,7.6875,7.625,7.625,7.29970121383667,4800
1997-09-18,7.5,7.625,7.5,7.625,7.29970121383667,12500
1997-09-19,7.625,7.75,7.5,7.5,7.1800336837768555,12900
1997-09-22,7.5,7.625,7.5,7.5625,7.239867687225342,2500
1997-09-23,7.5625,7.625,7.5,7.625,7.29970121383667,8500
1997-09-24,7.5,7.625,7.5,7.5,7.1800336837768555,15900
1997-09-25,7.5,7.5625,7.5,7.5625,7.239867687225342,1500
1997-09-26,7.5625,7.75,7.5,7.625,7.29970121383667,17800
1997-09-29,7.625,8.0,7.625,7.875,7.539035797119141,12900
1997-09-30,7.8125,7.875,7.75,7.875,7.539035797119141,14100
1997-10-01,7.8125,8.0,7.8125,7.9375,7.598869323730469,3500
1997-10-02,8.0,8.25,8.0,8.1875,7.8382039070129395,12100
1997-10-03,8.1875,8.5,8.1875,8.4375,8.07753849029541,14500
1997-10-06,8.375,8.375,8.3125,8.375,8.017704963684082,4800
1997-10-07,8.375,8.625,8.3125,8.625,8.257039070129395,20600
1997-10-08,8.5625,9.125,8.5625,9.125,8.735708236694336,39100
1997-10-09,9.25,9.375,9.125,9.25,8.855375289916992,28900
1997-10-10,9.25,9.25,9.1875,9.25,8.855375289916992,10700
1997-10-13,9.25,9.25,9.0625,9.1875,8.795541763305664,46700
1997-10-14,9.125,9.25,9.0625,9.0625,8.675874710083008,32600
1997-10-15,9.0,9.25,9.0,9.25,8.855375289916992,27600
1997-10-16,9.125,9.125,9.125,9.125,8.735708236694336,2900
1997-10-17,9.125,9.25,9.0,9.25,8.855375289916992,17700
1997-10-20,9.125,9.1875,9.0625,9.1875,8.795541763305664,4100
1997-10-21,9.1875,9.25,9.125,9.25,8.855375289916992,25200
1997-10-22,9.1875,9.1875,9.1875,9.1875,8.795541763305664,7100
1997-10-23,9.125,9.125,9.125,9.125,8.735708236694336,11700
1997-10-24,9.125,9.125,9.125,9.125,8.735708236694336,11100
1997-10-27,9.0,9.125,9.0,9.125,8.735708236694336,11800
1997-10-28,9.0,9.0,8.5625,8.8125,8.436539649963379,34500
1997-10-29,8.875,9.125,8.875,9.0625,8.675874710083008,6600
1997-10-30,9.0,9.125,9.0,9.0625,8.675874710083008,17300
1997-10-31,9.0,9.1875,9.0,9.125,8.735708236694336,11000
1997-11-03,9.125,9.125,9.125,9.125,8.735708236694336,4200
1997-11-04,9.125,9.375,9.0,9.25,8.855375289916992,28700
1997-11-05,9.0,9.125,9.0,9.125,8.735708236694336,13700
1997-11-06,9.125,9.25,9.0625,9.1875,8.795541763305664,13600
1997-11-07,9.25,9.25,9.125,9.125,8.735708236694336,1200
1997-11-10,9.0,9.125,9.0,9.0625,8.675874710083008,26300
1997-11-11,9.0625,9.125,9.0625,9.125,8.735708236694336,6300
1997-11-12,9.0,9.25,9.0,9.1875,8.795541763305664,9600
1997-11-13,9.0,9.125,9.0,9.0,8.61604118347168,24000
1997-11-14,8.9375,9.0,8.875,8.875,8.496373176574707,12000
1997-11-17,8.875,9.0,8.875,9.0,8.61604118347168,8900
1997-11-18,9.0,9.0,8.875,9.0,8.61604118347168,1900
1997-11-19,8.875,8.875,8.75,8.75,8.37670612335205,2700
1997-11-20,8.75,8.75,8.75,8.75,8.37670612335205,5500
1997-11-21,8.75,8.875,8.75,8.875,8.496373176574707,6100
1997-11-24,8.75,8.875,8.75,8.875,8.496373176574707,7100
1997-11-25,8.875,8.875,8.8125,8.875,8.496373176574707,2000
1997-11-26,8.875,8.875,8.875,8.875,8.496373176574707,3800
1997-11-28,8.75,8.8125,8.75,8.8125,8.436539649963379,300
1997-12-01,8.8125,8.9375,8.8125,8.9375,8.556206703186035,8600
1997-12-02,8.875,8.875,8.5,8.5,8.137372016906738,16800
1997-12-03,8.625,8.75,8.625,8.75,8.37670612335205,20500
1997-12-04,8.6875,8.75,8.625,8.75,8.37670612335205,2800
1997-12-05,8.625,8.625,8.625,8.625,8.257039070129395,1700
1997-12-08,8.5,8.75,8.5,8.75,8.37670612335205,4300
1997-12-09,8.75,8.9375,8.75,8.875,8.496373176574707,7000
1997-12-10,8.75,8.875,8.625,8.75,8.37670612335205,2500
1997-12-11,8.625,9.0,8.625,8.875,8.496373176574707,63600
1997-12-12,8.75,8.75,8.6875,8.6875,8.316872596740723,1700
1997-12-15,8.625,8.6875,8.625,8.6875,8.316872596740723,3000
1997-12-16,8.625,8.625,8.5,8.625,8.257039070129395,2700
1997-12-17,8.5,8.625,8.375,8.625,8.257039070129395,2500
1997-12-18,8.6875,8.6875,8.6875,8.6875,8.316872596740723,7300
1997-12-19,8.5625,8.6875,8.5625,8.625,8.257039070129395,14200
1997-12-22,8.6875,8.6875,8.5,8.625,8.257039070129395,14900
1997-12-23,8.75,8.8125,8.75,8.75,8.37670612335205,4700
1997-12-24,8.75,8.75,8.6875,8.75,8.37670612335205,5100
1997-12-26,8.625,8.625,8.625,8.625,8.257039070129395,1900
1997-12-29,8.75,8.75,8.625,8.75,8.37670612335205,2100
1997-12-30,8.75,9.0,8.75,8.875,8.496373176574707,9400
1997-12-31,8.75,9.0,8.75,9.0,8.61604118347168,11400
1998-01-02,8.875,8.875,8.75,8.875,8.496373176574707,8200
1998-01-05,8.75,9.0,8.75,9.0,8.61604118347168,7300
1998-01-06,9.0,9.125,8.875,8.875,8.496373176574707,11000
1998-01-07,8.875,9.125,8.875,9.0,8.61604118347168,7500
1998-01-08,9.0625,9.125,9.0625,9.0625,8.675874710083008,8500
1998-01-09,9.0625,9.0625,8.875,9.0,8.61604118347168,8500
1998-01-12,8.875,8.9375,8.75,8.75,8.37670612335205,3900
1998-01-13,8.875,8.875,8.625,8.625,8.257039070129395,13800
1998-01-14,8.75,8.75,8.75,8.75,8.37670612335205,200
1998-01-15,8.625,8.625,8.625,8.625,8.257039070129395,2100
1998-01-16,8.625,8.625,8.5625,8.5625,8.197205543518066,1000
1998-01-20,8.5,8.5,8.125,8.375,8.017704963684082,9400
1998-01-21,8.375,8.375,8.125,8.125,7.778369903564453,8900
1998-01-22,8.125,8.125,8.0,8.0,7.658702850341797,9500
1998-01-23,8.0,8.125,8.0,8.0625,7.718536376953125,4300
1998-01-26,8.125,8.125,8.0,8.0,7.658702850341797,8600
1998-01-27,8.0,8.0625,8.0,8.0,7.658702850341797,4900
1998-01-28,8.0,8.0,8.0,8.0,7.658702850341797,0
1998-01-29,7.875,8.0,7.875,8.0,7.658702850341797,6300
1998-01-30,7.875,7.875,7.75,7.875,7.539035797119141,2200
1998-02-02,7.875,8.0,7.625,7.625,7.29970121383667,15100
1998-02-03,7.5,7.5625,7.5,7.5625,7.239867687225342,11500
1998-02-04,7.5625,7.625,7.5625,7.625,7.29970121383667,400
1998-02-05,7.75,8.0,7.75,8.0,7.658702850341797,4900
1998-02-06,8.0,8.125,8.0,8.125,7.778369903564453,4800
1998-02-09,8.25,8.25,8.0,8.0625,7.718536376953125,2800
1998-02-10,8.0,8.375,8.0,8.3125,7.957870960235596,7700
1998-02-11,8.25,8.625,8.25,8.625,8.257039070129395,12200
1998-02-12,8.5,8.5,8.4375,8.5,8.137372016906738,8600
1998-02-13,8.5,8.625,8.375,8.375,8.017704963684082,7800
1998-02-17,8.25,8.25,7.875,7.875,7.539035797119141,36200
1998-02-18,7.75,7.875,7.625,7.875,7.539035797119141,11100
1998-02-19,7.875,7.875,7.75,7.75,7.419368267059326,12500
1998-02-20,7.625,7.75,7.625,7.75,7.419368267059326,4000
1998-02-23,7.75,7.75,7.5,7.5,7.1800336837768555,21300
1998-02-24,7.5,7.5,7.375,7.5,7.1800336837768555,7400
1998-02-25,7.5625,8.0,7.5625,8.0,7.658702850341797,58500
1998-02-26,8.0,8.375,8.0,8.25,7.898037433624268,15600
1998-02-27,8.375,8.375,8.125,8.375,8.017704963684082,2900
1998-03-02,8.5,8.5,8.5,8.5,8.137372016906738,4600
1998-03-03,8.625,8.625,8.5,8.625,8.257039070129395,7200
1998-03-04,8.5625,8.5625,8.5,8.5,8.137372016906738,14700
1998-03-05,8.5,8.5,8.5,8.5,8.137372016906738,2000
1998-03-06,8.5,8.625,8.5,8.625,8.257039070129395,5900
1998-03-09,8.5625,8.5625,8.5,8.5,8.137372016906738,2700
1998-03-10,8.625,8.625,8.625,8.625,8.257039070129395,1600
1998-03-11,8.6875,8.75,8.625,8.75,8.37670612335205,7400
1998-03-12,8.875,8.9375,8.875,8.9375,8.556206703186035,3700
1998-03-13,9.0,9.0,8.875,8.875,8.496373176574707,2800
1998-03-16,8.75,8.875,8.75,8.75,8.37670612335205,2000
1998-03-17,8.6875,8.75,8.6875,8.75,8.37670612335205,5500
1998-03-18,8.75,8.875,8.75,8.75,8.37670612335205,5000
1998-03-19,8.9375,9.0625,8.875,9.0625,8.675874710083008,11100
1998-03-20,9.0,9.125,8.75,8.875,8.496373176574707,16200
1998-03-23,8.75,8.75,8.6875,8.75,8.37670612335205,1700
1998-03-24,8.5,8.75,8.5,8.75,8.37670612335205,16500
1998-03-25,8.625,8.625,8.625,8.625,8.257039070129395,2900
1998-03-26,8.625,8.625,8.625,8.625,8.257039070129395,5000
1998-03-27,8.625,8.625,8.625,8.625,8.257039070129395,1300
1998-03-30,8.75,8.75,8.75,8.75,8.37670612335205,300
1998-03-31,8.75,9.0,8.75,9.0,8.61604118347168,8100
1998-04-01,9.0,9.125,9.0,9.0,8.61604118347168,6500
1998-04-02,9.125,9.1875,9.0,9.1875,8.795541763305664,4600
1998-04-03,9.0,9.3125,9.0,9.3125,8.91520881652832,23900
1998-04-06,9.375,9.375,9.25,9.25,8.855375289916992,8700
1998-04-07,9.125,9.125,8.875,8.875,8.496373176574707,4800
1998-04-08,9.0,9.0,8.875,8.875,8.496373176574707,2000
1998-04-09,8.75,9.0,8.75,9.0,8.61604118347168,4100
1998-04-13,8.875,9.5,8.75,9.5,9.094709396362305,31800
1998-04-14,9.375,9.625,9.25,9.625,9.214376449584961,20800
1998-04-15,9.625,9.625,9.375,9.5,9.094709396362305,13900
1998-04-16,9.5,10.0,9.5,9.9375,9.513545036315918,17300
1998-04-17,10.1875,11.25,10.1875,10.6875,10.231548309326172,47300
1998-04-20,10.8125,11.0,10.6875,11.0,10.530715942382812,15800
1998-04-21,10.75,11.0,10.5,10.5,10.052047729492188,16100
1998-04-22,10.375,10.375,9.75,10.125,9.693045616149902,16600
1998-04-23,9.875,10.5,9.875,10.5,10.052047729492188,6200
1998-04-24,10.4375,10.4375,10.25,10.25,9.812712669372559,10500
1998-04-27,10.375,10.375,10.0,10.0,9.573378562927246,5300
1998-04-28,9.9375,10.0,9.875,10.0,9.573378562927246,4400
1998-04-29,10.0,10.0,9.8125,9.9375,9.513545036315918,2600
1998-04-30,9.9375,10.0,9.875,9.9375,9.513545036315918,12500
1998-05-01,10.0,10.0,10.0,10.0,9.573378562927246,1800
1998-05-04,10.0,10.0,9.875,9.875,9.45371150970459,2600
1998-05-05,9.9375,10.5,9.9375,10.375,9.932380676269531,23900
1998-05-06,10.5,10.5,9.0,9.0,8.61604118347168,42600
1998-05-07,9.0,9.75,9.0,9.4375,9.034875869750977,26900
1998-05-08,9.5625,9.75,9.5,9.75,9.334044456481934,18600
1998-05-11,9.625,9.6875,9.625,9.625,9.214376449584961,3500
1998-05-12,9.75,9.75,9.5,9.625,9.214376449584961,4500
1998-05-13,9.5,9.5,9.375,9.375,8.975042343139648,7300
1998-05-14,9.25,9.4375,9.25,9.25,8.855375289916992,8300
1998-05-15,9.25,9.25,9.1875,9.25,8.855375289916992,6500
1998-05-18,9.125,9.125,9.0,9.125,8.735708236694336,9000
1998-05-19,9.125,9.1875,8.875,9.1875,8.795541763305664,18900
1998-05-20,9.125,9.125,9.125,9.125,8.735708236694336,1800
1998-05-21,9.25,9.375,9.125,9.125,8.735708236694336,7500
1998-05-22,9.25,9.25,9.0625,9.125,8.735708236694336,6700
1998-05-26,9.0625,9.0625,8.875,8.875,8.496373176574707,1500
1998-05-27,8.75,8.75,8.5625,8.6875,8.316872596740723,7000
1998-05-28,8.625,8.75,8.5,8.625,8.257039070129395,16900
1998-05-29,8.625,8.875,8.625,8.875,8.496373176574707,9100
1998-06-01,9.0,9.0,8.75,8.75,8.37670612335205,9700
1998-06-02,8.5,8.5,8.5,8.5,8.137372016906738,5100
1998-06-03,8.5,8.625,8.5,8.625,8.257039070129395,1500
1998-06-04,8.5625,8.5625,8.5,8.5,8.137372016906738,3100
1998-06-05,8.625,8.6875,8.625,8.6875,8.316872596740723,3100
1998-06-08,8.6875,8.6875,8.6875,8.6875,8.316872596740723,1200
1998-06-09,8.6875,8.75,8.6875,8.75,8.37670612335205,4600
1998-06-10,8.6875,8.75,8.6875,8.6875,8.316872596740723,4000
1998-06-11,8.625,8.625,8.5,8.5625,8.197205543518066,77800
1998-06-12,8.5,8.5625,8.5,8.5625,8.197205543518066,10500
1998-06-15,8.5625,8.5625,8.5,8.5,8.137372016906738,9900
1998-06-16,8.4375,8.5,8.375,8.5,8.137372016906738,5600
1998-06-17,8.5,8.625,8.5,8.625,8.257039070129395,4000
1998-06-18,8.5,8.5,8.125,8.25,7.898037433624268,11900
1998-06-19,8.125,8.25,7.875,7.875,7.539035797119141,14300
1998-06-22,7.875,8.25,7.875,8.25,7.898037433624268,6000
1998-06-23,8.125,8.125,7.875,8.0,7.658702850341797,8500
1998-06-24,7.875,8.0,7.875,7.9375,7.598869323730469,2700
1998-06-25,7.9375,8.125,7.9375,8.125,7.778369903564453,8500
1998-06-26,8.125,8.75,8.0,8.625,8.257039070129395,31100
1998-06-29,8.5625,8.625,8.5,8.625,8.257039070129395,5500
1998-06-30,8.5,8.75,8.5,8.5625,8.197205543518066,23700
1998-07-01,8.5,8.5,8.25,8.375,8.017704963684082,14700
1998-07-02,8.25,8.375,8.25,8.25,7.898037433624268,10600
1998-07-06,8.125,8.125,8.125,8.125,7.778369903564453,1500
1998-07-07,8.125,8.125,8.125,8.125,7.778369903564453,7200
1998-07-08,8.0,8.125,8.0,8.0625,7.718536376953125,5200
1998-07-09,8.0,8.125,8.0,8.125,7.778369903564453,7400
1998-07-10,8.1875,8.1875,8.125,8.125,7.778369903564453,12000
1998-07-13,8.125,8.125,7.625,7.625,7.29970121383667,38700
1998-07-14,7.75,7.9375,7.75,7.875,7.539035797119141,11200
1998-07-15,8.0,8.0,7.875,7.875,7.539035797119141,4800
1998-07-16,8.0,8.0,7.875,7.875,7.539035797119141,4400
1998-07-17,7.9375,7.9375,7.8125,7.9375,7.598869323730469,3000
1998-07-20,7.875,7.875,7.75,7.8125,7.479201793670654,2300
1998-07-21,7.9375,7.9375,7.6875,7.6875,7.359534740447998,3000
1998-07-22,7.625,7.6875,7.5625,7.6875,7.359534740447998,4800
1998-07-23,7.625,7.625,7.5625,7.5625,7.239867687225342,1600
1998-07-24,7.5,7.5,7.25,7.25,6.940699577331543,9100
1998-07-27,7.125,7.125,6.75,6.875,6.581697940826416,9000
1998-07-28,7.125,7.125,7.0,7.0,6.701364994049072,11300
1998-07-29,6.875,6.875,6.875,6.875,6.581697940826416,2100
1998-07-30,6.9375,6.9375,6.9375,6.9375,6.641531467437744,100
1998-07-31,6.875,6.875,6.75,6.75,6.462030410766602,2800
1998-08-03,6.625,6.625,6.375,6.375,6.103028774261475,13000
1998-08-04,6.5,6.5,6.125,6.25,5.983361721038818,15800
1998-08-05,6.125,6.125,6.0,6.0,5.744027137756348,7800
1998-08-06,6.125,6.5,6.125,6.375,6.103028774261475,12500
1998-08-07,6.5,6.875,6.5,6.875,6.581697940826416,6900
1998-08-10,7.0,7.5,7.0,7.5,7.1800336837768555,33900
1998-08-11,7.375,7.375,7.25,7.25,6.940699577331543,5600
1998-08-12,7.25,7.25,7.1875,7.25,6.940699577331543,1400
1998-08-13,7.25,7.25,7.25,7.25,6.940699577331543,1400
1998-08-14,7.1875,7.25,7.1875,7.1875,6.880866050720215,3400
1998-08-17,7.0625,7.0625,7.0,7.0,6.701364994049072,11100
1998-08-18,7.0,7.25,7.0,7.25,6.940699577331543,4000
1998-08-19,7.375,7.375,7.0625,7.25,6.940699577331543,8000
1998-08-20,7.0,7.0,6.9375,6.9375,6.641531467437744,9000
1998-08-21,7.0,7.0,7.0,7.0,6.701364994049072,2100
1998-08-24,7.125,7.125,6.75,7.0,6.701364994049072,6000
1998-08-25,6.8125,7.125,6.8125,7.125,6.8210320472717285,8800
1998-08-26,7.1875,7.625,7.1875,7.625,7.29970121383667,4600
1998-08-27,7.625,7.75,7.375,7.75,7.419368267059326,10100
1998-08-28,7.625,7.625,7.0,7.5,7.1800336837768555,20500
1998-08-31,7.375,7.375,6.625,6.6875,6.402196884155273,17200
1998-09-01,6.75,7.0,6.625,6.75,6.462030410766602,13300
1998-09-02,6.625,6.625,6.5,6.5,6.222696304321289,3900
1998-09-03,6.375,6.5,6.375,6.4375,6.162862300872803,2100
1998-09-04,6.5,6.5,6.4375,6.5,6.222696304321289,10900
1998-09-08,6.625,6.625,6.5625,6.5625,6.282529830932617,6600
1998-09-09,6.5,6.5,6.5,6.5,6.222696304321289,1300
1998-09-10,6.5,6.5,6.5,6.5,6.222696304321289,0
1998-09-11,6.625,6.625,6.5,6.5,6.222696304321289,1200
1998-09-14,6.5,6.5,6.375,6.375,6.103028774261475,900
1998-09-15,6.4375,6.5,6.4375,6.5,6.222696304321289,1000
1998-09-16,6.5,6.5,6.375,6.5,6.222696304321289,6600
1998-09-17,6.375,6.5,6.375,6.5,6.222696304321289,1900
1998-09-18,6.625,6.8125,6.625,6.8125,6.52186393737793,5700
1998-09-21,6.8125,6.8125,6.75,6.8125,6.52186393737793,3300
1998-09-22,6.75,6.75,6.5625,6.5625,6.282529830932617,2600
1998-09-23,6.5,6.625,6.5,6.625,6.342363357543945,2000
1998-09-24,6.6875,7.0,6.625,7.0,6.701364994049072,11800
1998-09-25,6.875,7.0,6.75,6.9375,6.641531467437744,5000
1998-09-28,7.0625,7.0625,6.9375,6.9375,6.641531467437744,12200
1998-09-29,6.9375,6.9375,6.9375,6.9375,6.641531467437744,0
1998-09-30,6.9375,6.9375,6.9375,6.9375,6.641531467437744,3200
1998-10-01,6.9375,7.0,6.875,7.0,6.701364994049072,5900
1998-10-02,7.0,7.0,7.0,7.0,6.701364994049072,400
1998-10-05,6.875,6.875,6.625,6.75,6.462030410766602,28100
1998-10-06,6.75,6.875,6.625,6.875,6.581697940826416,1300
1998-10-07,6.75,6.875,6.625,6.625,6.342363357543945,13600
1998-10-08,6.625,6.625,6.125,6.125,5.863694190979004,20000
1998-10-09,6.0,6.5,6.0,6.5,6.222696304321289,22200
1998-10-12,6.5,6.5,6.375,6.375,6.103028774261475,2200
1998-10-13,6.25,6.25,6.25,6.25,5.983361721038818,500
1998-10-14,6.0,6.25,6.0,6.125,5.863694190979004,39200
1998-10-15,6.125,6.25,6.125,6.125,5.863694190979004,4600
1998-10-16,6.0625,6.0625,6.0,6.0,5.744027137756348,44900
1998-10-19,6.0,6.0,6.0,6.0,5.744027137756348,3800
1998-10-20,6.0625,6.0625,5.9375,5.9375,5.6841936111450195,34600
1998-10-21,5.9375,6.0,5.9375,6.0,5.744027137756348,6700
1998-10-22,5.9375,5.9375,5.75,5.75,5.504692554473877,2900
1998-10-23,5.875,5.875,5.75,5.75,5.504692554473877,3400
1998-10-26,5.75,6.125,5.625,5.9375,5.6841936111450195,14900
1998-10-27,6.0,6.125,5.875,6.125,5.863694190979004,7000
1998-10-28,6.0,6.0,5.625,5.625,5.385025501251221,9000
1998-10-29,5.75,5.875,5.75,5.875,5.624360084533691,6000
1998-10-30,5.8125,5.9375,5.75,5.75,5.504692554473877,9600
1998-11-02,5.8125,5.875,5.6875,5.75,5.504692554473877,14500
1998-11-03,5.75,5.75,5.6875,5.6875,5.444859027862549,800
1998-11-04,5.75,6.375,5.75,6.375,6.103028774261475,42300
1998-11-05,6.5,6.75,6.375,6.375,6.103028774261475,74900
1998-11-06,6.4375,6.4375,6.3125,6.375,6.103028774261475,7000
1998-11-09,6.25,6.25,5.625,5.625,5.385025501251221,10100
1998-11-10,5.75,6.0,5.6875,6.0,5.744027137756348,7000
1998-11-11,5.875,5.875,5.75,5.8125,5.564526081085205,3500
1998-11-12,5.75,5.75,5.75,5.75,5.504692554473877,700
1998-11-13,5.8125,5.8125,5.8125,5.8125,5.564526081085205,2500
1998-11-16,5.8125,5.875,5.8125,5.875,5.624360084533691,3300
1998-11-17,6.0,6.0,6.0,6.0,5.744027137756348,200
1998-11-18,6.0,6.0,5.75,5.75,5.504692554473877,5200
1998-11-19,5.75,5.75,5.6875,5.75,5.504692554473877,13100
1998-11-20,5.75,5.75,5.6875,5.6875,5.444859027862549,4200
1998-11-23,5.75,6.0,5.75,5.875,5.624360084533691,16600
1998-11-24,5.8125,5.8125,5.75,5.75,5.504692554473877,7100
1998-11-25,5.75,5.875,5.6875,5.8125,5.564526081085205,11300
1998-11-27,5.9375,5.9375,5.875,5.9375,5.6841936111450195,12000
1998-11-30,5.875,5.875,5.6875,5.6875,5.444859027862549,2800
1998-12-01,5.6875,5.6875,5.625,5.6875,5.444859027862549,10400
1998-12-02,5.625,5.6875,5.5625,5.5625,5.325191974639893,10600
1998-12-03,5.6875,5.6875,5.5,5.5,5.265357971191406,15000
1998-12-04,5.5625,5.5625,5.5,5.5,5.265357971191406,7300
1998-12-07,5.625,5.625,5.375,5.375,5.14569091796875,10300
1998-12-08,5.25,5.375,4.875,5.0,4.786689281463623,38000
1998-12-09,5.0,5.0625,4.9375,5.0625,4.846522808074951,11600
1998-12-10,4.9375,4.9375,4.875,4.875,4.667022228240967,10400
1998-12-11,4.9375,4.9375,4.625,4.75,4.547354698181152,13100
1998-12-14,4.625,5.375,4.375,4.5,4.30802059173584,96200
1998-12-15,4.625,5.125,4.5,4.625,4.427687644958496,174100
1998-12-16,4.75,4.75,4.25,4.25,4.068686008453369,46900
1998-12-17,4.5,5.125,4.5,4.6875,4.487521171569824,111100
1998-12-18,4.8125,5.0,4.625,4.875,4.667022228240967,23600
1998-12-21,4.875,4.875,4.6875,4.8125,4.6071882247924805,16400
1998-12-22,4.8125,4.8125,4.625,4.6875,4.487521171569824,15500
1998-12-23,4.6875,4.75,4.5625,4.5625,4.367854118347168,8000
1998-12-24,4.5625,4.9375,4.5625,4.8125,4.6071882247924805,9000
1998-12-28,4.9375,5.125,4.875,5.0,4.786689281463623,45300
1998-12-29,5.0,5.125,5.0,5.0625,4.846522808074951,38000
1998-12-30,5.125,5.125,5.0,5.125,4.906356334686279,19200
1998-12-31,5.0625,5.125,5.0,5.125,4.906356334686279,10500
1999-01-04,5.0625,5.0625,4.75,4.875,4.667022228240967,12000
1999-01-05,4.8125,4.875,4.8125,4.875,4.667022228240967,1500
1999-01-06,4.875,5.0625,4.875,4.875,4.667022228240967,10000
1999-01-07,4.8125,4.8125,4.75,4.8125,4.6071882247924805,2000
1999-01-08,4.875,5.0,4.875,4.875,4.667022228240967,3900
1999-01-11,4.75,5.0,4.375,4.625,4.427687644958496,19500
1999-01-12,4.5625,4.5625,4.5,4.5,4.30802059173584,24200
1999-01-13,4.5,4.5,4.3125,4.3125,4.128519535064697,15800
1999-01-14,4.3125,4.375,4.1875,4.1875,4.008852481842041,18300
1999-01-15,4.125,4.625,4.125,4.5,4.30802059173584,24600
1999-01-19,4.625,4.8125,4.625,4.75,4.547354698181152,8000
1999-01-20,4.75,4.8125,4.75,4.8125,4.6071882247924805,5400
1999-01-21,4.75,4.8125,4.75,4.8125,4.6071882247924805,3400
1999-01-22,4.6875,4.875,4.6875,4.875,4.667022228240967,8500
1999-01-25,4.8125,4.9375,4.8125,4.9375,4.726855754852295,6200
1999-01-26,4.9375,4.9375,4.875,4.9375,4.726855754852295,8000
1999-01-27,4.9375,5.0625,4.9375,5.0,4.786689281463623,3900
1999-01-28,4.9375,5.0,4.875,5.0,4.786689281463623,19900
1999-01-29,5.0,5.375,5.0,5.375,5.14569091796875,26100
1999-02-01,5.25,5.8125,5.25,5.75,5.504692554473877,24600
1999-02-02,5.625,6.875,5.625,6.875,6.581697940826416,50700
1999-02-03,6.75,7.5,6.625,7.0,6.701364994049072,35900
1999-02-04,7.125,7.125,6.875,6.9375,6.641531467437744,11600
1999-02-05,6.75,6.9375,6.625,6.9375,6.641531467437744,9900
1999-02-08,6.875,7.125,6.875,7.0625,6.7611985206604,7300
1999-02-09,7.1875,7.1875,6.9375,6.9375,6.641531467437744,8200
1999-02-10,6.875,7.0,6.5,6.5,6.222696304321289,8000
1999-02-11,6.625,6.75,6.625,6.6875,6.402196884155273,5500
1999-02-12,6.75,6.75,6.5625,6.5625,6.282529830932617,12000
1999-02-16,6.6875,6.6875,5.875,6.125,5.863694190979004,20700
1999-02-17,6.0,6.0,5.625,5.625,5.385025501251221,5600
1999-02-18,5.75,5.75,5.625,5.625,5.385025501251221,10100
1999-02-19,5.5625,5.5625,5.375,5.375,5.14569091796875,9700
1999-02-22,5.4375,5.4375,5.25,5.3125,5.085857391357422,9600
1999-02-23,5.4375,5.5,5.25,5.25,5.026023864746094,10100
1999-02-24,5.25,5.25,5.0,5.0,4.786689281463623,7600
1999-02-25,5.0,5.125,4.875,5.125,4.906356334686279,35200
1999-02-26,5.125,5.25,5.125,5.125,4.906356334686279,11600
1999-03-01,5.25,5.25,5.1875,5.25,5.026023864746094,7500
1999-03-02,5.1875,5.4375,5.1875,5.1875,4.966190338134766,6100
1999-03-03,5.1875,5.1875,5.1875,5.1875,4.966190338134766,14100
1999-03-04,5.1875,5.5,5.1875,5.375,5.14569091796875,17400
1999-03-05,5.4375,5.5625,5.4375,5.5625,5.325191974639893,20900
1999-03-08,5.5,5.5,5.375,5.5,5.265357971191406,18200
1999-03-09,5.4375,5.4375,5.3125,5.375,5.14569091796875,16800
1999-03-10,5.625,5.625,5.375,5.375,5.14569091796875,12900
1999-03-11,5.375,5.375,5.0,5.125,4.906356334686279,37100
1999-03-12,5.125,5.125,5.125,5.125,4.906356334686279,1200
1999-03-15,5.0625,5.125,5.0,5.125,4.906356334686279,3800
1999-03-16,5.125,5.125,5.125,5.125,4.906356334686279,8400
1999-03-17,5.125,5.125,5.0,5.0,4.786689281463623,10100
1999-03-18,5.0,5.0,4.875,5.0,4.786689281463623,2700
1999-03-19,5.0,5.125,5.0,5.0,4.786689281463623,9700
1999-03-22,5.0,5.0625,5.0,5.0625,4.846522808074951,16200
1999-03-23,5.0,5.125,4.9375,5.125,4.906356334686279,21100
1999-03-24,5.0625,5.0625,5.0,5.0625,4.846522808074951,2300
1999-03-25,5.375,5.375,5.125,5.125,4.906356334686279,15400
1999-03-26,5.0,5.375,4.9375,5.25,5.026023864746094,17500
1999-03-29,5.25,5.25,4.875,5.0,4.786689281463623,13600
1999-03-30,5.0,5.125,5.0,5.125,4.906356334686279,4800
1999-03-31,5.125,5.3125,4.375,4.375,4.188353061676025,39700
1999-04-01,4.5,5.0,4.5,5.0,4.786689281463623,12000
1999-04-05,5.25,5.25,5.0625,5.0625,4.846522808074951,15500
1999-04-06,5.0,5.1875,5.0,5.1875,4.966190338134766,10400
1999-04-07,5.25,5.25,5.0625,5.0625,4.846522808074951,9700
1999-04-08,5.0,5.0,4.75,4.75,4.547354698181152,7000
1999-04-09,4.875,5.0625,4.875,5.0,4.786689281463623,42600
1999-04-12,5.0,5.0,4.625,4.75,4.547354698181152,31900
1999-04-13,4.75,4.75,4.75,4.75,4.547354698181152,1500
1999-04-14,4.625,4.875,4.625,4.625,4.427687644958496,21900
1999-04-15,4.625,5.0,4.625,4.75,4.547354698181152,30600
1999-04-16,4.6875,4.8125,4.625,4.75,4.547354698181152,4000
1999-04-19,4.875,5.125,4.625,5.125,4.906356334686279,19800
1999-04-20,5.125,5.125,5.0,5.0,4.786689281463623,21400
1999-04-21,4.875,5.125,4.875,5.125,4.906356334686279,6000
1999-04-22,5.0,5.0,4.875,5.0,4.786689281463623,13800
1999-04-23,4.875,4.9375,4.8125,4.9375,4.726855754852295,3100
1999-04-26,4.8125,4.8125,4.8125,4.8125,4.6071882247924805,2600
1999-04-27,4.8125,4.9375,4.6875,4.9375,4.726855754852295,15900
1999-04-28,5.0,5.0,4.875,4.875,4.667022228240967,2300
1999-04-29,4.875,4.875,4.875,4.875,4.667022228240967,2300
1999-04-30,4.875,4.875,4.875,4.875,4.667022228240967,2400
1999-05-03,4.875,4.875,4.75,4.875,4.667022228240967,11200
1999-05-04,4.8125,4.875,4.75,4.8125,4.6071882247924805,15800
1999-05-05,4.75,4.75,4.75,4.75,4.547354698181152,1100
1999-05-06,4.75,4.875,4.75,4.875,4.667022228240967,5100
1999-05-07,4.875,4.9375,4.875,4.875,4.667022228240967,4200
1999-05-10,4.9375,5.0625,4.8125,5.0,4.786689281463623,20400
1999-05-11,4.875,4.9375,4.875,4.9375,4.726855754852295,3000
1999-05-12,4.875,5.0,4.875,5.0,4.786689281463623,13100
1999-05-13,4.875,5.125,4.875,5.0,4.786689281463623,22000
1999-05-14,4.875,5.0625,4.875,5.0,4.786689281463623,10600
1999-05-17,5.0,5.0625,4.75,4.8125,4.6071882247924805,15800
1999-05-18,4.8125,4.9375,4.75,4.875,4.667022228240967,13800
1999-05-19,5.0,5.0,4.875,5.0,4.786689281463623,10500
1999-05-20,5.0,5.0625,5.0,5.0625,4.846522808074951,19300
1999-05-21,5.0625,5.125,5.0625,5.125,4.906356334686279,7600
1999-05-24,5.0625,5.125,4.9375,5.0,4.786689281463623,10200
1999-05-25,5.0625,5.0625,5.0,5.0625,4.846522808074951,8700
1999-05-26,5.0,5.0,4.875,4.875,4.667022228240967,8000
1999-05-27,5.0,5.0,4.9375,4.9375,4.726855754852295,11700
1999-05-28,4.9375,5.0625,4.9375,5.0,4.786689281463623,2400
1999-06-01,4.875,5.0625,4.875,5.0625,4.846522808074951,4300
1999-06-02,5.0,5.0625,5.0,5.0625,4.846522808074951,10400
1999-06-03,5.0,5.0,5.0,5.0,4.786689281463623,6500
1999-06-04,5.0,5.0,5.0,5.0,4.786689281463623,8700
1999-06-07,5.0,5.0625,5.0,5.0625,4.846522808074951,12600
1999-06-08,5.0,5.0,4.875,4.9375,4.726855754852295,10800
1999-06-09,5.0,5.0,4.9375,4.9375,4.726855754852295,9000
1999-06-10,5.0,5.0,5.0,5.0,4.786689281463623,10400
1999-06-11,5.0,5.0625,5.0,5.0,4.786689281463623,16000
1999-06-14,5.0625,5.0625,5.0,5.0,4.786689281463623,6200
1999-06-15,4.875,5.0625,4.875,5.0,4.786689281463623,18200
1999-06-16,5.0,5.5,5.0,5.5,5.265357971191406,43300
1999-06-17,5.5,5.5,5.375,5.5,5.265357971191406,33200
1999-06-18,5.5,5.625,5.4375,5.5,5.265357971191406,24400
1999-06-21,5.5,5.5,5.5,5.5,5.265357971191406,17200
1999-06-22,5.5,5.5,5.375,5.5,5.265357971191406,10200
1999-06-23,5.4375,5.4375,5.0,5.25,5.026023864746094,11700
1999-06-24,5.25,5.375,5.25,5.375,5.14569091796875,12500
1999-06-25,5.4375,5.6875,5.4375,5.625,5.385025501251221,21400
1999-06-28,5.6875,5.875,5.625,5.75,5.504692554473877,15800
1999-06-29,5.625,5.6875,5.5625,5.6875,5.444859027862549,7000
1999-06-30,5.625,5.6875,5.5,5.6875,5.444859027862549,9900
1999-07-01,5.6875,5.8125,5.6875,5.8125,5.564526081085205,2000
1999-07-02,5.8125,5.875,5.75,5.75,5.504692554473877,7900
1999-07-06,5.875,5.875,5.875,5.875,5.624360084533691,3500
1999-07-07,5.875,6.0,5.625,5.625,5.385025501251221,8700
1999-07-08,5.75,6.0,5.75,5.8125,5.564526081085205,24100
1999-07-09,5.9375,6.0,5.875,5.9375,5.6841936111450195,6000
1999-07-12,6.0,6.1875,5.9375,6.0625,5.803860664367676,31800
1999-07-13,6.0,6.0,6.0,6.0,5.744027137756348,1900
1999-07-14,5.9375,6.0,5.9375,6.0,5.744027137756348,16200
1999-07-15,5.5,5.9375,5.0,5.875,5.624360084533691,61500
1999-07-16,5.8125,5.8125,5.25,5.625,5.385025501251221,40800
1999-07-19,5.5,5.625,5.5,5.625,5.385025501251221,13200
1999-07-20,5.5,5.625,5.5,5.5,5.265357971191406,10900
1999-07-21,5.375,5.5625,5.375,5.5625,5.325191974639893,3000
1999-07-22,5.5625,5.5625,5.5625,5.5625,5.325191974639893,800
1999-07-23,5.4375,5.5,5.4375,5.5,5.265357971191406,4500
1999-07-26,5.5,5.5,5.5,5.5,5.265357971191406,4400
1999-07-27,5.5,5.5,5.5,5.5,5.265357971191406,4800
1999-07-28,5.5625,5.625,5.375,5.625,5.385025501251221,5600
1999-07-29,5.5,5.5,5.375,5.5,5.265357971191406,13100
1999-07-30,5.4375,5.4375,5.375,5.375,5.14569091796875,2000
1999-08-02,5.25,5.25,5.25,5.25,5.026023864746094,2900
1999-08-03,5.25,5.25,5.125,5.125,4.906356334686279,11900
1999-08-04,5.125,5.375,5.125,5.375,5.14569091796875,6200
1999-08-05,5.5,5.75,5.5,5.625,5.385025501251221,11400
1999-08-06,5.5,5.625,5.5,5.625,5.385025501251221,19300
1999-08-09,5.5,5.5,5.375,5.5,5.265357971191406,3100
1999-08-10,5.375,5.4375,5.375,5.4375,5.205524444580078,7500
1999-08-11,5.3125,5.375,5.3125,5.375,5.14569091796875,2000
1999-08-12,5.25,5.375,5.125,5.25,5.026023864746094,12400
1999-08-13,5.125,5.1875,5.0625,5.0625,4.846522808074951,18800
1999-08-16,5.0625,5.125,5.0,5.0,4.786689281463623,6500
1999-08-17,5.0,5.0625,5.0,5.0,4.786689281463623,10000
1999-08-18,4.875,5.125,4.75,5.125,4.906356334686279,8600
1999-08-19,5.0625,5.0625,5.0,5.0,4.786689281463623,1900
1999-08-20,5.0,5.0,5.0,5.0,4.786689281463623,1000
1999-08-23,4.875,5.0,4.875,4.9375,4.726855754852295,5400
1999-08-24,4.9375,4.9375,4.9375,4.9375,4.726855754852295,300
1999-08-25,4.9375,5.0,4.75,4.75,4.547354698181152,20700
1999-08-26,4.75,4.75,4.6875,4.6875,4.487521171569824,9800
1999-08-27,4.6875,4.6875,4.6875,4.6875,4.487521171569824,0
1999-08-30,4.625,4.6875,4.625,4.6875,4.487521171569824,8700
1999-08-31,4.75,4.75,4.75,4.75,4.547354698181152,2700
1999-09-01,4.75,4.8125,4.6875,4.8125,4.6071882247924805,2200
1999-09-02,4.875,5.0,4.875,5.0,4.786689281463623,11700
1999-09-03,5.0,5.5,5.0,5.5,5.265357971191406,43600
1999-09-07,5.625,5.625,5.5,5.5,5.265357971191406,31600
1999-09-08,5.375,5.375,5.125,5.125,4.906356334686279,3200
1999-09-09,5.125,5.1875,4.875,5.1875,4.966190338134766,16900
1999-09-10,5.125,5.375,4.75,4.875,4.667022228240967,50400
1999-09-13,4.8125,5.0,4.8125,4.875,4.667022228240967,25800
1999-09-14,4.875,4.9375,4.875,4.9375,4.726855754852295,2500
1999-09-15,4.875,4.875,4.5625,4.5625,4.367854118347168,6000
1999-09-16,4.6875,4.6875,4.625,4.625,4.427687644958496,1300
1999-09-17,4.5,4.5625,4.5,4.5,4.30802059173584,4300
1999-09-20,4.5,4.625,4.5,4.625,4.427687644958496,300
1999-09-21,4.5,4.625,4.5,4.625,4.427687644958496,2100
1999-09-22,4.5,4.5,4.4375,4.4375,4.2481865882873535,1300
1999-09-23,4.5625,4.5625,4.4375,4.4375,4.2481865882873535,500
1999-09-24,4.375,4.375,4.25,4.375,4.188353061676025,5400
1999-09-27,4.3125,4.3125,4.3125,4.3125,4.128519535064697,200
1999-09-28,4.25,4.25,4.125,4.25,4.068686008453369,3400
1999-09-29,4.25,4.25,3.9375,3.9375,3.7695178985595703,32400
1999-09-30,4.0,4.0625,2.625,3.5,3.350682497024536,59700
1999-10-01,3.625,4.0,3.625,4.0,3.8293514251708984,13900
1999-10-04,3.9375,3.9375,3.9375,3.9375,3.7695178985595703,500
1999-10-05,3.9375,4.1875,3.9375,4.125,3.949018716812134,10600
1999-10-06,4.0,4.0625,3.625,3.8125,3.649850606918335,10900
1999-10-07,3.875,4.4375,3.875,4.3125,4.128519535064697,74900
1999-10-08,4.5,4.75,4.25,4.5,4.30802059173584,25600
1999-10-11,4.375,4.5,4.375,4.4375,4.2481865882873535,19700
1999-10-12,4.5,4.5,4.25,4.375,4.188353061676025,17000
1999-10-13,4.4375,4.5,4.3125,4.5,4.30802059173584,23900
1999-10-14,4.5,4.5,4.25,4.375,4.188353061676025,6700
1999-10-15,4.5,4.5,4.0625,4.1875,4.008852481842041,9600
1999-10-18,4.25,4.25,4.1875,4.25,4.068686008453369,5500
1999-10-19,4.125,4.125,4.0625,4.0625,3.8891849517822266,10200
1999-10-20,4.0625,4.0625,3.9375,4.0,3.8293514251708984,10200
1999-10-21,3.875,3.9375,3.875,3.9375,3.7695178985595703,600
1999-10-22,3.9375,3.9375,3.875,3.9375,3.7695178985595703,2200
1999-10-25,3.875,3.875,3.875,3.875,3.709684133529663,1100
1999-10-26,3.875,4.0,3.875,3.9375,3.7695178985595703,12100
1999-10-27,4.0,4.0,3.9375,4.0,3.8293514251708984,1800
1999-10-28,3.875,4.0,3.875,4.0,3.8293514251708984,2100
1999-10-29,4.0,4.25,3.8125,4.0,3.8293514251708984,36600
1999-11-01,4.0,4.0,3.75,3.875,3.709684133529663,5200
1999-11-02,3.9375,4.0,3.9375,4.0,3.8293514251708984,7400
1999-11-03,4.0,4.0,3.875,3.875,3.709684133529663,5800
1999-11-04,3.875,3.875,3.75,3.75,3.5900168418884277,5800
1999-11-05,3.875,3.875,3.8125,3.875,3.709684133529663,4000
1999-11-08,3.8125,3.8125,3.75,3.75,3.5900168418884277,5400
1999-11-09,3.8125,4.0,3.8125,4.0,3.8293514251708984,21800
1999-11-10,3.9375,3.9375,3.625,3.75,3.5900168418884277,21500
1999-11-11,3.875,4.0,3.875,3.9375,3.7695178985595703,7800
1999-11-12,3.9375,3.9375,3.875,3.9375,3.7695178985595703,4400
1999-11-15,3.75,3.875,3.625,3.625,3.4703497886657715,25500
1999-11-16,3.5,3.625,3.375,3.5625,3.4105160236358643,29900
1999-11-17,3.5625,3.6875,3.5,3.5625,3.4105160236358643,14200
1999-11-18,3.5,3.75,3.5,3.75,3.5900168418884277,8500
1999-11-19,3.75,3.75,3.5,3.75,3.5900168418884277,22400
1999-11-22,3.8125,3.8125,3.625,3.6875,3.5301833152770996,4200
1999-11-23,3.6875,3.875,3.5,3.5,3.350682497024536,25900
1999-11-24,3.75,3.875,3.6875,3.875,3.709684133529663,24600
1999-11-26,3.8125,3.9375,3.8125,3.875,3.709684133529663,19500
1999-11-29,3.9375,3.9375,3.875,3.9375,3.7695178985595703,7000
1999-11-30,3.9375,4.0,3.875,3.9375,3.7695178985595703,36100
1999-12-01,4.0,4.0625,3.9375,3.9375,3.7695178985595703,132000
1999-12-02,4.0,4.0,3.875,4.0,3.8293514251708984,7800
1999-12-03,4.0,4.6875,3.875,3.875,3.709684133529663,150900
1999-12-06,3.875,3.9375,3.75,3.875,3.709684133529663,12200
1999-12-07,3.875,3.9375,3.8125,3.9375,3.7695178985595703,11200
1999-12-08,3.875,3.9375,3.8125,3.8125,3.649850606918335,14500
1999-12-09,3.8125,3.875,3.8125,3.8125,3.649850606918335,9700
1999-12-10,3.9375,3.9375,3.8125,3.8125,3.649850606918335,9800
1999-12-13,3.9375,3.9375,3.625,3.625,3.4703497886657715,14200
1999-12-14,3.75,3.875,3.625,3.875,3.709684133529663,9200
1999-12-15,3.75,3.8125,3.625,3.625,3.4703497886657715,18000
1999-12-16,3.625,3.6875,3.5,3.5,3.350682497024536,10600
1999-12-17,3.5,3.625,3.5,3.625,3.4703497886657715,1400
1999-12-20,3.6875,3.6875,3.625,3.625,3.4703497886657715,6100
1999-12-21,3.5,3.625,3.5,3.625,3.4703497886657715,4600
1999-12-22,3.5,3.5,3.25,3.4375,3.290848970413208,34000
1999-12-23,3.4375,3.625,3.375,3.625,3.4703497886657715,18900
1999-12-27,3.5,3.5,3.5,3.5,3.350682497024536,15300
1999-12-28,3.375,3.5,3.3125,3.5,3.350682497024536,17400
1999-12-29,3.375,3.5,3.375,3.5,3.350682497024536,29100
1999-12-30,3.4375,3.4375,3.25,3.4375,3.290848970413208,28900
1999-12-31,3.375,3.875,3.25,3.875,3.709684133529663,64300
2000-01-03,3.875,4.125,3.75,4.0625,3.8891849517822266,118000
2000-01-04,4.0625,5.0,4.0,5.0,4.786689281463623,67000
2000-01-05,5.25,5.625,5.25,5.375,5.14569091796875,64500
2000-01-06,5.375,5.875,5.375,5.8125,5.564526081085205,46400
2000-01-07,5.875,5.875,5.25,5.3125,5.085857391357422,30000
2000-01-10,5.4375,5.5,5.3125,5.375,5.14569091796875,4600
2000-01-11,5.25,5.375,5.25,5.25,5.026023864746094,12500
2000-01-12,5.125,5.125,5.0,5.0,4.786689281463623,9500
2000-01-13,5.0,5.125,4.5,4.875,4.667022228240967,10000
2000-01-14,4.9375,5.0,4.9375,5.0,4.786689281463623,6000
2000-01-18,5.0,5.0,4.875,5.0,4.786689281463623,8800
2000-01-19,4.875,5.0,4.875,5.0,4.786689281463623,2800
2000-01-20,5.0625,5.0625,4.75,4.875,4.667022228240967,5200
2000-01-21,4.875,5.0,4.625,4.625,4.427687644958496,6400
2000-01-24,4.75,5.0,4.75,4.9375,4.726855754852295,1500
2000-01-25,4.8125,4.8125,4.8125,4.8125,4.6071882247924805,1000
2000-01-26,4.875,5.0,4.75,4.75,4.547354698181152,1600
2000-01-27,4.875,4.9375,4.75,4.8125,4.6071882247924805,5500
2000-01-28,4.875,5.0,4.75,4.75,4.547354698181152,6100
2000-01-31,4.625,4.6875,4.625,4.6875,4.487521171569824,3600
2000-02-01,4.5,4.6875,4.5,4.6875,4.487521171569824,4300
2000-02-02,4.75,4.875,4.625,4.875,4.667022228240967,2800
2000-02-03,4.75,4.75,4.625,4.625,4.427687644958496,6000
2000-02-04,4.75,4.875,4.75,4.75,4.547354698181152,5900
2000-02-07,4.875,4.875,4.75,4.75,4.547354698181152,11600
2000-02-08,5.125,5.125,4.875,4.875,4.667022228240967,37800
2000-02-09,4.875,4.875,4.625,4.625,4.427687644958496,13400
2000-02-10,4.625,4.625,4.5,4.5,4.30802059173584,4800
2000-02-11,4.5,4.625,4.25,4.25,4.068686008453369,16200
2000-02-14,4.25,4.375,4.25,4.375,4.188353061676025,2900
2000-02-15,4.375,4.375,4.125,4.25,4.068686008453369,18000
2000-02-16,4.25,4.25,4.0625,4.25,4.068686008453369,14900
2000-02-17,4.125,4.5,4.125,4.25,4.068686008453369,9600
2000-02-18,4.125,4.375,4.125,4.125,3.949018716812134,8800
2000-02-22,4.125,4.125,4.0,4.0,3.8293514251708984,23400
2000-02-23,4.125,4.125,4.0,4.0,3.8293514251708984,2000
2000-02-24,4.0625,4.0625,4.0,4.0,3.8293514251708984,5500
2000-02-25,4.125,4.125,4.0,4.0,3.8293514251708984,5400
2000-02-28,3.875,4.0625,3.875,4.0,3.8293514251708984,11200
2000-02-29,4.0625,4.125,3.9375,3.9375,3.7695178985595703,5400
2000-03-01,3.9375,3.9375,3.9375,3.9375,3.7695178985595703,100
2000-03-02,3.9375,4.0625,3.875,3.9375,3.7695178985595703,16100
2000-03-03,3.9375,4.125,3.9375,4.0,3.8293514251708984,14700
2000-03-06,4.125,4.125,4.0,4.0625,3.8891849517822266,5400
2000-03-07,4.0625,4.125,3.875,3.875,3.709684133529663,9700
2000-03-08,4.25,4.25,4.0,4.0,3.8293514251708984,10000
2000-03-09,4.125,4.125,3.9375,4.0,3.8293514251708984,14800
2000-03-10,3.875,4.0,3.8125,3.875,3.709684133529663,9100
2000-03-13,4.0,4.125,3.875,4.0,3.8293514251708984,13500
2000-03-14,4.0625,4.0625,4.0,4.0,3.8293514251708984,2700
2000-03-15,4.0,4.0625,3.875,3.875,3.709684133529663,7700
2000-03-16,4.0,4.125,4.0,4.125,3.949018716812134,14000
2000-03-17,4.125,4.4375,4.125,4.125,3.949018716812134,11600
2000-03-20,4.1875,4.3125,4.0625,4.0625,3.8891849517822266,12400
2000-03-21,3.9375,4.0,3.9375,4.0,3.8293514251708984,15700
2000-03-22,4.0,4.25,4.0,4.125,3.949018716812134,11800
2000-03-23,4.125,4.25,4.125,4.25,4.068686008453369,1700
2000-03-24,4.25,4.25,4.0,4.25,4.068686008453369,8800
2000-03-27,4.375,4.625,4.0625,4.375,4.188353061676025,16300
2000-03-28,4.5,4.5,4.3125,4.4375,4.2481865882873535,2600
2000-03-29,4.4375,4.4375,4.25,4.25,4.068686008453369,11500
2000-03-30,4.3125,4.4375,4.25,4.25,4.068686008453369,17500
2000-03-31,4.125,4.5,4.125,4.4375,4.2481865882873535,24300
2000-04-03,4.5,4.5,4.25,4.25,4.068686008453369,6900
2000-04-04,4.375,4.4375,4.125,4.375,4.188353061676025,10900
2000-04-05,4.5,4.5,4.375,4.375,4.188353061676025,4200
2000-04-06,4.375,4.375,4.25,4.25,4.068686008453369,900
2000-04-07,4.125,4.125,4.0625,4.0625,3.8891849517822266,12900
2000-04-10,4.0,4.125,4.0,4.0,3.8293514251708984,7400
2000-04-11,4.0625,4.0625,4.0,4.0,3.8293514251708984,18600
2000-04-12,4.0,4.0,3.875,3.875,3.709684133529663,16700
2000-04-13,3.875,4.0,3.875,4.0,3.8293514251708984,4800
2000-04-14,3.875,3.875,3.75,3.75,3.5900168418884277,8300
2000-04-17,3.5,3.5,3.5,3.5,3.350682497024536,10900
2000-04-18,3.5,3.5,3.375,3.5,3.350682497024536,7900
2000-04-19,3.375,3.625,3.375,3.5,3.350682497024536,9500
2000-04-20,3.5,3.5,3.375,3.375,3.231015205383301,6500
2000-04-24,3.5,3.5625,3.375,3.4375,3.290848970413208,7400
2000-04-25,3.5,3.625,3.5,3.625,3.4703497886657715,1100
2000-04-26,3.625,3.625,3.5,3.5,3.350682497024536,2200
2000-04-27,3.4375,3.4375,3.375,3.375,3.231015205383301,14600
2000-04-28,3.4375,3.4375,3.375,3.4375,3.290848970413208,11600
2000-05-01,3.375,3.375,3.25,3.3125,3.1711816787719727,4700
2000-05-02,3.3125,3.3125,3.25,3.25,3.1113481521606445,9000
2000-05-03,3.125,3.125,3.125,3.125,2.991680860519409,4400
2000-05-04,3.125,3.125,3.0625,3.0625,2.931847095489502,5500
2000-05-05,3.25,3.25,3.0,3.0,2.872013568878174,11500
2000-05-08,3.0,3.25,3.0,3.125,2.991680860519409,63400
2000-05-09,3.25,3.4375,3.25,3.25,3.1113481521606445,106700
2000-05-10,3.375,3.4375,3.25,3.25,3.1113481521606445,40500
2000-05-11,3.375,3.375,3.3125,3.3125,3.1711816787719727,16300
2000-05-12,3.375,3.375,3.25,3.25,3.1113481521606445,2800
2000-05-15,3.3125,3.375,3.25,3.375,3.231015205383301,25900
2000-05-16,3.375,3.4375,3.25,3.25,3.1113481521606445,6300
2000-05-17,3.375,3.4375,3.125,3.125,2.991680860519409,21500
2000-05-18,3.25,3.25,3.125,3.125,2.991680860519409,9900
2000-05-19,3.125,3.25,3.0,3.125,2.991680860519409,17600
2000-05-22,3.25,3.25,3.0,3.125,2.991680860519409,5700
2000-05-23,3.0,3.0,3.0,3.0,2.872013568878174,39800
2000-05-24,2.875,3.0,2.875,3.0,2.872013568878174,25700
2000-05-25,2.875,3.0,2.875,3.0,2.872013568878174,29000
2000-05-26,3.0,3.0,2.875,2.9375,2.8121800422668457,10700
2000-05-30,2.875,2.875,2.75,2.8125,2.6925127506256104,22100
2000-05-31,2.75,2.875,2.75,2.875,2.7523462772369385,16500
2000-06-01,2.875,2.9375,2.875,2.9375,2.8121800422668457,27400
2000-06-02,2.9375,3.1875,2.9375,3.0625,2.931847095489502,24500
2000-06-05,3.1875,3.1875,3.0,3.0,2.872013568878174,22400
2000-06-06,3.0,3.125,2.9375,3.0625,2.931847095489502,47400
2000-06-07,3.0625,3.0625,2.9375,3.0625,2.931847095489502,8800
2000-06-08,2.9375,3.0625,2.9375,3.0625,2.931847095489502,11800
2000-06-09,3.25,3.375,3.1875,3.1875,3.0515143871307373,20900
2000-06-12,3.3125,3.4375,3.1875,3.1875,3.0515143871307373,22600
2000-06-13,3.125,3.3125,3.125,3.25,3.1113481521606445,27500
2000-06-14,3.375,3.625,3.375,3.5,3.350682497024536,48800
2000-06-15,3.625,3.75,3.375,3.375,3.231015205383301,19100
2000-06-16,3.375,3.5,3.375,3.375,3.231015205383301,12700
2000-06-19,3.25,3.5,3.25,3.3125,3.1711816787719727,5600
2000-06-20,3.25,3.4375,3.25,3.4375,3.290848970413208,4800
2000-06-21,3.3125,3.4375,3.3125,3.4375,3.290848970413208,3800
2000-06-22,3.5,3.5,3.375,3.375,3.231015205383301,8500
2000-06-23,3.375,3.4375,3.375,3.375,3.231015205383301,5100
2000-06-26,3.5,3.5,3.375,3.375,3.231015205383301,8000
2000-06-27,3.25,3.5,3.25,3.5,3.350682497024536,20300
2000-06-28,3.5,3.5,3.3125,3.5,3.350682497024536,10800
2000-06-29,3.375,3.375,3.1875,3.1875,3.0515143871307373,11300
2000-06-30,3.3125,3.5625,3.3125,3.5,3.350682497024536,15400
2000-07-03,3.5625,3.75,3.5,3.75,3.5900168418884277,15500
2000-07-05,3.6875,3.75,3.6875,3.6875,3.5301833152770996,15800
2000-07-06,3.6875,3.6875,3.625,3.625,3.4703497886657715,1300
2000-07-07,3.625,3.75,3.625,3.75,3.5900168418884277,21900
2000-07-10,3.625,3.9375,3.625,3.75,3.5900168418884277,8500
2000-07-11,3.8125,3.9375,3.8125,3.875,3.709684133529663,24600
2000-07-12,4.0,4.125,3.9375,4.0,3.8293514251708984,41500
2000-07-13,4.0625,4.25,3.9375,4.0,3.8293514251708984,17300
2000-07-14,3.875,4.0,3.875,4.0,3.8293514251708984,6100
2000-07-17,4.0625,4.0625,4.0625,4.0625,3.8891849517822266,1400
2000-07-18,4.1875,4.1875,4.0625,4.0625,3.8891849517822266,1500
2000-07-19,4.0625,4.125,4.0625,4.125,3.949018716812134,18600
2000-07-20,4.0,4.125,4.0,4.0,3.8293514251708984,5200
2000-07-21,3.875,4.0625,3.875,4.0,3.8293514251708984,5500
2000-07-24,3.9375,4.0,3.875,3.9375,3.7695178985595703,2200
2000-07-25,3.9375,4.0,3.9375,4.0,3.8293514251708984,3600
2000-07-26,4.0,4.125,4.0,4.0625,3.8891849517822266,17200
2000-07-27,4.0,4.1875,4.0,4.125,3.949018716812134,33600
2000-07-28,3.9375,4.0625,3.9375,4.0625,3.8891849517822266,6500
2000-07-31,4.125,4.125,4.0,4.0,3.8293514251708984,16500
2000-08-01,4.0625,4.125,4.0,4.125,3.949018716812134,2700
2000-08-02,4.125,4.1875,4.0,4.1875,4.008852481842041,5100
2000-08-03,4.25,4.375,4.25,4.375,4.188353061676025,19100
2000-08-04,4.4375,4.5625,4.4375,4.5625,4.367854118347168,34600
2000-08-07,4.5,4.625,4.5,4.5625,4.367854118347168,11800
2000-08-08,4.5625,4.625,4.5625,4.5625,4.367854118347168,1100
2000-08-09,4.625,4.9375,4.625,4.6875,4.487521171569824,18700
2000-08-10,4.5,4.5625,4.375,4.5,4.30802059173584,23700
2000-08-11,4.5,4.625,4.5,4.5,4.30802059173584,9900
2000-08-14,4.375,4.625,4.375,4.5,4.30802059173584,12600
2000-08-15,4.375,4.5,4.375,4.5,4.30802059173584,1800
2000-08-16,4.5,4.625,4.5,4.5,4.30802059173584,2500
2000-08-17,4.625,4.625,4.625,4.625,4.427687644958496,1000
2000-08-18,4.5,4.5,4.5,4.5,4.30802059173584,2500
2000-08-21,4.375,4.4375,4.375,4.375,4.188353061676025,5600
2000-08-22,4.4375,4.4375,4.4375,4.4375,4.2481865882873535,200
2000-08-23,4.375,4.375,4.3125,4.375,4.188353061676025,3300
2000-08-24,4.25,4.25,4.125,4.25,4.068686008453369,8500
2000-08-25,4.125,4.25,4.0625,4.0625,3.8891849517822266,4200
2000-08-28,4.0,4.125,4.0,4.125,3.949018716812134,28700
2000-08-29,4.0,4.25,4.0,4.1875,4.008852481842041,1800
2000-08-30,4.25,4.375,4.1875,4.3125,4.128519535064697,19400
2000-08-31,4.3125,4.4375,4.3125,4.375,4.188353061676025,11300
2000-09-01,4.4375,4.5,4.4375,4.5,4.30802059173584,12000
2000-09-05,4.4375,4.4375,4.3125,4.3125,4.128519535064697,3900
2000-09-06,4.375,4.5,4.375,4.5,4.30802059173584,28200
2000-09-07,4.5,4.5,4.5,4.5,4.30802059173584,16300
2000-09-08,4.375,4.5,4.25,4.4375,4.2481865882873535,4600
2000-09-11,4.3125,4.5625,4.3125,4.5,4.30802059173584,8300
2000-09-12,4.375,4.5,4.375,4.5,4.30802059173584,9500
2000-09-13,4.5,4.5,4.5,4.5,4.30802059173584,3700
2000-09-14,4.4375,4.4375,4.375,4.4375,4.2481865882873535,14600
2000-09-15,4.5,4.5,4.25,4.25,4.068686008453369,4800
2000-09-18,4.3125,4.3125,4.3125,4.3125,4.128519535064697,2900
2000-09-19,4.375,4.375,4.1875,4.3125,4.128519535064697,15400
2000-09-20,4.25,4.3125,4.25,4.3125,4.128519535064697,5700
2000-09-21,4.3125,4.3125,4.3125,4.3125,4.128519535064697,2000
2000-09-22,4.1875,4.25,4.1875,4.25,4.068686008453369,1600
2000-09-25,4.125,4.25,4.0625,4.125,3.949018716812134,7100
2000-09-26,4.125,4.125,4.0,4.125,3.949018716812134,10400
2000-09-27,4.125,4.125,4.0625,4.0625,3.8891849517822266,500
2000-09-28,4.0,4.25,4.0,4.1875,4.008852481842041,8700
2000-09-29,4.0625,4.25,4.0625,4.25,4.068686008453369,7100
2000-10-02,4.25,4.25,4.1875,4.1875,4.008852481842041,1700
2000-10-03,4.1875,4.1875,4.0,4.125,3.949018716812134,12100
2000-10-04,4.0625,4.1875,4.0,4.1875,4.008852481842041,4200
2000-10-05,4.125,4.125,4.125,4.125,3.949018716812134,5500
2000-10-06,4.0625,4.125,4.0,4.0,3.8293514251708984,3100
2000-10-09,4.0,4.0,4.0,4.0,3.8293514251708984,0
2000-10-10,4.0,4.0,4.0,4.0,3.8293514251708984,300
2000-10-11,4.0625,4.0625,3.75,3.75,3.5900168418884277,10400
2000-10-12,3.75,3.75,3.75,3.75,3.5900168418884277,8200
2000-10-13,3.625,3.9375,3.625,3.9375,3.7695178985595703,12100
2000-10-16,3.875,3.875,3.75,3.75,3.5900168418884277,2400
2000-10-17,3.75,3.75,3.75,3.75,3.5900168418884277,2500
2000-10-18,3.8125,3.8125,3.8125,3.8125,3.649850606918335,8700
2000-10-19,3.75,3.75,3.75,3.75,3.5900168418884277,1200
2000-10-20,3.75,3.8125,3.75,3.75,3.5900168418884277,14300
2000-10-23,3.75,3.75,3.75,3.75,3.5900168418884277,0
2000-10-24,3.8125,3.9375,3.8125,3.9375,3.7695178985595703,4900
2000-10-25,3.8125,4.0,3.8125,4.0,3.8293514251708984,5500
2000-10-26,3.875,3.875,3.875,3.875,3.709684133529663,6000
2000-10-27,3.75,3.8125,3.75,3.8125,3.649850606918335,3300
2000-10-30,3.9375,3.9375,3.75,3.875,3.709684133529663,4300
2000-10-31,4.0,4.0,3.875,4.0,3.8293514251708984,16100
2000-11-01,4.0,4.0,3.875,3.875,3.709684133529663,9200
2000-11-02,3.9375,4.0625,3.9375,4.0625,3.8891849517822266,3800
2000-11-03,4.0,4.0,4.0,4.0,3.8293514251708984,700
2000-11-06,4.125,4.125,4.0625,4.125,3.949018716812134,8100
2000-11-07,4.1875,4.25,4.0,4.0625,3.8891849517822266,2300
2000-11-08,4.0625,4.0625,4.0625,4.0625,3.8891849517822266,6000
2000-11-09,3.9375,3.9375,3.9375,3.9375,3.7695178985595703,600
2000-11-10,3.9375,4.0,3.9375,3.9375,3.7695178985595703,5000
2000-11-13,3.875,3.875,3.5,3.875,3.709684133529663,19800
2000-11-14,3.875,3.875,3.75,3.875,3.709684133529663,42500
2000-11-15,3.8125,3.8125,3.5,3.75,3.5900168418884277,20400
2000-11-16,3.75,3.75,3.6875,3.6875,3.5301833152770996,2500
2000-11-17,3.625,3.625,3.5,3.5,3.350682497024536,29600
2000-11-20,3.5,3.5625,3.5,3.5,3.350682497024536,10600
2000-11-21,3.5,3.5,3.5,3.5,3.350682497024536,3000
2000-11-22,3.75,3.875,3.625,3.625,3.4703497886657715,10300
2000-11-24,3.625,3.6875,3.625,3.6875,3.5301833152770996,4200
2000-11-27,3.6875,3.6875,3.625,3.625,3.4703497886657715,5300
2000-11-28,3.5625,3.625,3.5625,3.625,3.4703497886657715,2100
2000-11-29,3.75,3.75,3.6875,3.75,3.5900168418884277,1700
2000-11-30,3.75,3.75,3.5,3.75,3.5900168418884277,16900
2000-12-01,3.75,3.75,3.625,3.625,3.4703497886657715,9900
2000-12-04,3.625,3.625,3.625,3.625,3.4703497886657715,200
2000-12-05,3.6875,3.75,3.625,3.625,3.4703497886657715,6300
2000-12-06,3.5625,3.6875,3.5625,3.625,3.4703497886657715,2500
2000-12-07,3.5,3.625,3.5,3.625,3.4703497886657715,7400
2000-12-08,3.5,3.5625,3.5,3.5,3.350682497024536,1800
2000-12-11,3.5,3.625,3.5,3.5,3.350682497024536,5800
2000-12-12,3.5625,3.625,3.5625,3.5625,3.4105160236358643,4600
2000-12-13,3.5625,3.5625,3.3125,3.375,3.231015205383301,10000
2000-12-14,3.3125,3.4375,3.125,3.375,3.231015205383301,8200
2000-12-15,3.5,3.5,3.125,3.1875,3.0515143871307373,9500
2000-12-18,3.125,3.25,3.125,3.25,3.1113481521606445,13800
2000-12-19,3.375,3.375,3.1875,3.25,3.1113481521606445,6900
2000-12-20,3.25,3.25,3.125,3.1875,3.0515143871307373,7900
2000-12-21,3.0625,3.1875,3.0625,3.1875,3.0515143871307373,7900
2000-12-22,3.0625,3.25,3.0625,3.25,3.1113481521606445,9300
2000-12-26,3.125,3.3125,3.125,3.3125,3.1711816787719727,9400
2000-12-27,3.1875,3.1875,3.0,3.125,2.991680860519409,18700
2000-12-28,3.1875,3.25,3.0,3.125,2.991680860519409,18800
2000-12-29,3.0625,3.25,3.0,3.0,2.872013568878174,46100
2001-01-02,3.0625,3.0625,3.0,3.0,2.872013568878174,14300
2001-01-03,3.0,3.0,3.0,3.0,2.872013568878174,21500
2001-01-04,3.125,3.125,3.0625,3.0625,2.931847095489502,3500
2001-01-05,3.0625,3.375,2.9375,3.375,3.231015205383301,11900
2001-01-08,3.5,3.625,3.1875,3.25,3.1113481521606445,20300
2001-01-09,3.25,3.4375,3.125,3.25,3.1113481521606445,4800
2001-01-10,3.25,3.25,3.25,3.25,3.1113481521606445,500
2001-01-11,3.125,3.1875,3.125,3.125,2.991680860519409,3000
2001-01-12,3.25,3.5,3.125,3.25,3.1113481521606445,16400
2001-01-16,3.25,3.625,3.25,3.3125,3.1711816787719727,11200
2001-01-17,3.375,3.5,3.375,3.375,3.231015205383301,7700
2001-01-18,3.375,3.375,3.3125,3.3125,3.1711816787719727,7200
2001-01-19,3.3125,3.4375,3.3125,3.4375,3.290848970413208,3600
2001-01-22,3.4375,3.4375,3.375,3.4375,3.290848970413208,5300
2001-01-23,3.4375,3.4375,3.4375,3.4375,3.290848970413208,1900
2001-01-24,3.4375,3.5,3.4375,3.5,3.350682497024536,1700
2001-01-25,3.5,3.5,3.3125,3.375,3.231015205383301,15600
2001-01-26,3.4375,3.5,3.375,3.5,3.350682497024536,4100
2001-01-29,3.4100000858306885,3.5,3.4100000858306885,3.4600000381469727,3.3123891353607178,5000
2001-01-30,3.4000000953674316,3.4000000953674316,3.2699999809265137,3.380000114440918,3.235802173614502,6300
2001-01-31,3.2799999713897705,3.380000114440918,3.130000114440918,3.2300000190734863,3.0922012329101562,17800
2001-02-01,3.430000066757202,3.430000066757202,3.3499999046325684,3.4000000953674316,3.254948854446411,7000
2001-02-02,3.4000000953674316,3.4000000953674316,3.4000000953674316,3.4000000953674316,3.254948854446411,56400
2001-02-05,3.4000000953674316,3.5,3.4000000953674316,3.5,3.350682497024536,60700
2001-02-06,3.569999933242798,3.5999999046325684,3.4700000286102295,3.549999952316284,3.3985493183135986,14000
2001-02-07,3.5,3.549999952316284,3.5,3.549999952316284,3.3985493183135986,1900
2001-02-08,3.5,3.5999999046325684,3.5,3.5999999046325684,3.446416139602661,13700
2001-02-09,3.5999999046325684,3.640000104904175,3.5999999046325684,3.640000104904175,3.4847099781036377,5000
2001-02-12,3.5999999046325684,3.5999999046325684,3.5,3.549999952316284,3.3985493183135986,4100
2001-02-13,3.549999952316284,3.5999999046325684,3.549999952316284,3.549999952316284,3.3985493183135986,4300
2001-02-14,3.6500000953674316,3.6500000953674316,3.5999999046325684,3.6500000953674316,3.4942831993103027,2700
2001-02-15,3.6500000953674316,4.0,3.5999999046325684,4.0,3.8293514251708984,48600
2001-02-16,4.0,4.349999904632568,4.0,4.349999904632568,4.164419651031494,42700
2001-02-20,4.380000114440918,4.5,4.360000133514404,4.449999809265137,4.260153293609619,14500
2001-02-21,4.360000133514404,4.5,4.360000133514404,4.449999809265137,4.260153293609619,4000
2001-02-22,4.360000133514404,4.360000133514404,4.25,4.260000228881836,4.078259468078613,14000
2001-02-23,4.349999904632568,4.349999904632568,4.230000019073486,4.230000019073486,4.049539089202881,1700
2001-02-26,4.150000095367432,4.199999809265137,4.099999904632568,4.199999809265137,4.020818710327148,7300
2001-02-27,4.150000095367432,4.150000095367432,4.050000190734863,4.059999942779541,3.886791706085205,9200
2001-02-28,4.050000190734863,4.300000190734863,4.0,4.28000020980835,4.097406387329102,10100
2001-03-01,4.289999961853027,4.289999961853027,4.25,4.289999961853027,4.1069793701171875,8800
2001-03-02,4.349999904632568,4.349999904632568,4.25,4.25,4.068686008453369,7900
2001-03-05,4.349999904632568,4.650000095367432,4.349999904632568,4.650000095367432,4.451621055603027,21000
2001-03-06,4.650000095367432,5.0,4.630000114440918,4.900000095367432,4.690955638885498,301400
2001-03-07,4.989999771118164,5.199999809265137,4.949999809265137,5.099999904632568,4.882422924041748,60200
2001-03-08,5.199999809265137,5.489999771118164,5.099999904632568,5.349999904632568,5.121757507324219,19600
2001-03-09,5.25,6.599999904632568,5.25,6.25,5.983361721038818,64300
2001-03-12,6.679999828338623,6.739999771118164,6.0,6.0,5.744027137756348,78900
2001-03-13,6.0,6.0,5.5,5.989999771118164,5.7344536781311035,42700
2001-03-14,5.940000057220459,5.940000057220459,5.550000190734863,5.599999904632568,5.3610920906066895,13700
2001-03-15,5.400000095367432,5.599999904632568,5.300000190734863,5.5,5.265357971191406,26000
2001-03-16,5.449999809265137,5.5,5.400000095367432,5.400000095367432,5.169624328613281,7400
2001-03-19,5.199999809265137,5.460000038146973,5.199999809265137,5.460000038146973,5.227064609527588,11100
2001-03-20,5.5,5.849999904632568,5.5,5.5,5.265357971191406,21000
2001-03-21,5.5,5.650000095367432,5.400000095367432,5.599999904632568,5.3610920906066895,18800
2001-03-22,5.599999904632568,5.610000133514404,5.400000095367432,5.400000095367432,5.169624328613281,13100
2001-03-23,5.5,5.599999904632568,5.5,5.5,5.265357971191406,3900
2001-03-26,5.599999904632568,5.599999904632568,5.400000095367432,5.449999809265137,5.217491149902344,5000
2001-03-27,5.429999828338623,6.239999771118164,5.429999828338623,6.239999771118164,5.973787784576416,30900
2001-03-28,6.139999866485596,6.25,5.800000190734863,6.150000095367432,5.887628078460693,27200
2001-03-29,6.25,6.5,6.050000190734863,6.5,6.222696304321289,17300
2001-03-30,6.5,7.349999904632568,6.5,7.25,6.940699577331543,76800
2001-04-02,7.449999809265137,7.550000190734863,7.0,7.0,6.701364994049072,44100
2001-04-03,6.949999809265137,6.949999809265137,6.849999904632568,6.940000057220459,6.643924713134766,4200
2001-04-04,6.800000190734863,6.849999904632568,6.25,6.349999904632568,6.079095363616943,21500
2001-04-05,6.449999809265137,6.550000190734863,6.360000133514404,6.400000095367432,6.126962184906006,5200
2001-04-06,6.349999904632568,6.360000133514404,5.900000095367432,6.25,5.983361721038818,22300
2001-04-09,6.199999809265137,6.400000095367432,6.199999809265137,6.349999904632568,6.079095363616943,3700
2001-04-10,6.449999809265137,6.449999809265137,6.300000190734863,6.300000190734863,6.031228542327881,6000
2001-04-11,6.300000190734863,6.5,6.300000190734863,6.400000095367432,6.126962184906006,3800
2001-04-12,6.5,6.650000095367432,6.400000095367432,6.480000019073486,6.203549385070801,3200
2001-04-16,6.5,6.659999847412109,6.449999809265137,6.639999866485596,6.356723308563232,12900
2001-04-17,6.639999866485596,6.639999866485596,6.5,6.5,6.222696304321289,2400
2001-04-18,6.5,6.5,6.420000076293945,6.5,6.222696304321289,4500
2001-04-19,6.5,6.5,6.400000095367432,6.400000095367432,6.126962184906006,7500
2001-04-20,6.349999904632568,6.400000095367432,6.150000095367432,6.349999904632568,6.079095363616943,8500
2001-04-23,6.300000190734863,6.400000095367432,6.300000190734863,6.400000095367432,6.126962184906006,1300
2001-04-24,6.349999904632568,6.400000095367432,6.349999904632568,6.400000095367432,6.126962184906006,4400
2001-04-25,6.349999904632568,6.440000057220459,6.349999904632568,6.400000095367432,6.126962184906006,7900
2001-04-26,6.329999923706055,6.949999809265137,6.329999923706055,6.949999809265137,6.653497695922852,19300
2001-04-27,7.0,7.400000095367432,7.0,7.25,6.940699577331543,21000
2001-04-30,7.300000190734863,7.349999904632568,7.099999904632568,7.150000095367432,6.844965934753418,5300
2001-05-01,7.050000190734863,7.449999809265137,7.050000190734863,7.400000095367432,7.0843000411987305,19300
2001-05-02,7.300000190734863,7.300000190734863,7.300000190734863,7.300000190734863,6.9885663986206055,6100
2001-05-03,7.349999904632568,7.400000095367432,7.25,7.349999904632568,7.036433219909668,10200
2001-05-04,7.449999809265137,7.550000190734863,7.400000095367432,7.5,7.1800336837768555,16900
2001-05-07,7.550000190734863,7.599999904632568,7.300000190734863,7.599999904632568,7.275767803192139,21000
2001-05-08,7.650000095367432,7.650000095367432,7.400000095367432,7.480000019073486,7.160887241363525,10000
2001-05-09,7.400000095367432,7.400000095367432,6.900000095367432,6.949999809265137,6.653497695922852,25000
2001-05-10,6.900000095367432,6.900000095367432,6.599999904632568,6.800000190734863,6.509897708892822,10300
2001-05-11,6.809999942779541,7.360000133514404,6.809999942779541,7.199999809265137,6.892832279205322,27700
2001-05-14,7.199999809265137,7.300000190734863,7.150000095367432,7.199999809265137,6.892832279205322,12800
2001-05-15,7.0,7.21999979019165,7.0,7.099999904632568,6.797098636627197,20300
2001-05-16,7.110000133514404,7.25,7.099999904632568,7.099999904632568,6.797098636627197,19300
2001-05-17,7.199999809265137,7.25,7.099999904632568,7.150000095367432,6.844965934753418,24000
2001-05-18,7.099999904632568,7.849999904632568,7.099999904632568,7.849999904632568,7.515101909637451,31900
2001-05-21,8.100000381469727,8.899999618530273,8.100000381469727,8.760000228881836,8.386280059814453,73200
2001-05-22,8.84000015258789,8.850000381469727,8.149999618530273,8.770000457763672,8.395853042602539,64700
2001-05-23,8.649999618530273,8.710000038146973,8.5,8.670000076293945,8.300119400024414,12800
2001-05-24,8.75,8.75,8.5,8.6899995803833,8.319265365600586,35600
2001-05-25,8.649999618530273,8.649999618530273,8.399999618530273,8.630000114440918,8.261825561523438,12500
2001-05-29,8.399999618530273,8.619999885559082,8.399999618530273,8.619999885559082,8.252252578735352,16000
2001-05-30,8.5,8.5,8.25,8.399999618530273,8.041637420654297,21800
2001-05-31,8.479999542236328,8.739999771118164,8.479999542236328,8.649999618530273,8.280972480773926,25300
2001-06-01,8.699999809265137,8.699999809265137,8.600000381469727,8.6899995803833,8.319265365600586,20400
2001-06-04,8.720000267028809,8.720000267028809,8.5600004196167,8.699999809265137,8.328839302062988,13000
2001-06-05,8.699999809265137,8.699999809265137,8.5,8.649999618530273,8.280972480773926,17000
2001-06-06,8.649999618530273,8.649999618530273,8.300000190734863,8.649999618530273,8.280972480773926,16200
2001-06-07,8.600000381469727,8.649999618530273,8.449999809265137,8.649999618530273,8.280972480773926,14000
2001-06-08,8.550000190734863,8.649999618530273,8.399999618530273,8.649999618530273,8.280972480773926,4300
2001-06-11,8.649999618530273,8.739999771118164,8.579999923706055,8.600000381469727,8.233105659484863,18500
2001-06-12,8.5,8.75,8.359999656677246,8.520000457763672,8.156518936157227,20200
2001-06-13,8.510000228881836,8.579999923706055,8.399999618530273,8.399999618530273,8.041637420654297,6500
2001-06-14,8.5,8.5,8.25,8.25,7.898037433624268,8100
2001-06-15,8.100000381469727,8.100000381469727,7.650000095367432,8.0,7.658702850341797,24500
2001-06-18,8.0,8.0,7.5,7.75,7.419368267059326,23800
2001-06-19,7.699999809265137,7.800000190734863,7.400000095367432,7.5,7.1800336837768555,16400
2001-06-20,7.300000190734863,7.5,7.150000095367432,7.46999979019165,7.151313781738281,16100
2001-06-21,7.25,7.400000095367432,7.159999847412109,7.400000095367432,7.0843000411987305,21100
2001-06-22,7.400000095367432,7.78000020980835,7.300000190734863,7.75,7.419368267059326,13800
2001-06-25,7.800000190734863,8.149999618530273,7.699999809265137,8.029999732971191,7.687422752380371,17000
2001-06-26,8.25,8.489999771118164,8.149999618530273,8.199999809265137,7.850170135498047,10700
2001-06-27,8.199999809265137,8.25,7.949999809265137,8.199999809265137,7.850170135498047,13400
2001-06-28,8.25,8.5,7.869999885559082,8.489999771118164,8.127798080444336,28000
2001-06-29,8.489999771118164,10.0,8.210000038146973,10.0,9.573378562927246,208400
2001-07-02,9.399999618530273,9.399999618530273,8.75,8.859999656677246,8.482012748718262,46100
2001-07-03,8.859999656677246,8.859999656677246,8.600000381469727,8.75,8.37670612335205,20400
2001-07-05,8.699999809265137,8.760000228881836,8.399999618530273,8.5,8.137372016906738,10400
2001-07-06,8.399999618530273,8.399999618530273,8.210000038146973,8.399999618530273,8.041637420654297,3200
2001-07-09,8.199999809265137,8.199999809265137,7.900000095367432,8.100000381469727,7.75443696975708,16300
2001-07-10,8.100000381469727,8.239999771118164,8.100000381469727,8.149999618530273,7.802303314208984,7000
2001-07-11,8.050000190734863,8.25,8.0,8.229999542236328,7.878890037536621,11600
2001-07-12,8.170000076293945,8.350000381469727,8.170000076293945,8.350000381469727,7.993771553039551,8700
2001-07-13,8.25,8.5,8.25,8.350000381469727,7.993771553039551,7500
2001-07-16,8.399999618530273,8.399999618530273,8.0,8.25,7.898037433624268,13300
2001-07-17,8.300000190734863,8.5,8.300000190734863,8.5,8.137372016906738,3600
2001-07-18,8.550000190734863,8.899999618530273,8.479999542236328,8.850000381469727,8.472440719604492,14100
2001-07-19,8.890000343322754,8.899999618530273,8.75,8.800000190734863,8.424572944641113,4600
2001-07-20,8.75,8.75,8.25,8.390000343322754,8.032065391540527,4900
2001-07-23,8.449999809265137,8.449999809265137,8.149999618530273,8.25,7.898037433624268,6100
2001-07-24,8.199999809265137,8.300000190734863,7.650000095367432,7.710000038146973,7.381074905395508,20200
2001-07-25,7.849999904632568,8.149999618530273,7.849999904632568,8.130000114440918,7.783156871795654,6500
2001-07-26,8.100000381469727,8.199999809265137,7.949999809265137,8.1899995803833,7.840596675872803,11300
2001-07-27,8.199999809265137,8.25,8.149999618530273,8.149999618530273,7.802303314208984,1000
2001-07-30,8.100000381469727,8.100000381469727,8.0,8.039999961853027,7.696996212005615,12000
2001-07-31,8.0,8.180000305175781,8.0,8.050000190734863,7.706570148468018,7600
2001-08-01,8.0,8.050000190734863,7.909999847412109,8.020000457763672,7.677850246429443,7600
2001-08-02,8.0,8.100000381469727,7.949999809265137,8.039999961853027,7.696996212005615,5000
2001-08-03,8.0,8.0,7.75,7.889999866485596,7.553395748138428,6700
2001-08-06,7.800000190734863,7.800000190734863,7.789999961853027,7.789999961853027,7.4576616287231445,3000
2001-08-07,7.75,7.75,7.099999904632568,7.28000020980835,6.969419956207275,10400
2001-08-08,7.340000152587891,7.539999961853027,6.5,6.699999809265137,6.414163589477539,30500
2001-08-09,6.800000190734863,7.150000095367432,6.75,7.150000095367432,6.844965934753418,12800
2001-08-10,7.099999904632568,7.099999904632568,6.849999904632568,6.849999904632568,6.557764053344727,7200
2001-08-13,6.849999904632568,7.0,6.849999904632568,6.849999904632568,6.557764053344727,9800
2001-08-14,6.900000095367432,7.0,6.849999904632568,6.849999904632568,6.557764053344727,5800
2001-08-15,6.869999885559082,7.0,6.849999904632568,6.929999828338623,6.6343512535095215,2800
2001-08-16,6.96999979019165,6.989999771118164,6.900000095367432,6.989999771118164,6.691791534423828,1800
2001-08-17,6.989999771118164,7.0,6.800000190734863,6.900000095367432,6.605631351470947,3600
2001-08-20,6.800000190734863,6.949999809265137,6.760000228881836,6.949999809265137,6.653497695922852,8900
2001-08-21,6.989999771118164,6.989999771118164,6.900000095367432,6.900000095367432,6.605631351470947,1400
2001-08-22,6.800000190734863,6.800000190734863,6.150000095367432,6.150000095367432,5.887628078460693,25500
2001-08-23,6.150000095367432,6.289999961853027,6.0,6.199999809265137,5.935494422912598,16700
2001-08-24,6.25,6.25,6.019999980926514,6.190000057220459,5.925921440124512,3400
2001-08-27,6.150000095367432,6.199999809265137,5.849999904632568,5.900000095367432,5.648293495178223,13500
2001-08-28,6.0,6.0,5.849999904632568,5.849999904632568,5.600426197052002,3100
2001-08-29,5.869999885559082,5.869999885559082,5.650000095367432,5.75,5.504692554473877,7500
2001-08-30,5.650000095367432,5.849999904632568,5.650000095367432,5.849999904632568,5.600426197052002,13500
2001-08-31,5.849999904632568,5.900000095367432,5.800000190734863,5.849999904632568,5.600426197052002,8900
2001-09-04,5.889999866485596,6.0,5.75,5.989999771118164,5.7344536781311035,14200
2001-09-05,6.0,6.099999904632568,5.989999771118164,6.099999904632568,5.839760780334473,8700
2001-09-06,6.0,7.75,5.949999809265137,7.75,7.419368267059326,14700
2001-09-07,7.650000095367432,7.650000095367432,6.75,7.010000228881836,6.710938453674316,29900
2001-09-10,7.110000133514404,7.110000133514404,6.949999809265137,7.050000190734863,6.749232292175293,7500
2001-09-17,7.199999809265137,7.25,7.0,7.099999904632568,6.797098636627197,26200
2001-09-18,7.099999904632568,7.150000095367432,6.829999923706055,6.860000133514404,6.567337989807129,5900
2001-09-19,6.860000133514404,6.860000133514404,6.150000095367432,6.599999904632568,6.318429946899414,20600
2001-09-20,6.579999923706055,6.579999923706055,6.199999809265137,6.199999809265137,5.935494422912598,4400
2001-09-21,6.349999904632568,6.360000133514404,5.449999809265137,6.050000190734863,5.791894435882568,21200
2001-09-24,6.050000190734863,6.300000190734863,6.050000190734863,6.289999961853027,6.021655082702637,2900
2001-09-25,6.199999809265137,6.289999961853027,6.099999904632568,6.110000133514404,5.849334239959717,5800
2001-09-26,6.199999809265137,6.260000228881836,6.090000152587891,6.170000076293945,5.906774520874023,34100
2001-09-27,6.199999809265137,6.400000095367432,6.150000095367432,6.400000095367432,6.126962184906006,4400
2001-09-28,6.400000095367432,6.510000228881836,6.300000190734863,6.5,6.222696304321289,19000
2001-10-01,6.400000095367432,6.409999847412109,6.400000095367432,6.409999847412109,6.13653564453125,1200
2001-10-02,6.5,6.650000095367432,6.5,6.650000095367432,6.366296768188477,1600
2001-10-03,6.800000190734863,6.889999866485596,6.460000038146973,6.75,6.462030410766602,9300
2001-10-04,6.75,6.849999904632568,6.75,6.840000152587891,6.548191070556641,4500
2001-10-05,6.900000095367432,6.900000095367432,6.699999809265137,6.730000019073486,6.4428839683532715,4600
2001-10-08,6.800000190734863,6.800000190734863,6.619999885559082,6.650000095367432,6.366296768188477,600
2001-10-09,6.75,6.900000095367432,6.75,6.849999904632568,6.557764053344727,3300
2001-10-10,6.849999904632568,7.150000095367432,6.849999904632568,7.099999904632568,6.797098636627197,4900
2001-10-11,7.0,7.25,6.75,6.900000095367432,6.605631351470947,21000
2001-10-12,6.909999847412109,7.099999904632568,6.909999847412109,7.099999904632568,6.797098636627197,2000
2001-10-15,7.0,7.079999923706055,7.0,7.079999923706055,6.777951717376709,13800
2001-10-16,7.150000095367432,7.25,7.150000095367432,7.25,6.940699577331543,2500
2001-10-17,7.25,7.25,7.199999809265137,7.199999809265137,6.892832279205322,4100
2001-10-18,7.099999904632568,7.150000095367432,7.0,7.050000190734863,6.749232292175293,2600
2001-10-19,7.099999904632568,7.25,6.75,6.900000095367432,6.605631351470947,5000
2001-10-22,6.989999771118164,7.199999809265137,6.989999771118164,7.190000057220459,6.883259296417236,1800
2001-10-23,7.090000152587891,7.190000057220459,7.0,7.0,6.701364994049072,5900
2001-10-24,6.949999809265137,6.949999809265137,6.849999904632568,6.900000095367432,6.605631351470947,1400
2001-10-25,6.949999809265137,7.150000095367432,6.949999809265137,7.099999904632568,6.797098636627197,4100
2001-10-26,7.079999923706055,7.139999866485596,6.900000095367432,6.949999809265137,6.653497695922852,5700
2001-10-29,6.860000133514404,6.989999771118164,6.840000152587891,6.949999809265137,6.653497695922852,4400
2001-10-30,6.960000038146973,6.980000019073486,6.960000038146973,6.980000019073486,6.682218074798584,1200
2001-10-31,7.0,7.300000190734863,6.800000190734863,7.300000190734863,6.9885663986206055,12300
2001-11-01,7.199999809265137,7.199999809265137,7.0,7.199999809265137,6.892832279205322,3800
2001-11-02,7.300000190734863,7.5,7.300000190734863,7.5,7.1800336837768555,6200
2001-11-05,7.400000095367432,7.599999904632568,7.400000095367432,7.599999904632568,7.275767803192139,3000
2001-11-06,7.5,7.599999904632568,7.449999809265137,7.599999904632568,7.275767803192139,2400
2001-11-07,7.550000190734863,7.550000190734863,6.949999809265137,7.179999828338623,6.873685836791992,11400
2001-11-08,7.179999828338623,7.179999828338623,7.0,7.0,6.701364994049072,5100
2001-11-09,7.0,7.0,6.800000190734863,6.900000095367432,6.605631351470947,5100
2001-11-12,6.809999942779541,6.909999847412109,6.809999942779541,6.900000095367432,6.605631351470947,500
2001-11-13,6.900000095367432,7.0,6.900000095367432,6.900000095367432,6.605631351470947,8500
2001-11-14,6.900000095367432,6.900000095367432,6.699999809265137,6.820000171661377,6.529044151306152,2200
2001-11-15,6.699999809265137,6.949999809265137,6.699999809265137,6.699999809265137,6.414163589477539,5900
2001-11-16,6.699999809265137,6.75,6.699999809265137,6.739999771118164,6.452456951141357,4700
2001-11-19,6.739999771118164,6.75,6.699999809265137,6.75,6.462030410766602,2400
2001-11-20,6.800000190734863,6.800000190734863,6.550000190734863,6.550000190734863,6.270563125610352,3200
2001-11-21,6.449999809265137,6.460000038146973,6.349999904632568,6.400000095367432,6.126962184906006,6300
2001-11-23,6.400000095367432,6.599999904632568,6.400000095367432,6.5,6.222696304321289,2900
2001-11-26,6.449999809265137,6.679999828338623,6.449999809265137,6.679999828338623,6.395016670227051,6300
2001-11-27,6.679999828338623,6.679999828338623,6.449999809265137,6.5,6.222696304321289,4100
2001-11-28,6.5,6.53000020980835,6.099999904632568,6.300000190734863,6.031228542327881,8800
2001-11-29,6.25,6.699999809265137,6.25,6.699999809265137,6.414163589477539,8100
2001-11-30,6.800000190734863,6.849999904632568,6.650000095367432,6.78000020980835,6.490750789642334,8300
2001-12-03,6.599999904632568,6.599999904632568,6.5,6.5,6.222696304321289,6100
2001-12-04,6.5,6.550000190734863,6.5,6.550000190734863,6.270563125610352,3400
2001-12-05,6.550000190734863,6.599999904632568,6.420000076293945,6.539999961853027,6.260989665985107,12100
2001-12-06,6.5,6.699999809265137,6.400000095367432,6.650000095367432,6.366296768188477,10200
2001-12-07,6.550000190734863,6.699999809265137,6.550000190734863,6.599999904632568,6.318429946899414,3900
2001-12-10,6.679999828338623,6.679999828338623,6.630000114440918,6.630000114440918,6.3471503257751465,400
2001-12-11,6.5,6.5,6.349999904632568,6.400000095367432,6.126962184906006,3300
2001-12-12,6.5,6.5,6.400000095367432,6.46999979019165,6.193975925445557,3600
2001-12-13,6.429999828338623,6.449999809265137,6.25,6.440000057220459,6.165256023406982,22900
2001-12-14,6.539999961853027,6.550000190734863,6.480000019073486,6.550000190734863,6.270563125610352,2400
2001-12-17,6.550000190734863,6.980000019073486,6.5,6.980000019073486,6.682218074798584,7300
2001-12-18,6.940000057220459,6.940000057220459,6.5,6.75,6.462030410766602,11500
2001-12-19,6.75,6.75,6.400000095367432,6.550000190734863,6.270563125610352,5800
2001-12-20,6.650000095367432,6.75,6.599999904632568,6.650000095367432,6.366296768188477,1600
2001-12-21,6.800000190734863,6.929999828338623,6.599999904632568,6.929999828338623,6.6343512535095215,23300
2001-12-24,6.900000095367432,7.0,6.449999809265137,6.949999809265137,6.653497695922852,9900
2001-12-26,6.96999979019165,6.980000019073486,6.800000190734863,6.980000019073486,6.682218074798584,4800
2001-12-27,6.980000019073486,6.980000019073486,6.900000095367432,6.949999809265137,6.653497695922852,2500
2001-12-28,6.949999809265137,6.949999809265137,6.900000095367432,6.949999809265137,6.653497695922852,3700
2001-12-31,6.949999809265137,7.050000190734863,6.849999904632568,7.0,6.701364994049072,12100
2002-01-02,6.949999809265137,7.050000190734863,6.849999904632568,6.949999809265137,6.653497695922852,3500
2002-01-03,6.980000019073486,7.0,6.800000190734863,6.949999809265137,6.653497695922852,2700
2002-01-04,6.989999771118164,7.139999866485596,6.949999809265137,7.0,6.701364994049072,4300
2002-01-07,7.099999904632568,7.119999885559082,7.0,7.0,6.701364994049072,3600
2002-01-08,7.010000228881836,7.099999904632568,6.75,7.090000152587891,6.787525653839111,7600
2002-01-09,7.050000190734863,7.239999771118164,7.0,7.0,6.701364994049072,6400
2002-01-10,7.050000190734863,7.099999904632568,6.960000038146973,7.090000152587891,6.787525653839111,1100
2002-01-11,7.130000114440918,7.150000095367432,7.070000171661377,7.150000095367432,6.844965934753418,12100
2002-01-14,7.170000076293945,7.25,7.050000190734863,7.050000190734863,6.749232292175293,26000
2002-01-15,7.150000095367432,7.25,7.050000190734863,7.25,6.940699577331543,5100
2002-01-16,7.150000095367432,7.199999809265137,7.050000190734863,7.159999847412109,6.854538917541504,15000
2002-01-17,7.050000190734863,7.199999809265137,7.050000190734863,7.130000114440918,6.82581901550293,3300
2002-01-18,7.119999885559082,7.119999885559082,7.0,7.0,6.701364994049072,2100
2002-01-22,7.150000095367432,7.150000095367432,7.0,7.0,6.701364994049072,3000
2002-01-23,7.0,7.050000190734863,6.900000095367432,7.050000190734863,6.749232292175293,2500
2002-01-24,6.949999809265137,6.949999809265137,6.860000133514404,6.860000133514404,6.567337989807129,1900
2002-01-25,6.849999904632568,6.900000095367432,6.849999904632568,6.849999904632568,6.557764053344727,500
2002-01-28,6.920000076293945,7.050000190734863,6.920000076293945,7.039999961853027,6.739658355712891,500
2002-01-29,6.949999809265137,6.949999809265137,6.75,6.900000095367432,6.605631351470947,4300
2002-01-30,6.849999904632568,7.199999809265137,6.849999904632568,7.199999809265137,6.892832279205322,1800
2002-01-31,7.28000020980835,7.28000020980835,7.050000190734863,7.190000057220459,6.883259296417236,3900
2002-02-01,7.099999904632568,7.099999904632568,7.0,7.0,6.701364994049072,1600
2002-02-04,7.0,7.0,6.550000190734863,6.550000190734863,6.270563125610352,3600
2002-02-05,6.5,6.699999809265137,6.409999847412109,6.599999904632568,6.318429946899414,3000
2002-02-06,6.550000190734863,6.550000190734863,6.150000095367432,6.25,5.983361721038818,13700
2002-02-07,6.300000190734863,6.300000190734863,6.150000095367432,6.150000095367432,5.887628078460693,1600
2002-02-08,6.159999847412109,6.25,6.150000095367432,6.230000019073486,5.96421480178833,4300
2002-02-11,6.260000228881836,6.260000228881836,6.199999809265137,6.21999979019165,5.954641342163086,4800
2002-02-12,6.199999809265137,6.210000038146973,6.150000095367432,6.210000038146973,5.945068359375,500
2002-02-13,6.199999809265137,6.5,6.199999809265137,6.5,6.222696304321289,3400
2002-02-14,6.5,6.75,6.400000095367432,6.400000095367432,6.126962184906006,3700
2002-02-15,6.449999809265137,6.75,6.25,6.599999904632568,6.318429946899414,4600
2002-02-19,6.599999904632568,6.599999904632568,6.400000095367432,6.400000095367432,6.126962184906006,2100
2002-02-20,6.5,6.5,6.300000190734863,6.5,6.222696304321289,3000
2002-02-21,6.5,6.5,6.099999904632568,6.099999904632568,5.839760780334473,9600
2002-02-22,6.199999809265137,6.449999809265137,6.170000076293945,6.449999809265137,6.174829006195068,6700
2002-02-25,6.300000190734863,6.300000190734863,6.199999809265137,6.300000190734863,6.031228542327881,2400
2002-02-26,6.230000019073486,6.329999923706055,6.230000019073486,6.329999923706055,6.059948444366455,600
2002-02-27,6.300000190734863,6.300000190734863,6.150000095367432,6.150000095367432,5.887628078460693,1000
2002-02-28,6.25,6.25,6.190000057220459,6.190000057220459,5.925921440124512,3800
2002-03-01,6.099999904632568,6.230000019073486,6.0,6.230000019073486,5.96421480178833,6500
2002-03-04,6.21999979019165,6.449999809265137,6.21999979019165,6.349999904632568,6.079095363616943,2500
2002-03-05,6.349999904632568,6.440000057220459,6.349999904632568,6.440000057220459,6.165256023406982,2500
2002-03-06,6.480000019073486,6.489999771118164,6.199999809265137,6.380000114440918,6.107815742492676,3500
2002-03-07,6.349999904632568,6.349999904632568,6.199999809265137,6.199999809265137,5.935494422912598,900
2002-03-08,6.199999809265137,6.25,6.190000057220459,6.199999809265137,5.935494422912598,800
2002-03-11,6.150000095367432,6.190000057220459,6.150000095367432,6.150000095367432,5.887628078460693,1900
2002-03-12,6.150000095367432,6.150000095367432,6.090000152587891,6.090000152587891,5.830187797546387,400
2002-03-13,6.050000190734863,6.050000190734863,5.900000095367432,5.940000057220459,5.686586856842041,6100
2002-03-14,5.849999904632568,5.949999809265137,5.75,5.949999809265137,5.696159839630127,5300
2002-03-15,5.849999904632568,5.949999809265137,5.849999904632568,5.940000057220459,5.686586856842041,13000
2002-03-18,5.940000057220459,6.190000057220459,5.940000057220459,6.190000057220459,5.925921440124512,12400
2002-03-19,6.190000057220459,6.449999809265137,6.150000095367432,6.420000076293945,6.146109104156494,25900
2002-03-20,6.300000190734863,6.300000190734863,6.050000190734863,6.159999847412109,5.897201061248779,7400
2002-03-21,6.300000190734863,6.400000095367432,6.179999828338623,6.400000095367432,6.126962184906006,3500
2002-03-22,6.25,6.25,6.070000171661377,6.099999904632568,5.839760780334473,4200
2002-03-25,6.099999904632568,6.230000019073486,6.0,6.230000019073486,5.96421480178833,4700
2002-03-26,6.119999885559082,6.119999885559082,5.949999809265137,6.099999904632568,5.839760780334473,3100
2002-03-27,6.050000190734863,6.21999979019165,6.050000190734863,6.21999979019165,5.954641342163086,1300
2002-03-28,6.25,6.380000114440918,5.75,5.75,5.504692554473877,7800
2002-04-01,5.75,5.75,5.599999904632568,5.630000114440918,5.389812469482422,4400
2002-04-02,5.599999904632568,5.900000095367432,5.599999904632568,5.849999904632568,5.600426197052002,3500
2002-04-03,5.900000095367432,5.900000095367432,5.75,5.75,5.504692554473877,2700
2002-04-04,5.75,6.050000190734863,5.75,6.050000190734863,5.791894435882568,1600
2002-04-05,6.050000190734863,6.050000190734863,5.900000095367432,5.900000095367432,5.648293495178223,4300
2002-04-08,5.989999771118164,5.989999771118164,5.949999809265137,5.989999771118164,5.7344536781311035,2100
2002-04-09,5.989999771118164,6.099999904632568,5.900000095367432,6.0,5.744027137756348,5800
2002-04-10,6.050000190734863,6.349999904632568,6.0,6.349999904632568,6.079095363616943,11500
2002-04-11,6.400000095367432,6.400000095367432,5.900000095367432,5.900000095367432,5.648293495178223,10300
2002-04-12,5.849999904632568,6.050000190734863,5.820000171661377,6.050000190734863,5.791894435882568,7700
2002-04-15,6.050000190734863,6.150000095367432,6.010000228881836,6.03000020980835,5.77274751663208,4500
2002-04-16,5.980000019073486,6.25,5.980000019073486,6.179999828338623,5.916347980499268,11700
2002-04-17,6.150000095367432,6.150000095367432,5.889999866485596,5.889999866485596,5.6387200355529785,4000
2002-04-18,5.949999809265137,6.150000095367432,5.900000095367432,6.150000095367432,5.887628078460693,4300
2002-04-19,6.150000095367432,6.150000095367432,5.949999809265137,5.949999809265137,5.696159839630127,2200
2002-04-22,5.949999809265137,6.0,5.849999904632568,5.849999904632568,5.600426197052002,9400
2002-04-23,5.849999904632568,5.900000095367432,5.789999961853027,5.789999961853027,5.542985916137695,1800
2002-04-24,5.849999904632568,5.849999904632568,5.75,5.75,5.504692554473877,1900
2002-04-25,5.800000190734863,5.800000190734863,5.75,5.800000190734863,5.552559852600098,1400
2002-04-26,5.75,5.75,5.650000095367432,5.650000095367432,5.408958911895752,3800
2002-04-29,5.599999904632568,5.670000076293945,5.099999904632568,5.099999904632568,4.882422924041748,11800
2002-04-30,5.150000095367432,5.199999809265137,4.710000038146973,5.199999809265137,4.978156566619873,50700
2002-05-01,5.199999809265137,5.260000228881836,5.190000057220459,5.25,5.026023864746094,2600
2002-05-02,5.340000152587891,5.340000152587891,5.25,5.300000190734863,5.073890686035156,3700
2002-05-03,5.300000190734863,5.599999904632568,5.199999809265137,5.599999904632568,5.3610920906066895,28400
2002-05-06,5.599999904632568,5.599999904632568,5.449999809265137,5.449999809265137,5.217491149902344,3000
2002-05-07,5.400000095367432,5.400000095367432,5.300000190734863,5.340000152587891,5.112184524536133,2700
2002-05-08,5.340000152587891,5.900000095367432,5.300000190734863,5.679999828338623,5.437678813934326,13300
2002-05-09,5.599999904632568,5.670000076293945,5.300000190734863,5.300000190734863,5.073890686035156,6700
2002-05-10,5.25,5.25,4.800000190734863,4.800000190734863,4.595221996307373,8000
2002-05-13,5.050000190734863,5.050000190734863,4.800000190734863,4.949999809265137,4.738821983337402,12900
2002-05-14,4.949999809265137,5.050000190734863,4.909999847412109,4.980000019073486,4.767542362213135,8500
2002-05-15,5.0,5.050000190734863,4.900000095367432,4.989999771118164,4.777115821838379,14500
2002-05-16,5.050000190734863,5.050000190734863,4.78000020980835,4.789999961853027,4.585648059844971,11300
2002-05-17,4.849999904632568,4.849999904632568,4.690000057220459,4.75,4.547354698181152,12000
2002-05-20,4.75,4.769999980926514,4.510000228881836,4.619999885559082,4.422900676727295,19600
2002-05-21,4.599999904632568,4.639999866485596,4.260000228881836,4.5,4.30802059173584,29200
2002-05-22,4.400000095367432,4.650000095367432,4.400000095367432,4.5,4.30802059173584,14500
2002-05-23,4.550000190734863,4.550000190734863,4.300000190734863,4.400000095367432,4.212286472320557,11400
2002-05-24,4.449999809265137,4.5,4.400000095367432,4.400000095367432,4.212286472320557,9600
2002-05-28,4.400000095367432,4.400000095367432,4.010000228881836,4.059999942779541,3.886791706085205,18000
2002-05-29,4.150000095367432,4.150000095367432,3.75,3.799999952316284,3.6378839015960693,55000
2002-05-30,3.799999952316284,4.090000152587891,3.799999952316284,4.090000152587891,3.9155120849609375,24200
2002-05-31,4.090000152587891,4.400000095367432,3.950000047683716,3.950000047683716,3.781484603881836,20500
2002-06-03,3.9600000381469727,4.0,3.799999952316284,3.799999952316284,3.6378839015960693,11900
2002-06-04,3.9000000953674316,3.950000047683716,3.8499999046325684,3.950000047683716,3.781484603881836,11600
2002-06-05,3.8499999046325684,3.990000009536743,3.799999952316284,3.8499999046325684,3.685750722885132,18400
2002-06-06,3.8499999046325684,3.8499999046325684,3.4000000953674316,3.440000057220459,3.2932422161102295,17600
2002-06-07,3.5399999618530273,3.5899999141693115,3.450000047683716,3.549999952316284,3.3985493183135986,21700
2002-06-10,3.5299999713897705,3.6600000858306885,3.5,3.5999999046325684,3.446416139602661,13800
2002-06-11,3.5999999046325684,3.700000047683716,3.549999952316284,3.549999952316284,3.3985493183135986,12200
2002-06-12,3.5999999046325684,3.6700000762939453,3.549999952316284,3.6700000762939453,3.513430118560791,13600
2002-06-13,3.6500000953674316,3.7200000286102295,3.549999952316284,3.5999999046325684,3.446416139602661,14200
2002-06-14,3.549999952316284,3.799999952316284,3.5,3.6500000953674316,3.4942831993103027,17300
2002-06-17,3.75,4.300000190734863,3.75,4.099999904632568,3.9250850677490234,36900
2002-06-18,4.150000095367432,4.5,4.150000095367432,4.380000114440918,4.193140029907227,29500
2002-06-19,4.369999885559082,4.420000076293945,4.0,4.0,3.8293514251708984,7000
2002-06-20,4.090000152587891,4.099999904632568,4.0,4.0,3.8293514251708984,11900
2002-06-21,4.5,4.550000190734863,4.199999809265137,4.349999904632568,4.164419651031494,27100
2002-06-24,4.400000095367432,4.53000020980835,4.349999904632568,4.380000114440918,4.193140029907227,9000
2002-06-25,4.400000095367432,4.489999771118164,4.389999866485596,4.400000095367432,4.212286472320557,10200
2002-06-26,4.449999809265137,4.449999809265137,4.300000190734863,4.349999904632568,4.164419651031494,23800
2002-06-27,4.349999904632568,4.449999809265137,4.260000228881836,4.260000228881836,4.078259468078613,28700
2002-06-28,4.25,4.449999809265137,4.0,4.0,3.8293514251708984,160400
2002-07-01,4.099999904632568,4.199999809265137,4.010000228881836,4.03000020980835,3.858071804046631,19000
2002-07-02,4.03000020980835,4.03000020980835,3.809999942779541,3.819999933242798,3.6570305824279785,7600
2002-07-03,3.799999952316284,4.050000190734863,3.5999999046325684,4.050000190734863,3.87721848487854,42300
2002-07-05,4.050000190734863,4.050000190734863,4.050000190734863,4.050000190734863,3.87721848487854,200
2002-07-08,4.010000228881836,4.070000171661377,4.010000228881836,4.050000190734863,3.87721848487854,14400
2002-07-09,4.039999961853027,4.039999961853027,3.9000000953674316,4.03000020980835,3.858071804046631,9300
2002-07-10,4.0,4.050000190734863,3.75,4.050000190734863,3.87721848487854,18200
2002-07-11,4.0,4.03000020980835,3.9700000286102295,3.9700000286102295,3.800631284713745,12200
2002-07-12,3.950000047683716,3.950000047683716,3.9000000953674316,3.930000066757202,3.7623379230499268,3200
2002-07-15,3.9000000953674316,3.9000000953674316,3.680000066757202,3.759999990463257,3.599590301513672,15000
2002-07-16,3.75,3.7899999618530273,3.7100000381469727,3.7200000286102295,3.5612969398498535,4900
2002-07-17,3.75,3.759999990463257,3.7100000381469727,3.75,3.5900168418884277,8300
2002-07-18,3.7300000190734863,3.819999933242798,3.7100000381469727,3.809999942779541,3.6474571228027344,3500
2002-07-19,3.799999952316284,3.950000047683716,3.799999952316284,3.9000000953674316,3.7336177825927734,5800
2002-07-22,3.799999952316284,3.799999952316284,3.7899999618530273,3.7899999618530273,3.628310441970825,12200
2002-07-23,3.700000047683716,3.700000047683716,3.5799999237060547,3.6700000762939453,3.513430118560791,20300
2002-07-24,3.5999999046325684,3.5999999046325684,3.5,3.5199999809265137,3.3698291778564453,8100
2002-07-25,3.5,3.799999952316284,3.5,3.559999942779541,3.4081227779388428,14300
2002-07-26,3.75,3.75,3.700000047683716,3.700000047683716,3.5421500205993652,8000
2002-07-29,3.700000047683716,3.819999933242798,3.700000047683716,3.799999952316284,3.6378839015960693,2100
2002-07-30,3.8499999046325684,3.930000066757202,3.799999952316284,3.930000066757202,3.7623379230499268,1600
2002-07-31,3.9000000953674316,3.9000000953674316,3.799999952316284,3.799999952316284,3.6378839015960693,2000
2002-08-01,3.75,3.950000047683716,3.700000047683716,3.950000047683716,3.781484603881836,2900
2002-08-02,3.9000000953674316,3.9000000953674316,3.799999952316284,3.799999952316284,3.6378839015960693,900
2002-08-05,3.75,3.7899999618530273,3.700000047683716,3.7899999618530273,3.628310441970825,4100
2002-08-06,3.799999952316284,3.8499999046325684,3.75,3.8499999046325684,3.685750722885132,4300
2002-08-07,3.8499999046325684,4.079999923706055,3.8499999046325684,4.050000190734863,3.87721848487854,9500
2002-08-08,4.050000190734863,4.050000190734863,3.9000000953674316,3.9000000953674316,3.7336177825927734,2000
2002-08-09,3.9000000953674316,3.9000000953674316,3.680000066757202,3.759999990463257,3.599590301513672,6100
2002-08-12,3.690000057220459,3.950000047683716,3.690000057220459,3.950000047683716,3.781484603881836,1500
2002-08-13,3.8499999046325684,3.8499999046325684,3.75,3.799999952316284,3.6378839015960693,2800
2002-08-14,3.9000000953674316,4.0,3.809999942779541,3.809999942779541,3.6474571228027344,4200
2002-08-15,3.9000000953674316,3.9000000953674316,3.890000104904175,3.890000104904175,3.7240443229675293,500
2002-08-16,3.950000047683716,4.0,3.8499999046325684,3.9000000953674316,3.7336177825927734,14700
2002-08-19,3.9100000858306885,3.990000009536743,3.9100000858306885,3.990000009536743,3.8197779655456543,2600
2002-08-20,3.990000009536743,3.990000009536743,3.9000000953674316,3.9000000953674316,3.7336177825927734,1200
2002-08-21,3.799999952316284,3.8299999237060547,3.799999952316284,3.819999933242798,3.6570305824279785,2700
2002-08-22,3.819999933242798,3.9100000858306885,3.819999933242798,3.859999895095825,3.695323944091797,2600
2002-08-23,3.809999942779541,3.9200000762939453,3.809999942779541,3.869999885559082,3.704897403717041,4300
2002-08-26,3.8499999046325684,3.950000047683716,3.8499999046325684,3.930000066757202,3.7623379230499268,2100
2002-08-27,3.9000000953674316,3.9000000953674316,3.8499999046325684,3.859999895095825,3.695323944091797,1500
2002-08-28,3.809999942779541,3.819999933242798,3.700000047683716,3.819999933242798,3.6570305824279785,10900
2002-08-29,3.799999952316284,3.799999952316284,3.5999999046325684,3.700000047683716,3.5421500205993652,11200
2002-08-30,3.75,4.099999904632568,3.549999952316284,4.099999904632568,3.9250850677490234,54500
2002-09-03,4.199999809265137,4.199999809265137,3.9700000286102295,3.9700000286102295,3.800631284713745,3500
2002-09-04,3.950000047683716,4.019999980926514,3.950000047683716,4.019999980926514,3.8484981060028076,2100
2002-09-05,3.9000000953674316,4.170000076293945,3.9000000953674316,4.170000076293945,3.9920990467071533,6100
2002-09-06,4.150000095367432,4.150000095367432,4.070000171661377,4.099999904632568,3.9250850677490234,3200
2002-09-09,4.150000095367432,4.230000019073486,4.150000095367432,4.230000019073486,4.049539089202881,4500
2002-09-10,4.130000114440918,4.400000095367432,4.079999923706055,4.400000095367432,4.212286472320557,10600
2002-09-11,4.300000190734863,4.539999961853027,4.300000190734863,4.539999961853027,4.346313953399658,6000
2002-09-12,4.440000057220459,4.440000057220459,4.400000095367432,4.400000095367432,4.212286472320557,1600
2002-09-13,4.409999847412109,4.579999923706055,4.409999847412109,4.449999809265137,4.260153293609619,3000
2002-09-16,4.440000057220459,4.449999809265137,4.440000057220459,4.449999809265137,4.260153293609619,2500
2002-09-17,4.449999809265137,4.449999809265137,4.449999809265137,4.449999809265137,4.260153293609619,0
2002-09-18,4.449999809265137,4.449999809265137,4.449999809265137,4.449999809265137,4.260153293609619,2300
2002-09-19,4.380000114440918,4.449999809265137,4.380000114440918,4.449999809265137,4.260153293609619,1700
2002-09-20,4.440000057220459,4.440000057220459,4.440000057220459,4.440000057220459,4.250580310821533,100
2002-09-23,4.300000190734863,4.349999904632568,4.300000190734863,4.349999904632568,4.164419651031494,1300
2002-09-24,4.309999942779541,4.309999942779541,4.199999809265137,4.199999809265137,4.020818710327148,1300
2002-09-25,4.300000190734863,4.300000190734863,4.199999809265137,4.300000190734863,4.116552829742432,1800
2002-09-26,4.199999809265137,4.289999961853027,4.199999809265137,4.289999961853027,4.1069793701171875,1400
2002-09-27,4.25,4.25,4.25,4.25,4.068686008453369,1400
2002-09-30,4.199999809265137,4.199999809265137,4.150000095367432,4.199999809265137,4.020818710327148,3500
2002-10-01,4.300000190734863,4.300000190734863,4.239999771118164,4.239999771118164,4.059112071990967,1100
2002-10-02,4.239999771118164,4.239999771118164,4.239999771118164,4.239999771118164,4.059112071990967,0
2002-10-03,4.239999771118164,4.239999771118164,4.239999771118164,4.239999771118164,4.059112071990967,1100
2002-10-04,4.150000095367432,4.230000019073486,4.150000095367432,4.190000057220459,4.0112457275390625,4300
2002-10-07,4.150000095367432,4.25,4.150000095367432,4.159999847412109,3.98252534866333,6200
2002-10-08,4.099999904632568,4.099999904632568,4.0,4.090000152587891,3.9155120849609375,3600
2002-10-09,4.0,4.0,3.9000000953674316,3.9000000953674316,3.7336177825927734,4400
2002-10-10,3.8499999046325684,3.950000047683716,3.8499999046325684,3.950000047683716,3.781484603881836,4700
2002-10-11,3.950000047683716,3.950000047683716,3.9000000953674316,3.950000047683716,3.781484603881836,4200
2002-10-14,3.950000047683716,3.950000047683716,3.950000047683716,3.950000047683716,3.781484603881836,0
2002-10-15,3.950000047683716,3.950000047683716,3.9000000953674316,3.9000000953674316,3.7336177825927734,3700
2002-10-16,3.799999952316284,3.9000000953674316,3.799999952316284,3.809999942779541,3.6474571228027344,2200
2002-10-17,3.809999942779541,3.809999942779541,3.809999942779541,3.809999942779541,3.6474571228027344,0
2002-10-18,3.8499999046325684,3.8499999046325684,3.7200000286102295,3.7200000286102295,3.5612969398498535,3700
2002-10-21,3.7200000286102295,3.7200000286102295,3.6600000858306885,3.6600000858306885,3.503856658935547,2400
2002-10-22,3.6700000762939453,3.700000047683716,3.5,3.549999952316284,3.3985493183135986,11600
2002-10-23,3.5,3.5,3.4100000858306885,3.5,3.350682497024536,7200
2002-10-24,3.5999999046325684,3.700000047683716,3.509999990463257,3.700000047683716,3.5421500205993652,2500
2002-10-25,3.619999885559082,3.75,3.549999952316284,3.5999999046325684,3.446416139602661,2000
2002-10-28,3.690000057220459,3.690000057220459,3.549999952316284,3.569999933242798,3.417695999145508,2800
2002-10-29,3.5,3.5,3.5,3.5,3.350682497024536,900
2002-10-30,3.549999952316284,3.549999952316284,3.4600000381469727,3.4600000381469727,3.3123891353607178,5000
2002-10-31,3.450000047683716,3.700000047683716,3.4000000953674316,3.700000047683716,3.5421500205993652,5800
2002-11-01,3.700000047683716,3.700000047683716,3.700000047683716,3.700000047683716,3.5421500205993652,300
2002-11-04,3.700000047683716,3.8499999046325684,3.700000047683716,3.8499999046325684,3.685750722885132,4200
2002-11-05,3.8499999046325684,3.8499999046325684,3.8499999046325684,3.8499999046325684,3.685750722885132,0
2002-11-06,3.8399999141693115,3.8399999141693115,3.75,3.75,3.5900168418884277,900
2002-11-07,3.6500000953674316,3.700000047683716,3.6500000953674316,3.700000047683716,3.5421500205993652,1800
2002-11-08,3.7899999618530273,3.799999952316284,3.75,3.799999952316284,3.6378839015960693,4000
2002-11-11,3.7799999713897705,3.799999952316284,3.700000047683716,3.700000047683716,3.5421500205993652,1300
2002-11-12,3.7100000381469727,3.7100000381469727,3.5,3.690000057220459,3.5325767993927,4300
2002-11-13,3.700000047683716,3.700000047683716,3.4700000286102295,3.490000009536743,3.341109037399292,12100
2002-11-14,3.5799999237060547,3.5799999237060547,3.390000104904175,3.4200000762939453,3.2740955352783203,8300
2002-11-15,3.4000000953674316,3.430000066757202,3.4000000953674316,3.430000066757202,3.2836689949035645,3500
2002-11-18,3.430000066757202,3.430000066757202,3.430000066757202,3.430000066757202,3.2836689949035645,0
2002-11-19,3.490000009536743,3.490000009536743,3.490000009536743,3.490000009536743,3.341109037399292,400
2002-11-20,3.490000009536743,3.5,3.4000000953674316,3.4000000953674316,3.254948854446411,2700
2002-11-21,3.3499999046325684,3.3499999046325684,3.25,3.259999990463257,3.1209213733673096,3900
2002-11-22,3.2100000381469727,3.2799999713897705,3.200000047683716,3.25,3.1113481521606445,3200
2002-11-25,3.3499999046325684,3.450000047683716,3.1500000953674316,3.240000009536743,3.1017746925354004,11400
2002-11-26,3.240000009536743,3.240000009536743,3.059999942779541,3.1500000953674316,3.0156142711639404,9900
2002-11-27,3.0999999046325684,3.190000057220459,3.0,3.190000057220459,3.053907871246338,12700
2002-11-29,3.200000047683716,3.2300000190734863,3.200000047683716,3.2100000381469727,3.073054552078247,2700
2002-12-02,3.200000047683716,3.25,3.200000047683716,3.25,3.1113481521606445,2700
2002-12-03,3.25,3.25,3.2100000381469727,3.2100000381469727,3.073054552078247,900
2002-12-04,3.2100000381469727,3.25,3.200000047683716,3.2300000190734863,3.0922012329101562,11700
2002-12-05,3.2100000381469727,3.2100000381469727,3.0999999046325684,3.180000066757202,3.0443344116210938,34700
2002-12-06,3.0999999046325684,3.3499999046325684,3.0999999046325684,3.3399999141693115,3.1975083351135254,16900
2002-12-09,3.430000066757202,3.75,3.430000066757202,3.75,3.5900168418884277,6900
2002-12-10,3.740000009536743,3.759999990463257,3.6500000953674316,3.6500000953674316,3.4942831993103027,9500
2002-12-11,3.700000047683716,3.75,3.5,3.6500000953674316,3.4942831993103027,15300
2002-12-12,3.75,3.799999952316284,3.740000009536743,3.75,3.5900168418884277,10100
2002-12-13,3.799999952316284,3.799999952316284,3.700000047683716,3.700000047683716,3.5421500205993652,20300
2002-12-16,3.5999999046325684,3.700000047683716,3.5999999046325684,3.6600000858306885,3.503856658935547,3000
2002-12-17,3.559999942779541,3.680000066757202,3.559999942779541,3.6500000953674316,3.4942831993103027,15100
2002-12-18,3.6500000953674316,3.6500000953674316,3.6500000953674316,3.6500000953674316,3.4942831993103027,3000
2002-12-19,3.559999942779541,3.75,3.559999942779541,3.6500000953674316,3.4942831993103027,9600
2002-12-20,3.75,4.050000190734863,3.75,4.0,3.8293514251708984,10000
2002-12-23,4.0,4.150000095367432,3.990000009536743,4.150000095367432,3.972952127456665,6000
2002-12-24,4.199999809265137,4.199999809265137,4.099999904632568,4.099999904632568,3.9250850677490234,3600
2002-12-26,4.150000095367432,4.389999866485596,4.0,4.389999866485596,4.2027130126953125,5500
2002-12-27,4.300000190734863,4.349999904632568,4.199999809265137,4.289999961853027,4.1069793701171875,5000
2002-12-30,4.199999809265137,4.25,4.150000095367432,4.25,4.068686008453369,900
2002-12-31,4.239999771118164,4.440000057220459,4.150000095367432,4.440000057220459,4.250580310821533,17400
2003-01-02,4.440000057220459,4.5,4.440000057220459,4.449999809265137,4.260153293609619,7100
2003-01-03,4.5,4.550000190734863,4.5,4.5,4.30802059173584,1200
2003-01-06,4.5,4.590000152587891,4.409999847412109,4.460000038146973,4.269726753234863,4600
2003-01-07,4.409999847412109,4.489999771118164,4.360000133514404,4.400000095367432,4.212286472320557,1600
2003-01-08,4.349999904632568,4.460000038146973,4.349999904632568,4.449999809265137,4.260153293609619,1800
2003-01-09,4.460000038146973,4.460000038146973,4.449999809265137,4.449999809265137,4.260153293609619,2000
2003-01-10,4.550000190734863,4.650000095367432,4.550000190734863,4.650000095367432,4.451621055603027,900
2003-01-13,4.679999828338623,4.699999809265137,4.599999904632568,4.599999904632568,4.403754234313965,9200
2003-01-14,4.550000190734863,4.550000190734863,4.550000190734863,4.550000190734863,4.355887413024902,1700
2003-01-15,4.650000095367432,4.650000095367432,4.550000190734863,4.550000190734863,4.355887413024902,1400
2003-01-16,4.550000190734863,4.590000152587891,4.400000095367432,4.590000152587891,4.394180774688721,8600
2003-01-17,4.570000171661377,4.659999847412109,4.539999961853027,4.659999847412109,4.461194038391113,4000
2003-01-21,4.599999904632568,4.599999904632568,4.570000171661377,4.570000171661377,4.375034332275391,1200
2003-01-22,4.579999923706055,4.599999904632568,4.199999809265137,4.25,4.068686008453369,7800
2003-01-23,4.25,4.25,4.25,4.25,4.068686008453369,0
2003-01-24,4.239999771118164,4.239999771118164,4.150000095367432,4.150000095367432,3.972952127456665,1000
2003-01-27,4.050000190734863,4.059999942779541,3.799999952316284,3.8499999046325684,3.685750722885132,6000
2003-01-28,3.890000104904175,3.890000104904175,3.880000114440918,3.880000114440918,3.7144711017608643,600
2003-01-29,3.9000000953674316,3.930000066757202,3.9000000953674316,3.930000066757202,3.7623379230499268,1400
2003-01-30,3.880000114440918,3.880000114440918,3.880000114440918,3.880000114440918,3.7144711017608643,2700
2003-01-31,3.869999885559082,3.9000000953674316,3.859999895095825,3.9000000953674316,3.7336177825927734,1400
2003-02-03,3.799999952316284,3.950000047683716,3.7899999618530273,3.9100000858306885,3.7431910037994385,3600
2003-02-04,3.8499999046325684,3.890000104904175,3.8399999141693115,3.890000104904175,3.7240443229675293,2500
2003-02-05,3.890000104904175,3.890000104904175,3.890000104904175,3.890000104904175,3.7240443229675293,0
2003-02-06,3.819999933242798,3.819999933242798,3.819999933242798,3.819999933242798,3.6570305824279785,900
2003-02-07,3.8299999237060547,3.8299999237060547,3.799999952316284,3.799999952316284,3.6378839015960693,1000
2003-02-10,3.819999933242798,3.950000047683716,3.809999942779541,3.950000047683716,3.781484603881836,3600
2003-02-11,4.0,4.0,3.930000066757202,3.930000066757202,3.7623379230499268,600
2003-02-12,3.8399999141693115,3.9000000953674316,3.8399999141693115,3.9000000953674316,3.7336177825927734,3000
2003-02-13,4.010000228881836,4.010000228881836,3.890000104904175,3.890000104904175,3.7240443229675293,4800
2003-02-14,3.859999895095825,3.859999895095825,3.799999952316284,3.799999952316284,3.6378839015960693,1600
2003-02-18,3.799999952316284,4.0,3.799999952316284,3.9600000381469727,3.79105806350708,3800
2003-02-19,3.9600000381469727,3.9600000381469727,3.9600000381469727,3.9600000381469727,3.79105806350708,0
2003-02-20,3.9000000953674316,4.110000133514404,3.9000000953674316,4.099999904632568,3.9250850677490234,10300
2003-02-21,4.099999904632568,4.099999904632568,4.099999904632568,4.099999904632568,3.9250850677490234,0
2003-02-24,4.010000228881836,4.010000228881836,4.0,4.0,3.8293514251708984,1000
2003-02-25,4.099999904632568,4.099999904632568,4.0,4.079999923706055,3.9059383869171143,1700
2003-02-26,3.9100000858306885,4.050000190734863,3.9000000953674316,4.050000190734863,3.87721848487854,3000
2003-02-27,4.050000190734863,4.099999904632568,4.039999961853027,4.050000190734863,3.87721848487854,2100
2003-02-28,4.050000190734863,4.050000190734863,4.050000190734863,4.050000190734863,3.87721848487854,0
2003-03-03,4.099999904632568,4.119999885559082,4.099999904632568,4.099999904632568,3.9250850677490234,5700
2003-03-04,4.0,4.039999961853027,3.9000000953674316,4.019999980926514,3.8484981060028076,5900
2003-03-05,4.050000190734863,4.050000190734863,4.050000190734863,4.050000190734863,3.87721848487854,100
2003-03-06,4.010000228881836,4.110000133514404,4.0,4.110000133514404,3.9346587657928467,3500
2003-03-07,4.019999980926514,4.019999980926514,3.9000000953674316,4.0,3.8293514251708984,2100
2003-03-10,4.099999904632568,4.110000133514404,4.099999904632568,4.110000133514404,3.9346587657928467,7500
2003-03-11,4.130000114440918,4.139999866485596,4.019999980926514,4.139999866485596,3.963378667831421,3600
2003-03-12,4.099999904632568,4.099999904632568,4.050000190734863,4.050000190734863,3.87721848487854,1400
2003-03-13,4.039999961853027,4.039999961853027,4.019999980926514,4.019999980926514,3.8484981060028076,3000
2003-03-14,3.9600000381469727,3.9600000381469727,3.9600000381469727,3.9600000381469727,3.79105806350708,10000
2003-03-17,3.990000009536743,3.990000009536743,3.9600000381469727,3.9600000381469727,3.79105806350708,10900
2003-03-18,3.9100000858306885,3.950000047683716,3.9000000953674316,3.950000047683716,3.781484603881836,4100
2003-03-19,3.9100000858306885,3.950000047683716,3.9000000953674316,3.950000047683716,3.781484603881836,1700
2003-03-20,3.890000104904175,3.950000047683716,3.890000104904175,3.9000000953674316,3.7336177825927734,3200
2003-03-21,3.9000000953674316,3.950000047683716,3.799999952316284,3.890000104904175,3.7240443229675293,13800
2003-03-24,3.9000000953674316,3.9000000953674316,3.75,3.75,3.5900168418884277,17900
2003-03-25,3.75,3.799999952316284,3.619999885559082,3.700000047683716,3.5421500205993652,37900
2003-03-26,3.799999952316284,3.799999952316284,3.7300000190734863,3.759999990463257,3.599590301513672,11300
2003-03-27,3.859999895095825,3.859999895095825,3.8299999237060547,3.8299999237060547,3.6666038036346436,6400
2003-03-28,3.8399999141693115,3.8499999046325684,3.75,3.8499999046325684,3.685750722885132,5900
2003-03-31,3.950000047683716,4.0,3.9000000953674316,3.990000009536743,3.8197779655456543,11900
2003-04-01,4.0,4.0,4.0,4.0,3.8293514251708984,2000
2003-04-02,4.0,4.0,3.9700000286102295,3.9700000286102295,3.800631284713745,1200
2003-04-03,3.930000066757202,3.930000066757202,3.799999952316284,3.9000000953674316,3.7336177825927734,4700
2003-04-04,3.950000047683716,3.990000009536743,3.950000047683716,3.990000009536743,3.8197779655456543,2000
2003-04-07,4.400000095367432,5.949999809265137,4.400000095367432,5.599999904632568,5.3610920906066895,195900
2003-04-08,5.75,6.289999961853027,5.159999847412109,5.480000019073486,5.246211528778076,266300
2003-04-09,5.75,5.75,5.150000095367432,5.150000095367432,4.930290222167969,79800
2003-04-10,5.300000190734863,5.300000190734863,5.010000228881836,5.050000190734863,4.834556579589844,17000
2003-04-11,5.199999809265137,5.239999771118164,5.050000190734863,5.179999828338623,4.959010124206543,21700
2003-04-14,5.25,5.25,5.099999904632568,5.139999866485596,4.920716285705566,20600
2003-04-15,5.099999904632568,5.25,5.059999942779541,5.25,5.026023864746094,34000
2003-04-16,5.349999904632568,5.849999904632568,5.349999904632568,5.699999809265137,5.4568257331848145,47600
2003-04-17,5.75,5.75,5.489999771118164,5.519999980926514,5.2845048904418945,25400
2003-04-21,5.519999980926514,5.670000076293945,5.400000095367432,5.670000076293945,5.42810583114624,19600
2003-04-22,5.690000057220459,5.699999809265137,5.46999979019165,5.539999961853027,5.303651809692383,13500
2003-04-23,5.590000152587891,5.590000152587891,5.010000228881836,5.550000190734863,5.313225269317627,33600
2003-04-24,5.519999980926514,5.849999904632568,5.519999980926514,5.840000152587891,5.590853214263916,41800
2003-04-25,5.849999904632568,6.25,5.699999809265137,6.199999809265137,5.935494422912598,55200
2003-04-28,6.199999809265137,6.210000038146973,5.800000190734863,6.0,5.744027137756348,31800
2003-04-29,5.980000019073486,6.199999809265137,5.980000019073486,6.199999809265137,5.935494422912598,17600
2003-04-30,6.190000057220459,6.25,6.139999866485596,6.150000095367432,5.887628078460693,14300
2003-05-01,6.199999809265137,6.739999771118164,6.179999828338623,6.650000095367432,6.366296768188477,57700
2003-05-02,6.610000133514404,6.650000095367432,6.300000190734863,6.409999847412109,6.13653564453125,33200
2003-05-05,6.5,6.610000133514404,6.409999847412109,6.590000152587891,6.30885648727417,27700
2003-05-06,6.599999904632568,7.019999980926514,6.599999904632568,7.0,6.701364994049072,97300
2003-05-07,7.0,7.0,6.909999847412109,7.0,6.701364994049072,37300
2003-05-08,7.0,7.099999904632568,6.949999809265137,7.070000171661377,6.768378734588623,49600
2003-05-09,7.099999904632568,7.150000095367432,7.0,7.050000190734863,6.749232292175293,38300
2003-05-12,7.050000190734863,7.050000190734863,6.809999942779541,6.900000095367432,6.605631351470947,31500
2003-05-13,6.949999809265137,6.989999771118164,6.599999904632568,6.949999809265137,6.653497695922852,51100
2003-05-14,6.849999904632568,7.0,6.75,7.0,6.701364994049072,29800
2003-05-15,6.900000095367432,7.0,6.809999942779541,6.809999942779541,6.519470691680908,15500
2003-05-16,6.75,7.119999885559082,6.75,7.119999885559082,6.8162455558776855,21400
2003-05-19,7.119999885559082,7.119999885559082,6.699999809265137,6.699999809265137,6.414163589477539,12000
2003-05-20,6.75,7.050000190734863,6.710000038146973,6.960000038146973,6.663071632385254,8200
2003-05-21,7.0,7.0,6.809999942779541,6.900000095367432,6.605631351470947,10400
2003-05-22,6.849999904632568,7.0,6.849999904632568,6.949999809265137,6.653497695922852,19100
2003-05-23,6.900000095367432,6.989999771118164,6.860000133514404,6.909999847412109,6.615204334259033,22900
2003-05-27,6.900000095367432,7.0,6.650000095367432,6.940000057220459,6.643924713134766,29600
2003-05-28,6.940000057220459,7.0,6.800000190734863,6.800000190734863,6.509897708892822,41000
2003-05-29,6.800000190734863,6.949999809265137,6.800000190734863,6.920000076293945,6.6247782707214355,23500
2003-05-30,6.929999828338623,6.989999771118164,6.920000076293945,6.940000057220459,6.643924713134766,27800
2003-06-02,6.900000095367432,6.900000095367432,6.710000038146973,6.769999980926514,6.48117733001709,17100
2003-06-03,6.769999980926514,6.949999809265137,6.769999980926514,6.849999904632568,6.557764053344727,24600
2003-06-04,6.849999904632568,6.929999828338623,6.449999809265137,6.5,6.222696304321289,30400
2003-06-05,6.5,6.639999866485596,6.260000228881836,6.380000114440918,6.107815742492676,27600
2003-06-06,6.199999809265137,6.75,6.199999809265137,6.699999809265137,6.414163589477539,18800
2003-06-09,6.650000095367432,7.0,6.550000190734863,6.949999809265137,6.653497695922852,16100
2003-06-10,6.900000095367432,7.0,6.849999904632568,7.0,6.701364994049072,32700
2003-06-11,7.0,7.190000057220459,7.0,7.099999904632568,6.797098636627197,113500
2003-06-12,7.150000095367432,7.389999866485596,7.150000095367432,7.380000114440918,7.0651535987854,43900
2003-06-13,7.429999828338623,8.0,7.409999847412109,7.900000095367432,7.562969207763672,71800
2003-06-16,8.0,8.289999961853027,7.96999979019165,8.270000457763672,7.917184352874756,74700
2003-06-17,8.279999732971191,8.5,8.270000457763672,8.489999771118164,8.127798080444336,69000
2003-06-18,8.489999771118164,8.949999809265137,8.399999618530273,8.899999618530273,8.520306587219238,57300
2003-06-19,8.949999809265137,9.050000190734863,8.75,8.829999923706055,8.453292846679688,83500
2003-06-20,8.829999923706055,8.829999923706055,8.199999809265137,8.3100004196167,7.955478191375732,37000
2003-06-23,8.289999961853027,8.289999961853027,8.149999618530273,8.1899995803833,7.840596675872803,59200
2003-06-24,8.050000190734863,8.050000190734863,7.639999866485596,7.690000057220459,7.3619279861450195,51600
2003-06-25,7.699999809265137,7.699999809265137,7.230000019073486,7.429999828338623,7.113019943237305,75600
2003-06-26,7.5,7.920000076293945,7.5,7.900000095367432,7.562969207763672,29200
2003-06-27,7.800000190734863,7.900000095367432,7.5,7.550000190734863,7.227900981903076,54500
2003-06-30,7.5,7.949999809265137,7.5,7.949999809265137,7.610835552215576,372000
2003-07-01,7.900000095367432,8.050000190734863,7.739999771118164,8.010000228881836,7.668276309967041,87200
2003-07-02,8.0,8.319999694824219,7.980000019073486,8.300000190734863,7.94590425491333,110600
2003-07-03,8.25,8.399999618530273,8.25,8.329999923706055,7.974624156951904,9800
2003-07-07,8.390000343322754,8.5,8.350000381469727,8.5,8.137372016906738,57400
2003-07-08,8.550000190734863,8.699999809265137,8.550000190734863,8.6899995803833,8.319265365600586,36700
2003-07-09,8.75,8.800000190734863,8.630000114440918,8.779999732971191,8.405426025390625,62200
2003-07-10,8.779999732971191,8.800000190734863,8.199999809265137,8.210000038146973,7.859744071960449,41100
2003-07-11,8.25,8.420000076293945,8.239999771118164,8.359999656677246,8.003344535827637,27300
2003-07-14,8.25,8.260000228881836,7.789999961853027,8.100000381469727,7.75443696975708,40700
2003-07-15,8.100000381469727,8.100000381469727,7.699999809265137,7.900000095367432,7.562969207763672,16300
2003-07-16,8.0,8.270000457763672,8.0,8.270000457763672,7.917184352874756,15400
2003-07-17,8.25,8.350000381469727,7.900000095367432,8.350000381469727,7.993771553039551,23600
2003-07-18,8.34000015258789,8.399999618530273,8.149999618530273,8.25,7.898037433624268,4000
2003-07-21,8.350000381469727,8.350000381469727,7.800000190734863,8.010000228881836,7.668276309967041,13900
2003-07-22,8.100000381469727,8.25,8.0,8.15999984741211,7.8118767738342285,19900
2003-07-23,8.15999984741211,8.350000381469727,8.100000381469727,8.34000015258789,7.984198093414307,15400
2003-07-24,8.449999809265137,8.5,7.900000095367432,8.0,7.658702850341797,17300
2003-07-25,8.100000381469727,8.600000381469727,8.100000381469727,8.5,8.137372016906738,21600
2003-07-28,8.699999809265137,8.729999542236328,8.569999694824219,8.729999542236328,8.357559204101562,17600
2003-07-29,8.800000190734863,8.890000343322754,8.739999771118164,8.850000381469727,8.472440719604492,14900
2003-07-30,8.850000381469727,8.890000343322754,8.710000038146973,8.880000114440918,8.501160621643066,17600
2003-07-31,8.890000343322754,8.960000038146973,8.800000190734863,8.949999809265137,8.5681734085083,27600
2003-08-01,8.949999809265137,8.989999771118164,8.460000038146973,8.819999694824219,8.443719863891602,16700
2003-08-04,8.850000381469727,8.880000114440918,8.350000381469727,8.600000381469727,8.233105659484863,13100
2003-08-05,8.569999694824219,8.739999771118164,8.449999809265137,8.720000267028809,8.347986221313477,10000
2003-08-06,8.600000381469727,8.8100004196167,8.399999618530273,8.75,8.37670612335205,14000
2003-08-07,8.649999618530273,8.6899995803833,8.25,8.399999618530273,8.041637420654297,21600
2003-08-08,8.5,8.539999961853027,7.909999847412109,8.100000381469727,7.75443696975708,28200
2003-08-11,8.149999618530273,8.279999732971191,8.140000343322754,8.279999732971191,7.926757335662842,4900
2003-08-12,8.199999809265137,8.5,8.199999809265137,8.5,8.137372016906738,23500
2003-08-13,8.5,8.5,8.199999809265137,8.229999542236328,7.878890037536621,9700
2003-08-14,8.149999618530273,8.1899995803833,7.920000076293945,8.149999618530273,7.802303314208984,14100
2003-08-15,8.0,8.0,8.0,8.0,7.658702850341797,6400
2003-08-18,8.0,8.100000381469727,8.0,8.100000381469727,7.75443696975708,14600
2003-08-19,8.100000381469727,8.739999771118164,8.100000381469727,8.739999771118164,8.367132186889648,25200
2003-08-20,8.649999618530273,8.800000190734863,8.649999618530273,8.699999809265137,8.328839302062988,27600
2003-08-21,8.800000190734863,8.8100004196167,8.720000267028809,8.789999961853027,8.414999961853027,14900
2003-08-22,8.800000190734863,8.800000190734863,8.25,8.25,7.898037433624268,30600
2003-08-25,8.199999809265137,8.350000381469727,8.199999809265137,8.25,7.898037433624268,3200
2003-08-26,8.199999809265137,8.399999618530273,8.0,8.399999618530273,8.041637420654297,9200
2003-08-27,8.5,8.75,8.5,8.75,8.37670612335205,9200
2003-08-28,8.699999809265137,8.75,8.649999618530273,8.699999809265137,8.328839302062988,10100
2003-08-29,8.600000381469727,8.600000381469727,8.399999618530273,8.399999618530273,8.041637420654297,3800
2003-09-02,8.300000190734863,8.739999771118164,8.210000038146973,8.739999771118164,8.367132186889648,12000
2003-09-03,8.739999771118164,8.739999771118164,8.40999984741211,8.5,8.137372016906738,14300
2003-09-04,8.380000114440918,8.550000190734863,8.270000457763672,8.550000190734863,8.1852388381958,17100
2003-09-05,8.449999809265137,8.550000190734863,8.25,8.300000190734863,7.94590425491333,7100
2003-09-08,8.210000038146973,8.5,8.050000190734863,8.430000305175781,8.070358276367188,34500
2003-09-09,8.359999656677246,8.489999771118164,8.210000038146973,8.210000038146973,7.859744071960449,13400
2003-09-10,8.100000381469727,8.220000267028809,8.100000381469727,8.180000305175781,7.831024169921875,13500
2003-09-11,8.100000381469727,8.199999809265137,8.069999694824219,8.199999809265137,7.850170135498047,12800
2003-09-12,8.100000381469727,8.5,8.0,8.399999618530273,8.041637420654297,12900
2003-09-15,8.5,8.569999694824219,8.109999656677246,8.109999656677246,7.764009475708008,8900
2003-09-16,8.109999656677246,8.489999771118164,8.109999656677246,8.4399995803833,8.079931259155273,19700
2003-09-17,8.399999618530273,8.399999618530273,8.199999809265137,8.25,7.898037433624268,8500
2003-09-18,8.25,8.399999618530273,8.149999618530273,8.170000076293945,7.821450233459473,6000
2003-09-19,8.100000381469727,8.25,8.100000381469727,8.210000038146973,7.859744071960449,13900
2003-09-22,8.109999656677246,8.229999542236328,8.010000228881836,8.210000038146973,7.859744071960449,16200
2003-09-23,8.149999618530273,8.289999961853027,8.010000228881836,8.149999618530273,7.802303314208984,22700
2003-09-24,8.100000381469727,8.140000343322754,8.0,8.010000228881836,7.668276309967041,17200
2003-09-25,8.09000015258789,8.15999984741211,7.849999904632568,7.849999904632568,7.515101909637451,17100
2003-09-26,7.849999904632568,7.849999904632568,6.789999961853027,6.789999961853027,6.50032377243042,65300
2003-09-29,6.400000095367432,6.760000228881836,6.260000228881836,6.760000228881836,6.471604347229004,75900
2003-09-30,6.510000228881836,6.880000114440918,6.360000133514404,6.860000133514404,6.567337989807129,21800
2003-10-01,6.949999809265137,7.230000019073486,6.949999809265137,7.230000019073486,6.921552658081055,22900
2003-10-02,7.230000019073486,7.349999904632568,7.230000019073486,7.329999923706055,7.01728630065918,5100
2003-10-03,7.440000057220459,7.610000133514404,7.25,7.610000133514404,7.285341262817383,21200
2003-10-06,7.650000095367432,7.909999847412109,7.650000095367432,7.909999847412109,7.572542190551758,12100
2003-10-07,8.0,8.8100004196167,8.0,8.489999771118164,8.127798080444336,74400
2003-10-08,8.399999618530273,8.449999809265137,8.09000015258789,8.390000343322754,8.032065391540527,27500
2003-10-09,8.489999771118164,8.550000190734863,8.279999732971191,8.399999618530273,8.041637420654297,27400
2003-10-10,8.289999961853027,8.289999961853027,8.0,8.079999923706055,7.735289573669434,5500
2003-10-13,8.140000343322754,8.300000190734863,8.140000343322754,8.229999542236328,7.878890037536621,6000
2003-10-14,8.239999771118164,8.279999732971191,8.149999618530273,8.25,7.898037433624268,15000
2003-10-15,8.25,8.25,8.010000228881836,8.039999961853027,7.696996212005615,6700
2003-10-16,8.020000457763672,8.699999809265137,8.020000457763672,8.59000015258789,8.223532676696777,25700
2003-10-17,8.59000015258789,8.59000015258789,8.149999618530273,8.199999809265137,7.850170135498047,24000
2003-10-20,8.210000038146973,8.399999618530273,8.149999618530273,8.399999618530273,8.041637420654297,3600
2003-10-21,8.479999542236328,8.489999771118164,8.289999961853027,8.489999771118164,8.127798080444336,28500
2003-10-22,8.489999771118164,8.6899995803833,8.300000190734863,8.40999984741211,8.0512113571167,26100
2003-10-23,8.3100004196167,8.470000267028809,8.300000190734863,8.399999618530273,8.041637420654297,4400
2003-10-24,8.300000190734863,8.350000381469727,8.270000457763672,8.270000457763672,7.917184352874756,8600
2003-10-27,8.329999923706055,8.34000015258789,8.229999542236328,8.329999923706055,7.974624156951904,5600
2003-10-28,8.329999923706055,8.34000015258789,8.100000381469727,8.34000015258789,7.984198093414307,12000
2003-10-29,8.329999923706055,8.329999923706055,8.199999809265137,8.329999923706055,7.974624156951904,20000
2003-10-30,8.329999923706055,8.399999618530273,8.210000038146973,8.329999923706055,7.974624156951904,13200
2003-10-31,8.329999923706055,8.479999542236328,8.220000267028809,8.289999961853027,7.936330795288086,16500
2003-11-03,8.390000343322754,8.550000190734863,8.350000381469727,8.4399995803833,8.079931259155273,16300
2003-11-04,8.4399995803833,8.6899995803833,8.4399995803833,8.600000381469727,8.233105659484863,14700
2003-11-05,8.680000305175781,8.75,8.5600004196167,8.75,8.37670612335205,22000
2003-11-06,8.84000015258789,9.880000114440918,8.8100004196167,9.880000114440918,9.458498001098633,83100
2003-11-07,9.890000343322754,10.100000381469727,9.5600004196167,9.569999694824219,9.161723136901855,35900
2003-11-10,9.5600004196167,9.640000343322754,9.1899995803833,9.34000015258789,8.941535949707031,38100
2003-11-11,9.489999771118164,9.489999771118164,9.1899995803833,9.399999618530273,8.99897575378418,26200
2003-11-12,9.3100004196167,9.5,9.100000381469727,9.449999809265137,9.046842575073242,31900
2003-11-13,9.350000381469727,9.359999656677246,9.25,9.300000190734863,8.903242111206055,10200
2003-11-14,9.399999618530273,9.5,8.8100004196167,8.8100004196167,8.434146881103516,23600
2003-11-17,8.710000038146973,8.739999771118164,8.100000381469727,8.550000190734863,8.1852388381958,55900
2003-11-18,8.649999618530273,8.670000076293945,8.149999618530273,8.300000190734863,7.94590425491333,27600
2003-11-19,8.420000076293945,8.850000381469727,8.270000457763672,8.600000381469727,8.233105659484863,28900
2003-11-20,8.5,8.600000381469727,8.300000190734863,8.329999923706055,7.974624156951904,17300
2003-11-21,8.430000305175781,8.520000457763672,8.3100004196167,8.479999542236328,8.118224143981934,21000
2003-11-24,8.729999542236328,9.0,8.600000381469727,9.0,8.61604118347168,49600
2003-11-25,8.899999618530273,9.149999618530273,8.8100004196167,9.140000343322754,8.750068664550781,23300
2003-11-26,9.149999618530273,9.390000343322754,9.149999618530273,9.289999961853027,8.893668174743652,17700
2003-11-28,9.300000190734863,9.300000190734863,9.010000228881836,9.010000228881836,8.625614166259766,6000
2003-12-01,9.130000114440918,9.1899995803833,8.510000228881836,8.520000457763672,8.156518936157227,17600
2003-12-02,8.510000228881836,8.800000190734863,8.510000228881836,8.550000190734863,8.1852388381958,13900
2003-12-03,8.649999618530273,8.819999694824219,8.300000190734863,8.319999694824219,7.96505069732666,24200
2003-12-04,8.260000228881836,8.550000190734863,8.25,8.550000190734863,8.1852388381958,20100
2003-12-05,8.449999809265137,8.489999771118164,8.149999618530273,8.390000343322754,8.032065391540527,21200
2003-12-08,8.479999542236328,8.5,8.170000076293945,8.350000381469727,7.993771553039551,20700
2003-12-09,8.449999809265137,8.649999618530273,8.289999961853027,8.350000381469727,7.993771553039551,26500
2003-12-10,8.350000381469727,8.380000114440918,7.980000019073486,8.050000190734863,7.706570148468018,15500
2003-12-11,7.949999809265137,8.489999771118164,7.949999809265137,8.380000114440918,8.022491455078125,23700
2003-12-12,8.479999542236328,8.800000190734863,8.479999542236328,8.699999809265137,8.328839302062988,23200
2003-12-15,8.800000190734863,8.989999771118164,8.510000228881836,8.510000228881836,8.146944999694824,17900
2003-12-16,8.510000228881836,8.520000457763672,8.25,8.5,8.137372016906738,21600
2003-12-17,8.380000114440918,8.380000114440918,8.210000038146973,8.260000228881836,7.907610893249512,16300
2003-12-18,8.199999809265137,8.3100004196167,8.109999656677246,8.270000457763672,7.917184352874756,18300
2003-12-19,8.520000457763672,8.84000015258789,8.430000305175781,8.699999809265137,8.328839302062988,56700
2003-12-22,8.649999618530273,8.75,8.609999656677246,8.649999618530273,8.280972480773926,9700
2003-12-23,8.6899995803833,8.800000190734863,8.619999885559082,8.800000190734863,8.424572944641113,27200
2003-12-24,8.850000381469727,8.979999542236328,8.800000190734863,8.960000038146973,8.577747344970703,14700
2003-12-26,9.0,9.029999732971191,8.970000267028809,8.979999542236328,8.596893310546875,4500
2003-12-29,9.100000381469727,9.369999885559082,9.100000381469727,9.369999885559082,8.970255851745605,32900
2003-12-30,9.369999885559082,9.399999618530273,9.3100004196167,9.390000343322754,8.989402770996094,18300
2003-12-31,9.369999885559082,9.399999618530273,9.149999618530273,9.149999618530273,8.75964069366455,27600
2004-01-02,9.25,9.699999809265137,9.25,9.5,9.094709396362305,38800
2004-01-05,9.5,9.649999618530273,9.270000457763672,9.300000190734863,8.903242111206055,14200
2004-01-06,9.380000114440918,9.390000343322754,9.25,9.289999961853027,8.893668174743652,19000
2004-01-07,9.25,9.3100004196167,8.970000267028809,9.1899995803833,8.797934532165527,39700
2004-01-08,9.1899995803833,9.199999809265137,8.829999923706055,8.890000343322754,8.510733604431152,32900
2004-01-09,8.989999771118164,9.130000114440918,8.800000190734863,8.800000190734863,8.424572944641113,20100
2004-01-12,8.899999618530273,9.149999618530273,8.84000015258789,9.020000457763672,8.635188102722168,26200
2004-01-13,9.119999885559082,11.449999809265137,9.0,11.420000076293945,10.932798385620117,262000
2004-01-14,11.399999618530273,12.489999771118164,11.100000381469727,12.399999618530273,11.870988845825195,389100
2004-01-15,12.390000343322754,12.600000381469727,12.1899995803833,12.5,11.966723442077637,267300
2004-01-16,12.649999618530273,12.649999618530273,12.300000190734863,12.319999694824219,11.794402122497559,39700
2004-01-20,12.010000228881836,12.25,11.850000381469727,12.239999771118164,11.717815399169922,50800
2004-01-21,12.390000343322754,12.390000343322754,11.899999618530273,11.970000267028809,11.459334373474121,51600
2004-01-22,12.09000015258789,12.220000267028809,11.600000381469727,11.600000381469727,11.105119705200195,32500
2004-01-23,11.720000267028809,12.739999771118164,11.600000381469727,12.739999771118164,12.196483612060547,46900
2004-01-26,12.539999961853027,12.979999542236328,12.539999961853027,12.979999542236328,12.426244735717773,65300
2004-01-27,12.890000343322754,13.039999961853027,12.550000190734863,13.039999961853027,12.483685493469238,59300
2004-01-28,13.0,13.300000190734863,13.0,13.25,12.68472671508789,111600
2004-01-29,13.5,13.5,12.739999771118164,12.739999771118164,12.196483612060547,71500
2004-01-30,12.75,13.0,12.550000190734863,12.609999656677246,12.072030067443848,26200
2004-02-02,12.609999656677246,12.649999618530273,12.420000076293945,12.5,11.966723442077637,24100
2004-02-03,12.25,12.5,12.25,12.4399995803833,11.909282684326172,32700
2004-02-04,12.319999694824219,12.800000190734863,11.899999618530273,12.449999809265137,11.918855667114258,57100
2004-02-05,12.449999809265137,12.609999656677246,12.4399995803833,12.539999961853027,12.005016326904297,25400
2004-02-06,12.4399995803833,12.899999618530273,12.350000381469727,12.800000190734863,12.253924369812012,26200
2004-02-09,12.899999618530273,13.079999923706055,12.869999885559082,12.989999771118164,12.435818672180176,33100
2004-02-10,13.239999771118164,14.300000190734863,13.199999809265137,14.289999961853027,13.680357933044434,128400
2004-02-11,14.5,14.899999618530273,14.5,14.600000381469727,13.977132797241211,109600
2004-02-12,14.75,14.75,13.739999771118164,13.800000190734863,13.211262702941895,119600
2004-02-13,13.619999885559082,13.789999961853027,13.25,13.470000267028809,12.895340919494629,52800
2004-02-17,13.569999694824219,13.890000343322754,13.569999694824219,13.649999618530273,13.06766128540039,46600
2004-02-18,13.600000381469727,13.989999771118164,13.600000381469727,13.630000114440918,13.048515319824219,50600
2004-02-19,13.640000343322754,14.100000381469727,13.350000381469727,13.350000381469727,12.780460357666016,60000
2004-02-20,13.5,13.600000381469727,12.75,12.970000267028809,12.416672706604004,37100
2004-02-23,13.149999618530273,13.239999771118164,12.899999618530273,13.020000457763672,12.464539527893066,32000
2004-02-24,12.920000076293945,12.9399995803833,12.600000381469727,12.869999885559082,12.320938110351562,39400
2004-02-25,12.850000381469727,13.149999618530273,12.5,12.75,12.20605754852295,26000
2004-02-26,12.850000381469727,13.100000381469727,12.680000305175781,13.100000381469727,12.541126251220703,8400
2004-02-27,13.1899995803833,13.770000457763672,13.079999923706055,13.770000457763672,13.18254280090332,35400
2004-03-01,13.970000267028809,14.109999656677246,13.770000457763672,13.949999809265137,13.354863166809082,46600
2004-03-02,14.050000190734863,14.050000190734863,13.699999809265137,13.699999809265137,13.115528106689453,25700
2004-03-03,13.600000381469727,13.670000076293945,13.449999809265137,13.619999885559082,13.038941383361816,20800
2004-03-04,13.619999885559082,13.619999885559082,13.300000190734863,13.359999656677246,12.790033340454102,17400
2004-03-05,13.5,13.800000190734863,13.350000381469727,13.670000076293945,13.086808204650879,21700
2004-03-08,13.649999618530273,14.550000190734863,13.5,14.430000305175781,13.814385414123535,103300
2004-03-09,14.550000190734863,14.640000343322754,14.300000190734863,14.350000381469727,13.737798690795898,57000
2004-03-10,14.479999542236328,14.5,13.510000228881836,13.510000228881836,12.933634757995605,48600
2004-03-11,13.350000381469727,13.729999542236328,12.899999618530273,13.149999618530273,12.58899211883545,38300
2004-03-12,13.25,14.100000381469727,13.050000190734863,14.100000381469727,13.498464584350586,27100
2004-03-15,14.199999809265137,15.989999771118164,14.199999809265137,15.949999809265137,15.269538879394531,289400
2004-03-16,16.0,16.700000762939453,15.949999809265137,16.469999313354492,15.767354011535645,252800
2004-03-17,16.719999313354492,19.389999389648438,16.719999313354492,19.3700008392334,18.54363441467285,398600
2004-03-18,19.0,19.989999771118164,17.75,19.940000534057617,19.089317321777344,303700
2004-03-19,19.950000762939453,19.950000762939453,18.700000762939453,18.920000076293945,18.11283302307129,151100
2004-03-22,18.93000030517578,18.93000030517578,17.799999237060547,18.149999618530273,17.375680923461914,146200
2004-03-23,18.149999618530273,18.649999618530273,17.200000762939453,17.3700008392334,16.62895965576172,125300
2004-03-24,17.469999313354492,17.790000915527344,17.010000228881836,17.420000076293945,16.67682647705078,83400
2004-03-25,17.540000915527344,17.549999237060547,16.5,16.690000534057617,15.9779691696167,123200
2004-03-26,16.489999771118164,17.40999984741211,16.260000228881836,17.100000381469727,16.3704776763916,151200
2004-03-29,17.229999542236328,18.5,17.229999542236328,17.950000762939453,17.184215545654297,308500
2004-03-30,18.0,18.100000381469727,16.34000015258789,16.5,15.796074867248535,377700
2004-03-31,16.100000381469727,16.350000381469727,15.449999809265137,15.75,15.078071594238281,452700
2004-04-01,15.75,16.600000381469727,15.600000381469727,16.309999465942383,15.614179611206055,270500
2004-04-02,16.649999618530273,17.0,16.309999465942383,16.700000762939453,15.987543106079102,145100
2004-04-05,16.700000762939453,16.700000762939453,15.800000190734863,16.18000030517578,15.489727020263672,168000
2004-04-06,16.43000030517578,17.299999237060547,16.43000030517578,16.850000381469727,16.13114356994629,408600
2004-04-07,17.0,17.149999618530273,16.850000381469727,17.030000686645508,16.303464889526367,125800
2004-04-08,17.030000686645508,17.100000381469727,16.1200008392334,16.25,15.556739807128906,166500
2004-04-12,16.260000228881836,16.260000228881836,15.350000381469727,15.390000343322754,14.733429908752441,188800
2004-04-13,15.5,15.600000381469727,15.0,15.0,14.360067367553711,2791600
2004-04-14,15.0,15.109999656677246,15.0,15.020000457763672,14.379215240478516,384500
2004-04-15,15.100000381469727,15.100000381469727,15.0,15.0,14.360067367553711,286800
2004-04-16,15.149999618530273,15.399999618530273,15.020000457763672,15.039999961853027,14.398361206054688,169200
2004-04-19,15.039999961853027,15.149999618530273,14.0,14.550000190734863,13.929265975952148,511600
2004-04-20,14.550000190734863,14.630000114440918,14.279999732971191,14.420000076293945,13.80481243133545,178200
2004-04-21,14.449999809265137,14.579999923706055,14.25,14.510000228881836,13.890972137451172,77700
2004-04-22,14.40999984741211,15.100000381469727,14.300000190734863,15.020000457763672,14.379215240478516,116500
2004-04-23,15.100000381469727,15.149999618530273,14.550000190734863,14.649999618530273,14.024999618530273,59700
2004-04-26,14.25,14.470000267028809,14.100000381469727,14.430000305175781,13.814385414123535,153000
2004-04-27,14.350000381469727,14.539999961853027,14.25,14.380000114440918,13.766518592834473,93700
2004-04-28,14.300000190734863,14.300000190734863,12.720000267028809,13.5,12.924060821533203,434800
2004-04-29,13.449999809265137,13.75,13.079999923706055,13.420000076293945,12.847474098205566,182300
2004-04-30,13.5,14.399999618530273,13.5,14.100000381469727,13.498464584350586,274000
2004-05-03,14.100000381469727,14.390000343322754,13.680000305175781,13.6899995803833,13.105955123901367,128400
2004-05-04,13.789999961853027,14.100000381469727,13.75,13.899999618530273,13.306995391845703,137900
2004-05-05,13.800000190734863,14.0600004196167,13.800000190734863,14.010000228881836,13.412303924560547,87800
2004-05-06,13.949999809265137,14.0,13.550000190734863,13.550000190734863,12.971928596496582,74600
2004-05-07,13.600000381469727,14.399999618530273,13.550000190734863,14.100000381469727,13.498464584350586,182100
2004-05-10,14.050000190734863,14.100000381469727,13.850000381469727,13.90999984741211,13.316569328308105,132400
2004-05-11,14.010000228881836,14.550000190734863,13.949999809265137,14.479999542236328,13.862251281738281,156700
2004-05-12,14.550000190734863,14.550000190734863,13.649999618530273,14.300000190734863,13.689931869506836,79300
2004-05-13,14.199999809265137,14.550000190734863,14.149999618530273,14.489999771118164,13.871825218200684,49800
2004-05-14,14.5,14.600000381469727,14.319999694824219,14.319999694824219,13.709077835083008,143700
2004-05-17,14.220000267028809,14.229999542236328,12.729999542236328,12.800000190734863,12.253924369812012,152900
2004-05-18,12.859999656677246,13.029999732971191,12.149999618530273,12.699999809265137,12.158190727233887,90100
2004-05-19,12.949999809265137,12.979999542236328,12.050000190734863,12.149999618530273,11.631654739379883,93600
2004-05-20,12.149999618530273,12.149999618530273,11.100000381469727,11.109999656677246,10.63602352142334,443400
2004-05-21,11.180000305175781,11.350000381469727,10.550000190734863,10.75,10.2913818359375,268800
2004-05-24,10.75,10.819999694824219,10.220000267028809,10.699999809265137,10.243515014648438,223400
2004-05-25,10.800000190734863,10.800000190734863,10.199999809265137,10.399999618530273,9.956313133239746,234100
2004-05-26,10.399999618530273,10.729999542236328,10.399999618530273,10.529999732971191,10.080767631530762,148400
2004-05-27,10.630000114440918,11.350000381469727,10.550000190734863,11.270000457763672,10.78919792175293,177100
2004-05-28,11.199999809265137,11.199999809265137,10.760000228881836,10.899999618530273,10.434982299804688,73800
2004-06-01,10.800000190734863,11.050000190734863,10.710000038146973,10.989999771118164,10.521142959594727,88700
2004-06-02,11.09000015258789,11.390000343322754,11.050000190734863,11.300000190734863,10.817917823791504,113800
2004-06-03,11.199999809265137,11.229999542236328,11.050000190734863,11.100000381469727,10.626450538635254,98700
2004-06-04,11.0600004196167,11.1899995803833,11.050000190734863,11.0600004196167,10.588156700134277,41600
2004-06-07,11.140000343322754,12.100000381469727,11.119999885559082,12.100000381469727,11.583788871765137,97700
2004-06-08,11.949999809265137,11.949999809265137,11.25,11.329999923706055,10.846637725830078,124000
2004-06-09,11.260000228881836,11.300000190734863,10.979999542236328,11.039999961853027,10.569009780883789,119300
2004-06-10,11.039999961853027,11.300000190734863,10.75,10.84000015258789,10.377542495727539,122800
2004-06-14,10.739999771118164,10.800000190734863,10.0,10.010000228881836,9.582952499389648,151900
2004-06-15,10.020000457763672,10.180000305175781,9.800000190734863,9.850000381469727,9.429778099060059,283100
2004-06-16,9.899999618530273,10.079999923706055,9.180000305175781,9.350000381469727,8.951108932495117,267100
2004-06-17,9.350000381469727,10.069999694824219,9.199999809265137,9.40999984741211,9.008548736572266,344000
2004-06-18,9.40999984741211,9.6899995803833,9.40999984741211,9.420000076293945,9.018122673034668,197300
2004-06-21,9.5,9.600000381469727,9.430000305175781,9.430000305175781,9.02769660949707,170500
2004-06-22,9.329999923706055,9.5,9.270000457763672,9.279999732971191,8.884095191955566,105900
2004-06-23,9.380000114440918,9.619999885559082,9.25,9.3100004196167,8.912816047668457,159400
2004-06-24,9.40999984741211,10.0,9.40999984741211,9.899999618530273,9.477643966674805,177300
2004-06-25,10.050000190734863,10.1899995803833,9.899999618530273,10.149999618530273,9.716979026794434,368600
2004-06-28,10.199999809265137,10.399999618530273,10.039999961853027,10.140000343322754,9.707406044006348,75700
2004-06-29,10.100000381469727,10.449999809265137,10.050000190734863,10.229999542236328,9.79356575012207,82800
2004-06-30,10.279999732971191,10.850000381469727,10.199999809265137,10.670000076293945,10.214795112609863,107000
2004-07-01,10.670000076293945,10.890000343322754,10.550000190734863,10.829999923706055,10.367968559265137,205900
2004-07-02,10.899999618530273,11.229999542236328,10.670000076293945,11.180000305175781,10.70303726196289,105100
2004-07-06,11.199999809265137,11.430000305175781,11.119999885559082,11.34000015258789,10.85621166229248,136000
2004-07-07,11.140000343322754,11.5,11.140000343322754,11.5,11.009385108947754,112300
2004-07-08,11.300000190734863,11.300000190734863,10.859999656677246,10.960000038146973,10.492423057556152,135400
2004-07-09,10.960000038146973,11.0,10.699999809265137,10.920000076293945,10.454129219055176,30200
2004-07-12,10.930000305175781,11.34000015258789,10.859999656677246,11.3100004196167,10.827491760253906,51300
2004-07-13,11.25,11.449999809265137,11.239999771118164,11.239999771118164,10.760477066040039,26700
2004-07-14,11.0,11.75,10.5,10.75,10.2913818359375,141500
2004-07-15,10.789999961853027,11.199999809265137,10.649999618530273,11.119999885559082,10.645596504211426,64900
2004-07-16,11.220000267028809,11.220000267028809,10.920000076293945,10.930000305175781,10.463703155517578,59300
2004-07-19,11.0,11.0,10.579999923706055,10.699999809265137,10.243515014648438,44600
2004-07-20,10.600000381469727,11.15999984741211,10.5,11.15999984741211,10.683890342712402,57600
2004-07-21,11.199999809265137,11.229999542236328,10.8100004196167,10.920000076293945,10.454129219055176,33700
2004-07-22,10.920000076293945,10.920000076293945,10.649999618530273,10.75,10.2913818359375,21600
2004-07-23,10.649999618530273,10.699999809265137,10.380000114440918,10.539999961853027,10.090340614318848,124200
2004-07-26,10.539999961853027,10.550000190734863,10.350000381469727,10.359999656677246,9.918020248413086,116300
2004-07-27,10.460000038146973,10.579999923706055,10.300000190734863,10.579999923706055,10.128634452819824,35600
2004-07-28,10.550000190734863,10.609999656677246,10.100000381469727,10.350000381469727,9.908447265625,41300
2004-07-29,10.300000190734863,10.819999694824219,10.270000457763672,10.800000190734863,10.339248657226562,58500
2004-07-30,11.0,11.199999809265137,10.930000305175781,10.9399995803833,10.473276138305664,113400
2004-08-02,11.039999961853027,11.619999885559082,10.789999961853027,11.569999694824219,11.076398849487305,97800
2004-08-03,11.609999656677246,11.609999656677246,11.289999961853027,11.449999809265137,10.961518287658691,65000
2004-08-04,11.399999618530273,11.640000343322754,11.300000190734863,11.640000343322754,11.143412590026855,37900
2004-08-05,11.739999771118164,11.800000190734863,11.550000190734863,11.680000305175781,11.181706428527832,41100
2004-08-06,12.050000190734863,12.489999771118164,11.829999923706055,12.380000114440918,11.851842880249023,151200
2004-08-09,12.449999809265137,12.59000015258789,12.100000381469727,12.149999618530273,11.631654739379883,58000
2004-08-10,12.199999809265137,12.699999809265137,12.149999618530273,12.699999809265137,12.158190727233887,69900
2004-08-11,12.800000190734863,13.479999542236328,12.470000267028809,13.460000038146973,12.885767936706543,131200
2004-08-12,13.5600004196167,13.699999809265137,13.100000381469727,13.390000343322754,12.818754196166992,107200
2004-08-13,13.489999771118164,14.140000343322754,13.449999809265137,14.0600004196167,13.46017074584961,108000
2004-08-16,14.0600004196167,14.300000190734863,14.0,14.15999984741211,13.555903434753418,167500
2004-08-17,14.5,15.0,14.100000381469727,14.649999618530273,14.024999618530273,250800
2004-08-18,14.75,14.75,14.180000305175781,14.529999732971191,13.91011905670166,89800
2004-08-19,14.569999694824219,15.079999923706055,14.520000457763672,15.079999923706055,14.436655044555664,164500
2004-08-20,15.180000305175781,15.399999618530273,14.829999923706055,14.850000381469727,14.21646785736084,164100
2004-08-23,14.949999809265137,14.979999542236328,14.350000381469727,14.670000076293945,14.044146537780762,169400
2004-08-24,14.6899995803833,14.699999809265137,13.729999542236328,13.989999771118164,13.393156051635742,185400
2004-08-25,13.989999771118164,14.100000381469727,13.670000076293945,14.0,13.402729988098145,81300
2004-08-26,14.050000190734863,14.050000190734863,13.800000190734863,13.84000015258789,13.249556541442871,109400
2004-08-27,13.9399995803833,14.399999618530273,13.819999694824219,14.399999618530273,13.785664558410645,172200
2004-08-30,14.350000381469727,14.800000190734863,14.079999923706055,14.6899995803833,14.063292503356934,42300
2004-08-31,14.6899995803833,15.1899995803833,14.680000305175781,15.100000381469727,14.455801963806152,188100
2004-09-01,15.180000305175781,15.5,14.949999809265137,15.229999542236328,14.580255508422852,142600
2004-09-02,15.369999885559082,15.619999885559082,15.180000305175781,15.5600004196167,14.896177291870117,129400
2004-09-03,15.649999618530273,15.989999771118164,15.640000343322754,15.65999984741211,14.991910934448242,115300
2004-09-07,15.75,15.880000114440918,15.199999809265137,15.460000038146973,14.800443649291992,122200
2004-09-08,15.40999984741211,15.489999771118164,15.319999694824219,15.399999618530273,14.743002891540527,85100
2004-09-09,15.399999618530273,15.489999771118164,14.899999618530273,15.050000190734863,14.40793514251709,253800
2004-09-10,15.039999961853027,15.149999618530273,14.789999961853027,14.989999771118164,14.350494384765625,200500
2004-09-13,14.819999694824219,15.829999923706055,14.399999618530273,14.489999771118164,13.871825218200684,268000
2004-09-14,14.069999694824219,14.069999694824219,13.569999694824219,13.739999771118164,13.15382194519043,559900
2004-09-15,13.739999771118164,13.960000038146973,13.739999771118164,13.800000190734863,13.211262702941895,381400
2004-09-16,13.850000381469727,14.029999732971191,13.800000190734863,13.899999618530273,13.306995391845703,262500
2004-09-17,13.899999618530273,13.979999542236328,13.65999984741211,13.9399995803833,13.34528923034668,219100
2004-09-20,13.850000381469727,14.149999618530273,13.850000381469727,14.010000228881836,13.412303924560547,205200
2004-09-21,14.0,14.279999732971191,14.0,14.149999618530273,13.546330451965332,82400
2004-09-22,14.050000190734863,14.180000305175781,13.970000267028809,14.050000190734863,13.450596809387207,102300
2004-09-23,14.010000228881836,14.140000343322754,13.800000190734863,13.819999694824219,13.230408668518066,82400
2004-09-24,13.880000114440918,14.050000190734863,13.619999885559082,13.800000190734863,13.211262702941895,70200
2004-09-27,13.899999618530273,14.1899995803833,13.819999694824219,14.0,13.402729988098145,147300
2004-09-28,14.0,14.050000190734863,13.90999984741211,14.0,13.402729988098145,58700
2004-09-29,13.800000190734863,14.210000038146973,13.739999771118164,14.0,13.402729988098145,132400
2004-09-30,14.079999923706055,14.34000015258789,14.079999923706055,14.260000228881836,13.65163803100586,102300
2004-10-01,14.270000457763672,14.460000038146973,14.029999732971191,14.380000114440918,13.766518592834473,52200
2004-10-04,14.479999542236328,15.489999771118164,14.470000267028809,15.279999732971191,14.628122329711914,138700
2004-10-05,15.279999732971191,15.619999885559082,15.25,15.399999618530273,14.743002891540527,300900
2004-10-06,15.380000114440918,15.680000305175781,15.380000114440918,15.520000457763672,14.857884407043457,155400
2004-10-07,15.5,15.600000381469727,15.270000457763672,15.300000190734863,14.647269248962402,96200
2004-10-08,15.300000190734863,15.5600004196167,15.300000190734863,15.460000038146973,14.800443649291992,44200
2004-10-11,15.84000015258789,16.0,15.5,15.529999732971191,14.867456436157227,102100
2004-10-12,15.510000228881836,15.579999923706055,15.25,15.479999542236328,14.819589614868164,50600
2004-10-13,15.5,15.550000190734863,15.149999618530273,15.350000381469727,14.695136070251465,24800
2004-10-14,15.350000381469727,15.420000076293945,15.069999694824219,15.199999809265137,14.551535606384277,34400
2004-10-15,15.210000038146973,15.489999771118164,15.149999618530273,15.329999923706055,14.675989151000977,49300
2004-10-18,14.6899995803833,15.25,14.520000457763672,15.199999809265137,14.551535606384277,95300
2004-10-19,15.100000381469727,15.210000038146973,15.020000457763672,15.180000305175781,14.532388687133789,39700
2004-10-20,15.100000381469727,15.279999732971191,15.100000381469727,15.239999771118164,14.589828491210938,36600
2004-10-21,15.239999771118164,15.630000114440918,15.130000114440918,15.600000381469727,14.934471130371094,99900
2004-10-22,15.699999809265137,15.819999694824219,15.640000343322754,15.819999694824219,15.145084381103516,166900
2004-10-25,15.819999694824219,15.899999618530273,15.520000457763672,15.739999771118164,15.068497657775879,66800
2004-10-26,15.640000343322754,15.800000190734863,15.600000381469727,15.75,15.078071594238281,53000
2004-10-27,15.800000190734863,16.020000457763672,15.770000457763672,15.8100004196167,15.135512351989746,84800
2004-10-28,15.899999618530273,16.209999084472656,15.75,16.0,15.317405700683594,80900
2004-10-29,16.0,16.0,15.609999656677246,15.800000190734863,15.125938415527344,33600
2004-11-01,15.8100004196167,15.8100004196167,15.34000015258789,15.350000381469727,14.695136070251465,123900
2004-11-02,15.199999809265137,15.710000038146973,15.149999618530273,15.350000381469727,14.695136070251465,133900
2004-11-03,15.5,15.649999618530273,15.300000190734863,15.5,14.838736534118652,88500
2004-11-04,15.600000381469727,15.600000381469727,15.350000381469727,15.5,14.838736534118652,99500
2004-11-05,14.850000381469727,15.09000015258789,13.800000190734863,14.239999771118164,13.632491111755371,232400
2004-11-08,14.239999771118164,14.289999961853027,13.350000381469727,13.59000015258789,13.010221481323242,250200
2004-11-09,13.279999732971191,13.550000190734863,13.279999732971191,13.489999771118164,12.914487838745117,307700
2004-11-10,13.449999809265137,14.289999961853027,13.449999809265137,14.260000228881836,13.65163803100586,163700
2004-11-11,14.399999618530273,14.649999618530273,14.260000228881836,14.449999809265137,13.833531379699707,139800
2004-11-12,14.399999618530273,14.420000076293945,14.25,14.399999618530273,13.785664558410645,149800
2004-11-15,14.350000381469727,14.479999542236328,14.220000267028809,14.279999732971191,13.670783996582031,226700
2004-11-16,14.289999961853027,14.319999694824219,14.1899995803833,14.289999961853027,13.680357933044434,134300
2004-11-17,14.350000381469727,14.399999618530273,14.069999694824219,14.109999656677246,13.508036613464355,379800
2004-11-18,14.109999656677246,14.15999984741211,14.0600004196167,14.100000381469727,13.498464584350586,56200
2004-11-19,14.050000190734863,14.220000267028809,13.819999694824219,13.949999809265137,13.354863166809082,67500
2004-11-22,14.0,14.399999618530273,13.960000038146973,14.329999923706055,13.71865177154541,156500
2004-11-23,14.600000381469727,16.1299991607666,14.539999961853027,15.680000305175781,15.01105785369873,556300
2004-11-24,15.670000076293945,15.670000076293945,15.289999961853027,15.329999923706055,14.675989151000977,153700
2004-11-26,15.199999809265137,15.25,15.050000190734863,15.199999809265137,14.551535606384277,44500
2004-11-29,15.199999809265137,15.350000381469727,14.960000038146973,14.979999542236328,14.340920448303223,78100
2004-11-30,15.029999732971191,15.100000381469727,14.949999809265137,14.949999809265137,14.312200546264648,118500
2004-12-01,14.949999809265137,15.279999732971191,14.949999809265137,15.239999771118164,14.589828491210938,124900
2004-12-02,15.25,15.760000228881836,15.25,15.550000190734863,14.886604309082031,271500
2004-12-03,15.569999694824219,15.680000305175781,15.449999809265137,15.550000190734863,14.886604309082031,37700
2004-12-06,15.520000457763672,16.079999923706055,15.510000228881836,15.899999618530273,15.221671104431152,207300
2004-12-07,16.079999923706055,16.43000030517578,16.049999237060547,16.260000228881836,15.566313743591309,359300
2004-12-08,16.360000610351562,16.420000076293945,16.200000762939453,16.350000381469727,15.652474403381348,291300
2004-12-09,16.350000381469727,16.549999237060547,16.100000381469727,16.399999618530273,15.700340270996094,189000
2004-12-10,16.399999618530273,16.670000076293945,16.229999542236328,16.670000076293945,15.958822250366211,72200
2004-12-13,16.670000076293945,16.75,16.299999237060547,16.75,16.035409927368164,251500
2004-12-14,16.739999771118164,16.889999389648438,16.610000610351562,16.780000686645508,16.064130783081055,170300
2004-12-15,16.760000228881836,16.889999389648438,16.6299991607666,16.700000762939453,15.987543106079102,163600
2004-12-16,16.700000762939453,16.84000015258789,16.5,16.700000762939453,15.987543106079102,176500
2004-12-17,16.649999618530273,16.68000030517578,16.5,16.579999923706055,15.872661590576172,60900
2004-12-20,16.489999771118164,16.65999984741211,16.399999618530273,16.420000076293945,15.719488143920898,73400
2004-12-21,16.200000762939453,16.59000015258789,16.200000762939453,16.360000610351562,15.66204833984375,93500
2004-12-22,16.399999618530273,16.719999313354492,16.399999618530273,16.579999923706055,15.872661590576172,69700
2004-12-23,16.579999923706055,16.65999984741211,16.15999984741211,16.649999618530273,15.939675331115723,75000
2004-12-27,16.700000762939453,16.850000381469727,16.549999237060547,16.84000015258789,16.121570587158203,71800
2004-12-28,16.860000610351562,17.010000228881836,16.770000457763672,17.0,16.274744033813477,83200
2004-12-29,16.989999771118164,17.0,16.850000381469727,16.969999313354492,16.246023178100586,31500
2004-12-30,17.0,17.040000915527344,16.790000915527344,16.799999237060547,16.083274841308594,39500
2004-12-31,16.700000762939453,16.920000076293945,16.65999984741211,16.690000534057617,15.9779691696167,28900
2005-01-03,16.940000534057617,17.079999923706055,16.579999923706055,16.709999084472656,15.997115135192871,83600
2005-01-04,16.739999771118164,16.93000030517578,16.700000762939453,16.829999923706055,16.111995697021484,149300
2005-01-05,17.06999969482422,17.56999969482422,16.84000015258789,17.0,16.274744033813477,144100
2005-01-06,17.100000381469727,17.139999389648438,16.299999237060547,16.649999618530273,15.939675331115723,87400
2005-01-07,16.649999618530273,16.739999771118164,16.579999923706055,16.729999542236328,16.01626205444336,63500
2005-01-10,16.649999618530273,16.799999237060547,16.56999969482422,16.700000762939453,15.987543106079102,100900
2005-01-11,16.75,16.75,16.389999389648438,16.479999542236328,15.77692699432373,54000
2005-01-12,16.549999237060547,16.600000381469727,16.170000076293945,16.420000076293945,15.719488143920898,55800
2005-01-13,16.469999313354492,16.760000228881836,16.299999237060547,16.6200008392334,15.910956382751465,43700
2005-01-14,16.549999237060547,16.8700008392334,16.510000228881836,16.84000015258789,16.121570587158203,23900
2005-01-18,16.899999618530273,17.06999969482422,16.850000381469727,17.020000457763672,16.29388999938965,57400
2005-01-19,17.020000457763672,17.450000762939453,16.940000534057617,17.329999923706055,16.590665817260742,76600
2005-01-20,17.350000381469727,17.600000381469727,17.190000534057617,17.209999084472656,16.475784301757812,96700
2005-01-21,17.15999984741211,17.540000915527344,17.049999237060547,17.149999618530273,16.418344497680664,52400
2005-01-24,17.299999237060547,17.299999237060547,16.31999969482422,16.459999084472656,15.757780075073242,58500
2005-01-25,16.520000457763672,16.799999237060547,16.5,16.709999084472656,15.997115135192871,25800
2005-01-26,16.700000762939453,16.920000076293945,16.700000762939453,16.899999618530273,16.17900848388672,30300
2005-01-27,16.899999618530273,17.049999237060547,16.81999969482422,17.049999237060547,16.322608947753906,47400
2005-01-28,17.100000381469727,17.239999771118164,16.75,17.030000686645508,16.303464889526367,64100
2005-01-31,17.030000686645508,17.3799991607666,16.809999465942383,17.280000686645508,16.54279899597168,62900
2005-02-01,17.280000686645508,17.850000381469727,17.280000686645508,17.790000915527344,17.031042098999023,61800
2005-02-02,17.799999237060547,17.920000076293945,17.56999969482422,17.670000076293945,16.916160583496094,50400
2005-02-03,17.520000457763672,17.739999771118164,17.43000030517578,17.690000534057617,16.935306549072266,26200
2005-02-04,17.75,17.799999237060547,17.31999969482422,17.389999389648438,16.64810562133789,83600
2005-02-07,17.25,17.649999618530273,17.25,17.600000381469727,16.849145889282227,69800
2005-02-08,17.540000915527344,17.770000457763672,17.489999771118164,17.719999313354492,16.964025497436523,81200
2005-02-09,17.520000457763672,17.760000228881836,17.5,17.56999969482422,16.820425033569336,61600
2005-02-10,17.450000762939453,17.75,17.329999923706055,17.459999084472656,16.715118408203125,45500
2005-02-11,16.920000076293945,16.93000030517578,14.890000343322754,15.359999656677246,14.70470905303955,467300
2005-02-14,15.109999656677246,15.109999656677246,14.420000076293945,14.890000343322754,14.2547607421875,190400
2005-02-15,14.789999961853027,14.789999961853027,14.600000381469727,14.75,14.120733261108398,140400
2005-02-16,14.649999618530273,15.59000015258789,14.600000381469727,15.460000038146973,14.800443649291992,171400
2005-02-17,15.359999656677246,15.649999618530273,15.0600004196167,15.300000190734863,14.647269248962402,94700
2005-02-18,15.300000190734863,15.399999618530273,14.739999771118164,15.050000190734863,14.40793514251709,102100
2005-02-22,15.050000190734863,15.270000457763672,14.670000076293945,14.680000305175781,14.053720474243164,99800
2005-02-23,14.630000114440918,14.850000381469727,14.600000381469727,14.8100004196167,14.178174018859863,48300
2005-02-24,14.760000228881836,15.0,14.399999618530273,14.899999618530273,14.264333724975586,39500
2005-02-25,14.850000381469727,15.100000381469727,14.75,15.079999923706055,14.436655044555664,37700
2005-02-28,14.979999542236328,15.970000267028809,14.979999542236328,15.960000038146973,15.279111862182617,138200
2005-03-01,16.0,16.200000762939453,15.699999809265137,16.200000762939453,15.50887393951416,118000
2005-03-02,16.200000762939453,16.280000686645508,16.1200008392334,16.209999084472656,15.51844596862793,69100
2005-03-03,16.350000381469727,16.40999984741211,15.899999618530273,16.010000228881836,15.326979637145996,53500
2005-03-04,16.010000228881836,16.079999923706055,15.960000038146973,16.06999969482422,15.384419441223145,39700
2005-03-07,16.049999237060547,16.270000457763672,16.049999237060547,16.06999969482422,15.384419441223145,70700
2005-03-08,16.020000457763672,16.040000915527344,15.359999656677246,15.369999885559082,14.714282989501953,66600
2005-03-09,15.479999542236328,15.479999542236328,14.609999656677246,14.84000015258789,14.206893920898438,147300
2005-03-10,14.899999618530273,14.899999618530273,14.619999885559082,14.619999885559082,13.9962797164917,76300
2005-03-11,14.579999923706055,14.760000228881836,14.5,14.640000343322754,14.015426635742188,59700
2005-03-14,14.630000114440918,15.130000114440918,14.609999656677246,15.050000190734863,14.40793514251709,82600
2005-03-15,15.050000190734863,15.210000038146973,14.699999809265137,14.729999542236328,14.10158634185791,71900
2005-03-16,14.770000457763672,15.369999885559082,14.75,15.289999961853027,14.6376953125,86000
2005-03-17,15.350000381469727,15.449999809265137,15.300000190734863,15.3100004196167,14.656843185424805,65200
2005-03-18,15.399999618530273,15.40999984741211,14.930000305175781,15.0,14.360067367553711,129200
2005-03-21,14.899999618530273,14.960000038146973,14.380000114440918,14.59000015258789,13.967559814453125,83900
2005-03-22,14.539999961853027,14.899999618530273,14.510000228881836,14.789999961853027,14.159027099609375,99500
2005-03-23,14.699999809265137,14.800000190734863,14.260000228881836,14.270000457763672,13.661211967468262,57000
2005-03-24,14.220000267028809,14.359999656677246,14.100000381469727,14.15999984741211,13.555903434753418,80100
2005-03-28,14.199999809265137,14.319999694824219,13.640000343322754,13.899999618530273,13.306995391845703,412700
2005-03-29,13.800000190734863,13.890000343322754,13.5,13.550000190734863,12.971928596496582,120500
2005-03-30,13.529999732971191,13.65999984741211,13.399999618530273,13.65999984741211,13.077235221862793,67600
2005-03-31,13.65999984741211,13.859999656677246,13.600000381469727,13.789999961853027,13.201688766479492,55800
2005-04-01,13.800000190734863,13.989999771118164,13.510000228881836,13.6899995803833,13.105955123901367,43900
2005-04-04,13.680000305175781,13.760000228881836,13.5,13.600000381469727,13.019795417785645,110600
2005-04-05,13.600000381469727,13.890000343322754,13.550000190734863,13.800000190734863,13.211262702941895,210600
2005-04-06,13.75,13.75,13.350000381469727,13.489999771118164,12.914487838745117,98300
2005-04-07,13.550000190734863,13.619999885559082,13.40999984741211,13.5,12.924060821533203,93100
2005-04-08,13.649999618530273,13.800000190734863,13.449999809265137,13.539999961853027,12.96235466003418,83000
2005-04-11,13.640000343322754,13.720000267028809,13.15999984741211,13.300000190734863,12.732593536376953,98400
2005-04-12,13.300000190734863,13.420000076293945,12.739999771118164,13.180000305175781,12.61771297454834,97700
2005-04-13,13.170000076293945,13.25,12.899999618530273,12.90999984741211,12.359231948852539,56600
2005-04-14,12.949999809265137,13.050000190734863,12.609999656677246,12.609999656677246,12.072030067443848,128200
2005-04-15,12.609999656677246,12.670000076293945,12.029999732971191,12.220000267028809,11.698668479919434,79300
2005-04-18,12.09000015258789,12.699999809265137,12.010000228881836,12.59000015258789,12.052884101867676,132200
2005-04-19,12.550000190734863,12.8100004196167,12.550000190734863,12.630000114440918,12.091176986694336,118100
2005-04-20,12.630000114440918,13.210000038146973,12.630000114440918,12.779999732971191,12.234777450561523,192600
2005-04-21,13.279999732971191,14.449999809265137,13.210000038146973,14.020000457763672,13.421876907348633,257300
2005-04-22,14.119999885559082,14.199999809265137,13.770000457763672,13.90999984741211,13.316569328308105,148600
2005-04-25,14.0,14.479999542236328,14.0,14.399999618530273,13.785664558410645,65800
2005-04-26,14.420000076293945,14.819999694824219,14.300000190734863,14.770000457763672,14.139880180358887,117600
2005-04-27,14.779999732971191,14.779999732971191,14.239999771118164,14.25,13.642064094543457,77100
2005-04-28,14.25,14.25,13.699999809265137,13.699999809265137,13.115528106689453,61800
2005-04-29,13.739999771118164,13.899999618530273,13.640000343322754,13.859999656677246,13.268702507019043,34600
2005-05-02,13.699999809265137,13.850000381469727,13.550000190734863,13.779999732971191,13.192115783691406,51500
2005-05-03,13.720000267028809,13.859999656677246,13.399999618530273,13.430000305175781,12.857048034667969,86400
2005-05-04,13.430000305175781,13.859999656677246,13.029999732971191,13.550000190734863,12.971928596496582,133800
2005-05-05,13.399999618530273,13.699999809265137,13.229999542236328,13.390000343322754,12.818754196166992,180800
2005-05-06,13.489999771118164,13.600000381469727,13.470000267028809,13.489999771118164,12.914487838745117,135800
2005-05-09,13.59000015258789,13.859999656677246,13.5,13.829999923706055,13.239982604980469,65200
2005-05-10,13.800000190734863,13.800000190734863,12.920000076293945,13.100000381469727,12.541126251220703,74600
2005-05-11,13.09000015258789,13.09000015258789,12.800000190734863,12.90999984741211,12.359231948852539,132500
2005-05-12,12.90999984741211,15.75,12.550000190734863,15.739999771118164,15.068497657775879,362700
2005-05-13,15.899999618530273,16.540000915527344,14.680000305175781,14.680000305175781,14.053720474243164,634400
2005-05-16,14.680000305175781,15.850000381469727,14.600000381469727,15.489999771118164,14.829163551330566,148600
2005-05-17,15.489999771118164,15.489999771118164,15.050000190734863,15.289999961853027,14.6376953125,74800
2005-05-18,15.289999961853027,15.779999732971191,15.220000267028809,15.5,14.838736534118652,130900
2005-05-19,15.5,15.829999923706055,15.460000038146973,15.600000381469727,14.934471130371094,58000
2005-05-20,15.649999618530273,15.649999618530273,15.15999984741211,15.300000190734863,14.647269248962402,107500
2005-05-23,15.3100004196167,15.449999809265137,14.819999694824219,15.25,14.59940242767334,126500
2005-05-24,15.199999809265137,15.210000038146973,14.449999809265137,14.920000076293945,14.283480644226074,53500
2005-05-25,14.9399995803833,14.9399995803833,14.520000457763672,14.600000381469727,13.977132797241211,65600
2005-05-26,14.579999923706055,15.40999984741211,14.550000190734863,15.350000381469727,14.695136070251465,128200
2005-05-27,15.449999809265137,15.470000267028809,15.020000457763672,15.149999618530273,14.503667831420898,87800
2005-05-31,15.050000190734863,15.279999732971191,14.989999771118164,15.079999923706055,14.436655044555664,89700
2005-06-01,15.069999694824219,15.239999771118164,15.0,15.220000267028809,14.570682525634766,66400
2005-06-02,15.270000457763672,15.489999771118164,15.170000076293945,15.489999771118164,14.829163551330566,73100
2005-06-03,15.489999771118164,15.710000038146973,15.34000015258789,15.40999984741211,14.752575874328613,50500
2005-06-06,15.449999809265137,15.59000015258789,15.380000114440918,15.529999732971191,14.867456436157227,52100
2005-06-07,15.600000381469727,15.850000381469727,15.279999732971191,15.350000381469727,14.695136070251465,147100
2005-06-08,15.479999542236328,15.489999771118164,15.300000190734863,15.399999618530273,14.743002891540527,25100
2005-06-09,15.4399995803833,15.65999984741211,15.390000343322754,15.579999923706055,14.915323257446289,47100
2005-06-10,15.510000228881836,15.680000305175781,15.430000305175781,15.460000038146973,14.800443649291992,38800
2005-06-13,15.529999732971191,16.040000915527344,15.529999732971191,16.040000915527344,15.355700492858887,118200
2005-06-14,16.049999237060547,16.25,15.729999542236328,16.25,15.556739807128906,115000
2005-06-15,16.450000762939453,16.520000457763672,16.020000457763672,16.520000457763672,15.815221786499023,108500
2005-06-16,16.520000457763672,16.559999465942383,15.960000038146973,16.0,15.317405700683594,103900
2005-06-17,16.0,16.1200008392334,15.890000343322754,15.979999542236328,15.298258781433105,74600
2005-06-20,16.0,16.0,15.550000190734863,15.710000038146973,15.039777755737305,78800
2005-06-21,15.710000038146973,16.0,15.649999618530273,15.75,15.078071594238281,28000
2005-06-22,15.850000381469727,15.970000267028809,15.569999694824219,15.970000267028809,15.28868579864502,94700
2005-06-23,15.859999656677246,15.90999984741211,15.539999961853027,15.600000381469727,14.934471130371094,60000
2005-06-24,15.699999809265137,16.299999237060547,15.640000343322754,16.059999465942383,15.374845504760742,406900
2005-06-27,16.049999237060547,16.100000381469727,15.979999542236328,16.100000381469727,15.413140296936035,64600
2005-06-28,16.020000457763672,16.540000915527344,16.020000457763672,16.5,15.796074867248535,208700
2005-06-29,16.5,16.5,16.239999771118164,16.34000015258789,15.642900466918945,65600
2005-06-30,16.450000762939453,16.5,16.299999237060547,16.420000076293945,15.719488143920898,109600
2005-07-01,16.420000076293945,16.489999771118164,16.219999313354492,16.43000030517578,15.729061126708984,183200
2005-07-05,16.43000030517578,16.540000915527344,16.3700008392334,16.5,15.796074867248535,96600
2005-07-06,16.510000228881836,17.280000686645508,16.489999771118164,17.100000381469727,16.3704776763916,175200
2005-07-07,17.0,17.440000534057617,16.899999618530273,17.030000686645508,16.303464889526367,115800
2005-07-08,17.0,17.0,16.600000381469727,16.799999237060547,16.083274841308594,561200
2005-07-11,16.84000015258789,17.18000030517578,16.709999084472656,17.100000381469727,16.3704776763916,95400
2005-07-12,17.100000381469727,17.25,17.040000915527344,17.06999969482422,16.34175682067871,46700
2005-07-13,17.200000762939453,17.200000762939453,16.950000762939453,17.110000610351562,16.380050659179688,37000
2005-07-14,17.200000762939453,17.239999771118164,16.950000762939453,17.09000015258789,16.360904693603516,81400
2005-07-15,17.09000015258789,17.1200008392334,16.899999618530273,17.0,16.274744033813477,63900
2005-07-18,17.059999465942383,17.149999618530273,16.5,16.84000015258789,16.121570587158203,31100
2005-07-19,16.899999618530273,16.969999313354492,16.559999465942383,16.969999313354492,16.246023178100586,130300
2005-07-20,16.899999618530273,17.489999771118164,16.799999237060547,17.489999771118164,16.743839263916016,82800
2005-07-21,17.489999771118164,17.489999771118164,16.639999389648438,16.639999389648438,15.93010139465332,70500
2005-07-22,16.700000762939453,17.200000762939453,16.549999237060547,17.200000762939453,16.466211318969727,48500
2005-07-25,17.200000762939453,17.31999969482422,16.75,16.75,16.035409927368164,44300
2005-07-26,16.850000381469727,17.079999923706055,16.709999084472656,17.079999923706055,16.351329803466797,39100
2005-07-27,17.1299991607666,17.219999313354492,16.75,17.219999313354492,16.4853572845459,41200
2005-07-28,17.299999237060547,17.899999618530273,17.200000762939453,17.899999618530273,17.1363468170166,102900
2005-07-29,17.889999389648438,18.079999923706055,17.610000610351562,17.610000610351562,16.858720779418945,86900
2005-08-01,17.549999237060547,17.850000381469727,17.299999237060547,17.350000381469727,16.609811782836914,111900
2005-08-02,17.360000610351562,17.360000610351562,16.93000030517578,17.0,16.274744033813477,139900
2005-08-03,16.850000381469727,16.950000762939453,16.770000457763672,16.90999984741211,16.188583374023438,161500
2005-08-04,16.809999465942383,17.059999465942383,15.899999618530273,15.989999771118164,15.307831764221191,131500
2005-08-05,15.539999961853027,15.800000190734863,15.020000457763672,15.770000457763672,15.09721851348877,317300
2005-08-08,15.75,16.030000686645508,15.720000267028809,15.979999542236328,15.298258781433105,283400
2005-08-09,15.989999771118164,16.639999389648438,15.9399995803833,16.40999984741211,15.709914207458496,155300
2005-08-10,16.479999542236328,17.020000457763672,16.479999542236328,17.020000457763672,16.29388999938965,128800
2005-08-11,17.0,17.360000610351562,16.850000381469727,17.360000610351562,16.619386672973633,174600
2005-08-12,17.34000015258789,18.0,17.1200008392334,17.90999984741211,17.14592170715332,298800
2005-08-15,17.90999984741211,17.90999984741211,17.549999237060547,17.84000015258789,17.078907012939453,297500
2005-08-16,17.829999923706055,17.829999923706055,17.510000228881836,17.709999084472656,16.954452514648438,231500
2005-08-17,17.709999084472656,17.850000381469727,17.549999237060547,17.68000030517578,16.92573356628418,198300
2005-08-18,17.690000534057617,17.850000381469727,17.56999969482422,17.84000015258789,17.078907012939453,155100
2005-08-19,17.84000015258789,17.84000015258789,17.149999618530273,17.34000015258789,16.600238800048828,167700
2005-08-22,17.520000457763672,18.0,17.520000457763672,18.0,17.23208236694336,226600
2005-08-23,18.100000381469727,18.3700008392334,18.100000381469727,18.280000686645508,17.500137329101562,222400
2005-08-24,18.3700008392334,18.440000534057617,17.610000610351562,17.770000457763672,17.01189422607422,197700
2005-08-25,17.850000381469727,17.920000076293945,17.149999618530273,17.450000762939453,16.70554542541504,141200
2005-08-26,17.5,17.5,16.93000030517578,17.15999984741211,16.42791748046875,148500
2005-08-29,17.200000762939453,17.440000534057617,17.0,17.40999984741211,16.667251586914062,202100
2005-08-30,17.450000762939453,17.450000762939453,17.040000915527344,17.299999237060547,16.56194496154785,105300
2005-08-31,17.399999618530273,19.489999771118164,17.399999618530273,19.389999389648438,18.562780380249023,430300
2005-09-01,19.0,19.059999465942383,18.600000381469727,18.979999542236328,18.170272827148438,385100
2005-09-02,19.0,19.0,18.700000762939453,18.850000381469727,18.045818328857422,106600
2005-09-06,18.850000381469727,19.040000915527344,18.450000762939453,18.920000076293945,18.11283302307129,209400
2005-09-07,18.979999542236328,19.350000381469727,18.549999237060547,19.020000457763672,18.208566665649414,115400
2005-09-08,19.030000686645508,19.030000686645508,18.170000076293945,18.520000457763672,17.72989845275879,143800
2005-09-09,18.700000762939453,18.75,18.450000762939453,18.75,17.950084686279297,64400
2005-09-12,18.649999618530273,18.649999618530273,18.200000762939453,18.420000076293945,17.63416290283203,112300
2005-09-13,18.31999969482422,18.31999969482422,17.84000015258789,18.010000228881836,17.241655349731445,102100
2005-09-14,18.149999618530273,18.149999618530273,17.59000015258789,17.770000457763672,17.01189422607422,150100
2005-09-15,17.75,18.290000915527344,17.559999465942383,17.920000076293945,17.155494689941406,225200
2005-09-16,18.049999237060547,18.209999084472656,17.90999984741211,18.09000015258789,17.318241119384766,187400
2005-09-19,18.09000015258789,18.100000381469727,17.969999313354492,18.010000228881836,17.241655349731445,118100
2005-09-20,18.200000762939453,18.3799991607666,17.979999542236328,18.079999923706055,17.30866813659668,166500
2005-09-21,18.149999618530273,18.170000076293945,17.889999389648438,18.049999237060547,17.27994728088379,122100
2005-09-22,18.239999771118164,18.239999771118164,17.84000015258789,17.850000381469727,17.088481903076172,95400
2005-09-23,17.860000610351562,18.110000610351562,17.399999618530273,17.920000076293945,17.155494689941406,79000
2005-09-26,17.850000381469727,18.200000762939453,17.709999084472656,17.93000030517578,17.165067672729492,85200
2005-09-27,17.850000381469727,18.399999618530273,17.790000915527344,18.149999618530273,17.375680923461914,66400
2005-09-28,18.200000762939453,18.899999618530273,18.200000762939453,18.440000534057617,17.653310775756836,117900
2005-09-29,18.440000534057617,18.510000228881836,18.209999084472656,18.239999771118164,17.461841583251953,52600
2005-09-30,18.100000381469727,18.34000015258789,18.0,18.200000762939453,17.42354965209961,63000
2005-10-03,18.190000534057617,19.25,18.190000534057617,19.0,18.18941879272461,109000
2005-10-04,19.0,19.049999237060547,17.959999084472656,17.989999771118164,17.22250747680664,197600
2005-10-05,18.200000762939453,18.299999237060547,17.649999618530273,17.649999618530273,16.89701271057129,139700
2005-10-06,17.700000762939453,17.81999969482422,17.420000076293945,17.530000686645508,16.782133102416992,99200
2005-10-07,17.93000030517578,18.329999923706055,17.809999465942383,18.239999771118164,17.461841583251953,121900
2005-10-10,18.239999771118164,18.600000381469727,17.84000015258789,17.899999618530273,17.1363468170166,92100
2005-10-11,17.799999237060547,18.700000762939453,17.799999237060547,18.3799991607666,17.595869064331055,203500
2005-10-12,18.420000076293945,18.479999542236328,18.299999237060547,18.34000015258789,17.55757713317871,202200
2005-10-13,18.25,18.399999618530273,17.84000015258789,17.8799991607666,17.11720085144043,107800
2005-10-14,18.1299991607666,18.8799991607666,18.1200008392334,18.700000762939453,17.902217864990234,95600
2005-10-17,18.600000381469727,18.690000534057617,18.3799991607666,18.530000686645508,17.739471435546875,122800
2005-10-18,18.530000686645508,18.559999465942383,18.299999237060547,18.459999084472656,17.672456741333008,84000
2005-10-19,18.299999237060547,18.920000076293945,18.0,18.920000076293945,18.11283302307129,124000
2005-10-20,18.90999984741211,18.989999771118164,18.739999771118164,18.860000610351562,18.05539321899414,288700
2005-10-21,18.979999542236328,19.200000762939453,18.950000762939453,19.0,18.18941879272461,159200
2005-10-24,18.950000762939453,19.149999618530273,18.950000762939453,19.149999618530273,18.333019256591797,63700
2005-10-25,19.15999984741211,19.81999969482422,19.100000381469727,19.75,18.90742301940918,231700
2005-10-26,19.700000762939453,20.200000762939453,19.65999984741211,19.90999984741211,19.060596466064453,168300
2005-10-27,19.950000762939453,19.950000762939453,19.40999984741211,19.68000030517578,18.840410232543945,205300
2005-10-28,19.68000030517578,20.030000686645508,19.510000228881836,19.920000076293945,19.07016944885254,106300
2005-10-31,20.170000076293945,20.559999465942383,20.149999618530273,20.3799991607666,19.510543823242188,121100
2005-11-01,20.350000381469727,20.93000030517578,20.270000457763672,20.770000457763672,19.883907318115234,136200
2005-11-02,20.799999237060547,21.610000610351562,20.450000762939453,21.18000030517578,20.276416778564453,128300
2005-11-03,21.43000030517578,21.700000762939453,20.700000762939453,21.06999969482422,20.17110824584961,277800
2005-11-04,21.0,25.110000610351562,20.959999084472656,24.68000030517578,23.627098083496094,707600
2005-11-07,24.75,24.950000762939453,24.0,24.520000457763672,23.47392463684082,275900
2005-11-08,24.6200008392334,24.6200008392334,23.030000686645508,23.18000030517578,22.191091537475586,282200
2005-11-09,23.149999618530273,24.020000457763672,23.149999618530273,23.899999618530273,22.880374908447266,156000
2005-11-10,23.950000762939453,24.0,23.209999084472656,23.719999313354492,22.708053588867188,181300
2005-11-11,23.75,23.75,23.329999923706055,23.34000015258789,22.34426498413086,57500
2005-11-14,23.25,23.280000686645508,22.790000915527344,22.829999923706055,21.85602378845215,157300
2005-11-15,22.5,23.549999237060547,22.0,23.360000610351562,22.363412857055664,332100
2005-11-16,23.610000610351562,23.68000030517578,22.799999237060547,23.06999969482422,22.085784912109375,88400
2005-11-17,23.200000762939453,23.950000762939453,23.200000762939453,23.6299991607666,22.62189292907715,188000
2005-11-18,24.0,24.799999237060547,23.760000228881836,24.709999084472656,23.65581703186035,175300
2005-11-21,24.559999465942383,24.989999771118164,24.100000381469727,24.81999969482422,23.761125564575195,117000
2005-11-22,25.06999969482422,27.299999237060547,25.06999969482422,26.5,25.36945343017578,240400
2005-11-23,26.850000381469727,26.899999618530273,25.81999969482422,25.829999923706055,24.728036880493164,155600
2005-11-25,25.829999923706055,25.829999923706055,25.549999237060547,25.75,24.65144920349121,26700
2005-11-28,25.649999618530273,25.729999542236328,25.3799991607666,25.59000015258789,24.498275756835938,90500
2005-11-29,25.5,25.600000381469727,23.799999237060547,24.079999923706055,23.052696228027344,421900
2005-11-30,23.969999313354492,26.34000015258789,23.969999313354492,25.899999618530273,24.7950496673584,311600
2005-12-01,26.200000762939453,26.549999237060547,25.899999618530273,26.049999237060547,24.938650131225586,223200
2005-12-02,26.200000762939453,26.299999237060547,25.559999465942383,26.299999237060547,25.1779842376709,168300
2005-12-05,25.899999618530273,25.950000762939453,25.100000381469727,25.25,24.172780990600586,178700
2005-12-06,25.350000381469727,25.899999618530273,25.350000381469727,25.799999237060547,24.699316024780273,161400
2005-12-07,25.75,25.81999969482422,25.0,25.25,24.172780990600586,129400
2005-12-08,25.350000381469727,26.719999313354492,25.18000030517578,26.309999465942383,25.187559127807617,185800
2005-12-09,26.40999984741211,26.40999984741211,25.600000381469727,25.860000610351562,24.756757736206055,132700
2005-12-12,26.110000610351562,26.489999771118164,25.190000534057617,25.229999542236328,24.15363311767578,210500
2005-12-13,25.190000534057617,25.190000534057617,24.25,24.25,23.215442657470703,273500
2005-12-14,24.299999237060547,25.200000762939453,23.899999618530273,23.959999084472656,22.937814712524414,223700
2005-12-15,23.950000762939453,24.049999237060547,23.5,23.56999969482422,22.564453125,1833500
2005-12-16,23.56999969482422,23.719999313354492,23.290000915527344,23.549999237060547,22.545305252075195,459000
2005-12-19,23.489999771118164,23.489999771118164,22.899999618530273,23.100000381469727,22.114505767822266,260600
2005-12-20,23.0,23.5,22.860000610351562,23.299999237060547,22.305971145629883,244000
2005-12-21,23.299999237060547,23.649999618530273,23.0,23.440000534057617,22.440000534057617,152900
2005-12-22,23.450000762939453,23.649999618530273,23.350000381469727,23.479999542236328,22.47829246520996,138900
2005-12-23,23.3799991607666,23.479999542236328,23.049999237060547,23.450000762939453,22.449573516845703,137100
2005-12-27,23.350000381469727,24.1299991607666,23.299999237060547,23.940000534057617,22.918668746948242,875000
2005-12-28,23.799999237060547,24.139999389648438,23.56999969482422,24.09000015258789,23.06226921081543,426400
2005-12-29,24.0,24.809999465942383,23.700000762939453,24.709999084472656,23.65581703186035,291400
2005-12-30,24.600000381469727,24.600000381469727,23.989999771118164,24.149999618530273,23.119709014892578,228800
2006-01-03,24.399999618530273,25.43000030517578,23.950000762939453,25.209999084472656,24.13448715209961,323200
2006-01-04,24.209999084472656,25.059999465942383,24.100000381469727,24.75,23.69411277770996,314700
2006-01-05,24.700000762939453,24.940000534057617,24.5,24.920000076293945,23.85685920715332,147700
2006-01-06,24.780000686645508,24.959999084472656,24.649999618530273,24.850000381469727,23.789846420288086,178300
2006-01-09,24.850000381469727,25.530000686645508,24.850000381469727,25.309999465942383,24.230220794677734,140200
2006-01-10,25.110000610351562,25.559999465942383,24.799999237060547,25.100000381469727,24.0291805267334,225400
2006-01-11,25.219999313354492,25.25,24.899999618530273,25.149999618530273,24.07704734802246,172800
2006-01-12,25.200000762939453,25.260000228881836,24.639999389648438,25.040000915527344,23.97174072265625,117500
2006-01-13,24.860000610351562,25.270000457763672,24.739999771118164,25.25,24.172780990600586,147900
2006-01-17,25.5,25.600000381469727,25.09000015258789,25.270000457763672,24.19192886352539,278700
2006-01-18,25.100000381469727,25.290000915527344,24.959999084472656,25.229999542236328,24.15363311767578,135300
2006-01-19,25.1299991607666,25.760000228881836,25.079999923706055,25.420000076293945,24.335529327392578,160300
2006-01-20,25.670000076293945,25.670000076293945,25.010000228881836,25.110000610351562,24.038753509521484,136300
2006-01-23,25.25,25.440000534057617,24.8700008392334,25.209999084472656,24.13448715209961,114000
2006-01-24,25.450000762939453,27.5,25.350000381469727,26.989999771118164,25.83854866027832,351200
2006-01-25,26.979999542236328,26.979999542236328,25.809999465942383,26.549999237060547,25.417320251464844,157900
2006-01-26,26.549999237060547,27.06999969482422,26.420000076293945,27.030000686645508,25.876842498779297,141000
2006-01-27,27.049999237060547,27.56999969482422,26.860000610351562,27.100000381469727,25.943857192993164,182000
2006-01-30,27.100000381469727,27.5,26.950000762939453,27.219999313354492,26.058734893798828,160800
2006-01-31,27.299999237060547,27.600000381469727,26.790000915527344,27.530000686645508,26.355512619018555,174100
2006-02-01,27.329999923706055,27.850000381469727,27.0,27.34000015258789,26.173616409301758,249800
2006-02-02,27.489999771118164,27.600000381469727,27.299999237060547,27.420000076293945,26.25020408630371,214300
2006-02-03,27.5,27.8799991607666,27.299999237060547,27.760000228881836,26.575698852539062,129500
2006-02-06,27.959999084472656,28.59000015258789,27.950000762939453,28.59000015258789,27.370288848876953,119500
2006-02-07,28.5,28.75,27.81999969482422,28.040000915527344,26.843753814697266,164400
2006-02-08,28.0,28.0,27.399999618530273,27.549999237060547,26.374656677246094,203100
2006-02-09,27.649999618530273,27.790000915527344,27.450000762939453,27.579999923706055,26.403377532958984,162900
2006-02-10,27.5,27.549999237060547,26.84000015258789,27.100000381469727,25.943857192993164,245100
2006-02-13,27.100000381469727,27.3700008392334,26.950000762939453,26.950000762939453,25.800256729125977,169200
2006-02-14,26.700000762939453,27.670000076293945,26.170000076293945,27.670000076293945,26.489538192749023,195400
2006-02-15,27.3700008392334,28.290000915527344,27.309999465942383,28.290000915527344,27.083087921142578,161000
2006-02-16,28.299999237060547,29.440000534057617,28.299999237060547,29.049999237060547,27.8106632232666,143300
2006-02-17,29.049999237060547,29.049999237060547,27.920000076293945,28.170000076293945,26.96820831298828,148500
2006-02-21,28.149999618530273,28.170000076293945,27.239999771118164,27.899999618530273,26.709726333618164,97100
2006-02-22,28.049999237060547,28.049999237060547,27.719999313354492,27.969999313354492,26.7767391204834,63900
2006-02-23,27.969999313354492,27.969999313354492,27.350000381469727,27.700000762939453,26.518259048461914,121300
2006-02-24,28.5,31.049999237060547,28.469999313354492,30.149999618530273,28.86373519897461,648500
2006-02-27,30.0,30.5,29.889999389648438,30.219999313354492,28.930749893188477,313200
2006-02-28,30.149999618530273,30.5,30.040000915527344,30.389999389648438,29.093496322631836,105000
2006-03-01,30.59000015258789,31.170000076293945,30.309999465942383,30.739999771118164,29.428565979003906,111900
2006-03-02,30.700000762939453,30.989999771118164,30.530000686645508,30.8700008392334,29.553020477294922,159600
2006-03-03,30.8700008392334,31.0,30.299999237060547,30.81999969482422,29.505151748657227,255500
2006-03-06,29.8700008392334,30.899999618530273,29.8700008392334,30.459999084472656,29.160511016845703,118000
2006-03-07,30.399999618530273,30.40999984741211,29.389999389648438,29.489999771118164,28.23189353942871,124900
2006-03-08,29.5,29.899999618530273,28.579999923706055,29.600000381469727,28.337200164794922,235600
2006-03-09,29.5,30.399999618530273,29.1200008392334,29.1200008392334,27.8776798248291,86700
2006-03-10,29.1200008392334,29.40999984741211,28.860000610351562,29.280000686645508,28.030853271484375,105900
2006-03-13,29.399999618530273,29.790000915527344,29.010000228881836,29.049999237060547,27.8106632232666,86600
2006-03-14,28.799999237060547,29.489999771118164,28.799999237060547,29.290000915527344,28.04042625427246,153700
2006-03-15,29.350000381469727,29.700000762939453,29.350000381469727,29.65999984741211,28.39463996887207,73500
2006-03-16,29.90999984741211,30.59000015258789,29.829999923706055,30.270000457763672,28.97861671447754,165800
2006-03-17,30.450000762939453,31.399999618530273,30.020000457763672,31.18000030517578,29.849794387817383,245100
2006-03-20,31.170000076293945,31.389999389648438,30.3799991607666,30.540000915527344,29.237098693847656,76000
2006-03-21,30.399999618530273,30.649999618530273,28.5,28.5,27.284128189086914,221900
2006-03-22,28.5,29.31999969482422,28.360000610351562,29.06999969482422,27.829811096191406,348300
2006-03-23,28.950000762939453,29.280000686645508,28.709999084472656,28.959999084472656,27.724502563476562,130800
2006-03-24,29.0,29.329999923706055,28.829999923706055,29.229999542236328,27.98298454284668,94000
2006-03-27,29.31999969482422,29.3799991607666,29.079999923706055,29.239999771118164,27.9925594329834,67200
2006-03-28,29.329999923706055,29.329999923706055,28.610000610351562,29.020000457763672,27.781944274902344,102300
2006-03-29,28.06999969482422,30.489999771118164,28.06999969482422,30.260000228881836,28.969043731689453,166700
2006-03-30,30.209999084472656,30.770000457763672,29.469999313354492,29.81999969482422,28.547815322875977,89400
2006-03-31,29.81999969482422,30.3700008392334,29.43000030517578,30.3700008392334,29.074352264404297,114400
2006-04-03,30.360000610351562,30.829999923706055,29.809999465942383,30.420000076293945,29.122217178344727,116300
2006-04-04,30.31999969482422,31.25,30.219999313354492,31.239999771118164,29.90723419189453,106100
2006-04-05,31.200000762939453,31.770000457763672,31.0,31.549999237060547,30.204008102416992,242500
2006-04-06,31.399999618530273,31.399999618530273,29.899999618530273,29.899999618530273,28.624401092529297,223600
2006-04-07,30.0,30.280000686645508,29.709999084472656,29.799999237060547,28.528667449951172,141900
2006-04-10,29.719999313354492,29.719999313354492,28.649999618530273,29.010000228881836,27.772371292114258,147500
2006-04-11,28.809999465942383,28.899999618530273,27.280000686645508,27.959999084472656,26.767166137695312,233800
2006-04-12,27.969999313354492,28.899999618530273,27.940000534057617,28.3700008392334,27.15967559814453,120900
2006-04-13,28.010000228881836,29.139999389648438,28.010000228881836,29.059999465942383,27.82023811340332,116300
2006-04-17,29.049999237060547,29.979999542236328,29.020000457763672,29.639999389648438,28.3754940032959,110800
2006-04-18,29.889999389648438,30.190000534057617,29.40999984741211,30.139999389648438,28.854162216186523,105600
2006-04-19,30.139999389648438,31.079999923706055,30.030000686645508,31.010000228881836,29.687047958374023,58200
2006-04-20,31.0,31.200000762939453,30.399999618530273,31.049999237060547,29.725339889526367,73000
2006-04-21,31.5,31.520000457763672,30.899999618530273,31.059999465942383,29.734912872314453,154400
2006-04-24,31.059999465942383,31.219999313354492,30.860000610351562,31.100000381469727,29.773208618164062,78300
2006-04-25,31.0,31.25,30.780000686645508,31.040000915527344,29.715768814086914,141300
2006-04-26,31.15999984741211,31.600000381469727,30.690000534057617,30.75,29.438138961791992,288200
2006-04-27,30.700000762939453,30.829999923706055,30.0,30.040000915527344,28.75843048095703,199400
2006-04-28,30.0,30.239999771118164,29.8799991607666,30.030000686645508,28.748855590820312,220700
2006-05-01,30.200000762939453,30.579999923706055,29.790000915527344,29.829999923706055,28.557388305664062,359900
2006-05-02,29.899999618530273,30.059999465942383,29.329999923706055,29.790000915527344,28.51909637451172,281900
2006-05-03,29.700000762939453,30.1200008392334,29.600000381469727,29.8799991607666,28.605255126953125,241000
2006-05-04,27.950000762939453,30.56999969482422,26.450000762939453,29.770000457763672,28.499948501586914,2040500
2006-05-05,29.780000686645508,30.280000686645508,29.780000686645508,30.110000610351562,28.825443267822266,132800
2006-05-08,30.0,30.200000762939453,29.799999237060547,29.8799991607666,28.605255126953125,360100
2006-05-09,29.809999465942383,30.0,28.030000686645508,28.520000457763672,27.30327606201172,668600
2006-05-10,28.399999618530273,29.299999237060547,28.360000610351562,28.68000030517578,27.456449508666992,701600
2006-05-11,28.579999923706055,28.700000762939453,28.309999465942383,28.510000228881836,27.293703079223633,218000
2006-05-12,28.399999618530273,28.399999618530273,27.299999237060547,27.5,26.326791763305664,72400
2006-05-15,27.25,27.549999237060547,26.81999969482422,27.510000228881836,26.33636474609375,138500
2006-05-16,27.510000228881836,27.93000030517578,27.350000381469727,27.56999969482422,26.3938045501709,92100
2006-05-17,27.549999237060547,27.6299991607666,27.020000457763672,27.520000457763672,26.345937728881836,129800
2006-05-18,27.6200008392334,28.0,26.850000381469727,26.8799991607666,25.733240127563477,86100
2006-05-19,26.889999389648438,27.25,26.700000762939453,27.219999313354492,26.058734893798828,82900
2006-05-22,27.219999313354492,27.219999313354492,25.799999237060547,26.219999313354492,25.101398468017578,179700
2006-05-23,26.350000381469727,26.860000610351562,26.170000076293945,26.170000076293945,25.053531646728516,91500
2006-05-24,26.170000076293945,26.25,24.360000610351562,25.100000381469727,24.0291805267334,278600
2006-05-25,25.149999618530273,25.8799991607666,25.149999618530273,25.5,24.4121150970459,170300
2006-05-26,25.600000381469727,26.100000381469727,25.479999542236328,26.079999923706055,24.967370986938477,101600
2006-05-30,25.8799991607666,25.8799991607666,23.81999969482422,23.81999969482422,22.803787231445312,188900
2006-05-31,24.25,24.690000534057617,23.75,24.559999465942383,23.512216567993164,287800
2006-06-01,24.65999984741211,24.739999771118164,23.40999984741211,23.739999771118164,22.72719955444336,227400
2006-06-02,23.799999237060547,24.190000534057617,23.510000228881836,23.700000762939453,22.688907623291016,266900
2006-06-05,23.600000381469727,23.600000381469727,22.850000381469727,22.850000381469727,21.87516975402832,236600
2006-06-06,22.860000610351562,22.860000610351562,21.270000457763672,22.239999771118164,21.29119300842285,612200
2006-06-07,22.25,22.709999084472656,22.25,22.510000228881836,21.54967498779297,193800
2006-06-08,22.520000457763672,22.850000381469727,21.770000457763672,22.790000915527344,21.817729949951172,278200
2006-06-09,22.700000762939453,23.5,22.6299991607666,22.809999465942383,21.836875915527344,197300
2006-06-12,22.850000381469727,22.850000381469727,21.610000610351562,21.75,20.822097778320312,185800
2006-06-13,21.600000381469727,21.799999237060547,20.850000381469727,20.8700008392334,19.97964096069336,345300
2006-06-14,20.8700008392334,21.100000381469727,20.399999618530273,20.700000762939453,19.81689453125,105700
2006-06-15,20.899999618530273,21.600000381469727,20.899999618530273,21.450000762939453,20.534896850585938,188800
2006-06-16,21.450000762939453,21.450000762939453,20.75,20.959999084472656,20.065799713134766,311200
2006-06-19,20.940000534057617,21.040000915527344,20.190000534057617,20.329999923706055,19.462678909301758,172000
2006-06-20,20.239999771118164,20.389999389648438,19.799999237060547,20.049999237060547,19.194623947143555,210100
2006-06-21,20.0,20.520000457763672,19.899999618530273,20.3799991607666,19.510543823242188,243800
2006-06-22,20.25,20.739999771118164,20.059999465942383,20.65999984741211,19.778600692749023,670000
2006-06-23,20.670000076293945,21.270000457763672,20.5,20.84000015258789,19.9509220123291,599500
2006-06-26,20.940000534057617,21.65999984741211,20.93000030517578,21.559999465942383,20.64020347595215,301500
2006-06-27,21.729999542236328,21.81999969482422,21.15999984741211,21.170000076293945,20.266841888427734,200100
2006-06-28,21.270000457763672,21.389999389648438,20.360000610351562,21.030000686645508,20.132816314697266,98300
2006-06-29,21.1299991607666,22.040000915527344,21.049999237060547,22.020000457763672,21.08057975769043,149200
2006-06-30,22.100000381469727,22.709999084472656,21.899999618530273,22.5,21.540102005004883,305900
2006-07-03,22.510000228881836,22.850000381469727,22.299999237060547,22.84000015258789,21.865596771240234,83000
2006-07-05,22.700000762939453,22.700000762939453,21.809999465942383,22.530000686645508,21.568822860717773,119900
2006-07-06,22.6299991607666,22.850000381469727,22.5,22.770000457763672,21.798583984375,130200
2006-07-07,22.700000762939453,22.93000030517578,22.420000076293945,22.5,21.540102005004883,112800
2006-07-10,22.5,22.950000762939453,22.450000762939453,22.860000610351562,21.88474464416504,109400
2006-07-11,22.75,23.290000915527344,22.649999618530273,23.170000076293945,22.1815185546875,243800
2006-07-12,23.1299991607666,23.18000030517578,22.860000610351562,22.899999618530273,21.923036575317383,232900
2006-07-13,22.75,23.0,22.469999313354492,22.5,21.540102005004883,141300
2006-07-14,22.5,22.5,21.690000534057617,22.030000686645508,21.090152740478516,141600
2006-07-17,22.030000686645508,22.139999389648438,21.5,21.809999465942383,20.87953758239746,116000
2006-07-18,21.93000030517578,22.1200008392334,21.25,21.81999969482422,20.88911247253418,109200
2006-07-19,21.860000610351562,22.739999771118164,21.81999969482422,22.5,21.540102005004883,182700
2006-07-20,22.600000381469727,22.649999618530273,22.399999618530273,22.5,21.540102005004883,226900
2006-07-21,22.5,22.5,21.6299991607666,21.780000686645508,20.850818634033203,265500
2006-07-24,21.860000610351562,22.399999618530273,21.860000610351562,22.25,21.30076789855957,59800
2006-07-25,22.299999237060547,22.829999923706055,22.100000381469727,22.5,21.540102005004883,87500
2006-07-26,22.350000381469727,22.719999313354492,21.6200008392334,22.15999984741211,21.21460723876953,104500
2006-07-27,22.299999237060547,22.5,21.290000915527344,21.31999969482422,20.410442352294922,107300
2006-07-28,21.399999618530273,22.459999084472656,21.399999618530273,22.34000015258789,21.38692855834961,185200
2006-07-31,22.299999237060547,22.639999389648438,22.25,22.6200008392334,21.654983520507812,141900
2006-08-01,22.559999465942383,23.299999237060547,22.540000915527344,23.260000228881836,22.26767921447754,118600
2006-08-02,23.270000457763672,23.399999618530273,22.200000762939453,22.3799991607666,21.425220489501953,146200
2006-08-03,22.299999237060547,23.040000915527344,22.139999389648438,23.020000457763672,22.037918090820312,166900
2006-08-04,23.31999969482422,23.75,21.979999542236328,22.3700008392334,21.4156494140625,101200
2006-08-07,22.200000762939453,22.219999313354492,21.809999465942383,22.06999969482422,21.128446578979492,98900
2006-08-08,22.0,22.149999618530273,21.110000610351562,21.110000610351562,20.209402084350586,133900
2006-08-09,21.989999771118164,23.25,21.989999771118164,23.139999389648438,22.15279769897461,541500
2006-08-10,22.899999618530273,23.700000762939453,22.75,23.530000686645508,22.526161193847656,173100
2006-08-11,23.450000762939453,23.450000762939453,22.600000381469727,23.25,22.25810432434082,124800
2006-08-14,23.5,24.299999237060547,23.100000381469727,24.18000030517578,23.14842987060547,243900
2006-08-15,24.25,24.540000915527344,23.709999084472656,24.110000610351562,23.081417083740234,215200
2006-08-16,24.200000762939453,24.600000381469727,24.0,24.200000762939453,23.167577743530273,194700
2006-08-17,24.200000762939453,24.549999237060547,24.010000228881836,24.149999618530273,23.119709014892578,105000
2006-08-18,24.25,24.280000686645508,23.719999313354492,24.170000076293945,23.138856887817383,93400
2006-08-21,24.15999984741211,24.15999984741211,23.440000534057617,24.100000381469727,23.071842193603516,120800
2006-08-22,24.0,24.25,23.690000534057617,23.969999313354492,22.9473876953125,82000
2006-08-23,23.920000076293945,23.920000076293945,22.559999465942383,22.899999618530273,21.923036575317383,160100
2006-08-24,22.899999618530273,23.399999618530273,22.639999389648438,22.969999313354492,21.990049362182617,109900
2006-08-25,22.899999618530273,22.959999084472656,22.3799991607666,22.579999923706055,21.616687774658203,84400
2006-08-28,22.780000686645508,23.5,22.6299991607666,22.959999084472656,21.98047637939453,240400
2006-08-29,23.059999465942383,23.459999084472656,22.700000762939453,23.190000534057617,22.200664520263672,139100
2006-08-30,23.25,23.809999465942383,23.149999618530273,23.700000762939453,22.688907623291016,113100
2006-08-31,23.709999084472656,24.200000762939453,23.709999084472656,23.969999313354492,22.9473876953125,118500
2006-09-01,23.950000762939453,24.040000915527344,23.399999618530273,23.549999237060547,22.545305252075195,161700
2006-09-05,23.600000381469727,24.049999237060547,23.479999542236328,23.989999771118164,22.966535568237305,70600
2006-09-06,23.799999237060547,23.799999237060547,23.040000915527344,23.059999465942383,22.076210021972656,71600
2006-09-07,23.030000686645508,23.149999618530273,22.18000030517578,22.280000686645508,21.32948875427246,127400
2006-09-08,22.350000381469727,22.440000534057617,22.020000457763672,22.1299991607666,21.18588638305664,72000
2006-09-11,22.010000228881836,22.110000610351562,21.170000076293945,21.360000610351562,20.44873809814453,138200
2006-09-12,21.360000610351562,22.530000686645508,21.34000015258789,22.420000076293945,21.46351432800293,123900
2006-09-13,22.420000076293945,23.190000534057617,22.420000076293945,22.6299991607666,21.664554595947266,106900
2006-09-14,22.5,22.540000915527344,22.06999969482422,22.350000381469727,21.396501541137695,153700
2006-09-15,22.479999542236328,22.860000610351562,22.34000015258789,22.3799991607666,21.425220489501953,240800
2006-09-18,22.3700008392334,22.6299991607666,21.75,22.079999923706055,21.138019561767578,133900
2006-09-19,22.0,22.100000381469727,21.200000762939453,21.75,20.822097778320312,440300
2006-09-20,21.850000381469727,22.389999389648438,21.809999465942383,22.350000381469727,21.396501541137695,195000
2006-09-21,22.329999923706055,22.450000762939453,21.600000381469727,21.729999542236328,20.80295181274414,74800
2006-09-22,21.600000381469727,21.700000762939453,20.8700008392334,21.0,20.104095458984375,117300
2006-09-25,21.040000915527344,21.920000076293945,21.040000915527344,21.68000030517578,20.755084991455078,84400
2006-09-26,21.690000534057617,22.40999984741211,21.6299991607666,21.829999923706055,20.898685455322266,344800
2006-09-27,21.84000015258789,22.209999084472656,21.600000381469727,21.760000228881836,20.83167266845703,198500
2006-09-28,21.799999237060547,22.479999542236328,21.770000457763672,22.25,21.30076789855957,184400
2006-09-29,22.25,22.329999923706055,20.860000610351562,20.8799991607666,19.989213943481445,201600
2006-10-02,20.719999313354492,21.200000762939453,20.479999542236328,20.700000762939453,19.81689453125,111100
2006-10-03,20.709999084472656,21.489999771118164,20.459999084472656,21.260000228881836,20.353002548217773,233300
2006-10-04,21.1200008392334,22.0,21.1200008392334,21.90999984741211,20.97527313232422,98400
2006-10-05,21.920000076293945,22.520000457763672,21.84000015258789,22.489999771118164,21.530529022216797,129700
2006-10-06,22.5,22.690000534057617,22.200000762939453,22.420000076293945,21.46351432800293,76200
2006-10-09,22.420000076293945,22.469999313354492,22.030000686645508,22.100000381469727,21.157167434692383,135000
2006-10-10,22.100000381469727,22.40999984741211,21.979999542236328,22.239999771118164,21.29119300842285,84000
2006-10-11,22.200000762939453,22.399999618530273,21.770000457763672,21.979999542236328,21.042285919189453,85300
2006-10-12,22.030000686645508,22.84000015258789,22.030000686645508,22.84000015258789,21.865596771240234,55800
2006-10-13,22.829999923706055,23.559999465942383,22.700000762939453,23.540000915527344,22.535734176635742,124800
2006-10-16,23.760000228881836,24.530000686645508,23.59000015258789,24.440000534057617,23.397336959838867,248800
2006-10-17,24.34000015258789,24.360000610351562,23.81999969482422,24.270000457763672,23.234590530395508,187900
2006-10-18,24.360000610351562,24.510000228881836,24.1299991607666,24.270000457763672,23.234590530395508,125700
2006-10-19,24.270000457763672,24.969999313354492,24.270000457763672,24.940000534057617,23.876007080078125,111000
2006-10-20,24.989999771118164,24.989999771118164,24.139999389648438,24.290000915527344,23.25373649597168,218300
2006-10-23,24.149999618530273,24.600000381469727,24.1299991607666,24.450000762939453,23.406911849975586,164900
2006-10-24,24.399999618530273,24.5,23.950000762939453,24.329999923706055,23.292030334472656,104000
2006-10-25,24.40999984741211,24.600000381469727,24.0,24.260000228881836,23.225017547607422,143000
2006-10-26,24.399999618530273,24.700000762939453,24.239999771118164,24.68000030517578,23.627098083496094,106000
2006-10-27,24.700000762939453,24.770000457763672,24.18000030517578,24.280000686645508,23.244163513183594,84000
2006-10-30,24.100000381469727,24.5,24.040000915527344,24.459999084472656,23.41648292541504,157600
2006-10-31,24.5,24.799999237060547,24.479999542236328,24.719999313354492,23.66539192199707,139300
2006-11-01,24.530000686645508,24.850000381469727,24.43000030517578,24.5,23.454776763916016,214400
2006-11-02,24.399999618530273,24.459999084472656,24.010000228881836,24.200000762939453,23.167577743530273,113300
2006-11-03,27.389999389648438,29.979999542236328,27.3700008392334,28.360000610351562,27.150102615356445,1044400
2006-11-06,28.3700008392334,30.0,28.360000610351562,29.940000534057617,28.662696838378906,405700
2006-11-07,29.950000762939453,30.739999771118164,29.579999923706055,29.690000534057617,28.42336082458496,374900
2006-11-08,29.700000762939453,31.549999237060547,29.700000762939453,30.959999084472656,29.639179229736328,380900
2006-11-09,31.0,31.079999923706055,30.290000915527344,30.90999984741211,29.591312408447266,236600
2006-11-10,30.950000762939453,32.20000076293945,30.8700008392334,32.16999816894531,30.797557830810547,229900
2006-11-13,33.0,33.470001220703125,32.189998626708984,32.25,30.8741455078125,281800
2006-11-14,32.36000061035156,32.45000076293945,31.799999237060547,31.969999313354492,30.606090545654297,285300
2006-11-15,31.950000762939453,32.400001525878906,31.790000915527344,31.84000015258789,30.481637954711914,307700
2006-11-16,32.279998779296875,32.86000061035156,32.11000061035156,32.20000076293945,30.82628059387207,208000
2006-11-17,33.099998474121094,33.099998474121094,32.02000045776367,32.529998779296875,31.14219856262207,229800
2006-11-20,32.95000076293945,32.95000076293945,32.220001220703125,32.33000183105469,30.950735092163086,203300
2006-11-21,32.400001525878906,32.83000183105469,32.38999938964844,32.59000015258789,31.19964027404785,230000
2006-11-22,32.65999984741211,32.84000015258789,32.459999084472656,32.7599983215332,31.36238670349121,117700
2006-11-24,32.599998474121094,32.70000076293945,32.2400016784668,32.66999816894531,31.276226043701172,94800
2006-11-27,32.70000076293945,32.720001220703125,32.0,32.20000076293945,30.82628059387207,196900
2006-11-28,32.209999084472656,32.22999954223633,31.510000228881836,32.099998474121094,30.73054313659668,169800
2006-11-29,32.349998474121094,32.97999954223633,32.18000030517578,32.83000183105469,31.42940330505371,208300
2006-11-30,32.79999923706055,33.20000076293945,32.5099983215332,32.52000045776367,31.132627487182617,274200
2006-12-01,32.540000915527344,32.630001068115234,32.0,32.36000061035156,30.979454040527344,231400
2006-12-04,32.20000076293945,32.36000061035156,31.850000381469727,32.349998474121094,30.969877243041992,365700
2006-12-05,32.45000076293945,32.54999923706055,32.27000045776367,32.349998474121094,30.969877243041992,204300
2006-12-06,32.29999923706055,32.459999084472656,31.899999618530273,32.369998931884766,30.989025115966797,197800
2006-12-07,32.41999816894531,33.13999938964844,32.400001525878906,32.97999954223633,31.573001861572266,623200
2006-12-08,32.97999954223633,33.45000076293945,32.689998626708984,32.720001220703125,31.3240966796875,307100
2006-12-11,32.599998474121094,32.83000183105469,32.150001525878906,32.27000045776367,30.893293380737305,153200
2006-12-12,32.369998931884766,32.599998474121094,31.940000534057617,32.099998474121094,30.73054313659668,161700
2006-12-13,32.20000076293945,32.54999923706055,32.20000076293945,32.45000076293945,31.065614700317383,131800
2006-12-14,32.5,32.70000076293945,32.400001525878906,32.45000076293945,31.065614700317383,125000
2006-12-15,32.459999084472656,32.61000061035156,32.29999923706055,32.36000061035156,30.979454040527344,108700
2006-12-18,32.5,32.70000076293945,31.780000686645508,32.02000045776367,30.653959274291992,129900
2006-12-19,31.780000686645508,32.189998626708984,31.280000686645508,32.06999969482422,30.701824188232422,112700
2006-12-20,31.100000381469727,32.130001068115234,29.799999237060547,31.729999542236328,30.37632942199707,208900
2006-12-21,31.729999542236328,32.47999954223633,31.0,31.209999084472656,29.87851333618164,115100
2006-12-22,31.139999389648438,31.3799991607666,30.81999969482422,31.0,29.677473068237305,95100
2006-12-26,30.790000915527344,31.25,30.649999618530273,31.18000030517578,29.849794387817383,72400
2006-12-27,31.25,31.739999771118164,31.25,31.739999771118164,30.385902404785156,87700
2006-12-28,31.709999084472656,31.90999984741211,30.780000686645508,30.969999313354492,29.648752212524414,200700
2006-12-29,30.90999984741211,31.06999969482422,30.540000915527344,30.780000686645508,29.466859817504883,146700
2007-01-03,31.030000686645508,31.030000686645508,30.030000686645508,30.530000686645508,29.22752571105957,341900
2007-01-04,29.850000381469727,29.90999984741211,29.25,29.3799991607666,28.126585006713867,348500
2007-01-05,28.729999542236328,29.079999923706055,28.399999618530273,28.5,27.284128189086914,291600
2007-01-08,28.399999618530273,29.639999389648438,28.0,29.549999237060547,28.28933334350586,325900
2007-01-09,29.549999237060547,29.899999618530273,29.399999618530273,29.799999237060547,28.528667449951172,178500
2007-01-10,29.649999618530273,30.469999313354492,29.450000762939453,30.440000534057617,29.14136505126953,129800
2007-01-11,30.3700008392334,31.0,30.3700008392334,30.579999923706055,29.275390625,107800
2007-01-12,30.549999237060547,30.860000610351562,30.450000762939453,30.719999313354492,29.4094181060791,64300
2007-01-16,30.709999084472656,30.719999313354492,29.239999771118164,29.40999984741211,28.155305862426758,246600
2007-01-17,29.350000381469727,31.0,29.350000381469727,30.81999969482422,29.505151748657227,170400
2007-01-18,30.729999542236328,30.770000457763672,29.760000228881836,30.0,28.720134735107422,87900
2007-01-19,29.920000076293945,30.68000030517578,29.6299991607666,30.610000610351562,29.30411148071289,88400
2007-01-22,30.549999237060547,30.559999465942383,29.6200008392334,29.690000534057617,28.42336082458496,176700
2007-01-23,29.5,30.389999389648438,29.5,30.0,28.720134735107422,168400
2007-01-24,30.100000381469727,30.399999618530273,29.950000762939453,30.1200008392334,28.83501625061035,234000
2007-01-25,30.09000015258789,30.219999313354492,29.520000457763672,29.579999923706055,28.31805419921875,146700
2007-01-26,29.75,29.850000381469727,29.229999542236328,29.25,28.002132415771484,188200
2007-01-29,29.110000610351562,29.510000228881836,28.90999984741211,28.959999084472656,27.724502563476562,296400
2007-01-30,29.0,30.280000686645508,29.0,30.15999984741211,28.873310089111328,132500
2007-01-31,30.0,30.59000015258789,29.950000762939453,30.219999313354492,28.930749893188477,123900
2007-02-01,30.25,30.81999969482422,30.229999542236328,30.760000228881836,29.447711944580078,107800
2007-02-02,30.889999389648438,31.0,30.639999389648438,30.719999313354492,29.4094181060791,100400
2007-02-05,30.739999771118164,30.920000076293945,30.440000534057617,30.790000915527344,29.47643280029297,117400
2007-02-06,30.81999969482422,30.81999969482422,30.420000076293945,30.6299991607666,29.323257446289062,83000
2007-02-07,30.459999084472656,30.959999084472656,30.200000762939453,30.649999618530273,29.342405319213867,116400
2007-02-08,30.549999237060547,30.790000915527344,30.25,30.68000030517578,29.371126174926758,100200
2007-02-09,30.610000610351562,30.760000228881836,29.920000076293945,30.270000457763672,28.97861671447754,97300
2007-02-12,30.15999984741211,31.0,30.010000228881836,30.979999542236328,29.658327102661133,143600
2007-02-13,30.989999771118164,31.489999771118164,30.770000457763672,31.149999618530273,29.821073532104492,130900
2007-02-14,31.0,31.219999313354492,30.579999923706055,30.65999984741211,29.351978302001953,80500
2007-02-15,30.899999618530273,31.0,30.229999542236328,30.3700008392334,29.074352264404297,155400
2007-02-16,34.25,36.939998626708984,33.040000915527344,36.40999984741211,34.85667037963867,1895800
2007-02-20,36.47999954223633,39.0099983215332,35.79999923706055,38.54999923706055,36.905372619628906,739100
2007-02-21,38.5,38.5099983215332,36.689998626708984,36.7599983215332,35.19173812866211,326100
2007-02-22,37.189998626708984,37.900001525878906,36.7599983215332,37.65999984741211,36.0533447265625,301500
2007-02-23,37.540000915527344,37.54999923706055,36.54999923706055,37.13999938964844,35.55552673339844,248800
2007-02-26,37.47999954223633,38.790000915527344,37.279998779296875,38.2400016784668,36.60860061645508,558300
2007-02-27,38.2400016784668,38.2400016784668,36.099998474121094,36.630001068115234,35.06728744506836,432300
2007-02-28,36.630001068115234,37.119998931884766,35.150001525878906,36.290000915527344,34.741790771484375,316800
2007-03-01,36.290000915527344,36.400001525878906,34.5,36.08000183105469,34.54075241088867,235800
2007-03-02,36.08000183105469,36.2599983215332,34.84000015258789,34.97999954223633,33.48767852783203,285200
2007-03-05,34.880001068115234,35.060001373291016,34.130001068115234,34.189998626708984,32.731380462646484,319200
2007-03-06,34.689998626708984,36.41999816894531,34.59000015258789,36.06999969482422,34.53117752075195,222500
2007-03-07,36.060001373291016,37.5099983215332,35.65999984741211,36.0099983215332,34.47373580932617,182600
2007-03-08,36.5099983215332,37.279998779296875,36.0,36.209999084472656,34.66520309448242,129100
2007-03-09,36.150001525878906,36.939998626708984,35.7599983215332,36.63999938964844,35.07685852050781,153600
2007-03-12,36.5,36.97999954223633,35.970001220703125,36.029998779296875,34.492881774902344,231700
2007-03-13,35.83000183105469,36.06999969482422,34.04999923706055,34.279998779296875,32.81753921508789,512200
2007-03-14,34.34000015258789,35.38999938964844,34.2599983215332,35.0,33.5068244934082,281800
2007-03-15,34.91999816894531,35.15999984741211,34.79999923706055,34.97999954223633,33.48767852783203,180900
2007-03-16,34.9900016784668,35.41999816894531,34.09000015258789,34.220001220703125,32.760101318359375,574200
2007-03-19,34.45000076293945,35.41999816894531,34.45000076293945,34.59000015258789,33.114315032958984,259600
2007-03-20,34.400001525878906,34.65999984741211,34.15999984741211,34.36000061035156,32.89413070678711,258500
2007-03-21,34.36000061035156,35.70000076293945,34.36000061035156,35.70000076293945,34.176963806152344,304600
2007-03-22,35.880001068115234,36.09000015258789,35.459999084472656,35.900001525878906,34.368431091308594,211800
2007-03-23,35.959999084472656,36.0,35.34000015258789,35.75,34.22482681274414,265200
2007-03-26,35.95000076293945,36.029998779296875,35.349998474121094,35.95000076293945,34.416297912597656,141200
2007-03-27,35.79999923706055,36.25,35.61000061035156,35.939998626708984,34.40672302246094,155500
2007-03-28,36.25,36.349998474121094,35.40999984741211,35.459999084472656,33.947200775146484,252600
2007-03-29,35.900001525878906,36.0,35.47999954223633,35.869998931884766,34.33970642089844,207000
2007-03-30,36.0,36.86000061035156,35.97999954223633,36.86000061035156,35.2874755859375,313000
2007-04-02,38.04999923706055,38.04999923706055,36.0,36.279998779296875,34.732215881347656,212700
2007-04-03,36.529998779296875,38.5,36.529998779296875,38.16999816894531,36.54158401489258,510200
2007-04-04,38.5,40.099998474121094,38.08000183105469,38.470001220703125,36.82878875732422,708800
2007-04-05,38.619998931884766,39.68000030517578,38.59000015258789,39.38999938964844,37.709537506103516,390600
2007-04-09,39.59000015258789,39.90999984741211,39.25,39.40999984741211,37.72868347167969,423900
2007-04-10,39.5,39.599998474121094,39.04999923706055,39.47999954223633,37.79569625854492,553800
2007-04-11,39.5,40.2400016784668,39.380001068115234,40.0,38.293514251708984,596500
2007-04-12,40.0,42.099998474121094,39.43000030517578,41.439998626708984,39.672080993652344,494300
2007-04-13,40.77000045776367,40.77000045776367,37.93000030517578,39.5,37.81484603881836,898200
2007-04-16,39.5,40.060001373291016,38.849998474121094,39.79999923706055,38.102046966552734,393600
2007-04-17,40.599998474121094,41.27000045776367,39.900001525878906,39.97999954223633,38.27436828613281,558600
2007-04-18,40.22999954223633,40.369998931884766,39.439998626708984,39.83000183105469,38.130767822265625,354200
2007-04-19,39.59000015258789,40.599998474121094,39.40999984741211,40.0,38.293514251708984,272300
2007-04-20,40.75,40.810001373291016,40.040000915527344,40.7400016784668,39.00194549560547,201300
2007-04-23,40.83000183105469,42.400001525878906,40.83000183105469,42.25,40.44752502441406,254300
2007-04-24,42.47999954223633,43.220001220703125,41.619998931884766,42.47999954223633,40.6677131652832,445900
2007-04-25,42.58000183105469,43.040000915527344,41.560001373291016,41.939998626708984,40.15074920654297,374600
2007-04-26,41.849998474121094,43.63999938964844,41.790000915527344,43.61000061035156,41.74950408935547,231800
2007-04-27,43.709999084472656,43.709999084472656,42.279998779296875,42.4900016784668,40.67728805541992,197200
2007-04-30,43.380001068115234,43.5,42.060001373291016,42.599998474121094,40.7825927734375,288900
2007-05-01,42.939998626708984,43.810001373291016,42.4900016784668,43.34000015258789,41.491024017333984,354700
2007-05-02,43.9900016784668,44.439998626708984,43.54999923706055,44.0,42.12286376953125,360900
2007-05-03,44.04999923706055,45.29999923706055,43.970001220703125,44.29999923706055,42.410064697265625,472600
2007-05-04,44.400001525878906,44.84000015258789,44.150001525878906,44.52000045776367,42.62068176269531,272600
2007-05-07,44.68000030517578,45.13999938964844,44.15999984741211,44.15999984741211,42.276039123535156,239200
2007-05-08,44.470001220703125,46.40999984741211,44.25,45.91999816894531,43.96095275878906,558600
2007-05-09,49.619998931884766,51.599998474121094,48.869998931884766,50.41999816894531,48.26897430419922,1522500
2007-05-10,50.41999816894531,51.279998779296875,49.439998626708984,50.939998626708984,48.766788482666016,497200
2007-05-11,51.349998474121094,51.970001220703125,51.209999084472656,51.45000076293945,49.25503158569336,352400
2007-05-14,51.20000076293945,51.5,49.75,49.75,47.627559661865234,613200
2007-05-15,50.290000915527344,50.47999954223633,49.619998931884766,49.880001068115234,47.75201416015625,907000
2007-05-16,50.459999084472656,51.06999969482422,50.27000045776367,50.95000076293945,48.776363372802734,478300
2007-05-17,50.650001525878906,51.02000045776367,49.630001068115234,49.81999969482422,47.69457244873047,448400
2007-05-18,49.810001373291016,50.34000015258789,49.61000061035156,50.0,47.86689376831055,379700
2007-05-21,49.91999816894531,50.31999969482422,49.650001525878906,49.95000076293945,47.819026947021484,490000
2007-05-22,50.099998474121094,50.79999923706055,49.72999954223633,50.459999084472656,48.30726623535156,257900
2007-05-23,50.459999084472656,51.41999816894531,50.060001373291016,50.970001220703125,48.79551315307617,487900
2007-05-24,52.099998474121094,53.81999969482422,51.380001068115234,51.650001525878906,49.446502685546875,509900
2007-05-25,52.06999969482422,52.5,49.849998474121094,50.290000915527344,48.1445198059082,407000
2007-05-29,52.27000045776367,53.25,51.75,53.25,50.978240966796875,640500
2007-05-30,53.25,55.099998474121094,53.25,53.86000061035156,51.562217712402344,461400
2007-05-31,54.0,55.0,54.0,55.0,52.65358352661133,385600
2007-06-01,55.439998626708984,57.75,55.36000061035156,57.0,54.56825637817383,517000
2007-06-04,57.25,57.7400016784668,56.70000076293945,57.2400016784668,54.79801940917969,702400
2007-06-05,57.2400016784668,58.5,56.5,58.11000061035156,55.63090515136719,537000
2007-06-06,58.11000061035156,58.9900016784668,57.59000015258789,58.2400016784668,55.7553596496582,478800
2007-06-07,58.900001525878906,58.900001525878906,56.099998474121094,56.70000076293945,54.28105545043945,543400
2007-06-08,55.86000061035156,56.79999923706055,53.25,56.279998779296875,53.87897491455078,594600
2007-06-11,56.5,58.72999954223633,56.369998931884766,58.279998779296875,55.79364776611328,455900
2007-06-12,58.279998779296875,59.380001068115234,58.04999923706055,59.2400016784668,56.71269607543945,696400
2007-06-13,60.5,60.5,58.90999984741211,59.619998931884766,57.076480865478516,495500
2007-06-14,59.95000076293945,60.150001525878906,59.75,59.939998626708984,57.38283157348633,437700
2007-06-15,60.880001068115234,62.58000183105469,60.630001068115234,62.06999969482422,59.421958923339844,680300
2007-06-18,62.779998779296875,64.62000274658203,62.779998779296875,64.04000091552734,61.307918548583984,454900
2007-06-19,64.29000091552734,64.70999908447266,61.27000045776367,61.5,58.876277923583984,839900
2007-06-20,62.790000915527344,63.33000183105469,59.63999938964844,59.93000030517578,57.37325668334961,935700
2007-06-21,59.779998779296875,61.2599983215332,59.130001068115234,61.11000061035156,58.5029182434082,590500
2007-06-22,61.18000030517578,61.68000030517578,59.720001220703125,59.91999816894531,57.36368179321289,459200
2007-06-25,59.91999816894531,61.619998931884766,59.04999923706055,59.720001220703125,57.172218322753906,366500
2007-06-26,59.90999984741211,60.959999084472656,59.349998474121094,60.0,57.440269470214844,502000
2007-06-27,61.779998779296875,61.849998474121094,59.16999816894531,61.599998474121094,58.97201156616211,358700
2007-06-28,61.599998474121094,62.5,59.18000030517578,59.34000015258789,56.80842971801758,767400
2007-06-29,58.560001373291016,62.099998474121094,57.220001220703125,61.529998779296875,58.904998779296875,700400
2007-07-02,62.25,63.9900016784668,62.0,63.93000030517578,61.20261001586914,599400
2007-07-03,64.69999694824219,64.75,62.380001068115234,62.380001068115234,59.71873474121094,333800
2007-07-05,63.0,64.94000244140625,63.0,63.95000076293945,61.22175598144531,431200
2007-07-06,63.79999923706055,64.62000274658203,63.2599983215332,64.37000274658203,61.62384033203125,389700
2007-07-09,64.5,64.69999694824219,62.93000030517578,63.88999938964844,61.16431427001953,354000
2007-07-10,63.88999938964844,63.88999938964844,62.5,62.88999938964844,60.20697784423828,495100
2007-07-11,63.04999923706055,64.80000305175781,62.79999923706055,64.45999908447266,61.709999084472656,497500
2007-07-12,65.0,69.16000366210938,64.94999694824219,69.16000366210938,66.20948791503906,682400
2007-07-13,69.75,72.41000366210938,69.16999816894531,71.8499984741211,68.78472137451172,760600
2007-07-16,71.9800033569336,73.6500015258789,71.05999755859375,73.05999755859375,69.94309997558594,665800
2007-07-17,72.94000244140625,75.43000030517578,72.8499984741211,73.86000061035156,70.70897674560547,651900
2007-07-18,73.5,73.5,71.05000305175781,72.87000274658203,69.76121520996094,406900
2007-07-19,73.5,75.12999725341797,72.55000305175781,72.93000030517578,69.81864929199219,340100
2007-07-20,72.7699966430664,72.7699966430664,70.30000305175781,71.87999725341797,68.81344604492188,391200
2007-07-23,72.26000213623047,74.72000122070312,72.26000213623047,73.88999938964844,70.7376937866211,372300
2007-07-24,73.30000305175781,73.80000305175781,71.4800033569336,71.91000366210938,68.84217071533203,435100
2007-07-25,72.80999755859375,73.69000244140625,61.31999969482422,63.0,60.312286376953125,1670300
2007-07-26,60.650001525878906,60.650001525878906,52.93000030517578,55.900001525878906,53.51518630981445,1578200
2007-07-27,56.2599983215332,59.79999923706055,55.900001525878906,56.63999938964844,54.22361373901367,914100
2007-07-30,58.04999923706055,61.880001068115234,57.0,61.369998931884766,58.75182342529297,873200
2007-07-31,63.4900016784668,65.55000305175781,61.150001525878906,61.40999984741211,58.79011917114258,856600
2007-08-01,61.0,62.40999984741211,57.43000030517578,60.0,57.440269470214844,755700
2007-08-02,60.0,60.790000915527344,58.33000183105469,60.279998779296875,57.70832443237305,551000
2007-08-03,60.47999954223633,61.150001525878906,55.29999923706055,55.529998779296875,53.16096878051758,631800
2007-08-06,55.36000061035156,55.72999954223633,48.47999954223633,51.470001220703125,49.2741813659668,1236300
2007-08-07,49.790000915527344,51.72999954223633,47.54999923706055,50.38999938964844,48.24025344848633,1221900
2007-08-08,61.650001525878906,62.25,50.09000015258789,51.099998474121094,48.91996383666992,2559300
2007-08-09,50.0,51.75,45.0,49.25,47.148887634277344,2448800
2007-08-10,47.16999816894531,54.63999938964844,45.290000915527344,54.619998931884766,52.289791107177734,1974800
2007-08-13,56.2599983215332,59.540000915527344,56.0099983215332,56.34000015258789,53.93641662597656,1345600
2007-08-14,57.220001220703125,58.68000030517578,54.5,55.5,53.13225173950195,903000
2007-08-15,54.81999969482422,55.5,48.5099983215332,49.5099983215332,47.397796630859375,1080400
2007-08-16,48.099998474121094,52.2599983215332,46.11000061035156,51.36000061035156,49.16887283325195,1495200
2007-08-17,53.689998626708984,54.5099983215332,48.0,48.5,46.430885314941406,1057000
2007-08-20,48.88999938964844,51.97999954223633,48.779998779296875,51.52000045776367,49.32204818725586,884200
2007-08-21,52.400001525878906,52.400001525878906,50.779998779296875,51.5,49.30289840698242,479700
2007-08-22,52.630001068115234,54.66999816894531,52.630001068115234,54.27000045776367,51.95472717285156,611000
2007-08-23,55.0099983215332,56.9900016784668,54.400001525878906,55.84000015258789,53.45774459838867,766200
2007-08-24,56.40999984741211,56.83000183105469,54.5,56.130001068115234,53.735374450683594,618600
2007-08-27,56.9900016784668,57.959999084472656,54.84000015258789,55.43000030517578,53.06523895263672,396400
2007-08-28,55.16999816894531,55.27000045776367,52.08000183105469,52.5,50.26023864746094,489100
2007-08-29,53.20000076293945,55.79999923706055,52.849998474121094,55.689998626708984,53.314144134521484,443400
2007-08-30,55.0,56.38999938964844,53.84000015258789,55.20000076293945,52.84505081176758,433900
2007-08-31,56.689998626708984,57.939998626708984,55.9900016784668,56.599998474121094,54.18532180786133,540900
2007-09-04,56.599998474121094,57.95000076293945,55.40999984741211,57.20000076293945,54.759727478027344,408400
2007-09-05,57.79999923706055,58.970001220703125,56.09000015258789,56.560001373291016,54.147029876708984,708900
2007-09-06,57.29999923706055,57.880001068115234,56.369998931884766,57.25,54.80759048461914,404500
2007-09-07,56.0,57.0,52.849998474121094,55.599998474121094,53.22798156738281,463600
2007-09-10,55.93000030517578,55.970001220703125,51.70000076293945,53.310001373291016,51.035682678222656,509400
2007-09-11,53.9900016784668,55.75,53.310001373291016,55.029998779296875,52.68230056762695,479200
2007-09-12,54.849998474121094,55.150001525878906,53.33000183105469,53.59000015258789,51.30373764038086,501400
2007-09-13,53.7400016784668,54.70000076293945,53.029998779296875,53.900001525878906,51.60051345825195,399900
2007-09-14,53.06999969482422,54.29999923706055,52.77000045776367,54.02000045776367,51.71539306640625,323800
2007-09-17,53.7599983215332,54.38999938964844,50.81999969482422,51.36000061035156,49.16887283325195,617700
2007-09-18,51.459999084472656,52.95000076293945,51.02000045776367,52.20000076293945,49.97303771972656,726100
2007-09-19,52.5,54.0,51.68000030517578,52.7400016784668,50.4900016784668,770400
2007-09-20,52.2599983215332,53.40999984741211,52.16999816894531,52.75,50.49957275390625,567800
2007-09-21,53.25,55.189998626708984,53.09000015258789,54.47999954223633,52.155765533447266,1014000
2007-09-24,54.25,55.439998626708984,51.31999969482422,52.310001373291016,50.078346252441406,708400
2007-09-25,52.43000030517578,53.869998931884766,51.119998931884766,53.7599983215332,51.46648025512695,548700
2007-09-26,54.0099983215332,54.25,52.869998931884766,53.220001220703125,50.949520111083984,451000
2007-09-27,53.650001525878906,56.75,53.5099983215332,56.41999816894531,54.01300048828125,563100
2007-09-28,56.400001525878906,57.54999923706055,55.45000076293945,55.93000030517578,53.543907165527344,481200
2007-10-01,56.18000030517578,59.75,56.18000030517578,58.900001525878906,56.38719940185547,687900
2007-10-02,59.279998779296875,59.709999084472656,58.599998474121094,59.369998931884766,56.8371467590332,444300
2007-10-03,58.79999923706055,59.70000076293945,58.25,58.58000183105469,56.08085250854492,371500
2007-10-04,59.029998779296875,61.400001525878906,58.779998779296875,61.11000061035156,58.5029182434082,481900
2007-10-05,62.0,62.79999923706055,61.209999084472656,62.619998931884766,59.94849395751953,396100
2007-10-08,62.81999969482422,63.900001525878906,62.0,63.04999923706055,60.36014938354492,303500
2007-10-09,63.0,63.349998474121094,61.040000915527344,62.369998931884766,59.70915985107422,434600
2007-10-10,62.369998931884766,66.75,62.08000183105469,66.7300033569336,63.88315963745117,773800
2007-10-11,64.30999755859375,65.16999816894531,58.97999954223633,61.18000030517578,58.56993103027344,991000
2007-10-12,60.59000015258789,62.77000045776367,60.56999969482422,62.77000045776367,60.092098236083984,399700
2007-10-15,61.91999816894531,64.23999786376953,61.77000045776367,63.65999984741211,60.94412612915039,454300
2007-10-16,62.869998931884766,64.05000305175781,61.81999969482422,63.36000061035156,60.65692901611328,382300
2007-10-17,64.08000183105469,64.68000030517578,62.810001373291016,64.68000030517578,61.92061233520508,294100
2007-10-18,64.16999816894531,64.7300033569336,62.689998626708984,64.01000213623047,61.279197692871094,214900
2007-10-19,63.38999938964844,63.869998931884766,59.029998779296875,59.380001068115234,56.84672164916992,608800
2007-10-22,58.0099983215332,60.02000045776367,56.9900016784668,59.529998779296875,56.99032211303711,467500
2007-10-23,61.2400016784668,61.79999923706055,58.290000915527344,59.75,57.20093536376953,383000
2007-10-24,58.61000061035156,60.20000076293945,56.220001220703125,59.810001373291016,57.25837707519531,513300
2007-10-25,60.20000076293945,60.290000915527344,57.75,59.20000076293945,56.674400329589844,374500
2007-10-26,60.349998474121094,62.18000030517578,59.70000076293945,61.84000015258789,59.20177459716797,278600
2007-10-29,62.40999984741211,63.189998626708984,61.2400016784668,61.91999816894531,59.278358459472656,320800
2007-10-30,59.0,61.25,58.209999084472656,58.5,56.00426483154297,634700
2007-10-31,58.5,58.5099983215332,56.0,57.349998474121094,54.903324127197266,604300
2007-11-01,56.65999984741211,57.0,55.04999923706055,55.27000045776367,52.91206359863281,395100
2007-11-02,56.0,57.40999984741211,54.70000076293945,56.959999084472656,54.529964447021484,481000
2007-11-05,56.959999084472656,56.959999084472656,54.0,55.40999984741211,53.04608917236328,357100
2007-11-06,54.63999938964844,57.4900016784668,54.63999938964844,57.20000076293945,54.759727478027344,343300
2007-11-07,56.38999938964844,57.06999969482422,53.040000915527344,53.849998474121094,51.552642822265625,654000
2007-11-08,53.439998626708984,55.04999923706055,51.900001525878906,54.9900016784668,52.64400863647461,593800
2007-11-09,59.130001068115234,61.38999938964844,57.20000076293945,57.86000061035156,55.39156723022461,1259200
2007-11-12,59.099998474121094,59.099998474121094,54.380001068115234,55.209999084472656,52.85462188720703,723600
2007-11-13,55.279998779296875,57.5,53.349998474121094,56.79999923706055,54.37678909301758,431100
2007-11-14,58.0,58.040000915527344,56.18000030517578,56.70000076293945,54.28105545043945,549300
2007-11-15,55.959999084472656,56.2599983215332,52.810001373291016,54.02000045776367,51.71539306640625,403500
2007-11-16,54.2400016784668,55.279998779296875,52.75,53.529998779296875,51.24629592895508,461000
2007-11-19,53.060001373291016,53.209999084472656,51.599998474121094,52.380001068115234,50.14535903930664,475000
2007-11-20,52.189998626708984,54.369998931884766,51.29999923706055,52.630001068115234,50.38469314575195,440400
2007-11-21,52.220001220703125,52.220001220703125,48.2599983215332,49.66999816894531,47.550968170166016,687700
2007-11-23,48.810001373291016,51.900001525878906,48.810001373291016,51.20000076293945,49.01569747924805,150200
2007-11-26,50.16999816894531,53.40999984741211,50.16999816894531,50.68000030517578,48.51788330078125,372400
2007-11-27,50.790000915527344,52.5,49.349998474121094,51.20000076293945,49.01569747924805,532300
2007-11-28,51.20000076293945,54.0,51.20000076293945,53.650001525878906,51.36117935180664,597900
2007-11-29,53.63999938964844,54.20000076293945,52.099998474121094,53.369998931884766,51.09312057495117,456000
2007-11-30,54.02000045776367,54.5,52.790000915527344,53.189998626708984,50.920799255371094,620100
2007-12-03,53.0,54.970001220703125,52.52000045776367,54.18000030517578,51.86856460571289,624300
2007-12-04,55.900001525878906,58.310001373291016,54.79999923706055,57.15999984741211,54.721431732177734,1026300
2007-12-05,58.02000045776367,58.02000045776367,55.83000183105469,56.54999923706055,54.137454986572266,439900
2007-12-06,57.060001373291016,58.33000183105469,55.65999984741211,56.29999923706055,53.89812088012695,602900
2007-12-07,56.56999969482422,56.56999969482422,54.439998626708984,55.150001525878906,52.797183990478516,560300
2007-12-10,55.38999938964844,55.38999938964844,52.79999923706055,53.56999969482422,51.28458786010742,569100
2007-12-11,53.72999954223633,54.189998626708984,51.02000045776367,51.25,49.06356430053711,508300
2007-12-12,52.59000015258789,53.619998931884766,48.66999816894531,49.70000076293945,47.57969284057617,701700
2007-12-13,49.369998931884766,49.88999938964844,46.779998779296875,47.95000076293945,45.90435028076172,1044800
2007-12-14,47.779998779296875,47.779998779296875,45.5099983215332,46.97999954223633,44.975730895996094,1801400
2007-12-17,47.400001525878906,48.83000183105469,45.5,47.130001068115234,45.11933517456055,1576300
2007-12-18,46.9900016784668,48.040000915527344,46.099998474121094,47.11000061035156,45.10018539428711,914000
2007-12-19,47.11000061035156,47.25,45.88999938964844,46.15999984741211,44.19071578979492,591200
2007-12-20,46.70000076293945,46.70000076293945,45.5,46.099998474121094,44.13327407836914,846000
2007-12-21,46.189998626708984,47.25,45.9900016784668,46.63999938964844,44.650238037109375,552300
2007-12-24,46.650001525878906,47.38999938964844,46.189998626708984,46.43000030517578,44.449195861816406,217600
2007-12-26,46.41999816894531,46.41999816894531,45.400001525878906,46.0099983215332,44.04711151123047,379600
2007-12-27,45.75,46.290000915527344,44.150001525878906,44.369998931884766,42.477081298828125,465300
2007-12-28,44.5,45.20000076293945,42.459999084472656,42.88999938964844,41.060218811035156,672100
2007-12-31,42.77000045776367,42.79999923706055,41.029998779296875,41.41999816894531,39.652931213378906,1004000
2008-01-02,41.75,42.099998474121094,40.29999923706055,41.29999923706055,39.53805160522461,761900
2008-01-03,41.459999084472656,42.130001068115234,41.189998626708984,41.459999084472656,39.691226959228516,654000
2008-01-04,40.9900016784668,42.2400016784668,40.0,40.5,38.77218246459961,711600
2008-01-07,40.7599983215332,41.599998474121094,38.45000076293945,39.119998931884766,37.45105743408203,988700
2008-01-08,39.2400016784668,39.5,34.5,34.77000045776367,33.28663635253906,1339900
2008-01-09,34.540000915527344,35.36000061035156,31.690000534057617,34.189998626708984,32.731380462646484,1623800
2008-01-10,33.869998931884766,38.380001068115234,33.470001220703125,37.38999938964844,35.79486083984375,1043200
2008-01-11,37.16999816894531,37.41999816894531,35.75,36.45000076293945,34.89496612548828,917000
2008-01-14,36.75,38.88999938964844,36.380001068115234,38.529998779296875,36.886226654052734,883600
2008-01-15,38.06999969482422,38.290000915527344,36.0,36.56999969482422,35.00984573364258,710000
2008-01-16,36.5,38.529998779296875,35.959999084472656,37.70000076293945,36.091636657714844,941900
2008-01-17,36.459999084472656,36.459999084472656,25.079999923706055,27.649999618530273,26.47039222717285,4001600
2008-01-18,28.5,30.0,27.290000915527344,28.40999984741211,27.197967529296875,2363900
2008-01-22,27.020000457763672,33.0,27.020000457763672,32.40999984741211,31.027318954467773,1786300
2008-01-23,31.729999542236328,34.279998779296875,30.270000457763672,33.90999984741211,32.46332550048828,1463500
2008-01-24,34.15999984741211,34.939998626708984,32.81999969482422,33.650001525878906,32.214420318603516,813600
2008-01-25,34.33000183105469,35.400001525878906,32.2599983215332,32.84000015258789,31.438976287841797,810200
2008-01-28,32.709999084472656,35.0,31.5,34.95000076293945,33.45895767211914,768600
2008-01-29,34.75,35.59000015258789,34.20000076293945,34.84000015258789,33.35365295410156,409200
2008-01-30,34.5,35.79999923706055,34.150001525878906,34.150001525878906,32.69308853149414,513200
2008-01-31,33.540000915527344,35.81999969482422,33.0,34.720001220703125,33.238773345947266,614900
2008-02-01,35.290000915527344,37.150001525878906,34.95000076293945,37.099998474121094,35.517234802246094,608400
2008-02-04,37.06999969482422,37.869998931884766,34.7400016784668,34.7599983215332,33.277061462402344,591000
2008-02-05,34.130001068115234,36.189998626708984,32.880001068115234,35.7599983215332,34.23440170288086,1015400
2008-02-06,35.970001220703125,36.13999938964844,32.720001220703125,32.869998931884766,31.467695236206055,740900
2008-02-07,32.79999923706055,33.279998779296875,31.729999542236328,33.02000045776367,31.611295700073242,782400
2008-02-08,32.869998931884766,34.959999084472656,32.7599983215332,33.97999954223633,32.530338287353516,436700
2008-02-11,34.02000045776367,34.560001373291016,32.72999954223633,34.2599983215332,32.79839324951172,451300
2008-02-12,34.5099983215332,35.459999084472656,34.43000030517578,35.02000045776367,33.525970458984375,559600
2008-02-13,35.349998474121094,35.939998626708984,34.9900016784668,35.650001525878906,34.12909698486328,514400
2008-02-14,35.56999969482422,36.470001220703125,35.459999084472656,36.04999923706055,34.512027740478516,475400
2008-02-15,35.939998626708984,36.5,35.439998626708984,36.310001373291016,34.76094055175781,622800
2008-02-19,36.95000076293945,37.400001525878906,36.56999969482422,37.18000030517578,35.59382247924805,626600
2008-02-20,37.060001373291016,37.470001220703125,35.95000076293945,37.0,35.42150115966797,502000
2008-02-21,37.189998626708984,38.75,37.0099983215332,37.599998474121094,35.99590301513672,414300
2008-02-22,37.720001220703125,38.0,35.130001068115234,36.43000030517578,34.87582015991211,515600
2008-02-25,36.5099983215332,39.86000061035156,36.09000015258789,38.869998931884766,37.21172332763672,891800
2008-02-26,38.90999984741211,39.5,37.54999923706055,38.90999984741211,37.25001525878906,662700
2008-02-27,40.75,42.150001525878906,39.619998931884766,39.75,38.05418014526367,1853400
2008-02-28,39.779998779296875,40.4900016784668,38.56999969482422,38.849998474121094,37.19257354736328,847100
2008-02-29,38.70000076293945,39.02000045776367,37.16999816894531,37.47999954223633,35.88102340698242,720300
2008-03-03,37.56999969482422,38.09000015258789,35.31999969482422,36.060001373291016,34.521602630615234,657300
2008-03-04,36.90999984741211,37.970001220703125,36.099998474121094,37.150001525878906,35.565101623535156,652100
2008-03-05,37.29999923706055,38.36000061035156,36.869998931884766,37.36000061035156,35.766143798828125,421200
2008-03-06,37.22999954223633,37.22999954223633,34.63999938964844,34.91999816894531,33.43023681640625,501600
2008-03-07,34.470001220703125,35.7599983215332,33.5,34.209999084472656,32.750526428222656,522600
2008-03-10,34.34000015258789,34.84000015258789,32.310001373291016,32.4900016784668,31.10390853881836,445200
2008-03-11,33.5,36.70000076293945,33.34000015258789,36.560001373291016,35.000274658203125,540700
2008-03-12,36.779998779296875,36.959999084472656,35.130001068115234,35.38999938964844,33.88018798828125,468100
2008-03-13,34.939998626708984,40.11000061035156,34.220001220703125,39.97999954223633,38.27436828613281,933100
2008-03-14,40.119998931884766,40.5,36.619998931884766,38.209999084472656,36.57987976074219,742000
2008-03-17,36.400001525878906,37.16999816894531,32.88999938964844,34.2599983215332,32.79839324951172,996400
2008-03-18,35.459999084472656,35.470001220703125,32.880001068115234,34.400001525878906,32.93242263793945,1005900
2008-03-19,34.9900016784668,35.90999984741211,33.52000045776367,33.52000045776367,32.0899658203125,584800
2008-03-20,34.16999816894531,34.90999984741211,33.099998474121094,34.060001373291016,32.606929779052734,817300
2008-03-24,34.63999938964844,37.349998474121094,34.349998474121094,36.81999969482422,35.24917984008789,701900
2008-03-25,36.970001220703125,37.47999954223633,35.65999984741211,37.06999969482422,35.4885139465332,412500
2008-03-26,37.06999969482422,37.650001525878906,36.25,36.970001220703125,35.39278030395508,583900
2008-03-27,37.15999984741211,38.970001220703125,37.0099983215332,37.61000061035156,36.00547790527344,591200
2008-03-28,37.5099983215332,37.5099983215332,35.61000061035156,35.880001068115234,34.34928512573242,385900
2008-03-31,35.79999923706055,36.68000030517578,35.529998779296875,36.22999954223633,34.684349060058594,286900
2008-04-01,35.63999938964844,38.25,33.0,38.099998474121094,36.474571228027344,585800
2008-04-02,38.06999969482422,38.54999923706055,37.79999923706055,38.25,36.61817169189453,496200
2008-04-03,38.619998931884766,41.16999816894531,38.619998931884766,39.86000061035156,38.159488677978516,1268600
2008-04-04,40.34000015258789,41.47999954223633,39.630001068115234,40.060001373291016,38.350955963134766,655200
2008-04-07,40.0,41.75,39.65999984741211,40.099998474121094,38.38924789428711,518400
2008-04-08,39.709999084472656,40.779998779296875,39.560001373291016,40.720001220703125,38.9827995300293,601300
2008-04-09,40.91999816894531,41.72999954223633,39.900001525878906,40.209999084472656,38.49455261230469,504600
2008-04-10,40.0,41.810001373291016,39.33000183105469,41.099998474121094,39.34658432006836,454400
2008-04-11,40.5,41.22999954223633,39.0,39.220001220703125,37.546791076660156,667600
2008-04-14,38.099998474121094,38.099998474121094,34.900001525878906,35.36000061035156,33.85146713256836,1239500
2008-04-15,35.40999984741211,35.79999923706055,33.61000061035156,34.06999969482422,32.61650085449219,998000
2008-04-16,34.540000915527344,36.369998931884766,34.06999969482422,36.189998626708984,34.64605712890625,966100
2008-04-17,36.099998474121094,36.119998931884766,34.439998626708984,35.5099983215332,33.99506378173828,416500
2008-04-18,36.099998474121094,37.68000030517578,36.099998474121094,37.11000061035156,35.52680969238281,775500
2008-04-21,36.7400016784668,38.13999938964844,36.650001525878906,37.959999084472656,36.340545654296875,554900
2008-04-22,37.709999084472656,38.130001068115234,35.290000915527344,35.88999938964844,34.358856201171875,511300
2008-04-23,36.029998779296875,36.029998779296875,34.81999969482422,35.130001068115234,33.63127899169922,702200
2008-04-24,35.209999084472656,37.18000030517578,34.900001525878906,36.22999954223633,34.684349060058594,665200
2008-04-25,36.439998626708984,38.77000045776367,36.310001373291016,38.31999969482422,36.685184478759766,552100
2008-04-28,38.66999816894531,39.38999938964844,37.220001220703125,38.79999923706055,37.14470672607422,630500
2008-04-29,38.5,38.5,37.310001373291016,38.2400016784668,36.60860061645508,389500
2008-04-30,38.279998779296875,38.439998626708984,36.08000183105469,36.18000030517578,34.63648223876953,375500
2008-05-01,36.08000183105469,37.130001068115234,36.06999969482422,36.88999938964844,35.316192626953125,386100
2008-05-02,36.900001525878906,38.38999938964844,36.900001525878906,38.06999969482422,36.44585037231445,524600
2008-05-05,37.81999969482422,38.470001220703125,37.150001525878906,37.599998474121094,35.99590301513672,381100
2008-05-06,37.04999923706055,38.959999084472656,36.65999984741211,38.599998474121094,36.95323944091797,558700
2008-05-07,38.849998474121094,40.22999954223633,38.29999923706055,38.90999984741211,37.25001525878906,702800
2008-05-08,39.5099983215332,44.79999923706055,39.5099983215332,41.90999984741211,40.12202835083008,2263000
2008-05-09,41.709999084472656,41.83000183105469,40.2599983215332,40.849998474121094,39.10725021362305,575200
2008-05-12,41.0,41.79999923706055,40.2400016784668,41.470001220703125,39.700801849365234,335100
2008-05-13,41.61000061035156,42.849998474121094,41.0099983215332,42.040000915527344,40.246482849121094,483000
2008-05-14,42.20000076293945,42.689998626708984,41.790000915527344,42.0,40.20819091796875,392600
2008-05-15,42.0,42.52000045776367,41.060001373291016,42.04999923706055,40.25605773925781,448900
2008-05-16,42.04999923706055,42.04999923706055,40.369998931884766,41.88999938964844,40.102882385253906,378600
2008-05-19,41.959999084472656,42.130001068115234,41.150001525878906,41.5099983215332,39.73909378051758,333900
2008-05-20,41.25,42.09000015258789,41.0,42.0,40.20819091796875,335000
2008-05-21,42.41999816894531,42.41999816894531,40.86000061035156,41.0,39.250850677490234,403900
2008-05-22,41.20000076293945,42.09000015258789,40.900001525878906,41.66999816894531,39.89226531982422,401400
2008-05-23,41.029998779296875,41.459999084472656,39.0,40.209999084472656,38.49455261230469,498100
2008-05-27,39.33000183105469,39.68000030517578,37.33000183105469,39.33000183105469,37.652099609375,648600
2008-05-28,39.709999084472656,40.4900016784668,39.380001068115234,40.369998931884766,38.647727966308594,393600
2008-05-29,40.72999954223633,41.5099983215332,39.36000061035156,39.529998779296875,37.843563079833984,621100
2008-05-30,39.650001525878906,40.459999084472656,38.4900016784668,38.4900016784668,36.84793472290039,609900
2008-06-02,38.439998626708984,39.22999954223633,37.630001068115234,38.34000015258789,36.7043342590332,495300
2008-06-03,37.810001373291016,38.130001068115234,36.689998626708984,37.939998626708984,36.32139587402344,1103600
2008-06-04,37.86000061035156,40.06999969482422,37.86000061035156,39.18000030517578,37.50849914550781,572800
2008-06-05,39.2400016784668,41.099998474121094,39.20000076293945,40.29999923706055,38.58071517944336,694300
2008-06-06,39.599998474121094,40.099998474121094,39.09000015258789,39.09000015258789,37.42233657836914,506000
2008-06-09,39.59000015258789,40.439998626708984,38.689998626708984,39.16999816894531,37.49892044067383,687900
2008-06-10,38.45000076293945,39.5,38.18000030517578,38.380001068115234,36.74262619018555,423400
2008-06-11,38.36000061035156,38.36000061035156,35.849998474121094,35.849998474121094,34.320560455322266,651200
2008-06-12,36.36000061035156,37.5,36.0099983215332,36.63999938964844,35.07685852050781,682500
2008-06-13,37.209999084472656,38.29999923706055,36.650001525878906,38.040000915527344,36.41713333129883,695800
2008-06-16,37.93000030517578,38.31999969482422,37.36000061035156,38.09000015258789,36.46500015258789,319300
2008-06-17,38.02000045776367,38.470001220703125,37.16999816894531,37.31999969482422,35.727848052978516,461500
2008-06-18,37.099998474121094,37.560001373291016,36.529998779296875,37.560001373291016,35.957611083984375,456000
2008-06-19,37.540000915527344,37.97999954223633,37.02000045776367,37.68000030517578,36.07249069213867,373800
2008-06-20,37.45000076293945,37.68000030517578,34.9900016784668,35.13999938964844,33.64085006713867,588100
2008-06-23,35.15999984741211,35.66999816894531,34.540000915527344,35.2599983215332,33.75572967529297,340700
2008-06-24,34.779998779296875,35.310001373291016,33.709999084472656,34.18000030517578,32.72180938720703,512200
2008-06-25,34.66999816894531,35.88999938964844,34.18000030517578,35.33000183105469,33.822750091552734,464900
2008-06-26,34.5,34.97999954223633,33.04999923706055,33.41999816894531,31.994230270385742,935800
2008-06-27,33.400001525878906,33.95000076293945,32.31999969482422,32.56999969482422,31.18049430847168,904700
2008-06-30,32.63999938964844,33.560001373291016,32.08000183105469,33.04999923706055,31.6400146484375,532100
2008-07-01,32.400001525878906,32.849998474121094,30.850000381469727,31.959999084472656,30.59651756286621,719200
2008-07-02,31.899999618530273,32.0,27.93000030517578,27.950000762939453,26.757593154907227,1214400
2008-07-03,28.360000610351562,28.90999984741211,27.0,27.229999542236328,26.068309783935547,840500
2008-07-07,27.440000534057617,27.989999771118164,25.15999984741211,25.549999237060547,24.45998191833496,1360100
2008-07-08,25.549999237060547,26.450000762939453,24.700000762939453,26.139999389648438,25.024810791015625,1113600
2008-07-09,26.360000610351562,27.59000015258789,24.260000228881836,24.520000457763672,23.47392463684082,1602300
2008-07-10,24.489999771118164,25.969999313354492,24.15999984741211,25.43000030517578,24.345102310180664,954100
2008-07-11,24.739999771118164,25.5,24.239999771118164,24.579999923706055,23.53136444091797,805900
2008-07-14,24.860000610351562,25.75,24.829999923706055,25.190000534057617,24.115341186523438,796700
2008-07-15,24.6200008392334,25.469999313354492,23.540000915527344,24.670000076293945,23.617525100708008,678600
2008-07-16,24.799999237060547,25.56999969482422,23.780000686645508,25.260000228881836,24.182353973388672,972600
2008-07-17,26.969999313354492,27.200000762939453,25.329999923706055,26.450000762939453,25.32158660888672,953200
2008-07-18,26.440000534057617,26.579999923706055,25.809999465942383,26.229999542236328,25.110971450805664,624900
2008-07-21,26.600000381469727,27.110000610351562,26.3799991607666,26.989999771118164,25.83854866027832,543800
2008-07-22,27.059999465942383,27.829999923706055,26.479999542236328,27.799999237060547,26.613990783691406,555100
2008-07-23,27.65999984741211,29.8799991607666,27.350000381469727,29.790000915527344,28.51909637451172,1336400
2008-07-24,29.469999313354492,29.790000915527344,26.440000534057617,26.709999084472656,25.570493698120117,863800
2008-07-25,27.190000534057617,28.5,27.040000915527344,27.299999237060547,26.13532257080078,478600
2008-07-28,27.139999389648438,27.239999771118164,25.90999984741211,26.209999084472656,25.09182357788086,313700
2008-07-29,26.40999984741211,27.959999084472656,26.31999969482422,27.829999923706055,26.642711639404297,382700
2008-07-30,28.0,28.639999389648438,27.100000381469727,28.190000534057617,26.987354278564453,424900
2008-07-31,27.649999618530273,28.399999618530273,26.889999389648438,27.360000610351562,26.192764282226562,478700
2008-08-01,27.389999389648438,28.350000381469727,27.040000915527344,27.610000610351562,26.432098388671875,403900
2008-08-04,27.790000915527344,27.790000915527344,26.389999389648438,26.84000015258789,25.694948196411133,447000
2008-08-05,27.360000610351562,28.309999465942383,27.040000915527344,27.84000015258789,26.652286529541016,514300
2008-08-06,27.84000015258789,29.420000076293945,27.5,29.420000076293945,28.164880752563477,489200
2008-08-07,29.450000762939453,29.739999771118164,28.760000228881836,29.030000686645508,27.791519165039062,587400
2008-08-08,27.579999923706055,31.229999542236328,26.18000030517578,31.18000030517578,29.849794387817383,1154100
2008-08-11,31.489999771118164,31.75,30.979999542236328,31.31999969482422,29.983821868896484,632000
2008-08-12,31.059999465942383,31.1299991607666,28.170000076293945,28.729999542236328,27.504316329956055,641100
2008-08-13,28.719999313354492,29.34000015258789,28.010000228881836,28.799999237060547,27.57132911682129,419700
2008-08-14,28.600000381469727,29.530000686645508,28.3700008392334,29.229999542236328,27.98298454284668,322800
2008-08-15,29.670000076293945,29.93000030517578,28.81999969482422,29.389999389648438,28.136159896850586,311100
2008-08-18,29.530000686645508,29.709999084472656,28.190000534057617,28.600000381469727,27.379863739013672,277900
2008-08-19,28.219999313354492,28.420000076293945,27.3700008392334,27.729999542236328,26.546977996826172,325500
2008-08-20,27.75,28.030000686645508,27.0,27.979999542236328,26.786312103271484,237300
2008-08-21,28.260000228881836,28.270000457763672,26.540000915527344,27.540000915527344,26.36508560180664,258000
2008-08-22,27.65999984741211,27.65999984741211,26.010000228881836,26.649999618530273,25.51305389404297,504900
2008-08-25,26.610000610351562,26.670000076293945,25.239999771118164,25.43000030517578,24.345102310180664,424900
2008-08-26,25.450000762939453,26.1299991607666,25.309999465942383,25.959999084472656,24.852489471435547,340500
2008-08-27,25.90999984741211,26.989999771118164,25.43000030517578,26.780000686645508,25.637508392333984,252800
2008-08-28,26.90999984741211,27.860000610351562,26.780000686645508,27.559999465942383,26.384231567382812,317800
2008-08-29,26.780000686645508,27.739999771118164,26.5,26.709999084472656,25.570493698120117,297900
2008-09-02,27.31999969482422,27.399999618530273,25.6299991607666,26.40999984741211,25.283292770385742,362400
2008-09-03,26.309999465942383,27.290000915527344,25.5,26.15999984741211,25.04395866394043,446100
2008-09-04,25.8799991607666,25.889999389648438,24.219999313354492,24.559999465942383,23.512216567993164,514800
2008-09-05,24.549999237060547,27.0,24.139999389648438,26.190000534057617,25.07267951965332,712700
2008-09-08,27.3700008392334,27.6200008392334,25.219999313354492,25.520000457763672,24.431262969970703,637600
2008-09-09,25.6200008392334,25.68000030517578,23.1299991607666,24.15999984741211,23.129281997680664,1102700
2008-09-10,24.31999969482422,24.5,22.6200008392334,23.270000457763672,22.277252197265625,1001500
2008-09-11,22.579999923706055,24.389999389648438,22.09000015258789,24.389999389648438,23.349470138549805,1001600
2008-09-12,24.139999389648438,25.15999984741211,23.579999923706055,25.079999923706055,24.010032653808594,598700
2008-09-15,24.040000915527344,24.920000076293945,22.780000686645508,23.06999969482422,22.085784912109375,492600
2008-09-16,22.010000228881836,23.84000015258789,22.010000228881836,23.709999084472656,22.6984806060791,546300
2008-09-17,23.309999465942383,24.15999984741211,22.809999465942383,22.940000534057617,21.96133041381836,1152900
2008-09-18,23.420000076293945,24.399999618530273,22.84000015258789,24.239999771118164,23.205869674682617,1355800
2008-09-19,26.0,29.940000534057617,25.93000030517578,28.670000076293945,27.446876525878906,1753200
2008-09-22,28.40999984741211,28.649999618530273,26.649999618530273,26.950000762939453,25.800256729125977,512600
2008-09-23,27.68000030517578,27.68000030517578,25.020000457763672,25.290000915527344,24.211074829101562,580300
2008-09-24,25.299999237060547,25.829999923706055,24.510000228881836,25.0,23.933446884155273,483900
2008-09-25,25.31999969482422,25.450000762939453,24.440000534057617,24.549999237060547,23.502643585205078,457400
2008-09-26,23.940000534057617,24.239999771118164,23.010000228881836,24.18000030517578,23.14842987060547,514900
2008-09-29,23.709999084472656,23.93000030517578,21.420000076293945,22.09000015258789,21.147592544555664,593000
2008-09-30,23.010000228881836,25.860000610351562,22.0,25.790000915527344,24.68974494934082,2604500
2008-10-01,25.68000030517578,26.200000762939453,24.209999084472656,24.5,23.454776763916016,884800
2008-10-02,24.229999542236328,24.329999923706055,22.0,22.1299991607666,21.18588638305664,708800
2008-10-03,22.260000228881836,23.989999771118164,21.75,21.850000381469727,20.91783332824707,1186900
2008-10-06,20.43000030517578,21.75,19.950000762939453,21.040000915527344,20.14238929748535,1304300
2008-10-07,21.43000030517578,23.989999771118164,17.09000015258789,17.559999465942383,16.81085205078125,1348800
2008-10-08,16.860000610351562,17.639999389648438,14.380000114440918,16.75,16.035409927368164,1967100
2008-10-09,17.0,17.6200008392334,14.34000015258789,14.729999542236328,14.10158634185791,969700
2008-10-10,13.710000038146973,18.510000228881836,13.079999923706055,17.639999389648438,16.887439727783203,1395900
2008-10-13,18.510000228881836,19.389999389648438,17.549999237060547,18.25,17.471416473388672,1246800
2008-10-14,19.100000381469727,19.600000381469727,16.920000076293945,17.110000610351562,16.380050659179688,1302700
2008-10-15,16.700000762939453,17.200000762939453,15.319999694824219,15.579999923706055,14.915323257446289,891900
2008-10-16,15.649999618530273,16.579999923706055,14.0,16.31999969482422,15.623753547668457,1370600
2008-10-17,15.510000228881836,18.040000915527344,14.59000015258789,17.010000228881836,16.284317016601562,997700
2008-10-20,17.260000228881836,17.889999389648438,16.280000686645508,17.700000762939453,16.944881439208984,1140600
2008-10-21,17.469999313354492,18.329999923706055,17.139999389648438,17.309999465942383,16.571517944335938,819300
2008-10-22,16.739999771118164,16.920000076293945,15.119999885559082,15.65999984741211,14.991910934448242,519900
2008-10-23,15.819999694824219,16.479999542236328,14.279999732971191,15.520000457763672,14.857884407043457,691500
2008-10-24,13.65999984741211,15.069999694824219,13.020000457763672,14.4399995803833,13.823958396911621,547200
2008-10-27,14.09000015258789,14.729999542236328,13.569999694824219,13.600000381469727,13.019795417785645,389600
2008-10-28,13.960000038146973,14.510000228881836,12.880000114440918,14.489999771118164,13.871825218200684,1115800
2008-10-29,14.800000190734863,16.56999969482422,14.300000190734863,15.449999809265137,14.79086971282959,607300
2008-10-30,16.100000381469727,17.09000015258789,15.239999771118164,17.040000915527344,16.313037872314453,576500
2008-10-31,17.0,19.06999969482422,16.309999465942383,19.020000457763672,18.208566665649414,794800
2008-11-03,18.979999542236328,20.110000610351562,18.649999618530273,19.56999969482422,18.7351016998291,701400
2008-11-04,19.729999542236328,21.049999237060547,18.979999542236328,19.950000762939453,19.09889030456543,715800
2008-11-05,19.579999923706055,20.709999084472656,19.010000228881836,19.270000457763672,18.447900772094727,844500
2008-11-06,19.260000228881836,20.0,17.649999618530273,17.790000915527344,17.031042098999023,535000
2008-11-07,16.459999084472656,17.799999237060547,15.890000343322754,16.719999313354492,16.006689071655273,879100
2008-11-10,17.350000381469727,17.540000915527344,15.260000228881836,15.550000190734863,14.886604309082031,719700
2008-11-11,15.4399995803833,15.600000381469727,14.4399995803833,15.039999961853027,14.398361206054688,631200
2008-11-12,14.680000305175781,14.949999809265137,13.100000381469727,13.300000190734863,12.732593536376953,581800
2008-11-13,13.4399995803833,14.079999923706055,11.75,14.050000190734863,13.450596809387207,975800
2008-11-14,13.710000038146973,15.630000114440918,13.369999885559082,14.420000076293945,13.80481243133545,1106100
2008-11-17,14.399999618530273,14.399999618530273,13.130000114440918,13.199999809265137,12.636859893798828,440100
2008-11-18,13.119999885559082,14.220000267028809,13.119999885559082,13.850000381469727,13.259129524230957,1205400
2008-11-19,13.789999961853027,14.0600004196167,12.460000038146973,12.539999961853027,12.005016326904297,716300
2008-11-20,12.319999694824219,13.510000228881836,11.5,12.489999771118164,11.957149505615234,1241200
2008-11-21,12.350000381469727,13.0,11.630000114440918,12.970000267028809,12.416672706604004,1311100
2008-11-24,13.239999771118164,14.630000114440918,12.850000381469727,14.270000457763672,13.661211967468262,1024300
2008-11-25,14.8100004196167,15.869999885559082,14.569999694824219,15.300000190734863,14.647269248962402,1036300
2008-11-26,14.979999542236328,18.0,14.600000381469727,17.579999923706055,16.829999923706055,801900
2008-11-28,17.280000686645508,19.56999969482422,17.280000686645508,19.149999618530273,18.333019256591797,594500
2008-12-01,18.420000076293945,18.739999771118164,15.710000038146973,15.850000381469727,15.173805236816406,1175700
2008-12-02,16.31999969482422,18.0,15.920000076293945,17.860000610351562,17.098054885864258,863300
2008-12-03,17.299999237060547,19.520000457763672,16.899999618530273,19.18000030517578,18.361740112304688,1227400
2008-12-04,18.829999923706055,20.209999084472656,17.010000228881836,17.610000610351562,16.858720779418945,985100
2008-12-05,17.299999237060547,18.989999771118164,16.450000762939453,18.600000381469727,17.80648422241211,884700
2008-12-08,19.600000381469727,22.049999237060547,18.920000076293945,21.309999465942383,20.400869369506836,2032700
2008-12-09,21.34000015258789,23.209999084472656,20.200000762939453,22.25,21.30076789855957,1635100
2008-12-10,22.540000915527344,23.100000381469727,21.5,22.3700008392334,21.4156494140625,1224700
2008-12-11,21.950000762939453,22.5,20.139999389648438,20.709999084472656,19.826465606689453,776100
2008-12-12,19.93000030517578,21.59000015258789,19.8799991607666,21.270000457763672,20.362577438354492,1069500
2008-12-15,21.540000915527344,21.90999984741211,19.559999465942383,20.280000686645508,19.414812088012695,581100
2008-12-16,20.799999237060547,22.479999542236328,20.5,22.360000610351562,21.40607452392578,826600
2008-12-17,21.93000030517578,23.850000381469727,21.700000762939453,23.209999084472656,22.219810485839844,812800
2008-12-18,23.31999969482422,23.81999969482422,21.68000030517578,21.899999618530273,20.9656982421875,806600
2008-12-19,22.360000610351562,23.309999465942383,21.6299991607666,21.940000534057617,21.00399398803711,806200
2008-12-22,22.110000610351562,22.399999618530273,20.100000381469727,20.979999542236328,20.08494758605957,501100
2008-12-23,21.299999237060547,21.81999969482422,21.059999465942383,21.450000762939453,20.534896850585938,569300
2008-12-24,21.520000457763672,22.34000015258789,21.420000076293945,22.209999084472656,21.26247215270996,282200
2008-12-26,22.559999465942383,22.969999313354492,21.920000076293945,22.90999984741211,21.93260955810547,417100
2008-12-29,22.75,23.459999084472656,21.540000915527344,21.950000762939453,21.013566970825195,788800
2008-12-30,22.229999542236328,23.280000686645508,21.639999389648438,23.239999771118164,22.248531341552734,692300
2008-12-31,23.329999923706055,24.270000457763672,23.299999237060547,23.3799991607666,22.382558822631836,772700
2009-01-02,23.860000610351562,24.350000381469727,22.479999542236328,24.040000915527344,23.014402389526367,1026300
2009-01-05,24.030000686645508,25.190000534057617,23.09000015258789,24.889999389648438,23.82813835144043,730800
2009-01-06,25.729999542236328,26.600000381469727,25.110000610351562,25.5,24.4121150970459,838900
2009-01-07,24.950000762939453,24.959999084472656,22.979999542236328,23.25,22.25810432434082,944300
2009-01-08,23.0,25.0,22.639999389648438,24.959999084472656,23.895151138305664,877600
2009-01-09,25.010000228881836,25.059999465942383,22.969999313354492,23.270000457763672,22.277252197265625,780600
2009-01-12,23.15999984741211,23.34000015258789,21.540000915527344,21.93000030517578,20.99441909790039,728400
2009-01-13,21.600000381469727,22.829999923706055,21.350000381469727,22.729999542236328,21.76028823852539,803300
2009-01-14,22.280000686645508,22.280000686645508,20.520000457763672,21.329999923706055,20.42001724243164,827900
2009-01-15,21.25,22.540000915527344,19.969999313354492,21.8799991607666,20.946552276611328,452900
2009-01-16,22.0,22.84000015258789,21.59000015258789,22.549999237060547,21.587968826293945,814200
2009-01-20,22.18000030517578,22.540000915527344,20.149999618530273,20.600000381469727,19.721160888671875,817300
2009-01-21,20.950000762939453,22.06999969482422,20.139999389648438,21.969999313354492,21.032712936401367,522200
2009-01-22,21.3700008392334,21.3700008392334,19.809999465942383,20.610000610351562,19.73073387145996,641100
2009-01-23,19.90999984741211,21.459999084472656,19.5,20.84000015258789,19.9509220123291,424300
2009-01-26,21.100000381469727,22.280000686645508,20.709999084472656,21.75,20.822097778320312,480700
2009-01-27,21.850000381469727,22.520000457763672,21.75,21.81999969482422,20.88911247253418,359100
2009-01-28,22.389999389648438,23.68000030517578,22.209999084472656,23.420000076293945,22.420852661132812,441000
2009-01-29,22.959999084472656,23.889999389648438,22.209999084472656,22.559999465942383,21.59754180908203,649000
2009-01-30,22.979999542236328,22.979999542236328,20.579999923706055,20.850000381469727,19.960494995117188,436700
2009-02-02,20.389999389648438,21.34000015258789,19.899999618530273,21.1200008392334,20.218976974487305,494200
2009-02-03,21.440000534057617,22.450000762939453,21.020000457763672,21.989999771118164,21.05185890197754,699700
2009-02-04,21.93000030517578,23.260000228881836,21.25,22.290000915527344,21.339061737060547,693000
2009-02-05,22.170000076293945,23.270000457763672,22.059999465942383,22.8700008392334,21.894317626953125,502800
2009-02-06,22.81999969482422,24.530000686645508,22.709999084472656,23.59000015258789,22.583600997924805,712900
2009-02-09,23.389999389648438,24.34000015258789,23.0,24.0,22.97610855102539,525200
2009-02-10,23.850000381469727,24.93000030517578,22.3700008392334,22.670000076293945,21.702848434448242,776700
2009-02-11,22.81999969482422,23.25,21.360000610351562,22.09000015258789,21.147592544555664,636400
2009-02-12,21.690000534057617,22.270000457763672,20.850000381469727,22.149999618530273,21.205032348632812,590200
2009-02-13,22.149999618530273,22.8799991607666,21.760000228881836,22.290000915527344,21.339061737060547,334900
2009-02-17,21.450000762939453,21.450000762939453,20.299999237060547,20.719999313354492,19.836040496826172,572900
2009-02-18,21.079999923706055,21.290000915527344,18.84000015258789,19.190000534057617,18.371313095092773,882500
2009-02-19,19.579999923706055,20.049999237060547,18.040000915527344,18.219999313354492,17.44269561767578,1341400
2009-02-20,17.719999313354492,18.690000534057617,16.950000762939453,18.34000015258789,17.55757713317871,1106500
2009-02-23,18.8700008392334,18.940000534057617,16.68000030517578,16.920000076293945,16.198156356811523,819200
2009-02-24,17.229999542236328,18.59000015258789,16.940000534057617,18.200000762939453,17.42354965209961,952700
2009-02-25,18.34000015258789,18.489999771118164,16.09000015258789,16.579999923706055,15.872661590576172,1051500
2009-02-26,16.6200008392334,17.40999984741211,15.149999618530273,15.319999694824219,14.666415214538574,1422500
2009-02-27,15.0,15.989999771118164,14.699999809265137,15.319999694824219,14.666415214538574,1095800
2009-03-02,14.670000076293945,14.970000267028809,13.609999656677246,13.970000267028809,13.37401008605957,1025800
2009-03-03,14.5,14.539999961853027,12.25,12.279999732971191,11.756108283996582,1160500
2009-03-04,12.550000190734863,13.180000305175781,12.479999542236328,12.90999984741211,12.359231948852539,796800
2009-03-05,12.510000228881836,12.640000343322754,11.210000038146973,11.319999694824219,10.837063789367676,930700
2009-03-06,11.479999542236328,11.649999618530273,10.460000038146973,10.770000457763672,10.310528755187988,1070300
2009-03-09,10.579999923706055,11.479999542236328,10.210000038146973,11.130000114440918,10.655170440673828,1134000
2009-03-10,11.5600004196167,12.319999694824219,11.380000114440918,12.100000381469727,11.583788871765137,1129600
2009-03-11,11.989999771118164,12.5,11.729999542236328,12.050000190734863,11.535921096801758,749300
2009-03-12,12.029999732971191,12.960000038146973,11.619999885559082,12.869999885559082,12.320938110351562,872700
2009-03-13,12.829999923706055,13.109999656677246,12.229999542236328,12.699999809265137,12.158190727233887,524500
2009-03-16,12.850000381469727,13.079999923706055,12.359999656677246,12.399999618530273,11.870988845825195,613900
2009-03-17,12.430000305175781,13.25,12.3100004196167,13.25,12.68472671508789,625100
2009-03-18,13.130000114440918,13.699999809265137,12.720000267028809,13.40999984741211,12.837900161743164,707300
2009-03-19,13.619999885559082,13.800000190734863,13.029999732971191,13.210000038146973,12.646432876586914,572500
2009-03-20,13.300000190734863,13.420000076293945,12.260000228881836,12.289999961853027,11.765682220458984,616800
2009-03-23,12.800000190734863,13.5600004196167,12.75,13.5600004196167,12.981501579284668,580500
2009-03-24,13.210000038146973,13.220000267028809,12.619999885559082,12.90999984741211,12.359231948852539,800900
2009-03-25,13.020000457763672,13.729999542236328,12.619999885559082,13.210000038146973,12.646432876586914,805500
2009-03-26,13.449999809265137,13.890000343322754,13.319999694824219,13.850000381469727,13.259129524230957,826700
2009-03-27,13.470000267028809,13.579999923706055,12.09000015258789,12.520000457763672,11.985870361328125,1601600
2009-03-30,12.109999656677246,12.15999984741211,11.600000381469727,11.899999618530273,11.392319679260254,675700
2009-03-31,12.15999984741211,12.880000114440918,11.970000267028809,12.300000190734863,11.775256156921387,787800
2009-04-01,12.010000228881836,12.699999809265137,11.729999542236328,12.65999984741211,12.11989688873291,635500
2009-04-02,13.119999885559082,13.779999732971191,12.899999618530273,13.3100004196167,12.742167472839355,1038500
2009-04-03,13.0,14.010000228881836,12.050000190734863,13.859999656677246,13.268702507019043,625500
2009-04-06,13.640000343322754,13.800000190734863,13.229999542236328,13.729999542236328,13.144248008728027,807300
2009-04-07,13.380000114440918,13.380000114440918,12.90999984741211,13.010000228881836,12.454965591430664,604200
2009-04-08,13.09000015258789,13.579999923706055,12.850000381469727,13.149999618530273,12.58899211883545,364400
2009-04-09,13.529999732971191,14.65999984741211,13.420000076293945,14.5,13.881399154663086,703800
2009-04-13,14.210000038146973,14.59000015258789,13.949999809265137,14.430000305175781,13.814385414123535,325300
2009-04-14,14.15999984741211,15.399999618530273,14.010000228881836,14.779999732971191,14.149453163146973,978500
2009-04-15,14.65999984741211,15.359999656677246,14.5600004196167,15.0600004196167,14.417508125305176,425600
2009-04-16,15.300000190734863,16.0,15.029999732971191,15.8100004196167,15.135512351989746,519900
2009-04-17,15.859999656677246,17.010000228881836,15.710000038146973,16.5,15.796074867248535,944600
2009-04-20,15.970000267028809,16.1200008392334,15.050000190734863,15.279999732971191,14.628122329711914,632800
2009-04-21,14.859999656677246,16.270000457763672,14.84000015258789,16.010000228881836,15.326979637145996,588400
2009-04-22,15.609999656677246,17.5,15.609999656677246,16.690000534057617,15.9779691696167,1095900
2009-04-23,16.770000457763672,17.030000686645508,15.40999984741211,15.859999656677246,15.183378219604492,448800
2009-04-24,16.1299991607666,17.079999923706055,16.0,16.780000686645508,16.064130783081055,395500
2009-04-27,16.3700008392334,16.829999923706055,15.75,15.920000076293945,15.240818977355957,482700
2009-04-28,15.640000343322754,16.020000457763672,15.140000343322754,15.680000305175781,15.01105785369873,548900
2009-04-29,15.789999961853027,16.670000076293945,15.789999961853027,16.329999923706055,15.63332748413086,476400
2009-04-30,16.579999923706055,17.739999771118164,16.579999923706055,17.299999237060547,16.56194496154785,745200
2009-05-01,17.299999237060547,17.68000030517578,16.959999084472656,17.280000686645508,16.54279899597168,568100
2009-05-04,17.549999237060547,18.360000610351562,17.549999237060547,18.0,17.23208236694336,644200
2009-05-05,17.559999465942383,18.639999389648438,17.459999084472656,18.34000015258789,17.55757713317871,850600
2009-05-06,18.719999313354492,19.18000030517578,18.1299991607666,18.940000534057617,18.13197898864746,561600
2009-05-07,19.290000915527344,19.989999771118164,18.809999465942383,18.920000076293945,18.11283302307129,970400
2009-05-08,20.59000015258789,23.770000457763672,20.59000015258789,23.700000762939453,22.688907623291016,2312300
2009-05-11,22.959999084472656,23.079999923706055,21.84000015258789,21.959999084472656,21.02313804626465,1026600
2009-05-12,22.079999923706055,23.149999618530273,21.700000762939453,22.549999237060547,21.587968826293945,1582100
2009-05-13,21.719999313354492,21.8700008392334,20.56999969482422,21.270000457763672,20.362577438354492,960100
2009-05-14,21.459999084472656,21.979999542236328,21.239999771118164,21.520000457763672,20.601911544799805,612900
2009-05-15,21.450000762939453,22.0,20.670000076293945,20.770000457763672,19.883907318115234,478600
2009-05-18,21.15999984741211,22.489999771118164,20.979999542236328,22.290000915527344,21.339061737060547,512000
2009-05-19,22.450000762939453,22.56999969482422,21.549999237060547,21.81999969482422,20.88911247253418,382000
2009-05-20,22.1299991607666,23.280000686645508,21.18000030517578,21.329999923706055,20.42001724243164,564100
2009-05-21,21.010000228881836,21.270000457763672,20.440000534057617,20.780000686645508,19.893482208251953,482900
2009-05-22,20.889999389648438,21.139999389648438,20.200000762939453,20.239999771118164,19.37651824951172,192200
2009-05-26,20.18000030517578,21.209999084472656,20.020000457763672,21.18000030517578,20.276416778564453,374700
2009-05-27,21.030000686645508,21.709999084472656,20.65999984741211,20.799999237060547,19.912626266479492,339300
2009-05-28,20.979999542236328,21.329999923706055,19.280000686645508,20.329999923706055,19.462678909301758,578000
2009-05-29,20.469999313354492,20.809999465942383,19.959999084472656,20.649999618530273,19.769025802612305,350700
2009-06-01,21.100000381469727,22.489999771118164,21.0,21.959999084472656,21.02313804626465,227600
2009-06-02,21.90999984741211,22.280000686645508,20.90999984741211,22.100000381469727,21.157167434692383,281700
2009-06-03,21.780000686645508,21.780000686645508,20.18000030517578,20.639999389648438,19.75945281982422,373200
2009-06-04,20.75,21.190000534057617,20.280000686645508,20.93000030517578,20.037080764770508,202800
2009-06-05,21.290000915527344,21.469999313354492,20.389999389648438,20.790000915527344,19.90305519104004,137500
2009-06-08,20.25,21.190000534057617,20.0,21.139999389648438,20.238121032714844,239800
2009-06-09,21.459999084472656,21.549999237060547,21.0,21.309999465942383,20.400869369506836,191600
2009-06-10,21.489999771118164,21.68000030517578,20.489999771118164,20.510000228881836,19.635000228881836,377300
2009-06-11,20.639999389648438,20.969999313354492,20.110000610351562,20.5,19.625425338745117,444800
2009-06-12,20.850000381469727,20.850000381469727,20.059999465942383,20.229999542236328,19.366945266723633,358200
2009-06-15,20.0,20.020000457763672,18.940000534057617,19.1200008392334,18.30430030822754,446100
2009-06-16,19.399999618530273,19.81999969482422,18.899999618530273,19.170000076293945,18.3521671295166,474700
2009-06-17,19.1299991607666,19.1299991607666,17.899999618530273,17.979999542236328,17.212934494018555,1028000
2009-06-18,17.899999618530273,18.40999984741211,17.790000915527344,18.190000534057617,17.413976669311523,328200
2009-06-19,18.459999084472656,18.639999389648438,17.8700008392334,18.190000534057617,17.413976669311523,504200
2009-06-22,18.100000381469727,18.110000610351562,17.850000381469727,18.0,17.23208236694336,467300
2009-06-23,18.1299991607666,18.260000228881836,17.989999771118164,18.0,17.23208236694336,442600
2009-06-24,18.170000076293945,18.579999923706055,17.81999969482422,17.950000762939453,17.184215545654297,244800
2009-06-25,17.899999618530273,18.219999313354492,17.75,18.010000228881836,17.241655349731445,370700
2009-06-26,17.93000030517578,18.440000534057617,17.43000030517578,17.520000457763672,16.772560119628906,2383000
2009-06-29,17.969999313354492,18.139999389648438,17.260000228881836,17.59000015258789,16.83957290649414,360600
2009-06-30,17.65999984741211,18.200000762939453,17.299999237060547,17.360000610351562,16.619386672973633,248900
2009-07-01,17.59000015258789,17.829999923706055,17.489999771118164,17.510000228881836,16.762985229492188,192300
2009-07-02,16.81999969482422,16.989999771118164,16.479999542236328,16.479999542236328,15.77692699432373,383700
2009-07-06,15.930000305175781,16.43000030517578,15.59000015258789,15.649999618530273,14.98233699798584,500800
2009-07-07,15.869999885559082,15.869999885559082,15.0,15.050000190734863,14.40793514251709,322400
2009-07-08,15.329999923706055,15.350000381469727,14.210000038146973,14.90999984741211,14.273907661437988,420700
2009-07-09,14.949999809265137,15.0,14.34000015258789,14.520000457763672,13.900546073913574,464200
2009-07-10,14.470000267028809,14.699999809265137,13.869999885559082,14.180000305175781,13.575051307678223,346700
2009-07-13,14.180000305175781,14.9399995803833,13.829999923706055,14.65999984741211,14.03457260131836,453300
2009-07-14,14.789999961853027,15.020000457763672,14.720000267028809,14.920000076293945,14.283480644226074,254600
2009-07-15,15.09000015258789,15.850000381469727,15.09000015258789,15.670000076293945,15.001483917236328,247200
2009-07-16,15.600000381469727,15.84000015258789,15.300000190734863,15.770000457763672,15.09721851348877,238600
2009-07-17,15.84000015258789,16.100000381469727,15.84000015258789,16.0,15.317405700683594,226600
2009-07-20,16.049999237060547,17.0,16.049999237060547,16.670000076293945,15.958822250366211,295200
2009-07-21,16.959999084472656,17.579999923706055,16.799999237060547,17.170000076293945,16.437490463256836,306000
2009-07-22,17.100000381469727,17.520000457763672,16.90999984741211,17.270000457763672,16.533226013183594,350200
2009-07-23,17.200000762939453,18.040000915527344,17.149999618530273,17.760000228881836,17.002321243286133,396900
2009-07-24,17.5,18.559999465942383,17.360000610351562,18.5,17.710750579833984,271200
2009-07-27,18.59000015258789,18.709999084472656,18.229999542236328,18.299999237060547,17.5192813873291,113000
2009-07-28,18.040000915527344,18.34000015258789,17.399999618530273,17.770000457763672,17.01189422607422,214400
2009-07-29,17.770000457763672,17.770000457763672,17.25,17.520000457763672,16.772560119628906,136600
2009-07-30,17.700000762939453,18.350000381469727,17.579999923706055,17.959999084472656,17.19378662109375,206000
2009-07-31,17.90999984741211,18.469999313354492,17.059999465942383,18.450000762939453,17.662883758544922,170200
2009-08-03,18.610000610351562,19.290000915527344,18.479999542236328,19.1200008392334,18.30430030822754,244000
2009-08-04,19.079999923706055,19.510000228881836,18.780000686645508,19.469999313354492,18.639368057250977,216000
2009-08-05,19.56999969482422,19.829999923706055,18.75,19.579999923706055,18.744674682617188,221900
2009-08-06,19.760000228881836,19.829999923706055,18.850000381469727,18.920000076293945,18.11283302307129,213700
2009-08-07,18.579999923706055,19.8799991607666,18.579999923706055,19.65999984741211,18.82126235961914,342900
2009-08-10,19.43000030517578,19.510000228881836,18.829999923706055,19.030000686645508,18.2181396484375,301200
2009-08-11,18.979999542236328,18.979999542236328,17.65999984741211,17.780000686645508,17.021467208862305,267600
2009-08-12,17.850000381469727,18.549999237060547,17.780000686645508,17.860000610351562,17.098054885864258,339700
2009-08-13,17.90999984741211,18.559999465942383,17.549999237060547,18.510000228881836,17.72032356262207,249800
2009-08-14,18.420000076293945,18.530000686645508,17.809999465942383,18.510000228881836,17.72032356262207,236000
2009-08-17,18.030000686645508,18.3700008392334,17.920000076293945,18.200000762939453,17.42354965209961,228400
2009-08-18,18.280000686645508,18.899999618530273,18.270000457763672,18.770000457763672,17.9692325592041,124500
2009-08-19,18.149999618530273,18.700000762939453,18.149999618530273,18.690000534057617,17.89264488220215,223600
2009-08-20,18.719999313354492,18.899999618530273,17.90999984741211,18.719999313354492,17.921363830566406,107700
2009-08-21,19.010000228881836,20.709999084472656,18.860000610351562,20.270000457763672,19.40523910522461,554000
2009-08-24,20.479999542236328,20.799999237060547,19.850000381469727,20.290000915527344,19.42438507080078,295200
2009-08-25,20.329999923706055,20.93000030517578,20.329999923706055,20.6299991607666,19.749879837036133,201000
2009-08-26,20.450000762939453,20.729999542236328,20.030000686645508,20.40999984741211,19.539264678955078,138500
2009-08-27,20.540000915527344,20.8700008392334,20.049999237060547,20.510000228881836,19.635000228881836,192900
2009-08-28,20.899999618530273,20.899999618530273,20.100000381469727,20.3799991607666,19.510543823242188,181400
2009-08-31,20.1200008392334,20.1200008392334,19.520000457763672,19.6200008392334,18.782970428466797,227500
2009-09-01,19.59000015258789,20.280000686645508,19.139999389648438,19.270000457763672,18.447900772094727,294700
2009-09-02,19.139999389648438,19.139999389648438,18.469999313354492,18.479999542236328,17.69160270690918,197800
2009-09-03,18.770000457763672,18.8799991607666,18.43000030517578,18.670000076293945,17.873497009277344,199800
2009-09-04,18.530000686645508,18.850000381469727,18.350000381469727,18.65999984741211,17.863924026489258,171400
2009-09-08,19.0,19.59000015258789,18.959999084472656,19.489999771118164,18.65851402282715,300600
2009-09-09,19.510000228881836,20.09000015258789,19.219999313354492,19.969999313354492,19.1180362701416,381800
2009-09-10,20.010000228881836,20.549999237060547,19.84000015258789,20.489999771118164,19.61585235595703,191800
2009-09-11,20.5,20.6299991607666,20.15999984741211,20.559999465942383,19.682865142822266,127500
2009-09-14,20.5,20.84000015258789,20.239999771118164,20.25,19.386091232299805,194600
2009-09-15,20.239999771118164,20.5,20.0,20.110000610351562,19.252065658569336,174600
2009-09-16,20.299999237060547,20.440000534057617,20.1299991607666,20.270000457763672,19.40523910522461,831200
2009-09-17,20.329999923706055,20.559999465942383,20.290000915527344,20.459999084472656,19.58713150024414,291100
2009-09-18,20.530000686645508,20.6299991607666,20.190000534057617,20.25,19.386091232299805,331400
2009-09-21,20.09000015258789,20.360000610351562,19.75,20.31999969482422,19.45310401916504,236900
2009-09-22,20.59000015258789,21.100000381469727,20.299999237060547,20.850000381469727,19.960494995117188,281100
2009-09-23,21.100000381469727,21.799999237060547,21.0,21.520000457763672,20.601911544799805,314900
2009-09-24,21.489999771118164,21.780000686645508,20.889999389648438,21.200000762939453,20.295562744140625,237500
2009-09-25,21.059999465942383,21.309999465942383,20.489999771118164,20.6200008392334,19.740306854248047,146000
2009-09-28,20.690000534057617,21.670000076293945,20.440000534057617,21.600000381469727,20.678497314453125,219500
2009-09-29,21.59000015258789,21.979999542236328,20.790000915527344,20.850000381469727,19.960494995117188,343100
2009-09-30,21.0,21.469999313354492,20.520000457763672,21.299999237060547,20.39129638671875,274200
2009-10-01,21.260000228881836,21.260000228881836,20.469999313354492,20.489999771118164,19.61585235595703,258900
2009-10-02,20.299999237060547,20.299999237060547,19.25,19.780000686645508,18.93614387512207,200400
2009-10-05,19.959999084472656,20.219999313354492,19.420000076293945,19.799999237060547,18.95528793334961,181600
2009-10-06,20.010000228881836,20.670000076293945,19.989999771118164,20.610000610351562,19.73073387145996,155700
2009-10-07,20.59000015258789,20.950000762939453,20.56999969482422,20.649999618530273,19.769025802612305,95200
2009-10-08,20.940000534057617,21.239999771118164,20.81999969482422,20.959999084472656,20.065799713134766,125500
2009-10-09,20.850000381469727,21.200000762939453,20.65999984741211,21.059999465942383,20.161535263061523,89600
2009-10-12,21.030000686645508,21.530000686645508,20.56999969482422,20.690000534057617,19.807321548461914,153900
2009-10-13,20.75,21.420000076293945,20.739999771118164,21.100000381469727,20.1998291015625,125600
2009-10-14,21.3799991607666,22.1200008392334,21.360000610351562,22.1200008392334,21.176313400268555,277300
2009-10-15,21.969999313354492,22.31999969482422,21.920000076293945,22.049999237060547,21.109298706054688,179600
2009-10-16,21.860000610351562,21.959999084472656,21.030000686645508,21.450000762939453,20.534896850585938,229600
2009-10-19,21.75,22.350000381469727,21.459999084472656,21.790000915527344,20.860393524169922,92800
2009-10-20,21.940000534057617,22.010000228881836,20.799999237060547,21.06999969482422,20.17110824584961,115500
2009-10-21,20.84000015258789,21.770000457763672,20.229999542236328,20.299999237060547,19.433958053588867,216900
2009-10-22,20.290000915527344,21.40999984741211,19.690000534057617,21.209999084472656,20.30513572692871,220100
2009-10-23,21.100000381469727,21.459999084472656,20.15999984741211,20.309999465942383,19.443531036376953,142900
2009-10-26,20.350000381469727,20.75,19.229999542236328,19.329999923706055,18.505340576171875,238900
2009-10-27,19.31999969482422,19.6299991607666,18.770000457763672,18.93000030517578,18.122406005859375,178400
2009-10-28,18.979999542236328,19.040000915527344,18.170000076293945,18.260000228881836,17.480989456176758,205300
2009-10-29,18.420000076293945,19.209999084472656,18.360000610351562,18.899999618530273,18.093685150146484,235700
2009-10-30,18.639999389648438,18.690000534057617,17.610000610351562,17.649999618530273,16.89701271057129,285000
2009-11-02,17.75,18.190000534057617,17.149999618530273,17.549999237060547,16.801279067993164,230300
2009-11-03,17.420000076293945,17.899999618530273,17.219999313354492,17.68000030517578,16.92573356628418,226700
2009-11-04,17.889999389648438,18.969999313354492,17.719999313354492,18.290000915527344,17.50971031188965,389100
2009-11-05,18.450000762939453,18.850000381469727,18.049999237060547,18.690000534057617,17.89264488220215,254100
2009-11-06,18.209999084472656,18.559999465942383,17.049999237060547,17.469999313354492,16.72469139099121,770300
2009-11-09,17.440000534057617,18.280000686645508,17.440000534057617,18.170000076293945,17.39482879638672,560300
2009-11-10,18.149999618530273,18.479999542236328,17.850000381469727,18.15999984741211,17.385255813598633,363900
2009-11-11,18.399999618530273,18.709999084472656,18.31999969482422,18.440000534057617,17.653310775756836,382000
2009-11-12,18.549999237060547,18.549999237060547,17.729999542236328,17.75,16.992746353149414,308800
2009-11-13,17.8799991607666,18.059999465942383,17.309999465942383,17.3799991607666,16.638530731201172,379800
2009-11-16,17.469999313354492,18.020000457763672,17.469999313354492,17.979999542236328,17.212934494018555,380800
2009-11-17,17.81999969482422,17.940000534057617,17.239999771118164,17.6200008392334,16.86829376220703,333300
2009-11-18,17.68000030517578,17.829999923706055,17.15999984741211,17.309999465942383,16.571517944335938,330900
2009-11-19,17.09000015258789,17.170000076293945,16.600000381469727,16.75,16.035409927368164,369600
2009-11-20,16.549999237060547,16.739999771118164,16.3799991607666,16.600000381469727,15.89180850982666,223800
2009-11-23,17.059999465942383,17.059999465942383,16.479999542236328,16.700000762939453,15.987543106079102,264600
2009-11-24,16.670000076293945,16.670000076293945,16.260000228881836,16.5,15.796074867248535,264100
2009-11-25,16.739999771118164,17.940000534057617,16.610000610351562,17.40999984741211,16.667251586914062,443700
2009-11-27,16.790000915527344,17.229999542236328,16.709999084472656,16.809999465942383,16.092849731445312,111200
2009-11-30,16.639999389648438,16.760000228881836,16.389999389648438,16.6200008392334,15.910956382751465,256300
2009-12-01,16.889999389648438,17.190000534057617,16.81999969482422,17.079999923706055,16.351329803466797,285300
2009-12-02,17.0,17.639999389648438,17.0,17.200000762939453,16.466211318969727,197000
2009-12-03,17.31999969482422,17.399999618530273,16.969999313354492,17.18000030517578,16.447065353393555,303400
2009-12-04,17.3700008392334,17.799999237060547,17.18000030517578,17.6299991607666,16.877864837646484,351100
2009-12-07,17.579999923706055,17.969999313354492,17.469999313354492,17.93000030517578,17.165067672729492,236900
2009-12-08,17.709999084472656,17.8799991607666,17.399999618530273,17.700000762939453,16.944881439208984,307000
2009-12-09,17.639999389648438,17.8799991607666,17.260000228881836,17.75,16.992746353149414,247300
2009-12-10,17.93000030517578,17.950000762939453,17.200000762939453,17.200000762939453,16.466211318969727,314100
2009-12-11,17.239999771118164,17.520000457763672,17.079999923706055,17.350000381469727,16.609811782836914,139100
2009-12-14,17.5,17.510000228881836,17.100000381469727,17.360000610351562,16.619386672973633,298700
2009-12-15,17.360000610351562,17.899999618530273,17.329999923706055,17.540000915527344,16.791706085205078,448500
2009-12-16,17.93000030517578,18.010000228881836,17.489999771118164,17.559999465942383,16.81085205078125,303800
2009-12-17,17.399999618530273,17.540000915527344,17.170000076293945,17.420000076293945,16.67682647705078,206100
2009-12-18,17.350000381469727,17.65999984741211,17.270000457763672,17.450000762939453,16.70554542541504,459600
2009-12-21,17.579999923706055,18.280000686645508,17.40999984741211,18.190000534057617,17.413976669311523,344800
2009-12-22,18.309999465942383,18.729999542236328,18.219999313354492,18.579999923706055,17.787336349487305,217600
2009-12-23,18.670000076293945,18.90999984741211,18.290000915527344,18.809999465942383,18.007524490356445,145800
2009-12-24,18.790000915527344,19.170000076293945,18.729999542236328,19.010000228881836,18.198993682861328,48800
2009-12-28,19.030000686645508,19.190000534057617,18.729999542236328,18.850000381469727,18.045818328857422,100300
2009-12-29,18.850000381469727,19.170000076293945,18.520000457763672,19.0,18.18941879272461,134000
2009-12-30,18.81999969482422,19.149999618530273,18.360000610351562,18.6200008392334,17.825632095336914,170200
2009-12-31,18.65999984741211,18.729999542236328,18.06999969482422,18.079999923706055,17.30866813659668,143800
2010-01-04,18.34000015258789,18.649999618530273,18.149999618530273,18.6200008392334,17.825632095336914,323400
2010-01-05,18.690000534057617,19.079999923706055,18.5,19.010000228881836,18.198993682861328,271600
2010-01-06,19.010000228881836,19.649999618530273,18.979999542236328,19.459999084472656,18.629793167114258,289600
2010-01-07,19.5,20.809999465942383,19.389999389648438,20.600000381469727,19.721160888671875,384800
2010-01-08,20.56999969482422,21.100000381469727,20.229999542236328,21.100000381469727,20.1998291015625,309100
2010-01-11,21.309999465942383,21.309999465942383,20.940000534057617,21.059999465942383,20.161535263061523,208500
2010-01-12,20.790000915527344,21.100000381469727,19.93000030517578,20.290000915527344,19.42438507080078,354700
2010-01-13,20.450000762939453,20.56999969482422,20.110000610351562,20.290000915527344,19.42438507080078,574000
2010-01-14,20.09000015258789,20.360000610351562,20.09000015258789,20.170000076293945,19.309505462646484,252600
2010-01-15,20.239999771118164,20.239999771118164,19.6299991607666,19.65999984741211,18.82126235961914,180300
2010-01-19,19.600000381469727,19.950000762939453,19.510000228881836,19.799999237060547,18.95528793334961,317100
2010-01-20,19.549999237060547,19.950000762939453,19.3799991607666,19.8700008392334,19.02230453491211,182200
2010-01-21,19.93000030517578,20.219999313354492,19.729999542236328,20.079999923706055,19.223344802856445,444700
2010-01-22,20.079999923706055,20.309999465942383,19.440000534057617,19.559999465942383,18.725528717041016,256300
2010-01-25,19.760000228881836,19.760000228881836,19.350000381469727,19.510000228881836,18.677661895751953,323800
2010-01-26,19.479999542236328,19.549999237060547,19.18000030517578,19.190000534057617,18.371313095092773,226900
2010-01-27,19.200000762939453,19.219999313354492,18.68000030517578,18.90999984741211,18.10325813293457,308900
2010-01-28,19.010000228881836,19.1299991607666,18.3799991607666,18.610000610351562,17.816057205200195,244900
2010-01-29,18.68000030517578,19.329999923706055,18.68000030517578,19.059999465942383,18.246858596801758,292700
2010-02-01,19.1200008392334,19.450000762939453,19.040000915527344,19.43000030517578,18.60107421875,248000
2010-02-02,19.420000076293945,20.239999771118164,19.420000076293945,20.18000030517578,19.31907844543457,311300
2010-02-03,19.969999313354492,20.440000534057617,19.899999618530273,20.309999465942383,19.443531036376953,198400
2010-02-04,20.170000076293945,20.170000076293945,19.43000030517578,19.450000762939453,18.620222091674805,275000
2010-02-05,19.559999465942383,19.559999465942383,18.6299991607666,19.3700008392334,18.54363441467285,448900
2010-02-08,19.299999237060547,19.420000076293945,18.799999237060547,18.860000610351562,18.05539321899414,117700
2010-02-09,19.190000534057617,19.260000228881836,18.799999237060547,19.15999984741211,18.342592239379883,220800
2010-02-10,19.1200008392334,19.350000381469727,18.75,19.209999084472656,18.390459060668945,88800
2010-02-11,19.06999969482422,19.799999237060547,18.860000610351562,19.75,18.90742301940918,168400
2010-02-12,19.440000534057617,20.079999923706055,19.329999923706055,20.059999465942383,19.20419692993164,121800
2010-02-16,20.200000762939453,20.309999465942383,20.06999969482422,20.219999313354492,19.357370376586914,110900
2010-02-17,20.399999618530273,20.469999313354492,20.15999984741211,20.34000015258789,19.472251892089844,105000
2010-02-18,20.3700008392334,20.790000915527344,20.350000381469727,20.780000686645508,19.893482208251953,126600
2010-02-19,20.760000228881836,21.190000534057617,20.639999389648438,21.110000610351562,20.209402084350586,146500
2010-02-22,21.260000228881836,21.40999984741211,21.06999969482422,21.299999237060547,20.39129638671875,104100
2010-02-23,21.170000076293945,21.280000686645508,20.65999984741211,21.020000457763672,20.123241424560547,216500
2010-02-24,21.170000076293945,21.3799991607666,20.729999542236328,21.280000686645508,20.372150421142578,163900
2010-02-25,20.969999313354492,21.399999618530273,20.600000381469727,21.389999389648438,20.47745704650879,184200
2010-02-26,20.190000534057617,20.229999542236328,18.579999923706055,19.770000457763672,18.92656898498535,570400
2010-03-01,19.770000457763672,20.030000686645508,19.56999969482422,19.90999984741211,19.060596466064453,243700
2010-03-02,20.010000228881836,20.049999237060547,19.670000076293945,19.940000534057617,19.089317321777344,229700
2010-03-03,20.030000686645508,20.110000610351562,19.850000381469727,19.959999084472656,19.108463287353516,518500
2010-03-04,20.0,20.350000381469727,19.979999542236328,20.25,19.386091232299805,152900
2010-03-05,20.360000610351562,20.670000076293945,20.360000610351562,20.5,19.625425338745117,172200
2010-03-08,20.440000534057617,20.579999923706055,20.1299991607666,20.360000610351562,19.49139976501465,140900
2010-03-09,20.3700008392334,20.510000228881836,20.06999969482422,20.229999542236328,19.366945266723633,186900
2010-03-10,20.149999618530273,20.31999969482422,19.8700008392334,20.09000015258789,19.23291778564453,307300
2010-03-11,19.8799991607666,20.15999984741211,19.81999969482422,20.139999389648438,19.280784606933594,80700
2010-03-12,20.18000030517578,20.360000610351562,19.829999923706055,20.34000015258789,19.472251892089844,376800
2010-03-15,20.260000228881836,20.34000015258789,20.079999923706055,20.299999237060547,19.433958053588867,108400
2010-03-16,20.31999969482422,20.399999618530273,20.100000381469727,20.350000381469727,19.48182487487793,187100
2010-03-17,20.459999084472656,20.59000015258789,20.420000076293945,20.440000534057617,19.56798553466797,248300
2010-03-18,20.329999923706055,20.84000015258789,20.229999542236328,20.799999237060547,19.912626266479492,139800
2010-03-19,21.09000015258789,21.309999465942383,20.75,21.09000015258789,20.190256118774414,403600
2010-03-22,21.09000015258789,22.549999237060547,20.469999313354492,22.18000030517578,21.233753204345703,281400
2010-03-23,22.139999389648438,22.719999313354492,21.90999984741211,22.649999618530273,21.68370246887207,163700
2010-03-24,22.469999313354492,22.690000534057617,22.219999313354492,22.40999984741211,21.453941345214844,117600
2010-03-25,22.809999465942383,23.75,22.329999923706055,22.40999984741211,21.453941345214844,483300
2010-03-26,22.440000534057617,22.600000381469727,21.729999542236328,22.34000015258789,21.38692855834961,243600
2010-03-29,22.40999984741211,22.850000381469727,22.40999984741211,22.829999923706055,21.85602378845215,145500
2010-03-30,22.770000457763672,23.200000762939453,22.34000015258789,22.40999984741211,21.453941345214844,224800
2010-03-31,22.3700008392334,22.549999237060547,21.700000762939453,21.75,20.822097778320312,243100
2010-04-01,22.0,22.1299991607666,21.530000686645508,22.0,21.061431884765625,324100
2010-04-05,22.18000030517578,22.489999771118164,21.979999542236328,22.489999771118164,21.530529022216797,149200
2010-04-06,22.450000762939453,22.93000030517578,22.40999984741211,22.760000228881836,21.78900909423828,135500
2010-04-07,22.760000228881836,22.959999084472656,22.030000686645508,22.299999237060547,21.3486328125,193800
2010-04-08,22.139999389648438,22.170000076293945,21.81999969482422,21.8700008392334,20.936979293823242,167200
2010-04-09,21.8700008392334,22.170000076293945,21.579999923706055,22.149999618530273,21.205032348632812,85200
2010-04-12,22.1200008392334,22.6200008392334,22.1200008392334,22.280000686645508,21.32948875427246,210800
2010-04-13,22.280000686645508,22.59000015258789,22.209999084472656,22.469999313354492,21.511381149291992,102900
2010-04-14,22.68000030517578,23.649999618530273,22.6299991607666,23.290000915527344,22.29640007019043,351000
2010-04-15,23.3799991607666,23.399999618530273,23.0,23.219999313354492,22.22938346862793,262100
2010-04-16,23.18000030517578,23.399999618530273,22.739999771118164,23.040000915527344,22.057065963745117,329200
2010-04-19,22.860000610351562,23.100000381469727,22.389999389648438,22.700000762939453,21.731569290161133,218600
2010-04-20,22.920000076293945,23.420000076293945,22.799999237060547,23.329999923706055,22.334692001342773,378000
2010-04-21,23.450000762939453,24.0,23.270000457763672,23.510000228881836,22.50701332092285,207300
2010-04-22,23.200000762939453,23.8700008392334,22.959999084472656,23.84000015258789,22.822935104370117,126800
2010-04-23,23.93000030517578,24.729999542236328,23.829999923706055,24.579999923706055,23.53136444091797,286100
2010-04-26,24.649999618530273,24.760000228881836,24.190000534057617,24.5,23.454776763916016,285100
2010-04-27,24.299999237060547,24.729999542236328,23.950000762939453,24.059999465942383,23.03354835510254,169600
2010-04-28,24.420000076293945,24.8799991607666,24.09000015258789,24.389999389648438,23.349470138549805,161900
2010-04-29,24.690000534057617,25.200000762939453,24.540000915527344,25.18000030517578,24.10576820373535,255600
2010-04-30,25.170000076293945,25.479999542236328,24.219999313354492,24.270000457763672,23.234590530395508,240200
2010-05-03,24.34000015258789,25.440000534057617,24.290000915527344,25.260000228881836,24.182353973388672,205100
2010-05-04,24.799999237060547,24.8799991607666,23.8799991607666,24.059999465942383,23.03354835510254,276000
2010-05-05,23.81999969482422,24.219999313354492,23.229999542236328,23.920000076293945,22.899520874023438,335800
2010-05-06,23.81999969482422,24.479999542236328,21.579999923706055,22.8700008392334,21.894317626953125,252200
2010-05-07,21.6299991607666,22.030000686645508,20.6299991607666,20.770000457763672,19.883907318115234,674700
2010-05-10,22.1200008392334,22.209999084472656,21.3799991607666,22.149999618530273,21.205032348632812,300700
2010-05-11,21.809999465942383,22.940000534057617,21.670000076293945,22.479999542236328,21.520954132080078,365600
2010-05-12,22.719999313354492,23.780000686645508,22.299999237060547,23.59000015258789,22.583600997924805,359900
2010-05-13,23.549999237060547,24.079999923706055,23.450000762939453,23.610000610351562,22.602746963500977,133700
2010-05-14,23.520000457763672,23.520000457763672,22.5,22.81999969482422,21.84644889831543,183700
2010-05-17,23.0,23.170000076293945,22.579999923706055,23.06999969482422,22.085784912109375,318400
2010-05-18,23.56999969482422,24.100000381469727,22.8799991607666,22.940000534057617,21.96133041381836,240300
2010-05-19,22.860000610351562,23.290000915527344,22.18000030517578,22.40999984741211,21.453941345214844,233000
2010-05-20,21.700000762939453,21.8799991607666,20.950000762939453,21.0,20.104095458984375,351800
2010-05-21,20.43000030517578,21.389999389648438,20.43000030517578,21.06999969482422,20.17110824584961,307700
2010-05-24,21.079999923706055,21.209999084472656,20.290000915527344,20.670000076293945,19.78817367553711,306800
2010-05-25,20.010000228881836,20.760000228881836,19.75,20.639999389648438,19.75945281982422,226700
2010-05-26,20.780000686645508,21.600000381469727,20.6299991607666,21.100000381469727,20.1998291015625,289600
2010-05-27,21.549999237060547,22.190000534057617,21.489999771118164,22.190000534057617,21.243328094482422,145600
2010-05-28,22.229999542236328,22.549999237060547,21.84000015258789,22.299999237060547,21.3486328125,485400
2010-06-01,21.920000076293945,22.020000457763672,19.829999923706055,19.829999923706055,18.9840087890625,512400
2010-06-02,20.190000534057617,20.190000534057617,19.530000686645508,20.049999237060547,19.194623947143555,223400
2010-06-03,20.0,20.280000686645508,19.280000686645508,19.559999465942383,18.725528717041016,559700
2010-06-04,18.969999313354492,19.1200008392334,18.1299991607666,18.309999465942383,17.52885627746582,576700
2010-06-07,18.459999084472656,18.459999084472656,17.440000534057617,17.5,16.7534122467041,252600
2010-06-08,17.469999313354492,17.559999465942383,16.969999313354492,17.260000228881836,16.523651123046875,287300
2010-06-09,17.469999313354492,17.81999969482422,16.75,17.190000534057617,16.45663833618164,740100
2010-06-10,17.459999084472656,17.540000915527344,17.049999237060547,17.31999969482422,16.581090927124023,467100
2010-06-11,17.049999237060547,17.520000457763672,17.049999237060547,17.200000762939453,16.466211318969727,605100
2010-06-14,17.270000457763672,17.579999923706055,17.059999465942383,17.280000686645508,16.54279899597168,449400
2010-06-15,17.690000534057617,18.610000610351562,17.690000534057617,18.579999923706055,17.787336349487305,535100
2010-06-16,18.31999969482422,19.260000228881836,18.31999969482422,18.790000915527344,17.988378524780273,603300
2010-06-17,18.81999969482422,18.860000610351562,18.450000762939453,18.719999313354492,17.921363830566406,297700
2010-06-18,18.860000610351562,19.270000457763672,18.139999389648438,18.979999542236328,18.170272827148438,572700
2010-06-21,19.09000015258789,19.489999771118164,18.489999771118164,18.6299991607666,17.835203170776367,190100
2010-06-22,18.68000030517578,18.93000030517578,18.040000915527344,18.110000610351562,17.33738899230957,221300
2010-06-23,18.059999465942383,18.170000076293945,17.700000762939453,17.93000030517578,17.165067672729492,213700
2010-06-24,17.780000686645508,17.950000762939453,17.309999465942383,17.360000610351562,16.619386672973633,157300
2010-06-25,17.459999084472656,18.030000686645508,17.25,17.75,16.992746353149414,278800
2010-06-28,17.739999771118164,18.270000457763672,17.530000686645508,17.770000457763672,17.01189422607422,164500
2010-06-29,17.420000076293945,17.5,16.40999984741211,16.6200008392334,15.910956382751465,263800
2010-06-30,16.639999389648438,16.969999313354492,16.3700008392334,16.479999542236328,15.77692699432373,236500
2010-07-01,16.479999542236328,16.479999542236328,15.710000038146973,16.06999969482422,15.384419441223145,204900
2010-07-02,16.190000534057617,16.200000762939453,15.5600004196167,16.030000686645508,15.346126556396484,255800
2010-07-06,16.309999465942383,16.719999313354492,15.770000457763672,15.880000114440918,15.20252513885498,265200
2010-07-07,15.720000267028809,16.600000381469727,15.6899995803833,16.56999969482422,15.86308765411377,268300
2010-07-08,16.739999771118164,17.18000030517578,16.719999313354492,17.1299991607666,16.39919662475586,241100
2010-07-09,17.170000076293945,17.770000457763672,17.1200008392334,17.770000457763672,17.01189422607422,195400
2010-07-12,17.75,18.0,17.170000076293945,17.270000457763672,16.533226013183594,231400
2010-07-13,17.649999618530273,18.329999923706055,17.649999618530273,18.270000457763672,17.490562438964844,254300
2010-07-14,18.15999984741211,18.75,18.049999237060547,18.360000610351562,17.576723098754883,248600
2010-07-15,18.329999923706055,18.43000030517578,17.940000534057617,18.280000686645508,17.500137329101562,264000
2010-07-16,18.149999618530273,18.149999618530273,17.280000686645508,17.3799991607666,16.638530731201172,265700
2010-07-19,17.440000534057617,17.920000076293945,17.239999771118164,17.799999237060547,17.040613174438477,211700
2010-07-20,17.479999542236328,18.3700008392334,17.420000076293945,18.329999923706055,17.548002243041992,232600
2010-07-21,18.540000915527344,18.84000015258789,18.149999618530273,18.209999084472656,17.433120727539062,170300
2010-07-22,18.649999618530273,19.31999969482422,18.6200008392334,19.0,18.18941879272461,276400
2010-07-23,18.84000015258789,19.6299991607666,18.700000762939453,19.389999389648438,18.562780380249023,246400
2010-07-26,19.40999984741211,19.860000610351562,19.40999984741211,19.59000015258789,18.754249572753906,203900
2010-07-27,19.829999923706055,19.940000534057617,19.579999923706055,19.649999618530273,18.811689376831055,184900
2010-07-28,19.670000076293945,19.829999923706055,19.350000381469727,19.420000076293945,18.591501235961914,171600
2010-07-29,19.540000915527344,19.950000762939453,19.079999923706055,19.440000534057617,18.61064910888672,262000
2010-07-30,19.110000610351562,19.610000610351562,19.059999465942383,19.280000686645508,18.457473754882812,214500
2010-08-02,19.68000030517578,19.889999389648438,19.389999389648438,19.59000015258789,18.754249572753906,294200
2010-08-03,19.510000228881836,19.579999923706055,19.260000228881836,19.360000610351562,18.534061431884766,212500
2010-08-04,19.56999969482422,19.690000534057617,19.440000534057617,19.600000381469727,18.763822555541992,253600
2010-08-05,19.469999313354492,19.530000686645508,18.950000762939453,19.010000228881836,18.198993682861328,198300
2010-08-06,19.950000762939453,20.989999771118164,19.950000762939453,20.75,19.864761352539062,783700
2010-08-09,21.010000228881836,21.25,20.809999465942383,21.049999237060547,20.151960372924805,503200
2010-08-10,20.799999237060547,21.239999771118164,20.649999618530273,20.959999084472656,20.065799713134766,392000
2010-08-11,20.200000762939453,20.360000610351562,19.479999542236328,19.950000762939453,19.09889030456543,531600
2010-08-12,19.610000610351562,20.239999771118164,19.530000686645508,19.799999237060547,18.95528793334961,964400
2010-08-13,19.760000228881836,19.8799991607666,19.5,19.6200008392334,18.782970428466797,314600
2010-08-16,19.540000915527344,19.860000610351562,19.34000015258789,19.729999542236328,18.888275146484375,218300
2010-08-17,19.940000534057617,20.290000915527344,19.700000762939453,19.889999389648438,19.04144859313965,237300
2010-08-18,19.799999237060547,20.219999313354492,19.6299991607666,20.040000915527344,19.18505096435547,129600
2010-08-19,20.0,20.0,19.56999969482422,19.719999313354492,18.87870216369629,216200
2010-08-20,19.559999465942383,19.780000686645508,19.350000381469727,19.6299991607666,18.79254150390625,309300
2010-08-23,19.81999969482422,19.989999771118164,19.450000762939453,19.510000228881836,18.677661895751953,179200
2010-08-24,19.049999237060547,19.739999771118164,18.920000076293945,19.299999237060547,18.476619720458984,242700
2010-08-25,19.100000381469727,19.889999389648438,19.0,19.829999923706055,18.9840087890625,173300
2010-08-26,19.93000030517578,20.149999618530273,19.510000228881836,19.600000381469727,18.763822555541992,201500
2010-08-27,19.850000381469727,20.1200008392334,19.389999389648438,20.100000381469727,19.242490768432617,167000
2010-08-30,20.040000915527344,20.219999313354492,19.559999465942383,19.6299991607666,18.79254150390625,171300
2010-08-31,19.549999237060547,19.860000610351562,19.350000381469727,19.760000228881836,18.916996002197266,365300
2010-09-01,20.0,20.0,19.6200008392334,19.850000381469727,19.003156661987305,511000
2010-09-02,19.979999542236328,19.979999542236328,19.649999618530273,19.850000381469727,19.003156661987305,508500
2010-09-03,19.899999618530273,19.950000762939453,19.639999389648438,19.850000381469727,19.003156661987305,563500
2010-09-07,19.829999923706055,19.850000381469727,19.59000015258789,19.770000457763672,18.92656898498535,191300
2010-09-08,19.770000457763672,19.950000762939453,19.459999084472656,19.850000381469727,19.003156661987305,606100
2010-09-09,20.149999618530273,20.149999618530273,19.530000686645508,19.639999389648438,18.802114486694336,257200
2010-09-10,19.670000076293945,19.889999389648438,19.489999771118164,19.760000228881836,18.916996002197266,306900
2010-09-13,19.959999084472656,20.239999771118164,19.459999084472656,19.559999465942383,18.725528717041016,901700
2010-09-14,19.5,19.649999618530273,19.280000686645508,19.549999237060547,18.715953826904297,273800
2010-09-15,19.5,19.670000076293945,19.360000610351562,19.489999771118164,18.65851402282715,244600
2010-09-16,19.389999389648438,19.6299991607666,19.219999313354492,19.350000381469727,18.52448844909668,208800
2010-09-17,19.540000915527344,19.670000076293945,19.200000762939453,19.290000915527344,18.46704864501953,795200
2010-09-20,19.34000015258789,19.65999984741211,18.979999542236328,19.469999313354492,18.639368057250977,467300
2010-09-21,19.3799991607666,19.829999923706055,19.3799991607666,19.600000381469727,18.763822555541992,338100
2010-09-22,19.600000381469727,19.860000610351562,19.3799991607666,19.600000381469727,18.763822555541992,581500
2010-09-23,19.59000015258789,20.399999618530273,19.43000030517578,19.510000228881836,18.677661895751953,631000
2010-09-24,19.709999084472656,19.920000076293945,19.600000381469727,19.899999618530273,19.051023483276367,288600
2010-09-27,19.940000534057617,20.059999465942383,19.719999313354492,19.81999969482422,18.974435806274414,342200
2010-09-28,19.889999389648438,20.010000228881836,19.540000915527344,19.850000381469727,19.003156661987305,389600
2010-09-29,19.719999313354492,20.200000762939453,19.719999313354492,20.139999389648438,19.280784606933594,296800
2010-09-30,20.290000915527344,20.299999237060547,19.760000228881836,20.09000015258789,19.23291778564453,288300
2010-10-01,20.229999542236328,20.350000381469727,19.809999465942383,20.280000686645508,19.414812088012695,214000
2010-10-04,20.200000762939453,20.360000610351562,19.84000015258789,19.940000534057617,19.089317321777344,196800
2010-10-05,20.18000030517578,20.549999237060547,19.90999984741211,20.520000457763672,19.644573211669922,290600
2010-10-06,20.520000457763672,21.25,20.520000457763672,21.18000030517578,20.276416778564453,287700
2010-10-07,21.280000686645508,21.280000686645508,20.8700008392334,21.0,20.104095458984375,163100
2010-10-08,21.06999969482422,21.479999542236328,20.940000534057617,21.3700008392334,20.458311080932617,179700
2010-10-11,21.360000610351562,21.600000381469727,21.1200008392334,21.239999771118164,20.3338565826416,85700
2010-10-12,21.200000762939453,21.469999313354492,20.84000015258789,21.360000610351562,20.44873809814453,158200
2010-10-13,21.450000762939453,21.8799991607666,21.3700008392334,21.6200008392334,20.69764518737793,160400
2010-10-14,21.649999618530273,21.84000015258789,21.479999542236328,21.790000915527344,20.860393524169922,171100
2010-10-15,21.93000030517578,21.940000534057617,21.270000457763672,21.65999984741211,20.735937118530273,263600
2010-10-18,21.68000030517578,22.329999923706055,21.68000030517578,22.309999465942383,21.35820770263672,225900
2010-10-19,21.979999542236328,22.25,21.760000228881836,21.93000030517578,20.99441909790039,266100
2010-10-20,22.059999465942383,22.600000381469727,21.850000381469727,22.459999084472656,21.501808166503906,180000
2010-10-21,22.600000381469727,23.360000610351562,22.56999969482422,23.09000015258789,22.104930877685547,381800
2010-10-22,23.209999084472656,23.209999084472656,22.889999389648438,23.020000457763672,22.037918090820312,224800
2010-10-25,23.260000228881836,23.5,23.06999969482422,23.15999984741211,22.17194366455078,200400
2010-10-26,23.079999923706055,23.520000457763672,22.940000534057617,23.18000030517578,22.191091537475586,149300
2010-10-27,23.209999084472656,23.3799991607666,22.540000915527344,22.790000915527344,21.817729949951172,324300
2010-10-28,23.059999465942383,23.440000534057617,22.690000534057617,23.020000457763672,22.037918090820312,336100
2010-10-29,23.020000457763672,23.399999618530273,23.0,23.209999084472656,22.219810485839844,188100
2010-11-01,23.40999984741211,23.690000534057617,22.979999542236328,23.440000534057617,22.440000534057617,419500
2010-11-02,22.65999984741211,22.989999771118164,22.350000381469727,22.899999618530273,22.899999618530273,254500
2010-11-03,22.989999771118164,23.1299991607666,22.739999771118164,23.049999237060547,23.049999237060547,172900
2010-11-04,23.399999618530273,23.850000381469727,23.350000381469727,23.510000228881836,23.510000228881836,253500
2010-11-05,23.479999542236328,23.709999084472656,22.389999389648438,22.43000030517578,22.43000030517578,479500
2010-11-08,22.389999389648438,23.280000686645508,22.3799991607666,23.030000686645508,23.030000686645508,354500
2010-11-09,23.1299991607666,23.15999984741211,22.3799991607666,22.479999542236328,22.479999542236328,245500
2010-11-10,22.559999465942383,22.959999084472656,22.350000381469727,22.8700008392334,22.8700008392334,178300
2010-11-11,22.690000534057617,22.780000686645508,22.440000534057617,22.600000381469727,22.600000381469727,144400
2010-11-12,22.3799991607666,22.549999237060547,22.15999984741211,22.190000534057617,22.190000534057617,253100
2010-11-15,22.25,22.479999542236328,22.1200008392334,22.229999542236328,22.229999542236328,172200
2010-11-16,22.110000610351562,22.149999618530273,21.540000915527344,21.850000381469727,21.850000381469727,289300
2010-11-17,21.920000076293945,21.979999542236328,21.6200008392334,21.920000076293945,21.920000076293945,237800
2010-11-18,22.170000076293945,22.299999237060547,21.889999389648438,21.989999771118164,21.989999771118164,342200
2010-11-19,21.8799991607666,22.3700008392334,21.690000534057617,22.18000030517578,22.18000030517578,130800
2010-11-22,22.149999618530273,22.149999618530273,21.649999618530273,22.049999237060547,22.049999237060547,174000
2010-11-23,21.639999389648438,21.639999389648438,19.899999618530273,19.979999542236328,19.979999542236328,879900
2010-11-24,19.18000030517578,19.6299991607666,19.1299991607666,19.229999542236328,19.229999542236328,3633100
2010-11-26,19.18000030517578,19.389999389648438,19.020000457763672,19.059999465942383,19.059999465942383,501300
2010-11-29,18.979999542236328,19.170000076293945,18.600000381469727,19.1200008392334,19.1200008392334,674100
2010-11-30,18.920000076293945,19.200000762939453,18.899999618530273,19.049999237060547,19.049999237060547,553800
2010-12-01,19.420000076293945,19.479999542236328,19.149999618530273,19.290000915527344,19.290000915527344,694500
2010-12-02,19.290000915527344,19.899999618530273,19.260000228881836,19.850000381469727,19.850000381469727,543300
2010-12-03,19.799999237060547,19.920000076293945,19.579999923706055,19.850000381469727,19.850000381469727,254700
2010-12-06,19.790000915527344,20.450000762939453,19.770000457763672,20.280000686645508,20.280000686645508,331900
2010-12-07,20.43000030517578,20.639999389648438,20.219999313354492,20.479999542236328,20.479999542236328,373300
2010-12-08,20.549999237060547,20.81999969482422,20.530000686645508,20.6299991607666,20.6299991607666,336400
2010-12-09,20.809999465942383,20.850000381469727,20.559999465942383,20.729999542236328,20.729999542236328,262400
2010-12-10,20.729999542236328,20.959999084472656,20.549999237060547,20.920000076293945,20.920000076293945,345200
2010-12-13,20.950000762939453,20.969999313354492,20.5,20.5,20.5,251800
2010-12-14,20.8799991607666,21.3799991607666,20.8799991607666,20.940000534057617,20.940000534057617,1007700
2010-12-15,20.959999084472656,21.479999542236328,20.959999084472656,21.079999923706055,21.079999923706055,466100
2010-12-16,21.200000762939453,21.489999771118164,21.040000915527344,21.389999389648438,21.389999389648438,247400
2010-12-17,21.3700008392334,21.65999984741211,21.15999984741211,21.639999389648438,21.639999389648438,616700
2010-12-20,21.670000076293945,21.809999465942383,21.440000534057617,21.459999084472656,21.459999084472656,327800
2010-12-21,21.5,21.709999084472656,21.479999542236328,21.530000686645508,21.530000686645508,284200
2010-12-22,20.950000762939453,21.540000915527344,20.90999984741211,21.459999084472656,21.459999084472656,348700
2010-12-23,21.489999771118164,21.489999771118164,21.170000076293945,21.290000915527344,21.290000915527344,232700
2010-12-27,21.200000762939453,21.329999923706055,21.040000915527344,21.270000457763672,21.270000457763672,146400
2010-12-28,21.260000228881836,21.299999237060547,21.09000015258789,21.1299991607666,21.1299991607666,242600
2010-12-29,21.229999542236328,21.34000015258789,21.149999618530273,21.239999771118164,21.239999771118164,174700
2010-12-30,21.260000228881836,21.299999237060547,21.1200008392334,21.190000534057617,21.190000534057617,142900
2010-12-31,21.190000534057617,21.739999771118164,21.190000534057617,21.40999984741211,21.40999984741211,201100
2011-01-03,21.56999969482422,21.899999618530273,21.549999237060547,21.780000686645508,21.780000686645508,305900
2011-01-04,21.780000686645508,21.8700008392334,21.40999984741211,21.540000915527344,21.540000915527344,455500
2011-01-05,21.520000457763672,22.0,21.459999084472656,21.770000457763672,21.770000457763672,400200
2011-01-06,21.90999984741211,22.110000610351562,21.709999084472656,21.940000534057617,21.940000534057617,233400
2011-01-07,22.040000915527344,22.25,21.469999313354492,21.770000457763672,21.770000457763672,334700
2011-01-10,21.770000457763672,22.110000610351562,21.5,22.020000457763672,22.020000457763672,246300
2011-01-11,22.100000381469727,22.450000762939453,22.030000686645508,22.399999618530273,22.399999618530273,265600
2011-01-12,22.6200008392334,22.889999389648438,22.299999237060547,22.860000610351562,22.860000610351562,233000
2011-01-13,22.899999618530273,23.100000381469727,22.6200008392334,23.0,23.0,208000
2011-01-14,23.010000228881836,23.079999923706055,22.770000457763672,23.020000457763672,23.020000457763672,113900
2011-01-18,23.020000457763672,23.040000915527344,22.440000534057617,22.75,22.75,200800
2011-01-19,22.75,23.079999923706055,22.56999969482422,22.670000076293945,22.670000076293945,319800
2011-01-20,22.610000610351562,22.90999984741211,22.450000762939453,22.670000076293945,22.670000076293945,253500
2011-01-21,22.729999542236328,22.93000030517578,22.670000076293945,22.700000762939453,22.700000762939453,175800
2011-01-24,22.770000457763672,23.540000915527344,22.75,23.31999969482422,23.31999969482422,224200
2011-01-25,23.190000534057617,23.579999923706055,22.8799991607666,23.549999237060547,23.549999237060547,289200
2011-01-26,23.559999465942383,23.860000610351562,23.299999237060547,23.479999542236328,23.479999542236328,252900
2011-01-27,23.530000686645508,23.530000686645508,23.1200008392334,23.3799991607666,23.3799991607666,130100
2011-01-28,23.31999969482422,23.3799991607666,22.31999969482422,22.329999923706055,22.329999923706055,211700
2011-01-31,22.450000762939453,22.8700008392334,22.1200008392334,22.709999084472656,22.709999084472656,128400
2011-02-01,22.860000610351562,23.329999923706055,22.799999237060547,23.229999542236328,23.229999542236328,172700
2011-02-02,23.18000030517578,23.479999542236328,23.059999465942383,23.399999618530273,23.399999618530273,216900
2011-02-03,23.420000076293945,23.5,23.209999084472656,23.350000381469727,23.350000381469727,182700
2011-02-04,23.420000076293945,23.520000457763672,23.149999618530273,23.260000228881836,23.260000228881836,122100
2011-02-07,23.260000228881836,23.739999771118164,23.15999984741211,23.700000762939453,23.700000762939453,148300
2011-02-08,23.739999771118164,23.940000534057617,23.510000228881836,23.940000534057617,23.940000534057617,120400
2011-02-09,23.920000076293945,24.1200008392334,23.75,24.059999465942383,24.059999465942383,193200
2011-02-10,23.93000030517578,24.239999771118164,23.93000030517578,24.170000076293945,24.170000076293945,210600
2011-02-11,24.1299991607666,24.549999237060547,24.1299991607666,24.549999237060547,24.549999237060547,103100
2011-02-14,24.549999237060547,25.100000381469727,24.549999237060547,24.950000762939453,24.950000762939453,166900
2011-02-15,24.950000762939453,24.950000762939453,24.459999084472656,24.549999237060547,24.549999237060547,134200
2011-02-16,24.68000030517578,25.139999389648438,24.68000030517578,25.0,25.0,136100
2011-02-17,24.90999984741211,25.260000228881836,24.829999923706055,25.06999969482422,25.06999969482422,118900
2011-02-18,25.079999923706055,25.280000686645508,24.8700008392334,25.15999984741211,25.15999984741211,115600
2011-02-22,24.809999465942383,24.93000030517578,23.850000381469727,24.030000686645508,24.030000686645508,193600
2011-02-23,23.979999542236328,24.110000610351562,23.540000915527344,23.579999923706055,23.579999923706055,255200
2011-02-24,23.600000381469727,23.84000015258789,23.030000686645508,23.760000228881836,23.760000228881836,311900
2011-02-25,24.06999969482422,24.06999969482422,23.0,23.43000030517578,23.43000030517578,318700
2011-02-28,23.56999969482422,23.899999618530273,23.5,23.81999969482422,23.81999969482422,254400
2011-03-01,23.969999313354492,23.969999313354492,23.18000030517578,23.229999542236328,23.229999542236328,506300
2011-03-02,23.260000228881836,23.75,23.0,23.56999969482422,23.56999969482422,178900
2011-03-03,23.829999923706055,25.0,23.829999923706055,24.889999389648438,24.889999389648438,238800
2011-03-04,24.889999389648438,24.889999389648438,24.25,24.469999313354492,24.469999313354492,213100
2011-03-07,24.670000076293945,24.709999084472656,23.639999389648438,23.799999237060547,23.799999237060547,316100
2011-03-08,23.809999465942383,24.84000015258789,23.760000228881836,24.489999771118164,24.489999771118164,224400
2011-03-09,24.459999084472656,24.690000534057617,24.260000228881836,24.610000610351562,24.610000610351562,87700
2011-03-10,24.31999969482422,24.31999969482422,23.579999923706055,23.739999771118164,23.739999771118164,170300
2011-03-11,23.639999389648438,24.18000030517578,23.31999969482422,24.059999465942383,24.059999465942383,143900
2011-03-14,23.8700008392334,24.190000534057617,23.290000915527344,23.610000610351562,23.610000610351562,125500
2011-03-15,22.979999542236328,23.31999969482422,22.770000457763672,23.15999984741211,23.15999984741211,272800
2011-03-16,22.969999313354492,23.200000762939453,22.440000534057617,22.479999542236328,22.479999542236328,365400
2011-03-17,22.899999618530273,23.030000686645508,22.420000076293945,22.530000686645508,22.530000686645508,339300
2011-03-18,22.75,23.15999984741211,22.75,23.15999984741211,23.15999984741211,256800
2011-03-21,23.690000534057617,23.979999542236328,23.450000762939453,23.93000030517578,23.93000030517578,145800
2011-03-22,24.020000457763672,24.040000915527344,23.6200008392334,23.6299991607666,23.6299991607666,79100
2011-03-23,23.6299991607666,23.729999542236328,23.200000762939453,23.559999465942383,23.559999465942383,79100
2011-03-24,23.770000457763672,23.889999389648438,23.440000534057617,23.719999313354492,23.719999313354492,90200
2011-03-25,23.850000381469727,24.219999313354492,23.479999542236328,23.520000457763672,23.520000457763672,172800
2011-03-28,23.6200008392334,24.010000228881836,23.530000686645508,23.639999389648438,23.639999389648438,132400
2011-03-29,23.649999618530273,24.309999465942383,23.649999618530273,24.09000015258789,24.09000015258789,243400
2011-03-30,24.260000228881836,24.649999618530273,24.190000534057617,24.31999969482422,24.31999969482422,231900
2011-03-31,24.290000915527344,24.420000076293945,24.209999084472656,24.360000610351562,24.360000610351562,112900
2011-04-01,24.59000015258789,24.770000457763672,24.389999389648438,24.700000762939453,24.700000762939453,161700
2011-04-04,24.84000015258789,24.84000015258789,24.020000457763672,24.559999465942383,24.559999465942383,150600
2011-04-05,24.479999542236328,24.75,24.440000534057617,24.6299991607666,24.6299991607666,243300
2011-04-06,24.809999465942383,24.969999313354492,24.75,24.969999313354492,24.969999313354492,140000
2011-04-07,25.0,25.790000915527344,24.989999771118164,25.3700008392334,25.3700008392334,325100
2011-04-08,25.56999969482422,25.81999969482422,25.5,25.639999389648438,25.639999389648438,348500
2011-04-11,25.670000076293945,25.75,25.200000762939453,25.43000030517578,25.43000030517578,203600
2011-04-12,25.260000228881836,25.479999542236328,25.079999923706055,25.309999465942383,25.309999465942383,264000
2011-04-13,25.549999237060547,25.8700008392334,25.0,25.139999389648438,25.139999389648438,223800
2011-04-14,24.989999771118164,25.110000610351562,24.690000534057617,24.950000762939453,24.950000762939453,133700
2011-04-15,24.93000030517578,25.670000076293945,24.850000381469727,25.540000915527344,25.540000915527344,197300
2011-04-18,25.15999984741211,25.15999984741211,24.65999984741211,25.0,25.0,167000
2011-04-19,25.040000915527344,25.299999237060547,24.8799991607666,25.139999389648438,25.139999389648438,225100
2011-04-20,25.65999984741211,25.950000762939453,25.5,25.6200008392334,25.6200008392334,273800
2011-04-21,25.889999389648438,25.979999542236328,25.649999618530273,25.959999084472656,25.959999084472656,181900
2011-04-25,25.860000610351562,25.860000610351562,25.06999969482422,25.15999984741211,25.15999984741211,266500
2011-04-26,25.219999313354492,25.600000381469727,25.15999984741211,25.5,25.5,390700
2011-04-27,25.530000686645508,25.729999542236328,25.309999465942383,25.639999389648438,25.639999389648438,134900
2011-04-28,25.639999389648438,26.18000030517578,25.639999389648438,26.149999618530273,26.149999618530273,121800
2011-04-29,26.190000534057617,26.8700008392334,26.079999923706055,26.65999984741211,26.65999984741211,332000
2011-05-02,26.68000030517578,26.799999237060547,26.25,26.34000015258789,26.34000015258789,208000
2011-05-03,26.229999542236328,26.479999542236328,26.010000228881836,26.3799991607666,26.3799991607666,180000
2011-05-04,26.350000381469727,26.40999984741211,25.90999984741211,26.219999313354492,26.219999313354492,235000
2011-05-05,26.139999389648438,26.559999465942383,25.93000030517578,26.170000076293945,26.170000076293945,182300
2011-05-06,25.399999618530273,25.469999313354492,23.350000381469727,23.450000762939453,23.450000762939453,837600
2011-05-09,23.479999542236328,23.56999969482422,22.25,23.309999465942383,23.309999465942383,522000
2011-05-10,23.3799991607666,23.760000228881836,23.229999542236328,23.579999923706055,23.579999923706055,215700
2011-05-11,23.56999969482422,23.790000915527344,23.1299991607666,23.260000228881836,23.260000228881836,342100
2011-05-12,23.170000076293945,23.25,22.829999923706055,22.899999618530273,22.899999618530273,242000
2011-05-13,22.959999084472656,23.06999969482422,22.229999542236328,22.31999969482422,22.31999969482422,288900
2011-05-16,22.260000228881836,22.260000228881836,21.110000610351562,21.1299991607666,21.1299991607666,514800
2011-05-17,20.93000030517578,21.0,19.93000030517578,20.1299991607666,20.1299991607666,1141700
2011-05-18,20.170000076293945,20.559999465942383,20.040000915527344,20.479999542236328,20.479999542236328,369300
2011-05-19,20.690000534057617,20.829999923706055,20.260000228881836,20.34000015258789,20.34000015258789,245800
2011-05-20,20.270000457763672,20.440000534057617,19.520000457763672,19.860000610351562,19.860000610351562,400900
2011-05-23,19.450000762939453,19.600000381469727,19.25,19.309999465942383,19.309999465942383,294200
2011-05-24,19.389999389648438,19.459999084472656,18.5,18.540000915527344,18.540000915527344,355200
2011-05-25,18.5,19.260000228881836,18.049999237060547,19.15999984741211,19.15999984741211,401400
2011-05-26,19.1200008392334,19.510000228881836,18.920000076293945,19.40999984741211,19.40999984741211,280400
2011-05-27,19.469999313354492,20.049999237060547,19.469999313354492,19.889999389648438,19.889999389648438,247400
2011-05-31,20.15999984741211,20.489999771118164,20.079999923706055,20.299999237060547,20.299999237060547,363000
2011-06-01,20.239999771118164,20.299999237060547,19.190000534057617,19.239999771118164,19.239999771118164,325900
2011-06-02,19.420000076293945,19.739999771118164,19.1200008392334,19.420000076293945,19.420000076293945,234600
2011-06-03,19.079999923706055,20.1200008392334,19.010000228881836,19.829999923706055,19.829999923706055,427800
2011-06-06,19.889999389648438,19.959999084472656,19.549999237060547,19.690000534057617,19.690000534057617,328000
2011-06-07,19.729999542236328,19.739999771118164,19.309999465942383,19.459999084472656,19.459999084472656,513100
2011-06-08,19.329999923706055,19.6299991607666,19.299999237060547,19.40999984741211,19.40999984741211,582100
2011-06-09,19.600000381469727,19.639999389648438,19.299999237060547,19.3700008392334,19.3700008392334,159900
2011-06-10,19.299999237060547,19.56999969482422,19.139999389648438,19.43000030517578,19.43000030517578,299300
2011-06-13,19.5,19.799999237060547,19.40999984741211,19.709999084472656,19.709999084472656,232400
2011-06-14,19.940000534057617,20.040000915527344,19.690000534057617,19.75,19.75,318100
2011-06-15,19.450000762939453,19.84000015258789,19.450000762939453,19.600000381469727,19.600000381469727,204500
2011-06-16,19.600000381469727,19.959999084472656,19.3700008392334,19.709999084472656,19.709999084472656,292900
2011-06-17,19.81999969482422,19.81999969482422,18.75,18.850000381469727,18.850000381469727,587900
2011-06-20,18.770000457763672,19.209999084472656,18.690000534057617,19.100000381469727,19.100000381469727,279800
2011-06-21,19.25,19.350000381469727,18.959999084472656,19.09000015258789,19.09000015258789,358200
2011-06-22,19.0,19.309999465942383,18.979999542236328,19.049999237060547,19.049999237060547,548500
2011-06-23,18.8700008392334,18.93000030517578,18.5,18.81999969482422,18.81999969482422,328600
2011-06-24,18.81999969482422,19.020000457763672,18.670000076293945,18.709999084472656,18.709999084472656,541000
2011-06-27,18.700000762939453,18.969999313354492,18.520000457763672,18.93000030517578,18.93000030517578,139300
2011-06-28,19.0,19.309999465942383,18.979999542236328,19.200000762939453,19.200000762939453,224100
2011-06-29,19.290000915527344,19.290000915527344,18.979999542236328,19.040000915527344,19.040000915527344,204800
2011-06-30,19.1299991607666,19.219999313354492,18.969999313354492,19.18000030517578,19.18000030517578,260200
2011-07-01,19.25,19.31999969482422,18.969999313354492,19.010000228881836,19.010000228881836,409300
2011-07-05,19.100000381469727,19.260000228881836,18.700000762939453,18.829999923706055,18.829999923706055,169200
2011-07-06,18.809999465942383,18.93000030517578,18.6200008392334,18.790000915527344,18.790000915527344,124400
2011-07-07,19.0,19.149999618530273,18.979999542236328,19.020000457763672,19.020000457763672,467100
2011-07-08,18.809999465942383,18.84000015258789,18.43000030517578,18.84000015258789,18.84000015258789,133700
2011-07-11,18.56999969482422,18.579999923706055,17.920000076293945,17.950000762939453,17.950000762939453,161400
2011-07-12,17.8700008392334,17.950000762939453,17.6299991607666,17.639999389648438,17.639999389648438,126500
2011-07-13,17.780000686645508,18.219999313354492,17.690000534057617,17.940000534057617,17.940000534057617,192600
2011-07-14,17.950000762939453,18.040000915527344,17.600000381469727,17.68000030517578,17.68000030517578,315400
2011-07-15,17.719999313354492,17.84000015258789,17.40999984741211,17.5,17.5,239700
2011-07-18,17.450000762939453,17.610000610351562,17.389999389648438,17.540000915527344,17.540000915527344,342900
2011-07-19,17.639999389648438,17.719999313354492,17.360000610351562,17.600000381469727,17.600000381469727,266700
2011-07-20,17.6200008392334,17.649999618530273,17.450000762939453,17.540000915527344,17.540000915527344,635000
2011-07-21,17.579999923706055,17.799999237060547,17.5,17.579999923706055,17.579999923706055,415600
2011-07-22,17.600000381469727,17.6200008392334,17.389999389648438,17.610000610351562,17.610000610351562,273200
2011-07-25,17.469999313354492,17.600000381469727,17.40999984741211,17.459999084472656,17.459999084472656,145500
2011-07-26,17.3799991607666,17.389999389648438,16.510000228881836,16.610000610351562,16.610000610351562,372000
2011-07-27,16.510000228881836,16.579999923706055,15.75,15.8100004196167,15.8100004196167,414000
2011-07-28,15.800000190734863,16.1299991607666,15.710000038146973,15.789999961853027,15.789999961853027,216200
2011-07-29,15.619999885559082,15.84000015258789,15.329999923706055,15.779999732971191,15.779999732971191,492900
2011-08-01,15.9399995803833,15.9399995803833,15.460000038146973,15.800000190734863,15.800000190734863,387000
2011-08-02,15.680000305175781,15.989999771118164,15.460000038146973,15.460000038146973,15.460000038146973,351500
2011-08-03,15.40999984741211,15.40999984741211,14.699999809265137,14.9399995803833,14.9399995803833,398100
2011-08-04,14.75,14.75,14.079999923706055,14.100000381469727,14.100000381469727,582500
2011-08-05,14.3100004196167,14.390000343322754,12.170000076293945,12.779999732971191,12.779999732971191,1548300
2011-08-08,12.8100004196167,13.319999694824219,11.710000038146973,11.880000114440918,11.880000114440918,1391900
2011-08-09,12.25,12.90999984741211,11.899999618530273,12.699999809265137,12.699999809265137,1620400
2011-08-10,12.430000305175781,12.960000038146973,12.220000267028809,12.390000343322754,12.390000343322754,988600
2011-08-11,12.430000305175781,14.079999923706055,12.399999618530273,13.829999923706055,13.829999923706055,894000
2011-08-12,13.90999984741211,14.569999694824219,13.739999771118164,13.960000038146973,13.960000038146973,544900
2011-08-15,14.100000381469727,14.739999771118164,14.039999961853027,14.619999885559082,14.619999885559082,297500
2011-08-16,14.369999885559082,14.479999542236328,13.9399995803833,14.25,14.25,524300
2011-08-17,14.300000190734863,14.529999732971191,13.649999618530273,14.020000457763672,14.020000457763672,452400
2011-08-18,13.609999656677246,13.630000114440918,12.989999771118164,13.09000015258789,13.09000015258789,613300
2011-08-19,12.789999961853027,13.239999771118164,12.6899995803833,12.90999984741211,12.90999984741211,780800
2011-08-22,13.260000228881836,13.289999961853027,12.670000076293945,12.710000038146973,12.710000038146973,411400
2011-08-23,12.770000457763672,13.430000305175781,12.619999885559082,13.430000305175781,13.430000305175781,289600
2011-08-24,13.40999984741211,13.710000038146973,13.010000228881836,13.350000381469727,13.350000381469727,223800
2011-08-25,13.449999809265137,13.510000228881836,12.729999542236328,12.960000038146973,12.960000038146973,493500
2011-08-26,12.670000076293945,13.100000381469727,12.40999984741211,13.09000015258789,13.09000015258789,400900
2011-08-29,13.220000267028809,14.449999809265137,13.220000267028809,14.40999984741211,14.40999984741211,343000
2011-08-30,14.239999771118164,14.529999732971191,13.960000038146973,14.270000457763672,14.270000457763672,333500
2011-08-31,14.300000190734863,14.479999542236328,13.960000038146973,14.039999961853027,14.039999961853027,263100
2011-09-01,14.039999961853027,14.130000114440918,13.430000305175781,13.539999961853027,13.539999961853027,345400
2011-09-02,13.239999771118164,13.34000015258789,12.800000190734863,12.90999984741211,12.90999984741211,289600
2011-09-06,12.390000343322754,13.15999984741211,12.390000343322754,13.109999656677246,13.109999656677246,311900
2011-09-07,13.350000381469727,14.119999885559082,13.1899995803833,13.9399995803833,13.9399995803833,384300
2011-09-08,13.989999771118164,14.380000114440918,13.949999809265137,14.15999984741211,14.15999984741211,519500
2011-09-09,14.0,14.0600004196167,13.520000457763672,13.569999694824219,13.569999694824219,442900
2011-09-12,13.140000343322754,13.569999694824219,12.920000076293945,13.319999694824219,13.319999694824219,272300
2011-09-13,13.180000305175781,13.930000305175781,13.149999618530273,13.770000457763672,13.770000457763672,222100
2011-09-14,13.930000305175781,14.130000114440918,13.550000190734863,13.869999885559082,13.869999885559082,196600
2011-09-15,14.029999732971191,14.350000381469727,13.890000343322754,14.220000267028809,14.220000267028809,168900
2011-09-16,14.300000190734863,14.329999923706055,13.869999885559082,13.90999984741211,13.90999984741211,321200
2011-09-19,13.579999923706055,13.710000038146973,13.329999923706055,13.59000015258789,13.59000015258789,188800
2011-09-20,13.720000267028809,14.069999694824219,13.220000267028809,13.25,13.25,284300
2011-09-21,13.279999732971191,13.3100004196167,12.399999618530273,12.420000076293945,12.420000076293945,250700
2011-09-22,11.899999618530273,12.140000343322754,11.220000267028809,11.390000343322754,11.390000343322754,399200
2011-09-23,11.369999885559082,11.770000457763672,11.3100004196167,11.539999961853027,11.539999961853027,302900
2011-09-26,11.710000038146973,11.9399995803833,11.40999984741211,11.890000343322754,11.890000343322754,170700
2011-09-27,12.15999984741211,13.020000457763672,12.15999984741211,12.3100004196167,12.3100004196167,243900
2011-09-28,12.300000190734863,12.4399995803833,11.510000228881836,11.529999732971191,11.529999732971191,207400
2011-09-29,11.800000190734863,12.0600004196167,11.539999961853027,12.0,12.0,167300
2011-09-30,11.819999694824219,12.220000267028809,11.460000038146973,11.489999771118164,11.489999771118164,213000
2011-10-03,11.350000381469727,11.489999771118164,10.40999984741211,10.569999694824219,10.569999694824219,407800
2011-10-04,10.40999984741211,11.229999542236328,10.079999923706055,11.229999542236328,11.229999542236328,495400
2011-10-05,11.289999961853027,11.859999656677246,11.109999656677246,11.720000267028809,11.720000267028809,242000
2011-10-06,11.65999984741211,12.800000190734863,11.65999984741211,12.34000015258789,12.34000015258789,248000
2011-10-07,12.390000343322754,12.680000305175781,11.699999809265137,12.039999961853027,12.039999961853027,183100
2011-10-10,12.329999923706055,12.970000267028809,12.3100004196167,12.8100004196167,12.8100004196167,186700
2011-10-11,12.640000343322754,13.229999542236328,12.619999885559082,13.020000457763672,13.020000457763672,177900
2011-10-12,13.09000015258789,13.720000267028809,12.9399995803833,13.579999923706055,13.579999923706055,289100
2011-10-13,13.460000038146973,13.619999885559082,12.350000381469727,12.949999809265137,12.949999809265137,202100
2011-10-14,13.130000114440918,13.649999618530273,13.079999923706055,13.59000015258789,13.59000015258789,167200
2011-10-17,13.390000343322754,13.449999809265137,12.40999984741211,12.479999542236328,12.479999542236328,144900
2011-10-18,12.520000457763672,13.279999732971191,12.140000343322754,13.199999809265137,13.199999809265137,235900
2011-10-19,13.119999885559082,13.4399995803833,12.890000343322754,12.989999771118164,12.989999771118164,224600
2011-10-20,13.0,13.0,12.319999694824219,12.829999923706055,12.829999923706055,126500
2011-10-21,13.079999923706055,13.850000381469727,13.079999923706055,13.699999809265137,13.699999809265137,235000
2011-10-24,13.729999542236328,14.3100004196167,13.729999542236328,14.229999542236328,14.229999542236328,232600
2011-10-25,14.0600004196167,14.0600004196167,13.539999961853027,13.579999923706055,13.579999923706055,122900
2011-10-26,13.880000114440918,14.479999542236328,13.489999771118164,14.319999694824219,14.319999694824219,235100
2011-10-27,14.84000015258789,15.770000457763672,14.729999542236328,15.520000457763672,15.520000457763672,366300
2011-10-28,15.319999694824219,15.720000267028809,15.170000076293945,15.289999961853027,15.289999961853027,399400
2011-10-31,14.989999771118164,15.180000305175781,14.520000457763672,14.529999732971191,14.529999732971191,151400
2011-11-01,13.930000305175781,14.4399995803833,13.710000038146973,13.930000305175781,13.930000305175781,230500
2011-11-02,14.199999809265137,14.699999809265137,13.979999542236328,14.479999542236328,14.479999542236328,237800
2011-11-03,14.670000076293945,15.65999984741211,14.359999656677246,15.149999618530273,15.149999618530273,413300
2011-11-04,14.869999885559082,15.670000076293945,14.529999732971191,15.449999809265137,15.449999809265137,408600
2011-11-07,15.380000114440918,16.100000381469727,15.119999885559082,15.890000343322754,15.890000343322754,383500
2011-11-08,16.030000686645508,16.1200008392334,15.489999771118164,16.040000915527344,16.040000915527344,271700
2011-11-09,15.579999923706055,15.779999732971191,15.039999961853027,15.359999656677246,15.359999656677246,341400
2011-11-10,15.680000305175781,16.020000457763672,15.3100004196167,15.850000381469727,15.850000381469727,240500
2011-11-11,16.1200008392334,16.489999771118164,15.930000305175781,16.34000015258789,16.34000015258789,282100
2011-11-14,16.18000030517578,16.299999237060547,15.710000038146973,16.1299991607666,16.1299991607666,170300
2011-11-15,15.979999542236328,16.829999923706055,15.920000076293945,16.579999923706055,16.579999923706055,225100
2011-11-16,16.34000015258789,16.989999771118164,16.270000457763672,16.43000030517578,16.43000030517578,203600
2011-11-17,16.389999389648438,16.649999618530273,15.819999694824219,16.15999984741211,16.15999984741211,306300
2011-11-18,16.290000915527344,16.350000381469727,15.979999542236328,16.229999542236328,16.229999542236328,215100
2011-11-21,15.800000190734863,16.030000686645508,15.449999809265137,15.869999885559082,15.869999885559082,133400
2011-11-22,15.819999694824219,16.0,15.460000038146973,15.630000114440918,15.630000114440918,142200
2011-11-23,15.369999885559082,15.40999984741211,14.579999923706055,14.609999656677246,14.609999656677246,238200
2011-11-25,14.479999542236328,14.479999542236328,14.130000114440918,14.130000114440918,14.130000114440918,203400
2011-11-28,14.850000381469727,15.449999809265137,14.729999542236328,15.300000190734863,15.300000190734863,184400
2011-11-29,15.319999694824219,15.5,15.170000076293945,15.350000381469727,15.350000381469727,77700
2011-11-30,16.190000534057617,16.56999969482422,16.049999237060547,16.489999771118164,16.489999771118164,412800
2011-12-01,16.3799991607666,16.459999084472656,15.579999923706055,15.609999656677246,15.609999656677246,358200
2011-12-02,15.90999984741211,16.079999923706055,15.369999885559082,15.5600004196167,15.5600004196167,404200
2011-12-05,15.899999618530273,15.899999618530273,15.220000267028809,15.390000343322754,15.390000343322754,274600
2011-12-06,15.359999656677246,15.569999694824219,15.15999984741211,15.239999771118164,15.239999771118164,244000
2011-12-07,15.079999923706055,15.199999809265137,14.489999771118164,14.899999618530273,14.899999618530273,440500
2011-12-08,14.710000038146973,14.84000015258789,14.380000114440918,14.420000076293945,14.420000076293945,239600
2011-12-09,14.430000305175781,14.970000267028809,14.34000015258789,14.65999984741211,14.65999984741211,240600
2011-12-12,14.4399995803833,14.630000114440918,13.75,14.029999732971191,14.029999732971191,282000
2011-12-13,14.100000381469727,14.350000381469727,13.449999809265137,13.520000457763672,13.520000457763672,160400
2011-12-14,13.390000343322754,13.489999771118164,12.920000076293945,13.130000114440918,13.130000114440918,286800
2011-12-15,13.390000343322754,13.4399995803833,12.90999984741211,13.020000457763672,13.020000457763672,275300
2011-12-16,13.039999961853027,13.1899995803833,12.770000457763672,12.9399995803833,12.9399995803833,598800
2011-12-19,13.109999656677246,13.430000305175781,12.229999542236328,12.260000228881836,12.260000228881836,292900
2011-12-20,12.649999618530273,12.800000190734863,12.25,12.539999961853027,12.539999961853027,342400
2011-12-21,12.5,12.850000381469727,12.359999656677246,12.8100004196167,12.8100004196167,216000
2011-12-22,12.800000190734863,13.050000190734863,12.779999732971191,12.9399995803833,12.9399995803833,253100
2011-12-23,12.960000038146973,12.960000038146973,12.75,12.899999618530273,12.899999618530273,132700
2011-12-27,12.789999961853027,12.880000114440918,12.699999809265137,12.770000457763672,12.770000457763672,112200
2011-12-28,12.6899995803833,12.699999809265137,11.960000038146973,12.329999923706055,12.329999923706055,409500
2011-12-29,12.380000114440918,12.550000190734863,12.1899995803833,12.210000038146973,12.210000038146973,175300
2011-12-30,12.149999618530273,12.569999694824219,12.140000343322754,12.34000015258789,12.34000015258789,217900
2012-01-03,12.729999542236328,13.140000343322754,12.720000267028809,12.760000228881836,12.760000228881836,261000
2012-01-04,12.680000305175781,13.260000228881836,12.5,13.130000114440918,13.130000114440918,290600
2012-01-05,13.0,14.09000015258789,12.9399995803833,13.739999771118164,13.739999771118164,397700
2012-01-06,13.729999542236328,13.979999542236328,13.430000305175781,13.449999809265137,13.449999809265137,205700
2012-01-09,13.550000190734863,13.760000228881836,13.449999809265137,13.520000457763672,13.520000457763672,150800
2012-01-10,13.779999732971191,14.109999656677246,13.75,14.020000457763672,14.020000457763672,224300
2012-01-11,13.920000076293945,15.0,13.84000015258789,14.979999542236328,14.979999542236328,366600
2012-01-12,14.979999542236328,15.449999809265137,14.739999771118164,15.420000076293945,15.420000076293945,341800
2012-01-13,15.15999984741211,15.289999961853027,14.819999694824219,15.029999732971191,15.029999732971191,184900
2012-01-17,15.220000267028809,15.420000076293945,15.039999961853027,15.25,15.25,210200
2012-01-18,15.229999542236328,15.6899995803833,15.119999885559082,15.569999694824219,15.569999694824219,187700
2012-01-19,15.649999618530273,15.899999618530273,15.5,15.75,15.75,144300
2012-01-20,15.710000038146973,15.920000076293945,15.569999694824219,15.609999656677246,15.609999656677246,172300
2012-01-23,15.609999656677246,15.720000267028809,15.300000190734863,15.390000343322754,15.390000343322754,94200
2012-01-24,15.239999771118164,15.829999923706055,15.039999961853027,15.760000228881836,15.760000228881836,122300
2012-01-25,15.710000038146973,15.880000114440918,15.479999542236328,15.829999923706055,15.829999923706055,84500
2012-01-26,15.880000114440918,15.949999809265137,15.510000228881836,15.609999656677246,15.609999656677246,109100
2012-01-27,15.489999771118164,15.800000190734863,15.40999984741211,15.460000038146973,15.460000038146973,141400
2012-01-30,15.329999923706055,15.329999923706055,14.960000038146973,15.079999923706055,15.079999923706055,123900
2012-01-31,15.210000038146973,15.329999923706055,14.739999771118164,15.1899995803833,15.1899995803833,152100
2012-02-01,15.319999694824219,15.989999771118164,15.220000267028809,15.9399995803833,15.9399995803833,247200
2012-02-02,15.920000076293945,16.420000076293945,15.800000190734863,16.309999465942383,16.309999465942383,198300
2012-02-03,16.649999618530273,17.1299991607666,16.530000686645508,16.760000228881836,16.760000228881836,225900
2012-02-06,16.690000534057617,16.940000534057617,16.6299991607666,16.729999542236328,16.729999542236328,116300
2012-02-07,16.65999984741211,16.899999618530273,16.5,16.780000686645508,16.780000686645508,119600
2012-02-08,16.790000915527344,17.0,16.6299991607666,16.850000381469727,16.850000381469727,109400
2012-02-09,16.8799991607666,17.020000457763672,16.690000534057617,16.93000030517578,16.93000030517578,151400
2012-02-10,16.65999984741211,16.809999465942383,16.270000457763672,16.40999984741211,16.40999984741211,142400
2012-02-13,16.600000381469727,17.200000762939453,16.489999771118164,17.0,17.0,181000
2012-02-14,16.959999084472656,17.0,16.260000228881836,16.6200008392334,16.6200008392334,175400
2012-02-15,16.700000762939453,16.700000762939453,16.149999618530273,16.25,16.25,144000
2012-02-16,16.200000762939453,17.280000686645508,16.15999984741211,17.200000762939453,17.200000762939453,191200
2012-02-17,17.270000457763672,17.489999771118164,17.1200008392334,17.149999618530273,17.149999618530273,170400
2012-02-21,17.25,17.280000686645508,16.389999389648438,16.469999313354492,16.469999313354492,202600
2012-02-22,16.440000534057617,16.75,16.350000381469727,16.489999771118164,16.489999771118164,102600
2012-02-23,16.5,16.520000457763672,16.06999969482422,16.510000228881836,16.510000228881836,252900
2012-02-24,16.5,16.56999969482422,16.309999465942383,16.510000228881836,16.510000228881836,116200
2012-02-27,16.329999923706055,16.799999237060547,16.06999969482422,16.649999618530273,16.649999618530273,120800
2012-02-28,16.600000381469727,16.709999084472656,16.329999923706055,16.479999542236328,16.479999542236328,99100
2012-02-29,16.510000228881836,16.719999313354492,15.779999732971191,15.779999732971191,15.779999732971191,215700
2012-03-01,15.899999618530273,16.40999984741211,15.819999694824219,16.040000915527344,16.040000915527344,197000
2012-03-02,15.010000228881836,15.149999618530273,13.890000343322754,14.260000228881836,14.260000228881836,845600
2012-03-05,14.149999618530273,14.699999809265137,14.0600004196167,14.59000015258789,14.59000015258789,363600
2012-03-06,14.390000343322754,14.470000267028809,13.40999984741211,13.630000114440918,13.630000114440918,540000
2012-03-07,13.65999984741211,14.180000305175781,13.65999984741211,14.0,14.0,529600
2012-03-08,14.140000343322754,14.569999694824219,13.989999771118164,14.4399995803833,14.4399995803833,304100
2012-03-09,14.4399995803833,14.869999885559082,14.390000343322754,14.75,14.75,393800
2012-03-12,14.779999732971191,14.960000038146973,14.619999885559082,14.90999984741211,14.90999984741211,172800
2012-03-13,15.069999694824219,15.220000267028809,14.850000381469727,15.1899995803833,15.1899995803833,512500
2012-03-14,15.210000038146973,15.380000114440918,14.970000267028809,15.15999984741211,15.15999984741211,345000
2012-03-15,15.210000038146973,15.619999885559082,15.170000076293945,15.5600004196167,15.5600004196167,469900
2012-03-16,15.619999885559082,15.770000457763672,15.5,15.630000114440918,15.630000114440918,394200
2012-03-19,15.670000076293945,15.890000343322754,15.479999542236328,15.529999732971191,15.529999732971191,262100
2012-03-20,15.399999618530273,15.489999771118164,14.9399995803833,15.390000343322754,15.390000343322754,290700
2012-03-21,15.390000343322754,15.670000076293945,15.25,15.470000267028809,15.470000267028809,178200
2012-03-22,15.319999694824219,15.319999694824219,14.979999542236328,15.180000305175781,15.180000305175781,246200
2012-03-23,15.149999618530273,15.600000381469727,15.039999961853027,15.600000381469727,15.600000381469727,204300
2012-03-26,15.850000381469727,15.960000038146973,15.630000114440918,15.770000457763672,15.770000457763672,241900
2012-03-27,15.75,15.880000114440918,15.359999656677246,15.390000343322754,15.390000343322754,193500
2012-03-28,15.34000015258789,15.40999984741211,14.979999542236328,15.329999923706055,15.329999923706055,319900
2012-03-29,15.149999618530273,15.569999694824219,15.020000457763672,15.489999771118164,15.489999771118164,130700
2012-03-30,15.680000305175781,15.680000305175781,15.289999961853027,15.579999923706055,15.579999923706055,254700
2012-04-02,15.460000038146973,16.010000228881836,15.229999542236328,16.010000228881836,16.010000228881836,375400
2012-04-03,15.930000305175781,16.040000915527344,15.4399995803833,15.539999961853027,15.539999961853027,207300
2012-04-04,15.229999542236328,15.260000228881836,15.0,15.180000305175781,15.180000305175781,279000
2012-04-05,15.029999732971191,15.289999961853027,14.949999809265137,15.0,15.0,202300
2012-04-09,14.699999809265137,14.949999809265137,14.579999923706055,14.829999923706055,14.829999923706055,223500
2012-04-10,14.850000381469727,14.890000343322754,14.539999961853027,14.649999618530273,14.649999618530273,233600
2012-04-11,14.880000114440918,15.0600004196167,14.739999771118164,15.0600004196167,15.0600004196167,138400
2012-04-12,15.029999732971191,15.779999732971191,14.850000381469727,15.649999618530273,15.649999618530273,187900
2012-04-13,15.520000457763672,15.520000457763672,14.949999809265137,14.960000038146973,14.960000038146973,130000
2012-04-16,15.119999885559082,15.140000343322754,14.75,14.949999809265137,14.949999809265137,143200
2012-04-17,15.130000114440918,15.630000114440918,15.09000015258789,15.25,15.25,144900
2012-04-18,15.079999923706055,15.220000267028809,14.930000305175781,15.0600004196167,15.0600004196167,177900
2012-04-19,15.100000381469727,15.369999885559082,14.789999961853027,14.920000076293945,14.920000076293945,161700
2012-04-20,15.100000381469727,15.300000190734863,15.020000457763672,15.170000076293945,15.170000076293945,104800
2012-04-23,14.84000015258789,14.930000305175781,14.449999809265137,14.600000381469727,14.600000381469727,228500
2012-04-24,14.600000381469727,14.850000381469727,14.420000076293945,14.84000015258789,14.84000015258789,130800
2012-04-25,15.119999885559082,15.270000457763672,14.9399995803833,15.229999542236328,15.229999542236328,105600
2012-04-26,15.180000305175781,15.460000038146973,15.0600004196167,15.380000114440918,15.380000114440918,137400
2012-04-27,15.470000267028809,15.609999656677246,15.149999618530273,15.579999923706055,15.579999923706055,191500
2012-04-30,15.520000457763672,15.609999656677246,15.130000114440918,15.210000038146973,15.210000038146973,108000
2012-05-01,15.15999984741211,15.670000076293945,15.09000015258789,15.300000190734863,15.300000190734863,194000
2012-05-02,15.140000343322754,15.579999923706055,15.069999694824219,15.5600004196167,15.5600004196167,199000
2012-05-03,15.550000190734863,15.550000190734863,15.0,15.149999618530273,15.149999618530273,250900
2012-05-04,15.0,15.020000457763672,14.319999694824219,14.40999984741211,14.40999984741211,211700
2012-05-07,13.5,13.869999885559082,12.3100004196167,12.319999694824219,12.319999694824219,1128000
2012-05-08,12.3100004196167,12.350000381469727,11.760000228881836,12.34000015258789,12.34000015258789,573600
2012-05-09,12.119999885559082,12.229999542236328,11.800000190734863,12.010000228881836,12.010000228881836,311600
2012-05-10,12.180000305175781,12.369999885559082,11.979999542236328,12.029999732971191,12.029999732971191,192900
2012-05-11,11.920000076293945,12.329999923706055,11.920000076293945,12.149999618530273,12.149999618530273,325400
2012-05-14,12.0,12.130000114440918,11.920000076293945,11.930000305175781,11.930000305175781,213000
2012-05-15,11.899999618530273,12.15999984741211,11.649999618530273,11.670000076293945,11.670000076293945,272000
2012-05-16,11.760000228881836,12.0,11.079999923706055,11.119999885559082,11.119999885559082,325200
2012-05-17,11.1899995803833,11.199999809265137,10.75,10.850000381469727,10.850000381469727,465300
2012-05-18,10.84000015258789,11.050000190734863,10.649999618530273,10.65999984741211,10.65999984741211,314300
2012-05-21,10.739999771118164,11.680000305175781,10.640000343322754,11.680000305175781,11.680000305175781,308000
2012-05-22,11.699999809265137,11.949999809265137,11.380000114440918,11.520000457763672,11.520000457763672,236000
2012-05-23,11.350000381469727,11.75,11.199999809265137,11.6899995803833,11.6899995803833,142000
2012-05-24,11.710000038146973,11.729999542236328,11.3100004196167,11.5600004196167,11.5600004196167,138000
2012-05-25,11.529999732971191,11.680000305175781,11.390000343322754,11.449999809265137,11.449999809265137,124200
2012-05-29,11.619999885559082,11.920000076293945,11.529999732971191,11.829999923706055,11.829999923706055,130900
2012-05-30,11.640000343322754,11.640000343322754,11.229999542236328,11.3100004196167,11.3100004196167,154800
2012-05-31,11.3100004196167,11.380000114440918,10.869999885559082,11.239999771118164,11.239999771118164,303700
2012-06-01,11.010000228881836,11.210000038146973,10.8100004196167,11.050000190734863,11.050000190734863,186500
2012-06-04,11.140000343322754,11.199999809265137,10.680000305175781,10.829999923706055,10.829999923706055,137500
2012-06-05,10.720000267028809,11.15999984741211,10.720000267028809,11.119999885559082,11.119999885559082,190500
2012-06-06,11.279999732971191,11.789999961853027,11.279999732971191,11.760000228881836,11.760000228881836,163600
2012-06-07,11.949999809265137,12.260000228881836,11.640000343322754,11.720000267028809,11.720000267028809,207200
2012-06-08,11.65999984741211,11.949999809265137,11.489999771118164,11.84000015258789,11.84000015258789,125400
2012-06-11,12.0,12.079999923706055,11.380000114440918,11.390000343322754,11.390000343322754,407200
2012-06-12,11.489999771118164,11.579999923706055,11.279999732971191,11.460000038146973,11.460000038146973,214900
2012-06-13,11.470000267028809,11.600000381469727,11.050000190734863,11.119999885559082,11.119999885559082,281400
2012-06-14,11.100000381469727,11.329999923706055,10.90999984741211,11.140000343322754,11.140000343322754,309700
2012-06-15,11.149999618530273,11.880000114440918,11.100000381469727,11.8100004196167,11.8100004196167,430800
2012-06-18,11.630000114440918,12.140000343322754,11.630000114440918,12.020000457763672,12.020000457763672,211900
2012-06-19,12.119999885559082,12.210000038146973,11.9399995803833,12.050000190734863,12.050000190734863,327300
2012-06-20,12.010000228881836,12.1899995803833,11.930000305175781,11.989999771118164,11.989999771118164,123900
2012-06-21,11.960000038146973,12.029999732971191,11.390000343322754,11.460000038146973,11.460000038146973,185700
2012-06-22,11.6899995803833,11.770000457763672,11.460000038146973,11.65999984741211,11.65999984741211,744500
2012-06-25,11.40999984741211,11.489999771118164,11.069999694824219,11.25,11.25,142800
2012-06-26,11.239999771118164,11.449999809265137,11.100000381469727,11.319999694824219,11.319999694824219,159700
2012-06-27,11.380000114440918,12.050000190734863,11.380000114440918,11.9399995803833,11.9399995803833,161400
2012-06-28,11.789999961853027,12.239999771118164,11.670000076293945,12.15999984741211,12.15999984741211,354300
2012-06-29,12.569999694824219,12.739999771118164,12.300000190734863,12.670000076293945,12.670000076293945,430600
2012-07-02,12.6899995803833,12.6899995803833,12.380000114440918,12.670000076293945,12.670000076293945,188800
2012-07-03,12.649999618530273,13.010000228881836,12.609999656677246,12.890000343322754,12.890000343322754,145500
2012-07-05,12.930000305175781,13.34000015258789,12.850000381469727,12.949999809265137,12.949999809265137,153900
2012-07-06,12.739999771118164,12.800000190734863,12.619999885559082,12.720000267028809,12.720000267028809,152000
2012-07-09,12.880000114440918,13.100000381469727,12.710000038146973,12.949999809265137,12.949999809265137,218700
2012-07-10,13.119999885559082,13.229999542236328,12.510000228881836,12.609999656677246,12.609999656677246,145300
2012-07-11,12.619999885559082,12.739999771118164,12.300000190734863,12.460000038146973,12.460000038146973,134700
2012-07-12,12.359999656677246,12.949999809265137,12.1899995803833,12.779999732971191,12.779999732971191,256500
2012-07-13,12.90999984741211,13.039999961853027,12.649999618530273,12.75,12.75,269400
2012-07-16,12.729999542236328,12.770000457763672,12.430000305175781,12.539999961853027,12.539999961853027,168600
2012-07-17,12.6899995803833,12.84000015258789,12.449999809265137,12.720000267028809,12.720000267028809,140600
2012-07-18,12.649999618530273,12.829999923706055,12.489999771118164,12.579999923706055,12.579999923706055,213100
2012-07-19,12.65999984741211,12.65999984741211,12.3100004196167,12.319999694824219,12.319999694824219,133800
2012-07-20,12.180000305175781,12.270000457763672,11.819999694824219,11.84000015258789,11.84000015258789,233800
2012-07-23,11.529999732971191,11.529999732971191,11.229999542236328,11.260000228881836,11.260000228881836,287600
2012-07-24,11.329999923706055,11.359999656677246,10.5600004196167,10.670000076293945,10.670000076293945,246500
2012-07-25,10.789999961853027,11.149999618530273,10.510000228881836,10.539999961853027,10.539999961853027,231100
2012-07-26,10.800000190734863,11.149999618530273,10.640000343322754,11.079999923706055,11.079999923706055,243900
2012-07-27,11.1899995803833,11.239999771118164,10.84000015258789,10.899999618530273,10.899999618530273,295600
2012-07-30,11.180000305175781,11.65999984741211,11.149999618530273,11.5,11.5,232100
2012-07-31,11.430000305175781,11.65999984741211,11.319999694824219,11.359999656677246,11.359999656677246,160500
2012-08-01,11.460000038146973,11.460000038146973,10.789999961853027,10.789999961853027,10.789999961853027,166300
2012-08-02,10.65999984741211,10.890000343322754,10.640000343322754,10.710000038146973,10.710000038146973,106600
2012-08-03,11.0,11.40999984741211,10.670000076293945,11.279999732971191,11.279999732971191,141700
2012-08-06,11.350000381469727,11.510000228881836,11.170000076293945,11.369999885559082,11.369999885559082,210200
2012-08-07,10.489999771118164,10.710000038146973,9.210000038146973,9.920000076293945,9.920000076293945,1133300
2012-08-08,9.819999694824219,9.930000305175781,9.5,9.920000076293945,9.920000076293945,346800
2012-08-09,9.920000076293945,10.65999984741211,9.920000076293945,10.5,10.5,290000
2012-08-10,10.479999542236328,10.84000015258789,10.380000114440918,10.770000457763672,10.770000457763672,198000
2012-08-13,10.770000457763672,10.869999885559082,10.300000190734863,10.430000305175781,10.430000305175781,148100
2012-08-14,10.59000015258789,10.65999984741211,10.220000267028809,10.289999961853027,10.289999961853027,130800
2012-08-15,10.229999542236328,10.34000015258789,10.140000343322754,10.270000457763672,10.270000457763672,96200
2012-08-16,10.260000228881836,10.6899995803833,10.25,10.670000076293945,10.670000076293945,106300
2012-08-17,10.760000228881836,10.9399995803833,10.710000038146973,10.90999984741211,10.90999984741211,162400
2012-08-20,10.819999694824219,10.920000076293945,10.720000267028809,10.890000343322754,10.890000343322754,97500
2012-08-21,11.0,11.170000076293945,10.699999809265137,10.8100004196167,10.8100004196167,162000
2012-08-22,10.789999961853027,10.920000076293945,10.65999984741211,10.8100004196167,10.8100004196167,102600
2012-08-23,10.8100004196167,10.8100004196167,10.399999618530273,10.510000228881836,10.510000228881836,104200
2012-08-24,10.449999809265137,10.6899995803833,10.25,10.609999656677246,10.609999656677246,123300
2012-08-27,10.649999618530273,10.670000076293945,10.350000381469727,10.579999923706055,10.579999923706055,54800
2012-08-28,10.550000190734863,10.680000305175781,10.420000076293945,10.680000305175781,10.680000305175781,107900
2012-08-29,10.6899995803833,10.880000114440918,10.600000381469727,10.850000381469727,10.850000381469727,61300
2012-08-30,10.729999542236328,10.8100004196167,10.510000228881836,10.609999656677246,10.609999656677246,87100
2012-08-31,10.789999961853027,10.800000190734863,10.510000228881836,10.609999656677246,10.609999656677246,65200
2012-09-04,10.640000343322754,10.8100004196167,10.350000381469727,10.720000267028809,10.720000267028809,109900
2012-09-05,10.789999961853027,10.979999542236328,10.6899995803833,10.970000267028809,10.970000267028809,123100
2012-09-06,11.0,11.479999542236328,10.989999771118164,11.149999618530273,11.149999618530273,198800
2012-09-07,11.279999732971191,11.399999618530273,11.130000114440918,11.239999771118164,11.239999771118164,317300
2012-09-10,11.289999961853027,11.359999656677246,10.970000267028809,11.069999694824219,11.069999694824219,249200
2012-09-11,11.069999694824219,11.720000267028809,11.020000457763672,11.260000228881836,11.260000228881836,423200
2012-09-12,11.359999656677246,11.640000343322754,11.279999732971191,11.5,11.5,232900
2012-09-13,11.5600004196167,12.020000457763672,11.4399995803833,11.760000228881836,11.760000228881836,235900
2012-09-14,11.829999923706055,12.079999923706055,11.829999923706055,11.920000076293945,11.920000076293945,379800
2012-09-17,11.829999923706055,11.930000305175781,11.630000114440918,11.869999885559082,11.869999885559082,218600
2012-09-18,11.789999961853027,12.079999923706055,11.579999923706055,11.619999885559082,11.619999885559082,284100
2012-09-19,11.649999618530273,11.75,11.550000190734863,11.65999984741211,11.65999984741211,93800
2012-09-20,11.529999732971191,11.770000457763672,11.510000228881836,11.720000267028809,11.720000267028809,93600
2012-09-21,11.899999618530273,12.100000381469727,11.770000457763672,11.899999618530273,11.899999618530273,320900
2012-09-24,11.789999961853027,12.010000228881836,11.6899995803833,11.760000228881836,11.760000228881836,130800
2012-09-25,11.859999656677246,11.960000038146973,11.300000190734863,11.329999923706055,11.329999923706055,194700
2012-09-26,11.359999656677246,11.399999618530273,11.050000190734863,11.279999732971191,11.279999732971191,171200
2012-09-27,11.369999885559082,11.579999923706055,11.199999809265137,11.539999961853027,11.539999961853027,103200
2012-09-28,11.4399995803833,11.609999656677246,11.25,11.4399995803833,11.4399995803833,168900
2012-10-01,11.529999732971191,11.770000457763672,11.4399995803833,11.569999694824219,11.569999694824219,119600
2012-10-02,11.670000076293945,11.779999732971191,11.479999542236328,11.75,11.75,139700
2012-10-03,11.770000457763672,12.050000190734863,11.699999809265137,11.850000381469727,11.850000381469727,173600
2012-10-04,11.930000305175781,11.930000305175781,11.510000228881836,11.760000228881836,11.760000228881836,98000
2012-10-05,11.869999885559082,11.979999542236328,11.819999694824219,11.920000076293945,11.920000076293945,172700
2012-10-08,11.680000305175781,11.9399995803833,11.600000381469727,11.880000114440918,11.880000114440918,112300
2012-10-09,11.880000114440918,11.90999984741211,11.300000190734863,11.399999618530273,11.399999618530273,138000
2012-10-10,11.4399995803833,11.520000457763672,11.050000190734863,11.170000076293945,11.170000076293945,176000
2012-10-11,11.300000190734863,11.369999885559082,11.039999961853027,11.09000015258789,11.09000015258789,132200
2012-10-12,11.109999656677246,11.15999984741211,10.729999542236328,10.8100004196167,10.8100004196167,138500
2012-10-15,10.869999885559082,10.9399995803833,10.729999542236328,10.800000190734863,10.800000190734863,122900
2012-10-16,10.819999694824219,10.880000114440918,10.699999809265137,10.75,10.75,184700
2012-10-17,10.8100004196167,10.859999656677246,10.59000015258789,10.770000457763672,10.770000457763672,211400
2012-10-18,10.75,10.949999809265137,10.699999809265137,10.800000190734863,10.800000190734863,259700
2012-10-19,10.699999809265137,10.760000228881836,10.25,10.359999656677246,10.359999656677246,300600
2012-10-22,10.319999694824219,10.449999809265137,9.949999809265137,10.069999694824219,10.069999694824219,680200
2012-10-23,9.899999618530273,10.520000457763672,9.880000114440918,10.460000038146973,10.460000038146973,208200
2012-10-24,10.539999961853027,10.59000015258789,10.40999984741211,10.5,10.5,466500
2012-10-25,10.6899995803833,10.710000038146973,10.430000305175781,10.510000228881836,10.510000228881836,256300
2012-10-26,10.520000457763672,10.59000015258789,10.020000457763672,10.079999923706055,10.079999923706055,305900
2012-10-31,10.180000305175781,10.579999923706055,10.109999656677246,10.140000343322754,10.140000343322754,273100
2012-11-01,10.199999809265137,10.390000343322754,10.079999923706055,10.210000038146973,10.210000038146973,345600
2012-11-02,10.34000015258789,12.850000381469727,10.34000015258789,12.09000015258789,12.09000015258789,1367100
2012-11-05,11.90999984741211,12.90999984741211,11.90999984741211,12.699999809265137,12.699999809265137,579200
2012-11-06,12.640000343322754,13.0,12.319999694824219,12.829999923706055,12.829999923706055,456100
2012-11-07,12.630000114440918,12.880000114440918,12.25,12.779999732971191,12.779999732971191,353400
2012-11-08,12.800000190734863,12.819999694824219,12.420000076293945,12.470000267028809,12.470000267028809,236800
2012-11-09,12.4399995803833,12.569999694824219,12.369999885559082,12.430000305175781,12.430000305175781,221100
2012-11-12,12.5,12.550000190734863,12.300000190734863,12.369999885559082,12.369999885559082,95400
2012-11-13,12.239999771118164,12.479999542236328,12.039999961853027,12.0600004196167,12.0600004196167,164600
2012-11-14,12.130000114440918,12.220000267028809,11.84000015258789,11.869999885559082,11.869999885559082,188600
2012-11-15,11.880000114440918,11.899999618530273,11.470000267028809,11.5600004196167,11.5600004196167,201300
2012-11-16,11.520000457763672,11.539999961853027,11.15999984741211,11.270000457763672,11.270000457763672,208400
2012-11-19,11.4399995803833,11.710000038146973,11.369999885559082,11.5600004196167,11.5600004196167,202700
2012-11-20,11.529999732971191,11.640000343322754,11.3100004196167,11.5,11.5,193400
2012-11-21,11.510000228881836,11.850000381469727,11.34000015258789,11.829999923706055,11.829999923706055,180700
2012-11-23,11.880000114440918,12.100000381469727,11.699999809265137,12.079999923706055,12.079999923706055,86700
2012-11-26,11.989999771118164,12.4399995803833,11.930000305175781,12.420000076293945,12.420000076293945,362900
2012-11-27,12.399999618530273,12.65999984741211,12.300000190734863,12.449999809265137,12.449999809265137,423100
2012-11-28,12.350000381469727,12.729999542236328,12.130000114440918,12.729999542236328,12.729999542236328,194000
2012-11-29,12.819999694824219,12.989999771118164,12.600000381469727,12.890000343322754,12.890000343322754,218900
2012-11-30,12.920000076293945,12.930000305175781,12.720000267028809,12.859999656677246,12.859999656677246,183600
2012-12-03,13.0,13.489999771118164,12.90999984741211,13.0600004196167,13.0600004196167,387200
2012-12-04,13.109999656677246,13.470000267028809,13.0,13.180000305175781,13.180000305175781,549300
2012-12-05,13.220000267028809,13.34000015258789,12.949999809265137,13.069999694824219,13.069999694824219,282300
2012-12-06,13.039999961853027,13.199999809265137,12.949999809265137,13.199999809265137,13.199999809265137,223400
2012-12-07,13.289999961853027,13.40999984741211,13.100000381469727,13.319999694824219,13.319999694824219,173700
2012-12-10,13.329999923706055,13.460000038146973,13.270000457763672,13.390000343322754,13.390000343322754,124300
2012-12-11,13.489999771118164,13.890000343322754,13.479999542236328,13.640000343322754,13.640000343322754,214900
2012-12-12,13.6899995803833,13.880000114440918,13.5600004196167,13.609999656677246,13.609999656677246,166900
2012-12-13,13.640000343322754,13.8100004196167,13.569999694824219,13.699999809265137,13.699999809265137,141200
2012-12-14,13.640000343322754,13.899999618530273,13.579999923706055,13.65999984741211,13.65999984741211,170900
2012-12-17,13.720000267028809,13.789999961853027,13.579999923706055,13.789999961853027,13.789999961853027,127500
2012-12-18,13.859999656677246,14.260000228881836,13.819999694824219,14.260000228881836,14.260000228881836,353700
2012-12-19,14.270000457763672,14.270000457763672,13.989999771118164,14.029999732971191,14.029999732971191,238300
2012-12-20,14.029999732971191,14.119999885559082,13.880000114440918,13.970000267028809,13.970000267028809,240600
2012-12-21,13.779999732971191,13.989999771118164,13.569999694824219,13.640000343322754,13.640000343322754,420500
2012-12-24,14.8100004196167,14.8100004196167,13.529999732971191,13.65999984741211,13.65999984741211,50900
2012-12-26,13.649999618530273,14.039999961853027,13.649999618530273,13.779999732971191,13.779999732971191,291200
2012-12-27,13.819999694824219,13.869999885559082,13.319999694824219,13.729999542236328,13.729999542236328,172300
2012-12-28,13.619999885559082,13.829999923706055,13.300000190734863,13.319999694824219,13.319999694824219,172300
2012-12-31,13.319999694824219,13.789999961853027,13.199999809265137,13.699999809265137,13.699999809265137,254400
2013-01-02,14.0,14.3100004196167,14.0,14.130000114440918,14.130000114440918,316100
2013-01-03,14.170000076293945,14.260000228881836,13.920000076293945,13.960000038146973,13.960000038146973,236000
2013-01-04,14.079999923706055,14.220000267028809,13.930000305175781,13.989999771118164,13.989999771118164,151900
2013-01-07,13.850000381469727,13.899999618530273,13.739999771118164,13.8100004196167,13.8100004196167,136000
2013-01-08,13.8100004196167,14.029999732971191,13.699999809265137,13.920000076293945,13.920000076293945,189600
2013-01-09,14.020000457763672,14.34000015258789,13.979999542236328,14.220000267028809,14.220000267028809,297700
2013-01-10,14.300000190734863,14.65999984741211,14.15999984741211,14.630000114440918,14.630000114440918,214800
2013-01-11,14.670000076293945,14.680000305175781,14.399999618530273,14.579999923706055,14.579999923706055,155200
2013-01-14,14.569999694824219,14.600000381469727,14.489999771118164,14.579999923706055,14.579999923706055,137500
2013-01-15,14.460000038146973,14.630000114440918,14.460000038146973,14.59000015258789,14.59000015258789,154200
2013-01-16,14.5600004196167,14.720000267028809,14.510000228881836,14.649999618530273,14.649999618530273,231300
2013-01-17,14.720000267028809,15.0,14.710000038146973,14.930000305175781,14.930000305175781,267700
2013-01-18,14.9399995803833,15.109999656677246,14.680000305175781,15.079999923706055,15.079999923706055,194800
2013-01-22,15.100000381469727,15.149999618530273,14.899999618530273,15.130000114440918,15.130000114440918,167400
2013-01-23,15.15999984741211,15.15999984741211,15.0,15.119999885559082,15.119999885559082,236800
2013-01-24,15.119999885559082,15.600000381469727,15.119999885559082,15.59000015258789,15.59000015258789,270000
2013-01-25,15.670000076293945,15.789999961853027,15.380000114440918,15.789999961853027,15.789999961853027,228100
2013-01-28,15.869999885559082,16.030000686645508,15.869999885559082,15.979999542236328,15.979999542236328,218900
2013-01-29,16.010000228881836,16.190000534057617,15.899999618530273,16.100000381469727,16.100000381469727,277000
2013-01-30,16.170000076293945,16.25,15.970000267028809,16.209999084472656,16.209999084472656,409700
2013-01-31,16.190000534057617,16.6299991607666,15.899999618530273,16.59000015258789,16.59000015258789,425000
2013-02-01,16.719999313354492,17.209999084472656,16.719999313354492,17.0,17.0,360700
2013-02-04,16.8700008392334,16.950000762939453,16.6200008392334,16.760000228881836,16.760000228881836,320900
2013-02-05,16.860000610351562,17.139999389648438,16.760000228881836,16.940000534057617,16.940000534057617,213200
2013-02-06,16.860000610351562,17.049999237060547,16.719999313354492,17.030000686645508,17.030000686645508,160400
2013-02-07,17.0,17.239999771118164,16.729999542236328,17.239999771118164,17.239999771118164,228900
2013-02-08,17.25,17.5,17.229999542236328,17.360000610351562,17.360000610351562,248900
2013-02-11,17.31999969482422,17.389999389648438,17.200000762939453,17.350000381469727,17.350000381469727,128400
2013-02-12,17.350000381469727,17.600000381469727,17.15999984741211,17.579999923706055,17.579999923706055,336800
2013-02-13,17.6200008392334,18.110000610351562,17.6200008392334,18.100000381469727,18.100000381469727,260100
2013-02-14,18.040000915527344,18.420000076293945,18.040000915527344,18.290000915527344,18.290000915527344,206800
2013-02-15,18.360000610351562,18.690000534057617,18.290000915527344,18.440000534057617,18.440000534057617,343000
2013-02-19,18.530000686645508,19.079999923706055,18.530000686645508,18.93000030517578,18.93000030517578,597400
2013-02-20,18.969999313354492,18.979999542236328,18.440000534057617,18.639999389648438,18.639999389648438,902900
2013-02-21,18.56999969482422,18.639999389648438,17.530000686645508,18.059999465942383,18.059999465942383,560900
2013-02-22,18.059999465942383,18.25,16.479999542236328,17.299999237060547,17.299999237060547,1037800
2013-02-25,17.309999465942383,17.350000381469727,16.790000915527344,16.799999237060547,16.799999237060547,515700
2013-02-26,16.84000015258789,16.90999984741211,16.219999313354492,16.520000457763672,16.520000457763672,548500
2013-02-27,16.479999542236328,17.100000381469727,16.479999542236328,17.06999969482422,17.06999969482422,349400
2013-02-28,17.010000228881836,17.260000228881836,16.860000610351562,17.010000228881836,17.010000228881836,342100
2013-03-01,16.829999923706055,16.93000030517578,16.59000015258789,16.760000228881836,16.760000228881836,353300
2013-03-04,16.6299991607666,16.700000762939453,16.309999465942383,16.559999465942383,16.559999465942383,247600
2013-03-05,16.700000762939453,17.079999923706055,16.670000076293945,17.079999923706055,17.079999923706055,554500
2013-03-06,17.190000534057617,17.399999618530273,16.899999618530273,17.200000762939453,17.200000762939453,305700
2013-03-07,16.959999084472656,16.979999542236328,16.420000076293945,16.850000381469727,16.850000381469727,704500
2013-03-08,16.829999923706055,17.149999618530273,16.81999969482422,17.1200008392334,17.1200008392334,301200
2013-03-11,17.100000381469727,17.399999618530273,17.049999237060547,17.260000228881836,17.260000228881836,369700
2013-03-12,17.270000457763672,17.5,17.020000457763672,17.270000457763672,17.270000457763672,455700
2013-03-13,17.25,17.690000534057617,17.239999771118164,17.549999237060547,17.549999237060547,226900
2013-03-14,17.6200008392334,18.18000030517578,17.6200008392334,18.149999618530273,18.149999618530273,357900
2013-03-15,18.190000534057617,18.450000762939453,18.1299991607666,18.3799991607666,18.3799991607666,334100
2013-03-18,18.0,18.389999389648438,17.850000381469727,18.260000228881836,18.260000228881836,381500
2013-03-19,18.290000915527344,18.540000915527344,18.200000762939453,18.40999984741211,18.40999984741211,477700
2013-03-20,18.459999084472656,18.959999084472656,18.459999084472656,18.920000076293945,18.920000076293945,222400
2013-03-21,18.739999771118164,18.899999618530273,18.690000534057617,18.850000381469727,18.850000381469727,228300
2013-03-22,18.90999984741211,18.940000534057617,18.75,18.940000534057617,18.940000534057617,282700
2013-03-25,18.989999771118164,19.239999771118164,18.899999618530273,18.93000030517578,18.93000030517578,320700
2013-03-26,19.010000228881836,19.15999984741211,18.969999313354492,19.079999923706055,19.079999923706055,147700
2013-03-27,18.959999084472656,19.149999618530273,18.860000610351562,19.1299991607666,19.1299991607666,164000
2013-03-28,19.18000030517578,19.3799991607666,19.149999618530273,19.299999237060547,19.299999237060547,237900
2013-04-01,19.219999313354492,19.280000686645508,18.809999465942383,18.959999084472656,18.959999084472656,379400
2013-04-02,19.049999237060547,19.15999984741211,18.65999984741211,18.700000762939453,18.700000762939453,335200
2013-04-03,18.68000030517578,18.690000534057617,17.860000610351562,17.959999084472656,17.959999084472656,468800
2013-04-04,17.920000076293945,17.93000030517578,17.579999923706055,17.75,17.75,204400
2013-04-05,17.239999771118164,17.770000457763672,17.219999313354492,17.739999771118164,17.739999771118164,222900
2013-04-08,17.850000381469727,17.950000762939453,17.65999984741211,17.950000762939453,17.950000762939453,229700
2013-04-09,17.93000030517578,18.06999969482422,17.829999923706055,17.920000076293945,17.920000076293945,193900
2013-04-10,17.940000534057617,18.139999389648438,17.899999618530273,18.100000381469727,18.100000381469727,142100
2013-04-11,18.049999237060547,18.329999923706055,17.979999542236328,18.170000076293945,18.170000076293945,133300
2013-04-12,18.049999237060547,18.239999771118164,17.8799991607666,17.959999084472656,17.959999084472656,115200
2013-04-15,17.799999237060547,17.799999237060547,16.299999237060547,16.329999923706055,16.329999923706055,392100
2013-04-16,16.5,16.81999969482422,16.350000381469727,16.760000228881836,16.760000228881836,355000
2013-04-17,16.6299991607666,16.809999465942383,16.1200008392334,16.290000915527344,16.290000915527344,326700
2013-04-18,16.360000610351562,16.360000610351562,15.739999771118164,15.930000305175781,15.930000305175781,259400
2013-04-19,15.970000267028809,16.170000076293945,15.869999885559082,15.979999542236328,15.979999542236328,307100
2013-04-22,16.049999237060547,16.5,15.470000267028809,16.450000762939453,16.450000762939453,417500
2013-04-23,16.639999389648438,16.729999542236328,16.100000381469727,16.540000915527344,16.540000915527344,214500
2013-04-24,16.59000015258789,16.940000534057617,16.329999923706055,16.579999923706055,16.579999923706055,305600
2013-04-25,16.670000076293945,16.889999389648438,16.510000228881836,16.59000015258789,16.59000015258789,219500
2013-04-26,16.5,16.68000030517578,15.960000038146973,16.139999389648438,16.139999389648438,227500
2013-04-29,16.170000076293945,16.600000381469727,16.170000076293945,16.389999389648438,16.389999389648438,192200
2013-04-30,16.43000030517578,16.549999237060547,16.309999465942383,16.440000534057617,16.440000534057617,324100
2013-05-01,16.3799991607666,16.5,15.920000076293945,15.989999771118164,15.989999771118164,328200
2013-05-02,16.309999465942383,18.90999984741211,16.309999465942383,17.899999618530273,17.899999618530273,768900
2013-05-03,18.200000762939453,18.81999969482422,18.200000762939453,18.3700008392334,18.3700008392334,291900
2013-05-06,18.43000030517578,18.43000030517578,17.56999969482422,18.280000686645508,18.280000686645508,214400
2013-05-07,18.270000457763672,18.709999084472656,18.049999237060547,18.309999465942383,18.309999465942383,271400
2013-05-08,18.31999969482422,18.43000030517578,17.84000015258789,17.940000534057617,17.940000534057617,202100
2013-05-09,17.940000534057617,17.950000762939453,17.459999084472656,17.639999389648438,17.639999389648438,158500
2013-05-10,17.649999618530273,17.889999389648438,17.479999542236328,17.889999389648438,17.889999389648438,148100
2013-05-13,17.889999389648438,17.90999984741211,17.549999237060547,17.799999237060547,17.799999237060547,129100
2013-05-14,17.8799991607666,18.6299991607666,17.790000915527344,18.610000610351562,18.610000610351562,315300
2013-05-15,18.559999465942383,18.639999389648438,18.229999542236328,18.559999465942383,18.559999465942383,197600
2013-05-16,18.5,18.559999465942383,18.09000015258789,18.200000762939453,18.200000762939453,125000
2013-05-17,18.34000015258789,18.5,18.079999923706055,18.280000686645508,18.280000686645508,290300
2013-05-20,18.190000534057617,18.950000762939453,18.190000534057617,18.639999389648438,18.639999389648438,175600
2013-05-21,18.6299991607666,19.0,18.399999618530273,18.790000915527344,18.790000915527344,205400
2013-05-22,18.790000915527344,18.959999084472656,17.59000015258789,17.709999084472656,17.709999084472656,296300
2013-05-23,17.479999542236328,18.030000686645508,17.190000534057617,17.950000762939453,17.950000762939453,182500
2013-05-24,17.920000076293945,18.0,17.540000915527344,17.799999237060547,17.799999237060547,98000
2013-05-28,18.149999618530273,18.68000030517578,18.1200008392334,18.68000030517578,18.68000030517578,164100
2013-05-29,18.610000610351562,18.979999542236328,18.530000686645508,18.950000762939453,18.950000762939453,317700
2013-05-30,19.0,19.149999618530273,18.579999923706055,18.649999618530273,18.649999618530273,170800
2013-05-31,18.469999313354492,19.020000457763672,18.43000030517578,18.520000457763672,18.520000457763672,111600
2013-06-03,18.579999923706055,18.65999984741211,17.770000457763672,18.450000762939453,18.450000762939453,258400
2013-06-04,18.360000610351562,18.68000030517578,17.81999969482422,17.979999542236328,17.979999542236328,134300
2013-06-05,17.899999618530273,18.09000015258789,17.440000534057617,17.6200008392334,17.6200008392334,169000
2013-06-06,17.579999923706055,17.8799991607666,17.290000915527344,17.350000381469727,17.350000381469727,222400
2013-06-07,17.459999084472656,17.739999771118164,17.350000381469727,17.700000762939453,17.700000762939453,328900
2013-06-10,17.84000015258789,17.989999771118164,17.5,17.889999389648438,17.889999389648438,69100
2013-06-11,17.639999389648438,17.639999389648438,17.079999923706055,17.110000610351562,17.110000610351562,113100
2013-06-12,17.280000686645508,17.280000686645508,16.719999313354492,16.850000381469727,16.850000381469727,92000
2013-06-13,16.799999237060547,17.479999542236328,16.790000915527344,17.43000030517578,17.43000030517578,77600
2013-06-14,17.420000076293945,17.489999771118164,17.020000457763672,17.139999389648438,17.139999389648438,55600
2013-06-17,17.34000015258789,17.700000762939453,17.290000915527344,17.549999237060547,17.549999237060547,106600
2013-06-18,17.610000610351562,18.639999389648438,17.610000610351562,18.610000610351562,18.610000610351562,224100
2013-06-19,18.549999237060547,18.790000915527344,18.34000015258789,18.3700008392334,18.3700008392334,243700
2013-06-20,18.06999969482422,18.149999618530273,17.6299991607666,17.639999389648438,17.639999389648438,187300
2013-06-21,17.770000457763672,17.8700008392334,17.260000228881836,17.309999465942383,17.309999465942383,317500
2013-06-24,17.010000228881836,17.06999969482422,16.549999237060547,16.889999389648438,16.889999389648438,289800
2013-06-25,17.190000534057617,17.84000015258789,17.190000534057617,17.420000076293945,17.420000076293945,198400
2013-06-26,17.59000015258789,17.700000762939453,17.0,17.06999969482422,17.06999969482422,146800
2013-06-27,17.229999542236328,17.959999084472656,17.149999618530273,17.889999389648438,17.889999389648438,131200
2013-06-28,17.8700008392334,18.25,17.59000015258789,18.09000015258789,18.09000015258789,237400
2013-07-01,18.239999771118164,19.100000381469727,18.170000076293945,18.719999313354492,18.719999313354492,301600
2013-07-02,18.809999465942383,19.030000686645508,18.1200008392334,18.229999542236328,18.229999542236328,230500
2013-07-03,18.200000762939453,18.40999984741211,18.079999923706055,18.190000534057617,18.190000534057617,63700
2013-07-05,18.520000457763672,18.709999084472656,18.059999465942383,18.450000762939453,18.450000762939453,70300
2013-07-08,18.56999969482422,18.56999969482422,18.030000686645508,18.190000534057617,18.190000534057617,159100
2013-07-09,18.350000381469727,18.75,18.260000228881836,18.40999984741211,18.40999984741211,390200
2013-07-10,18.43000030517578,18.43000030517578,18.020000457763672,18.239999771118164,18.239999771118164,162000
2013-07-11,18.600000381469727,18.649999618530273,18.209999084472656,18.549999237060547,18.549999237060547,234700
2013-07-12,18.579999923706055,18.889999389648438,18.450000762939453,18.729999542236328,18.729999542236328,175600
2013-07-15,18.799999237060547,18.889999389648438,18.610000610351562,18.780000686645508,18.780000686645508,96100
2013-07-16,18.81999969482422,18.989999771118164,18.739999771118164,18.739999771118164,18.739999771118164,180400
2013-07-17,18.84000015258789,18.93000030517578,18.65999984741211,18.90999984741211,18.90999984741211,226900
2013-07-18,19.0,19.56999969482422,18.969999313354492,19.280000686645508,19.280000686645508,192100
2013-07-19,19.200000762939453,19.68000030517578,19.200000762939453,19.549999237060547,19.549999237060547,96600
2013-07-22,19.600000381469727,19.90999984741211,19.549999237060547,19.84000015258789,19.84000015258789,149700
2013-07-23,19.8700008392334,19.989999771118164,19.6299991607666,19.75,19.75,108900
2013-07-24,19.790000915527344,19.889999389648438,19.510000228881836,19.8799991607666,19.8799991607666,168600
2013-07-25,19.850000381469727,20.25,19.510000228881836,20.200000762939453,20.200000762939453,260000
2013-07-26,19.93000030517578,20.1299991607666,19.40999984741211,19.520000457763672,19.520000457763672,144800
2013-07-29,19.40999984741211,19.559999465942383,18.790000915527344,18.850000381469727,18.850000381469727,116800
2013-07-30,19.020000457763672,19.059999465942383,18.709999084472656,19.030000686645508,19.030000686645508,132300
2013-07-31,19.110000610351562,20.219999313354492,19.110000610351562,19.780000686645508,19.780000686645508,200500
2013-08-01,20.110000610351562,20.670000076293945,19.8700008392334,20.639999389648438,20.639999389648438,178500
2013-08-02,20.530000686645508,21.34000015258789,20.3799991607666,20.950000762939453,20.950000762939453,273400
2013-08-05,20.969999313354492,21.18000030517578,20.520000457763672,20.760000228881836,20.760000228881836,182100
2013-08-06,20.729999542236328,20.790000915527344,19.6299991607666,19.690000534057617,19.690000534057617,197400
2013-08-07,19.65999984741211,19.790000915527344,19.260000228881836,19.540000915527344,19.540000915527344,190900
2013-08-08,19.780000686645508,19.829999923706055,19.5,19.690000534057617,19.690000534057617,216200
2013-08-09,19.059999465942383,19.059999465942383,18.040000915527344,18.850000381469727,18.850000381469727,439900
2013-08-12,18.860000610351562,19.450000762939453,18.860000610351562,19.270000457763672,19.270000457763672,360800
2013-08-13,19.350000381469727,19.729999542236328,19.229999542236328,19.649999618530273,19.649999618530273,249600
2013-08-14,19.68000030517578,19.739999771118164,19.25,19.690000534057617,19.690000534057617,180400
2013-08-15,19.399999618530273,19.540000915527344,18.860000610351562,19.31999969482422,19.31999969482422,240700
2013-08-16,19.190000534057617,19.729999542236328,19.15999984741211,19.459999084472656,19.459999084472656,139500
2013-08-19,19.3799991607666,19.3799991607666,18.510000228881836,18.549999237060547,18.549999237060547,257100
2013-08-20,18.729999542236328,19.329999923706055,18.610000610351562,19.0,19.0,416600
2013-08-21,18.93000030517578,19.100000381469727,18.700000762939453,18.760000228881836,18.760000228881836,112200
2013-08-22,18.940000534057617,19.559999465942383,18.770000457763672,19.389999389648438,19.389999389648438,150200
2013-08-23,19.389999389648438,19.56999969482422,19.059999465942383,19.219999313354492,19.219999313354492,126700
2013-08-26,19.299999237060547,19.649999618530273,19.299999237060547,19.559999465942383,19.559999465942383,158900
2013-08-27,19.219999313354492,19.489999771118164,19.0,19.15999984741211,19.15999984741211,193200
2013-08-28,19.1299991607666,19.350000381469727,19.09000015258789,19.25,19.25,113600
2013-08-29,19.25,19.719999313354492,19.25,19.639999389648438,19.639999389648438,112200
2013-08-30,19.600000381469727,19.6299991607666,19.079999923706055,19.18000030517578,19.18000030517578,157200
2013-09-03,19.540000915527344,19.649999618530273,18.850000381469727,18.979999542236328,18.979999542236328,137400
2013-09-04,18.989999771118164,19.049999237060547,18.780000686645508,18.829999923706055,18.829999923706055,120400
2013-09-05,18.799999237060547,18.829999923706055,18.489999771118164,18.68000030517578,18.68000030517578,263100
2013-09-06,18.8700008392334,18.959999084472656,18.350000381469727,18.489999771118164,18.489999771118164,257800
2013-09-09,18.610000610351562,18.780000686645508,18.469999313354492,18.65999984741211,18.65999984741211,239100
2013-09-10,18.739999771118164,18.889999389648438,18.489999771118164,18.649999618530273,18.649999618530273,285700
2013-09-11,18.670000076293945,19.110000610351562,18.670000076293945,18.979999542236328,18.979999542236328,432600
2013-09-12,19.0,19.040000915527344,18.719999313354492,18.93000030517578,18.93000030517578,162800
2013-09-13,18.989999771118164,19.0,18.700000762939453,18.739999771118164,18.739999771118164,149000
2013-09-16,19.110000610351562,19.1200008392334,18.829999923706055,19.0,19.0,300400
2013-09-17,18.969999313354492,19.06999969482422,18.920000076293945,19.049999237060547,19.049999237060547,573900
2013-09-18,19.059999465942383,19.329999923706055,18.829999923706055,19.280000686645508,19.280000686645508,279500
2013-09-19,19.389999389648438,19.5,19.239999771118164,19.450000762939453,19.450000762939453,172700
2013-09-20,19.450000762939453,20.040000915527344,19.450000762939453,19.780000686645508,19.780000686645508,480500
2013-09-23,19.75,19.81999969482422,19.559999465942383,19.690000534057617,19.690000534057617,235500
2013-09-24,19.75,20.530000686645508,19.739999771118164,20.25,20.25,214400
2013-09-25,20.290000915527344,21.260000228881836,20.15999984741211,21.030000686645508,21.030000686645508,284700
2013-09-26,21.149999618530273,21.40999984741211,21.049999237060547,21.18000030517578,21.18000030517578,157700
2013-09-27,21.0,21.530000686645508,20.90999984741211,21.290000915527344,21.290000915527344,205200
2013-09-30,20.920000076293945,21.3799991607666,20.739999771118164,21.31999969482422,21.31999969482422,243200
2013-10-01,21.31999969482422,21.739999771118164,21.299999237060547,21.399999618530273,21.399999618530273,313800
2013-10-02,21.190000534057617,21.559999465942383,21.190000534057617,21.329999923706055,21.329999923706055,224500
2013-10-03,21.329999923706055,21.450000762939453,20.790000915527344,21.260000228881836,21.260000228881836,183200
2013-10-04,21.239999771118164,21.729999542236328,21.239999771118164,21.59000015258789,21.59000015258789,154400
2013-10-07,21.329999923706055,21.510000228881836,21.010000228881836,21.010000228881836,21.010000228881836,108900
2013-10-08,21.020000457763672,21.31999969482422,20.350000381469727,20.3799991607666,20.3799991607666,191000
2013-10-09,20.450000762939453,21.1200008392334,20.079999923706055,20.700000762939453,20.700000762939453,178500
2013-10-10,21.09000015258789,21.649999618530273,21.0,21.360000610351562,21.360000610351562,162500
2013-10-11,21.31999969482422,21.940000534057617,21.25,21.68000030517578,21.68000030517578,182100
2013-10-14,21.56999969482422,22.75,21.43000030517578,22.5,22.5,313700
2013-10-15,22.479999542236328,22.6200008392334,21.950000762939453,22.25,22.25,292300
2013-10-16,22.5,23.0,22.40999984741211,22.899999618530273,22.899999618530273,227900
2013-10-17,22.809999465942383,23.110000610351562,22.6299991607666,23.110000610351562,23.110000610351562,151100
2013-10-18,23.3700008392334,23.700000762939453,23.229999542236328,23.68000030517578,23.68000030517578,231600
2013-10-21,23.829999923706055,23.8799991607666,23.290000915527344,23.75,23.75,195000
2013-10-22,23.940000534057617,24.440000534057617,23.739999771118164,23.780000686645508,23.780000686645508,240300
2013-10-23,23.6200008392334,23.780000686645508,23.209999084472656,23.270000457763672,23.270000457763672,209200
2013-10-24,23.360000610351562,23.889999389648438,23.1299991607666,23.770000457763672,23.770000457763672,196200
2013-10-25,23.899999618530273,23.950000762939453,23.40999984741211,23.540000915527344,23.540000915527344,119100
2013-10-28,23.479999542236328,23.540000915527344,23.229999542236328,23.43000030517578,23.43000030517578,145400
2013-10-29,23.579999923706055,23.75,23.3700008392334,23.540000915527344,23.540000915527344,146100
2013-10-30,23.6200008392334,23.709999084472656,23.34000015258789,23.3700008392334,23.3700008392334,115900
2013-10-31,23.389999389648438,23.389999389648438,22.81999969482422,22.950000762939453,22.950000762939453,220000
2013-11-01,22.920000076293945,23.329999923706055,22.520000457763672,22.719999313354492,22.719999313354492,226000
2013-11-04,22.780000686645508,22.989999771118164,22.739999771118164,22.850000381469727,22.850000381469727,252500
2013-11-05,21.479999542236328,22.260000228881836,20.510000228881836,22.1200008392334,22.1200008392334,365700
2013-11-06,22.280000686645508,22.280000686645508,21.610000610351562,21.989999771118164,21.989999771118164,184400
2013-11-07,22.079999923706055,22.200000762939453,21.1200008392334,21.3799991607666,21.3799991607666,273000
2013-11-08,21.360000610351562,21.81999969482422,21.360000610351562,21.809999465942383,21.809999465942383,179200
2013-11-11,21.799999237060547,21.93000030517578,21.5,21.75,21.75,67300
2013-11-12,21.610000610351562,21.690000534057617,21.18000030517578,21.360000610351562,21.360000610351562,134400
2013-11-13,21.200000762939453,22.209999084472656,21.020000457763672,22.200000762939453,22.200000762939453,139300
2013-11-14,22.200000762939453,22.360000610351562,21.829999923706055,22.34000015258789,22.34000015258789,106900
2013-11-15,22.3799991607666,22.90999984741211,22.3799991607666,22.899999618530273,22.899999618530273,188700
2013-11-18,23.030000686645508,23.040000915527344,22.450000762939453,22.6299991607666,22.6299991607666,281900
2013-11-19,22.6200008392334,22.700000762939453,22.219999313354492,22.510000228881836,22.510000228881836,304500
2013-11-20,22.639999389648438,22.950000762939453,22.5,22.600000381469727,22.600000381469727,230500
2013-11-21,22.75,23.110000610351562,22.579999923706055,22.950000762939453,22.950000762939453,408200
2013-11-22,23.020000457763672,23.18000030517578,22.860000610351562,22.979999542236328,22.979999542236328,144600
2013-11-25,23.059999465942383,23.459999084472656,22.81999969482422,22.899999618530273,22.899999618530273,208300
2013-11-26,22.959999084472656,23.84000015258789,22.799999237060547,23.760000228881836,23.760000228881836,192100
2013-11-27,23.809999465942383,24.18000030517578,23.649999618530273,24.170000076293945,24.170000076293945,197800
2013-11-29,24.290000915527344,24.760000228881836,24.239999771118164,24.489999771118164,24.489999771118164,140700
2013-12-02,24.5,24.690000534057617,24.139999389648438,24.25,24.25,162700
2013-12-03,24.18000030517578,25.049999237060547,24.18000030517578,25.020000457763672,25.020000457763672,337600
2013-12-04,24.950000762939453,25.229999542236328,24.700000762939453,24.920000076293945,24.920000076293945,521000
2013-12-05,24.90999984741211,24.969999313354492,24.610000610351562,24.760000228881836,24.760000228881836,177200
2013-12-06,25.110000610351562,26.1200008392334,24.950000762939453,25.959999084472656,25.959999084472656,363800
2013-12-09,25.959999084472656,26.3799991607666,25.889999389648438,26.1200008392334,26.1200008392334,251600
2013-12-10,26.059999465942383,26.299999237060547,25.8799991607666,26.1200008392334,26.1200008392334,243300
2013-12-11,26.229999542236328,26.229999542236328,25.15999984741211,25.469999313354492,25.469999313354492,223100
2013-12-12,25.469999313354492,25.940000534057617,25.299999237060547,25.520000457763672,25.520000457763672,264400
2013-12-13,25.600000381469727,25.84000015258789,25.139999389648438,25.40999984741211,25.40999984741211,197800
2013-12-16,25.549999237060547,25.799999237060547,25.260000228881836,25.489999771118164,25.489999771118164,355000
2013-12-17,25.440000534057617,25.469999313354492,24.90999984741211,25.0,25.0,273300
2013-12-18,25.0,25.260000228881836,24.709999084472656,25.219999313354492,25.219999313354492,258400
2013-12-19,25.100000381469727,25.540000915527344,24.8700008392334,25.149999618530273,25.149999618530273,241600
2013-12-20,25.149999618530273,25.469999313354492,25.059999465942383,25.200000762939453,25.200000762939453,449000
2013-12-23,25.309999465942383,25.43000030517578,25.110000610351562,25.200000762939453,25.200000762939453,221800
2013-12-24,25.170000076293945,26.18000030517578,25.170000076293945,25.90999984741211,25.90999984741211,82100
2013-12-26,26.0,26.25,25.899999618530273,26.149999618530273,26.149999618530273,104900
2013-12-27,26.270000457763672,26.270000457763672,25.709999084472656,26.059999465942383,26.059999465942383,109900
2013-12-30,26.110000610351562,26.270000457763672,25.559999465942383,25.93000030517578,25.93000030517578,207400
2013-12-31,25.93000030517578,26.440000534057617,25.93000030517578,26.299999237060547,26.299999237060547,184800
2014-01-02,26.200000762939453,26.229999542236328,25.219999313354492,25.239999771118164,25.239999771118164,239100
2014-01-03,25.200000762939453,25.469999313354492,25.079999923706055,25.3700008392334,25.3700008392334,283400
2014-01-06,25.510000228881836,25.600000381469727,24.799999237060547,24.81999969482422,24.81999969482422,164600
2014-01-07,24.969999313354492,25.399999618530273,24.799999237060547,25.09000015258789,25.09000015258789,183200
2014-01-08,25.06999969482422,25.18000030517578,24.729999542236328,24.989999771118164,24.989999771118164,271200
2014-01-09,25.049999237060547,25.3700008392334,25.049999237060547,25.299999237060547,25.299999237060547,196200
2014-01-10,25.3700008392334,25.770000457763672,24.90999984741211,24.959999084472656,24.959999084472656,235300
2014-01-13,24.84000015258789,25.079999923706055,24.559999465942383,24.670000076293945,24.670000076293945,505800
2014-01-14,24.84000015258789,25.0,24.600000381469727,24.8700008392334,24.8700008392334,246600
2014-01-15,24.989999771118164,25.489999771118164,24.90999984741211,25.459999084472656,25.459999084472656,254200
2014-01-16,25.40999984741211,25.739999771118164,25.280000686645508,25.360000610351562,25.360000610351562,182500
2014-01-17,25.3700008392334,25.540000915527344,25.280000686645508,25.350000381469727,25.350000381469727,81500
2014-01-21,25.600000381469727,25.649999618530273,25.149999618530273,25.229999542236328,25.229999542236328,119100
2014-01-22,25.290000915527344,25.389999389648438,25.110000610351562,25.3700008392334,25.3700008392334,60900
2014-01-23,25.190000534057617,25.34000015258789,24.760000228881836,25.1299991607666,25.1299991607666,133600
2014-01-24,24.90999984741211,25.110000610351562,23.59000015258789,23.639999389648438,23.639999389648438,277800
2014-01-27,23.770000457763672,24.110000610351562,23.010000228881836,23.559999465942383,23.559999465942383,237200
2014-01-28,23.700000762939453,23.709999084472656,23.229999542236328,23.469999313354492,23.469999313354492,172100
2014-01-29,23.15999984741211,23.510000228881836,22.8700008392334,22.940000534057617,22.940000534057617,163800
2014-01-30,23.190000534057617,23.229999542236328,22.969999313354492,23.1299991607666,23.1299991607666,180300
2014-01-31,22.649999618530273,23.040000915527344,22.389999389648438,22.600000381469727,22.600000381469727,217500
2014-02-03,22.579999923706055,22.579999923706055,21.5,21.6200008392334,21.6200008392334,253700
2014-02-04,21.719999313354492,22.200000762939453,21.5,21.8700008392334,21.8700008392334,171200
2014-02-05,21.719999313354492,21.790000915527344,21.059999465942383,21.15999984741211,21.15999984741211,203600
2014-02-06,21.299999237060547,21.809999465942383,21.239999771118164,21.75,21.75,271400
2014-02-07,21.889999389648438,22.06999969482422,21.399999618530273,21.479999542236328,21.479999542236328,299500
2014-02-10,21.540000915527344,21.760000228881836,21.139999389648438,21.6200008392334,21.6200008392334,156000
2014-02-11,21.639999389648438,21.729999542236328,21.450000762939453,21.6299991607666,21.6299991607666,109700
2014-02-12,21.709999084472656,22.65999984741211,21.709999084472656,22.34000015258789,22.34000015258789,229700
2014-02-13,22.170000076293945,22.809999465942383,22.059999465942383,22.709999084472656,22.709999084472656,177200
2014-02-14,22.770000457763672,23.0,22.3799991607666,22.6200008392334,22.6200008392334,88700
2014-02-18,22.799999237060547,23.190000534057617,22.639999389648438,23.170000076293945,23.170000076293945,127600
2014-02-19,23.059999465942383,23.299999237060547,22.670000076293945,22.68000030517578,22.68000030517578,113200
2014-02-20,22.809999465942383,23.010000228881836,22.579999923706055,22.729999542236328,22.729999542236328,171800
2014-02-21,22.790000915527344,22.81999969482422,22.3700008392334,22.469999313354492,22.469999313354492,333800
2014-02-24,22.530000686645508,23.1299991607666,22.389999389648438,23.0,23.0,563200
2014-02-25,25.040000915527344,25.25,24.0,24.489999771118164,24.489999771118164,655000
2014-02-26,24.610000610351562,25.18000030517578,24.579999923706055,24.809999465942383,24.809999465942383,274900
2014-02-27,24.809999465942383,24.969999313354492,24.3799991607666,24.809999465942383,24.809999465942383,228900
2014-02-28,24.889999389648438,25.049999237060547,24.479999542236328,24.649999618530273,24.649999618530273,275000
2014-03-03,24.540000915527344,25.59000015258789,24.350000381469727,25.469999313354492,25.469999313354492,304000
2014-03-04,25.809999465942383,26.6299991607666,25.739999771118164,26.389999389648438,26.389999389648438,870000
2014-03-05,26.6200008392334,28.43000030517578,26.600000381469727,28.190000534057617,28.190000534057617,645600
2014-03-06,28.360000610351562,28.940000534057617,28.059999465942383,28.09000015258789,28.09000015258789,436000
2014-03-07,28.239999771118164,28.600000381469727,28.110000610351562,28.40999984741211,28.40999984741211,367700
2014-03-10,28.34000015258789,28.75,28.239999771118164,28.6200008392334,28.6200008392334,262100
2014-03-11,28.670000076293945,28.959999084472656,28.40999984741211,28.59000015258789,28.59000015258789,272200
2014-03-12,28.40999984741211,29.040000915527344,27.829999923706055,28.780000686645508,28.780000686645508,279300
2014-03-13,28.940000534057617,29.139999389648438,27.950000762939453,28.09000015258789,28.09000015258789,333600
2014-03-14,28.049999237060547,28.770000457763672,28.0,28.56999969482422,28.56999969482422,251300
2014-03-17,28.729999542236328,29.799999237060547,28.729999542236328,29.3799991607666,29.3799991607666,266600
2014-03-18,29.3700008392334,29.790000915527344,29.280000686645508,29.700000762939453,29.700000762939453,262800
2014-03-19,29.719999313354492,29.809999465942383,29.3799991607666,29.540000915527344,29.540000915527344,385500
2014-03-20,29.479999542236328,29.860000610351562,29.469999313354492,29.700000762939453,29.700000762939453,252000
2014-03-21,29.959999084472656,30.040000915527344,29.709999084472656,29.860000610351562,29.860000610351562,386600
2014-03-24,29.93000030517578,30.0,29.149999618530273,29.43000030517578,29.43000030517578,185800
2014-03-25,29.549999237060547,29.790000915527344,29.079999923706055,29.360000610351562,29.360000610351562,223600
2014-03-26,29.479999542236328,29.579999923706055,28.780000686645508,28.790000915527344,28.790000915527344,411200
2014-03-27,28.790000915527344,28.950000762939453,28.079999923706055,28.309999465942383,28.309999465942383,180400
2014-03-28,28.31999969482422,28.700000762939453,28.06999969482422,28.170000076293945,28.170000076293945,191600
2014-03-31,28.440000534057617,28.84000015258789,28.079999923706055,28.670000076293945,28.670000076293945,228800
2014-04-01,28.809999465942383,29.170000076293945,28.56999969482422,29.139999389648438,29.139999389648438,231900
2014-04-02,29.170000076293945,29.40999984741211,28.969999313354492,29.299999237060547,29.299999237060547,192800
2014-04-03,29.25,29.399999618530273,28.959999084472656,29.139999389648438,29.139999389648438,92200
2014-04-04,29.479999542236328,29.670000076293945,28.290000915527344,28.360000610351562,28.360000610351562,139700
2014-04-07,28.209999084472656,28.280000686645508,26.829999923706055,27.15999984741211,27.15999984741211,213100
2014-04-08,27.649999618530273,28.139999389648438,27.3700008392334,27.940000534057617,27.940000534057617,244200
2014-04-09,27.940000534057617,28.8799991607666,27.860000610351562,28.790000915527344,28.790000915527344,239500
2014-04-10,28.760000228881836,29.540000915527344,28.510000228881836,29.1200008392334,29.1200008392334,510600
2014-04-11,28.799999237060547,29.920000076293945,28.65999984741211,29.729999542236328,29.729999542236328,465900
2014-04-14,29.969999313354492,30.290000915527344,29.469999313354492,29.649999618530273,29.649999618530273,295000
2014-04-15,29.690000534057617,29.93000030517578,28.959999084472656,29.420000076293945,29.420000076293945,175400
2014-04-16,29.739999771118164,30.239999771118164,29.43000030517578,29.90999984741211,29.90999984741211,146200
2014-04-17,30.020000457763672,30.549999237060547,29.530000686645508,30.489999771118164,30.489999771118164,260000
2014-04-21,30.469999313354492,30.469999313354492,30.1200008392334,30.190000534057617,30.190000534057617,146400
2014-04-22,30.239999771118164,30.709999084472656,30.18000030517578,30.559999465942383,30.559999465942383,369200
2014-04-23,30.549999237060547,30.889999389648438,30.25,30.6299991607666,30.6299991607666,236000
2014-04-24,30.670000076293945,30.780000686645508,30.239999771118164,30.600000381469727,30.600000381469727,151600
2014-04-25,30.5,30.829999923706055,30.1299991607666,30.190000534057617,30.190000534057617,316100
2014-04-28,30.399999618530273,30.399999618530273,28.770000457763672,29.25,29.25,257100
2014-04-29,29.40999984741211,29.459999084472656,29.1200008392334,29.18000030517578,29.18000030517578,196500
2014-04-30,29.100000381469727,29.90999984741211,28.6299991607666,29.600000381469727,29.600000381469727,405600
2014-05-01,29.479999542236328,30.219999313354492,29.239999771118164,30.020000457763672,30.020000457763672,476800
2014-05-02,30.09000015258789,30.969999313354492,30.049999237060547,30.700000762939453,30.700000762939453,166600
2014-05-05,30.440000534057617,30.440000534057617,28.889999389648438,29.15999984741211,29.15999984741211,265900
2014-05-06,29.110000610351562,29.1200008392334,28.170000076293945,28.239999771118164,28.239999771118164,333500
2014-05-07,30.420000076293945,31.0,29.889999389648438,30.90999984741211,30.90999984741211,603900
2014-05-08,31.0,31.68000030517578,30.770000457763672,31.239999771118164,31.239999771118164,344500
2014-05-09,31.059999465942383,31.299999237060547,30.389999389648438,31.1200008392334,31.1200008392334,224400
2014-05-12,31.25,32.11000061035156,31.149999618530273,31.950000762939453,31.950000762939453,309800
2014-05-13,31.969999313354492,31.979999542236328,31.639999389648438,31.700000762939453,31.700000762939453,487600
2014-05-14,31.68000030517578,31.68000030517578,30.229999542236328,30.469999313354492,30.469999313354492,243800
2014-05-15,30.260000228881836,30.780000686645508,29.229999542236328,30.709999084472656,30.709999084472656,341200
2014-05-16,30.600000381469727,30.799999237060547,30.1299991607666,30.790000915527344,30.790000915527344,213500
2014-05-19,30.56999969482422,31.190000534057617,30.520000457763672,31.15999984741211,31.15999984741211,318300
2014-05-20,31.209999084472656,31.360000610351562,30.219999313354492,30.549999237060547,30.549999237060547,543900
2014-05-21,30.850000381469727,31.25,30.040000915527344,30.899999618530273,30.899999618530273,411800
2014-05-22,30.8700008392334,31.190000534057617,30.719999313354492,30.989999771118164,30.989999771118164,192800
2014-05-23,30.989999771118164,31.34000015258789,30.81999969482422,31.1200008392334,31.1200008392334,166000
2014-05-27,31.309999465942383,31.549999237060547,30.989999771118164,31.209999084472656,31.209999084472656,259000
2014-05-28,31.25,31.479999542236328,30.899999618530273,31.149999618530273,31.149999618530273,155700
2014-05-29,31.239999771118164,31.239999771118164,30.6299991607666,31.059999465942383,31.059999465942383,111800
2014-05-30,31.110000610351562,31.110000610351562,30.56999969482422,30.6299991607666,30.6299991607666,148200
2014-06-02,30.68000030517578,30.760000228881836,30.1200008392334,30.540000915527344,30.540000915527344,195600
2014-06-03,30.450000762939453,30.56999969482422,29.989999771118164,30.030000686645508,30.030000686645508,307700
2014-06-04,29.979999542236328,30.219999313354492,29.579999923706055,30.079999923706055,30.079999923706055,203000
2014-06-05,30.100000381469727,30.709999084472656,29.829999923706055,30.600000381469727,30.600000381469727,364700
2014-06-06,30.829999923706055,31.559999465942383,30.719999313354492,31.399999618530273,31.399999618530273,345200
2014-06-09,31.389999389648438,31.940000534057617,31.110000610351562,31.829999923706055,31.829999923706055,173900
2014-06-10,31.6299991607666,31.739999771118164,31.229999542236328,31.459999084472656,31.459999084472656,95700
2014-06-11,31.5,31.809999465942383,31.139999389648438,31.270000457763672,31.270000457763672,159700
2014-06-12,31.110000610351562,31.110000610351562,30.040000915527344,30.1200008392334,30.1200008392334,153600
2014-06-13,30.280000686645508,30.540000915527344,30.1200008392334,30.350000381469727,30.350000381469727,236200
2014-06-16,30.209999084472656,30.209999084472656,29.81999969482422,30.040000915527344,30.040000915527344,167100
2014-06-17,29.950000762939453,30.43000030517578,29.760000228881836,30.040000915527344,30.040000915527344,120800
2014-06-18,30.030000686645508,30.149999618530273,29.700000762939453,30.059999465942383,30.059999465942383,159100
2014-06-19,30.079999923706055,30.65999984741211,29.959999084472656,30.6299991607666,30.6299991607666,158600
2014-06-20,30.649999618530273,30.959999084472656,30.520000457763672,30.8799991607666,30.8799991607666,294100
2014-06-23,30.989999771118164,31.020000457763672,30.31999969482422,30.399999618530273,30.399999618530273,115100
2014-06-24,30.399999618530273,30.829999923706055,30.1200008392334,30.1200008392334,30.1200008392334,185900
2014-06-25,30.290000915527344,30.889999389648438,30.18000030517578,30.84000015258789,30.84000015258789,146000
2014-06-26,30.899999618530273,31.59000015258789,30.469999313354492,31.520000457763672,31.520000457763672,206400
2014-06-27,31.5,31.760000228881836,31.309999465942383,31.540000915527344,31.540000915527344,328000
2014-06-30,31.530000686645508,31.799999237060547,31.15999984741211,31.739999771118164,31.739999771118164,192300
2014-07-01,31.790000915527344,32.5099983215332,31.790000915527344,31.989999771118164,31.989999771118164,256100
2014-07-02,31.950000762939453,32.04999923706055,31.559999465942383,31.6299991607666,31.6299991607666,123700
2014-07-03,31.68000030517578,32.099998474121094,31.579999923706055,31.979999542236328,31.979999542236328,109100
2014-07-07,31.940000534057617,31.940000534057617,31.1299991607666,31.170000076293945,31.170000076293945,109000
2014-07-08,31.06999969482422,31.06999969482422,30.360000610351562,30.760000228881836,30.760000228881836,189500
2014-07-09,30.790000915527344,30.979999542236328,30.219999313354492,30.34000015258789,30.34000015258789,101900
2014-07-10,29.649999618530273,30.15999984741211,29.3700008392334,29.739999771118164,29.739999771118164,155200
2014-07-11,29.68000030517578,29.709999084472656,29.270000457763672,29.420000076293945,29.420000076293945,132900
2014-07-14,29.760000228881836,30.170000076293945,29.700000762939453,30.15999984741211,30.15999984741211,127100
2014-07-15,30.040000915527344,30.1299991607666,29.280000686645508,29.440000534057617,29.440000534057617,100200
2014-07-16,29.729999542236328,29.729999542236328,28.899999618530273,29.270000457763672,29.270000457763672,149800
2014-07-17,28.93000030517578,29.329999923706055,28.309999465942383,28.40999984741211,28.40999984741211,185500
2014-07-18,28.329999923706055,29.43000030517578,28.329999923706055,29.31999969482422,29.31999969482422,174700
2014-07-21,29.139999389648438,29.360000610351562,28.860000610351562,28.979999542236328,28.979999542236328,134800
2014-07-22,29.139999389648438,29.40999984741211,28.989999771118164,29.079999923706055,29.079999923706055,83200
2014-07-23,29.100000381469727,29.1299991607666,28.709999084472656,28.969999313354492,28.969999313354492,177600
2014-07-24,29.0,29.290000915527344,28.639999389648438,28.790000915527344,28.790000915527344,113400
2014-07-25,28.530000686645508,28.799999237060547,28.1200008392334,28.43000030517578,28.43000030517578,142200
2014-07-28,28.40999984741211,28.530000686645508,27.270000457763672,27.459999084472656,27.459999084472656,282900
2014-07-29,27.440000534057617,28.149999618530273,27.440000534057617,28.0,28.0,257300
2014-07-30,28.200000762939453,28.450000762939453,27.93000030517578,28.329999923706055,28.329999923706055,172700
2014-07-31,27.989999771118164,28.059999465942383,27.18000030517578,27.229999542236328,27.229999542236328,322400
2014-08-01,27.25,27.530000686645508,26.59000015258789,27.06999969482422,27.06999969482422,148700
2014-08-04,27.290000915527344,27.860000610351562,27.290000915527344,27.719999313354492,27.719999313354492,224100
2014-08-05,27.510000228881836,27.81999969482422,27.020000457763672,27.239999771118164,27.239999771118164,183000
2014-08-06,27.75,30.100000381469727,27.75,28.780000686645508,28.780000686645508,476400
2014-08-07,28.81999969482422,29.049999237060547,27.790000915527344,27.799999237060547,27.799999237060547,335400
2014-08-08,27.8799991607666,27.920000076293945,27.059999465942383,27.829999923706055,27.829999923706055,306900
2014-08-11,28.030000686645508,28.8799991607666,27.829999923706055,28.690000534057617,28.690000534057617,236700
2014-08-12,28.479999542236328,28.709999084472656,28.010000228881836,28.100000381469727,28.100000381469727,123200
2014-08-13,28.18000030517578,28.670000076293945,27.959999084472656,28.600000381469727,28.600000381469727,106500
2014-08-14,28.65999984741211,28.899999618530273,28.520000457763672,28.899999618530273,28.899999618530273,107600
2014-08-15,29.239999771118164,29.399999618530273,28.530000686645508,29.06999969482422,29.06999969482422,155500
2014-08-18,29.399999618530273,29.649999618530273,29.020000457763672,29.610000610351562,29.610000610351562,144900
2014-08-19,29.700000762939453,29.81999969482422,29.479999542236328,29.59000015258789,29.59000015258789,101000
2014-08-20,29.469999313354492,29.610000610351562,29.200000762939453,29.360000610351562,29.360000610351562,179200
2014-08-21,29.34000015258789,29.799999237060547,28.899999618530273,29.700000762939453,29.700000762939453,158100
2014-08-22,29.6299991607666,29.6299991607666,29.209999084472656,29.530000686645508,29.530000686645508,183200
2014-08-25,29.799999237060547,30.15999984741211,29.649999618530273,30.020000457763672,30.020000457763672,138000
2014-08-26,29.969999313354492,30.43000030517578,29.899999618530273,30.389999389648438,30.389999389648438,174800
2014-08-27,30.329999923706055,30.399999618530273,30.049999237060547,30.25,30.25,114800
2014-08-28,30.030000686645508,30.030000686645508,29.610000610351562,29.809999465942383,29.809999465942383,156900
2014-08-29,29.760000228881836,29.959999084472656,29.459999084472656,29.8799991607666,29.8799991607666,124200
2014-09-02,30.020000457763672,31.110000610351562,29.770000457763672,31.0,31.0,306100
2014-09-03,31.209999084472656,31.209999084472656,30.729999542236328,30.829999923706055,30.829999923706055,210300
2014-09-04,30.860000610351562,31.079999923706055,30.5,30.639999389648438,30.639999389648438,197400
2014-09-05,30.540000915527344,30.940000534057617,30.399999618530273,30.729999542236328,30.729999542236328,147700
2014-09-08,30.6200008392334,30.700000762939453,30.139999389648438,30.25,30.25,89300
2014-09-09,30.200000762939453,30.229999542236328,29.68000030517578,30.09000015258789,30.09000015258789,165600
2014-09-10,30.049999237060547,30.290000915527344,29.510000228881836,30.18000030517578,30.18000030517578,172500
2014-09-11,29.920000076293945,30.600000381469727,29.81999969482422,30.3799991607666,30.3799991607666,165100
2014-09-12,30.520000457763672,30.520000457763672,29.59000015258789,29.729999542236328,29.729999542236328,190300
2014-09-15,29.65999984741211,29.860000610351562,28.770000457763672,28.969999313354492,28.969999313354492,141200
2014-09-16,28.809999465942383,29.3700008392334,28.59000015258789,29.18000030517578,29.18000030517578,120000
2014-09-17,29.190000534057617,29.520000457763672,28.690000534057617,28.969999313354492,28.969999313354492,162900
2014-09-18,29.040000915527344,29.25,28.65999984741211,29.139999389648438,29.139999389648438,185900
2014-09-19,29.170000076293945,29.18000030517578,28.040000915527344,28.639999389648438,28.639999389648438,271500
2014-09-22,28.420000076293945,28.56999969482422,27.899999618530273,28.030000686645508,28.030000686645508,218800
2014-09-23,27.8799991607666,27.889999389648438,27.170000076293945,27.329999923706055,27.329999923706055,173000
2014-09-24,27.389999389648438,28.020000457763672,27.1299991607666,28.0,28.0,165100
2014-09-25,27.8700008392334,27.8700008392334,27.030000686645508,27.399999618530273,27.399999618530273,192200
2014-09-26,27.43000030517578,27.690000534057617,27.209999084472656,27.479999542236328,27.479999542236328,184500
2014-09-29,27.06999969482422,27.809999465942383,27.06999969482422,27.399999618530273,27.399999618530273,135100
2014-09-30,27.440000534057617,27.549999237060547,26.25,26.399999618530273,26.399999618530273,320600
2014-10-01,26.329999923706055,26.329999923706055,25.110000610351562,25.280000686645508,25.280000686645508,341900
2014-10-02,25.280000686645508,25.510000228881836,24.520000457763672,24.68000030517578,24.68000030517578,487200
2014-10-03,25.030000686645508,25.440000534057617,24.6299991607666,25.0,25.0,173500
2014-10-06,25.059999465942383,25.43000030517578,24.670000076293945,24.709999084472656,24.709999084472656,123300
2014-10-07,24.469999313354492,24.68000030517578,24.059999465942383,24.06999969482422,24.06999969482422,132500
2014-10-08,24.049999237060547,24.770000457763672,23.700000762939453,24.729999542236328,24.729999542236328,271400
2014-10-09,24.760000228881836,24.940000534057617,23.889999389648438,24.06999969482422,24.06999969482422,206000
2014-10-10,23.93000030517578,24.479999542236328,23.530000686645508,23.969999313354492,23.969999313354492,279500
2014-10-13,24.020000457763672,24.450000762939453,23.770000457763672,23.84000015258789,23.84000015258789,254800
2014-10-14,24.190000534057617,25.059999465942383,24.049999237060547,24.469999313354492,24.469999313354492,319000
2014-10-15,24.06999969482422,24.920000076293945,23.75,24.860000610351562,24.860000610351562,297400
2014-10-16,24.329999923706055,25.290000915527344,24.329999923706055,24.770000457763672,24.770000457763672,254500
2014-10-17,25.1200008392334,26.0,25.040000915527344,25.84000015258789,25.84000015258789,330500
2014-10-20,25.799999237060547,26.049999237060547,24.969999313354492,25.09000015258789,25.09000015258789,326100
2014-10-21,25.31999969482422,25.959999084472656,25.18000030517578,25.889999389648438,25.889999389648438,148700
2014-10-22,25.969999313354492,26.1200008392334,25.280000686645508,25.420000076293945,25.420000076293945,233300
2014-10-23,25.700000762939453,26.59000015258789,25.579999923706055,26.1200008392334,26.1200008392334,295000
2014-10-24,26.139999389648438,26.709999084472656,25.989999771118164,26.68000030517578,26.68000030517578,161900
2014-10-27,26.40999984741211,26.670000076293945,25.889999389648438,26.59000015258789,26.59000015258789,208100
2014-10-28,26.75,27.549999237060547,26.59000015258789,27.510000228881836,27.510000228881836,266900
2014-10-29,27.5,27.770000457763672,26.739999771118164,27.079999923706055,27.079999923706055,119800
2014-10-30,26.899999618530273,27.709999084472656,26.860000610351562,27.399999618530273,27.399999618530273,131800
2014-10-31,27.979999542236328,28.229999542236328,27.469999313354492,28.010000228881836,28.010000228881836,248700
2014-11-03,28.0,28.0,27.239999771118164,27.510000228881836,27.510000228881836,158900
2014-11-04,27.329999923706055,27.889999389648438,27.329999923706055,27.649999618530273,27.649999618530273,111200
2014-11-05,27.969999313354492,28.270000457763672,27.549999237060547,27.850000381469727,27.850000381469727,215200
2014-11-06,28.0,29.25,27.59000015258789,27.889999389648438,27.889999389648438,380700
2014-11-07,27.860000610351562,27.959999084472656,27.09000015258789,27.25,27.25,292600
2014-11-10,27.200000762939453,27.299999237060547,26.639999389648438,27.0,27.0,144800
2014-11-11,26.889999389648438,26.920000076293945,26.309999465942383,26.649999618530273,26.649999618530273,184000
2014-11-12,26.440000534057617,26.75,26.329999923706055,26.739999771118164,26.739999771118164,127600
2014-11-13,26.739999771118164,26.829999923706055,25.90999984741211,25.959999084472656,25.959999084472656,194300
2014-11-14,25.899999618530273,26.0,25.040000915527344,25.350000381469727,25.350000381469727,284600
2014-11-17,25.34000015258789,25.34000015258789,24.610000610351562,24.739999771118164,24.739999771118164,219600
2014-11-18,24.799999237060547,25.15999984741211,24.469999313354492,24.520000457763672,24.520000457763672,186000
2014-11-19,24.5,24.56999969482422,23.8799991607666,24.149999618530273,24.149999618530273,185800
2014-11-20,24.079999923706055,25.389999389648438,24.079999923706055,25.219999313354492,25.219999313354492,459400
2014-11-21,25.68000030517578,26.440000534057617,25.549999237060547,25.780000686645508,25.780000686645508,332400
2014-11-24,25.780000686645508,26.270000457763672,25.690000534057617,25.8799991607666,25.8799991607666,247200
2014-11-25,25.979999542236328,26.329999923706055,25.760000228881836,26.0,26.0,551700
2014-11-26,26.0,26.059999465942383,25.670000076293945,26.0,26.0,153200
2014-11-28,25.850000381469727,25.899999618530273,25.209999084472656,25.25,25.25,157700
2014-12-01,25.25,25.25,24.40999984741211,24.56999969482422,24.56999969482422,310900
2014-12-02,24.56999969482422,25.239999771118164,24.540000915527344,24.809999465942383,24.809999465942383,473700
2014-12-03,24.93000030517578,25.540000915527344,24.93000030517578,25.079999923706055,25.079999923706055,154800
2014-12-04,24.940000534057617,25.110000610351562,24.290000915527344,24.43000030517578,24.43000030517578,164700
2014-12-05,24.459999084472656,24.81999969482422,24.3799991607666,24.719999313354492,24.719999313354492,236700
2014-12-08,24.559999465942383,24.899999618530273,24.010000228881836,24.100000381469727,24.100000381469727,147800
2014-12-09,23.729999542236328,24.110000610351562,23.639999389648438,23.889999389648438,23.889999389648438,406300
2014-12-10,23.709999084472656,23.8799991607666,22.389999389648438,22.43000030517578,22.43000030517578,284500
2014-12-11,22.530000686645508,22.8700008392334,22.06999969482422,22.1200008392334,22.1200008392334,237900
2014-12-12,21.75,22.040000915527344,20.93000030517578,21.139999389648438,21.139999389648438,442000
2014-12-15,21.3799991607666,21.469999313354492,20.260000228881836,20.280000686645508,20.280000686645508,401900
2014-12-16,20.1299991607666,20.8799991607666,20.06999969482422,20.700000762939453,20.700000762939453,1063500
2014-12-17,20.729999542236328,22.100000381469727,20.639999389648438,21.950000762939453,21.950000762939453,826000
2014-12-18,23.030000686645508,23.8700008392334,22.790000915527344,23.799999237060547,23.799999237060547,593400
2014-12-19,23.510000228881836,24.360000610351562,23.420000076293945,24.190000534057617,24.190000534057617,569600
2014-12-22,24.1200008392334,24.3799991607666,23.440000534057617,24.049999237060547,24.049999237060547,307600
2014-12-23,24.389999389648438,25.040000915527344,24.110000610351562,24.420000076293945,24.420000076293945,239500
2014-12-24,24.450000762939453,24.450000762939453,24.06999969482422,24.190000534057617,24.190000534057617,69300
2014-12-26,24.40999984741211,24.600000381469727,24.229999542236328,24.270000457763672,24.270000457763672,130200
2014-12-29,24.280000686645508,24.559999465942383,23.809999465942383,23.829999923706055,23.829999923706055,262700
2014-12-30,23.709999084472656,24.700000762939453,23.709999084472656,24.31999969482422,24.31999969482422,204900
2014-12-31,24.360000610351562,24.510000228881836,24.030000686645508,24.06999969482422,24.06999969482422,228800
2015-01-02,24.170000076293945,24.420000076293945,23.59000015258789,23.90999984741211,23.90999984741211,183000
2015-01-05,23.670000076293945,23.84000015258789,23.1299991607666,23.350000381469727,23.350000381469727,230200
2015-01-06,23.450000762939453,23.670000076293945,22.329999923706055,22.81999969482422,22.81999969482422,298100
2015-01-07,23.110000610351562,23.280000686645508,22.860000610351562,23.139999389648438,23.139999389648438,228300
2015-01-08,23.34000015258789,24.670000076293945,23.329999923706055,24.520000457763672,24.520000457763672,247400
2015-01-09,24.729999542236328,24.729999542236328,23.799999237060547,23.829999923706055,23.829999923706055,223500
2015-01-12,23.90999984741211,24.190000534057617,23.200000762939453,23.860000610351562,23.860000610351562,278600
2015-01-13,24.1200008392334,24.65999984741211,22.979999542236328,23.520000457763672,23.520000457763672,289500
2015-01-14,23.239999771118164,23.489999771118164,22.899999618530273,23.399999618530273,23.399999618530273,236800
2015-01-15,23.479999542236328,23.549999237060547,22.290000915527344,22.489999771118164,22.489999771118164,301400
2015-01-16,22.34000015258789,23.15999984741211,22.299999237060547,23.139999389648438,23.139999389648438,341500
2015-01-20,23.1200008392334,23.1200008392334,21.31999969482422,21.600000381469727,21.600000381469727,408600
2015-01-21,21.450000762939453,22.15999984741211,21.360000610351562,22.049999237060547,22.049999237060547,302000
2015-01-22,22.260000228881836,22.260000228881836,21.700000762939453,22.030000686645508,22.030000686645508,339100
2015-01-23,21.950000762939453,22.1299991607666,21.81999969482422,22.010000228881836,22.010000228881836,208100
2015-01-26,21.899999618530273,23.030000686645508,21.700000762939453,22.809999465942383,22.809999465942383,183200
2015-01-27,22.309999465942383,22.799999237060547,22.200000762939453,22.43000030517578,22.43000030517578,141800
2015-01-28,22.59000015258789,22.780000686645508,21.700000762939453,21.84000015258789,21.84000015258789,261900
2015-01-29,21.90999984741211,22.690000534057617,21.899999618530273,22.690000534057617,22.690000534057617,170700
2015-01-30,22.440000534057617,22.440000534057617,21.639999389648438,21.709999084472656,21.709999084472656,280900
2015-02-02,21.959999084472656,23.09000015258789,21.700000762939453,23.020000457763672,23.020000457763672,269100
2015-02-03,23.239999771118164,24.600000381469727,23.170000076293945,24.56999969482422,24.56999969482422,321900
2015-02-04,24.260000228881836,24.5,23.959999084472656,24.040000915527344,24.040000915527344,397800
2015-02-05,24.170000076293945,25.34000015258789,24.0,25.31999969482422,25.31999969482422,350400
2015-02-06,25.479999542236328,26.059999465942383,25.209999084472656,25.479999542236328,25.479999542236328,346000
2015-02-09,25.399999618530273,26.43000030517578,25.280000686645508,26.049999237060547,26.049999237060547,314300
2015-02-10,26.139999389648438,26.299999237060547,25.700000762939453,25.93000030517578,25.93000030517578,384800
2015-02-11,25.729999542236328,25.989999771118164,25.040000915527344,25.31999969482422,25.31999969482422,191700
2015-02-12,25.68000030517578,25.68000030517578,25.1200008392334,25.360000610351562,25.360000610351562,192200
2015-02-13,25.520000457763672,26.170000076293945,25.270000457763672,26.059999465942383,26.059999465942383,233100
2015-02-17,25.93000030517578,26.079999923706055,25.3700008392334,26.030000686645508,26.030000686645508,155900
2015-02-18,25.809999465942383,26.329999923706055,25.709999084472656,25.940000534057617,25.940000534057617,225000
2015-02-19,25.600000381469727,25.940000534057617,25.40999984741211,25.770000457763672,25.770000457763672,156500
2015-02-20,25.610000610351562,26.149999618530273,25.170000076293945,26.149999618530273,26.149999618530273,221200
2015-02-23,25.920000076293945,26.239999771118164,25.399999618530273,26.219999313354492,26.219999313354492,199700
2015-02-24,26.3700008392334,26.709999084472656,25.920000076293945,25.989999771118164,25.989999771118164,143600
2015-02-25,25.989999771118164,26.34000015258789,25.75,26.06999969482422,26.06999969482422,159000
2015-02-26,26.0,26.100000381469727,25.309999465942383,25.8799991607666,25.8799991607666,266300
2015-02-27,23.799999237060547,23.989999771118164,21.940000534057617,23.270000457763672,23.270000457763672,1496700
2015-03-02,23.209999084472656,23.209999084472656,22.510000228881836,22.93000030517578,22.93000030517578,496100
2015-03-03,22.899999618530273,23.389999389648438,22.56999969482422,23.3700008392334,23.3700008392334,484200
2015-03-04,23.229999542236328,23.389999389648438,22.700000762939453,22.770000457763672,22.770000457763672,239800
2015-03-05,22.68000030517578,22.90999984741211,22.209999084472656,22.329999923706055,22.329999923706055,218800
2015-03-06,22.25,22.420000076293945,20.90999984741211,21.030000686645508,21.030000686645508,447300
2015-03-09,21.0,21.09000015258789,20.440000534057617,20.940000534057617,20.940000534057617,395200
2015-03-10,20.56999969482422,20.799999237060547,20.239999771118164,20.540000915527344,20.540000915527344,376500
2015-03-11,20.65999984741211,20.950000762939453,20.489999771118164,20.940000534057617,20.940000534057617,318700
2015-03-12,21.170000076293945,21.860000610351562,21.049999237060547,21.65999984741211,21.65999984741211,414000
2015-03-13,21.469999313354492,21.649999618530273,21.049999237060547,21.540000915527344,21.540000915527344,277000
2015-03-16,21.559999465942383,21.950000762939453,21.459999084472656,21.799999237060547,21.799999237060547,364100
2015-03-17,21.549999237060547,22.200000762939453,21.549999237060547,22.149999618530273,22.149999618530273,259300
2015-03-18,21.940000534057617,22.5,21.81999969482422,22.420000076293945,22.420000076293945,266600
2015-03-19,22.170000076293945,22.639999389648438,22.170000076293945,22.579999923706055,22.579999923706055,337100
2015-03-20,22.799999237060547,23.389999389648438,22.649999618530273,23.270000457763672,23.270000457763672,344400
2015-03-23,23.239999771118164,24.049999237060547,23.239999771118164,23.760000228881836,23.760000228881836,304500
2015-03-24,23.690000534057617,23.709999084472656,23.260000228881836,23.479999542236328,23.479999542236328,161700
2015-03-25,23.610000610351562,23.75,23.049999237060547,23.06999969482422,23.06999969482422,203300
2015-03-26,22.989999771118164,23.31999969482422,22.760000228881836,23.100000381469727,23.100000381469727,160000
2015-03-27,23.100000381469727,23.25,22.600000381469727,23.040000915527344,23.040000915527344,314700
2015-03-30,23.239999771118164,23.469999313354492,22.920000076293945,23.110000610351562,23.110000610351562,253500
2015-03-31,22.739999771118164,23.420000076293945,22.690000534057617,23.350000381469727,23.350000381469727,323000
2015-04-01,23.3700008392334,23.520000457763672,22.790000915527344,23.209999084472656,23.209999084472656,227300
2015-04-02,23.219999313354492,23.969999313354492,23.219999313354492,23.610000610351562,23.610000610351562,168300
2015-04-06,23.489999771118164,23.959999084472656,23.270000457763672,23.920000076293945,23.920000076293945,217500
2015-04-07,23.889999389648438,24.1299991607666,23.649999618530273,23.649999618530273,23.649999618530273,160000
2015-04-08,23.530000686645508,23.889999389648438,23.479999542236328,23.5,23.5,177700
2015-04-09,23.549999237060547,23.770000457763672,23.18000030517578,23.559999465942383,23.559999465942383,173800
2015-04-10,23.690000534057617,23.889999389648438,23.649999618530273,23.729999542236328,23.729999542236328,109500
2015-04-13,23.760000228881836,23.770000457763672,23.34000015258789,23.5,23.5,186000
2015-04-14,23.59000015258789,23.729999542236328,23.43000030517578,23.5,23.5,167600
2015-04-15,23.649999618530273,24.739999771118164,23.56999969482422,24.450000762939453,24.450000762939453,216900
2015-04-16,24.329999923706055,24.459999084472656,24.0,24.09000015258789,24.09000015258789,109300
2015-04-17,23.760000228881836,23.760000228881836,23.15999984741211,23.170000076293945,23.170000076293945,202200
2015-04-20,23.3700008392334,23.530000686645508,23.190000534057617,23.40999984741211,23.40999984741211,220900
2015-04-21,23.510000228881836,23.510000228881836,23.040000915527344,23.09000015258789,23.09000015258789,152900
2015-04-22,23.040000915527344,23.260000228881836,22.6200008392334,23.18000030517578,23.18000030517578,90100
2015-04-23,23.079999923706055,23.229999542236328,22.59000015258789,23.030000686645508,23.030000686645508,128500
2015-04-24,22.989999771118164,23.079999923706055,22.719999313354492,22.860000610351562,22.860000610351562,79100
2015-04-27,22.989999771118164,23.18000030517578,22.520000457763672,22.81999969482422,22.81999969482422,191600
2015-04-28,22.799999237060547,23.149999618530273,22.56999969482422,23.1299991607666,23.1299991607666,160500
2015-04-29,23.0,23.100000381469727,22.399999618530273,22.399999618530273,22.399999618530273,147200
2015-04-30,22.170000076293945,22.239999771118164,21.18000030517578,21.200000762939453,21.200000762939453,425400
2015-05-01,21.200000762939453,21.6200008392334,21.0,21.469999313354492,21.469999313354492,204900
2015-05-04,21.559999465942383,21.940000534057617,21.43000030517578,21.450000762939453,21.450000762939453,218900
2015-05-05,21.5,22.059999465942383,21.5,21.90999984741211,21.90999984741211,231500
2015-05-06,22.100000381469727,22.1200008392334,21.65999984741211,22.09000015258789,22.09000015258789,177500
2015-05-07,21.979999542236328,22.420000076293945,21.899999618530273,22.399999618530273,22.399999618530273,256700
2015-05-08,22.5,22.889999389648438,21.329999923706055,22.68000030517578,22.68000030517578,515100
2015-05-11,22.670000076293945,23.09000015258789,22.579999923706055,22.68000030517578,22.68000030517578,176000
2015-05-12,22.59000015258789,22.719999313354492,22.09000015258789,22.420000076293945,22.420000076293945,170700
2015-05-13,22.489999771118164,23.09000015258789,22.420000076293945,23.0,23.0,176600
2015-05-14,23.219999313354492,23.399999618530273,22.899999618530273,23.1200008392334,23.1200008392334,95300
2015-05-15,23.079999923706055,23.079999923706055,22.75,22.8799991607666,22.8799991607666,103200
2015-05-18,22.649999618530273,23.200000762939453,22.649999618530273,23.100000381469727,23.100000381469727,159800
2015-05-19,23.110000610351562,23.420000076293945,22.649999618530273,22.90999984741211,22.90999984741211,141800
2015-05-20,22.979999542236328,23.489999771118164,22.780000686645508,23.290000915527344,23.290000915527344,373000
2015-05-21,23.290000915527344,23.459999084472656,22.8799991607666,22.90999984741211,22.90999984741211,125100
2015-05-22,22.729999542236328,23.09000015258789,21.709999084472656,22.170000076293945,22.170000076293945,249500
2015-05-26,22.0,22.0,21.350000381469727,21.579999923706055,21.579999923706055,208800
2015-05-27,21.600000381469727,21.979999542236328,21.15999984741211,21.93000030517578,21.93000030517578,141600
2015-05-28,21.799999237060547,21.799999237060547,20.860000610351562,20.8799991607666,20.8799991607666,322900
2015-05-29,20.90999984741211,21.1200008392334,20.6299991607666,20.959999084472656,20.959999084472656,205500
2015-06-01,20.979999542236328,21.190000534057617,20.5,20.790000915527344,20.790000915527344,218400
2015-06-02,20.799999237060547,21.469999313354492,20.649999618530273,21.190000534057617,21.190000534057617,256400
2015-06-03,21.8700008392334,22.75,21.75,22.489999771118164,22.489999771118164,407600
2015-06-04,22.25,22.459999084472656,22.010000228881836,22.1299991607666,22.1299991607666,161200
2015-06-05,22.0,22.969999313354492,21.729999542236328,22.81999969482422,22.81999969482422,370400
2015-06-08,23.239999771118164,23.600000381469727,22.690000534057617,22.799999237060547,22.799999237060547,226300
2015-06-09,22.899999618530273,23.059999465942383,22.440000534057617,22.489999771118164,22.489999771118164,134400
2015-06-10,22.790000915527344,23.600000381469727,22.790000915527344,23.56999969482422,23.56999969482422,242500
2015-06-11,23.799999237060547,23.8700008392334,23.049999237060547,23.579999923706055,23.579999923706055,309500
2015-06-12,23.440000534057617,23.790000915527344,23.200000762939453,23.790000915527344,23.790000915527344,269500
2015-06-15,23.489999771118164,23.8799991607666,23.049999237060547,23.6299991607666,23.6299991607666,371900
2015-06-16,23.520000457763672,23.670000076293945,23.200000762939453,23.600000381469727,23.600000381469727,495700
2015-06-17,23.860000610351562,24.18000030517578,23.700000762939453,23.8700008392334,23.8700008392334,313700
2015-06-18,24.100000381469727,24.309999465942383,23.770000457763672,23.899999618530273,23.899999618530273,439700
2015-06-19,23.790000915527344,24.0,23.639999389648438,23.75,23.75,542800
2015-06-22,23.809999465942383,23.860000610351562,23.450000762939453,23.549999237060547,23.549999237060547,481200
2015-06-23,23.520000457763672,23.65999984741211,23.34000015258789,23.399999618530273,23.399999618530273,396400
2015-06-24,23.309999465942383,23.600000381469727,23.260000228881836,23.280000686645508,23.280000686645508,332400
2015-06-25,23.3700008392334,23.3700008392334,22.3799991607666,22.450000762939453,22.450000762939453,366900
2015-06-26,22.5,22.790000915527344,22.270000457763672,22.700000762939453,22.700000762939453,827400
2015-06-29,22.530000686645508,22.790000915527344,22.030000686645508,22.139999389648438,22.139999389648438,506000
2015-06-30,22.270000457763672,22.309999465942383,21.5,21.579999923706055,21.579999923706055,346000
2015-07-01,21.760000228881836,21.860000610351562,20.969999313354492,21.020000457763672,21.020000457763672,426200
2015-07-02,21.139999389648438,21.139999389648438,20.809999465942383,20.829999923706055,20.829999923706055,260000
2015-07-06,20.520000457763672,20.809999465942383,20.40999984741211,20.6200008392334,20.6200008392334,260200
2015-07-07,20.559999465942383,20.670000076293945,19.8799991607666,20.18000030517578,20.18000030517578,336700
2015-07-08,19.90999984741211,20.059999465942383,19.350000381469727,19.459999084472656,19.459999084472656,372700
2015-07-09,19.860000610351562,20.299999237060547,19.540000915527344,19.950000762939453,19.950000762939453,525700
2015-07-10,20.239999771118164,20.68000030517578,20.079999923706055,20.6200008392334,20.6200008392334,281400
2015-07-13,20.649999618530273,20.8700008392334,20.43000030517578,20.459999084472656,20.459999084472656,148600
2015-07-14,20.40999984741211,21.09000015258789,20.34000015258789,21.049999237060547,21.049999237060547,262400
2015-07-15,20.950000762939453,21.110000610351562,20.3799991607666,20.459999084472656,20.459999084472656,252300
2015-07-16,20.700000762939453,20.860000610351562,20.5,20.709999084472656,20.709999084472656,227600
2015-07-17,20.68000030517578,20.68000030517578,20.25,20.600000381469727,20.600000381469727,272000
2015-07-20,20.579999923706055,20.65999984741211,20.280000686645508,20.600000381469727,20.600000381469727,420000
2015-07-21,20.639999389648438,21.440000534057617,20.530000686645508,20.84000015258789,20.84000015258789,199700
2015-07-22,20.709999084472656,20.889999389648438,20.549999237060547,20.729999542236328,20.729999542236328,178600
2015-07-23,20.780000686645508,20.780000686645508,20.149999618530273,20.200000762939453,20.200000762939453,274300
2015-07-24,20.110000610351562,20.139999389648438,19.739999771118164,19.90999984741211,19.90999984741211,332300
2015-07-27,19.6200008392334,19.81999969482422,19.280000686645508,19.43000030517578,19.43000030517578,176500
2015-07-28,19.59000015258789,20.149999618530273,19.40999984741211,19.90999984741211,19.90999984741211,188600
2015-07-29,19.920000076293945,20.420000076293945,19.530000686645508,20.34000015258789,20.34000015258789,243300
2015-07-30,20.190000534057617,20.850000381469727,20.149999618530273,20.639999389648438,20.639999389648438,210500
2015-07-31,20.75,21.040000915527344,20.459999084472656,20.93000030517578,20.93000030517578,316000
2015-08-03,20.969999313354492,21.100000381469727,20.299999237060547,20.43000030517578,20.43000030517578,184900
2015-08-04,20.5,20.760000228881836,20.1200008392334,20.329999923706055,20.329999923706055,272700
2015-08-05,20.5,20.760000228881836,20.260000228881836,20.399999618530273,20.399999618530273,225300
2015-08-06,20.43000030517578,20.43000030517578,19.649999618530273,20.06999969482422,20.06999969482422,316200
2015-08-07,17.5,20.049999237060547,16.0,17.010000228881836,17.010000228881836,1735300
2015-08-10,17.100000381469727,17.350000381469727,16.719999313354492,17.329999923706055,17.329999923706055,426500
2015-08-11,17.100000381469727,17.299999237060547,16.950000762939453,17.260000228881836,17.260000228881836,226400
2015-08-12,17.100000381469727,17.8799991607666,16.920000076293945,17.770000457763672,17.770000457763672,362400
2015-08-13,17.6299991607666,17.760000228881836,17.309999465942383,17.3700008392334,17.3700008392334,316200
2015-08-14,17.399999618530273,17.510000228881836,16.81999969482422,16.889999389648438,16.889999389648438,269800
2015-08-17,16.75,17.309999465942383,16.5,16.6200008392334,16.6200008392334,392800
2015-08-18,16.700000762939453,17.190000534057617,16.360000610351562,17.139999389648438,17.139999389648438,302400
2015-08-19,16.979999542236328,17.81999969482422,16.8799991607666,17.399999618530273,17.399999618530273,338900
2015-08-20,17.309999465942383,17.3799991607666,16.690000534057617,16.729999542236328,16.729999542236328,257300
2015-08-21,16.190000534057617,17.0,15.899999618530273,16.690000534057617,16.690000534057617,437500
2015-08-24,14.949999809265137,16.860000610351562,14.949999809265137,16.139999389648438,16.139999389648438,431400
2015-08-25,16.3799991607666,16.649999618530273,16.299999237060547,16.420000076293945,16.420000076293945,490200
2015-08-26,16.739999771118164,16.809999465942383,16.059999465942383,16.760000228881836,16.760000228881836,358600
2015-08-27,16.90999984741211,17.5,16.729999542236328,17.059999465942383,17.059999465942383,231600
2015-08-28,17.139999389648438,17.600000381469727,17.059999465942383,17.459999084472656,17.459999084472656,286300
2015-08-31,17.290000915527344,17.969999313354492,17.190000534057617,17.700000762939453,17.700000762939453,258600
2015-09-01,17.309999465942383,17.68000030517578,16.979999542236328,17.059999465942383,17.059999465942383,216800
2015-09-02,17.31999969482422,17.31999969482422,16.530000686645508,16.860000610351562,16.860000610351562,141900
2015-09-03,16.850000381469727,17.110000610351562,16.459999084472656,16.479999542236328,16.479999542236328,295800
2015-09-04,16.31999969482422,16.649999618530273,16.31999969482422,16.450000762939453,16.450000762939453,245400
2015-09-08,16.8700008392334,17.1200008392334,16.700000762939453,16.84000015258789,16.84000015258789,324300
2015-09-09,16.90999984741211,17.219999313354492,16.739999771118164,16.84000015258789,16.84000015258789,377400
2015-09-10,17.049999237060547,17.190000534057617,16.670000076293945,16.989999771118164,16.989999771118164,181700
2015-09-11,16.780000686645508,17.1200008392334,16.780000686645508,17.06999969482422,17.06999969482422,273000
2015-09-14,17.020000457763672,17.389999389648438,16.719999313354492,17.059999465942383,17.059999465942383,798300
2015-09-15,17.030000686645508,17.31999969482422,16.860000610351562,17.260000228881836,17.260000228881836,347900
2015-09-16,17.31999969482422,18.110000610351562,17.31999969482422,17.8700008392334,17.8700008392334,415800
2015-09-17,17.899999618530273,18.280000686645508,17.790000915527344,18.0,18.0,253000
2015-09-18,17.799999237060547,17.959999084472656,16.229999542236328,16.350000381469727,16.350000381469727,905300
2015-09-21,16.530000686645508,16.68000030517578,16.299999237060547,16.670000076293945,16.670000076293945,217800
2015-09-22,16.3799991607666,16.75,16.280000686645508,16.56999969482422,16.56999969482422,531700
2015-09-23,16.649999618530273,16.649999618530273,16.360000610351562,16.530000686645508,16.530000686645508,419700
2015-09-24,16.459999084472656,16.739999771118164,16.229999542236328,16.719999313354492,16.719999313354492,891600
2015-09-25,16.809999465942383,16.8799991607666,16.350000381469727,16.600000381469727,16.600000381469727,351100
2015-09-28,16.450000762939453,16.479999542236328,16.06999969482422,16.18000030517578,16.18000030517578,501300
2015-09-29,16.100000381469727,16.1200008392334,15.779999732971191,16.110000610351562,16.110000610351562,379100
2015-09-30,16.229999542236328,16.479999542236328,16.030000686645508,16.459999084472656,16.459999084472656,578400
2015-10-01,16.579999923706055,16.610000610351562,15.979999542236328,16.170000076293945,16.170000076293945,280200
2015-10-02,16.06999969482422,16.559999465942383,15.859999656677246,16.549999237060547,16.549999237060547,238300
2015-10-05,16.670000076293945,17.309999465942383,16.670000076293945,17.1299991607666,17.1299991607666,422400
2015-10-06,17.229999542236328,17.399999618530273,17.020000457763672,17.030000686645508,17.030000686645508,336200
2015-10-07,17.190000534057617,17.6299991607666,16.969999313354492,17.299999237060547,17.299999237060547,299400
2015-10-08,17.280000686645508,17.68000030517578,17.06999969482422,17.540000915527344,17.540000915527344,605300
2015-10-09,17.6299991607666,17.780000686645508,17.1299991607666,17.440000534057617,17.440000534057617,682200
2015-10-12,17.489999771118164,17.489999771118164,17.059999465942383,17.329999923706055,17.329999923706055,346700
2015-10-13,17.1299991607666,17.440000534057617,16.6200008392334,16.6299991607666,16.6299991607666,194300
2015-10-14,16.520000457763672,16.700000762939453,15.949999809265137,16.1200008392334,16.1200008392334,262300
2015-10-15,16.09000015258789,16.31999969482422,15.739999771118164,16.309999465942383,16.309999465942383,245100
2015-10-16,16.389999389648438,16.540000915527344,15.789999961853027,15.90999984741211,15.90999984741211,262600
2015-10-19,15.65999984741211,15.949999809265137,15.609999656677246,15.770000457763672,15.770000457763672,273500
2015-10-20,15.729999542236328,16.190000534057617,15.729999542236328,16.110000610351562,16.110000610351562,273600
2015-10-21,16.1200008392334,16.1200008392334,15.899999618530273,15.960000038146973,15.960000038146973,163100
2015-10-22,16.1200008392334,16.459999084472656,16.0,16.360000610351562,16.360000610351562,280200
2015-10-23,16.43000030517578,16.84000015258789,16.31999969482422,16.68000030517578,16.68000030517578,129300
2015-10-26,16.579999923706055,16.68000030517578,16.270000457763672,16.3799991607666,16.3799991607666,201200
2015-10-27,16.190000534057617,16.280000686645508,15.890000343322754,15.920000076293945,15.920000076293945,253200
2015-10-28,16.059999465942383,17.040000915527344,16.059999465942383,16.770000457763672,16.770000457763672,325100
2015-10-29,16.709999084472656,17.170000076293945,16.709999084472656,16.809999465942383,16.809999465942383,193400
2015-10-30,16.850000381469727,17.040000915527344,16.639999389648438,16.780000686645508,16.780000686645508,327700
2015-11-02,16.739999771118164,17.700000762939453,16.739999771118164,17.649999618530273,17.649999618530273,419500
2015-11-03,17.690000534057617,17.920000076293945,17.489999771118164,17.579999923706055,17.579999923706055,233200
2015-11-04,17.6200008392334,17.729999542236328,17.15999984741211,17.3700008392334,17.3700008392334,198500
2015-11-05,17.31999969482422,17.68000030517578,17.0,17.459999084472656,17.459999084472656,200900
2015-11-06,17.34000015258789,17.6299991607666,17.010000228881836,17.479999542236328,17.479999542236328,201400
2015-11-09,17.3799991607666,17.510000228881836,16.59000015258789,16.6299991607666,16.6299991607666,400000
2015-11-10,16.360000610351562,16.59000015258789,15.449999809265137,16.1299991607666,16.1299991607666,795200
2015-11-11,16.139999389648438,16.989999771118164,15.859999656677246,16.959999084472656,16.959999084472656,425100
2015-11-12,16.75,16.889999389648438,16.200000762939453,16.239999771118164,16.239999771118164,271700
2015-11-13,16.100000381469727,16.709999084472656,16.010000228881836,16.469999313354492,16.469999313354492,288100
2015-11-16,16.31999969482422,17.1200008392334,16.1299991607666,17.06999969482422,17.06999969482422,513600
2015-11-17,16.989999771118164,17.479999542236328,16.56999969482422,16.709999084472656,16.709999084472656,412800
2015-11-18,16.8700008392334,17.649999618530273,16.790000915527344,17.6299991607666,17.6299991607666,252800
2015-11-19,17.489999771118164,17.8799991607666,17.299999237060547,17.8700008392334,17.8700008392334,237400
2015-11-20,18.0,18.34000015258789,17.530000686645508,17.549999237060547,17.549999237060547,267700
2015-11-23,17.40999984741211,17.6200008392334,16.959999084472656,17.100000381469727,17.100000381469727,213300
2015-11-24,17.209999084472656,17.579999923706055,17.110000610351562,17.510000228881836,17.510000228881836,284200
2015-11-25,17.350000381469727,17.920000076293945,17.350000381469727,17.90999984741211,17.90999984741211,410500
2015-11-27,17.65999984741211,18.65999984741211,17.65999984741211,18.479999542236328,18.479999542236328,160900
2015-11-30,18.739999771118164,19.020000457763672,18.520000457763672,18.84000015258789,18.84000015258789,319800
2015-12-01,18.760000228881836,19.280000686645508,18.68000030517578,19.280000686645508,19.280000686645508,305400
2015-12-02,19.200000762939453,19.479999542236328,18.989999771118164,19.280000686645508,19.280000686645508,335200
2015-12-03,19.450000762939453,19.56999969482422,18.770000457763672,18.90999984741211,18.90999984741211,341500
2015-12-04,18.75,19.1200008392334,18.459999084472656,19.110000610351562,19.110000610351562,266100
2015-12-07,18.950000762939453,18.950000762939453,17.5,17.579999923706055,17.579999923706055,235900
2015-12-08,17.299999237060547,17.309999465942383,16.780000686645508,16.850000381469727,16.850000381469727,287000
2015-12-09,16.690000534057617,17.270000457763672,16.3700008392334,16.56999969482422,16.56999969482422,247300
2015-12-10,16.489999771118164,16.709999084472656,16.350000381469727,16.469999313354492,16.469999313354492,151400
2015-12-11,15.9399995803833,16.299999237060547,15.539999961853027,15.710000038146973,15.710000038146973,247500
2015-12-14,15.760000228881836,15.779999732971191,15.199999809265137,15.699999809265137,15.699999809265137,215100
2015-12-15,15.899999618530273,16.68000030517578,15.899999618530273,16.6299991607666,16.6299991607666,358500
2015-12-16,16.790000915527344,17.139999389648438,16.6299991607666,17.059999465942383,17.059999465942383,251000
2015-12-17,17.059999465942383,17.09000015258789,16.649999618530273,16.670000076293945,16.670000076293945,243700
2015-12-18,16.65999984741211,16.719999313354492,15.979999542236328,16.360000610351562,16.360000610351562,335000
2015-12-21,16.510000228881836,16.510000228881836,15.569999694824219,15.640000343322754,15.640000343322754,226500
2015-12-22,15.75,16.360000610351562,15.4399995803833,16.329999923706055,16.329999923706055,161400
2015-12-23,16.5,17.139999389648438,16.420000076293945,17.100000381469727,17.100000381469727,153900
2015-12-24,17.139999389648438,17.360000610351562,17.110000610351562,17.139999389648438,17.139999389648438,65500
2015-12-28,17.020000457763672,17.549999237060547,17.0,17.540000915527344,17.540000915527344,316200
2015-12-29,17.68000030517578,17.850000381469727,17.469999313354492,17.829999923706055,17.829999923706055,167900
2015-12-30,17.600000381469727,17.790000915527344,17.170000076293945,17.190000534057617,17.190000534057617,168300
2015-12-31,17.110000610351562,17.31999969482422,16.670000076293945,16.739999771118164,16.739999771118164,239900
2016-01-04,16.530000686645508,16.639999389648438,15.8100004196167,16.3799991607666,16.3799991607666,302400
2016-01-05,16.3799991607666,16.3799991607666,15.5600004196167,16.229999542236328,16.229999542236328,404000
2016-01-06,15.920000076293945,16.559999465942383,15.890000343322754,16.170000076293945,16.170000076293945,281400
2016-01-07,15.630000114440918,15.800000190734863,14.800000190734863,15.020000457763672,15.020000457763672,338500
2016-01-08,15.149999618530273,15.279999732971191,14.739999771118164,14.989999771118164,14.989999771118164,393100
2016-01-11,14.970000267028809,15.15999984741211,14.079999923706055,14.640000343322754,14.640000343322754,312200
2016-01-12,14.949999809265137,15.010000228881836,14.140000343322754,14.350000381469727,14.350000381469727,289000
2016-01-13,14.350000381469727,14.680000305175781,13.420000076293945,13.800000190734863,13.800000190734863,363500
2016-01-14,13.9399995803833,14.25,13.5600004196167,13.90999984741211,13.90999984741211,351600
2016-01-15,13.260000228881836,13.859999656677246,12.989999771118164,13.699999809265137,13.699999809265137,312400
2016-01-19,13.800000190734863,14.029999732971191,12.09000015258789,12.270000457763672,12.270000457763672,936600
2016-01-20,11.9399995803833,12.75,11.720000267028809,12.680000305175781,12.680000305175781,399200
2016-01-21,12.670000076293945,13.239999771118164,12.579999923706055,12.819999694824219,12.819999694824219,284100
2016-01-22,12.699999809265137,13.119999885559082,10.15999984741211,10.680000305175781,10.680000305175781,2266200
2016-01-25,11.0,12.0,10.819999694824219,10.979999542236328,10.979999542236328,1216600
2016-01-26,11.09000015258789,11.989999771118164,10.899999618530273,11.869999885559082,11.869999885559082,609200
2016-01-27,11.850000381469727,12.09000015258789,11.529999732971191,11.550000190734863,11.550000190734863,480900
2016-01-28,11.800000190734863,13.0,11.800000190734863,12.579999923706055,12.579999923706055,418900
2016-01-29,12.800000190734863,13.609999656677246,12.800000190734863,13.210000038146973,13.210000038146973,697600
2016-02-01,13.100000381469727,13.5600004196167,12.729999542236328,13.420000076293945,13.420000076293945,409600
2016-02-02,13.15999984741211,13.289999961853027,12.890000343322754,12.949999809265137,12.949999809265137,330000
2016-02-03,13.050000190734863,13.430000305175781,12.3100004196167,12.779999732971191,12.779999732971191,263100
2016-02-04,12.8100004196167,13.4399995803833,12.739999771118164,13.039999961853027,13.039999961853027,192200
2016-02-05,12.960000038146973,13.369999885559082,12.899999618530273,12.920000076293945,12.920000076293945,196900
2016-02-08,12.670000076293945,12.800000190734863,11.420000076293945,11.930000305175781,11.930000305175781,321700
2016-02-09,11.65999984741211,11.989999771118164,11.399999618530273,11.539999961853027,11.539999961853027,291300
2016-02-10,11.569999694824219,12.140000343322754,11.479999542236328,11.760000228881836,11.760000228881836,229400
2016-02-11,11.449999809265137,11.699999809265137,11.109999656677246,11.380000114440918,11.380000114440918,220800
2016-02-12,11.630000114440918,12.15999984741211,11.390000343322754,11.869999885559082,11.869999885559082,211500
2016-02-16,12.109999656677246,12.569999694824219,11.680000305175781,12.529999732971191,12.529999732971191,275600
2016-02-17,12.6899995803833,13.329999923706055,12.619999885559082,12.729999542236328,12.729999542236328,194100
2016-02-18,12.880000114440918,13.010000228881836,12.369999885559082,12.609999656677246,12.609999656677246,159300
2016-02-19,12.449999809265137,12.489999771118164,12.079999923706055,12.4399995803833,12.4399995803833,160700
2016-02-22,12.699999809265137,13.270000457763672,12.619999885559082,13.039999961853027,13.039999961853027,358800
2016-02-23,12.880000114440918,13.109999656677246,12.430000305175781,12.529999732971191,12.529999732971191,336500
2016-02-24,12.300000190734863,12.9399995803833,12.0600004196167,12.899999618530273,12.899999618530273,222100
2016-02-25,13.0600004196167,13.289999961853027,12.4399995803833,13.210000038146973,13.210000038146973,252000
2016-02-26,13.430000305175781,13.670000076293945,13.239999771118164,13.449999809265137,13.449999809265137,227000
2016-02-29,13.520000457763672,13.65999984741211,13.260000228881836,13.359999656677246,13.359999656677246,283800
2016-03-01,13.899999618530273,15.739999771118164,13.899999618530273,14.6899995803833,14.6899995803833,699800
2016-03-02,14.550000190734863,14.760000228881836,14.0600004196167,14.619999885559082,14.619999885559082,341900
2016-03-03,14.619999885559082,15.390000343322754,14.600000381469727,15.350000381469727,15.350000381469727,405300
2016-03-04,15.449999809265137,15.550000190734863,14.989999771118164,15.140000343322754,15.140000343322754,421000
2016-03-07,15.100000381469727,15.800000190734863,15.100000381469727,15.619999885559082,15.619999885559082,176300
2016-03-08,15.520000457763672,15.630000114440918,14.84000015258789,14.869999885559082,14.869999885559082,254800
2016-03-09,14.989999771118164,15.229999542236328,14.729999542236328,15.100000381469727,15.100000381469727,157900
2016-03-10,15.15999984741211,15.260000228881836,14.8100004196167,14.960000038146973,14.960000038146973,377800
2016-03-11,15.0,15.470000267028809,14.9399995803833,15.430000305175781,15.430000305175781,145800
2016-03-14,15.34000015258789,15.4399995803833,15.029999732971191,15.329999923706055,15.329999923706055,145300
2016-03-15,15.239999771118164,15.289999961853027,14.760000228881836,14.84000015258789,14.84000015258789,202000
2016-03-16,14.800000190734863,15.329999923706055,14.779999732971191,15.210000038146973,15.210000038146973,282400
2016-03-17,15.180000305175781,15.779999732971191,14.869999885559082,15.600000381469727,15.600000381469727,501800
2016-03-18,15.699999809265137,15.930000305175781,15.170000076293945,15.59000015258789,15.59000015258789,480100
2016-03-21,15.520000457763672,15.65999984741211,15.34000015258789,15.529999732971191,15.529999732971191,108600
2016-03-22,15.359999656677246,15.970000267028809,15.329999923706055,15.8100004196167,15.8100004196167,204700
2016-03-23,15.649999618530273,15.65999984741211,15.0,15.050000190734863,15.050000190734863,239900
2016-03-24,14.760000228881836,15.319999694824219,14.699999809265137,15.199999809265137,15.199999809265137,187400
2016-03-28,15.300000190734863,15.390000343322754,14.75,15.020000457763672,15.020000457763672,143300
2016-03-29,14.899999618530273,15.289999961853027,14.600000381469727,15.239999771118164,15.239999771118164,331400
2016-03-30,15.449999809265137,15.539999961853027,15.130000114440918,15.300000190734863,15.300000190734863,325000
2016-03-31,15.300000190734863,15.600000381469727,15.1899995803833,15.539999961853027,15.539999961853027,461100
2016-04-01,15.270000457763672,15.279999732971191,14.979999542236328,15.180000305175781,15.180000305175781,198100
2016-04-04,15.140000343322754,15.229999542236328,14.710000038146973,14.760000228881836,14.760000228881836,178000
2016-04-05,14.600000381469727,14.979999542236328,14.470000267028809,14.699999809265137,14.699999809265137,157200
2016-04-06,14.75,14.920000076293945,14.460000038146973,14.729999542236328,14.729999542236328,150900
2016-04-07,14.579999923706055,14.729999542236328,14.350000381469727,14.539999961853027,14.539999961853027,172600
2016-04-08,14.800000190734863,15.210000038146973,14.529999732971191,14.680000305175781,14.680000305175781,145800
2016-04-11,14.8100004196167,15.289999961853027,14.600000381469727,14.6899995803833,14.6899995803833,320900
2016-04-12,14.9399995803833,15.720000267028809,14.869999885559082,15.359999656677246,15.359999656677246,328300
2016-04-13,15.460000038146973,15.680000305175781,15.399999618530273,15.619999885559082,15.619999885559082,289200
2016-04-14,15.640000343322754,15.779999732971191,15.470000267028809,15.489999771118164,15.489999771118164,152800
2016-04-15,15.359999656677246,15.550000190734863,15.180000305175781,15.289999961853027,15.289999961853027,258000
2016-04-18,15.09000015258789,15.720000267028809,14.9399995803833,15.630000114440918,15.630000114440918,179100
2016-04-19,15.800000190734863,16.149999618530273,15.680000305175781,15.760000228881836,15.760000228881836,168800
2016-04-20,15.699999809265137,16.229999542236328,15.529999732971191,16.110000610351562,16.110000610351562,177400
2016-04-21,16.079999923706055,16.329999923706055,15.859999656677246,15.899999618530273,15.899999618530273,192700
2016-04-22,15.960000038146973,16.31999969482422,15.8100004196167,15.90999984741211,15.90999984741211,294000
2016-04-25,15.800000190734863,15.920000076293945,15.140000343322754,15.319999694824219,15.319999694824219,223400
2016-04-26,15.470000267028809,16.010000228881836,15.25,16.0,16.0,171700
2016-04-27,16.030000686645508,16.270000457763672,15.680000305175781,16.260000228881836,16.260000228881836,137000
2016-04-28,16.149999618530273,16.25,15.739999771118164,15.779999732971191,15.779999732971191,152300
2016-04-29,15.770000457763672,15.920000076293945,15.380000114440918,15.819999694824219,15.819999694824219,195100
2016-05-02,15.899999618530273,15.899999618530273,15.539999961853027,15.760000228881836,15.760000228881836,179000
2016-05-03,15.5,15.619999885559082,15.180000305175781,15.529999732971191,15.529999732971191,275000
2016-05-04,15.470000267028809,15.65999984741211,14.949999809265137,14.989999771118164,14.989999771118164,329700
2016-05-05,16.8700008392334,19.649999618530273,16.709999084472656,18.899999618530273,18.899999618530273,1635600
2016-05-06,18.75,19.899999618530273,18.719999313354492,19.440000534057617,19.440000534057617,628200
2016-05-09,19.399999618530273,19.809999465942383,19.31999969482422,19.420000076293945,19.420000076293945,264400
2016-05-10,19.6200008392334,20.5,19.43000030517578,20.3799991607666,20.3799991607666,287200
2016-05-11,20.25,20.780000686645508,20.25,20.40999984741211,20.40999984741211,458300
2016-05-12,20.5,20.600000381469727,20.110000610351562,20.450000762939453,20.450000762939453,389600
2016-05-13,20.40999984741211,21.149999618530273,20.25,20.469999313354492,20.469999313354492,906300
2016-05-16,20.700000762939453,21.440000534057617,20.610000610351562,21.200000762939453,21.200000762939453,402900
2016-05-17,21.18000030517578,21.399999618530273,20.799999237060547,20.899999618530273,20.899999618530273,285300
2016-05-18,20.719999313354492,21.280000686645508,20.670000076293945,21.040000915527344,21.040000915527344,175300
2016-05-19,20.90999984741211,21.18000030517578,20.780000686645508,20.979999542236328,20.979999542236328,353800
2016-05-20,21.15999984741211,21.6299991607666,20.969999313354492,21.190000534057617,21.190000534057617,254700
2016-05-23,21.190000534057617,21.399999618530273,20.969999313354492,21.239999771118164,21.239999771118164,321500
2016-05-24,21.530000686645508,21.610000610351562,21.040000915527344,21.389999389648438,21.389999389648438,346900
2016-05-25,21.700000762939453,21.969999313354492,21.40999984741211,21.670000076293945,21.670000076293945,245000
2016-05-26,21.700000762939453,21.719999313354492,21.209999084472656,21.479999542236328,21.479999542236328,444700
2016-05-27,21.5,21.68000030517578,21.350000381469727,21.489999771118164,21.489999771118164,261800
2016-05-31,21.559999465942383,22.790000915527344,21.510000228881836,22.6200008392334,22.6200008392334,681400
2016-06-01,22.399999618530273,22.809999465942383,22.399999618530273,22.489999771118164,22.489999771118164,314800
2016-06-02,22.309999465942383,22.5,22.1200008392334,22.450000762939453,22.450000762939453,284700
2016-06-03,22.389999389648438,23.020000457763672,22.1299991607666,22.780000686645508,22.780000686645508,602300
2016-06-06,22.8700008392334,23.389999389648438,22.530000686645508,23.190000534057617,23.190000534057617,640100
2016-06-07,23.239999771118164,23.440000534057617,22.979999542236328,23.040000915527344,23.040000915527344,372100
2016-06-08,23.170000076293945,23.40999984741211,22.920000076293945,23.209999084472656,23.209999084472656,516500
2016-06-09,22.3700008392334,22.479999542236328,20.780000686645508,22.0,22.0,3041200
2016-06-10,21.950000762939453,23.209999084472656,21.579999923706055,23.1200008392334,23.1200008392334,2660800
2016-06-13,23.0,23.209999084472656,22.25,22.65999984741211,22.65999984741211,811300
2016-06-14,22.459999084472656,23.030000686645508,22.34000015258789,22.829999923706055,22.829999923706055,714200
2016-06-15,22.950000762939453,23.079999923706055,22.68000030517578,22.760000228881836,22.760000228881836,494900
2016-06-16,22.540000915527344,22.899999618530273,22.0,22.860000610351562,22.860000610351562,440000
2016-06-17,22.969999313354492,23.229999542236328,22.829999923706055,22.899999618530273,22.899999618530273,419900
2016-06-20,23.65999984741211,23.65999984741211,23.100000381469727,23.139999389648438,23.139999389648438,299200
2016-06-21,23.18000030517578,23.649999618530273,22.899999618530273,23.549999237060547,23.549999237060547,423200
2016-06-22,23.829999923706055,23.84000015258789,23.440000534057617,23.530000686645508,23.530000686645508,367200
2016-06-23,23.93000030517578,24.170000076293945,23.739999771118164,24.15999984741211,24.15999984741211,440300
2016-06-24,22.5,23.1299991607666,22.5,22.84000015258789,22.84000015258789,587900
2016-06-27,22.489999771118164,22.59000015258789,21.579999923706055,21.829999923706055,21.829999923706055,654700
2016-06-28,22.290000915527344,22.579999923706055,21.65999984741211,22.09000015258789,22.09000015258789,413400
2016-06-29,22.530000686645508,23.0,22.15999984741211,22.920000076293945,22.920000076293945,417600
2016-06-30,23.049999237060547,23.559999465942383,22.739999771118164,23.549999237060547,23.549999237060547,375800
2016-07-01,23.579999923706055,24.5,23.579999923706055,24.100000381469727,24.100000381469727,463500
2016-07-05,23.81999969482422,24.100000381469727,23.31999969482422,23.84000015258789,23.84000015258789,485900
2016-07-06,23.530000686645508,23.90999984741211,23.389999389648438,23.68000030517578,23.68000030517578,247500
2016-07-07,23.729999542236328,24.020000457763672,23.280000686645508,23.59000015258789,23.59000015258789,277000
2016-07-08,23.860000610351562,24.540000915527344,23.860000610351562,24.309999465942383,24.309999465942383,259400
2016-07-11,24.5,24.8700008392334,24.280000686645508,24.709999084472656,24.709999084472656,314700
2016-07-12,25.0,25.350000381469727,24.760000228881836,25.1200008392334,25.1200008392334,432600
2016-07-13,25.280000686645508,25.40999984741211,24.65999984741211,24.93000030517578,24.93000030517578,234800
2016-07-14,24.93000030517578,25.979999542236328,24.93000030517578,25.489999771118164,25.489999771118164,436500
2016-07-15,25.719999313354492,25.84000015258789,24.989999771118164,25.040000915527344,25.040000915527344,327200
2016-07-18,24.93000030517578,25.360000610351562,24.760000228881836,25.020000457763672,25.020000457763672,193900
2016-07-19,24.979999542236328,24.979999542236328,24.1200008392334,24.350000381469727,24.350000381469727,303600
2016-07-20,24.31999969482422,24.979999542236328,24.110000610351562,24.90999984741211,24.90999984741211,373700
2016-07-21,24.899999618530273,25.139999389648438,24.520000457763672,24.729999542236328,24.729999542236328,257700
2016-07-22,24.690000534057617,24.719999313354492,24.3799991607666,24.559999465942383,24.559999465942383,126600
2016-07-25,24.450000762939453,24.56999969482422,24.219999313354492,24.520000457763672,24.520000457763672,137900
2016-07-26,24.469999313354492,25.139999389648438,24.469999313354492,25.06999969482422,25.06999969482422,229200
2016-07-27,25.110000610351562,25.649999618530273,24.90999984741211,25.649999618530273,25.649999618530273,677100
2016-07-28,25.489999771118164,25.729999542236328,25.190000534057617,25.610000610351562,25.610000610351562,378400
2016-07-29,25.559999465942383,25.579999923706055,25.020000457763672,25.1200008392334,25.1200008392334,417900
2016-08-01,25.049999237060547,25.149999618530273,24.559999465942383,24.920000076293945,24.920000076293945,252600
2016-08-02,24.979999542236328,25.15999984741211,24.3799991607666,24.709999084472656,24.709999084472656,507500
2016-08-03,23.079999923706055,24.1200008392334,22.790000915527344,23.729999542236328,23.729999542236328,1070100
2016-08-04,23.709999084472656,24.100000381469727,23.709999084472656,23.93000030517578,23.93000030517578,455800
2016-08-05,24.049999237060547,24.739999771118164,24.049999237060547,24.59000015258789,24.59000015258789,523100
2016-08-08,24.719999313354492,24.719999313354492,23.510000228881836,23.68000030517578,23.68000030517578,520700
2016-08-09,23.739999771118164,24.200000762939453,23.739999771118164,24.010000228881836,24.010000228881836,459100
2016-08-10,24.059999465942383,24.1299991607666,23.649999618530273,23.700000762939453,23.700000762939453,168700
2016-08-11,23.8700008392334,24.040000915527344,23.600000381469727,23.68000030517578,23.68000030517578,211800
2016-08-12,23.700000762939453,23.940000534057617,23.3700008392334,23.579999923706055,23.579999923706055,193500
2016-08-15,23.6299991607666,24.059999465942383,23.6299991607666,23.780000686645508,23.780000686645508,302500
2016-08-16,23.770000457763672,23.81999969482422,23.040000915527344,23.200000762939453,23.200000762939453,182100
2016-08-17,23.18000030517578,23.18000030517578,22.670000076293945,22.760000228881836,22.760000228881836,188100
2016-08-18,22.809999465942383,23.260000228881836,22.700000762939453,23.09000015258789,23.09000015258789,377500
2016-08-19,22.979999542236328,22.979999542236328,22.350000381469727,22.510000228881836,22.510000228881836,242800
2016-08-22,22.299999237060547,22.68000030517578,22.010000228881836,22.579999923706055,22.579999923706055,232100
2016-08-23,22.65999984741211,22.979999542236328,22.579999923706055,22.75,22.75,174600
2016-08-24,23.270000457763672,24.209999084472656,23.020000457763672,23.75,23.75,1178100
2016-08-25,23.719999313354492,23.93000030517578,23.139999389648438,23.389999389648438,23.389999389648438,335500
2016-08-26,23.510000228881836,23.780000686645508,23.239999771118164,23.520000457763672,23.520000457763672,341200
2016-08-29,23.309999465942383,23.700000762939453,23.290000915527344,23.6200008392334,23.6200008392334,276700
2016-08-30,23.709999084472656,23.940000534057617,23.420000076293945,23.799999237060547,23.799999237060547,292800
2016-08-31,23.739999771118164,23.920000076293945,23.079999923706055,23.190000534057617,23.190000534057617,399900
2016-09-01,23.239999771118164,23.530000686645508,22.959999084472656,23.190000534057617,23.190000534057617,330300
2016-09-02,23.40999984741211,23.770000457763672,23.389999389648438,23.670000076293945,23.670000076293945,155200
2016-09-06,23.690000534057617,23.8799991607666,23.360000610351562,23.690000534057617,23.690000534057617,286600
2016-09-07,23.739999771118164,24.040000915527344,23.59000015258789,23.719999313354492,23.719999313354492,350100
2016-09-08,23.75,23.799999237060547,23.15999984741211,23.190000534057617,23.190000534057617,169500
2016-09-09,22.850000381469727,22.989999771118164,21.760000228881836,21.770000457763672,21.770000457763672,335500
2016-09-12,21.440000534057617,21.739999771118164,21.309999465942383,21.549999237060547,21.549999237060547,336900
2016-09-13,21.200000762939453,21.360000610351562,20.719999313354492,21.049999237060547,21.049999237060547,433900
2016-09-14,20.989999771118164,21.020000457763672,20.399999618530273,20.780000686645508,20.780000686645508,418300
2016-09-15,20.8799991607666,20.950000762939453,20.309999465942383,20.420000076293945,20.420000076293945,569900
2016-09-16,20.260000228881836,20.389999389648438,19.799999237060547,20.290000915527344,20.290000915527344,547000
2016-09-19,20.530000686645508,20.799999237060547,20.389999389648438,20.420000076293945,20.420000076293945,284500
2016-09-20,20.530000686645508,20.530000686645508,20.100000381469727,20.350000381469727,20.350000381469727,270700
2016-09-21,20.59000015258789,21.15999984741211,20.479999542236328,21.15999984741211,21.15999984741211,218200
2016-09-22,21.329999923706055,21.729999542236328,21.260000228881836,21.68000030517578,21.68000030517578,255700
2016-09-23,21.56999969482422,21.75,21.0,21.190000534057617,21.190000534057617,524200
2016-09-26,21.190000534057617,21.5,21.0,21.010000228881836,21.010000228881836,235100
2016-09-27,20.829999923706055,21.25,20.670000076293945,21.040000915527344,21.040000915527344,422500
2016-09-28,21.239999771118164,21.850000381469727,20.959999084472656,21.84000015258789,21.84000015258789,506900
2016-09-29,21.889999389648438,21.889999389648438,20.969999313354492,21.280000686645508,21.280000686645508,355400
2016-09-30,21.440000534057617,21.950000762939453,21.170000076293945,21.469999313354492,21.469999313354492,329500
2016-10-03,21.389999389648438,22.06999969482422,21.139999389648438,21.90999984741211,21.90999984741211,889200
2016-10-04,21.81999969482422,21.940000534057617,20.889999389648438,21.309999465942383,21.309999465942383,991900
2016-10-05,21.530000686645508,22.670000076293945,21.40999984741211,22.200000762939453,22.200000762939453,994100
2016-10-06,20.100000381469727,21.260000228881836,20.0,20.75,20.75,1511700
2016-10-07,20.93000030517578,21.530000686645508,20.6299991607666,21.15999984741211,21.15999984741211,1599200
2016-10-10,21.350000381469727,21.6299991607666,21.18000030517578,21.420000076293945,21.420000076293945,851300
2016-10-11,21.31999969482422,21.360000610351562,20.760000228881836,20.8799991607666,20.8799991607666,358700
2016-10-12,20.81999969482422,20.989999771118164,20.670000076293945,20.93000030517578,20.93000030517578,281100
2016-10-13,20.649999618530273,20.799999237060547,20.450000762939453,20.56999969482422,20.56999969482422,294300
2016-10-14,20.760000228881836,20.809999465942383,20.010000228881836,20.030000686645508,20.030000686645508,422300
2016-10-17,20.100000381469727,20.200000762939453,19.5,19.850000381469727,19.850000381469727,614300
2016-10-18,20.149999618530273,20.149999618530273,18.899999618530273,19.049999237060547,19.049999237060547,838700
2016-10-19,19.25,19.299999237060547,18.450000762939453,19.049999237060547,19.049999237060547,963400
2016-10-20,18.950000762939453,19.549999237060547,18.850000381469727,19.100000381469727,19.100000381469727,461200
2016-10-21,19.049999237060547,19.200000762939453,18.600000381469727,19.149999618530273,19.149999618530273,249700
2016-10-24,18.549999237060547,19.75,18.049999237060547,19.25,19.25,866000
2016-10-25,19.149999618530273,20.049999237060547,19.049999237060547,19.5,19.5,766300
2016-10-26,19.299999237060547,19.700000762939453,19.149999618530273,19.399999618530273,19.399999618530273,341100
2016-10-27,19.450000762939453,19.93000030517578,19.350000381469727,19.600000381469727,19.600000381469727,348300
2016-10-28,19.5,20.149999618530273,19.200000762939453,19.350000381469727,19.350000381469727,546000
2016-10-31,19.350000381469727,19.399999618530273,18.950000762939453,19.049999237060547,19.049999237060547,655400
2016-11-01,19.25,19.25,18.600000381469727,18.649999618530273,18.649999618530273,950800
2016-11-02,18.350000381469727,21.0,18.350000381469727,20.600000381469727,20.600000381469727,1349700
2016-11-03,19.5,19.829999923706055,18.700000762939453,19.200000762939453,19.200000762939453,1153000
2016-11-04,19.0,19.75,18.75,18.799999237060547,18.799999237060547,755500
2016-11-07,19.549999237060547,20.200000762939453,19.25,19.700000762939453,19.700000762939453,524400
2016-11-08,19.549999237060547,20.049999237060547,19.399999618530273,19.899999618530273,19.899999618530273,270700
2016-11-09,20.25,24.5,20.25,22.450000762939453,22.450000762939453,1309900
2016-11-10,23.200000762939453,25.5,22.600000381469727,24.899999618530273,24.899999618530273,1906400
2016-11-11,24.399999618530273,26.729999542236328,23.899999618530273,26.25,26.25,1567300
2016-11-14,26.200000762939453,29.25,26.0,29.200000762939453,29.200000762939453,1984300
2016-11-15,29.25,30.200000762939453,28.799999237060547,28.799999237060547,28.799999237060547,4501400
2016-11-16,28.299999237060547,28.299999237060547,25.700000762939453,25.950000762939453,25.950000762939453,2655000
2016-11-17,25.899999618530273,26.899999618530273,25.200000762939453,26.399999618530273,26.399999618530273,1449700
2016-11-18,26.549999237060547,26.799999237060547,26.149999618530273,26.299999237060547,26.299999237060547,520600
2016-11-21,26.549999237060547,26.549999237060547,25.75,26.0,26.0,763000
2016-11-22,26.149999618530273,26.43000030517578,25.850000381469727,26.350000381469727,26.350000381469727,578800
2016-11-23,26.350000381469727,27.200000762939453,26.350000381469727,26.950000762939453,26.950000762939453,813100
2016-11-25,27.200000762939453,27.5,26.75,27.200000762939453,27.200000762939453,399300
2016-11-28,27.5,27.5,26.75,27.049999237060547,27.049999237060547,776700
2016-11-29,26.950000762939453,27.299999237060547,26.700000762939453,27.100000381469727,27.100000381469727,840400
2016-11-30,27.649999618530273,27.950000762939453,26.030000686645508,26.100000381469727,26.100000381469727,572100
2016-12-01,26.149999618530273,26.799999237060547,26.049999237060547,26.200000762939453,26.200000762939453,440300
2016-12-02,26.299999237060547,26.729999542236328,25.700000762939453,25.850000381469727,25.850000381469727,502700
2016-12-05,26.450000762939453,27.5,26.200000762939453,26.700000762939453,26.700000762939453,668000
2016-12-06,26.5,27.729999542236328,26.350000381469727,27.549999237060547,27.549999237060547,492800
2016-12-07,27.600000381469727,28.149999618530273,27.350000381469727,27.799999237060547,27.799999237060547,521500
2016-12-08,28.049999237060547,28.549999237060547,27.75,28.450000762939453,28.450000762939453,556300
2016-12-09,28.700000762939453,28.850000381469727,28.200000762939453,28.600000381469727,28.600000381469727,323900
2016-12-12,28.850000381469727,28.950000762939453,27.899999618530273,28.299999237060547,28.299999237060547,338300
2016-12-13,28.649999618530273,28.899999618530273,27.3799991607666,27.649999618530273,27.649999618530273,624800
2016-12-14,27.649999618530273,28.260000228881836,27.549999237060547,27.950000762939453,27.950000762939453,433300
2016-12-15,27.950000762939453,28.649999618530273,27.5,28.5,28.5,475300
2016-12-16,28.649999618530273,28.950000762939453,28.149999618530273,28.25,28.25,535600
2016-12-19,28.450000762939453,28.799999237060547,27.700000762939453,28.399999618530273,28.399999618530273,366100
2016-12-20,28.549999237060547,29.049999237060547,28.299999237060547,28.75,28.75,275500
2016-12-21,28.799999237060547,29.0,28.5,28.700000762939453,28.700000762939453,254300
2016-12-22,28.649999618530273,28.950000762939453,28.049999237060547,28.149999618530273,28.149999618530273,217800
2016-12-23,28.350000381469727,28.950000762939453,28.100000381469727,28.799999237060547,28.799999237060547,223800
2016-12-27,28.799999237060547,29.329999923706055,28.549999237060547,29.25,29.25,226400
2016-12-28,29.450000762939453,29.450000762939453,28.149999618530273,28.5,28.5,280400
2016-12-29,28.450000762939453,28.75,28.049999237060547,28.350000381469727,28.350000381469727,414000
2016-12-30,28.450000762939453,28.5,27.850000381469727,28.0,28.0,370800
2017-01-03,28.5,28.950000762939453,27.850000381469727,28.399999618530273,28.399999618530273,238800
2017-01-04,28.799999237060547,29.700000762939453,28.649999618530273,29.600000381469727,29.600000381469727,316700
2017-01-05,29.549999237060547,29.549999237060547,28.200000762939453,28.5,28.5,329300
2017-01-06,28.399999618530273,28.479999542236328,27.549999237060547,27.75,27.75,398200
2017-01-09,27.600000381469727,27.68000030517578,26.75,26.799999237060547,26.799999237060547,294800
2017-01-10,27.049999237060547,28.149999618530273,27.049999237060547,28.0,28.0,448300
2017-01-11,28.149999618530273,28.549999237060547,27.549999237060547,28.200000762939453,28.200000762939453,158700
2017-01-12,28.25,28.25,26.75,27.200000762939453,27.200000762939453,185300
2017-01-13,27.149999618530273,27.5,27.049999237060547,27.399999618530273,27.399999618530273,272500
2017-01-17,27.799999237060547,28.549999237060547,27.579999923706055,27.700000762939453,27.700000762939453,410500
2017-01-18,27.700000762939453,27.899999618530273,27.25,27.5,27.5,360700
2017-01-19,28.0,28.200000762939453,27.549999237060547,27.549999237060547,27.549999237060547,382600
2017-01-20,27.850000381469727,28.399999618530273,27.579999923706055,27.799999237060547,27.799999237060547,431000
2017-01-23,27.600000381469727,28.0,26.75,27.350000381469727,27.350000381469727,250000
2017-01-24,27.649999618530273,29.450000762939453,27.649999618530273,29.450000762939453,29.450000762939453,598200
2017-01-25,29.950000762939453,32.47999954223633,29.920000076293945,32.25,32.25,1154800
2017-01-26,32.400001525878906,33.0,32.20000076293945,32.400001525878906,32.400001525878906,642300
2017-01-27,32.25,32.25,30.25,30.799999237060547,30.799999237060547,432300
2017-01-30,30.5,30.549999237060547,29.549999237060547,30.149999618530273,30.149999618530273,471200
2017-01-31,30.100000381469727,30.350000381469727,29.43000030517578,29.799999237060547,29.799999237060547,275400
2017-02-01,30.350000381469727,30.799999237060547,29.479999542236328,29.75,29.75,222200
2017-02-02,29.700000762939453,30.149999618530273,29.299999237060547,29.649999618530273,29.649999618530273,610200
2017-02-03,30.149999618530273,31.149999618530273,29.950000762939453,30.5,30.5,461000
2017-02-06,30.450000762939453,30.549999237060547,29.5,30.0,30.0,229100
2017-02-07,30.100000381469727,30.5,29.5,30.299999237060547,30.299999237060547,338100
2017-02-08,30.5,30.5,29.100000381469727,29.299999237060547,29.299999237060547,217400
2017-02-09,29.299999237060547,29.950000762939453,29.25,29.799999237060547,29.799999237060547,195100
2017-02-10,30.299999237060547,30.299999237060547,29.700000762939453,30.100000381469727,30.100000381469727,187000
2017-02-13,30.399999618530273,30.649999618530273,29.75,30.100000381469727,30.100000381469727,404300
2017-02-14,29.950000762939453,30.450000762939453,29.649999618530273,30.399999618530273,30.399999618530273,171100
2017-02-15,30.25,30.75,30.049999237060547,30.649999618530273,30.649999618530273,184600
2017-02-16,30.649999618530273,30.649999618530273,29.600000381469727,30.350000381469727,30.350000381469727,263200
2017-02-17,30.100000381469727,30.100000381469727,29.399999618530273,29.950000762939453,29.950000762939453,290000
2017-02-21,30.049999237060547,30.530000686645508,29.850000381469727,29.950000762939453,29.950000762939453,395300
2017-02-22,29.700000762939453,30.0,28.549999237060547,28.850000381469727,28.850000381469727,483100
2017-02-23,29.049999237060547,29.25,26.75,27.450000762939453,27.450000762939453,806600
2017-02-24,29.200000762939453,30.75,29.200000762939453,30.0,30.0,1499100
2017-02-27,30.149999618530273,31.079999923706055,30.049999237060547,30.799999237060547,30.799999237060547,583000
2017-02-28,30.649999618530273,30.799999237060547,29.920000076293945,30.450000762939453,30.450000762939453,725900
2017-03-01,30.950000762939453,31.950000762939453,30.899999618530273,31.450000762939453,31.450000762939453,892900
2017-03-02,31.600000381469727,31.850000381469727,30.899999618530273,31.049999237060547,31.049999237060547,488100
2017-03-03,31.049999237060547,31.450000762939453,30.799999237060547,31.149999618530273,31.149999618530273,415500
2017-03-06,30.649999618530273,31.200000762939453,30.350000381469727,31.0,31.0,355700
2017-03-07,30.899999618530273,31.200000762939453,30.299999237060547,30.350000381469727,30.350000381469727,249000
2017-03-08,30.5,30.75,30.200000762939453,30.350000381469727,30.350000381469727,231200
2017-03-09,30.399999618530273,30.399999618530273,29.100000381469727,29.549999237060547,29.549999237060547,275300
2017-03-10,30.0,30.450000762939453,29.850000381469727,30.299999237060547,30.299999237060547,242700
2017-03-13,30.450000762939453,30.899999618530273,30.100000381469727,30.25,30.25,204700
2017-03-14,29.899999618530273,30.479999542236328,29.25,30.399999618530273,30.399999618530273,298300
2017-03-15,30.649999618530273,31.549999237060547,30.579999923706055,31.5,31.5,407700
2017-03-16,31.600000381469727,31.799999237060547,30.600000381469727,30.950000762939453,30.950000762939453,326700
2017-03-17,31.100000381469727,31.100000381469727,29.799999237060547,30.200000762939453,30.200000762939453,656700
2017-03-20,30.299999237060547,30.299999237060547,29.25,29.350000381469727,29.350000381469727,339900
2017-03-21,29.649999618530273,29.649999618530273,28.25,28.450000762939453,28.450000762939453,463300
2017-03-22,28.149999618530273,28.899999618530273,28.100000381469727,28.5,28.5,536700
2017-03-23,28.700000762939453,29.649999618530273,28.549999237060547,29.25,29.25,256500
2017-03-24,29.350000381469727,29.75,29.239999771118164,29.5,29.5,487100
2017-03-27,28.600000381469727,29.649999618530273,28.25,29.5,29.5,403600
2017-03-28,29.450000762939453,29.950000762939453,29.149999618530273,29.700000762939453,29.700000762939453,345700
2017-03-29,29.649999618530273,31.100000381469727,29.5,31.049999237060547,31.049999237060547,438600
2017-03-30,31.049999237060547,31.600000381469727,31.049999237060547,31.149999618530273,31.149999618530273,256300
2017-03-31,31.149999618530273,32.16999816894531,31.0,31.799999237060547,31.799999237060547,480300
2017-04-03,32.04999923706055,32.25,30.649999618530273,30.799999237060547,30.799999237060547,277300
2017-04-04,30.850000381469727,31.399999618530273,30.5,30.649999618530273,30.649999618530273,244000
2017-04-05,31.25,31.75,30.5,30.549999237060547,30.549999237060547,218300
2017-04-06,30.75,31.25,30.600000381469727,30.950000762939453,30.950000762939453,109100
2017-04-07,31.0,32.70000076293945,31.0,32.25,32.25,482600
2017-04-10,32.25,32.529998779296875,31.75,32.099998474121094,32.099998474121094,277000
2017-04-11,32.0,32.400001525878906,31.799999237060547,32.150001525878906,32.150001525878906,243200
2017-04-12,32.04999923706055,32.209999084472656,30.799999237060547,30.850000381469727,30.850000381469727,297900
2017-04-13,30.700000762939453,31.350000381469727,30.700000762939453,31.0,31.0,596400
2017-04-17,31.100000381469727,31.350000381469727,30.700000762939453,31.299999237060547,31.299999237060547,313700
2017-04-18,31.25,31.850000381469727,30.899999618530273,31.5,31.5,222200
2017-04-19,31.799999237060547,32.29999923706055,31.100000381469727,31.149999618530273,31.149999618530273,558200
2017-04-20,31.450000762939453,31.649999618530273,30.899999618530273,31.200000762939453,31.200000762939453,577300
2017-04-21,31.100000381469727,31.100000381469727,29.600000381469727,30.25,30.25,435700
2017-04-24,31.049999237060547,31.149999618530273,30.600000381469727,30.850000381469727,30.850000381469727,488700
2017-04-25,31.149999618530273,31.399999618530273,30.899999618530273,31.100000381469727,31.100000381469727,414400
2017-04-26,31.200000762939453,31.93000030517578,31.200000762939453,31.5,31.5,595200
2017-04-27,31.5,31.850000381469727,31.100000381469727,31.600000381469727,31.600000381469727,283800
2017-04-28,31.700000762939453,31.850000381469727,30.649999618530273,30.850000381469727,30.850000381469727,336200
2017-05-01,31.100000381469727,31.100000381469727,30.049999237060547,30.75,30.75,369900
2017-05-02,30.850000381469727,31.100000381469727,30.329999923706055,30.700000762939453,30.700000762939453,405700
2017-05-03,30.450000762939453,30.450000762939453,29.229999542236328,30.0,30.0,542100
2017-05-04,28.899999618530273,31.850000381469727,28.0,29.649999618530273,29.649999618530273,892700
2017-05-05,29.75,29.75,28.0,28.549999237060547,28.549999237060547,769700
2017-05-08,28.549999237060547,28.799999237060547,27.649999618530273,27.75,27.75,304300
2017-05-09,27.799999237060547,28.399999618530273,27.75,28.25,28.25,379600
2017-05-10,28.200000762939453,28.299999237060547,27.450000762939453,27.649999618530273,27.649999618530273,396500
2017-05-11,27.600000381469727,27.950000762939453,26.950000762939453,27.850000381469727,27.850000381469727,180200
2017-05-12,27.649999618530273,27.75,26.950000762939453,27.5,27.5,332900
2017-05-15,27.799999237060547,28.75,27.75,28.0,28.0,352700
2017-05-16,28.149999618530273,28.25,27.450000762939453,27.549999237060547,27.549999237060547,321300
2017-05-17,27.100000381469727,27.200000762939453,26.0,26.100000381469727,26.100000381469727,287300
2017-05-18,26.0,26.299999237060547,25.799999237060547,25.899999618530273,25.899999618530273,515200
2017-05-19,26.100000381469727,26.700000762939453,26.100000381469727,26.399999618530273,26.399999618530273,233900
2017-05-22,26.5,26.760000228881836,25.75,26.149999618530273,26.149999618530273,177400
2017-05-23,26.149999618530273,26.75,25.649999618530273,26.75,26.75,340000
2017-05-24,26.75,27.049999237060547,25.950000762939453,26.200000762939453,26.200000762939453,379700
2017-05-25,26.299999237060547,26.600000381469727,26.049999237060547,26.149999618530273,26.149999618530273,230200
2017-05-26,26.200000762939453,26.600000381469727,26.0,26.450000762939453,26.450000762939453,253200
2017-05-30,26.25,26.43000030517578,25.950000762939453,26.25,26.25,271700
2017-05-31,26.299999237060547,26.299999237060547,25.5,25.950000762939453,25.950000762939453,723200
2017-06-01,26.100000381469727,26.700000762939453,25.75,26.399999618530273,26.399999618530273,371700
2017-06-02,26.450000762939453,26.899999618530273,26.149999618530273,26.549999237060547,26.549999237060547,253100
2017-06-05,26.549999237060547,26.549999237060547,26.049999237060547,26.25,26.25,147300
2017-06-06,26.100000381469727,26.149999618530273,25.75,25.950000762939453,25.950000762939453,233200
2017-06-07,25.950000762939453,26.0,25.350000381469727,25.399999618530273,25.399999618530273,317400
2017-06-08,25.450000762939453,26.25,25.350000381469727,25.950000762939453,25.950000762939453,401500
2017-06-09,26.100000381469727,27.600000381469727,26.100000381469727,27.200000762939453,27.200000762939453,416200
2017-06-12,27.450000762939453,27.549999237060547,26.329999923706055,26.649999618530273,26.649999618530273,359300
2017-06-13,26.649999618530273,27.299999237060547,26.399999618530273,27.049999237060547,27.049999237060547,278600
2017-06-14,27.049999237060547,27.049999237060547,26.030000686645508,26.549999237060547,26.549999237060547,290100
2017-06-15,26.25,26.760000228881836,25.950000762939453,26.450000762939453,26.450000762939453,151400
2017-06-16,26.149999618530273,26.5,26.049999237060547,26.5,26.5,297000
2017-06-19,26.5,26.700000762939453,26.350000381469727,26.600000381469727,26.600000381469727,153200
2017-06-20,26.350000381469727,26.549999237060547,26.0,26.25,26.25,180800
2017-06-21,26.299999237060547,26.399999618530273,25.649999618530273,25.700000762939453,25.700000762939453,178900
2017-06-22,25.75,27.049999237060547,25.729999542236328,26.549999237060547,26.549999237060547,296000
2017-06-23,26.549999237060547,27.299999237060547,26.399999618530273,27.200000762939453,27.200000762939453,347700
2017-06-26,27.25,27.950000762939453,27.049999237060547,27.75,27.75,308100
2017-06-27,27.75,28.700000762939453,27.5,28.049999237060547,28.049999237060547,544600
2017-06-28,28.299999237060547,29.0,28.25,28.649999618530273,28.649999618530273,414200
2017-06-29,28.850000381469727,29.200000762939453,27.649999618530273,28.25,28.25,311000
2017-06-30,28.450000762939453,28.899999618530273,28.100000381469727,28.75,28.75,306000
2017-07-03,29.0,29.350000381469727,28.450000762939453,29.149999618530273,29.149999618530273,155000
2017-07-05,28.649999618530273,29.200000762939453,28.399999618530273,29.149999618530273,29.149999618530273,250900
2017-07-06,29.0,29.299999237060547,28.649999618530273,28.799999237060547,28.799999237060547,270600
2017-07-07,28.75,29.549999237060547,28.549999237060547,29.5,29.5,286000
2017-07-10,29.200000762939453,29.350000381469727,28.799999237060547,28.950000762939453,28.950000762939453,209900
2017-07-11,29.0,29.049999237060547,28.649999618530273,28.799999237060547,28.799999237060547,316700
2017-07-12,29.200000762939453,29.649999618530273,28.799999237060547,29.049999237060547,29.049999237060547,238900
2017-07-13,29.0,29.100000381469727,28.299999237060547,28.799999237060547,28.799999237060547,275900
2017-07-14,28.75,28.899999618530273,28.600000381469727,28.649999618530273,28.649999618530273,212100
2017-07-17,28.600000381469727,28.700000762939453,28.350000381469727,28.649999618530273,28.649999618530273,253700
2017-07-18,28.600000381469727,28.899999618530273,27.75,27.799999237060547,27.799999237060547,227800
2017-07-19,27.799999237060547,28.200000762939453,27.75,28.149999618530273,28.149999618530273,248800
2017-07-20,28.200000762939453,28.43000030517578,27.950000762939453,28.299999237060547,28.299999237060547,155900
2017-07-21,28.350000381469727,28.399999618530273,27.75,27.950000762939453,27.950000762939453,406000
2017-07-24,27.799999237060547,27.799999237060547,27.200000762939453,27.799999237060547,27.799999237060547,202900
2017-07-25,28.049999237060547,28.600000381469727,27.93000030517578,28.0,28.0,298500
2017-07-26,28.149999618530273,28.149999618530273,27.450000762939453,27.600000381469727,27.600000381469727,199400
2017-07-27,27.649999618530273,28.100000381469727,27.200000762939453,27.399999618530273,27.399999618530273,202400
2017-07-28,27.299999237060547,27.450000762939453,26.700000762939453,26.850000381469727,26.850000381469727,173200
2017-07-31,26.899999618530273,27.0,26.5,26.600000381469727,26.600000381469727,233000
2017-08-01,26.75,27.299999237060547,26.399999618530273,27.100000381469727,27.100000381469727,210900
2017-08-02,27.149999618530273,27.350000381469727,26.75,26.899999618530273,26.899999618530273,170100
2017-08-03,26.850000381469727,26.950000762939453,26.25,26.700000762939453,26.700000762939453,305600
2017-08-04,26.899999618530273,26.950000762939453,26.200000762939453,26.25,26.25,215600
2017-08-07,26.25,26.649999618530273,25.6299991607666,26.149999618530273,26.149999618530273,518400
2017-08-08,25.799999237060547,28.350000381469727,25.75,27.399999618530273,27.399999618530273,731200
2017-08-09,27.25,28.200000762939453,27.200000762939453,28.0,28.0,634900
2017-08-10,27.75,27.829999923706055,25.899999618530273,26.649999618530273,26.649999618530273,646800
2017-08-11,26.25,26.799999237060547,25.75,25.950000762939453,25.950000762939453,413800
2017-08-14,26.149999618530273,26.700000762939453,25.8799991607666,26.649999618530273,26.649999618530273,377100
2017-08-15,26.700000762939453,26.700000762939453,25.25,25.450000762939453,25.450000762939453,314400
2017-08-16,25.450000762939453,25.75,24.899999618530273,25.0,25.0,329500
2017-08-17,24.899999618530273,25.25,24.450000762939453,24.5,24.5,288500
2017-08-18,24.149999618530273,24.5,23.899999618530273,24.149999618530273,24.149999618530273,227900
2017-08-21,24.049999237060547,24.149999618530273,23.299999237060547,23.399999618530273,23.399999618530273,309400
2017-08-22,23.600000381469727,24.049999237060547,23.350000381469727,23.950000762939453,23.950000762939453,234400
2017-08-23,23.75,24.149999618530273,23.75,24.0,24.0,157900
2017-08-24,24.100000381469727,24.399999618530273,23.950000762939453,24.100000381469727,24.100000381469727,132100
2017-08-25,24.149999618530273,24.700000762939453,23.950000762939453,24.450000762939453,24.450000762939453,171100
2017-08-28,24.549999237060547,25.149999618530273,24.549999237060547,24.850000381469727,24.850000381469727,269700
2017-08-29,24.600000381469727,25.299999237060547,24.5,25.200000762939453,25.200000762939453,254500
2017-08-30,25.149999618530273,25.700000762939453,24.950000762939453,25.600000381469727,25.600000381469727,198900
2017-08-31,25.950000762939453,26.700000762939453,25.700000762939453,26.149999618530273,26.149999618530273,314200
2017-09-01,26.299999237060547,26.549999237060547,26.200000762939453,26.549999237060547,26.549999237060547,98800
2017-09-05,26.549999237060547,26.850000381469727,26.079999923706055,26.200000762939453,26.200000762939453,209400
2017-09-06,26.450000762939453,26.450000762939453,25.899999618530273,25.950000762939453,25.950000762939453,132500
2017-09-07,26.0,26.0,25.350000381469727,25.649999618530273,25.649999618530273,184700
2017-09-08,25.700000762939453,26.0,25.299999237060547,25.950000762939453,25.950000762939453,182100
2017-09-11,26.100000381469727,26.450000762939453,25.75,25.799999237060547,25.799999237060547,152800
2017-09-12,26.0,26.75,25.950000762939453,26.450000762939453,26.450000762939453,356300
2017-09-13,26.549999237060547,26.649999618530273,26.079999923706055,26.299999237060547,26.299999237060547,229400
2017-09-14,26.25,26.399999618530273,25.899999618530273,26.299999237060547,26.299999237060547,224100
2017-09-15,26.350000381469727,26.600000381469727,26.0,26.600000381469727,26.600000381469727,302200
2017-09-18,26.649999618530273,27.200000762939453,26.5,26.950000762939453,26.950000762939453,311900
2017-09-19,26.950000762939453,27.049999237060547,26.75,26.850000381469727,26.850000381469727,148600
2017-09-20,26.950000762939453,27.25,26.700000762939453,27.0,27.0,159500
2017-09-21,27.049999237060547,27.850000381469727,26.75,27.399999618530273,27.399999618530273,560700
2017-09-22,27.350000381469727,27.729999542236328,27.079999923706055,27.399999618530273,27.399999618530273,558800
2017-09-25,27.149999618530273,28.399999618530273,27.100000381469727,28.25,28.25,266900
2017-09-26,28.299999237060547,28.5,28.0,28.100000381469727,28.100000381469727,273100
2017-09-27,28.450000762939453,29.100000381469727,28.299999237060547,28.549999237060547,28.549999237060547,297300
2017-09-28,28.649999618530273,28.799999237060547,28.200000762939453,28.600000381469727,28.600000381469727,277300
2017-09-29,28.549999237060547,28.75,28.25,28.399999618530273,28.399999618530273,143900
2017-10-02,28.600000381469727,29.0,28.350000381469727,28.950000762939453,28.950000762939453,242400
2017-10-03,29.0,29.049999237060547,28.350000381469727,28.850000381469727,28.850000381469727,162300
2017-10-04,28.850000381469727,29.100000381469727,28.5,28.649999618530273,28.649999618530273,405700
2017-10-05,28.899999618530273,29.799999237060547,28.75,29.549999237060547,29.549999237060547,340300
2017-10-06,29.5,29.899999618530273,29.149999618530273,29.649999618530273,29.649999618530273,393000
2017-10-09,29.600000381469727,29.799999237060547,28.600000381469727,28.75,28.75,262100
2017-10-10,29.149999618530273,29.149999618530273,28.649999618530273,29.100000381469727,29.100000381469727,230200
2017-10-11,29.0,29.25,27.899999618530273,28.0,28.0,413500
2017-10-12,27.600000381469727,28.200000762939453,27.200000762939453,28.0,28.0,408500
2017-10-13,28.100000381469727,28.100000381469727,27.549999237060547,27.899999618530273,27.899999618530273,305000
2017-10-16,28.200000762939453,28.299999237060547,27.700000762939453,27.950000762939453,27.950000762939453,294400
2017-10-17,27.950000762939453,27.950000762939453,27.450000762939453,27.799999237060547,27.799999237060547,213800
2017-10-18,27.75,27.899999618530273,27.350000381469727,27.5,27.5,174400
2017-10-19,27.149999618530273,27.700000762939453,27.0,27.600000381469727,27.600000381469727,248400
2017-10-20,28.0,28.299999237060547,27.75,27.899999618530273,27.899999618530273,168800
2017-10-23,27.899999618530273,28.049999237060547,27.700000762939453,27.75,27.75,257200
2017-10-24,27.899999618530273,28.049999237060547,27.549999237060547,27.549999237060547,27.549999237060547,293700
2017-10-25,27.5,27.850000381469727,27.200000762939453,27.600000381469727,27.600000381469727,283200
2017-10-26,27.899999618530273,28.75,27.799999237060547,28.100000381469727,28.100000381469727,336900
2017-10-27,28.100000381469727,29.049999237060547,27.899999618530273,28.799999237060547,28.799999237060547,278700
2017-10-30,28.899999618530273,29.149999618530273,28.350000381469727,28.600000381469727,28.600000381469727,207200
2017-10-31,28.75,28.899999618530273,28.149999618530273,28.200000762939453,28.200000762939453,292500
2017-11-01,28.5,28.600000381469727,27.700000762939453,28.149999618530273,28.149999618530273,261900
2017-11-02,28.0,28.200000762939453,27.299999237060547,27.649999618530273,27.649999618530273,251700
2017-11-03,27.700000762939453,27.899999618530273,27.25,27.5,27.5,197400
2017-11-06,27.649999618530273,27.75,26.850000381469727,27.299999237060547,27.299999237060547,398200
2017-11-07,27.450000762939453,27.450000762939453,26.700000762939453,26.75,26.75,260600
2017-11-08,26.5,26.649999618530273,25.75,25.799999237060547,25.799999237060547,597300
2017-11-09,25.350000381469727,25.799999237060547,25.049999237060547,25.299999237060547,25.299999237060547,611700
2017-11-10,23.0,24.68000030517578,22.600000381469727,24.200000762939453,24.200000762939453,2179600
2017-11-13,23.850000381469727,24.649999618530273,23.649999618530273,24.5,24.5,571700
2017-11-14,24.149999618530273,24.450000762939453,23.649999618530273,23.850000381469727,23.850000381469727,557500
2017-11-15,23.5,23.75,22.850000381469727,23.100000381469727,23.100000381469727,484500
2017-11-16,23.100000381469727,23.530000686645508,22.899999618530273,23.399999618530273,23.399999618530273,246600
2017-11-17,23.25,23.799999237060547,23.149999618530273,23.5,23.5,403200
2017-11-20,23.549999237060547,23.850000381469727,23.299999237060547,23.850000381469727,23.850000381469727,413700
2017-11-21,24.100000381469727,24.350000381469727,24.0,24.350000381469727,24.350000381469727,217100
2017-11-22,24.600000381469727,24.75,24.299999237060547,24.399999618530273,24.399999618530273,363600
2017-11-24,24.399999618530273,24.450000762939453,23.100000381469727,23.299999237060547,23.299999237060547,310700
2017-11-27,23.350000381469727,23.540000915527344,23.18000030517578,23.350000381469727,23.350000381469727,554800
2017-11-28,23.350000381469727,24.25,23.100000381469727,24.049999237060547,24.049999237060547,1144400
2017-11-29,24.200000762939453,24.950000762939453,24.149999618530273,24.899999618530273,24.899999618530273,484300
2017-11-30,25.100000381469727,25.450000762939453,24.950000762939453,25.200000762939453,25.200000762939453,470700
2017-12-01,25.350000381469727,25.3799991607666,24.350000381469727,25.100000381469727,25.100000381469727,337600
2017-12-04,25.600000381469727,26.100000381469727,25.360000610351562,26.0,26.0,568500
2017-12-05,25.899999618530273,25.899999618530273,25.25,25.549999237060547,25.549999237060547,616200
2017-12-06,25.5,26.850000381469727,25.149999618530273,26.700000762939453,26.700000762939453,571800
2017-12-07,26.899999618530273,27.200000762939453,26.299999237060547,26.899999618530273,26.899999618530273,631400
2017-12-08,27.049999237060547,28.049999237060547,26.93000030517578,27.75,27.75,590700
2017-12-11,28.049999237060547,28.149999618530273,27.450000762939453,27.799999237060547,27.799999237060547,512300
2017-12-12,27.899999618530273,28.149999618530273,27.649999618530273,27.850000381469727,27.850000381469727,356800
2017-12-13,27.850000381469727,28.299999237060547,27.600000381469727,27.649999618530273,27.649999618530273,729800
2017-12-14,27.649999618530273,27.799999237060547,26.5,26.600000381469727,26.600000381469727,425900
2017-12-15,26.850000381469727,27.5,26.700000762939453,27.100000381469727,27.100000381469727,418500
2017-12-18,27.350000381469727,27.649999618530273,26.799999237060547,27.299999237060547,27.299999237060547,402300
2017-12-19,27.5,27.5,26.850000381469727,27.0,27.0,388900
2017-12-20,27.200000762939453,27.350000381469727,25.950000762939453,26.0,26.0,758500
2017-12-21,26.299999237060547,26.350000381469727,25.850000381469727,26.25,26.25,518700
2017-12-22,26.25,26.350000381469727,24.950000762939453,25.25,25.25,457900
2017-12-26,25.299999237060547,26.18000030517578,25.299999237060547,25.950000762939453,25.950000762939453,251100
2017-12-27,26.0,26.0,25.549999237060547,25.799999237060547,25.799999237060547,285600
2017-12-28,26.0,26.149999618530273,25.75,26.049999237060547,26.049999237060547,363100
2017-12-29,26.049999237060547,26.149999618530273,25.350000381469727,25.350000381469727,25.350000381469727,336100
2018-01-02,25.649999618530273,25.950000762939453,25.0,25.399999618530273,25.399999618530273,770700
2018-01-03,25.450000762939453,25.600000381469727,24.950000762939453,25.200000762939453,25.200000762939453,372200
2018-01-04,25.399999618530273,25.8799991607666,25.149999618530273,25.700000762939453,25.700000762939453,510100
2018-01-05,25.850000381469727,26.100000381469727,25.5,25.700000762939453,25.700000762939453,415500
2018-01-08,25.700000762939453,25.950000762939453,25.399999618530273,25.850000381469727,25.850000381469727,368900
2018-01-09,25.850000381469727,26.399999618530273,25.700000762939453,25.75,25.75,286500
2018-01-10,25.700000762939453,25.950000762939453,25.549999237060547,25.700000762939453,25.700000762939453,216200
2018-01-11,25.850000381469727,26.850000381469727,25.850000381469727,26.75,26.75,296400
2018-01-12,26.75,27.93000030517578,26.75,27.5,27.5,466400
2018-01-16,27.75,28.049999237060547,26.950000762939453,27.0,27.0,552200
2018-01-17,27.200000762939453,27.950000762939453,26.739999771118164,27.399999618530273,27.399999618530273,538700
2018-01-18,27.450000762939453,27.5,26.700000762939453,26.75,26.75,476400
2018-01-19,26.75,27.049999237060547,26.600000381469727,27.049999237060547,27.049999237060547,351000
2018-01-22,27.049999237060547,27.149999618530273,26.75,27.0,27.0,169700
2018-01-23,26.75,27.0,26.299999237060547,26.399999618530273,26.399999618530273,283100
2018-01-24,26.649999618530273,26.850000381469727,25.899999618530273,26.100000381469727,26.100000381469727,650100
2018-01-25,26.149999618530273,26.200000762939453,25.700000762939453,25.850000381469727,25.850000381469727,260600
2018-01-26,26.049999237060547,26.25,25.700000762939453,26.100000381469727,26.100000381469727,435600
2018-01-29,26.100000381469727,26.299999237060547,25.700000762939453,25.75,25.75,409600
2018-01-30,25.5,25.600000381469727,24.780000686645508,25.149999618530273,25.149999618530273,574200
2018-01-31,25.549999237060547,25.639999389648438,24.649999618530273,24.75,24.75,426600
2018-02-01,24.75,25.049999237060547,24.5,24.700000762939453,24.700000762939453,393100
2018-02-02,24.5,24.549999237060547,23.899999618530273,23.950000762939453,23.950000762939453,375200
2018-02-05,23.649999618530273,23.950000762939453,22.899999618530273,23.0,23.0,758900
2018-02-06,22.5,23.649999618530273,22.200000762939453,22.5,22.5,718700
2018-02-07,22.5,22.68000030517578,21.899999618530273,21.950000762939453,21.950000762939453,616400
2018-02-08,22.0,22.059999465942383,21.149999618530273,21.799999237060547,21.799999237060547,1071900
2018-02-09,22.200000762939453,22.780000686645508,21.690000534057617,22.399999618530273,22.399999618530273,799800
2018-02-12,22.549999237060547,22.68000030517578,21.549999237060547,21.600000381469727,21.600000381469727,958700
2018-02-13,21.5,22.399999618530273,21.399999618530273,22.25,22.25,575800
2018-02-14,22.0,22.799999237060547,21.850000381469727,22.549999237060547,22.549999237060547,415900
2018-02-15,22.799999237060547,23.399999618530273,22.299999237060547,23.049999237060547,23.049999237060547,1040600
2018-02-16,23.049999237060547,23.149999618530273,22.450000762939453,22.549999237060547,22.549999237060547,542400
2018-02-20,22.399999618530273,22.700000762939453,21.950000762939453,22.149999618530273,22.149999618530273,393000
2018-02-21,22.200000762939453,22.75,22.149999618530273,22.25,22.25,480700
2018-02-22,22.450000762939453,22.799999237060547,22.149999618530273,22.399999618530273,22.399999618530273,273600
2018-02-23,22.549999237060547,22.649999618530273,22.0,22.549999237060547,22.549999237060547,351600
2018-02-26,22.649999618530273,22.799999237060547,22.200000762939453,22.5,22.5,343400
2018-02-27,22.5,22.799999237060547,21.75,21.850000381469727,21.850000381469727,562500
2018-02-28,23.299999237060547,24.979999542236328,22.93000030517578,24.149999618530273,24.149999618530273,2295700
2018-03-01,24.049999237060547,24.299999237060547,21.93000030517578,22.200000762939453,22.200000762939453,1380200
2018-03-02,21.899999618530273,22.350000381469727,21.700000762939453,21.950000762939453,21.950000762939453,1218400
2018-03-05,21.799999237060547,22.75,21.75,22.600000381469727,22.600000381469727,593200
2018-03-06,22.799999237060547,23.200000762939453,22.350000381469727,22.950000762939453,22.950000762939453,702100
2018-03-07,22.649999618530273,23.600000381469727,22.600000381469727,23.350000381469727,23.350000381469727,662000
2018-03-08,23.350000381469727,23.479999542236328,22.649999618530273,22.799999237060547,22.799999237060547,422500
2018-03-09,22.899999618530273,23.149999618530273,22.600000381469727,23.100000381469727,23.100000381469727,441700
2018-03-12,23.0,23.299999237060547,22.799999237060547,23.0,23.0,345500
2018-03-13,23.0,23.399999618530273,22.75,22.899999618530273,22.899999618530273,377400
2018-03-14,23.100000381469727,23.100000381469727,22.100000381469727,22.350000381469727,22.350000381469727,1158600
2018-03-15,22.450000762939453,22.75,22.049999237060547,22.399999618530273,22.399999618530273,1870200
2018-03-16,22.350000381469727,22.899999618530273,22.200000762939453,22.549999237060547,22.549999237060547,444600
2018-03-19,22.5,22.549999237060547,21.649999618530273,21.850000381469727,21.850000381469727,597700
2018-03-20,21.899999618530273,22.100000381469727,21.5,21.600000381469727,21.600000381469727,409000
2018-03-21,21.649999618530273,22.100000381469727,21.549999237060547,21.850000381469727,21.850000381469727,467100
2018-03-22,21.600000381469727,21.799999237060547,21.25,21.299999237060547,21.299999237060547,532700
2018-03-23,21.450000762939453,21.450000762939453,20.700000762939453,20.75,20.75,665500
2018-03-26,21.0,21.25,20.200000762939453,20.899999618530273,20.899999618530273,982000
2018-03-27,21.049999237060547,21.600000381469727,20.75,21.100000381469727,21.100000381469727,589400
2018-03-28,21.100000381469727,21.399999618530273,20.950000762939453,21.25,21.25,513000
2018-03-29,21.350000381469727,22.200000762939453,21.350000381469727,22.049999237060547,22.049999237060547,726600
2018-04-02,21.950000762939453,22.149999618530273,21.5,21.75,21.75,543300
2018-04-03,22.0,22.350000381469727,21.799999237060547,22.200000762939453,22.200000762939453,473000
2018-04-04,21.850000381469727,22.790000915527344,21.799999237060547,22.700000762939453,22.700000762939453,335300
2018-04-05,22.850000381469727,23.229999542236328,22.850000381469727,23.149999618530273,23.149999618530273,332500
2018-04-06,22.950000762939453,23.100000381469727,21.700000762939453,22.100000381469727,22.100000381469727,565700
2018-04-09,22.200000762939453,22.200000762939453,21.700000762939453,21.75,21.75,294200
2018-04-10,22.100000381469727,22.75,21.850000381469727,22.700000762939453,22.700000762939453,458100
2018-04-11,22.450000762939453,22.600000381469727,21.850000381469727,21.950000762939453,21.950000762939453,507700
2018-04-12,22.149999618530273,22.43000030517578,21.979999542236328,22.100000381469727,22.100000381469727,558800
2018-04-13,22.25,22.299999237060547,21.399999618530273,21.600000381469727,21.600000381469727,672500
2018-04-16,21.600000381469727,21.799999237060547,21.450000762939453,21.649999618530273,21.649999618530273,851200
2018-04-17,21.760000228881836,21.799999237060547,21.479999542236328,21.600000381469727,21.600000381469727,392900
2018-04-18,21.649999618530273,22.200000762939453,21.649999618530273,22.0,22.0,333600
2018-04-19,22.0,22.200000762939453,21.600000381469727,21.799999237060547,21.799999237060547,659300
2018-04-20,21.700000762939453,21.799999237060547,21.399999618530273,21.5,21.5,389700
2018-04-23,21.5,21.850000381469727,21.399999618530273,21.75,21.75,260100
2018-04-24,21.899999618530273,22.0,21.450000762939453,21.5,21.5,289400
2018-04-25,21.549999237060547,21.780000686645508,21.350000381469727,21.600000381469727,21.600000381469727,260400
2018-04-26,21.649999618530273,21.649999618530273,21.049999237060547,21.149999618530273,21.149999618530273,273700
2018-04-27,21.200000762939453,21.450000762939453,21.079999923706055,21.399999618530273,21.399999618530273,259800
2018-04-30,21.399999618530273,21.549999237060547,20.600000381469727,20.649999618530273,20.649999618530273,313900
2018-05-01,21.0,21.0,20.229999542236328,20.950000762939453,20.950000762939453,405100
2018-05-02,21.0,21.399999618530273,20.950000762939453,21.049999237060547,21.049999237060547,227100
2018-05-03,21.0,21.200000762939453,20.600000381469727,20.799999237060547,20.799999237060547,248700
2018-05-04,20.600000381469727,20.75,20.190000534057617,20.549999237060547,20.549999237060547,312800
2018-05-07,20.700000762939453,21.399999618530273,20.5,21.149999618530273,21.149999618530273,378300
2018-05-08,21.149999618530273,21.850000381469727,21.149999618530273,21.600000381469727,21.600000381469727,385200
2018-05-09,21.75,21.899999618530273,21.280000686645508,21.450000762939453,21.450000762939453,368300
2018-05-10,20.200000762939453,20.600000381469727,18.899999618530273,19.799999237060547,19.799999237060547,1301100
2018-05-11,19.75,20.0,19.399999618530273,19.899999618530273,19.899999618530273,546200
2018-05-14,19.799999237060547,21.049999237060547,19.700000762939453,20.700000762939453,20.700000762939453,864900
2018-05-15,20.700000762939453,20.829999923706055,20.25,20.25,20.25,486400
2018-05-16,20.25,20.850000381469727,20.25,20.600000381469727,20.600000381469727,283200
2018-05-17,20.549999237060547,21.149999618530273,20.549999237060547,20.899999618530273,20.899999618530273,307700
2018-05-18,20.899999618530273,21.0,20.350000381469727,20.399999618530273,20.399999618530273,451000
2018-05-21,20.5,20.75,20.350000381469727,20.5,20.5,351500
2018-05-22,20.450000762939453,20.65999984741211,20.200000762939453,20.299999237060547,20.299999237060547,197000
2018-05-23,20.149999618530273,20.200000762939453,19.649999618530273,19.899999618530273,19.899999618530273,293300
2018-05-24,19.850000381469727,20.049999237060547,19.649999618530273,19.899999618530273,19.899999618530273,224300
2018-05-25,20.0,20.649999618530273,20.0,20.549999237060547,20.549999237060547,410900
2018-05-29,20.350000381469727,20.600000381469727,20.200000762939453,20.25,20.25,404300
2018-05-30,20.399999618530273,20.799999237060547,20.399999618530273,20.5,20.5,914200
2018-05-31,20.450000762939453,20.59000015258789,19.700000762939453,19.799999237060547,19.799999237060547,475600
2018-06-01,20.0,20.049999237060547,19.649999618530273,19.899999618530273,19.899999618530273,368900
2018-06-04,19.899999618530273,20.149999618530273,19.549999237060547,19.649999618530273,19.649999618530273,267600
2018-06-05,19.700000762939453,19.899999618530273,19.450000762939453,19.75,19.75,207500
2018-06-06,19.799999237060547,19.950000762939453,19.549999237060547,19.899999618530273,19.899999618530273,313200
2018-06-07,19.899999618530273,20.079999923706055,19.75,19.899999618530273,19.899999618530273,224800
2018-06-08,19.899999618530273,20.200000762939453,19.649999618530273,20.100000381469727,20.100000381469727,338400
2018-06-11,20.200000762939453,20.25,19.75,19.850000381469727,19.850000381469727,296200
2018-06-12,19.850000381469727,20.049999237060547,19.649999618530273,19.649999618530273,19.649999618530273,274100
2018-06-13,19.75,19.75,19.399999618530273,19.5,19.5,386800
2018-06-14,19.549999237060547,19.549999237060547,19.0,19.25,19.25,312100
2018-06-15,19.299999237060547,19.299999237060547,18.649999618530273,18.899999618530273,18.899999618530273,742100
2018-06-18,18.799999237060547,19.149999618530273,18.700000762939453,19.049999237060547,19.049999237060547,370100
2018-06-19,18.899999618530273,19.149999618530273,18.899999618530273,18.950000762939453,18.950000762939453,336400
2018-06-20,19.049999237060547,19.149999618530273,18.549999237060547,19.100000381469727,19.100000381469727,447400
2018-06-21,19.0,19.200000762939453,18.700000762939453,19.0,19.0,452500
2018-06-22,19.25,19.700000762939453,19.0,19.649999618530273,19.649999618530273,801400
2018-06-25,19.549999237060547,19.600000381469727,18.700000762939453,18.75,18.75,463100
2018-06-26,18.75,19.350000381469727,18.299999237060547,19.200000762939453,19.200000762939453,376300
2018-06-27,19.25,19.399999618530273,18.600000381469727,18.600000381469727,18.600000381469727,359800
2018-06-28,18.649999618530273,18.700000762939453,18.049999237060547,18.5,18.5,441600
2018-06-29,18.5,19.100000381469727,18.350000381469727,18.450000762939453,18.450000762939453,550500
2018-07-02,18.25,18.5,17.75,17.950000762939453,17.950000762939453,500400
2018-07-03,18.100000381469727,18.450000762939453,17.649999618530273,17.850000381469727,17.850000381469727,254200
2018-07-05,17.950000762939453,18.34000015258789,17.649999618530273,18.299999237060547,18.299999237060547,314800
2018-07-06,18.200000762939453,18.649999618530273,18.100000381469727,18.399999618530273,18.399999618530273,154000
2018-07-09,18.5,18.899999618530273,18.5,18.700000762939453,18.700000762939453,194700
2018-07-10,18.649999618530273,18.950000762939453,18.399999618530273,18.5,18.5,195000
2018-07-11,18.450000762939453,18.549999237060547,18.049999237060547,18.200000762939453,18.200000762939453,204500
2018-07-12,18.350000381469727,18.5,17.549999237060547,17.950000762939453,17.950000762939453,365100
2018-07-13,17.950000762939453,18.75,17.950000762939453,18.549999237060547,18.549999237060547,318800
2018-07-16,18.549999237060547,18.700000762939453,17.8799991607666,18.100000381469727,18.100000381469727,329300
2018-07-17,18.0,18.5,17.950000762939453,18.049999237060547,18.049999237060547,291400
2018-07-18,18.149999618530273,18.649999618530273,17.899999618530273,18.549999237060547,18.549999237060547,238700
2018-07-19,18.5,18.899999618530273,18.270000457763672,18.75,18.75,309100
2018-07-20,18.549999237060547,18.700000762939453,18.049999237060547,18.100000381469727,18.100000381469727,311200
2018-07-23,17.950000762939453,18.299999237060547,17.75,18.0,18.0,236300
2018-07-24,18.149999618530273,18.3799991607666,17.950000762939453,18.299999237060547,18.299999237060547,196800
2018-07-25,18.200000762939453,18.299999237060547,17.799999237060547,18.200000762939453,18.200000762939453,340500
2018-07-26,18.25,18.649999618530273,18.110000610351562,18.200000762939453,18.200000762939453,401500
2018-07-27,18.299999237060547,18.549999237060547,18.200000762939453,18.25,18.25,326200
2018-07-30,18.350000381469727,18.8799991607666,18.149999618530273,18.149999618530273,18.149999618530273,209800
2018-07-31,18.200000762939453,18.700000762939453,18.100000381469727,18.5,18.5,286300
2018-08-01,18.5,18.5,18.049999237060547,18.399999618530273,18.399999618530273,318700
2018-08-02,18.25,18.5,17.899999618530273,18.149999618530273,18.149999618530273,282300
2018-08-03,18.100000381469727,18.549999237060547,18.100000381469727,18.25,18.25,253300
2018-08-06,18.350000381469727,19.049999237060547,18.200000762939453,19.0,19.0,291800
2018-08-07,19.049999237060547,19.100000381469727,18.850000381469727,19.100000381469727,19.100000381469727,249700
2018-08-08,20.450000762939453,22.030000686645508,19.950000762939453,20.850000381469727,20.850000381469727,1009000
2018-08-09,20.950000762939453,21.049999237060547,20.200000762939453,20.350000381469727,20.350000381469727,360700
2018-08-10,20.200000762939453,20.549999237060547,19.700000762939453,20.299999237060547,20.299999237060547,375600
2018-08-13,20.25,20.25,19.799999237060547,20.100000381469727,20.100000381469727,306600
2018-08-14,20.25,20.299999237060547,19.899999618530273,20.049999237060547,20.049999237060547,202000
2018-08-15,19.899999618530273,19.950000762939453,19.399999618530273,19.649999618530273,19.649999618530273,209300
2018-08-16,19.75,20.0,19.350000381469727,19.850000381469727,19.850000381469727,212800
2018-08-17,19.850000381469727,20.149999618530273,19.600000381469727,20.100000381469727,20.100000381469727,266000
2018-08-20,20.0,20.299999237060547,19.950000762939453,20.149999618530273,20.149999618530273,308200
2018-08-21,20.200000762939453,20.43000030517578,20.0,20.350000381469727,20.350000381469727,387700
2018-08-22,20.450000762939453,20.600000381469727,20.149999618530273,20.350000381469727,20.350000381469727,180800
2018-08-23,20.25,20.399999618530273,20.0,20.350000381469727,20.350000381469727,210400
2018-08-24,20.350000381469727,20.5,19.850000381469727,20.100000381469727,20.100000381469727,199800
2018-08-27,20.0,20.350000381469727,19.850000381469727,20.0,20.0,218900
2018-08-28,20.200000762939453,20.450000762939453,19.799999237060547,20.25,20.25,269600
2018-08-29,20.350000381469727,20.450000762939453,20.049999237060547,20.350000381469727,20.350000381469727,394400
2018-08-30,20.149999618530273,20.299999237060547,19.700000762939453,20.049999237060547,20.049999237060547,450100
2018-08-31,19.899999618530273,20.549999237060547,19.700000762939453,20.350000381469727,20.350000381469727,535500
2018-09-04,20.350000381469727,20.5,19.850000381469727,20.049999237060547,20.049999237060547,620500
2018-09-05,19.899999618530273,20.100000381469727,19.75,19.850000381469727,19.850000381469727,294600
2018-09-06,19.899999618530273,20.299999237060547,19.700000762939453,20.149999618530273,20.149999618530273,232500
2018-09-07,20.0,20.149999618530273,19.049999237060547,19.700000762939453,19.700000762939453,398200
2018-09-10,19.75,20.299999237060547,19.75,20.200000762939453,20.200000762939453,189300
2018-09-11,20.149999618530273,20.5,19.93000030517578,20.299999237060547,20.299999237060547,218000
2018-09-12,20.299999237060547,20.75,20.25,20.700000762939453,20.700000762939453,158200
2018-09-13,20.799999237060547,21.200000762939453,20.739999771118164,21.0,21.0,259600
2018-09-14,21.049999237060547,21.350000381469727,20.950000762939453,21.0,21.0,150700
2018-09-17,21.100000381469727,21.25,20.600000381469727,20.600000381469727,20.600000381469727,172400
2018-09-18,20.700000762939453,20.850000381469727,20.399999618530273,20.450000762939453,20.450000762939453,161600
2018-09-19,20.399999618530273,21.100000381469727,20.399999618530273,20.5,20.5,229800
2018-09-20,20.5,20.700000762939453,20.229999542236328,20.299999237060547,20.299999237060547,391300
2018-09-21,20.299999237060547,20.450000762939453,19.950000762939453,20.049999237060547,20.049999237060547,645400
2018-09-24,20.0,20.049999237060547,19.399999618530273,19.850000381469727,19.850000381469727,244900
2018-09-25,19.850000381469727,19.899999618530273,19.299999237060547,19.549999237060547,19.549999237060547,439400
2018-09-26,19.5,19.75,18.899999618530273,18.950000762939453,18.950000762939453,299100
2018-09-27,18.899999618530273,18.899999618530273,18.450000762939453,18.549999237060547,18.549999237060547,320800
2018-09-28,18.600000381469727,19.350000381469727,18.600000381469727,18.799999237060547,18.799999237060547,311300
2018-10-01,18.93000030517578,19.09000015258789,18.700000762939453,18.81999969482422,18.81999969482422,393300
2018-10-02,18.889999389648438,18.979999542236328,18.709999084472656,18.850000381469727,18.850000381469727,193100
2018-10-03,18.90999984741211,19.18000030517578,18.649999618530273,19.09000015258789,19.09000015258789,254700
2018-10-04,19.040000915527344,19.139999389648438,18.90999984741211,18.989999771118164,18.989999771118164,310300
2018-10-05,18.969999313354492,19.059999465942383,18.649999618530273,18.729999542236328,18.729999542236328,459800
2018-10-08,18.68000030517578,19.239999771118164,18.670000076293945,19.200000762939453,19.200000762939453,238900
2018-10-09,19.139999389648438,19.520000457763672,19.010000228881836,19.280000686645508,19.280000686645508,712900
2018-10-10,19.200000762939453,19.350000381469727,18.760000228881836,18.809999465942383,18.809999465942383,428100
2018-10-11,18.600000381469727,18.600000381469727,17.850000381469727,17.850000381469727,17.850000381469727,736600
2018-10-12,18.09000015258789,18.09000015258789,17.360000610351562,17.799999237060547,17.799999237060547,1175900
2018-10-15,17.790000915527344,18.299999237060547,17.700000762939453,18.040000915527344,18.040000915527344,297500
2018-10-16,18.18000030517578,18.489999771118164,17.760000228881836,18.479999542236328,18.479999542236328,234800
2018-10-17,18.440000534057617,18.530000686645508,18.0,18.190000534057617,18.190000534057617,295300
2018-10-18,18.059999465942383,18.059999465942383,17.389999389648438,17.56999969482422,17.56999969482422,597300
2018-10-19,17.559999465942383,17.709999084472656,17.1299991607666,17.219999313354492,17.219999313354492,532600
2018-10-22,17.350000381469727,17.510000228881836,16.68000030517578,16.770000457763672,16.770000457763672,366500
2018-10-23,16.280000686645508,16.31999969482422,15.850000381469727,16.15999984741211,16.15999984741211,576100
2018-10-24,16.139999389648438,16.420000076293945,15.0600004196167,15.109999656677246,15.109999656677246,657500
2018-10-25,15.399999618530273,15.8100004196167,15.180000305175781,15.649999618530273,15.649999618530273,486200
2018-10-26,15.460000038146973,16.18000030517578,15.390000343322754,15.970000267028809,15.970000267028809,258100
2018-10-29,16.270000457763672,16.540000915527344,15.710000038146973,15.930000305175781,15.930000305175781,385800
2018-10-30,15.850000381469727,16.360000610351562,15.819999694824219,16.229999542236328,16.229999542236328,237500
2018-10-31,16.440000534057617,16.600000381469727,15.489999771118164,15.5,15.5,349000
2018-11-01,15.59000015258789,16.690000534057617,15.539999961853027,16.639999389648438,16.639999389648438,336100
2018-11-02,16.729999542236328,17.309999465942383,16.700000762939453,16.940000534057617,16.940000534057617,264200
2018-11-05,17.030000686645508,17.790000915527344,16.770000457763672,17.709999084472656,17.709999084472656,889400
2018-11-06,17.65999984741211,18.239999771118164,17.65999984741211,18.200000762939453,18.200000762939453,305000
2018-11-07,18.360000610351562,18.989999771118164,18.360000610351562,18.75,18.75,638400
2018-11-08,15.9399995803833,18.43000030517578,14.920000076293945,17.790000915527344,17.790000915527344,2303700
2018-11-09,17.43000030517578,17.780000686645508,17.43000030517578,17.559999465942383,17.559999465942383,1075400
2018-11-12,17.610000610351562,17.610000610351562,16.969999313354492,17.100000381469727,17.100000381469727,367100
2018-11-13,17.229999542236328,17.579999923706055,16.989999771118164,17.049999237060547,17.049999237060547,262000
2018-11-14,17.299999237060547,17.93000030517578,17.239999771118164,17.479999542236328,17.479999542236328,299700
2018-11-15,17.489999771118164,17.799999237060547,17.309999465942383,17.600000381469727,17.600000381469727,548900
2018-11-16,17.520000457763672,17.920000076293945,17.40999984741211,17.829999923706055,17.829999923706055,290300
2018-11-19,17.90999984741211,18.540000915527344,17.809999465942383,18.149999618530273,18.149999618530273,413000
2018-11-20,17.790000915527344,17.940000534057617,17.399999618530273,17.799999237060547,17.799999237060547,502900
2018-11-21,17.950000762939453,18.399999618530273,17.600000381469727,18.1299991607666,18.1299991607666,183500
2018-11-23,17.81999969482422,18.600000381469727,17.81999969482422,18.280000686645508,18.280000686645508,129700
2018-11-26,18.530000686645508,19.309999465942383,18.489999771118164,18.530000686645508,18.530000686645508,466600
2018-11-27,18.350000381469727,18.649999618530273,18.219999313354492,18.350000381469727,18.350000381469727,159900
2018-11-28,18.450000762939453,18.719999313354492,17.860000610351562,18.600000381469727,18.600000381469727,204900
2018-11-29,18.649999618530273,18.899999618530273,18.290000915527344,18.34000015258789,18.34000015258789,186300
2018-11-30,18.1200008392334,18.6200008392334,17.989999771118164,18.610000610351562,18.610000610351562,295500
2018-12-03,19.020000457763672,19.059999465942383,17.8799991607666,18.010000228881836,18.010000228881836,421300
2018-12-04,17.90999984741211,18.06999969482422,16.780000686645508,16.920000076293945,16.920000076293945,710900
2018-12-06,16.6299991607666,17.670000076293945,16.450000762939453,17.649999618530273,17.649999618530273,589700
2018-12-07,17.770000457763672,17.850000381469727,17.079999923706055,17.239999771118164,17.239999771118164,276500
2018-12-10,17.15999984741211,17.760000228881836,17.010000228881836,17.59000015258789,17.59000015258789,373900
2018-12-11,18.0,18.010000228881836,17.059999465942383,17.200000762939453,17.200000762939453,249400
2018-12-12,17.530000686645508,17.760000228881836,17.3700008392334,17.540000915527344,17.540000915527344,417600
2018-12-13,17.670000076293945,17.770000457763672,17.200000762939453,17.290000915527344,17.290000915527344,501300
2018-12-14,17.040000915527344,17.31999969482422,16.540000915527344,16.719999313354492,16.719999313354492,351000
2018-12-17,16.579999923706055,17.190000534057617,16.3700008392334,16.6299991607666,16.6299991607666,345300
2018-12-18,16.690000534057617,17.09000015258789,16.6200008392334,16.8799991607666,16.8799991607666,457900
2018-12-19,16.809999465942383,17.190000534057617,16.030000686645508,16.09000015258789,16.09000015258789,398800
2018-12-20,16.049999237060547,16.389999389648438,15.670000076293945,15.850000381469727,15.850000381469727,386000
2018-12-21,15.869999885559082,15.970000267028809,15.300000190734863,15.390000343322754,15.390000343322754,578500
2018-12-24,15.270000457763672,15.489999771118164,14.65999984741211,15.329999923706055,15.329999923706055,381000
2018-12-26,15.430000305175781,15.970000267028809,14.960000038146973,15.949999809265137,15.949999809265137,416900
2018-12-27,15.5600004196167,15.949999809265137,15.289999961853027,15.789999961853027,15.789999961853027,311500
2018-12-28,15.779999732971191,15.960000038146973,15.380000114440918,15.75,15.75,531800
2018-12-31,15.850000381469727,15.970000267028809,15.510000228881836,15.970000267028809,15.970000267028809,378200
2019-01-02,15.670000076293945,16.31999969482422,15.630000114440918,16.079999923706055,16.079999923706055,637000
2019-01-03,16.040000915527344,16.540000915527344,15.890000343322754,16.06999969482422,16.06999969482422,506000
2019-01-04,16.420000076293945,17.1299991607666,16.06999969482422,16.75,16.75,800500
2019-01-07,16.75,17.229999542236328,16.299999237060547,17.229999542236328,17.229999542236328,708400
2019-01-08,17.459999084472656,17.760000228881836,17.280000686645508,17.739999771118164,17.739999771118164,345700
2019-01-09,17.770000457763672,17.850000381469727,16.899999618530273,17.770000457763672,17.770000457763672,481700
2019-01-10,17.59000015258789,17.969999313354492,17.469999313354492,17.950000762939453,17.950000762939453,212800
2019-01-11,17.75,18.059999465942383,17.549999237060547,18.040000915527344,18.040000915527344,241000
2019-01-14,17.889999389648438,18.219999313354492,17.700000762939453,17.940000534057617,17.940000534057617,263500
2019-01-15,17.940000534057617,18.049999237060547,17.579999923706055,17.920000076293945,17.920000076293945,243100
2019-01-16,17.920000076293945,17.979999542236328,17.469999313354492,17.56999969482422,17.56999969482422,223800
2019-01-17,17.459999084472656,17.989999771118164,17.459999084472656,17.829999923706055,17.829999923706055,222000
2019-01-18,18.010000228881836,18.59000015258789,17.8700008392334,18.329999923706055,18.329999923706055,219000
2019-01-22,17.350000381469727,17.489999771118164,16.260000228881836,16.559999465942383,16.559999465942383,670100
2019-01-23,16.56999969482422,17.149999618530273,16.56999969482422,17.110000610351562,17.110000610351562,418000
2019-01-24,17.049999237060547,17.43000030517578,17.049999237060547,17.239999771118164,17.239999771118164,316600
2019-01-25,17.389999389648438,17.8799991607666,17.389999389648438,17.440000534057617,17.440000534057617,392300
2019-01-28,17.280000686645508,17.579999923706055,17.030000686645508,17.18000030517578,17.18000030517578,298800
2019-01-29,17.1299991607666,17.329999923706055,17.0,17.219999313354492,17.219999313354492,185800
2019-01-30,17.350000381469727,17.389999389648438,16.860000610351562,17.209999084472656,17.209999084472656,173800
2019-01-31,17.170000076293945,17.649999618530273,17.06999969482422,17.209999084472656,17.209999084472656,345600
2019-02-01,16.399999618530273,16.75,16.010000228881836,16.079999923706055,16.079999923706055,403000
2019-02-04,16.059999465942383,16.399999618530273,15.819999694824219,16.399999618530273,16.399999618530273,217200
2019-02-05,16.440000534057617,16.610000610351562,15.829999923706055,16.1200008392334,16.1200008392334,704200
2019-02-06,16.09000015258789,16.399999618530273,16.09000015258789,16.360000610351562,16.360000610351562,309900
2019-02-07,16.219999313354492,16.25,15.65999984741211,15.949999809265137,15.949999809265137,249300
2019-02-08,15.869999885559082,16.200000762939453,15.579999923706055,15.6899995803833,15.6899995803833,318300
2019-02-11,15.729999542236328,15.770000457763672,15.229999542236328,15.40999984741211,15.40999984741211,570600
2019-02-12,15.5,15.829999923706055,15.420000076293945,15.789999961853027,15.789999961853027,1641500
2019-02-13,15.829999923706055,16.43000030517578,15.829999923706055,16.34000015258789,16.34000015258789,396500
2019-02-14,16.270000457763672,16.639999389648438,16.170000076293945,16.5,16.5,337500
2019-02-15,16.6299991607666,17.170000076293945,16.59000015258789,16.989999771118164,16.989999771118164,303200
2019-02-19,16.93000030517578,17.559999465942383,16.889999389648438,17.469999313354492,17.469999313354492,321000
2019-02-20,17.540000915527344,18.09000015258789,17.540000915527344,17.709999084472656,17.709999084472656,385400
2019-02-21,17.700000762939453,17.950000762939453,17.520000457763672,17.920000076293945,17.920000076293945,214200
2019-02-22,18.149999618530273,18.329999923706055,17.959999084472656,18.079999923706055,18.079999923706055,299000
2019-02-25,18.079999923706055,18.420000076293945,18.049999237060547,18.09000015258789,18.09000015258789,431300
2019-02-26,18.100000381469727,18.25,17.639999389648438,17.670000076293945,17.670000076293945,492700
2019-02-27,17.719999313354492,17.719999313354492,17.190000534057617,17.520000457763672,17.520000457763672,266900
2019-02-28,19.719999313354492,20.520000457763672,18.479999542236328,18.81999969482422,18.81999969482422,1000100
2019-03-01,19.1299991607666,19.579999923706055,18.920000076293945,19.239999771118164,19.239999771118164,664600
2019-03-04,19.239999771118164,19.530000686645508,18.989999771118164,19.1299991607666,19.1299991607666,464900
2019-03-05,19.15999984741211,19.329999923706055,18.899999618530273,19.18000030517578,19.18000030517578,410500
2019-03-06,19.190000534057617,19.239999771118164,18.59000015258789,18.59000015258789,18.59000015258789,383800
2019-03-07,18.40999984741211,18.540000915527344,18.059999465942383,18.40999984741211,18.40999984741211,546900
2019-03-08,18.360000610351562,18.59000015258789,18.1299991607666,18.399999618530273,18.399999618530273,508600
2019-03-11,18.469999313354492,18.979999542236328,18.459999084472656,18.780000686645508,18.780000686645508,639900
2019-03-12,19.0,19.270000457763672,18.829999923706055,19.059999465942383,19.059999465942383,317700
2019-03-13,19.139999389648438,19.200000762939453,18.959999084472656,19.010000228881836,19.010000228881836,247800
2019-03-14,19.010000228881836,19.100000381469727,18.610000610351562,18.6299991607666,18.6299991607666,273600
2019-03-15,18.6299991607666,19.059999465942383,18.5,18.510000228881836,18.510000228881836,519700
2019-03-18,18.610000610351562,18.8799991607666,18.549999237060547,18.809999465942383,18.809999465942383,258300
2019-03-19,18.93000030517578,19.139999389648438,18.56999969482422,18.610000610351562,18.610000610351562,338400
2019-03-20,18.540000915527344,18.540000915527344,17.969999313354492,18.31999969482422,18.31999969482422,437000
2019-03-21,18.260000228881836,18.65999984741211,18.15999984741211,18.18000030517578,18.18000030517578,282900
2019-03-22,18.040000915527344,18.09000015258789,17.110000610351562,17.1200008392334,17.1200008392334,428800
2019-03-25,17.09000015258789,17.350000381469727,16.739999771118164,17.139999389648438,17.139999389648438,383700
2019-03-26,17.280000686645508,17.399999618530273,16.739999771118164,17.0,17.0,387800
2019-03-27,17.09000015258789,17.6299991607666,16.90999984741211,17.190000534057617,17.190000534057617,314900
2019-03-28,17.31999969482422,17.700000762939453,16.729999542236328,17.290000915527344,17.290000915527344,304700
2019-03-29,17.440000534057617,17.459999084472656,16.959999084472656,17.1200008392334,17.1200008392334,415900
2019-04-01,17.25,17.770000457763672,17.200000762939453,17.56999969482422,17.56999969482422,186000
2019-04-02,17.510000228881836,17.860000610351562,17.280000686645508,17.760000228881836,17.760000228881836,366700
2019-04-03,17.90999984741211,18.100000381469727,17.780000686645508,17.829999923706055,17.829999923706055,319500
2019-04-04,17.809999465942383,18.489999771118164,17.790000915527344,18.43000030517578,18.43000030517578,309200
2019-04-05,18.56999969482422,19.0,18.309999465942383,18.950000762939453,18.950000762939453,409900
2019-04-08,18.81999969482422,19.229999542236328,18.799999237060547,19.0,19.0,327900
2019-04-09,18.90999984741211,19.010000228881836,18.600000381469727,18.739999771118164,18.739999771118164,305000
2019-04-10,18.81999969482422,19.0,18.75,18.950000762939453,18.950000762939453,159000
2019-04-11,18.989999771118164,19.18000030517578,18.8799991607666,18.989999771118164,18.989999771118164,147600
2019-04-12,19.1299991607666,19.219999313354492,18.969999313354492,18.979999542236328,18.979999542236328,216100
2019-04-15,19.010000228881836,19.260000228881836,18.8700008392334,19.040000915527344,19.040000915527344,181800
2019-04-16,19.110000610351562,19.670000076293945,19.110000610351562,19.540000915527344,19.540000915527344,288700
2019-04-17,19.6299991607666,19.950000762939453,19.579999923706055,19.8700008392334,19.8700008392334,219900
2019-04-18,19.889999389648438,20.149999618530273,19.600000381469727,19.739999771118164,19.739999771118164,281100
2019-04-22,19.639999389648438,19.850000381469727,19.559999465942383,19.81999969482422,19.81999969482422,190900
2019-04-23,20.0,20.049999237060547,19.790000915527344,19.889999389648438,19.889999389648438,362900
2019-04-24,19.889999389648438,20.0,19.729999542236328,19.950000762939453,19.950000762939453,511700
2019-04-25,19.850000381469727,19.969999313354492,19.479999542236328,19.579999923706055,19.579999923706055,372200
2019-04-26,19.68000030517578,19.729999542236328,19.43000030517578,19.540000915527344,19.540000915527344,269600
2019-04-29,19.6299991607666,19.809999465942383,19.59000015258789,19.700000762939453,19.700000762939453,242300
2019-04-30,19.65999984741211,20.020000457763672,19.459999084472656,19.969999313354492,19.969999313354492,265200
2019-05-01,20.1299991607666,20.299999237060547,19.790000915527344,19.790000915527344,19.790000915527344,316800
2019-05-02,19.6200008392334,19.989999771118164,19.59000015258789,19.969999313354492,19.969999313354492,249500
2019-05-03,20.219999313354492,20.219999313354492,19.790000915527344,20.06999969482422,20.06999969482422,287900
2019-05-06,19.729999542236328,20.25,19.559999465942383,20.229999542236328,20.229999542236328,165600
2019-05-07,20.079999923706055,20.3700008392334,19.649999618530273,19.760000228881836,19.760000228881836,310600
2019-05-08,19.75,19.90999984741211,19.299999237060547,19.489999771118164,19.489999771118164,356600
2019-05-09,18.290000915527344,18.3799991607666,16.75,17.049999237060547,17.049999237060547,971600
2019-05-10,16.959999084472656,17.170000076293945,16.75,16.969999313354492,16.969999313354492,396000
2019-05-13,16.549999237060547,16.729999542236328,16.15999984741211,16.549999237060547,16.549999237060547,572000
2019-05-14,16.579999923706055,16.780000686645508,16.360000610351562,16.700000762939453,16.700000762939453,430000
2019-05-15,16.450000762939453,17.0,16.3799991607666,16.8700008392334,16.8700008392334,300800
2019-05-16,16.8700008392334,16.959999084472656,16.489999771118164,16.530000686645508,16.530000686645508,268100
2019-05-17,16.31999969482422,16.59000015258789,16.1299991607666,16.149999618530273,16.149999618530273,337800
2019-05-20,16.040000915527344,16.18000030517578,15.739999771118164,15.930000305175781,15.930000305175781,622800
2019-05-21,16.059999465942383,16.059999465942383,15.65999984741211,15.75,15.75,307200
2019-05-22,15.890000343322754,15.890000343322754,15.630000114440918,15.720000267028809,15.720000267028809,247600
2019-05-23,15.510000228881836,15.510000228881836,15.140000343322754,15.210000038146973,15.210000038146973,244700
2019-05-24,15.289999961853027,15.5600004196167,15.149999618530273,15.289999961853027,15.289999961853027,269300
2019-05-28,15.34000015258789,15.399999618530273,15.079999923706055,15.09000015258789,15.09000015258789,225600
2019-05-29,15.029999732971191,15.039999961853027,14.699999809265137,14.9399995803833,14.9399995803833,256000
2019-05-30,14.949999809265137,15.279999732971191,14.680000305175781,14.720000267028809,14.720000267028809,256300
2019-05-31,14.449999809265137,14.579999923706055,14.1899995803833,14.539999961853027,14.539999961853027,406300
2019-06-03,14.539999961853027,14.960000038146973,14.539999961853027,14.760000228881836,14.760000228881836,408800
2019-06-04,14.979999542236328,15.539999961853027,14.9399995803833,15.520000457763672,15.520000457763672,646800
2019-06-05,15.550000190734863,15.579999923706055,15.109999656677246,15.25,15.25,249600
2019-06-06,15.220000267028809,15.270000457763672,14.670000076293945,14.770000457763672,14.770000457763672,294400
2019-06-07,14.8100004196167,14.920000076293945,14.680000305175781,14.789999961853027,14.789999961853027,294900
2019-06-10,14.899999618530273,15.130000114440918,14.489999771118164,14.5,14.5,280500
2019-06-11,14.6899995803833,14.739999771118164,14.15999984741211,14.210000038146973,14.210000038146973,391900
2019-06-12,14.15999984741211,14.239999771118164,13.520000457763672,13.880000114440918,13.880000114440918,628600
2019-06-13,13.960000038146973,14.170000076293945,13.65999984741211,13.770000457763672,13.770000457763672,368000
2019-06-14,13.779999732971191,13.779999732971191,13.399999618530273,13.40999984741211,13.40999984741211,424800
2019-06-17,13.390000343322754,13.489999771118164,13.25,13.289999961853027,13.289999961853027,400600
2019-06-18,13.319999694824219,13.520000457763672,13.0,13.239999771118164,13.239999771118164,757600
2019-06-19,13.25,13.350000381469727,12.699999809265137,12.850000381469727,12.850000381469727,647200
2019-06-20,13.039999961853027,13.279999732971191,12.770000457763672,13.199999809265137,13.199999809265137,701900
2019-06-21,13.170000076293945,13.380000114440918,12.649999618530273,13.239999771118164,13.239999771118164,677500
2019-06-24,13.180000305175781,13.539999961853027,13.130000114440918,13.350000381469727,13.350000381469727,421800
2019-06-25,13.34000015258789,13.670000076293945,13.140000343322754,13.15999984741211,13.15999984741211,642400
2019-06-26,13.15999984741211,13.260000228881836,12.619999885559082,12.829999923706055,12.829999923706055,512400
2019-06-27,12.850000381469727,13.4399995803833,12.850000381469727,13.399999618530273,13.399999618530273,535500
2019-06-28,13.399999618530273,14.050000190734863,13.399999618530273,13.869999885559082,13.869999885559082,780600
2019-07-01,14.539999961853027,14.699999809265137,14.239999771118164,14.369999885559082,14.369999885559082,662300
2019-07-02,14.350000381469727,14.350000381469727,14.069999694824219,14.170000076293945,14.170000076293945,459200
2019-07-03,14.1899995803833,14.420000076293945,14.09000015258789,14.380000114440918,14.380000114440918,299500
2019-07-05,14.289999961853027,14.600000381469727,14.25,14.529999732971191,14.529999732971191,284300
2019-07-08,14.40999984741211,14.829999923706055,14.40999984741211,14.510000228881836,14.510000228881836,404900
2019-07-09,14.40999984741211,14.529999732971191,14.109999656677246,14.359999656677246,14.359999656677246,221800
2019-07-10,14.479999542236328,14.489999771118164,14.020000457763672,14.020000457763672,14.020000457763672,191900
2019-07-11,14.0600004196167,14.140000343322754,13.710000038146973,13.84000015258789,13.84000015258789,140200
2019-07-12,13.800000190734863,14.319999694824219,13.770000457763672,14.180000305175781,14.180000305175781,376400
2019-07-15,14.199999809265137,14.279999732971191,13.6899995803833,13.800000190734863,13.800000190734863,300100
2019-07-16,13.789999961853027,14.0600004196167,13.770000457763672,13.859999656677246,13.859999656677246,222600
2019-07-17,13.789999961853027,13.789999961853027,13.510000228881836,13.600000381469727,13.600000381469727,426500
2019-07-18,13.59000015258789,13.630000114440918,13.270000457763672,13.380000114440918,13.380000114440918,362500
2019-07-19,13.380000114440918,13.600000381469727,13.279999732971191,13.40999984741211,13.40999984741211,249600
2019-07-22,13.40999984741211,13.479999542236328,12.960000038146973,13.039999961853027,13.039999961853027,252300
2019-07-23,13.140000343322754,13.300000190734863,12.960000038146973,13.09000015258789,13.09000015258789,235700
2019-07-24,13.0,13.800000190734863,13.0,13.710000038146973,13.710000038146973,543300
2019-07-25,13.710000038146973,13.84000015258789,13.40999984741211,13.40999984741211,13.40999984741211,304000
2019-07-26,13.420000076293945,13.539999961853027,13.180000305175781,13.25,13.25,174500
2019-07-29,13.229999542236328,13.380000114440918,12.920000076293945,12.970000267028809,12.970000267028809,233100
2019-07-30,12.930000305175781,13.229999542236328,12.539999961853027,13.180000305175781,13.180000305175781,372700
2019-07-31,13.239999771118164,13.539999961853027,13.010000228881836,13.0600004196167,13.0600004196167,351100
2019-08-01,13.0,13.15999984741211,12.6899995803833,12.800000190734863,12.800000190734863,429400
2019-08-02,12.729999542236328,12.729999542236328,12.130000114440918,12.229999542236328,12.229999542236328,369500
2019-08-05,12.0,12.0,11.529999732971191,11.65999984741211,11.65999984741211,490300
2019-08-06,11.699999809265137,11.899999618530273,10.539999961853027,10.630000114440918,10.630000114440918,1145100
2019-08-07,10.430000305175781,10.739999771118164,10.0600004196167,10.699999809265137,10.699999809265137,1397400
2019-08-08,10.75,11.569999694824219,10.5600004196167,11.050000190734863,11.050000190734863,1664400
2019-08-09,10.520000457763672,11.010000228881836,9.260000228881836,9.979999542236328,9.979999542236328,3241000
2019-08-12,9.75,10.619999885559082,9.6899995803833,10.1899995803833,10.1899995803833,669800
2019-08-13,10.09000015258789,10.210000038146973,9.729999542236328,10.130000114440918,10.130000114440918,787300
2019-08-14,9.920000076293945,10.010000228881836,9.680000305175781,9.930000305175781,9.930000305175781,815100
2019-08-15,9.899999618530273,9.970000267028809,9.630000114440918,9.779999732971191,9.779999732971191,906300
2019-08-16,9.800000190734863,10.289999961853027,9.630000114440918,10.229999542236328,10.229999542236328,479300
2019-08-19,10.350000381469727,10.470000267028809,10.260000228881836,10.34000015258789,10.34000015258789,573700
2019-08-20,10.279999732971191,10.289999961853027,10.010000228881836,10.210000038146973,10.210000038146973,286800
2019-08-21,10.350000381469727,10.4399995803833,10.279999732971191,10.350000381469727,10.350000381469727,297600
2019-08-22,10.390000343322754,10.649999618530273,10.350000381469727,10.430000305175781,10.430000305175781,367500
2019-08-23,10.34000015258789,10.460000038146973,10.010000228881836,10.010000228881836,10.010000228881836,433400
2019-08-26,10.140000343322754,10.140000343322754,9.970000267028809,10.09000015258789,10.09000015258789,244300
2019-08-27,10.170000076293945,10.170000076293945,9.640000343322754,9.699999809265137,9.699999809265137,1374600
2019-08-28,9.729999542236328,9.84000015258789,9.319999694824219,9.600000381469727,9.600000381469727,747900
2019-08-29,9.729999542236328,9.9399995803833,9.579999923706055,9.75,9.75,767400
2019-08-30,9.819999694824219,10.220000267028809,9.819999694824219,9.989999771118164,9.989999771118164,416200
2019-09-03,9.84000015258789,9.869999885559082,9.239999771118164,9.270000457763672,9.270000457763672,618700
2019-09-04,9.40999984741211,9.869999885559082,9.380000114440918,9.649999618530273,9.649999618530273,564300
2019-09-05,9.84000015258789,10.25,9.6899995803833,10.069999694824219,10.069999694824219,417600
2019-09-06,10.109999656677246,10.25,10.0,10.039999961853027,10.039999961853027,263100
2019-09-09,10.079999923706055,10.930000305175781,10.079999923706055,10.920000076293945,10.920000076293945,512000
2019-09-10,10.9399995803833,12.199999809265137,10.869999885559082,12.149999618530273,12.149999618530273,734300
2019-09-11,12.15999984741211,12.449999809265137,11.8100004196167,12.4399995803833,12.4399995803833,483600
2019-09-12,12.479999542236328,12.710000038146973,12.199999809265137,12.529999732971191,12.529999732971191,501500
2019-09-13,12.680000305175781,12.84000015258789,12.270000457763672,12.789999961853027,12.789999961853027,511200
2019-09-16,12.720000267028809,13.6899995803833,12.720000267028809,13.050000190734863,13.050000190734863,1232700
2019-09-17,12.90999984741211,13.170000076293945,12.569999694824219,13.140000343322754,13.140000343322754,570900
2019-09-18,13.079999923706055,13.430000305175781,13.050000190734863,13.130000114440918,13.130000114440918,765000
2019-09-19,13.180000305175781,13.260000228881836,12.890000343322754,13.0,13.0,326100
2019-09-20,12.979999542236328,13.1899995803833,12.850000381469727,13.0600004196167,13.0600004196167,594000
2019-09-23,12.970000267028809,13.890000343322754,12.90999984741211,13.779999732971191,13.779999732971191,843400
2019-09-24,13.819999694824219,13.819999694824219,13.430000305175781,13.710000038146973,13.710000038146973,756600
2019-09-25,13.670000076293945,13.899999618530273,13.59000015258789,13.880000114440918,13.880000114440918,475200
2019-09-26,14.069999694824219,14.640000343322754,13.970000267028809,14.460000038146973,14.460000038146973,745600
2019-09-27,14.579999923706055,14.850000381469727,14.050000190734863,14.199999809265137,14.199999809265137,882400
2019-09-30,14.25,14.470000267028809,14.029999732971191,14.329999923706055,14.329999923706055,383500
2019-10-01,14.489999771118164,14.579999923706055,13.800000190734863,13.880000114440918,13.880000114440918,903700
2019-10-02,13.729999542236328,13.770000457763672,13.329999923706055,13.460000038146973,13.460000038146973,490000
2019-10-03,13.369999885559082,13.649999618530273,13.3100004196167,13.5,13.5,356100
2019-10-04,13.569999694824219,14.079999923706055,13.449999809265137,14.039999961853027,14.039999961853027,272100
2019-10-07,13.949999809265137,14.170000076293945,13.770000457763672,14.069999694824219,14.069999694824219,391300
2019-10-08,13.899999618530273,14.119999885559082,13.770000457763672,13.970000267028809,13.970000267028809,185400
2019-10-09,14.1899995803833,14.390000343322754,14.079999923706055,14.329999923706055,14.329999923706055,274300
2019-10-10,14.420000076293945,14.920000076293945,14.270000457763672,14.529999732971191,14.529999732971191,310900
2019-10-11,14.829999923706055,15.319999694824219,14.829999923706055,15.1899995803833,15.1899995803833,323300
2019-10-14,15.149999618530273,15.460000038146973,14.920000076293945,15.34000015258789,15.34000015258789,469600
2019-10-15,15.4399995803833,15.869999885559082,15.289999961853027,15.520000457763672,15.520000457763672,405900
2019-10-16,15.5,15.859999656677246,15.5,15.729999542236328,15.729999542236328,757300
2019-10-17,15.880000114440918,15.989999771118164,15.619999885559082,15.880000114440918,15.880000114440918,400700
2019-10-18,15.800000190734863,16.5,15.779999732971191,16.479999542236328,16.479999542236328,435000
2019-10-21,16.709999084472656,17.06999969482422,16.6299991607666,16.770000457763672,16.770000457763672,684600
2019-10-22,16.799999237060547,16.8799991607666,16.280000686645508,16.600000381469727,16.600000381469727,709100
2019-10-23,16.6200008392334,16.950000762939453,16.459999084472656,16.8799991607666,16.8799991607666,248600
2019-10-24,16.8799991607666,16.8799991607666,16.420000076293945,16.59000015258789,16.59000015258789,357000
2019-10-25,16.59000015258789,16.860000610351562,16.270000457763672,16.59000015258789,16.59000015258789,428400
2019-10-28,16.700000762939453,16.75,16.110000610351562,16.15999984741211,16.15999984741211,289700
2019-10-29,16.049999237060547,16.100000381469727,15.869999885559082,15.960000038146973,15.960000038146973,322300
2019-10-30,16.010000228881836,16.010000228881836,15.789999961853027,15.829999923706055,15.829999923706055,389700
2019-10-31,15.6899995803833,15.779999732971191,15.170000076293945,15.470000267028809,15.470000267028809,418000
2019-11-01,15.5600004196167,16.56999969482422,15.5600004196167,16.559999465942383,16.559999465942383,634000
2019-11-04,16.780000686645508,17.290000915527344,16.600000381469727,17.049999237060547,17.049999237060547,414300
2019-11-05,17.079999923706055,17.200000762939453,16.75,16.770000457763672,16.770000457763672,344700
2019-11-06,16.75,16.75,15.5600004196167,15.710000038146973,15.710000038146973,627000
2019-11-07,17.030000686645508,19.479999542236328,17.010000228881836,18.469999313354492,18.469999313354492,1855400
2019-11-08,18.450000762939453,19.15999984741211,18.309999465942383,18.469999313354492,18.469999313354492,637900
2019-11-11,18.520000457763672,19.219999313354492,18.520000457763672,19.170000076293945,19.170000076293945,505100
2019-11-12,19.280000686645508,19.309999465942383,18.920000076293945,19.1200008392334,19.1200008392334,579600
2019-11-13,18.940000534057617,18.979999542236328,18.43000030517578,18.56999969482422,18.56999969482422,401300
2019-11-14,18.510000228881836,18.670000076293945,18.270000457763672,18.31999969482422,18.31999969482422,345700
2019-11-15,18.3700008392334,18.3700008392334,17.510000228881836,17.6299991607666,17.6299991607666,523800
2019-11-18,17.510000228881836,17.510000228881836,16.15999984741211,16.31999969482422,16.31999969482422,713500
2019-11-19,16.399999618530273,16.43000030517578,16.06999969482422,16.34000015258789,16.34000015258789,657100
2019-11-20,16.18000030517578,16.219999313354492,15.3100004196167,15.520000457763672,15.520000457763672,723500
2019-11-21,15.529999732971191,15.6899995803833,15.25,15.319999694824219,15.319999694824219,514500
2019-11-22,15.460000038146973,15.59000015258789,15.279999732971191,15.300000190734863,15.300000190734863,370000
2019-11-25,15.359999656677246,15.850000381469727,15.260000228881836,15.720000267028809,15.720000267028809,1782000
2019-11-26,15.729999542236328,16.43000030517578,15.640000343322754,16.200000762939453,16.200000762939453,607700
2019-11-27,16.25,16.399999618530273,16.200000762939453,16.299999237060547,16.299999237060547,380600
2019-11-29,16.1200008392334,16.329999923706055,15.8100004196167,15.930000305175781,15.930000305175781,274700
2019-12-02,16.09000015258789,16.100000381469727,15.0,15.039999961853027,15.039999961853027,348800
2019-12-03,14.819999694824219,15.109999656677246,14.65999984741211,14.819999694824219,14.819999694824219,364600
2019-12-04,14.899999618530273,15.130000114440918,14.729999542236328,14.869999885559082,14.869999885559082,383100
2019-12-05,14.949999809265137,14.960000038146973,14.430000305175781,14.800000190734863,14.800000190734863,306200
2019-12-06,15.020000457763672,15.25,14.859999656677246,15.0600004196167,15.0600004196167,435300
2019-12-09,14.960000038146973,15.079999923706055,14.880000114440918,14.890000343322754,14.890000343322754,486200
2019-12-10,14.859999656677246,14.859999656677246,14.510000228881836,14.84000015258789,14.84000015258789,548900
2019-12-11,14.930000305175781,15.5,14.869999885559082,15.210000038146973,15.210000038146973,465800
2019-12-12,15.229999542236328,15.9399995803833,15.229999542236328,15.890000343322754,15.890000343322754,547700
2019-12-13,15.890000343322754,16.170000076293945,15.630000114440918,15.729999542236328,15.729999542236328,597600
2019-12-16,15.75,15.75,12.75,13.300000190734863,13.300000190734863,1763100
2019-12-17,13.270000457763672,13.609999656677246,13.1899995803833,13.3100004196167,13.3100004196167,455900
2019-12-18,13.289999961853027,13.569999694824219,13.1899995803833,13.229999542236328,13.229999542236328,643700
2019-12-19,13.270000457763672,13.5,13.130000114440918,13.430000305175781,13.430000305175781,593100
2019-12-20,13.489999771118164,13.489999771118164,13.09000015258789,13.130000114440918,13.130000114440918,881300
2019-12-23,13.1899995803833,13.25,13.0,13.100000381469727,13.100000381469727,640000
2019-12-24,13.199999809265137,13.210000038146973,12.930000305175781,13.149999618530273,13.149999618530273,330200
2019-12-26,13.140000343322754,13.4399995803833,12.829999923706055,12.850000381469727,12.850000381469727,588900
2019-12-27,12.920000076293945,12.979999542236328,12.5600004196167,12.649999618530273,12.649999618530273,358700
2019-12-30,12.640000343322754,12.899999618530273,12.569999694824219,12.649999618530273,12.649999618530273,355600
2019-12-31,12.65999984741211,12.90999984741211,12.5600004196167,12.859999656677246,12.859999656677246,766000
2020-01-02,13.010000228881836,13.050000190734863,12.100000381469727,12.270000457763672,12.270000457763672,378700
2020-01-03,12.0600004196167,12.199999809265137,11.869999885559082,12.15999984741211,12.15999984741211,282000
2020-01-06,12.050000190734863,12.270000457763672,11.920000076293945,12.050000190734863,12.050000190734863,291900
2020-01-07,11.970000267028809,12.119999885559082,11.779999732971191,12.010000228881836,12.010000228881836,435600
2020-01-08,12.020000457763672,12.140000343322754,11.800000190734863,12.0,12.0,338800
2020-01-09,12.09000015258789,12.119999885559082,11.8100004196167,12.039999961853027,12.039999961853027,438700
2020-01-10,12.0600004196167,12.270000457763672,12.039999961853027,12.140000343322754,12.140000343322754,477600
2020-01-13,12.130000114440918,12.279999732971191,11.729999542236328,12.279999732971191,12.279999732971191,301400
2020-01-14,12.359999656677246,12.380000114440918,12.100000381469727,12.140000343322754,12.140000343322754,425500
2020-01-15,12.020000457763672,12.270000457763672,11.850000381469727,11.920000076293945,11.920000076293945,411800
2020-01-16,12.079999923706055,12.300000190734863,11.84000015258789,11.890000343322754,11.890000343322754,543800
2020-01-17,11.949999809265137,12.020000457763672,11.390000343322754,11.579999923706055,11.579999923706055,686000
2020-01-21,11.520000457763672,11.59000015258789,11.329999923706055,11.40999984741211,11.40999984741211,611700
2020-01-22,11.420000076293945,11.520000457763672,10.970000267028809,11.390000343322754,11.390000343322754,1843500
2020-01-23,11.390000343322754,11.399999618530273,10.90999984741211,11.199999809265137,11.199999809265137,693500
2020-01-24,11.1899995803833,11.300000190734863,10.670000076293945,10.970000267028809,10.970000267028809,776000
2020-01-27,10.6899995803833,11.329999923706055,10.630000114440918,11.229999542236328,11.229999542236328,631300
2020-01-28,11.279999732971191,11.65999984741211,11.229999542236328,11.239999771118164,11.239999771118164,483500
2020-01-29,11.25,11.380000114440918,10.880000114440918,10.949999809265137,10.949999809265137,260100
2020-01-30,10.819999694824219,11.369999885559082,10.779999732971191,11.270000457763672,11.270000457763672,334700
2020-01-31,11.25,11.460000038146973,11.119999885559082,11.260000228881836,11.260000228881836,655600
2020-02-03,11.229999542236328,11.350000381469727,10.850000381469727,10.970000267028809,10.970000267028809,322200
2020-02-04,11.1899995803833,11.279999732971191,10.960000038146973,10.989999771118164,10.989999771118164,507600
2020-02-05,11.180000305175781,11.5,11.140000343322754,11.210000038146973,11.210000038146973,359000
2020-02-06,11.279999732971191,11.359999656677246,10.90999984741211,11.210000038146973,11.210000038146973,350600
2020-02-07,11.0600004196167,11.220000267028809,10.75,10.760000228881836,10.760000228881836,240200
2020-02-10,10.739999771118164,10.979999542236328,10.670000076293945,10.960000038146973,10.960000038146973,200600
2020-02-11,11.079999923706055,11.40999984741211,11.069999694824219,11.119999885559082,11.119999885559082,227500
2020-02-12,11.239999771118164,11.5600004196167,11.239999771118164,11.5,11.5,338500
2020-02-13,11.390000343322754,11.90999984741211,11.260000228881836,11.899999618530273,11.899999618530273,427500
2020-02-14,11.829999923706055,12.100000381469727,11.760000228881836,12.020000457763672,12.020000457763672,511900
2020-02-18,11.920000076293945,11.970000267028809,11.020000457763672,11.789999961853027,11.789999961853027,801200
2020-02-19,11.8100004196167,12.09000015258789,11.640000343322754,11.9399995803833,11.9399995803833,563300
2020-02-20,11.869999885559082,12.229999542236328,11.869999885559082,12.149999618530273,12.149999618530273,579800
2020-02-21,12.100000381469727,12.130000114440918,11.699999809265137,11.770000457763672,11.770000457763672,416000
2020-02-24,11.239999771118164,11.449999809265137,11.029999732971191,11.0600004196167,11.0600004196167,505900
2020-02-25,11.119999885559082,11.75,10.59000015258789,11.529999732971191,11.529999732971191,2074300
2020-02-26,11.5600004196167,12.210000038146973,11.119999885559082,11.9399995803833,11.9399995803833,2098500
2020-02-27,10.050000190734863,13.029999732971191,9.460000038146973,12.069999694824219,12.069999694824219,4372100
2020-02-28,11.800000190734863,15.920000076293945,11.800000190734863,14.5,14.5,6683700
2020-03-02,14.5,14.5,13.619999885559082,13.949999809265137,13.949999809265137,2059300
2020-03-03,15.020000457763672,15.119999885559082,13.84000015258789,14.0,14.0,4673300
2020-03-04,14.130000114440918,14.960000038146973,14.029999732971191,14.9399995803833,14.9399995803833,1417800
2020-03-05,14.649999618530273,14.75,13.550000190734863,13.899999618530273,13.899999618530273,1176400
2020-03-06,13.260000228881836,13.930000305175781,12.420000076293945,13.569999694824219,13.569999694824219,1253000
2020-03-09,12.5,12.789999961853027,11.630000114440918,11.760000228881836,11.760000228881836,720100
2020-03-10,12.100000381469727,12.149999618530273,10.880000114440918,11.609999656677246,11.609999656677246,661700
2020-03-11,11.40999984741211,12.510000228881836,10.760000228881836,12.170000076293945,12.170000076293945,1441900
2020-03-12,10.899999618530273,11.859999656677246,9.970000267028809,10.050000190734863,10.050000190734863,1219200
2020-03-13,10.640000343322754,10.84000015258789,7.900000095367432,8.329999923706055,8.329999923706055,2459800
2020-03-16,7.619999885559082,8.210000038146973,5.210000038146973,5.329999923706055,5.329999923706055,2181800
2020-03-17,5.449999809265137,5.5,2.869999885559082,2.9100000858306885,2.9100000858306885,4780600
2020-03-18,3.0,5.179999828338623,2.609999895095825,4.679999828338623,4.679999828338623,3080700
2020-03-19,4.699999809265137,7.760000228881836,4.199999809265137,7.730000019073486,7.730000019073486,2681800
2020-03-20,7.420000076293945,7.710000038146973,5.739999771118164,6.28000020980835,6.28000020980835,2284600
2020-03-23,6.349999904632568,6.949999809265137,5.590000152587891,6.650000095367432,6.650000095367432,872600
2020-03-24,6.920000076293945,7.03000020980835,6.230000019073486,6.380000114440918,6.380000114440918,816100
2020-03-25,6.539999961853027,6.880000114440918,5.880000114440918,6.110000133514404,6.110000133514404,994300
2020-03-26,6.28000020980835,7.329999923706055,6.130000114440918,7.079999923706055,7.079999923706055,1156900
2020-03-27,6.989999771118164,6.989999771118164,5.96999979019165,6.0,6.0,706600
2020-03-30,5.989999771118164,6.289999961853027,5.619999885559082,5.829999923706055,5.829999923706055,520200
2020-03-31,5.960000038146973,6.78000020980835,5.889999866485596,6.71999979019165,6.71999979019165,791100
2020-04-01,6.480000019073486,7.019999980926514,6.139999866485596,6.670000076293945,6.670000076293945,780700
2020-04-02,6.570000171661377,6.889999866485596,6.21999979019165,6.539999961853027,6.539999961853027,840900
2020-04-03,6.480000019073486,6.659999847412109,6.099999904632568,6.429999828338623,6.429999828338623,694100
2020-04-06,6.730000019073486,7.289999961853027,6.590000152587891,6.96999979019165,6.96999979019165,855200
2020-04-07,7.179999828338623,7.670000076293945,6.730000019073486,6.929999828338623,6.929999828338623,888700
2020-04-08,7.099999904632568,7.239999771118164,6.630000114440918,6.690000057220459,6.690000057220459,2365200
2020-04-09,6.920000076293945,7.460000038146973,6.539999961853027,7.170000076293945,7.170000076293945,1216200
2020-04-13,7.179999828338623,7.179999828338623,6.429999828338623,6.489999771118164,6.489999771118164,704700
2020-04-14,6.599999904632568,6.900000095367432,6.360000133514404,6.369999885559082,6.369999885559082,706500
2020-04-15,6.25,6.25,5.019999980926514,5.570000171661377,5.570000171661377,3064900
2020-04-16,5.579999923706055,5.670000076293945,5.420000076293945,5.659999847412109,5.659999847412109,1041900
2020-04-17,5.829999923706055,6.389999866485596,5.769999980926514,6.230000019073486,6.230000019073486,1058400
2020-04-20,6.010000228881836,6.329999923706055,5.730000019073486,5.760000228881836,5.760000228881836,727200
2020-04-21,5.650000095367432,5.860000133514404,5.53000020980835,5.679999828338623,5.679999828338623,537500
2020-04-22,5.820000171661377,6.070000171661377,5.679999828338623,5.710000038146973,5.710000038146973,350900
2020-04-23,5.760000228881836,6.400000095367432,5.760000228881836,6.210000038146973,6.210000038146973,574600
2020-04-24,6.570000171661377,6.570000171661377,6.050000190734863,6.25,6.25,427000
2020-04-27,6.25,7.0,6.179999828338623,6.860000133514404,6.860000133514404,1481200
2020-04-28,7.159999847412109,7.489999771118164,6.829999923706055,7.380000114440918,7.380000114440918,800400
2020-04-29,7.610000133514404,8.260000228881836,7.449999809265137,7.989999771118164,7.989999771118164,865400
2020-04-30,7.849999904632568,7.849999904632568,6.820000171661377,7.0,7.0,1122000
2020-05-01,6.809999942779541,6.809999942779541,6.349999904632568,6.599999904632568,6.599999904632568,803100
2020-05-04,6.349999904632568,6.78000020980835,6.059999942779541,6.739999771118164,6.739999771118164,591400
2020-05-05,6.909999847412109,7.190000057220459,6.210000038146973,6.230000019073486,6.230000019073486,1119100
2020-05-06,6.289999961853027,6.5,5.760000228881836,6.190000057220459,6.190000057220459,1446600
2020-05-07,6.809999942779541,8.100000381469727,6.809999942779541,8.029999732971191,8.029999732971191,5113300
2020-05-08,8.449999809265137,8.880000114440918,8.050000190734863,8.489999771118164,8.489999771118164,1919900
2020-05-11,8.59000015258789,8.65999984741211,7.78000020980835,8.0,8.0,1099800
2020-05-12,8.069999694824219,8.239999771118164,7.550000190734863,7.590000152587891,7.590000152587891,764000
2020-05-13,7.449999809265137,7.5,7.070000171661377,7.119999885559082,7.119999885559082,774800
2020-05-14,6.75,6.760000228881836,6.230000019073486,6.670000076293945,6.670000076293945,1113900
2020-05-15,6.539999961853027,7.210000038146973,6.510000228881836,7.179999828338623,7.179999828338623,828200
2020-05-18,7.849999904632568,8.0600004196167,7.539999961853027,7.769999980926514,7.769999980926514,1167500
2020-05-19,7.78000020980835,8.0600004196167,7.590000152587891,7.690000057220459,7.690000057220459,680100
2020-05-20,7.989999771118164,8.729999542236328,7.78000020980835,8.600000381469727,8.600000381469727,1104100
2020-05-21,8.949999809265137,10.289999961853027,8.949999809265137,9.710000038146973,9.710000038146973,1492200
2020-05-22,9.619999885559082,9.819999694824219,9.239999771118164,9.5600004196167,9.5600004196167,590500
2020-05-26,9.84000015258789,10.449999809265137,9.84000015258789,10.270000457763672,10.270000457763672,568300
2020-05-27,10.75,11.40999984741211,10.25,11.210000038146973,11.210000038146973,811600
2020-05-28,11.300000190734863,11.460000038146973,10.40999984741211,10.4399995803833,10.4399995803833,1066500
2020-05-29,10.100000381469727,10.649999618530273,9.8100004196167,10.5,10.5,1278000
2020-06-01,10.640000343322754,11.510000228881836,10.510000228881836,11.149999618530273,11.149999618530273,802800
2020-06-02,11.390000343322754,11.859999656677246,11.25,11.520000457763672,11.520000457763672,750200
2020-06-03,11.930000305175781,12.0600004196167,11.399999618530273,11.430000305175781,11.430000305175781,578400
2020-06-04,11.399999618530273,12.600000381469727,11.25,12.569999694824219,12.569999694824219,673800
2020-06-05,13.0,13.649999618530273,12.859999656677246,13.039999961853027,13.039999961853027,914700
2020-06-08,13.449999809265137,13.920000076293945,13.020000457763672,13.380000114440918,13.380000114440918,832100
2020-06-09,12.960000038146973,13.569999694824219,12.510000228881836,12.880000114440918,12.880000114440918,644300
2020-06-10,12.760000228881836,12.869999885559082,12.079999923706055,12.350000381469727,12.350000381469727,482000
2020-06-11,11.4399995803833,11.800000190734863,10.180000305175781,10.239999771118164,10.239999771118164,770600
2020-06-12,10.960000038146973,11.220000267028809,10.550000190734863,10.970000267028809,10.970000267028809,828500
2020-06-15,10.420000076293945,11.770000457763672,10.319999694824219,11.470000267028809,11.470000267028809,408700
2020-06-16,12.619999885559082,12.9399995803833,12.300000190734863,12.619999885559082,12.619999885559082,582800
2020-06-17,13.300000190734863,13.390000343322754,12.119999885559082,12.220000267028809,12.220000267028809,799500
2020-06-18,11.890000343322754,12.220000267028809,11.59000015258789,12.010000228881836,12.010000228881836,395900
2020-06-19,11.960000038146973,12.760000228881836,11.819999694824219,12.119999885559082,12.119999885559082,663200
2020-06-22,12.0600004196167,12.0600004196167,11.399999618530273,11.5600004196167,11.5600004196167,726600
2020-06-23,11.779999732971191,11.949999809265137,11.229999542236328,11.720000267028809,11.720000267028809,456700
2020-06-24,11.34000015258789,11.520000457763672,10.949999809265137,11.229999542236328,11.229999542236328,548900
2020-06-25,11.09000015258789,11.640000343322754,10.890000343322754,11.529999732971191,11.529999732971191,587900
2020-06-26,11.359999656677246,11.789999961853027,10.90999984741211,11.649999618530273,11.649999618530273,1013200
2020-06-29,11.869999885559082,12.59000015258789,11.800000190734863,12.289999961853027,12.289999961853027,425300
2020-06-30,12.069999694824219,12.289999961853027,11.699999809265137,12.180000305175781,12.180000305175781,428200
2020-07-01,12.149999618530273,12.390000343322754,11.539999961853027,11.75,11.75,467500
2020-07-02,12.170000076293945,12.520000457763672,11.569999694824219,11.619999885559082,11.619999885559082,343900
2020-07-06,11.899999618530273,12.050000190734863,11.529999732971191,11.90999984741211,11.90999984741211,268900
2020-07-07,11.739999771118164,11.949999809265137,11.489999771118164,11.65999984741211,11.65999984741211,305800
2020-07-08,11.680000305175781,11.979999542236328,11.399999618530273,11.770000457763672,11.770000457763672,275700
2020-07-09,11.680000305175781,11.800000190734863,10.949999809265137,11.020000457763672,11.020000457763672,386100
2020-07-10,10.989999771118164,12.130000114440918,10.829999923706055,11.729999542236328,11.729999542236328,514300
2020-07-13,11.920000076293945,12.109999656677246,11.529999732971191,11.670000076293945,11.670000076293945,350400
2020-07-14,11.579999923706055,12.039999961853027,11.350000381469727,11.970000267028809,11.970000267028809,309500
2020-07-15,12.319999694824219,12.789999961853027,12.15999984741211,12.550000190734863,12.550000190734863,392600
2020-07-16,12.399999618530273,12.630000114440918,12.180000305175781,12.329999923706055,12.329999923706055,251600
2020-07-17,12.380000114440918,12.75,12.34000015258789,12.489999771118164,12.489999771118164,252000
2020-07-20,12.430000305175781,12.609999656677246,12.130000114440918,12.300000190734863,12.300000190734863,226400
2020-07-21,12.600000381469727,13.25,12.600000381469727,13.0,13.0,506500
2020-07-22,12.789999961853027,12.920000076293945,12.270000457763672,12.449999809265137,12.449999809265137,366600
2020-07-23,12.350000381469727,12.760000228881836,12.3100004196167,12.449999809265137,12.449999809265137,210500
2020-07-24,12.359999656677246,12.359999656677246,11.9399995803833,11.970000267028809,11.970000267028809,227700
2020-07-27,11.949999809265137,12.199999809265137,11.8100004196167,12.140000343322754,12.140000343322754,256700
2020-07-28,12.140000343322754,12.369999885559082,11.829999923706055,11.869999885559082,11.869999885559082,203600
2020-07-29,11.9399995803833,12.3100004196167,11.84000015258789,12.279999732971191,12.279999732971191,318900
2020-07-30,12.770000457763672,13.34000015258789,12.109999656677246,12.319999694824219,12.319999694824219,803200
2020-07-31,12.289999961853027,12.529999732971191,11.550000190734863,11.770000457763672,11.770000457763672,578300
2020-08-03,11.869999885559082,12.710000038146973,11.729999542236328,12.600000381469727,12.600000381469727,409300
2020-08-04,12.6899995803833,12.960000038146973,12.470000267028809,12.819999694824219,12.819999694824219,273200
2020-08-05,12.9399995803833,13.079999923706055,12.609999656677246,12.890000343322754,12.890000343322754,336200
2020-08-06,12.859999656677246,12.970000267028809,12.359999656677246,12.720000267028809,12.720000267028809,379900
2020-08-07,12.670000076293945,13.430000305175781,12.600000381469727,13.260000228881836,13.260000228881836,457800
2020-08-10,13.380000114440918,13.640000343322754,13.0,13.020000457763672,13.020000457763672,447200
2020-08-11,13.319999694824219,13.899999618530273,13.050000190734863,13.0600004196167,13.0600004196167,469900
2020-08-12,13.260000228881836,13.430000305175781,12.710000038146973,12.84000015258789,12.84000015258789,248100
2020-08-13,12.75,13.140000343322754,12.670000076293945,12.770000457763672,12.770000457763672,243400
2020-08-14,12.609999656677246,13.100000381469727,12.529999732971191,12.880000114440918,12.880000114440918,195100
2020-08-17,12.869999885559082,13.239999771118164,12.630000114440918,13.09000015258789,13.09000015258789,378000
2020-08-18,13.100000381469727,13.199999809265137,13.029999732971191,13.119999885559082,13.119999885559082,402700
2020-08-19,13.109999656677246,13.460000038146973,13.079999923706055,13.34000015258789,13.34000015258789,468700
2020-08-20,13.109999656677246,13.619999885559082,13.039999961853027,13.1899995803833,13.1899995803833,361800
2020-08-21,12.989999771118164,13.0600004196167,12.210000038146973,12.270000457763672,12.270000457763672,372100
2020-08-24,12.319999694824219,12.609999656677246,11.829999923706055,12.539999961853027,12.539999961853027,253400
2020-08-25,12.649999618530273,12.720000267028809,12.34000015258789,12.6899995803833,12.6899995803833,250000
2020-08-26,12.779999732971191,12.869999885559082,12.279999732971191,12.380000114440918,12.380000114440918,255500
2020-08-27,12.369999885559082,12.6899995803833,12.289999961853027,12.520000457763672,12.520000457763672,227000
2020-08-28,12.710000038146973,12.880000114440918,12.40999984741211,12.739999771118164,12.739999771118164,278900
2020-08-31,12.640000343322754,13.09000015258789,12.529999732971191,12.550000190734863,12.550000190734863,263000
2020-09-01,12.390000343322754,12.670000076293945,12.270000457763672,12.65999984741211,12.65999984741211,193900
2020-09-02,12.670000076293945,12.710000038146973,12.229999542236328,12.5600004196167,12.5600004196167,282000
2020-09-03,12.510000228881836,12.739999771118164,12.3100004196167,12.319999694824219,12.319999694824219,337200
2020-09-04,12.529999732971191,12.6899995803833,12.199999809265137,12.420000076293945,12.420000076293945,202200
2020-09-08,12.34000015258789,12.420000076293945,12.039999961853027,12.15999984741211,12.15999984741211,225700
2020-09-09,12.260000228881836,12.390000343322754,12.0600004196167,12.199999809265137,12.199999809265137,315100
2020-09-10,12.350000381469727,12.489999771118164,12.199999809265137,12.239999771118164,12.239999771118164,227000
2020-09-11,12.239999771118164,12.420000076293945,12.119999885559082,12.15999984741211,12.15999984741211,219500
2020-09-14,12.1899995803833,12.5,12.050000190734863,12.4399995803833,12.4399995803833,255600
2020-09-15,12.529999732971191,12.529999732971191,12.119999885559082,12.229999542236328,12.229999542236328,190900
2020-09-16,12.289999961853027,12.960000038146973,12.25,12.770000457763672,12.770000457763672,399500
2020-09-17,12.550000190734863,13.390000343322754,12.300000190734863,12.6899995803833,12.6899995803833,397300
2020-09-18,12.729999542236328,13.149999618530273,12.34000015258789,12.600000381469727,12.600000381469727,538800
2020-09-21,12.15999984741211,12.220000267028809,11.109999656677246,11.1899995803833,11.1899995803833,498400
2020-09-22,11.270000457763672,11.529999732971191,10.920000076293945,10.970000267028809,10.970000267028809,309300
2020-09-23,10.90999984741211,11.720000267028809,10.90999984741211,10.979999542236328,10.979999542236328,357100
2020-09-24,11.029999732971191,11.479999542236328,10.800000190734863,11.220000267028809,11.220000267028809,316600
2020-09-25,11.050000190734863,11.390000343322754,11.020000457763672,11.300000190734863,11.300000190734863,284500
2020-09-28,11.479999542236328,12.069999694824219,11.479999542236328,11.710000038146973,11.710000038146973,312500
2020-09-29,11.649999618530273,11.649999618530273,11.050000190734863,11.329999923706055,11.329999923706055,343700
2020-09-30,11.420000076293945,11.800000190734863,11.069999694824219,11.130000114440918,11.130000114440918,556600
2020-10-01,11.210000038146973,11.329999923706055,10.789999961853027,11.279999732971191,11.279999732971191,354100
2020-10-02,11.039999961853027,12.109999656677246,11.020000457763672,12.050000190734863,12.050000190734863,559000
2020-10-05,12.25,12.739999771118164,12.25,12.65999984741211,12.65999984741211,249500
2020-10-06,12.6899995803833,13.260000228881836,12.640000343322754,12.8100004196167,12.8100004196167,485000
2020-10-07,12.859999656677246,13.880000114440918,12.819999694824219,13.609999656677246,13.609999656677246,546100
2020-10-08,13.829999923706055,14.5600004196167,13.600000381469727,14.529999732971191,14.529999732971191,333300
2020-10-09,14.600000381469727,14.6899995803833,14.15999984741211,14.390000343322754,14.390000343322754,265500
2020-10-12,14.399999618530273,14.859999656677246,14.220000267028809,14.6899995803833,14.6899995803833,272800
2020-10-13,14.390000343322754,14.479999542236328,14.130000114440918,14.270000457763672,14.270000457763672,274000
2020-10-14,14.25,14.550000190734863,13.979999542236328,13.979999542236328,13.979999542236328,298300
2020-10-15,13.699999809265137,13.800000190734863,13.350000381469727,13.479999542236328,13.479999542236328,129900
2020-10-16,13.430000305175781,13.449999809265137,12.880000114440918,12.930000305175781,12.930000305175781,235200
2020-10-19,12.949999809265137,13.779999732971191,12.949999809265137,13.40999984741211,13.40999984741211,246600
2020-10-20,13.600000381469727,14.180000305175781,13.529999732971191,13.680000305175781,13.680000305175781,223400
2020-10-21,13.680000305175781,13.729999542236328,13.34000015258789,13.369999885559082,13.369999885559082,115500
2020-10-22,13.390000343322754,13.699999809265137,13.199999809265137,13.569999694824219,13.569999694824219,213900
2020-10-23,13.710000038146973,13.880000114440918,13.510000228881836,13.75,13.75,129600
2020-10-26,13.5,13.59000015258789,13.199999809265137,13.539999961853027,13.539999961853027,272900
2020-10-27,13.40999984741211,13.680000305175781,13.079999923706055,13.100000381469727,13.100000381469727,170500
2020-10-28,12.720000267028809,12.979999542236328,12.479999542236328,12.609999656677246,12.609999656677246,289300
2020-10-29,12.489999771118164,13.140000343322754,12.460000038146973,13.109999656677246,13.109999656677246,260900
2020-10-30,13.109999656677246,13.600000381469727,13.0,13.510000228881836,13.510000228881836,263000
2020-11-02,13.739999771118164,14.0,13.489999771118164,13.8100004196167,13.8100004196167,398500
2020-11-03,14.140000343322754,14.640000343322754,14.140000343322754,14.550000190734863,14.550000190734863,381800
2020-11-04,14.180000305175781,14.180000305175781,13.229999542236328,13.6899995803833,13.6899995803833,308200
2020-11-05,14.520000457763672,15.119999885559082,13.449999809265137,13.819999694824219,13.819999694824219,477300
2020-11-06,13.779999732971191,13.850000381469727,12.680000305175781,12.850000381469727,12.850000381469727,505400
2020-11-09,14.65999984741211,14.789999961853027,13.359999656677246,13.369999885559082,13.369999885559082,576900
2020-11-10,13.579999923706055,14.279999732971191,13.319999694824219,14.0,14.0,1120900
2020-11-11,14.149999618530273,14.220000267028809,13.109999656677246,13.850000381469727,13.850000381469727,314400
2020-11-12,13.609999656677246,13.739999771118164,13.119999885559082,13.5,13.5,362700
2020-11-13,13.630000114440918,14.399999618530273,13.630000114440918,13.890000343322754,13.890000343322754,261200
2020-11-16,14.399999618530273,14.800000190734863,14.289999961853027,14.40999984741211,14.40999984741211,324700
2020-11-17,14.260000228881836,14.699999809265137,14.029999732971191,14.359999656677246,14.359999656677246,282500
2020-11-18,14.430000305175781,15.15999984741211,14.369999885559082,14.640000343322754,14.640000343322754,338200
2020-11-19,14.430000305175781,14.449999809265137,13.59000015258789,13.800000190734863,13.800000190734863,410400
2020-11-20,13.65999984741211,13.8100004196167,13.350000381469727,13.8100004196167,13.8100004196167,546100
2020-11-23,13.979999542236328,14.550000190734863,13.850000381469727,14.380000114440918,14.380000114440918,382300
2020-11-24,14.489999771118164,15.149999618530273,14.350000381469727,14.800000190734863,14.800000190734863,412600
2020-11-25,14.779999732971191,14.779999732971191,14.020000457763672,14.220000267028809,14.220000267028809,390400
2020-11-27,14.069999694824219,14.420000076293945,14.069999694824219,14.289999961853027,14.289999961853027,116800
2020-11-30,14.199999809265137,14.350000381469727,13.5,13.520000457763672,13.520000457763672,346600
2020-12-01,13.75,13.970000267028809,13.380000114440918,13.449999809265137,13.449999809265137,300100
2020-12-02,13.289999961853027,13.489999771118164,12.960000038146973,13.079999923706055,13.079999923706055,444500
2020-12-03,13.149999618530273,13.3100004196167,12.899999618530273,12.989999771118164,12.989999771118164,382600
2020-12-04,13.130000114440918,13.420000076293945,12.90999984741211,13.40999984741211,13.40999984741211,924000
2020-12-07,13.390000343322754,13.430000305175781,12.449999809265137,13.210000038146973,13.210000038146973,425300
2020-12-08,13.039999961853027,13.199999809265137,12.789999961853027,12.9399995803833,12.9399995803833,428100
2020-12-09,13.050000190734863,13.520000457763672,12.949999809265137,13.369999885559082,13.369999885559082,326000
2020-12-10,13.210000038146973,13.319999694824219,12.829999923706055,12.970000267028809,12.970000267028809,308100
2020-12-11,12.829999923706055,13.399999618530273,12.729999542236328,13.119999885559082,13.119999885559082,333900
2020-12-14,13.229999542236328,13.59000015258789,13.109999656677246,13.260000228881836,13.260000228881836,338100
2020-12-15,13.479999542236328,13.619999885559082,13.010000228881836,13.529999732971191,13.529999732971191,325400
2020-12-16,13.649999618530273,13.649999618530273,13.210000038146973,13.350000381469727,13.350000381469727,237400
2020-12-17,13.399999618530273,13.630000114440918,13.050000190734863,13.59000015258789,13.59000015258789,289100
2020-12-18,13.529999732971191,14.119999885559082,13.350000381469727,13.359999656677246,13.359999656677246,535000
2020-12-21,13.039999961853027,13.619999885559082,13.020000457763672,13.399999618530273,13.399999618530273,224000
2020-12-22,13.390000343322754,13.520000457763672,13.050000190734863,13.130000114440918,13.130000114440918,237200
2020-12-23,13.25,13.75,13.130000114440918,13.539999961853027,13.539999961853027,315800
2020-12-24,13.4399995803833,13.6899995803833,13.34000015258789,13.4399995803833,13.4399995803833,69900
2020-12-28,13.5,13.6899995803833,13.380000114440918,13.470000267028809,13.470000267028809,171800
2020-12-29,13.470000267028809,13.600000381469727,13.039999961853027,13.069999694824219,13.069999694824219,271400
2020-12-30,13.100000381469727,13.300000190734863,13.050000190734863,13.170000076293945,13.170000076293945,214100
2020-12-31,13.020000457763672,13.140000343322754,12.770000457763672,12.949999809265137,12.949999809265137,408900
2021-01-04,13.15999984741211,13.229999542236328,12.710000038146973,12.779999732971191,12.779999732971191,306200
2021-01-05,12.789999961853027,13.220000267028809,12.699999809265137,13.100000381469727,13.100000381469727,223500
2021-01-06,13.489999771118164,15.6899995803833,13.489999771118164,15.550000190734863,15.550000190734863,1037600
2021-01-07,15.960000038146973,17.200000762939453,15.8100004196167,17.06999969482422,17.06999969482422,664600
2021-01-08,17.280000686645508,17.280000686645508,16.31999969482422,17.0,17.0,602800
2021-01-11,16.729999542236328,16.860000610351562,15.670000076293945,15.670000076293945,15.670000076293945,288100
2021-01-12,15.800000190734863,16.200000762939453,15.5,16.06999969482422,16.06999969482422,337400
2021-01-13,16.030000686645508,16.1200008392334,15.550000190734863,15.829999923706055,15.829999923706055,249900
2021-01-14,16.010000228881836,16.90999984741211,15.850000381469727,16.6299991607666,16.6299991607666,259000
2021-01-15,16.290000915527344,16.559999465942383,15.59000015258789,16.209999084472656,16.209999084472656,334500
2021-01-19,16.290000915527344,17.100000381469727,16.290000915527344,17.059999465942383,17.059999465942383,393000
2021-01-20,17.360000610351562,17.780000686645508,16.510000228881836,17.010000228881836,17.010000228881836,496800
2021-01-21,17.010000228881836,17.010000228881836,16.420000076293945,16.450000762939453,16.450000762939453,252100
2021-01-22,16.299999237060547,16.510000228881836,15.739999771118164,16.489999771118164,16.489999771118164,293300
2021-01-25,16.280000686645508,16.440000534057617,15.069999694824219,15.359999656677246,15.359999656677246,496100
2021-01-26,15.470000267028809,15.479999542236328,14.890000343322754,14.90999984741211,14.90999984741211,217100
2021-01-27,14.5,15.25,13.720000267028809,15.079999923706055,15.079999923706055,441100
2021-01-28,15.239999771118164,15.369999885559082,14.869999885559082,15.109999656677246,15.109999656677246,289500
2021-01-29,15.149999618530273,15.149999618530273,14.479999542236328,14.899999618530273,14.899999618530273,428400
2021-02-01,15.029999732971191,15.329999923706055,14.649999618530273,15.25,15.25,317800
2021-02-02,15.529999732971191,15.819999694824219,14.989999771118164,15.800000190734863,15.800000190734863,294000
2021-02-03,15.829999923706055,16.299999237060547,15.670000076293945,16.1299991607666,16.1299991607666,270400
2021-02-04,16.290000915527344,16.559999465942383,16.06999969482422,16.399999618530273,16.399999618530273,193000
2021-02-05,16.549999237060547,16.920000076293945,16.239999771118164,16.860000610351562,16.860000610351562,236500
2021-02-08,16.979999542236328,17.549999237060547,16.920000076293945,17.440000534057617,17.440000534057617,254400
2021-02-09,17.3700008392334,17.3700008392334,16.700000762939453,16.84000015258789,16.84000015258789,180100
2021-02-10,16.84000015258789,17.3799991607666,16.709999084472656,16.989999771118164,16.989999771118164,339900
2021-02-11,17.139999389648438,17.440000534057617,16.6200008392334,17.06999969482422,17.06999969482422,269800
2021-02-12,17.040000915527344,17.540000915527344,16.950000762939453,17.530000686645508,17.530000686645508,190500
2021-02-16,17.649999618530273,18.059999465942383,17.530000686645508,17.920000076293945,17.920000076293945,228100
2021-02-17,17.729999542236328,17.950000762939453,16.860000610351562,17.510000228881836,17.510000228881836,334700
2021-02-18,17.540000915527344,17.84000015258789,17.25,17.5,17.5,347200
2021-02-19,17.600000381469727,18.110000610351562,17.549999237060547,17.670000076293945,17.670000076293945,152700
2021-02-22,17.610000610351562,18.420000076293945,17.549999237060547,18.1299991607666,18.1299991607666,255300
2021-02-23,18.010000228881836,18.09000015258789,17.399999618530273,17.850000381469727,17.850000381469727,259800
2021-02-24,17.93000030517578,18.399999618530273,17.809999465942383,18.399999618530273,18.399999618530273,572200
2021-02-25,17.950000762939453,17.950000762939453,16.510000228881836,17.6299991607666,17.6299991607666,1112700
2021-02-26,17.229999542236328,17.579999923706055,14.600000381469727,14.699999809265137,14.699999809265137,1457000
2021-03-01,15.210000038146973,15.949999809265137,14.329999923706055,15.550000190734863,15.550000190734863,974300
2021-03-02,15.579999923706055,16.139999389648438,15.470000267028809,15.890000343322754,15.890000343322754,276200
2021-03-03,15.859999656677246,16.59000015258789,15.859999656677246,16.219999313354492,16.219999313354492,303900
2021-03-04,15.979999542236328,16.299999237060547,15.380000114440918,16.040000915527344,16.040000915527344,403800
2021-03-05,16.389999389648438,17.0,15.850000381469727,16.950000762939453,16.950000762939453,406100
2021-03-08,17.15999984741211,18.049999237060547,17.010000228881836,17.899999618530273,17.899999618530273,352800
2021-03-09,18.079999923706055,19.1299991607666,17.709999084472656,19.020000457763672,19.020000457763672,514500
2021-03-10,19.149999618530273,19.440000534057617,18.950000762939453,19.239999771118164,19.239999771118164,304500
2021-03-11,19.469999313354492,19.8799991607666,19.219999313354492,19.670000076293945,19.670000076293945,235400
2021-03-12,19.790000915527344,20.239999771118164,19.610000610351562,20.06999969482422,20.06999969482422,254300
2021-03-15,20.1200008392334,20.170000076293945,19.520000457763672,19.68000030517578,19.68000030517578,245800
2021-03-16,19.459999084472656,19.510000228881836,18.260000228881836,18.31999969482422,18.31999969482422,284500
2021-03-17,18.420000076293945,18.799999237060547,18.040000915527344,18.559999465942383,18.559999465942383,249800
2021-03-18,18.530000686645508,18.530000686645508,17.700000762939453,17.739999771118164,17.739999771118164,328600
2021-03-19,17.68000030517578,18.299999237060547,17.280000686645508,17.940000534057617,17.940000534057617,926800
2021-03-22,17.829999923706055,17.889999389648438,17.3799991607666,17.670000076293945,17.670000076293945,228800
2021-03-23,17.270000457763672,17.600000381469727,16.469999313354492,16.719999313354492,16.719999313354492,303500
2021-03-24,17.15999984741211,17.639999389648438,16.649999618530273,16.649999618530273,16.649999618530273,488800
2021-03-25,16.600000381469727,17.600000381469727,16.229999542236328,17.43000030517578,17.43000030517578,357300
2021-03-26,17.940000534057617,18.5,17.670000076293945,18.190000534057617,18.190000534057617,293300
2021-03-29,17.899999618530273,18.450000762939453,17.40999984741211,17.43000030517578,17.43000030517578,359900
2021-03-30,17.5,18.989999771118164,17.399999618530273,18.899999618530273,18.899999618530273,293000
2021-03-31,19.25,19.889999389648438,18.75,18.950000762939453,18.950000762939453,644200
2021-04-01,19.25,19.40999984741211,18.049999237060547,18.979999542236328,18.979999542236328,456200
2021-04-05,19.260000228881836,19.530000686645508,18.920000076293945,19.420000076293945,19.420000076293945,318400
2021-04-06,19.5,19.81999969482422,18.979999542236328,19.1200008392334,19.1200008392334,268100
2021-04-07,19.170000076293945,19.34000015258789,18.270000457763672,18.450000762939453,18.450000762939453,167800
2021-04-08,18.440000534057617,18.450000762939453,17.93000030517578,18.049999237060547,18.049999237060547,213200
2021-04-09,18.079999923706055,18.280000686645508,17.889999389648438,18.100000381469727,18.100000381469727,139900
2021-04-12,18.239999771118164,18.299999237060547,17.959999084472656,18.1299991607666,18.1299991607666,150000
2021-04-13,18.049999237060547,18.049999237060547,17.450000762939453,17.6200008392334,17.6200008392334,158200
2021-04-14,17.649999618530273,18.139999389648438,17.420000076293945,17.559999465942383,17.559999465942383,218000
2021-04-15,17.770000457763672,17.770000457763672,17.170000076293945,17.3799991607666,17.3799991607666,164700
2021-04-16,17.6200008392334,17.690000534057617,17.040000915527344,17.479999542236328,17.479999542236328,276800
2021-04-19,17.56999969482422,17.600000381469727,16.81999969482422,16.969999313354492,16.969999313354492,176800
2021-04-20,16.899999618530273,16.899999618530273,16.149999618530273,16.3700008392334,16.3700008392334,219000
2021-04-21,16.399999618530273,16.799999237060547,16.079999923706055,16.6200008392334,16.6200008392334,150900
2021-04-22,16.670000076293945,16.780000686645508,16.34000015258789,16.389999389648438,16.389999389648438,204800
2021-04-23,16.450000762939453,16.780000686645508,16.110000610351562,16.540000915527344,16.540000915527344,180200
2021-04-26,16.729999542236328,16.959999084472656,16.520000457763672,16.690000534057617,16.690000534057617,195500
2021-04-27,16.84000015258789,16.969999313354492,16.440000534057617,16.510000228881836,16.510000228881836,177700
2021-04-28,16.530000686645508,16.649999618530273,16.360000610351562,16.6200008392334,16.6200008392334,185000
2021-04-29,16.700000762939453,16.709999084472656,16.239999771118164,16.360000610351562,16.360000610351562,214600
2021-04-30,16.209999084472656,16.389999389648438,15.960000038146973,16.100000381469727,16.100000381469727,355700
2021-05-03,16.440000534057617,17.6200008392334,16.440000534057617,17.299999237060547,17.299999237060547,362400
2021-05-04,17.06999969482422,17.270000457763672,16.530000686645508,16.700000762939453,16.700000762939453,203700
2021-05-05,16.719999313354492,16.84000015258789,16.40999984741211,16.649999618530273,16.649999618530273,244300
2021-05-06,16.790000915527344,17.260000228881836,15.6899995803833,16.40999984741211,16.40999984741211,353900
2021-05-07,16.399999618530273,16.950000762939453,16.0,16.68000030517578,16.68000030517578,200500
2021-05-10,16.799999237060547,17.25,16.110000610351562,16.209999084472656,16.209999084472656,417800
2021-05-11,15.75,16.219999313354492,15.579999923706055,15.670000076293945,15.670000076293945,352500
2021-05-12,15.640000343322754,15.920000076293945,15.039999961853027,15.09000015258789,15.09000015258789,331200
2021-05-13,15.029999732971191,15.90999984741211,15.029999732971191,15.630000114440918,15.630000114440918,402800
2021-05-14,15.699999809265137,15.899999618530273,15.539999961853027,15.899999618530273,15.899999618530273,197800
2021-05-17,15.859999656677246,15.930000305175781,15.529999732971191,15.789999961853027,15.789999961853027,175000
2021-05-18,15.819999694824219,15.859999656677246,15.479999542236328,15.760000228881836,15.760000228881836,233300
2021-05-19,15.40999984741211,15.640000343322754,15.109999656677246,15.619999885559082,15.619999885559082,228000
2021-05-20,15.510000228881836,15.65999984741211,15.300000190734863,15.609999656677246,15.609999656677246,276900
2021-05-21,15.8100004196167,16.059999465942383,15.699999809265137,15.829999923706055,15.829999923706055,165900
2021-05-24,15.930000305175781,16.100000381469727,15.539999961853027,15.6899995803833,15.6899995803833,173200
2021-05-25,15.630000114440918,15.800000190734863,15.050000190734863,15.050000190734863,15.050000190734863,317800
2021-05-26,15.239999771118164,15.460000038146973,15.079999923706055,15.279999732971191,15.279999732971191,232000
2021-05-27,15.539999961853027,15.8100004196167,15.539999961853027,15.609999656677246,15.609999656677246,229100
2021-05-28,15.6899995803833,15.6899995803833,15.3100004196167,15.479999542236328,15.479999542236328,200800
2021-06-01,15.829999923706055,16.110000610351562,15.520000457763672,16.010000228881836,16.010000228881836,403800
2021-06-02,16.06999969482422,16.06999969482422,15.359999656677246,15.529999732971191,15.529999732971191,238100
2021-06-03,15.520000457763672,15.880000114440918,15.229999542236328,15.819999694824219,15.819999694824219,150400
2021-06-04,15.859999656677246,15.859999656677246,15.359999656677246,15.710000038146973,15.710000038146973,176700
2021-06-07,15.800000190734863,15.869999885559082,15.40999984741211,15.420000076293945,15.420000076293945,289500
2021-06-08,15.5,15.760000228881836,15.289999961853027,15.579999923706055,15.579999923706055,329100
2021-06-09,15.430000305175781,15.65999984741211,15.350000381469727,15.470000267028809,15.470000267028809,559900
2021-06-10,15.630000114440918,15.829999923706055,14.920000076293945,14.930000305175781,14.930000305175781,540000
2021-06-11,15.0,15.25,14.539999961853027,14.600000381469727,14.600000381469727,537900
2021-06-14,14.649999618530273,14.84000015258789,14.520000457763672,14.600000381469727,14.600000381469727,184200
2021-06-15,14.529999732971191,14.710000038146973,14.4399995803833,14.550000190734863,14.550000190734863,324800
2021-06-16,14.569999694824219,14.619999885559082,14.1899995803833,14.430000305175781,14.430000305175781,284700
2021-06-17,14.5,14.949999809265137,14.319999694824219,14.5,14.5,396500
2021-06-18,14.119999885559082,14.239999771118164,13.510000228881836,13.539999961853027,13.539999961853027,693400
2021-06-21,13.760000228881836,14.220000267028809,13.75,13.970000267028809,13.970000267028809,676200
2021-06-22,13.960000038146973,13.979999542236328,13.670000076293945,13.75,13.75,406300
2021-06-23,13.90999984741211,14.079999923706055,13.510000228881836,13.520000457763672,13.520000457763672,278100
2021-06-24,13.649999618530273,14.4399995803833,13.4399995803833,14.239999771118164,14.239999771118164,636300
2021-06-25,14.489999771118164,14.729999542236328,13.84000015258789,13.930000305175781,13.930000305175781,1286400
2021-06-28,14.0,14.0,13.460000038146973,13.869999885559082,13.869999885559082,503300
2021-06-29,13.9399995803833,14.119999885559082,13.5,13.59000015258789,13.59000015258789,353300
2021-06-30,13.5,13.920000076293945,13.5,13.850000381469727,13.850000381469727,452500
2021-07-01,13.989999771118164,14.180000305175781,13.869999885559082,13.989999771118164,13.989999771118164,276300
2021-07-02,14.0,14.0,13.550000190734863,13.59000015258789,13.59000015258789,274200
2021-07-06,13.579999923706055,13.579999923706055,12.869999885559082,13.119999885559082,13.119999885559082,383900
2021-07-07,12.979999542236328,13.210000038146973,12.720000267028809,13.010000228881836,13.010000228881836,293300
2021-07-08,12.75,13.25,12.550000190734863,12.869999885559082,12.869999885559082,294700
2021-07-09,13.170000076293945,13.3100004196167,13.020000457763672,13.1899995803833,13.1899995803833,202800
2021-07-12,13.1899995803833,13.460000038146973,13.029999732971191,13.390000343322754,13.390000343322754,292400
2021-07-13,13.350000381469727,13.359999656677246,13.09000015258789,13.239999771118164,13.239999771118164,241800
2021-07-14,13.40999984741211,13.829999923706055,13.210000038146973,13.270000457763672,13.270000457763672,221600
2021-07-15,13.229999542236328,13.470000267028809,13.109999656677246,13.279999732971191,13.279999732971191,182100
2021-07-16,13.359999656677246,13.380000114440918,12.90999984741211,12.960000038146973,12.960000038146973,296600
2021-07-19,12.609999656677246,12.859999656677246,12.399999618530273,12.619999885559082,12.619999885559082,378600
2021-07-20,12.609999656677246,13.1899995803833,12.600000381469727,12.970000267028809,12.970000267028809,313500
2021-07-21,13.149999618530273,13.460000038146973,13.020000457763672,13.15999984741211,13.15999984741211,230700
2021-07-22,13.180000305175781,13.289999961853027,12.949999809265137,13.210000038146973,13.210000038146973,360500
2021-07-23,13.289999961853027,13.579999923706055,13.09000015258789,13.460000038146973,13.460000038146973,161600
2021-07-26,13.630000114440918,13.800000190734863,13.449999809265137,13.550000190734863,13.550000190734863,187200
2021-07-27,13.420000076293945,13.649999618530273,13.199999809265137,13.5600004196167,13.5600004196167,214800
2021-07-28,13.619999885559082,14.149999618530273,13.279999732971191,14.039999961853027,14.039999961853027,242900
2021-07-29,14.199999809265137,14.289999961853027,13.859999656677246,14.149999618530273,14.149999618530273,187600
2021-07-30,14.1899995803833,14.329999923706055,13.960000038146973,14.069999694824219,14.069999694824219,193800
2021-08-02,14.529999732971191,15.020000457763672,14.100000381469727,14.130000114440918,14.130000114440918,409600
2021-08-03,14.100000381469727,14.520000457763672,13.770000457763672,14.430000305175781,14.430000305175781,294200
2021-08-04,14.220000267028809,14.329999923706055,13.829999923706055,13.9399995803833,13.9399995803833,346800
2021-08-05,14.5,14.930000305175781,13.949999809265137,14.229999542236328,14.229999542236328,528400
2021-08-06,14.390000343322754,14.640000343322754,14.270000457763672,14.449999809265137,14.449999809265137,215500
2021-08-09,14.430000305175781,14.539999961853027,14.130000114440918,14.390000343322754,14.390000343322754,290900
2021-08-10,14.34000015258789,14.8100004196167,14.279999732971191,14.770000457763672,14.770000457763672,299100
2021-08-11,14.949999809265137,14.989999771118164,14.600000381469727,14.930000305175781,14.930000305175781,353700
2021-08-12,14.850000381469727,14.880000114440918,14.529999732971191,14.640000343322754,14.640000343322754,235200
2021-08-13,14.600000381469727,14.649999618530273,14.149999618530273,14.34000015258789,14.34000015258789,293800
2021-08-16,14.149999618530273,14.350000381469727,13.930000305175781,14.220000267028809,14.220000267028809,210000
2021-08-17,14.020000457763672,14.020000457763672,13.649999618530273,13.84000015258789,13.84000015258789,181700
2021-08-18,13.739999771118164,14.0,13.59000015258789,13.609999656677246,13.609999656677246,194400
2021-08-19,13.4399995803833,13.579999923706055,13.220000267028809,13.390000343322754,13.390000343322754,253900
2021-08-20,13.350000381469727,13.649999618530273,13.319999694824219,13.550000190734863,13.550000190734863,241900
2021-08-23,13.710000038146973,14.050000190734863,13.649999618530273,13.979999542236328,13.979999542236328,229200
2021-08-24,13.989999771118164,14.229999542236328,13.930000305175781,14.1899995803833,14.1899995803833,218500
2021-08-25,14.260000228881836,14.5,14.119999885559082,14.420000076293945,14.420000076293945,200200
2021-08-26,14.40999984741211,14.40999984741211,13.979999542236328,14.15999984741211,14.15999984741211,201300
2021-08-27,14.239999771118164,14.920000076293945,14.239999771118164,14.789999961853027,14.789999961853027,263600
2021-08-30,14.899999618530273,14.899999618530273,14.300000190734863,14.380000114440918,14.380000114440918,179300
2021-08-31,14.289999961853027,14.449999809265137,14.140000343322754,14.420000076293945,14.420000076293945,173100
2021-09-01,14.460000038146973,14.460000038146973,14.119999885559082,14.289999961853027,14.289999961853027,180700
2021-09-02,14.359999656677246,14.59000015258789,14.270000457763672,14.350000381469727,14.350000381469727,216600
2021-09-03,14.289999961853027,14.289999961853027,14.079999923706055,14.260000228881836,14.260000228881836,125600
2021-09-07,14.1899995803833,14.319999694824219,14.069999694824219,14.09000015258789,14.09000015258789,167800
2021-09-08,13.979999542236328,14.149999618530273,13.819999694824219,13.869999885559082,13.869999885559082,240300
2021-09-09,13.869999885559082,14.010000228881836,13.739999771118164,13.850000381469727,13.850000381469727,270900
2021-09-10,13.920000076293945,13.9399995803833,13.449999809265137,13.479999542236328,13.479999542236328,240600
2021-09-13,13.489999771118164,13.770000457763672,13.460000038146973,13.760000228881836,13.760000228881836,262300
2021-09-14,13.880000114440918,13.880000114440918,13.079999923706055,13.239999771118164,13.239999771118164,348500
2021-09-15,13.130000114440918,13.430000305175781,13.039999961853027,13.329999923706055,13.329999923706055,289700
2021-09-16,13.329999923706055,13.329999923706055,12.8100004196167,12.829999923706055,12.829999923706055,328100
2021-09-17,12.84000015258789,13.050000190734863,12.729999542236328,12.850000381469727,12.850000381469727,512600
2021-09-20,12.510000228881836,12.65999984741211,12.15999984741211,12.520000457763672,12.520000457763672,344200
2021-09-21,12.640000343322754,12.640000343322754,12.079999923706055,12.119999885559082,12.119999885559082,442400
2021-09-22,12.289999961853027,12.539999961853027,12.239999771118164,12.300000190734863,12.300000190734863,259400
2021-09-23,12.380000114440918,12.920000076293945,12.380000114440918,12.890000343322754,12.890000343322754,211600
2021-09-24,12.84000015258789,13.050000190734863,12.699999809265137,13.0,13.0,176100
2021-09-27,13.130000114440918,13.729999542236328,13.130000114440918,13.59000015258789,13.59000015258789,220800
2021-09-28,13.550000190734863,13.789999961853027,13.050000190734863,13.050000190734863,13.050000190734863,177500
2021-09-29,13.09000015258789,13.329999923706055,12.8100004196167,13.199999809265137,13.199999809265137,243900
2021-09-30,13.210000038146973,13.430000305175781,12.960000038146973,12.979999542236328,12.979999542236328,284300
2021-10-01,13.15999984741211,13.600000381469727,13.010000228881836,13.529999732971191,13.529999732971191,264600
2021-10-04,13.539999961853027,13.699999809265137,13.180000305175781,13.239999771118164,13.239999771118164,186400
2021-10-05,13.270000457763672,13.470000267028809,13.0600004196167,13.3100004196167,13.3100004196167,147300
2021-10-06,13.0,13.25,12.779999732971191,13.180000305175781,13.180000305175781,300700
2021-10-07,13.300000190734863,13.5600004196167,13.300000190734863,13.369999885559082,13.369999885559082,174000
2021-10-08,13.270000457763672,13.449999809265137,13.119999885559082,13.149999618530273,13.149999618530273,155100
2021-10-11,13.369999885559082,13.510000228881836,12.859999656677246,12.869999885559082,12.869999885559082,244500
2021-10-12,12.829999923706055,13.020000457763672,12.739999771118164,12.850000381469727,12.850000381469727,230300
2021-10-13,12.880000114440918,13.0,12.640000343322754,12.989999771118164,12.989999771118164,147000
2021-10-14,13.210000038146973,13.369999885559082,13.050000190734863,13.25,13.25,174300
2021-10-15,13.5600004196167,13.600000381469727,13.050000190734863,13.050000190734863,13.050000190734863,377500
2021-10-18,12.829999923706055,12.970000267028809,12.680000305175781,12.949999809265137,12.949999809265137,185000
2021-10-19,13.100000381469727,13.15999984741211,12.84000015258789,13.050000190734863,13.050000190734863,206300
2021-10-20,13.0,13.40999984741211,12.949999809265137,13.300000190734863,13.300000190734863,209600
2021-10-21,13.399999618530273,13.779999732971191,13.380000114440918,13.760000228881836,13.760000228881836,205400
2021-10-22,13.729999542236328,13.9399995803833,13.609999656677246,13.770000457763672,13.770000457763672,155000
2021-10-25,13.75,14.039999961853027,13.729999542236328,13.970000267028809,13.970000267028809,193900
2021-10-26,14.050000190734863,14.050000190734863,13.6899995803833,13.710000038146973,13.710000038146973,193900
2021-10-27,13.649999618530273,13.649999618530273,13.220000267028809,13.229999542236328,13.229999542236328,144100
2021-10-28,13.289999961853027,13.760000228881836,13.289999961853027,13.729999542236328,13.729999542236328,126500
2021-10-29,13.630000114440918,13.920000076293945,13.449999809265137,13.619999885559082,13.619999885559082,207700
2021-11-01,13.739999771118164,14.399999618530273,13.619999885559082,14.239999771118164,14.239999771118164,377600
2021-11-02,14.149999618530273,14.149999618530273,13.6899995803833,13.970000267028809,13.970000267028809,247900
2021-11-03,13.9399995803833,14.539999961853027,13.770000457763672,14.319999694824219,14.319999694824219,274800
2021-11-04,13.680000305175781,14.0,12.800000190734863,13.149999618530273,13.149999618530273,873500
2021-11-05,13.319999694824219,14.25,13.300000190734863,13.960000038146973,13.960000038146973,363100
2021-11-08,14.5,15.020000457763672,14.149999618530273,14.460000038146973,14.460000038146973,547900
2021-11-09,14.4399995803833,14.699999809265137,14.289999961853027,14.619999885559082,14.619999885559082,410300
2021-11-10,14.630000114440918,14.930000305175781,14.550000190734863,14.819999694824219,14.819999694824219,326800
2021-11-11,14.8100004196167,15.199999809265137,14.670000076293945,15.050000190734863,15.050000190734863,509300
2021-11-12,15.1899995803833,15.609999656677246,15.069999694824219,15.550000190734863,15.550000190734863,491600
2021-11-15,15.600000381469727,15.670000076293945,14.6899995803833,14.789999961853027,14.789999961853027,588300
2021-11-16,14.779999732971191,14.880000114440918,14.479999542236328,14.5,14.5,244100
2021-11-17,14.479999542236328,14.579999923706055,14.130000114440918,14.220000267028809,14.220000267028809,215700
2021-11-18,14.270000457763672,14.300000190734863,13.819999694824219,13.90999984741211,13.90999984741211,283500
2021-11-19,13.649999618530273,14.180000305175781,13.510000228881836,14.149999618530273,14.149999618530273,332800
2021-11-22,14.289999961853027,14.470000267028809,13.960000038146973,14.050000190734863,14.050000190734863,271700
2021-11-23,13.979999542236328,14.270000457763672,13.890000343322754,14.039999961853027,14.039999961853027,209300
2021-11-24,13.920000076293945,14.109999656677246,13.8100004196167,14.050000190734863,14.050000190734863,249500
2021-11-26,13.5,13.680000305175781,13.100000381469727,13.640000343322754,13.640000343322754,257100
2021-11-29,13.84000015258789,13.970000267028809,13.270000457763672,13.300000190734863,13.300000190734863,628500
2021-11-30,13.109999656677246,13.3100004196167,12.609999656677246,12.859999656677246,12.859999656677246,361200
2021-12-01,13.239999771118164,13.3100004196167,12.5,12.510000228881836,12.510000228881836,221100
2021-12-02,12.470000267028809,12.890000343322754,12.369999885559082,12.729999542236328,12.729999542236328,182100
2021-12-03,12.800000190734863,13.020000457763672,12.6899995803833,12.979999542236328,12.979999542236328,192700
2021-12-06,13.289999961853027,13.430000305175781,13.149999618530273,13.170000076293945,13.170000076293945,231000
2021-12-07,13.390000343322754,13.710000038146973,13.260000228881836,13.319999694824219,13.319999694824219,134600
2021-12-08,13.369999885559082,13.430000305175781,13.229999542236328,13.390000343322754,13.390000343322754,138600
2021-12-09,13.229999542236328,13.449999809265137,12.9399995803833,12.949999809265137,12.949999809265137,153100
2021-12-10,12.989999771118164,13.119999885559082,12.739999771118164,12.869999885559082,12.869999885559082,220300
2021-12-13,12.800000190734863,12.890000343322754,12.449999809265137,12.489999771118164,12.489999771118164,283400
2021-12-14,12.449999809265137,12.800000190734863,12.270000457763672,12.3100004196167,12.3100004196167,262600
2021-12-15,12.3100004196167,13.100000381469727,12.020000457763672,13.0,13.0,550500
2021-12-16,13.300000190734863,13.380000114440918,12.579999923706055,12.65999984741211,12.65999984741211,392000
2021-12-17,12.600000381469727,12.869999885559082,12.319999694824219,12.649999618530273,12.649999618530273,393200
2021-12-20,12.380000114440918,12.380000114440918,11.90999984741211,12.229999542236328,12.229999542236328,369500
2021-12-21,12.380000114440918,12.619999885559082,12.260000228881836,12.5,12.5,316500
2021-12-22,12.539999961853027,12.680000305175781,12.239999771118164,12.609999656677246,12.609999656677246,220500
2021-12-23,12.699999809265137,12.779999732971191,12.270000457763672,12.430000305175781,12.430000305175781,328500
2021-12-27,12.449999809265137,12.529999732971191,12.180000305175781,12.470000267028809,12.470000267028809,194100
2021-12-28,12.4399995803833,12.829999923706055,12.329999923706055,12.359999656677246,12.359999656677246,370100
2021-12-29,12.350000381469727,12.449999809265137,12.210000038146973,12.289999961853027,12.289999961853027,244100
2021-12-30,12.34000015258789,12.579999923706055,12.289999961853027,12.300000190734863,12.300000190734863,242400
2021-12-31,12.399999618530273,12.489999771118164,12.279999732971191,12.369999885559082,12.369999885559082,219300
2022-01-03,12.430000305175781,12.899999618530273,12.430000305175781,12.510000228881836,12.510000228881836,199800
2022-01-04,12.699999809265137,12.899999618530273,12.649999618530273,12.789999961853027,12.789999961853027,216500
2022-01-05,12.899999618530273,13.050000190734863,12.359999656677246,12.399999618530273,12.399999618530273,196600
2022-01-06,12.399999618530273,12.579999923706055,12.350000381469727,12.449999809265137,12.449999809265137,206600
2022-01-07,12.510000228881836,12.569999694824219,12.140000343322754,12.170000076293945,12.170000076293945,183000
2022-01-10,12.180000305175781,12.199999809265137,11.770000457763672,12.09000015258789,12.09000015258789,256900
2022-01-11,12.180000305175781,12.5,11.920000076293945,12.40999984741211,12.40999984741211,221100
2022-01-12,12.380000114440918,12.5,12.010000228881836,12.09000015258789,12.09000015258789,246900
2022-01-13,12.239999771118164,12.520000457763672,12.149999618530273,12.319999694824219,12.319999694824219,284900
2022-01-14,12.199999809265137,12.529999732971191,12.199999809265137,12.489999771118164,12.489999771118164,274600
2022-01-18,12.390000343322754,12.630000114440918,12.25,12.520000457763672,12.520000457763672,367300
2022-01-19,12.510000228881836,12.550000190734863,11.949999809265137,12.020000457763672,12.020000457763672,446300
2022-01-20,12.029999732971191,12.25,11.739999771118164,11.789999961853027,11.789999961853027,303000
2022-01-21,11.699999809265137,11.9399995803833,11.449999809265137,11.449999809265137,11.449999809265137,376100
2022-01-24,11.25,12.15999984741211,11.0,12.079999923706055,12.079999923706055,423100
2022-01-25,11.949999809265137,12.420000076293945,11.819999694824219,12.3100004196167,12.3100004196167,509900
2022-01-26,12.5,12.779999732971191,12.09000015258789,12.220000267028809,12.220000267028809,348000
2022-01-27,12.329999923706055,12.670000076293945,12.020000457763672,12.180000305175781,12.180000305175781,418200
2022-01-28,12.09000015258789,12.270000457763672,11.640000343322754,12.119999885559082,12.119999885559082,360200
2022-01-31,12.0,12.399999618530273,11.880000114440918,11.899999618530273,11.899999618530273,1377600
2022-02-01,11.970000267028809,12.140000343322754,11.8100004196167,12.079999923706055,12.079999923706055,333500
2022-02-02,12.069999694824219,12.199999809265137,11.699999809265137,11.819999694824219,11.819999694824219,320600
2022-02-03,11.6899995803833,11.949999809265137,11.550000190734863,11.579999923706055,11.579999923706055,200800
2022-02-04,11.5,11.529999732971191,11.199999809265137,11.260000228881836,11.260000228881836,253300
2022-02-07,11.260000228881836,11.350000381469727,11.069999694824219,11.3100004196167,11.3100004196167,374700
2022-02-08,11.4399995803833,11.670000076293945,11.319999694824219,11.579999923706055,11.579999923706055,285600
2022-02-09,11.640000343322754,11.829999923706055,11.619999885559082,11.75,11.75,227200
2022-02-10,11.479999542236328,11.800000190734863,11.229999542236328,11.3100004196167,11.3100004196167,357500
2022-02-11,11.3100004196167,11.479999542236328,11.069999694824219,11.140000343322754,11.140000343322754,241900
2022-02-14,11.020000457763672,11.300000190734863,11.020000457763672,11.119999885559082,11.119999885559082,344100
2022-02-15,11.279999732971191,11.670000076293945,11.279999732971191,11.5600004196167,11.5600004196167,211900
2022-02-16,11.4399995803833,11.829999923706055,11.430000305175781,11.779999732971191,11.779999732971191,155700
2022-02-17,11.609999656677246,11.819999694824219,11.5,11.760000228881836,11.760000228881836,186700
2022-02-18,11.699999809265137,11.869999885559082,11.40999984741211,11.65999984741211,11.65999984741211,286400
2022-02-22,11.550000190734863,11.859999656677246,11.239999771118164,11.270000457763672,11.270000457763672,229900
2022-02-23,11.34000015258789,11.470000267028809,11.029999732971191,11.0600004196167,11.0600004196167,159800
2022-02-24,11.0,11.319999694824219,10.680000305175781,11.319999694824219,11.319999694824219,360900
2022-02-25,10.100000381469727,10.489999771118164,9.350000381469727,10.369999885559082,10.369999885559082,1150000
2022-02-28,10.180000305175781,10.270000457763672,9.5600004196167,9.800000190734863,9.800000190734863,973200
2022-03-01,9.699999809265137,9.720000267028809,9.1899995803833,9.289999961853027,9.289999961853027,667900
2022-03-02,9.380000114440918,9.829999923706055,9.380000114440918,9.789999961853027,9.789999961853027,573000
2022-03-03,9.800000190734863,9.920000076293945,9.619999885559082,9.90999984741211,9.90999984741211,530600
2022-03-04,9.699999809265137,9.850000381469727,9.529999732971191,9.710000038146973,9.710000038146973,444800
2022-03-07,9.699999809265137,9.859999656677246,9.539999961853027,9.6899995803833,9.6899995803833,420500
2022-03-08,9.8100004196167,10.399999618530273,9.8100004196167,10.119999885559082,10.119999885559082,409500
2022-03-09,10.369999885559082,10.640000343322754,10.369999885559082,10.529999732971191,10.529999732971191,340500
2022-03-10,10.300000190734863,10.609999656677246,10.170000076293945,10.59000015258789,10.59000015258789,219800
2022-03-11,10.609999656677246,10.760000228881836,10.460000038146973,10.569999694824219,10.569999694824219,144900
2022-03-14,10.720000267028809,10.789999961853027,10.180000305175781,10.3100004196167,10.3100004196167,283700
2022-03-15,10.300000190734863,10.369999885559082,10.039999961853027,10.220000267028809,10.220000267028809,202100
2022-03-16,10.34000015258789,10.430000305175781,10.1899995803833,10.399999618530273,10.399999618530273,278800
2022-03-17,10.319999694824219,10.539999961853027,10.279999732971191,10.449999809265137,10.449999809265137,129000
2022-03-18,10.430000305175781,10.470000267028809,10.170000076293945,10.380000114440918,10.380000114440918,623100
2022-03-21,10.359999656677246,10.449999809265137,10.149999618530273,10.199999809265137,10.199999809265137,198400
2022-03-22,10.319999694824219,10.479999542236328,10.140000343322754,10.170000076293945,10.170000076293945,223900
2022-03-23,10.010000228881836,10.130000114440918,9.949999809265137,10.010000228881836,10.010000228881836,266600
2022-03-24,10.069999694824219,10.149999618530273,9.869999885559082,10.119999885559082,10.119999885559082,185100
2022-03-25,10.119999885559082,10.390000343322754,10.069999694824219,10.3100004196167,10.3100004196167,237400
2022-03-28,10.300000190734863,10.399999618530273,10.149999618530273,10.380000114440918,10.380000114440918,186400
2022-03-29,10.489999771118164,10.829999923706055,10.479999542236328,10.739999771118164,10.739999771118164,210900
2022-03-30,10.720000267028809,10.8100004196167,10.430000305175781,10.4399995803833,10.4399995803833,211000
2022-03-31,10.449999809265137,10.8100004196167,10.430000305175781,10.800000190734863,10.800000190734863,386200
2022-04-01,10.859999656677246,10.9399995803833,10.529999732971191,10.739999771118164,10.739999771118164,247100
2022-04-04,10.850000381469727,10.869999885559082,10.350000381469727,10.520000457763672,10.520000457763672,147500
2022-04-05,10.420000076293945,10.550000190734863,9.960000038146973,10.0,10.0,234000
2022-04-06,9.850000381469727,9.899999618530273,9.6899995803833,9.75,9.75,222000
2022-04-07,10.239999771118164,10.239999771118164,9.819999694824219,10.09000015258789,10.09000015258789,264300
2022-04-08,10.069999694824219,10.319999694824219,10.029999732971191,10.050000190734863,10.050000190734863,342800
2022-04-11,10.109999656677246,10.34000015258789,10.010000228881836,10.119999885559082,10.119999885559082,144300
2022-04-12,10.210000038146973,10.380000114440918,10.069999694824219,10.1899995803833,10.1899995803833,163500
2022-04-13,10.149999618530273,10.260000228881836,10.0,10.170000076293945,10.170000076293945,245600
2022-04-14,10.220000267028809,10.369999885559082,10.15999984741211,10.3100004196167,10.3100004196167,149200
2022-04-18,10.3100004196167,10.4399995803833,10.0600004196167,10.079999923706055,10.079999923706055,145700
2022-04-19,10.079999923706055,10.25,10.039999961853027,10.119999885559082,10.119999885559082,168600
2022-04-20,10.199999809265137,10.34000015258789,10.069999694824219,10.100000381469727,10.100000381469727,172000
2022-04-21,10.25,10.25,9.760000228881836,9.880000114440918,9.880000114440918,187100
2022-04-22,9.800000190734863,9.8100004196167,9.479999542236328,9.529999732971191,9.529999732971191,271400
2022-04-25,9.34000015258789,9.449999809265137,9.079999923706055,9.40999984741211,9.40999984741211,295900
2022-04-26,9.329999923706055,9.369999885559082,9.079999923706055,9.109999656677246,9.109999656677246,245000
2022-04-27,9.15999984741211,9.569999694824219,9.140000343322754,9.199999809265137,9.199999809265137,260900
2022-04-28,9.229999542236328,9.399999618530273,9.0600004196167,9.34000015258789,9.34000015258789,217300
2022-04-29,9.34000015258789,9.579999923706055,9.220000267028809,9.270000457763672,9.270000457763672,209600
2022-05-02,9.319999694824219,9.479999542236328,9.100000381469727,9.34000015258789,9.34000015258789,200600
2022-05-03,9.40999984741211,9.510000228881836,9.260000228881836,9.350000381469727,9.350000381469727,117600
2022-05-04,9.4399995803833,9.59000015258789,9.3100004196167,9.579999923706055,9.579999923706055,133400
2022-05-05,9.119999885559082,10.079999923706055,9.119999885559082,9.649999618530273,9.649999618530273,566100
2022-05-06,9.65999984741211,9.869999885559082,9.609999656677246,9.75,9.75,314200
2022-05-09,9.720000267028809,9.8100004196167,9.369999885559082,9.470000267028809,9.470000267028809,301200
2022-05-10,9.75,9.8100004196167,9.380000114440918,9.550000190734863,9.550000190734863,305200
2022-05-11,9.5600004196167,9.680000305175781,9.300000190734863,9.399999618530273,9.399999618530273,243600
2022-05-12,9.359999656677246,9.470000267028809,9.210000038146973,9.359999656677246,9.359999656677246,218600
2022-05-13,9.5,9.649999618530273,9.479999542236328,9.510000228881836,9.510000228881836,150000
2022-05-16,9.449999809265137,9.760000228881836,9.369999885559082,9.670000076293945,9.670000076293945,205500
2022-05-17,9.800000190734863,10.069999694824219,9.800000190734863,9.949999809265137,9.949999809265137,296700
2022-05-18,10.1899995803833,10.829999923706055,10.039999961853027,10.220000267028809,10.220000267028809,428500
2022-05-19,10.09000015258789,10.34000015258789,9.979999542236328,10.010000228881836,10.010000228881836,427100
2022-05-20,10.170000076293945,10.170000076293945,9.460000038146973,9.800000190734863,9.800000190734863,453500
2022-05-23,9.850000381469727,9.949999809265137,9.649999618530273,9.699999809265137,9.699999809265137,264600
2022-05-24,9.710000038146973,9.800000190734863,9.350000381469727,9.779999732971191,9.779999732971191,269200
2022-05-25,9.770000457763672,10.199999809265137,9.710000038146973,9.9399995803833,9.9399995803833,278700
2022-05-26,9.9399995803833,10.1899995803833,9.9399995803833,10.050000190734863,10.050000190734863,177400
2022-05-27,10.180000305175781,10.539999961853027,10.130000114440918,10.479999542236328,10.479999542236328,238000
2022-05-31,10.539999961853027,10.619999885559082,10.100000381469727,10.140000343322754,10.140000343322754,260300
2022-06-01,10.0600004196167,10.260000228881836,9.869999885559082,10.1899995803833,10.1899995803833,249100
2022-06-02,10.270000457763672,10.380000114440918,10.119999885559082,10.289999961853027,10.289999961853027,189200
2022-06-03,10.270000457763672,10.399999618530273,10.069999694824219,10.199999809265137,10.199999809265137,145000
2022-06-06,10.279999732971191,10.489999771118164,10.15999984741211,10.1899995803833,10.1899995803833,235300
2022-06-07,10.069999694824219,10.289999961853027,10.069999694824219,10.229999542236328,10.229999542236328,272800
2022-06-08,10.199999809265137,10.199999809265137,9.880000114440918,9.960000038146973,9.960000038146973,154800
2022-06-09,9.84000015258789,9.90999984741211,9.75,9.829999923706055,9.829999923706055,167600
2022-06-10,9.640000343322754,9.75,9.319999694824219,9.489999771118164,9.489999771118164,281000
2022-06-13,9.140000343322754,9.239999771118164,8.9399995803833,9.020000457763672,9.020000457763672,304700
2022-06-14,9.029999732971191,9.15999984741211,8.890000343322754,9.050000190734863,9.050000190734863,321000
2022-06-15,9.130000114440918,9.34000015258789,9.039999961853027,9.229999542236328,9.229999542236328,293800
2022-06-16,9.119999885559082,9.140000343322754,8.470000267028809,8.550000190734863,8.550000190734863,323600
2022-06-17,8.670000076293945,8.760000228881836,8.329999923706055,8.529999732971191,8.529999732971191,430500
2022-06-21,8.710000038146973,9.020000457763672,8.5600004196167,8.90999984741211,8.90999984741211,362100
2022-06-22,8.75,9.020000457763672,8.75,8.920000076293945,8.920000076293945,245800
2022-06-23,8.989999771118164,8.989999771118164,8.579999923706055,8.789999961853027,8.789999961853027,222300
2022-06-24,8.850000381469727,9.079999923706055,8.8100004196167,8.960000038146973,8.960000038146973,346400
2022-06-27,9.069999694824219,9.270000457763672,8.949999809265137,9.140000343322754,9.140000343322754,229600
2022-06-28,9.239999771118164,9.350000381469727,8.880000114440918,8.920000076293945,8.920000076293945,165100
2022-06-29,8.869999885559082,8.899999618530273,8.619999885559082,8.770000457763672,8.770000457763672,183900
2022-06-30,8.600000381469727,8.850000381469727,8.520000457763672,8.779999732971191,8.779999732971191,239600
2022-07-01,8.720000267028809,8.960000038146973,8.609999656677246,8.899999618530273,8.899999618530273,176800
2022-07-05,8.850000381469727,8.859999656677246,8.520000457763672,8.859999656677246,8.859999656677246,201100
2022-07-06,8.819999694824219,8.84000015258789,8.539999961853027,8.720000267028809,8.720000267028809,145600
2022-07-07,8.789999961853027,8.960000038146973,8.789999961853027,8.829999923706055,8.829999923706055,172800
2022-07-08,8.859999656677246,8.869999885559082,8.630000114440918,8.680000305175781,8.680000305175781,206700
2022-07-11,8.65999984741211,8.779999732971191,8.550000190734863,8.729999542236328,8.729999542236328,317800
2022-07-12,8.720000267028809,8.930000305175781,8.59000015258789,8.609999656677246,8.609999656677246,162000
2022-07-13,8.600000381469727,8.739999771118164,8.550000190734863,8.6899995803833,8.6899995803833,156800
2022-07-14,8.539999961853027,8.65999984741211,8.40999984741211,8.640000343322754,8.640000343322754,136500
2022-07-15,8.819999694824219,8.819999694824219,8.40999984741211,8.579999923706055,8.579999923706055,286700
2022-07-18,8.65999984741211,8.760000228881836,8.520000457763672,8.579999923706055,8.579999923706055,181200
2022-07-19,8.699999809265137,8.989999771118164,8.630000114440918,8.960000038146973,8.960000038146973,184400
2022-07-20,8.960000038146973,9.229999542236328,8.960000038146973,9.050000190734863,9.050000190734863,192200
2022-07-21,8.8100004196167,8.960000038146973,8.630000114440918,8.9399995803833,8.9399995803833,164900
2022-07-22,9.0,9.0,8.6899995803833,8.819999694824219,8.819999694824219,141400
2022-07-25,8.800000190734863,8.920000076293945,8.729999542236328,8.770000457763672,8.770000457763672,169300
2022-07-26,8.680000305175781,8.829999923706055,8.609999656677246,8.699999809265137,8.699999809265137,188800
2022-07-27,8.789999961853027,8.920000076293945,8.729999542236328,8.800000190734863,8.800000190734863,268400
2022-07-28,8.869999885559082,8.970000267028809,8.670000076293945,8.949999809265137,8.949999809265137,227400
2022-07-29,9.010000228881836,9.149999618530273,8.960000038146973,9.079999923706055,9.079999923706055,267500
2022-08-01,9.010000228881836,9.390000343322754,8.90999984741211,9.270000457763672,9.270000457763672,156000
2022-08-02,9.260000228881836,9.289999961853027,9.079999923706055,9.100000381469727,9.100000381469727,138400
2022-08-03,9.130000114440918,9.130000114440918,8.890000343322754,8.970000267028809,8.970000267028809,240500
2022-08-04,9.020000457763672,9.140000343322754,8.90999984741211,9.039999961853027,9.039999961853027,321800
2022-08-05,8.270000457763672,8.470000267028809,7.239999771118164,7.760000228881836,7.760000228881836,1132500
2022-08-08,7.690000057220459,7.710000038146973,7.289999961853027,7.329999923706055,7.329999923706055,561700
2022-08-09,7.28000020980835,7.349999904632568,7.059999942779541,7.139999866485596,7.139999866485596,475700
2022-08-10,7.25,7.429999828338623,7.179999828338623,7.230000019073486,7.230000019073486,374200
2022-08-11,7.25,7.349999904632568,7.079999923706055,7.110000133514404,7.110000133514404,407800
2022-08-12,7.130000114440918,7.21999979019165,7.059999942779541,7.190000057220459,7.190000057220459,371500
2022-08-15,7.079999923706055,7.210000038146973,7.059999942779541,7.119999885559082,7.119999885559082,358300
2022-08-16,7.159999847412109,7.389999866485596,7.110000133514404,7.300000190734863,7.300000190734863,310500
2022-08-17,7.210000038146973,7.519999980926514,7.099999904632568,7.510000228881836,7.510000228881836,387600
2022-08-18,7.46999979019165,7.739999771118164,7.400000095367432,7.53000020980835,7.53000020980835,655900
2022-08-19,7.519999980926514,7.690000057220459,7.369999885559082,7.480000019073486,7.480000019073486,587300
2022-08-22,7.409999847412109,7.409999847412109,6.900000095367432,6.960000038146973,6.960000038146973,439900
2022-08-23,6.909999847412109,7.110000133514404,6.909999847412109,6.960000038146973,6.960000038146973,246800
2022-08-24,6.960000038146973,7.0,6.860000133514404,6.96999979019165,6.96999979019165,272800
2022-08-25,6.949999809265137,7.300000190734863,6.909999847412109,7.260000228881836,7.260000228881836,310200
2022-08-26,7.269999980926514,7.300000190734863,7.110000133514404,7.179999828338623,7.179999828338623,391600
2022-08-29,7.059999942779541,7.260000228881836,7.0,7.159999847412109,7.159999847412109,476000
2022-08-30,7.190000057220459,7.190000057220459,6.809999942779541,6.880000114440918,6.880000114440918,384500
2022-08-31,6.889999866485596,6.949999809265137,6.760000228881836,6.78000020980835,6.78000020980835,397600
2022-09-01,6.75,6.789999961853027,6.630000114440918,6.690000057220459,6.690000057220459,427200
2022-09-02,6.739999771118164,6.880000114440918,6.610000133514404,6.630000114440918,6.630000114440918,335300
2022-09-06,6.630000114440918,6.630000114440918,6.289999961853027,6.519999980926514,6.519999980926514,526300
2022-09-07,6.519999980926514,6.699999809265137,6.429999828338623,6.679999828338623,6.679999828338623,383400
2022-09-08,6.650000095367432,6.78000020980835,6.510000228881836,6.71999979019165,6.71999979019165,241900
2022-09-09,6.71999979019165,6.989999771118164,6.71999979019165,6.929999828338623,6.929999828338623,281700
2022-09-12,6.960000038146973,7.079999923706055,6.940000057220459,7.03000020980835,7.03000020980835,265900
2022-09-13,6.860000133514404,7.059999942779541,6.730000019073486,6.769999980926514,6.769999980926514,261200
2022-09-14,6.769999980926514,6.769999980926514,6.5,6.619999885559082,6.619999885559082,469300
2022-09-15,6.699999809265137,6.949999809265137,6.599999904632568,6.900000095367432,6.900000095367432,516600
2022-09-16,6.789999961853027,7.03000020980835,6.699999809265137,6.900000095367432,6.900000095367432,1334900
2022-09-19,6.800000190734863,6.96999979019165,6.789999961853027,6.960000038146973,6.960000038146973,471400
2022-09-20,6.920000076293945,6.920000076293945,6.710000038146973,6.78000020980835,6.78000020980835,427700
2022-09-21,6.869999885559082,7.260000228881836,6.800000190734863,6.849999904632568,6.849999904632568,436900
2022-09-22,6.769999980926514,6.869999885559082,6.5,6.559999942779541,6.559999942779541,329900
2022-09-23,6.480000019073486,6.480000019073486,6.159999847412109,6.269999980926514,6.269999980926514,301500
2022-09-26,6.179999828338623,6.300000190734863,5.929999828338623,5.949999809265137,5.949999809265137,381300
2022-09-27,6.0,6.019999980926514,5.579999923706055,5.71999979019165,5.71999979019165,410700
2022-09-28,5.809999942779541,5.96999979019165,5.71999979019165,5.869999885559082,5.869999885559082,332200
2022-09-29,5.800000190734863,5.800000190734863,5.400000095367432,5.639999866485596,5.639999866485596,387300
2022-09-30,5.650000095367432,5.739999771118164,5.489999771118164,5.519999980926514,5.519999980926514,422200
2022-10-03,5.53000020980835,5.769999980926514,5.420000076293945,5.71999979019165,5.71999979019165,479500
2022-10-04,5.869999885559082,6.300000190734863,5.869999885559082,6.28000020980835,6.28000020980835,444900
2022-10-05,6.130000114440918,6.230000019073486,6.059999942779541,6.170000076293945,6.170000076293945,213900
2022-10-06,6.139999866485596,6.210000038146973,5.880000114440918,5.920000076293945,5.920000076293945,187400
2022-10-07,5.889999866485596,5.900000095367432,5.559999942779541,5.75,5.75,286400
2022-10-10,5.820000171661377,6.0,5.820000171661377,5.949999809265137,5.949999809265137,224000
2022-10-11,5.889999866485596,6.010000228881836,5.75,5.880000114440918,5.880000114440918,300000
2022-10-12,5.840000152587891,5.849999904632568,5.71999979019165,5.71999979019165,5.71999979019165,193300
2022-10-13,5.610000133514404,6.0,5.550000190734863,5.920000076293945,5.920000076293945,304900
2022-10-14,5.949999809265137,5.960000038146973,5.760000228881836,5.800000190734863,5.800000190734863,225900
2022-10-17,5.880000114440918,6.130000114440918,5.880000114440918,6.079999923706055,6.079999923706055,317600
2022-10-18,6.269999980926514,6.369999885559082,6.079999923706055,6.119999885559082,6.119999885559082,257000
2022-10-19,6.03000020980835,6.320000171661377,5.900000095367432,6.139999866485596,6.139999866485596,591000
2022-10-20,6.090000152587891,6.409999847412109,6.050000190734863,6.059999942779541,6.059999942779541,220600
2022-10-21,6.110000133514404,6.409999847412109,6.0,6.28000020980835,6.28000020980835,652100
2022-10-24,6.369999885559082,6.75,6.239999771118164,6.690000057220459,6.690000057220459,373600
2022-10-25,6.650000095367432,6.929999828338623,6.650000095367432,6.78000020980835,6.78000020980835,302300
2022-10-26,6.869999885559082,7.070000171661377,6.739999771118164,6.900000095367432,6.900000095367432,264600
2022-10-27,6.980000019073486,7.309999942779541,6.96999979019165,7.010000228881836,7.010000228881836,235900
2022-10-28,7.059999942779541,7.440000057220459,7.059999942779541,7.360000133514404,7.360000133514404,230600
2022-10-31,7.230000019073486,7.53000020980835,7.170000076293945,7.420000076293945,7.420000076293945,271400
2022-11-01,7.489999771118164,7.559999942779541,7.340000152587891,7.460000038146973,7.460000038146973,410200
2022-11-02,7.449999809265137,7.460000038146973,6.980000019073486,6.989999771118164,6.989999771118164,336200
2022-11-03,7.28000020980835,7.559999942779541,6.900000095367432,7.409999847412109,7.409999847412109,649900
2022-11-04,7.489999771118164,7.510000228881836,7.210000038146973,7.380000114440918,7.380000114440918,566700
2022-11-07,7.460000038146973,7.789999961853027,7.329999923706055,7.769999980926514,7.769999980926514,395700
2022-11-08,7.670000076293945,7.849999904632568,7.389999866485596,7.519999980926514,7.519999980926514,345900
2022-11-09,7.460000038146973,7.460000038146973,6.900000095367432,7.099999904632568,7.099999904632568,355300
2022-11-10,7.360000133514404,7.619999885559082,7.150000095367432,7.53000020980835,7.53000020980835,785700
2022-11-11,7.349999904632568,7.71999979019165,7.300000190734863,7.389999866485596,7.389999866485596,662900
2022-11-14,7.349999904632568,7.449999809265137,7.050000190734863,7.079999923706055,7.079999923706055,371400
2022-11-15,7.090000152587891,7.369999885559082,7.090000152587891,7.21999979019165,7.21999979019165,403100
2022-11-16,7.210000038146973,7.25,7.019999980926514,7.079999923706055,7.079999923706055,199400
2022-11-17,6.900000095367432,7.239999771118164,6.900000095367432,7.239999771118164,7.239999771118164,203100
2022-11-18,7.389999866485596,7.440000057220459,7.239999771118164,7.400000095367432,7.400000095367432,250500
2022-11-21,7.53000020980835,8.0,7.46999979019165,7.960000038146973,7.960000038146973,277000
2022-11-22,7.980000019073486,8.149999618530273,7.920000076293945,8.100000381469727,8.100000381469727,362400
2022-11-23,8.100000381469727,8.100000381469727,7.829999923706055,7.840000152587891,7.840000152587891,184100
2022-11-25,7.760000228881836,8.109999656677246,7.760000228881836,7.980000019073486,7.980000019073486,144300
2022-11-28,7.949999809265137,7.96999979019165,7.289999961853027,7.309999942779541,7.309999942779541,329700
2022-11-29,7.269999980926514,7.369999885559082,7.039999961853027,7.110000133514404,7.110000133514404,323000
2022-11-30,7.090000152587891,7.159999847412109,6.769999980926514,7.150000095367432,7.150000095367432,294900
2022-12-01,7.269999980926514,7.679999828338623,7.170000076293945,7.53000020980835,7.53000020980835,312600
2022-12-02,7.449999809265137,7.449999809265137,7.239999771118164,7.369999885559082,7.369999885559082,323000
2022-12-05,7.28000020980835,7.329999923706055,7.090000152587891,7.289999961853027,7.289999961853027,262400
2022-12-06,7.320000171661377,7.610000133514404,7.309999942779541,7.579999923706055,7.579999923706055,328800
2022-12-07,7.550000190734863,7.659999847412109,7.429999828338623,7.440000057220459,7.440000057220459,271900
2022-12-08,7.5,7.829999923706055,7.380000114440918,7.659999847412109,7.659999847412109,228700
2022-12-09,7.599999904632568,7.739999771118164,7.5,7.539999961853027,7.539999961853027,192800
2022-12-12,7.579999923706055,7.610000133514404,7.369999885559082,7.460000038146973,7.460000038146973,257900
2022-12-13,7.599999904632568,7.849999904632568,7.5,7.53000020980835,7.53000020980835,351500
2022-12-14,7.619999885559082,7.809999942779541,7.519999980926514,7.599999904632568,7.599999904632568,401400
2022-12-15,7.539999961853027,7.559999942779541,7.289999961853027,7.519999980926514,7.519999980926514,515300
2022-12-16,7.429999828338623,7.650000095367432,7.320000171661377,7.610000133514404,7.610000133514404,891600
2022-12-19,7.610000133514404,7.760000228881836,7.460000038146973,7.699999809265137,7.699999809265137,483200
2022-12-20,7.730000019073486,7.909999847412109,7.650000095367432,7.679999828338623,7.679999828338623,465800
2022-12-21,7.760000228881836,7.809999942779541,7.599999904632568,7.610000133514404,7.610000133514404,219400
2022-12-22,7.519999980926514,7.53000020980835,7.300000190734863,7.480000019073486,7.480000019073486,218800
2022-12-23,7.53000020980835,7.610000133514404,7.420000076293945,7.539999961853027,7.539999961853027,143200
2022-12-27,7.539999961853027,7.710000038146973,7.400000095367432,7.619999885559082,7.619999885559082,211900
2022-12-28,7.639999866485596,7.769999980926514,7.46999979019165,7.489999771118164,7.489999771118164,249700
2022-12-29,7.510000228881836,7.820000171661377,7.489999771118164,7.619999885559082,7.619999885559082,243300
2022-12-30,7.489999771118164,7.679999828338623,7.480000019073486,7.550000190734863,7.550000190734863,328300
2023-01-03,7.619999885559082,7.769999980926514,7.440000057220459,7.550000190734863,7.550000190734863,274900
2023-01-04,7.659999847412109,7.769999980926514,7.570000171661377,7.690000057220459,7.690000057220459,155600
2023-01-05,7.599999904632568,7.789999961853027,7.53000020980835,7.78000020980835,7.78000020980835,151700
2023-01-06,7.840000152587891,8.0600004196167,7.840000152587891,8.020000457763672,8.020000457763672,216100
2023-01-09,8.069999694824219,8.210000038146973,7.800000190734863,7.889999866485596,7.889999866485596,182200
2023-01-10,7.869999885559082,7.880000114440918,7.639999866485596,7.860000133514404,7.860000133514404,218200
2023-01-11,7.900000095367432,8.260000228881836,7.900000095367432,8.09000015258789,8.09000015258789,265200
2023-01-12,8.199999809265137,8.510000228881836,8.1899995803833,8.479999542236328,8.479999542236328,229700
2023-01-13,8.420000076293945,8.5600004196167,8.140000343322754,8.550000190734863,8.550000190734863,221900
2023-01-17,8.5600004196167,8.609999656677246,8.289999961853027,8.319999694824219,8.319999694824219,188300
2023-01-18,8.40999984741211,8.789999961853027,8.3100004196167,8.470000267028809,8.470000267028809,336800
2023-01-19,8.380000114440918,8.5600004196167,8.319999694824219,8.5600004196167,8.5600004196167,209900
2023-01-20,8.670000076293945,8.90999984741211,8.520000457763672,8.859999656677246,8.859999656677246,735100
2023-01-23,8.930000305175781,8.930000305175781,8.600000381469727,8.680000305175781,8.680000305175781,254100
2023-01-24,8.619999885559082,8.739999771118164,8.479999542236328,8.649999618530273,8.649999618530273,152300
2023-01-25,8.630000114440918,8.90999984741211,8.550000190734863,8.84000015258789,8.84000015258789,227300
2023-01-26,8.899999618530273,9.029999732971191,8.819999694824219,8.979999542236328,8.979999542236328,198100
2023-01-27,8.989999771118164,9.15999984741211,8.979999542236328,9.0600004196167,9.0600004196167,227600
2023-01-30,9.050000190734863,9.119999885559082,8.84000015258789,8.90999984741211,8.90999984741211,236800
2023-01-31,8.920000076293945,9.229999542236328,8.899999618530273,9.170000076293945,9.170000076293945,768800
2023-02-01,9.130000114440918,9.319999694824219,8.960000038146973,9.15999984741211,9.15999984741211,231700
2023-02-02,9.210000038146973,9.390000343322754,9.109999656677246,9.390000343322754,9.390000343322754,229100
2023-02-03,9.369999885559082,9.479999542236328,9.289999961853027,9.359999656677246,9.359999656677246,178900
2023-02-06,9.210000038146973,9.449999809265137,9.199999809265137,9.40999984741211,9.40999984741211,187700
2023-02-07,9.399999618530273,9.59000015258789,9.300000190734863,9.550000190734863,9.550000190734863,177700
2023-02-08,9.5600004196167,9.600000381469727,9.15999984741211,9.25,9.25,295200
2023-02-09,9.390000343322754,9.390000343322754,8.479999542236328,8.5600004196167,8.5600004196167,477000
2023-02-10,8.539999961853027,8.59000015258789,8.369999885559082,8.460000038146973,8.460000038146973,170600
2023-02-13,8.479999542236328,8.609999656677246,8.380000114440918,8.529999732971191,8.529999732971191,131400
2023-02-14,8.479999542236328,8.710000038146973,8.470000267028809,8.630000114440918,8.630000114440918,159100
2023-02-15,8.5,8.84000015258789,8.489999771118164,8.800000190734863,8.800000190734863,119900
2023-02-16,8.65999984741211,8.890000343322754,8.640000343322754,8.800000190734863,8.800000190734863,238500
2023-02-17,8.869999885559082,9.119999885559082,8.84000015258789,8.970000267028809,8.970000267028809,179900
2023-02-21,8.829999923706055,8.850000381469727,8.460000038146973,8.470000267028809,8.470000267028809,213100
2023-02-22,8.4399995803833,8.649999618530273,8.430000305175781,8.479999542236328,8.479999542236328,159400
2023-02-23,8.539999961853027,8.9399995803833,8.539999961853027,8.699999809265137,8.699999809265137,195800
2023-02-24,8.5,8.729999542236328,8.399999618530273,8.5,8.5,148400
2023-02-27,8.579999923706055,8.640000343322754,8.239999771118164,8.319999694824219,8.319999694824219,213000
2023-02-28,8.260000228881836,8.329999923706055,8.100000381469727,8.109999656677246,8.109999656677246,242800
2023-03-01,8.109999656677246,8.4399995803833,8.09000015258789,8.369999885559082,8.369999885559082,226500
2023-03-02,8.300000190734863,8.739999771118164,8.260000228881836,8.6899995803833,8.6899995803833,218300
2023-03-03,8.75,8.970000267028809,8.65999984741211,8.829999923706055,8.829999923706055,200200
2023-03-06,8.84000015258789,8.869999885559082,8.479999542236328,8.619999885559082,8.619999885559082,368700
2023-03-07,8.640000343322754,8.90999984741211,8.579999923706055,8.699999809265137,8.699999809265137,245600
2023-03-08,8.729999542236328,8.770000457763672,8.5,8.65999984741211,8.65999984741211,226800
2023-03-09,8.6899995803833,8.800000190734863,8.420000076293945,8.430000305175781,8.430000305175781,244400
2023-03-10,8.380000114440918,8.479999542236328,7.670000076293945,7.75,7.75,413600
2023-03-13,7.550000190734863,7.650000095367432,7.099999904632568,7.199999809265137,7.199999809265137,325700
2023-03-14,7.5,7.650000095367432,7.389999866485596,7.449999809265137,7.449999809265137,365300
2023-03-15,7.179999828338623,7.320000171661377,6.889999866485596,7.170000076293945,7.170000076293945,393200
2023-03-16,6.889999866485596,6.989999771118164,5.460000038146973,6.159999847412109,6.159999847412109,996500
2023-03-17,5.989999771118164,6.190000057220459,5.670000076293945,6.130000114440918,6.130000114440918,1375500
2023-03-20,6.139999866485596,6.539999961853027,6.139999866485596,6.320000171661377,6.320000171661377,591600
2023-03-21,6.510000228881836,6.78000020980835,6.5,6.550000190734863,6.550000190734863,337100
2023-03-22,6.579999923706055,6.659999847412109,6.210000038146973,6.21999979019165,6.21999979019165,319400
2023-03-23,6.21999979019165,6.320000171661377,5.829999923706055,5.869999885559082,5.869999885559082,342400
2023-03-24,5.760000228881836,5.960000038146973,5.639999866485596,5.900000095367432,5.900000095367432,410300
2023-03-27,6.059999942779541,6.170000076293945,5.960000038146973,6.099999904632568,6.099999904632568,268400
2023-03-28,6.079999923706055,6.139999866485596,5.820000171661377,5.869999885559082,5.869999885559082,334500
2023-03-29,5.960000038146973,5.989999771118164,5.769999980926514,5.96999979019165,5.96999979019165,331400
2023-03-30,6.019999980926514,6.139999866485596,5.900000095367432,5.949999809265137,5.949999809265137,252400
2023-03-31,6.0,6.199999809265137,6.0,6.170000076293945,6.170000076293945,351300
2023-04-03,6.199999809265137,6.25,5.949999809265137,6.119999885559082,6.119999885559082,328300
2023-04-04,6.179999828338623,6.179999828338623,5.75,5.880000114440918,5.880000114440918,416600
2023-04-05,5.800000190734863,5.900000095367432,5.550000190734863,5.710000038146973,5.710000038146973,624600
2023-04-06,5.760000228881836,5.929999828338623,5.630000114440918,5.75,5.75,398100
2023-04-10,5.75,5.860000133514404,5.619999885559082,5.800000190734863,5.800000190734863,306100
2023-04-11,5.829999923706055,5.860000133514404,5.650000095367432,5.670000076293945,5.670000076293945,389200
2023-04-12,5.71999979019165,5.71999979019165,5.340000152587891,5.380000114440918,5.380000114440918,449900
2023-04-13,5.420000076293945,5.460000038146973,5.25,5.429999828338623,5.429999828338623,375700
2023-04-14,5.480000019073486,5.590000152587891,5.300000190734863,5.340000152587891,5.340000152587891,315300
2023-04-17,5.320000171661377,5.659999847412109,5.289999961853027,5.619999885559082,5.619999885559082,572300
2023-04-18,5.619999885559082,5.730000019073486,5.53000020980835,5.690000057220459,5.690000057220459,376700
2023-04-19,5.590000152587891,5.650000095367432,5.389999866485596,5.5,5.5,365000
2023-04-20,5.5,5.590000152587891,5.230000019073486,5.300000190734863,5.300000190734863,348600
2023-04-21,5.309999942779541,5.309999942779541,4.920000076293945,5.059999942779541,5.059999942779541,1328500
2023-04-24,5.110000133514404,5.579999923706055,5.010000228881836,5.539999961853027,5.539999961853027,707200
2023-04-25,5.429999828338623,5.619999885559082,5.289999961853027,5.349999904632568,5.349999904632568,411700
2023-04-26,5.260000228881836,5.389999866485596,5.070000171661377,5.139999866485596,5.139999866485596,360000
2023-04-27,5.170000076293945,5.400000095367432,5.090000152587891,5.139999866485596,5.139999866485596,473000
2023-04-28,5.139999866485596,5.349999904632568,5.139999866485596,5.300000190734863,5.300000190734863,313000
2023-05-01,5.289999961853027,6.75,5.289999961853027,5.699999809265137,5.699999809265137,726200
2023-05-02,5.559999942779541,5.690000057220459,5.420000076293945,5.630000114440918,5.630000114440918,462600
2023-05-03,5.699999809265137,6.110000133514404,5.679999828338623,5.920000076293945,5.920000076293945,473300
2023-05-04,5.880000114440918,5.980000019073486,5.670000076293945,5.860000133514404,5.860000133514404,427500
2023-05-05,5.079999923706055,6.039999961853027,4.900000095367432,5.920000076293945,5.920000076293945,747300
2023-05-08,6.03000020980835,6.139999866485596,5.400000095367432,5.46999979019165,5.46999979019165,381700
2023-05-09,5.380000114440918,5.46999979019165,5.230000019073486,5.420000076293945,5.420000076293945,369600
2023-05-10,5.550000190734863,5.579999923706055,5.360000133514404,5.46999979019165,5.46999979019165,404500
2023-05-11,5.349999904632568,5.639999866485596,5.309999942779541,5.570000171661377,5.570000171661377,336000
2023-05-12,5.579999923706055,5.699999809265137,5.429999828338623,5.46999979019165,5.46999979019165,265100
2023-05-15,5.460000038146973,5.489999771118164,5.230000019073486,5.260000228881836,5.260000228881836,254300
2023-05-16,5.210000038146973,5.28000020980835,5.059999942779541,5.179999828338623,5.179999828338623,527100
2023-05-17,5.239999771118164,5.730000019073486,5.110000133514404,5.659999847412109,5.659999847412109,437800
2023-05-18,5.619999885559082,6.260000228881836,5.610000133514404,6.179999828338623,6.179999828338623,511200
2023-05-19,6.28000020980835,6.28000020980835,5.820000171661377,5.849999904632568,5.849999904632568,259400
2023-05-22,6.079999923706055,6.28000020980835,5.829999923706055,6.0,6.0,374300
2023-05-23,5.949999809265137,6.349999904632568,5.949999809265137,6.070000171661377,6.070000171661377,449000
2023-05-24,6.050000190734863,6.050000190734863,5.78000020980835,5.880000114440918,5.880000114440918,255500
2023-05-25,5.840000152587891,5.989999771118164,5.789999961853027,5.929999828338623,5.929999828338623,247400
2023-05-26,5.929999828338623,6.019999980926514,5.820000171661377,5.929999828338623,5.929999828338623,230600
2023-05-30,5.929999828338623,6.0,5.659999847412109,5.670000076293945,5.670000076293945,271000
2023-05-31,5.650000095367432,5.739999771118164,5.239999771118164,5.400000095367432,5.400000095367432,1426800
2023-06-01,5.5,5.789999961853027,5.380000114440918,5.71999979019165,5.71999979019165,473800
2023-06-02,5.860000133514404,6.320000171661377,5.860000133514404,6.309999942779541,6.309999942779541,501500
2023-06-05,6.329999923706055,6.360000133514404,6.03000020980835,6.309999942779541,6.309999942779541,355800
2023-06-06,6.320000171661377,6.820000171661377,6.309999942779541,6.75,6.75,478900
2023-06-07,6.809999942779541,7.199999809265137,6.809999942779541,6.949999809265137,6.949999809265137,408200
2023-06-08,6.929999828338623,6.960000038146973,6.579999923706055,6.909999847412109,6.909999847412109,372800
2023-06-09,6.880000114440918,6.920000076293945,6.730000019073486,6.800000190734863,6.800000190734863,219000
2023-06-12,6.789999961853027,7.139999866485596,6.730000019073486,6.980000019073486,6.980000019073486,341700
2023-06-13,6.980000019073486,7.190000057220459,6.980000019073486,7.050000190734863,7.050000190734863,337000
2023-06-14,7.039999961853027,7.179999828338623,6.820000171661377,6.849999904632568,6.849999904632568,379900
2023-06-15,6.78000020980835,7.019999980926514,6.75,6.849999904632568,6.849999904632568,254000
2023-06-16,6.960000038146973,6.96999979019165,6.570000171661377,6.590000152587891,6.590000152587891,1230000
2023-06-20,6.489999771118164,6.570000171661377,6.380000114440918,6.5,6.5,307500
2023-06-21,6.480000019073486,6.630000114440918,6.409999847412109,6.510000228881836,6.510000228881836,245200
2023-06-22,6.510000228881836,6.730000019073486,6.389999866485596,6.699999809265137,6.699999809265137,287900
2023-06-23,6.539999961853027,6.800000190734863,6.449999809265137,6.599999904632568,6.599999904632568,578900
2023-06-26,6.550000190734863,6.710000038146973,6.349999904632568,6.360000133514404,6.360000133514404,266900
2023-06-27,6.380000114440918,6.5,6.309999942779541,6.46999979019165,6.46999979019165,198300
2023-06-28,6.449999809265137,6.550000190734863,6.420000076293945,6.550000190734863,6.550000190734863,200400
2023-06-29,6.539999961853027,6.960000038146973,6.5,6.929999828338623,6.929999828338623,271500
2023-06-30,7.0,7.199999809265137,6.989999771118164,7.150000095367432,7.150000095367432,403900
2023-07-03,7.059999942779541,7.28000020980835,7.059999942779541,7.210000038146973,7.210000038146973,154000
2023-07-05,7.159999847412109,7.230000019073486,6.940000057220459,6.960000038146973,6.960000038146973,228900
2023-07-06,6.820000171661377,7.070000171661377,6.599999904632568,6.980000019073486,6.980000019073486,322200
2023-07-07,6.980000019073486,7.550000190734863,6.920000076293945,7.46999979019165,7.46999979019165,561400
2023-07-10,7.429999828338623,7.539999961853027,7.329999923706055,7.380000114440918,7.380000114440918,248400
2023-07-11,7.409999847412109,7.579999923706055,7.300000190734863,7.550000190734863,7.550000190734863,259300
2023-07-12,7.599999904632568,7.699999809265137,7.510000228881836,7.619999885559082,7.619999885559082,195600
2023-07-13,7.659999847412109,7.659999847412109,7.46999979019165,7.570000171661377,7.570000171661377,151100
2023-07-14,7.550000190734863,7.590000152587891,7.199999809265137,7.309999942779541,7.309999942779541,170400
2023-07-17,7.300000190734863,7.429999828338623,7.190000057220459,7.380000114440918,7.380000114440918,200700
2023-07-18,7.380000114440918,7.840000152587891,7.300000190734863,7.820000171661377,7.820000171661377,240400
2023-07-19,7.960000038146973,8.539999961853027,7.889999866485596,8.25,8.25,520500
2023-07-20,8.220000267028809,8.569999694824219,8.15999984741211,8.270000457763672,8.270000457763672,367700
2023-07-21,8.34000015258789,8.34000015258789,7.929999828338623,8.050000190734863,8.050000190734863,836700
2023-07-24,8.050000190734863,8.4399995803833,8.050000190734863,8.420000076293945,8.420000076293945,268300
2023-07-25,8.329999923706055,8.479999542236328,8.25,8.420000076293945,8.420000076293945,213700
2023-07-26,8.40999984741211,8.550000190734863,8.329999923706055,8.489999771118164,8.489999771118164,272200
2023-07-27,8.5,8.579999923706055,8.079999923706055,8.300000190734863,8.300000190734863,247200
2023-07-28,8.369999885559082,8.479999542236328,8.1899995803833,8.270000457763672,8.270000457763672,202700
2023-07-31,8.300000190734863,8.479999542236328,8.270000457763672,8.449999809265137,8.449999809265137,199800
2023-08-01,8.449999809265137,8.729999542236328,8.319999694824219,8.6899995803833,8.6899995803833,244000
2023-08-02,8.520000457763672,8.630000114440918,8.319999694824219,8.369999885559082,8.369999885559082,179300
2023-08-03,8.289999961853027,8.449999809265137,8.130000114440918,8.359999656677246,8.359999656677246,190800
2023-08-04,8.079999923706055,8.15999984741211,6.590000152587891,8.039999961853027,8.039999961853027,606800
2023-08-07,8.039999961853027,8.329999923706055,7.949999809265137,8.300000190734863,8.300000190734863,203400
2023-08-08,8.319999694824219,9.319999694824219,8.229999542236328,9.300000190734863,9.300000190734863,307600
2023-08-09,9.279999732971191,9.279999732971191,8.859999656677246,8.880000114440918,8.880000114440918,244900
2023-08-10,8.930000305175781,9.09000015258789,8.59000015258789,8.8100004196167,8.8100004196167,291300
2023-08-11,8.729999542236328,8.90999984741211,8.720000267028809,8.760000228881836,8.760000228881836,131700
2023-08-14,8.699999809265137,8.869999885559082,8.470000267028809,8.8100004196167,8.8100004196167,199900
2023-08-15,8.699999809265137,8.760000228881836,8.5600004196167,8.670000076293945,8.670000076293945,146800
2023-08-16,8.649999618530273,8.800000190734863,8.430000305175781,8.449999809265137,8.449999809265137,146500
2023-08-17,8.460000038146973,8.569999694824219,8.220000267028809,8.260000228881836,8.260000228881836,184800
2023-08-18,8.149999618530273,8.420000076293945,8.149999618530273,8.359999656677246,8.359999656677246,274800
2023-08-21,8.399999618530273,8.529999732971191,8.289999961853027,8.520000457763672,8.520000457763672,165600
2023-08-22,8.600000381469727,8.949999809265137,8.59000015258789,8.880000114440918,8.880000114440918,247200
2023-08-23,8.859999656677246,9.09000015258789,8.8100004196167,8.979999542236328,8.979999542236328,157800
2023-08-24,8.899999618530273,9.270000457763672,8.819999694824219,8.90999984741211,8.90999984741211,191700
2023-08-25,8.930000305175781,9.020000457763672,8.720000267028809,8.9399995803833,8.9399995803833,248100
2023-08-28,8.960000038146973,9.0600004196167,8.960000038146973,9.010000228881836,9.010000228881836,193500
2023-08-29,8.979999542236328,8.979999542236328,8.699999809265137,8.829999923706055,8.829999923706055,163900
2023-08-30,8.789999961853027,9.0600004196167,8.789999961853027,8.829999923706055,8.829999923706055,235400
2023-08-31,8.880000114440918,8.970000267028809,8.770000457763672,8.890000343322754,8.890000343322754,237200
2023-09-01,8.920000076293945,9.109999656677246,8.84000015258789,8.850000381469727,8.850000381469727,137500
2023-09-05,8.8100004196167,8.8100004196167,8.260000228881836,8.579999923706055,8.579999923706055,412100
2023-09-06,8.59000015258789,8.710000038146973,8.5,8.65999984741211,8.65999984741211,225000
2023-09-07,8.5,8.5,7.949999809265137,8.130000114440918,8.130000114440918,676800
2023-09-08,8.15999984741211,8.229999542236328,8.0,8.1899995803833,8.1899995803833,207600
2023-09-11,8.260000228881836,8.350000381469727,8.220000267028809,8.319999694824219,8.319999694824219,212900
2023-09-12,8.329999923706055,8.399999618530273,7.869999885559082,7.880000114440918,7.880000114440918,239300
2023-09-13,8.039999961853027,8.199999809265137,7.769999980926514,8.050000190734863,8.050000190734863,267700
2023-09-14,8.09000015258789,8.210000038146973,7.920000076293945,8.020000457763672,8.020000457763672,233300
2023-09-15,7.960000038146973,8.0,7.769999980926514,7.880000114440918,7.880000114440918,1147800
2023-09-18,7.949999809265137,8.260000228881836,7.909999847412109,7.96999979019165,7.96999979019165,222200
2023-09-19,7.900000095367432,8.029999732971191,7.809999942779541,7.929999828338623,7.929999828338623,162000
2023-09-20,7.989999771118164,8.300000190734863,7.989999771118164,8.020000457763672,8.020000457763672,152500
2023-09-21,7.869999885559082,7.929999828338623,7.760000228881836,7.809999942779541,7.809999942779541,134900
2023-09-22,7.809999942779541,7.940000057220459,7.800000190734863,7.809999942779541,7.809999942779541,204900
2023-09-25,7.760000228881836,7.909999847412109,7.659999847412109,7.710000038146973,7.710000038146973,111800
2023-09-26,7.670000076293945,7.869999885559082,7.619999885559082,7.75,7.75,169600
2023-09-27,7.820000171661377,7.980000019073486,7.739999771118164,7.940000057220459,7.940000057220459,198000
2023-09-28,7.960000038146973,8.0600004196167,7.869999885559082,7.869999885559082,7.869999885559082,141300
2023-09-29,8.020000457763672,8.020000457763672,7.78000020980835,7.829999923706055,7.829999923706055,168800
2023-10-02,7.789999961853027,7.820000171661377,7.630000114440918,7.789999961853027,7.789999961853027,182900
2023-10-03,7.760000228881836,7.760000228881836,7.599999904632568,7.610000133514404,7.610000133514404,112200
2023-10-04,7.539999961853027,7.730000019073486,7.480000019073486,7.679999828338623,7.679999828338623,185700
2023-10-05,7.650000095367432,7.739999771118164,7.389999866485596,7.539999961853027,7.539999961853027,180700
2023-10-06,7.480000019073486,7.699999809265137,7.420000076293945,7.570000171661377,7.570000171661377,122600
2023-10-09,7.489999771118164,7.599999904632568,7.369999885559082,7.5,7.5,198200
2023-10-10,7.510000228881836,7.789999961853027,7.510000228881836,7.730000019073486,7.730000019073486,156500
2023-10-11,7.78000020980835,7.869999885559082,7.650000095367432,7.739999771118164,7.739999771118164,124400
2023-10-12,7.78000020980835,7.78000020980835,7.539999961853027,7.610000133514404,7.610000133514404,125600
2023-10-13,7.610000133514404,7.650000095367432,7.269999980926514,7.320000171661377,7.320000171661377,111800
2023-10-16,7.449999809265137,7.53000020980835,7.369999885559082,7.409999847412109,7.409999847412109,155400
2023-10-17,7.369999885559082,7.619999885559082,7.300000190734863,7.539999961853027,7.539999961853027,151900
2023-10-18,7.46999979019165,7.46999979019165,7.170000076293945,7.28000020980835,7.28000020980835,280100
2023-10-19,7.25,7.300000190734863,6.889999866485596,6.989999771118164,6.989999771118164,231900
2023-10-20,7.150000095367432,7.269999980926514,6.869999885559082,6.949999809265137,6.949999809265137,567100
2023-10-23,6.929999828338623,7.170000076293945,6.849999904632568,7.110000133514404,7.110000133514404,319300
2023-10-24,7.21999979019165,7.239999771118164,6.960000038146973,7.119999885559082,7.119999885559082,156400
2023-10-25,7.050000190734863,7.139999866485596,6.96999979019165,7.110000133514404,7.110000133514404,195500
2023-10-26,7.139999866485596,7.340000152587891,7.0,7.199999809265137,7.199999809265137,174200
2023-10-27,7.170000076293945,7.230000019073486,6.949999809265137,7.0,7.0,213300
2023-10-30,7.139999866485596,7.170000076293945,6.96999979019165,7.099999904632568,7.099999904632568,108300
2023-10-31,7.119999885559082,7.260000228881836,7.050000190734863,7.210000038146973,7.210000038146973,113200
2023-11-01,7.139999866485596,7.139999866485596,6.860000133514404,7.070000171661377,7.070000171661377,180900
2023-11-02,7.179999828338623,7.269999980926514,6.900000095367432,7.130000114440918,7.130000114440918,202600
2023-11-03,7.25,7.46999979019165,7.119999885559082,7.309999942779541,7.309999942779541,276500
2023-11-06,7.28000020980835,7.550000190734863,7.170000076293945,7.519999980926514,7.519999980926514,206700
2023-11-07,7.409999847412109,7.550000190734863,7.260000228881836,7.460000038146973,7.460000038146973,142500
2023-11-08,7.5,7.599999904632568,7.46999979019165,7.590000152587891,7.590000152587891,173900
2023-11-09,7.650000095367432,7.829999923706055,7.260000228881836,7.360000133514404,7.360000133514404,243400
2023-11-10,7.239999771118164,7.510000228881836,6.860000133514404,7.349999904632568,7.349999904632568,394800
2023-11-13,7.429999828338623,8.050000190734863,7.230000019073486,7.909999847412109,7.909999847412109,293500
2023-11-14,8.220000267028809,8.329999923706055,7.960000038146973,8.3100004196167,8.3100004196167,255600
2023-11-15,8.399999618530273,8.449999809265137,8.020000457763672,8.039999961853027,8.039999961853027,201500
2023-11-16,8.039999961853027,8.039999961853027,7.739999771118164,7.789999961853027,7.789999961853027,157300
2023-11-17,7.869999885559082,8.210000038146973,7.840000152587891,8.1899995803833,8.1899995803833,225500
2023-11-20,8.270000457763672,8.270000457763672,8.050000190734863,8.109999656677246,8.109999656677246,105900
2023-11-21,8.050000190734863,8.229999542236328,7.96999979019165,8.130000114440918,8.130000114440918,99200
2023-11-22,8.130000114440918,8.380000114440918,8.079999923706055,8.140000343322754,8.140000343322754,220600
2023-11-24,8.199999809265137,8.390000343322754,8.130000114440918,8.359999656677246,8.359999656677246,49700
2023-11-27,8.279999732971191,8.359999656677246,8.25,8.359999656677246,8.359999656677246,103600
2023-11-28,8.239999771118164,8.300000190734863,8.0600004196167,8.170000076293945,8.170000076293945,218500
2023-11-29,8.239999771118164,8.4399995803833,8.239999771118164,8.34000015258789,8.34000015258789,147800
2023-11-30,8.430000305175781,8.550000190734863,8.300000190734863,8.369999885559082,8.369999885559082,142200
2023-12-01,8.300000190734863,8.670000076293945,8.270000457763672,8.489999771118164,8.489999771118164,166200
2023-12-04,8.5,8.800000190734863,8.100000381469727,8.770000457763672,8.770000457763672,248700
2023-12-05,8.770000457763672,8.770000457763672,8.449999809265137,8.529999732971191,8.529999732971191,211800
2023-12-06,8.59000015258789,8.770000457763672,8.4399995803833,8.460000038146973,8.460000038146973,233600
2023-12-07,8.4399995803833,8.65999984741211,8.40999984741211,8.539999961853027,8.539999961853027,132800
2023-12-08,8.510000228881836,8.710000038146973,8.40999984741211,8.420000076293945,8.420000076293945,135100
2023-12-11,8.4399995803833,8.489999771118164,8.289999961853027,8.3100004196167,8.3100004196167,229000
2023-12-12,8.289999961853027,8.510000228881836,8.210000038146973,8.449999809265137,8.449999809265137,186900
2023-12-13,8.470000267028809,8.789999961853027,8.329999923706055,8.789999961853027,8.789999961853027,208200
2023-12-14,8.970000267028809,9.100000381469727,8.789999961853027,8.960000038146973,8.960000038146973,193700
2023-12-15,9.0,9.149999618530273,8.800000190734863,8.850000381469727,8.850000381469727,420000
2023-12-18,8.880000114440918,8.90999984741211,8.619999885559082,8.65999984741211,8.65999984741211,211900
2023-12-19,8.670000076293945,8.90999984741211,8.520000457763672,8.779999732971191,8.779999732971191,374600
2023-12-20,8.720000267028809,8.960000038146973,8.510000228881836,8.529999732971191,8.529999732971191,176800
2023-12-21,8.529999732971191,8.710000038146973,8.529999732971191,8.699999809265137,8.699999809265137,108700
2023-12-22,8.729999542236328,8.880000114440918,8.720000267028809,8.8100004196167,8.8100004196167,108000
2023-12-26,8.850000381469727,9.199999809265137,8.770000457763672,9.020000457763672,9.020000457763672,194000
2023-12-27,9.010000228881836,9.260000228881836,9.0,9.100000381469727,9.100000381469727,152600
2023-12-28,9.0600004196167,9.279999732971191,8.970000267028809,9.100000381469727,9.100000381469727,269400
2023-12-29,9.079999923706055,9.350000381469727,9.050000190734863,9.100000381469727,9.100000381469727,149900
2024-01-02,9.010000228881836,9.069999694824219,8.9399995803833,9.039999961853027,9.039999961853027,142200
2024-01-03,8.9399995803833,8.979999542236328,8.789999961853027,8.789999961853027,8.789999961853027,201500
2024-01-04,8.899999618530273,8.979999542236328,8.710000038146973,8.770000457763672,8.770000457763672,200700
2024-01-05,8.699999809265137,9.020000457763672,8.609999656677246,8.899999618530273,8.899999618530273,400300
2024-01-08,8.890000343322754,9.15999984741211,8.890000343322754,9.079999923706055,9.079999923706055,181200
2024-01-09,8.989999771118164,9.0,8.569999694824219,8.75,8.75,186400
2024-01-10,8.699999809265137,9.029999732971191,8.699999809265137,9.029999732971191,9.029999732971191,111500
2024-01-11,8.970000267028809,9.069999694824219,8.819999694824219,8.890000343322754,8.890000343322754,141000
2024-01-12,9.0600004196167,9.0600004196167,8.789999961853027,8.829999923706055,8.829999923706055,86700
2024-01-16,8.699999809265137,8.770000457763672,8.619999885559082,8.729999542236328,8.729999542236328,117700
2024-01-17,8.510000228881836,8.5600004196167,8.119999885559082,8.329999923706055,8.329999923706055,241800
2024-01-18,8.369999885559082,8.369999885559082,7.980000019073486,8.079999923706055,8.079999923706055,213800
2024-01-19,8.15999984741211,8.220000267028809,7.829999923706055,8.140000343322754,8.140000343322754,600800
2024-01-22,8.25,8.5,8.239999771118164,8.489999771118164,8.489999771118164,203700
2024-01-23,8.619999885559082,8.640000343322754,8.34000015258789,8.489999771118164,8.489999771118164,189600
2024-01-24,8.600000381469727,8.739999771118164,8.470000267028809,8.529999732971191,8.529999732971191,110700
2024-01-25,8.720000267028809,8.880000114440918,8.649999618530273,8.84000015258789,8.84000015258789,264900
2024-01-26,8.920000076293945,8.970000267028809,8.670000076293945,8.819999694824219,8.819999694824219,303400
2024-01-29,8.8100004196167,9.079999923706055,8.720000267028809,9.0600004196167,9.0600004196167,378300
2024-01-30,9.020000457763672,9.15999984741211,8.880000114440918,8.970000267028809,8.970000267028809,412400
2024-01-31,9.0,9.470000267028809,8.949999809265137,8.960000038146973,8.960000038146973,640800
2024-02-01,9.0,9.170000076293945,8.869999885559082,9.140000343322754,9.140000343322754,190700
2024-02-02,9.010000228881836,9.029999732971191,8.739999771118164,8.850000381469727,8.850000381469727,175700
2024-02-05,8.779999732971191,8.779999732971191,8.520000457763672,8.699999809265137,8.699999809265137,137100
2024-02-06,8.710000038146973,8.90999984741211,8.710000038146973,8.899999618530273,8.899999618530273,103600
2024-02-07,8.949999809265137,8.949999809265137,8.710000038146973,8.819999694824219,8.819999694824219,113300
2024-02-08,8.800000190734863,8.960000038146973,8.779999732971191,8.859999656677246,8.859999656677246,100100
2024-02-09,8.829999923706055,8.920000076293945,8.699999809265137,8.90999984741211,8.90999984741211,158800
2024-02-12,8.949999809265137,9.260000228881836,8.949999809265137,9.1899995803833,9.1899995803833,157700
2024-02-13,8.9399995803833,8.9399995803833,8.449999809265137,8.470000267028809,8.470000267028809,188900
2024-02-14,8.630000114440918,9.050000190734863,8.630000114440918,9.029999732971191,9.029999732971191,171600
2024-02-15,9.100000381469727,9.350000381469727,8.989999771118164,9.34000015258789,9.34000015258789,183300
2024-02-16,9.180000305175781,9.350000381469727,9.069999694824219,9.229999542236328,9.229999542236328,112800
2024-02-20,9.050000190734863,9.100000381469727,8.800000190734863,8.880000114440918,8.880000114440918,146700
2024-02-21,8.8100004196167,8.890000343322754,8.680000305175781,8.819999694824219,8.819999694824219,146000
2024-02-22,8.800000190734863,8.989999771118164,8.729999542236328,8.84000015258789,8.84000015258789,125900
2024-02-23,8.800000190734863,9.119999885559082,8.789999961853027,9.09000015258789,9.09000015258789,174800
2024-02-26,9.0600004196167,9.210000038146973,9.010000228881836,9.149999618530273,9.149999618530273,146500
2024-02-27,9.25,9.34000015258789,9.050000190734863,9.0600004196167,9.0600004196167,253100
2024-02-28,9.029999732971191,9.40999984741211,9.029999732971191,9.239999771118164,9.239999771118164,185100
2024-02-29,10.600000381469727,12.390000343322754,10.319999694824219,11.329999923706055,11.329999923706055,1397600
2024-03-01,11.430000305175781,12.050000190734863,11.180000305175781,11.850000381469727,11.850000381469727,462500
2024-03-04,11.930000305175781,12.350000381469727,11.600000381469727,11.609999656677246,11.609999656677246,384500
2024-03-05,11.460000038146973,11.869999885559082,11.229999542236328,11.359999656677246,11.359999656677246,285200
2024-03-06,11.329999923706055,11.5,11.130000114440918,11.300000190734863,11.300000190734863,269600
2024-03-07,11.5600004196167,11.699999809265137,11.4399995803833,11.630000114440918,11.630000114440918,184400
2024-03-08,12.149999618530273,12.779999732971191,12.100000381469727,12.710000038146973,12.710000038146973,592100
2024-03-11,13.119999885559082,13.390000343322754,12.6899995803833,12.90999984741211,12.90999984741211,459200
2024-03-12,13.0,13.0,12.3100004196167,12.600000381469727,12.600000381469727,383400
2024-03-13,12.619999885559082,12.84000015258789,12.510000228881836,12.680000305175781,12.680000305175781,340500
2024-03-14,12.489999771118164,12.869999885559082,12.300000190734863,12.4399995803833,12.4399995803833,433000
2024-03-15,12.34000015258789,12.829999923706055,12.260000228881836,12.800000190734863,12.800000190734863,1576000
2024-03-18,12.779999732971191,13.170000076293945,12.699999809265137,12.90999984741211,12.90999984741211,462300
2024-03-19,12.850000381469727,13.300000190734863,12.770000457763672,13.119999885559082,13.119999885559082,567400
2024-03-20,12.989999771118164,13.640000343322754,12.970000267028809,13.520000457763672,13.520000457763672,412000
2024-03-21,13.579999923706055,13.819999694824219,13.449999809265137,13.670000076293945,13.670000076293945,453600
2024-03-22,13.920000076293945,14.119999885559082,13.720000267028809,13.84000015258789,13.84000015258789,381200
2024-03-25,13.890000343322754,14.0,13.550000190734863,13.9399995803833,13.9399995803833,307800
2024-03-26,14.079999923706055,14.199999809265137,13.920000076293945,13.9399995803833,13.9399995803833,281300
2024-03-27,14.09000015258789,14.369999885559082,13.90999984741211,14.34000015258789,14.34000015258789,350700
2024-03-28,14.34000015258789,14.6899995803833,14.329999923706055,14.460000038146973,14.460000038146973,597100
2024-04-01,14.5,14.880000114440918,14.5,14.800000190734863,14.800000190734863,414300
2024-04-02,14.470000267028809,14.8100004196167,14.399999618530273,14.699999809265137,14.699999809265137,294400
2024-04-03,14.539999961853027,15.9399995803833,14.539999961853027,15.84000015258789,15.84000015258789,805200
2024-04-04,15.859999656677246,16.329999923706055,15.300000190734863,15.390000343322754,15.390000343322754,560800
2024-04-05,15.390000343322754,15.859999656677246,15.359999656677246,15.670000076293945,15.670000076293945,575400
2024-04-08,15.699999809265137,15.819999694824219,15.130000114440918,15.289999961853027,15.289999961853027,296300
2024-04-09,15.380000114440918,15.569999694824219,14.960000038146973,15.079999923706055,15.079999923706055,356800
2024-04-10,14.65999984741211,14.729999542236328,14.020000457763672,14.319999694824219,14.319999694824219,397800
2024-04-11,14.399999618530273,14.5,14.109999656677246,14.420000076293945,14.420000076293945,327400
2024-04-12,14.369999885559082,14.539999961853027,13.819999694824219,13.859999656677246,13.859999656677246,349900
2024-04-15,14.25,14.619999885559082,13.5600004196167,13.630000114440918,13.630000114440918,476300
2024-04-16,13.4399995803833,13.710000038146973,13.289999961853027,13.550000190734863,13.550000190734863,221400
2024-04-17,13.920000076293945,14.050000190734863,13.359999656677246,13.430000305175781,13.430000305175781,512300
2024-04-18,13.5,13.6899995803833,13.319999694824219,13.380000114440918,13.380000114440918,426200
2024-04-19,13.3100004196167,13.619999885559082,13.149999618530273,13.279999732971191,13.279999732971191,1239100
2024-04-22,13.359999656677246,13.670000076293945,13.289999961853027,13.520000457763672,13.520000457763672,327700
2024-04-23,13.609999656677246,14.0,13.5600004196167,13.979999542236328,13.979999542236328,306200
2024-04-24,13.819999694824219,14.109999656677246,13.720000267028809,13.90999984741211,13.90999984741211,382700
2024-04-25,13.760000228881836,14.029999732971191,13.5600004196167,13.890000343322754,13.890000343322754,354900
2024-04-26,15.800000190734863,17.950000762939453,15.800000190734863,17.780000686645508,17.780000686645508,1549600
2024-04-29,17.84000015258789,18.18000030517578,17.139999389648438,17.719999313354492,17.719999313354492,957700
2024-04-30,17.549999237060547,17.549999237060547,16.59000015258789,16.6299991607666,16.6299991607666,588700
2024-05-01,16.729999542236328,16.969999313354492,16.1200008392334,16.770000457763672,16.770000457763672,733200
2024-05-02,17.059999465942383,17.40999984741211,16.780000686645508,17.389999389648438,17.389999389648438,438800
2024-05-03,17.84000015258789,18.0,17.360000610351562,17.989999771118164,17.989999771118164,555600
2024-05-06,18.25,18.68000030517578,18.030000686645508,18.420000076293945,18.420000076293945,500900
2024-05-07,18.670000076293945,18.739999771118164,18.229999542236328,18.350000381469727,18.350000381469727,375100
2024-05-08,18.229999542236328,18.600000381469727,18.0,18.329999923706055,18.329999923706055,267400
2024-05-09,18.459999084472656,19.059999465942383,18.31999969482422,19.030000686645508,19.030000686645508,405900
2024-05-10,19.200000762939453,19.200000762939453,18.719999313354492,18.84000015258789,18.84000015258789,289700
2024-05-13,19.09000015258789,19.200000762939453,18.709999084472656,18.790000915527344,18.790000915527344,329000
2024-05-14,19.010000228881836,19.559999465942383,18.860000610351562,19.510000228881836,19.510000228881836,461200
2024-05-15,19.989999771118164,20.6299991607666,19.65999984741211,19.719999313354492,19.719999313354492,948200
2024-05-16,19.709999084472656,19.889999389648438,19.25,19.600000381469727,19.600000381469727,669000
2024-05-17,19.700000762939453,19.90999984741211,19.3700008392334,19.68000030517578,19.68000030517578,470900
2024-05-20,19.600000381469727,20.329999923706055,19.510000228881836,20.06999969482422,20.06999969482422,405500
2024-05-21,19.950000762939453,20.579999923706055,19.899999618530273,20.510000228881836,20.510000228881836,396200
2024-05-22,20.639999389648438,21.010000228881836,20.510000228881836,20.889999389648438,20.889999389648438,425600
2024-05-23,21.020000457763672,21.229999542236328,20.56999969482422,20.84000015258789,20.84000015258789,444100
2024-05-24,20.940000534057617,21.799999237060547,20.90999984741211,21.670000076293945,21.670000076293945,375700
2024-05-28,21.81999969482422,21.93000030517578,21.15999984741211,21.5,21.5,424500
2024-05-29,21.5,22.09000015258789,21.190000534057617,21.959999084472656,21.959999084472656,511700
2024-05-30,22.100000381469727,22.649999618530273,21.729999542236328,22.59000015258789,22.59000015258789,565000
2024-05-31,22.540000915527344,23.190000534057617,21.799999237060547,22.059999465942383,22.059999465942383,1480000
2024-06-03,22.440000534057617,22.489999771118164,21.34000015258789,21.649999618530273,21.649999618530273,599100
2024-06-04,21.3700008392334,21.59000015258789,20.06999969482422,20.579999923706055,20.579999923706055,1292400
2024-06-05,21.0,21.309999465942383,20.6299991607666,21.309999465942383,21.309999465942383,856100
2024-06-06,21.260000228881836,21.3799991607666,20.280000686645508,20.600000381469727,20.600000381469727,478400
2024-06-07,20.459999084472656,20.559999465942383,19.81999969482422,19.8700008392334,19.8700008392334,538700
2024-06-10,19.510000228881836,19.989999771118164,19.299999237060547,19.65999984741211,19.65999984741211,615500
2024-06-11,19.489999771118164,20.0,19.290000915527344,19.5,19.5,458400
2024-06-12,20.280000686645508,20.399999618530273,19.81999969482422,19.8700008392334,19.8700008392334,382500
2024-06-13,19.739999771118164,19.850000381469727,19.149999618530273,19.200000762939453,19.200000762939453,342600
2024-06-14,20.219999313354492,21.530000686645508,20.219999313354492,20.719999313354492,20.719999313354492,933200
2024-06-17,20.719999313354492,21.229999542236328,20.489999771118164,21.219999313354492,21.219999313354492,539400
2024-06-18,21.190000534057617,21.790000915527344,20.899999618530273,21.729999542236328,21.729999542236328,503500
2024-06-20,21.809999465942383,22.239999771118164,21.440000534057617,22.059999465942383,22.059999465942383,428700
2024-06-21,21.739999771118164,21.760000228881836,20.479999542236328,21.68000030517578,21.68000030517578,1529600
2024-06-24,21.739999771118164,22.079999923706055,21.600000381469727,21.889999389648438,21.889999389648438,330100
2024-06-25,22.0,22.149999618530273,21.520000457763672,21.93000030517578,21.93000030517578,340500
2024-06-26,21.75,21.950000762939453,21.559999465942383,21.889999389648438,21.889999389648438,332100
2024-06-27,21.899999618530273,22.18000030517578,21.530000686645508,21.950000762939453,21.950000762939453,445800
2024-06-28,21.989999771118164,22.829999923706055,21.690000534057617,21.780000686645508,21.780000686645508,1200400
2024-07-01,21.850000381469727,21.93000030517578,20.84000015258789,21.059999465942383,21.059999465942383,474700
2024-07-02,21.149999618530273,21.299999237060547,20.8700008392334,21.290000915527344,21.290000915527344,525500
2024-07-03,21.40999984741211,21.829999923706055,21.34000015258789,21.790000915527344,21.790000915527344,347600
2024-07-05,21.610000610351562,21.760000228881836,20.989999771118164,21.139999389648438,21.139999389648438,303800
2024-07-08,21.440000534057617,21.670000076293945,21.280000686645508,21.510000228881836,21.510000228881836,251800
2024-07-09,21.3700008392334,21.729999542236328,21.219999313354492,21.459999084472656,21.459999084472656,591100
2024-07-10,21.649999618530273,22.020000457763672,21.309999465942383,21.850000381469727,21.850000381469727,325200
2024-07-11,22.5,23.600000381469727,22.020000457763672,23.469999313354492,23.469999313354492,717600
2024-07-12,23.860000610351562,24.299999237060547,23.5,23.860000610351562,23.860000610351562,480600
2024-07-15,24.190000534057617,25.229999542236328,23.989999771118164,24.649999618530273,24.649999618530273,647600
2024-07-16,24.59000015258789,25.100000381469727,24.049999237060547,25.020000457763672,25.020000457763672,561700
2024-07-17,24.40999984741211,25.049999237060547,23.860000610351562,23.90999984741211,23.90999984741211,749100
2024-07-18,24.239999771118164,24.780000686645508,23.09000015258789,23.860000610351562,23.860000610351562,492900
2024-07-19,23.940000534057617,24.309999465942383,23.549999237060547,23.729999542236328,23.729999542236328,786600
2024-07-22,23.959999084472656,24.8799991607666,23.700000762939453,24.6299991607666,24.6299991607666,443600
2024-07-23,24.760000228881836,26.639999389648438,24.520000457763672,26.3799991607666,26.3799991607666,755000
2024-07-24,25.8799991607666,26.8799991607666,25.030000686645508,25.059999465942383,25.059999465942383,625900
2024-07-25,25.290000915527344,25.850000381469727,24.719999313354492,24.979999542236328,24.979999542236328,375000
2024-07-26,25.6200008392334,26.290000915527344,25.200000762939453,26.06999969482422,26.06999969482422,377600
2024-07-29,26.25,26.690000534057617,24.899999618530273,25.010000228881836,25.010000228881836,473400
2024-07-30,25.270000457763672,26.030000686645508,24.059999465942383,24.139999389648438,24.139999389648438,504400
2024-07-31,24.670000076293945,25.799999237060547,24.229999542236328,24.889999389648438,24.889999389648438,615300
2024-08-01,24.899999618530273,25.18000030517578,23.06999969482422,23.719999313354492,23.719999313354492,633100
2024-08-02,18.889999389648438,18.90999984741211,14.5,17.360000610351562,17.360000610351562,2105600
2024-08-05,15.390000343322754,18.59000015258789,15.300000190734863,18.350000381469727,18.350000381469727,1327400
2024-08-06,18.399999618530273,19.600000381469727,17.899999618530273,18.790000915527344,18.790000915527344,818900
2024-08-07,19.149999618530273,19.270000457763672,18.09000015258789,18.18000030517578,18.18000030517578,358200
2024-08-08,18.600000381469727,19.200000762939453,18.290000915527344,18.8700008392334,18.8700008392334,330400
2024-08-09,18.93000030517578,19.420000076293945,18.59000015258789,19.010000228881836,19.010000228881836,417100
2024-08-12,18.899999618530273,19.309999465942383,18.670000076293945,19.200000762939453,19.200000762939453,370000
2024-08-13,19.399999618530273,19.90999984741211,19.15999984741211,19.559999465942383,19.559999465942383,311100
2024-08-14,19.719999313354492,19.8799991607666,19.389999389648438,19.760000228881836,19.760000228881836,324800
2024-08-15,20.40999984741211,20.979999542236328,20.079999923706055,20.489999771118164,20.489999771118164,409900
2024-08-16,20.780000686645508,21.0,20.25,20.959999084472656,20.959999084472656,398600
2024-08-19,20.979999542236328,22.200000762939453,20.860000610351562,22.09000015258789,22.09000015258789,462400
2024-08-20,21.959999084472656,22.280000686645508,21.309999465942383,21.75,21.75,358200
2024-08-21,21.899999618530273,21.899999618530273,21.25,21.579999923706055,21.579999923706055,251800
2024-08-22,21.59000015258789,21.860000610351562,21.229999542236328,21.3799991607666,21.3799991607666,340800
2024-08-23,21.649999618530273,23.239999771118164,21.649999618530273,22.799999237060547,22.799999237060547,365000
2024-08-26,23.06999969482422,23.56999969482422,22.729999542236328,23.299999237060547,23.299999237060547,279000
2024-08-27,23.209999084472656,23.440000534057617,22.850000381469727,23.110000610351562,23.110000610351562,222600
2024-08-28,22.700000762939453,23.530000686645508,22.5,23.209999084472656,23.209999084472656,402500
2024-08-29,23.489999771118164,23.700000762939453,23.110000610351562,23.18000030517578,23.18000030517578,262400
2024-08-30,23.469999313354492,23.979999542236328,23.1200008392334,23.969999313354492,23.969999313354492,273300
