Date,Open,High,Low,Close,Adj Close,Volume
2017-03-10,24.469999313354492,25.0,24.469999313354492,24.549999237060547,13.249704360961914,164319
2017-03-13,24.690000534057617,25.0,24.600000381469727,24.850000381469727,13.411613464355469,53000
2017-03-14,24.75,25.0,24.75,24.850000381469727,13.411613464355469,235189
2017-03-15,24.799999237060547,25.0,24.75,24.899999618530273,13.43860149383545,174950
2017-03-16,25.049999237060547,25.399999618530273,25.0,25.18000030517578,13.589713096618652,617107
2017-03-17,25.34000015258789,25.399999618530273,25.190000534057617,25.3799991607666,13.697657585144043,255106
2017-03-20,25.40999984741211,25.440000534057617,25.280000686645508,25.31999969482422,13.665270805358887,250573
2017-03-21,25.3700008392334,25.59000015258789,25.299999237060547,25.579999923706055,13.805598258972168,266133
2017-03-22,25.579999923706055,25.670000076293945,25.469999313354492,25.520000457763672,13.773215293884277,224519
2017-03-23,25.540000915527344,25.600000381469727,25.493000030517578,25.579999923706055,13.805598258972168,204310
2017-03-24,25.600000381469727,25.770000457763672,25.59000015258789,25.700000762939453,13.87035846710205,128796
2017-03-27,25.6299991607666,25.780000686645508,25.610000610351562,25.770000457763672,13.908137321472168,105746
2017-03-28,25.790000915527344,26.030000686645508,25.790000915527344,25.920000076293945,13.989096641540527,207976
2017-03-29,25.959999084472656,26.010000228881836,25.889999389648438,25.969999313354492,14.016079902648926,241205
2017-03-30,25.940000534057617,26.110000610351562,25.940000534057617,26.100000381469727,14.08624267578125,132285
2017-03-31,26.1200008392334,26.219999313354492,26.079999923706055,26.139999389648438,14.107830047607422,121298
2017-04-03,26.18000030517578,26.239999771118164,26.139999389648438,26.200000762939453,14.140214920043945,104560
2017-04-04,26.229999542236328,26.270000457763672,26.1200008392334,26.170000076293945,14.124022483825684,194437
2017-04-05,26.18000030517578,26.25,26.030000686645508,26.1200008392334,14.097039222717285,80116
2017-04-06,26.1200008392334,26.149999618530273,26.010000228881836,26.1299991607666,14.102431297302246,45403
2017-04-07,26.139999389648438,26.260000228881836,26.139999389648438,26.209999084472656,14.145612716674805,119547
2017-04-10,26.25,26.280000686645508,26.15999984741211,26.15999984741211,14.11862564086914,76725
2017-04-11,26.1200008392334,26.18000030517578,26.010000228881836,26.110000610351562,14.091639518737793,55904
2017-04-12,26.170000076293945,26.229999542236328,26.100000381469727,26.229999542236328,14.156400680541992,35483
2017-04-13,26.27989959716797,26.27989959716797,26.15999984741211,26.219999313354492,14.151008605957031,39531
2017-04-17,26.150999069213867,26.190000534057617,26.049999237060547,26.139999389648438,14.107830047607422,119322
2017-04-18,26.18000030517578,26.18000030517578,26.079999923706055,26.110000610351562,14.091639518737793,63316
2017-04-19,26.049999237060547,26.18000030517578,26.030000686645508,26.030000686645508,14.048465728759766,53255
2017-04-20,26.079999923706055,26.09000015258789,25.940000534057617,26.040000915527344,14.053857803344727,83912
2017-04-21,26.09000015258789,26.469999313354492,25.96500015258789,26.440000534057617,14.269742965698242,801815
2017-04-24,26.350000381469727,26.56999969482422,26.34000015258789,26.56999969482422,14.339902877807617,71310
2017-04-25,26.440000534057617,26.6200008392334,26.31719970703125,26.469999313354492,14.285931587219238,75214
2017-04-26,26.43000030517578,26.639999389648438,26.399999618530273,26.6299991607666,14.372282981872559,29873
2017-04-27,26.670000076293945,27.34000015258789,26.649999618530273,26.950000762939453,14.544991493225098,64617
2017-04-28,26.889999389648438,27.049999237060547,26.56999969482422,26.799999237060547,14.464034080505371,59100
2017-05-01,26.620100021362305,26.84280014038086,26.620100021362305,26.799999237060547,14.464034080505371,10443
2017-05-02,26.75,26.899999618530273,26.600000381469727,26.899999618530273,14.518007278442383,41662
2017-05-03,26.79800033569336,26.799999237060547,26.68440055847168,26.799999237060547,14.464034080505371,11768
2017-05-04,26.70009994506836,26.8799991607666,26.610000610351562,26.8700008392334,14.501812934875488,15810
2017-05-05,26.621000289916992,26.850000381469727,26.621000289916992,26.850000381469727,14.491019248962402,7907
2017-05-08,26.670000076293945,26.729999542236328,26.600000381469727,26.690000534057617,14.404668807983398,17753
2017-05-09,26.56999969482422,26.709999084472656,26.299999237060547,26.300100326538086,14.194238662719727,40910
2017-05-10,26.25,26.879899978637695,26.25,26.75,14.437050819396973,77364
2017-05-11,26.780000686645508,26.84480094909668,26.5,26.520000457763672,14.312915802001953,20478
2017-05-12,26.410999298095703,26.8700008392334,26.410999298095703,26.700000762939453,14.410062789916992,55639
2017-05-15,26.600000381469727,26.8700008392334,26.600000381469727,26.8700008392334,14.501812934875488,9475
2017-05-16,26.61009979248047,26.899999618530273,26.61009979248047,26.899999618530273,14.518007278442383,12838
2017-05-17,26.889999389648438,26.989999771118164,26.700000762939453,26.940000534057617,14.539588928222656,14984
2017-05-18,26.989900588989258,26.989999771118164,26.670000076293945,26.989999771118164,14.566576957702637,5453
2017-05-19,26.989999771118164,27.25,26.889999389648438,27.202800750732422,14.681424140930176,23496
2017-05-22,26.969999313354492,27.100000381469727,26.85300064086914,27.100000381469727,14.625944137573242,18339
2017-05-23,27.200000762939453,27.239999771118164,26.680999755859375,27.149900436401367,14.652873992919922,15782
2017-05-24,27.049999237060547,27.19849967956543,26.84000015258789,26.850000381469727,14.491019248962402,23531
2017-05-25,26.979999542236328,27.239900588989258,26.850000381469727,27.149999618530273,14.652929306030273,17436
2017-05-26,27.209999084472656,27.260000228881836,27.1200008392334,27.239999771118164,14.701502799987793,9745
2017-05-30,27.239999771118164,27.239999771118164,26.95009994506836,27.079999923706055,14.615156173706055,7257
2017-05-31,27.010000228881836,27.100000381469727,26.799999237060547,27.040000915527344,14.5935640335083,21147
2017-06-01,27.0,27.219999313354492,26.8700008392334,27.190000534057617,14.674516677856445,11060
2017-06-02,27.09000015258789,27.489900588989258,27.020000457763672,27.489900588989258,14.836376190185547,17139
2017-06-05,27.059999465942383,27.469999313354492,27.059999465942383,27.43000030517578,14.804047584533691,9926
2017-06-06,27.16699981689453,27.306299209594727,27.089000701904297,27.199899673461914,14.679861068725586,14966
2017-06-07,27.100000381469727,27.170000076293945,26.81999969482422,26.860000610351562,14.496417999267578,34804
2017-06-08,27.04960060119629,27.04960060119629,26.9281005859375,26.979999542236328,14.561179161071777,2835
2017-06-09,26.959999084472656,26.989999771118164,26.8700008392334,26.940000534057617,14.539588928222656,6511
2017-06-12,26.819000244140625,26.979999542236328,26.773000717163086,26.860000610351562,14.496417999267578,5447
2017-06-13,26.810100555419922,27.100000381469727,26.810100555419922,26.8700008392334,14.501812934875488,4930
2017-06-14,26.8799991607666,27.450000762939453,26.81999969482422,27.280000686645508,14.723091125488281,26808
2017-06-15,27.149999618530273,27.489999771118164,27.149999618530273,27.450000762939453,14.814841270446777,16871
2017-06-16,27.445999145507812,27.469999313354492,26.93000030517578,27.469999313354492,14.82563591003418,6925
2017-06-19,27.310100555419922,27.420000076293945,27.240999221801758,27.399999618530273,14.787857055664062,9666
2017-06-20,27.450000762939453,27.450000762939453,27.100000381469727,27.450000762939453,14.814841270446777,12764
2017-06-21,27.100000381469727,27.40839958190918,27.059999465942383,27.3700008392334,14.771665573120117,14067
2017-06-22,27.24970054626465,27.48900032043457,27.24970054626465,27.389999389648438,14.78246021270752,10860
2017-06-23,27.31399917602539,27.450000762939453,27.218299865722656,27.450000762939453,14.814841270446777,7327
2017-06-26,27.434999465942383,27.850000381469727,27.434999465942383,27.700000762939453,14.9497652053833,15658
2017-06-27,27.889999389648438,27.950000762939453,27.635000228881836,27.950000762939453,15.084694862365723,26562
2017-06-28,27.75,27.899999618530273,27.649999618530273,27.75,14.9767484664917,6100
2017-06-29,27.899999618530273,27.899999618530273,27.516700744628906,27.559999465942383,14.874212265014648,15143
2017-06-30,27.81450080871582,27.889999389648438,27.700000762939453,27.75,14.9767484664917,8174
2017-07-03,27.75,27.792499542236328,27.381000518798828,27.75,14.9767484664917,3286
2017-07-05,27.75,27.75,27.510000228881836,27.75,14.9767484664917,6398
2017-07-06,27.979999542236328,28.056299209594727,27.559999465942383,27.760000228881836,14.982149124145508,4572
2017-07-07,27.809999465942383,28.0,27.649999618530273,27.78499984741211,14.99563980102539,11916
2017-07-10,27.530000686645508,27.530000686645508,26.850000381469727,27.270000457763672,15.126232147216797,9738
2017-07-11,27.299999237060547,27.739999771118164,27.290000915527344,27.34000015258789,15.165058135986328,18130
2017-07-12,27.170000076293945,27.170000076293945,26.670000076293945,26.950000762939453,14.948735237121582,83056
2017-07-13,26.799999237060547,27.020000457763672,26.68000030517578,26.68000030517578,14.798966407775879,56745
2017-07-14,26.730100631713867,26.950000762939453,26.730100631713867,26.950000762939453,14.948735237121582,34437
2017-07-17,26.940000534057617,27.09000015258789,26.867799758911133,27.079999923706055,15.020845413208008,22231
2017-07-18,27.010000228881836,27.079999923706055,27.0,27.06999969482422,15.015292167663574,26733
2017-07-19,27.06999969482422,27.170000076293945,27.010000228881836,27.079999923706055,15.020845413208008,27451
2017-07-20,27.079999923706055,27.079999923706055,26.899999618530273,27.040000915527344,14.998655319213867,11787
2017-07-21,27.010000228881836,27.049999237060547,26.93000030517578,27.040000915527344,14.998655319213867,10240
2017-07-24,26.989999771118164,27.06999969482422,26.899999618530273,26.969999313354492,14.95982551574707,26632
2017-07-25,26.90999984741211,26.90999984741211,26.59000015258789,26.670000076293945,14.79341983795166,46641
2017-07-26,26.56999969482422,26.670000076293945,26.562400817871094,26.670000076293945,14.79341983795166,48353
2017-07-27,26.649999618530273,26.649999618530273,26.5,26.56999969482422,14.737950325012207,24348
2017-07-28,26.5,26.510000228881836,26.43000030517578,26.5,14.699125289916992,14175
2017-07-31,26.479999542236328,26.530000686645508,26.43000030517578,26.530000686645508,14.715764045715332,6529
2017-08-01,26.530000686645508,26.6299991607666,26.52050018310547,26.59000015258789,14.749049186706543,11524
2017-08-02,26.6299991607666,26.700000762939453,26.600099563598633,26.670000076293945,14.79341983795166,16256
2017-08-03,26.649999618530273,26.729999542236328,26.649999618530273,26.709999084472656,14.815608024597168,10722
2017-08-04,26.749900817871094,26.749900817871094,26.549999237060547,26.6299991607666,14.771234512329102,8976
2017-08-07,26.549999237060547,26.63990020751953,26.549999237060547,26.59000015258789,14.749049186706543,9581
2017-08-08,26.600000381469727,26.6299991607666,26.520000457763672,26.559999465942383,14.732409477233887,9471
2017-08-09,26.5,26.550199508666992,26.40999984741211,26.40999984741211,14.649200439453125,11451
2017-08-10,26.40999984741211,26.463300704956055,26.0,26.230600357055664,14.549692153930664,19294
2017-08-11,26.200000762939453,26.539899826049805,26.1200008392334,26.3799991607666,14.632561683654785,19325
2017-08-14,26.579999923706055,26.579999923706055,26.299999237060547,26.451000213623047,14.671945571899414,16664
2017-08-15,26.31999969482422,26.462299346923828,26.260000228881836,26.450000762939453,14.671391487121582,16153
2017-08-16,26.399999618530273,26.450000762939453,26.399999618530273,26.440000534057617,14.665843963623047,4419
2017-08-17,26.450000762939453,26.469999313354492,26.309999465942383,26.351499557495117,14.6167573928833,7956
2017-08-18,26.360000610351562,26.480199813842773,26.306499481201172,26.412900924682617,14.6508150100708,5550
2017-08-21,26.415700912475586,26.48699951171875,26.350000381469727,26.360000610351562,14.621468544006348,6126
2017-08-22,26.465999603271484,27.075000762939453,26.450000762939453,26.979999542236328,14.965372085571289,26034
2017-08-23,26.889999389648438,26.920000076293945,26.700000762939453,26.920000076293945,14.932095527648926,5355
2017-08-24,26.8700008392334,26.93000030517578,26.664899826049805,26.93000030517578,14.937637329101562,6014
2017-08-25,26.871599197387695,26.871599197387695,26.549999237060547,26.700000762939453,14.810060501098633,21695
2017-08-28,26.700000762939453,26.739999771118164,26.65999984741211,26.739999771118164,14.83224868774414,6378
2017-08-29,26.690000534057617,26.860000610351562,26.610000610351562,26.81999969482422,14.876626014709473,13026
2017-08-30,26.799999237060547,26.860000610351562,26.687700271606445,26.860000610351562,14.898811340332031,5800
2017-08-31,26.860000610351562,26.950000762939453,26.799999237060547,26.950000762939453,14.948735237121582,8942
2017-09-01,26.829999923706055,27.020000457763672,26.821199417114258,26.969999313354492,14.95982551574707,4086
2017-09-05,27.010000228881836,27.010000228881836,26.760000228881836,26.860000610351562,14.898811340332031,8785
2017-09-06,26.8799991607666,26.989999771118164,26.709999084472656,26.989999771118164,14.97092056274414,8186
2017-09-07,26.950000762939453,26.950000762939453,26.933000564575195,26.933000564575195,14.939302444458008,624
2017-09-08,26.800100326538086,26.899999618530273,26.649999618530273,26.8799991607666,14.909905433654785,10779
2017-09-11,26.719999313354492,26.93000030517578,26.719999313354492,26.809999465942383,14.871076583862305,8210
2017-09-12,26.942699432373047,26.942699432373047,26.799999237060547,26.850000381469727,14.89326286315918,1524
2017-09-13,26.822399139404297,26.925600051879883,26.700000762939453,26.75,14.837797164916992,5128
2017-09-14,26.760000228881836,26.856700897216797,26.719999313354492,26.829999923706055,14.882168769836426,10686
2017-09-15,26.889999389648438,26.899999618530273,26.780000686645508,26.8700008392334,14.904356956481934,9248
2017-09-18,26.87299919128418,26.899999618530273,26.719999313354492,26.860000610351562,14.898811340332031,32326
2017-09-19,26.849000930786133,26.979999542236328,26.81999969482422,26.94700050354004,14.94706916809082,25662
2017-09-20,26.8799991607666,26.940000534057617,26.855199813842773,26.8799991607666,14.909905433654785,3799
2017-09-21,26.899999618530273,27.076099395751953,26.829999923706055,27.0,14.97646427154541,15522
2017-09-22,27.1299991607666,27.18000030517578,26.990999221801758,27.18000030517578,15.076309204101562,3783
2017-09-25,27.040000915527344,27.100000381469727,26.799999237060547,27.0,14.97646427154541,18048
2017-09-26,27.010000228881836,27.010000228881836,26.9950008392334,27.0,14.97646427154541,6241
2017-09-27,27.079999923706055,27.079999923706055,26.927000045776367,26.927000045776367,14.935973167419434,6812
2017-09-28,27.029199600219727,27.029199600219727,26.829999923706055,26.906299591064453,14.924493789672852,6412
2017-09-29,26.899999618530273,27.02899932861328,26.899999618530273,26.940000534057617,14.943181037902832,8420
2017-10-02,27.06999969482422,27.06999969482422,26.95989990234375,26.95989990234375,14.954222679138184,2505
2017-10-03,27.038000106811523,27.038000106811523,26.850000381469727,26.919300079345703,14.931705474853516,5195
2017-10-04,27.030000686645508,27.030000686645508,26.899999618530273,27.009300231933594,14.9816255569458,6497
2017-10-05,26.874000549316406,27.040000915527344,26.84000015258789,26.850000381469727,14.89326286315918,7610
2017-10-06,26.860000610351562,27.0,26.709999084472656,26.799999237060547,14.865530967712402,16410
2017-10-09,26.80500030517578,27.049999237060547,26.80500030517578,26.940000534057617,14.943181037902832,6765
2017-10-10,26.979999542236328,27.18000030517578,26.979999542236328,27.139999389648438,15.054123878479004,8329
2017-10-11,26.520000457763672,26.860000610351562,26.510000228881836,26.75,15.12071418762207,2445
2017-10-12,26.90019989013672,26.940000534057617,26.899999618530273,26.899999618530273,15.205506324768066,2271
2017-10-13,27.030000686645508,27.479999542236328,26.799999237060547,27.274700164794922,15.417308807373047,16790
2017-10-16,27.10700035095215,27.429899215698242,27.06999969482422,27.209999084472656,15.380735397338867,7359
2017-10-17,27.280000686645508,27.382699966430664,27.25,27.3700008392334,15.471177101135254,9727
2017-10-18,27.03350067138672,27.257299423217773,27.020000457763672,27.200000762939453,15.375083923339844,3277
2017-10-19,27.09000015258789,27.279199600219727,27.059999465942383,27.059999465942383,15.295945167541504,4173
2017-10-20,27.14900016784668,27.40999984741211,27.14900016784668,27.40999984741211,15.49378776550293,9032
2017-10-23,27.18000030517578,27.450000762939453,27.100000381469727,27.25,15.40334415435791,9597
2017-10-24,27.280000686645508,27.610000610351562,27.27989959716797,27.360000610351562,15.465522766113281,9195
2017-10-25,27.290000915527344,27.399999618530273,27.170000076293945,27.219999313354492,15.386388778686523,15321
2017-10-26,27.200000762939453,27.41200065612793,27.18000030517578,27.18000030517578,15.363777160644531,6325
2017-10-27,27.40999984741211,27.40999984741211,27.200000762939453,27.219999313354492,15.386388778686523,10065
2017-10-30,27.400800704956055,27.469999313354492,27.260000228881836,27.280000686645508,15.420305252075195,44800
2017-10-31,27.334999084472656,27.760000228881836,27.2810001373291,27.760000228881836,15.691628456115723,32332
2017-11-01,27.700000762939453,27.760000228881836,27.56999969482422,27.639999389648438,15.623800277709961,12015
2017-11-02,27.600000381469727,27.698999404907227,27.600000381469727,27.649999618530273,15.629450798034668,9219
2017-11-03,27.60099983215332,27.940000534057617,27.600000381469727,27.8700008392334,15.75381088256836,4712
2017-11-06,27.8799991607666,27.899999618530273,27.600000381469727,27.799999237060547,15.714235305786133,10705
2017-11-07,27.60099983215332,27.798999786376953,27.600000381469727,27.75,15.685975074768066,13634
2017-11-08,27.505300521850586,27.75,27.505300521850586,27.600000381469727,15.601187705993652,3650
2017-11-09,27.64259910583496,27.64259910583496,27.389999389648438,27.59000015258789,15.595536231994629,5780
2017-11-10,27.440000534057617,27.809999465942383,27.399999618530273,27.809999465942383,15.71988582611084,5553
2017-11-13,27.685800552368164,27.78350067138672,27.610000610351562,27.65999984741211,15.635103225708008,6792
2017-11-14,27.549999237060547,28.170000076293945,27.510000228881836,27.989999771118164,15.821637153625488,21764
2017-11-15,27.81999969482422,28.079999923706055,27.299999237060547,27.350099563598633,15.459927558898926,29772
2017-11-16,27.3700008392334,27.399999618530273,26.93000030517578,27.299999237060547,15.431610107421875,22034
2017-11-17,27.376399993896484,27.376399993896484,27.20009994506836,27.260000228881836,15.408995628356934,5179
2017-11-20,27.260000228881836,27.440000534057617,27.260000228881836,27.389999389648438,15.482483863830566,5246
2017-11-21,27.338899612426758,27.399999618530273,27.25,27.260000228881836,15.408995628356934,3795
2017-11-22,27.57430076599121,27.57430076599121,27.059999465942383,27.059999465942383,15.295945167541504,1914
2017-11-24,27.180099487304688,27.239999771118164,27.16010093688965,27.170000076293945,15.358125686645508,5625
2017-11-27,27.059999465942383,27.295900344848633,27.049999237060547,27.170000076293945,15.358125686645508,10606
2017-11-28,27.43000030517578,27.43000030517578,27.110000610351562,27.1299991607666,15.335515022277832,7293
2017-11-29,27.020000457763672,27.195499420166016,26.469999313354492,26.979999542236328,15.250728607177734,21923
2017-11-30,26.889999389648438,27.143699645996094,26.43000030517578,26.5,14.979401588439941,25244
2017-12-01,26.600000381469727,26.899900436401367,26.552000045776367,26.864299774169922,15.185324668884277,25985
2017-12-04,26.959999084472656,27.034000396728516,26.850000381469727,27.034000396728516,15.281248092651367,4190
2017-12-05,27.0,27.010000228881836,26.850000381469727,26.899999618530273,15.205506324768066,25790
2017-12-06,26.899999618530273,26.950000762939453,26.809999465942383,26.809999465942383,15.154631614685059,27760
2017-12-07,26.799999237060547,26.889999389648438,26.709999084472656,26.889999389648438,15.199849128723145,18657
2017-12-08,27.10099983215332,27.88990020751953,27.017000198364258,27.25,15.40334415435791,10768
2017-12-11,27.75,27.75,27.190000534057617,27.200000762939453,15.375083923339844,2661
2017-12-12,27.123899459838867,27.170000076293945,26.979999542236328,27.010000228881836,15.267682075500488,51967
2017-12-13,26.969999313354492,26.979999542236328,26.899999618530273,26.97949981689453,15.250444412231445,9268
2017-12-14,26.995800018310547,27.05340003967285,26.899999618530273,26.950000762939453,15.233768463134766,10958
2017-12-15,26.956499099731445,27.177200317382812,26.899999618530273,26.90999984741211,15.211158752441406,20374
2017-12-18,27.170000076293945,27.170000076293945,26.84000015258789,26.940000534057617,15.22811222076416,27198
2017-12-19,26.999900817871094,26.999900817871094,26.829999923706055,26.860200881958008,15.18301010131836,11934
2017-12-20,26.93000030517578,27.155000686645508,26.829999923706055,26.829999923706055,15.165935516357422,16144
2017-12-21,26.989999771118164,27.100000381469727,26.918100357055664,27.0,15.262030601501465,7487
2017-12-22,26.889999389648438,27.010000228881836,26.889999389648438,26.91010093688965,15.211215019226074,14062
2017-12-26,27.022899627685547,27.079999923706055,26.920000076293945,26.990100860595703,15.25643253326416,3919
2017-12-27,27.014999389648438,27.1299991607666,26.959999084472656,27.1299991607666,15.335515022277832,3861
2017-12-28,27.25,27.25,27.010099411010742,27.1299991607666,15.335515022277832,1693
2017-12-29,27.010000228881836,27.280000686645508,27.010000228881836,27.260000228881836,15.408995628356934,5496
2018-01-02,27.06999969482422,27.309999465942383,27.010000228881836,27.139999389648438,15.34116268157959,19589
2018-01-03,27.219999313354492,27.399999618530273,27.020000457763672,27.219999313354492,15.386388778686523,10841
2018-01-04,27.200000762939453,27.342500686645508,27.082000732421875,27.219999313354492,15.386388778686523,5761
2018-01-05,27.309999465942383,27.473499298095703,27.200000762939453,27.260000228881836,15.408995628356934,7083
2018-01-08,27.219999313354492,27.597000122070312,27.219999313354492,27.49449920654297,15.54155158996582,11264
2018-01-09,27.25,27.5,27.225400924682617,27.489999771118164,15.539010047912598,16031
2018-01-10,27.34000015258789,27.421100616455078,27.204299926757812,27.270000457763672,15.414649963378906,4710
2018-01-11,27.139999389648438,27.139999389648438,26.864700317382812,27.1299991607666,15.626505851745605,3542
2018-01-12,27.139999389648438,27.368000030517578,27.0,27.049999237060547,15.580426216125488,6317
2018-01-16,27.010000228881836,27.100000381469727,26.813600540161133,26.829999923706055,15.45371150970459,5946
2018-01-17,27.200000762939453,27.290000915527344,27.09000015258789,27.25,15.695619583129883,13446
2018-01-18,27.024499893188477,27.10409927368164,26.850099563598633,26.8799991607666,15.482508659362793,13424
2018-01-19,27.100000381469727,27.100000381469727,26.6200008392334,26.670000076293945,15.361551284790039,9065
2018-01-22,26.970199584960938,26.989999771118164,26.610000610351562,26.75,15.407630920410156,7397
2018-01-23,26.750099182128906,26.950000762939453,26.750099182128906,26.81999969482422,15.447951316833496,3981
2018-01-24,26.780000686645508,27.0,26.719999313354492,26.739999771118164,15.401867866516113,13933
2018-01-25,27.168100357055664,27.168100357055664,26.219999313354492,26.329999923706055,15.1657133102417,34493
2018-01-26,26.229999542236328,26.27560043334961,25.649999618530273,26.049999237060547,15.004439353942871,50199
2018-01-29,25.950000762939453,26.0,25.690000534057617,25.799999237060547,14.860443115234375,40783
2018-01-30,25.889999389648438,25.989999771118164,25.59000015258789,25.860000610351562,14.895001411437988,28523
2018-01-31,26.062000274658203,26.139999389648438,25.950000762939453,26.139999389648438,15.056279182434082,32059
2018-02-01,26.139999389648438,26.350000381469727,26.079999923706055,26.110000610351562,15.038996696472168,80813
2018-02-02,26.0,26.239999771118164,25.850000381469727,25.889999389648438,14.91227912902832,45361
2018-02-05,25.850000381469727,26.25,25.72010040283203,26.100000381469727,15.033236503601074,21992
2018-02-06,25.799999237060547,26.360000610351562,25.579999923706055,26.18000030517578,15.079312324523926,5545
2018-02-07,26.0,26.383499145507812,26.0,26.149999618530273,15.062037467956543,32956
2018-02-08,26.079999923706055,26.146900177001953,25.8700008392334,25.90999984741211,14.923799514770508,7092
2018-02-09,25.770000457763672,25.780000686645508,25.3799991607666,25.530000686645508,14.704926490783691,62689
2018-02-12,25.399999618530273,25.888500213623047,25.399999618530273,25.729999542236328,14.820121765136719,20416
2018-02-13,25.700000762939453,25.739999771118164,25.469999313354492,25.600000381469727,14.745244979858398,13668
2018-02-14,25.559999465942383,25.76099967956543,25.559999465942383,25.76099967956543,14.837981224060059,10181
2018-02-15,25.8799991607666,25.8799991607666,25.559999465942383,25.65999984741211,14.779805183410645,7986
2018-02-16,25.68000030517578,25.989999771118164,25.68000030517578,25.950000762939453,14.946840286254883,6778
2018-02-20,25.989999771118164,26.030000686645508,25.84000015258789,26.030000686645508,14.992920875549316,3283
2018-02-21,26.0,26.200000762939453,25.923999786376953,25.923999786376953,14.931864738464355,10062
2018-02-22,25.989999771118164,26.059999465942383,25.959999084472656,26.0,14.975642204284668,12318
2018-02-23,25.940000534057617,25.940000534057617,25.90999984741211,25.93000030517578,14.935321807861328,29200
2018-02-26,25.86079978942871,26.0,25.81999969482422,26.0,14.975642204284668,8136
2018-02-27,25.969999313354492,25.969999313354492,25.77910041809082,25.899999618530273,14.918039321899414,17909
2018-02-28,25.969999313354492,26.0,25.843000411987305,25.850000381469727,14.889241218566895,14969
2018-03-01,25.884000778198242,25.884000778198242,25.79010009765625,25.801300048828125,14.861189842224121,19408
2018-03-02,25.74850082397461,25.84000015258789,25.51420021057129,25.84000015258789,14.883484840393066,43930
2018-03-05,25.729999542236328,25.909900665283203,25.729999542236328,25.8799991607666,14.906519889831543,4925
2018-03-06,25.907699584960938,25.989999771118164,25.86280059814453,25.989999771118164,14.969878196716309,4691
2018-03-07,25.950199127197266,26.06999969482422,25.950199127197266,26.033899307250977,14.995163917541504,6519
2018-03-08,26.040000915527344,26.059999465942383,25.680999755859375,26.049999237060547,15.004439353942871,14104
2018-03-09,26.0,26.06999969482422,25.889999389648438,26.010000228881836,14.981400489807129,10257
2018-03-12,26.200000762939453,26.200000762939453,25.950000762939453,25.973899841308594,14.96060848236084,4777
2018-03-13,25.979400634765625,26.200000762939453,25.977800369262695,26.022199630737305,14.98842716217041,3146
2018-03-14,26.030000686645508,26.200000762939453,25.959999084472656,26.059999465942383,15.010196685791016,5619
2018-03-15,26.048500061035156,26.219999313354492,26.0,26.0,14.975642204284668,18061
2018-03-16,25.969999313354492,26.049999237060547,25.95159912109375,26.015499114990234,14.98456859588623,4066
2018-03-19,25.984800338745117,26.0,25.940000534057617,26.0,14.975642204284668,2384
2018-03-20,25.91200065612793,26.010000228881836,25.8799991607666,25.8799991607666,14.906519889831543,1918
2018-03-21,25.91670036315918,26.0,25.889999389648438,25.929500579833984,14.93503189086914,3588
2018-03-22,25.969999313354492,25.977100372314453,25.90999984741211,25.977100372314453,14.962449073791504,1815
2018-03-23,25.954200744628906,26.0,25.941299438476562,26.0,14.975642204284668,2237
2018-03-26,26.06999969482422,26.06999969482422,25.9281005859375,25.969999313354492,14.958359718322754,3144
2018-03-27,25.979999542236328,26.059999465942383,25.979999542236328,26.020000457763672,14.987161636352539,3342
2018-03-28,26.100000381469727,26.270000457763672,26.0,26.010000228881836,14.981400489807129,11747
2018-03-29,26.1299991607666,26.34000015258789,26.1299991607666,26.34000015258789,15.17147445678711,5931
2018-04-02,26.34000015258789,26.40999984741211,26.200000762939453,26.3799991607666,15.1945161819458,19502
2018-04-03,26.407899856567383,26.549999237060547,26.25790023803711,26.549999237060547,15.292431831359863,8176
2018-04-04,26.241199493408203,26.460100173950195,26.121000289916992,26.149999618530273,15.062037467956543,10300
2018-04-05,26.200000762939453,26.34000015258789,26.200000762939453,26.34000015258789,15.17147445678711,1140
2018-04-06,26.399999618530273,26.479999542236328,26.209999084472656,26.479999542236328,15.25210952758789,7634
2018-04-09,26.5,26.52519989013672,26.302499771118164,26.5,15.263635635375977,10500
2018-04-10,26.549999237060547,26.6299991607666,26.3700008392334,26.3700008392334,15.188756942749023,19708
2018-04-11,26.0,26.049999237060547,25.770000457763672,26.049999237060547,15.299056053161621,5476
2018-04-12,25.84000015258789,26.16900062561035,25.84000015258789,25.8799991607666,15.199216842651367,4861
2018-04-13,26.09000015258789,26.09000015258789,25.799999237060547,25.8700008392334,15.193339347839355,4581
2018-04-16,25.75,25.84000015258789,25.649999618530273,25.84000015258789,15.175724983215332,4604
2018-04-17,25.709999084472656,25.889999389648438,25.700000762939453,25.889999389648438,15.205089569091797,7517
2018-04-18,25.915300369262695,25.915300369262695,25.68000030517578,25.75,15.122867584228516,4372
2018-04-19,25.790000915527344,25.8080997467041,25.65999984741211,25.8080997467041,15.156987190246582,5431
2018-04-20,25.850000381469727,26.18000030517578,25.65250015258789,26.18000030517578,15.37540340423584,14711
2018-04-23,25.832599639892578,26.0,25.832599639892578,26.0,15.26968765258789,7855
2018-04-24,25.960500717163086,25.960500717163086,25.670000076293945,25.729999542236328,15.11112117767334,4076
2018-04-25,25.65999984741211,25.774599075317383,25.65999984741211,25.774599075317383,15.137312889099121,2828
2018-04-26,25.799999237060547,25.8700008392334,25.610000610351562,25.764999389648438,15.131672859191895,12966
2018-04-27,25.719999313354492,26.132400512695312,25.719999313354492,25.84000015258789,15.175724983215332,3385
2018-04-30,26.0,26.16990089416504,25.90999984741211,25.969999313354492,15.252070426940918,34907
2018-05-01,25.90999984741211,26.138500213623047,25.90999984741211,25.989999771118164,15.263819694519043,968
2018-05-02,26.049999237060547,26.1299991607666,26.020000457763672,26.020000457763672,15.281436920166016,742
2018-05-03,26.077800750732422,26.149999618530273,26.030000686645508,26.030000686645508,15.287308692932129,1376
2018-05-04,26.030000686645508,26.09000015258789,26.0,26.040000915527344,15.293187141418457,13807
2018-05-07,26.094999313354492,26.1299991607666,25.88719940185547,26.1299991607666,15.346038818359375,5899
2018-05-08,25.900999069213867,26.1156005859375,25.900999069213867,26.06999969482422,15.31080150604248,2690
2018-05-09,26.060699462890625,26.121000289916992,25.954999923706055,25.954999923706055,15.24325942993164,3443
2018-05-10,26.049999237060547,26.110000610351562,26.010099411010742,26.04520034790039,15.29623794555664,3518
2018-05-11,26.110000610351562,26.110000610351562,25.950000762939453,25.982500076293945,15.259410858154297,6032
2018-05-14,26.09000015258789,26.110000610351562,26.06399917602539,26.065900802612305,15.308394432067871,1949
2018-05-15,26.09000015258789,26.09000015258789,25.850000381469727,25.969999313354492,15.252070426940918,10737
2018-05-16,26.049999237060547,26.100000381469727,26.040000915527344,26.100000381469727,15.32841682434082,2414
2018-05-17,26.110000610351562,26.110000610351562,26.040000915527344,26.040000915527344,15.293187141418457,14568
2018-05-18,26.108999252319336,26.25,26.050100326538086,26.199899673461914,15.3870849609375,12281
2018-05-21,26.049999237060547,26.158000946044922,25.94099998474121,26.030000686645508,15.287308692932129,4213
2018-05-22,25.950000762939453,26.209999084472656,25.940000534057617,26.209999084472656,15.393019676208496,9740
2018-05-23,26.110000610351562,26.200000762939453,25.960100173950195,26.200000762939453,15.387151718139648,8613
2018-05-24,26.200000762939453,26.469999313354492,26.198999404907227,26.459999084472656,15.53984260559082,23324
2018-05-25,26.399999618530273,26.450000762939453,26.103599548339844,26.440000534057617,15.528103828430176,2002
2018-05-29,26.440000534057617,26.450000762939453,26.25,26.250999450683594,15.417097091674805,4720
2018-05-30,26.1299991607666,26.450000762939453,26.09000015258789,26.41900062561035,15.515769958496094,4700
2018-05-31,26.399999618530273,26.450000762939453,26.280000686645508,26.382999420166016,15.494626998901367,4315
2018-06-01,26.334800720214844,26.450000762939453,26.317800521850586,26.450000762939453,15.533971786499023,4462
2018-06-04,26.30579948425293,26.56999969482422,26.30579948425293,26.559999465942383,15.598576545715332,9089
2018-06-05,26.739999771118164,27.1299991607666,26.489999771118164,26.760099411010742,15.716094017028809,19576
2018-06-06,26.78260040283203,26.899999618530273,26.78260040283203,26.847000122070312,15.767129898071289,1741
2018-06-07,26.489999771118164,26.809999465942383,26.489999771118164,26.780000686645508,15.727782249450684,5170
2018-06-08,26.899999618530273,27.290000915527344,26.829999923706055,27.219999313354492,15.986187934875488,10056
2018-06-11,26.6299991607666,26.856399536132812,26.6299991607666,26.856399536132812,15.772649765014648,1669
2018-06-12,26.8700008392334,27.0,26.8700008392334,26.979999542236328,15.845240592956543,1577
2018-06-13,26.899999618530273,27.0,26.850000381469727,26.8799991607666,15.786507606506348,6034
2018-06-14,26.825199127197266,26.8799991607666,26.818599700927734,26.878999710083008,15.785922050476074,3123
2018-06-15,26.90089988708496,26.90089988708496,26.809999465942383,26.889999389648438,15.792387008666992,11652
2018-06-18,26.88010025024414,27.0,26.88010025024414,26.93000030517578,15.815876960754395,2970
2018-06-19,26.81999969482422,26.889999389648438,26.760000228881836,26.860000610351562,15.774764060974121,7861
2018-06-20,26.799999237060547,26.95840072631836,26.799999237060547,26.91230010986328,15.8054838180542,6038
2018-06-21,26.8700008392334,26.934600830078125,26.825000762939453,26.929899215698242,15.815815925598145,14732
2018-06-22,26.81999969482422,26.899999618530273,26.81999969482422,26.850000381469727,15.768895149230957,4612
2018-06-25,26.850000381469727,26.935300827026367,26.80270004272461,26.88990020751953,15.792325973510742,2486
2018-06-26,26.81999969482422,26.950000762939453,26.81999969482422,26.937599182128906,15.820337295532227,3927
2018-06-27,26.850000381469727,27.239999771118164,26.850000381469727,27.0,15.856986999511719,8690
2018-06-28,26.979999542236328,27.051000595092773,26.969999313354492,27.020999908447266,15.869318008422852,2647
2018-06-29,27.190000534057617,27.299999237060547,27.190000534057617,27.229999542236328,15.992067337036133,8177
2018-07-02,27.020000457763672,27.389999389648438,27.020000457763672,27.309999465942383,16.039045333862305,6383
2018-07-03,26.984899520874023,27.399999618530273,26.984899520874023,27.399999618530273,16.091899871826172,5517
2018-07-05,27.409900665283203,27.5,27.409900665283203,27.5,16.150634765625,9731
2018-07-06,27.5,27.639999389648438,27.31879997253418,27.549999237060547,16.180002212524414,101494
2018-07-09,27.23259925842285,27.63990020751953,27.23259925842285,27.63990020751953,16.232799530029297,11356
2018-07-10,27.621999740600586,27.67799949645996,27.469999313354492,27.65999984741211,16.244604110717773,11171
2018-07-11,27.329999923706055,27.34000015258789,27.18000030517578,27.18000030517578,16.2612361907959,13314
2018-07-12,27.214799880981445,27.34000015258789,27.1200008392334,27.1200008392334,16.225345611572266,9161
2018-07-13,27.110000610351562,27.110000610351562,26.770000457763672,26.770000457763672,16.015945434570312,1426
2018-07-16,26.750099182128906,26.8700008392334,26.739999771118164,26.8700008392334,16.07577133178711,5761
2018-07-17,26.739999771118164,26.899999618530273,26.739999771118164,26.75,16.003976821899414,8419
2018-07-18,26.760000228881836,26.875,26.760000228881836,26.819700241088867,16.045679092407227,6307
2018-07-19,26.75,26.814800262451172,26.719999313354492,26.739999771118164,15.99799919128418,9017
2018-07-20,26.782899856567383,27.149999618530273,26.780000686645508,27.149999618530273,16.24329376220703,9427
2018-07-23,27.124000549316406,27.190000534057617,26.889999389648438,27.05069923400879,16.183881759643555,7004
2018-07-24,27.1299991607666,27.1299991607666,26.94700050354004,27.00040054321289,16.153789520263672,2643
2018-07-25,26.959999084472656,27.059900283813477,26.770000457763672,26.790000915527344,16.027910232543945,6830
2018-07-26,26.969999313354492,27.213899612426758,26.829999923706055,27.200000762939453,16.273202896118164,3634
2018-07-27,27.059999465942383,27.268999099731445,26.951000213623047,26.951000213623047,16.124237060546875,2206
2018-07-30,26.850000381469727,27.190000534057617,26.75,27.0398006439209,16.177356719970703,6353
2018-07-31,26.986000061035156,27.030000686645508,26.876300811767578,26.876300811767578,16.079540252685547,4779
2018-08-01,26.910900115966797,26.920000076293945,26.740999221801758,26.84000015258789,16.05782127380371,8582
2018-08-02,26.739999771118164,27.010000228881836,26.739999771118164,27.010000228881836,16.15953254699707,2393
2018-08-03,26.975000381469727,27.110000610351562,26.975000381469727,27.010000228881836,16.15953254699707,10073
2018-08-06,26.989999771118164,27.06999969482422,26.979999542236328,26.991500854492188,16.148466110229492,4895
2018-08-07,27.002099990844727,27.059999465942383,26.899999618530273,26.899999618530273,16.093721389770508,16016
2018-08-08,26.96470069885254,27.108999252319336,26.899999618530273,27.030000686645508,16.171499252319336,2606
2018-08-09,26.920000076293945,26.978300094604492,26.8700008392334,26.8799991607666,16.08175277709961,3550
2018-08-10,26.957799911499023,27.00200080871582,26.957799911499023,26.989599227905273,16.14732551574707,1235
2018-08-13,26.934600830078125,27.06999969482422,26.934600830078125,27.059999465942383,16.18944549560547,905
2018-08-14,27.069900512695312,27.069900512695312,26.975400924682617,26.975400924682617,16.138835906982422,534
2018-08-15,26.989999771118164,27.06999969482422,26.931400299072266,27.06999969482422,16.1954288482666,1917
2018-08-16,26.969999313354492,27.324800491333008,26.940099716186523,27.324800491333008,16.347871780395508,3745
2018-08-17,27.25,27.34280014038086,27.010900497436523,27.315900802612305,16.342544555664062,3122
2018-08-20,27.030000686645508,27.56290054321289,27.030000686645508,27.413799285888672,16.40111541748047,5942
2018-08-21,27.364200592041016,27.4689998626709,27.362300872802734,27.3976993560791,16.3914852142334,1827
2018-08-22,27.03809928894043,27.469999313354492,27.03809928894043,27.351200103759766,16.363664627075195,5794
2018-08-23,27.34000015258789,27.43000030517578,27.199199676513672,27.392799377441406,16.388551712036133,5675
2018-08-24,27.404699325561523,27.43000030517578,27.149999618530273,27.219999313354492,16.285167694091797,7888
2018-08-27,27.34000015258789,27.34000015258789,27.1200008392334,27.270000457763672,16.31508445739746,3548
2018-08-28,27.219999313354492,27.255399703979492,27.209999084472656,27.255399703979492,16.306344985961914,2858
2018-08-29,27.191699981689453,27.420000076293945,27.191699981689453,27.420000076293945,16.404830932617188,2976
2018-08-30,27.420000076293945,27.450000762939453,27.420000076293945,27.420000076293945,16.404830932617188,1357
2018-08-31,27.284500122070312,27.381799697875977,27.284500122070312,27.35449981689453,16.365636825561523,2911
2018-09-04,27.35449981689453,27.35449981689453,27.35449981689453,27.35449981689453,16.365636825561523,0
2018-09-05,27.36359977722168,27.36359977722168,27.15999984741211,27.243499755859375,16.299232482910156,2324
2018-09-06,27.010000228881836,27.010000228881836,26.850000381469727,26.920000076293945,16.10568618774414,7173
2018-09-07,26.850000381469727,26.860000610351562,26.760000228881836,26.760000228881836,16.009960174560547,7316
2018-09-10,26.799999237060547,26.8700008392334,26.719999313354492,26.719999313354492,15.986030578613281,6039
2018-09-11,26.75,26.75,26.450000762939453,26.600000381469727,15.914237976074219,20128
2018-09-12,26.479999542236328,26.610200881958008,26.427099227905273,26.600000381469727,15.914237976074219,49618
2018-09-13,26.766799926757812,26.81999969482422,26.649999618530273,26.670000076293945,15.9561185836792,24310
2018-09-14,26.817699432373047,26.817699432373047,26.62540054321289,26.662900924682617,15.951869010925293,10238
2018-09-17,26.770000457763672,26.844999313354492,26.739999771118164,26.844999313354492,16.06081199645996,20121
2018-09-18,26.809999465942383,26.979999542236328,26.809999465942383,26.899999618530273,16.093721389770508,14930
2018-09-19,26.75,26.768600463867188,26.610000610351562,26.610000610351562,15.920218467712402,13833
2018-09-20,26.610000610351562,26.672399520874023,26.600000381469727,26.600000381469727,15.914237976074219,7189
2018-09-21,26.6299991607666,26.700000762939453,26.600000381469727,26.6200008392334,15.926202774047852,10124
2018-09-24,26.729999542236328,26.729999542236328,26.6299991607666,26.719999313354492,15.986030578613281,2695
2018-09-25,26.719999313354492,26.788999557495117,26.649999618530273,26.719999313354492,15.986030578613281,22462
2018-09-26,26.806699752807617,26.889999389648438,26.752399444580078,26.84000015258789,16.05782127380371,5692
2018-09-27,26.940000534057617,26.940000534057617,26.684999465942383,26.850000381469727,16.063810348510742,17105
2018-09-28,26.75,26.770000457763672,26.649999618530273,26.670000076293945,15.9561185836792,14295
2018-10-01,26.850000381469727,26.850000381469727,26.549999237060547,26.579999923706055,15.902275085449219,13517
2018-10-02,26.62299919128418,26.68899917602539,26.540000915527344,26.610000610351562,15.920218467712402,10965
2018-10-03,26.598400115966797,26.667299270629883,26.3700008392334,26.3700008392334,15.776630401611328,23080
2018-10-04,26.399999618530273,26.399999618530273,26.139999389648438,26.219999313354492,15.686891555786133,20057
2018-10-05,26.020000457763672,26.299999237060547,26.020000457763672,26.049999237060547,15.585185050964355,16730
2018-10-08,26.040000915527344,26.329999923706055,26.020000457763672,26.110000610351562,15.621079444885254,17372
2018-10-09,26.290000915527344,26.31999969482422,26.079999923706055,26.309999465942383,15.740738868713379,8453
2018-10-10,26.149999618530273,26.294200897216797,26.010000228881836,26.200000762939453,15.674927711486816,40138
2018-10-11,25.700000762939453,25.790000915527344,25.520000457763672,25.649999618530273,15.649185180664062,34597
2018-10-12,25.719999313354492,25.84000015258789,25.59000015258789,25.790000915527344,15.734599113464355,12870
2018-10-15,25.649999618530273,25.809999465942383,25.524999618530273,25.729999542236328,15.697994232177734,20025
2018-10-16,25.739999771118164,25.8700008392334,25.610000610351562,25.68000030517578,15.667489051818848,60721
2018-10-17,25.700000762939453,25.739999771118164,25.5,25.610000610351562,15.624776840209961,56660
2018-10-18,25.6200008392334,25.719999313354492,25.510000228881836,25.600000381469727,15.618680953979492,68888
2018-10-19,25.510000228881836,25.670499801635742,25.290000915527344,25.399999618530273,15.496657371520996,785348
2018-10-22,25.40999984741211,25.549999237060547,25.40999984741211,25.459999084472656,15.5332670211792,104086
2018-10-23,25.450000762939453,25.549999237060547,25.43000030517578,25.549999237060547,15.588178634643555,44303
2018-10-24,25.634899139404297,25.634899139404297,25.5,25.540000915527344,15.582074165344238,58607
2018-10-25,25.56999969482422,25.690000534057617,25.56999969482422,25.649999618530273,15.649185180664062,20338
2018-10-26,25.850000381469727,25.850000381469727,25.610000610351562,25.68000030517578,15.667489051818848,180458
2018-10-29,25.639999389648438,25.79560089111328,25.639999389648438,25.79560089111328,15.738015174865723,2145
2018-10-30,25.787799835205078,25.899999618530273,25.700000762939453,25.81999969482422,15.752901077270508,10345
2018-10-31,25.95989990234375,25.959999084472656,25.75,25.834999084472656,15.76205062866211,11293
2018-11-01,25.799999237060547,25.889999389648438,25.799999237060547,25.81999969482422,15.752901077270508,9917
2018-11-02,25.809999465942383,25.90999984741211,25.809999465942383,25.850000381469727,15.771207809448242,28298
2018-11-05,25.850000381469727,25.88990020751953,25.809999465942383,25.809999465942383,15.746801376342773,25418
2018-11-06,25.809999465942383,25.84000015258789,25.700000762939453,25.729999542236328,15.697994232177734,19149
2018-11-07,25.729999542236328,25.8700008392334,25.700000762939453,25.850000381469727,15.771207809448242,31197
2018-11-08,25.770000457763672,25.829999923706055,25.719999313354492,25.739999771118164,15.704095840454102,8393
2018-11-09,25.739999771118164,25.858999252319336,25.670000076293945,25.739999771118164,15.704095840454102,37655
2018-11-12,25.79990005493164,25.82830047607422,25.780000686645508,25.81999969482422,15.752901077270508,4219
2018-11-13,25.850000381469727,25.898099899291992,25.799999237060547,25.881200790405273,15.790240287780762,3683
2018-11-14,25.905399322509766,25.950000762939453,25.81999969482422,25.81999969482422,15.752901077270508,94896
2018-11-15,25.81999969482422,25.899999618530273,25.809999465942383,25.878799438476562,15.788777351379395,11131
2018-11-16,25.770000457763672,25.979999542236328,25.770000457763672,25.979999542236328,15.850523948669434,2497
2018-11-19,25.85770034790039,25.95870018005371,25.827800750732422,25.95870018005371,15.8375244140625,2371
2018-11-20,25.940000534057617,25.940000534057617,25.780000686645508,25.850000381469727,15.771207809448242,13243
2018-11-21,25.699800491333008,25.93000030517578,25.699800491333008,25.8799991607666,15.789511680603027,2999
2018-11-23,25.86549949645996,25.86949920654297,25.849899291992188,25.849899291992188,15.77114200592041,998
2018-11-26,25.755699157714844,25.889999389648438,25.755699157714844,25.822500228881836,15.754427909851074,10602
2018-11-27,25.889999389648438,25.889999389648438,25.75,25.8700008392334,15.783408164978027,10356
2018-11-28,25.770000457763672,25.860000610351562,25.770000457763672,25.81800079345703,15.75168514251709,6599
2018-11-29,25.850000381469727,25.860000610351562,25.780000686645508,25.780000686645508,15.728494644165039,4690
2018-11-30,25.827499389648438,25.889999389648438,25.81999969482422,25.81999969482422,15.752901077270508,5086
2018-12-03,25.889999389648438,25.889999389648438,25.800100326538086,25.885499954223633,15.792866706848145,8392
2018-12-04,25.889999389648438,25.970399856567383,25.850000381469727,25.950000762939453,15.8322172164917,6438
2018-12-06,25.924999237060547,25.989900588989258,25.84000015258789,25.93869972229004,15.825324058532715,10618
2018-12-07,25.860000610351562,25.989999771118164,25.850000381469727,25.872800827026367,15.785118103027344,107230
2018-12-10,25.780000686645508,25.969999313354492,25.780000686645508,25.798500061035156,15.739788055419922,7269
2018-12-11,25.90999984741211,25.910999298095703,25.770000457763672,25.789600372314453,15.734350204467773,5742
2018-12-12,25.78459930419922,25.92259979248047,25.75,25.75,15.710198402404785,13090
2018-12-13,25.850000381469727,25.850000381469727,25.68000030517578,25.80190086364746,15.74185848236084,4727
2018-12-14,25.68000030517578,25.92569923400879,25.68000030517578,25.799999237060547,15.740702629089355,9739
2018-12-17,25.686399459838867,25.769500732421875,25.635000228881836,25.719999313354492,15.691892623901367,83770
2018-12-18,25.739999771118164,25.805999755859375,25.694299697875977,25.694299697875977,15.676217079162598,24398
2018-12-19,25.68000030517578,25.75,25.59000015258789,25.75,15.710198402404785,54695
2018-12-20,25.649999618530273,25.838300704956055,25.028799057006836,25.68000030517578,15.667489051818848,150063
2018-12-21,25.335899353027344,25.677799224853516,25.296499252319336,25.600000381469727,15.618680953979492,38790
2018-12-24,25.399999618530273,25.526500701904297,25.100000381469727,25.43000030517578,15.514963150024414,11461
2018-12-26,25.274200439453125,25.889999389648438,25.274200439453125,25.71430015563965,15.688413619995117,10370
2018-12-27,25.5,25.937700271606445,25.5,25.709999084472656,15.685789108276367,7347
2018-12-28,25.760099411010742,25.947599411010742,25.508100509643555,25.75,15.710198402404785,7436
2018-12-31,25.600000381469727,26.149999618530273,25.600000381469727,26.149999618530273,15.954233169555664,13932
2019-01-02,25.99220085144043,26.049999237060547,25.889999389648438,25.940000534057617,15.8261137008667,3377
2019-01-03,25.8174991607666,26.040000915527344,25.799999237060547,26.020000457763672,15.874922752380371,5527
2019-01-04,25.93000030517578,26.09000015258789,25.90999984741211,26.040000915527344,15.887126922607422,3464
2019-01-07,26.459999084472656,26.459999084472656,25.899999618530273,26.040000915527344,15.887126922607422,10813
2019-01-08,25.956899642944336,26.170000076293945,25.864299774169922,26.110000610351562,15.929834365844727,14367
2019-01-09,26.100000381469727,26.256099700927734,26.100000381469727,26.18000030517578,15.972540855407715,14559
2019-01-10,25.780000686645508,26.34000015258789,25.75659942626953,25.93000030517578,16.13294219970703,32175
2019-01-11,25.822399139404297,25.822399139404297,25.549999237060547,25.649999618530273,15.958733558654785,19482
2019-01-14,25.72800064086914,26.135700225830078,25.600000381469727,25.700000762939453,15.98984146118164,7501
2019-01-15,25.709999084472656,25.709999084472656,25.572399139404297,25.572399139404297,15.910451889038086,1905
2019-01-16,25.724300384521484,25.724300384521484,25.382999420166016,25.5,15.865410804748535,8986
2019-01-17,25.60610008239746,25.60610008239746,25.455699920654297,25.479999542236328,15.8529634475708,23794
2019-01-18,25.5,25.77989959716797,25.43000030517578,25.639999389648438,15.952509880065918,29680
2019-01-22,25.5,25.597900390625,25.5,25.550100326538086,15.896583557128906,2059
2019-01-23,25.56999969482422,25.600000381469727,25.549999237060547,25.56999969482422,15.90895938873291,9813
2019-01-24,25.549999237060547,25.65999984741211,25.549999237060547,25.6299991607666,15.94629192352295,7304
2019-01-25,25.739999771118164,25.879899978637695,25.739999771118164,25.760000228881836,16.027175903320312,5858
2019-01-28,25.729999542236328,25.937999725341797,25.610000610351562,25.719999313354492,16.002286911010742,11271
2019-01-29,25.877599716186523,25.979999542236328,25.75,25.979999542236328,16.164052963256836,12576
2019-01-30,25.920000076293945,26.099899291992188,25.81999969482422,25.93000030517578,16.13294219970703,46210
2019-01-31,25.93000030517578,26.329999923706055,25.915000915527344,26.329999923706055,16.38180923461914,63339
2019-02-01,26.149999618530273,26.280000686645508,25.850000381469727,26.139999389648438,16.263599395751953,10198
2019-02-04,26.140300750732422,26.277299880981445,26.010000228881836,26.201900482177734,16.302112579345703,3117
2019-02-05,26.280000686645508,26.280000686645508,26.010000228881836,26.180700302124023,16.288925170898438,6945
2019-02-06,26.20240020751953,26.20240020751953,26.0,26.09000015258789,16.23248863220215,7151
2019-02-07,26.010000228881836,26.046100616455078,25.81999969482422,25.969999313354492,16.157827377319336,22623
2019-02-08,25.930700302124023,26.011999130249023,25.799999237060547,25.920000076293945,16.126720428466797,56948
2019-02-11,25.91550064086914,25.965200424194336,25.860000610351562,25.888900756835938,16.10736846923828,13521
2019-02-12,26.040000915527344,26.040000915527344,25.887500762939453,25.889999389648438,16.10805892944336,4885
2019-02-13,25.90760040283203,26.025299072265625,25.809999465942383,25.872100830078125,16.0969181060791,9568
2019-02-14,25.81999969482422,25.999500274658203,25.760000228881836,25.770000457763672,16.03339385986328,17997
2019-02-15,25.791000366210938,25.9281005859375,25.739999771118164,25.91819953918457,16.12560272216797,4419
2019-02-19,25.86750030517578,25.91629981994629,25.770000457763672,25.8799991607666,16.101835250854492,17774
2019-02-20,25.899999618530273,25.901399612426758,25.819599151611328,25.901399612426758,16.11514663696289,4244
2019-02-21,25.899999618530273,25.899999618530273,25.780000686645508,25.837799072265625,16.075578689575195,1693
2019-02-22,25.899999618530273,25.899999618530273,25.850000381469727,25.899999618530273,16.114273071289062,35885
2019-02-25,25.899999618530273,25.93000030517578,25.799999237060547,25.899999618530273,16.114273071289062,37966
2019-02-26,25.900999069213867,26.049999237060547,25.899999618530273,26.0,16.176498413085938,27524
2019-02-27,26.000999450683594,26.049999237060547,25.959999084472656,25.989999771118164,16.170272827148438,12775
2019-02-28,25.950000762939453,26.25,25.950000762939453,26.25,16.332035064697266,70522
2019-03-01,26.149999618530273,26.149999618530273,26.030000686645508,26.100000381469727,16.238712310791016,13395
2019-03-04,26.1200008392334,26.190000534057617,26.01099967956543,26.139999389648438,16.263599395751953,12400
2019-03-05,26.030000686645508,26.149999618530273,25.950000762939453,26.09000015258789,16.23248863220215,10448
2019-03-06,26.079999923706055,26.1299991607666,25.959999084472656,26.100000381469727,16.238712310791016,8300
2019-03-07,26.010000228881836,26.149999618530273,26.010000228881836,26.149999618530273,16.269821166992188,2463
2019-03-08,26.100000381469727,26.149999618530273,26.059999465942383,26.149999618530273,16.269821166992188,2388
2019-03-11,26.049999237060547,26.1200008392334,26.049999237060547,26.079999923706055,16.226266860961914,4834
2019-03-12,26.010000228881836,26.17889976501465,26.010000228881836,26.100000381469727,16.238712310791016,4176
2019-03-13,26.059999465942383,26.21500015258789,26.059999465942383,26.18000030517578,16.28848648071289,9975
2019-03-14,26.149999618530273,26.200000762939453,26.149999618530273,26.18000030517578,16.28848648071289,5020
2019-03-15,26.17970085144043,26.200000762939453,26.15999984741211,26.200000762939453,16.300928115844727,4349
2019-03-18,26.219999313354492,26.299999237060547,26.18120002746582,26.229999542236328,16.319595336914062,21474
2019-03-19,26.3700008392334,26.3700008392334,26.200000762939453,26.250999450683594,16.332658767700195,30532
2019-03-20,26.290000915527344,26.479999542236328,26.219999313354492,26.459999084472656,16.46269416809082,13011
2019-03-21,26.394500732421875,26.68000030517578,26.394500732421875,26.6299991607666,16.56846046447754,6933
2019-03-22,26.5216007232666,26.600000381469727,26.500900268554688,26.59000015258789,16.543577194213867,3393
2019-03-25,26.600000381469727,26.649999618530273,26.360000610351562,26.649999618530273,16.580904006958008,3590
2019-03-26,26.63089942932129,26.860000610351562,26.529699325561523,26.860000610351562,16.711566925048828,10835
2019-03-27,26.577299118041992,27.317899703979492,26.577299118041992,27.299999237060547,16.985319137573242,14946
2019-03-28,27.299999237060547,27.3700008392334,27.161100387573242,27.299999237060547,16.985319137573242,15686
2019-03-29,27.290000915527344,27.520000457763672,27.100000381469727,27.360000610351562,17.02264976501465,53625
2019-04-01,27.299999237060547,27.299999237060547,27.200000762939453,27.200000762939453,16.9231014251709,26947
2019-04-02,27.179000854492188,27.219999313354492,27.110000610351562,27.219999313354492,16.935543060302734,5987
2019-04-03,27.165000915527344,27.229999542236328,27.141000747680664,27.229999542236328,16.9417724609375,4077
2019-04-04,27.13759994506836,27.229999542236328,27.13759994506836,27.229999542236328,16.9417724609375,3000
2019-04-05,27.229999542236328,27.229999542236328,27.141000747680664,27.16360092163086,16.900453567504883,7871
2019-04-08,27.186100006103516,27.186100006103516,27.1200008392334,27.1200008392334,16.873329162597656,3520
2019-04-09,27.18000030517578,27.200000762939453,27.049999237060547,27.200000762939453,16.9231014251709,13860
2019-04-10,27.137500762939453,27.200000762939453,27.06999969482422,27.10569953918457,16.86443328857422,10015
2019-04-11,26.68000030517578,26.68000030517578,26.560100555419922,26.649999618530273,16.897470474243164,10354
2019-04-12,26.651899337768555,26.81999969482422,26.579999923706055,26.610000610351562,16.872112274169922,3844
2019-04-15,26.760000228881836,26.79990005493164,26.665000915527344,26.700000762939453,16.929174423217773,2335
2019-04-16,26.6200008392334,26.700000762939453,26.6200008392334,26.700000762939453,16.929174423217773,10775
2019-04-17,26.633699417114258,26.700000762939453,26.559999465942383,26.600000381469727,16.865768432617188,5906
2019-04-18,26.635000228881836,26.700000762939453,26.584999084472656,26.700000762939453,16.929174423217773,4918
2019-04-22,26.579999923706055,26.74720001220703,26.579999923706055,26.600000381469727,16.865768432617188,9276
2019-04-23,26.59000015258789,26.729999542236328,26.510000228881836,26.56999969482422,16.84674644470215,16281
2019-04-24,26.639999389648438,26.65999984741211,26.510000228881836,26.65999984741211,16.90381622314453,8794
2019-04-25,26.600000381469727,26.6299991607666,26.540000915527344,26.579999923706055,16.85308837890625,2403
2019-04-26,26.540000915527344,26.56999969482422,26.520000457763672,26.530000686645508,16.82138442993164,3672
2019-04-29,26.450000762939453,26.614999771118164,26.450000762939453,26.55500030517578,16.837238311767578,9395
2019-04-30,26.55500030517578,26.770000457763672,26.469999313354492,26.719999313354492,16.941858291625977,63862
2019-05-01,26.709999084472656,26.719999313354492,26.6200008392334,26.690000534057617,16.922834396362305,9611
2019-05-02,26.667600631713867,26.683500289916992,26.4950008392334,26.549999237060547,16.834064483642578,4264
2019-05-03,26.549999237060547,26.689199447631836,26.520000457763672,26.540000915527344,16.827722549438477,4695
2019-05-06,26.186899185180664,26.649999618530273,26.020000457763672,26.479999542236328,16.789684295654297,12812
2019-05-07,26.44499969482422,26.599899291992188,26.290000915527344,26.290000915527344,16.66921043395996,5363
2019-05-08,26.395700454711914,26.51810073852539,26.395700454711914,26.489999771118164,16.796022415161133,6636
2019-05-09,26.450000762939453,26.559999465942383,26.450000762939453,26.559999465942383,16.84040641784668,5874
2019-05-10,26.47599983215332,26.582199096679688,26.47599983215332,26.549999237060547,16.834064483642578,1187
2019-05-13,26.459999084472656,26.549999237060547,26.459999084472656,26.520000457763672,16.815048217773438,5210
2019-05-14,26.459999084472656,26.540000915527344,26.459999084472656,26.540000915527344,16.827722549438477,6963
2019-05-15,26.540000915527344,26.56999969482422,26.489999771118164,26.549999237060547,16.834064483642578,23033
2019-05-16,26.611499786376953,26.75,26.600000381469727,26.68000030517578,16.9164981842041,4454
2019-05-17,26.514999389648438,26.649999618530273,26.459999084472656,26.489999771118164,16.796022415161133,12863
2019-05-20,26.459999084472656,26.540000915527344,26.459999084472656,26.540000915527344,16.827722549438477,11338
2019-05-21,26.48780059814453,26.579999923706055,26.48780059814453,26.559999465942383,16.84040641784668,22249
2019-05-22,26.65690040588379,26.670000076293945,26.549999237060547,26.670000076293945,16.910154342651367,5865
2019-05-23,26.692399978637695,26.719999313354492,26.649999618530273,26.690000534057617,16.922834396362305,26991
2019-05-24,26.690000534057617,26.690000534057617,26.604999542236328,26.610000610351562,16.872112274169922,9771
2019-05-28,26.610000610351562,26.690000534057617,26.579999923706055,26.610000610351562,16.872112274169922,15867
2019-05-29,26.579999923706055,26.68000030517578,26.559999465942383,26.635900497436523,16.888532638549805,12911
2019-05-30,26.649999618530273,26.760000228881836,26.600099563598633,26.760000228881836,16.96721839904785,10270
2019-05-31,26.616300582885742,26.899999618530273,26.610000610351562,26.899999618530273,17.05598258972168,60731
2019-06-03,26.824499130249023,26.824499130249023,26.635000228881836,26.719999313354492,16.941858291625977,10824
2019-06-04,26.655000686645508,26.959999084472656,26.653099060058594,26.75,16.960878372192383,9214
2019-06-05,26.75,26.810100555419922,26.75,26.810100555419922,16.998985290527344,4087
2019-06-06,26.8799991607666,26.895000457763672,26.674999237060547,26.760000228881836,16.96721839904785,5894
2019-06-07,26.850000381469727,26.850000381469727,26.719999313354492,26.719999313354492,16.941858291625977,12496
2019-06-10,26.65999984741211,26.850000381469727,26.65999984741211,26.739599227905273,16.954282760620117,15620
2019-06-11,26.765499114990234,26.765499114990234,26.660400390625,26.690000534057617,16.922834396362305,8242
2019-06-12,26.729799270629883,26.729799270629883,26.610000610351562,26.674999237060547,16.913320541381836,12719
2019-06-13,26.610000610351562,26.653499603271484,26.09000015258789,26.600000381469727,16.865768432617188,32208
2019-06-14,26.600000381469727,26.649999618530273,26.549999237060547,26.549999237060547,16.834064483642578,9476
2019-06-17,26.639999389648438,26.66900062561035,26.613500595092773,26.649599075317383,16.897218704223633,9250
2019-06-18,26.625,26.68400001525879,26.610000610351562,26.639999389648438,16.89113426208496,8147
2019-06-19,26.709999084472656,26.799999237060547,26.639999389648438,26.799999237060547,16.992582321166992,20335
2019-06-20,26.850000381469727,26.850000381469727,26.709999084472656,26.84000015258789,17.017940521240234,19690
2019-06-21,26.979999542236328,26.979999542236328,26.760000228881836,26.760000228881836,16.96721839904785,11801
2019-06-24,26.75860023498535,26.78459930419922,26.693899154663086,26.700000762939453,16.929174423217773,4943
2019-06-25,26.69930076599121,26.959999084472656,26.68000030517578,26.940000534057617,17.081348419189453,82822
2019-06-26,26.870100021362305,27.079999923706055,26.8700008392334,27.079500198364258,17.169795989990234,25096
2019-06-27,27.079999923706055,27.219999313354492,26.959999084472656,27.1299991607666,17.201818466186523,15357
2019-06-28,27.1299991607666,27.23889923095703,27.08930015563965,27.18000030517578,17.2335147857666,54099
2019-07-01,27.049999237060547,27.190000534057617,27.010000228881836,27.190000534057617,17.239856719970703,4592
2019-07-02,27.190000534057617,27.239999771118164,27.040000915527344,27.239999771118164,17.271560668945312,11997
2019-07-03,27.1560001373291,27.31999969482422,27.1560001373291,27.25550079345703,17.281387329101562,4908
2019-07-05,27.299999237060547,27.299999237060547,27.194299697875977,27.254899978637695,17.281007766723633,5407
2019-07-08,27.200000762939453,27.387100219726562,27.145999908447266,27.27869987487793,17.296104431152344,2191
2019-07-09,27.363000869750977,27.363000869750977,27.18199920654297,27.30270004272461,17.311317443847656,5322
2019-07-10,27.389999389648438,27.389999389648438,27.200000762939453,27.239999771118164,17.271560668945312,13989
2019-07-11,26.940000534057617,26.940000534057617,26.802400588989258,26.923200607299805,17.394975662231445,7994
2019-07-12,26.918699264526367,26.918699264526367,26.549999237060547,26.610000610351562,17.192615509033203,99121
2019-07-15,26.681699752807617,26.75,26.639999389648438,26.729999542236328,17.270151138305664,7855
2019-07-16,26.764999389648438,26.853500366210938,26.65999984741211,26.770000457763672,17.295989990234375,4503
2019-07-17,26.790000915527344,26.887500762939453,26.68000030517578,26.75,17.28306770324707,3859
2019-07-18,26.78499984741211,26.850000381469727,26.709999084472656,26.850000381469727,17.347681045532227,6710
2019-07-19,26.730600357055664,26.8799991607666,26.719999313354492,26.8700008392334,17.360599517822266,7993
2019-07-22,26.790000915527344,26.8799991607666,26.790000915527344,26.799999237060547,17.31537628173828,6097
2019-07-23,26.805599212646484,26.8799991607666,26.799999237060547,26.84000015258789,17.34122085571289,6138
2019-07-24,26.878799438476562,26.940000534057617,26.829999923706055,26.940000534057617,17.405826568603516,3869
2019-07-25,26.969999313354492,26.979999542236328,26.782800674438477,26.979999542236328,17.431673049926758,4710
2019-07-26,26.833099365234375,27.059999465942383,26.770000457763672,27.059999465942383,17.483360290527344,5301
2019-07-29,26.987699508666992,27.059999465942383,26.985599517822266,27.0,17.444589614868164,9469
2019-07-30,26.983999252319336,27.059999465942383,26.950000762939453,27.059999465942383,17.483360290527344,9769
2019-07-31,27.059999465942383,27.059999465942383,26.899999618530273,26.899999618530273,17.379981994628906,77647
2019-08-01,26.950000762939453,27.09000015258789,26.799999237060547,26.93000030517578,17.399372100830078,5519
2019-08-02,26.954999923706055,26.954999923706055,26.739999771118164,26.84000015258789,17.34122085571289,6118
2019-08-05,26.760000228881836,26.937700271606445,26.760000228881836,26.860000610351562,17.35413932800293,10795
2019-08-06,26.89069938659668,27.09000015258789,26.89069938659668,27.09000015258789,17.50274085998535,8702
2019-08-07,27.0049991607666,27.079999923706055,26.920000076293945,27.049999237060547,17.476898193359375,12899
2019-08-08,27.049999237060547,27.059999465942383,26.899999618530273,27.013700485229492,17.45344352722168,7095
2019-08-09,26.940000534057617,27.06999969482422,26.93000030517578,27.059999465942383,17.483360290527344,10475
2019-08-12,27.114200592041016,27.280000686645508,27.110000610351562,27.177600860595703,17.55933952331543,11158
2019-08-13,27.25,27.306699752807617,27.15999984741211,27.306699752807617,17.64275360107422,14896
2019-08-14,27.469999313354492,27.469999313354492,27.280000686645508,27.350000381469727,17.670724868774414,11586
2019-08-15,27.479999542236328,27.75,27.46030044555664,27.500999450683594,17.768287658691406,13865
2019-08-16,27.474599838256836,27.850000381469727,27.474599838256836,27.600000381469727,17.832250595092773,10543
2019-08-19,27.899999618530273,28.094200134277344,27.84779930114746,28.0,18.09069061279297,16503
2019-08-20,27.93199920654297,27.989999771118164,27.646099090576172,27.75,17.92916488647461,12290
2019-08-21,27.938400268554688,28.0,27.79050064086914,27.989999771118164,18.084226608276367,6098
2019-08-22,27.84779930114746,28.0,27.809999465942383,28.0,18.09069061279297,11040
2019-08-23,27.989299774169922,28.1200008392334,27.944799423217773,28.1200008392334,18.16822052001953,4924
2019-08-26,27.9950008392334,28.1200008392334,27.950000762939453,28.1200008392334,18.16822052001953,1838
2019-08-27,28.041200637817383,28.049999237060547,27.899999618530273,28.049999237060547,18.122995376586914,9113
2019-08-28,28.0,28.149999618530273,28.0,28.149999618530273,18.187604904174805,7029
2019-08-29,28.06999969482422,28.865999221801758,28.06999969482422,28.700000762939453,18.54295539855957,11169
2019-08-30,28.700000762939453,28.81999969482422,28.5,28.81999969482422,18.6204891204834,99810
2019-09-03,28.649999618530273,28.68000030517578,28.5,28.674999237060547,18.526803970336914,12399
2019-09-04,28.18000030517578,28.649999618530273,28.149999618530273,28.549999237060547,18.446044921875,15629
2019-09-05,28.540000915527344,28.549999237060547,28.360000610351562,28.549999237060547,18.446044921875,6874
2019-09-06,28.549999237060547,28.549999237060547,28.453800201416016,28.549999237060547,18.446044921875,6934
2019-09-09,28.350000381469727,28.440000534057617,28.219999313354492,28.440000534057617,18.374971389770508,8487
2019-09-10,28.0,28.399999618530273,28.0,28.399999618530273,18.3491268157959,10831
2019-09-11,28.302499771118164,28.389999389648438,28.149999618530273,28.389999389648438,18.342670440673828,3409
2019-09-12,28.350000381469727,28.350000381469727,28.170000076293945,28.350000381469727,18.316822052001953,1694
2019-09-13,28.26099967956543,28.399999618530273,28.100000381469727,28.399999618530273,18.3491268157959,4788
2019-09-16,28.0,28.389999389648438,27.97010040283203,28.34000015258789,18.31036376953125,6618
2019-09-17,28.213899612426758,28.450000762939453,28.205799102783203,28.450000762939453,18.38142967224121,4406
2019-09-18,28.40250015258789,28.5,28.40250015258789,28.5,18.413738250732422,10414
2019-09-19,28.5,28.5,28.43910026550293,28.5,18.413738250732422,8682
2019-09-20,28.450000762939453,28.5,28.351999282836914,28.489999771118164,18.407278060913086,4791
2019-09-23,28.3799991607666,28.56999969482422,28.309999465942383,28.309999465942383,18.290977478027344,13203
2019-09-24,28.5,28.5,28.391399383544922,28.5,18.413738250732422,6440
2019-09-25,28.46619987487793,28.5,28.350000381469727,28.5,18.413738250732422,6114
2019-09-26,28.44860076904297,28.5,28.320100784301758,28.329999923706055,18.30390167236328,10851
2019-09-27,28.482500076293945,28.5,28.360000610351562,28.5,18.413738250732422,9460
2019-09-30,28.5,28.5,28.340900421142578,28.5,18.413738250732422,56521
2019-10-01,28.40999984741211,28.5,28.40999984741211,28.463499069213867,18.390155792236328,13148
2019-10-02,28.355899810791016,28.399999618530273,28.190099716186523,28.389999389648438,18.342670440673828,5761
2019-10-03,28.200000762939453,28.5,28.200000762939453,28.5,18.413738250732422,10948
2019-10-04,28.450000762939453,28.5,28.450000762939453,28.5,18.413738250732422,14069
2019-10-07,28.5,28.559999465942383,28.393999099731445,28.423900604248047,18.364564895629883,11541
2019-10-08,28.419599533081055,28.440000534057617,28.299999237060547,28.43000030517578,18.368511199951172,11102
2019-10-09,28.337799072265625,28.440000534057617,28.299999237060547,28.390399932861328,18.342924118041992,11267
2019-10-10,28.149999618530273,28.149999618530273,27.690000534057617,28.059999465942383,18.459632873535156,3971
2019-10-11,28.100000381469727,28.399999618530273,27.887100219726562,28.354999542236328,18.653709411621094,25034
2019-10-14,28.253999710083008,28.420000076293945,28.188600540161133,28.188600540161133,18.54423713684082,12062
2019-10-15,28.38949966430664,28.489999771118164,27.910999298095703,28.383800506591797,18.672653198242188,13438
2019-10-16,28.338199615478516,28.579999923706055,28.219999313354492,28.5,18.74909782409668,7676
2019-10-17,28.25,28.399999618530273,28.211000442504883,28.354999542236328,18.653709411621094,4479
2019-10-18,28.412500381469727,28.420000076293945,28.3700008392334,28.40999984741211,18.689891815185547,3933
2019-10-21,28.399999618530273,28.399999618530273,28.149999618530273,28.200000762939453,18.551740646362305,26748
2019-10-22,28.139999389648438,28.22909927368164,27.969999313354492,27.989999771118164,18.413585662841797,10254
2019-10-23,28.149999618530273,28.149999618530273,27.799999237060547,27.979999542236328,18.407007217407227,13868
2019-10-24,28.024599075317383,28.124900817871094,27.90999984741211,28.030000686645508,18.439903259277344,7880
2019-10-25,28.083799362182617,28.299999237060547,27.974000930786133,28.020000457763672,18.43332290649414,4809
2019-10-28,28.020000457763672,28.030000686645508,27.870399475097656,28.030000686645508,18.439903259277344,7557
2019-10-29,28.1200008392334,28.270000457763672,27.874099731445312,28.020000457763672,18.43332290649414,13627
2019-10-30,28.020000457763672,28.023700714111328,27.810800552368164,27.810800552368164,18.295698165893555,22424
2019-10-31,27.911100387573242,28.139999389648438,27.700000762939453,27.809999465942383,18.295169830322266,66216
2019-11-01,27.739999771118164,27.917299270629883,27.729999542236328,27.729999542236328,18.242542266845703,7271
2019-11-04,27.817399978637695,27.829999923706055,27.74090003967285,27.809999465942383,18.295169830322266,5881
2019-11-05,27.70709991455078,27.829999923706055,27.649999618530273,27.679800033569336,18.209516525268555,11187
2019-11-06,27.649999618530273,27.860000610351562,27.649999618530273,27.68000030517578,18.20965003967285,12853
2019-11-07,27.610000610351562,27.67620086669922,27.43000030517578,27.450000762939453,18.058340072631836,11604
2019-11-08,27.2987003326416,27.549999237060547,27.15250015258789,27.549999237060547,18.124122619628906,10256
2019-11-11,27.325199127197266,27.459999084472656,27.149999618530273,27.40999984741211,18.032024383544922,3087
2019-11-12,27.28059959411621,27.40999984741211,27.209999084472656,27.40999984741211,18.032024383544922,2715
2019-11-13,27.589599609375,27.80970001220703,27.561800003051758,27.650999069213867,18.190567016601562,6065
2019-11-14,27.684799194335938,27.809999465942383,27.43000030517578,27.58099937438965,18.144521713256836,13085
2019-11-15,27.579999923706055,27.774799346923828,27.399999618530273,27.549999237060547,18.124122619628906,13091
2019-11-18,27.447999954223633,27.699899673461914,27.332500457763672,27.600000381469727,18.157020568847656,6670
2019-11-19,27.705699920654297,27.76449966430664,27.43869972229004,27.6299991607666,18.176753997802734,3816
2019-11-20,27.610000610351562,27.8799991607666,27.610000610351562,27.8799991607666,18.341218948364258,5400
2019-11-21,27.60759925842285,27.877199172973633,27.600000381469727,27.75,18.25570297241211,5733
2019-11-22,27.740299224853516,27.815000534057617,27.685100555419922,27.69099998474121,18.21688461303711,3233
2019-11-25,27.692399978637695,27.8799991607666,27.692399978637695,27.8799991607666,18.341218948364258,4595
2019-11-26,27.559999465942383,27.75,27.40999984741211,27.512399673461914,18.09939193725586,49274
2019-11-27,27.51110076904297,27.56999969482422,27.3799991607666,27.3799991607666,18.012290954589844,5541
2019-11-29,27.579999923706055,27.638599395751953,27.299999237060547,27.469999313354492,18.071496963500977,14644
2019-12-02,27.257999420166016,27.322599411010742,27.149999618530273,27.149999618530273,17.860984802246094,4085
2019-12-03,27.14900016784668,27.237300872802734,27.030000686645508,27.18000030517578,17.880718231201172,10272
2019-12-04,27.263200759887695,27.263200759887695,26.958999633789062,27.049999237060547,17.795190811157227,39138
2019-12-05,27.0,27.049999237060547,26.799999237060547,27.049999237060547,17.795190811157227,49818
2019-12-06,26.996299743652344,27.170000076293945,26.996299743652344,27.170000076293945,17.87413787841797,8206
2019-12-09,27.18000030517578,27.18000030517578,27.080699920654297,27.146400451660156,17.85861587524414,2679
2019-12-10,27.12420082092285,27.18000030517578,27.1200008392334,27.1299991607666,17.847824096679688,8504
2019-12-11,27.200000762939453,27.270000457763672,27.1299991607666,27.270000457763672,17.939926147460938,8575
2019-12-12,27.18000030517578,27.270000457763672,27.18000030517578,27.209999084472656,17.90045166015625,105332
2019-12-13,27.270000457763672,27.399999618530273,27.219999313354492,27.385000228881836,18.01557731628418,13843
2019-12-16,27.389999389648438,27.604999542236328,27.299999237060547,27.559999465942383,18.130704879760742,7987
2019-12-17,27.5,27.696699142456055,27.373899459838867,27.591100692749023,18.15117073059082,7107
2019-12-18,27.600000381469727,27.770000457763672,27.600000381469727,27.770000457763672,18.268857955932617,4797
2019-12-19,27.721099853515625,27.850000381469727,27.6299991607666,27.75,18.25570297241211,14613
2019-12-20,27.752099990844727,27.780000686645508,27.6200008392334,27.719999313354492,18.235965728759766,8670
2019-12-23,27.75,27.790000915527344,27.739999771118164,27.780000686645508,18.275436401367188,13486
2019-12-24,27.799999237060547,28.200000762939453,27.649999618530273,27.985000610351562,18.41029930114746,21485
2019-12-26,27.913400650024414,28.09000015258789,27.913400650024414,28.09000015258789,18.479372024536133,3492
2019-12-27,27.711999893188477,28.34000015258789,27.711999893188477,28.31999969482422,18.63067626953125,15471
2019-12-30,28.329999923706055,28.329999923706055,27.700000762939453,27.799999237060547,18.288591384887695,11565
2019-12-31,27.889999389648438,27.899999618530273,27.75,27.75,18.25570297241211,14042
2020-01-02,27.92099952697754,28.299999237060547,27.850000381469727,28.299999237060547,18.617525100708008,9247
2020-01-03,28.200000762939453,28.479999542236328,28.070199966430664,28.479999542236328,18.735937118530273,9250
2020-01-06,28.4601993560791,28.56999969482422,28.295499801635742,28.354999542236328,18.653709411621094,8898
2020-01-07,28.579999923706055,28.579999923706055,28.350000381469727,28.350000381469727,18.650415420532227,16982
2020-01-08,28.399999618530273,28.450000762939453,28.3700008392334,28.389999389648438,18.67673110961914,37949
2020-01-09,27.959999084472656,28.09000015258789,27.729999542236328,27.881099700927734,18.676002502441406,7118
2020-01-10,27.8700008392334,27.8700008392334,27.7947998046875,27.860000610351562,18.661865234375,2969
2020-01-13,27.860000610351562,27.8700008392334,27.739999771118164,27.8700008392334,18.668567657470703,6896
2020-01-14,27.989999771118164,28.06999969482422,27.808000564575195,27.808000564575195,18.627038955688477,4616
2020-01-15,27.971799850463867,28.040000915527344,27.92799949645996,27.989999771118164,18.74894905090332,14647
2020-01-16,28.049999237060547,28.100000381469727,27.94219970703125,27.94219970703125,18.716930389404297,2589
2020-01-17,27.84000015258789,28.100000381469727,27.84000015258789,28.100000381469727,18.8226318359375,5290
2020-01-21,28.100000381469727,28.139999389648438,27.93000030517578,28.09830093383789,18.821491241455078,4905
2020-01-22,28.299999237060547,28.389999389648438,27.899999618530273,28.374000549316406,19.00617027282715,11445
2020-01-23,28.219999313354492,28.459999084472656,28.010099411010742,28.459999084472656,19.06377601623535,10909
2020-01-24,28.297000885009766,28.450000762939453,28.280000686645508,28.44809913635254,19.055803298950195,3733
2020-01-27,28.270000457763672,28.45870018005371,28.177200317382812,28.450000762939453,19.057079315185547,7040
2020-01-28,28.290000915527344,28.579999923706055,28.290000915527344,28.505300521850586,19.094120025634766,8334
2020-01-29,28.530000686645508,28.729999542236328,28.517000198364258,28.59000015258789,19.150856018066406,8639
2020-01-30,28.650999069213867,29.139999389648438,28.316999435424805,29.139999389648438,19.519269943237305,11363
2020-01-31,29.0,29.440000534057617,29.0,29.309999465942383,19.633140563964844,36023
2020-02-03,29.15999984741211,29.290000915527344,29.1299991607666,29.190000534057617,19.552764892578125,9824
2020-02-04,29.139999389648438,29.420000076293945,29.014999389648438,29.239999771118164,19.586252212524414,12754
2020-02-05,29.545000076293945,29.545000076293945,29.110000610351562,29.149999618530273,19.525964736938477,10660
2020-02-06,29.115999221801758,29.115999221801758,28.8700008392334,28.920000076293945,19.371904373168945,7789
2020-02-07,29.18000030517578,29.209999084472656,28.670000076293945,28.797399520874023,19.289779663085938,14707
2020-02-10,28.899999618530273,28.899999618530273,28.6200008392334,28.69029998779297,19.21803855895996,4804
2020-02-11,28.700000762939453,28.700000762939453,28.610000610351562,28.639999389648438,19.184345245361328,8438
2020-02-12,28.59000015258789,28.597200393676758,28.450000762939453,28.50950050354004,19.096933364868164,4465
2020-02-13,28.494800567626953,28.67300033569336,28.459999084472656,28.530000686645508,19.110666275024414,7683
2020-02-14,28.58300018310547,28.58300018310547,28.52359962463379,28.549999237060547,19.124061584472656,7314
2020-02-18,28.549999237060547,28.549999237060547,28.420000076293945,28.440000534057617,19.050378799438477,11421
2020-02-19,28.35070037841797,28.579999923706055,28.110000610351562,28.139999389648438,18.84942626953125,5655
2020-02-20,28.190799713134766,28.43000030517578,27.936399459838867,28.34000015258789,18.9833927154541,7461
2020-02-21,28.450000762939453,28.628799438476562,28.229999542236328,28.399999618530273,19.023584365844727,16405
2020-02-24,28.558799743652344,28.558799743652344,28.03219985961914,28.03219985961914,18.7772159576416,5563
2020-02-25,28.25979995727539,28.25979995727539,27.149999618530273,27.149999618530273,18.186279296875,15770
2020-02-26,27.90920066833496,27.90999984741211,27.360000610351562,27.850299835205078,18.655366897583008,11728
2020-02-27,27.860000610351562,27.860000610351562,27.042999267578125,27.709999084472656,18.56139373779297,18173
2020-02-28,27.450000762939453,27.459999084472656,26.920000076293945,27.18000030517578,18.206377029418945,59349
2020-03-02,27.260000228881836,27.837099075317383,26.3700008392334,27.540000915527344,18.447519302368164,33987
2020-03-03,27.6299991607666,27.6299991607666,26.84000015258789,27.25,18.253263473510742,13561
2020-03-04,27.770000457763672,27.979999542236328,27.593799591064453,27.799999237060547,18.621681213378906,6655
2020-03-05,27.75,27.780000686645508,27.350000381469727,27.450000762939453,18.387229919433594,16626
2020-03-06,27.0,27.350000381469727,26.850000381469727,27.040000915527344,18.112598419189453,10482
2020-03-09,26.049999237060547,26.760000228881836,25.760000228881836,26.035999298095703,17.440074920654297,20460
2020-03-10,26.470300674438477,26.470300674438477,25.503299713134766,25.950000762939453,17.382463455200195,55268
2020-03-11,25.899999618530273,25.899999618530273,24.6200008392334,25.889999389648438,17.34227180480957,51526
2020-03-12,24.43000030517578,24.43000030517578,21.690000534057617,23.100000381469727,15.47341251373291,133054
2020-03-13,23.55500030517578,23.559999465942383,21.839799880981445,23.06999969482422,15.453312873840332,13131
2020-03-16,22.0,22.0,19.75,20.059999465942383,13.437080383300781,47764
2020-03-17,20.25,20.329999923706055,18.0,18.010000228881836,12.063899040222168,34998
2020-03-18,17.0,17.0,7.599999904632568,10.350000381469727,6.93289041519165,79219
2020-03-19,10.25,16.849000930786133,9.829999923706055,15.520000457763672,10.395986557006836,49021
2020-03-20,14.890000343322754,16.760000228881836,13.170000076293945,15.805000305175781,10.586891174316406,91064
2020-03-23,14.550000190734863,14.550000190734863,7.329999923706055,8.3100004196167,5.566407680511475,100970
2020-03-24,8.479999542236328,8.980400085449219,7.650000095367432,8.34000015258789,5.586503982543945,153746
2020-03-25,9.029999732971191,12.09000015258789,9.029999732971191,11.477299690246582,7.68800687789917,244526
2020-03-26,12.630000114440918,20.047100067138672,12.630000114440918,17.479999542236328,11.708881378173828,383777
2020-03-27,15.989999771118164,17.700000762939453,15.510000228881836,17.639999389648438,11.816056251525879,75557
2020-03-30,17.5,17.5,16.200000762939453,17.1299991607666,11.474435806274414,140847
2020-03-31,16.809999465942383,17.360000610351562,15.954400062561035,16.440000534057617,11.01224422454834,231869
2020-04-01,15.399999618530273,15.779999732971191,14.5,14.5,9.71274471282959,255128
2020-04-02,14.5,15.350000381469727,14.5,14.609999656677246,9.786429405212402,53563
2020-04-03,14.5,14.5,10.600000381469727,11.645000457763672,7.8003411293029785,245763
2020-04-06,13.449999809265137,16.015499114990234,13.359999656677246,13.960000038146973,9.351028442382812,520297
2020-04-07,15.359999656677246,18.5,15.359999656677246,17.75,11.889740943908691,336501
2020-04-08,18.59000015258789,20.50149917602539,18.59000015258789,19.649999618530273,13.162442207336426,203028
2020-04-09,20.75,22.520000457763672,20.350000381469727,20.649999618530273,13.832287788391113,68679
2020-04-13,20.979999542236328,20.979999542236328,19.469999313354492,19.950000762939453,13.363397598266602,398494
2020-04-14,20.549999237060547,20.764999389648438,20.03499984741211,20.25,13.564349174499512,58989
2020-04-15,19.149999618530273,19.5,18.549999237060547,19.0,13.054411888122559,60463
2020-04-16,19.309999465942383,19.329999923706055,18.530000686645508,18.649999618530273,12.813933372497559,42463
2020-04-17,19.399999618530273,19.920000076293945,19.25,19.56999969482422,13.446041107177734,49352
2020-04-20,19.229999542236328,19.579999923706055,19.200000762939453,19.510000228881836,13.404816627502441,30862
2020-04-21,19.329999923706055,19.889999389648438,19.25,19.860000610351562,13.64529800415039,31716
2020-04-22,19.93000030517578,20.260000228881836,19.729999542236328,19.8799991607666,13.659037590026855,28423
2020-04-23,19.8700008392334,20.239999771118164,19.6200008392334,19.850099563598633,13.638492584228516,21633
2020-04-24,19.860000610351562,19.920000076293945,19.149999618530273,19.309999465942383,13.267404556274414,80431
2020-04-27,19.690000534057617,19.809900283813477,19.309999465942383,19.450000762939453,13.363594055175781,72671
2020-04-28,19.979999542236328,19.979999542236328,19.350000381469727,19.43000030517578,13.349853515625,57024
2020-04-29,19.579999923706055,20.40999984741211,19.579999923706055,20.100000381469727,13.81019401550293,148461
2020-04-30,20.87220001220703,20.8799991607666,20.40999984741211,20.799999237060547,14.291147232055664,110335
2020-05-01,20.59000015258789,20.6299991607666,20.0,20.299999237060547,13.947609901428223,23351
2020-05-04,20.049999237060547,20.56999969482422,20.049999237060547,20.139999389648438,13.837678909301758,11981
2020-05-05,20.579500198364258,20.790000915527344,20.3799991607666,20.47599983215332,14.068533897399902,17237
2020-05-06,20.540000915527344,20.782400131225586,20.31220054626465,20.5664005279541,14.130647659301758,10768
2020-05-07,20.739999771118164,21.170000076293945,20.739999771118164,21.0,14.42856216430664,69919
2020-05-08,21.12470054626465,21.389999389648438,21.100000381469727,21.389999389648438,14.69651985168457,10513
2020-05-11,21.549999237060547,21.549999237060547,20.940000534057617,21.139999389648438,14.524750709533691,24370
2020-05-12,21.290000915527344,21.308000564575195,20.989999771118164,21.15999984741211,14.538491249084473,26004
2020-05-13,20.520000457763672,21.15999984741211,20.170000076293945,20.520000457763672,14.098766326904297,43894
2020-05-14,20.049999237060547,20.81999969482422,19.482900619506836,20.65999984741211,14.19495677947998,27658
2020-05-15,20.729999542236328,21.049999237060547,20.520000457763672,20.989999771118164,14.421687126159668,20760
2020-05-18,21.22279930114746,21.389999389648438,21.18000030517578,21.270000457763672,14.61407470703125,17965
2020-05-19,21.26810073852539,21.600000381469727,21.26810073852539,21.5,14.772098541259766,15586
2020-05-20,21.625,21.950000762939453,21.6200008392334,21.770000457763672,14.957608222961426,12346
2020-05-21,21.809999465942383,22.0,21.80190086364746,21.8799991607666,15.033181190490723,9918
2020-05-22,21.700000762939453,21.848600387573242,21.600000381469727,21.700000762939453,14.909510612487793,9325
2020-05-26,22.0,22.0,21.739999771118164,21.850000381469727,15.012571334838867,13555
2020-05-27,21.857999801635742,21.90999984741211,21.610000610351562,21.829999923706055,14.998831748962402,16072
2020-05-28,21.81999969482422,22.0,21.40999984741211,21.690000534057617,14.902643203735352,51311
2020-05-29,21.739999771118164,21.8700008392334,21.670000076293945,21.780000686645508,14.964476585388184,17424
2020-06-01,22.0,22.049999237060547,21.809999465942383,22.049999237060547,15.149989128112793,27325
2020-06-02,22.040000915527344,22.149999618530273,21.889999389648438,22.040000915527344,15.143118858337402,115657
2020-06-03,22.075000762939453,22.530000686645508,22.020000457763672,22.450000762939453,15.424818992614746,159942
2020-06-04,22.579999923706055,22.899999618530273,22.3700008392334,22.760000228881836,15.637812614440918,55116
2020-06-05,23.110000610351562,23.469999313354492,22.940000534057617,23.469999313354492,16.125635147094727,72385
2020-06-08,23.260000228881836,23.950000762939453,23.260000228881836,23.950000762939453,16.455425262451172,40702
2020-06-09,23.5,23.899999618530273,23.280000686645508,23.899999618530273,16.421077728271484,20450
2020-06-10,23.6200008392334,24.020000457763672,23.270000457763672,23.989999771118164,16.482913970947266,41657
2020-06-11,23.25,23.489999771118164,22.620100021362305,23.25,15.974479675292969,48991
2020-06-12,23.690000534057617,23.709999084472656,22.610000610351562,22.670000076293945,15.575973510742188,59396
2020-06-15,22.420000076293945,22.5,22.190000534057617,22.399999618530273,15.390462875366211,31311
2020-06-16,23.489999771118164,23.489999771118164,22.1200008392334,22.389999389648438,15.383593559265137,67692
2020-06-17,22.40999984741211,22.860000610351562,22.40999984741211,22.420000076293945,15.404207229614258,25737
2020-06-18,22.5,22.5,22.222000122070312,22.239999771118164,15.280532836914062,6632
2020-06-19,22.43000030517578,22.950000762939453,22.43000030517578,22.5,15.459177017211914,17489
2020-06-22,22.569400787353516,23.040000915527344,22.569400787353516,22.760000228881836,15.637812614440918,18543
2020-06-23,23.059999465942383,23.200000762939453,22.899999618530273,23.190000534057617,15.93325138092041,19289
2020-06-24,23.260000228881836,23.260000228881836,22.51799964904785,23.040000915527344,15.830193519592285,7860
2020-06-25,23.045000076293945,23.065000534057617,22.920000076293945,23.045000076293945,15.833629608154297,10198
2020-06-26,22.940000534057617,22.940000534057617,22.329999923706055,22.34000015258789,15.34924030303955,11653
2020-06-29,22.979999542236328,22.979999542236328,22.350000381469727,22.549999237060547,15.493525505065918,33832
2020-06-30,22.53499984741211,22.59000015258789,22.43000030517578,22.549999237060547,15.493525505065918,14798
2020-07-01,22.580799102783203,22.799999237060547,22.580799102783203,22.65999984741211,15.569106101989746,7672
2020-07-02,22.700000762939453,22.8700008392334,22.600099563598633,22.6200008392334,15.541621208190918,5124
2020-07-06,22.690000534057617,22.780000686645508,22.600000381469727,22.600000381469727,15.527880668640137,12625
2020-07-07,22.600000381469727,22.65999984741211,22.399999618530273,22.510000228881836,15.466042518615723,10791
2020-07-08,22.609800338745117,22.609800338745117,22.149999618530273,22.25,15.287405014038086,21013
2020-07-09,22.010000228881836,22.010000228881836,21.273700714111328,21.34000015258789,15.00461483001709,28941
2020-07-10,21.329999923706055,21.5,21.09000015258789,21.25,14.941332817077637,26819
2020-07-13,21.18000030517578,21.350000381469727,20.5,20.829999923706055,14.646021842956543,168974
2020-07-14,20.81999969482422,21.0,20.780000686645508,20.790000915527344,14.617898941040039,62679
2020-07-15,21.06999969482422,21.399999618530273,20.790000915527344,21.399999618530273,15.046802520751953,104253
2020-07-16,21.110000610351562,21.68000030517578,21.110000610351562,21.6200008392334,15.201491355895996,11630
2020-07-17,21.46540069580078,21.530000686645508,21.229999542236328,21.5,15.117114067077637,7057
2020-07-20,21.5,21.510000228881836,21.350000381469727,21.450000762939453,15.081957817077637,19361
2020-07-21,21.489999771118164,21.700000762939453,21.489999771118164,21.6200008392334,15.201491355895996,20576
2020-07-22,21.799999237060547,21.850000381469727,21.420000076293945,21.469999313354492,15.096019744873047,12719
2020-07-23,21.510000228881836,21.610000610351562,21.459999084472656,21.520000457763672,15.13117790222168,11107
2020-07-24,21.520000457763672,21.530000686645508,21.420000076293945,21.5,15.117114067077637,4397
2020-07-27,21.690000534057617,21.790000915527344,21.510000228881836,21.614999771118164,15.19797420501709,9150
2020-07-28,21.6200008392334,21.729999542236328,21.399999618530273,21.43000030517578,15.067895889282227,67821
2020-07-29,21.6299991607666,21.790000915527344,21.610000610351562,21.75,15.292892456054688,24494
2020-07-30,21.65999984741211,22.059999465942383,21.600000381469727,21.81999969482422,15.342110633850098,63423
2020-07-31,21.68000030517578,22.049999237060547,21.65999984741211,21.979999542236328,15.454614639282227,35683
2020-08-03,22.440000534057617,22.479999542236328,21.809999465942383,22.0,15.468679428100586,44878
2020-08-04,22.0,22.219999313354492,21.850000381469727,22.079999923706055,15.52492618560791,28793
2020-08-05,21.865800857543945,22.1200008392334,21.865800857543945,22.049999237060547,15.503832817077637,90379
2020-08-06,22.049999237060547,22.18000030517578,21.97800064086914,22.149999618530273,15.574142456054688,11019
2020-08-07,21.90999984741211,22.200000762939453,21.899999618530273,22.190000534057617,15.602265357971191,24843
2020-08-10,22.190000534057617,22.700000762939453,22.190000534057617,22.700000762939453,15.960859298706055,47687
2020-08-11,22.729999542236328,22.950000762939453,22.329999923706055,22.350000381469727,15.714768409729004,60358
2020-08-12,22.420000076293945,22.59000015258789,22.399999618530273,22.59000015258789,15.883522033691406,11994
2020-08-13,22.700000762939453,22.799999237060547,22.450000762939453,22.719999313354492,15.974922180175781,28525
2020-08-14,22.799999237060547,22.799999237060547,22.700000762939453,22.700000762939453,15.960859298706055,7404
2020-08-17,22.8799991607666,22.8799991607666,22.75,22.81999969482422,16.04523277282715,10726
2020-08-18,22.700000762939453,23.1200008392334,22.700000762939453,23.06999969482422,16.22101402282715,28684
2020-08-19,23.139999389648438,23.15999984741211,22.8799991607666,22.969999313354492,16.15070343017578,27629
2020-08-20,22.914199829101562,22.914199829101562,22.809999465942383,22.881000518798828,16.088123321533203,3231
2020-08-21,22.84950065612793,22.93000030517578,22.780000686645508,22.899999618530273,16.101482391357422,13181
2020-08-24,22.899999618530273,22.90999984741211,22.709999084472656,22.8799991607666,16.087421417236328,16572
2020-08-25,22.799999237060547,22.899999618530273,22.799999237060547,22.899999618530273,16.101482391357422,8081
2020-08-26,22.85409927368164,22.899999618530273,22.75,22.899999618530273,16.101482391357422,17902
2020-08-27,22.81999969482422,22.979999542236328,22.81999969482422,22.90999984741211,16.1085147857666,12761
2020-08-28,22.905000686645508,22.979999542236328,22.84000015258789,22.920000076293945,16.115549087524414,2349
2020-08-31,23.049999237060547,23.049999237060547,22.770200729370117,22.920000076293945,16.115549087524414,10252
2020-09-01,22.899999618530273,22.899999618530273,22.719999313354492,22.75,15.996018409729004,17505
2020-09-02,22.709999084472656,22.709999084472656,22.229999542236328,22.6200008392334,15.904609680175781,11765
2020-09-03,22.770000457763672,22.799999237060547,22.299999237060547,22.360000610351562,15.721799850463867,14275
2020-09-04,22.462299346923828,22.462299346923828,22.100000381469727,22.149999618530273,15.574142456054688,51287
2020-09-08,21.899999618530273,22.41360092163086,21.899999618530273,22.037399291992188,15.494972229003906,57471
2020-09-09,22.358600616455078,22.358600616455078,22.049999237060547,22.049999237060547,15.503832817077637,18793
2020-09-10,22.06999969482422,22.15999984741211,22.020000457763672,22.079999923706055,15.52492618560791,34365
2020-09-11,22.110000610351562,22.264999389648438,22.030000686645508,22.07990074157715,15.52485466003418,18707
2020-09-14,22.135000228881836,22.200000762939453,22.020000457763672,22.049999237060547,15.503832817077637,4806
2020-09-15,22.200000762939453,22.219999313354492,22.139999389648438,22.170000076293945,15.588205337524414,6051
2020-09-16,22.200000762939453,22.40999984741211,22.151500701904297,22.190000534057617,15.602265357971191,30867
2020-09-17,22.1299991607666,22.149999618530273,21.959999084472656,22.0,15.468679428100586,24220
2020-09-18,22.29509925842285,22.349899291992188,21.93000030517578,22.079999923706055,15.52492618560791,18449
2020-09-21,22.049999237060547,22.049999237060547,21.649999618530273,21.68000030517578,15.243677139282227,34155
2020-09-22,21.770000457763672,22.04990005493164,21.674999237060547,21.920000076293945,15.412425994873047,25575
2020-09-23,21.9591007232666,22.14699935913086,21.70400047302246,21.709999084472656,15.264768600463867,32270
2020-09-24,21.61639976501465,21.693899154663086,21.450000762939453,21.579999923706055,15.173362731933594,10887
2020-09-25,22.049999237060547,22.049999237060547,21.777999877929688,21.90999984741211,15.405396461486816,10131
2020-09-28,22.239999771118164,22.239999771118164,22.049999237060547,22.149999618530273,15.574142456054688,16483
2020-09-29,22.09000015258789,22.1200008392334,22.0,22.110000610351562,15.54601764678955,7489
2020-09-30,22.05500030517578,22.1200008392334,21.90999984741211,22.0,15.468679428100586,26006
2020-10-01,22.059999465942383,22.239999771118164,22.010000228881836,22.149999618530273,15.574142456054688,16730
2020-10-02,22.1299991607666,22.149999618530273,21.979999542236328,22.09000015258789,15.531953811645508,23040
2020-10-05,22.030000686645508,22.35099983215332,22.030000686645508,22.165000915527344,15.584688186645508,23402
2020-10-06,22.38990020751953,22.399999618530273,22.235200881958008,22.280000686645508,15.665549278259277,17498
2020-10-07,22.329999923706055,22.405000686645508,22.292400360107422,22.299999237060547,15.679611206054688,8520
2020-10-08,21.899999618530273,22.0,21.81999969482422,21.940000534057617,15.785964965820312,17790
2020-10-09,22.0,22.09000015258789,21.864200592041016,22.030000686645508,15.850720405578613,12581
2020-10-12,21.923999786376953,21.959999084472656,21.893400192260742,21.899999618530273,15.757181167602539,8941
2020-10-13,21.8799991607666,22.0,21.8799991607666,21.93000030517578,15.778768539428711,3836
2020-10-14,21.920000076293945,22.0,21.75,22.0,15.829136848449707,22432
2020-10-15,21.739999771118164,22.149999618530273,21.739999771118164,22.09000015258789,15.893889427185059,8046
2020-10-16,22.18000030517578,22.18000030517578,22.0,22.024999618530273,15.847121238708496,5779
2020-10-19,22.0,22.1200008392334,22.0,22.1200008392334,15.915471076965332,14681
2020-10-20,21.93000030517578,22.15999984741211,21.93000030517578,22.110000610351562,15.908280372619629,12811
2020-10-21,22.020000457763672,22.049999237060547,22.0,22.040000915527344,15.85791301727295,10844
2020-10-22,22.09000015258789,22.1200008392334,22.0,22.1200008392334,15.915471076965332,13168
2020-10-23,22.140100479125977,22.170000076293945,22.068899154663086,22.170000076293945,15.951451301574707,7301
2020-10-26,22.075000762939453,22.149999618530273,21.989999771118164,22.036399841308594,15.855321884155273,4902
2020-10-27,22.1200008392334,22.1299991607666,21.990100860595703,22.09000015258789,15.893889427185059,30937
2020-10-28,21.989999771118164,21.989999771118164,21.84000015258789,21.850000381469727,15.721206665039062,14173
2020-10-29,21.81999969482422,21.90999984741211,21.809999465942383,21.8351993560791,15.710558891296387,6200
2020-10-30,21.700000762939453,21.719999313354492,21.6200008392334,21.700000762939453,15.613283157348633,9436
2020-11-02,21.700000762939453,21.860000610351562,21.6697998046875,21.770000457763672,15.663647651672363,16856
2020-11-03,21.8799991607666,22.020000457763672,21.8799991607666,21.959999084472656,15.800349235534668,6669
2020-11-04,22.17009925842285,22.690000534057617,22.17009925842285,22.5,16.188886642456055,17389
2020-11-05,22.59000015258789,22.799999237060547,22.43000030517578,22.530000686645508,16.21047019958496,29377
2020-11-06,22.530000686645508,22.579999923706055,22.27869987487793,22.360000610351562,16.08815574645996,9660
2020-11-09,22.68000030517578,23.274999618530273,22.610000610351562,22.950000762939453,16.512662887573242,31411
2020-11-10,22.950000762939453,22.950000762939453,22.7810001373291,22.8799991607666,16.462297439575195,61691
2020-11-11,22.9950008392334,23.170000076293945,22.899999618530273,23.09000015258789,16.613391876220703,16003
2020-11-12,23.010000228881836,23.219999313354492,22.700000762939453,22.729999542236328,16.3543701171875,14007
2020-11-13,23.049999237060547,23.229999542236328,23.03499984741211,23.13010025024414,16.64224624633789,7326
2020-11-16,23.190000534057617,23.549999237060547,23.190000534057617,23.450000762939453,16.872417449951172,16755
2020-11-17,23.5,23.764999389648438,23.5,23.5,16.90839385986328,20302
2020-11-18,23.360000610351562,23.75,23.360000610351562,23.649999618530273,17.016319274902344,35540
2020-11-19,23.690000534057617,23.760000228881836,23.530000686645508,23.719999313354492,17.066682815551758,16761
2020-11-20,23.530000686645508,23.670000076293945,23.530000686645508,23.6200008392334,16.994731903076172,2632
2020-11-23,23.760000228881836,24.027999877929688,23.760000228881836,23.899999618530273,17.19619369506836,18387
2020-11-24,23.899999618530273,24.229999542236328,23.883399963378906,24.133499145507812,17.364198684692383,20857
2020-11-25,24.299999237060547,24.31999969482422,24.127500534057617,24.239999771118164,17.440826416015625,5697
2020-11-27,24.239999771118164,24.239999771118164,23.997499465942383,24.020000457763672,17.282535552978516,12109
2020-11-30,24.09000015258789,24.219999313354492,23.979999542236328,24.219999313354492,17.426435470581055,16158
2020-12-01,24.200000762939453,24.559999465942383,24.200000762939453,24.520000457763672,17.642290115356445,11523
2020-12-02,24.479999542236328,24.520000457763672,24.280000686645508,24.3439998626709,17.515655517578125,9473
2020-12-03,24.16010093688965,24.389999389648438,24.16010093688965,24.325000762939453,17.50198745727539,10673
2020-12-04,24.309999465942383,24.579999923706055,24.239999771118164,24.5,17.627899169921875,6513
2020-12-07,24.5,24.5,24.32859992980957,24.32859992980957,17.504573822021484,6097
2020-12-08,24.549999237060547,24.700000762939453,24.450000762939453,24.639999389648438,17.728626251220703,6100
2020-12-09,24.424999237060547,24.700000762939453,24.424999237060547,24.700000762939453,17.771799087524414,5264
2020-12-10,24.603700637817383,24.610000610351562,24.510000228881836,24.510000228881836,17.635093688964844,818
2020-12-11,24.549999237060547,24.662200927734375,24.510000228881836,24.530000686645508,17.64948081970215,6336
2020-12-14,24.530000686645508,24.799999237060547,24.530000686645508,24.770000457763672,17.822162628173828,8201
2020-12-15,24.739999771118164,24.899999618530273,24.739999771118164,24.878599166870117,17.90030288696289,18016
2020-12-16,24.899999618530273,25.0,24.899599075317383,24.950000762939453,17.951675415039062,10257
2020-12-17,24.989999771118164,25.200000762939453,24.889999389648438,25.1200008392334,18.073993682861328,12440
2020-12-18,25.1825008392334,25.277000427246094,25.08139991760254,25.08139991760254,18.046218872070312,7205
2020-12-21,25.020000457763672,25.170000076293945,24.93720054626465,25.079999923706055,18.045209884643555,3608
2020-12-22,25.149999618530273,25.15999984741211,24.709999084472656,24.760000228881836,17.814970016479492,22595
2020-12-23,24.770000457763672,25.0,24.760000228881836,24.799999237060547,17.843748092651367,31517
2020-12-24,25.139999389648438,25.219999313354492,24.850000381469727,25.170000076293945,18.109966278076172,9153
2020-12-28,25.25,25.25,25.049999237060547,25.049999237060547,18.023622512817383,14531
2020-12-29,25.180999755859375,25.190000534057617,24.739999771118164,24.850000381469727,17.879724502563477,23663
2020-12-30,24.83989906311035,25.059999465942383,24.610000610351562,24.8700008392334,17.89411735534668,15036
2020-12-31,24.68000030517578,25.03019905090332,24.68000030517578,24.899999618530273,17.915699005126953,13594
2021-01-04,24.899999618530273,25.229999542236328,24.760000228881836,24.760000228881836,17.814970016479492,3960
2021-01-05,25.389999389648438,25.389999389648438,24.85919952392578,25.18000030517578,18.11716079711914,25327
2021-01-06,25.100000381469727,25.209999084472656,25.075000762939453,25.1200008392334,18.073993682861328,17689
2021-01-07,25.150999069213867,25.229999542236328,25.049999237060547,25.110000610351562,18.066797256469727,20453
2021-01-08,25.25,25.25,24.88800048828125,24.940000534057617,17.944477081298828,33283
2021-01-11,24.6200008392334,24.6200008392334,24.299999237060547,24.360000610351562,17.89145851135254,23581
2021-01-12,24.399999618530273,24.510000228881836,24.219999313354492,24.280000686645508,17.832700729370117,35669
2021-01-13,24.299999237060547,24.6200008392334,24.280000686645508,24.309999465942383,17.854734420776367,11509
2021-01-14,24.280000686645508,24.469999313354492,24.190000534057617,24.229999542236328,17.795978546142578,49312
2021-01-15,24.280000686645508,24.420000076293945,24.25,24.25,17.810670852661133,51253
2021-01-19,24.149999618530273,24.575000762939453,24.149999618530273,24.329999923706055,17.869426727294922,33436
2021-01-20,24.399999618530273,24.709999084472656,24.329999923706055,24.625,18.086090087890625,31105
2021-01-21,24.549999237060547,24.659900665283203,24.420000076293945,24.489999771118164,17.9869384765625,36684
2021-01-22,24.520000457763672,24.8799991607666,24.520000457763672,24.73979949951172,18.1704044342041,33821
2021-01-25,24.940000534057617,24.940000534057617,24.573400497436523,24.75,18.177900314331055,42434
2021-01-26,24.75,24.819799423217773,24.6299991607666,24.6299991607666,18.089765548706055,8775
2021-01-27,24.770000457763672,24.940000534057617,24.350000381469727,24.350000381469727,17.884117126464844,21270
2021-01-28,24.549999237060547,24.81999969482422,24.510000228881836,24.59000015258789,18.060382843017578,17061
2021-01-29,24.850000381469727,24.850000381469727,24.3700008392334,24.559999465942383,18.03835105895996,21900
2021-02-01,24.524499893188477,24.610000610351562,24.329999923706055,24.350000381469727,17.884117126464844,13200
2021-02-02,24.46660041809082,24.739999771118164,24.399999618530273,24.739999771118164,18.170555114746094,9583
2021-02-03,24.709999084472656,24.799999237060547,24.625,24.690000534057617,18.133831024169922,20876
2021-02-04,24.75,24.979999542236328,24.700000762939453,24.809999465942383,18.221967697143555,15008
2021-02-05,25.010000228881836,25.729000091552734,25.010000228881836,25.510000228881836,18.736087799072266,68765
2021-02-08,25.3700008392334,25.510000228881836,25.329999923706055,25.40999984741211,18.662641525268555,17504
2021-02-09,25.350000381469727,25.360000610351562,25.299999237060547,25.329999923706055,18.6038875579834,20303
2021-02-10,25.360000610351562,25.40999984741211,25.280000686645508,25.329999923706055,18.6038875579834,50388
2021-02-11,25.299999237060547,25.339599609375,25.100000381469727,25.200000762939453,18.508403778076172,15024
2021-02-12,25.21500015258789,25.309999465942383,25.1299991607666,25.219999313354492,18.523094177246094,15467
2021-02-16,25.219999313354492,25.389999389648438,25.219999313354492,25.389999389648438,18.647951126098633,7134
2021-02-17,25.420000076293945,25.59000015258789,25.200000762939453,25.229999542236328,18.530437469482422,42829
2021-02-18,25.239999771118164,25.325000762939453,25.15999984741211,25.325000762939453,18.60021209716797,20915
2021-02-19,25.299999237060547,25.5,25.299999237060547,25.450000762939453,18.6920223236084,10248
2021-02-22,25.5,25.5,25.32670021057129,25.34000015258789,18.611230850219727,12949
2021-02-23,25.329999923706055,25.479999542236328,25.309999465942383,25.479999542236328,18.714054107666016,5529
2021-02-24,25.399999618530273,25.399999618530273,25.309999465942383,25.309999465942383,18.589195251464844,12168
2021-02-25,25.329999923706055,25.399999618530273,25.299999237060547,25.309999465942383,18.589195251464844,7817
2021-02-26,25.309999465942383,25.469999313354492,25.190000534057617,25.469999313354492,18.706707000732422,19822
2021-03-01,25.37019920349121,25.485000610351562,25.329999923706055,25.34000015258789,18.611230850219727,6758
2021-03-02,25.399999618530273,25.399999618530273,25.290000915527344,25.299999237060547,18.581851959228516,18693
2021-03-03,25.291000366210938,25.496700286865234,25.291000366210938,25.299999237060547,18.581851959228516,8678
2021-03-04,25.479999542236328,25.479999542236328,25.280000686645508,25.280000686645508,18.56715965270996,5105
2021-03-05,25.315000534057617,25.462099075317383,25.312000274658203,25.459999084472656,18.699365615844727,7527
2021-03-08,25.375,25.434999465942383,25.360000610351562,25.43000030517578,18.67732810974121,13177
2021-03-09,25.399999618530273,25.469999313354492,25.3700008392334,25.450000762939453,18.6920223236084,15888
2021-03-10,25.510000228881836,25.59000015258789,25.469999313354492,25.579999923706055,18.78750228881836,10583
2021-03-11,25.59000015258789,25.639999389648438,25.549999237060547,25.639999389648438,18.831567764282227,4431
2021-03-12,25.540000915527344,25.670000076293945,25.489999771118164,25.5,18.72874641418457,16686
2021-03-15,25.5,25.639999389648438,25.18000030517578,25.559999465942383,18.772811889648438,19295
2021-03-16,25.510000228881836,26.180999755859375,25.510000228881836,26.049999237060547,19.1326961517334,8339
2021-03-17,26.0049991607666,26.1299991607666,25.920000076293945,26.05500030517578,19.136371612548828,6624
2021-03-18,26.0,26.040000915527344,25.760000228881836,25.959999084472656,19.06659507751465,6893
2021-03-19,25.729999542236328,26.049999237060547,25.729999542236328,26.049999237060547,19.1326961517334,6879
2021-03-22,26.010000228881836,26.010000228881836,25.84000015258789,25.850000381469727,18.985807418823242,9261
2021-03-23,26.030000686645508,26.030000686645508,25.885000228881836,25.885000228881836,19.011510848999023,2797
2021-03-24,26.0,26.06999969482422,26.0,26.06999969482422,19.147384643554688,4208
2021-03-25,26.030000686645508,26.030099868774414,25.915000915527344,25.996999740600586,19.09377098083496,12309
2021-03-26,25.989999771118164,26.020000457763672,25.969999313354492,25.979999542236328,19.081283569335938,7198
2021-03-29,25.979999542236328,26.04990005493164,25.979999542236328,25.98509979248047,19.085033416748047,4082
2021-03-30,25.920000076293945,26.18000030517578,25.920000076293945,26.1299991607666,19.191455841064453,8319
2021-03-31,26.149999618530273,26.440000534057617,26.149999618530273,26.440000534057617,19.419139862060547,7641
2021-04-01,26.274999618530273,26.709999084472656,26.274999618530273,26.44070053100586,19.41965103149414,12146
2021-04-05,26.579999923706055,26.700000762939453,26.350000381469727,26.610000610351562,19.543994903564453,11191
2021-04-06,26.690000534057617,26.69499969482422,26.549999237060547,26.649999618530273,19.573373794555664,10162
2021-04-07,26.610000610351562,26.84000015258789,26.610000610351562,26.700000762939453,19.610097885131836,6380
2021-04-08,26.780000686645508,26.79990005493164,26.500099182128906,26.609899520874023,19.543920516967773,10165
2021-04-09,26.280000686645508,26.34000015258789,26.110000610351562,26.239999771118164,19.647180557250977,13341
2021-04-12,26.139999389648438,26.299999237060547,26.049999237060547,26.149999618530273,19.579788208007812,12019
2021-04-13,26.1200008392334,26.25,26.020000457763672,26.149999618530273,19.579788208007812,9778
2021-04-14,26.084999084472656,26.084999084472656,25.989999771118164,26.04199981689453,19.498926162719727,2131
2021-04-15,25.94499969482422,26.1200008392334,25.920000076293945,26.1200008392334,19.55733299255371,12395
2021-04-16,26.062700271606445,26.100000381469727,25.889999389648438,26.049999237060547,19.504920959472656,8902
2021-04-19,25.97010040283203,26.1200008392334,25.93000030517578,25.989999771118164,19.45999526977539,10000
2021-04-20,25.860000610351562,25.985700607299805,25.790000915527344,25.790000915527344,19.31024742126465,12539
2021-04-21,25.780000686645508,26.270000457763672,25.780000686645508,26.0,19.467485427856445,13731
2021-04-22,26.0,26.200000762939453,26.0,26.086999893188477,19.532623291015625,9719
2021-04-23,26.260000228881836,26.260000228881836,26.150100708007812,26.150100708007812,19.579870223999023,1489
2021-04-26,26.290000915527344,26.309999465942383,26.184999465942383,26.25,19.65467071533203,3977
2021-04-27,26.25,26.25,26.124099731445312,26.200000762939453,19.617231369018555,7834
2021-04-28,26.159000396728516,26.25,26.1200008392334,26.25,19.65467071533203,7080
2021-04-29,26.25,26.25,26.1200008392334,26.184999465942383,19.605998992919922,8612
2021-04-30,26.190000534057617,26.25,26.040000915527344,26.25,19.65467071533203,13826
2021-05-03,26.149999618530273,26.200000762939453,26.0,26.100000381469727,19.5423583984375,20214
2021-05-04,26.0,26.14550018310547,26.0,26.030000686645508,19.489946365356445,9912
2021-05-05,25.950000762939453,26.139999389648438,25.889999389648438,26.139999389648438,19.572307586669922,6774
2021-05-06,26.049999237060547,26.049999237060547,25.889999389648438,25.969999313354492,19.44502067565918,8404
2021-05-07,25.959999084472656,26.09000015258789,25.799999237060547,25.799999237060547,19.317731857299805,22606
2021-05-10,25.920000076293945,25.920000076293945,25.75,25.850000381469727,19.35516929626465,12076
2021-05-11,25.784000396728516,25.799999237060547,25.600000381469727,25.790000915527344,19.31024742126465,10624
2021-05-12,25.739999771118164,25.850000381469727,25.510000228881836,25.520000457763672,19.108081817626953,21764
2021-05-13,25.559999465942383,25.801000595092773,25.530000686645508,25.530000686645508,19.115571975708008,9970
2021-05-14,25.690000534057617,25.90999984741211,25.690000534057617,25.760000228881836,19.287782669067383,14974
2021-05-17,25.760000228881836,25.8700008392334,25.760000228881836,25.790000915527344,19.31024742126465,5900
2021-05-18,25.780000686645508,25.889999389648438,25.677000045776367,25.889999389648438,19.385122299194336,11251
2021-05-19,25.800100326538086,25.850000381469727,25.649999618530273,25.719999313354492,19.257829666137695,52088
2021-05-20,25.843700408935547,25.969999313354492,25.746999740600586,25.84000015258789,19.347681045532227,9858
2021-05-21,25.90999984741211,25.979999542236328,25.799999237060547,25.875,19.37388801574707,10966
2021-05-24,25.93000030517578,26.0,25.889999389648438,25.889999389648438,19.385122299194336,6138
2021-05-25,25.940000534057617,25.950000762939453,25.8799991607666,25.950000762939453,19.430051803588867,3647
2021-05-26,25.907800674438477,25.950000762939453,25.907800674438477,25.950000762939453,19.430051803588867,3279
2021-05-27,25.97010040283203,25.989999771118164,25.950000762939453,25.950000762939453,19.430051803588867,1096
2021-05-28,25.989900588989258,26.239999771118164,25.989900588989258,26.239999771118164,19.647180557250977,12062
2021-06-01,26.239999771118164,26.239999771118164,25.950000762939453,26.020000457763672,19.482458114624023,7447
2021-06-02,26.190000534057617,26.459999084472656,26.190000534057617,26.430999755859375,19.790191650390625,20293
2021-06-03,26.43000030517578,26.451200485229492,26.15999984741211,26.33099937438965,19.715320587158203,2692
2021-06-04,26.299999237060547,26.482799530029297,26.299999237060547,26.399900436401367,19.766908645629883,2159
2021-06-07,26.399999618530273,26.399999618530273,26.301000595092773,26.329999923706055,19.714569091796875,183976
2021-06-08,26.360000610351562,26.389999389648438,26.299999237060547,26.3799991607666,19.75200843811035,5696
2021-06-09,26.389999389648438,26.47369956970215,26.389999389648438,26.409900665283203,19.774394989013672,6584
2021-06-10,26.469999313354492,26.469999313354492,26.350000381469727,26.350000381469727,19.729543685913086,1342
2021-06-11,26.479999542236328,26.5,26.360000610351562,26.360000610351562,19.737031936645508,7584
2021-06-14,26.469999313354492,26.5,26.360000610351562,26.5,19.841854095458984,5205
2021-06-15,26.34000015258789,26.350000381469727,26.329999923706055,26.350000381469727,19.729543685913086,910
2021-06-16,26.40999984741211,26.40999984741211,26.360000610351562,26.370500564575195,19.744895935058594,2878
2021-06-17,26.469999313354492,26.489999771118164,26.360000610351562,26.3799991607666,19.75200843811035,14868
2021-06-18,26.5,26.5,26.350000381469727,26.5,19.841854095458984,14158
2021-06-21,26.440000534057617,26.49139976501465,26.440000534057617,26.450000762939453,19.804420471191406,6502
2021-06-22,26.489999771118164,26.592199325561523,26.489999771118164,26.549999237060547,19.87929344177246,16573
2021-06-23,26.600000381469727,26.670000076293945,26.530000686645508,26.59000015258789,19.90924644470215,15876
2021-06-24,26.670000076293945,26.670000076293945,26.549999237060547,26.549999237060547,19.87929344177246,3726
2021-06-25,26.670000076293945,26.670000076293945,26.6299991607666,26.6299991607666,19.939191818237305,5403
2021-06-28,26.690000534057617,26.739999771118164,26.652599334716797,26.725000381469727,20.010324478149414,8445
2021-06-29,26.70039939880371,26.829999923706055,26.70039939880371,26.829999923706055,20.08894157409668,18888
2021-06-30,26.770000457763672,26.829999923706055,26.549999237060547,26.549999237060547,19.87929344177246,30356
2021-07-01,26.700000762939453,26.799999237060547,26.690000534057617,26.799999237060547,20.066478729248047,2725
2021-07-02,26.829999923706055,26.90999984741211,26.770000457763672,26.889999389648438,20.133867263793945,9530
2021-07-06,26.899999618530273,26.950000762939453,26.860000610351562,26.950000762939453,20.17879295349121,15888
2021-07-07,26.950000762939453,27.100000381469727,26.850000381469727,27.06999969482422,20.26864242553711,15331
2021-07-08,26.920000076293945,27.079999923706055,26.899999618530273,26.9950008392334,20.212486267089844,5415
2021-07-09,26.5,26.641000747680664,26.426000595092773,26.5,20.22226333618164,15614
2021-07-12,26.43000030517578,26.5,26.43000030517578,26.5,20.22226333618164,714
2021-07-13,26.5,26.6200008392334,26.200000762939453,26.489999771118164,20.21463394165039,40199
2021-07-14,26.329999923706055,26.5,26.306800842285156,26.400100708007812,20.14603042602539,9079
2021-07-15,26.299999237060547,26.524499893188477,26.2549991607666,26.40999984741211,20.153583526611328,12895
2021-07-16,26.59000015258789,26.59000015258789,26.299999237060547,26.299999237060547,20.06964111328125,3505
2021-07-19,26.385000228881836,26.479999542236328,26.186199188232422,26.190000534057617,19.985700607299805,13006
2021-07-20,26.309999465942383,26.43779945373535,26.309999465942383,26.389999389648438,20.138324737548828,1788
2021-07-21,26.280000686645508,26.410499572753906,26.280000686645508,26.350000381469727,20.107799530029297,1766
2021-07-22,26.479999542236328,26.479999542236328,26.309999465942383,26.309999465942383,20.077272415161133,1934
2021-07-23,26.579999923706055,26.579999923706055,26.469999313354492,26.469999313354492,20.199371337890625,1317
2021-07-26,26.371000289916992,26.552099227905273,26.309999465942383,26.510000228881836,20.229894638061523,4278
2021-07-27,26.469999313354492,26.519899368286133,26.3700008392334,26.420000076293945,20.161218643188477,1973
2021-07-28,26.468799591064453,26.468799591064453,26.33799934387207,26.389999389648438,20.138324737548828,3703
2021-07-29,26.348499298095703,26.420000076293945,26.34000015258789,26.420000076293945,20.161218643188477,2703
2021-07-30,26.459999084472656,26.520000457763672,26.440000534057617,26.520000457763672,20.23752784729004,3323
2021-08-02,26.520000457763672,26.649999618530273,26.419099807739258,26.649999618530273,20.336729049682617,6812
2021-08-03,26.6299991607666,26.65999984741211,26.520000457763672,26.65999984741211,20.344358444213867,4594
2021-08-04,26.600000381469727,26.635000228881836,26.600000381469727,26.631000518798828,20.322233200073242,2968
2021-08-05,26.600099563598633,26.680999755859375,26.47010040283203,26.65999984741211,20.344358444213867,4040
2021-08-06,26.530000686645508,26.713300704956055,26.530000686645508,26.709999084472656,20.38251304626465,4990
2021-08-09,26.75,26.75,26.540000915527344,26.56999969482422,20.275680541992188,3572
2021-08-10,26.459999084472656,26.5,26.399900436401367,26.5,20.22226333618164,1582
2021-08-11,26.5,26.700000762939453,26.5,26.65999984741211,20.344358444213867,1476
2021-08-12,26.56999969482422,26.75,26.56999969482422,26.700000762939453,20.37488555908203,8057
2021-08-13,26.75,26.75,26.649999618530273,26.700000762939453,20.37488555908203,1430
2021-08-16,26.559999465942383,26.770000457763672,26.559999465942383,26.700000762939453,20.37488555908203,8349
2021-08-17,26.500099182128906,26.799999237060547,26.500099182128906,26.70949935913086,20.382131576538086,2371
2021-08-18,26.799999237060547,26.799999237060547,26.504600524902344,26.65999984741211,20.344358444213867,3141
2021-08-19,26.649999618530273,26.717899322509766,26.510000228881836,26.600000381469727,20.29857635498047,4549
2021-08-20,26.628999710083008,26.719999313354492,26.628999710083008,26.719999313354492,20.390146255493164,4299
2021-08-23,26.610000610351562,26.805599212646484,26.610000610351562,26.742399215698242,20.40723991394043,6816
2021-08-24,26.6299991607666,26.790000915527344,26.450000762939453,26.790000915527344,20.443565368652344,4397
2021-08-25,26.700000762939453,26.82699966430664,26.549999237060547,26.690000534057617,20.36725425720215,5806
2021-08-26,26.84000015258789,26.84000015258789,26.469999313354492,26.5,20.22226333618164,23608
2021-08-27,26.59000015258789,26.700000762939453,26.500099182128906,26.700000762939453,20.37488555908203,2745
2021-08-30,26.8799991607666,26.8799991607666,26.649999618530273,26.770000457763672,20.428306579589844,3027
2021-08-31,26.650100708007812,26.860000610351562,26.649999618530273,26.860000610351562,20.496984481811523,5413
2021-09-01,26.700000762939453,26.889999389648438,26.700000762939453,26.75,20.41303825378418,4285
2021-09-02,26.959999084472656,26.959999084472656,26.719999313354492,26.8799991607666,20.512243270874023,2550
2021-09-03,26.889999389648438,26.889999389648438,26.649999618530273,26.770000457763672,20.428306579589844,5318
2021-09-07,26.667600631713867,26.780000686645508,26.667600631713867,26.700000762939453,20.37488555908203,2582
2021-09-08,26.610000610351562,26.75,26.489999771118164,26.510000228881836,20.229894638061523,6331
2021-09-09,26.6200008392334,26.787200927734375,26.559999465942383,26.587600708007812,20.289112091064453,3081
2021-09-10,26.59000015258789,26.610000610351562,26.489999771118164,26.5,20.22226333618164,6080
2021-09-13,26.549999237060547,26.649999618530273,26.530000686645508,26.600000381469727,20.29857635498047,9075
2021-09-14,26.649999618530273,26.649999618530273,26.549999237060547,26.549999237060547,20.26041603088379,1858
2021-09-15,26.510000228881836,26.629899978637695,26.489500045776367,26.530000686645508,20.24515724182129,3339
2021-09-16,26.5,26.739999771118164,26.5,26.739999771118164,20.40540885925293,7551
2021-09-17,26.739999771118164,26.840099334716797,26.739999771118164,26.790000915527344,20.443565368652344,1385
2021-09-20,26.729999542236328,26.729999542236328,26.520000457763672,26.59000015258789,20.290945053100586,6068
2021-09-21,26.647300720214844,26.70989990234375,26.6200008392334,26.6200008392334,20.31383514404297,2095
2021-09-22,26.59000015258789,26.899999618530273,26.59000015258789,26.799999237060547,20.451194763183594,7014
2021-09-23,26.670000076293945,26.78890037536621,26.670000076293945,26.780000686645508,20.435930252075195,2982
2021-09-24,26.729999542236328,26.797399520874023,26.540000915527344,26.797399520874023,20.44921112060547,1829
2021-09-27,26.700000762939453,26.829999923706055,26.690000534057617,26.700000762939453,20.37488555908203,6207
2021-09-28,26.649999618530273,26.76259994506836,26.549999237060547,26.55500030517578,20.264236450195312,14682
2021-09-29,26.75,26.774999618530273,26.610000610351562,26.774999618530273,20.432119369506836,6471
2021-09-30,26.790000915527344,26.940000534057617,26.647300720214844,26.940000534057617,20.558029174804688,4869
2021-10-01,26.81399917602539,26.918699264526367,26.700000762939453,26.89189910888672,20.521324157714844,4601
2021-10-04,26.75,26.780000686645508,26.670000076293945,26.670000076293945,20.35199546813965,7396
2021-10-05,26.670000076293945,26.795000076293945,26.670000076293945,26.700000762939453,20.37488555908203,6538
2021-10-06,26.65999984741211,26.912399291992188,26.65999984741211,26.912399291992188,20.536968231201172,5847
2021-10-07,26.763700485229492,26.844999313354492,26.75200080871582,26.84000015258789,20.481718063354492,4600
2021-10-08,26.75,26.900999069213867,26.75,26.860000610351562,20.496984481811523,6102
2021-10-11,26.790000915527344,26.950000762939453,26.790000915527344,26.950000762939453,20.565658569335938,2615
2021-10-12,26.399999618530273,26.5,26.190000534057617,26.239999771118164,20.40840721130371,7305
2021-10-13,26.219999313354492,26.299999237060547,26.209999084472656,26.239999771118164,20.40840721130371,15648
2021-10-14,26.280000686645508,26.34000015258789,26.229999542236328,26.229999542236328,20.4006290435791,12533
2021-10-15,26.229999542236328,26.479999542236328,26.22010040283203,26.229999542236328,20.4006290435791,19313
2021-10-18,26.219999313354492,26.350000381469727,26.200000762939453,26.239999771118164,20.40840721130371,13919
2021-10-19,26.225000381469727,26.329999923706055,26.225000381469727,26.290000915527344,20.44729232788086,5534
2021-10-20,26.325000762939453,26.350000381469727,26.219999313354492,26.299999237060547,20.45507049560547,3808
2021-10-21,26.350000381469727,26.359399795532227,26.299999237060547,26.329999923706055,20.47840690612793,901
2021-10-22,26.315000534057617,26.34000015258789,26.239599227905273,26.25,20.416183471679688,4845
2021-10-25,26.34000015258789,26.34000015258789,26.285900115966797,26.31999969482422,20.470626831054688,3948
2021-10-26,26.299999237060547,26.399999618530273,26.299999237060547,26.3799991607666,20.51729393005371,11974
2021-10-27,26.489999771118164,26.489999771118164,26.3700008392334,26.3700008392334,20.5095157623291,3232
2021-10-28,26.36009979248047,26.43000030517578,26.354999542236328,26.389999389648438,20.525068283081055,8635
2021-10-29,26.389999389648438,26.459999084472656,26.389999389648438,26.459999084472656,20.579511642456055,9468
2021-11-01,26.420000076293945,26.479999542236328,26.360000610351562,26.479999542236328,20.595067977905273,12331
2021-11-02,26.459999084472656,26.489999771118164,26.450000762939453,26.469999313354492,20.587291717529297,7439
2021-11-03,26.44499969482422,26.469999313354492,26.430999755859375,26.469999313354492,20.587291717529297,3583
2021-11-04,26.3799991607666,26.600000381469727,26.3799991607666,26.479999542236328,20.595067977905273,14528
2021-11-05,26.540000915527344,26.63990020751953,26.527999877929688,26.559999465942383,20.65728759765625,8442
2021-11-08,26.829999923706055,26.829999923706055,26.479999542236328,26.479999542236328,20.595067977905273,5497
2021-11-09,26.5,26.5039005279541,26.40999984741211,26.459999084472656,20.579511642456055,5911
2021-11-10,26.49049949645996,26.507999420166016,26.355499267578125,26.37540054321289,20.513715744018555,10962
2021-11-11,26.399999618530273,26.420000076293945,26.25,26.260000228881836,20.423959732055664,17675
2021-11-12,26.270000457763672,26.31999969482422,26.270000457763672,26.290000915527344,20.44729232788086,11616
2021-11-15,26.290000915527344,26.40130043029785,26.290000915527344,26.329999923706055,20.47840690612793,12168
2021-11-16,26.389999389648438,26.469999313354492,26.329999923706055,26.329999923706055,20.47840690612793,2797
2021-11-17,26.319799423217773,26.40999984741211,26.309999465942383,26.360000610351562,20.501737594604492,5332
2021-11-18,26.34000015258789,26.40999984741211,26.309999465942383,26.3700008392334,20.5095157623291,10334
2021-11-19,26.309999465942383,26.41990089416504,26.309999465942383,26.41990089416504,20.54832649230957,2624
2021-11-22,26.389999389648438,26.43000030517578,26.3799991607666,26.3799991607666,20.51729393005371,2692
2021-11-23,26.3799991607666,26.3799991607666,26.059999465942383,26.079999923706055,20.283964157104492,17890
2021-11-24,26.229999542236328,26.229999542236328,26.1200008392334,26.21969985961914,20.39261817932129,4383
2021-11-26,26.219999313354492,26.260000228881836,26.079999923706055,26.229999542236328,20.4006290435791,4950
2021-11-29,26.209999084472656,26.400999069213867,26.209999084472656,26.3799991607666,20.51729393005371,2472
2021-11-30,26.399999618530273,26.469999313354492,26.23270034790039,26.469999313354492,20.587291717529297,18031
2021-12-01,26.469999313354492,26.469999313354492,26.329999923706055,26.329999923706055,20.47840690612793,7183
2021-12-02,26.33300018310547,26.34000015258789,26.25,26.290000915527344,20.44729232788086,5466
2021-12-03,26.347900390625,26.399999618530273,26.26650047302246,26.268999099731445,20.43096160888672,4793
2021-12-06,26.280099868774414,26.280099868774414,26.1200008392334,26.1200008392334,20.315074920654297,15782
2021-12-07,26.1200008392334,26.299999237060547,26.1200008392334,26.239999771118164,20.40840721130371,10178
2021-12-08,26.25,26.25,26.200000762939453,26.209999084472656,20.38507080078125,5200
2021-12-09,26.25,26.299999237060547,26.164899826049805,26.164899826049805,20.349994659423828,2066
2021-12-10,26.280000686645508,26.290000915527344,26.069000244140625,26.100000381469727,20.299522399902344,15606
2021-12-13,26.100000381469727,26.15570068359375,26.0,26.09000015258789,20.29174041748047,6061
2021-12-14,26.1200008392334,26.1200008392334,26.049999237060547,26.049999237060547,20.26063346862793,1701
2021-12-15,26.119600296020508,26.119600296020508,26.03070068359375,26.10099983215332,20.30030059814453,6628
2021-12-16,26.100000381469727,26.200000762939453,26.070100784301758,26.190000534057617,20.36951446533203,10759
2021-12-17,26.149999618530273,26.190000534057617,26.0,26.149999618530273,20.33840560913086,9627
2021-12-20,26.049999237060547,26.139999389648438,26.0,26.030000686645508,20.24507713317871,4849
2021-12-21,26.049999237060547,26.100000381469727,26.020000457763672,26.100000381469727,20.299522399902344,10158
2021-12-22,26.206300735473633,26.206300735473633,26.059999465942383,26.110000610351562,20.307294845581055,14615
2021-12-23,26.200000762939453,26.290000915527344,26.166000366210938,26.290000915527344,20.44729232788086,10359
2021-12-27,26.290000915527344,26.35759925842285,26.270999908447266,26.320100784301758,20.470703125,5684
2021-12-28,26.349899291992188,26.385000228881836,26.303699493408203,26.350000381469727,20.493961334228516,892
2021-12-29,26.420000076293945,26.440000534057617,26.399999618530273,26.40999984741211,20.54062271118164,6758
2021-12-30,26.395000457763672,26.450000762939453,26.395000457763672,26.440000534057617,20.56395721435547,17531
2021-12-31,26.540000915527344,26.57990074157715,26.329999923706055,26.329999923706055,20.47840690612793,17845
2022-01-03,26.40999984741211,26.520000457763672,26.40999984741211,26.5,20.61062240600586,6720
2022-01-04,26.40999984741211,26.520000457763672,26.399999618530273,26.520000457763672,20.626178741455078,9178
2022-01-05,26.56999969482422,26.600000381469727,26.325000762939453,26.34000015258789,20.48618507385254,18308
2022-01-06,26.350000381469727,26.551000595092773,26.239999771118164,26.468000411987305,20.585737228393555,9937
2022-01-07,26.459999084472656,26.549999237060547,26.309999465942383,26.40999984741211,20.54062271118164,7297
2022-01-10,26.399999618530273,26.420499801635742,26.31999969482422,26.399999618530273,20.532846450805664,12249
2022-01-11,26.09000015258789,26.09000015258789,25.889999389648438,25.959999084472656,20.586620330810547,13668
2022-01-12,25.950000762939453,26.049999237060547,25.950000762939453,26.048200607299805,20.656566619873047,6228
2022-01-13,26.079999923706055,26.100000381469727,26.010000228881836,26.059999465942383,20.665924072265625,8761
2022-01-14,26.000200271606445,26.110000610351562,25.979999542236328,26.110000610351562,20.7055721282959,5605
2022-01-18,26.100000381469727,26.100000381469727,25.8700008392334,25.979999542236328,20.602479934692383,10433
2022-01-19,25.950000762939453,26.09000015258789,25.899999618530273,25.940000534057617,20.570762634277344,10770
2022-01-20,25.88290023803711,26.100000381469727,25.8799991607666,25.899999618530273,20.53904151916504,6177
2022-01-21,25.979999542236328,25.979999542236328,25.84000015258789,25.860000610351562,20.5073184967041,14799
2022-01-24,25.799999237060547,25.799999237060547,25.549999237060547,25.584999084472656,20.289243698120117,31071
2022-01-25,25.610000610351562,25.773500442504883,25.520000457763672,25.709999084472656,20.388368606567383,13441
2022-01-26,25.700000762939453,25.809999465942383,25.565000534057617,25.809999465942383,20.467670440673828,11362
2022-01-27,25.799999237060547,25.940000534057617,25.5,25.530000686645508,20.24562644958496,16191
2022-01-28,25.529499053955078,25.718399047851562,25.434999465942383,25.510000228881836,20.229768753051758,14203
2022-01-31,25.700000762939453,26.09000015258789,25.610000610351562,26.06999969482422,20.673852920532227,43822
2022-02-01,26.040000915527344,26.040000915527344,25.810100555419922,25.84000015258789,20.4914608001709,6978
2022-02-02,25.969900131225586,25.969900131225586,25.6200008392334,25.6200008392334,20.316997528076172,6584
2022-02-03,25.5,25.630300521850586,25.250099182128906,25.600000381469727,20.301137924194336,15553
2022-02-04,25.400100708007812,25.450000762939453,25.219999313354492,25.25,20.023588180541992,19462
2022-02-07,25.25,25.52899932861328,25.25,25.260000228881836,20.031513214111328,15579
2022-02-08,25.350000381469727,25.600000381469727,25.315000534057617,25.36989974975586,20.118663787841797,14590
2022-02-09,25.57939910888672,25.65999984741211,25.399999618530273,25.65999984741211,20.348716735839844,10631
2022-02-10,25.56999969482422,25.60740089416504,25.3617000579834,25.602500915527344,20.303123474121094,3756
2022-02-11,25.600000381469727,25.600000381469727,25.290000915527344,25.34000015258789,20.094951629638672,4861
2022-02-14,25.299999237060547,25.299999237060547,25.104900360107422,25.149999618530273,19.94428253173828,11787
2022-02-15,25.15999984741211,25.239999771118164,25.1200008392334,25.139999389648438,19.936349868774414,10960
2022-02-16,25.170000076293945,25.260000228881836,25.09000015258789,25.229999542236328,20.007722854614258,12785
2022-02-17,25.149999618530273,25.405000686645508,25.1299991607666,25.1299991607666,19.928422927856445,8560
2022-02-18,25.139999389648438,25.200000762939453,25.09000015258789,25.149999618530273,19.94428253173828,14237
2022-02-22,25.100000381469727,25.289899826049805,24.985000610351562,24.989999771118164,19.817399978637695,12982
2022-02-23,24.989999771118164,25.18000030517578,24.3799991607666,24.399999618530273,19.34952163696289,26516
2022-02-24,23.979999542236328,24.8799991607666,23.860000610351562,24.600000381469727,19.508127212524414,14490
2022-02-25,24.690000534057617,25.538000106811523,24.66950035095215,25.229999542236328,20.007722854614258,8648
2022-02-28,25.149999618530273,25.28499984741211,25.09000015258789,25.09000015258789,19.896697998046875,15283
2022-03-01,25.37190055847168,25.389999389648438,25.149999618530273,25.15999984741211,19.952213287353516,2394
2022-03-02,25.260000228881836,25.260000228881836,24.979999542236328,24.990100860595703,19.81747817993164,4872
2022-03-03,25.354900360107422,25.354900360107422,25.0,25.0,19.825328826904297,3555
2022-03-04,25.0,25.03499984741211,24.760900497436523,24.834999084472656,19.694482803344727,10452
2022-03-07,24.829999923706055,24.829999923706055,24.511600494384766,24.610000610351562,19.516054153442383,5713
2022-03-08,24.829999923706055,24.829999923706055,24.300100326538086,24.3700008392334,19.32573127746582,10026
2022-03-09,24.989999771118164,24.989999771118164,24.559999465942383,24.700000762939453,19.587427139282227,4058
2022-03-10,24.81999969482422,24.838699340820312,24.649999618530273,24.690000534057617,19.579492568969727,4830
2022-03-11,24.850000381469727,24.969999313354492,24.80500030517578,24.969999313354492,19.801538467407227,5031
2022-03-14,24.989999771118164,25.200000762939453,24.649999618530273,24.650100708007812,19.547855377197266,20241
2022-03-15,24.878700256347656,25.082500457763672,24.69879913330078,24.69879913330078,19.586471557617188,2971
2022-03-16,25.049999237060547,25.049999237060547,24.434999465942383,24.536300659179688,19.457609176635742,8217
2022-03-17,24.610000610351562,25.049999237060547,24.600500106811523,25.0,19.825328826904297,7012
2022-03-18,24.649999618530273,25.34000015258789,24.649999618530273,25.34000015258789,20.094951629638672,3417
2022-03-21,25.350000381469727,25.350000381469727,25.139999389648438,25.249900817871094,20.023508071899414,2732
2022-03-22,25.316699981689453,25.3700008392334,25.316699981689453,25.3700008392334,20.118743896484375,1718
2022-03-23,25.389999389648438,25.389999389648438,25.270200729370117,25.270200729370117,20.039600372314453,2257
2022-03-24,25.280000686645508,25.399999618530273,25.149999618530273,25.399999618530273,20.142536163330078,6321
2022-03-25,25.239999771118164,25.334999084472656,25.239999771118164,25.270000457763672,20.03944206237793,8513
2022-03-28,25.25,25.389999389648438,25.25,25.350000381469727,20.102886199951172,8327
2022-03-29,25.25,25.450000762939453,25.25,25.420000076293945,20.158395767211914,7758
2022-03-30,25.290000915527344,25.489999771118164,25.290000915527344,25.478200912475586,20.204547882080078,3891
2022-03-31,25.489999771118164,25.56999969482422,25.388900756835938,25.389999389648438,20.13460350036621,8509
2022-04-01,25.389999389648438,25.441699981689453,25.25,25.350000381469727,20.102886199951172,13099
2022-04-04,25.450000762939453,25.482500076293945,25.230100631713867,25.405000686645508,20.146499633789062,7412
2022-04-05,25.350000381469727,25.430200576782227,25.0,25.26110076904297,20.032386779785156,20616
2022-04-06,25.200000762939453,25.250099182128906,25.139999389648438,25.149999618530273,19.94428253173828,6044
2022-04-07,25.170000076293945,25.229400634765625,25.100000381469727,25.139999389648438,19.936349868774414,8580
2022-04-08,25.100000381469727,25.350000381469727,25.100000381469727,25.219999313354492,19.99979019165039,11333
2022-04-11,24.829999923706055,24.829999923706055,24.600000381469727,24.610000610351562,19.917091369628906,4241
2022-04-12,24.84000015258789,24.920000076293945,24.43000030517578,24.549999237060547,19.868528366088867,5721
2022-04-13,24.68000030517578,24.87980079650879,24.510000228881836,24.719999313354492,20.00611114501953,2889
2022-04-14,24.40999984741211,24.65019989013672,24.280000686645508,24.65019989013672,19.949623107910156,14527
2022-04-18,24.649999618530273,24.650100708007812,24.389999389648438,24.420000076293945,19.763320922851562,9232
2022-04-19,24.479999542236328,24.680700302124023,24.475000381469727,24.680700302124023,19.974308013916016,3792
2022-04-20,24.68000030517578,24.68000030517578,24.31999969482422,24.43000030517578,19.771413803100586,18827
2022-04-21,24.399999618530273,24.399999618530273,24.170000076293945,24.18090057373047,19.56981658935547,14365
2022-04-22,24.15999984741211,24.209999084472656,24.079999923706055,24.209999084472656,19.593366622924805,9564
2022-04-25,24.18000030517578,24.5,23.90999984741211,24.329999923706055,19.690481185913086,19076
2022-04-26,24.1299991607666,24.2450008392334,24.1299991607666,24.18000030517578,19.5690860748291,2164
2022-04-27,24.25,24.531299591064453,24.25,24.479999542236328,19.811878204345703,14458
2022-04-28,24.549999237060547,24.59000015258789,24.344999313354492,24.59000015258789,19.90089988708496,3385
2022-04-29,24.610000610351562,24.8799991607666,24.280000686645508,24.799999237060547,20.07085609436035,21522
2022-05-02,24.649999618530273,24.649999618530273,24.290000915527344,24.329999923706055,19.690481185913086,9223
2022-05-03,24.459999084472656,24.459999084472656,24.190000534057617,24.190000534057617,19.577180862426758,2474
2022-05-04,24.415000915527344,24.415000915527344,24.209999084472656,24.325000762939453,19.68643569946289,2865
2022-05-05,24.290000915527344,24.290000915527344,23.922700881958008,24.08009910583496,19.488235473632812,13382
2022-05-06,23.920000076293945,24.049999237060547,23.809999465942383,24.020000457763672,19.43959617614746,22817
2022-05-09,23.809999465942383,23.899999618530273,23.299999237060547,23.649999618530273,19.140151977539062,28132
2022-05-10,24.0,24.0,23.770000457763672,23.8700008392334,19.318201065063477,17710
2022-05-11,23.899999618530273,24.610000610351562,23.809999465942383,24.280000686645508,19.6500186920166,17106
2022-05-12,24.280000686645508,24.280000686645508,22.729999542236328,23.349700927734375,18.897117614746094,38182
2022-05-13,23.350000381469727,23.399999618530273,23.020000457763672,23.22279930114746,18.794416427612305,17849
2022-05-16,23.399499893188477,23.399499893188477,22.979999542236328,23.184999465942383,18.763824462890625,4610
2022-05-17,23.200000762939453,23.399999618530273,23.09000015258789,23.09000015258789,18.686939239501953,15737
2022-05-18,23.100099563598633,23.170000076293945,22.550100326538086,22.913000106811523,18.54369354248047,16902
2022-05-19,22.65999984741211,23.440000534057617,22.549999237060547,23.030000686645508,18.63838005065918,34121
2022-05-20,23.200000762939453,23.312000274658203,22.600000381469727,22.701000213623047,18.372119903564453,9090
2022-05-23,22.899999618530273,23.200000762939453,22.899999618530273,23.09000015258789,18.686939239501953,11146
2022-05-24,23.350000381469727,23.350000381469727,23.09000015258789,23.18000030517578,18.75977897644043,3391
2022-05-25,23.299999237060547,23.600000381469727,23.181400299072266,23.440000534057617,18.970199584960938,6160
2022-05-26,23.440000534057617,23.84000015258789,23.440000534057617,23.84000015258789,19.293920516967773,6478
2022-05-27,24.040000915527344,24.059999465942383,23.899999618530273,24.0,19.42340850830078,6847
2022-05-31,24.110000610351562,24.190000534057617,23.931100845336914,24.190000534057617,19.577180862426758,14394
2022-06-01,24.190000534057617,24.239999771118164,24.0,24.09000015258789,19.496246337890625,7903
2022-06-02,24.209999084472656,24.209999084472656,23.899999618530273,24.100000381469727,19.504343032836914,5313
2022-06-03,24.0,24.149999618530273,23.91699981689453,24.149999618530273,19.5448055267334,5214
2022-06-06,24.239999771118164,24.299999237060547,24.1200008392334,24.1299991607666,19.528621673583984,8769
2022-06-07,24.209999084472656,24.33839988708496,24.1299991607666,24.1299991607666,19.528621673583984,5450
2022-06-08,24.1200008392334,24.186199188232422,23.850000381469727,23.850000381469727,19.302017211914062,4495
2022-06-09,23.690000534057617,23.8799991607666,23.510000228881836,23.64539909362793,19.136428833007812,6543
2022-06-10,23.510000228881836,23.510000228881836,23.100000381469727,23.200000762939453,18.775964736938477,12884
2022-06-13,22.979999542236328,22.979999542236328,22.489999771118164,22.489999771118164,18.20135498046875,18591
2022-06-14,22.5,22.5,21.355199813842773,22.229999542236328,17.99093246459961,27498
2022-06-15,22.329999923706055,22.979999542236328,21.969999313354492,22.790000915527344,18.44414710998535,17529
2022-06-16,22.489999771118164,22.489999771118164,21.700000762939453,22.002300262451172,17.806655883789062,20213
2022-06-17,21.65999984741211,22.099899291992188,21.479999542236328,21.770000457763672,17.61865234375,13716
2022-06-21,22.05500030517578,22.11720085144043,21.80069923400879,22.11720085144043,17.89964485168457,29075
2022-06-22,22.149999618530273,22.15999984741211,22.049800872802734,22.049999237060547,17.845256805419922,8726
2022-06-23,22.5,22.82200050354004,22.299999237060547,22.3799991607666,18.112329483032227,22078
2022-06-24,22.649999618530273,22.899999618530273,22.600000381469727,22.78499984741211,18.440099716186523,11121
2022-06-27,23.200000762939453,23.449899673461914,23.170000076293945,23.389999389648438,18.929731369018555,69578
2022-06-28,23.399999618530273,23.5,23.030000686645508,23.149999618530273,18.735498428344727,18420
2022-06-29,23.06999969482422,23.13990020751953,23.0,23.059999465942383,18.662660598754883,12594
2022-06-30,23.149999618530273,23.203899383544922,22.979999542236328,22.979999542236328,18.59791374206543,9582
2022-07-01,23.159900665283203,23.159900665283203,22.633399963378906,22.700000762939453,18.37131118774414,17533
2022-07-05,22.75,22.927000045776367,22.700000762939453,22.790000915527344,18.44414710998535,27174
2022-07-06,22.850000381469727,22.899999618530273,22.700000762939453,22.700000762939453,18.37131118774414,8690
2022-07-07,22.850000381469727,22.882999420166016,22.606300354003906,22.739999771118164,18.4036808013916,11371
2022-07-08,22.748199462890625,22.82040023803711,22.65999984741211,22.7450008392334,18.407730102539062,42103
2022-07-11,22.3799991607666,22.5,22.25,22.389999389648438,18.534223556518555,28968
2022-07-12,22.350000381469727,22.3700008392334,22.219999313354492,22.231300354003906,18.40285301208496,9776
2022-07-13,22.0,22.200000762939453,22.0,22.09819984436035,18.29267692565918,5909
2022-07-14,21.989999771118164,22.18000030517578,21.80699920654297,22.04400062561035,18.24781036376953,15339
2022-07-15,22.55940055847168,22.55940055847168,22.030000686645508,22.34000015258789,18.492834091186523,6512
2022-07-18,22.389999389648438,22.424999237060547,22.140600204467773,22.219999313354492,18.39349937438965,8183
2022-07-19,22.25,22.329999923706055,22.020000457763672,22.1560001373291,18.34052085876465,4290
2022-07-20,22.14109992980957,22.34000015258789,22.14109992980957,22.290000915527344,18.451444625854492,6067
2022-07-21,22.218700408935547,22.559999465942383,22.218700408935547,22.559999465942383,18.674945831298828,12882
2022-07-22,22.559999465942383,22.610000610351562,22.460399627685547,22.59000015258789,18.699783325195312,5872
2022-07-25,22.709999084472656,22.850000381469727,22.649999618530273,22.850000381469727,18.91500473022461,17269
2022-07-26,22.93000030517578,22.93000030517578,22.75,22.829999923706055,18.898452758789062,1616
2022-07-27,22.920000076293945,22.989999771118164,22.8700008392334,22.989999771118164,19.030895233154297,2733
2022-07-28,23.0,23.170000076293945,22.77389907836914,23.149999618530273,19.16334342956543,3849
2022-07-29,23.1476993560791,23.989999771118164,23.145000457763672,23.989999771118164,19.858688354492188,36713
2022-08-01,23.969999313354492,24.100000381469727,23.587200164794922,24.009599685668945,19.874916076660156,20965
2022-08-02,24.049999237060547,24.600000381469727,23.829999923706055,24.239999771118164,20.065637588500977,22201
2022-08-03,24.350000381469727,24.350000381469727,23.925399780273438,24.219999313354492,20.0490779876709,8258
2022-08-04,24.31999969482422,24.31999969482422,24.03499984741211,24.049999237060547,19.90835189819336,5729
2022-08-05,23.950000762939453,24.059099197387695,23.799999237060547,23.8700008392334,19.759353637695312,3308
2022-08-08,23.850000381469727,23.850000381469727,23.040000915527344,23.749900817871094,19.659936904907227,7393
2022-08-09,23.75,23.75,23.299999237060547,23.43939971923828,19.40290641784668,5725
2022-08-10,23.450000762939453,23.68000030517578,23.450000762939453,23.559999465942383,19.50273895263672,4182
2022-08-11,23.700000762939453,23.700000762939453,23.520000457763672,23.586599349975586,19.524757385253906,5240
2022-08-12,23.6200008392334,23.75,23.59000015258789,23.65999984741211,19.585514068603516,5783
2022-08-15,23.736400604248047,23.98539924621582,23.736400604248047,23.82659912109375,19.723424911499023,3606
2022-08-16,23.8789005279541,24.049999237060547,23.8789005279541,23.938199996948242,19.815805435180664,10754
2022-08-17,24.18000030517578,24.18000030517578,23.739999771118164,23.889999389648438,19.775907516479492,4642
2022-08-18,23.729999542236328,23.799999237060547,23.450000762939453,23.799999237060547,19.70140838623047,7305
2022-08-19,23.45009994506836,23.809999465942383,23.43120002746582,23.579200744628906,19.518630981445312,3250
2022-08-22,23.56999969482422,23.56999969482422,23.149999618530273,23.209999084472656,19.213010787963867,5640
2022-08-23,23.200000762939453,23.399999618530273,22.959999084472656,23.100000381469727,19.1219539642334,6358
2022-08-24,23.5,23.549999237060547,23.139699935913086,23.25,19.246122360229492,6505
2022-08-25,23.209999084472656,23.579999923706055,23.200000762939453,23.405000686645508,19.374431610107422,16538
2022-08-26,23.309999465942383,23.541400909423828,23.309999465942383,23.5,19.45307159423828,4249
2022-08-29,23.479999542236328,23.5,23.260099411010742,23.412599563598633,19.380722045898438,6550
2022-08-30,23.530000686645508,23.530000686645508,23.049999237060547,23.110000610351562,19.130231857299805,2859
2022-08-31,23.559999465942383,23.60379981994629,22.899999618530273,22.899999618530273,18.956396102905273,8631
2022-09-01,22.790000915527344,23.0,22.520000457763672,22.60610008239746,18.713111877441406,13931
2022-09-02,22.600000381469727,22.690000534057617,22.479999542236328,22.579999923706055,18.691505432128906,13911
2022-09-06,22.610000610351562,22.780000686645508,22.579999923706055,22.600000381469727,18.70805549621582,1056
2022-09-07,22.57990074157715,22.587099075317383,22.3302001953125,22.587099075317383,18.69738006591797,7887
2022-09-08,22.579999923706055,22.713899612426758,22.579999923706055,22.673999786376953,18.769311904907227,1633
2022-09-09,22.850000381469727,23.30500030517578,22.850000381469727,23.17009925842285,19.179981231689453,11428
2022-09-12,23.34000015258789,23.65999984741211,23.149999618530273,23.600000381469727,19.535850524902344,9830
2022-09-13,23.469999313354492,23.479999542236328,23.149999618530273,23.389999389648438,19.362014770507812,1922
2022-09-14,23.35689926147461,23.360000610351562,22.59000015258789,23.17009925842285,19.179981231689453,15216
2022-09-15,23.095699310302734,23.14299964904785,22.459999084472656,22.583999633789062,18.694812774658203,14360
2022-09-16,22.479999542236328,22.729999542236328,22.290000915527344,22.729999542236328,18.815670013427734,6529
2022-09-19,22.729999542236328,22.729999542236328,22.372400283813477,22.522199630737305,18.64365577697754,5173
2022-09-20,22.540599822998047,22.670000076293945,22.328899383544922,22.559999465942383,18.674945831298828,5083
2022-09-21,22.412799835205078,22.412799835205078,21.860000610351562,21.920000076293945,18.14516258239746,8247
2022-09-22,21.93000030517578,21.939899444580078,21.600000381469727,21.600000381469727,17.880268096923828,15125
2022-09-23,21.600000381469727,21.600000381469727,20.64900016784668,20.799999237060547,17.218034744262695,52783
2022-09-26,20.90999984741211,20.90999984741211,19.989999771118164,20.020000457763672,16.572359085083008,21847
2022-09-27,21.224300384521484,21.224300384521484,19.75,19.75,16.348857879638672,6671
2022-09-28,19.920000076293945,20.0,19.110000610351562,19.270000457763672,15.951519012451172,14810
2022-09-29,19.309999465942383,19.489999771118164,18.049999237060547,18.14739990234375,15.022239685058594,29766
2022-09-30,18.059999465942383,18.737300872802734,17.864999771118164,18.0,14.900225639343262,24477
2022-10-03,18.260000228881836,19.0,18.260000228881836,18.77989959716797,15.545818328857422,13666
2022-10-04,18.780000686645508,19.559999465942383,18.780000686645508,19.559999465942383,16.191577911376953,48912
2022-10-05,19.479999542236328,19.479999542236328,19.010000228881836,19.22010040283203,15.910211563110352,11908
2022-10-06,19.229999542236328,19.489999771118164,18.979999542236328,19.030000686645508,15.752849578857422,9938
2022-10-07,18.860000610351562,19.079999923706055,18.31999969482422,18.649999618530273,15.438285827636719,26044
2022-10-10,18.75,18.850000381469727,18.270000457763672,18.329999923706055,15.173392295837402,22423
2022-10-11,17.8799991607666,18.0,17.520000457763672,17.6200008392334,15.00125503540039,48692
2022-10-12,17.729999542236328,17.73579978942871,17.329999923706055,17.499900817871094,14.899004936218262,18534
2022-10-13,17.18000030517578,17.6299991607666,16.90999984741211,17.450000762939453,14.856522560119629,46602
2022-10-14,17.649999618530273,17.649999618530273,17.290000915527344,17.43000030517578,14.839494705200195,13494
2022-10-17,17.5,17.832300186157227,17.375,17.719999313354492,15.08639144897461,21391
2022-10-18,18.040000915527344,18.040000915527344,17.569799423217773,17.67020034790039,15.043994903564453,13958
2022-10-19,17.76740074157715,17.770000457763672,17.5,17.679899215698242,15.052251815795898,12220
2022-10-20,17.525400161743164,17.729999542236328,17.450000762939453,17.549999237060547,14.941656112670898,13042
2022-10-21,17.450000762939453,17.559999465942383,17.299999237060547,17.399999618530273,14.813950538635254,10865
2022-10-24,17.459999084472656,17.600000381469727,17.299999237060547,17.549999237060547,14.941656112670898,15167
2022-10-25,17.610000610351562,18.082700729370117,17.610000610351562,18.010000228881836,15.333291053771973,17121
2022-10-26,18.010000228881836,18.239999771118164,17.770000457763672,17.959999084472656,15.290721893310547,30336
2022-10-27,18.09000015258789,18.889999389648438,18.070100784301758,18.25,15.53762149810791,32711
2022-10-28,18.350000381469727,18.83989906311035,18.110000610351562,18.5,15.750466346740723,30341
2022-10-31,18.549999237060547,19.09000015258789,18.299999237060547,18.299999237060547,15.580190658569336,33457
2022-11-01,18.440000534057617,18.8799991607666,18.200000762939453,18.225000381469727,15.516340255737305,24701
2022-11-02,18.09000015258789,18.489999771118164,18.09000015258789,18.299999237060547,15.580190658569336,29071
2022-11-03,18.43000030517578,18.43000030517578,18.15999984741211,18.25,15.53762149810791,16732
2022-11-04,18.5,18.70009994506836,18.469999313354492,18.479999542236328,15.733439445495605,28861
2022-11-07,18.649999618530273,19.149999618530273,18.399999618530273,19.0,16.17615509033203,20922
2022-11-08,19.139999389648438,19.459999084472656,19.0,19.260000228881836,16.397512435913086,29835
2022-11-09,19.1299991607666,19.459999084472656,18.81999969482422,18.829999923706055,16.031417846679688,30669
2022-11-10,19.1200008392334,19.979999542236328,19.054000854492188,19.979999542236328,17.010501861572266,30137
2022-11-11,19.68000030517578,20.3799991607666,19.68000030517578,20.139999389648438,17.1467227935791,16605
2022-11-14,20.290000915527344,20.399999618530273,20.06999969482422,20.209999084472656,17.206317901611328,23471
2022-11-15,20.299999237060547,20.613399505615234,20.061599731445312,20.09000015258789,17.104156494140625,25348
2022-11-16,20.100000381469727,20.239999771118164,20.079999923706055,20.149999618530273,17.155237197875977,26772
2022-11-17,20.149999618530273,20.149999618530273,19.149999618530273,19.219999313354492,16.36345672607422,35984
2022-11-18,19.229999542236328,19.468599319458008,19.100000381469727,19.309999465942383,16.440080642700195,56196
2022-11-21,19.350000381469727,19.399999618530273,19.110000610351562,19.299999237060547,16.43156623840332,26541
2022-11-22,19.300500869750977,19.969999313354492,19.229999542236328,19.639999389648438,16.72103500366211,13915
2022-11-23,19.889999389648438,20.149999618530273,19.889999389648438,19.90999984741211,16.95090675354004,9769
2022-11-25,20.149999618530273,20.149999618530273,20.030000686645508,20.030000686645508,17.053071975708008,1096
2022-11-28,19.729999542236328,20.199899673461914,19.63010025024414,19.709999084472656,16.78063201904297,6465
2022-11-29,19.90999984741211,20.020000457763672,19.600000381469727,19.600000381469727,16.686981201171875,11486
2022-11-30,19.600000381469727,19.850000381469727,19.579999923706055,19.75,16.814687728881836,12256
2022-12-01,19.889999389648438,20.199899673461914,19.889999389648438,20.170000076293945,17.172266006469727,14839
2022-12-02,20.170000076293945,20.190000534057617,19.975000381469727,20.190000534057617,17.189294815063477,2950
2022-12-05,20.149999618530273,20.185300827026367,19.75,19.799999237060547,16.857255935668945,9251
2022-12-06,19.75,19.790000915527344,19.260000228881836,19.600000381469727,16.686981201171875,14191
2022-12-07,19.5,19.959999084472656,19.5,19.600000381469727,16.686981201171875,2792
2022-12-08,19.729999542236328,19.729999542236328,19.440000534057617,19.440000534057617,16.550762176513672,10595
2022-12-09,19.69700050354004,19.80699920654297,19.469999313354492,19.5,16.601842880249023,10125
2022-12-12,19.6200008392334,19.84939956665039,19.59000015258789,19.649999618530273,16.729549407958984,11985
2022-12-13,19.780000686645508,19.825000762939453,19.65019989013672,19.719999313354492,16.78914451599121,19239
2022-12-14,19.719999313354492,19.920000076293945,19.549999237060547,19.549999237060547,16.644412994384766,12542
2022-12-15,19.639999389648438,19.65999984741211,19.5,19.510099411010742,16.610441207885742,22681
2022-12-16,19.559999465942383,19.690000534057617,19.459999084472656,19.600099563598633,16.68706703186035,27324
2022-12-19,19.770000457763672,19.770000457763672,19.5,19.670000076293945,16.7465763092041,7916
2022-12-20,19.56999969482422,19.799999237060547,19.530000686645508,19.625,16.70826530456543,29916
2022-12-21,19.799999237060547,19.799999237060547,19.539499282836914,19.68000030517578,16.755088806152344,23560
2022-12-22,19.600000381469727,19.798999786376953,19.520000457763672,19.559999465942383,16.652925491333008,10250
2022-12-23,19.510000228881836,19.719999313354492,19.510000228881836,19.611000061035156,16.696346282958984,40426
2022-12-27,19.600000381469727,19.649999618530273,19.260000228881836,19.530000686645508,16.627384185791016,16019
2022-12-28,19.540000915527344,19.549999237060547,19.31399917602539,19.399999618530273,16.516704559326172,20566
2022-12-29,19.700000762939453,20.000600814819336,19.389999389648438,19.800100326538086,16.857341766357422,48699
2022-12-30,20.06999969482422,20.379899978637695,19.520000457763672,20.290000915527344,17.274431228637695,15508
2023-01-03,20.5,20.959999084472656,20.43000030517578,20.899999618530273,17.793773651123047,13823
2023-01-04,21.0,21.489999771118164,21.0,21.299999237060547,18.134319305419922,11200
2023-01-05,21.299999237060547,21.591999053955078,21.139999389648438,21.56999969482422,18.36419105529785,6540
2023-01-06,21.600000381469727,21.899999618530273,21.57509994506836,21.850000381469727,18.602577209472656,14798
2023-01-09,21.899999618530273,22.020000457763672,21.850099563598633,21.920000076293945,18.662172317504883,13922
2023-01-10,21.809999465942383,22.199899673461914,21.739999771118164,22.0,18.73028564453125,5899
2023-01-11,21.360000610351562,21.700000762939453,21.209999084472656,21.549999237060547,18.78066635131836,12696
2023-01-12,21.649999618530273,21.84000015258789,21.5,21.649999618530273,18.867813110351562,14518
2023-01-13,21.649999618530273,22.099899291992188,21.559999465942383,21.65999984741211,18.876529693603516,11263
2023-01-17,21.850000381469727,22.2549991607666,21.81679916381836,22.127399444580078,19.28386688232422,11719
2023-01-18,22.389999389648438,22.389999389648438,22.149999618530273,22.200000762939453,19.347137451171875,7672
2023-01-19,22.059999465942383,22.299999237060547,22.010000228881836,22.010000228881836,19.181550979614258,10899
2023-01-20,22.0,22.167499542236328,21.68000030517578,21.90999984741211,19.094402313232422,24830
2023-01-23,21.950000762939453,22.18000030517578,21.889999389648438,22.1200008392334,19.277416229248047,40559
2023-01-24,21.979999542236328,22.24970054626465,21.260000228881836,22.229999542236328,19.373279571533203,7031
2023-01-25,22.200000762939453,22.200000762939453,21.850000381469727,22.1200008392334,19.277416229248047,8414
2023-01-26,22.010000228881836,22.239999771118164,22.010000228881836,22.209999084472656,19.355846405029297,5693
2023-01-27,22.200000762939453,22.489999771118164,22.200000762939453,22.280000686645508,19.416852951049805,5913
2023-01-30,22.200000762939453,22.389999389648438,22.200000762939453,22.3700008392334,19.495290756225586,7469
2023-01-31,22.25,22.690000534057617,22.100000381469727,22.299999237060547,19.434282302856445,27168
2023-02-01,22.649999618530273,22.649999618530273,22.290000915527344,22.40999984741211,19.530147552490234,3824
2023-02-02,22.399999618530273,22.860000610351562,22.349899291992188,22.739999771118164,19.817739486694336,15061
2023-02-03,22.729999542236328,22.84000015258789,22.5,22.600000381469727,19.69573211669922,18552
2023-02-06,22.57309913635254,22.6200008392334,22.302099227905273,22.5,19.608583450317383,10397
2023-02-07,22.389999389648438,22.600000381469727,22.350000381469727,22.530000686645508,19.634727478027344,7681
2023-02-08,22.366300582885742,22.59000015258789,22.366300582885742,22.450000762939453,19.56500816345215,5057
2023-02-09,22.473899841308594,22.670000076293945,22.15999984741211,22.33650016784668,19.466094970703125,6223
2023-02-10,22.06999969482422,22.499900817871094,22.030099868774414,22.149999618530273,19.303560256958008,10833
2023-02-13,22.25,22.439899444580078,22.079999923706055,22.209999084472656,19.355846405029297,7115
2023-02-14,22.394899368286133,22.434999465942383,22.149999618530273,22.150100708007812,19.30364990234375,8578
2023-02-15,22.110000610351562,22.220199584960938,22.059999465942383,22.139999389648438,19.294845581054688,34136
2023-02-16,22.219999313354492,22.229999542236328,22.079999923706055,22.22130012512207,19.36569595336914,2206
2023-02-17,22.25,22.639999389648438,22.110000610351562,22.639999389648438,19.7305908203125,3895
2023-02-21,22.299999237060547,22.3799991607666,22.059999465942383,22.149999618530273,19.303560256958008,28606
2023-02-22,22.270000457763672,22.270000457763672,22.059999465942383,22.101600646972656,19.261381149291992,12340
2023-02-23,22.270000457763672,22.270000457763672,22.060100555419922,22.170000076293945,19.320993423461914,14064
2023-02-24,22.110000610351562,22.11520004272461,21.850000381469727,21.858200073242188,19.049259185791016,19259
2023-02-27,22.020000457763672,22.09000015258789,22.0,22.059999465942383,19.22512435913086,10158
2023-02-28,22.020000457763672,22.40999984741211,22.020000457763672,22.40999984741211,19.530147552490234,21898
2023-03-01,22.40999984741211,22.40999984741211,22.0,22.1200008392334,19.277416229248047,12708
2023-03-02,22.185100555419922,22.185100555419922,21.8700008392334,21.992000579833984,19.165864944458008,10399
2023-03-03,22.039499282836914,22.40999984741211,22.039499282836914,22.310100555419922,19.443086624145508,12948
2023-03-06,22.309999465942383,22.389999389648438,22.059999465942383,22.209999084472656,19.355846405029297,12686
2023-03-07,22.170000076293945,22.280000686645508,22.080400466918945,22.239999771118164,19.381994247436523,9763
2023-03-08,22.079999923706055,22.25819969177246,22.0,22.110000610351562,19.268701553344727,8430
2023-03-09,22.059999465942383,22.200000762939453,21.399999618530273,21.399999618530273,18.64994239807129,18015
2023-03-10,21.0,21.600000381469727,21.0,21.219999313354492,18.493072509765625,15804
2023-03-13,20.969999313354492,20.969999313354492,20.5,20.600000381469727,17.952749252319336,14401
2023-03-14,21.049999237060547,21.049999237060547,20.770000457763672,20.868000030517578,18.186307907104492,8049
2023-03-15,20.6299991607666,20.649999618530273,19.860000610351562,20.296499252319336,17.688247680664062,30263
2023-03-16,20.209999084472656,20.88719940185547,19.90999984741211,20.479999542236328,17.848167419433594,14277
2023-03-17,20.100000381469727,20.239900588989258,19.510000228881836,19.989999771118164,17.42113494873047,18490
2023-03-20,20.020000457763672,20.15999984741211,19.969999313354492,20.0,17.429851531982422,34254
2023-03-21,20.0,20.270000457763672,19.719999313354492,19.940000534057617,17.377561569213867,12877
2023-03-22,19.950000762939453,20.440000534057617,19.950000762939453,20.190000534057617,17.595436096191406,11072
2023-03-23,20.329500198364258,20.510000228881836,19.979999542236328,20.049999237060547,17.473424911499023,9401
2023-03-24,19.950000762939453,20.329999923706055,19.934999465942383,20.010000228881836,17.438568115234375,17799
2023-03-27,20.209999084472656,20.290000915527344,20.15999984741211,20.209999084472656,17.61286163330078,7317
2023-03-28,20.440000534057617,20.449899673461914,20.08340072631836,20.18000030517578,17.586719512939453,4901
2023-03-29,20.3700008392334,20.440000534057617,20.184999465942383,20.31999969482422,17.70872688293457,3954
2023-03-30,20.489999771118164,20.84000015258789,20.489999771118164,20.799999237060547,18.127044677734375,9446
2023-03-31,20.940000534057617,21.68000030517578,20.90999984741211,21.649999618530273,18.867813110351562,9003
2023-04-03,21.540000915527344,21.600000381469727,21.3700008392334,21.520000457763672,18.754520416259766,9334
2023-04-04,21.649999618530273,21.649999618530273,21.31999969482422,21.5,18.737089157104492,5841
2023-04-05,21.469999313354492,21.469999313354492,21.0,21.299699783325195,18.562528610229492,12796
2023-04-06,21.17460060119629,21.43000030517578,21.17460060119629,21.364999771118164,18.61943817138672,6206
2023-04-10,21.3799991607666,21.479999542236328,21.139999389648438,21.43000030517578,18.676088333129883,16143
2023-04-11,21.09000015258789,21.09000015258789,20.8799991607666,20.899999618530273,18.656278610229492,6124
2023-04-12,20.90999984741211,21.08989906311035,20.469999313354492,20.610000610351562,18.397411346435547,6458
2023-04-13,21.059900283813477,21.059900283813477,20.770000457763672,20.81920051574707,18.58415412902832,3777
2023-04-14,20.835500717163086,20.835500717163086,20.43000030517578,20.5,18.299219131469727,3789
2023-04-17,20.600000381469727,20.649999618530273,20.440000534057617,20.530000686645508,18.32600212097168,6987
2023-04-18,20.649999618530273,20.649999618530273,20.600000381469727,20.600000381469727,18.38848304748535,650
2023-04-19,20.520000457763672,20.850000381469727,20.300100326538086,20.40999984741211,18.218883514404297,13903
2023-04-20,20.31999969482422,20.6200008392334,20.31999969482422,20.420000076293945,18.227807998657227,7320
2023-04-21,20.540000915527344,20.579999923706055,20.20009994506836,20.31999969482422,18.1385440826416,3213
2023-04-24,20.200000762939453,20.31999969482422,20.059999465942383,20.1299991607666,17.96894073486328,6989
2023-04-25,20.18000030517578,20.350000381469727,20.0,20.190000534057617,18.022502899169922,9935
2023-04-26,20.216299057006836,20.216299057006836,19.290000915527344,19.530000686645508,17.43335723876953,24606
2023-04-27,19.700000762939453,19.849899291992188,19.510000228881836,19.760000228881836,17.63866424560547,10807
2023-04-28,19.75,20.239999771118164,19.75,20.239999771118164,18.0671329498291,16013
2023-05-01,20.290000915527344,20.58609962463379,20.290000915527344,20.388200759887695,18.199424743652344,10387
2023-05-02,20.049999237060547,20.049999237060547,19.530000686645508,19.84000015258789,17.710073471069336,35541
2023-05-03,19.860000610351562,20.450000762939453,19.670000076293945,19.93280029296875,17.792911529541016,12330
2023-05-04,19.639999389648438,19.639999389648438,19.190000534057617,19.270000457763672,17.201269149780273,51057
2023-05-05,19.3799991607666,19.510000228881836,19.280000686645508,19.510000228881836,17.415502548217773,19524
2023-05-08,19.59000015258789,19.600000381469727,19.5,19.59000015258789,17.486913681030273,8924
2023-05-09,19.600000381469727,19.78890037536621,19.450000762939453,19.700000762939453,17.58510398864746,91159
2023-05-10,19.84000015258789,19.920000076293945,19.60219955444336,19.920000076293945,17.781484603881836,10273
2023-05-11,19.940000534057617,20.190000534057617,19.850000381469727,19.872600555419922,17.73917579650879,20373
2023-05-12,20.0,20.25,19.84000015258789,20.100000381469727,17.942161560058594,9872
2023-05-15,20.0,20.179899215698242,19.98819923400879,20.135000228881836,17.973405838012695,27658
2023-05-16,20.100000381469727,20.309999465942383,20.100000381469727,20.1299991607666,17.96894073486328,22829
2023-05-17,20.295000076293945,20.469999313354492,20.229999542236328,20.299999237060547,18.120689392089844,18251
2023-05-18,20.342599868774414,20.479999542236328,20.200000762939453,20.479999542236328,18.2813663482666,2682
2023-05-19,20.3700008392334,20.600000381469727,20.34980010986328,20.5,18.299219131469727,28055
2023-05-22,20.489999771118164,20.625,20.475000381469727,20.540000915527344,18.33492660522461,10199
2023-05-23,20.549999237060547,20.610000610351562,20.270000457763672,20.549999237060547,18.343852996826172,23763
2023-05-24,20.549999237060547,20.670000076293945,20.45009994506836,20.670000076293945,18.450969696044922,20504
2023-05-25,20.200000762939453,20.489999771118164,20.110000610351562,20.149999618530273,17.98679542541504,14498
2023-05-26,20.15999984741211,20.299999237060547,19.924999237060547,19.950000762939453,17.80826759338379,12407
2023-05-30,20.450000762939453,20.594999313354492,20.239999771118164,20.5,18.299219131469727,25887
2023-05-31,20.528799057006836,20.610000610351562,20.31999969482422,20.31999969482422,18.1385440826416,9938
2023-06-01,20.329999923706055,20.860000610351562,20.297300338745117,20.860000610351562,18.620574951171875,15300
2023-06-02,20.940000534057617,20.959999084472656,20.552499771118164,20.690000534057617,18.468822479248047,6935
2023-06-05,20.889999389648438,21.06049919128418,20.64780044555664,21.0,18.74554443359375,14434
2023-06-06,21.100000381469727,21.100000381469727,20.84000015258789,20.969999313354492,18.71876335144043,6285
2023-06-07,20.84000015258789,21.030000686645508,20.84000015258789,20.849899291992188,18.611555099487305,4447
2023-06-08,20.719999313354492,20.979999542236328,20.719999313354492,20.975000381469727,18.723228454589844,1828
2023-06-09,21.004100799560547,21.100000381469727,20.7450008392334,21.059999465942383,18.799100875854492,3307
2023-06-12,21.15999984741211,21.239999771118164,20.967199325561523,21.170000076293945,18.897293090820312,7075
2023-06-13,21.25,21.31999969482422,21.110000610351562,21.309999465942383,19.022262573242188,4293
2023-06-14,21.434999465942383,21.434999465942383,20.610000610351562,20.899999618530273,18.656278610229492,5046
2023-06-15,20.88949966430664,20.895000457763672,20.3700008392334,20.3700008392334,18.183177947998047,11859
2023-06-16,20.3799991607666,20.649900436401367,20.229999542236328,20.229999542236328,18.05820655822754,13932
2023-06-20,20.25,20.290000915527344,20.000600814819336,20.190000534057617,18.022502899169922,9433
2023-06-21,20.350000381469727,20.350000381469727,20.200000762939453,20.350000381469727,18.165325164794922,8628
2023-06-22,20.299999237060547,20.71500015258789,20.18000030517578,20.450000762939453,18.254589080810547,32354
2023-06-23,20.25,20.489999771118164,20.25,20.360000610351562,18.17424964904785,4698
2023-06-26,20.420000076293945,20.75,20.360000610351562,20.420000076293945,18.227807998657227,9815
2023-06-27,20.5,20.558399200439453,20.5,20.558399200439453,18.351350784301758,1740
2023-06-28,20.589799880981445,20.71339988708496,20.579999923706055,20.700000762939453,18.47774887084961,8930
2023-06-29,20.524799346923828,20.765899658203125,20.479999542236328,20.54450035095215,18.338943481445312,9780
2023-06-30,20.690000534057617,20.79990005493164,20.389999389648438,20.770000457763672,18.54023551940918,8412
2023-07-03,20.799999237060547,21.040000915527344,20.779199600219727,21.030000686645508,18.772323608398438,10363
2023-07-05,21.299999237060547,21.389999389648438,20.920000076293945,21.389999389648438,19.093673706054688,21684
2023-07-06,21.200000762939453,21.469999313354492,20.88789939880371,21.469999313354492,19.165084838867188,16091
2023-07-07,21.59000015258789,21.659900665283203,21.15999984741211,21.440000534057617,19.138307571411133,17832
2023-07-10,21.420000076293945,21.600000381469727,21.22010040283203,21.4950008392334,19.187400817871094,14433
2023-07-11,21.239999771118164,21.34000015258789,21.109100341796875,21.214000701904297,19.39476203918457,7841
2023-07-12,21.18000030517578,21.270000457763672,20.930099487304688,21.270000457763672,19.445959091186523,9383
2023-07-13,21.010000228881836,21.200000762939453,21.010000228881836,21.200000762939453,19.3819637298584,15967
2023-07-14,21.110000610351562,21.149999618530273,20.885000228881836,20.950000762939453,19.15340232849121,11194
2023-07-17,21.049999237060547,21.299999237060547,21.030000686645508,21.229999542236328,19.40938949584961,16573
2023-07-18,21.350000381469727,21.559999465942383,21.290000915527344,21.559999465942383,19.711090087890625,14162
2023-07-19,21.559999465942383,21.649999618530273,21.250099182128906,21.5,19.656234741210938,23444
2023-07-20,21.5,21.5,21.11009979248047,21.399999618530273,19.56481170654297,8129
2023-07-21,21.270000457763672,21.545900344848633,21.270000457763672,21.40999984741211,19.57395362854004,5278
2023-07-24,21.5,21.56999969482422,21.3700008392334,21.56999969482422,19.720230102539062,12107
2023-07-25,21.600000381469727,21.600000381469727,21.38249969482422,21.38249969482422,19.548810958862305,2913
2023-07-26,21.520000457763672,21.6299991607666,21.38010025024414,21.500099182128906,19.65632438659668,7562
2023-07-27,21.700000762939453,21.770000457763672,21.459999084472656,21.478599548339844,19.63667106628418,9201
2023-07-28,21.670000076293945,21.729999542236328,21.549999237060547,21.56839942932129,19.71877098083496,6234
2023-07-31,21.559999465942383,21.75,21.559999465942383,21.600000381469727,19.74765968322754,5255
2023-08-01,21.600000381469727,21.84000015258789,21.600000381469727,21.709999084472656,19.848224639892578,9532
2023-08-02,21.929899215698242,21.929899215698242,21.56999969482422,21.649999618530273,19.793371200561523,10922
2023-08-03,21.719999313354492,21.90999984741211,21.68000030517578,21.780000686645508,19.91222381591797,15575
2023-08-04,21.90999984741211,21.989999771118164,21.81999969482422,21.93239974975586,20.05155372619629,11601
2023-08-07,21.81999969482422,21.969999313354492,21.75,21.895000457763672,20.01736068725586,13705
2023-08-08,21.889999389648438,21.90999984741211,21.799999237060547,21.90999984741211,20.03107452392578,8853
2023-08-09,21.790000915527344,21.989999771118164,21.790000915527344,21.8799991607666,20.003646850585938,2100
2023-08-10,21.899999618530273,22.0,21.774999618530273,21.824100494384766,19.952543258666992,6701
2023-08-11,21.969999313354492,21.969999313354492,21.860000610351562,21.860000610351562,19.985363006591797,1150
2023-08-14,21.950000762939453,21.999900817871094,21.740100860595703,21.87019920349121,19.994688034057617,4623
2023-08-15,21.8700008392334,21.8700008392334,21.739999771118164,21.739999771118164,19.875654220581055,2795
2023-08-16,21.799999237060547,21.8700008392334,21.649999618530273,21.649999618530273,19.793371200561523,4483
2023-08-17,21.850000381469727,21.850000381469727,21.60059928894043,21.6299991607666,19.775087356567383,3753
2023-08-18,21.700000762939453,21.770000457763672,21.63010025024414,21.719999313354492,19.85736846923828,3937
2023-08-21,21.600000381469727,21.860000610351562,21.600000381469727,21.700000762939453,19.839082717895508,1005
2023-08-22,21.84000015258789,21.84000015258789,21.70009994506836,21.70009994506836,19.839174270629883,3887
2023-08-23,21.8174991607666,21.8174991607666,21.75,21.75,19.884796142578125,3069
2023-08-24,21.709999084472656,21.709999084472656,21.350000381469727,21.489999771118164,19.647090911865234,21921
2023-08-25,21.540000915527344,21.579999923706055,21.360000610351562,21.489999771118164,19.647090911865234,10836
2023-08-28,21.25,21.769899368286133,21.25,21.530000686645508,19.68366241455078,12891
2023-08-29,21.56999969482422,21.719999313354492,21.290000915527344,21.559999465942383,19.711090087890625,13460
2023-08-30,21.389999389648438,21.389999389648438,20.780000686645508,21.16950035095215,19.354076385498047,39862
2023-08-31,21.049999237060547,21.459999084472656,21.0,21.209999084472656,19.391103744506836,29571
2023-09-01,21.290000915527344,21.40999984741211,21.234699249267578,21.40999984741211,19.57395362854004,10682
2023-09-05,21.40999984741211,21.40999984741211,21.15999984741211,21.15999984741211,19.34539222717285,11265
2023-09-06,21.239999771118164,21.40999984741211,21.206499099731445,21.40999984741211,19.57395362854004,4192
2023-09-07,21.389999389648438,21.40999984741211,21.170000076293945,21.309999465942383,19.482528686523438,7514
2023-09-08,21.31999969482422,21.354000091552734,21.200000762939453,21.31999969482422,19.49167251586914,5911
2023-09-11,21.31999969482422,21.329999923706055,21.290000915527344,21.32379913330078,19.49514389038086,8347
2023-09-12,21.329999923706055,21.479999542236328,21.25,21.350000381469727,19.51909828186035,20652
2023-09-13,21.290000915527344,21.415000915527344,21.290000915527344,21.415000915527344,19.57852554321289,1845
2023-09-14,21.390600204467773,21.59000015258789,21.3700008392334,21.540000915527344,19.692806243896484,14077
2023-09-15,21.350000381469727,21.52389907836914,21.350000381469727,21.52389907836914,19.678083419799805,8444
2023-09-18,21.499900817871094,21.520000457763672,21.450000762939453,21.459999084472656,19.61966323852539,2359
2023-09-19,21.485000610351562,21.499900817871094,21.399999618530273,21.45009994506836,19.610614776611328,8418
2023-09-20,21.422300338745117,21.540700912475586,21.42009925842285,21.43000030517578,19.592239379882812,19991
2023-09-21,21.450000762939453,21.5049991607666,21.18000030517578,21.180099487304688,19.363767623901367,8278
2023-09-22,21.149999618530273,21.243000030517578,20.7450008392334,21.120100021362305,19.308914184570312,30037
2023-09-25,20.959999084472656,21.125,20.759599685668945,20.815000534057617,19.029977798461914,39371
2023-09-26,20.850000381469727,21.011899948120117,20.739999771118164,20.819799423217773,19.034366607666016,15824
2023-09-27,20.860000610351562,20.903600692749023,20.530000686645508,20.649999618530273,18.879127502441406,11300
2023-09-28,20.709999084472656,20.709999084472656,20.299999237060547,20.59000015258789,18.82427406311035,31514
2023-09-29,20.610000610351562,21.18000030517578,20.610000610351562,21.1299991607666,19.317962646484375,18008
2023-10-02,21.010000228881836,21.109399795532227,20.719999313354492,20.799999237060547,19.016263961791992,10021
2023-10-03,20.799999237060547,20.799999237060547,20.030000686645508,20.469999313354492,18.714563369750977,34082
2023-10-04,20.69409942626953,20.700000762939453,20.19499969482422,20.43000030517578,18.677995681762695,15312
2023-10-05,20.389999389648438,20.56999969482422,20.209999084472656,20.360000610351562,18.613996505737305,7064
2023-10-06,20.219999313354492,20.360000610351562,20.18000030517578,20.260000228881836,18.522571563720703,5002
2023-10-09,20.309999465942383,20.5,20.290000915527344,20.489999771118164,18.732847213745117,3826
2023-10-10,20.510000228881836,20.91950035095215,20.510000228881836,20.799999237060547,19.016263961791992,13860
2023-10-11,20.75,20.75,20.270000457763672,20.270000457763672,18.995468139648438,8162
2023-10-12,20.25,20.25,20.020000457763672,20.149999618530273,18.883014678955078,7600
2023-10-13,20.229999542236328,20.229999542236328,19.75,20.0,18.742446899414062,16224
2023-10-16,20.1200008392334,20.149999618530273,19.869699478149414,19.989999771118164,18.733076095581055,9992
2023-10-17,19.969999313354492,20.049999237060547,19.760000228881836,20.0,18.742446899414062,20227
2023-10-18,19.959999084472656,19.969999313354492,19.75,19.790000915527344,18.545652389526367,4921
2023-10-19,19.719999313354492,19.950000762939453,19.549999237060547,19.780000686645508,18.53628158569336,14621
2023-10-20,19.690000534057617,19.959999084472656,19.270000457763672,19.959999084472656,18.7049617767334,4592
2023-10-23,19.969999313354492,19.969999313354492,19.600000381469727,19.690099716186523,18.4520320892334,7469
2023-10-24,19.760000228881836,19.828500747680664,19.540000915527344,19.739999771118164,18.498794555664062,3287
2023-10-25,19.809999465942383,19.809999465942383,19.17060089111328,19.229999542236328,18.020862579345703,8571
2023-10-26,19.284500122070312,19.290000915527344,18.850000381469727,18.979999542236328,17.786582946777344,14517
2023-10-27,18.950000762939453,19.299999237060547,18.860000610351562,18.979999542236328,17.786582946777344,10123
2023-10-30,18.969999313354492,19.07979965209961,18.920000076293945,18.969999313354492,17.777210235595703,3804
2023-10-31,19.25,19.739999771118164,19.25,19.65999984741211,18.423824310302734,11266
2023-11-01,19.399999618530273,20.170000076293945,19.399999618530273,20.170000076293945,18.901756286621094,8862
2023-11-02,20.299999237060547,20.68000030517578,20.299999237060547,20.514999389648438,19.225065231323242,15487
2023-11-03,20.65999984741211,20.75,20.549999237060547,20.75,19.445289611816406,11174
2023-11-06,20.75,20.82990074157715,20.700000762939453,20.719999313354492,19.417173385620117,20908
2023-11-07,20.739999771118164,20.739999771118164,20.3799991607666,20.66119956970215,19.362071990966797,20432
2023-11-08,20.649999618530273,20.649999618530273,20.399999618530273,20.48900032043457,19.200698852539062,9585
2023-11-09,20.739999771118164,20.739999771118164,20.424999237060547,20.700000762939453,19.398433685302734,5271
2023-11-10,20.739999771118164,20.739999771118164,20.51219940185547,20.739999771118164,19.435916900634766,9143
2023-11-13,20.739999771118164,20.739999771118164,20.481000900268555,20.594999313354492,19.300033569335938,4072
2023-11-14,20.739999771118164,20.90999984741211,20.739999771118164,20.799999237060547,19.492143630981445,2253
2023-11-15,20.829999923706055,20.850000381469727,20.75,20.760000228881836,19.454660415649414,9693
2023-11-16,20.649999618530273,20.75,20.5,20.716299057006836,19.413707733154297,5937
2023-11-17,20.639999389648438,20.639999389648438,20.545000076293945,20.559999465942383,19.267234802246094,1676
2023-11-20,20.549999237060547,20.860000610351562,20.415000915527344,20.760000228881836,19.454660415649414,7558
2023-11-21,20.799999237060547,21.0,20.79990005493164,20.915000915527344,19.59991455078125,5217
2023-11-22,20.725000381469727,20.88990020751953,20.559999465942383,20.750099182128906,19.44538116455078,7439
2023-11-24,20.75,20.790000915527344,20.520000457763672,20.520000457763672,19.229751586914062,3011
2023-11-27,20.42530059814453,20.790000915527344,20.42530059814453,20.729999542236328,19.426546096801758,3939
2023-11-28,20.639999389648438,20.940000534057617,20.639999389648438,20.899900436401367,19.585763931274414,3063
2023-11-29,20.889999389648438,21.16900062561035,20.889999389648438,21.020000457763672,19.69831085205078,8513
2023-11-30,20.959999084472656,21.34000015258789,20.83009910583496,21.34000015258789,19.998191833496094,17361
2023-12-01,21.25,21.450000762939453,21.0,21.320100784301758,19.979541778564453,9969
2023-12-04,21.25,21.600000381469727,21.200000762939453,21.56999969482422,20.213727951049805,10878
2023-12-05,21.600000381469727,21.940000534057617,21.424999237060547,21.8700008392334,20.4948673248291,5138
2023-12-06,21.850000381469727,21.979999542236328,21.690000534057617,21.690000534057617,20.326183319091797,9173
2023-12-07,21.700000762939453,22.030000686645508,21.700000762939453,21.934999465942383,20.555776596069336,8221
2023-12-08,21.899999618530273,21.93000030517578,21.719999313354492,21.920000076293945,20.54172134399414,6667
2023-12-11,22.030000686645508,22.030000686645508,21.59749984741211,21.834999084472656,20.462066650390625,2279
2023-12-12,21.75,22.1200008392334,21.639999389648438,21.93000030517578,20.55109214782715,11110
2023-12-13,21.8700008392334,22.15999984741211,21.8700008392334,22.111900329589844,20.721555709838867,12821
2023-12-14,21.834999084472656,22.229999542236328,21.834999084472656,22.15999984741211,20.76662826538086,10072
2023-12-15,22.280000686645508,22.280000686645508,22.1200008392334,22.142499923706055,20.75023078918457,5114
2023-12-18,22.260000228881836,22.280000686645508,22.100000381469727,22.260000228881836,20.86034393310547,10286
2023-12-19,22.299999237060547,22.479999542236328,22.25,22.479999542236328,21.066509246826172,19496
2023-12-20,22.30579948425293,22.579999923706055,22.30579948425293,22.579999923706055,21.160221099853516,8729
2023-12-21,22.639999389648438,22.90999984741211,22.6299991607666,22.90999984741211,21.469470977783203,3189
2023-12-22,22.90999984741211,23.0,22.90999984741211,22.93000030517578,21.48821449279785,4750
2023-12-26,22.93000030517578,23.09000015258789,22.840599060058594,22.850000381469727,21.413246154785156,6911
2023-12-27,22.889999389648438,22.979999542236328,22.889999389648438,22.899999618530273,21.460102081298828,5944
2023-12-28,22.75,23.09000015258789,22.719999313354492,22.719999313354492,21.291419982910156,6306
2023-12-29,22.871599197387695,22.871599197387695,22.389999389648438,22.389999389648438,20.98217010498047,15477
2024-01-02,22.399999618530273,22.780000686645508,22.3799991607666,22.579999923706055,21.160221099853516,13493
2024-01-03,22.809999465942383,22.809999465942383,22.5,22.649999618530273,21.225820541381836,6988
2024-01-04,22.600000381469727,22.809999465942383,22.561599731445312,22.690000534057617,21.2633056640625,3845
2024-01-05,22.809999465942383,22.809999465942383,22.704999923706055,22.760000228881836,21.32890510559082,3254
2024-01-08,22.760000228881836,22.889999389648438,22.639999389648438,22.889999389648438,21.450729370117188,4609
2024-01-09,22.809999465942383,22.989999771118164,22.809999465942383,22.950000762939453,21.5069580078125,5198
2024-01-10,22.829999923706055,23.069900512695312,22.829999923706055,23.059999465942383,21.61004066467285,2426
2024-01-11,22.780000686645508,22.789899826049805,22.639999389648438,22.639999389648438,21.694181442260742,8104
2024-01-12,22.639999389648438,22.719999313354492,22.639999389648438,22.719999313354492,21.77083969116211,2718
2024-01-16,22.639999389648438,22.860000610351562,22.639999389648438,22.760000228881836,21.80916976928711,10094
2024-01-17,22.700000762939453,22.84309959411621,22.700000762939453,22.700000762939453,21.751676559448242,2324
2024-01-18,22.780000686645508,22.780000686645508,22.71500015258789,22.780000686645508,21.828332901000977,3703
2024-01-19,22.670000076293945,22.857999801635742,22.670000076293945,22.825000762939453,21.8714542388916,1866
2024-01-22,22.760000228881836,22.950000762939453,22.760000228881836,22.950000762939453,21.99123191833496,2656
2024-01-23,22.739999771118164,22.95829963684082,22.739999771118164,22.81999969482422,21.866662979125977,1767
2024-01-24,22.790000915527344,22.81999969482422,22.450000762939453,22.600000381469727,21.655853271484375,8860
2024-01-25,22.600000381469727,22.82990074157715,22.450000762939453,22.5,21.560029983520508,51495
2024-01-26,22.6299991607666,22.799999237060547,22.420000076293945,22.450000762939453,21.512121200561523,47885
2024-01-29,22.559999465942383,22.700000762939453,22.389999389648438,22.700000762939453,21.751676559448242,32652
2024-01-30,22.700000762939453,22.700000762939453,22.400100708007812,22.65999984741211,21.713346481323242,9640
2024-01-31,22.649999618530273,22.670000076293945,22.450000762939453,22.459999084472656,21.52170181274414,6333
2024-02-01,22.520000457763672,22.790000915527344,22.520000457763672,22.729999542236328,21.78042221069336,3899
2024-02-02,22.780000686645508,22.780000686645508,22.649999618530273,22.68000030517578,21.732511520385742,3039
2024-02-05,22.700000762939453,22.75,22.370100021362305,22.520000457763672,21.579195022583008,2877
2024-02-06,22.450000762939453,22.67840003967285,22.450000762939453,22.635000228881836,21.68939208984375,1256
2024-02-07,22.639999389648438,22.639999389648438,22.520000457763672,22.550199508666992,21.60813331604004,6840
2024-02-08,22.71500015258789,22.829999923706055,22.700000762939453,22.764999389648438,21.8139591217041,5211
2024-02-09,22.850000381469727,22.980499267578125,22.850000381469727,22.90999984741211,21.95290184020996,5521
2024-02-12,22.90999984741211,22.979999542236328,22.886199951171875,22.940000534057617,21.98164939880371,11752
2024-02-13,22.860000610351562,22.860000610351562,22.540000915527344,22.540000915527344,21.59836196899414,3577
2024-02-14,22.61389923095703,22.670000076293945,22.600099563598633,22.639999389648438,21.694181442260742,2187
2024-02-15,22.65999984741211,22.87700080871582,22.6299991607666,22.649999618530273,21.703763961791992,1921
2024-02-16,22.739999771118164,22.770000457763672,22.6299991607666,22.770000457763672,21.81875228881836,1163
2024-02-20,22.950000762939453,23.190000534057617,22.899999618530273,23.06999969482422,22.106218338012695,13288
2024-02-21,23.09000015258789,23.200000762939453,23.06999969482422,23.100000381469727,22.134965896606445,7780
2024-02-22,23.200000762939453,23.200000762939453,23.06999969482422,23.15999984741211,22.192459106445312,3975
2024-02-23,23.200000762939453,23.5,23.200000762939453,23.440000534057617,22.46076202392578,12489
2024-02-26,23.399999618530273,23.489999771118164,23.300100326538086,23.309999465942383,22.336191177368164,11544
2024-02-27,23.280000686645508,23.280000686645508,23.180099487304688,23.25,22.278697967529297,934
2024-02-28,23.219999313354492,23.219999313354492,23.100000381469727,23.204999923706055,22.235578536987305,7850
2024-02-29,23.170000076293945,23.219999313354492,23.0,23.139999389648438,22.173294067382812,10620
2024-03-01,23.43320083618164,23.43320083618164,22.899999618530273,23.149999618530273,22.182876586914062,5244
2024-03-04,23.200000762939453,23.200000762939453,22.8700008392334,23.0,22.039142608642578,5688
2024-03-05,22.950000762939453,22.950000762939453,22.834999084472656,22.8700008392334,21.914575576782227,3444
2024-03-06,22.8700008392334,22.8700008392334,22.770000457763672,22.77989959716797,21.828237533569336,10252
2024-03-07,22.7450008392334,23.075000762939453,22.739999771118164,22.92690086364746,21.969097137451172,47176
2024-03-08,23.139999389648438,23.299999237060547,22.996000289916992,23.190000534057617,22.221206665039062,8732
2024-03-11,23.06999969482422,23.450000762939453,22.9822998046875,23.242000579833984,22.271032333374023,12640
2024-03-12,23.287900924682617,23.35379981994629,23.010000228881836,23.274999618530273,22.302654266357422,13332
2024-03-13,23.40999984741211,23.474000930786133,23.309999465942383,23.399999618530273,22.42243194580078,15727
2024-03-14,23.31999969482422,23.799999237060547,23.299999237060547,23.3700008392334,22.393686294555664,5371
2024-03-15,23.31999969482422,23.80500030517578,23.31999969482422,23.420000076293945,22.44159698486328,3317
2024-03-18,23.270000457763672,23.479999542236328,23.270000457763672,23.399999618530273,22.42243194580078,4482
2024-03-19,23.457199096679688,23.479999542236328,23.450000762939453,23.450000762939453,22.47034454345703,5219
2024-03-20,23.450000762939453,23.479999542236328,23.229999542236328,23.469999313354492,22.4895076751709,9345
2024-03-21,23.420000076293945,23.469999313354492,23.399999618530273,23.43000030517578,22.45117950439453,2923
2024-03-22,23.399999618530273,23.456300735473633,23.239999771118164,23.25,22.278697967529297,18042
2024-03-25,23.170000076293945,23.469999313354492,23.139999389648438,23.364999771118164,22.38889503479004,33928
2024-03-26,23.440000534057617,23.443099975585938,23.150100708007812,23.329999923706055,22.355356216430664,4452
2024-03-27,23.309999465942383,23.420000076293945,23.309999465942383,23.420000076293945,22.44159698486328,3048
2024-03-28,23.479999542236328,23.479999542236328,22.90999984741211,22.920000076293945,21.96248435974121,54225
2024-04-01,23.100000381469727,23.36210060119629,23.100000381469727,23.36210060119629,22.38611602783203,5838
2024-04-02,23.350000381469727,23.43000030517578,23.122499465942383,23.290000915527344,22.31702995300293,7561
2024-04-03,23.42530059814453,23.42530059814453,23.25,23.350000381469727,22.374521255493164,3940
2024-04-04,23.469999313354492,23.721500396728516,23.38909912109375,23.59000015258789,22.604494094848633,4561
2024-04-05,23.68000030517578,23.68000030517578,23.43000030517578,23.649999618530273,22.6619873046875,2444
2024-04-08,23.75,23.75,23.602100372314453,23.649999618530273,22.6619873046875,2979
2024-04-09,23.559999465942383,23.709999084472656,23.549999237060547,23.649999618530273,22.6619873046875,6510
2024-04-10,23.600000381469727,23.700000762939453,23.450000762939453,23.690000534057617,22.7003173828125,23399
2024-04-11,23.34000015258789,23.34000015258789,23.010000228881836,23.059999465942383,22.580665588378906,11673
2024-04-12,23.190000534057617,23.207000732421875,23.079999923706055,23.1200008392334,22.639421463012695,6017
2024-04-15,23.079999923706055,23.079999923706055,22.24370002746582,22.440000534057617,21.973554611206055,6476
2024-04-16,22.440000534057617,22.5,22.166799545288086,22.290000915527344,21.82667350769043,24110
2024-04-17,22.399999618530273,22.440000534057617,22.299999237060547,22.34000015258789,21.875633239746094,5448
2024-04-18,22.219999313354492,22.304800033569336,22.200000762939453,22.290000915527344,21.82667350769043,12377
2024-04-19,22.31999969482422,22.479999542236328,22.25,22.25,21.787504196166992,8930
2024-04-22,22.260000228881836,22.34280014038086,22.25,22.34280014038086,21.878374099731445,4068
2024-04-23,22.350000381469727,22.59000015258789,22.298200607299805,22.479999542236328,22.01272201538086,17217
2024-04-24,22.40999984741211,22.40999984741211,22.299999237060547,22.350000381469727,21.885425567626953,5458
2024-04-25,22.200000762939453,22.350000381469727,22.200000762939453,22.350000381469727,21.885425567626953,6202
2024-04-26,22.420000076293945,22.5,22.299999237060547,22.299999237060547,21.836463928222656,5186
2024-04-29,22.299999237060547,22.795900344848633,22.299999237060547,22.600000381469727,22.13022804260254,15314
2024-04-30,22.6299991607666,22.950000762939453,22.6299991607666,22.90999984741211,22.43378448486328,8562
2024-05-01,22.920000076293945,23.033599853515625,22.674999237060547,22.969999313354492,22.492536544799805,8411
2024-05-02,22.799999237060547,23.079999923706055,22.799999237060547,22.950000762939453,22.47295379638672,9022
2024-05-03,23.0,23.059999465942383,22.920000076293945,23.049999237060547,22.570873260498047,3845
2024-05-06,23.059999465942383,23.139999389648438,23.020000457763672,23.059999465942383,22.580665588378906,4914
2024-05-07,23.200000762939453,23.210100173950195,23.010000228881836,23.010000228881836,22.531705856323242,10732
2024-05-08,23.0,23.25,23.0,23.010000228881836,22.531705856323242,5672
2024-05-09,23.09000015258789,23.09000015258789,22.940000534057617,23.010000228881836,22.531705856323242,4022
2024-05-10,22.829999923706055,23.049999237060547,22.709999084472656,23.049999237060547,22.570873260498047,8940
2024-05-13,22.950000762939453,23.209999084472656,22.93000030517578,23.209999084472656,22.727548599243164,3655
2024-05-14,23.209999084472656,23.270000457763672,22.979999542236328,23.095800399780273,22.61572265625,3419
2024-05-15,23.190000534057617,23.219999313354492,23.13990020751953,23.170000076293945,22.68838119506836,3618
2024-05-16,23.274700164794922,23.27869987487793,23.18000030517578,23.27869987487793,22.79482078552246,2660
2024-05-17,23.25,23.469999313354492,23.149999618530273,23.40130043029785,22.914873123168945,9778
2024-05-20,23.360000610351562,23.469999313354492,23.219999313354492,23.329999923706055,22.845054626464844,10374
2024-05-21,23.211299896240234,23.450000762939453,23.209999084472656,23.450000762939453,22.962560653686523,3531
2024-05-22,23.240100860595703,23.450000762939453,23.240100860595703,23.450000762939453,22.962560653686523,1490
2024-05-23,23.200000762939453,23.200000762939453,23.200000762939453,23.200000762939453,22.717758178710938,1196
2024-05-24,23.110000610351562,23.450000762939453,23.110000610351562,23.239999771118164,22.756925582885742,8698
2024-05-28,23.299999237060547,23.299999237060547,23.06999969482422,23.200000762939453,22.717758178710938,8301
2024-05-29,23.299999237060547,23.299999237060547,23.083799362182617,23.083799362182617,22.603971481323242,2603
2024-05-30,23.0,23.299999237060547,23.0,23.299999237060547,22.815677642822266,2640
2024-05-31,23.239999771118164,23.5,23.15999984741211,23.399999618530273,22.913599014282227,8403
2024-06-03,23.479999542236328,23.489999771118164,23.31999969482422,23.40999984741211,22.923391342163086,7464
2024-06-04,23.409700393676758,23.450000762939453,23.31999969482422,23.389999389648438,22.903806686401367,6977
2024-06-05,23.459999084472656,23.459999084472656,23.1200008392334,23.239999771118164,22.756925582885742,8828
2024-06-06,23.219999313354492,23.280000686645508,23.200000762939453,23.21500015258789,22.732444763183594,3161
2024-06-07,23.139999389648438,23.2632999420166,23.139999389648438,23.18000030517578,22.69817352294922,3385
2024-06-10,23.200000762939453,23.260000228881836,23.139999389648438,23.260000228881836,22.77651023864746,2795
2024-06-11,23.1200008392334,23.260000228881836,23.030000686645508,23.030000686645508,22.55129051208496,7078
2024-06-12,23.079999923706055,23.1299991607666,22.959999084472656,23.040000915527344,22.56108283996582,12955
2024-06-13,23.0,23.056499481201172,22.889999389648438,22.940000534057617,22.46316146850586,6746
2024-06-14,22.979999542236328,22.979999542236328,22.888700485229492,22.93000030517578,22.453369140625,5653
2024-06-17,22.829999923706055,23.239900588989258,22.829999923706055,23.15999984741211,22.6785888671875,20834
2024-06-18,23.260000228881836,23.280000686645508,23.049999237060547,23.149999618530273,22.66879653930664,6103
2024-06-20,23.302200317382812,23.419700622558594,23.110000610351562,23.260000228881836,22.77651023864746,12838
2024-06-21,23.170000076293945,23.379899978637695,23.170000076293945,23.200000762939453,22.717758178710938,3234
2024-06-24,23.260000228881836,23.440000534057617,23.260000228881836,23.309999465942383,22.825469970703125,4272
2024-06-25,23.31999969482422,23.369699478149414,23.290000915527344,23.290000915527344,22.80588722229004,2163
2024-06-26,23.170000076293945,23.350000381469727,23.170000076293945,23.25,22.7667179107666,6281
2024-06-27,23.399999618530273,23.399999618530273,23.299999237060547,23.299999237060547,22.815677642822266,3719
2024-06-28,23.399999618530273,23.399999618530273,22.979999542236328,23.149999618530273,22.66879653930664,9150
2024-07-01,23.258499145507812,23.450000762939453,23.229999542236328,23.399999618530273,22.913599014282227,7113
2024-07-02,23.450000762939453,23.450000762939453,23.350000381469727,23.399999618530273,22.913599014282227,7384
2024-07-03,23.449899673461914,23.579999923706055,23.299999237060547,23.559999465942383,23.07027244567871,16029
2024-07-05,23.579999923706055,23.770000457763672,23.48900032043457,23.56999969482422,23.08006477355957,9463
2024-07-08,23.639999389648438,23.8799991607666,23.639999389648438,23.809999465942383,23.31507682800293,7406
2024-07-09,23.75,23.860000610351562,23.700000762939453,23.83049964904785,23.33514976501465,3130
2024-07-10,23.829999923706055,24.06999969482422,23.799999237060547,23.901599884033203,23.404773712158203,14314
2024-07-11,24.1299991607666,24.56999969482422,24.040000915527344,24.43000030517578,23.922189712524414,9306
2024-07-12,23.979999542236328,23.979999542236328,23.724700927734375,23.724700927734375,23.724700927734375,11750
2024-07-15,23.729999542236328,23.950000762939453,23.719999313354492,23.719999313354492,23.719999313354492,8464
2024-07-16,23.81170082092285,23.8700008392334,23.72010040283203,23.72010040283203,23.72010040283203,1714
2024-07-17,23.829999923706055,23.889999389648438,23.829999923706055,23.878000259399414,23.878000259399414,6151
2024-07-18,23.850000381469727,23.850000381469727,23.770000457763672,23.80699920654297,23.80699920654297,2190
2024-07-19,23.81999969482422,23.873899459838867,23.81999969482422,23.84000015258789,23.84000015258789,2158
2024-07-22,23.860000610351562,23.950000762939453,23.840299606323242,23.950000762939453,23.950000762939453,4126
2024-07-23,23.920000076293945,24.09000015258789,23.700000762939453,23.799999237060547,23.799999237060547,10845
2024-07-24,23.912500381469727,23.912500381469727,23.81999969482422,23.81999969482422,23.81999969482422,2000
2024-07-25,23.783599853515625,23.95199966430664,23.783599853515625,23.90999984741211,23.90999984741211,4136
2024-07-26,23.860000610351562,23.950000762939453,23.860000610351562,23.950000762939453,23.950000762939453,6526
2024-07-29,24.079999923706055,24.1299991607666,23.899999618530273,23.989999771118164,23.989999771118164,9475
2024-07-30,23.959999084472656,23.979999542236328,23.899999618530273,23.979999542236328,23.979999542236328,6615
2024-07-31,23.93000030517578,24.0,23.93000030517578,23.940000534057617,23.940000534057617,4080
2024-08-01,23.96030044555664,24.049999237060547,23.940000534057617,24.049999237060547,24.049999237060547,5800
2024-08-02,24.280000686645508,24.299999237060547,23.899999618530273,23.90999984741211,23.90999984741211,11648
2024-08-05,23.700000762939453,23.760000228881836,23.5,23.56999969482422,23.56999969482422,7685
2024-08-06,23.639999389648438,23.809999465942383,23.350000381469727,23.499900817871094,23.499900817871094,9831
2024-08-07,23.329999923706055,23.690000534057617,23.329999923706055,23.627500534057617,23.627500534057617,2866
2024-08-08,23.5,23.799999237060547,23.5,23.799999237060547,23.799999237060547,4195
2024-08-09,23.8799991607666,23.8799991607666,23.610000610351562,23.610000610351562,23.610000610351562,2773
2024-08-12,23.440000534057617,23.8799991607666,23.420000076293945,23.850000381469727,23.850000381469727,9207
2024-08-13,23.799999237060547,23.88990020751953,23.600000381469727,23.649999618530273,23.649999618530273,10119
2024-08-14,23.888900756835938,23.889999389648438,23.74570083618164,23.889999389648438,23.889999389648438,7989
2024-08-15,23.889999389648438,24.110000610351562,23.850000381469727,23.989999771118164,23.989999771118164,16453
2024-08-16,23.989999771118164,24.149999618530273,23.8700008392334,24.1200008392334,24.1200008392334,9227
2024-08-19,24.020000457763672,24.094999313354492,23.989999771118164,24.020000457763672,24.020000457763672,11704
2024-08-20,24.040000915527344,24.104999542236328,23.959999084472656,24.056400299072266,24.056400299072266,4938
2024-08-21,23.90999984741211,24.149999618530273,23.90999984741211,23.969999313354492,23.969999313354492,11835
2024-08-22,23.899999618530273,24.21660041809082,23.899999618530273,24.049999237060547,24.049999237060547,7428
2024-08-23,24.225000381469727,24.225000381469727,24.149999618530273,24.149999618530273,24.149999618530273,2994
2024-08-26,24.149999618530273,24.200000762939453,24.149999618530273,24.200000762939453,24.200000762939453,3731
2024-08-27,24.229999542236328,24.229999542236328,24.100000381469727,24.190000534057617,24.190000534057617,2182
2024-08-28,24.25,24.25,24.09000015258789,24.219999313354492,24.219999313354492,4308
2024-08-29,24.09000015258789,24.239999771118164,23.920000076293945,24.19499969482422,24.19499969482422,11238
2024-08-30,24.209999084472656,24.75,24.149999618530273,24.540000915527344,24.540000915527344,61670
2024-09-03,24.469999313354492,24.540000915527344,24.299999237060547,24.489999771118164,24.489999771118164,22413
2024-09-04,24.450000762939453,24.8799991607666,24.399999618530273,24.399999618530273,24.399999618530273,10917
2024-09-05,24.610000610351562,24.798599243164062,24.5,24.55459976196289,24.55459976196289,8513
2024-09-06,24.6200008392334,24.780000686645508,24.559999465942383,24.75,24.75,15087
2024-09-09,24.75,24.799999237060547,24.700000762939453,24.799999237060547,24.799999237060547,6083
2024-09-10,24.799999237060547,24.865100860595703,24.587499618530273,24.850000381469727,24.850000381469727,6969
2024-09-11,24.850000381469727,24.90999984741211,24.774999618530273,24.860000610351562,24.860000610351562,13484
2024-09-12,24.6299991607666,25.0,24.6299991607666,24.899999618530273,24.899999618530273,10610
2024-09-13,24.924999237060547,24.924999237060547,24.850000381469727,24.850000381469727,24.850000381469727,5934
2024-09-16,24.700000762939453,24.920000076293945,24.700000762939453,24.920000076293945,24.920000076293945,6921
2024-09-17,24.920000076293945,24.959999084472656,24.850000381469727,24.850000381469727,24.850000381469727,3669
2024-09-18,24.889999389648438,24.994300842285156,24.799999237060547,24.950000762939453,24.950000762939453,5595
2024-09-19,24.950000762939453,25.0,24.817100524902344,24.950000762939453,24.950000762939453,6541
2024-09-20,24.950000762939453,24.923999786376953,24.8799991607666,24.889999389648438,24.889999389648438,5305
