Date,Open,High,Low,Close,Adj Close,Volume
1997-01-14,6.353059768676758,6.891455173492432,6.353059768676758,6.891455173492432,5.142497539520264,5572
1997-01-15,6.999134063720703,7.537528991699219,6.999134063720703,7.537528991699219,5.624607563018799,6036
1997-01-16,7.429850101470947,7.64520788192749,7.429850101470947,7.537528991699219,5.624607563018799,5572
1997-01-17,7.64520788192749,7.64520788192749,7.376010894775391,7.376010894775391,5.504078388214111,3483
1997-01-20,7.322171211242676,7.322171211242676,6.999134063720703,6.999134063720703,5.222851276397705,6733
1997-01-21,6.999134063720703,7.052974224090576,6.891455173492432,6.891455173492432,5.142497539520264,6733
1997-01-22,6.783775806427002,6.783775806427002,6.783775806427002,6.783775806427002,5.06214714050293,1161
1997-01-23,6.6760969161987305,6.6760969161987305,6.4607391357421875,6.4607391357421875,4.821092128753662,9287
1997-01-24,6.4607391357421875,6.4607391357421875,6.4607391357421875,6.4607391357421875,4.821092128753662,0
1997-01-27,6.514578819274902,6.514578819274902,6.353059768676758,6.4607391357421875,4.821092128753662,4876
1997-01-28,6.4607391357421875,6.4607391357421875,6.4607391357421875,6.4607391357421875,4.821092128753662,0
1997-01-29,6.406899929046631,6.406899929046631,6.299221038818359,6.406899929046631,4.780917644500732,5804
1997-01-30,6.353059768676758,6.353059768676758,6.353059768676758,6.353059768676758,4.740740776062012,1161
1997-01-31,6.353059768676758,6.353059768676758,6.353059768676758,6.353059768676758,4.740740776062012,232
1997-02-03,6.353059768676758,6.353059768676758,6.353059768676758,6.353059768676758,4.740740776062012,0
1997-02-04,6.299221038818359,6.299221038818359,6.299221038818359,6.299221038818359,4.700564861297607,464
1997-02-05,6.406899929046631,6.406899929046631,6.353059768676758,6.353059768676758,4.740740776062012,3483
1997-02-06,6.406899929046631,6.406899929046631,6.191542148590088,6.191542148590088,4.620213031768799,8590
1997-02-07,6.191542148590088,6.299221038818359,6.191542148590088,6.245380878448486,4.660388946533203,1857
1997-02-10,6.299221038818359,6.299221038818359,6.299221038818359,6.299221038818359,4.700564861297607,464
1997-02-11,6.353059768676758,6.353059768676758,6.353059768676758,6.353059768676758,4.740740776062012,464
1997-02-12,6.406899929046631,6.406899929046631,6.406899929046631,6.406899929046631,4.780917644500732,697
1997-02-13,6.353059768676758,6.353059768676758,6.353059768676758,6.353059768676758,4.740740776062012,2322
1997-02-14,6.353059768676758,6.568418025970459,6.353059768676758,6.568418025970459,4.9014458656311035,4876
1997-02-18,6.568418025970459,6.568418025970459,6.514578819274902,6.514578819274902,4.861270427703857,6269
1997-02-19,6.622258186340332,6.7299370765686035,6.622258186340332,6.7299370765686035,5.021970748901367,4876
1997-02-20,6.6760969161987305,6.837615966796875,6.6760969161987305,6.837615966796875,5.102322578430176,4876
1997-02-21,6.837615966796875,6.837615966796875,6.837615966796875,6.837615966796875,5.102322578430176,0
1997-02-24,6.891455173492432,6.891455173492432,6.837615966796875,6.837615966796875,5.102322578430176,2554
1997-02-25,6.783775806427002,6.783775806427002,6.783775806427002,6.783775806427002,5.06214714050293,2322
1997-02-26,6.891455173492432,6.891455173492432,6.891455173492432,6.891455173492432,5.142497539520264,697
1997-02-27,6.783775806427002,6.837615966796875,6.783775806427002,6.837615966796875,5.102322578430176,2786
1997-02-28,6.837615966796875,6.837615966796875,6.783775806427002,6.783775806427002,5.06214714050293,1857
1997-03-03,6.783775806427002,6.783775806427002,6.783775806427002,6.783775806427002,5.06214714050293,0
1997-03-04,6.7299370765686035,6.7299370765686035,6.7299370765686035,6.7299370765686035,5.021970748901367,1161
1997-03-05,6.7299370765686035,6.7299370765686035,6.7299370765686035,6.7299370765686035,5.021970748901367,0
1997-03-06,6.837615966796875,6.837615966796875,6.837615966796875,6.837615966796875,5.102322578430176,1393
1997-03-07,6.837615966796875,6.837615966796875,6.783775806427002,6.783775806427002,5.06214714050293,3715
1997-03-10,6.7299370765686035,6.7299370765686035,6.6760969161987305,6.6760969161987305,4.981795310974121,1625
1997-03-11,6.783775806427002,6.837615966796875,6.6760969161987305,6.837615966796875,5.102322578430176,3947
1997-03-12,6.783775806427002,6.783775806427002,6.783775806427002,6.783775806427002,5.06214714050293,697
1997-03-13,6.783775806427002,6.783775806427002,6.6760969161987305,6.6760969161987305,4.981795310974121,9519
1997-03-14,6.6760969161987305,6.6760969161987305,6.6760969161987305,6.6760969161987305,4.981795310974121,0
1997-03-17,6.6760969161987305,6.6760969161987305,6.6760969161987305,6.6760969161987305,4.981795310974121,0
1997-03-18,6.6760969161987305,6.6760969161987305,6.6760969161987305,6.6760969161987305,4.981795310974121,0
1997-03-19,6.622258186340332,6.622258186340332,6.622258186340332,6.622258186340332,4.941619873046875,697
1997-03-20,6.622258186340332,6.622258186340332,6.568418025970459,6.568418025970459,4.9014458656311035,1161
1997-03-21,6.568418025970459,6.568418025970459,6.568418025970459,6.568418025970459,4.9014458656311035,0
1997-03-24,6.6760969161987305,6.6760969161987305,6.6760969161987305,6.6760969161987305,4.981795310974121,1161
1997-03-25,6.7299370765686035,6.783775806427002,6.7299370765686035,6.783775806427002,5.06214714050293,1393
1997-03-26,6.783775806427002,6.783775806427002,6.783775806427002,6.783775806427002,5.06214714050293,697
1997-03-27,6.783775806427002,6.783775806427002,6.6760969161987305,6.6760969161987305,4.981795310974121,2554
1997-03-31,6.6760969161987305,6.6760969161987305,6.6760969161987305,6.6760969161987305,4.981795310974121,1161
1997-04-01,6.6760969161987305,6.6760969161987305,6.6760969161987305,6.6760969161987305,4.981795310974121,232
1997-04-02,6.6760969161987305,6.6760969161987305,6.6760969161987305,6.6760969161987305,4.981795310974121,0
1997-04-03,6.6760969161987305,6.6760969161987305,6.622258186340332,6.622258186340332,4.941619873046875,1393
1997-04-04,6.622258186340332,6.622258186340332,6.622258186340332,6.622258186340332,4.941619873046875,0
1997-04-07,6.622258186340332,6.622258186340332,6.622258186340332,6.622258186340332,4.941619873046875,0
1997-04-08,6.568418025970459,6.568418025970459,6.568418025970459,6.568418025970459,4.9014458656311035,1625
1997-04-09,6.568418025970459,6.622258186340332,6.4607391357421875,6.4607391357421875,4.821092128753662,4643
1997-04-10,6.4607391357421875,6.4607391357421875,6.4607391357421875,6.4607391357421875,4.821092128753662,0
1997-04-11,6.4607391357421875,6.4607391357421875,6.299221038818359,6.299221038818359,4.716286659240723,2786
1997-04-14,6.299221038818359,6.406899929046631,6.299221038818359,6.406899929046631,4.796905517578125,1393
1997-04-15,6.406899929046631,6.406899929046631,6.406899929046631,6.406899929046631,4.796905517578125,0
1997-04-16,6.406899929046631,6.406899929046631,6.406899929046631,6.406899929046631,4.796905517578125,0
1997-04-17,6.406899929046631,6.406899929046631,6.406899929046631,6.406899929046631,4.796905517578125,0
1997-04-18,6.406899929046631,6.406899929046631,6.406899929046631,6.406899929046631,4.796905517578125,464
1997-04-21,6.353059768676758,6.353059768676758,6.353059768676758,6.353059768676758,4.756597995758057,464
1997-04-22,6.353059768676758,6.353059768676758,6.353059768676758,6.353059768676758,4.756597995758057,0
1997-04-23,6.353059768676758,6.353059768676758,6.353059768676758,6.353059768676758,4.756597995758057,0
1997-04-24,6.4607391357421875,6.4607391357421875,6.406899929046631,6.406899929046631,4.796905517578125,4411
1997-04-25,6.4607391357421875,6.4607391357421875,6.4607391357421875,6.4607391357421875,4.837217330932617,11609
1997-04-28,6.4607391357421875,6.4607391357421875,6.4607391357421875,6.4607391357421875,4.837217330932617,0
1997-04-29,6.4607391357421875,6.4607391357421875,6.4607391357421875,6.4607391357421875,4.837217330932617,0
1997-04-30,6.4607391357421875,6.4607391357421875,6.4607391357421875,6.4607391357421875,4.837217330932617,0
1997-05-01,6.4607391357421875,6.4607391357421875,6.4607391357421875,6.4607391357421875,4.837217330932617,0
1997-05-02,6.4607391357421875,6.4607391357421875,6.4607391357421875,6.4607391357421875,4.837217330932617,0
1997-05-05,6.4607391357421875,6.4607391357421875,6.4607391357421875,6.4607391357421875,4.837217330932617,0
1997-05-06,6.4607391357421875,6.4607391357421875,6.4607391357421875,6.4607391357421875,4.837217330932617,0
1997-05-07,6.4607391357421875,6.4607391357421875,6.4607391357421875,6.4607391357421875,4.837217330932617,0
1997-05-08,6.4607391357421875,6.4607391357421875,6.4607391357421875,6.4607391357421875,4.837217330932617,1161
1997-05-09,6.406899929046631,6.406899929046631,6.299221038818359,6.299221038818359,4.716286659240723,5804
1997-05-12,6.353059768676758,6.353059768676758,6.353059768676758,6.353059768676758,4.756597995758057,464
1997-05-13,6.353059768676758,6.353059768676758,6.353059768676758,6.353059768676758,4.756597995758057,0
1997-05-14,6.353059768676758,6.353059768676758,6.353059768676758,6.353059768676758,4.756597995758057,0
1997-05-15,6.299221038818359,6.299221038818359,6.299221038818359,6.299221038818359,4.716286659240723,1161
1997-05-16,6.299221038818359,6.299221038818359,6.299221038818359,6.299221038818359,4.716286659240723,0
1997-05-19,6.245380878448486,6.245380878448486,6.191542148590088,6.191542148590088,4.6356658935546875,6965
1997-05-20,6.137701988220215,6.137701988220215,6.083862781524658,6.083862781524658,4.555046081542969,7197
1997-05-21,6.137701988220215,6.137701988220215,6.137701988220215,6.137701988220215,4.595357418060303,697
1997-05-22,6.137701988220215,6.137701988220215,6.137701988220215,6.137701988220215,4.595357418060303,232
1997-05-23,6.137701988220215,6.137701988220215,6.137701988220215,6.137701988220215,4.595357418060303,0
1997-05-27,6.083862781524658,6.083862781524658,6.083862781524658,6.083862781524658,4.555046081542969,2786
1997-05-28,6.083862781524658,6.083862781524658,6.083862781524658,6.083862781524658,4.555046081542969,0
1997-05-29,6.083862781524658,6.083862781524658,6.083862781524658,6.083862781524658,4.555046081542969,0
1997-05-30,6.083862781524658,6.083862781524658,6.083862781524658,6.083862781524658,4.555046081542969,0
1997-06-02,6.083862781524658,6.083862781524658,6.083862781524658,6.083862781524658,4.555046081542969,0
1997-06-03,6.030023097991943,6.030023097991943,6.030023097991943,6.030023097991943,4.514735698699951,464
1997-06-04,6.083862781524658,6.137701988220215,6.083862781524658,6.137701988220215,4.595357418060303,2322
1997-06-05,6.137701988220215,6.137701988220215,6.137701988220215,6.137701988220215,4.595357418060303,0
1997-06-06,6.191542148590088,6.191542148590088,6.191542148590088,6.191542148590088,4.6356658935546875,1161
1997-06-09,6.191542148590088,6.191542148590088,6.191542148590088,6.191542148590088,4.6356658935546875,0
1997-06-10,6.191542148590088,6.191542148590088,6.191542148590088,6.191542148590088,4.6356658935546875,0
1997-06-11,6.191542148590088,6.191542148590088,6.191542148590088,6.191542148590088,4.6356658935546875,0
1997-06-12,6.191542148590088,6.191542148590088,6.191542148590088,6.191542148590088,4.6356658935546875,0
1997-06-13,6.191542148590088,6.191542148590088,6.191542148590088,6.191542148590088,4.6356658935546875,0
1997-06-16,6.191542148590088,6.191542148590088,6.191542148590088,6.191542148590088,4.6356658935546875,0
1997-06-17,6.137701988220215,6.137701988220215,6.137701988220215,6.137701988220215,4.595357418060303,1161
1997-06-18,6.137701988220215,6.137701988220215,6.137701988220215,6.137701988220215,4.595357418060303,232
1997-06-19,6.083862781524658,6.191542148590088,6.083862781524658,6.191542148590088,4.6356658935546875,1393
1997-06-20,6.191542148590088,6.191542148590088,6.191542148590088,6.191542148590088,4.6356658935546875,0
1997-06-23,6.083862781524658,6.191542148590088,6.083862781524658,6.191542148590088,4.6356658935546875,3483
1997-06-24,6.191542148590088,6.191542148590088,6.191542148590088,6.191542148590088,4.6356658935546875,0
1997-06-25,6.245380878448486,6.245380878448486,6.030023097991943,6.030023097991943,4.514735698699951,6501
1997-06-26,6.030023097991943,6.030023097991943,6.030023097991943,6.030023097991943,4.514735698699951,0
1997-06-27,6.030023097991943,6.030023097991943,5.976183891296387,5.976183891296387,4.474424839019775,2322
1997-06-30,5.922344207763672,5.922344207763672,5.922344207763672,5.922344207763672,4.434114456176758,86600
1997-07-01,5.922344207763672,5.922344207763672,5.922344207763672,5.922344207763672,4.434114456176758,232
1997-07-02,5.868505001068115,5.868505001068115,5.760826110839844,5.868505001068115,4.409841060638428,11841
1997-07-03,5.868505001068115,5.868505001068115,5.868505001068115,5.868505001068115,4.409841060638428,0
1997-07-07,5.841585159301758,5.841585159301758,5.841585159301758,5.841585159301758,4.389613151550293,232
1997-07-08,5.841585159301758,5.922344207763672,5.841585159301758,5.922344207763672,4.450297832489014,697
1997-07-09,5.868505001068115,5.868505001068115,5.814664840698242,5.814664840698242,4.369385242462158,2322
1997-07-10,5.922344207763672,5.922344207763672,5.760826110839844,5.760826110839844,4.328925132751465,2786
1997-07-11,5.868505001068115,5.868505001068115,5.868505001068115,5.868505001068115,4.409841060638428,697
1997-07-14,5.868505001068115,5.868505001068115,5.868505001068115,5.868505001068115,4.409841060638428,697
1997-07-15,5.868505001068115,5.868505001068115,5.868505001068115,5.868505001068115,4.409841060638428,0
1997-07-16,5.868505001068115,6.137701988220215,5.868505001068115,6.137701988220215,4.612127780914307,9519
1997-07-17,6.137701988220215,6.137701988220215,6.137701988220215,6.137701988220215,4.612127780914307,0
1997-07-18,6.137701988220215,6.137701988220215,6.137701988220215,6.137701988220215,4.612127780914307,0
1997-07-21,6.137701988220215,6.137701988220215,6.083862781524658,6.083862781524658,4.571670055389404,1393
1997-07-22,6.191542148590088,6.191542148590088,6.191542148590088,6.191542148590088,4.652585506439209,464
1997-07-23,6.137701988220215,6.245380878448486,6.137701988220215,6.245380878448486,4.693043231964111,3715
1997-07-24,6.218461990356445,6.245380878448486,6.218461990356445,6.245380878448486,4.693043231964111,464
1997-07-25,6.245380878448486,6.245380878448486,6.245380878448486,6.245380878448486,4.693043231964111,232
1997-07-28,6.245380878448486,6.245380878448486,6.245380878448486,6.245380878448486,4.693043231964111,697
1997-07-29,6.245380878448486,6.406899929046631,6.245380878448486,6.406899929046631,4.8144121170043945,17645
1997-07-30,6.4607391357421875,6.4607391357421875,6.4607391357421875,6.4607391357421875,4.854870796203613,3715
1997-07-31,6.4607391357421875,6.4607391357421875,6.433819770812988,6.433819770812988,4.834641933441162,3018
1997-08-01,6.406899929046631,6.406899929046631,6.406899929046631,6.406899929046631,4.8144121170043945,929
1997-08-04,6.406899929046631,6.406899929046631,6.406899929046631,6.406899929046631,4.8144121170043945,0
1997-08-05,6.406899929046631,6.406899929046631,6.406899929046631,6.406899929046631,4.8144121170043945,232
1997-08-06,6.406899929046631,6.406899929046631,6.406899929046631,6.406899929046631,4.8144121170043945,464
1997-08-07,6.4607391357421875,6.4607391357421875,6.433819770812988,6.433819770812988,4.834641933441162,1161
1997-08-08,6.4607391357421875,6.4607391357421875,6.4607391357421875,6.4607391357421875,4.854870796203613,2322
1997-08-11,6.4607391357421875,6.4607391357421875,6.4607391357421875,6.4607391357421875,4.854870796203613,697
1997-08-12,6.4607391357421875,6.4607391357421875,6.4607391357421875,6.4607391357421875,4.854870796203613,232
1997-08-13,6.406899929046631,6.406899929046631,6.272301197052002,6.353059768676758,4.773956298828125,12537
1997-08-14,6.272301197052002,6.299221038818359,6.272301197052002,6.299221038818359,4.733500003814697,6965
1997-08-15,6.299221038818359,6.299221038818359,6.245380878448486,6.245380878448486,4.693043231964111,9287
1997-08-18,6.245380878448486,6.245380878448486,6.245380878448486,6.245380878448486,4.693043231964111,232
1997-08-19,6.245380878448486,6.299221038818359,6.245380878448486,6.245380878448486,4.693043231964111,4876
1997-08-20,6.245380878448486,6.245380878448486,6.137701988220215,6.137701988220215,4.612127780914307,5108
1997-08-21,6.030023097991943,6.030023097991943,5.976183891296387,6.030023097991943,4.531214714050293,4643
1997-08-22,6.030023097991943,6.137701988220215,6.030023097991943,6.137701988220215,4.612127780914307,2322
1997-08-25,6.083862781524658,6.191542148590088,6.083862781524658,6.191542148590088,4.652585506439209,1393
1997-08-26,6.245380878448486,6.299221038818359,6.245380878448486,6.299221038818359,4.733500003814697,3483
1997-08-27,6.299221038818359,6.299221038818359,6.299221038818359,6.299221038818359,4.733500003814697,2554
1997-08-28,6.299221038818359,6.299221038818359,6.299221038818359,6.299221038818359,4.733500003814697,0
1997-08-29,6.299221038818359,6.568418025970459,6.299221038818359,6.568418025970459,4.935784816741943,15555
1997-09-02,6.6760969161987305,6.783775806427002,6.6760969161987305,6.783775806427002,5.0976152420043945,3947
1997-09-03,6.891455173492432,7.052974224090576,6.891455173492432,7.052974224090576,5.299901008605957,3715
1997-09-04,6.999134063720703,6.999134063720703,6.9452948570251465,6.9452948570251465,5.218987941741943,2322
1997-09-05,6.918375015258789,6.918375015258789,6.918375015258789,6.918375015258789,5.198757648468018,1625
1997-09-08,6.891455173492432,6.891455173492432,6.891455173492432,6.891455173492432,5.178528785705566,1161
1997-09-09,6.891455173492432,6.891455173492432,6.837615966796875,6.837615966796875,5.138071537017822,2786
1997-09-10,6.837615966796875,6.837615966796875,6.837615966796875,6.837615966796875,5.138071537017822,0
1997-09-11,6.837615966796875,6.837615966796875,6.837615966796875,6.837615966796875,5.138071537017822,0
1997-09-12,6.864535808563232,6.864535808563232,6.864535808563232,6.864535808563232,5.158301830291748,1625
1997-09-15,6.864535808563232,6.864535808563232,6.864535808563232,6.864535808563232,5.158301830291748,929
1997-09-16,6.837615966796875,6.837615966796875,6.837615966796875,6.837615966796875,5.138071537017822,232
1997-09-17,6.837615966796875,6.837615966796875,6.837615966796875,6.837615966796875,5.138071537017822,0
1997-09-18,6.837615966796875,6.837615966796875,6.837615966796875,6.837615966796875,5.138071537017822,464
1997-09-19,6.837615966796875,6.837615966796875,6.837615966796875,6.837615966796875,5.138071537017822,0
1997-09-22,6.864535808563232,6.891455173492432,6.864535808563232,6.891455173492432,5.178528785705566,2322
1997-09-23,6.918375015258789,6.918375015258789,6.918375015258789,6.918375015258789,5.198757648468018,2090
1997-09-24,6.891455173492432,6.891455173492432,6.864535808563232,6.864535808563232,5.158301830291748,697
1997-09-25,6.891455173492432,6.891455173492432,6.891455173492432,6.891455173492432,5.178528785705566,2322
1997-09-26,6.891455173492432,6.891455173492432,6.891455173492432,6.891455173492432,5.178528785705566,0
1997-09-29,6.891455173492432,6.891455173492432,6.891455173492432,6.891455173492432,5.178528785705566,0
1997-09-30,6.891455173492432,7.106812953948975,6.891455173492432,7.106812953948975,5.340357780456543,4643
1997-10-01,7.160653114318848,7.160653114318848,7.160653114318848,7.160653114318848,5.38081693649292,1161
1997-10-02,7.160653114318848,7.160653114318848,7.160653114318848,7.160653114318848,5.38081693649292,0
1997-10-03,7.160653114318848,7.160653114318848,7.160653114318848,7.160653114318848,5.38081693649292,0
1997-10-06,7.160653114318848,7.160653114318848,7.160653114318848,7.160653114318848,5.38081693649292,0
1997-10-07,7.214491844177246,7.214491844177246,7.160653114318848,7.214491844177246,5.421272277832031,10448
1997-10-08,7.160653114318848,7.160653114318848,7.160653114318848,7.160653114318848,5.3969268798828125,1161
1997-10-09,7.160653114318848,7.160653114318848,7.160653114318848,7.160653114318848,5.3969268798828125,0
1997-10-10,7.106812953948975,7.106812953948975,7.052974224090576,7.106812953948975,5.356346607208252,8126
1997-10-13,7.214491844177246,7.268332004547119,7.214491844177246,7.268332004547119,5.47808313369751,2554
1997-10-14,7.268332004547119,7.268332004547119,7.268332004547119,7.268332004547119,5.47808313369751,0
1997-10-15,7.241412162780762,7.241412162780762,7.241412162780762,7.241412162780762,5.457794189453125,232
1997-10-16,7.268332004547119,7.429850101470947,7.268332004547119,7.429850101470947,5.599819183349609,2554
1997-10-17,7.537528991699219,7.537528991699219,7.537528991699219,7.537528991699219,5.680975437164307,1161
1997-10-20,7.483689785003662,7.591369152069092,7.483689785003662,7.591369152069092,5.721554279327393,2090
1997-10-21,7.699048042297363,7.752886772155762,7.699048042297363,7.752886772155762,5.843288421630859,1625
1997-10-22,7.699048042297363,7.806726932525635,7.699048042297363,7.699048042297363,5.802709579467773,5572
1997-10-23,7.699048042297363,7.699048042297363,7.699048042297363,7.699048042297363,5.802709579467773,0
1997-10-24,7.752886772155762,7.752886772155762,7.752886772155762,7.752886772155762,5.843288421630859,1393
1997-10-27,7.699048042297363,7.699048042297363,7.591369152069092,7.591369152069092,5.721554279327393,2322
1997-10-28,7.483689785003662,7.483689785003662,7.322171211242676,7.483689785003662,5.640397548675537,6269
1997-10-29,7.537528991699219,7.64520788192749,7.537528991699219,7.64520788192749,5.762131214141846,1393
1997-10-30,7.537528991699219,7.537528991699219,7.483689785003662,7.483689785003662,5.640397548675537,2786
1997-10-31,7.429850101470947,7.429850101470947,7.429850101470947,7.429850101470947,5.599819183349609,697
1997-11-03,7.376010894775391,7.376010894775391,7.322171211242676,7.322171211242676,5.518661975860596,2322
1997-11-04,7.268332004547119,7.268332004547119,7.268332004547119,7.268332004547119,5.47808313369751,1161
1997-11-05,7.214491844177246,7.214491844177246,7.214491844177246,7.214491844177246,5.437504768371582,2322
1997-11-06,7.214491844177246,7.214491844177246,7.214491844177246,7.214491844177246,5.437504768371582,0
1997-11-07,7.214491844177246,7.214491844177246,7.214491844177246,7.214491844177246,5.437504768371582,39701
1997-11-10,7.214491844177246,7.214491844177246,7.214491844177246,7.214491844177246,5.437504768371582,0
1997-11-11,7.214491844177246,7.322171211242676,7.214491844177246,7.322171211242676,5.518661975860596,697
1997-11-12,7.214491844177246,7.214491844177246,7.214491844177246,7.214491844177246,5.437504768371582,697
1997-11-13,7.160653114318848,7.160653114318848,6.999134063720703,6.999134063720703,5.275190830230713,3947
1997-11-14,7.052974224090576,7.052974224090576,7.052974224090576,7.052974224090576,5.315769672393799,2786
1997-11-17,7.106812953948975,7.106812953948975,7.106812953948975,7.106812953948975,5.356346607208252,2322
1997-11-18,7.106812953948975,7.106812953948975,7.106812953948975,7.106812953948975,5.356346607208252,464
1997-11-19,7.106812953948975,7.106812953948975,7.106812953948975,7.106812953948975,5.356346607208252,0
1997-11-20,7.052974224090576,7.052974224090576,6.999134063720703,6.999134063720703,5.275190830230713,2322
1997-11-21,7.052974224090576,7.052974224090576,7.052974224090576,7.052974224090576,5.315769672393799,1393
1997-11-24,6.999134063720703,6.999134063720703,6.999134063720703,6.999134063720703,5.275190830230713,1161
1997-11-25,6.999134063720703,6.999134063720703,6.999134063720703,6.999134063720703,5.275190830230713,0
1997-11-26,6.9452948570251465,6.9452948570251465,6.891455173492432,6.891455173492432,5.194033622741699,3715
1997-11-28,6.999134063720703,6.999134063720703,6.999134063720703,6.999134063720703,5.275190830230713,1857
1997-12-01,7.052974224090576,7.106812953948975,7.052974224090576,7.079894065856934,5.3360595703125,8823
1997-12-02,7.052974224090576,7.133732795715332,7.0260539054870605,7.079894065856934,5.3360595703125,1625
1997-12-03,7.079894065856934,7.079894065856934,7.079894065856934,7.079894065856934,5.3360595703125,929
1997-12-04,7.133732795715332,7.133732795715332,7.106812953948975,7.106812953948975,5.356346607208252,1161
1997-12-05,7.052974224090576,7.052974224090576,7.052974224090576,7.052974224090576,5.315769672393799,2322
1997-12-08,6.999134063720703,6.999134063720703,6.999134063720703,6.999134063720703,5.275190830230713,1161
1997-12-09,6.999134063720703,6.999134063720703,6.999134063720703,6.999134063720703,5.275190830230713,0
1997-12-10,7.052974224090576,7.052974224090576,7.052974224090576,7.052974224090576,5.315769672393799,929
1997-12-11,6.999134063720703,6.999134063720703,6.9452948570251465,6.9452948570251465,5.234612941741943,3483
1997-12-12,6.999134063720703,6.999134063720703,6.9452948570251465,6.9452948570251465,5.234612941741943,6269
1997-12-15,6.999134063720703,7.052974224090576,6.999134063720703,7.052974224090576,5.315769672393799,1161
1997-12-16,7.106812953948975,7.537528991699219,7.106812953948975,7.537528991699219,5.680975437164307,22056
1997-12-17,7.64520788192749,7.699048042297363,7.591369152069092,7.64520788192749,5.762131214141846,5108
1997-12-18,7.64520788192749,7.64520788192749,7.64520788192749,7.64520788192749,5.762131214141846,697
1997-12-19,7.64520788192749,7.860566139221191,7.64520788192749,7.806726932525635,5.883866786956787,13930
1997-12-22,7.914405822753906,8.12976360321045,7.914405822753906,8.12976360321045,6.127336502075195,4179
1997-12-23,8.12976360321045,8.12976360321045,8.12976360321045,8.12976360321045,6.127336502075195,0
1997-12-24,8.12976360321045,8.12976360321045,8.12976360321045,8.12976360321045,6.127336502075195,0
1997-12-26,8.237442970275879,8.237442970275879,8.237442970275879,8.237442970275879,6.208495140075684,1393
1997-12-29,8.345122337341309,8.345122337341309,8.237442970275879,8.345122337341309,6.289650917053223,3483
1997-12-30,8.345122337341309,8.345122337341309,8.345122337341309,8.345122337341309,6.289650917053223,0
1997-12-31,8.291281700134277,8.291281700134277,8.237442970275879,8.237442970275879,6.208495140075684,6501
1998-01-02,8.183603286743164,8.345122337341309,8.12976360321045,8.345122337341309,6.289650917053223,4179
1998-01-05,8.452800750732422,8.668158531188965,8.452800750732422,8.668158531188965,6.533121109008789,3483
1998-01-06,8.641239166259766,8.72199821472168,8.641239166259766,8.72199821472168,6.5736985206604,697
1998-01-07,8.829676628112793,9.098875045776367,8.829676628112793,9.045035362243652,6.817168712615967,26932
1998-01-08,9.045035362243652,9.045035362243652,9.045035362243652,9.045035362243652,6.817168712615967,2554
1998-01-09,9.31423282623291,9.31423282623291,8.829676628112793,8.829676628112793,6.6548590660095215,16252
1998-01-12,8.829676628112793,8.937355995178223,8.829676628112793,8.937355995178223,6.736011505126953,3947
1998-01-13,8.937355995178223,8.937355995178223,8.937355995178223,8.937355995178223,6.736011505126953,0
1998-01-14,8.937355995178223,8.937355995178223,8.937355995178223,8.937355995178223,6.736011505126953,0
1998-01-15,8.883517265319824,8.937355995178223,8.560480117797852,8.937355995178223,6.736011505126953,28093
1998-01-16,9.152713775634766,9.152713775634766,9.098875045776367,9.098875045776367,6.8577470779418945,5108
1998-01-20,9.045035362243652,9.045035362243652,8.829676628112793,8.937355995178223,6.736011505126953,10216
1998-01-21,9.018115043640137,9.071954727172852,9.018115043640137,9.071954727172852,6.853976249694824,697
1998-01-22,9.179634094238281,9.691108703613281,9.179634094238281,9.691108703613281,7.321756362915039,29021
1998-01-23,9.691108703613281,9.691108703613281,9.583430290222168,9.637269973754883,7.281079292297363,2554
1998-01-26,9.691108703613281,9.691108703613281,9.529590606689453,9.529590606689453,7.199723720550537,14859
1998-01-27,9.475750923156738,9.475750923156738,9.260393142700195,9.260393142700195,6.996343612670898,11144
1998-01-28,9.31423282623291,9.368071556091309,9.31423282623291,9.31423282623291,7.037016868591309,2786
1998-01-29,9.018115043640137,9.018115043640137,9.018115043640137,9.018115043640137,6.813297748565674,23217
1998-01-30,9.018115043640137,9.018115043640137,8.910435676574707,8.910435676574707,6.731945991516113,7662
1998-02-02,8.856596946716309,8.856596946716309,8.856596946716309,8.856596946716309,6.6912713050842285,2090
1998-02-03,8.856596946716309,8.937355995178223,8.748917579650879,8.856596946716309,6.6912713050842285,5108
1998-02-04,8.802757263183594,8.802757263183594,8.748917579650879,8.748917579650879,6.609918594360352,4643
1998-02-05,8.856596946716309,8.856596946716309,8.775837898254395,8.775837898254395,6.630255699157715,2786
1998-02-06,8.883517265319824,8.937355995178223,8.883517265319824,8.910435676574707,6.731945991516113,13698
1998-02-09,8.937355995178223,8.937355995178223,8.883517265319824,8.883517265319824,6.71160888671875,14859
1998-02-10,8.883517265319824,8.883517265319824,8.883517265319824,8.883517265319824,6.71160888671875,0
1998-02-11,8.883517265319824,8.883517265319824,8.883517265319824,8.883517265319824,6.71160888671875,0
1998-02-12,8.937355995178223,8.937355995178223,8.937355995178223,8.937355995178223,6.752282619476318,1161
1998-02-13,8.937355995178223,9.045035362243652,8.937355995178223,9.045035362243652,6.833635330200195,5340
1998-02-17,8.991195678710938,8.991195678710938,8.937355995178223,8.937355995178223,6.752282619476318,1857
1998-02-18,9.045035362243652,9.045035362243652,8.829676628112793,8.829676628112793,6.670932769775391,14395
1998-02-19,8.775837898254395,8.829676628112793,8.506640434265137,8.506640434265137,6.4268717765808105,34594
1998-02-20,8.452800750732422,8.452800750732422,8.452800750732422,8.452800750732422,6.386194705963135,3483
1998-02-23,8.452800750732422,8.452800750732422,8.452800750732422,8.452800750732422,6.386194705963135,8823
1998-02-24,8.668158531188965,8.668158531188965,8.668158531188965,8.668158531188965,6.5489020347595215,20895
1998-02-25,8.641239166259766,8.72199821472168,8.641239166259766,8.72199821472168,6.5895771980285645,16252
1998-02-26,8.72199821472168,8.72199821472168,8.72199821472168,8.72199821472168,6.5895771980285645,0
1998-02-27,8.695077896118164,8.695077896118164,8.695077896118164,8.695077896118164,6.569236755371094,5804
1998-03-02,8.641239166259766,8.641239166259766,8.560480117797852,8.61431884765625,6.508223533630371,6036
1998-03-03,8.72199821472168,8.72199821472168,8.72199821472168,8.72199821472168,6.5895771980285645,1161
1998-03-04,8.72199821472168,8.72199821472168,8.72199821472168,8.72199821472168,6.5895771980285645,0
1998-03-05,8.829676628112793,8.829676628112793,8.829676628112793,8.829676628112793,6.670932769775391,697
1998-03-06,8.937355995178223,8.937355995178223,8.883517265319824,8.883517265319824,6.71160888671875,4876
1998-03-09,8.883517265319824,8.883517265319824,8.829676628112793,8.829676628112793,6.670932769775391,4643
1998-03-10,8.937355995178223,9.368071556091309,8.937355995178223,9.368071556091309,7.077695369720459,16252
1998-03-11,9.260393142700195,9.475750923156738,9.152713775634766,9.31423282623291,7.037016868591309,22753
1998-03-12,9.260393142700195,9.583430290222168,9.260393142700195,9.368071556091309,7.077695369720459,16484
1998-03-13,9.475750923156738,9.475750923156738,9.475750923156738,9.475750923156738,7.159048557281494,1393
1998-03-16,9.529590606689453,9.529590606689453,9.529590606689453,9.529590606689453,7.199723720550537,929
1998-03-17,9.798788070678711,10.014145851135254,9.798788070678711,10.014145851135254,7.5658111572265625,2322
1998-03-18,9.960307121276855,10.121825218200684,9.852627754211426,9.852627754211426,7.443783760070801,18574
1998-03-19,9.960307121276855,10.175663948059082,9.90646743774414,10.175663948059082,7.687841415405273,11609
1998-03-20,10.391021728515625,10.6602201461792,10.175663948059082,10.175663948059082,7.687841415405273,42952
1998-03-23,10.121825218200684,10.175663948059082,9.90646743774414,9.90646743774414,7.484458923339844,4179
1998-03-24,10.014145851135254,10.444862365722656,10.014145851135254,10.337182998657227,7.809870719909668,3483
1998-03-25,10.444862365722656,11.306294441223145,10.337182998657227,10.55254077911377,7.97257137298584,29021
1998-03-26,10.606380462646484,10.875577926635742,10.606380462646484,10.740979194641113,8.114940643310547,3947
1998-03-27,10.55254077911377,10.55254077911377,10.55254077911377,10.55254077911377,7.97257137298584,7429
1998-03-30,10.606380462646484,10.606380462646484,10.606380462646484,10.606380462646484,8.013252258300781,1393
1998-03-31,10.606380462646484,10.6602201461792,10.55254077911377,10.6602201461792,8.053927421569824,5804
1998-04-01,10.767898559570312,11.198615074157715,10.55254077911377,10.821738243103027,8.175957679748535,19038
1998-04-02,10.875577926635742,10.875577926635742,10.875577926635742,10.875577926635742,8.216635704040527,464
1998-04-03,10.767898559570312,10.875577926635742,10.767898559570312,10.767898559570312,8.135284423828125,4411
1998-04-06,10.714058876037598,10.714058876037598,10.498701095581055,10.498701095581055,7.931899547576904,5108
1998-04-07,10.444862365722656,10.444862365722656,9.90646743774414,9.90646743774414,7.484458923339844,16252
1998-04-08,9.90646743774414,9.960307121276855,9.90646743774414,9.960307121276855,7.525134086608887,6965
1998-04-09,10.014145851135254,10.014145851135254,10.014145851135254,10.014145851135254,7.5658111572265625,1393
1998-04-13,10.094904899597168,10.094904899597168,10.094904899597168,10.094904899597168,7.626829147338867,1393
1998-04-14,10.175663948059082,10.175663948059082,10.175663948059082,10.175663948059082,7.687841415405273,697
1998-04-15,10.229503631591797,10.229503631591797,10.229503631591797,10.229503631591797,7.728517055511475,929
1998-04-16,10.283343315124512,10.283343315124512,10.283343315124512,10.283343315124512,7.769192695617676,697
1998-04-17,10.283343315124512,10.283343315124512,10.283343315124512,10.283343315124512,7.769192695617676,0
1998-04-20,10.337182998657227,10.337182998657227,10.337182998657227,10.337182998657227,7.809870719909668,4876
1998-04-21,10.337182998657227,10.337182998657227,10.337182998657227,10.337182998657227,7.809870719909668,0
1998-04-22,10.283343315124512,10.606380462646484,10.283343315124512,10.55254077911377,7.97257137298584,10912
1998-04-23,10.606380462646484,10.983257293701172,10.606380462646484,10.875577926635742,8.216635704040527,16252
1998-04-24,10.875577926635742,11.467811584472656,10.875577926635742,10.92941665649414,8.257307052612305,72205
1998-04-27,10.983257293701172,11.090935707092285,10.767898559570312,10.767898559570312,8.135284423828125,26932
1998-04-28,10.875577926635742,11.03709602355957,10.875577926635742,11.03709602355957,8.338662147521973,12537
1998-04-29,11.03709602355957,11.03709602355957,10.983257293701172,11.03709602355957,8.354965209960938,4876
1998-04-30,11.03709602355957,11.090935707092285,11.03709602355957,11.090935707092285,8.395718574523926,14162
1998-05-01,11.1716947555542,11.1716947555542,11.144775390625,11.144775390625,8.436476707458496,5572
1998-05-04,11.090935707092285,11.090935707092285,11.03709602355957,11.03709602355957,8.354965209960938,2786
1998-05-05,11.03709602355957,11.03709602355957,10.983257293701172,11.03709602355957,8.354965209960938,8126
1998-05-06,11.03709602355957,11.03709602355957,10.821738243103027,10.821738243103027,8.191940307617188,3947
1998-05-07,10.767898559570312,10.767898559570312,10.6602201461792,10.687140464782715,8.090055465698242,9055
1998-05-08,10.714058876037598,10.714058876037598,10.6602201461792,10.6602201461792,8.069677352905273,929
1998-05-11,10.714058876037598,11.198615074157715,10.714058876037598,11.198615074157715,8.477232933044434,16716
1998-05-12,11.090935707092285,11.090935707092285,11.03709602355957,11.090935707092285,8.395718574523926,4876
1998-05-13,11.144775390625,11.413972854614258,11.144775390625,11.360133171081543,8.599502563476562,9751
1998-05-14,11.360133171081543,11.790848731994629,11.360133171081543,11.790848731994629,8.92554759979248,6965
1998-05-15,11.790848731994629,11.790848731994629,11.790848731994629,11.790848731994629,8.92554759979248,1625
1998-05-18,11.790848731994629,11.790848731994629,11.575490951538086,11.575490951538086,8.762519836425781,8126
1998-05-19,11.467811584472656,11.467811584472656,11.360133171081543,11.413972854614258,8.6402587890625,3018
1998-05-20,11.306294441223145,11.306294441223145,11.090935707092285,11.144775390625,8.436476707458496,3018
1998-05-21,11.090935707092285,11.090935707092285,10.983257293701172,10.983257293701172,8.314209938049316,2322
1998-05-22,11.03709602355957,11.1178560256958,11.03709602355957,11.1178560256958,8.416095733642578,3250
1998-05-26,11.064016342163086,11.064016342163086,11.064016342163086,11.064016342163086,8.375346183776855,929
1998-05-27,11.090935707092285,11.090935707092285,11.090935707092285,11.090935707092285,8.395718574523926,697
1998-05-28,10.983257293701172,10.983257293701172,10.92941665649414,10.983257293701172,8.314209938049316,7429
1998-05-29,10.983257293701172,11.03709602355957,10.983257293701172,11.03709602355957,8.354965209960938,7197
1998-06-01,11.03709602355957,11.03709602355957,11.03709602355957,11.03709602355957,8.354965209960938,464
1998-06-02,10.821738243103027,10.821738243103027,10.740979194641113,10.740979194641113,8.130810737609863,2786
1998-06-03,10.821738243103027,10.983257293701172,10.740979194641113,10.740979194641113,8.130810737609863,16871
1998-06-04,10.6602201461792,10.6602201461792,10.579461097717285,10.6602201461792,8.069677352905273,1238
1998-06-05,10.6602201461792,10.6602201461792,10.579461097717285,10.579461097717285,8.008536338806152,7429
1998-06-08,10.498701095581055,10.6602201461792,10.498701095581055,10.6602201461792,8.069677352905273,929
1998-06-09,10.740979194641113,10.740979194641113,10.6602201461792,10.6602201461792,8.069677352905273,2012
1998-06-10,10.740979194641113,10.740979194641113,10.740979194641113,10.740979194641113,8.130810737609863,1548
1998-06-11,10.6602201461792,10.6602201461792,10.6602201461792,10.6602201461792,8.069677352905273,310
1998-06-12,10.579461097717285,10.579461097717285,10.337182998657227,10.337182998657227,7.825139045715332,1393
1998-06-15,10.337182998657227,10.337182998657227,10.337182998657227,10.337182998657227,7.825139045715332,0
1998-06-16,10.175663948059082,10.216044425964355,10.175663948059082,10.216044425964355,7.733437538146973,2631
1998-06-17,10.216044425964355,10.216044425964355,10.216044425964355,10.216044425964355,7.733437538146973,0
1998-06-18,10.216044425964355,10.337182998657227,10.175663948059082,10.175663948059082,7.7028703689575195,17181
1998-06-19,10.256423950195312,10.256423950195312,10.256423950195312,10.256423950195312,7.764005184173584,619
1998-06-22,10.135285377502441,10.135285377502441,10.135285377502441,10.135285377502441,7.672305107116699,1083
1998-06-23,10.094904899597168,10.094904899597168,10.094904899597168,10.094904899597168,7.641737461090088,1703
1998-06-24,10.094904899597168,10.094904899597168,10.094904899597168,10.094904899597168,7.641737461090088,0
1998-06-25,10.014145851135254,10.014145851135254,9.93338680267334,9.93338680267334,7.519471168518066,2322
1998-06-26,9.771867752075195,9.771867752075195,9.287313461303711,9.287313461303711,7.030398368835449,8823
1998-06-29,9.206554412841797,9.206554412841797,8.398961067199707,8.72199821472168,6.60245943069458,22134
1998-06-30,8.560480117797852,8.72199821472168,8.398961067199707,8.520099639892578,6.449622631072998,16097
1998-07-01,8.398961067199707,8.560480117797852,8.398961067199707,8.398961067199707,6.3579254150390625,13466
1998-07-02,8.479720115661621,9.125794410705566,8.479720115661621,8.883517265319824,6.724732398986816,17645
1998-07-06,8.964276313781738,8.964276313781738,8.883517265319824,8.883517265319824,6.724732398986816,1857
1998-07-07,8.883517265319824,8.883517265319824,8.883517265319824,8.883517265319824,6.724732398986816,0
1998-07-08,8.964276313781738,8.964276313781738,8.964276313781738,8.964276313781738,6.785863399505615,2167
1998-07-09,8.802757263183594,8.883517265319824,8.802757263183594,8.883517265319824,6.724732398986816,1548
1998-07-10,8.883517265319824,8.883517265319824,8.802757263183594,8.802757263183594,6.663595199584961,774
1998-07-13,8.883517265319824,8.883517265319824,8.802757263183594,8.883517265319824,6.724732398986816,774
1998-07-14,8.883517265319824,8.964276313781738,8.883517265319824,8.964276313781738,6.785863399505615,7739
1998-07-15,9.045035362243652,9.327692031860352,9.045035362243652,9.166173934936523,6.938698768615723,15942
1998-07-16,9.206554412841797,9.206554412841797,9.125794410705566,9.166173934936523,6.938698768615723,10061
1998-07-17,9.206554412841797,9.368071556091309,9.206554412841797,9.287313461303711,7.030398368835449,1703
1998-07-20,9.368071556091309,9.448830604553223,9.368071556091309,9.448830604553223,7.152663707733154,3250
1998-07-21,9.368071556091309,9.529590606689453,9.368071556091309,9.448830604553223,7.152663707733154,6501
1998-07-22,9.368071556091309,9.368071556091309,9.287313461303711,9.287313461303711,7.030398368835449,5727
1998-07-23,9.368071556091309,9.529590606689453,9.206554412841797,9.206554412841797,6.969263553619385,5727
1998-07-24,9.125794410705566,9.125794410705566,9.045035362243652,9.045035362243652,6.846996784210205,1857
1998-07-27,8.964276313781738,8.964276313781738,8.964276313781738,8.964276313781738,6.785863399505615,310
1998-07-28,9.045035362243652,9.045035362243652,9.045035362243652,9.045035362243652,6.846996784210205,2012
1998-07-29,8.923895835876465,8.923895835876465,8.923895835876465,8.923895835876465,6.779510021209717,774
1998-07-30,9.004654884338379,9.004654884338379,8.72199821472168,8.72199821472168,6.626126289367676,9596
1998-07-31,8.802757263183594,8.802757263183594,8.72199821472168,8.72199821472168,6.626126289367676,3870
1998-08-03,8.681618690490723,8.72199821472168,8.641239166259766,8.641239166259766,6.564774513244629,1393
1998-08-04,8.560480117797852,8.560480117797852,8.197063446044922,8.35858154296875,6.35003662109375,6810
1998-08-05,8.237442970275879,8.318202018737793,8.075923919677734,8.197063446044922,6.227334499359131,21669
1998-08-06,8.116304397583008,8.116304397583008,7.914405822753906,7.914405822753906,6.0125932693481445,8049
1998-08-07,7.99516487121582,8.075923919677734,7.752886772155762,7.752886772155762,5.889887809753418,10370
1998-08-10,7.99516487121582,7.99516487121582,7.752886772155762,7.914405822753906,6.0125932693481445,10370
1998-08-11,7.752886772155762,7.752886772155762,7.752886772155762,7.752886772155762,5.889887809753418,2322
1998-08-12,7.752886772155762,7.752886772155762,7.672128200531006,7.752886772155762,5.889887809753418,11609
1998-08-13,7.914405822753906,7.914405822753906,7.833645820617676,7.833645820617676,5.951241970062256,4489
1998-08-14,7.752886772155762,7.914405822753906,7.752886772155762,7.914405822753906,6.0125932693481445,2012
1998-08-17,7.752886772155762,7.99516487121582,7.752886772155762,7.914405822753906,6.0125932693481445,4953
1998-08-18,7.833645820617676,7.833645820617676,7.752886772155762,7.752886772155762,5.889887809753418,4643
1998-08-19,7.672128200531006,7.672128200531006,7.591369152069092,7.591369152069092,5.767184734344482,1857
1998-08-20,7.672128200531006,7.752886772155762,7.672128200531006,7.752886772155762,5.889887809753418,1703
1998-08-21,7.672128200531006,7.833645820617676,7.672128200531006,7.833645820617676,5.951241970062256,5263
1998-08-24,7.914405822753906,7.99516487121582,7.833645820617676,7.99516487121582,6.073948383331299,11144
1998-08-25,8.075923919677734,8.398961067199707,8.075923919677734,8.398961067199707,6.3807148933410645,16252
1998-08-26,8.560480117797852,8.560480117797852,8.318202018737793,8.398961067199707,6.3807148933410645,18264
1998-08-27,8.398961067199707,8.398961067199707,8.318202018737793,8.318202018737793,6.319362163543701,3870
1998-08-28,8.398961067199707,8.479720115661621,8.398961067199707,8.398961067199707,6.3807148933410645,1703
1998-08-31,8.479720115661621,8.479720115661621,7.914405822753906,7.914405822753906,6.0125932693481445,6501
1998-09-01,7.793266773223877,7.914405822753906,7.793266773223877,7.914405822753906,6.0125932693481445,1548
1998-09-02,7.914405822753906,8.237442970275879,7.914405822753906,7.99516487121582,6.073948383331299,20895
1998-09-03,7.99516487121582,7.99516487121582,7.752886772155762,7.752886772155762,5.889887809753418,4953
1998-09-04,7.591369152069092,7.672128200531006,7.591369152069092,7.672128200531006,5.828536033630371,3870
1998-09-08,7.672128200531006,7.672128200531006,7.672128200531006,7.672128200531006,5.828536033630371,0
1998-09-09,7.672128200531006,7.752886772155762,7.510610103607178,7.752886772155762,5.889887809753418,1703
1998-09-10,7.752886772155762,7.752886772155762,7.752886772155762,7.752886772155762,5.889887809753418,0
1998-09-11,7.752886772155762,7.752886772155762,7.752886772155762,7.752886772155762,5.889887809753418,0
1998-09-14,7.752886772155762,7.752886772155762,7.752886772155762,7.752886772155762,5.889887809753418,0
1998-09-15,7.752886772155762,7.752886772155762,7.752886772155762,7.752886772155762,5.889887809753418,9287
1998-09-16,7.752886772155762,7.914405822753906,7.752886772155762,7.833645820617676,5.951241970062256,2631
1998-09-17,7.672128200531006,7.752886772155762,7.631748199462891,7.752886772155762,5.889887809753418,1393
1998-09-18,7.833645820617676,7.833645820617676,7.631748199462891,7.631748199462891,5.797858715057373,2012
1998-09-21,8.075923919677734,8.075923919677734,8.075923919677734,8.075923919677734,6.135300159454346,155
1998-09-22,8.075923919677734,8.075923919677734,8.075923919677734,8.075923919677734,6.135300159454346,0
1998-09-23,7.99516487121582,7.99516487121582,7.833645820617676,7.833645820617676,5.951241970062256,6346
1998-09-24,8.075923919677734,8.075923919677734,7.752886772155762,7.752886772155762,5.889887809753418,22598
1998-09-25,7.752886772155762,7.833645820617676,7.752886772155762,7.752886772155762,5.889887809753418,24920
1998-09-28,7.833645820617676,7.833645820617676,7.833645820617676,7.833645820617676,5.951241970062256,310
1998-09-29,7.833645820617676,7.833645820617676,7.712508201599121,7.712508201599121,5.859212398529053,3250
1998-09-30,7.712508201599121,7.712508201599121,7.712508201599121,7.712508201599121,5.859212398529053,0
1998-10-01,7.591369152069092,7.752886772155762,7.591369152069092,7.752886772155762,5.889887809753418,13466
1998-10-02,7.752886772155762,7.833645820617676,7.752886772155762,7.833645820617676,5.951241970062256,2322
1998-10-05,7.752886772155762,7.752886772155762,7.752886772155762,7.752886772155762,5.889887809753418,774
1998-10-06,7.429850101470947,7.429850101470947,7.349091053009033,7.349091053009033,5.583122730255127,6346
1998-10-07,7.268332004547119,7.268332004547119,7.0260539054870605,7.106812953948975,5.399065017700195,10525
1998-10-08,7.106812953948975,7.106812953948975,6.622258186340332,6.703017234802246,5.092298984527588,15014
1998-10-09,6.783775806427002,6.783775806427002,6.783775806427002,6.783775806427002,5.153652667999268,1393
1998-10-12,7.106812953948975,7.106812953948975,6.9452948570251465,6.9452948570251465,5.276359558105469,1703
1998-10-13,6.783775806427002,6.783775806427002,6.783775806427002,6.783775806427002,5.153652667999268,1548
1998-10-14,6.703017234802246,6.783775806427002,6.703017234802246,6.713111877441406,5.099969387054443,2167
1998-10-15,6.864535808563232,6.864535808563232,6.864535808563232,6.864535808563232,5.215006351470947,2012
1998-10-16,7.0260539054870605,7.349091053009033,7.0260539054870605,7.349091053009033,5.583122730255127,24765
1998-10-19,7.187572956085205,7.187572956085205,6.9452948570251465,7.187572956085205,5.460418224334717,8668
1998-10-20,7.187572956085205,7.752886772155762,7.187572956085205,7.591369152069092,5.767184734344482,60055
1998-10-21,7.752886772155762,7.752886772155762,7.752886772155762,7.752886772155762,5.889887809753418,5108
1998-10-22,7.752886772155762,7.752886772155762,7.752886772155762,7.752886772155762,5.889887809753418,1238
1998-10-23,7.752886772155762,7.752886772155762,7.752886772155762,7.752886772155762,5.889887809753418,1238
1998-10-26,7.429850101470947,7.591369152069092,7.429850101470947,7.591369152069092,5.767184734344482,17335
1998-10-27,7.672128200531006,7.752886772155762,7.591369152069092,7.752886772155762,5.889887809753418,14395
1998-10-28,7.672128200531006,7.712508201599121,7.591369152069092,7.712508201599121,5.874878883361816,3560
1998-10-29,7.591369152069092,7.591369152069092,7.591369152069092,7.591369152069092,5.782605171203613,619
1998-10-30,7.591369152069092,7.591369152069092,7.349091053009033,7.510610103607178,5.721086025238037,20741
1998-11-02,7.672128200531006,7.672128200531006,7.510610103607178,7.591369152069092,5.782605171203613,17490
1998-11-03,7.672128200531006,7.752886772155762,7.591369152069092,7.591369152069092,5.782605171203613,30956
1998-11-04,7.510610103607178,7.591369152069092,7.510610103607178,7.591369152069092,5.782605171203613,12537
1998-11-05,7.510610103607178,7.591369152069092,7.429850101470947,7.591369152069092,5.782605171203613,26158
1998-11-06,7.510610103607178,7.550989151000977,7.510610103607178,7.550989151000977,5.751845359802246,8977
1998-11-09,7.510610103607178,7.550989151000977,7.510610103607178,7.510610103607178,5.721086025238037,5727
1998-11-10,7.510610103607178,7.510610103607178,7.510610103607178,7.510610103607178,5.721086025238037,3096
1998-11-11,7.510610103607178,7.510610103607178,7.510610103607178,7.510610103607178,5.721086025238037,27861
1998-11-12,7.510610103607178,7.510610103607178,7.510610103607178,7.510610103607178,5.721086025238037,9132
1998-11-13,7.510610103607178,7.510610103607178,7.349091053009033,7.429850101470947,5.659571647644043,27861
1998-11-16,7.349091053009033,7.672128200531006,7.349091053009033,7.591369152069092,5.782605171203613,20741
1998-11-17,7.591369152069092,7.631748199462891,7.591369152069092,7.591369152069092,5.782605171203613,23682
1998-11-18,7.591369152069092,7.631748199462891,7.591369152069092,7.591369152069092,5.782605171203613,4953
1998-11-19,7.631748199462891,7.631748199462891,7.510610103607178,7.510610103607178,5.721086025238037,1393
1998-11-20,7.510610103607178,7.510610103607178,7.510610103607178,7.510610103607178,5.721086025238037,5417
1998-11-23,7.591369152069092,7.712508201599121,7.591369152069092,7.672128200531006,5.844120979309082,17181
1998-11-24,7.672128200531006,7.672128200531006,7.591369152069092,7.631748199462891,5.813361167907715,18419
1998-11-25,7.591369152069092,7.591369152069092,7.550989151000977,7.550989151000977,5.751845359802246,2786
1998-11-27,7.510610103607178,7.510610103607178,7.510610103607178,7.510610103607178,5.721086025238037,464
1998-11-30,7.550989151000977,7.591369152069092,7.550989151000977,7.591369152069092,5.782605171203613,13002
1998-12-01,7.591369152069092,7.672128200531006,7.510610103607178,7.591369152069092,5.782605171203613,20741
1998-12-02,7.510610103607178,7.591369152069092,7.510610103607178,7.510610103607178,5.721086025238037,4024
1998-12-03,7.591369152069092,7.591369152069092,7.510610103607178,7.510610103607178,5.721086025238037,1238
1998-12-04,7.510610103607178,7.672128200531006,7.510610103607178,7.672128200531006,5.844120979309082,8203
1998-12-07,7.631748199462891,7.631748199462891,7.510610103607178,7.510610103607178,5.721086025238037,14085
1998-12-08,7.429850101470947,7.510610103607178,7.429850101470947,7.429850101470947,5.659571647644043,18419
1998-12-09,7.429850101470947,7.429850101470947,7.349091053009033,7.349091053009033,5.59805154800415,14549
1998-12-10,7.349091053009033,7.429850101470947,7.349091053009033,7.349091053009033,5.59805154800415,28170
1998-12-11,7.349091053009033,7.429850101470947,7.268332004547119,7.268332004547119,5.536535263061523,45196
1998-12-14,7.389471054077148,7.389471054077148,7.106812953948975,7.106812953948975,5.4135003089904785,9132
1998-12-15,7.187572956085205,7.268332004547119,7.187572956085205,7.268332004547119,5.536535263061523,19967
1998-12-16,7.268332004547119,7.349091053009033,7.268332004547119,7.268332004547119,5.536535263061523,17335
1998-12-17,7.377357006072998,7.377357006072998,7.377357006072998,7.377357006072998,5.644873142242432,4717
1998-12-18,7.377357006072998,7.462153911590576,7.165363788604736,7.462153911590576,5.709756851196289,36853
1998-12-21,7.462153911590576,7.546950817108154,7.462153911590576,7.504552841186523,5.742197036743164,11056
1998-12-22,7.462153911590576,7.546950817108154,7.462153911590576,7.472754001617432,5.717865943908691,6633
1998-12-23,7.462153911590576,7.631748199462891,7.462153911590576,7.462153911590576,5.709756851196289,3833
1998-12-24,7.462153911590576,7.462153911590576,7.186563014984131,7.377357006072998,5.644873142242432,207701
1998-12-28,7.546950817108154,7.546950817108154,7.462153911590576,7.462153911590576,5.709756851196289,6044
1998-12-29,7.377357006072998,7.462153911590576,7.377357006072998,7.462153911590576,5.709756851196289,8402
1998-12-30,7.462153911590576,7.462153911590576,7.462153911590576,7.462153911590576,5.709756851196289,1327
1998-12-31,7.462153911590576,7.504552841186523,7.462153911590576,7.462153911590576,5.709756851196289,3243
1999-01-04,7.462153911590576,7.462153911590576,7.29256010055542,7.462153911590576,5.709756851196289,10319
1999-01-05,7.29256010055542,7.377357006072998,7.29256010055542,7.29256010055542,5.579989433288574,2211
1999-01-06,7.29256010055542,7.29256010055542,7.29256010055542,7.29256010055542,5.579989433288574,8402
1999-01-07,7.29256010055542,7.29256010055542,7.29256010055542,7.29256010055542,5.579989433288574,3538
1999-01-08,7.29256010055542,7.29256010055542,7.29256010055542,7.29256010055542,5.579989433288574,6339
1999-01-11,7.29256010055542,7.377357006072998,7.29256010055542,7.29256010055542,5.579989433288574,5602
1999-01-12,7.29256010055542,7.377357006072998,7.29256010055542,7.377357006072998,5.644873142242432,9139
1999-01-13,7.377357006072998,7.462153911590576,7.29256010055542,7.377357006072998,5.644873142242432,2506
1999-01-14,7.29256010055542,7.462153911590576,7.29256010055542,7.377357006072998,5.644873142242432,1622
1999-01-15,7.29256010055542,7.377357006072998,7.29256010055542,7.29256010055542,5.579989433288574,6928
1999-01-19,7.29256010055542,7.29256010055542,7.29256010055542,7.29256010055542,5.579989433288574,6633
1999-01-20,7.29256010055542,7.29256010055542,7.29256010055542,7.29256010055542,5.579989433288574,9729
1999-01-21,7.29256010055542,7.29256010055542,7.207761764526367,7.29256010055542,5.579989433288574,16215
1999-01-22,7.29256010055542,7.29256010055542,7.29256010055542,7.29256010055542,5.579989433288574,0
1999-01-25,7.334958076477051,7.334958076477051,7.29256010055542,7.29256010055542,5.579989433288574,12382
1999-01-26,7.29256010055542,7.334958076477051,7.29256010055542,7.29256010055542,5.579989433288574,7665
1999-01-27,7.29256010055542,7.29256010055542,7.207761764526367,7.207761764526367,5.5151047706604,6486
1999-01-28,7.29256010055542,7.29256010055542,7.207761764526367,7.207761764526367,5.5151047706604,5454
1999-01-29,7.207761764526367,7.250161170959473,7.038167953491211,7.038167953491211,5.385338306427002,12088
1999-02-01,7.038167953491211,7.038167953491211,6.953371047973633,6.953371047973633,5.32045316696167,13120
1999-02-02,6.953371047973633,6.953371047973633,6.868574142456055,6.9109721183776855,5.288013458251953,10761
1999-02-03,6.9109721183776855,6.9109721183776855,6.9109721183776855,6.9109721183776855,5.314094066619873,0
1999-02-04,6.953371047973633,6.953371047973633,6.783775806427002,6.783775806427002,5.216287136077881,16363
1999-02-05,6.783775806427002,6.783775806427002,6.783775806427002,6.783775806427002,5.216287136077881,0
1999-02-08,6.783775806427002,6.783775806427002,6.783775806427002,6.783775806427002,5.216287136077881,5307
1999-02-09,6.783775806427002,6.783775806427002,6.783775806427002,6.783775806427002,5.216287136077881,3243
1999-02-10,7.122964859008789,7.122964859008789,7.122964859008789,7.122964859008789,5.477100849151611,3685
1999-02-11,6.783775806427002,6.783775806427002,6.783775806427002,6.783775806427002,5.216287136077881,5454
1999-02-12,6.783775806427002,6.783775806427002,6.783775806427002,6.783775806427002,5.216287136077881,0
1999-02-16,7.122964859008789,7.122964859008789,7.122964859008789,7.122964859008789,5.477100849151611,10171
1999-02-17,6.953371047973633,6.953371047973633,6.826175212860107,6.826175212860107,5.2488908767700195,2359
1999-02-18,7.038167953491211,7.038167953491211,6.783775806427002,6.953371047973633,5.3466949462890625,4422
1999-02-19,6.953371047973633,6.953371047973633,6.921572208404541,6.953371047973633,5.3466949462890625,5602
1999-02-22,6.9109721183776855,6.9109721183776855,6.783775806427002,6.783775806427002,5.216287136077881,18426
1999-02-23,6.698978900909424,6.783775806427002,6.698978900909424,6.698978900909424,5.151084899902344,3096
1999-02-24,6.783775806427002,6.783775806427002,6.614181995391846,6.783775806427002,5.216287136077881,8255
1999-02-25,6.783775806427002,6.783775806427002,6.614181995391846,6.656580924987793,5.11848258972168,8255
1999-02-26,6.614181995391846,6.614181995391846,6.614181995391846,6.614181995391846,5.085880756378174,2064
1999-03-01,6.698978900909424,6.783775806427002,6.698978900909424,6.698978900909424,5.151084899902344,8992
1999-03-02,6.698978900909424,6.698978900909424,6.698978900909424,6.698978900909424,5.151084899902344,7076
1999-03-03,6.698978900909424,6.783775806427002,6.614181995391846,6.783775806427002,5.216287136077881,7518
1999-03-04,6.614181995391846,6.698978900909424,6.571783065795898,6.698978900909424,5.151084899902344,3685
1999-03-05,6.614181995391846,6.698978900909424,6.614181995391846,6.614181995391846,5.085880756378174,4865
1999-03-08,6.571783065795898,6.614181995391846,6.529385089874268,6.614181995391846,5.085880756378174,6191
1999-03-09,6.614181995391846,6.698978900909424,6.614181995391846,6.614181995391846,5.085880756378174,4127
1999-03-10,6.783775806427002,6.783775806427002,6.614181995391846,6.783775806427002,5.216287136077881,5159
1999-03-11,6.614181995391846,6.698978900909424,6.614181995391846,6.698978900909424,5.151084899902344,5307
1999-03-12,6.698978900909424,6.698978900909424,6.529385089874268,6.529385089874268,5.020678997039795,5012
1999-03-15,6.614181995391846,6.614181995391846,6.614181995391846,6.614181995391846,5.085880756378174,2653
1999-03-16,6.529385089874268,6.529385089874268,6.529385089874268,6.529385089874268,5.020678997039795,1916
1999-03-17,6.614181995391846,6.614181995391846,6.614181995391846,6.614181995391846,5.085880756378174,1769
1999-03-18,6.529385089874268,6.529385089874268,6.359789848327637,6.359789848327637,4.890270233154297,21080
1999-03-19,6.359789848327637,6.359789848327637,6.359789848327637,6.359789848327637,4.890270233154297,5159
1999-03-22,6.4445881843566895,6.571783065795898,6.274992942810059,6.317391872406006,4.857668876647949,14299
1999-03-23,6.317391872406006,6.571783065795898,6.317391872406006,6.571783065795898,5.053279876708984,27713
1999-03-24,6.529385089874268,6.529385089874268,6.529385089874268,6.529385089874268,5.020678997039795,1769
1999-03-25,6.614181995391846,6.698978900909424,6.614181995391846,6.698978900909424,5.151084899902344,11645
1999-03-26,6.614181995391846,6.783775806427002,6.529385089874268,6.529385089874268,5.020678997039795,8108
1999-03-29,6.783775806427002,6.783775806427002,6.783775806427002,6.783775806427002,5.216287136077881,1179
1999-03-30,6.783775806427002,6.783775806427002,6.783775806427002,6.783775806427002,5.216287136077881,0
1999-03-31,6.529385089874268,6.783775806427002,6.529385089874268,6.783775806427002,5.216287136077881,7813
1999-04-01,6.783775806427002,6.868574142456055,6.529385089874268,6.614181995391846,5.085880756378174,5602
1999-04-05,6.529385089874268,6.529385089874268,6.529385089874268,6.529385089874268,5.020678997039795,2211
1999-04-06,6.529385089874268,6.698978900909424,6.529385089874268,6.529385089874268,5.020678997039795,1179
1999-04-07,6.529385089874268,6.698978900909424,6.529385089874268,6.698978900909424,5.151084899902344,1769
1999-04-08,6.529385089874268,6.868574142456055,6.529385089874268,6.868574142456055,5.281491756439209,4275
1999-04-09,6.698978900909424,6.783775806427002,6.698978900909424,6.783775806427002,5.216287136077881,6044
1999-04-12,6.953371047973633,6.953371047973633,6.698978900909424,6.783775806427002,5.216287136077881,18574
1999-04-13,6.698978900909424,6.953371047973633,6.698978900909424,6.698978900909424,5.151084899902344,13562
1999-04-14,6.953371047973633,6.953371047973633,6.953371047973633,6.953371047973633,5.3466949462890625,884
1999-04-15,6.868574142456055,6.868574142456055,6.868574142456055,6.868574142456055,5.281491756439209,147
1999-04-16,6.953371047973633,6.953371047973633,6.953371047973633,6.953371047973633,5.3466949462890625,295
1999-04-19,6.698978900909424,6.868574142456055,6.698978900909424,6.868574142456055,5.281491756439209,18279
1999-04-20,6.868574142456055,6.868574142456055,6.868574142456055,6.868574142456055,5.281491756439209,147
1999-04-21,6.868574142456055,6.868574142456055,6.783775806427002,6.868574142456055,5.281491756439209,8255
1999-04-22,6.783775806427002,7.122964859008789,6.783775806427002,7.038167953491211,5.411899089813232,4570
1999-04-23,7.122964859008789,7.122964859008789,6.783775806427002,6.953371047973633,5.3466949462890625,15331
1999-04-26,6.783775806427002,6.868574142456055,6.741377830505371,6.741377830505371,5.183687210083008,43044
1999-04-27,6.783775806427002,6.783775806427002,6.698978900909424,6.698978900909424,5.151084899902344,35379
1999-04-28,6.783775806427002,7.038167953491211,6.783775806427002,6.953371047973633,5.3466949462890625,21817
1999-04-29,6.953371047973633,6.953371047973633,6.698978900909424,6.953371047973633,5.3466949462890625,1179
1999-04-30,6.698978900909424,7.122964859008789,6.529385089874268,6.953371047973633,5.3466949462890625,28303
1999-05-03,7.122964859008789,7.122964859008789,6.698978900909424,6.953371047973633,5.3466949462890625,10319
1999-05-04,6.953371047973633,6.953371047973633,6.953371047973633,6.953371047973633,5.3466949462890625,2653
1999-05-05,7.122964859008789,7.928538799285889,6.783775806427002,7.207761764526367,5.542307376861572,70610
1999-05-06,6.953371047973633,6.953371047973633,6.783775806427002,6.783775806427002,5.24591064453125,10761
1999-05-07,6.783775806427002,6.953371047973633,6.783775806427002,6.953371047973633,5.377059459686279,2211
1999-05-10,6.741377830505371,7.122964859008789,6.741377830505371,6.953371047973633,5.377059459686279,6486
1999-05-11,6.953371047973633,6.953371047973633,6.953371047973633,6.953371047973633,5.377059459686279,3096
1999-05-12,7.122964859008789,7.122964859008789,6.698978900909424,6.783775806427002,5.24591064453125,11498
1999-05-13,6.868574142456055,6.995769023895264,6.826175212860107,6.868574142456055,5.311487674713135,6781
1999-05-14,6.953371047973633,6.995769023895264,6.783775806427002,6.783775806427002,5.24591064453125,8255
1999-05-17,7.207761764526367,7.207761764526367,7.122964859008789,7.122964859008789,5.508206844329834,4570
1999-05-18,7.207761764526367,7.207761764526367,7.038167953491211,7.038167953491211,5.442634582519531,3243
1999-05-19,7.038167953491211,7.038167953491211,7.038167953491211,7.038167953491211,5.442634582519531,0
1999-05-20,7.122964859008789,7.207761764526367,7.122964859008789,7.207761764526367,5.573782920837402,3096
1999-05-21,7.122964859008789,7.122964859008789,6.953371047973633,6.953371047973633,5.377059459686279,16363
1999-05-24,6.953371047973633,6.953371047973633,6.953371047973633,6.953371047973633,5.377059459686279,590
1999-05-25,6.995769023895264,7.29256010055542,6.953371047973633,7.29256010055542,5.6393561363220215,20490
1999-05-26,7.29256010055542,7.631748199462891,7.038167953491211,7.29256010055542,5.6393561363220215,6928
1999-05-27,7.207761764526367,7.29256010055542,7.207761764526367,7.29256010055542,5.6393561363220215,2653
1999-05-28,7.29256010055542,7.462153911590576,7.29256010055542,7.29256010055542,5.6393561363220215,14594
1999-06-01,7.29256010055542,7.462153911590576,7.29256010055542,7.462153911590576,5.770505428314209,3243
1999-06-02,7.377357006072998,7.631748199462891,7.377357006072998,7.631748199462891,5.901650905609131,6781
1999-06-03,7.716546058654785,7.801342964172363,7.631748199462891,7.631748199462891,5.901650905609131,35084
1999-06-04,7.886139869689941,8.140531539916992,7.886139869689941,8.140531539916992,6.295094966888428,6781
1999-06-07,7.9709367752075195,7.9709367752075195,7.886139869689941,7.886139869689941,6.09837532043457,3980
1999-06-08,8.225329399108887,8.225329399108887,8.140531539916992,8.140531539916992,6.295094966888428,2653
1999-06-09,7.9709367752075195,7.9709367752075195,7.801342964172363,7.928538799285889,6.13115930557251,8992
1999-06-10,7.801342964172363,7.886139869689941,7.631748199462891,7.631748199462891,5.901650905609131,36558
1999-06-11,8.055733680725098,8.140531539916992,7.886139869689941,8.140531539916992,6.295094966888428,21964
1999-06-14,8.098133087158203,8.098133087158203,7.801342964172363,7.9709367752075195,6.163948059082031,7665
1999-06-15,7.801342964172363,7.886139869689941,7.801342964172363,7.886139869689941,6.09837532043457,4717
1999-06-16,7.801342964172363,7.9709367752075195,7.716546058654785,7.9709367752075195,6.163948059082031,9877
1999-06-17,7.801342964172363,7.801342964172363,7.801342964172363,7.801342964172363,6.032800197601318,295
1999-06-18,7.801342964172363,7.9709367752075195,7.716546058654785,7.9709367752075195,6.163948059082031,3833
1999-06-21,7.886139869689941,7.886139869689941,7.886139869689941,7.886139869689941,6.09837532043457,1474
1999-06-22,7.886139869689941,7.886139869689941,7.886139869689941,7.886139869689941,6.09837532043457,1474
1999-06-23,8.055733680725098,8.394923210144043,7.886139869689941,7.886139869689941,6.09837532043457,4865
1999-06-24,7.886139869689941,7.886139869689941,7.886139869689941,7.886139869689941,6.09837532043457,1179
1999-06-25,7.9709367752075195,7.9709367752075195,7.801342964172363,7.801342964172363,6.032800197601318,1916
1999-06-28,7.801342964172363,8.140531539916992,7.801342964172363,7.801342964172363,6.032800197601318,21817
1999-06-29,7.9709367752075195,7.9709367752075195,7.801342964172363,7.801342964172363,6.032800197601318,3538
1999-06-30,8.140531539916992,8.140531539916992,7.716546058654785,7.9709367752075195,6.163948059082031,18721
1999-07-01,7.9709367752075195,7.9709367752075195,7.9709367752075195,7.9709367752075195,6.163948059082031,0
1999-07-02,7.9709367752075195,7.9709367752075195,7.9709367752075195,7.9709367752075195,6.163948059082031,0
1999-07-06,7.716546058654785,7.886139869689941,7.631748199462891,7.801342964172363,6.032800197601318,9139
1999-07-07,7.9709367752075195,8.140531539916992,7.716546058654785,7.716546058654785,5.967226505279541,9434
1999-07-08,7.9709367752075195,7.9709367752075195,7.9709367752075195,7.9709367752075195,6.163948059082031,6339
1999-07-09,7.716546058654785,7.716546058654785,7.716546058654785,7.716546058654785,5.967226505279541,737
1999-07-12,7.716546058654785,7.716546058654785,7.716546058654785,7.716546058654785,5.967226505279541,3685
1999-07-13,7.716546058654785,7.716546058654785,7.716546058654785,7.716546058654785,5.967226505279541,0
1999-07-14,8.055733680725098,8.055733680725098,7.674147129058838,7.70594596862793,5.959028244018555,6928
1999-07-15,7.674147129058838,7.9709367752075195,7.674147129058838,7.886139869689941,6.09837532043457,10466
1999-07-16,7.886139869689941,7.886139869689941,7.886139869689941,7.886139869689941,6.09837532043457,0
1999-07-19,8.140531539916992,8.140531539916992,7.716546058654785,7.716546058654785,5.967226505279541,3685
1999-07-20,7.716546058654785,7.716546058654785,7.631748199462891,7.631748199462891,5.901650905609131,13267
1999-07-21,7.546950817108154,7.546950817108154,7.546950817108154,7.546950817108154,5.8360795974731445,1179
1999-07-22,7.546950817108154,7.546950817108154,7.546950817108154,7.546950817108154,5.8360795974731445,0
1999-07-23,7.546950817108154,7.546950817108154,7.546950817108154,7.546950817108154,5.8360795974731445,1179
1999-07-26,7.377357006072998,7.462153911590576,6.953371047973633,7.207761764526367,5.573782920837402,35084
1999-07-27,7.122964859008789,7.122964859008789,6.953371047973633,6.953371047973633,5.377059459686279,15920
1999-07-28,7.377357006072998,7.377357006072998,7.377357006072998,7.377357006072998,5.704929828643799,1179
1999-07-29,6.953371047973633,6.953371047973633,6.868574142456055,6.868574142456055,5.311487674713135,3685
1999-07-30,6.868574142456055,7.122964859008789,6.868574142456055,7.122964859008789,5.508206844329834,1474
1999-08-02,7.122964859008789,7.122964859008789,6.868574142456055,6.868574142456055,5.311487674713135,14741
1999-08-03,7.038167953491211,7.038167953491211,6.4445881843566895,6.783775806427002,5.24591064453125,8402
1999-08-04,6.698978900909424,6.698978900909424,6.698978900909424,6.698978900909424,5.1803388595581055,2948
1999-08-05,6.359789848327637,6.359789848327637,5.9358038902282715,6.115997791290283,4.72951602935791,6486
1999-08-06,6.359789848327637,6.529385089874268,6.359789848327637,6.529385089874268,5.0830206871032715,1622
1999-08-09,6.529385089874268,6.529385089874268,6.105399131774902,6.48698616027832,5.050013542175293,10908
1999-08-10,6.4445881843566895,6.698978900909424,6.4445881843566895,6.4445881843566895,5.0170063972473145,3538
1999-08-11,6.614181995391846,6.614181995391846,6.614181995391846,6.614181995391846,5.149030685424805,147
1999-08-12,6.614181995391846,6.614181995391846,6.614181995391846,6.614181995391846,5.149030685424805,0
1999-08-13,6.4445881843566895,6.4445881843566895,6.105399131774902,6.274992942810059,4.884978771209717,1916
1999-08-16,6.105399131774902,6.105399131774902,6.105399131774902,6.105399131774902,4.752954006195068,1769
1999-08-17,6.105399131774902,6.1901960372924805,6.105399131774902,6.1901960372924805,4.818965911865234,5307
1999-08-18,6.1901960372924805,6.1901960372924805,6.1901960372924805,6.1901960372924805,4.818965911865234,884
1999-08-19,6.1901960372924805,6.1901960372924805,6.1901960372924805,6.1901960372924805,4.818965911865234,0
1999-08-20,6.105399131774902,6.1901960372924805,6.105399131774902,6.1901960372924805,4.818965911865234,7371
1999-08-23,6.105399131774902,6.4445881843566895,6.105399131774902,6.105399131774902,4.752954006195068,12972
1999-08-24,6.105399131774902,6.105399131774902,6.02060079574585,6.105399131774902,4.752954006195068,41275
1999-08-25,5.9358038902282715,6.4445881843566895,5.9358038902282715,6.274992942810059,4.884978771209717,31398
1999-08-26,6.4445881843566895,6.4445881843566895,6.105399131774902,6.105399131774902,4.752954006195068,10761
1999-08-27,6.232594966888428,6.232594966888428,6.105399131774902,6.105399131774902,4.752954006195068,12972
1999-08-30,6.274992942810059,6.274992942810059,6.105399131774902,6.105399131774902,4.752954006195068,7665
1999-08-31,6.274992942810059,6.274992942810059,5.9358038902282715,5.9358038902282715,4.620927810668945,15478
1999-09-01,5.9358038902282715,6.1901960372924805,5.9358038902282715,6.1901960372924805,4.818965911865234,2506
1999-09-02,5.9358038902282715,6.274992942810059,5.893405914306641,5.893405914306641,4.58791971206665,10614
1999-09-03,5.893405914306641,5.893405914306641,5.893405914306641,5.893405914306641,4.58791971206665,0
1999-09-07,5.766210079193115,5.851006984710693,5.639013767242432,5.851006984710693,4.55491304397583,11498
1999-09-08,5.681413173675537,5.766210079193115,5.427021026611328,5.596614837646484,4.356873512268066,28892
1999-09-09,5.596614837646484,5.766210079193115,5.427021026611328,5.596614837646484,4.356873512268066,19753
1999-09-10,5.511817932128906,5.511817932128906,5.427021026611328,5.511817932128906,4.290861129760742,5454
1999-09-13,5.257427215576172,5.34222412109375,4.748642921447754,4.918238162994385,3.828768253326416,45550
1999-09-14,4.918238162994385,4.918238162994385,4.748642921447754,4.833440780639648,3.762754440307617,11203
1999-09-15,4.918238162994385,5.003035068511963,4.918238162994385,5.003035068511963,3.8947808742523193,13562
1999-09-16,5.003035068511963,5.003035068511963,5.003035068511963,5.003035068511963,3.8947808742523193,8697
1999-09-17,5.087831974029541,5.130230903625488,5.003035068511963,5.130230903625488,3.993802547454834,8845
1999-09-20,5.04543399810791,5.04543399810791,4.918238162994385,4.918238162994385,3.828768253326416,5012
1999-09-21,5.003035068511963,5.003035068511963,4.918238162994385,4.918238162994385,3.828768253326416,41275
1999-09-22,5.003035068511963,5.04543399810791,4.918238162994385,5.04543399810791,3.9277892112731934,75474
1999-09-23,4.918238162994385,4.960636138916016,4.918238162994385,4.918238162994385,3.828768253326416,2948
1999-09-24,4.8758392333984375,4.8758392333984375,4.791041851043701,4.812241077423096,3.746250867843628,6339
1999-09-27,4.960636138916016,4.960636138916016,4.791041851043701,4.791041851043701,3.7297492027282715,4717
1999-09-28,4.748642921447754,4.748642921447754,4.579049110412598,4.663846015930176,3.630727767944336,8550
1999-09-29,4.579049110412598,4.579049110412598,4.324656963348389,4.324656963348389,3.3666749000549316,5454
1999-09-30,4.409454822540283,4.663846015930176,4.409454822540283,4.663846015930176,3.630727767944336,4127
1999-10-01,4.579049110412598,4.663846015930176,4.579049110412598,4.663846015930176,3.630727767944336,2211
1999-10-04,4.663846015930176,5.003035068511963,4.663846015930176,4.918238162994385,3.828768253326416,30514
1999-10-05,4.918238162994385,5.003035068511963,4.4942522048950195,4.4942522048950195,3.4987008571624756,10908
1999-10-06,4.473052978515625,4.473052978515625,4.473052978515625,4.473052978515625,3.482198715209961,6781
1999-10-07,4.579049110412598,4.674446105957031,4.579049110412598,4.674446105957031,3.638979911804199,3980
1999-10-08,5.003035068511963,5.003035068511963,5.003035068511963,5.003035068511963,3.8947808742523193,590
1999-10-11,4.748642921447754,4.960636138916016,4.748642921447754,4.960636138916016,3.86177396774292,2359
1999-10-12,4.960636138916016,4.960636138916016,4.748642921447754,4.918238162994385,3.828768253326416,7076
1999-10-13,4.748642921447754,4.748642921447754,4.748642921447754,4.748642921447754,3.6967411041259766,442
1999-10-14,4.748642921447754,4.748642921447754,4.579049110412598,4.579049110412598,3.5647149085998535,12530
1999-10-15,4.579049110412598,4.579049110412598,4.19746208190918,4.409454822540283,3.432687282562256,17837
1999-10-18,4.451852798461914,4.748642921447754,4.451852798461914,4.4942522048950195,3.4987008571624756,3538
1999-10-19,4.748642921447754,5.257427215576172,4.748642921447754,4.833440780639648,3.762754440307617,13709
1999-10-20,4.960636138916016,4.960636138916016,4.960636138916016,4.960636138916016,3.86177396774292,5454
1999-10-21,4.960636138916016,4.960636138916016,4.663846015930176,4.780442237854004,3.7214972972869873,22849
1999-10-22,4.791041851043701,4.791041851043701,4.663846015930176,4.663846015930176,3.630727767944336,884
1999-10-25,4.791041851043701,4.918238162994385,4.748642921447754,4.918238162994385,3.828768253326416,36116
1999-10-26,4.960636138916016,5.257427215576172,4.8758392333984375,5.257427215576172,4.092822074890137,57785
1999-10-27,5.257427215576172,5.257427215576172,5.257427215576172,5.257427215576172,4.124755859375,3833
1999-10-28,5.257427215576172,5.34222412109375,5.172628879547119,5.172628879547119,4.058227062225342,2801
1999-10-29,5.511817932128906,5.766210079193115,5.511817932128906,5.766210079193115,4.523924350738525,14594
1999-11-01,5.766210079193115,5.9358038902282715,5.681413173675537,5.681413173675537,4.457396984100342,28155
1999-11-02,5.681413173675537,5.681413173675537,5.681413173675537,5.681413173675537,4.457396984100342,147
1999-11-03,6.02060079574585,6.02060079574585,5.681413173675537,5.681413173675537,4.457396984100342,3096
1999-11-04,5.681413173675537,5.681413173675537,5.34222412109375,5.427021026611328,4.257811546325684,16952
1999-11-05,5.469419956207275,5.469419956207275,5.427021026611328,5.427021026611328,4.257811546325684,590
1999-11-08,5.427021026611328,5.427021026611328,5.34222412109375,5.34222412109375,4.191282749176025,1622
1999-11-09,5.427021026611328,5.427021026611328,5.427021026611328,5.427021026611328,4.257811546325684,590
1999-11-10,5.34222412109375,5.34222412109375,5.34222412109375,5.34222412109375,4.191282749176025,295
1999-11-11,5.34222412109375,5.34222412109375,5.003035068511963,5.003035068511963,3.9251694679260254,6191
1999-11-12,5.003035068511963,5.087831974029541,4.918238162994385,4.918238162994385,3.8586418628692627,2359
1999-11-15,5.087831974029541,5.215027809143066,5.087831974029541,5.215027809143066,4.091489315032959,2211
1999-11-16,4.918238162994385,5.427021026611328,4.748642921447754,5.34222412109375,4.191282749176025,12677
1999-11-17,5.427021026611328,5.427021026611328,5.427021026611328,5.427021026611328,4.257811546325684,590
1999-11-18,5.087831974029541,5.34222412109375,4.918238162994385,5.130230903625488,4.024963855743408,8402
1999-11-19,4.918238162994385,5.003035068511963,4.918238162994385,5.003035068511963,3.9251694679260254,1622
1999-11-22,4.918238162994385,4.918238162994385,4.918238162994385,4.918238162994385,3.8586418628692627,4127
1999-11-23,4.748642921447754,4.918238162994385,4.409454822540283,4.918238162994385,3.8586418628692627,8255
1999-11-24,4.918238162994385,4.918238162994385,4.918238162994385,4.918238162994385,3.8586418628692627,0
1999-11-26,4.918238162994385,5.087831974029541,4.918238162994385,5.087831974029541,3.9916982650756836,7371
1999-11-29,4.918238162994385,4.918238162994385,4.918238162994385,4.918238162994385,3.8586418628692627,2653
1999-11-30,5.087831974029541,5.087831974029541,5.087831974029541,5.087831974029541,3.9916982650756836,1179
1999-12-01,5.087831974029541,5.257427215576172,5.087831974029541,5.172628879547119,4.058227062225342,9877
1999-12-02,5.172628879547119,5.172628879547119,5.172628879547119,5.172628879547119,4.058227062225342,295
1999-12-03,5.087831974029541,5.087831974029541,5.087831974029541,5.087831974029541,3.9916982650756836,1916
1999-12-06,5.257427215576172,5.427021026611328,5.087831974029541,5.427021026611328,4.257811546325684,8697
1999-12-07,5.427021026611328,5.427021026611328,4.409454822540283,4.4942522048950195,3.525999069213867,23586
1999-12-08,4.748642921447754,4.918238162994385,4.4942522048950195,4.918238162994385,3.8586418628692627,10024
1999-12-09,4.748642921447754,4.748642921447754,4.4942522048950195,4.4942522048950195,3.525999069213867,3538
1999-12-10,4.4942522048950195,4.4942522048950195,4.4942522048950195,4.4942522048950195,3.525999069213867,22996
1999-12-13,4.4942522048950195,4.663846015930176,4.409454822540283,4.663846015930176,3.6590561866760254,8550
1999-12-14,4.663846015930176,4.663846015930176,4.451852798461914,4.451852798461914,3.492736577987671,29630
1999-12-15,4.451852798461914,4.451852798461914,4.070265769958496,4.2398600578308105,3.3264143466949463,24470
1999-12-16,4.2398600578308105,4.4942522048950195,4.070265769958496,4.070265769958496,3.1933579444885254,21964
1999-12-17,4.451852798461914,4.451852798461914,4.409454822540283,4.409454822540283,3.459470510482788,884
1999-12-20,4.19746208190918,4.19746208190918,4.070265769958496,4.070265769958496,3.1933579444885254,9287
1999-12-21,3.9006710052490234,3.9006710052490234,3.391887903213501,3.476685047149658,2.727659225463867,10466
1999-12-22,3.5614829063415527,3.64628005027771,3.391887903213501,3.5614829063415527,2.7941882610321045,57638
1999-12-23,3.5614829063415527,3.5614829063415527,3.2222940921783447,3.2646920680999756,2.5613396167755127,56606
1999-12-27,3.5614829063415527,4.070265769958496,3.5614829063415527,3.9006710052490234,3.0603015422821045,36263
1999-12-28,3.8158740997314453,4.155063152313232,3.8158740997314453,4.155063152313232,3.2598860263824463,26534
1999-12-29,3.985469102859497,4.19746208190918,3.985469102859497,4.070265769958496,3.1933579444885254,13857
1999-12-30,4.324656963348389,4.409454822540283,3.7734758853912354,4.070265769958496,3.1933579444885254,77243
1999-12-31,3.7734758853912354,4.070265769958496,3.731076955795288,4.070265769958496,3.1933579444885254,7371
2000-01-03,4.2398600578308105,4.324656963348389,4.19746208190918,4.19746208190918,3.293151617050171,1179
2000-01-04,4.19746208190918,4.324656963348389,4.19746208190918,4.324656963348389,3.3929429054260254,11793
2000-01-05,4.324656963348389,4.324656963348389,4.324656963348389,4.324656963348389,3.3929429054260254,0
2000-01-06,4.324656963348389,4.324656963348389,4.324656963348389,4.324656963348389,3.3929429054260254,3685
2000-01-07,4.070265769958496,4.112664222717285,4.070265769958496,4.112664222717285,3.22662091255188,1032
2000-01-10,4.070265769958496,4.070265769958496,4.070265769958496,4.070265769958496,3.1933579444885254,4717
2000-01-11,4.027866840362549,4.070265769958496,4.027866840362549,4.070265769958496,3.1933579444885254,1032
2000-01-12,4.027866840362549,4.027866840362549,3.8582730293273926,3.8582730293273926,3.027038097381592,11793
2000-01-13,4.31405782699585,4.31405782699585,4.31405782699585,4.31405782699585,3.384627103805542,590
2000-01-14,3.8582730293273926,3.8582730293273926,3.8582730293273926,3.8582730293273926,3.027038097381592,1474
2000-01-18,4.070265769958496,4.070265769958496,4.070265769958496,4.070265769958496,3.1933579444885254,3685
2000-01-19,4.282258987426758,4.282258987426758,4.282258987426758,4.282258987426758,3.3596794605255127,295
2000-01-20,3.9006710052490234,3.964268922805786,3.9006710052490234,3.964268922805786,3.110197067260742,6633
2000-01-21,3.9006710052490234,3.9006710052490234,3.9006710052490234,3.9006710052490234,3.0603015422821045,3243
2000-01-24,3.8582730293273926,3.985469102859497,3.8158740997314453,3.9430699348449707,3.093567132949829,17984
2000-01-25,3.9430699348449707,3.9430699348449707,3.9006710052490234,3.9430699348449707,3.093567132949829,3685
2000-01-26,3.9006710052490234,3.9430699348449707,3.9006710052490234,3.9006710052490234,3.0603015422821045,40243
2000-01-27,3.985469102859497,3.985469102859497,3.8582730293273926,3.985469102859497,3.126830816268921,2948
2000-01-28,3.985469102859497,3.985469102859497,3.985469102859497,3.985469102859497,3.126830816268921,0
2000-01-31,3.8158740997314453,3.8158740997314453,3.731076955795288,3.8158740997314453,2.9937729835510254,12677
2000-02-01,4.070265769958496,4.070265769958496,3.985469102859497,4.070265769958496,3.1933579444885254,10319
2000-02-02,3.985469102859497,3.985469102859497,3.985469102859497,3.985469102859497,3.126830816268921,2211
2000-02-03,3.9006710052490234,3.9006710052490234,3.9006710052490234,3.9006710052490234,3.0603015422821045,2211
2000-02-04,3.8158740997314453,4.579049110412598,3.8158740997314453,4.579049110412598,3.5925281047821045,67661
2000-02-07,4.409454822540283,4.579049110412598,4.2398600578308105,4.451852798461914,3.492736577987671,59554
2000-02-08,4.621448040008545,4.663846015930176,4.409454822540283,4.4942522048950195,3.525999069213867,18279
2000-02-09,4.4942522048950195,4.4942522048950195,4.4942522048950195,4.4942522048950195,3.525999069213867,0
2000-02-10,4.367055892944336,4.367055892944336,4.2398600578308105,4.2398600578308105,3.3264143466949463,1769
2000-02-11,4.4942522048950195,4.4942522048950195,3.985469102859497,4.070265769958496,3.1933579444885254,15626
2000-02-14,4.2398600578308105,4.2398600578308105,4.112664222717285,4.112664222717285,3.22662091255188,3390
2000-02-15,4.070265769958496,4.070265769958496,3.985469102859497,4.070265769958496,3.1933579444885254,7665
2000-02-16,4.070265769958496,4.070265769958496,4.070265769958496,4.070265769958496,3.1933579444885254,3243
2000-02-17,4.155063152313232,4.155063152313232,4.155063152313232,4.155063152313232,3.2598860263824463,295
2000-02-18,4.070265769958496,4.155063152313232,3.9006710052490234,4.155063152313232,3.2598860263824463,29777
2000-02-22,4.070265769958496,4.070265769958496,3.8158740997314453,3.8158740997314453,2.9937729835510254,2653
2000-02-23,3.8158740997314453,3.8158740997314453,3.8158740997314453,3.8158740997314453,2.9937729835510254,0
2000-02-24,3.8582730293273926,3.8582730293273926,3.8582730293273926,3.8582730293273926,3.027038097381592,737
2000-02-25,3.8582730293273926,3.8582730293273926,3.8582730293273926,3.8582730293273926,3.027038097381592,0
2000-02-28,3.8582730293273926,4.070265769958496,3.8582730293273926,4.070265769958496,3.1933579444885254,15036
2000-02-29,4.070265769958496,4.2398600578308105,4.070265769958496,4.2398600578308105,3.3264143466949463,6191
2000-03-01,3.9006710052490234,3.9006710052490234,3.5614829063415527,3.5614829063415527,2.7941882610321045,48203
2000-03-02,3.731076955795288,3.731076955795288,3.476685047149658,3.5614829063415527,2.7941882610321045,89920
2000-03-03,3.731076955795288,3.731076955795288,3.731076955795288,3.731076955795288,2.927245855331421,4570
2000-03-06,3.8158740997314453,3.9006710052490234,3.8158740997314453,3.8158740997314453,2.9937729835510254,52036
2000-03-07,3.8158740997314453,3.9006710052490234,3.8158740997314453,3.9006710052490234,3.0603015422821045,24618
2000-03-08,3.9006710052490234,3.985469102859497,3.731076955795288,3.9006710052490234,3.0603015422821045,52920
2000-03-09,3.8158740997314453,3.8158740997314453,3.688678026199341,3.688678026199341,2.8939809799194336,11351
2000-03-10,3.731076955795288,3.985469102859497,3.731076955795288,3.985469102859497,3.126830816268921,20785
2000-03-13,4.070265769958496,4.070265769958496,3.8582730293273926,4.070265769958496,3.1933579444885254,52331
2000-03-14,4.070265769958496,4.2398600578308105,4.070265769958496,4.2398600578308105,3.3264143466949463,11203
2000-03-15,4.112664222717285,4.112664222717285,3.7734758853912354,3.7734758853912354,2.960510730743408,13709
2000-03-16,3.7734758853912354,3.9006710052490234,3.731076955795288,3.9006710052490234,3.0603015422821045,4422
2000-03-17,4.2398600578308105,4.409454822540283,3.985469102859497,4.409454822540283,3.459470510482788,57048
2000-03-20,4.324656963348389,4.324656963348389,4.324656963348389,4.324656963348389,3.3929429054260254,8992
2000-03-21,4.2398600578308105,4.2398600578308105,4.070265769958496,4.070265769958496,3.1933579444885254,1622
2000-03-22,4.070265769958496,4.155063152313232,4.070265769958496,4.070265769958496,3.1933579444885254,18574
2000-03-23,4.19746208190918,4.19746208190918,4.070265769958496,4.070265769958496,3.1933579444885254,28155
2000-03-24,4.324656963348389,4.324656963348389,4.324656963348389,4.324656963348389,3.3929429054260254,590
2000-03-27,4.070265769958496,4.070265769958496,4.070265769958496,4.070265769958496,3.1933579444885254,884
2000-03-28,4.324656963348389,4.579049110412598,4.070265769958496,4.070265769958496,3.1933579444885254,10024
2000-03-29,4.2398600578308105,4.324656963348389,4.070265769958496,4.324656963348389,3.3929429054260254,17689
2000-03-30,4.070265769958496,4.155063152313232,4.070265769958496,4.070265769958496,3.1933579444885254,4717
2000-03-31,4.070265769958496,4.070265769958496,4.070265769958496,4.070265769958496,3.1933579444885254,3243
2000-04-03,4.070265769958496,4.070265769958496,4.070265769958496,4.070265769958496,3.1933579444885254,5307
2000-04-04,4.070265769958496,4.070265769958496,4.070265769958496,4.070265769958496,3.1933579444885254,442
2000-04-05,4.070265769958496,4.070265769958496,4.070265769958496,4.070265769958496,3.1933579444885254,0
2000-04-06,4.070265769958496,4.2398600578308105,3.985469102859497,4.2398600578308105,3.3264143466949463,7665
2000-04-07,4.070265769958496,4.070265769958496,3.985469102859497,3.985469102859497,3.126830816268921,3243
2000-04-10,3.985469102859497,3.985469102859497,3.985469102859497,3.985469102859497,3.126830816268921,3685
2000-04-11,3.985469102859497,3.985469102859497,3.985469102859497,3.985469102859497,3.126830816268921,5602
2000-04-12,3.9006710052490234,3.9006710052490234,3.731076955795288,3.9006710052490234,3.0603015422821045,13267
2000-04-13,3.731076955795288,3.731076955795288,3.64628005027771,3.64628005027771,2.8607170581817627,4717
2000-04-14,3.6038808822631836,3.9006710052490234,3.5614829063415527,3.64628005027771,2.8607170581817627,16805
2000-04-17,3.5614829063415527,3.5614829063415527,3.5614829063415527,3.5614829063415527,2.7941882610321045,295
2000-04-18,3.476685047149658,3.476685047149658,2.7983078956604004,3.476685047149658,2.727659225463867,25060
2000-04-19,3.2222940921783447,3.6038808822631836,3.2222940921783447,3.4342870712280273,2.694396495819092,5896
2000-04-20,3.476685047149658,3.476685047149658,2.9679019451141357,3.391887903213501,2.6611311435699463,4127
2000-04-24,3.2222940921783447,3.307090997695923,2.7135109901428223,2.7135109901428223,2.128906011581421,20048
2000-04-25,3.2222940921783447,3.2222940921783447,2.755908966064453,2.7983078956604004,2.195434331893921,3980
2000-04-26,3.307090997695923,3.307090997695923,2.8831050395965576,3.2222940921783447,2.5280754566192627,14151
2000-04-27,3.307090997695923,3.307090997695923,3.307090997695923,3.307090997695923,2.5946028232574463,1474
2000-04-28,3.052699089050293,3.476685047149658,3.052699089050293,3.476685047149658,2.727659225463867,6486
2000-05-01,3.391887903213501,3.476685047149658,3.391887903213501,3.476685047149658,2.727659225463867,884
2000-05-02,3.2222940921783447,3.476685047149658,2.9679019451141357,3.476685047149658,2.727659225463867,1622
2000-05-03,3.476685047149658,3.476685047149658,3.476685047149658,3.476685047149658,2.727659225463867,0
2000-05-04,3.476685047149658,3.476685047149658,2.7983078956604004,3.052699089050293,2.395019054412842,25355
2000-05-05,3.052699089050293,3.052699089050293,3.052699089050293,3.052699089050293,2.395019054412842,6633
2000-05-08,3.0950980186462402,3.307090997695923,3.0950980186462402,3.2646920680999756,2.5613396167755127,8108
2000-05-09,3.307090997695923,3.307090997695923,3.307090997695923,3.307090997695923,2.5946028232574463,5896
2000-05-10,3.0950980186462402,3.307090997695923,3.0950980186462402,3.307090997695923,2.5946028232574463,2653
2000-05-11,3.307090997695923,3.307090997695923,3.307090997695923,3.307090997695923,2.5946028232574463,0
2000-05-12,3.307090997695923,3.391887903213501,3.307090997695923,3.391887903213501,2.6611311435699463,3685
2000-05-15,3.391887903213501,3.391887903213501,3.391887903213501,3.391887903213501,2.6611311435699463,0
2000-05-16,3.2222940921783447,3.391887903213501,3.2222940921783447,3.391887903213501,2.6611311435699463,2506
2000-05-17,3.2222940921783447,3.391887903213501,3.2222940921783447,3.391887903213501,2.6611311435699463,3390
2000-05-18,3.1374969482421875,3.391887903213501,3.1374969482421875,3.391887903213501,2.6611311435699463,6928
2000-05-19,3.391887903213501,3.391887903213501,3.391887903213501,3.391887903213501,2.6611311435699463,0
2000-05-22,3.391887903213501,3.391887903213501,3.391887903213501,3.391887903213501,2.6611311435699463,0
2000-05-23,3.052699089050293,3.052699089050293,2.755908966064453,2.8831050395965576,2.2619621753692627,19311
2000-05-24,2.755908966064453,2.755908966064453,2.755908966064453,2.755908966064453,2.162170171737671,2948
2000-05-25,2.755908966064453,3.010301113128662,2.755908966064453,3.010301113128662,2.361754894256592,10319
2000-05-26,3.010301113128662,3.010301113128662,3.010301113128662,3.010301113128662,2.361754894256592,0
2000-05-30,3.010301113128662,3.010301113128662,3.010301113128662,3.010301113128662,2.361754894256592,0
2000-05-31,2.7983078956604004,3.010301113128662,2.7135109901428223,3.010301113128662,2.361754894256592,18721
2000-06-01,2.925503969192505,3.052699089050293,2.925503969192505,3.052699089050293,2.395019054412842,28450
2000-06-02,2.7983078956604004,3.010301113128662,2.7983078956604004,3.010301113128662,2.361754894256592,1179
2000-06-05,3.010301113128662,3.052699089050293,3.010301113128662,3.052699089050293,2.395019054412842,3096
2000-06-06,3.1798949241638184,3.1798949241638184,3.1798949241638184,3.1798949241638184,2.494811534881592,295
2000-06-07,3.052699089050293,3.052699089050293,2.7135109901428223,2.7135109901428223,2.128906011581421,20048
2000-06-08,2.7135109901428223,2.8831050395965576,2.7135109901428223,2.8831050395965576,2.2619621753692627,173207
2000-06-09,2.7135109901428223,2.8831050395965576,2.7135109901428223,2.8831050395965576,2.2619621753692627,26386
2000-06-12,2.8831050395965576,2.8831050395965576,2.7135109901428223,2.755908966064453,2.162170171737671,11351
2000-06-13,2.7983078956604004,2.7983078956604004,2.7983078956604004,2.7983078956604004,2.195434331893921,295
2000-06-14,2.7135109901428223,2.7135109901428223,2.5439159870147705,2.5439159870147705,1.9958491325378418,21375
2000-06-15,2.7135109901428223,2.7135109901428223,2.5439159870147705,2.6287128925323486,2.0623772144317627,31988
2000-06-16,2.5439159870147705,2.5439159870147705,2.5439159870147705,2.5439159870147705,1.9958491325378418,295
2000-06-19,2.6287128925323486,2.6287128925323486,2.5439159870147705,2.5439159870147705,1.9958491325378418,15036
2000-06-20,2.6287128925323486,2.6287128925323486,2.5439159870147705,2.5439159870147705,1.9958491325378418,2211
2000-06-21,2.6287128925323486,2.6287128925323486,2.5015180110931396,2.6287128925323486,2.0623772144317627,1179
2000-06-22,2.5015180110931396,2.7135109901428223,2.5015180110931396,2.7135109901428223,2.128906011581421,1769
2000-06-23,2.5015180110931396,2.5015180110931396,2.374321937561035,2.4591190814971924,1.9293209314346313,16215
2000-06-26,2.289525032043457,2.6287128925323486,2.289525032043457,2.6287128925323486,2.0623772144317627,3096
2000-06-27,2.6287128925323486,2.6287128925323486,2.374321937561035,2.374321937561035,1.862792730331421,3833
2000-06-28,2.289525032043457,2.5439159870147705,2.289525032043457,2.5439159870147705,1.9958491325378418,18574
2000-06-29,2.4591190814971924,2.4591190814971924,2.4591190814971924,2.4591190814971924,1.9293209314346313,3096
2000-06-30,2.374321937561035,2.6287128925323486,2.374321937561035,2.6287128925323486,2.0623772144317627,7223
2000-07-03,2.6287128925323486,2.7983078956604004,2.5015180110931396,2.7983078956604004,2.195434331893921,15773
2000-07-05,2.7135109901428223,2.7983078956604004,2.374321937561035,2.7983078956604004,2.195434331893921,5896
2000-07-06,2.7983078956604004,2.7983078956604004,2.7983078956604004,2.7983078956604004,2.195434331893921,0
2000-07-07,2.7983078956604004,2.7983078956604004,2.374321937561035,2.374321937561035,1.862792730331421,4865
2000-07-10,2.374321937561035,2.7135109901428223,2.374321937561035,2.7135109901428223,2.128906011581421,14888
2000-07-11,2.7135109901428223,2.7135109901428223,2.7135109901428223,2.7135109901428223,2.128906011581421,884
2000-07-12,2.7135109901428223,3.391887903213501,2.7135109901428223,3.34948992729187,2.6278676986694336,59849
2000-07-13,3.1374969482421875,3.307090997695923,3.1374969482421875,3.307090997695923,2.5946028232574463,10908
2000-07-14,3.391887903213501,3.391887903213501,3.0950980186462402,3.34948992729187,2.6278676986694336,19900
2000-07-17,3.34948992729187,3.34948992729187,3.052699089050293,3.1374969482421875,2.4615468978881836,19311
2000-07-18,3.052699089050293,3.073899030685425,2.7983078956604004,2.925503969192505,2.2952263355255127,17247
2000-07-19,3.1374969482421875,3.1374969482421875,2.8831050395965576,3.0950980186462402,2.4282827377319336,3390
2000-07-20,2.9679019451141357,2.9679019451141357,2.5863149166107178,2.8831050395965576,2.2619621753692627,27566
2000-07-21,2.819506883621216,2.9679019451141357,2.7135109901428223,2.7135109901428223,2.128906011581421,26386
2000-07-24,2.671112060546875,2.7983078956604004,2.671112060546875,2.7983078956604004,2.195434331893921,4275
2000-07-25,2.7135109901428223,2.8407061100006104,2.2047269344329834,2.331923007965088,1.8295280933380127,98175
2000-07-26,2.5015180110931396,2.5015180110931396,2.4591190814971924,2.4591190814971924,1.9293209314346313,9287
2000-07-27,2.2471261024475098,2.374321937561035,2.2047269344329834,2.374321937561035,1.862792730331421,9582
2000-07-28,2.6287128925323486,2.6287128925323486,2.6287128925323486,2.6287128925323486,2.0623772144317627,6928
2000-07-31,2.6287128925323486,2.6287128925323486,2.6287128925323486,2.6287128925323486,2.0623772144317627,0
2000-08-01,2.331923007965088,2.6287128925323486,2.331923007965088,2.5439159870147705,1.9958491325378418,9139
2000-08-02,2.4591190814971924,2.4591190814971924,2.4591190814971924,2.4591190814971924,1.9293209314346313,2211
2000-08-03,2.374321937561035,2.5439159870147705,2.374321937561035,2.5439159870147705,1.9958491325378418,1622
2000-08-04,2.5439159870147705,2.6287128925323486,2.5439159870147705,2.6287128925323486,2.0623772144317627,3980
2000-08-07,2.416719913482666,2.671112060546875,2.416719913482666,2.671112060546875,2.0956413745880127,3243
2000-08-08,2.5439159870147705,2.5439159870147705,2.5439159870147705,2.5439159870147705,1.9958491325378418,5896
2000-08-09,2.6287128925323486,2.7135109901428223,2.6287128925323486,2.671112060546875,2.0956413745880127,8255
2000-08-10,2.671112060546875,2.671112060546875,2.671112060546875,2.671112060546875,2.0956413745880127,1179
2000-08-11,2.671112060546875,2.671112060546875,2.6287128925323486,2.671112060546875,2.0956413745880127,34789
2000-08-14,2.7135109901428223,2.7135109901428223,2.5863149166107178,2.7135109901428223,2.128906011581421,1179
2000-08-15,2.7135109901428223,2.8831050395965576,2.7135109901428223,2.7983078956604004,2.195434331893921,20932
2000-08-16,2.7135109901428223,2.9679019451141357,2.5439159870147705,2.9679019451141357,2.328490972518921,16215
2000-08-17,2.8831050395965576,2.9679019451141357,2.8831050395965576,2.9679019451141357,2.328490972518921,7665
2000-08-18,2.7135109901428223,2.9679019451141357,2.7135109901428223,2.9679019451141357,2.328490972518921,5012
2000-08-21,2.9679019451141357,2.9679019451141357,2.9679019451141357,2.9679019451141357,2.328490972518921,0
2000-08-22,2.7135109901428223,2.9679019451141357,2.7135109901428223,2.9679019451141357,2.328490972518921,3390
2000-08-23,2.7135109901428223,2.9679019451141357,2.7135109901428223,2.7983078956604004,2.195434331893921,38769
2000-08-24,2.7135109901428223,2.7983078956604004,2.7135109901428223,2.7983078956604004,2.195434331893921,26092
2000-08-25,2.7135109901428223,2.755908966064453,2.7135109901428223,2.755908966064453,2.162170171737671,3096
2000-08-28,2.6287128925323486,2.755908966064453,2.6287128925323486,2.755908966064453,2.162170171737671,1916
2000-08-29,2.755908966064453,2.8831050395965576,2.755908966064453,2.8831050395965576,2.2619621753692627,6928
2000-08-30,2.7983078956604004,2.9679019451141357,2.7983078956604004,2.925503969192505,2.2952263355255127,2211
2000-08-31,2.925503969192505,2.925503969192505,2.755908966064453,2.8831050395965576,2.2619621753692627,2801
2000-09-01,2.755908966064453,3.1374969482421875,2.671112060546875,3.1374969482421875,2.4615468978881836,7665
2000-09-05,2.7135109901428223,3.052699089050293,2.7135109901428223,3.052699089050293,2.395019054412842,295
2000-09-06,2.7135109901428223,2.7135109901428223,2.7135109901428223,2.7135109901428223,2.128906011581421,1769
2000-09-07,2.8407061100006104,3.010301113128662,2.7983078956604004,3.010301113128662,2.361754894256592,7960
2000-09-08,3.010301113128662,3.1374969482421875,3.010301113128662,3.1374969482421875,2.4615468978881836,2948
2000-09-11,3.1374969482421875,3.1374969482421875,2.8831050395965576,2.8831050395965576,2.2619621753692627,9434
2000-09-12,2.8831050395965576,2.8831050395965576,2.8831050395965576,2.8831050395965576,2.2619621753692627,442
2000-09-13,2.8831050395965576,2.8831050395965576,2.7983078956604004,2.8831050395965576,2.2619621753692627,17984
2000-09-14,2.8831050395965576,2.8831050395965576,2.8831050395965576,2.8831050395965576,2.2619621753692627,0
2000-09-15,2.8831050395965576,2.8831050395965576,2.8831050395965576,2.8831050395965576,2.2619621753692627,0
2000-09-18,2.8407061100006104,2.8407061100006104,2.671112060546875,2.7983078956604004,2.195434331893921,3833
2000-09-19,2.7135109901428223,2.7983078956604004,2.4591190814971924,2.7983078956604004,2.195434331893921,42159
2000-09-20,2.7135109901428223,2.7983078956604004,2.7135109901428223,2.7983078956604004,2.195434331893921,737
2000-09-21,2.8831050395965576,2.8831050395965576,2.5439159870147705,2.7983078956604004,2.195434331893921,18279
2000-09-22,2.7135109901428223,2.7983078956604004,2.7135109901428223,2.7983078956604004,2.195434331893921,4275
2000-09-25,2.7135109901428223,2.7983078956604004,2.7135109901428223,2.7983078956604004,2.195434331893921,5749
2000-09-26,2.7983078956604004,2.7983078956604004,2.7135109901428223,2.7135109901428223,2.128906011581421,1769
2000-09-27,2.7135109901428223,2.7135109901428223,2.7135109901428223,2.7135109901428223,2.128906011581421,0
2000-09-28,2.7983078956604004,2.7983078956604004,2.7983078956604004,2.7983078956604004,2.195434331893921,2653
2000-09-29,2.6287128925323486,2.6287128925323486,2.0563321113586426,2.331923007965088,1.8295280933380127,66630
2000-10-02,2.374321937561035,2.374321937561035,2.331923007965088,2.331923007965088,1.8295280933380127,5896
2000-10-03,2.331923007965088,2.6287128925323486,2.1199300289154053,2.374321937561035,1.862792730331421,28598
2000-10-04,2.7135109901428223,2.7983078956604004,2.7135109901428223,2.7983078956604004,2.195434331893921,2653
2000-10-05,2.7983078956604004,2.9679019451141357,2.7983078956604004,2.9679019451141357,2.328490972518921,14594
2000-10-06,2.9679019451141357,2.9679019451141357,2.5439159870147705,2.9679019451141357,2.328490972518921,590
2000-10-09,2.5439159870147705,2.8831050395965576,2.5439159870147705,2.8831050395965576,2.2619621753692627,3390
2000-10-10,2.7135109901428223,2.8831050395965576,2.7135109901428223,2.8831050395965576,2.2619621753692627,2653
2000-10-11,2.8831050395965576,2.8831050395965576,2.5439159870147705,2.8831050395965576,2.2619621753692627,2359
2000-10-12,2.4591190814971924,2.9679019451141357,2.4591190814971924,2.9679019451141357,2.328490972518921,884
2000-10-13,2.9679019451141357,2.9679019451141357,2.4591190814971924,2.9679019451141357,2.328490972518921,10171
2000-10-16,2.6287128925323486,2.9679019451141357,2.6287128925323486,2.9679019451141357,2.328490972518921,11351
2000-10-17,2.7135109901428223,2.9679019451141357,2.7135109901428223,2.9679019451141357,2.328490972518921,737
2000-10-18,2.9679019451141357,2.9679019451141357,2.9679019451141357,2.9679019451141357,2.328490972518921,295
2000-10-19,2.7135109901428223,2.9679019451141357,2.6287128925323486,2.9679019451141357,2.328490972518921,8697
2000-10-20,2.7135109901428223,2.9679019451141357,2.7135109901428223,2.9679019451141357,2.328490972518921,6928
2000-10-23,2.9679019451141357,2.9679019451141357,2.9679019451141357,2.9679019451141357,2.328490972518921,590
2000-10-24,2.8831050395965576,2.8831050395965576,2.6287128925323486,2.6287128925323486,2.0623772144317627,7518
2000-10-25,2.671112060546875,2.7135109901428223,2.4591190814971924,2.7135109901428223,2.128906011581421,3538
2000-10-26,2.4591190814971924,2.671112060546875,2.4591190814971924,2.671112060546875,2.0956413745880127,10908
2000-10-27,2.5863149166107178,2.7135109901428223,2.5439159870147705,2.7135109901428223,2.128906011581421,26239
2000-10-30,2.7135109901428223,2.7135109901428223,2.7135109901428223,2.7135109901428223,2.128906011581421,590
2000-10-31,2.5439159870147705,2.7135109901428223,2.5439159870147705,2.7135109901428223,2.128906011581421,2211
2000-11-01,2.7135109901428223,2.7983078956604004,2.5439159870147705,2.7983078956604004,2.195434331893921,22112
2000-11-02,2.7983078956604004,2.7983078956604004,2.5439159870147705,2.7135109901428223,2.128906011581421,34052
2000-11-03,2.6287128925323486,2.6287128925323486,2.6287128925323486,2.6287128925323486,2.0623772144317627,1327
2000-11-06,2.6287128925323486,2.7135109901428223,2.4591190814971924,2.7135109901428223,2.128906011581421,13120
2000-11-07,2.4591190814971924,2.7135109901428223,2.374321937561035,2.7135109901428223,2.128906011581421,4717
2000-11-08,2.374321937561035,2.7135109901428223,2.374321937561035,2.7135109901428223,2.128906011581421,31104
2000-11-09,2.7135109901428223,2.7135109901428223,2.7135109901428223,2.7135109901428223,2.128906011581421,0
2000-11-10,2.5863149166107178,2.671112060546875,2.374321937561035,2.671112060546875,2.0956413745880127,12530
2000-11-13,2.5439159870147705,2.5439159870147705,2.5439159870147705,2.5439159870147705,1.9958491325378418,2064
2000-11-14,2.4591190814971924,2.5015180110931396,2.416719913482666,2.416719913482666,1.8960559368133545,3685
2000-11-15,2.416719913482666,2.416719913482666,2.416719913482666,2.416719913482666,1.8960559368133545,737
2000-11-16,2.5015180110931396,2.6287128925323486,2.374321937561035,2.5015180110931396,1.962585210800171,13857
2000-11-17,2.5015180110931396,2.5015180110931396,2.5015180110931396,2.5015180110931396,1.962585210800171,0
2000-11-20,2.374321937561035,2.5439159870147705,2.331923007965088,2.5439159870147705,1.9958491325378418,26092
2000-11-21,2.289525032043457,2.4591190814971924,2.2047269344329834,2.4591190814971924,1.9293209314346313,8255
2000-11-22,2.1199300289154053,2.374321937561035,1.95033597946167,2.374321937561035,1.862792730331421,8697
2000-11-24,2.331923007965088,2.374321937561035,1.8655380010604858,2.2047269344329834,1.7297347784042358,36116
2000-11-27,1.95033597946167,2.2047269344329834,1.95033597946167,2.2047269344329834,1.7297347784042358,590
2000-11-28,1.8655380010604858,2.1199300289154053,1.7807409763336182,1.7807409763336182,1.3970937728881836,3096
2000-11-29,1.7807409763336182,1.95033597946167,1.6959439516067505,1.8655380010604858,1.4636224508285522,14594
2000-11-30,1.8655380010604858,2.035132884979248,1.8655380010604858,2.035132884979248,1.5966789722442627,9434
2000-12-01,1.8655380010604858,1.9079370498657227,1.7807409763336182,1.7807409763336182,1.3970937728881836,20637
2000-12-04,1.7807409763336182,2.035132884979248,1.7807409763336182,1.9079370498657227,1.4968864917755127,7813
2000-12-05,1.8655380010604858,2.035132884979248,1.8655380010604858,2.035132884979248,1.5966789722442627,12677
2000-12-06,1.8655380010604858,2.035132884979248,1.8655380010604858,1.8655380010604858,1.4636224508285522,16215
2000-12-07,2.035132884979248,2.035132884979248,1.8655380010604858,1.8655380010604858,1.4636224508285522,590
2000-12-08,1.8655380010604858,1.95033597946167,1.8655380010604858,1.95033597946167,1.530151128768921,21669
2000-12-11,2.035132884979248,2.035132884979248,2.035132884979248,2.035132884979248,1.5966789722442627,884
2000-12-12,1.8655380010604858,1.9079370498657227,1.7807409763336182,1.9079370498657227,1.4968864917755127,5749
2000-12-13,1.8655380010604858,1.95033597946167,1.7807409763336182,1.8655380010604858,1.4636224508285522,20637
2000-12-14,1.8655380010604858,1.8655380010604858,1.6535450220108032,1.6959439516067505,1.3305655717849731,59849
2000-12-15,1.8655380010604858,1.8655380010604858,1.6111470460891724,1.7807409763336182,1.3970937728881836,17100
2000-12-18,1.6959439516067505,1.6959439516067505,1.6111470460891724,1.6111470460891724,1.2640377283096313,10614
2000-12-19,1.6535450220108032,1.6535450220108032,1.6535450220108032,1.6535450220108032,1.2973012924194336,147
2000-12-20,1.6535450220108032,1.6535450220108032,1.5263500213623047,1.5263500213623047,1.197509765625,9582
2000-12-21,1.5263500213623047,1.5687479972839355,1.5263500213623047,1.5263500213623047,1.197509765625,45108
2000-12-22,1.4839509725570679,1.5263500213623047,1.356755018234253,1.4839509725570679,1.1642454862594604,149474
2000-12-26,1.356755018234253,1.5263500213623047,1.3355560302734375,1.4415520429611206,1.1309807300567627,68398
2000-12-27,1.3355560302734375,1.5263500213623047,1.3355560302734375,1.356755018234253,1.0644526481628418,35231
2000-12-28,1.5263500213623047,1.5263500213623047,1.3991539478302002,1.4839509725570679,1.1642454862594604,105693
2000-12-29,1.4839509725570679,1.4839509725570679,1.314357042312622,1.356755018234253,1.0644526481628418,106725
2001-01-02,1.3991539478302002,1.5263500213623047,1.3991539478302002,1.5263500213623047,1.197509765625,15478
2001-01-03,1.5263500213623047,1.5263500213623047,1.5263500213623047,1.5263500213623047,1.197509765625,0
2001-01-04,1.4839509725570679,1.8655380010604858,1.4839509725570679,1.8655380010604858,1.4636224508285522,41128
2001-01-05,1.8655380010604858,2.2471261024475098,1.8655380010604858,2.035132884979248,1.5966789722442627,49972
2001-01-08,2.2471261024475098,2.374321937561035,2.2471261024475098,2.331923007965088,1.8295280933380127,5454
2001-01-09,2.374321937561035,2.5015180110931396,2.374321937561035,2.374321937561035,1.862792730331421,8992
2001-01-10,2.5015180110931396,2.5015180110931396,2.2047269344329834,2.2047269344329834,1.7297347784042358,6486
2001-01-11,2.374321937561035,2.374321937561035,2.1623289585113525,2.1623289585113525,1.696471929550171,9877
2001-01-12,2.289525032043457,2.331923007965088,2.2047269344329834,2.2047269344329834,1.7297347784042358,11645
2001-01-16,2.331923007965088,2.374321937561035,2.2047269344329834,2.2047269344329834,1.7297347784042358,13709
2001-01-17,2.2047269344329834,2.2047269344329834,2.2047269344329834,2.2047269344329834,1.7297347784042358,0
2001-01-18,2.4591190814971924,2.5015180110931396,2.374321937561035,2.374321937561035,1.862792730331421,10466
2001-01-19,2.5015180110931396,2.5015180110931396,2.5015180110931396,2.5015180110931396,1.962585210800171,147
2001-01-22,2.5015180110931396,2.5015180110931396,2.4591190814971924,2.4591190814971924,1.9293209314346313,6044
2001-01-23,2.374321937561035,2.374321937561035,2.374321937561035,2.374321937561035,1.862792730331421,2948
2001-01-24,2.5015180110931396,2.5015180110931396,2.5015180110931396,2.5015180110931396,1.962585210800171,2948
2001-01-25,2.4591190814971924,2.4591190814971924,2.4591190814971924,2.4591190814971924,1.9293209314346313,5896
2001-01-26,2.5015180110931396,2.5439159870147705,2.5015180110931396,2.5439159870147705,1.9958491325378418,6633
2001-01-29,2.5015180110931396,2.5015180110931396,2.5015180110931396,2.5015180110931396,1.962585210800171,2948
2001-01-30,2.5439159870147705,2.7135109901428223,2.5439159870147705,2.7135109901428223,2.128906011581421,39506
2001-01-31,2.7135109901428223,2.7135109901428223,2.4591190814971924,2.5863149166107178,2.029114007949829,7076
2001-02-01,2.5863149166107178,2.5863149166107178,2.5863149166107178,2.5863149166107178,2.029114007949829,1474
2001-02-02,2.5863149166107178,2.7135109901428223,2.5863149166107178,2.7135109901428223,2.128906011581421,9729
2001-02-05,2.7135109901428223,2.7135109901428223,2.7135109901428223,2.7135109901428223,2.128906011581421,0
2001-02-06,2.5015180110931396,2.5439159870147705,2.5015180110931396,2.5439159870147705,1.9958491325378418,442
2001-02-07,2.5439159870147705,2.5439159870147705,2.5439159870147705,2.5439159870147705,1.9958491325378418,0
2001-02-08,2.4591190814971924,2.4591190814971924,2.4591190814971924,2.4591190814971924,1.9293209314346313,295
2001-02-09,2.7135109901428223,2.7135109901428223,2.7135109901428223,2.7135109901428223,2.128906011581421,295
2001-02-12,2.7135109901428223,2.7135109901428223,2.7135109901428223,2.7135109901428223,2.128906011581421,884
2001-02-13,2.7135109901428223,2.7135109901428223,2.7135109901428223,2.7135109901428223,2.128906011581421,1474
2001-02-14,2.7135109901428223,2.7135109901428223,2.6287128925323486,2.6287128925323486,2.0623772144317627,2506
2001-02-15,2.671112060546875,2.671112060546875,2.671112060546875,2.671112060546875,2.0956413745880127,1474
2001-02-16,2.6287128925323486,2.671112060546875,2.6287128925323486,2.671112060546875,2.0956413745880127,1179
2001-02-20,2.6287128925323486,2.6287128925323486,2.5863149166107178,2.5863149166107178,2.029114007949829,8845
2001-02-21,2.5439159870147705,2.5439159870147705,2.5439159870147705,2.5439159870147705,1.9958491325378418,147
2001-02-22,2.5015180110931396,2.5015180110931396,2.5015180110931396,2.5015180110931396,1.962585210800171,147
2001-02-23,2.6287128925323486,2.6287128925323486,2.6287128925323486,2.6287128925323486,2.0623772144317627,2359
2001-02-26,2.671112060546875,2.671112060546875,2.671112060546875,2.671112060546875,2.0956413745880127,442
2001-02-27,2.6287128925323486,2.6287128925323486,2.416719913482666,2.416719913482666,1.8960559368133545,16363
2001-02-28,2.374321937561035,2.374321937561035,2.289525032043457,2.374321937561035,1.862792730331421,1769
2001-03-01,2.2471261024475098,2.2471261024475098,2.035132884979248,2.1623289585113525,1.696471929550171,6339
2001-03-02,2.1623289585113525,2.1623289585113525,2.1623289585113525,2.1623289585113525,1.696471929550171,0
2001-03-05,2.2471261024475098,2.374321937561035,2.035132884979248,2.374321937561035,1.862792730331421,884
2001-03-06,2.5439159870147705,2.5439159870147705,2.5439159870147705,2.5439159870147705,1.9958491325378418,737
2001-03-07,2.416719913482666,2.416719913482666,2.374321937561035,2.374321937561035,1.862792730331421,2948
2001-03-08,2.416719913482666,2.5439159870147705,2.416719913482666,2.5439159870147705,1.9958491325378418,2948
2001-03-09,2.3955209255218506,2.3955209255218506,2.3955209255218506,2.3955209255218506,1.879425048828125,295
2001-03-12,2.416719913482666,2.5439159870147705,2.374321937561035,2.5439159870147705,1.9958491325378418,6191
2001-03-13,2.5439159870147705,2.5439159870147705,2.5439159870147705,2.5439159870147705,1.9958491325378418,0
2001-03-14,2.7135109901428223,2.7135109901428223,2.5439159870147705,2.5439159870147705,1.9958491325378418,1474
2001-03-15,2.331923007965088,2.331923007965088,2.1199300289154053,2.289525032043457,1.7962645292282104,8697
2001-03-16,2.289525032043457,2.289525032043457,2.289525032043457,2.289525032043457,1.7962645292282104,0
2001-03-19,2.2471261024475098,2.289525032043457,2.1199300289154053,2.289525032043457,1.7962645292282104,8402
2001-03-20,2.2471261024475098,2.2471261024475098,2.2471261024475098,2.2471261024475098,1.7629995346069336,590
2001-03-21,2.2471261024475098,2.2471261024475098,2.2471261024475098,2.2471261024475098,1.7629995346069336,0
2001-03-22,1.95033597946167,2.035132884979248,1.8655380010604858,2.035132884979248,1.5966789722442627,54542
2001-03-23,2.2047269344329834,2.2259271144866943,2.2047269344329834,2.2047269344329834,1.7297347784042358,8255
2001-03-26,2.416719913482666,2.416719913482666,2.331923007965088,2.331923007965088,1.8295280933380127,4717
2001-03-27,2.416719913482666,2.5015180110931396,2.416719913482666,2.5015180110931396,1.962585210800171,1179
2001-03-28,2.5015180110931396,2.5015180110931396,2.5015180110931396,2.5015180110931396,1.962585210800171,295
2001-03-29,2.374321937561035,2.374321937561035,2.374321937561035,2.374321937561035,1.862792730331421,4422
2001-03-30,2.5439159870147705,2.5439159870147705,2.374321937561035,2.374321937561035,1.862792730331421,4570
2001-04-02,2.374321937561035,2.374321937561035,2.289525032043457,2.289525032043457,1.7962645292282104,3243
2001-04-03,2.289525032043457,2.289525032043457,2.289525032043457,2.289525032043457,1.7962645292282104,590
2001-04-04,2.3107240200042725,2.3107240200042725,2.3107240200042725,2.3107240200042725,1.8128963708877563,1179
2001-04-05,2.4591190814971924,2.4591190814971924,2.4591190814971924,2.4591190814971924,1.9293209314346313,1179
2001-04-06,2.4591190814971924,2.4591190814971924,2.4591190814971924,2.4591190814971924,1.9293209314346313,0
2001-04-09,2.3268349170684814,2.3268349170684814,1.9876459836959839,2.06905198097229,1.6232908964157104,3538
2001-04-10,2.3064839839935303,2.4557271003723145,2.3064839839935303,2.4421589374542236,1.916014552116394,3685
2001-04-11,2.4557271003723145,2.4625110626220703,2.3878889083862305,2.4625110626220703,1.9319815635681152,8402
2001-04-12,2.4625110626220703,2.5439159870147705,2.4625110626220703,2.5439159870147705,1.9958491325378418,4422
2001-04-16,2.5439159870147705,2.5439159870147705,2.5439159870147705,2.5439159870147705,1.9958491325378418,2211
2001-04-17,2.5099968910217285,2.5099968910217285,2.5099968910217285,2.5099968910217285,1.969237208366394,590
2001-04-18,2.5439159870147705,2.7135109901428223,2.4760780334472656,2.4760780334472656,1.9426251649856567,14004
2001-04-19,2.6253209114074707,2.6253209114074707,2.4760780334472656,2.4828619956970215,1.9479485750198364,7223
2001-04-20,2.6253209114074707,2.6321051120758057,2.4896459579467773,2.6253209114074707,2.0597152709960938,6633
2001-04-23,2.6253209114074707,2.6253209114074707,2.6253209114074707,2.6253209114074707,2.0597152709960938,0
2001-04-24,3.391887903213501,3.391887903213501,2.6592400074005127,2.8831050395965576,2.2619621753692627,15478
2001-04-25,2.7949159145355225,2.7949159145355225,2.6117539405822754,2.6117539405822754,2.049071788787842,4127
2001-04-26,2.6117539405822754,2.6117539405822754,2.6117539405822754,2.6117539405822754,2.049071788787842,0
2001-04-27,2.7067270278930664,2.7067270278930664,2.6117539405822754,2.7067270278930664,2.1235835552215576,5896
2001-04-30,2.6795918941497803,2.6795918941497803,2.6795918941497803,2.6795918941497803,2.1022942066192627,1769
2001-05-01,2.7067270278930664,2.7067270278930664,2.7067270278930664,2.7067270278930664,2.1235835552215576,1032
2001-05-02,2.7067270278930664,2.7067270278930664,2.7067270278930664,2.7067270278930664,2.1235835552215576,8108
2001-05-03,2.7067270278930664,2.7135109901428223,2.7067270278930664,2.7135109901428223,2.128906011581421,6633
2001-05-04,2.7067270278930664,3.0459160804748535,2.6117539405822754,2.6117539405822754,2.049071788787842,20343
2001-05-07,2.7135109901428223,2.9848620891571045,2.7135109901428223,2.7135109901428223,2.128906011581421,2359
2001-05-08,2.9848620891571045,2.9848620891571045,2.9509429931640625,2.9509429931640625,2.315185070037842,13267
2001-05-09,2.9509429931640625,3.0391321182250977,2.9509429931640625,2.9509429931640625,2.315185070037842,4422
2001-05-10,2.9509429931640625,2.9509429931640625,2.9170238971710205,2.9170238971710205,2.2885727882385254,6486
2001-05-11,2.8831050395965576,2.9102399349212646,2.8831050395965576,2.9102399349212646,2.283250331878662,4127
2001-05-14,2.9102399349212646,2.9102399349212646,2.903455972671509,2.903455972671509,2.277927875518799,5159
2001-05-15,2.9441590309143066,2.9441590309143066,2.5099968910217285,2.8152670860290527,2.2087395191192627,65303
2001-05-16,2.8831050395965576,2.8898890018463135,2.8152670860290527,2.8152670860290527,2.2087395191192627,23291
2001-05-17,2.903455972671509,2.9102399349212646,2.8152670860290527,2.9102399349212646,2.283250331878662,35821
2001-05-18,2.7813479900360107,2.9102399349212646,2.7813479900360107,2.9102399349212646,2.283250331878662,6191
2001-05-21,2.957726001739502,2.957726001739502,2.869537115097046,2.8831050395965576,2.2619621753692627,14741
2001-05-22,2.9102399349212646,2.957726001739502,2.7135109901428223,2.7135109901428223,2.128906011581421,13120
2001-05-23,2.8491859436035156,2.8491859436035156,2.8491859436035156,2.8491859436035156,2.235351085662842,9139
2001-05-24,2.8356189727783203,2.8356189727783203,2.8356189727783203,2.8356189727783203,2.2247073650360107,147
2001-05-25,2.930591106414795,2.930591106414795,2.930591106414795,2.930591106414795,2.299217939376831,442
2001-05-29,2.930591106414795,2.930591106414795,2.930591106414795,2.930591106414795,2.299217939376831,0
2001-05-30,3.0052130222320557,3.052699089050293,2.9780778884887695,2.9780778884887695,2.3364741802215576,5602
2001-05-31,2.9170238971710205,2.9170238971710205,2.8831050395965576,2.896672010421753,2.272606134414673,18279
2001-06-01,2.8491859436035156,2.8491859436035156,2.8491859436035156,2.8491859436035156,2.235351085662842,884
2001-06-04,2.8831050395965576,2.9170238971710205,2.8831050395965576,2.9170238971710205,2.2885727882385254,3980
2001-06-05,2.9848620891571045,2.9848620891571045,2.8491859436035156,2.8491859436035156,2.235351085662842,2064
2001-06-06,2.8491859436035156,2.8491859436035156,2.8491859436035156,2.8491859436035156,2.235351085662842,2653
2001-06-07,2.8491859436035156,2.8491859436035156,2.8491859436035156,2.8491859436035156,2.235351085662842,0
2001-06-08,2.8491859436035156,2.8491859436035156,2.8491859436035156,2.8491859436035156,2.235351085662842,0
2001-06-11,2.9170238971710205,2.9170238971710205,2.8491859436035156,2.8491859436035156,2.235351085662842,10908
2001-06-12,2.8491859436035156,2.8491859436035156,2.8491859436035156,2.8491859436035156,2.235351085662842,147
2001-06-13,3.0459160804748535,3.0459160804748535,2.8491859436035156,2.8491859436035156,2.235351085662842,3833
2001-06-14,2.8491859436035156,2.8491859436035156,2.8491859436035156,2.8491859436035156,2.235351085662842,737
2001-06-15,2.9170238971710205,2.9170238971710205,2.8831050395965576,2.8831050395965576,2.2619621753692627,1032
2001-06-18,2.8831050395965576,2.8831050395965576,2.8831050395965576,2.8831050395965576,2.2619621753692627,1032
2001-06-19,2.8831050395965576,2.9170238971710205,2.8491859436035156,2.9170238971710205,2.2885727882385254,5602
2001-06-20,3.052699089050293,3.052699089050293,3.052699089050293,3.052699089050293,2.395019054412842,295
2001-06-21,3.052699089050293,3.052699089050293,3.052699089050293,3.052699089050293,2.395019054412842,0
2001-06-22,2.8831050395965576,2.8831050395965576,2.8831050395965576,2.8831050395965576,2.2619621753692627,295
2001-06-25,3.052699089050293,3.052699089050293,2.8831050395965576,2.8831050395965576,2.2619621753692627,1769
2001-06-26,2.8831050395965576,2.8831050395965576,2.8831050395965576,2.8831050395965576,2.2619621753692627,4865
2001-06-27,3.018779993057251,3.018779993057251,2.8831050395965576,2.8831050395965576,2.2619621753692627,1916
2001-06-28,2.8831050395965576,2.8831050395965576,2.7135109901428223,2.7135109901428223,2.128906011581421,4127
2001-06-29,2.7135109901428223,2.7135109901428223,2.7135109901428223,2.7135109901428223,2.128906011581421,0
2001-07-02,2.7135109901428223,2.7135109901428223,2.7135109901428223,2.7135109901428223,2.128906011581421,0
2001-07-03,2.7474288940429688,2.7474288940429688,2.7474288940429688,2.7474288940429688,2.1555166244506836,295
2001-07-05,2.7474288940429688,2.7474288940429688,2.7474288940429688,2.7474288940429688,2.1555166244506836,0
2001-07-06,2.7474288940429688,2.7813479900360107,2.7474288940429688,2.7813479900360107,2.1821279525756836,10171
2001-07-09,2.7813479900360107,3.052699089050293,2.7813479900360107,2.903455972671509,2.277927875518799,20195
2001-07-10,3.052699089050293,3.052699089050293,2.9170238971710205,2.9170238971710205,2.2885727882385254,2211
2001-07-11,3.052699089050293,3.052699089050293,2.9170238971710205,2.9170238971710205,2.2885727882385254,3243
2001-07-12,2.8831050395965576,2.9170238971710205,2.8831050395965576,2.9170238971710205,2.2885727882385254,2064
2001-07-13,3.052699089050293,3.052699089050293,2.8491859436035156,2.8491859436035156,2.235351085662842,11203
2001-07-16,3.052699089050293,3.052699089050293,2.8831050395965576,2.8831050395965576,2.2619621753692627,7371
2001-07-17,2.8831050395965576,2.8831050395965576,2.8831050395965576,2.8831050395965576,2.2619621753692627,0
2001-07-18,2.8356189727783203,2.8356189727783203,2.8356189727783203,2.8356189727783203,2.2247073650360107,2653
2001-07-19,2.9848620891571045,2.9848620891571045,2.8831050395965576,2.8831050395965576,2.2619621753692627,17394
2001-07-20,2.8831050395965576,3.5954010486602783,2.8831050395965576,3.391887903213501,2.6611311435699463,32283
2001-07-23,3.642888069152832,3.642888069152832,3.391887903213501,3.391887903213501,2.6611311435699463,6781
2001-07-24,3.391887903213501,3.391887903213501,3.330833911895752,3.391887903213501,2.6611311435699463,9582
2001-07-25,3.324049949645996,3.391887903213501,3.324049949645996,3.391887903213501,2.6611311435699463,12235
2001-07-26,3.357969045639038,3.357969045639038,3.357969045639038,3.357969045639038,2.634521007537842,12677
2001-07-27,3.357969045639038,3.391887903213501,3.324049949645996,3.391887903213501,2.6611311435699463,36705
2001-07-30,3.357969045639038,3.391887903213501,3.357969045639038,3.391887903213501,2.6611311435699463,76064
2001-07-31,3.357969045639038,3.357969045639038,3.357969045639038,3.357969045639038,2.634521007537842,46582
2001-08-01,3.357969045639038,3.385103940963745,3.324049949645996,3.357969045639038,2.634521007537842,17689
2001-08-02,3.364753007888794,3.364753007888794,3.052699089050293,3.2562129497528076,2.554687738418579,6339
2001-08-03,3.052699089050293,3.357969045639038,3.052699089050293,3.357969045639038,2.634521007537842,9582
2001-08-06,3.2290780544281006,3.357969045639038,3.1883749961853027,3.324049949645996,2.6079092025756836,50267
2001-08-07,3.140887975692749,3.391887903213501,3.120537042617798,3.391887903213501,2.6611311435699463,27713
2001-08-08,3.391887903213501,3.391887903213501,3.2562129497528076,3.391887903213501,2.6611311435699463,52920
2001-08-09,3.391887903213501,3.391887903213501,3.2562129497528076,3.391887903213501,2.6611311435699463,7076
2001-08-10,3.324049949645996,3.324049949645996,3.324049949645996,3.324049949645996,2.6079092025756836,8255
2001-08-13,3.174807071685791,3.357969045639038,3.174807071685791,3.3444020748138428,2.62387752532959,80339
2001-08-14,3.2562129497528076,3.391887903213501,3.2290780544281006,3.391887903213501,2.6611311435699463,21080
2001-08-15,3.2222940921783447,3.391887903213501,3.2222940921783447,3.391887903213501,2.6611311435699463,6928
2001-08-16,3.391887903213501,3.391887903213501,3.391887903213501,3.391887903213501,2.6611311435699463,3685
2001-08-17,3.391887903213501,3.391887903213501,3.337618112564087,3.3783209323883057,2.6504874229431152,6486
2001-08-20,3.337618112564087,3.337618112564087,3.1883749961853027,3.3172669410705566,2.6025869846343994,10171
2001-08-21,3.324049949645996,3.324049949645996,3.324049949645996,3.324049949645996,2.6079092025756836,147
2001-08-22,3.1883749961853027,3.391887903213501,3.1883749961853027,3.391887903213501,2.6611311435699463,2948
2001-08-23,3.1883749961853027,3.391887903213501,3.1883749961853027,3.391887903213501,2.6611311435699463,1474
2001-08-24,3.1883749961853027,3.391887903213501,3.1883749961853027,3.357969045639038,2.634521007537842,1769
2001-08-27,3.391887903213501,3.391887903213501,3.208725929260254,3.2901320457458496,2.5812981128692627,13120
2001-08-28,3.2901320457458496,3.2901320457458496,3.2901320457458496,3.2901320457458496,2.5812981128692627,147
2001-08-29,3.2290780544281006,3.2290780544281006,3.120537042617798,3.1883749961853027,2.501465082168579,14299
2001-08-30,3.174807071685791,3.174807071685791,3.0934019088745117,3.0934019088745117,2.426952838897705,737
2001-08-31,3.0934019088745117,3.1883749961853027,3.052699089050293,3.1544559001922607,2.4748525619506836,9582
2001-09-04,3.052699089050293,3.1883749961853027,3.052699089050293,3.1883749961853027,2.501465082168579,19311
2001-09-05,3.174807071685791,3.459726095199585,3.174807071685791,3.459726095199585,2.71435546875,68693
2001-09-06,3.45294189453125,3.5954010486602783,3.357969045639038,3.5954010486602783,2.8208000659942627,81223
2001-09-07,3.731076955795288,6.492074012756348,3.731076955795288,4.192374229431152,3.2891597747802734,40096
2001-09-10,4.321266174316406,4.409454822540283,3.798914909362793,3.798914909362793,2.980468273162842,12382
2001-09-17,3.737860918045044,3.737860918045044,3.5004289150238037,3.731076955795288,2.927245855331421,4570
2001-09-18,3.629319906234741,3.629319906234741,3.507211923599243,3.568265914916992,2.7995104789733887,10171
2001-09-19,3.459726095199585,3.5954010486602783,3.391887903213501,3.493644952774048,2.7409656047821045,18721
2001-09-20,3.52756404876709,3.52756404876709,3.459726095199585,3.459726095199585,2.71435546875,3096
2001-09-21,3.2222940921783447,3.425806999206543,3.2222940921783447,3.425806999206543,2.687743663787842,13414
2001-09-24,3.391887903213501,3.391887903213501,3.2222940921783447,3.2222940921783447,2.5280754566192627,2801
2001-09-25,3.1544559001922607,3.425806999206543,3.1544559001922607,3.425806999206543,2.687743663787842,11056
2001-09-26,3.1544559001922607,3.425806999206543,3.1544559001922607,3.425806999206543,2.687743663787842,14888
2001-09-27,3.2562129497528076,3.425806999206543,3.2562129497528076,3.425806999206543,2.687743663787842,1032
2001-09-28,3.425806999206543,3.425806999206543,3.425806999206543,3.425806999206543,2.687743663787842,1474
2001-10-01,3.357969045639038,3.459726095199585,3.296915054321289,3.4393749237060547,2.6983888149261475,3685
2001-10-02,3.357969045639038,3.45294189453125,3.357969045639038,3.45294189453125,2.709031581878662,2801
2001-10-03,3.391887903213501,3.459726095199585,3.357969045639038,3.459726095199585,2.71435546875,7813
2001-10-04,3.324049949645996,3.459726095199585,3.324049949645996,3.459726095199585,2.71435546875,884
2001-10-05,3.459726095199585,3.459726095199585,3.459726095199585,3.459726095199585,2.71435546875,147
2001-10-08,3.391887903213501,3.459726095199585,3.391887903213501,3.459726095199585,2.71435546875,3833
2001-10-09,3.459726095199585,3.459726095199585,3.459726095199585,3.459726095199585,2.71435546875,1474
2001-10-10,3.425806999206543,3.459726095199585,3.425806999206543,3.459726095199585,2.71435546875,884
2001-10-11,3.459726095199585,3.459726095199585,3.391887903213501,3.459726095199585,2.71435546875,4127
2001-10-12,3.459726095199585,3.459726095199585,3.310482978820801,3.45294189453125,2.709031581878662,10319
2001-10-15,3.2901320457458496,3.45294189453125,3.2901320457458496,3.45294189453125,2.709031581878662,884
2001-10-16,3.432590961456299,3.432590961456299,3.391887903213501,3.432590961456299,2.6930651664733887,1032
2001-10-17,3.391887903213501,3.459726095199585,3.391887903213501,3.459726095199585,2.71435546875,7960
2001-10-18,3.459726095199585,3.459726095199585,3.459726095199585,3.459726095199585,2.71435546875,1474
2001-10-19,3.432590961456299,3.459726095199585,3.432590961456299,3.459726095199585,2.71435546875,11351
2001-10-22,3.459726095199585,3.459726095199585,3.459726095199585,3.459726095199585,2.71435546875,0
2001-10-23,3.425806999206543,3.459726095199585,3.425806999206543,3.459726095199585,2.71435546875,1327
2001-10-24,3.391887903213501,3.425806999206543,3.296915054321289,3.391887903213501,2.6611311435699463,7076
2001-10-25,3.2901320457458496,3.385103940963745,3.2901320457458496,3.385103940963745,2.655808925628662,3390
2001-10-26,3.385103940963745,3.385103940963745,3.385103940963745,3.385103940963745,2.655808925628662,147
2001-10-29,3.385103940963745,3.385103940963745,3.385103940963745,3.385103940963745,2.655808925628662,1474
2001-10-30,3.357969045639038,3.385103940963745,3.296915054321289,3.385103940963745,2.655808925628662,4422
2001-10-31,3.296915054321289,3.385103940963745,3.2901320457458496,3.385103940963745,2.655808925628662,4422
2001-11-01,3.2901320457458496,3.357969045639038,3.2901320457458496,3.357969045639038,2.634521007537842,1474
2001-11-02,3.2222940921783447,3.357969045639038,3.0323479175567627,3.269779920578003,2.56533145904541,17394
2001-11-05,3.2222940921783447,3.2222940921783447,3.2222940921783447,3.2222940921783447,2.5280754566192627,147
2001-11-06,3.0391321182250977,3.1883749961853027,3.0391321182250977,3.181591033935547,2.4961419105529785,1179
2001-11-07,3.052699089050293,3.1883749961853027,2.8898890018463135,3.1883749961853027,2.501465082168579,23438
2001-11-08,2.9848620891571045,3.2222940921783447,2.9848620891571045,3.2222940921783447,2.5280754566192627,1769
2001-11-09,3.2222940921783447,3.2222940921783447,3.2222940921783447,3.2222940921783447,2.5280754566192627,147
2001-11-12,2.964509963989258,3.554698944091797,2.6456730365753174,3.459726095199585,2.71435546875,23438
2001-11-13,3.2901320457458496,3.459726095199585,3.052699089050293,3.391887903213501,2.6611311435699463,29482
2001-11-14,3.2222940921783447,3.425806999206543,3.086617946624756,3.391887903213501,2.6611311435699463,16068
2001-11-15,3.391887903213501,3.459726095199585,3.391887903213501,3.391887903213501,2.6611311435699463,8845
2001-11-16,3.324049949645996,3.425806999206543,3.324049949645996,3.425806999206543,2.687743663787842,9287
2001-11-19,3.3783209323883057,3.3783209323883057,3.3783209323883057,3.3783209323883057,2.6504874229431152,2801
2001-11-20,3.3783209323883057,3.459726095199585,3.357969045639038,3.459726095199585,2.71435546875,14594
2001-11-21,3.459726095199585,3.480077028274536,3.391887903213501,3.480077028274536,2.730320930480957,7371
2001-11-23,3.324049949645996,3.670022964477539,3.1883749961853027,3.670022964477539,2.879345178604126,10466
2001-11-26,3.432590961456299,3.731076955795288,3.405456066131592,3.731076955795288,2.927245855331421,14888
2001-11-27,3.4122390747070312,3.5614829063415527,3.391887903213501,3.405456066131592,2.671776533126831,15626
2001-11-28,3.446157932281494,3.832834005355835,3.425806999206543,3.832834005355835,3.007079839706421,34641
2001-11-29,3.866753101348877,4.334833145141602,3.663239002227783,4.328049182891846,3.395604372024536,79454
2001-11-30,4.070265769958496,4.748642921447754,4.070265769958496,4.402670860290527,3.4541494846343994,26681
2001-12-03,4.307697772979736,4.307697772979736,4.070265769958496,4.070265769958496,3.1933579444885254,11498
2001-12-04,4.219509124755859,4.233076095581055,3.9006710052490234,4.06348180770874,3.1880364418029785,23438
2001-12-05,4.070265769958496,4.511210918426514,3.9345901012420654,3.9345901012420654,3.0869126319885254,48793
2001-12-06,3.866753101348877,4.205941200256348,3.798914909362793,4.205941200256348,3.299802303314209,28450
2001-12-07,4.07705020904541,4.287346839904785,4.00242805480957,4.2398600578308105,3.3264143466949463,66482
2001-12-10,4.273778915405273,4.273778915405273,4.172021865844727,4.172021865844727,3.273191452026367,5749
2001-12-11,4.2398600578308105,4.2398600578308105,4.2398600578308105,4.2398600578308105,3.3264143466949463,4127
2001-12-12,4.172021865844727,4.2398600578308105,4.1177520751953125,4.2398600578308105,3.3264143466949463,16510
2001-12-13,4.070265769958496,4.205941200256348,3.9345901012420654,4.205941200256348,3.299802303314209,9729
2001-12-14,4.260211944580078,4.3958868980407715,4.2398600578308105,4.2398600578308105,3.3264143466949463,17984
2001-12-17,4.1448869705200195,4.3958868980407715,4.104185104370117,4.3958868980407715,3.4488272666931152,13414
2001-12-18,4.341617107391357,4.443373203277588,4.070265769958496,4.409454822540283,3.459470510482788,68398
2001-12-19,4.328049182891846,4.328049182891846,4.328049182891846,4.328049182891846,3.395604372024536,1032
2001-12-20,4.328049182891846,4.328049182891846,4.328049182891846,4.328049182891846,3.395604372024536,1179
2001-12-21,4.307697772979736,4.307697772979736,4.124536037445068,4.151670932769775,3.25722599029541,47614
2001-12-24,4.205941200256348,4.219509124755859,4.178805828094482,4.219509124755859,3.3104491233825684,11351
2001-12-26,4.260211944580078,4.273778915405273,4.178805828094482,4.273778915405273,3.3530266284942627,10614
2001-12-27,4.341617107391357,4.4908599853515625,4.2398600578308105,4.341617107391357,3.406247615814209,9582
2001-12-28,4.402670860290527,4.402670860290527,4.402670860290527,4.402670860290527,3.4541494846343994,295
2001-12-31,4.266994953155518,4.409454822540283,4.266994953155518,4.409454822540283,3.459470510482788,12825
2002-01-02,4.409454822540283,4.4908599853515625,4.341617107391357,4.341617107391357,3.406247615814209,24323
2002-01-03,4.409454822540283,4.409454822540283,4.348401069641113,4.348401069641113,3.4115712642669678,5896
2002-01-04,4.361968040466309,4.538345813751221,4.355184078216553,4.538345813751221,3.560594081878662,12972
2002-01-07,4.477292060852051,4.5586981773376465,4.477292060852051,4.477292060852051,3.5126936435699463,6781
2002-01-08,4.443373203277588,4.579049110412598,4.443373203277588,4.579049110412598,3.5925281047821045,8697
2002-01-09,4.579049110412598,4.735075950622559,4.551914215087891,4.551914215087891,3.5712387561798096,3243
2002-01-10,4.6129679679870605,4.6129679679870605,4.6129679679870605,4.6129679679870605,3.6191391944885254,3243
2002-01-11,4.6129679679870605,4.6129679679870605,4.246644020080566,4.409454822540283,3.459470510482788,49088
2002-01-14,4.551914215087891,4.551914215087891,4.409454822540283,4.477292060852051,3.5126936435699463,43928
2002-01-15,4.443373203277588,4.748642921447754,4.341617107391357,4.443373203277588,3.486083507537842,25207
2002-01-16,4.4230217933654785,4.538345813751221,4.273778915405273,4.477292060852051,3.5126936435699463,5012
2002-01-17,4.443373203277588,4.599400043487549,4.341617107391357,4.579049110412598,3.5925281047821045,8108
2002-01-18,4.701157093048096,4.701157093048096,4.416237831115723,4.416237831115723,3.4647929668426514,8108
2002-01-22,4.443373203277588,4.579049110412598,4.443373203277588,4.579049110412598,3.5925281047821045,1474
2002-01-23,4.443373203277588,4.660453796386719,4.443373203277588,4.646886825561523,3.645749807357788,9139
2002-01-24,4.4569411277771,4.6808061599731445,4.402670860290527,4.545129776000977,3.5659167766571045,14299
2002-01-25,4.6129679679870605,4.640102863311768,4.273778915405273,4.572265148162842,3.5872068405151367,28303
2002-01-28,4.579049110412598,4.748642921447754,4.504426956176758,4.714725017547607,3.6989734172821045,55426
2002-01-29,4.7418599128723145,4.816481113433838,4.674022197723389,4.816481113433838,3.778808116912842,57343
2002-01-30,4.748642921447754,4.918238162994385,4.5858330726623535,4.918238162994385,3.8586418628692627,21817
2002-01-31,4.945373058319092,4.945373058319092,4.619751930236816,4.911454200744629,3.853320598602295,30072
2002-02-01,4.870750904083252,4.952157020568848,4.6129679679870605,4.809697151184082,3.773484468460083,49972
2002-02-04,4.870750904083252,4.979291915893555,4.6808061599731445,4.748642921447754,3.7255845069885254,66335
2002-02-05,4.748642921447754,4.850399971008301,4.748642921447754,4.843616008758545,3.8000967502593994,22849
2002-02-06,4.789346218109131,4.802914142608643,4.748642921447754,4.802914142608643,3.768165349960327,7371
2002-02-07,4.782561779022217,4.782561779022217,4.782561779022217,4.782561779022217,3.7521958351135254,737
2002-02-08,4.816481113433838,5.087831974029541,4.782561779022217,5.087831974029541,3.9916982650756836,20785
2002-02-11,5.019993782043457,6.037560939788818,5.019993782043457,5.698371887207031,4.470702171325684,41422
2002-02-12,5.596614837646484,5.766210079193115,5.501643180847168,5.67802095413208,4.4547343254089355,21375
2002-02-13,5.501643180847168,5.766210079193115,5.427021026611328,5.732291221618652,4.497313499450684,20490
2002-02-14,5.759426116943359,5.759426116943359,5.427021026611328,5.596614837646484,4.390867710113525,28450
2002-02-15,5.583047866821289,5.583047866821289,5.481290817260742,5.528778076171875,4.337645053863525,75769
2002-02-19,5.596614837646484,5.596614837646484,4.904669761657715,5.325263977050781,4.177978038787842,24618
2002-02-20,5.189589023590088,5.223507881164551,5.087831974029541,5.135319232940674,4.02895450592041,8697
2002-02-21,5.06748104095459,5.06748104095459,4.816481113433838,4.850399971008301,3.8054187297821045,87414
2002-02-22,4.9860758781433105,5.277778148651123,4.124536037445068,4.897887229919434,3.842674493789673,135912
2002-02-25,4.809697151184082,4.918238162994385,4.782561779022217,4.884318828582764,3.8320295810699463,29777
2002-02-26,4.918238162994385,4.952157020568848,4.918238162994385,4.952157020568848,3.88525128364563,3390
2002-02-27,4.884318828582764,4.918238162994385,4.884318828582764,4.918238162994385,3.8586418628692627,1622
2002-02-28,4.857183933258057,4.857183933258057,4.687589168548584,4.850399971008301,3.8054187297821045,19163
2002-03-01,4.911454200744629,4.911454200744629,4.4230217933654785,4.796130180358887,3.7628402709960938,29630
2002-03-04,4.816481113433838,4.83004903793335,4.477292060852051,4.6808061599731445,3.6723620891571045,4127
2002-03-05,4.545129776000977,4.687589168548584,4.545129776000977,4.6808061599731445,3.6723620891571045,12235
2002-03-06,4.6808061599731445,4.748642921447754,4.6808061599731445,4.6808061599731445,3.6723620891571045,3243
2002-03-07,4.5179948806762695,4.748642921447754,4.4637250900268555,4.5586981773376465,3.576561689376831,40833
2002-03-08,4.545129776000977,4.6129679679870605,4.409454822540283,4.572265148162842,3.5872068405151367,34641
2002-03-11,4.409454822540283,4.4637250900268555,4.307697772979736,4.4637250900268555,3.5020503997802734,25797
2002-03-12,4.477292060852051,4.477292060852051,4.341617107391357,4.443373203277588,3.486083507537842,7076
2002-03-13,4.341617107391357,4.443373203277588,4.307697772979736,4.443373203277588,3.486083507537842,6191
2002-03-14,4.429806232452393,4.429806232452393,4.253427982330322,4.409454822540283,3.459470510482788,8697
2002-03-15,4.402670860290527,4.4908599853515625,4.341617107391357,4.4908599853515625,3.5233399868011475,20343
2002-03-18,4.511210918426514,4.565481185913086,4.389102935791016,4.477292060852051,3.5126936435699463,40538
2002-03-19,4.477292060852051,4.477292060852051,4.273778915405273,4.429806232452393,3.4754393100738525,11351
2002-03-20,4.443373203277588,4.443373203277588,4.321266174316406,4.37553596496582,3.4328598976135254,4127
2002-03-21,4.37553596496582,4.477292060852051,4.37553596496582,4.436590194702148,3.480760097503662,27124
2002-03-22,4.443373203277588,4.443373203277588,4.37553596496582,4.443373203277588,3.486083507537842,18426
2002-03-25,4.443373203277588,4.477292060852051,4.341617107391357,4.443373203277588,3.486083507537842,19753
2002-03-26,4.409454822540283,4.443373203277588,4.341617107391357,4.436590194702148,3.480760097503662,35526
2002-03-27,4.37553596496582,4.436590194702148,4.37553596496582,4.436590194702148,3.480760097503662,11940
2002-03-28,4.443373203277588,4.443373203277588,4.37553596496582,4.402670860290527,3.4541494846343994,10466
2002-04-01,4.341617107391357,4.341617107391357,4.328049182891846,4.341617107391357,3.406247615814209,18721
2002-04-02,4.328049182891846,4.328049182891846,4.246644020080566,4.31448221206665,3.3849599361419678,8992
2002-04-03,4.328049182891846,4.409454822540283,4.328049182891846,4.409454822540283,3.459470510482788,7518
2002-04-04,4.294129848480225,4.477292060852051,4.294129848480225,4.477292060852051,3.5126936435699463,4865
2002-04-05,4.477292060852051,4.477292060852051,4.2398600578308105,4.37553596496582,3.4328598976135254,33462
2002-04-08,4.37553596496582,4.4908599853515625,4.37553596496582,4.4908599853515625,3.5233399868011475,590
2002-04-09,4.497643947601318,4.497643947601318,4.205941200256348,4.307697772979736,3.3796372413635254,14446
2002-04-10,4.2127251625061035,4.450157165527344,4.172021865844727,4.450157165527344,3.4914047718048096,13267
2002-04-11,4.409454822540283,4.450157165527344,4.2398600578308105,4.450157165527344,3.4914047718048096,18131
2002-04-12,4.470509052276611,4.470509052276611,3.731076955795288,4.273778915405273,3.3530266284942627,7076
2002-04-15,4.470509052276611,4.470509052276611,4.070265769958496,4.294129848480225,3.368993043899536,33315
2002-04-16,4.294129848480225,4.294129848480225,4.294129848480225,4.294129848480225,3.368993043899536,1622
2002-04-17,4.294129848480225,4.294129848480225,4.13810396194458,4.2398600578308105,3.3264143466949463,15036
2002-04-18,4.307697772979736,4.341617107391357,4.070265769958496,4.266994953155518,3.3477046489715576,25502
2002-04-19,4.266994953155518,4.266994953155518,4.266994953155518,4.266994953155518,3.3477046489715576,0
2002-04-22,4.226293087005615,4.226293087005615,4.205941200256348,4.205941200256348,3.299802303314209,14888
2002-04-23,4.13810396194458,4.13810396194458,3.954941987991333,4.070265769958496,3.1933579444885254,26976
2002-04-24,4.06348180770874,4.104185104370117,4.009212017059326,4.104185104370117,3.219970226287842,13267
2002-04-25,4.104185104370117,4.199158191680908,3.9685089588165283,4.165238857269287,3.2678706645965576,41128
2002-04-26,4.192374229431152,4.341617107391357,4.192374229431152,4.341617107391357,3.406247615814209,17100
2002-04-29,4.226293087005615,4.409454822540283,4.205941200256348,4.2398600578308105,3.3264143466949463,21964
2002-04-30,4.37553596496582,4.572265148162842,4.341617107391357,4.572265148162842,3.5872068405151367,16952
2002-05-01,4.572265148162842,4.572265148162842,4.484076023101807,4.511210918426514,3.5393052101135254,11940
2002-05-02,4.477292060852051,4.6129679679870605,4.409454822540283,4.511210918426514,3.5393052101135254,34641
2002-05-03,4.707941055297852,4.707941055297852,4.477292060852051,4.646886825561523,3.645749807357788,5012
2002-05-06,4.646886825561523,4.646886825561523,4.646886825561523,4.646886825561523,3.645749807357788,884
2002-05-07,4.646886825561523,4.646886825561523,4.402670860290527,4.416237831115723,3.4647929668426514,6044
2002-05-08,4.409454822540283,4.477292060852051,4.409454822540283,4.477292060852051,3.5126936435699463,884
2002-05-09,4.470509052276611,4.660453796386719,4.470509052276611,4.5858330726623535,3.5978519916534424,2801
2002-05-10,4.592617034912109,4.640102863311768,4.409454822540283,4.592617034912109,3.603175163269043,4717
2002-05-13,4.443373203277588,4.450157165527344,4.08383321762085,4.355184078216553,3.4168927669525146,10024
2002-05-14,4.4569411277771,4.646886825561523,4.4569411277771,4.5586981773376465,3.576561689376831,3538
2002-05-15,4.5858330726623535,4.721508026123047,4.5858330726623535,4.714725017547607,3.6989734172821045,32135
2002-05-16,4.6808061599731445,4.701157093048096,4.667238235473633,4.667238235473633,3.661716938018799,19311
2002-05-17,4.6808061599731445,4.748642921447754,4.6808061599731445,4.687589168548584,3.677682876586914,32873
2002-05-20,4.667238235473633,4.796130180358887,4.497643947601318,4.748642921447754,3.7255845069885254,31841
2002-05-21,4.748642921447754,4.789346218109131,4.748642921447754,4.75542688369751,3.7309067249298096,30661
2002-05-22,4.75542688369751,4.870750904083252,4.75542688369751,4.870750904083252,3.8213844299316406,29777
2002-05-23,4.870750904083252,4.8911027908325195,4.8368330001831055,4.8368330001831055,3.794774055480957,7223
2002-05-24,4.8368330001831055,4.8911027908325195,4.823265075683594,4.83004903793335,3.789451837539673,43781
2002-05-28,4.877534866333008,4.918238162994385,4.816481113433838,4.816481113433838,3.778808116912842,28303
2002-05-29,4.823265075683594,4.877534866333008,4.816481113433838,4.816481113433838,3.778808116912842,12382
2002-05-30,4.816481113433838,4.884318828582764,4.816481113433838,4.884318828582764,3.8320295810699463,17984
2002-05-31,4.877534866333008,4.884318828582764,4.877534866333008,4.884318828582764,3.8320295810699463,4275
2002-06-03,4.877534866333008,4.884318828582764,4.8368330001831055,4.877534866333008,3.826706886291504,22996
2002-06-04,4.877534866333008,4.918238162994385,4.850399971008301,4.8911027908325195,3.8373537063598633,24618
2002-06-05,4.8911027908325195,4.8911027908325195,4.782561779022217,4.816481113433838,3.778808116912842,92132
2002-06-06,4.762210845947266,4.816481113433838,4.6808061599731445,4.6808061599731445,3.6723620891571045,61470
2002-06-07,4.782561779022217,4.782561779022217,4.619751930236816,4.619751930236816,3.624462366104126,17689
2002-06-10,4.674022197723389,4.674022197723389,4.477292060852051,4.477292060852051,3.5126936435699463,7813
2002-06-11,4.524778842926025,4.545129776000977,4.477292060852051,4.477292060852051,3.5126936435699463,5749
2002-06-12,4.4569411277771,4.504426956176758,4.429806232452393,4.504426956176758,3.5339818000793457,25355
2002-06-13,4.436590194702148,4.504426956176758,4.436590194702148,4.436590194702148,3.480760097503662,16952
2002-06-14,4.409454822540283,4.450157165527344,4.246644020080566,4.361968040466309,3.4222168922424316,28303
2002-06-17,4.341617107391357,4.416237831115723,4.341617107391357,4.348401069641113,3.4115712642669678,5012
2002-06-18,4.484076023101807,4.484076023101807,4.409454822540283,4.443373203277588,3.486083507537842,9582
2002-06-19,4.4569411277771,4.470509052276611,4.3687520027160645,4.3958868980407715,3.4488272666931152,7223
2002-06-20,4.355184078216553,4.409454822540283,4.355184078216553,4.409454822540283,3.459470510482788,5454
2002-06-21,4.37553596496582,4.409454822540283,4.341617107391357,4.37553596496582,3.4328598976135254,2801
2002-06-24,4.31448221206665,4.3687520027160645,4.172021865844727,4.294129848480225,3.368993043899536,61618
2002-06-25,4.294129848480225,4.511210918426514,4.294129848480225,4.511210918426514,3.5393052101135254,23291
2002-06-26,4.5586981773376465,4.5586981773376465,4.484076023101807,4.484076023101807,3.518017053604126,3538
2002-06-27,4.545129776000977,4.545129776000977,4.545129776000977,4.545129776000977,3.5659167766571045,3096
2002-06-28,4.5586981773376465,4.5586981773376465,4.450157165527344,4.450157165527344,3.4914047718048096,4127
2002-07-01,4.450157165527344,4.450157165527344,4.1448869705200195,4.3958868980407715,3.4488272666931152,12972
2002-07-02,4.2398600578308105,4.389102935791016,4.2398600578308105,4.389102935791016,3.443505048751831,2506
2002-07-03,4.402670860290527,4.436590194702148,4.402670860290527,4.436590194702148,3.480760097503662,8845
2002-07-05,4.436590194702148,4.436590194702148,4.436590194702148,4.436590194702148,3.480760097503662,0
2002-07-08,4.477292060852051,4.511210918426514,4.409454822540283,4.484076023101807,3.518017053604126,17247
2002-07-09,4.504426956176758,4.504426956176758,4.4908599853515625,4.497643947601318,3.5286612510681152,3390
2002-07-10,4.497643947601318,4.497643947601318,4.497643947601318,4.497643947601318,3.5286612510681152,295
2002-07-11,4.443373203277588,4.4569411277771,4.409454822540283,4.450157165527344,3.4914047718048096,16952
2002-07-12,4.416237831115723,4.5586981773376465,4.416237831115723,4.429806232452393,3.4754393100738525,35379
2002-07-15,4.416237831115723,4.5179948806762695,4.260211944580078,4.484076023101807,3.518017053604126,6781
2002-07-16,4.436590194702148,4.531562805175781,4.436590194702148,4.477292060852051,3.5126936435699463,18869
2002-07-17,4.504426956176758,4.504426956176758,4.470509052276611,4.470509052276611,3.507371664047241,9287
2002-07-18,4.470509052276611,4.538345813751221,4.361968040466309,4.511210918426514,3.5393052101135254,28598
2002-07-19,4.484076023101807,4.545129776000977,4.477292060852051,4.4908599853515625,3.5233399868011475,10171
2002-07-22,4.4230217933654785,4.4230217933654785,4.307697772979736,4.3687520027160645,3.427537202835083,5307
2002-07-23,4.2398600578308105,4.341617107391357,4.2398600578308105,4.2398600578308105,3.3264143466949463,16805
2002-07-24,4.2398600578308105,4.341617107391357,4.2398600578308105,4.341617107391357,3.406247615814209,7223
2002-07-25,4.341617107391357,4.341617107391357,4.273778915405273,4.273778915405273,3.3530266284942627,15036
2002-07-26,4.3009138107299805,4.348401069641113,4.287346839904785,4.341617107391357,3.406247615814209,8845
2002-07-29,4.3687520027160645,4.409454822540283,4.3687520027160645,4.402670860290527,3.4541494846343994,6633
2002-07-30,4.389102935791016,4.402670860290527,4.287346839904785,4.402670860290527,3.4541494846343994,6044
2002-07-31,4.3958868980407715,4.484076023101807,4.341617107391357,4.477292060852051,3.5126936435699463,12235
2002-08-01,4.484076023101807,4.646886825561523,4.328049182891846,4.545129776000977,3.5659167766571045,22112
2002-08-02,4.402670860290527,4.470509052276611,4.307697772979736,4.470509052276611,3.507371664047241,10024
2002-08-05,4.307697772979736,4.3958868980407715,4.307697772979736,4.3958868980407715,3.4488272666931152,1622
2002-08-06,4.341617107391357,4.3958868980407715,4.246644020080566,4.31448221206665,3.3849599361419678,4127
2002-08-07,4.389102935791016,4.389102935791016,4.31448221206665,4.31448221206665,3.3849599361419678,590
2002-08-08,4.37553596496582,4.382319927215576,4.328049182891846,4.3687520027160645,3.427537202835083,15626
2002-08-09,4.37553596496582,4.382319927215576,4.280562877655029,4.37553596496582,3.4328598976135254,10908
2002-08-12,4.37553596496582,4.37553596496582,4.37553596496582,4.37553596496582,3.4328598976135254,147
2002-08-13,4.253427982330322,4.253427982330322,4.2398600578308105,4.2398600578308105,3.3264143466949463,2948
2002-08-14,4.273778915405273,4.341617107391357,4.246644020080566,4.341617107391357,3.406247615814209,10024
2002-08-15,4.334833145141602,4.341617107391357,4.253427982330322,4.341617107391357,3.406247615814209,10466
2002-08-16,4.409454822540283,4.409454822540283,4.273778915405273,4.273778915405273,3.3530266284942627,5454
2002-08-19,4.3687520027160645,4.37553596496582,4.3687520027160645,4.37553596496582,3.4328598976135254,2506
2002-08-20,4.37553596496582,4.37553596496582,4.2398600578308105,4.37553596496582,3.4328598976135254,35379
2002-08-21,4.280562877655029,4.361968040466309,4.280562877655029,4.361968040466309,3.4222168922424316,1622
2002-08-22,4.3687520027160645,4.409454822540283,4.334833145141602,4.402670860290527,3.4541494846343994,10319
2002-08-23,4.348401069641113,4.436590194702148,4.348401069641113,4.436590194702148,3.480760097503662,590
2002-08-26,4.436590194702148,4.436590194702148,4.436590194702148,4.436590194702148,3.480760097503662,0
2002-08-27,4.470509052276611,4.470509052276611,4.3687520027160645,4.436590194702148,3.480760097503662,5602
2002-08-28,4.477292060852051,4.477292060852051,4.477292060852051,4.477292060852051,3.5126936435699463,737
2002-08-29,4.436590194702148,4.436590194702148,4.436590194702148,4.436590194702148,3.480760097503662,1622
2002-08-30,4.3687520027160645,4.436590194702148,4.334833145141602,4.436590194702148,3.480760097503662,12088
2002-09-03,4.31448221206665,4.409454822540283,4.294129848480225,4.409454822540283,3.459470510482788,14446
2002-09-04,4.429806232452393,4.511210918426514,4.429806232452393,4.477292060852051,3.5126936435699463,10466
2002-09-05,4.599400043487549,4.6129679679870605,4.545129776000977,4.551914215087891,3.5712387561798096,18279
2002-09-06,4.640102863311768,4.640102863311768,4.497643947601318,4.497643947601318,3.5286612510681152,4422
2002-09-09,4.579049110412598,4.579049110412598,4.545129776000977,4.551914215087891,3.5712387561798096,9287
2002-09-10,4.592617034912109,4.592617034912109,4.524778842926025,4.545129776000977,3.5659167766571045,5012
2002-09-11,4.640102863311768,4.714725017547607,4.6129679679870605,4.687589168548584,3.677682876586914,21817
2002-09-12,4.7418599128723145,4.816481113433838,4.7418599128723145,4.75542688369751,3.7309067249298096,16805
2002-09-13,4.748642921447754,4.748642921447754,4.714725017547607,4.735075950622559,3.714940071105957,5896
2002-09-16,4.735075950622559,4.735075950622559,4.633318901062012,4.646886825561523,3.645749807357788,7371
2002-09-17,4.6129679679870605,4.6129679679870605,4.6129679679870605,4.6129679679870605,3.6191391944885254,295
2002-09-18,4.6129679679870605,4.6808061599731445,4.6129679679870605,4.6808061599731445,3.6723620891571045,3980
2002-09-19,4.6129679679870605,4.646886825561523,4.6129679679870605,4.646886825561523,3.645749807357788,5012
2002-09-20,4.646886825561523,4.646886825561523,4.646886825561523,4.646886825561523,3.645749807357788,0
2002-09-23,4.6129679679870605,4.6129679679870605,4.6129679679870605,4.6129679679870605,3.6191391944885254,2211
2002-09-24,4.592617034912109,4.626534938812256,4.511210918426514,4.5586981773376465,3.576561689376831,3538
2002-09-25,4.551914215087891,4.5858330726623535,4.551914215087891,4.579049110412598,3.5925281047821045,3096
2002-09-26,4.579049110412598,4.579049110412598,4.579049110412598,4.579049110412598,3.5925281047821045,0
2002-09-27,4.504426956176758,4.531562805175781,4.477292060852051,4.531562805175781,3.5552725791931152,4865
2002-09-30,4.477292060852051,4.477292060852051,4.341617107391357,4.409454822540283,3.459470510482788,218905
2002-10-01,4.504426956176758,4.531562805175781,4.477292060852051,4.504426956176758,3.5339818000793457,13709
2002-10-02,4.504426956176758,4.69437313079834,4.450157165527344,4.6129679679870605,3.6191391944885254,28155
2002-10-03,4.5179948806762695,4.660453796386719,4.321266174316406,4.4908599853515625,3.5233399868011475,32578
2002-10-04,4.538345813751221,4.579049110412598,4.538345813751221,4.572265148162842,3.5872068405151367,22112
2002-10-07,4.484076023101807,4.484076023101807,4.470509052276611,4.477292060852051,3.5126936435699463,5454
2002-10-08,4.484076023101807,4.748642921447754,4.477292060852051,4.6129679679870605,3.6191391944885254,21522
2002-10-09,4.606184005737305,4.606184005737305,4.606184005737305,4.606184005737305,3.6138176918029785,147
2002-10-10,4.674022197723389,4.714725017547607,4.511210918426514,4.660453796386719,3.6563971042633057,10614
2002-10-11,4.633318901062012,4.640102863311768,4.551914215087891,4.551914215087891,3.5712387561798096,2653
2002-10-14,4.551914215087891,4.551914215087891,4.551914215087891,4.551914215087891,3.5712387561798096,0
2002-10-15,4.599400043487549,4.599400043487549,4.511210918426514,4.579049110412598,3.5925281047821045,7371
2002-10-16,4.545129776000977,4.646886825561523,4.409454822540283,4.646886825561523,3.645749807357788,14299
2002-10-17,4.633318901062012,4.646886825561523,4.5858330726623535,4.5858330726623535,3.5978519916534424,6633
2002-10-18,4.579049110412598,4.640102863311768,4.579049110412598,4.6129679679870605,3.6191391944885254,8108
2002-10-21,4.606184005737305,4.748642921447754,4.606184005737305,4.748642921447754,3.7255845069885254,30514
2002-10-22,4.6808061599731445,4.782561779022217,4.6808061599731445,4.782561779022217,3.7521958351135254,22259
2002-10-23,4.809697151184082,4.809697151184082,4.748642921447754,4.748642921447754,3.7255845069885254,2064
2002-10-24,4.748642921447754,4.75542688369751,4.748642921447754,4.748642921447754,3.7255845069885254,5012
2002-10-25,4.748642921447754,4.816481113433838,4.748642921447754,4.782561779022217,3.7521958351135254,16215
2002-10-28,4.823265075683594,4.918238162994385,4.816481113433838,4.897887229919434,3.842674493789673,18574
2002-10-29,4.904669761657715,4.952157020568848,4.884318828582764,4.952157020568848,3.88525128364563,33315
2002-10-30,5.006426811218262,5.074265003204346,5.006426811218262,5.053913116455078,3.965087652206421,14888
2002-10-31,5.053913116455078,5.155670166015625,5.047130107879639,5.155670166015625,4.044919967651367,65598
2002-11-01,5.182805061340332,5.182805061340332,5.019993782043457,5.135319232940674,4.02895450592041,7518
2002-11-04,5.257427215576172,5.257427215576172,5.094615936279297,5.196372985839844,4.0768561363220215,18721
2002-11-05,5.101399898529053,5.189589023590088,5.101399898529053,5.169238090515137,4.055566310882568,6633
2002-11-06,5.094615936279297,5.155670166015625,5.094615936279297,5.094615936279297,3.997018575668335,11645
2002-11-07,5.094615936279297,5.148886203765869,5.087831974029541,5.148886203765869,4.0395989418029785,240574
2002-11-08,5.121750831604004,5.169238090515137,5.094615936279297,5.094615936279297,3.997018575668335,12825
2002-11-11,5.101399898529053,5.101399898529053,5.019993782043457,5.047130107879639,3.9597647190093994,13709
2002-11-12,5.114966869354248,5.114966869354248,5.053913116455078,5.108183860778809,4.007665157318115,3833
2002-11-13,5.026778221130371,5.121750831604004,5.026778221130371,5.121750831604004,4.018310070037842,9287
2002-11-14,5.053913116455078,5.121750831604004,5.053913116455078,5.06748104095459,3.9757306575775146,9434
2002-11-15,5.101399898529053,5.189589023590088,5.101399898529053,5.189589023590088,4.071531295776367,13267
2002-11-18,5.209939956665039,5.216723918914795,5.209939956665039,5.209939956665039,4.087499141693115,2359
2002-11-19,5.189589023590088,5.189589023590088,5.06748104095459,5.176021099090576,4.060887336730957,4865
2002-11-20,5.087831974029541,5.094615936279297,5.087831974029541,5.087831974029541,3.9916982650756836,2801
2002-11-21,5.060697078704834,5.108183860778809,5.053913116455078,5.108183860778809,4.007665157318115,8550
2002-11-22,5.12853479385376,5.209939956665039,5.12853479385376,5.176021099090576,4.060887336730957,9877
2002-11-25,5.209939956665039,5.284562110900879,5.209939956665039,5.284562110900879,4.14604377746582,11203
2002-11-26,5.30491304397583,5.30491304397583,5.257427215576172,5.291346073150635,4.151365756988525,737
2002-11-27,5.359182834625244,5.427021026611328,5.359182834625244,5.427021026611328,4.257811546325684,18721
2002-11-29,5.406670093536377,5.766210079193115,5.406670093536377,5.711939811706543,4.481346130371094,11793
2002-12-02,5.691587924957275,5.698371887207031,5.576263904571533,5.589831829071045,4.385544776916504,19163
2002-12-03,5.596614837646484,5.596614837646484,5.474507808685303,5.583047866821289,4.380222320556641,10024
2002-12-04,5.555912971496582,5.61696720123291,5.515210151672363,5.562696933746338,4.364256381988525,7960
2002-12-05,5.589831829071045,5.589831829071045,5.569479942321777,5.569479942321777,4.369576454162598,1916
2002-12-06,5.562696933746338,5.562696933746338,5.521994113922119,5.555912971496582,4.3589348793029785,6928
2002-12-09,5.528778076171875,5.562696933746338,5.508426189422607,5.562696933746338,4.364256381988525,4717
2002-12-10,5.54234504699707,5.562696933746338,5.54234504699707,5.54234504699707,4.348289966583252,6044
2002-12-11,5.521994113922119,5.528778076171875,5.515210151672363,5.515210151672363,4.327000617980957,1474
2002-12-12,5.528778076171875,5.528778076171875,5.521994113922119,5.521994113922119,4.332322120666504,1032
2002-12-13,5.508426189422607,5.6576690673828125,5.474507808685303,5.6576690673828125,4.438769340515137,8550
2002-12-16,5.562696933746338,5.623751163482666,5.562696933746338,5.623751163482666,4.412158966064453,3390
2002-12-17,5.596614837646484,5.698371887207031,5.589831829071045,5.698371887207031,4.470702171325684,12677
2002-12-18,5.698371887207031,5.698371887207031,5.61696720123291,5.61696720123291,4.406835079193115,13562
2002-12-19,5.562696933746338,5.562696933746338,5.481290817260742,5.494859218597412,4.311034679412842,14299
2002-12-20,5.488074779510498,5.521994113922119,5.427021026611328,5.521994113922119,4.332322120666504,5012
2002-12-23,5.474507808685303,5.60339879989624,5.427021026611328,5.60339879989624,4.396191120147705,10466
2002-12-24,5.664453029632568,5.664453029632568,5.399886131286621,5.54234504699707,4.348289966583252,23586
2002-12-26,5.427021026611328,5.427021026611328,5.427021026611328,5.427021026611328,4.257811546325684,884
2002-12-27,5.447371959686279,5.583047866821289,5.447371959686279,5.549129009246826,4.353612422943115,6633
2002-12-30,5.583047866821289,5.589831829071045,5.481290817260742,5.508426189422607,4.3216776847839355,12530
2002-12-31,5.521994113922119,5.589831829071045,5.427021026611328,5.589831829071045,4.385544776916504,6633
2003-01-02,5.583047866821289,5.6305341720581055,5.583047866821289,5.596614837646484,4.390867710113525,2653
2003-01-03,5.596614837646484,5.596614837646484,5.596614837646484,5.596614837646484,4.390867710113525,0
2003-01-06,5.562696933746338,5.759426116943359,5.562696933746338,5.759426116943359,4.518600940704346,22259
2003-01-07,5.766210079193115,5.800128936767578,5.7526421546936035,5.766210079193115,4.523924350738525,15920
2003-01-08,5.901885032653809,5.901885032653809,5.60339879989624,5.834047794342041,4.577145576477051,12677
2003-01-09,5.834047794342041,5.901885032653809,5.834047794342041,5.901885032653809,4.630369186401367,11793
2003-01-10,5.766210079193115,5.9968581199646,5.766210079193115,5.9968581199646,4.7048821449279785,11793
2003-01-13,5.9968581199646,6.105399131774902,5.949371814727783,6.105399131774902,4.790038585662842,9729
2003-01-14,6.274992942810059,6.824479103088379,6.105399131774902,6.770208835601807,5.311618804931641,116897
2003-01-15,6.620965957641602,6.648100852966309,6.4445881843566895,6.478506088256836,5.082760334014893,43928
2003-01-16,6.464939117431641,6.6548848152160645,6.458155155181885,6.614181995391846,5.189205646514893,12088
2003-01-17,6.546343803405762,6.7769927978515625,6.410668849945068,6.410668849945068,5.029539108276367,12677
2003-01-21,6.342831134796143,6.580263137817383,6.336047172546387,6.512424945831299,5.109375,15478
2003-01-22,6.573479175567627,6.715939044952393,6.5259928703308105,6.532776832580566,5.125339031219482,15183
2003-01-23,6.512424945831299,6.512424945831299,6.274992942810059,6.3767499923706055,5.002930164337158,76801
2003-01-24,6.614181995391846,6.614181995391846,6.2817769050598145,6.329263210296631,4.965672492980957,15626
2003-01-27,6.105399131774902,6.329263210296631,6.105399131774902,6.247858047485352,4.901804447174072,6044
2003-01-28,6.241074085235596,6.274992942810059,6.241074085235596,6.274992942810059,4.923093318939209,10319
2003-01-29,6.180019855499268,6.207155227661133,6.105399131774902,6.112182140350342,4.7953596115112305,29777
2003-01-30,6.146100997924805,6.146100997924805,6.051127910614014,6.085046768188477,4.774068832397461,16805
2003-01-31,6.071479797363281,6.091831207275391,5.772994041442871,5.861183166503906,4.5984368324279785,53805
2003-02-03,5.847614765167236,5.942587852478027,5.793344974517822,5.942587852478027,4.662303924560547,22996
2003-02-04,5.772994041442871,5.772994041442871,5.393102169036865,5.44058895111084,4.2684550285339355,82992
2003-02-05,5.515210151672363,5.562696933746338,5.467723846435547,5.521994113922119,4.332322120666504,15331
2003-02-06,5.5355610847473145,5.562696933746338,5.5355610847473145,5.562696933746338,4.364256381988525,1769
2003-02-07,5.562696933746338,5.562696933746338,5.494859218597412,5.494859218597412,4.311034679412842,2211
2003-02-10,5.494859218597412,5.494859218597412,5.494859218597412,5.494859218597412,4.311034679412842,0
2003-02-11,5.555912971496582,5.555912971496582,5.515210151672363,5.521994113922119,4.332322120666504,1327
2003-02-12,5.508426189422607,5.528778076171875,5.494859218597412,5.508426189422607,4.3216776847839355,10024
2003-02-13,5.508426189422607,5.508426189422607,5.508426189422607,5.508426189422607,4.3216776847839355,0
2003-02-14,5.508426189422607,5.508426189422607,5.508426189422607,5.508426189422607,4.3216776847839355,0
2003-02-18,5.555912971496582,5.562696933746338,5.555912971496582,5.562696933746338,4.364256381988525,1032
2003-02-19,5.488074779510498,5.732291221618652,5.488074779510498,5.732291221618652,4.497313499450684,3538
2003-02-20,5.684804916381836,5.7526421546936035,5.596614837646484,5.671236991882324,4.449413776397705,2653
2003-02-21,5.772994041442871,6.118966102600098,5.745859146118164,6.118966102600098,4.8006815910339355,11940
2003-02-24,6.0758891105651855,6.2254719734191895,5.947676181793213,6.111504077911377,4.794826984405518,10670
2003-02-25,5.954799175262451,6.23971700668335,5.954799175262451,6.23971700668335,4.895418643951416,1685
2003-02-26,6.104381084442139,6.118627071380615,6.033151149749756,6.033151149749756,4.733354091644287,2106
2003-02-27,6.040274143218994,6.040274143218994,6.033151149749756,6.040274143218994,4.738945484161377,1123
2003-02-28,5.954799175262451,5.954799175262451,5.954799175262451,5.954799175262451,4.671883583068848,140
2003-03-03,5.9619221687316895,6.118627071380615,5.947676181793213,6.090135097503662,4.7780632972717285,13899
2003-03-04,6.018906116485596,6.104381084442139,6.018906116485596,6.0758891105651855,4.766885280609131,1404
2003-03-05,6.13999605178833,6.13999605178833,6.090135097503662,6.090135097503662,4.7780632972717285,1685
2003-03-06,6.0972580909729,6.196979999542236,6.0972580909729,6.118627071380615,4.800415992736816,6037
2003-03-07,6.090135097503662,6.1257500648498535,6.090135097503662,6.1257500648498535,4.806004524230957,6879
2003-03-10,6.090135097503662,6.1257500648498535,6.090135097503662,6.1257500648498535,4.806004524230957,2808
2003-03-11,6.090135097503662,6.090135097503662,6.090135097503662,6.090135097503662,4.7780632972717285,4212
2003-03-12,6.090135097503662,6.111504077911377,6.061643123626709,6.061643123626709,4.755709171295166,9406
2003-03-13,6.061643123626709,6.118627071380615,6.054520130157471,6.054520130157471,4.750120639801025,40152
2003-03-14,6.068766117095947,6.068766117095947,5.627141952514648,5.812339782714844,4.560115814208984,36080
2003-03-17,5.66275691986084,5.66275691986084,5.627141952514648,5.627141952514648,4.4148173332214355,421
2003-03-18,5.627141952514648,5.627141952514648,5.627141952514648,5.627141952514648,4.4148173332214355,702
2003-03-19,5.66275691986084,5.66275691986084,5.66275691986084,5.66275691986084,4.442760944366455,3229
2003-03-20,5.627141952514648,5.627141952514648,5.484683036804199,5.591527938842773,4.386877059936523,17689
2003-03-21,5.726863861083984,5.726863861083984,5.698371887207031,5.698371887207031,4.470702171325684,7160
2003-03-24,5.719740867614746,5.719740867614746,5.591527938842773,5.591527938842773,4.386877059936523,5475
2003-03-25,5.627141952514648,5.726863861083984,5.591527938842773,5.591527938842773,4.386877059936523,7160
2003-03-26,5.620019912719727,5.648510932922363,5.612896919250488,5.612896919250488,4.403642177581787,8564
2003-03-27,5.60577392578125,5.648510932922363,5.60577392578125,5.648510932922363,4.431582450866699,983
2003-03-28,5.726863861083984,5.733986854553223,5.698371887207031,5.733986854553223,4.49864387512207,8985
2003-03-31,5.7054948806762695,5.7054948806762695,5.641387939453125,5.691248893737793,4.465112686157227,3369
2003-04-01,5.641387939453125,5.669879913330078,5.641387939453125,5.669879913330078,4.448348045349121,3229
2003-04-02,5.669879913330078,5.733986854553223,5.612896919250488,5.698371887207031,4.470702171325684,14601
2003-04-03,5.669879913330078,5.733986854553223,5.669879913330078,5.733986854553223,4.49864387512207,2808
2003-04-04,5.733986854553223,5.733986854553223,5.698371887207031,5.698371887207031,4.470702171325684,16987
2003-04-07,5.91918420791626,6.040274143218994,5.698371887207031,5.976168155670166,4.6886491775512695,9827
2003-04-08,5.698371887207031,5.947676181793213,5.698371887207031,5.855076789855957,4.593644618988037,4352
2003-04-09,5.8408308029174805,5.8408308029174805,5.8408308029174805,5.8408308029174805,4.582467555999756,4212
2003-04-10,5.8408308029174805,5.8408308029174805,5.8052167892456055,5.8052167892456055,4.554527282714844,7862
2003-04-11,5.9120612144470215,5.9619221687316895,5.9120612144470215,5.9619221687316895,4.677471160888672,1685
2003-04-14,5.990414142608643,6.161365032196045,5.990414142608643,6.161365032196045,4.833946704864502,5475
2003-04-15,6.068766117095947,6.218348979949951,6.068766117095947,6.211225986480713,4.873065948486328,1404
2003-04-16,6.196979999542236,6.196979999542236,6.196979999542236,6.196979999542236,4.861889362335205,702
2003-04-17,6.1257500648498535,6.1257500648498535,6.111504077911377,6.111504077911377,4.794826984405518,8704
2003-04-21,6.090135097503662,6.090135097503662,6.090135097503662,6.090135097503662,4.7780632972717285,562
2003-04-22,6.118627071380615,6.432037830352783,6.090135097503662,6.432037830352783,5.046305179595947,10810
2003-04-23,6.410668849945068,6.481897830963135,6.410668849945068,6.446282863616943,5.057480812072754,3931
2003-04-24,6.417791843414307,6.446282863616943,6.410668849945068,6.446282863616943,5.057480812072754,6879
2003-04-25,6.424914836883545,6.489020824432373,6.424914836883545,6.489020824432373,5.091010570526123,842
2003-04-28,6.467651844024658,6.567374229431152,6.1257500648498535,6.410668849945068,5.029539108276367,23165
2003-04-29,6.410668849945068,6.446282863616943,6.332315921783447,6.3394389152526855,4.97365665435791,15724
2003-04-30,6.3394389152526855,6.4747748374938965,6.3394389152526855,6.410668849945068,5.029539108276367,1404
2003-05-01,6.346561908721924,6.375053882598877,6.161365032196045,6.161365032196045,4.833946704864502,5475
2003-05-02,6.132873058319092,6.268208980560303,6.090135097503662,6.268208980560303,4.917769432067871,9406
2003-05-05,6.189857006072998,6.332315921783447,6.189857006072998,6.332315921783447,4.968066692352295,3791
2003-05-06,6.3394389152526855,6.410668849945068,6.303823947906494,6.303823947906494,4.945713520050049,983
2003-05-07,6.303823947906494,6.375053882598877,6.303823947906494,6.375053882598877,5.001596450805664,3931
2003-05-08,6.375053882598877,6.410668849945068,6.375053882598877,6.410668849945068,5.029539108276367,6318
2003-05-09,6.439159870147705,6.439159870147705,6.410668849945068,6.410668849945068,5.029539108276367,1123
2003-05-12,6.439159870147705,6.439159870147705,6.375053882598877,6.375053882598877,5.001596450805664,3510
2003-05-13,6.439159870147705,6.439159870147705,6.303823947906494,6.303823947906494,4.945713520050049,3369
2003-05-14,6.061643123626709,6.481897830963135,6.054520130157471,6.410668849945068,5.029539108276367,12495
2003-05-15,6.353684902191162,6.410668849945068,6.090135097503662,6.410668849945068,5.029539108276367,17830
2003-05-16,6.410668849945068,6.410668849945068,6.3394389152526855,6.410668849945068,5.029539108276367,3791
2003-05-19,6.268208980560303,6.410668849945068,6.268208980560303,6.410668849945068,5.029539108276367,7160
2003-05-20,6.410668849945068,6.424914836883545,6.410668849945068,6.424914836883545,5.040716171264648,7581
2003-05-21,6.410668849945068,6.439159870147705,6.382176876068115,6.439159870147705,5.051894187927246,5756
2003-05-22,6.439159870147705,6.446282863616943,6.439159870147705,6.446282863616943,5.057480812072754,1123
2003-05-23,6.553127765655518,6.553127765655518,6.446282863616943,6.446282863616943,5.057480812072754,5616
2003-05-27,6.3892998695373535,6.453405857086182,6.268208980560303,6.446282863616943,5.057480812072754,22603
2003-05-28,6.268208980560303,6.40354585647583,6.268208980560303,6.40354585647583,5.023951530456543,5616
2003-05-29,6.446282863616943,6.446282863616943,6.446282863616943,6.446282863616943,5.057480812072754,140
2003-05-30,6.439159870147705,6.489020824432373,6.375053882598877,6.375053882598877,5.001596450805664,4773
2003-06-02,6.375053882598877,6.439159870147705,6.375053882598877,6.439159870147705,5.051894187927246,421
2003-06-03,6.446282863616943,6.446282863616943,6.446282863616943,6.446282863616943,5.057480812072754,1544
2003-06-04,6.446282863616943,6.467651844024658,6.382176876068115,6.424914836883545,5.040716171264648,7862
2003-06-05,6.453405857086182,6.453405857086182,6.410668849945068,6.453405857086182,5.063068389892578,9125
2003-06-06,6.410668849945068,6.46052885055542,6.410668849945068,6.46052885055542,5.068656921386719,16145
2003-06-09,6.481897830963135,6.481897830963135,6.481897830963135,6.481897830963135,5.085423946380615,983
2003-06-10,6.424914836883545,6.496143817901611,6.382176876068115,6.410668849945068,5.029539108276367,10810
2003-06-11,6.4747748374938965,6.50326681137085,6.417791843414307,6.496143817901611,5.096599578857422,9687
2003-06-12,6.417791843414307,6.553127765655518,6.410668849945068,6.538881778717041,5.130129814147949,8845
2003-06-13,6.546004772186279,6.553127765655518,6.481897830963135,6.553127765655518,5.1413068771362305,5756
2003-06-16,6.553127765655518,6.553127765655518,6.410668849945068,6.410668849945068,5.029539108276367,13478
2003-06-17,6.410668849945068,6.410668849945068,6.275331974029541,6.310946941375732,4.951303482055664,20497
2003-06-18,6.588743209838867,6.638604164123535,6.367930889129639,6.638604164123535,5.208366870880127,26394
2003-06-19,6.688464164733887,6.688464164733887,6.517512798309326,6.546004772186279,5.135718822479248,27236
2003-06-20,6.624358177185059,7.137210845947266,6.610112190246582,7.1087188720703125,5.577200412750244,51804
2003-06-23,6.944890975952148,7.137210845947266,6.944890975952148,7.122964859008789,5.588375568389893,15724
2003-06-24,7.115841865539551,7.2298102378845215,7.087349891662598,7.122964859008789,5.588375568389893,11231
2003-06-25,7.094472885131836,8.013336181640625,7.030366897583008,7.728416919708252,6.063388824462891,20357
2003-06-26,7.585958003997803,7.585958003997803,7.051734924316406,7.400761127471924,5.80632209777832,6739
2003-06-27,7.23693323135376,7.372269153594971,7.23693323135376,7.372269153594971,5.783971309661865,9547
2003-06-30,7.279669761657715,7.279669761657715,7.23693323135376,7.265423774719238,5.700143814086914,1965
2003-07-01,7.365146160125732,7.585958003997803,7.365146160125732,7.585958003997803,5.9516215324401855,19655
2003-07-02,7.585958003997803,7.870875835418701,7.585958003997803,7.835261821746826,6.147216320037842,36923
2003-07-03,7.835261821746826,7.835261821746826,7.6928019523620605,7.828138828277588,6.141626358032227,8985
2003-07-07,7.885121822357178,7.885121822357178,7.721293926239014,7.835261821746826,6.147216320037842,25832
2003-07-08,7.835261821746826,7.849507808685303,7.799646854400635,7.849507808685303,6.15839147567749,1685
2003-07-09,7.835261821746826,7.856630802154541,7.642941951751709,7.749785900115967,6.08015251159668,10249
2003-07-10,7.621572971343994,7.835261821746826,7.621572971343994,7.771154880523682,6.096919536590576,6037
2003-07-11,7.7426629066467285,7.7426629066467285,7.650064945220947,7.650064945220947,6.001916885375977,5475
2003-07-14,7.764031887054443,7.806769847869873,7.550343036651611,7.550343036651611,5.923680782318115,6598
2003-07-15,7.685678958892822,7.6928019523620605,7.642941951751709,7.642941951751709,5.996327877044678,4212
2003-07-16,7.621572971343994,7.73553991317749,7.543220043182373,7.550343036651611,5.923680782318115,8143
2003-07-17,7.685678958892822,7.856630802154541,7.628695964813232,7.828138828277588,6.141626358032227,13899
2003-07-18,7.764031887054443,7.977721214294434,7.764031887054443,7.828138828277588,6.141626358032227,8002
2003-07-21,7.7925238609313965,7.835261821746826,7.714170932769775,7.828138828277588,6.141626358032227,17689
2003-07-22,7.835261821746826,7.885121822357178,7.799646854400635,7.835261821746826,6.147216320037842,17689
2003-07-23,7.835261821746826,7.835261821746826,7.799646854400635,7.799646854400635,6.119273662567139,3229
2003-07-24,7.849507808685303,7.885121822357178,7.849507808685303,7.870875835418701,6.17515754699707,7581
2003-07-25,7.963475227355957,8.141549110412598,7.942105770111084,8.006213188171387,6.281336307525635,82269
2003-07-28,8.148672103881836,8.191410064697266,8.084565162658691,8.191410064697266,6.426632881164551,14320
2003-07-29,7.977721214294434,8.048951148986816,7.942105770111084,7.999090194702148,6.2757463455200195,34396
2003-07-30,8.048951148986816,8.056074142456055,7.906490802764893,7.906490802764893,6.203099250793457,2948
2003-07-31,7.942105770111084,8.006213188171387,7.942105770111084,7.942105770111084,6.231039047241211,13056
2003-08-01,7.970598220825195,7.977721214294434,7.949228763580322,7.956352233886719,6.242218017578125,4212
2003-08-04,7.977721214294434,8.041828155517578,7.913613796234131,7.920736789703369,6.21427583694458,10249
2003-08-05,7.942105770111084,8.013336181640625,7.942105770111084,7.999090194702148,6.2757463455200195,6598
2003-08-06,8.006213188171387,8.048951148986816,8.006213188171387,8.048951148986816,6.314868450164795,1825
2003-08-07,8.03470516204834,8.048951148986816,7.977721214294434,7.977721214294434,6.258980751037598,8423
2003-08-08,7.977721214294434,8.020459175109863,7.977721214294434,8.020459175109863,6.292512893676758,1123
2003-08-11,8.048951148986816,8.048951148986816,7.906490802764893,7.906490802764893,6.203099250793457,11652
2003-08-12,7.949228763580322,8.013336181640625,7.906490802764893,7.906490802764893,6.203099250793457,6318
2003-08-13,7.835261821746826,7.942105770111084,7.835261821746826,7.942105770111084,6.231039047241211,18812
2003-08-14,7.942105770111084,7.977721214294434,7.942105770111084,7.970598220825195,6.25339412689209,10108
2003-08-15,7.8423848152160645,7.885121822357178,7.8423848152160645,7.885121822357178,6.1863322257995605,983
2003-08-18,7.956352233886719,8.006213188171387,7.942105770111084,7.956352233886719,6.242218017578125,4212
2003-08-19,8.020459175109863,8.048951148986816,7.942105770111084,7.999090194702148,6.2757463455200195,2948
2003-08-20,8.006213188171387,8.013336181640625,7.977721214294434,7.977721214294434,6.258980751037598,8002
2003-08-21,7.977721214294434,7.977721214294434,7.977721214294434,7.977721214294434,6.258980751037598,0
2003-08-22,7.942105770111084,7.984844207763672,7.942105770111084,7.949228763580322,6.236627578735352,2808
2003-08-25,7.942105770111084,8.020459175109863,7.835261821746826,8.013336181640625,6.286925315856934,22603
2003-08-26,8.006213188171387,8.006213188171387,7.999090194702148,7.999090194702148,6.2757463455200195,702
2003-08-27,8.006213188171387,8.006213188171387,8.006213188171387,8.006213188171387,6.281336307525635,1825
2003-08-28,8.048951148986816,8.148672103881836,7.977721214294434,8.020459175109863,6.292512893676758,1825
2003-08-29,8.020459175109863,8.020459175109863,8.020459175109863,8.020459175109863,6.292512893676758,0
2003-09-02,8.020459175109863,8.155795097351074,7.956352233886719,8.098811149597168,6.3539862632751465,44223
2003-09-03,8.155795097351074,8.155795097351074,8.063197135925293,8.070320129394531,6.331632137298584,6879
2003-09-04,7.906490802764893,8.155795097351074,7.906490802764893,8.020459175109863,6.292512893676758,7160
2003-09-05,8.120180130004883,8.120180130004883,8.013336181640625,8.013336181640625,6.286925315856934,4493
2003-09-08,8.063197135925293,8.17004108428955,8.041828155517578,8.155795097351074,6.3986921310424805,8283
2003-09-09,8.013336181640625,8.148672103881836,8.013336181640625,8.041828155517578,6.309277534484863,8283
2003-09-10,7.999090194702148,8.006213188171387,7.999090194702148,8.006213188171387,6.281336307525635,1685
2003-09-11,8.056074142456055,8.120180130004883,8.03470516204834,8.120180130004883,6.3707475662231445,1685
2003-09-12,8.027582168579102,8.027582168579102,7.977721214294434,7.984844207763672,6.264570236206055,7862
2003-09-15,7.99196720123291,7.99196720123291,7.977721214294434,7.984844207763672,6.264570236206055,5896
2003-09-16,7.999090194702148,8.041828155517578,7.977721214294434,7.977721214294434,6.258980751037598,842
2003-09-17,8.006213188171387,8.105934143066406,7.984844207763672,8.070320129394531,6.331632137298584,8423
2003-09-18,8.013336181640625,8.084565162658691,8.013336181640625,8.013336181640625,6.286925315856934,3931
2003-09-19,8.027582168579102,8.027582168579102,7.977721214294434,7.977721214294434,6.258980751037598,2246
2003-09-22,8.013336181640625,8.063197135925293,8.013336181640625,8.063197135925293,6.326042175292969,2387
2003-09-23,8.063197135925293,8.063197135925293,7.977721214294434,7.977721214294434,6.258980751037598,4633
2003-09-24,8.141549110412598,8.191410064697266,7.977721214294434,7.977721214294434,6.258980751037598,5194
2003-09-25,8.020459175109863,8.084565162658691,7.977721214294434,8.063197135925293,6.326042175292969,3650
2003-09-26,8.070320129394531,8.070320129394531,7.984844207763672,7.984844207763672,6.264570236206055,2527
2003-09-29,7.977721214294434,8.063197135925293,7.977721214294434,8.020459175109863,6.292512893676758,1404
2003-09-30,8.013336181640625,8.013336181640625,7.977721214294434,7.977721214294434,6.258980751037598,3931
2003-10-01,7.977721214294434,8.03470516204834,7.977721214294434,8.013336181640625,6.286925315856934,4914
2003-10-02,8.020459175109863,8.063197135925293,8.020459175109863,8.063197135925293,6.326042175292969,1404
2003-10-03,8.020459175109863,8.020459175109863,8.013336181640625,8.013336181640625,6.286925315856934,2948
2003-10-06,8.048951148986816,8.063197135925293,8.013336181640625,8.063197135925293,6.326042175292969,2246
2003-10-07,8.063197135925293,8.063197135925293,8.063197135925293,8.063197135925293,6.326042175292969,0
2003-10-08,8.048951148986816,8.048951148986816,8.048951148986816,8.048951148986816,6.314868450164795,281
2003-10-09,7.984844207763672,8.077442169189453,7.984844207763672,8.077442169189453,6.337220191955566,8423
2003-10-10,8.070320129394531,8.077442169189453,7.942105770111084,8.013336181640625,6.303600788116455,8002
2003-10-13,8.027582168579102,8.084565162658691,8.027582168579102,8.027582168579102,6.31480598449707,1825
2003-10-14,8.063197135925293,8.09168815612793,8.013336181640625,8.013336181640625,6.303600788116455,7441
2003-10-15,8.041828155517578,8.041828155517578,7.963475227355957,8.013336181640625,6.303600788116455,8283
2003-10-16,7.956352233886719,7.956352233886719,7.949228763580322,7.949228763580322,6.253170490264893,1404
2003-10-17,7.99196720123291,8.191410064697266,7.99196720123291,8.177164077758789,6.432473182678223,11933
2003-10-20,8.148672103881836,8.191410064697266,8.027582168579102,8.13442611694336,6.398853778839111,6879
2003-10-21,8.048951148986816,8.048951148986816,8.048951148986816,8.048951148986816,6.331616401672363,281
2003-10-22,8.048951148986816,8.048951148986816,8.048951148986816,8.048951148986816,6.331616401672363,0
2003-10-23,8.120180130004883,8.141549110412598,8.048951148986816,8.141549110412598,6.404458045959473,19795
2003-10-24,8.141549110412598,8.141549110412598,8.141549110412598,8.141549110412598,6.404458045959473,0
2003-10-27,8.141549110412598,8.141549110412598,8.084565162658691,8.084565162658691,6.3596320152282715,842
2003-10-28,8.084565162658691,8.084565162658691,8.084565162658691,8.084565162658691,6.3596320152282715,2808
2003-10-29,8.155795097351074,8.219902038574219,8.13442611694336,8.198533058166504,6.449282646179199,23726
2003-10-30,8.198533058166504,8.219902038574219,8.155795097351074,8.155795097351074,6.4156646728515625,4071
2003-10-31,8.155795097351074,8.298254013061523,8.155795097351074,8.191410064697266,6.443678855895996,6177
2003-11-03,8.219902038574219,8.440713882446289,8.198533058166504,8.440713882446289,6.639791011810303,17268
2003-11-04,8.504819869995117,8.504819869995117,8.198533058166504,8.241271018981934,6.4829020500183105,23866
2003-11-05,8.369483947753906,8.47632884979248,8.369483947753906,8.405098915100098,6.611777305603027,4493
2003-11-06,8.504819869995117,8.53331184387207,8.362360954284668,8.53331184387207,6.7126312255859375,4212
2003-11-07,8.547557830810547,8.761246681213379,8.540434837341309,8.61878776550293,6.779870986938477,23165
2003-11-10,8.675771713256836,8.675771713256836,8.583172798156738,8.583172798156738,6.751856803894043,842
2003-11-11,8.711385726928711,8.711385726928711,8.61878776550293,8.61878776550293,6.779870986938477,562
2003-11-12,8.654402732849121,8.725631713867188,8.43359088897705,8.690016746520996,6.835904121398926,11231
2003-11-13,8.633033752441406,8.640156745910645,8.419344902038574,8.547557830810547,6.723840236663818,9827
2003-11-14,8.5760498046875,8.5760498046875,8.390852928161621,8.469205856323242,6.662205219268799,7441
2003-11-17,8.440713882446289,8.440713882446289,8.262639999389648,8.369483947753906,6.583761215209961,7722
2003-11-18,8.262639999389648,8.39797592163086,8.120180130004883,8.127303123474121,6.393252849578857,6458
2003-11-19,8.127303123474121,8.127303123474121,7.4791131019592285,7.977721214294434,6.275585174560547,16707
2003-11-20,8.013336181640625,8.276885986328125,7.942105770111084,8.056074142456055,6.337221145629883,14460
2003-11-21,7.835261821746826,8.184287071228027,7.835261821746826,8.120180130004883,6.387648582458496,4212
2003-11-24,8.013336181640625,8.084565162658691,8.013336181640625,8.084565162658691,6.3596320152282715,10249
2003-11-25,8.184287071228027,8.469205856323242,8.098811149597168,8.13442611694336,6.398853778839111,4071
2003-11-26,8.426467895507812,8.462082862854004,8.13442611694336,8.462082862854004,6.656600475311279,983
2003-11-28,8.447836875915527,8.447836875915527,8.447836875915527,8.447836875915527,6.6453938484191895,562
2003-12-01,8.405098915100098,8.547557830810547,8.369483947753906,8.511942863464355,6.69582462310791,4633
2003-12-02,8.405098915100098,8.53331184387207,8.405098915100098,8.504819869995117,6.690220832824707,7862
2003-12-03,8.234148025512695,8.511942863464355,8.234148025512695,8.511942863464355,6.69582462310791,4352
2003-12-04,8.405098915100098,8.405098915100098,8.383729934692383,8.383729934692383,6.594965934753418,1825
2003-12-05,8.269762992858887,8.405098915100098,7.785400867462158,7.785400867462158,6.124297618865967,84656
2003-12-08,7.785400867462158,7.863753795623779,7.785400867462158,7.863753795623779,6.1859331130981445,21199
2003-12-09,7.835261821746826,7.892244815826416,7.835261821746826,7.870875835418701,6.1915364265441895,4071
2003-12-10,7.835261821746826,7.835261821746826,7.835261821746826,7.835261821746826,6.1635212898254395,4352
2003-12-11,7.885121822357178,7.977721214294434,7.835261821746826,7.899367809295654,6.2139482498168945,8985
2003-12-12,7.920736789703369,7.927859783172607,7.835261821746826,7.863753795623779,6.1859331130981445,12916
2003-12-15,7.977721214294434,8.013336181640625,7.942105770111084,8.013336181640625,6.303600788116455,11933
2003-12-16,8.013336181640625,8.048951148986816,7.942105770111084,7.942105770111084,6.247565746307373,12495
2003-12-17,8.013336181640625,8.027582168579102,7.956352233886719,8.027582168579102,6.31480598449707,9687
2003-12-18,8.013336181640625,8.03470516204834,8.013336181640625,8.03470516204834,6.320409774780273,2387
2003-12-19,8.013336181640625,8.070320129394531,7.984844207763672,8.020459175109863,6.309205055236816,3791
2003-12-22,8.020459175109863,8.020459175109863,8.020459175109863,8.020459175109863,6.309205055236816,0
2003-12-23,8.048951148986816,8.048951148986816,8.048951148986816,8.048951148986816,6.331616401672363,562
2003-12-24,7.963475227355957,7.963475227355957,7.963475227355957,7.963475227355957,6.264377593994141,421
2003-12-26,8.013336181640625,8.03470516204834,8.013336181640625,8.03470516204834,6.320409774780273,1825
2003-12-29,8.020459175109863,8.21277904510498,8.020459175109863,8.21277904510498,6.460489749908447,1264
2003-12-30,8.205656051635742,8.205656051635742,8.013336181640625,8.013336181640625,6.303600788116455,2387
2003-12-31,8.148672103881836,8.148672103881836,8.141549110412598,8.141549110412598,6.404458045959473,983
2004-01-02,8.148672103881836,8.21277904510498,8.127303123474121,8.21277904510498,6.460489749908447,9968
2004-01-05,8.21277904510498,8.348114967346191,8.120180130004883,8.348114967346191,6.566948890686035,16847
2004-01-06,8.162918090820312,8.405098915100098,8.155795097351074,8.390852928161621,6.600569248199463,13758
2004-01-07,8.227025032043457,8.291131019592285,8.227025032043457,8.291131019592285,6.522125720977783,6458
2004-01-08,8.141549110412598,8.440713882446289,8.127303123474121,8.298254013061523,6.527726650238037,43662
2004-01-09,8.298254013061523,8.340991973876953,8.298254013061523,8.298254013061523,6.527726650238037,15864
2004-01-12,8.340991973876953,8.340991973876953,8.298254013061523,8.298254013061523,6.527726650238037,2387
2004-01-13,8.333868980407715,8.47632884979248,8.333868980407715,8.469205856323242,6.679405212402344,3089
2004-01-14,8.540434837341309,8.832476615905762,8.540434837341309,8.540434837341309,6.735583305358887,10529
2004-01-15,8.426467895507812,8.547557830810547,8.405098915100098,8.511942863464355,6.71311092376709,81848
2004-01-16,8.454959869384766,9.616003036499023,8.298254013061523,9.195748329162598,7.2524094581604,46891
2004-01-20,9.473544120788574,9.758461952209473,8.333868980407715,8.369483947753906,6.600758075714111,67388
2004-01-21,8.369483947753906,8.789738655090332,8.369483947753906,8.690016746520996,6.853552341461182,26815
2004-01-22,8.462082862854004,8.782615661621094,8.462082862854004,8.782615661621094,6.926582336425781,2808
2004-01-23,8.697139739990234,8.903705596923828,8.369483947753906,8.554680824279785,6.746815204620361,33413
2004-01-26,8.647279739379883,8.768369674682617,8.554680824279785,8.761246681213379,6.90972900390625,18532
2004-01-27,8.682894706726074,9.893798828125,8.633033752441406,9.096026420593262,7.173758506774902,40433
2004-01-28,8.860968589782715,9.067535400390625,8.860968589782715,8.917951583862305,7.0333147048950195,7441
2004-01-29,9.024797439575195,9.067535400390625,8.903705596923828,8.903705596923828,7.022082328796387,2667
2004-01-30,9.024797439575195,9.153010368347168,9.024797439575195,9.153010368347168,7.218700885772705,14881
2004-02-02,9.153010368347168,9.430806159973145,8.93932056427002,8.93932056427002,7.0501708984375,7862
2004-02-03,9.14588737487793,9.18862533569336,8.974935531616211,9.160133361816406,7.2243194580078125,1685
2004-02-04,9.153010368347168,9.153010368347168,8.93932056427002,9.074658393859863,7.156907558441162,3369
2004-02-05,9.131641387939453,9.309715270996094,8.93932056427002,9.259855270385742,7.302964687347412,6879
2004-02-06,9.402314186096191,9.50915813446045,9.402314186096191,9.480667114257812,7.477114677429199,16005
2004-02-09,9.14588737487793,9.48779010772705,9.14588737487793,9.331084251403809,7.3591437339782715,5896
2004-02-10,9.359576225280762,9.50915813446045,9.26697826385498,9.437929153442383,7.443408489227295,18812
2004-02-11,9.395191192626953,9.50915813446045,9.395191192626953,9.395191192626953,7.409698009490967,8704
2004-02-12,9.402314186096191,9.54477310180664,9.402314186096191,9.54477310180664,7.527675151824951,36221
2004-02-13,9.437929153442383,9.437929153442383,9.359576225280762,9.437929153442383,7.443408489227295,7020
2004-02-17,9.437929153442383,9.473544120788574,9.36669921875,9.473544120788574,7.471493244171143,13197
2004-02-18,9.473544120788574,9.794076919555664,9.459298133850098,9.794076919555664,7.724289417266846,16987
2004-02-19,9.893798828125,10.078995704650879,9.77270793914795,10.078995704650879,7.949000835418701,14320
2004-02-20,10.078995704650879,10.150224685668945,10.050503730773926,10.11461067199707,7.977087020874023,12495
2004-02-23,9.936535835266113,10.185839653015137,9.900921821594238,10.185839653015137,8.033263206481934,10670
2004-02-24,10.043380737304688,10.043380737304688,10.022011756896973,10.043380737304688,7.920908451080322,4493
2004-02-25,10.135978698730469,10.242823600769043,9.54477310180664,9.80832290649414,7.735527038574219,11372
2004-02-26,9.758461952209473,10.03625774383545,9.758461952209473,9.794076919555664,7.724289417266846,4633
2004-02-27,9.694355964660645,10.043380737304688,9.687232971191406,10.043380737304688,7.920908451080322,1825
2004-03-01,10.043380737304688,10.249946594238281,9.765584945678711,10.249946594238281,8.083817481994629,3369
2004-03-02,10.25706958770752,10.328298568725586,10.164470672607422,10.192962646484375,8.038878440856934,6879
2004-03-03,9.972150802612305,10.292684555053711,9.794076919555664,10.292684555053711,8.11752700805664,2948
2004-03-04,10.328298568725586,10.328298568725586,10.278438568115234,10.278438568115234,8.106291770935059,1264
2004-03-05,10.192962646484375,10.328298568725586,10.057626724243164,10.17159366607666,8.022029876708984,9125
2004-03-08,10.150224685668945,10.150224685668945,9.936535835266113,9.936535835266113,7.83664608001709,3931
2004-03-09,10.000642776489258,10.007765769958496,9.900921821594238,9.922289848327637,7.825405597686768,2808
2004-03-10,9.922289848327637,9.922289848327637,9.922289848327637,9.922289848327637,7.825405597686768,0
2004-03-11,9.758461952209473,9.865306854248047,9.758461952209473,9.865306854248047,7.780463695526123,1404
2004-03-12,9.865306854248047,9.865306854248047,9.865306854248047,9.865306854248047,7.780463695526123,0
2004-03-15,9.936535835266113,9.972150802612305,9.865306854248047,9.879552841186523,7.791702747344971,3791
2004-03-16,9.865306854248047,9.972150802612305,9.758461952209473,9.957904815673828,7.8534955978393555,6177
2004-03-17,9.765584945678711,9.765584945678711,9.765584945678711,9.765584945678711,7.701821327209473,702
2004-03-18,9.758461952209473,9.758461952209473,9.722846984863281,9.72996997833252,7.67372989654541,2106
2004-03-19,9.722846984863281,9.722846984863281,9.345330238342285,9.423683166503906,7.432172775268555,7581
2004-03-22,9.345330238342285,9.437929153442383,9.017674446105957,9.081781387329102,7.162525653839111,10249
2004-03-23,9.430806159973145,9.651618003845215,9.274101257324219,9.395191192626953,7.409698009490967,4352
2004-03-24,9.295470237731934,9.516281127929688,9.295470237731934,9.516281127929688,7.505201816558838,2948
2004-03-25,9.573265075683594,9.594634056091309,9.18862533569336,9.18862533569336,7.246788501739502,2106
2004-03-26,9.6302490234375,9.680109977722168,9.623126029968262,9.680109977722168,7.634407043457031,3369
2004-03-29,9.680109977722168,9.751338958740234,9.437929153442383,9.466421127319336,7.465882301330566,5054
2004-03-30,9.466421127319336,9.758461952209473,9.466421127319336,9.616003036499023,7.583848476409912,4212
2004-03-31,9.608880043029785,9.608880043029785,9.573265075683594,9.580388069152832,7.555761814117432,2246
2004-04-01,9.573265075683594,9.594634056091309,9.566142082214355,9.594634056091309,7.566994667053223,6598
2004-04-02,9.594634056091309,9.594634056091309,9.437929153442383,9.437929153442383,7.443408489227295,2387
2004-04-05,9.437929153442383,9.972150802612305,9.437929153442383,9.972150802612305,7.864731788635254,18953
2004-04-06,9.965027809143066,9.972150802612305,9.801199913024902,9.972150802612305,7.864731788635254,1825
2004-04-07,9.80832290649414,9.80832290649414,9.530527114868164,9.794076919555664,7.724289417266846,3089
2004-04-08,9.623126029968262,9.972150802612305,9.623126029968262,9.972150802612305,7.864731788635254,2948
2004-04-12,9.965027809143066,9.972150802612305,9.965027809143066,9.965027809143066,7.8591179847717285,3931
2004-04-13,9.758461952209473,9.758461952209473,9.580388069152832,9.616003036499023,7.605594635009766,5756
2004-04-14,9.45217514038086,9.972150802612305,9.40943717956543,9.900921821594238,7.8309454917907715,14881
2004-04-15,9.36669921875,9.6302490234375,9.295470237731934,9.523404121398926,7.532354831695557,3229
2004-04-16,9.893798828125,9.893798828125,9.893798828125,9.893798828125,7.825312614440918,1404
2004-04-19,9.338207244873047,9.865306854248047,9.338207244873047,9.45217514038086,7.476017475128174,4352
2004-04-20,9.744215965270996,10.043380737304688,9.665863990783691,9.965027809143066,7.88165283203125,5756
2004-04-21,9.45217514038086,9.794076919555664,9.445052146911621,9.445052146911621,7.4703850746154785,1544
2004-04-22,9.473544120788574,9.758461952209473,9.338207244873047,9.758461952209473,7.718270778656006,9687
2004-04-23,9.680109977722168,9.680109977722168,9.54477310180664,9.54477310180664,7.549259662628174,1404
2004-04-26,9.708600997924805,9.972150802612305,9.6302490234375,9.6302490234375,7.616866111755371,3650
2004-04-27,9.573265075683594,9.822568893432617,9.516281127929688,9.601757049560547,7.594326496124268,7862
2004-04-28,9.623126029968262,9.6302490234375,9.117395401000977,9.117395401000977,7.211233615875244,4914
2004-04-29,9.18862533569336,9.18862533569336,9.08890438079834,9.08890438079834,7.188698768615723,1404
2004-04-30,9.259855270385742,9.259855270385742,8.98205852508545,9.081781387329102,7.18306303024292,7020
2004-05-03,9.110272407531738,9.117395401000977,8.79686164855957,8.803984642028809,6.9633469581604,5896
2004-05-04,8.811107635498047,9.110272407531738,8.79686164855957,9.00342845916748,7.12108850479126,4352
2004-05-05,9.124518394470215,9.124518394470215,9.081781387329102,9.08890438079834,7.188698768615723,421
2004-05-06,8.903705596923828,8.98205852508545,8.903705596923828,8.98205852508545,7.104189872741699,562
2004-05-07,8.803984642028809,8.853845596313477,8.803984642028809,8.853845596313477,7.002780914306641,842
2004-05-10,8.811107635498047,8.910828590393066,8.654402732849121,8.71850872039795,6.895741939544678,11512
2004-05-11,8.547557830810547,8.725631713867188,8.547557830810547,8.61878776550293,6.81686544418335,3931
2004-05-12,8.910828590393066,8.910828590393066,8.191410064697266,8.340991973876953,6.597148895263672,26253
2004-05-13,8.412221908569336,8.53331184387207,8.412221908569336,8.53331184387207,6.749258995056152,421
2004-05-14,8.447836875915527,8.462082862854004,8.440713882446289,8.440713882446289,6.676022052764893,562
2004-05-17,8.376606941223145,8.383729934692383,8.298254013061523,8.298254013061523,6.563345432281494,5194
2004-05-18,8.369483947753906,8.89658260345459,8.298254013061523,8.568926811218262,6.777430057525635,7441
2004-05-19,8.519065856933594,8.75412368774414,8.369483947753906,8.75412368774414,6.923908710479736,1404
2004-05-20,8.839599609375,8.839599609375,8.839599609375,8.839599609375,6.991514682769775,421
2004-05-21,8.590295791625977,8.775492668151855,8.504819869995117,8.625910758972168,6.822499752044678,5475
2004-05-24,8.483450889587402,8.483450889587402,8.405098915100098,8.405098915100098,6.647854804992676,842
2004-05-25,8.426467895507812,8.654402732849121,8.405098915100098,8.654402732849121,6.845036506652832,4352
2004-05-26,8.61878776550293,8.903705596923828,8.43359088897705,8.903705596923828,7.042217254638672,13618
2004-05-27,8.868091583251953,9.259855270385742,8.868091583251953,9.259855270385742,7.323904514312744,5756
2004-05-28,9.288347244262695,9.288347244262695,9.259855270385742,9.259855270385742,7.323904514312744,6037
2004-06-01,9.074658393859863,9.437929153442383,9.074658393859863,9.295470237731934,7.352075099945068,9266
2004-06-02,9.437929153442383,9.437929153442383,9.331084251403809,9.331084251403809,7.380245208740234,842
2004-06-03,9.160133361816406,9.352453231811523,9.160133361816406,9.259855270385742,7.323904514312744,5054
2004-06-04,9.259855270385742,9.259855270385742,9.117395401000977,9.117395401000977,7.211233615875244,1264
2004-06-07,9.309715270996094,9.309715270996094,9.124518394470215,9.124518394470215,7.216865539550781,1825
2004-06-08,9.288347244262695,9.288347244262695,9.117395401000977,9.22424030303955,7.295738220214844,3229
2004-06-09,9.259855270385742,9.259855270385742,9.259855270385742,9.259855270385742,7.323904514312744,1404
2004-06-10,9.14588737487793,9.430806159973145,9.124518394470215,9.274101257324219,7.335176467895508,2948
2004-06-14,9.722846984863281,9.722846984863281,9.580743789672852,9.715368270874023,7.684187889099121,2942
2004-06-15,9.715368270874023,10.223947525024414,9.670494079589844,10.007054328918457,7.914889812469482,3744
2004-06-16,10.007054328918457,10.007054328918457,10.007054328918457,10.007054328918457,7.914889812469482,0
2004-06-17,9.573265075683594,9.977136611938477,9.573265075683594,9.977136611938477,7.891226768493652,401
2004-06-18,9.98461627960205,9.98461627960205,9.573265075683594,9.573265075683594,7.571793556213379,6017
2004-06-21,10.036970138549805,10.470759391784668,9.98461627960205,9.98461627960205,7.8971452713012695,7488
2004-06-22,9.98461627960205,9.98461627960205,9.98461627960205,9.98461627960205,7.8971452713012695,0
2004-06-23,10.231427192687988,10.440841674804688,10.231427192687988,10.373530387878418,8.204743385314941,1872
2004-06-24,10.194031715393066,10.508153915405273,10.194031715393066,10.418404579162598,8.240238189697266,1738
2004-06-25,10.321176528930664,10.470759391784668,10.321176528930664,10.470759391784668,8.281651496887207,1872
2004-06-28,10.470759391784668,10.470759391784668,10.470759391784668,10.470759391784668,8.281651496887207,0
2004-06-29,10.470759391784668,10.470759391784668,10.470759391784668,10.470759391784668,8.281651496887207,0
2004-06-30,10.463279724121094,10.807318687438965,10.014533042907715,10.022011756896973,7.9267191886901855,7488
2004-07-01,10.403447151184082,10.403447151184082,9.775200843811035,9.775200843811035,7.731508731842041,1738
2004-07-02,9.775200843811035,9.775200843811035,9.775200843811035,9.775200843811035,7.731508731842041,0
2004-07-06,10.26882266998291,10.26882266998291,10.26882266998291,10.26882266998291,8.121928215026855,267
2004-07-07,10.096802711486816,10.096802711486816,10.074365615844727,10.089323997497559,7.979964733123779,2273
2004-07-08,10.074365615844727,10.074365615844727,10.074365615844727,10.074365615844727,7.968127727508545,1203
2004-07-09,10.074365615844727,10.074365615844727,10.074365615844727,10.074365615844727,7.968127727508545,0
2004-07-12,9.902345657348633,10.321176528930664,9.902345657348633,10.321176528930664,8.163339614868164,3343
2004-07-13,9.648056030273438,9.954700469970703,9.648056030273438,9.954700469970703,7.89636754989624,5215
2004-07-14,9.864951133728027,9.864951133728027,9.835034370422363,9.835034370422363,7.801443576812744,401
2004-07-15,10.096802711486816,10.208990097045898,9.745285034179688,9.797638893127441,7.771781921386719,2006
2004-07-16,9.722846984863281,9.939742088317871,9.274101257324219,9.939742088317871,7.884502410888672,4546
2004-07-19,9.932263374328613,9.932263374328613,9.610660552978516,9.625618934631348,7.635334014892578,4279
2004-07-20,9.550827980041504,9.663015365600586,9.550827980041504,9.663015365600586,7.664992809295654,4813
2004-07-21,9.722846984863281,9.722846984863281,9.722846984863281,9.722846984863281,7.712456226348877,267
2004-07-22,9.715368270874023,9.722846984863281,9.715368270874023,9.722846984863281,7.712456226348877,1337
2004-07-23,9.722846984863281,9.722846984863281,9.722846984863281,9.722846984863281,7.712456226348877,0
2004-07-26,9.752763748168945,9.752763748168945,9.745285034179688,9.745285034179688,7.730257034301758,1337
2004-07-27,9.745285034179688,9.745285034179688,9.745285034179688,9.745285034179688,7.730257034301758,0
2004-07-28,9.745285034179688,9.745285034179688,9.745285034179688,9.745285034179688,7.730257034301758,0
2004-07-29,9.535869598388672,9.8051176071167,9.535869598388672,9.8051176071167,7.777716159820557,1471
2004-07-30,9.790159225463867,9.790159225463867,9.543349266052246,9.543349266052246,7.570072650909424,1471
2004-08-02,9.558306694030762,9.558306694030762,9.348892211914062,9.558306694030762,7.58193826675415,3343
2004-08-03,9.558306694030762,9.558306694030762,9.558306694030762,9.558306694030762,7.58193826675415,401
2004-08-04,9.558306694030762,9.962179183959961,9.558306694030762,9.849991798400879,7.8133111000061035,2674
2004-08-05,9.849991798400879,9.849991798400879,9.849991798400879,9.849991798400879,7.8133111000061035,0
2004-08-06,9.565786361694336,9.565786361694336,9.348892211914062,9.348892211914062,7.415823936462402,1471
2004-08-09,9.348892211914062,9.348892211914062,9.348892211914062,9.348892211914062,7.415823936462402,0
2004-08-10,9.580743789672852,9.595703125,9.558306694030762,9.558306694030762,7.58193826675415,1203
2004-08-11,9.558306694030762,9.558306694030762,9.558306694030762,9.558306694030762,7.58193826675415,0
2004-08-12,9.558306694030762,9.558306694030762,9.558306694030762,9.558306694030762,7.58193826675415,669
2004-08-13,9.565786361694336,9.565786361694336,9.558306694030762,9.558306694030762,7.58193826675415,7889
2004-08-16,9.52091121673584,9.603181838989258,9.326454162597656,9.326454162597656,7.39802360534668,2139
2004-08-17,9.326454162597656,9.326454162597656,9.326454162597656,9.326454162597656,7.39802360534668,0
2004-08-18,9.318975448608398,9.318975448608398,9.318975448608398,9.318975448608398,7.39209508895874,401
2004-08-19,9.348892211914062,9.348892211914062,9.348892211914062,9.348892211914062,7.415823936462402,2674
2004-08-20,9.281579971313477,9.281579971313477,9.146956443786621,9.146956443786621,7.255642414093018,1070
2004-08-23,9.274101257324219,9.274101257324219,9.09460163116455,9.176872253417969,7.279371738433838,8022
2004-08-24,9.184350967407227,9.326454162597656,9.184350967407227,9.326454162597656,7.39802360534668,1872
2004-08-25,9.042247772216797,9.348892211914062,9.042247772216797,9.348892211914062,7.415823936462402,4546
2004-08-26,9.49847412109375,9.588223457336426,9.296538352966309,9.296538352966309,7.37429666519165,5883
2004-08-27,9.513431549072266,9.558306694030762,9.318975448608398,9.318975448608398,7.39209508895874,4145
2004-08-30,9.535869598388672,9.535869598388672,9.341412544250488,9.341412544250488,7.4098896980285645,936
2004-08-31,9.341412544250488,9.341412544250488,9.341412544250488,9.341412544250488,7.4098896980285645,0
2004-09-01,9.341412544250488,9.341412544250488,9.341412544250488,9.341412544250488,7.4098896980285645,0
2004-09-02,9.341412544250488,9.341412544250488,9.341412544250488,9.341412544250488,7.4098896980285645,0
2004-09-03,9.296538352966309,9.296538352966309,9.296538352966309,9.296538352966309,7.37429666519165,267
2004-09-07,9.304017066955566,9.304017066955566,9.296538352966309,9.304017066955566,7.3802266120910645,2674
2004-09-08,9.296538352966309,9.296538352966309,9.296538352966309,9.296538352966309,7.37429666519165,1471
2004-09-09,9.363849639892578,9.363849639892578,9.027290344238281,9.072164535522461,7.196314334869385,4813
2004-09-10,9.057206153869629,9.139476776123047,9.057206153869629,9.139476776123047,7.2497100830078125,1471
2004-09-13,9.184350967407227,9.229226112365723,9.184350967407227,9.229226112365723,7.3209004402160645,669
2004-09-14,9.229226112365723,9.229226112365723,9.229226112365723,9.229226112365723,7.3209004402160645,0
2004-09-15,9.229226112365723,9.229226112365723,9.229226112365723,9.229226112365723,7.3209004402160645,0
2004-09-16,9.049727439880371,9.049727439880371,8.982415199279785,8.982415199279785,7.125123500823975,1604
2004-09-17,8.982415199279785,9.304017066955566,8.982415199279785,9.289058685302734,7.368365287780762,2006
2004-09-20,8.922581672668457,9.124518394470215,8.451397895812988,8.974935531616211,7.119189262390137,20992
2004-09-21,8.713167190551758,9.087122917175293,8.713167190551758,9.087122917175293,7.2081804275512695,4813
2004-09-22,9.11703872680664,9.289058685302734,9.11703872680664,9.274101257324219,7.356499671936035,2139
2004-09-23,8.974935531616211,9.072164535522461,8.974935531616211,8.974935531616211,7.119189262390137,3075
2004-09-24,8.974935531616211,8.974935531616211,8.974935531616211,8.974935531616211,7.119189262390137,0
2004-09-27,8.974935531616211,9.131997108459473,8.974935531616211,9.131997108459473,7.243775844573975,2006
2004-09-28,9.057206153869629,9.199309349060059,9.057206153869629,9.199309349060059,7.297173500061035,10295
2004-09-29,9.21426773071289,9.244183540344238,9.21426773071289,9.244183540344238,7.332765579223633,1337
2004-09-30,9.23670482635498,9.23670482635498,9.23670482635498,9.23670482635498,7.326831817626953,401
2004-10-01,9.274101257324219,9.274101257324219,9.176872253417969,9.184350967407227,7.285306453704834,2407
2004-10-04,9.274101257324219,9.274101257324219,9.184350967407227,9.184350967407227,7.285306453704834,802
2004-10-05,9.184350967407227,9.184350967407227,9.184350967407227,9.184350967407227,7.285306453704834,0
2004-10-06,9.184350967407227,9.184350967407227,9.184350967407227,9.184350967407227,7.285306453704834,0
2004-10-07,9.176872253417969,9.266621589660645,9.176872253417969,9.266621589660645,7.3505635261535645,11499
2004-10-08,9.274101257324219,9.274101257324219,9.274101257324219,9.274101257324219,7.356499671936035,2674
2004-10-11,9.184350967407227,9.274101257324219,9.184350967407227,9.274101257324219,7.356499671936035,802
2004-10-12,9.274101257324219,9.274101257324219,9.274101257324219,9.274101257324219,7.356499671936035,802
2004-10-13,9.154435157775879,9.161913871765137,9.154435157775879,9.154435157775879,7.2850751876831055,2540
2004-10-14,9.154435157775879,9.154435157775879,8.989893913269043,8.989893913269043,7.154133319854736,1872
2004-10-15,8.974935531616211,8.974935531616211,8.974935531616211,8.974935531616211,7.1422295570373535,3343
2004-10-18,8.974935531616211,8.974935531616211,8.832833290100098,8.974935531616211,7.1422295570373535,3744
2004-10-19,9.146956443786621,9.146956443786621,8.974935531616211,8.974935531616211,7.1422295570373535,16446
2004-10-20,8.974935531616211,8.974935531616211,8.974935531616211,8.974935531616211,7.1422295570373535,2674
2004-10-21,8.974935531616211,8.974935531616211,8.974935531616211,8.974935531616211,7.1422295570373535,0
2004-10-22,9.049727439880371,9.049727439880371,8.974935531616211,9.049727439880371,7.20174503326416,2674
2004-10-25,9.146956443786621,9.251663208007812,9.146956443786621,9.23670482635498,7.350543022155762,2407
2004-10-26,9.23670482635498,9.348892211914062,9.23670482635498,9.274101257324219,7.380306720733643,9761
2004-10-27,8.974935531616211,9.191829681396484,8.974935531616211,9.191829681396484,7.314834117889404,1070
2004-10-28,8.974935531616211,8.974935531616211,8.974935531616211,8.974935531616211,7.1422295570373535,3744
2004-10-29,8.974935531616211,8.974935531616211,8.974935531616211,8.974935531616211,7.1422295570373535,669
2004-11-01,9.341412544250488,9.341412544250488,9.064684867858887,9.072164535522461,7.219602108001709,2273
2004-11-02,9.154435157775879,9.154435157775879,9.049727439880371,9.049727439880371,7.20174503326416,936
2004-11-03,8.974935531616211,8.974935531616211,8.974935531616211,8.974935531616211,7.1422295570373535,1203
2004-11-04,8.974935531616211,8.974935531616211,8.571063995361328,8.974935531616211,7.1422295570373535,16981
2004-11-05,8.982415199279785,9.11703872680664,8.765521049499512,9.11703872680664,7.255313873291016,2540
2004-11-08,8.7056884765625,8.937541007995605,8.7056884765625,8.937541007995605,7.112471103668213,2674
2004-11-09,9.131997108459473,9.131997108459473,8.937541007995605,8.937541007995605,7.112471103668213,2808
2004-11-10,9.004853248596191,9.004853248596191,8.930061340332031,8.974935531616211,7.1422295570373535,3877
2004-11-11,8.967456817626953,8.974935531616211,8.959978103637695,8.974935531616211,7.1422295570373535,2808
2004-11-12,8.974935531616211,8.974935531616211,8.974935531616211,8.974935531616211,7.1422295570373535,4011
2004-11-15,8.974935531616211,9.01233196258545,8.974935531616211,9.01233196258545,7.171993732452393,7086
2004-11-16,8.974935531616211,8.974935531616211,8.974935531616211,8.974935531616211,7.1422295570373535,802
2004-11-17,8.974935531616211,8.974935531616211,8.974935531616211,8.974935531616211,7.1422295570373535,0
2004-11-18,8.937541007995605,8.937541007995605,8.937541007995605,8.937541007995605,7.112471103668213,1604
2004-11-19,8.937541007995605,8.937541007995605,8.937541007995605,8.937541007995605,7.112471103668213,267
2004-11-22,9.004853248596191,9.004853248596191,8.974935531616211,8.974935531616211,7.1422295570373535,4145
2004-11-23,8.974935531616211,8.974935531616211,8.974935531616211,8.974935531616211,7.1422295570373535,267
2004-11-24,8.9973726272583,8.9973726272583,8.9973726272583,8.9973726272583,7.160085201263428,134
2004-11-26,8.9973726272583,8.9973726272583,8.9973726272583,8.9973726272583,7.160085201263428,802
2004-11-29,8.974935531616211,9.004853248596191,8.974935531616211,9.004853248596191,7.166037082672119,15777
2004-11-30,9.01233196258545,9.01233196258545,9.01233196258545,9.01233196258545,7.171993732452393,669
2004-12-01,8.974935531616211,8.974935531616211,8.974935531616211,8.974935531616211,7.1422295570373535,802
2004-12-02,8.974935531616211,8.974935531616211,8.974935531616211,8.974935531616211,7.1422295570373535,2808
2004-12-03,9.049727439880371,9.087122917175293,9.049727439880371,9.049727439880371,7.20174503326416,4546
2004-12-06,9.049727439880371,9.154435157775879,9.049727439880371,9.072164535522461,7.219602108001709,1738
2004-12-07,9.057206153869629,9.057206153869629,9.057206153869629,9.057206153869629,7.207699775695801,267
2004-12-08,9.019810676574707,9.049727439880371,9.01233196258545,9.049727439880371,7.20174503326416,5348
2004-12-09,9.01233196258545,9.01233196258545,9.01233196258545,9.01233196258545,7.171993732452393,134
2004-12-10,9.01233196258545,9.01233196258545,9.004853248596191,9.01233196258545,7.171993732452393,14173
2004-12-13,9.01233196258545,9.102081298828125,9.01233196258545,9.027290344238281,7.183895111083984,3075
2004-12-14,9.11703872680664,9.169392585754395,9.019810676574707,9.109560012817383,7.249363422393799,5348
2004-12-15,9.109560012817383,9.109560012817383,9.109560012817383,9.109560012817383,7.249363422393799,0
2004-12-16,9.109560012817383,9.109560012817383,9.049727439880371,9.049727439880371,7.20174503326416,2006
2004-12-17,9.049727439880371,9.049727439880371,9.049727439880371,9.049727439880371,7.20174503326416,535
2004-12-20,9.01233196258545,9.049727439880371,9.01233196258545,9.049727439880371,7.20174503326416,9493
2004-12-21,9.11703872680664,9.11703872680664,9.034769058227539,9.034769058227539,7.189845085144043,1872
2004-12-22,9.124518394470215,9.124518394470215,9.01233196258545,9.01233196258545,7.171993732452393,5482
2004-12-23,9.11703872680664,9.11703872680664,9.11703872680664,9.11703872680664,7.255313873291016,3610
2004-12-27,9.109560012817383,9.124518394470215,9.109560012817383,9.124518394470215,7.261266231536865,3877
2004-12-28,9.161913871765137,9.266621589660645,9.161913871765137,9.199309349060059,7.3207879066467285,8825
2004-12-29,9.161913871765137,9.176872253417969,9.161913871765137,9.176872253417969,7.302928447723389,3476
2004-12-30,9.199309349060059,9.199309349060059,9.199309349060059,9.199309349060059,7.3207879066467285,267
2004-12-31,9.199309349060059,9.872429847717285,9.199309349060059,9.573265075683594,7.618380546569824,19521
2005-01-03,9.535869598388672,9.730326652526855,9.535869598388672,9.670494079589844,7.695754051208496,3610
2005-01-04,9.543349266052246,9.580743789672852,9.535869598388672,9.580743789672852,7.624329090118408,2942
2005-01-05,9.535869598388672,9.648056030273438,9.535869598388672,9.648056030273438,7.677896976470947,2407
2005-01-06,9.64057731628418,9.715368270874023,9.64057731628418,9.70788860321045,7.725508689880371,2273
2005-01-07,9.573265075683594,9.663015365600586,9.573265075683594,9.655534744262695,7.683846950531006,2540
2005-01-10,10.134199142456055,10.246384620666504,10.134199142456055,10.246384620666504,8.154046058654785,1337
2005-01-11,9.909825325012207,10.455801010131836,9.894866943359375,10.455801010131836,8.320694923400879,4011
2005-01-12,10.425884246826172,10.425884246826172,10.425884246826172,10.425884246826172,8.320694923400879,0
2005-01-13,10.425884246826172,10.425884246826172,10.425884246826172,10.425884246826172,8.320694923400879,0
2005-01-14,10.096802711486816,10.119239807128906,10.096802711486816,10.119239807128906,8.075969696044922,1872
2005-01-18,9.879908561706543,9.887388229370117,9.849991798400879,9.849991798400879,7.861090183258057,669
2005-01-19,9.849991798400879,9.849991798400879,9.849991798400879,9.849991798400879,7.861090183258057,0
2005-01-20,9.835034370422363,9.849991798400879,9.722846984863281,9.722846984863281,7.759614944458008,5749
2005-01-21,9.722846984863281,9.722846984863281,9.722846984863281,9.722846984863281,7.759614944458008,0
2005-01-24,9.722846984863281,9.722846984863281,9.513431549072266,9.513431549072266,7.5924835205078125,669
2005-01-25,9.670494079589844,9.670494079589844,9.610660552978516,9.610660552978516,7.670083522796631,4412
2005-01-26,9.692931175231934,9.715368270874023,9.692931175231934,9.715368270874023,7.753649711608887,669
2005-01-27,9.610660552978516,9.610660552978516,9.610660552978516,9.610660552978516,7.670083522796631,669
2005-01-28,9.677972793579102,9.677972793579102,9.543349266052246,9.543349266052246,7.616362571716309,9226
2005-01-31,9.580743789672852,9.685452461242676,9.363849639892578,9.423683166503906,7.52086067199707,15376
2005-02-01,9.348892211914062,9.565786361694336,9.348892211914062,9.49847412109375,7.580547332763672,4813
2005-02-02,9.423683166503906,9.423683166503906,9.423683166503906,9.423683166503906,7.52086067199707,1604
2005-02-03,9.431161880493164,9.431161880493164,9.423683166503906,9.423683166503906,7.52086067199707,4680
2005-02-04,9.431161880493164,9.438640594482422,9.423683166503906,9.438640594482422,7.532796382904053,1203
2005-02-07,9.438640594482422,9.483515739440918,9.401246070861816,9.483515739440918,7.568612098693848,11900
2005-02-08,9.01233196258545,9.490995407104492,9.01233196258545,9.468558311462402,7.556674480438232,11231
2005-02-09,9.401246070861816,9.461077690124512,9.386286735534668,9.461077690124512,7.550705909729004,5215
2005-02-10,9.461077690124512,9.461077690124512,9.461077690124512,9.461077690124512,7.550705909729004,0
2005-02-11,9.47603702545166,9.483515739440918,9.423683166503906,9.483515739440918,7.568612098693848,1738
2005-02-14,9.386286735534668,9.401246070861816,9.386286735534668,9.401246070861816,7.50295352935791,1872
2005-02-15,9.461077690124512,9.535869598388672,9.453598976135254,9.453598976135254,7.544734477996826,4412
2005-02-16,9.416204452514648,9.416204452514648,9.393766403198242,9.393766403198242,7.496987342834473,2139
2005-02-17,9.393766403198242,9.461077690124512,9.386286735534668,9.386286735534668,7.4910149574279785,7755
2005-02-18,9.386286735534668,9.386286735534668,9.386286735534668,9.386286735534668,7.4910149574279785,401
2005-02-22,9.461077690124512,9.461077690124512,9.161913871765137,9.161913871765137,7.311947822570801,4412
2005-02-23,9.23670482635498,9.23670482635498,8.974935531616211,9.124518394470215,7.282100677490234,936
2005-02-24,9.109560012817383,9.109560012817383,8.974935531616211,8.974935531616211,7.162724018096924,4813
2005-02-25,8.974935531616211,9.064684867858887,8.974935531616211,8.974935531616211,7.162724018096924,936
2005-02-28,8.974935531616211,8.974935531616211,8.974935531616211,8.974935531616211,7.162724018096924,5348
2005-03-01,9.109560012817383,9.109560012817383,8.974935531616211,8.974935531616211,7.162724018096924,7086
2005-03-02,8.974935531616211,8.974935531616211,8.974935531616211,8.974935531616211,7.162724018096924,0
2005-03-03,8.974935531616211,8.974935531616211,8.974935531616211,8.974935531616211,7.162724018096924,0
2005-03-04,8.974935531616211,8.974935531616211,8.974935531616211,8.974935531616211,7.162724018096924,0
2005-03-07,8.974935531616211,8.974935531616211,8.974935531616211,8.974935531616211,7.162724018096924,14975
2005-03-08,8.974935531616211,9.139476776123047,8.974935531616211,8.974935531616211,7.162724018096924,8423
2005-03-09,8.989893913269043,9.289058685302734,8.974935531616211,9.049727439880371,7.222413063049316,2540
2005-03-10,9.01233196258545,9.01233196258545,8.974935531616211,8.974935531616211,7.162724018096924,3744
2005-03-11,9.01233196258545,9.01233196258545,9.01233196258545,9.01233196258545,7.192568778991699,3075
2005-03-14,9.169392585754395,9.169392585754395,9.049727439880371,9.124518394470215,7.282100677490234,4680
2005-03-15,9.124518394470215,9.124518394470215,9.124518394470215,9.124518394470215,7.282100677490234,0
2005-03-16,9.01233196258545,9.042247772216797,9.01233196258545,9.042247772216797,7.216442584991455,2407
2005-03-17,9.087122917175293,9.087122917175293,9.087122917175293,9.087122917175293,7.252257823944092,134
2005-03-18,8.982415199279785,8.982415199279785,8.982415199279785,8.982415199279785,7.168695449829102,535
2005-03-21,9.042247772216797,9.042247772216797,8.974935531616211,8.974935531616211,7.162724018096924,936
2005-03-22,9.042247772216797,9.087122917175293,8.982415199279785,9.087122917175293,7.252257823944092,5081
2005-03-23,9.01233196258545,9.049727439880371,8.974935531616211,8.989893913269043,7.174661159515381,4813
2005-03-24,8.989893913269043,8.989893913269043,8.989893913269043,8.989893913269043,7.174661159515381,0
2005-03-28,8.974935531616211,8.974935531616211,8.974935531616211,8.974935531616211,7.162724018096924,2808
2005-03-29,8.974935531616211,8.974935531616211,8.974935531616211,8.974935531616211,7.162724018096924,0
2005-03-30,9.01233196258545,9.01233196258545,9.01233196258545,9.01233196258545,7.192568778991699,936
2005-03-31,9.229226112365723,9.229226112365723,8.974935531616211,8.974935531616211,7.162724018096924,7621
2005-04-01,8.974935531616211,9.049727439880371,8.974935531616211,9.042247772216797,7.216442584991455,7220
2005-04-04,8.974935531616211,9.087122917175293,8.959978103637695,8.959978103637695,7.150787830352783,18986
2005-04-05,9.004853248596191,9.124518394470215,9.004853248596191,9.004853248596191,7.186600685119629,5081
2005-04-06,9.01233196258545,9.01233196258545,9.004853248596191,9.004853248596191,7.186600685119629,2006
2005-04-07,9.296538352966309,9.296538352966309,8.959978103637695,8.974935531616211,7.162724018096924,8022
2005-04-08,8.974935531616211,8.974935531616211,8.974935531616211,8.974935531616211,7.162724018096924,0
2005-04-11,8.974935531616211,8.974935531616211,8.526188850402832,8.974935531616211,7.162724018096924,7354
2005-04-12,8.974935531616211,8.974935531616211,8.974935531616211,8.974935531616211,7.162724018096924,0
2005-04-13,8.974935531616211,9.042247772216797,8.974935531616211,8.974935531616211,7.186678886413574,7621
2005-04-14,8.937541007995605,9.01233196258545,8.862749099731445,8.982415199279785,7.192670822143555,1872
2005-04-15,8.974935531616211,8.974935531616211,8.974935531616211,8.974935531616211,7.186678886413574,1872
2005-04-18,8.974935531616211,8.974935531616211,8.713167190551758,8.900144577026367,7.126786708831787,13905
2005-04-19,8.900144577026367,8.982415199279785,8.645854949951172,8.974935531616211,7.186678886413574,16847
2005-04-20,8.974935531616211,9.087122917175293,8.758042335510254,8.974935531616211,7.186678886413574,6418
2005-04-21,8.974935531616211,8.989893913269043,8.974935531616211,8.974935531616211,7.186678886413574,401
2005-04-22,8.952499389648438,8.952499389648438,8.952499389648438,8.952499389648438,7.168712615966797,535
2005-04-25,8.952499389648438,8.974935531616211,8.75056266784668,8.758042335510254,7.01300048828125,8691
2005-04-26,8.758042335510254,8.840312004089355,8.75056266784668,8.840312004089355,7.078879356384277,15777
2005-04-27,8.832833290100098,8.840312004089355,8.832833290100098,8.832833290100098,7.0728888511657715,1070
2005-04-28,8.832833290100098,8.840312004089355,8.832833290100098,8.840312004089355,7.078879356384277,267
2005-04-29,8.840312004089355,8.840312004089355,8.840312004089355,8.840312004089355,7.078879356384277,0
2005-05-02,8.9151029586792,8.9151029586792,8.787958145141602,8.787958145141602,7.036956787109375,4813
2005-05-03,8.765521049499512,8.765521049499512,8.638376235961914,8.638376235961914,6.917179107666016,2273
2005-05-04,8.638376235961914,8.638376235961914,8.638376235961914,8.638376235961914,6.917179107666016,1070
2005-05-05,8.713167190551758,8.713167190551758,8.600979804992676,8.675771713256836,6.947124004364014,1203
2005-05-06,8.825353622436523,8.825353622436523,8.600979804992676,8.817874908447266,7.060915470123291,2139
2005-05-09,8.600979804992676,8.615939140319824,8.451397895812988,8.615939140319824,6.899214267730713,23666
2005-05-10,8.728124618530273,8.728124618530273,8.56358528137207,8.600979804992676,6.887233257293701,8958
2005-05-11,8.488794326782227,8.511231422424316,7.927859783172607,8.488794326782227,6.797402381896973,17248
2005-05-12,8.488794326782227,8.488794326782227,8.488794326782227,8.488794326782227,6.797402381896973,0
2005-05-13,9.348892211914062,9.348892211914062,8.077442169189453,8.608460426330566,6.893224716186523,16713
2005-05-16,8.780479431152344,8.787958145141602,8.503751754760742,8.503751754760742,6.809378623962402,5081
2005-05-17,8.496273040771484,8.571063995361328,8.496273040771484,8.496273040771484,6.8033881187438965,936
2005-05-18,8.526188850402832,8.600979804992676,8.488794326782227,8.600979804992676,6.887233257293701,23265
2005-05-19,8.713167190551758,8.713167190551758,8.600979804992676,8.608460426330566,6.893224716186523,21660
2005-05-20,8.608460426330566,8.862749099731445,8.608460426330566,8.862749099731445,7.096846103668213,2540
2005-05-23,8.660813331604004,8.922581672668457,8.660813331604004,8.900144577026367,7.126786708831787,2942
2005-05-24,8.885187149047852,9.139476776123047,8.885187149047852,9.034769058227539,7.2345871925354,13103
2005-05-25,8.937541007995605,8.937541007995605,8.937541007995605,8.937541007995605,7.156736850738525,1203
2005-05-26,8.937541007995605,8.937541007995605,8.937541007995605,8.937541007995605,7.156736850738525,0
2005-05-27,9.049727439880371,9.161913871765137,9.049727439880371,9.057206153869629,7.252553939819336,2674
2005-05-31,9.161913871765137,9.161913871765137,9.161913871765137,9.161913871765137,7.336400508880615,535
2005-06-01,9.161913871765137,9.244183540344238,9.161913871765137,9.229226112365723,7.390298843383789,5081
2005-06-02,9.057206153869629,9.161913871765137,9.057206153869629,9.087122917175293,7.276513576507568,4813
2005-06-03,9.01233196258545,9.221747398376465,8.937541007995605,9.139476776123047,7.318435192108154,3476
2005-06-06,9.139476776123047,9.139476776123047,9.139476776123047,9.139476776123047,7.318435192108154,0
2005-06-07,8.937541007995605,8.937541007995605,8.937541007995605,8.937541007995605,7.156736850738525,2407
2005-06-08,9.102081298828125,9.102081298828125,9.102081298828125,9.102081298828125,7.288491249084473,267
2005-06-09,9.087122917175293,9.251663208007812,8.945019721984863,8.945019721984863,7.162723064422607,3209
2005-06-10,9.102081298828125,9.102081298828125,9.102081298828125,9.102081298828125,7.288491249084473,267
2005-06-13,9.4158296585083,9.4158296585083,9.400123596191406,9.400123596191406,7.5271477699279785,891
2005-06-14,9.722100257873535,9.729952812194824,9.400123596191406,9.423683166503906,7.54601526260376,2292
2005-06-15,9.502214431762695,9.502214431762695,9.345151901245117,9.502214431762695,7.608896732330322,1401
2005-06-16,9.502214431762695,9.502214431762695,9.502214431762695,9.502214431762695,7.608896732330322,0
2005-06-17,9.423683166503906,9.423683166503906,9.423683166503906,9.423683166503906,7.54601526260376,255
2005-06-20,9.407977104187012,9.423683166503906,9.400123596191406,9.423683166503906,7.54601526260376,3565
2005-06-21,9.502214431762695,9.502214431762695,9.49436092376709,9.502214431762695,7.608896732330322,1655
2005-06-22,9.502214431762695,9.729952812194824,9.384417533874512,9.729952812194824,7.791259765625,1783
2005-06-23,9.462947845458984,9.462947845458984,9.462947845458984,9.462947845458984,7.577455043792725,1655
2005-06-24,9.462947845458984,9.462947845458984,9.462947845458984,9.462947845458984,7.577455043792725,0
2005-06-27,9.384417533874512,9.384417533874512,9.384417533874512,9.384417533874512,7.514570713043213,127
2005-06-28,9.4158296585083,9.4158296585083,9.4158296585083,9.4158296585083,7.539721488952637,1528
2005-06-29,9.392271041870117,9.392271041870117,9.384417533874512,9.384417533874512,7.514570713043213,255
2005-06-30,9.305887222290039,9.392271041870117,9.305887222290039,9.392271041870117,7.520861625671387,255
2005-07-01,9.345151901245117,9.345151901245117,9.345151901245117,9.345151901245117,7.483129024505615,127
2005-07-05,9.392271041870117,9.392271041870117,9.392271041870117,9.392271041870117,7.520861625671387,382
2005-07-06,9.423683166503906,9.620010375976562,9.423683166503906,9.620010375976562,7.703222751617432,2292
2005-07-07,9.478653907775879,9.478653907775879,9.27447509765625,9.44724178314209,7.564877033233643,1401
2005-07-08,9.282327651977539,9.612156867980957,9.282327651977539,9.612156867980957,7.696933269500732,1528
2005-07-11,9.620010375976562,9.620010375976562,9.620010375976562,9.620010375976562,7.703222751617432,382
2005-07-12,9.620010375976562,9.620010375976562,9.620010375976562,9.620010375976562,7.703222751617432,0
2005-07-13,9.580743789672852,9.580743789672852,9.031028747558594,9.070295333862305,7.29280424118042,3183
2005-07-14,9.038883209228516,9.109560012817383,9.038883209228516,9.109560012817383,7.324373245239258,764
2005-07-15,9.580743789672852,9.580743789672852,9.368711471557617,9.49436092376709,7.63376522064209,7895
2005-07-18,9.557185173034668,9.557185173034668,9.462947845458984,9.510066986083984,7.646391868591309,891
2005-07-19,9.549331665039062,9.557185173034668,9.4158296585083,9.462947845458984,7.6085100173950195,764
2005-07-20,9.462947845458984,9.462947845458984,9.462947845458984,9.462947845458984,7.6085100173950195,0
2005-07-21,9.305887222290039,9.549331665039062,9.235209465026855,9.549331665039062,7.677967071533203,2165
2005-07-22,9.502214431762695,9.502214431762695,9.4393892288208,9.4393892288208,7.589566707611084,1146
2005-07-25,9.502214431762695,9.502214431762695,9.502214431762695,9.502214431762695,7.64008092880249,637
2005-07-26,9.620010375976562,9.620010375976562,9.321593284606934,9.423683166503906,7.576941013336182,4457
2005-07-27,9.620010375976562,9.620010375976562,9.431535720825195,9.431535720825195,7.583255290985107,2292
2005-07-28,9.580743789672852,9.580743789672852,9.235209465026855,9.337299346923828,7.507486820220947,2419
2005-07-29,9.337299346923828,9.337299346923828,9.337299346923828,9.337299346923828,7.507486820220947,0
2005-08-01,9.580743789672852,9.580743789672852,9.423683166503906,9.533625602722168,7.665336608886719,3056
2005-08-02,9.620010375976562,9.620010375976562,9.431535720825195,9.533625602722168,7.665336608886719,2801
2005-08-03,9.376564025878906,9.423683166503906,9.235209465026855,9.235209465026855,7.425403118133545,2419
2005-08-04,9.305887222290039,9.305887222290039,8.936793327331543,9.031028747558594,7.261235237121582,4966
2005-08-05,8.98391056060791,9.49436092376709,8.952499389648438,9.49436092376709,7.63376522064209,2929
2005-08-08,9.502214431762695,9.517919540405273,9.49436092376709,9.510066986083984,7.646391868591309,3056
2005-08-09,9.580743789672852,9.580743789672852,9.580743789672852,9.580743789672852,7.703222751617432,382
2005-08-10,9.462947845458984,9.620010375976562,9.462947845458984,9.533625602722168,7.665336608886719,8659
2005-08-11,9.533625602722168,9.533625602722168,9.533625602722168,9.533625602722168,7.665336608886719,0
2005-08-12,9.195943832397461,9.195943832397461,9.195943832397461,9.195943832397461,7.3938307762146,637
2005-08-15,9.078147888183594,9.188091278076172,9.031028747558594,9.188091278076172,7.387513160705566,1401
2005-08-16,9.22735595703125,9.22735595703125,9.22735595703125,9.22735595703125,7.4190850257873535,637
2005-08-17,9.22735595703125,9.22735595703125,9.22735595703125,9.22735595703125,7.4190850257873535,0
2005-08-18,9.188091278076172,9.188091278076172,9.188091278076172,9.188091278076172,7.387513160705566,509
2005-08-19,9.109560012817383,9.517919540405273,9.109560012817383,9.337299346923828,7.507486820220947,4839
2005-08-22,9.517919540405273,9.572891235351562,9.517919540405273,9.572891235351562,7.696905136108398,509
2005-08-23,9.572891235351562,9.580743789672852,9.572891235351562,9.572891235351562,7.696905136108398,1401
2005-08-24,9.620010375976562,9.706393241882324,9.620010375976562,9.706393241882324,7.804250240325928,3056
2005-08-25,9.73780632019043,9.800629615783691,9.706393241882324,9.706393241882324,7.804250240325928,2547
2005-08-26,9.706393241882324,9.706393241882324,9.706393241882324,9.706393241882324,7.804250240325928,3693
2005-08-29,9.706393241882324,9.714245796203613,9.706393241882324,9.706393241882324,7.804250240325928,6876
2005-08-30,9.73780632019043,9.761364936828613,9.706393241882324,9.722100257873535,7.8168768882751465,5348
2005-08-31,9.722100257873535,9.816335678100586,9.706393241882324,9.792777061462402,7.873705863952637,9932
2005-09-01,9.816335678100586,9.824189186096191,9.816335678100586,9.816335678100586,7.892642021179199,5348
2005-09-02,9.816335678100586,9.816335678100586,9.816335678100586,9.816335678100586,7.892642021179199,0
2005-09-06,9.816335678100586,9.816335678100586,9.816335678100586,9.816335678100586,7.892642021179199,2547
2005-09-07,9.926279067993164,9.965544700622559,9.926279067993164,9.965544700622559,8.012614250183105,1019
2005-09-08,9.934131622314453,9.989104270935059,9.926279067993164,9.926279067993164,7.9810404777526855,2801
2005-09-09,10.012662887573242,10.012662887573242,10.004810333251953,10.012662887573242,8.050498008728027,4075
2005-09-12,10.193284034729004,10.201136589050293,10.193284034729004,10.201136589050293,8.202037811279297,764
2005-09-13,10.208990097045898,10.208990097045898,9.777070999145508,9.784923553466797,7.867390155792236,14389
2005-09-14,9.894866943359375,9.941985130310059,9.83204174041748,9.83204174041748,7.905272006988525,3948
2005-09-15,9.83204174041748,9.83204174041748,9.83204174041748,9.83204174041748,7.905272006988525,0
2005-09-16,9.706393241882324,9.800629615783691,9.706393241882324,9.800629615783691,7.880013942718506,3056
2005-09-19,10.169724464416504,10.169724464416504,9.800629615783691,9.800629615783691,7.880013942718506,1910
2005-09-20,9.792777061462402,9.894866943359375,9.792777061462402,9.792777061462402,7.873705863952637,4712
2005-09-21,9.847748756408691,10.208990097045898,9.800629615783691,9.800629615783691,7.880013942718506,11078
2005-09-22,9.800629615783691,9.800629615783691,9.800629615783691,9.800629615783691,7.880013942718506,0
2005-09-23,9.800629615783691,9.800629615783691,9.800629615783691,9.800629615783691,7.880013942718506,0
2005-09-26,9.855602264404297,9.855602264404297,9.816335678100586,9.816335678100586,7.892642021179199,1401
2005-09-27,9.792777061462402,9.816335678100586,9.792777061462402,9.792777061462402,7.873705863952637,1910
2005-09-28,9.792777061462402,9.792777061462402,9.792777061462402,9.792777061462402,7.873705863952637,0
2005-09-29,9.792777061462402,9.792777061462402,9.792777061462402,9.792777061462402,7.873705863952637,0
2005-09-30,10.224696159362793,10.224696159362793,10.224696159362793,10.224696159362793,8.22098159790039,255
2005-10-03,10.224696159362793,10.287520408630371,10.224696159362793,10.224696159362793,8.22098159790039,509
2005-10-04,10.224696159362793,10.224696159362793,9.847748756408691,9.847748756408691,7.917901992797852,2929
2005-10-05,10.208990097045898,10.208990097045898,10.208990097045898,10.208990097045898,8.208353042602539,509
2005-10-06,9.83204174041748,10.09904670715332,9.83204174041748,9.83204174041748,7.905272006988525,6367
2005-10-07,9.816335678100586,9.816335678100586,9.816335678100586,9.816335678100586,7.892642021179199,1528
2005-10-10,10.169724464416504,10.169724464416504,9.894866943359375,9.894866943359375,7.9557881355285645,1019
2005-10-11,10.012662887573242,10.012662887573242,10.012662887573242,10.012662887573242,8.050498008728027,1273
2005-10-12,10.004810333251953,10.004810333251953,9.894866943359375,9.894866943359375,7.98710823059082,1528
2005-10-13,9.894866943359375,9.894866943359375,9.894866943359375,9.894866943359375,7.98710823059082,0
2005-10-14,9.894866943359375,9.894866943359375,9.894866943359375,9.894866943359375,7.98710823059082,0
2005-10-17,10.201136589050293,10.201136589050293,9.894866943359375,9.894866943359375,7.98710823059082,637
2005-10-18,9.894866943359375,9.894866943359375,9.83204174041748,9.839896202087402,7.942736625671387,764
2005-10-19,9.777070999145508,9.792777061462402,9.777070999145508,9.792777061462402,7.9047040939331055,4457
2005-10-20,10.13045883178711,10.13045883178711,9.816335678100586,9.816335678100586,7.9237165451049805,382
2005-10-21,9.816335678100586,9.816335678100586,9.816335678100586,9.816335678100586,7.9237165451049805,0
2005-10-24,10.012662887573242,10.012662887573242,10.012662887573242,10.012662887573242,8.082192420959473,4712
2005-10-25,10.161870956420898,10.161870956420898,9.855602264404297,9.863454818725586,7.9617509841918945,2547
2005-10-26,9.816335678100586,9.855602264404297,9.816335678100586,9.855602264404297,7.955411434173584,891
2005-10-27,9.973398208618164,10.13045883178711,9.973398208618164,10.13045883178711,8.177279472351074,637
2005-10-28,10.044075012207031,10.114752769470215,10.044075012207031,10.114752769470215,8.16459846496582,1146
2005-10-31,10.201136589050293,10.37390422821045,10.059781074523926,10.161870956420898,8.202632904052734,4839
2005-11-01,10.161870956420898,10.208990097045898,10.114752769470215,10.17757797241211,8.215312957763672,3565
2005-11-02,10.17757797241211,10.17757797241211,10.17757797241211,10.17757797241211,8.215312957763672,0
2005-11-03,9.934131622314453,10.279666900634766,9.934131622314453,10.161870956420898,8.202632904052734,2292
2005-11-04,10.358198165893555,10.358198165893555,10.114752769470215,10.114752769470215,8.16459846496582,3183
2005-11-07,10.114752769470215,10.114752769470215,10.114752769470215,10.114752769470215,8.16459846496582,0
2005-11-08,10.326786041259766,10.366050720214844,10.326786041259766,10.366050720214844,8.36744213104248,1146
2005-11-09,10.366050720214844,10.499552726745605,10.248254776000977,10.444581985473633,8.430835723876953,1273
2005-11-10,10.507406234741211,10.523113250732422,10.444581985473633,10.444581985473633,8.430835723876953,2037
2005-11-11,10.5152587890625,10.601642608642578,10.507406234741211,10.601642608642578,8.55761432647705,2292
2005-11-14,10.601642608642578,10.601642608642578,10.31893253326416,10.405317306518555,8.399141311645508,1910
2005-11-15,10.405317306518555,10.78226375579834,10.405317306518555,10.78226375579834,8.703409194946289,1401
2005-11-16,10.758705139160156,10.758705139160156,10.366050720214844,10.366050720214844,8.36744213104248,255
2005-11-17,10.680173873901367,10.758705139160156,10.444581985473633,10.664467811584473,8.608328819274902,5603
2005-11-18,10.413169860839844,10.672321319580078,10.397462844848633,10.460288047790527,8.443513870239258,5221
2005-11-21,10.334638595581055,10.609496116638184,10.208990097045898,10.5152587890625,8.487883567810059,3820
2005-11-22,10.546671867370605,10.633055686950684,10.428875923156738,10.633055686950684,8.582972526550293,3693
2005-11-23,10.287520408630371,10.986444473266602,10.287520408630371,10.72729206085205,8.659038543701172,3565
2005-11-25,10.72729206085205,10.72729206085205,10.72729206085205,10.72729206085205,8.659038543701172,0
2005-11-28,10.986444473266602,11.19062328338623,10.80582332611084,10.80582332611084,8.722430229187012,4966
2005-11-29,10.900059700012207,10.900059700012207,10.900059700012207,10.900059700012207,8.79849624633789,127
2005-11-30,10.900059700012207,10.900059700012207,10.900059700012207,10.900059700012207,8.79849624633789,382
2005-12-01,10.797969818115234,11.174917221069336,10.405317306518555,10.680173873901367,8.621006965637207,5858
2005-12-02,10.986444473266602,10.986444473266602,10.546671867370605,10.546671867370605,8.5132417678833,255
2005-12-05,10.546671867370605,10.546671867370605,10.546671867370605,10.546671867370605,8.5132417678833,0
2005-12-06,10.680173873901367,10.852940559387207,10.326786041259766,10.601642608642578,8.55761432647705,12352
2005-12-07,10.601642608642578,10.601642608642578,10.444581985473633,10.570231437683105,8.532258033752441,5094
2005-12-08,10.852940559387207,10.852940559387207,10.852940559387207,10.852940559387207,8.76046085357666,255
2005-12-09,10.680173873901367,10.680173873901367,10.680173873901367,10.680173873901367,8.621006965637207,1146
2005-12-12,10.680173873901367,10.845088005065918,10.680173873901367,10.845088005065918,8.754122734069824,1910
2005-12-13,10.845088005065918,10.845088005065918,10.845088005065918,10.845088005065918,8.754122734069824,0
2005-12-14,10.845088005065918,10.845088005065918,10.845088005065918,10.845088005065918,8.754122734069824,0
2005-12-15,10.845088005065918,10.845088005065918,10.845088005065918,10.845088005065918,8.754122734069824,0
2005-12-16,10.688027381896973,10.688027381896973,10.680173873901367,10.680173873901367,8.621006965637207,2801
2005-12-19,10.915765762329102,10.915765762329102,10.680173873901367,10.860795021057129,8.766801834106445,3311
2005-12-20,10.232548713684082,10.530965805053711,10.208990097045898,10.530965805053711,8.500564575195312,12607
2005-12-21,10.915765762329102,10.915765762329102,10.680173873901367,10.688027381896973,8.627344131469727,2929
2005-12-22,10.955031394958496,10.955031394958496,10.680173873901367,10.680173873901367,8.621006965637207,255
2005-12-23,10.680173873901367,10.892207145690918,10.680173873901367,10.892207145690918,8.792156219482422,509
2005-12-27,10.986444473266602,10.986444473266602,10.680173873901367,10.680173873901367,8.621006965637207,891
2005-12-28,10.523113250732422,10.570231437683105,10.523113250732422,10.570231437683105,8.532258033752441,1655
2005-12-29,10.680173873901367,10.680173873901367,10.680173873901367,10.680173873901367,8.621006965637207,382
2005-12-30,10.680173873901367,11.017855644226074,10.680173873901367,10.99429702758789,8.87456226348877,3948
2006-01-03,11.316272735595703,11.316272735595703,10.915765762329102,10.931471824645996,8.823851585388184,1528
2006-01-04,10.797969818115234,10.923619270324707,10.797969818115234,10.923619270324707,8.817516326904297,1019
2006-01-05,10.923619270324707,10.923619270324707,10.923619270324707,10.923619270324707,8.817516326904297,0
2006-01-06,11.033561706542969,11.033561706542969,10.915765762329102,10.915765762329102,8.811178207397461,27633
2006-01-09,10.915765762329102,10.915765762329102,10.797969818115234,10.907913208007812,8.804835319519043,5985
2006-01-10,10.837235450744629,10.978590965270996,10.837235450744629,10.978590965270996,8.861884117126465,255
2006-01-11,10.978590965270996,10.978590965270996,10.978590965270996,10.978590965270996,8.893692016601562,0
2006-01-12,11.033561706542969,11.033561706542969,10.837235450744629,10.837235450744629,8.779183387756348,1655
2006-01-13,10.99429702758789,10.99429702758789,10.99429702758789,10.99429702758789,8.906418800354004,891
2006-01-17,10.99429702758789,10.99429702758789,10.915765762329102,10.955031394958496,8.874608039855957,37310
2006-01-18,10.719438552856445,10.907913208007812,10.719438552856445,10.907913208007812,8.83643627166748,2037
2006-01-19,10.837235450744629,10.876501083374023,10.837235450744629,10.876501083374023,8.810991287231445,764
2006-01-20,10.955031394958496,10.955031394958496,10.955031394958496,10.955031394958496,8.874608039855957,382
2006-01-23,10.955031394958496,10.955031394958496,10.955031394958496,10.955031394958496,8.874608039855957,0
2006-01-24,10.955031394958496,10.99429702758789,10.955031394958496,10.99429702758789,8.906418800354004,764
2006-01-25,10.99429702758789,11.104240417480469,10.915765762329102,10.99429702758789,8.906418800354004,27760
2006-01-26,10.99429702758789,10.99429702758789,10.99429702758789,10.99429702758789,8.906418800354004,3438
2006-01-27,11.00214958190918,11.00214958190918,10.99429702758789,10.99429702758789,8.906418800354004,5221
2006-01-30,10.986444473266602,11.104240417480469,10.955031394958496,11.064973831176758,8.963672637939453,1019
2006-01-31,10.99429702758789,11.064973831176758,10.99429702758789,11.064973831176758,8.963672637939453,2292
2006-02-01,11.072827339172363,11.112092971801758,11.072827339172363,11.112092971801758,9.00184154510498,1783
2006-02-02,11.771751403808594,11.771751403808594,11.19062328338623,11.19062328338623,9.065459251403809,4966
2006-02-03,11.19062328338623,11.19062328338623,11.19062328338623,11.19062328338623,9.065459251403809,0
2006-02-06,11.449774742126465,11.45762825012207,11.206330299377441,11.206330299377441,9.0781888961792,3565
2006-02-07,11.24559497833252,11.669660568237305,11.24559497833252,11.669660568237305,9.453527450561523,2165
2006-02-08,11.771751403808594,11.771751403808594,11.701072692871094,11.740338325500488,9.510783195495605,5985
2006-02-09,11.732484817504883,11.732484817504883,11.732484817504883,11.732484817504883,9.504419326782227,127
2006-02-10,11.583276748657227,11.614688873291016,11.583276748657227,11.614688873291016,9.408997535705566,1019
2006-02-13,11.583276748657227,11.7089262008667,11.583276748657227,11.7089262008667,9.485334396362305,2292
2006-02-14,11.583276748657227,11.748190879821777,11.583276748657227,11.748190879821777,9.517143249511719,1273
2006-02-15,11.583276748657227,11.646100997924805,11.583276748657227,11.646100997924805,9.434441566467285,1019
2006-02-16,11.646100997924805,11.646100997924805,11.646100997924805,11.646100997924805,9.434441566467285,0
2006-02-17,11.583276748657227,11.583276748657227,11.583276748657227,11.583276748657227,9.383543968200684,1146
2006-02-21,11.583276748657227,11.67751407623291,11.583276748657227,11.583276748657227,9.383543968200684,4075
2006-02-22,11.583276748657227,11.975930213928223,11.583276748657227,11.975930213928223,9.701631546020508,14007
2006-02-23,11.92095947265625,11.944518089294434,11.913105964660645,11.913105964660645,9.650740623474121,1019
2006-02-24,11.591130256652832,11.968076705932617,11.591130256652832,11.968076705932617,9.695272445678711,1528
2006-02-27,11.936664581298828,11.968076705932617,11.87384033203125,11.87384033203125,9.618934631347656,1273
2006-02-28,11.858134269714355,11.960224151611328,11.858134269714355,11.858134269714355,9.606208801269531,4330
2006-03-01,11.936664581298828,11.936664581298828,11.858134269714355,11.858134269714355,9.606208801269531,2674
2006-03-02,11.716778755187988,12.172257423400879,11.716778755187988,12.172257423400879,9.860676765441895,5858
2006-03-03,12.290053367614746,13.326658248901367,12.290053367614746,13.263833999633789,10.744956016540527,3311
2006-03-06,13.35021686553955,13.35021686553955,12.706266403198242,13.342364311218262,10.808572769165039,3693
2006-03-07,13.310952186584473,13.310952186584473,13.051800727844238,13.051800727844238,10.57319164276123,4966
2006-03-08,13.326658248901367,13.326658248901367,13.326658248901367,13.326658248901367,10.79584789276123,127
2006-03-09,13.098918914794922,13.106772422790527,12.53349781036377,12.53349781036377,10.153315544128418,3693
2006-03-10,12.36073112487793,12.447113990783691,12.07016658782959,12.07016658782959,9.777973175048828,4839
2006-03-13,12.007343292236328,12.36073112487793,11.858134269714355,11.952370643615723,9.682548522949219,3311
2006-03-14,12.368583679199219,12.368583679199219,11.975930213928223,11.975930213928223,9.701631546020508,1783
2006-03-15,12.172257423400879,12.172257423400879,11.46548080444336,12.132991790771484,9.82886791229248,15153
2006-03-16,12.52564525604248,12.52564525604248,12.52564525604248,12.52564525604248,10.146955490112305,127
2006-03-17,12.172257423400879,12.172257423400879,12.172257423400879,12.172257423400879,9.860676765441895,127
2006-03-20,12.399995803833008,12.494233131408691,12.368583679199219,12.368583679199219,10.019719123840332,1783
2006-03-21,12.368583679199219,12.368583679199219,12.368583679199219,12.368583679199219,10.019719123840332,0
2006-03-22,11.591130256652832,12.447113990783691,11.591130256652832,12.368583679199219,10.019719123840332,1783
2006-03-23,12.368583679199219,12.447113990783691,12.368583679199219,12.447113990783691,10.08333969116211,1528
2006-03-24,12.407849311828613,12.82406234741211,12.407849311828613,12.82406234741211,10.38869857788086,2547
2006-03-27,12.918298721313477,12.918298721313477,12.761237144470215,12.79265022277832,10.363256454467773,2674
2006-03-28,12.761237144470215,12.761237144470215,12.721972465515137,12.761237144470215,10.33780574798584,10696
2006-03-29,12.75338363647461,12.75338363647461,12.721972465515137,12.721972465515137,10.305996894836426,2292
2006-03-30,12.604175567626953,12.604175567626953,12.564910888671875,12.564910888671875,10.178764343261719,5348
2006-03-31,12.376437187194824,12.604175567626953,12.376437187194824,12.604175567626953,10.210575103759766,3438
2006-04-03,12.58061695098877,12.58061695098877,12.368583679199219,12.368583679199219,10.019719123840332,9932
2006-04-04,12.368583679199219,12.564910888671875,12.329318046569824,12.564910888671875,10.178764343261719,2674
2006-04-05,12.564910888671875,12.564910888671875,12.564910888671875,12.564910888671875,10.178764343261719,255
2006-04-06,12.564910888671875,12.564910888671875,12.564910888671875,12.564910888671875,10.178764343261719,127
2006-04-07,12.09372615814209,12.721972465515137,12.09372615814209,12.564910888671875,10.178764343261719,764
2006-04-10,12.564910888671875,12.564910888671875,12.564910888671875,12.564910888671875,10.178764343261719,0
2006-04-11,12.564910888671875,12.564910888671875,12.564910888671875,12.564910888671875,10.210668563842773,891
2006-04-12,12.564910888671875,12.564910888671875,12.564910888671875,12.564910888671875,10.210668563842773,0
2006-04-13,12.50208568572998,12.50208568572998,12.486379623413086,12.486379623413086,10.146855354309082,1019
2006-04-17,12.486379623413086,12.486379623413086,12.078020095825195,12.078020095825195,9.815007209777832,9423
2006-04-18,12.250787734985352,12.384289741516113,12.250787734985352,12.329318046569824,10.019218444824219,6494
2006-04-19,12.478527069091797,12.486379623413086,12.478527069091797,12.486379623413086,10.146855354309082,2674
2006-04-20,12.407849311828613,12.407849311828613,12.407849311828613,12.407849311828613,10.083038330078125,637
2006-04-21,12.407849311828613,12.407849311828613,12.407849311828613,12.407849311828613,10.083038330078125,0
2006-04-24,12.36073112487793,12.486379623413086,12.09372615814209,12.1094331741333,9.840534210205078,7513
2006-04-25,12.478527069091797,12.75338363647461,12.250787734985352,12.635587692260742,10.268105506896973,7513
2006-04-26,12.635587692260742,12.635587692260742,12.52564525604248,12.52564525604248,10.178764343261719,3311
2006-04-27,12.28219985961914,12.564910888671875,12.28219985961914,12.52564525604248,10.178764343261719,764
2006-04-28,12.761237144470215,13.248127937316895,12.564910888671875,13.248127937316895,10.765873908996582,1146
2006-05-01,13.248127937316895,13.248127937316895,13.248127937316895,13.248127937316895,10.765873908996582,0
2006-05-02,12.242935180664062,12.447113990783691,12.242935180664062,12.447113990783691,10.114947319030762,509
2006-05-03,12.447113990783691,12.447113990783691,12.447113990783691,12.447113990783691,10.114947319030762,0
2006-05-04,13.310952186584473,13.35021686553955,13.201008796691895,13.35021686553955,10.848834991455078,637
2006-05-05,13.35021686553955,13.35021686553955,13.193156242370605,13.35021686553955,10.848834991455078,2165
2006-05-08,12.894739151000977,13.546544075012207,12.894739151000977,13.546544075012207,11.008377075195312,3438
2006-05-09,13.515131950378418,13.515131950378418,13.515131950378418,13.515131950378418,10.9828519821167,255
2006-05-10,13.185302734375,13.185302734375,13.185302734375,13.185302734375,10.714824676513672,1783
2006-05-11,13.358071327209473,13.39733600616455,13.358071327209473,13.39733600616455,10.887126922607422,1019
2006-05-12,13.35021686553955,13.358071327209473,13.35021686553955,13.35021686553955,10.848834991455078,1528
2006-05-15,13.263833999633789,14.08840560913086,13.263833999633789,14.08840560913086,11.448713302612305,382
2006-05-16,14.056994438171387,14.064846992492676,13.821401596069336,14.03343391418457,11.404043197631836,2674
2006-05-17,13.844961166381836,14.3318510055542,13.373777389526367,14.135523796081543,11.487003326416016,6749
2006-05-18,14.135523796081543,14.135523796081543,14.135523796081543,14.135523796081543,11.487003326416016,0
2006-05-19,14.143377304077148,14.143377304077148,14.135523796081543,14.135523796081543,11.487003326416016,382
2006-05-22,14.135523796081543,14.135523796081543,14.135523796081543,14.135523796081543,11.487003326416016,637
2006-05-23,14.135523796081543,14.135523796081543,14.135523796081543,14.135523796081543,11.487003326416016,637
2006-05-24,14.135523796081543,14.135523796081543,14.135523796081543,14.135523796081543,11.487003326416016,0
2006-05-25,13.962757110595703,14.504618644714355,13.962757110595703,14.3318510055542,11.64654541015625,1401
2006-05-26,14.30043888092041,14.528178215026855,14.30043888092041,14.528178215026855,11.8060884475708,3183
2006-05-30,14.7087984085083,14.7087984085083,14.363263130187988,14.457500457763672,11.74865436553955,1146
2006-05-31,14.206201553344727,14.206201553344727,14.206201553344727,14.206201553344727,11.544434547424316,127
2006-06-01,14.504618644714355,14.598855018615723,14.135523796081543,14.449646949768066,11.742274284362793,3056
2006-06-02,14.457500457763672,14.724505424499512,14.143377304077148,14.496766090393066,11.780562400817871,7640
2006-06-05,14.457500457763672,14.700944900512695,14.166936874389648,14.347557067871094,11.659311294555664,5985
2006-06-06,14.410382270812988,14.410382270812988,14.402528762817383,14.402528762817383,11.703983306884766,255
2006-06-07,14.371115684509277,14.410382270812988,14.371115684509277,14.410382270812988,11.710362434387207,1019
2006-06-08,14.371115684509277,14.402528762817383,14.166936874389648,14.394676208496094,11.697599411010742,2037
2006-06-09,14.410382270812988,14.614562034606934,14.410382270812988,14.410382270812988,11.710362434387207,3056
2006-06-12,14.449646949768066,14.449646949768066,14.449646949768066,14.449646949768066,11.742274284362793,127
2006-06-13,14.166936874389648,14.339703559875488,14.143377304077148,14.198348999023438,11.538054466247559,4202
2006-06-14,14.347557067871094,14.347557067871094,14.347557067871094,14.347557067871094,11.659311294555664,849
2006-06-15,14.471242904663086,14.471242904663086,14.339310646057129,14.339310646057129,11.652608871459961,1334
2006-06-16,14.157905578613281,14.157905578613281,14.157905578613281,14.157905578613281,11.505192756652832,121
2006-06-19,14.331066131591797,14.331066131591797,14.13316822052002,14.23211669921875,11.565496444702148,7640
2006-06-20,14.23211669921875,14.23211669921875,14.23211669921875,14.23211669921875,11.565496444702148,0
2006-06-21,14.322819709777832,14.322819709777832,14.240363121032715,14.240363121032715,11.572199821472168,606
2006-06-22,14.141413688659668,14.174397468566895,13.885796546936035,14.174397468566895,11.518590927124023,6306
2006-06-23,14.100186347961426,14.100186347961426,13.885796546936035,13.968254089355469,11.351075172424316,849
2006-06-26,14.215625762939453,14.215625762939453,14.009483337402344,14.075448036193848,11.438185691833496,3032
2006-06-27,14.034219741821289,14.034219741821289,14.02597427368164,14.02597427368164,11.397981643676758,364
2006-06-28,14.0672025680542,14.0672025680542,13.193156242370605,13.226139068603516,10.748005867004395,6428
2006-06-29,13.003503799438477,13.003503799438477,12.789115905761719,12.863327026367188,10.45317554473877,970
2006-06-30,12.822098731994629,12.871573448181152,12.772624015808105,12.772624015808105,10.379465103149414,1577
2006-07-03,13.613688468933105,14.017727851867676,13.613688468933105,13.927024841308594,11.3175687789917,5821
2006-07-05,13.57245922088623,14.017727851867676,13.57245922088623,13.679654121398926,11.116548538208008,1334
2006-07-06,14.017727851867676,14.223871231079102,14.017727851867676,14.141413688659668,11.491788864135742,5942
2006-07-07,14.141413688659668,14.141413688659668,14.141413688659668,14.141413688659668,11.491788864135742,0
2006-07-10,14.141413688659668,14.141413688659668,14.141413688659668,14.141413688659668,11.491788864135742,0
2006-07-11,13.399298667907715,14.141413688659668,12.822098731994629,14.034219741821289,11.404681205749512,13219
2006-07-12,14.034219741821289,14.034219741821289,14.034219741821289,14.034219741821289,11.43828296661377,0
2006-07-13,14.141413688659668,14.141413688659668,14.141413688659668,14.141413688659668,11.525651931762695,485
2006-07-14,14.141413688659668,14.141413688659668,14.141413688659668,14.141413688659668,11.525651931762695,0
2006-07-17,14.017727851867676,14.017727851867676,12.797361373901367,13.588951110839844,11.075377464294434,8489
2006-07-18,13.490001678466797,13.77860164642334,13.490001678466797,13.696145057678223,11.162742614746094,1213
2006-07-19,14.017727851867676,14.017727851867676,13.687898635864258,13.852813720703125,11.290434837341309,17100
2006-07-20,13.679654121398926,13.679654121398926,13.654916763305664,13.654916763305664,11.129142761230469,1091
2006-07-21,13.663162231445312,13.663162231445312,13.663162231445312,13.663162231445312,11.135863304138184,849
2006-07-24,13.687898635864258,13.687898635864258,13.654916763305664,13.663162231445312,11.135863304138184,1213
2006-07-25,13.663162231445312,13.663162231445312,13.663162231445312,13.663162231445312,11.135863304138184,0
2006-07-26,13.696145057678223,13.696145057678223,13.044733047485352,13.044733047485352,10.63182258605957,2062
2006-07-27,13.424036026000977,13.424036026000977,13.18490982055664,13.18490982055664,10.746068954467773,606
2006-07-28,13.415790557861328,13.671407699584961,13.40754508972168,13.671407699584961,11.142581939697266,970
2006-07-31,13.86106014251709,13.86106014251709,13.514739036560059,13.514739036560059,11.014892578125,1334
2006-08-01,13.514739036560059,13.514739036560059,13.514739036560059,13.514739036560059,11.014892578125,0
2006-08-02,13.514739036560059,13.514739036560059,13.514739036560059,13.514739036560059,11.014892578125,0
2006-08-03,13.193156242370605,13.762110710144043,13.193156242370605,13.753865242004395,11.20978832244873,970
2006-08-04,13.671407699584961,13.729127883911133,13.671407699584961,13.729127883911133,11.18962574005127,1940
2006-08-07,13.18490982055664,13.712636947631836,13.18490982055664,13.588951110839844,11.075377464294434,1213
2006-08-08,13.18490982055664,13.18490982055664,13.18490982055664,13.18490982055664,10.746068954467773,849
2006-08-09,13.193156242370605,13.193156242370605,13.193156242370605,13.193156242370605,10.752791404724121,1577
2006-08-10,13.193156242370605,13.234384536743164,13.193156242370605,13.193156242370605,10.752791404724121,3517
2006-08-11,13.15192699432373,13.15192699432373,13.01999568939209,13.01999568939209,10.611663818359375,2789
2006-08-14,13.01999568939209,13.01999568939209,13.01999568939209,13.01999568939209,10.611663818359375,970
2006-08-15,13.01999568939209,13.028242111206055,13.01999568939209,13.028242111206055,10.61838436126709,3396
2006-08-16,13.193156242370605,13.193156242370605,13.193156242370605,13.193156242370605,10.752791404724121,364
2006-08-17,13.193156242370605,13.193156242370605,13.052979469299316,13.052979469299316,10.638544082641602,1940
2006-08-18,13.01999568939209,13.176665306091309,13.003503799438477,13.15192699432373,10.719186782836914,5700
2006-08-21,13.15192699432373,13.15192699432373,13.15192699432373,13.15192699432373,10.719186782836914,0
2006-08-22,12.871573448181152,13.036486625671387,12.871573448181152,13.028242111206055,10.61838436126709,2668
2006-08-23,13.028242111206055,13.028242111206055,13.028242111206055,13.028242111206055,10.61838436126709,0
2006-08-24,13.028242111206055,13.028242111206055,13.028242111206055,13.028242111206055,10.61838436126709,0
2006-08-25,12.904556274414062,12.904556274414062,12.78087043762207,12.789115905761719,10.42348861694336,3153
2006-08-28,12.78087043762207,13.028242111206055,12.739641189575195,12.739641189575195,10.383166313171387,6913
2006-08-29,12.739641189575195,12.739641189575195,12.739641189575195,12.739641189575195,10.383166313171387,4366
2006-08-30,12.739641189575195,12.739641189575195,12.739641189575195,12.739641189575195,10.383166313171387,0
2006-08-31,12.624200820922852,12.640692710876465,12.624200820922852,12.640692710876465,10.302521705627441,243
2006-09-01,12.756133079528809,12.756133079528809,12.756133079528809,12.756133079528809,10.396610260009766,121
2006-09-05,12.78087043762207,12.78087043762207,12.624200820922852,12.78087043762207,10.41677188873291,1334
2006-09-06,12.640692710876465,12.640692710876465,12.640692710876465,12.640692710876465,10.302521705627441,121
2006-09-07,12.368583679199219,12.714903831481934,12.368583679199219,12.574727058410645,10.248757362365723,2304
2006-09-08,12.335600852966309,12.648938179016113,12.335600852966309,12.648938179016113,10.30924129486084,3274
2006-09-11,12.648938179016113,12.648938179016113,12.648938179016113,12.648938179016113,10.30924129486084,0
2006-09-12,12.368583679199219,12.937539100646973,12.368583679199219,12.789115905761719,10.42348861694336,2547
2006-09-13,12.789115905761719,12.789115905761719,12.789115905761719,12.789115905761719,10.42348861694336,0
2006-09-14,12.681921005249023,12.681921005249023,12.368583679199219,12.53349781036377,10.215152740478516,2183
2006-09-15,12.368583679199219,12.368583679199219,12.368583679199219,12.368583679199219,10.080747604370117,2062
2006-09-18,12.525253295898438,12.541744232177734,12.442794799804688,12.442794799804688,10.141223907470703,2183
2006-09-19,12.442794799804688,12.442794799804688,12.385074615478516,12.385074615478516,10.094183921813965,2426
2006-09-20,12.376830101013184,12.376830101013184,12.376830101013184,12.376830101013184,10.087465286254883,1213
2006-09-21,12.442794799804688,12.78087043762207,12.442794799804688,12.558235168457031,10.235311508178711,1698
2006-09-22,12.385074615478516,12.385074615478516,12.385074615478516,12.385074615478516,10.094183921813965,849
2006-09-25,12.838589668273926,12.838589668273926,12.418058395385742,12.42630386352539,10.127789497375488,606
2006-09-26,12.747886657714844,12.747886657714844,12.442794799804688,12.442794799804688,10.141223907470703,243
2006-09-27,12.442794799804688,12.442794799804688,12.442794799804688,12.442794799804688,10.141223907470703,0
2006-09-28,12.203668594360352,12.632447242736816,12.19542407989502,12.599464416503906,10.26891803741455,1940
2006-09-29,12.599464416503906,12.599464416503906,12.599464416503906,12.599464416503906,10.26891803741455,0
2006-10-02,12.16244125366211,12.81385326385498,12.16244125366211,12.81385326385498,10.443649291992188,1819
2006-10-03,12.81385326385498,12.81385326385498,12.81385326385498,12.81385326385498,10.443649291992188,0
2006-10-04,12.81385326385498,12.81385326385498,12.81385326385498,12.81385326385498,10.443649291992188,0
2006-10-05,12.756133079528809,12.76437759399414,12.756133079528809,12.756133079528809,10.396610260009766,3517
2006-10-06,12.863327026367188,12.962276458740234,12.863327026367188,12.962276458740234,10.564620018005371,1455
2006-10-09,12.962276458740234,12.962276458740234,12.962276458740234,12.962276458740234,10.564620018005371,0
2006-10-10,13.193156242370605,13.193156242370605,13.011750221252441,13.011750221252441,10.604940414428711,606
2006-10-11,13.60544204711914,13.60544204711914,13.069470405578613,13.069470405578613,10.685845375061035,364
2006-10-12,13.110698699951172,13.110698699951172,12.98701286315918,13.110698699951172,10.719555854797363,3032
2006-10-13,13.01999568939209,13.01999568939209,12.995259284973145,12.995259284973145,10.625167846679688,364
2006-10-16,13.37456226348877,13.37456226348877,13.110698699951172,13.110698699951172,10.719555854797363,364
2006-10-17,13.028242111206055,13.028242111206055,12.995259284973145,12.995259284973145,10.625167846679688,1213
2006-10-18,12.871573448181152,12.871573448181152,12.871573448181152,12.871573448181152,10.524039268493652,121
2006-10-19,12.582972526550293,12.582972526550293,12.220161437988281,12.220161437988281,9.991433143615723,4366
2006-10-20,12.253144264221191,12.4592866897583,12.253144264221191,12.335600852966309,10.08581829071045,4366
2006-10-23,12.418058395385742,12.418058395385742,12.335600852966309,12.335600852966309,10.08581829071045,364
2006-10-24,12.574727058410645,12.574727058410645,11.576993942260742,11.576993942260742,9.465569496154785,8732
2006-10-25,11.90682315826416,12.244897842407227,11.90682315826416,12.244897842407227,10.011659622192383,1091
2006-10-26,11.750155448913574,11.799629211425781,11.750155448913574,11.799629211425781,9.647597312927246,1698
2006-10-27,11.799629211425781,11.915068626403809,11.750155448913574,11.750155448913574,9.60715103149414,970
2006-10-30,11.55225658416748,12.19542407989502,11.55225658416748,11.898577690124512,9.728503227233887,1819
2006-10-31,12.071738243103027,12.071738243103027,12.038755416870117,12.038755416870117,9.84311580657959,243
2006-11-01,12.038755416870117,12.038755416870117,12.038755416870117,12.038755416870117,9.84311580657959,0
2006-11-02,11.791382789611816,12.079983711242676,11.337867736816406,11.956297874450684,9.775691986083984,1334
2006-11-03,12.16244125366211,12.16244125366211,12.16244125366211,12.16244125366211,9.944241523742676,485
2006-11-06,12.137703895568848,12.16244125366211,11.840858459472656,11.840858459472656,9.681307792663574,1940
2006-11-07,11.791382789611816,11.87384033203125,11.791382789611816,11.87384033203125,9.70827579498291,1698
2006-11-08,11.791382789611816,11.824365615844727,11.791382789611816,11.791382789611816,9.64085578918457,606
2006-11-09,11.7089262008667,11.7089262008667,11.7089262008667,11.7089262008667,9.573440551757812,606
2006-11-10,11.7089262008667,11.7089262008667,11.7089262008667,11.7089262008667,9.573440551757812,606
2006-11-13,11.544012069702148,11.799629211425781,11.461553573608398,11.461553573608398,9.371180534362793,1940
2006-11-14,11.585240364074707,11.667696952819824,11.478046417236328,11.667696952819824,9.539725303649902,1577
2006-11-15,11.667696952819824,11.667696952819824,11.667696952819824,11.667696952819824,9.539725303649902,0
2006-11-16,11.667696952819824,11.667696952819824,11.667696952819824,11.667696952819824,9.539725303649902,0
2006-11-17,11.511029243469238,11.7089262008667,11.502782821655273,11.626468658447266,9.50601863861084,1698
2006-11-20,11.667696952819824,11.667696952819824,11.469799995422363,11.618223190307617,9.49927806854248,8853
2006-11-21,11.412079811096191,11.420326232910156,11.35435962677002,11.35435962677002,9.283539772033691,3032
2006-11-22,11.420326232910156,11.436817169189453,11.337867736816406,11.436817169189453,9.350957870483398,7155
2006-11-24,11.461553573608398,11.461553573608398,11.337867736816406,11.337867736816406,9.270057678222656,485
2006-11-27,11.461553573608398,11.461553573608398,11.379096984863281,11.379096984863281,9.303763389587402,7034
2006-11-28,11.544012069702148,11.544012069702148,11.461553573608398,11.461553573608398,9.371180534362793,243
2006-11-29,11.502782821655273,11.502782821655273,11.502782821655273,11.502782821655273,9.404891967773438,121
2006-11-30,11.453309059143066,11.453309059143066,11.412079811096191,11.412079811096191,9.330734252929688,970
2006-12-01,11.445062637329102,11.502782821655273,11.403834342956543,11.412079811096191,9.330734252929688,4730
2006-12-04,11.403834342956543,11.511029243469238,11.379096984863281,11.469799995422363,9.377923011779785,3274
2006-12-05,11.412079811096191,11.478046417236328,11.379096984863281,11.395588874816895,9.317252159118652,2547
2006-12-06,11.428570747375488,11.453309059143066,11.379096984863281,11.379096984863281,9.303763389587402,7277
2006-12-07,11.379096984863281,11.478046417236328,11.35435962677002,11.478046417236328,9.384666442871094,970
2006-12-08,12.079983711242676,12.079983711242676,11.948052406311035,11.97278881072998,9.789175987243652,8125
2006-12-11,12.22840690612793,12.22840690612793,11.956297874450684,11.956297874450684,9.775691986083984,2426
2006-12-12,11.956297874450684,12.1294584274292,11.634714126586914,11.948052406311035,9.768948554992676,16251
2006-12-13,11.74190902709961,11.964543342590332,11.74190902709961,11.964543342590332,9.78243350982666,1334
2006-12-14,11.989280700683594,12.014018058776855,11.849102973937988,12.014018058776855,9.822888374328613,849
2006-12-15,11.832612037658691,12.030508995056152,11.824365615844727,11.824365615844727,9.66782283782959,5457
2006-12-18,11.791382789611816,11.791382789611816,11.791382789611816,11.791382789611816,9.64085578918457,5457
2006-12-19,11.766646385192871,11.956297874450684,11.766646385192871,11.890332221984863,9.721761703491211,2183
2006-12-20,11.997526168823242,11.997526168823242,11.832612037658691,11.832612037658691,9.674564361572266,2062
2006-12-21,11.700679779052734,12.038755416870117,11.700679779052734,11.956297874450684,9.775691986083984,4366
2006-12-22,11.791382789611816,11.791382789611816,11.791382789611816,11.791382789611816,9.64085578918457,243
2006-12-26,11.956297874450684,11.956297874450684,11.956297874450684,11.956297874450684,9.775691986083984,485
2006-12-27,11.956297874450684,11.956297874450684,11.956297874450684,11.956297874450684,9.775691986083984,0
2006-12-28,11.750155448913574,12.904556274414062,11.750155448913574,12.574727058410645,10.281335830688477,28500
2006-12-29,12.368583679199219,12.376830101013184,11.750155448913574,12.1294584274292,9.91727352142334,15038
2007-01-03,12.154194831848145,12.154194831848145,11.725417137145996,11.766646385192871,9.620630264282227,4608
2007-01-04,11.77489185333252,12.022262573242188,11.77489185333252,11.799629211425781,9.647597312927246,2911
2007-01-05,11.750155448913574,11.758399963378906,11.750155448913574,11.750155448913574,9.60715103149414,2789
2007-01-08,11.725417137145996,11.733662605285645,11.7089262008667,11.7089262008667,9.573440551757812,1091
2007-01-09,11.989280700683594,11.989280700683594,11.758399963378906,11.923315048217773,9.748726844787598,970
2007-01-10,11.87384033203125,11.87384033203125,11.87384033203125,11.87384033203125,9.741963386535645,121
2007-01-11,11.750155448913574,11.824365615844727,11.7089262008667,11.7089262008667,9.606657028198242,6549
2007-01-12,11.7089262008667,11.791382789611816,11.7089262008667,11.791382789611816,9.674306869506836,364
2007-01-16,11.626468658447266,11.989280700683594,11.626468658447266,11.989280700683594,9.836674690246582,2304
2007-01-17,11.824365615844727,11.857349395751953,11.7089262008667,11.77489185333252,9.660778045654297,3638
2007-01-18,11.948052406311035,11.956297874450684,11.948052406311035,11.956297874450684,9.809615135192871,1577
2007-01-19,11.750155448913574,11.750155448913574,11.461553573608398,11.461553573608398,9.403697967529297,5336
2007-01-22,11.461553573608398,11.56874942779541,11.461553573608398,11.469799995422363,9.410462379455566,4972
2007-01-23,11.461553573608398,11.461553573608398,11.461553573608398,11.461553573608398,9.403697967529297,121
2007-01-24,11.469799995422363,11.576993942260742,11.469799995422363,11.469799995422363,9.410462379455566,2183
2007-01-25,11.461553573608398,11.511029243469238,11.346114158630371,11.511029243469238,9.444293975830078,5821
2007-01-26,11.511029243469238,11.511029243469238,11.511029243469238,11.511029243469238,9.444293975830078,0
2007-01-29,11.626468658447266,11.700679779052734,11.131725311279297,11.304885864257812,9.27515697479248,8368
2007-01-30,11.090497016906738,11.090497016906738,10.150484085083008,10.414347648620605,8.544512748718262,44023
2007-01-31,10.686455726623535,10.686455726623535,10.406102180480957,10.513296127319336,8.625694274902344,10066
2007-02-01,10.513296127319336,10.513296127319336,10.513296127319336,10.513296127319336,8.625694274902344,0
2007-02-02,10.554525375366211,10.628735542297363,10.30715274810791,10.513296127319336,8.625694274902344,4730
2007-02-05,10.538032531738281,10.538032531738281,10.30715274810791,10.356627464294434,8.497154235839844,4123
2007-02-06,10.331890106201172,10.488558769226074,10.30715274810791,10.30715274810791,8.45656681060791,3032
2007-02-07,10.30715274810791,10.323644638061523,10.30715274810791,10.30715274810791,8.45656681060791,3760
2007-02-08,10.30715274810791,10.348381996154785,10.30715274810791,10.348381996154785,8.490387916564941,364
2007-02-09,10.30715274810791,10.315399169921875,10.30715274810791,10.30715274810791,8.45656681060791,10187
2007-02-12,10.30715274810791,10.381364822387695,10.30715274810791,10.381364822387695,8.517454147338867,7519
2007-02-13,10.513296127319336,10.513296127319336,10.282416343688965,10.290661811828613,8.443033218383789,849
2007-02-14,10.290661811828613,10.290661811828613,10.290661811828613,10.290661811828613,8.443033218383789,0
2007-02-15,10.290661811828613,10.472067832946777,10.1010103225708,10.290661811828613,8.443033218383789,14917
2007-02-16,10.125746726989746,10.224696159362793,10.10925579071045,10.224696159362793,8.38891315460205,3760
2007-02-20,10.30715274810791,10.373119354248047,10.224696159362793,10.265925407409668,8.422739028930664,5579
2007-02-21,10.249432563781738,10.257678985595703,10.249432563781738,10.249432563781738,8.40920352935791,9338
2007-02-22,10.224696159362793,10.30715274810791,10.224696159362793,10.30715274810791,8.45656681060791,485
2007-02-23,10.191713333129883,10.265925407409668,10.191713333129883,10.265925407409668,8.422739028930664,10793
2007-02-26,10.265925407409668,10.265925407409668,10.158729553222656,10.158729553222656,8.334787368774414,19525
2007-02-27,10.150484085083008,10.257678985595703,10.150484085083008,10.175222396850586,8.348320007324219,2304
2007-02-28,10.158729553222656,10.30715274810791,10.150484085083008,10.175222396850586,8.348320007324219,12976
2007-03-01,10.150484085083008,10.20820426940918,10.150484085083008,10.158729553222656,8.334787368774414,4245
2007-03-02,10.150484085083008,10.150484085083008,10.068026542663574,10.076272964477539,8.267134666442871,10187
2007-03-05,10.068026542663574,10.175222396850586,10.068026542663574,10.158729553222656,8.334787368774414,2789
2007-03-06,10.125746726989746,10.158729553222656,10.10925579071045,10.133993148803711,8.314496994018555,3274
2007-03-07,10.133993148803711,10.30715274810791,10.133993148803711,10.265925407409668,8.422739028930664,3396
2007-03-08,10.14223861694336,10.191713333129883,10.14223861694336,10.166975975036621,8.34155559539795,7155
2007-03-09,10.158729553222656,10.166975975036621,9.103278160095215,9.878376007080078,8.104771614074707,26438
2007-03-12,9.779426574707031,9.870129585266113,9.779426574707031,9.870129585266113,8.098004341125488,3638
2007-03-13,10.14223861694336,10.14223861694336,9.894866943359375,10.059781074523926,8.253607749938965,364
2007-03-14,9.90311336517334,9.90311336517334,9.886621475219727,9.886621475219727,8.111534118652344,1091
2007-03-15,9.886621475219727,9.886621475219727,9.886621475219727,9.886621475219727,8.111534118652344,0
2007-03-16,10.133993148803711,10.133993148803711,10.092763900756836,10.092763900756836,8.280665397644043,728
2007-03-19,10.133993148803711,10.133993148803711,10.133993148803711,10.133993148803711,8.314496994018555,728
2007-03-20,9.985569953918457,10.224696159362793,9.985569953918457,10.224696159362793,8.38891315460205,7519
2007-03-21,10.224696159362793,10.224696159362793,10.224696159362793,10.224696159362793,8.38891315460205,0
2007-03-22,10.224696159362793,10.224696159362793,10.224696159362793,10.224696159362793,8.38891315460205,0
2007-03-23,9.952587127685547,10.051535606384277,9.93609619140625,10.051535606384277,8.246842384338379,1940
2007-03-26,9.960832595825195,10.051535606384277,9.960832595825195,10.051535606384277,8.246842384338379,1819
2007-03-27,10.051535606384277,10.051535606384277,9.894866943359375,9.894866943359375,8.118298530578613,5821
2007-03-28,9.894866943359375,9.894866943359375,9.51556396484375,9.51556396484375,7.807099342346191,1213
2007-03-29,9.556792259216309,9.894866943359375,9.490826606750488,9.507317543029785,7.80033540725708,8004
2007-03-30,9.68872356414795,10.125746726989746,9.68872356414795,9.779426574707031,8.023585319519043,5821
2007-04-02,9.886621475219727,9.894866943359375,9.886621475219727,9.886621475219727,8.111534118652344,364
2007-04-03,9.894866943359375,10.043290138244629,9.754690170288086,9.837146759033203,8.070947647094727,3760
2007-04-04,9.845393180847168,10.059781074523926,9.738198280334473,9.878376007080078,8.104771614074707,4123
2007-04-05,10.051535606384277,10.051535606384277,9.68872356414795,9.68872356414795,7.949169635772705,21951
2007-04-09,9.68872356414795,9.779426574707031,9.68872356414795,9.713460922241211,7.9694623947143555,24861
2007-04-10,9.672232627868652,9.68872356414795,9.58152961730957,9.598020553588867,7.87475061416626,13098
2007-04-11,9.565037727355957,9.565037727355957,9.565037727355957,9.565037727355957,7.8815460205078125,364
2007-04-12,9.639249801635742,9.639249801635742,9.639249801635742,9.639249801635742,7.942698001861572,849
2007-04-13,9.589775085449219,9.886621475219727,9.565037727355957,9.721707344055176,8.010642051696777,1091
2007-04-16,9.565037727355957,9.589775085449219,9.565037727355957,9.573284149169922,7.888340473175049,2183
2007-04-17,9.812410354614258,9.812410354614258,9.812410354614258,9.812410354614258,8.085383415222168,121
2007-04-18,9.606266975402832,9.631004333496094,9.490826606750488,9.490826606750488,7.820399761199951,3032
2007-04-19,9.490826606750488,9.573284149169922,9.490826606750488,9.573284149169922,7.888340473175049,1334
2007-04-20,9.532054901123047,9.894866943359375,9.532054901123047,9.894866943359375,8.15332317352295,2911
2007-04-23,9.663987159729004,10.059781074523926,9.663987159729004,9.870129585266113,8.132944107055664,4123
2007-04-24,10.010307312011719,10.010307312011719,9.556792259216309,9.6804780960083,7.976667881011963,3153
2007-04-25,9.6804780960083,9.746443748474121,9.663987159729004,9.663987159729004,7.963081359863281,1213
2007-04-26,9.68872356414795,9.771181106567383,9.68872356414795,9.68872356414795,7.983467102050781,8611
2007-04-27,9.960832595825195,9.960832595825195,9.68872356414795,9.812410354614258,8.085383415222168,11764
2007-04-30,9.812410354614258,10.043290138244629,9.721707344055176,9.845393180847168,8.112558364868164,3517
2007-05-01,9.894866943359375,9.911357879638672,9.68872356414795,9.779426574707031,8.058202743530273,5094
2007-05-02,9.812410354614258,9.812410354614258,9.68872356414795,9.68872356414795,7.983467102050781,2668
2007-05-03,9.68872356414795,9.738198280334473,9.68872356414795,9.68872356414795,7.983467102050781,3638
2007-05-04,9.68872356414795,9.68872356414795,9.68872356414795,9.68872356414795,7.983467102050781,12976
2007-05-07,9.713460922241211,10.010307312011719,9.68872356414795,9.746443748474121,8.031023025512695,4002
2007-05-08,9.68872356414795,9.754690170288086,9.68872356414795,9.68872356414795,7.983467102050781,2183
2007-05-09,9.952587127685547,9.952587127685547,9.68872356414795,9.68872356414795,7.983467102050781,970
2007-05-10,9.878376007080078,9.878376007080078,9.68872356414795,9.68872356414795,7.983467102050781,4245
2007-05-11,9.8536376953125,9.8536376953125,9.68872356414795,9.68872356414795,7.983467102050781,4972
2007-05-14,9.713460922241211,9.713460922241211,9.68872356414795,9.696969985961914,7.990255832672119,485
2007-05-15,9.68872356414795,9.771181106567383,9.68872356414795,9.68872356414795,7.983467102050781,2062
2007-05-16,9.68872356414795,9.96907901763916,9.68872356414795,9.729952812194824,8.017435073852539,10672
2007-05-17,9.68872356414795,9.68872356414795,9.68872356414795,9.68872356414795,7.983467102050781,2183
2007-05-18,9.696969985961914,9.696969985961914,9.61451244354248,9.631004333496094,7.9359049797058105,11157
2007-05-21,9.771181106567383,9.812410354614258,9.771181106567383,9.771181106567383,8.051405906677246,7155
2007-05-22,9.771181106567383,9.771181106567383,9.771181106567383,9.771181106567383,8.051405906677246,0
2007-05-23,9.771181106567383,9.771181106567383,9.771181106567383,9.771181106567383,8.051405906677246,1213
2007-05-24,9.771181106567383,9.771181106567383,9.771181106567383,9.771181106567383,8.051405906677246,0
2007-05-25,9.771181106567383,9.771181106567383,9.771181106567383,9.771181106567383,8.051405906677246,2304
2007-05-29,9.894866943359375,9.894866943359375,9.894866943359375,9.894866943359375,8.15332317352295,243
2007-05-30,9.771181106567383,10.018552780151367,9.771181106567383,9.828901290893555,8.09897232055664,1455
2007-05-31,9.779426574707031,9.779426574707031,9.771181106567383,9.771181106567383,8.051405906677246,606
2007-06-01,10.010307312011719,10.010307312011719,9.771181106567383,9.779426574707031,8.058202743530273,9217
2007-06-04,9.779426574707031,9.779426574707031,9.754690170288086,9.754690170288086,8.037819862365723,2911
2007-06-05,9.754690170288086,9.894866943359375,9.729952812194824,9.771181106567383,8.051405906677246,5336
2007-06-06,9.729952812194824,9.8536376953125,9.729952812194824,9.8536376953125,8.119353294372559,68278
2007-06-07,9.93609619140625,9.93609619140625,9.779426574707031,9.779426574707031,8.058202743530273,3881
2007-06-08,9.713460922241211,9.878376007080078,9.713460922241211,9.8536376953125,8.119353294372559,2304
2007-06-11,9.713460922241211,9.861884117126465,9.713460922241211,9.837146759033203,8.105766296386719,2183
2007-06-12,9.870129585266113,9.878376007080078,9.713460922241211,9.771181106567383,8.051405906677246,1455
2007-06-13,10.190476417541504,10.26839828491211,10.086580276489258,10.129870414733887,8.346967697143555,3350
2007-06-14,10.380951881408691,10.389610290527344,10.303030014038086,10.303030014038086,8.48964786529541,578
2007-06-15,10.389610290527344,10.389610290527344,10.086580276489258,10.086580276489258,8.311297416687012,9702
2007-06-18,10.086580276489258,10.086580276489258,9.896103858947754,9.896103858947754,8.154345512390137,462
2007-06-19,9.896103858947754,9.896103858947754,9.896103858947754,9.896103858947754,8.154345512390137,0
2007-06-20,9.896103858947754,9.896103858947754,9.896103858947754,9.896103858947754,8.154345512390137,0
2007-06-21,9.896103858947754,9.896103858947754,9.896103858947754,9.896103858947754,8.154345512390137,0
2007-06-22,10.129870414733887,10.155843734741211,9.913419723510742,10.129870414733887,8.346967697143555,6006
2007-06-25,10.190476417541504,10.190476417541504,9.956709861755371,10.06926441192627,8.297027587890625,11781
2007-06-26,9.913419723510742,9.913419723510742,9.896103858947754,9.896103858947754,8.154345512390137,693
2007-06-27,9.8268404006958,10.0,9.77489185333252,9.77489185333252,8.054468154907227,14322
2007-06-28,9.913419723510742,9.913419723510742,9.766234397888184,9.766234397888184,8.047332763671875,2195
2007-06-29,9.870129585266113,9.913419723510742,9.316017150878906,9.913419723510742,8.168610572814941,15246
2007-07-02,9.913419723510742,9.913419723510742,9.913419723510742,9.913419723510742,8.168610572814941,0
2007-07-03,9.956709861755371,9.956709861755371,9.956709861755371,9.956709861755371,8.204282760620117,116
2007-07-05,9.28138542175293,9.948052406311035,9.28138542175293,9.844156265258789,8.11153793334961,693
2007-07-06,9.350648880004883,9.679654121398926,9.108224868774414,9.229436874389648,7.6050124168396,8432
2007-07-09,9.2380952835083,9.2380952835083,9.108224868774414,9.18614673614502,7.56934118270874,8663
2007-07-10,8.98701286315918,9.359307289123535,8.98701286315918,9.194805145263672,7.576475620269775,11781
2007-07-11,9.108224868774414,9.18614673614502,9.047618865966797,9.047618865966797,7.490461826324463,1964
2007-07-12,8.978355407714844,9.090909004211426,8.978355407714844,9.038961410522461,7.483297824859619,2772
2007-07-13,9.108224868774414,9.116883277893066,8.874459266662598,8.874459266662598,7.347103595733643,3927
2007-07-16,8.995671272277832,9.082250595092773,8.753247261047363,8.891775131225586,7.361440658569336,8085
2007-07-17,8.909090995788574,8.917749404907227,8.909090995788574,8.917749404907227,7.382946014404297,1040
2007-07-18,8.666666984558105,8.917749404907227,8.658008575439453,8.701298713684082,7.203744411468506,16055
2007-07-19,8.692641258239746,8.831169128417969,8.5887451171875,8.658008575439453,7.167905807495117,12474
2007-07-20,8.658008575439453,8.692641258239746,8.432900428771973,8.441557884216309,6.988707542419434,6815
2007-07-23,8.571429252624512,8.571429252624512,8.450216293334961,8.450216293334961,6.995877265930176,1271
2007-07-24,8.39826774597168,8.571429252624512,8.39826774597168,8.432900428771973,6.981541633605957,196004
2007-07-25,8.441557884216309,8.632035255432129,8.441557884216309,8.441557884216309,6.988707542419434,809
2007-07-26,8.571429252624512,8.874459266662598,8.571429252624512,8.874459266662598,7.347103595733643,1386
2007-07-27,9.18614673614502,9.18614673614502,8.848484992980957,9.021644592285156,7.46895694732666,1733
2007-07-30,9.038961410522461,9.090909004211426,8.848484992980957,9.021644592285156,7.46895694732666,4620
2007-07-31,9.090909004211426,9.090909004211426,8.98701286315918,9.021644592285156,7.46895694732666,4389
2007-08-01,8.98701286315918,8.98701286315918,8.98701286315918,8.98701286315918,7.440286159515381,2079
2007-08-02,8.98701286315918,8.98701286315918,8.98701286315918,8.98701286315918,7.440286159515381,462
2007-08-03,8.98701286315918,8.995671272277832,8.98701286315918,8.98701286315918,7.440286159515381,27143
2007-08-06,8.917749404907227,8.969696998596191,8.917749404907227,8.969696998596191,7.425950527191162,2426
2007-08-07,8.94372272491455,9.004328727722168,8.935065269470215,8.969696998596191,7.425950527191162,4043
2007-08-08,9.073593139648438,9.220779418945312,9.073593139648438,9.21212100982666,7.626651763916016,2195
2007-08-09,9.030303001403809,9.134199142456055,8.978355407714844,8.978355407714844,7.433119773864746,5660
2007-08-10,8.978355407714844,9.125540733337402,8.978355407714844,9.125540733337402,7.554973125457764,9356
2007-08-13,9.01298713684082,9.01298713684082,9.004328727722168,9.004328727722168,7.454622745513916,347
2007-08-14,9.004328727722168,9.004328727722168,9.004328727722168,9.004328727722168,7.454622745513916,0
2007-08-15,8.978355407714844,9.073593139648438,8.978355407714844,9.01298713684082,7.461791515350342,2079
2007-08-16,9.134199142456055,9.134199142456055,9.047618865966797,9.047618865966797,7.490461826324463,10049
2007-08-17,9.090909004211426,9.160173416137695,9.038961410522461,9.125540733337402,7.554973125457764,13167
2007-08-20,9.177489280700684,9.177489280700684,9.134199142456055,9.134199142456055,7.562141418457031,693
2007-08-21,9.168830871582031,9.523810386657715,9.168830871582031,9.523810386657715,7.884697437286377,4043
2007-08-22,9.523810386657715,9.740260124206543,9.523810386657715,9.740260124206543,8.063891410827637,2310
2007-08-23,9.792207717895508,9.956709861755371,9.792207717895508,9.956709861755371,8.24309253692627,1155
2007-08-24,9.956709861755371,9.956709861755371,9.904762268066406,9.904762268066406,8.20008373260498,347
2007-08-27,9.809523582458496,9.870129585266113,9.809523582458496,9.870129585266113,8.17141342163086,347
2007-08-28,9.64502239227295,9.809523582458496,9.64502239227295,9.809523582458496,8.121234893798828,578
2007-08-29,9.991341590881348,10.0,9.748917579650879,9.835497856140137,8.142743110656738,1386
2007-08-30,9.835497856140137,9.835497856140137,9.835497856140137,9.835497856140137,8.142743110656738,0
2007-08-31,10.190476417541504,10.190476417541504,10.190476417541504,10.190476417541504,8.436628341674805,231
2007-09-04,10.181818008422852,10.181818008422852,9.870129585266113,9.870129585266113,8.17141342163086,578
2007-09-05,9.696969985961914,9.809523582458496,9.696969985961914,9.809523582458496,8.121234893798828,5775
2007-09-06,10.207792282104492,10.207792282104492,10.207792282104492,10.207792282104492,8.450959205627441,116
2007-09-07,9.722944259643555,9.722944259643555,9.722944259643555,9.722944259643555,8.049559593200684,809
2007-09-10,9.809523582458496,9.809523582458496,9.740260124206543,9.740260124206543,8.063891410827637,5775
2007-09-11,9.748917579650879,9.748917579650879,9.696969985961914,9.740260124206543,8.063891410827637,1964
2007-09-12,9.748917579650879,9.748917579650879,9.740260124206543,9.740260124206543,8.063891410827637,347
2007-09-13,9.740260124206543,9.740260124206543,9.740260124206543,9.740260124206543,8.063891410827637,231
2007-09-14,9.748917579650879,9.748917579650879,9.740260124206543,9.740260124206543,8.063891410827637,13052
2007-09-17,9.948052406311035,9.948052406311035,9.567099571228027,9.696969985961914,8.028053283691406,2079
2007-09-18,9.696969985961914,9.696969985961914,9.341991424560547,9.653679847717285,7.992215633392334,2772
2007-09-19,9.376623153686523,9.653679847717285,9.376623153686523,9.593073844909668,7.942039489746094,4620
2007-09-20,9.593073844909668,9.60173225402832,9.593073844909668,9.60173225402832,7.949208736419678,924
2007-09-21,9.610389709472656,9.610389709472656,9.610389709472656,9.610389709472656,7.956376552581787,1155
2007-09-24,9.610389709472656,9.619048118591309,9.610389709472656,9.610389709472656,7.956376552581787,11319
2007-09-25,9.610389709472656,9.619048118591309,9.610389709472656,9.610389709472656,7.956376552581787,8432
2007-09-26,9.653679847717285,9.653679847717285,9.610389709472656,9.610389709472656,7.956376552581787,1848
2007-09-27,9.619048118591309,9.619048118591309,9.610389709472656,9.610389709472656,7.956376552581787,578
2007-09-28,9.653679847717285,9.653679847717285,9.593073844909668,9.593073844909668,7.942039489746094,347
2007-10-01,9.367964744567871,9.610389709472656,9.367964744567871,9.610389709472656,7.956376552581787,2310
2007-10-02,9.610389709472656,9.610389709472656,9.610389709472656,9.610389709472656,7.956376552581787,0
2007-10-03,9.57575798034668,9.57575798034668,9.445886611938477,9.445886611938477,7.820184230804443,1271
2007-10-04,9.445886611938477,9.445886611938477,9.445886611938477,9.445886611938477,7.820184230804443,0
2007-10-05,9.445886611938477,9.454545021057129,9.43722915649414,9.43722915649414,7.813015937805176,10511
2007-10-08,9.43722915649414,9.43722915649414,9.43722915649414,9.43722915649414,7.813015937805176,0
2007-10-09,9.43722915649414,9.43722915649414,9.43722915649414,9.43722915649414,7.813015937805176,0
2007-10-10,9.4112548828125,9.4112548828125,9.402597427368164,9.402597427368164,7.820220470428467,2426
2007-10-11,9.359307289123535,9.359307289123535,9.350648880004883,9.350648880004883,7.777012825012207,4043
2007-10-12,9.367964744567871,9.367964744567871,9.350648880004883,9.350648880004883,7.777012825012207,4620
2007-10-15,9.515151977539062,9.844156265258789,9.515151977539062,9.80086612701416,8.15146255493164,1964
2007-10-16,9.497835159301758,9.497835159301758,9.497835159301758,9.497835159301758,7.8994293212890625,347
2007-10-17,9.497835159301758,9.497835159301758,9.497835159301758,9.497835159301758,7.8994293212890625,0
2007-10-18,9.324674606323242,9.324674606323242,8.926406860351562,8.926406860351562,7.424169540405273,9009
2007-10-19,8.935065269470215,9.004328727722168,8.917749404907227,8.917749404907227,7.416966438293457,1733
2007-10-22,8.917749404907227,9.307358741760254,8.917749404907227,9.151515007019043,7.611392498016357,1848
2007-10-23,9.151515007019043,9.151515007019043,9.151515007019043,9.151515007019043,7.611392498016357,0
2007-10-24,9.047618865966797,9.047618865966797,8.874459266662598,9.021644592285156,7.503378868103027,12936
2007-10-25,9.082250595092773,9.082250595092773,9.082250595092773,9.082250595092773,7.553786277770996,116
2007-10-26,8.883116722106934,8.883116722106934,8.883116722106934,8.883116722106934,7.3881611824035645,924
2007-10-29,8.900432586669922,9.246752738952637,8.874459266662598,8.883116722106934,7.3881611824035645,88011
2007-10-30,8.874459266662598,8.874459266662598,8.874459266662598,8.874459266662598,7.380960464477539,116
2007-10-31,8.874459266662598,8.874459266662598,8.874459266662598,8.874459266662598,7.380960464477539,116
2007-11-01,8.874459266662598,8.874459266662598,8.874459266662598,8.874459266662598,7.380960464477539,0
2007-11-02,8.874459266662598,8.874459266662598,8.874459266662598,8.874459266662598,7.380960464477539,1386
2007-11-05,8.874459266662598,8.874459266662598,8.727272987365723,8.727272987365723,7.258547306060791,1617
2007-11-06,8.874459266662598,9.004328727722168,8.874459266662598,8.98701286315918,7.474573612213135,809
2007-11-07,9.004328727722168,9.073593139648438,8.883116722106934,8.883116722106934,7.3881611824035645,1733
2007-11-08,8.874459266662598,8.917749404907227,8.874459266662598,8.917749404907227,7.416966438293457,2079
2007-11-09,8.883116722106934,8.883116722106934,8.61471939086914,8.658008575439453,7.20094108581543,14900
2007-11-12,8.640692710876465,8.658008575439453,8.571429252624512,8.571429252624512,7.128929615020752,4851
2007-11-13,8.571429252624512,8.571429252624512,8.571429252624512,8.571429252624512,7.128929615020752,924
2007-11-14,8.640692710876465,8.640692710876465,8.571429252624512,8.5887451171875,7.143332481384277,4043
2007-11-15,8.571429252624512,8.571429252624512,8.571429252624512,8.571429252624512,7.128929615020752,231
2007-11-16,8.571429252624512,8.571429252624512,8.571429252624512,8.571429252624512,7.128929615020752,0
2007-11-19,8.571429252624512,8.744588851928711,8.441557884216309,8.441557884216309,7.0209174156188965,64103
2007-11-20,8.632035255432129,8.632035255432129,8.294371604919434,8.484848022460938,7.056918621063232,67337
2007-11-21,8.484848022460938,8.484848022460938,8.484848022460938,8.484848022460938,7.056918621063232,0
2007-11-23,8.26839828491211,8.294371604919434,8.26839828491211,8.26839828491211,6.87689733505249,462
2007-11-26,7.982684135437012,7.982684135437012,7.982684135437012,7.982684135437012,6.639265060424805,693
2007-11-27,7.974026203155518,7.974026203155518,7.974026203155518,7.974026203155518,6.632063865661621,116
2007-11-28,8.19913387298584,8.22510814666748,8.19913387298584,8.22510814666748,6.840889930725098,1617
2007-11-29,7.861472129821777,8.060606002807617,7.68831205368042,7.792208194732666,6.480844497680664,22985
2007-11-30,7.792208194732666,7.792208194732666,7.471860885620117,7.792208194732666,6.480844497680664,8894
2007-12-03,7.4112548828125,7.4112548828125,7.142857074737549,7.142857074737549,5.9407734870910645,1617
2007-12-04,7.679654121398926,7.740260124206543,7.463202953338623,7.740260124206543,6.437639236450195,3119
2007-12-05,7.792208194732666,7.792208194732666,7.402596950531006,7.792208194732666,6.480844497680664,4158
2007-12-06,7.7748918533325195,7.7748918533325195,7.7748918533325195,7.7748918533325195,6.466442108154297,578
2007-12-07,7.748918056488037,7.748918056488037,7.584415912628174,7.696969985961914,6.401634216308594,1386
2007-12-10,7.57575798034668,7.696969985961914,7.57575798034668,7.68831205368042,6.394432544708252,8432
2007-12-11,7.601731777191162,7.601731777191162,7.393939018249512,7.445887088775635,6.192806243896484,2426
2007-12-12,7.445887088775635,7.454545021057129,7.445887088775635,7.454545021057129,6.200008392333984,2079
2007-12-13,7.359306812286377,7.601731777191162,7.2813849449157715,7.57575798034668,6.300820350646973,6584
2007-12-14,7.29870080947876,7.3333330154418945,7.160172939300537,7.160172939300537,5.955174922943115,2657
2007-12-17,7.142857074737549,7.142857074737549,6.9264068603515625,6.9264068603515625,5.7607502937316895,8201
2007-12-18,7.523809909820557,7.523809909820557,6.502164840698242,6.744588851928711,5.609531402587891,5544
2007-12-19,7.21212100982666,7.21212100982666,6.207791805267334,6.458874225616455,5.371899127960205,19866
2007-12-20,6.320345878601074,6.70129919052124,6.147185802459717,6.450215816497803,5.364698886871338,6468
2007-12-21,6.709957122802734,6.8744587898254395,6.069263935089111,6.510822772979736,5.41510534286499,23216
2007-12-24,6.4328999519348145,6.709957122802734,6.320345878601074,6.709957122802734,5.5807294845581055,16055
2007-12-26,6.649351119995117,6.709957122802734,6.320345878601074,6.320345878601074,5.256682872772217,6584
2007-12-27,6.363636016845703,6.5887451171875,6.363636016845703,6.5887451171875,5.479914665222168,4967
2007-12-28,6.5887451171875,6.5887451171875,6.450215816497803,6.493505954742432,5.400703430175781,12243
2007-12-31,6.493505954742432,7.359306812286377,6.493505954742432,7.359306812286377,6.120796203613281,7970
2008-01-02,7.142857074737549,7.601731777191162,7.142857074737549,7.601731777191162,6.322423458099365,462
2008-01-03,7.636363983154297,7.636363983154297,7.09956693649292,7.497835159301758,6.236011981964111,2079
2008-01-04,7.757575988769531,7.757575988769531,7.645021915435791,7.645021915435791,6.358429431915283,231
2008-01-07,7.7748918533325195,7.7748918533325195,7.359306812286377,7.359306812286377,6.120796203613281,693
2008-01-08,7.359306812286377,7.359306812286377,6.98701286315918,6.98701286315918,5.8111572265625,12590
2008-01-09,6.969696998596191,7.878787994384766,6.969696998596191,7.359306812286377,6.1589555740356445,14091
2008-01-10,7.168830871582031,7.792208194732666,7.0735931396484375,7.601731777191162,6.361840724945068,7046
2008-01-11,7.792208194732666,7.818181991577148,7.437229156494141,7.792208194732666,6.521248817443848,1271
2008-01-14,8.008658409118652,8.008658409118652,8.008658409118652,8.008658409118652,6.702393054962158,347
2008-01-15,7.835497856140137,7.835497856140137,7.246753215789795,7.359306812286377,6.1589555740356445,4736
2008-01-16,7.645021915435791,7.9134202003479,7.497835159301758,7.653679847717285,6.405316352844238,24486
2008-01-17,7.653679847717285,7.826839923858643,7.350648880004883,7.350648880004883,6.151711940765381,14207
2008-01-18,7.290042877197266,7.627706050872803,6.883117198944092,6.883117198944092,5.760436058044434,43197
2008-01-22,6.883117198944092,7.038960933685303,6.857142925262451,6.883117198944092,5.760436058044434,5891
2008-01-23,6.753246784210205,6.805194854736328,6.753246784210205,6.805194854736328,5.695223331451416,3581
2008-01-24,6.6666669845581055,6.969696998596191,6.6666669845581055,6.969696998596191,5.832894325256348,5198
2008-01-25,6.9264068603515625,7.818181991577148,6.9264068603515625,7.818181991577148,6.5429863929748535,3003
2008-01-28,7.748918056488037,7.748918056488037,7.393939018249512,7.532467842102051,6.303874969482422,7392
2008-01-29,7.4112548828125,7.4112548828125,7.047618865966797,7.047618865966797,5.898107051849365,6353
2008-01-30,7.1255412101745605,7.272727012634277,7.1255412101745605,7.142857074737549,5.977810859680176,6353
2008-01-31,7.142857074737549,7.142857074737549,7.142857074737549,7.142857074737549,5.977810859680176,0
2008-02-01,6.917748928070068,7.792208194732666,6.917748928070068,7.792208194732666,6.521248817443848,6006
2008-02-04,7.445887088775635,7.714285850524902,7.264069080352783,7.653679847717285,6.405316352844238,2195
2008-02-05,7.792208194732666,7.792208194732666,7.316017150878906,7.316017150878906,6.12272834777832,3812
2008-02-06,7.341990947723389,7.341990947723389,6.9783549308776855,7.142857074737549,5.977810859680176,5544
2008-02-07,7.264069080352783,7.3246750831604,7.264069080352783,7.3246750831604,6.1299729347229,231
2008-02-08,6.98701286315918,7.3246750831604,6.98701286315918,7.082251071929932,5.927090644836426,2195
2008-02-11,7.064935207366943,7.151515007019043,6.909090995788574,7.151515007019043,5.9850568771362305,4620
2008-02-12,7.523809909820557,7.523809909820557,7.186147212982178,7.186147212982178,6.014039516448975,3581
2008-02-13,7.160172939300537,7.160172939300537,7.160172939300537,7.160172939300537,5.992302417755127,231
2008-02-14,7.160172939300537,7.160172939300537,7.160172939300537,7.160172939300537,5.992302417755127,0
2008-02-15,6.943723201751709,6.943723201751709,6.709957122802734,6.709957122802734,5.6155195236206055,2310
2008-02-19,7.142857074737549,7.142857074737549,6.510822772979736,6.5714287757873535,5.499586582183838,18596
2008-02-20,6.632034778594971,6.658009052276611,6.606060981750488,6.649351119995117,5.564798831939697,12590
2008-02-21,6.554112911224365,6.554112911224365,6.493505954742432,6.493505954742432,5.43437385559082,578
2008-02-22,6.580087184906006,7.186147212982178,6.580087184906006,7.047618865966797,5.898107051849365,11897
2008-02-25,7.056276798248291,7.056276798248291,6.6666669845581055,6.6753249168396,5.586537837982178,3812
2008-02-26,7.01298713684082,7.0216450691223145,6.727272987365723,6.917748928070068,5.789418697357178,1502
2008-02-27,6.658009052276611,7.168830871582031,6.580087184906006,7.168830871582031,5.999548435211182,3119
2008-02-28,6.753246784210205,7.004329204559326,6.744588851928711,7.004329204559326,5.861878871917725,22869
2008-02-29,6.917748928070068,7.004329204559326,6.839827060699463,7.004329204559326,5.861878871917725,924
2008-03-03,6.865800857543945,7.160172939300537,6.865800857543945,7.0216450691223145,5.876368999481201,13745
2008-03-04,7.01298713684082,7.01298713684082,7.01298713684082,7.01298713684082,5.869122505187988,1733
2008-03-05,6.917748928070068,6.917748928070068,6.796536922454834,6.796536922454834,5.687977313995361,462
2008-03-06,6.753246784210205,6.753246784210205,6.753246784210205,6.753246784210205,5.651749134063721,2772
2008-03-07,6.813852787017822,6.90043306350708,6.709957122802734,6.709957122802734,5.6155195236206055,4620
2008-03-10,6.580087184906006,6.580087184906006,6.580087184906006,6.580087184906006,5.506831169128418,809
2008-03-11,6.9264068603515625,6.9264068603515625,6.9264068603515625,6.9264068603515625,5.796665668487549,578
2008-03-12,6.831169128417969,7.056276798248291,6.831169128417969,7.056276798248291,5.9053521156311035,1386
2008-03-13,6.562770843505859,6.562770843505859,6.562770843505859,6.562770843505859,5.492341041564941,347
2008-03-14,6.8744587898254395,6.8744587898254395,6.8744587898254395,6.8744587898254395,5.753190994262695,231
2008-03-17,6.658009052276611,7.056276798248291,6.658009052276611,7.056276798248291,5.9053521156311035,924
2008-03-18,6.7186150550842285,6.7186150550842285,6.7186150550842285,6.7186150550842285,5.622766017913818,809
2008-03-19,6.709957122802734,6.753246784210205,6.640693187713623,6.640693187713623,5.557552337646484,5198
2008-03-20,6.683982849121094,6.683982849121094,6.683982849121094,6.683982849121094,5.593782901763916,231
2008-03-24,6.831169128417969,6.9264068603515625,6.6753249168396,6.6753249168396,5.586537837982178,5198
2008-03-25,6.6753249168396,6.6753249168396,6.6753249168396,6.6753249168396,5.586537837982178,0
2008-03-26,6.709957122802734,6.9264068603515625,6.709957122802734,6.9264068603515625,5.796665668487549,1848
2008-03-27,6.7186150550842285,6.7186150550842285,6.709957122802734,6.709957122802734,5.6155195236206055,231
2008-03-28,6.597403049468994,6.753246784210205,6.597403049468994,6.753246784210205,5.651749134063721,1386
2008-03-31,6.623376846313477,6.796536922454834,6.623376846313477,6.796536922454834,5.687977313995361,3581
2008-04-01,6.796536922454834,6.796536922454834,6.796536922454834,6.796536922454834,5.687977313995361,0
2008-04-02,6.839827060699463,6.839827060699463,6.623376846313477,6.623376846313477,5.543062210083008,3234
2008-04-03,6.623376846313477,6.623376846313477,6.623376846313477,6.623376846313477,5.543062210083008,0
2008-04-04,6.623376846313477,6.623376846313477,6.623376846313477,6.623376846313477,5.543062210083008,0
2008-04-07,6.580087184906006,6.9264068603515625,6.580087184906006,6.9264068603515625,5.796665668487549,924
2008-04-08,6.709957122802734,6.709957122802734,6.580087184906006,6.692640781402588,5.601028919219971,1040
2008-04-09,6.536797046661377,6.536797046661377,6.406926155090332,6.406926155090332,5.396823406219482,1848
2008-04-10,6.580087184906006,6.709957122802734,6.580087184906006,6.709957122802734,5.652079105377197,231
2008-04-11,6.441557884216309,6.753246784210205,6.441557884216309,6.528139114379883,5.498926162719727,1502
2008-04-14,6.796536922454834,6.831169128417969,6.372293949127197,6.372293949127197,5.367650985717773,462
2008-04-15,6.5887451171875,6.5887451171875,6.415584087371826,6.450215816497803,5.433289527893066,1386
2008-04-16,6.536797046661377,6.536797046661377,6.536797046661377,6.536797046661377,5.506220817565918,462
2008-04-17,6.493505954742432,6.493505954742432,6.493505954742432,6.493505954742432,5.469753742218018,347
2008-04-18,6.709957122802734,6.709957122802734,6.493505954742432,6.493505954742432,5.469753742218018,347
2008-04-21,6.493505954742432,6.493505954742432,6.493505954742432,6.493505954742432,5.469753742218018,116
2008-04-22,6.6666669845581055,6.6666669845581055,6.493505954742432,6.493505954742432,5.469753742218018,347
2008-04-23,6.6666669845581055,6.6666669845581055,6.6666669845581055,6.6666669845581055,5.615612983703613,116
2008-04-24,6.6666669845581055,6.831169128417969,6.6666669845581055,6.796536922454834,5.725008010864258,1155
2008-04-25,6.839827060699463,6.917748928070068,6.831169128417969,6.883117198944092,5.797938823699951,2772
2008-04-28,6.917748928070068,6.917748928070068,6.839827060699463,6.917748928070068,5.827110290527344,2657
2008-04-29,6.917748928070068,6.917748928070068,6.917748928070068,6.917748928070068,5.827110290527344,0
2008-04-30,6.9264068603515625,7.004329204559326,6.502164840698242,6.580087184906006,5.542683124542236,2426
2008-05-01,6.519481182098389,6.536797046661377,6.519481182098389,6.536797046661377,5.506220817565918,231
2008-05-02,6.839827060699463,6.839827060699463,6.805194854736328,6.831169128417969,5.754181385040283,2426
2008-05-05,6.831169128417969,6.831169128417969,6.831169128417969,6.831169128417969,5.754181385040283,0
2008-05-06,6.917748928070068,6.9783549308776855,6.493505954742432,6.9264068603515625,5.834403991699219,4851
2008-05-07,6.796536922454834,6.796536922454834,6.493505954742432,6.493505954742432,5.469753742218018,5198
2008-05-08,6.580087184906006,6.831169128417969,6.406926155090332,6.406926155090332,5.396823406219482,6122
2008-05-09,6.831169128417969,6.839827060699463,6.406926155090332,6.406926155090332,5.396823406219482,1155
2008-05-12,6.493505954742432,6.493505954742432,6.493505954742432,6.493505954742432,5.469753742218018,231
2008-05-13,6.709957122802734,6.709957122802734,6.709957122802734,6.709957122802734,5.652079105377197,347
2008-05-14,6.709957122802734,6.709957122802734,6.709957122802734,6.709957122802734,5.652079105377197,0
2008-05-15,6.709957122802734,6.709957122802734,6.709957122802734,6.709957122802734,5.652079105377197,0
2008-05-16,6.519481182098389,6.519481182098389,6.406926155090332,6.406926155090332,5.396823406219482,5198
2008-05-19,6.580087184906006,6.709957122802734,6.406926155090332,6.493505954742432,5.469753742218018,4505
2008-05-20,6.502164840698242,6.502164840698242,6.493505954742432,6.493505954742432,5.469753742218018,347
2008-05-21,6.493505954742432,6.683982849121094,6.493505954742432,6.683982849121094,5.630200386047363,1617
2008-05-22,6.493505954742432,6.493505954742432,6.354978084564209,6.354978084564209,5.353066444396973,3581
2008-05-23,6.354978084564209,6.354978084564209,6.354978084564209,6.354978084564209,5.353066444396973,0
2008-05-27,6.285714149475098,6.285714149475098,6.285714149475098,6.285714149475098,5.294721603393555,1617
2008-05-28,6.285714149475098,6.285714149475098,6.285714149475098,6.285714149475098,5.294721603393555,462
2008-05-29,6.2770562171936035,6.346320152282715,6.190475940704346,6.2770562171936035,5.28742790222168,18480
2008-05-30,6.2770562171936035,6.2770562171936035,6.2770562171936035,6.2770562171936035,5.28742790222168,0
2008-06-02,6.493505954742432,6.493505954742432,6.4848480224609375,6.493505954742432,5.469753742218018,3696
2008-06-03,6.6666669845581055,6.6666669845581055,6.493505954742432,6.493505954742432,5.469753742218018,4736
2008-06-04,6.493505954742432,6.493505954742432,6.493505954742432,6.493505954742432,5.469753742218018,0
2008-06-05,6.493505954742432,6.493505954742432,6.493505954742432,6.493505954742432,5.469753742218018,0
2008-06-06,6.4328999519348145,6.510822772979736,6.2770562171936035,6.2770562171936035,5.28742790222168,3234
2008-06-09,6.2770562171936035,6.2770562171936035,6.2770562171936035,6.2770562171936035,5.28742790222168,0
2008-06-10,6.2770562171936035,6.467532157897949,6.190475940704346,6.467532157897949,5.447874546051025,3119
2008-06-11,6.5,6.5,6.245454788208008,6.490909099578857,5.467566013336182,990
2008-06-12,6.490909099578857,6.490909099578857,6.490909099578857,6.490909099578857,5.467566013336182,0
2008-06-13,6.454545021057129,6.5,6.454545021057129,6.454545021057129,5.436934471130371,2640
2008-06-16,6.318181991577148,6.490909099578857,6.318181991577148,6.490909099578857,5.467566013336182,770
2008-06-17,6.318181991577148,6.5,6.309091091156006,6.5,5.475224018096924,1210
2008-06-18,6.5,6.5,6.5,6.5,5.475224018096924,0
2008-06-19,6.363636016845703,6.363636016845703,6.363636016845703,6.363636016845703,5.360357761383057,550
2008-06-20,6.363636016845703,6.363636016845703,6.363636016845703,6.363636016845703,5.360357761383057,0
2008-06-23,6.127273082733154,6.254545211791992,5.827272891998291,6.254545211791992,5.268467426300049,6160
2008-06-24,5.900000095367432,6.009090900421143,5.900000095367432,6.0,5.05405330657959,880
2008-06-25,6.0363640785217285,6.0363640785217285,5.827272891998291,6.018181800842285,5.069368839263916,3960
2008-06-26,5.827272891998291,6.009090900421143,5.827272891998291,6.009090900421143,5.061710357666016,2420
2008-06-27,5.827272891998291,5.900000095367432,5.827272891998291,5.890909194946289,4.962161064147949,1430
2008-06-30,5.699999809265137,6.318181991577148,5.636363983154297,6.318181991577148,5.322071075439453,3410
2008-07-01,5.93636417388916,5.93636417388916,5.78181791305542,5.78181791305542,4.870269298553467,2310
2008-07-02,5.990909099578857,6.318181991577148,5.990909099578857,6.318181991577148,5.322071075439453,3520
2008-07-03,6.318181991577148,6.318181991577148,6.318181991577148,6.318181991577148,5.322071075439453,0
2008-07-07,5.71818208694458,5.836363792419434,5.454545021057129,5.599999904632568,4.717116832733154,3960
2008-07-08,5.681818008422852,5.754545211791992,5.663636207580566,5.754545211791992,4.84729528427124,1210
2008-07-09,5.663636207580566,5.663636207580566,5.663636207580566,5.663636207580566,4.808703899383545,550
2008-07-10,5.590909004211426,6.21818208694458,5.099999904632568,6.21818208694458,5.279539108276367,3190
2008-07-11,6.21818208694458,6.21818208694458,6.21818208694458,6.21818208694458,5.279539108276367,0
2008-07-14,6.21818208694458,6.21818208694458,6.21818208694458,6.21818208694458,5.279539108276367,0
2008-07-15,5.554544925689697,5.609090805053711,5.554544925689697,5.581818103790283,4.739236831665039,880
2008-07-16,5.554544925689697,6.090909004211426,5.527273178100586,6.090909004211426,5.17147970199585,1320
2008-07-17,6.090909004211426,6.090909004211426,6.090909004211426,6.090909004211426,5.17147970199585,0
2008-07-18,6.090909004211426,6.090909004211426,6.090909004211426,6.090909004211426,5.17147970199585,0
2008-07-21,6.090909004211426,6.090909004211426,6.090909004211426,6.090909004211426,5.17147970199585,0
2008-07-22,6.090909004211426,6.090909004211426,6.090909004211426,6.090909004211426,5.17147970199585,0
2008-07-23,5.909090995788574,5.918181896209717,5.909090995788574,5.918181896209717,5.024824142456055,2310
2008-07-24,6.0363640785217285,6.0363640785217285,5.545454978942871,5.56363582611084,4.723797798156738,2530
2008-07-25,6.190908908843994,6.190908908843994,6.190908908843994,6.190908908843994,5.256381988525391,220
2008-07-28,6.181818008422852,6.181818008422852,6.0,6.0,5.094291687011719,5830
2008-07-29,5.554544925689697,6.181818008422852,5.554544925689697,6.172727108001709,5.2409467697143555,1980
2008-07-30,5.672727108001709,5.990909099578857,5.654544830322266,5.727272987365723,4.862733364105225,1540
2008-07-31,5.918181896209717,5.918181896209717,5.900000095367432,5.900000095367432,5.00938606262207,1210
2008-08-01,5.627273082733154,6.090909004211426,5.572727203369141,5.909090995788574,5.017105579376221,3630
2008-08-04,5.990909099578857,5.990909099578857,5.909090995788574,5.909090995788574,5.017105579376221,3300
2008-08-05,5.754545211791992,5.818181991577148,5.5,5.5,4.669766902923584,2970
2008-08-06,5.5,5.881817817687988,5.363636016845703,5.681818008422852,4.824141502380371,1540
2008-08-07,5.363636016845703,5.363636016845703,5.363636016845703,5.363636016845703,4.553988933563232,110
2008-08-08,5.900000095367432,6.190908908843994,5.763636112213135,5.763636112213135,4.893608570098877,1210
2008-08-11,5.4636359214782715,5.754545211791992,5.4636359214782715,5.472726821899414,4.646611213684082,440
2008-08-12,5.454545021057129,6.027273178100586,5.363636016845703,5.390909194946289,4.577144622802734,4950
2008-08-13,5.445455074310303,5.445455074310303,5.445455074310303,5.445455074310303,4.623456954956055,440
2008-08-14,5.827272891998291,5.909090995788574,5.4636359214782715,5.909090995788574,5.017105579376221,660
2008-08-15,5.481818199157715,5.745454788208008,5.4636359214782715,5.56363582611084,4.723797798156738,1870
2008-08-18,5.56363582611084,5.56363582611084,5.454545021057129,5.454545021057129,4.6311726570129395,330
2008-08-19,5.381817817687988,5.627273082733154,5.363636016845703,5.627273082733154,4.777828216552734,6380
2008-08-20,5.627273082733154,5.627273082733154,5.627273082733154,5.627273082733154,4.777828216552734,0
2008-08-21,5.627273082733154,5.627273082733154,5.627273082733154,5.627273082733154,4.777828216552734,0
2008-08-22,5.627273082733154,5.627273082733154,5.627273082733154,5.627273082733154,4.777828216552734,0
2008-08-25,5.454545021057129,5.454545021057129,5.363636016845703,5.363636016845703,4.553988933563232,220
2008-08-26,5.363636016845703,5.363636016845703,5.363636016845703,5.363636016845703,4.553988933563232,0
2008-08-27,5.809091091156006,5.809091091156006,5.272727012634277,5.272727012634277,4.476803302764893,330
2008-08-28,5.236363887786865,5.309091091156006,4.954545021057129,5.127273082733154,4.353305339813232,3190
2008-08-29,5.318181991577148,5.909090995788574,5.2090911865234375,5.2090911865234375,4.422770977020264,5170
2008-09-02,5.227272987365723,5.681818008422852,5.0,5.0,4.245243072509766,5500
2008-09-03,5.21818208694458,5.454545021057129,5.21818208694458,5.454545021057129,4.6311726570129395,990
2008-09-04,5.454545021057129,5.454545021057129,5.21818208694458,5.227272987365723,4.438209533691406,8140
2008-09-05,5.227272987365723,5.227272987365723,5.227272987365723,5.227272987365723,4.438209533691406,0
2008-09-08,5.054544925689697,5.5,5.054544925689697,5.5,4.669766902923584,1320
2008-09-09,5.5,5.5,5.5,5.5,4.669766902923584,0
2008-09-10,5.045454978942871,5.227272987365723,4.918181896209717,5.045454978942871,4.283837795257568,3740
2008-09-11,5.2090911865234375,5.2090911865234375,5.009090900421143,5.009090900421143,4.252963066101074,220
2008-09-12,5.0,5.090909004211426,5.0,5.090909004211426,4.32243013381958,440
2008-09-15,5.0,5.0,5.0,5.0,4.245243072509766,440
2008-09-16,4.836363792419434,5.045454978942871,4.636363983154297,5.045454978942871,4.283837795257568,6380
2008-09-17,4.6454548835754395,4.990909099578857,4.636363983154297,4.954545021057129,4.206650257110596,7040
2008-09-18,4.981818199157715,5.090909004211426,4.545454978942871,5.090909004211426,4.32243013381958,2640
2008-09-19,5.090909004211426,5.090909004211426,4.545454978942871,4.636363983154297,3.9364981651306152,2310
2008-09-22,4.727272987365723,4.727272987365723,4.481818199157715,4.481818199157715,3.8052818775177,3300
2008-09-23,4.727272987365723,5.027273178100586,4.727272987365723,4.727272987365723,4.0136847496032715,2310
2008-09-24,4.727272987365723,4.727272987365723,4.727272987365723,4.727272987365723,4.0136847496032715,0
2008-09-25,4.490909099578857,4.9636359214782715,4.481818199157715,4.9636359214782715,4.2143683433532715,4950
2008-09-26,4.318181991577148,4.409090995788574,4.2909088134765625,4.409090995788574,3.743533134460449,1870
2008-09-29,3.7363638877868652,6.363636016845703,3.636363983154297,4.2909088134765625,3.643190383911133,1650
2008-09-30,3.909090995788574,3.909090995788574,3.636363983154297,3.636363983154297,3.0874502658843994,16610
2008-10-01,3.827272891998291,3.909090995788574,3.636363983154297,3.909090995788574,3.319009304046631,3850
2008-10-02,4.0363640785217285,4.045454978942871,4.0363640785217285,4.045454978942871,3.434788227081299,2200
2008-10-03,4.045454978942871,4.090909004211426,3.6818180084228516,3.6818180084228516,3.1260428428649902,6050
2008-10-06,4.5363640785217285,4.5363640785217285,3.636363983154297,3.636363983154297,3.0874502658843994,1760
2008-10-07,4.090909004211426,4.090909004211426,3.8181819915771484,4.0,3.3961949348449707,12100
2008-10-08,3.636363983154297,3.9909090995788574,3.245455026626587,3.9909090995788574,3.3884763717651367,6160
2008-10-09,3.636363983154297,3.636363983154297,2.5545449256896973,2.5545449256896973,2.1689326763153076,13970
2008-10-10,2.7272729873657227,3.636363983154297,2.7272729873657227,3.636363983154297,3.0874502658843994,4950
2008-10-13,3.8181819915771484,4.0,3.8181819915771484,4.0,3.3961949348449707,5390
2008-10-14,4.090909004211426,4.090909004211426,3.1636359691619873,4.081818103790283,3.4656615257263184,9020
2008-10-15,3.590909004211426,3.799999952316284,3.590909004211426,3.590909004211426,3.048856496810913,5500
2008-10-16,3.799999952316284,3.909090995788574,3.200000047683716,3.636363983154297,3.0874502658843994,3960
2008-10-17,3.754544973373413,3.754544973373413,3.71818208694458,3.71818208694458,3.1569180488586426,990
2008-10-20,3.8363640308380127,3.8363640308380127,3.8363640308380127,3.8363640308380127,3.2572598457336426,330
2008-10-21,3.8363640308380127,3.8363640308380127,3.8363640308380127,3.8363640308380127,3.2572598457336426,0
2008-10-22,3.8363640308380127,3.8363640308380127,3.8363640308380127,3.8363640308380127,3.2572598457336426,0
2008-10-23,3.4454550743103027,3.636363983154297,3.363636016845703,3.636363983154297,3.0874502658843994,550
2008-10-24,3.636363983154297,3.636363983154297,3.636363983154297,3.636363983154297,3.0874502658843994,0
2008-10-27,3.636363983154297,3.636363983154297,3.636363983154297,3.636363983154297,3.0874502658843994,0
2008-10-28,3.28181791305542,3.28181791305542,2.9818179607391357,3.2727270126342773,2.7787046432495117,10890
2008-10-29,3.2727270126342773,3.409090995788574,3.2727270126342773,3.409090995788574,2.894484281539917,440
2008-10-30,3.409090995788574,3.409090995788574,3.409090995788574,3.409090995788574,2.894484281539917,0
2008-10-31,3.636363983154297,3.636363983154297,3.6272730827331543,3.636363983154297,3.0874502658843994,6600
2008-11-03,3.636363983154297,3.636363983154297,3.636363983154297,3.636363983154297,3.0874502658843994,0
2008-11-04,3.7636361122131348,3.909090995788574,3.7636361122131348,3.9000000953674316,3.3112897872924805,2750
2008-11-05,3.9000000953674316,3.9000000953674316,3.9000000953674316,3.9000000953674316,3.3112897872924805,0
2008-11-06,3.6818180084228516,4.0,3.6818180084228516,4.0,3.3961949348449707,5830
2008-11-07,4.0,4.0,4.0,4.0,3.3961949348449707,0
2008-11-10,3.78181791305542,3.78181791305542,3.6818180084228516,3.6818180084228516,3.1260428428649902,330
2008-11-11,3.672727108001709,3.7272729873657227,3.672727108001709,3.7272729873657227,3.1646366119384766,990
2008-11-12,3.672727108001709,3.672727108001709,3.0363640785217285,3.636363983154297,3.0874502658843994,2640
2008-11-13,3.190908908843994,3.636363983154297,3.190908908843994,3.636363983154297,3.0874502658843994,1760
2008-11-14,3.636363983154297,3.636363983154297,3.636363983154297,3.636363983154297,3.0874502658843994,0
2008-11-17,3.636363983154297,3.636363983154297,3.636363983154297,3.636363983154297,3.0874502658843994,0
2008-11-18,3.636363983154297,3.636363983154297,3.636363983154297,3.636363983154297,3.0874502658843994,0
2008-11-19,3.418181896209717,3.5999999046325684,3.418181896209717,3.5999999046325684,3.056575059890747,1760
2008-11-20,3.5181820392608643,3.5181820392608643,3.5181820392608643,3.5181820392608643,2.9871087074279785,220
2008-11-21,3.39090895652771,3.39090895652771,3.39090895652771,3.39090895652771,2.879047393798828,1100
2008-11-24,3.3181819915771484,3.6272730827331543,3.309091091156006,3.6272730827331543,3.0797321796417236,2420
2008-11-25,3.636363983154297,4.300000190734863,3.636363983154297,4.300000190734863,3.650909662246704,4840
2008-11-26,3.6272730827331543,4.309091091156006,3.6272730827331543,4.309091091156006,3.65862774848938,4950
2008-11-28,4.400000095367432,4.409090995788574,4.400000095367432,4.409090995788574,3.743533134460449,440
2008-12-01,4.372726917266846,4.372726917266846,4.090909004211426,4.254545211791992,3.612316608428955,2530
2008-12-02,3.8454549312591553,3.8454549312591553,3.8454549312591553,3.8454549312591553,3.2649784088134766,330
2008-12-03,3.8454549312591553,3.8454549312591553,3.8454549312591553,3.8454549312591553,3.2649784088134766,0
2008-12-04,3.909090995788574,4.0,3.909090995788574,4.0,3.3961949348449707,1430
2008-12-05,3.909090995788574,4.199999809265137,3.8181819915771484,4.090909004211426,3.473381280899048,2530
2008-12-08,4.199999809265137,4.199999809265137,3.863636016845703,3.9818179607391357,3.380758047103882,1760
2008-12-09,3.6818180084228516,4.227272987365723,3.6818180084228516,4.227272987365723,3.5891613960266113,660
2008-12-10,4.21818208694458,4.227272987365723,3.8181819915771484,3.8181819915771484,3.2418220043182373,4290
2008-12-11,3.863636016845703,3.89090895652771,3.454545021057129,3.690908908843994,3.133761405944824,15290
2008-12-12,4.06363582611084,4.06363582611084,3.454545021057129,3.954545021057129,3.3576018810272217,1100
2008-12-15,3.954545021057129,3.954545021057129,3.954545021057129,3.954545021057129,3.3576018810272217,0
2008-12-16,3.7727270126342773,3.7727270126342773,3.6818180084228516,3.7727270126342773,3.2032289505004883,2970
2008-12-17,3.7727270126342773,3.7727270126342773,3.7727270126342773,3.7727270126342773,3.2032289505004883,0
2008-12-18,3.454545021057129,3.454545021057129,3.454545021057129,3.454545021057129,2.9330763816833496,330
2008-12-19,3.454545021057129,3.454545021057129,3.409090995788574,3.409090995788574,2.894484281539917,880
2008-12-22,3.409090995788574,3.409090995788574,3.409090995788574,3.409090995788574,2.894484281539917,0
2008-12-23,3.545454978942871,3.636363983154297,3.545454978942871,3.636363983154297,3.0874502658843994,1100
2008-12-24,3.454545021057129,3.5999999046325684,3.1454548835754395,3.5999999046325684,3.056575059890747,10010
2008-12-26,3.409090995788574,3.409090995788574,2.909090995788574,3.299999952316284,2.8018605709075928,31020
2008-12-29,2.8454549312591553,3.409090995788574,2.7727270126342773,3.409090995788574,2.894484281539917,11220
2008-12-30,3.363636016845703,3.4000000953674316,3.254544973373413,3.3181819915771484,2.817298173904419,14410
2008-12-31,3.5363640785217285,3.545454978942871,3.2272729873657227,3.545454978942871,3.0102648735046387,13750
2009-01-02,3.2363638877868652,3.545454978942871,3.2363638877868652,3.545454978942871,3.0102648735046387,220
2009-01-05,3.363636016845703,3.545454978942871,3.363636016845703,3.545454978942871,3.0102648735046387,660
2009-01-06,3.545454978942871,3.545454978942871,3.545454978942871,3.545454978942871,3.0102648735046387,0
2009-01-07,3.545454978942871,3.636363983154297,3.454545021057129,3.545454978942871,3.0102648735046387,4840
2009-01-08,3.545454978942871,3.545454978942871,3.545454978942871,3.545454978942871,3.0102648735046387,0
2009-01-09,3.545454978942871,3.545454978942871,3.545454978942871,3.545454978942871,3.0102648735046387,0
2009-01-12,3.545454978942871,3.545454978942871,3.545454978942871,3.545454978942871,3.0102648735046387,0
2009-01-13,3.2363638877868652,3.327272891998291,3.090909004211426,3.090909004211426,2.6243319511413574,2750
2009-01-14,2.809091091156006,3.190908908843994,2.809091091156006,3.172727108001709,2.693800210952759,5060
2009-01-15,3.172727108001709,3.172727108001709,3.172727108001709,3.172727108001709,2.693800210952759,0
2009-01-16,2.954545021057129,3.1454548835754395,2.954545021057129,3.1454548835754395,2.670644521713257,2310
2009-01-20,3.0999999046325684,3.309091091156006,3.090909004211426,3.090909004211426,2.6243319511413574,8910
2009-01-21,3.090909004211426,3.0999999046325684,3.090909004211426,3.090909004211426,2.6243319511413574,1870
2009-01-22,3.0363640785217285,3.3545451164245605,3.027272939682007,3.3545451164245605,2.848172426223755,3300
2009-01-23,3.309091091156006,3.3181819915771484,3.309091091156006,3.3181819915771484,2.817298173904419,440
2009-01-26,3.045454978942871,3.045454978942871,2.7727270126342773,2.936363935470581,2.4931159019470215,13640
2009-01-27,3.136363983154297,3.136363983154297,3.136363983154297,3.136363983154297,2.662925958633423,330
2009-01-28,3.136363983154297,3.136363983154297,3.136363983154297,3.136363983154297,2.662925958633423,0
2009-01-29,2.9636359214782715,3.027272939682007,2.827272891998291,3.027272939682007,2.5703024864196777,2860
2009-01-30,3.027272939682007,3.027272939682007,3.027272939682007,3.027272939682007,2.5703024864196777,0
2009-02-02,2.9909090995788574,3.200000047683716,2.9636359214782715,3.200000047683716,2.7169559001922607,880
2009-02-03,3.1818180084228516,3.1818180084228516,3.1818180084228516,3.1818180084228516,2.7015185356140137,1100
2009-02-04,3.1454548835754395,3.1818180084228516,3.136363983154297,3.1818180084228516,2.7015185356140137,550
2009-02-05,3.136363983154297,3.172727108001709,3.0,3.172727108001709,2.693800210952759,2640
2009-02-06,3.1636359691619873,3.1636359691619873,3.1636359691619873,3.1636359691619873,2.686081886291504,220
2009-02-09,3.1454548835754395,3.1818180084228516,3.136363983154297,3.1818180084228516,2.7015185356140137,770
2009-02-10,3.1454548835754395,3.327272891998291,3.136363983154297,3.327272891998291,2.825017213821411,3520
2009-02-11,3.245455026626587,3.245455026626587,3.245455026626587,3.245455026626587,2.7555501461029053,110
2009-02-12,3.2090909481048584,3.21818208694458,2.972727060317993,3.21818208694458,2.732393264770508,1210
2009-02-13,3.21818208694458,3.21818208694458,3.21818208694458,3.21818208694458,2.732393264770508,0
2009-02-17,3.21818208694458,3.21818208694458,3.21818208694458,3.21818208694458,2.732393264770508,0
2009-02-18,3.21818208694458,3.21818208694458,3.21818208694458,3.21818208694458,2.732393264770508,0
2009-02-19,3.136363983154297,3.136363983154297,3.0545449256896973,3.090909004211426,2.6243319511413574,7920
2009-02-20,3.090909004211426,3.090909004211426,2.7909090518951416,2.9272730350494385,2.4853975772857666,3960
2009-02-23,3.1181819438934326,3.1818180084228516,3.1181819438934326,3.1818180084228516,2.7015185356140137,770
2009-02-24,3.136363983154297,3.2272729873657227,3.090909004211426,3.090909004211426,2.6243319511413574,550
2009-02-25,3.090909004211426,3.090909004211426,3.090909004211426,3.090909004211426,2.6243319511413574,0
2009-02-26,2.909090995788574,3.254544973373413,2.909090995788574,2.9454550743103027,2.5008347034454346,8800
2009-02-27,2.7272729873657227,3.0999999046325684,2.7272729873657227,3.0,2.5471458435058594,5610
2009-03-02,2.954545021057129,2.954545021057129,2.954545021057129,2.954545021057129,2.508552312850952,330
2009-03-03,3.045454978942871,3.045454978942871,3.0,3.0,2.5471458435058594,550
2009-03-04,3.0,3.0,3.0,3.0,2.5471458435058594,330
2009-03-05,3.0,3.136363983154297,2.909090995788574,3.136363983154297,2.662925958633423,1760
2009-03-06,2.918181896209717,3.045454978942871,2.5,2.5,2.122621536254883,4620
2009-03-09,2.8181819915771484,2.8181819915771484,2.5090909004211426,2.690908908843994,2.284712791442871,3520
2009-03-10,2.8181819915771484,2.8181819915771484,2.8181819915771484,2.8181819915771484,2.3927743434906006,110
2009-03-11,2.909090995788574,2.909090995788574,2.7727270126342773,2.7727270126342773,2.354179859161377,9680
2009-03-12,2.8181819915771484,2.8181819915771484,2.5090909004211426,2.7272729873657227,2.315586805343628,6160
2009-03-13,2.545454978942871,2.545454978942871,2.545454978942871,2.545454978942871,2.1612155437469482,110
2009-03-16,2.8545451164245605,2.8545451164245605,2.7272729873657227,2.7272729873657227,2.315586805343628,1320
2009-03-17,2.7272729873657227,2.7272729873657227,2.7272729873657227,2.7272729873657227,2.315586805343628,220
2009-03-18,2.7272729873657227,2.7272729873657227,2.7272729873657227,2.7272729873657227,2.315586805343628,0
2009-03-19,2.7272729873657227,2.7272729873657227,2.7272729873657227,2.7272729873657227,2.315586805343628,0
2009-03-20,2.7272729873657227,2.7272729873657227,2.7272729873657227,2.7272729873657227,2.315586805343628,0
2009-03-23,2.7272729873657227,2.7272729873657227,2.690908908843994,2.7272729873657227,2.315586805343628,3410
2009-03-24,2.7272729873657227,2.7272729873657227,2.7272729873657227,2.7272729873657227,2.315586805343628,1100
2009-03-25,2.809091091156006,2.809091091156006,2.809091091156006,2.809091091156006,2.38505482673645,220
2009-03-26,2.8181819915771484,2.827272891998291,2.71818208694458,2.71818208694458,2.3078689575195312,5830
2009-03-27,2.71818208694458,2.8181819915771484,2.71818208694458,2.799999952316284,2.3773367404937744,4290
2009-03-30,2.799999952316284,2.799999952316284,2.799999952316284,2.799999952316284,2.3773367404937744,0
2009-03-31,2.71818208694458,2.936363935470581,2.2727270126342773,2.9000000953674316,2.46224045753479,29480
2009-04-01,2.5545449256896973,2.9454550743103027,2.5545449256896973,2.9454550743103027,2.5008347034454346,440
2009-04-02,2.9454550743103027,2.9454550743103027,2.9454550743103027,2.9454550743103027,2.5008347034454346,0
2009-04-03,2.8181819915771484,2.8181819915771484,2.809091091156006,2.809091091156006,2.38505482673645,2530
2009-04-06,2.745455026626587,2.745455026626587,2.7090909481048584,2.7272729873657227,2.315586805343628,3410
2009-04-07,2.7272729873657227,2.7272729873657227,2.690908908843994,2.7272729873657227,2.315586805343628,990
2009-04-08,2.7727270126342773,2.809091091156006,2.7272729873657227,2.809091091156006,2.38505482673645,2970
2009-04-09,2.809091091156006,3.1818180084228516,2.809091091156006,3.172727108001709,2.693800210952759,1320
2009-04-13,3.1818180084228516,3.2636361122131348,2.909090995788574,3.2636361122131348,2.770986557006836,990
2009-04-14,3.409090995788574,3.409090995788574,3.409090995788574,3.409090995788574,2.894484281539917,220
2009-04-15,3.136363983154297,3.1454548835754395,3.136363983154297,3.136363983154297,2.662925958633423,2640
2009-04-16,3.1818180084228516,3.472727060317993,3.090909004211426,3.472727060317993,2.948514938354492,2090
2009-04-17,3.454545021057129,3.636363983154297,3.3181819915771484,3.472727060317993,2.948514938354492,2860
2009-04-20,3.472727060317993,3.472727060317993,3.472727060317993,3.472727060317993,2.948514938354492,0
2009-04-21,3.472727060317993,3.472727060317993,3.472727060317993,3.472727060317993,2.948514938354492,0
2009-04-22,3.409090995788574,3.590909004211426,3.363636016845703,3.590909004211426,3.048856496810913,330
2009-04-23,4.072727203369141,4.072727203369141,3.418181896209717,3.418181896209717,2.90220308303833,3850
2009-04-24,3.636363983154297,3.636363983154297,3.3727269172668457,3.4000000953674316,2.886765956878662,8690
2009-04-27,3.454545021057129,3.454545021057129,3.3181819915771484,3.39090895652771,2.879047393798828,1320
2009-04-28,3.327272891998291,3.327272891998291,3.3181819915771484,3.3181819915771484,2.817298173904419,220
2009-04-29,3.7636361122131348,3.7636361122131348,3.409090995788574,3.409090995788574,2.894484281539917,3630
2009-04-30,3.409090995788574,3.409090995788574,3.3181819915771484,3.3181819915771484,2.817298173904419,5830
2009-05-01,3.409090995788574,3.409090995788574,3.409090995788574,3.409090995788574,2.894484281539917,110
2009-05-04,3.3181819915771484,3.409090995788574,3.3181819915771484,3.409090995788574,2.894484281539917,2750
2009-05-05,3.4000000953674316,3.4000000953674316,3.4000000953674316,3.4000000953674316,2.886765956878662,110
2009-05-06,3.409090995788574,3.409090995788574,3.409090995788574,3.409090995788574,2.894484281539917,3740
2009-05-07,3.7090909481048584,3.7090909481048584,3.3181819915771484,3.3181819915771484,2.817298173904419,9680
2009-05-08,3.3181819915771484,3.409090995788574,3.2727270126342773,3.409090995788574,2.894484281539917,3520
2009-05-11,3.409090995788574,3.409090995788574,3.409090995788574,3.409090995788574,2.894484281539917,0
2009-05-12,3.363636016845703,3.4000000953674316,3.3181819915771484,3.4000000953674316,2.886765956878662,660
2009-05-13,3.4000000953674316,3.4000000953674316,3.4000000953674316,3.4000000953674316,2.886765956878662,0
2009-05-14,3.363636016845703,3.363636016845703,3.3181819915771484,3.363636016845703,2.8558905124664307,5500
2009-05-15,3.409090995788574,3.409090995788574,3.3181819915771484,3.409090995788574,2.894484281539917,1430
2009-05-18,3.363636016845703,3.409090995788574,3.363636016845703,3.409090995788574,2.894484281539917,880
2009-05-19,3.454545021057129,3.454545021057129,3.409090995788574,3.409090995788574,2.894484281539917,770
2009-05-20,3.409090995788574,3.409090995788574,3.409090995788574,3.409090995788574,2.894484281539917,0
2009-05-21,3.409090995788574,3.409090995788574,3.409090995788574,3.409090995788574,2.894484281539917,0
2009-05-22,3.363636016845703,3.363636016845703,3.3181819915771484,3.3181819915771484,2.817298173904419,550
2009-05-26,3.3181819915771484,3.3181819915771484,3.3181819915771484,3.3181819915771484,2.817298173904419,0
2009-05-27,3.363636016845703,3.363636016845703,3.3363640308380127,3.3363640308380127,2.832735776901245,220
2009-05-28,3.409090995788574,3.409090995788574,3.363636016845703,3.363636016845703,2.8558905124664307,4950
2009-05-29,3.409090995788574,3.545454978942871,3.254544973373413,3.545454978942871,3.0102648735046387,4400
2009-06-01,3.0363640785217285,3.4000000953674316,3.0363640785217285,3.4000000953674316,2.886765956878662,3630
2009-06-02,3.4000000953674316,3.4000000953674316,3.4000000953674316,3.4000000953674316,2.886765956878662,0
2009-06-03,3.4000000953674316,3.4000000953674316,3.4000000953674316,3.4000000953674316,2.886765956878662,330
2009-06-04,3.39090895652771,3.409090995788574,3.39090895652771,3.409090995788574,2.894484281539917,5830
2009-06-05,3.3454549312591553,3.436363935470581,3.3454549312591553,3.409090995788574,2.894484281539917,8250
2009-06-08,3.190908908843994,3.4818179607391357,3.190908908843994,3.4818179607391357,2.956233263015747,1430
2009-06-09,3.5,3.5090909004211426,3.454545021057129,3.454545021057129,2.9330763816833496,5940
2009-06-10,3.409090995788574,3.545454978942871,3.2090909481048584,3.545454978942871,3.0102648735046387,2970
2009-06-11,3.8181819915771484,3.8181819915771484,3.409090995788574,3.409090995788574,2.894484281539917,4400
2009-06-12,3.409090995788574,3.636363983154297,3.409090995788574,3.636363983154297,3.0874502658843994,440
2009-06-15,3.636363983154297,3.636363983154297,3.636363983154297,3.636363983154297,3.0874502658843994,0
2009-06-16,3.454545021057129,3.590909004211426,3.409090995788574,3.409090995788574,2.894484281539917,7370
2009-06-17,3.418181896209717,3.418181896209717,3.409090995788574,3.409090995788574,2.894484281539917,440
2009-06-18,3.409090995788574,3.409090995788574,3.363636016845703,3.363636016845703,2.8558905124664307,3410
2009-06-19,3.5,3.5,3.5,3.5,2.971670150756836,110
2009-06-22,3.5,3.5,3.5,3.5,2.971670150756836,0
2009-06-23,3.409090995788574,3.409090995788574,3.0181820392608643,3.245455026626587,2.7555501461029053,21780
2009-06-24,3.136363983154297,3.2272729873657227,3.045454978942871,3.045454978942871,2.585740089416504,5500
2009-06-25,3.254544973373413,3.254544973373413,2.8454549312591553,2.8454549312591553,2.4159293174743652,6710
2009-06-26,3.1818180084228516,3.1818180084228516,3.1454548835754395,3.1454548835754395,2.670644521713257,330
2009-06-29,3.2272729873657227,3.2272729873657227,3.1818180084228516,3.1818180084228516,2.7015185356140137,1870
2009-06-30,3.1818180084228516,3.2272729873657227,3.1818180084228516,3.2272729873657227,2.740112066268921,1540
2009-07-01,3.1818180084228516,3.1818180084228516,2.8454549312591553,2.909090995788574,2.4699599742889404,2200
2009-07-02,3.027272939682007,3.2363638877868652,3.027272939682007,3.2272729873657227,2.740112066268921,550
2009-07-06,3.2272729873657227,3.2272729873657227,3.2272729873657227,3.2272729873657227,2.740112066268921,0
2009-07-07,3.2272729873657227,3.2272729873657227,3.2272729873657227,3.2272729873657227,2.740112066268921,0
2009-07-08,3.1818180084228516,3.1818180084228516,2.954545021057129,3.090909004211426,2.6243319511413574,5940
2009-07-09,3.0727269649505615,3.0727269649505615,2.9909090995788574,3.0,2.5471458435058594,2530
2009-07-10,2.954545021057129,2.954545021057129,2.7363638877868652,2.89090895652771,2.4545230865478516,6380
2009-07-13,3.136363983154297,3.136363983154297,3.136363983154297,3.136363983154297,2.662925958633423,110
2009-07-14,2.863636016845703,2.863636016845703,2.863636016845703,2.863636016845703,2.431366205215454,770
2009-07-15,3.136363983154297,3.2272729873657227,3.136363983154297,3.1818180084228516,2.7015185356140137,1210
2009-07-16,3.045454978942871,3.2272729873657227,3.045454978942871,3.2272729873657227,2.740112066268921,3520
2009-07-17,3.2272729873657227,3.2272729873657227,3.2272729873657227,3.2272729873657227,2.740112066268921,1100
2009-07-20,3.0999999046325684,3.0999999046325684,3.0999999046325684,3.0999999046325684,2.632052183151245,330
2009-07-21,3.2272729873657227,3.2272729873657227,3.2272729873657227,3.2272729873657227,2.740112066268921,880
2009-07-22,3.2272729873657227,3.2272729873657227,3.1818180084228516,3.1818180084228516,2.7015185356140137,2200
2009-07-23,3.1818180084228516,3.1818180084228516,3.1636359691619873,3.1818180084228516,2.7015185356140137,6710
2009-07-24,3.2090909481048584,3.4909090995788574,3.2090909481048584,3.4909090995788574,2.9639525413513184,37510
2009-07-27,3.5,3.8454549312591553,3.5,3.8454549312591553,3.2649784088134766,4290
2009-07-28,3.8545451164245605,3.909090995788574,3.8454549312591553,3.909090995788574,3.319009304046631,3190
2009-07-29,3.909090995788574,4.090909004211426,3.809091091156006,4.0,3.3961949348449707,11770
2009-07-30,4.072727203369141,4.072727203369141,3.863636016845703,3.9818179607391357,3.380758047103882,10450
2009-07-31,4.0,4.0,3.6818180084228516,3.863636016845703,3.2804155349731445,3410
2009-08-03,3.7727270126342773,3.8181819915771484,3.7727270126342773,3.8181819915771484,3.2418220043182373,2860
2009-08-04,3.8181819915771484,3.8181819915771484,3.8181819915771484,3.8181819915771484,3.2418220043182373,0
2009-08-05,3.863636016845703,3.863636016845703,3.863636016845703,3.863636016845703,3.2804155349731445,8250
2009-08-06,3.863636016845703,4.045454978942871,3.863636016845703,4.045454978942871,3.434788227081299,13090
2009-08-07,4.045454978942871,4.045454978942871,3.954545021057129,3.954545021057129,3.3576018810272217,9350
2009-08-10,3.954545021057129,3.954545021057129,3.954545021057129,3.954545021057129,3.3576018810272217,1870
2009-08-11,3.954545021057129,3.954545021057129,3.954545021057129,3.954545021057129,3.3576018810272217,0
2009-08-12,3.954545021057129,3.954545021057129,3.909090995788574,3.909090995788574,3.319009304046631,14190
2009-08-13,4.090909004211426,4.090909004211426,3.909090995788574,3.909090995788574,3.319009304046631,2200
2009-08-14,3.909090995788574,3.909090995788574,3.9000000953674316,3.9000000953674316,3.3112897872924805,2200
2009-08-17,3.863636016845703,3.909090995788574,3.8181819915771484,3.909090995788574,3.319009304046631,3190
2009-08-18,3.909090995788574,3.909090995788574,3.8181819915771484,3.863636016845703,3.2804155349731445,2200
2009-08-19,3.863636016845703,3.863636016845703,3.863636016845703,3.863636016845703,3.2804155349731445,0
2009-08-20,3.7272729873657227,3.7272729873657227,3.7272729873657227,3.7272729873657227,3.1646366119384766,440
2009-08-21,3.863636016845703,3.8818180561065674,3.863636016845703,3.8818180561065674,3.2958528995513916,1100
2009-08-24,3.8818180561065674,3.8818180561065674,3.827272891998291,3.827272891998291,3.249541759490967,220
2009-08-25,3.8545451164245605,3.909090995788574,3.7727270126342773,3.8545451164245605,3.2726972103118896,3960
2009-08-26,3.809091091156006,3.863636016845703,3.809091091156006,3.863636016845703,3.2804155349731445,770
2009-08-27,3.863636016845703,3.863636016845703,3.863636016845703,3.863636016845703,3.2804155349731445,330
2009-08-28,3.863636016845703,3.863636016845703,3.863636016845703,3.863636016845703,3.2804155349731445,0
2009-08-31,3.863636016845703,3.863636016845703,3.863636016845703,3.863636016845703,3.2804155349731445,550
2009-09-01,3.863636016845703,3.863636016845703,3.863636016845703,3.863636016845703,3.2804155349731445,0
2009-09-02,3.799999952316284,3.863636016845703,3.636363983154297,3.863636016845703,3.2804155349731445,1980
2009-09-03,3.799999952316284,3.909090995788574,3.799999952316284,3.909090995788574,3.319009304046631,440
2009-09-04,3.799999952316284,3.799999952316284,3.799999952316284,3.799999952316284,3.226386308670044,330
2009-09-08,3.7727270126342773,3.7727270126342773,3.7727270126342773,3.7727270126342773,3.2032289505004883,990
2009-09-09,3.6818180084228516,3.8545451164245605,3.6818180084228516,3.8363640308380127,3.2572598457336426,990
2009-09-10,3.7636361122131348,3.8181819915771484,3.6454548835754395,3.6454548835754395,3.0951685905456543,2530
2009-09-11,3.7272729873657227,3.863636016845703,3.636363983154297,3.863636016845703,3.2804155349731445,770
2009-09-14,3.7727270126342773,3.863636016845703,3.6818180084228516,3.863636016845703,3.2804155349731445,550
2009-09-15,3.863636016845703,3.863636016845703,3.863636016845703,3.863636016845703,3.2804155349731445,0
2009-09-16,3.89090895652771,3.909090995788574,3.7727270126342773,3.8181819915771484,3.2418220043182373,8030
2009-09-17,3.8181819915771484,3.8181819915771484,3.8181819915771484,3.8181819915771484,3.2418220043182373,0
2009-09-18,3.9000000953674316,3.9000000953674316,3.7727270126342773,3.9000000953674316,3.3112897872924805,2860
2009-09-21,3.7727270126342773,3.89090895652771,3.6818180084228516,3.6818180084228516,3.1260428428649902,1980
2009-09-22,3.6818180084228516,3.6818180084228516,3.6818180084228516,3.6818180084228516,3.1260428428649902,0
2009-09-23,3.672727108001709,3.7727270126342773,3.6454548835754395,3.6818180084228516,3.1260428428649902,1650
2009-09-24,3.6454548835754395,3.7727270126342773,3.6454548835754395,3.7636361122131348,3.195509910583496,1540
2009-09-25,3.9000000953674316,3.9000000953674316,3.7090909481048584,3.89090895652771,3.3035712242126465,880
2009-09-28,3.89090895652771,3.89090895652771,3.89090895652771,3.89090895652771,3.3035712242126465,0
2009-09-29,3.7727270126342773,3.7727270126342773,3.7727270126342773,3.7727270126342773,3.2032289505004883,110
2009-09-30,3.7090909481048584,3.8181819915771484,3.7090909481048584,3.8181819915771484,3.2418220043182373,770
2009-10-01,3.6454548835754395,3.8181819915771484,3.6454548835754395,3.8181819915771484,3.2418220043182373,990
2009-10-02,3.6454548835754395,3.7727270126342773,3.6454548835754395,3.7727270126342773,3.2032289505004883,880
2009-10-05,3.7727270126342773,3.7727270126342773,3.7727270126342773,3.7727270126342773,3.2032289505004883,0
2009-10-06,3.6454548835754395,3.9000000953674316,3.581818103790283,3.7727270126342773,3.2032289505004883,7590
2009-10-07,3.6454548835754395,3.7636361122131348,3.636363983154297,3.7636361122131348,3.195509910583496,660
2009-10-08,3.636363983154297,3.7727270126342773,3.636363983154297,3.7727270126342773,3.2032289505004883,880
2009-10-09,3.6818180084228516,3.7727270126342773,2.8727269172668457,3.7727270126342773,3.2032289505004883,4840
2009-10-12,3.6818180084228516,3.8181819915771484,3.6818180084228516,3.8181819915771484,3.2418220043182373,1760
2009-10-13,3.6545450687408447,3.690908908843994,3.636363983154297,3.6636359691619873,3.1106059551239014,1980
2009-10-14,3.636363983154297,3.7363638877868652,3.636363983154297,3.7272729873657227,3.1646366119384766,990
2009-10-15,3.6454548835754395,3.799999952316284,3.6454548835754395,3.799999952316284,3.226386308670044,770
2009-10-16,3.7272729873657227,3.809091091156006,3.7272729873657227,3.809091091156006,3.2341041564941406,660
2009-10-19,3.7636361122131348,3.7727270126342773,3.7636361122131348,3.7727270126342773,3.2032289505004883,1100
2009-10-20,3.7272729873657227,3.809091091156006,3.7272729873657227,3.809091091156006,3.2341041564941406,440
2009-10-21,3.7272729873657227,3.7272729873657227,3.5999999046325684,3.7272729873657227,3.1646366119384766,6710
2009-10-22,3.7272729873657227,3.7272729873657227,3.5999999046325684,3.7272729873657227,3.1646366119384766,4180
2009-10-23,3.7272729873657227,3.7272729873657227,3.7272729873657227,3.7272729873657227,3.1646366119384766,220
2009-10-26,3.71818208694458,3.7272729873657227,3.71818208694458,3.7272729873657227,3.1646366119384766,7370
2009-10-27,3.7272729873657227,4.081818103790283,3.7272729873657227,4.081818103790283,3.4656615257263184,8800
2009-10-28,3.9000000953674316,3.909090995788574,3.7727270126342773,3.909090995788574,3.319009304046631,2090
2009-10-29,3.863636016845703,3.8727269172668457,3.8181819915771484,3.8181819915771484,3.2418220043182373,3740
2009-10-30,3.863636016845703,3.863636016845703,3.71818208694458,3.8181819915771484,3.2418220043182373,1430
2009-11-02,3.71818208694458,3.8181819915771484,3.71818208694458,3.8181819915771484,3.2418220043182373,770
2009-11-03,3.7272729873657227,3.9454550743103027,3.6818180084228516,3.8181819915771484,3.2418220043182373,10450
2009-11-04,3.8181819915771484,3.8181819915771484,3.8181819915771484,3.8181819915771484,3.2418220043182373,660
2009-11-05,3.6818180084228516,3.8181819915771484,3.6818180084228516,3.8181819915771484,3.2418220043182373,660
2009-11-06,3.8181819915771484,3.8181819915771484,3.6818180084228516,3.8181819915771484,3.2418220043182373,440
2009-11-09,3.8181819915771484,3.8181819915771484,3.8181819915771484,3.8181819915771484,3.2418220043182373,220
2009-11-10,3.7363638877868652,3.809091091156006,3.7363638877868652,3.809091091156006,3.2341041564941406,220
2009-11-11,3.7727270126342773,3.7727270126342773,3.7727270126342773,3.7727270126342773,3.2032289505004883,550
2009-11-12,3.8181819915771484,3.8181819915771484,3.8181819915771484,3.8181819915771484,3.2418220043182373,220
2009-11-13,3.8181819915771484,3.8181819915771484,3.8181819915771484,3.8181819915771484,3.2418220043182373,1430
2009-11-16,3.809091091156006,3.809091091156006,3.809091091156006,3.809091091156006,3.2341041564941406,990
2009-11-17,3.809091091156006,3.809091091156006,3.5999999046325684,3.799999952316284,3.226386308670044,6490
2009-11-18,3.7636361122131348,3.7727270126342773,3.7636361122131348,3.7727270126342773,3.2032289505004883,220
2009-11-19,3.6545450687408447,3.71818208694458,3.5999999046325684,3.5999999046325684,3.056575059890747,8800
2009-11-20,3.6818180084228516,3.7090909481048584,3.5999999046325684,3.7090909481048584,3.149197816848755,3960
2009-11-23,3.690908908843994,3.71818208694458,3.6181819438934326,3.7090909481048584,3.149197816848755,1100
2009-11-24,3.636363983154297,3.71818208694458,3.636363983154297,3.71818208694458,3.1569180488586426,2640
2009-11-25,3.6818180084228516,3.6818180084228516,3.6818180084228516,3.6818180084228516,3.1260428428649902,1100
2009-11-27,3.7272729873657227,3.7272729873657227,3.7272729873657227,3.7272729873657227,3.1646366119384766,220
2009-11-30,3.60909104347229,3.7272729873657227,3.5999999046325684,3.5999999046325684,3.056575059890747,1320
2009-12-01,3.71818208694458,3.71818208694458,3.60909104347229,3.71818208694458,3.1569180488586426,990
2009-12-02,3.7272729873657227,3.7272729873657227,3.7272729873657227,3.7272729873657227,3.1646366119384766,110
2009-12-03,3.6636359691619873,3.6636359691619873,3.6636359691619873,3.6636359691619873,3.1106059551239014,660
2009-12-04,3.60909104347229,3.7272729873657227,3.60909104347229,3.7272729873657227,3.1646366119384766,220
2009-12-07,3.6545450687408447,3.7272729873657227,3.636363983154297,3.7272729873657227,3.1646366119384766,2200
2009-12-08,3.7272729873657227,3.7272729873657227,3.7272729873657227,3.7272729873657227,3.1646366119384766,220
2009-12-09,3.6818180084228516,3.7727270126342773,3.60909104347229,3.7727270126342773,3.2032289505004883,7150
2009-12-10,3.6181819438934326,3.754544973373413,3.6181819438934326,3.6181819438934326,3.0720131397247314,1760
2009-12-11,3.636363983154297,3.754544973373413,3.5999999046325684,3.7272729873657227,3.1646366119384766,3190
2009-12-14,3.60909104347229,3.754544973373413,3.5999999046325684,3.754544973373413,3.1877920627593994,3520
2009-12-15,3.60909104347229,3.6818180084228516,3.60909104347229,3.6818180084228516,3.1260428428649902,770
2009-12-16,3.60909104347229,3.7272729873657227,3.5999999046325684,3.7272729873657227,3.1646366119384766,1870
2009-12-17,3.6818180084228516,3.71818208694458,3.6818180084228516,3.71818208694458,3.1569180488586426,990
2009-12-18,3.636363983154297,3.6545450687408447,3.590909004211426,3.590909004211426,3.048856496810913,8800
2009-12-21,3.590909004211426,3.6818180084228516,3.590909004211426,3.6818180084228516,3.1260428428649902,330
2009-12-22,3.6818180084228516,3.6818180084228516,3.6818180084228516,3.6818180084228516,3.1260428428649902,0
2009-12-23,3.6818180084228516,3.754544973373413,3.6545450687408447,3.754544973373413,3.1877920627593994,16060
2009-12-24,3.754544973373413,3.754544973373413,3.754544973373413,3.754544973373413,3.1877920627593994,0
2009-12-28,3.6818180084228516,3.6818180084228516,3.5545449256896973,3.636363983154297,3.0874502658843994,21230
2009-12-29,3.6272730827331543,3.6545450687408447,3.6272730827331543,3.6545450687408447,3.1028871536254883,17270
2009-12-30,3.6818180084228516,3.6818180084228516,3.6818180084228516,3.6818180084228516,3.1260428428649902,330
2009-12-31,3.636363983154297,3.6545450687408447,3.527272939682007,3.6545450687408447,3.1028871536254883,30470
2010-01-04,3.6818180084228516,3.7272729873657227,3.636363983154297,3.6545450687408447,3.1028871536254883,11330
2010-01-05,3.636363983154297,3.636363983154297,3.636363983154297,3.636363983154297,3.0874502658843994,5170
2010-01-06,3.690908908843994,3.690908908843994,3.6454548835754395,3.6545450687408447,3.1028871536254883,6930
2010-01-07,3.6545450687408447,3.6545450687408447,3.6545450687408447,3.6545450687408447,3.1028871536254883,0
2010-01-08,3.636363983154297,3.6545450687408447,3.636363983154297,3.6545450687408447,3.1028871536254883,5060
2010-01-11,3.636363983154297,3.6545450687408447,3.590909004211426,3.636363983154297,3.0874502658843994,1760
2010-01-12,3.581818103790283,3.6545450687408447,3.581818103790283,3.6545450687408447,3.1028871536254883,2750
2010-01-13,3.636363983154297,3.636363983154297,3.581818103790283,3.581818103790283,3.0411386489868164,4290
2010-01-14,3.636363983154297,3.636363983154297,3.636363983154297,3.636363983154297,3.0874502658843994,2310
2010-01-15,3.636363983154297,3.6545450687408447,3.6272730827331543,3.636363983154297,3.0874502658843994,6930
2010-01-19,3.636363983154297,3.690908908843994,3.581818103790283,3.6545450687408447,3.1028871536254883,4840
2010-01-20,3.7727270126342773,3.7727270126342773,3.636363983154297,3.7272729873657227,3.1646366119384766,20790
2010-01-21,3.7272729873657227,3.7272729873657227,3.6636359691619873,3.7272729873657227,3.1646366119384766,1760
2010-01-22,3.6636359691619873,3.6636359691619873,3.6636359691619873,3.6636359691619873,3.1106059551239014,1540
2010-01-25,3.6545450687408447,3.672727108001709,3.636363983154297,3.636363983154297,3.0874502658843994,9020
2010-01-26,3.71818208694458,3.71818208694458,3.636363983154297,3.6636359691619873,3.1106059551239014,4070
2010-01-27,3.636363983154297,3.7272729873657227,3.636363983154297,3.7272729873657227,3.1646366119384766,440
2010-01-28,3.672727108001709,3.672727108001709,3.672727108001709,3.672727108001709,3.1183245182037354,110
2010-01-29,3.6454548835754395,3.6454548835754395,3.636363983154297,3.636363983154297,3.0874502658843994,770
2010-02-01,3.581818103790283,3.636363983154297,3.581818103790283,3.636363983154297,3.0874502658843994,2310
2010-02-02,3.581818103790283,3.6181819438934326,3.581818103790283,3.6181819438934326,3.0720131397247314,6600
2010-02-03,3.636363983154297,3.809091091156006,3.636363983154297,3.7272729873657227,3.1646366119384766,4290
2010-02-04,3.7727270126342773,3.7909090518951416,3.7727270126342773,3.7909090518951416,3.2186660766601562,4730
2010-02-05,3.7272729873657227,3.909090995788574,3.7272729873657227,3.863636016845703,3.2804155349731445,6270
2010-02-08,3.863636016845703,3.909090995788574,3.7727270126342773,3.8454549312591553,3.2649784088134766,7040
2010-02-09,3.8454549312591553,3.89090895652771,3.636363983154297,3.7272729873657227,3.1646366119384766,20240
2010-02-10,3.636363983154297,3.7272729873657227,3.636363983154297,3.7272729873657227,3.1646366119384766,3630
2010-02-11,3.7272729873657227,3.754544973373413,3.6181819438934326,3.754544973373413,3.1877920627593994,9350
2010-02-12,3.7363638877868652,3.78181791305542,3.7363638877868652,3.78181791305542,3.2109475135803223,220
2010-02-16,3.7272729873657227,3.7636361122131348,3.7272729873657227,3.7636361122131348,3.195509910583496,1650
2010-02-17,3.7636361122131348,3.7636361122131348,3.7636361122131348,3.7636361122131348,3.195509910583496,0
2010-02-18,3.6636359691619873,3.7636361122131348,3.636363983154297,3.7272729873657227,3.1646366119384766,7810
2010-02-19,3.7727270126342773,3.8181819915771484,3.7272729873657227,3.7727270126342773,3.2032289505004883,19030
2010-02-22,3.8545451164245605,3.909090995788574,3.7272729873657227,3.8181819915771484,3.2418220043182373,3410
2010-02-23,3.7272729873657227,3.8181819915771484,3.7272729873657227,3.8181819915771484,3.2418220043182373,9350
2010-02-24,3.7727270126342773,3.9000000953674316,3.7272729873657227,3.8181819915771484,3.2418220043182373,6380
2010-02-25,3.809091091156006,3.909090995788574,3.7727270126342773,3.909090995788574,3.319009304046631,9350
2010-02-26,3.7363638877868652,3.863636016845703,3.7272729873657227,3.7727270126342773,3.2032289505004883,7590
2010-03-01,3.827272891998291,3.909090995788574,3.754544973373413,3.7727270126342773,3.2032289505004883,9020
2010-03-02,3.7636361122131348,4.363636016845703,3.7636361122131348,4.090909004211426,3.473381280899048,49390
2010-03-03,4.2909088134765625,4.409090995788574,4.0,4.236363887786865,3.596879243850708,29810
2010-03-04,4.21818208694458,4.681818008422852,4.099999904632568,4.318181991577148,3.666348457336426,16720
2010-03-05,4.009090900421143,4.236363887786865,3.809091091156006,4.054544925689697,3.442507028579712,58630
2010-03-08,4.0,4.072727203369141,3.918181896209717,4.018181800842285,3.411632537841797,1210
2010-03-09,4.072727203369141,4.199999809265137,4.018181800842285,4.136363983154297,3.511974334716797,11000
2010-03-10,4.181818008422852,4.472726821899414,4.072727203369141,4.3545451164245605,3.697221517562866,28270
2010-03-11,4.227272987365723,4.363636016845703,4.136363983154297,4.363636016845703,3.704939126968384,1210
2010-03-12,4.28181791305542,4.400000095367432,4.099999904632568,4.363636016845703,3.704939126968384,18920
2010-03-15,4.363636016845703,4.363636016845703,4.363636016845703,4.363636016845703,3.704939126968384,0
2010-03-16,4.318181991577148,4.318181991577148,4.099999904632568,4.136363983154297,3.511974334716797,25740
2010-03-17,4.345455169677734,5.3545451164245605,4.345455169677734,4.818181991577148,4.090870380401611,57420
2010-03-18,4.818181991577148,4.900000095367432,4.818181991577148,4.900000095367432,4.160338401794434,2970
2010-03-19,4.7909088134765625,5.0,4.763636112213135,5.0,4.245243072509766,7700
2010-03-22,4.7909088134765625,4.7909088134765625,4.554544925689697,4.590909004211426,3.8979063034057617,10230
2010-03-23,4.590909004211426,4.590909004211426,4.409090995788574,4.545454978942871,3.859313488006592,4950
2010-03-24,4.545454978942871,4.636363983154297,4.5363640785217285,4.636363983154297,3.9364981651306152,4840
2010-03-25,4.4636359214782715,4.4636359214782715,4.454545021057129,4.4636359214782715,3.7898447513580322,7150
2010-03-26,4.4636359214782715,5.0,4.400000095367432,4.818181991577148,4.090870380401611,19800
2010-03-29,4.818181991577148,4.818181991577148,4.818181991577148,4.818181991577148,4.090870380401611,0
2010-03-30,4.599999904632568,4.763636112213135,4.599999904632568,4.763636112213135,4.044560432434082,2420
2010-03-31,4.754545211791992,4.809091091156006,4.754545211791992,4.809091091156006,4.083151340484619,1760
2010-04-01,4.78181791305542,4.7909088134765625,4.727272987365723,4.727272987365723,4.0136847496032715,330
2010-04-05,4.972726821899414,4.972726821899414,4.972726821899414,4.972726821899414,4.222087383270264,110
2010-04-06,4.727272987365723,4.745454788208008,4.590909004211426,4.590909004211426,3.8979063034057617,7260
2010-04-07,4.690908908843994,4.763636112213135,4.636363983154297,4.636363983154297,3.9364981651306152,15290
2010-04-08,5.2909088134765625,5.300000190734863,4.927272796630859,5.045454978942871,4.283837795257568,67100
2010-04-09,4.78181791305542,5.081818103790283,4.772727012634277,5.0,4.245243072509766,12100
2010-04-12,5.081818103790283,5.081818103790283,5.045454978942871,5.045454978942871,4.283837795257568,2970
2010-04-13,5.045454978942871,5.045454978942871,5.045454978942871,5.045454978942871,4.283837795257568,0
2010-04-14,4.954545021057129,5.099999904632568,4.954545021057129,5.054544925689697,4.291553974151611,8250
2010-04-15,5.090909004211426,5.090909004211426,4.972726821899414,5.0,4.245243072509766,19030
2010-04-16,4.981818199157715,5.090909004211426,4.981818199157715,5.090909004211426,4.32243013381958,330
2010-04-19,5.045454978942871,5.154544830322266,4.954545021057129,5.118182182312012,4.345585823059082,12650
2010-04-20,5.0,5.118182182312012,4.945455074310303,5.118182182312012,4.345585823059082,5720
2010-04-21,5.081818103790283,5.090909004211426,5.081818103790283,5.090909004211426,4.32243013381958,550
2010-04-22,4.909090995788574,4.918181896209717,4.909090995788574,4.909090995788574,4.168056011199951,880
2010-04-23,4.909090995788574,5.0,4.909090995788574,4.927272796630859,4.183495044708252,1760
2010-04-26,5.045454978942871,5.06363582611084,5.045454978942871,5.054544925689697,4.291553974151611,1430
2010-04-27,5.054544925689697,5.054544925689697,5.054544925689697,5.054544925689697,4.291553974151611,0
2010-04-28,5.081818103790283,5.081818103790283,5.081818103790283,5.081818103790283,4.314711570739746,220
2010-04-29,5.009090900421143,5.009090900421143,4.9636359214782715,4.981818199157715,4.229806423187256,6050
2010-04-30,5.081818103790283,5.081818103790283,4.990909099578857,4.990909099578857,4.237524509429932,770
2010-05-03,4.990909099578857,4.990909099578857,4.990909099578857,4.990909099578857,4.237524509429932,0
2010-05-04,4.772727012634277,5.0,4.772727012634277,4.954545021057129,4.206650257110596,4070
2010-05-05,5.072727203369141,5.072727203369141,4.836363792419434,5.009090900421143,4.252963066101074,4290
2010-05-06,5.0,5.0,5.0,5.0,4.245243072509766,220
2010-05-07,4.78181791305542,4.78181791305542,4.772727012634277,4.78181791305542,4.059998035430908,1100
2010-05-10,4.690908908843994,4.827272891998291,4.681818008422852,4.727272987365723,4.0136847496032715,2640
2010-05-11,4.690908908843994,4.7909088134765625,4.690908908843994,4.7909088134765625,4.067713737487793,1430
2010-05-12,4.71818208694458,4.93636417388916,4.71818208694458,4.836363792419434,4.106308937072754,2530
2010-05-13,4.827272891998291,4.827272891998291,4.827272891998291,4.827272891998291,4.098592281341553,110
2010-05-14,4.827272891998291,4.827272891998291,4.827272891998291,4.827272891998291,4.098592281341553,0
2010-05-17,4.681818008422852,4.7909088134765625,4.681818008422852,4.772727012634277,4.052279472351074,5830
2010-05-18,4.745454788208008,4.745454788208008,4.745454788208008,4.745454788208008,4.029120922088623,2200
2010-05-19,4.681818008422852,4.818181991577148,4.681818008422852,4.818181991577148,4.090870380401611,12540
2010-05-20,4.818181991577148,4.818181991577148,4.818181991577148,4.818181991577148,4.090870380401611,0
2010-05-21,4.772727012634277,4.772727012634277,4.772727012634277,4.772727012634277,4.052279472351074,7700
2010-05-24,4.863636016845703,4.863636016845703,4.681818008422852,4.772727012634277,4.052279472351074,3300
2010-05-25,4.727272987365723,4.727272987365723,4.727272987365723,4.727272987365723,4.0136847496032715,16500
2010-05-26,4.681818008422852,4.863636016845703,4.681818008422852,4.772727012634277,4.052279472351074,4400
2010-05-27,4.763636112213135,5.0,4.654544830322266,4.872726917266846,4.137182712554932,7040
2010-05-28,4.981818199157715,4.981818199157715,4.981818199157715,4.981818199157715,4.229806423187256,110
2010-06-01,4.981818199157715,4.981818199157715,4.981818199157715,4.981818199157715,4.229806423187256,0
2010-06-02,5.054544925689697,5.054544925689697,5.054544925689697,5.054544925689697,4.291553974151611,110
2010-06-03,5.054544925689697,5.054544925689697,5.054544925689697,5.054544925689697,4.291553974151611,0
2010-06-04,5.054544925689697,5.054544925689697,5.054544925689697,5.054544925689697,4.291553974151611,110
2010-06-07,4.663636207580566,5.0,4.545454978942871,5.0,4.245243072509766,2530
2010-06-08,5.027273178100586,5.027273178100586,4.972726821899414,4.972726821899414,4.222087383270264,220
2010-06-09,4.636363983154297,4.636363983154297,4.636363983154297,4.636363983154297,3.9364981651306152,2200
2010-06-10,4.927272796630859,4.927272796630859,4.699999809265137,4.699999809265137,3.9905283451080322,440
2010-06-11,4.7090911865234375,4.954545021057129,4.681818008422852,4.93636417388916,4.191214084625244,5170
2010-06-14,5.018181800842285,5.018181800842285,4.590909004211426,4.590909004211426,3.8979063034057617,2090
2010-06-15,4.590909004211426,4.590909004211426,4.590909004211426,4.590909004211426,3.8979063034057617,110
2010-06-16,4.618182182312012,4.8545451164245605,4.490909099578857,4.581818103790283,3.8901846408843994,2860
2010-06-17,4.545454978942871,4.93636417388916,4.545454978942871,4.93636417388916,4.191214084625244,2530
2010-06-18,4.909090995788574,4.909090995788574,4.909090995788574,4.909090995788574,4.168056011199951,330
2010-06-21,4.909090995788574,4.909090995788574,4.909090995788574,4.909090995788574,4.168056011199951,0
2010-06-22,4.909090995788574,4.909090995788574,4.909090995788574,4.909090995788574,4.168056011199951,0
2010-06-23,4.56363582611084,4.636363983154297,4.56363582611084,4.636363983154297,3.9364981651306152,440
2010-06-24,4.6454548835754395,4.800000190734863,4.545454978942871,4.800000190734863,4.075434684753418,4400
2010-06-25,4.5,4.863636016845703,4.454545021057129,4.836363792419434,4.106308937072754,1650
2010-06-28,4.818181991577148,4.818181991577148,4.818181991577148,4.818181991577148,4.090870380401611,330
2010-06-29,4.472726821899414,4.863636016845703,4.454545021057129,4.863636016845703,4.1294636726379395,2640
2010-06-30,4.590909004211426,4.863636016845703,4.590909004211426,4.863636016845703,4.1294636726379395,5720
2010-07-01,4.863636016845703,4.863636016845703,4.863636016845703,4.863636016845703,4.1294636726379395,0
2010-07-02,4.472726821899414,4.809091091156006,4.472726821899414,4.590909004211426,3.8979063034057617,880
2010-07-06,4.590909004211426,4.590909004211426,4.590909004211426,4.590909004211426,3.8979063034057617,0
2010-07-07,4.409090995788574,4.545454978942871,4.409090995788574,4.545454978942871,3.859313488006592,770
2010-07-08,4.390909194946289,4.390909194946289,4.390909194946289,4.390909194946289,3.7280960083007812,110
2010-07-09,4.545454978942871,4.545454978942871,4.545454978942871,4.545454978942871,3.859313488006592,220
2010-07-12,4.545454978942871,4.545454978942871,4.545454978942871,4.545454978942871,3.859313488006592,0
2010-07-13,4.545454978942871,4.772727012634277,4.545454978942871,4.763636112213135,4.044560432434082,29040
2010-07-14,4.845455169677734,4.845455169677734,4.609090805053711,4.754545211791992,4.03684139251709,1980
2010-07-15,4.754545211791992,4.772727012634277,4.754545211791992,4.772727012634277,4.052279472351074,2970
2010-07-16,4.78181791305542,4.7909088134765625,4.581818103790283,4.745454788208008,4.029120922088623,7150
2010-07-19,4.609090805053711,4.71818208694458,4.609090805053711,4.71818208694458,4.005967140197754,440
2010-07-20,4.763636112213135,4.763636112213135,4.763636112213135,4.763636112213135,4.044560432434082,220
2010-07-21,4.545454978942871,4.772727012634277,4.409090995788574,4.772727012634277,4.052279472351074,880
2010-07-22,4.518181800842285,4.599999904632568,4.318181991577148,4.599999904632568,3.905625343322754,8030
2010-07-23,4.627273082733154,4.772727012634277,4.554544925689697,4.681818008422852,3.975090742111206,14080
2010-07-26,4.445455074310303,4.772727012634277,4.409090995788574,4.636363983154297,3.9364981651306152,880
2010-07-27,4.418181896209717,4.727272987365723,4.372726917266846,4.727272987365723,4.0136847496032715,4620
2010-07-28,4.699999809265137,4.71818208694458,4.318181991577148,4.4636359214782715,3.7898447513580322,21450
2010-07-29,4.71818208694458,4.818181991577148,4.545454978942871,4.627273082733154,3.9287807941436768,33220
2010-07-30,4.56363582611084,4.772727012634277,4.554544925689697,4.772727012634277,4.052279472351074,10450
2010-08-02,4.672727108001709,5.0,4.6454548835754395,4.881817817687988,4.144902229309082,24310
2010-08-03,4.981818199157715,5.272727012634277,4.954545021057129,5.136363983154297,4.361024379730225,34210
2010-08-04,4.945455074310303,5.009090900421143,4.927272796630859,5.009090900421143,4.252963066101074,2200
2010-08-05,5.154544830322266,5.181818008422852,5.154544830322266,5.172727108001709,4.391898155212402,2090
2010-08-06,5.172727108001709,5.3545451164245605,5.172727108001709,5.172727108001709,4.391898155212402,11330
2010-08-09,5.172727108001709,5.181818008422852,5.136363983154297,5.136363983154297,4.361024379730225,3850
2010-08-10,5.181818008422852,5.181818008422852,5.118182182312012,5.118182182312012,4.345585823059082,1100
2010-08-11,5.118182182312012,5.118182182312012,5.118182182312012,5.118182182312012,4.345585823059082,0
2010-08-12,5.181818008422852,5.181818008422852,4.863636016845703,5.181818008422852,4.399616718292236,1760
2010-08-13,5.181818008422852,5.181818008422852,5.181818008422852,5.181818008422852,4.399616718292236,0
2010-08-16,4.909090995788574,5.28181791305542,4.909090995788574,5.06363582611084,4.299272537231445,22550
2010-08-17,4.93636417388916,5.254545211791992,4.909090995788574,5.06363582611084,4.299272537231445,14410
2010-08-18,4.818181991577148,5.181818008422852,4.809091091156006,5.090909004211426,4.32243013381958,5720
2010-08-19,5.090909004211426,5.090909004211426,5.090909004211426,5.090909004211426,4.32243013381958,0
2010-08-20,5.072727203369141,5.118182182312012,4.800000190734863,5.0,4.245243072509766,5940
2010-08-23,4.872726917266846,4.990909099578857,4.872726917266846,4.990909099578857,4.237524509429932,1430
2010-08-24,4.990909099578857,4.990909099578857,4.990909099578857,4.990909099578857,4.237524509429932,0
2010-08-25,4.827272891998291,4.990909099578857,4.7909088134765625,4.972726821899414,4.222087383270264,10450
2010-08-26,4.972726821899414,4.972726821899414,4.900000095367432,4.900000095367432,4.160338401794434,2310
2010-08-27,4.818181991577148,4.818181991577148,4.818181991577148,4.818181991577148,4.090870380401611,2530
2010-08-30,4.818181991577148,5.090909004211426,4.809091091156006,5.0,4.245243072509766,19580
2010-08-31,5.0,5.0,4.909090995788574,4.954545021057129,4.206650257110596,15840
2010-09-01,5.0,5.0,5.0,5.0,4.245243072509766,220
2010-09-02,4.827272891998291,4.972726821899414,4.763636112213135,4.918181896209717,4.175776481628418,12430
2010-09-03,4.93636417388916,4.972726821899414,4.93636417388916,4.972726821899414,4.222087383270264,8360
2010-09-07,4.827272891998291,4.909090995788574,4.681818008422852,4.900000095367432,4.160338401794434,36960
2010-09-08,4.863636016845703,4.863636016845703,4.681818008422852,4.681818008422852,3.975090742111206,7370
2010-09-09,4.863636016845703,4.863636016845703,4.636363983154297,4.636363983154297,3.9364981651306152,18810
2010-09-10,4.681818008422852,4.954545021057129,4.681818008422852,4.945455074310303,4.198933124542236,14300
2010-09-13,4.71818208694458,4.863636016845703,4.56363582611084,4.863636016845703,4.1294636726379395,10560
2010-09-14,4.863636016845703,5.0,4.56363582611084,4.690908908843994,3.98280930519104,27720
2010-09-15,4.654544830322266,4.754545211791992,4.636363983154297,4.754545211791992,4.03684139251709,9460
2010-09-16,4.727272987365723,4.727272987365723,4.636363983154297,4.690908908843994,3.98280930519104,4070
2010-09-17,4.727272987365723,4.772727012634277,4.627273082733154,4.772727012634277,4.052279472351074,5940
2010-09-20,4.727272987365723,4.736363887786865,4.636363983154297,4.681818008422852,3.975090742111206,2860
2010-09-21,4.772727012634277,4.954545021057129,4.736363887786865,4.890909194946289,4.152620792388916,12320
2010-09-22,4.954545021057129,4.954545021057129,4.772727012634277,4.818181991577148,4.090870380401611,3300
2010-09-23,4.818181991577148,4.818181991577148,4.818181991577148,4.818181991577148,4.090870380401611,0
2010-09-24,4.8545451164245605,4.863636016845703,4.8545451164245605,4.863636016845703,4.1294636726379395,330
2010-09-27,4.863636016845703,4.863636016845703,4.863636016845703,4.863636016845703,4.1294636726379395,0
2010-09-28,4.745454788208008,4.754545211791992,4.636363983154297,4.727272987365723,4.0136847496032715,2860
2010-09-29,4.71818208694458,4.727272987365723,4.71818208694458,4.727272987365723,4.0136847496032715,660
2010-09-30,4.772727012634277,4.772727012634277,4.772727012634277,4.772727012634277,4.052279472351074,220
2010-10-01,4.772727012634277,4.772727012634277,4.772727012634277,4.772727012634277,4.052279472351074,0
2010-10-04,4.763636112213135,5.0,4.636363983154297,4.981818199157715,4.229806423187256,48070
2010-10-05,4.972726821899414,4.972726821899414,4.609090805053711,4.909090995788574,4.168056011199951,8910
2010-10-06,4.818181991577148,4.818181991577148,4.727272987365723,4.727272987365723,4.0136847496032715,550
2010-10-07,4.727272987365723,5.072727203369141,4.590909004211426,5.072727203369141,4.306993007659912,54120
2010-10-08,4.772727012634277,5.045454978942871,4.772727012634277,5.018181800842285,4.260682106018066,5500
2010-10-11,5.0,5.0,5.0,5.0,4.245243072509766,330
2010-10-12,5.009090900421143,5.009090900421143,5.0,5.0,4.245243072509766,550
2010-10-13,5.090909004211426,5.454545021057129,5.090909004211426,5.409090995788574,4.592584133148193,25190
2010-10-14,5.018181800842285,5.272727012634277,5.018181800842285,5.272727012634277,4.476803302764893,660
2010-10-15,5.227272987365723,5.454545021057129,4.881817817687988,5.109090805053711,4.337866306304932,98340
2010-10-18,5.018181800842285,5.181818008422852,5.009090900421143,5.172727108001709,4.391898155212402,11550
2010-10-19,5.227272987365723,5.227272987365723,5.227272987365723,5.227272987365723,4.438209533691406,19910
2010-10-20,5.181818008422852,5.181818008422852,5.181818008422852,5.181818008422852,4.399616718292236,220
2010-10-21,5.136363983154297,5.190908908843994,5.136363983154297,5.190908908843994,4.407334327697754,1100
2010-10-22,5.3545451164245605,5.3545451164245605,5.318181991577148,5.318181991577148,4.5153961181640625,330
2010-10-25,5.018181800842285,5.236363887786865,5.0,5.227272987365723,4.438209533691406,3520
2010-10-26,5.227272987365723,5.318181991577148,5.227272987365723,5.318181991577148,4.5153961181640625,4290
2010-10-27,5.318181991577148,5.318181991577148,5.0,5.227272987365723,4.438209533691406,14410
2010-10-28,5.227272987365723,5.272727012634277,5.227272987365723,5.272727012634277,4.476803302764893,1320
2010-10-29,5.227272987365723,5.227272987365723,5.227272987365723,5.227272987365723,4.438209533691406,990
2010-11-01,5.227272987365723,5.227272987365723,5.227272987365723,5.227272987365723,4.438209533691406,0
2010-11-02,5.227272987365723,5.227272987365723,5.227272987365723,5.227272987365723,4.438209533691406,770
2010-11-03,5.227272987365723,5.227272987365723,5.227272987365723,5.227272987365723,4.438209533691406,0
2010-11-04,5.227272987365723,5.318181991577148,5.227272987365723,5.318181991577148,4.5153961181640625,220
2010-11-05,5.0,5.363636016845703,5.0,5.363636016845703,4.553988933563232,6490
2010-11-08,5.363636016845703,5.363636016845703,5.363636016845703,5.363636016845703,4.553988933563232,0
2010-11-09,5.363636016845703,5.363636016845703,5.363636016845703,5.363636016845703,4.553988933563232,0
2010-11-10,5.363636016845703,5.363636016845703,5.363636016845703,5.363636016845703,4.553988933563232,0
2010-11-11,4.900000095367432,5.254545211791992,4.727272987365723,5.254545211791992,4.461364269256592,4950
2010-11-12,5.090909004211426,5.227272987365723,5.090909004211426,5.227272987365723,4.438209533691406,1650
2010-11-15,4.772727012634277,5.272727012634277,4.618182182312012,5.272727012634277,4.476803302764893,9350
2010-11-16,5.199999809265137,5.227272987365723,4.800000190734863,5.227272987365723,4.438209533691406,5280
2010-11-17,5.2090911865234375,5.272727012634277,4.900000095367432,5.181818008422852,4.399616718292236,4290
2010-11-18,4.7909088134765625,5.21818208694458,4.7909088134765625,5.199999809265137,4.415053844451904,1320
2010-11-19,5.0,5.227272987365723,4.945455074310303,5.090909004211426,4.32243013381958,6160
2010-11-22,4.954545021057129,5.190908908843994,4.954545021057129,5.1454548835754395,4.368741035461426,1650
2010-11-23,5.081818103790283,5.081818103790283,5.054544925689697,5.054544925689697,4.291553974151611,660
2010-11-24,4.890909194946289,5.018181800842285,4.863636016845703,5.009090900421143,4.252963066101074,880
2010-11-26,5.009090900421143,5.009090900421143,5.009090900421143,5.009090900421143,4.252963066101074,0
2010-11-29,4.918181896209717,5.118182182312012,4.909090995788574,4.909090995788574,4.168056011199951,4180
2010-11-30,5.227272987365723,5.245454788208008,5.127273082733154,5.181818008422852,4.399616718292236,550
2010-12-01,5.181818008422852,5.181818008422852,5.181818008422852,5.181818008422852,4.399616718292236,0
2010-12-02,5.181818008422852,5.181818008422852,5.181818008422852,5.181818008422852,4.399616718292236,0
2010-12-03,5.181818008422852,5.272727012634277,5.081818103790283,5.272727012634277,4.476803302764893,1870
2010-12-06,5.272727012634277,5.272727012634277,5.272727012634277,5.272727012634277,4.476803302764893,550
2010-12-07,5.318181991577148,5.318181991577148,5.136363983154297,5.318181991577148,4.5153961181640625,3630
2010-12-08,5.072727203369141,5.318181991577148,5.072727203369141,5.318181991577148,4.5153961181640625,2750
2010-12-09,5.409090995788574,5.43636417388916,5.363636016845703,5.363636016845703,4.553988933563232,880
2010-12-10,5.318181991577148,5.43636417388916,5.318181991577148,5.409090995788574,4.592584133148193,5830
2010-12-13,5.400000095367432,5.43636417388916,5.400000095367432,5.43636417388916,4.6157379150390625,1210
2010-12-14,5.363636016845703,5.43636417388916,5.3545451164245605,5.43636417388916,4.6157379150390625,3080
2010-12-15,5.372726917266846,5.454545021057129,5.081818103790283,5.445455074310303,4.623456954956055,11000
2010-12-16,5.409090995788574,5.454545021057129,5.409090995788574,5.454545021057129,4.6311726570129395,2420
2010-12-17,5.454545021057129,5.454545021057129,5.445455074310303,5.454545021057129,4.6311726570129395,6380
2010-12-20,5.545454978942871,5.545454978942871,5.454545021057129,5.454545021057129,4.6311726570129395,880
2010-12-21,5.454545021057129,5.545454978942871,5.454545021057129,5.545454978942871,4.70836067199707,2750
2010-12-22,5.454545021057129,5.545454978942871,5.445455074310303,5.545454978942871,4.70836067199707,5170
2010-12-23,5.454545021057129,5.545454978942871,5.454545021057129,5.545454978942871,4.70836067199707,1210
2010-12-27,5.545454978942871,5.545454978942871,5.545454978942871,5.545454978942871,4.70836067199707,0
2010-12-28,5.545454978942871,5.554544925689697,5.5,5.5,4.669766902923584,3300
2010-12-29,5.5,5.5,5.5,5.5,4.669766902923584,0
2010-12-30,5.5,5.5,5.5,5.5,4.669766902923584,0
2010-12-31,5.5,5.5,5.5,5.5,4.669766902923584,0
2011-01-03,5.545454978942871,5.545454978942871,5.545454978942871,5.545454978942871,4.70836067199707,2750
2011-01-04,5.56363582611084,5.672727108001709,5.509090900421143,5.672727108001709,4.816421985626221,9900
2011-01-05,5.572727203369141,5.681818008422852,5.572727203369141,5.681818008422852,4.824141502380371,990
2011-01-06,5.554544925689697,5.681818008422852,5.5363640785217285,5.681818008422852,4.824141502380371,5280
2011-01-07,5.636363983154297,5.772727012634277,5.527273178100586,5.545454978942871,4.70836067199707,19800
2011-01-10,5.772727012634277,6.099999904632568,5.590909004211426,5.71818208694458,4.855014801025391,2530
2011-01-11,5.772727012634277,5.772727012634277,5.481818199157715,5.5363640785217285,4.7006425857543945,69850
2011-01-12,5.545454978942871,5.827272891998291,5.545454978942871,5.827272891998291,4.947638988494873,990
2011-01-13,5.636363983154297,5.990909099578857,5.636363983154297,5.900000095367432,5.00938606262207,1430
2011-01-14,5.872726917266846,5.872726917266846,5.872726917266846,5.872726917266846,4.986230850219727,330
2011-01-18,5.872726917266846,5.872726917266846,5.872726917266846,5.872726917266846,4.986230850219727,0
2011-01-19,5.863636016845703,5.909090995788574,5.818181991577148,5.818181991577148,4.939919948577881,1100
2011-01-20,5.836363792419434,5.836363792419434,5.836363792419434,5.836363792419434,4.955357074737549,110
2011-01-21,5.909090995788574,5.909090995788574,5.909090995788574,5.909090995788574,5.017105579376221,220
2011-01-24,5.818181991577148,5.900000095367432,5.818181991577148,5.900000095367432,5.00938606262207,1320
2011-01-25,5.909090995788574,5.909090995788574,5.863636016845703,5.863636016845703,4.978512763977051,990
2011-01-26,5.890909194946289,6.0,5.890909194946289,6.0,5.094291687011719,4840
2011-01-27,5.981818199157715,6.0,5.981818199157715,5.981818199157715,5.078855991363525,2530
2011-01-28,5.981818199157715,5.981818199157715,5.981818199157715,5.981818199157715,5.078855991363525,0
2011-01-31,5.954545021057129,5.954545021057129,5.954545021057129,5.954545021057129,5.055699825286865,550
2011-02-01,5.863636016845703,6.545454978942871,5.863636016845703,6.545454978942871,5.55741024017334,3410
2011-02-02,5.9636359214782715,6.06363582611084,5.690908908843994,5.954545021057129,5.055699825286865,11990
2011-02-03,6.072727203369141,6.072727203369141,6.072727203369141,6.072727203369141,5.156039714813232,110
2011-02-04,6.072727203369141,6.072727203369141,6.072727203369141,6.072727203369141,5.156039714813232,0
2011-02-07,5.93636417388916,5.954545021057129,5.909090995788574,5.954545021057129,5.055699825286865,1540
2011-02-08,5.954545021057129,5.954545021057129,5.954545021057129,5.954545021057129,5.055699825286865,0
2011-02-09,5.954545021057129,5.954545021057129,5.954545021057129,5.954545021057129,5.055699825286865,0
2011-02-10,5.909090995788574,5.9636359214782715,5.909090995788574,5.9636359214782715,5.063417434692383,330
2011-02-11,5.9636359214782715,5.9636359214782715,5.9636359214782715,5.9636359214782715,5.063417434692383,0
2011-02-14,5.909090995788574,5.945455074310303,5.909090995788574,5.945455074310303,5.047981262207031,2420
2011-02-15,5.927272796630859,5.972726821899414,5.909090995788574,5.972726821899414,5.0711350440979,1320
2011-02-16,5.918181896209717,5.918181896209717,5.900000095367432,5.900000095367432,5.00938606262207,1320
2011-02-17,5.900000095367432,5.900000095367432,5.900000095367432,5.900000095367432,5.00938606262207,0
2011-02-18,5.909090995788574,6.136363983154297,5.900000095367432,6.127273082733154,5.202353477478027,1210
2011-02-22,6.127273082733154,6.127273082733154,6.127273082733154,6.127273082733154,5.202353477478027,0
2011-02-23,5.900000095367432,5.909090995788574,5.900000095367432,5.900000095367432,5.00938606262207,440
2011-02-24,5.900000095367432,6.06363582611084,5.900000095367432,6.06363582611084,5.148322582244873,12980
2011-02-25,5.900000095367432,6.136363983154297,5.818181991577148,6.06363582611084,5.148322582244873,28160
2011-02-28,6.136363983154297,7.009090900421143,6.127273082733154,6.21818208694458,5.279539108276367,21670
2011-03-01,6.363636016845703,6.363636016845703,6.090909004211426,6.090909004211426,5.17147970199585,3300
2011-03-02,6.090909004211426,6.090909004211426,6.090909004211426,6.090909004211426,5.17147970199585,0
2011-03-03,6.172727108001709,6.181818008422852,5.909090995788574,5.954545021057129,5.055699825286865,9790
2011-03-04,5.954545021057129,5.954545021057129,5.954545021057129,5.954545021057129,5.055699825286865,0
2011-03-07,6.5,6.5,5.9636359214782715,6.5,5.51881742477417,660
2011-03-08,6.345455169677734,6.409090995788574,6.318181991577148,6.318181991577148,5.364444732666016,5170
2011-03-09,5.954545021057129,6.5,5.954545021057129,6.5,5.51881742477417,6490
2011-03-10,6.363636016845703,6.5,6.345455169677734,6.454545021057129,5.480223655700684,4290
2011-03-11,6.454545021057129,6.454545021057129,6.454545021057129,6.454545021057129,5.480223655700684,0
2011-03-14,6.363636016845703,6.363636016845703,5.990909099578857,6.363636016845703,5.403037071228027,4400
2011-03-15,6.309091091156006,6.363636016845703,6.2909088134765625,6.309091091156006,5.356725692749023,1760
2011-03-16,6.318181991577148,6.318181991577148,6.318181991577148,6.318181991577148,5.364444732666016,110
2011-03-17,6.318181991577148,6.318181991577148,6.318181991577148,6.318181991577148,5.364444732666016,220
2011-03-18,6.318181991577148,6.318181991577148,6.300000190734863,6.318181991577148,5.364444732666016,2640
2011-03-21,6.318181991577148,6.318181991577148,6.318181991577148,6.318181991577148,5.364444732666016,770
2011-03-22,6.309091091156006,6.318181991577148,6.309091091156006,6.318181991577148,5.364444732666016,1100
2011-03-23,6.318181991577148,6.318181991577148,6.090909004211426,6.272727012634277,5.325850963592529,1980
2011-03-24,6.318181991577148,6.318181991577148,6.309091091156006,6.318181991577148,5.364444732666016,770
2011-03-25,6.0,6.318181991577148,5.990909099578857,6.318181991577148,5.364444732666016,2090
2011-03-28,6.009090900421143,6.318181991577148,6.0,6.318181991577148,5.364444732666016,1980
2011-03-29,6.045454978942871,6.318181991577148,6.045454978942871,6.318181991577148,5.364444732666016,8800
2011-03-30,6.2909088134765625,6.318181991577148,6.127273082733154,6.300000190734863,5.3490071296691895,3960
2011-03-31,6.318181991577148,6.318181991577148,6.318181991577148,6.318181991577148,5.364444732666016,880
2011-04-01,6.318181991577148,6.318181991577148,6.318181991577148,6.318181991577148,5.364444732666016,0
2011-04-04,6.318181991577148,6.318181991577148,6.318181991577148,6.318181991577148,5.364444732666016,330
2011-04-05,6.190908908843994,6.190908908843994,6.0,6.0,5.094291687011719,1430
2011-04-06,6.0,6.0,6.0,6.0,5.094291687011719,0
2011-04-07,6.0,6.300000190734863,6.0,6.099999904632568,5.179196357727051,9240
2011-04-08,6.172727108001709,6.318181991577148,6.172727108001709,6.227272987365723,5.287258625030518,26510
2011-04-11,6.1454548835754395,6.454545021057129,6.127273082733154,6.336363792419434,5.379881381988525,16500
2011-04-12,6.318181991577148,6.318181991577148,6.318181991577148,6.318181991577148,5.364444732666016,440
2011-04-13,6.272727012634277,6.272727012634277,6.272727012634277,6.272727012634277,5.325850963592529,220
2011-04-14,6.272727012634277,6.272727012634277,6.272727012634277,6.272727012634277,5.325850963592529,0
2011-04-15,6.309091091156006,6.309091091156006,6.181818008422852,6.309091091156006,5.356725692749023,1980
2011-04-18,6.28181791305542,6.318181991577148,6.1454548835754395,6.309091091156006,5.356725692749023,5720
2011-04-19,6.28181791305542,6.28181791305542,6.227272987365723,6.227272987365723,5.287258625030518,4070
2011-04-20,6.272727012634277,6.272727012634277,6.227272987365723,6.227272987365723,5.287258625030518,880
2011-04-21,6.272727012634277,6.272727012634277,6.254545211791992,6.254545211791992,5.310413360595703,3850
2011-04-25,6.090909004211426,6.263636112213135,6.090909004211426,6.263636112213135,5.318131923675537,330
2011-04-26,6.263636112213135,6.263636112213135,6.263636112213135,6.263636112213135,5.318131923675537,0
2011-04-27,6.199999809265137,6.263636112213135,6.190908908843994,6.263636112213135,5.318131923675537,2640
2011-04-28,6.263636112213135,6.263636112213135,6.263636112213135,6.263636112213135,5.318131923675537,0
2011-04-29,6.254545211791992,6.272727012634277,6.254545211791992,6.263636112213135,5.318131923675537,2310
2011-05-02,6.236363887786865,6.263636112213135,6.109090805053711,6.263636112213135,5.318131923675537,5500
2011-05-03,6.127273082733154,6.190908908843994,6.0,6.1454548835754395,5.217790603637695,34100
2011-05-04,6.163636207580566,6.227272987365723,6.045454978942871,6.199999809265137,5.26410436630249,4840
2011-05-05,6.21818208694458,6.227272987365723,6.1454548835754395,6.227272987365723,5.287258625030518,990
2011-05-06,6.227272987365723,6.227272987365723,6.227272987365723,6.227272987365723,5.287258625030518,0
2011-05-09,6.227272987365723,6.227272987365723,6.227272987365723,6.227272987365723,5.287258625030518,0
2011-05-10,6.2090911865234375,6.227272987365723,6.045454978942871,6.227272987365723,5.287258625030518,12870
2011-05-11,6.2090911865234375,6.2090911865234375,6.127273082733154,6.136363983154297,5.210072994232178,550
2011-05-12,6.136363983154297,6.136363983154297,6.136363983154297,6.136363983154297,5.210072994232178,0
2011-05-13,6.0,6.118182182312012,6.0,6.072727203369141,5.156039714813232,990
2011-05-16,5.954545021057129,6.0,5.954545021057129,6.0,5.094291687011719,6270
2011-05-17,5.981818199157715,6.0363640785217285,5.981818199157715,6.027273178100586,5.1174492835998535,5280
2011-05-18,5.93636417388916,6.127273082733154,5.93636417388916,6.127273082733154,5.202353477478027,7700
2011-05-19,6.099999904632568,6.099999904632568,6.099999904632568,6.099999904632568,5.179196357727051,110
2011-05-20,6.090909004211426,6.090909004211426,6.090909004211426,6.090909004211426,5.17147970199585,110
2011-05-23,5.927272796630859,5.927272796630859,5.8545451164245605,5.890909194946289,5.001668930053711,17820
2011-05-24,5.909090995788574,6.090909004211426,5.900000095367432,6.0,5.094291687011719,12210
2011-05-25,6.0,6.072727203369141,5.927272796630859,6.072727203369141,5.156039714813232,16500
2011-05-26,6.090909004211426,6.090909004211426,5.954545021057129,6.054544925689697,5.140604496002197,1870
2011-05-27,6.072727203369141,6.090909004211426,5.93636417388916,6.081818103790283,5.163760185241699,1760
2011-05-31,6.009090900421143,6.06363582611084,5.909090995788574,5.909090995788574,5.017105579376221,12980
2011-06-01,6.072727203369141,6.081818103790283,6.027273178100586,6.081818103790283,5.163760185241699,550
2011-06-02,6.081818103790283,6.118182182312012,5.909090995788574,6.118182182312012,5.194636344909668,2750
2011-06-03,6.118182182312012,6.181818008422852,6.081818103790283,6.1454548835754395,5.217790603637695,18700
2011-06-06,6.1454548835754395,6.1454548835754395,6.1454548835754395,6.1454548835754395,5.217790603637695,0
2011-06-07,6.181818008422852,6.272727012634277,6.154544830322266,6.272727012634277,5.325850963592529,8470
2011-06-08,6.181818008422852,6.363636016845703,6.181818008422852,6.363636016845703,5.403037071228027,34870
2011-06-09,6.363636016845703,6.363636016845703,6.181818008422852,6.272727012634277,5.325850963592529,20020
2011-06-10,6.318181991577148,6.336363792419434,6.181818008422852,6.263636112213135,5.318131923675537,2420
2011-06-13,6.336363792419434,6.3545451164245605,6.181818008422852,6.227272987365723,5.287258625030518,2640
2011-06-14,6.163636207580566,6.263636112213135,6.027273178100586,6.181818008422852,5.248663902282715,14300
2011-06-15,6.136363983154297,6.136363983154297,6.045454978942871,6.109090805053711,5.186916351318359,3630
2011-06-16,6.099999904632568,6.227272987365723,6.0,6.227272987365723,5.287258625030518,21010
2011-06-17,6.2090911865234375,6.236363887786865,6.2090911865234375,6.236363887786865,5.294978141784668,770
2011-06-20,6.190908908843994,6.199999809265137,6.136363983154297,6.199999809265137,5.26410436630249,4510
2011-06-21,6.0363640785217285,6.2090911865234375,6.0,6.1454548835754395,5.217790603637695,30360
2011-06-22,6.190908908843994,6.190908908843994,6.018181800842285,6.090909004211426,5.17147970199585,4400
2011-06-23,6.099999904632568,6.21818208694458,6.018181800842285,6.21818208694458,5.279539108276367,990
2011-06-24,6.21818208694458,6.21818208694458,6.21818208694458,6.21818208694458,5.279539108276367,0
2011-06-27,6.081818103790283,6.136363983154297,6.081818103790283,6.136363983154297,5.210072994232178,13750
2011-06-28,6.090909004211426,6.163636207580566,6.090909004211426,6.163636207580566,5.2332258224487305,13640
2011-06-29,6.090909004211426,6.172727108001709,6.090909004211426,6.136363983154297,5.210072994232178,7590
2011-06-30,6.172727108001709,6.172727108001709,6.154544830322266,6.172727108001709,5.2409467697143555,2530
2011-07-01,6.172727108001709,6.172727108001709,6.090909004211426,6.090909004211426,5.17147970199585,3080
2011-07-05,6.090909004211426,6.090909004211426,6.090909004211426,6.090909004211426,5.17147970199585,0
2011-07-06,6.172727108001709,6.172727108001709,6.081818103790283,6.136363983154297,5.210072994232178,2090
2011-07-07,6.163636207580566,6.172727108001709,6.127273082733154,6.172727108001709,5.2409467697143555,1870
2011-07-08,6.172727108001709,6.172727108001709,5.818181991577148,6.136363983154297,5.210072994232178,7810
2011-07-11,6.1454548835754395,6.1454548835754395,6.1454548835754395,6.1454548835754395,5.217790603637695,110
2011-07-12,6.018181800842285,6.099999904632568,6.009090900421143,6.099999904632568,5.179196357727051,3960
2011-07-13,6.009090900421143,6.118182182312012,6.009090900421143,6.118182182312012,5.194636344909668,550
2011-07-14,6.118182182312012,6.118182182312012,6.018181800842285,6.018181800842285,5.1097307205200195,11880
2011-07-15,6.027273178100586,6.172727108001709,6.009090900421143,6.090909004211426,5.17147970199585,5610
2011-07-18,6.1454548835754395,6.172727108001709,6.090909004211426,6.172727108001709,5.2409467697143555,2310
2011-07-19,6.136363983154297,6.172727108001709,6.136363983154297,6.172727108001709,5.2409467697143555,440
2011-07-20,6.163636207580566,6.163636207580566,6.099999904632568,6.118182182312012,5.194636344909668,990
2011-07-21,6.118182182312012,6.118182182312012,6.118182182312012,6.118182182312012,5.194636344909668,0
2011-07-22,6.009090900421143,6.0363640785217285,6.009090900421143,6.018181800842285,5.1097307205200195,3080
2011-07-25,6.154544830322266,6.154544830322266,6.136363983154297,6.136363983154297,5.210072994232178,440
2011-07-26,6.172727108001709,6.172727108001709,6.009090900421143,6.090909004211426,5.17147970199585,2530
2011-07-27,6.154544830322266,6.163636207580566,6.018181800842285,6.090909004211426,5.17147970199585,2200
2011-07-28,6.027273178100586,6.027273178100586,6.009090900421143,6.009090900421143,5.102009296417236,2530
2011-07-29,6.018181800842285,6.072727203369141,6.009090900421143,6.018181800842285,5.1097307205200195,1210
2011-08-01,6.027273178100586,6.118182182312012,6.027273178100586,6.118182182312012,5.194636344909668,440
2011-08-02,6.090909004211426,6.090909004211426,6.090909004211426,6.090909004211426,5.17147970199585,16500
2011-08-03,6.090909004211426,6.136363983154297,6.045454978942871,6.118182182312012,5.194636344909668,27500
2011-08-04,6.009090900421143,6.127273082733154,6.0,6.127273082733154,5.202353477478027,1320
2011-08-05,6.090909004211426,6.136363983154297,6.045454978942871,6.136363983154297,5.210072994232178,46640
2011-08-08,6.081818103790283,6.081818103790283,6.0,6.0,5.094291687011719,1540
2011-08-09,5.981818199157715,6.045454978942871,5.981818199157715,5.981818199157715,5.078855991363525,6160
2011-08-10,5.954545021057129,6.081818103790283,5.954545021057129,6.081818103790283,5.163760185241699,1210
2011-08-11,5.9636359214782715,6.0,5.909090995788574,6.0,5.094291687011719,2860
2011-08-12,5.909090995788574,6.127273082733154,5.909090995788574,6.127273082733154,5.202353477478027,880
2011-08-15,5.954545021057129,6.118182182312012,5.872726917266846,6.118182182312012,5.194636344909668,2310
2011-08-16,6.0,6.0,6.0,6.0,5.094291687011719,110
2011-08-17,6.072727203369141,6.072727203369141,5.863636016845703,6.045454978942871,5.132885932922363,6160
2011-08-18,5.881817817687988,5.981818199157715,5.863636016845703,5.981818199157715,5.078855991363525,5170
2011-08-19,5.836363792419434,5.954545021057129,5.818181991577148,5.954545021057129,5.055699825286865,1320
2011-08-22,5.8545451164245605,6.045454978942871,5.818181991577148,5.954545021057129,5.055699825286865,1540
2011-08-23,6.0,6.018181800842285,5.772727012634277,5.890909194946289,5.001668930053711,10450
2011-08-24,5.827272891998291,6.090909004211426,5.827272891998291,6.090909004211426,5.17147970199585,4840
2011-08-25,6.0363640785217285,6.0363640785217285,5.918181896209717,5.93636417388916,5.0402631759643555,550
2011-08-26,5.954545021057129,5.954545021057129,5.954545021057129,5.954545021057129,5.055699825286865,2200
2011-08-29,5.836363792419434,5.836363792419434,5.818181991577148,5.818181991577148,4.939919948577881,2420
2011-08-30,5.845455169677734,5.954545021057129,5.818181991577148,5.900000095367432,5.00938606262207,2970
2011-08-31,5.909090995788574,6.027273178100586,5.909090995788574,6.027273178100586,5.1174492835998535,2420
2011-09-01,5.981818199157715,5.981818199157715,5.909090995788574,5.909090995788574,5.017105579376221,1430
2011-09-02,5.872726917266846,5.927272796630859,5.845455169677734,5.863636016845703,4.978512763977051,1650
2011-09-06,5.927272796630859,6.0,5.909090995788574,5.990909099578857,5.086575031280518,6160
2011-09-07,6.0,6.0,5.772727012634277,5.909090995788574,5.017105579376221,5500
2011-09-08,5.800000190734863,5.890909194946289,5.78181791305542,5.836363792419434,4.955357074737549,990
2011-09-09,5.836363792419434,5.890909194946289,5.836363792419434,5.890909194946289,5.001668930053711,1760
2011-09-12,5.809091091156006,5.909090995788574,5.772727012634277,5.78181791305542,4.909046173095703,2750
2011-09-13,5.954545021057129,6.0,5.93636417388916,6.0,5.094291687011719,1760
2011-09-14,5.8545451164245605,6.0,5.8545451164245605,6.0,5.094291687011719,8140
2011-09-15,5.93636417388916,6.0,5.93636417388916,6.0,5.094291687011719,6820
2011-09-16,5.945455074310303,6.027273178100586,5.863636016845703,5.863636016845703,4.978512763977051,3850
2011-09-19,5.93636417388916,6.0,5.818181991577148,6.0,5.094291687011719,1980
2011-09-20,5.818181991577148,5.909090995788574,5.800000190734863,5.909090995788574,5.017105579376221,4510
2011-09-21,5.909090995788574,5.909090995788574,5.909090995788574,5.909090995788574,5.017105579376221,220
2011-09-22,5.909090995788574,6.0,5.909090995788574,6.0,5.094291687011719,4620
2011-09-23,6.0,6.090909004211426,6.0,6.045454978942871,5.132885932922363,4620
2011-09-26,6.045454978942871,6.045454978942871,5.918181896209717,5.981818199157715,5.078855991363525,10230
2011-09-27,6.045454978942871,6.045454978942871,5.927272796630859,5.954545021057129,5.055699825286865,16060
2011-09-28,5.972726821899414,5.972726821899414,5.900000095367432,5.954545021057129,5.055699825286865,21890
2011-09-29,5.945455074310303,5.945455074310303,5.909090995788574,5.927272796630859,5.032544136047363,7040
2011-09-30,5.945455074310303,6.045454978942871,5.927272796630859,6.045454978942871,5.132885932922363,16060
2011-10-03,5.954545021057129,6.045454978942871,5.909090995788574,6.045454978942871,5.132885932922363,63690
2011-10-04,6.1454548835754395,6.1454548835754395,6.1454548835754395,6.1454548835754395,5.217790603637695,220
2011-10-05,6.1454548835754395,6.1454548835754395,6.1454548835754395,6.1454548835754395,5.217790603637695,0
2011-10-06,5.9636359214782715,5.9636359214782715,5.909090995788574,5.9636359214782715,5.063417434692383,4180
2011-10-07,5.909090995788574,5.909090995788574,5.909090995788574,5.909090995788574,5.017105579376221,110
2011-10-10,5.909090995788574,6.0,5.909090995788574,5.909090995788574,5.017105579376221,27280
2011-10-11,6.0,6.163636207580566,5.863636016845703,5.909090995788574,5.017105579376221,125840
2011-10-12,5.918181896209717,6.0363640785217285,5.863636016845703,5.909090995788574,5.017105579376221,6270
2011-10-13,5.918181896209717,6.0,5.909090995788574,6.0,5.094291687011719,4840
2011-10-14,6.0,6.0,6.0,6.0,5.094291687011719,0
2011-10-17,5.918181896209717,6.0,5.918181896209717,6.0,5.094291687011719,2200
2011-10-18,5.918181896209717,5.990909099578857,5.918181896209717,5.918181896209717,5.024824142456055,1100
2011-10-19,5.918181896209717,6.0,5.909090995788574,6.0,5.094291687011719,8800
2011-10-20,6.0,6.0,6.0,6.0,5.094291687011719,0
2011-10-21,6.0,6.0,6.0,6.0,5.094291687011719,0
2011-10-24,6.0,6.0,6.0,6.0,5.094291687011719,0
2011-10-25,6.0,6.0,6.0,6.0,5.094291687011719,0
2011-10-26,6.0,6.0,6.0,6.0,5.094291687011719,0
2011-10-27,5.981818199157715,6.009090900421143,5.890909194946289,5.909090995788574,5.017105579376221,13420
2011-10-28,5.909090995788574,5.909090995788574,5.772727012634277,5.818181991577148,4.939919948577881,72380
2011-10-31,5.699999809265137,5.818181991577148,5.699999809265137,5.818181991577148,4.939919948577881,770
2011-11-01,5.818181991577148,5.818181991577148,5.818181991577148,5.818181991577148,4.939919948577881,0
2011-11-02,5.818181991577148,5.818181991577148,5.690908908843994,5.690908908843994,4.831858158111572,550
2011-11-03,5.690908908843994,5.690908908843994,5.681818008422852,5.681818008422852,4.824141502380371,3300
2011-11-04,5.818181991577148,5.818181991577148,5.818181991577148,5.818181991577148,4.939919948577881,770
2011-11-07,5.6454548835754395,5.818181991577148,5.6454548835754395,5.818181991577148,4.939919948577881,1210
2011-11-08,5.818181991577148,5.818181991577148,5.818181991577148,5.818181991577148,4.939919948577881,0
2011-11-09,5.800000190734863,5.818181991577148,5.800000190734863,5.818181991577148,4.939919948577881,7700
2011-11-10,5.800000190734863,5.818181991577148,5.6454548835754395,5.818181991577148,4.939919948577881,12650
2011-11-11,5.809091091156006,5.818181991577148,5.772727012634277,5.818181991577148,4.939919948577881,39930
2011-11-14,5.818181991577148,5.93636417388916,5.818181991577148,5.818181991577148,4.939919948577881,8470
2011-11-15,5.900000095367432,5.900000095367432,5.890909194946289,5.890909194946289,5.001668930053711,440
2011-11-16,5.818181991577148,5.909090995788574,5.818181991577148,5.818181991577148,4.939919948577881,26290
2011-11-17,5.736363887786865,5.818181991577148,5.727272987365723,5.818181991577148,4.939919948577881,4620
2011-11-18,5.809091091156006,5.818181991577148,5.809091091156006,5.809091091156006,4.93220329284668,32560
2011-11-21,5.809091091156006,5.809091091156006,5.809091091156006,5.809091091156006,4.93220329284668,0
2011-11-22,5.809091091156006,5.809091091156006,5.809091091156006,5.809091091156006,4.93220329284668,7700
2011-11-23,5.727272987365723,5.772727012634277,5.636363983154297,5.772727012634277,4.901328086853027,12870
2011-11-25,5.736363887786865,5.909090995788574,5.727272987365723,5.909090995788574,5.017105579376221,3520
2011-11-28,5.818181991577148,5.818181991577148,5.727272987365723,5.727272987365723,4.862733364105225,440
2011-11-29,5.7090911865234375,5.7090911865234375,5.7090911865234375,5.7090911865234375,4.847296237945557,110
2011-11-30,5.772727012634277,5.818181991577148,5.7090911865234375,5.7090911865234375,4.847296237945557,26180
2011-12-01,5.736363887786865,5.818181991577148,5.736363887786865,5.818181991577148,4.939919948577881,13750
2011-12-02,5.818181991577148,5.818181991577148,5.818181991577148,5.818181991577148,4.939919948577881,0
2011-12-05,5.809091091156006,5.818181991577148,5.7090911865234375,5.7909088134765625,4.916762828826904,23100
2011-12-06,5.727272987365723,5.772727012634277,5.727272987365723,5.772727012634277,4.901328086853027,13970
2011-12-07,5.727272987365723,5.818181991577148,5.727272987365723,5.818181991577148,4.939919948577881,1980
2011-12-08,5.818181991577148,5.818181991577148,5.818181991577148,5.818181991577148,4.939919948577881,0
2011-12-09,5.818181991577148,5.818181991577148,5.818181991577148,5.818181991577148,4.939919948577881,990
2011-12-12,5.818181991577148,5.818181991577148,5.818181991577148,5.818181991577148,4.939919948577881,0
2011-12-13,5.818181991577148,5.818181991577148,5.727272987365723,5.818181991577148,4.939919948577881,1760
2011-12-14,5.754545211791992,5.754545211791992,5.754545211791992,5.754545211791992,4.885890483856201,3300
2011-12-15,5.754545211791992,5.754545211791992,5.754545211791992,5.754545211791992,4.885890483856201,0
2011-12-16,5.772727012634277,5.772727012634277,5.772727012634277,5.772727012634277,4.901328086853027,4400
2011-12-19,5.727272987365723,5.727272987365723,5.727272987365723,5.727272987365723,4.862733364105225,1320
2011-12-20,5.818181991577148,5.818181991577148,5.681818008422852,5.727272987365723,4.862733364105225,880
2011-12-21,5.736363887786865,5.736363887786865,5.727272987365723,5.727272987365723,4.862733364105225,1980
2011-12-22,5.727272987365723,5.727272987365723,5.727272987365723,5.727272987365723,4.862733364105225,0
2011-12-23,5.809091091156006,5.818181991577148,5.745454788208008,5.818181991577148,4.939919948577881,5500
2011-12-27,5.71818208694458,5.818181991577148,5.690908908843994,5.818181991577148,4.939919948577881,6050
2011-12-28,5.763636112213135,5.818181991577148,5.681818008422852,5.818181991577148,4.939919948577881,3300
2011-12-29,5.736363887786865,5.818181991577148,5.681818008422852,5.818181991577148,4.939919948577881,28490
2011-12-30,5.818181991577148,5.818181991577148,5.7090911865234375,5.818181991577148,4.939919948577881,13860
2012-01-03,5.809091091156006,5.818181991577148,5.809091091156006,5.818181991577148,4.939919948577881,25190
2012-01-04,5.809091091156006,5.809091091156006,5.809091091156006,5.809091091156006,4.93220329284668,14300
2012-01-05,5.754545211791992,5.800000190734863,5.727272987365723,5.772727012634277,4.901328086853027,30470
2012-01-06,5.736363887786865,5.772727012634277,5.727272987365723,5.772727012634277,4.901328086853027,6930
2012-01-09,5.772727012634277,5.772727012634277,5.772727012634277,5.772727012634277,4.901328086853027,0
2012-01-10,5.772727012634277,5.772727012634277,5.772727012634277,5.772727012634277,4.901328086853027,0
2012-01-11,5.772727012634277,5.772727012634277,5.772727012634277,5.772727012634277,4.901328086853027,0
2012-01-12,5.772727012634277,5.772727012634277,5.772727012634277,5.772727012634277,4.901328086853027,0
2012-01-13,5.772727012634277,5.772727012634277,5.772727012634277,5.772727012634277,4.901328086853027,0
2012-01-17,5.772727012634277,5.772727012634277,5.772727012634277,5.772727012634277,4.901328086853027,0
2012-01-18,5.772727012634277,5.772727012634277,5.772727012634277,5.772727012634277,4.901328086853027,0
2012-01-19,5.772727012634277,5.772727012634277,5.772727012634277,5.772727012634277,4.901328086853027,0
2012-01-20,5.727272987365723,5.772727012634277,5.681818008422852,5.727272987365723,4.862733364105225,3300
2012-01-23,5.727272987365723,5.727272987365723,5.727272987365723,5.727272987365723,4.862733364105225,0
2012-01-24,5.727272987365723,5.727272987365723,5.727272987365723,5.727272987365723,4.862733364105225,0
2012-01-25,5.727272987365723,5.727272987365723,5.727272987365723,5.727272987365723,4.862733364105225,0
2012-01-26,5.763636112213135,5.772727012634277,5.736363887786865,5.772727012634277,4.901328086853027,5500
2012-01-27,5.772727012634277,5.772727012634277,5.772727012634277,5.772727012634277,4.901328086853027,0
2012-01-30,5.745454788208008,5.772727012634277,5.71818208694458,5.772727012634277,4.901328086853027,7810
2012-01-31,5.727272987365723,5.727272987365723,5.636363983154297,5.636363983154297,4.785548686981201,21780
2012-02-01,5.654544830322266,5.654544830322266,5.590909004211426,5.590909004211426,4.746953964233398,23210
2012-02-02,5.609090805053711,5.609090805053711,5.56363582611084,5.590909004211426,4.746953964233398,10450
2012-02-03,5.590909004211426,5.590909004211426,5.572727203369141,5.590909004211426,4.746953964233398,5720
2012-02-06,5.590909004211426,5.590909004211426,5.472726821899414,5.472726821899414,4.646611213684082,7150
2012-02-07,5.4636359214782715,5.5,5.445455074310303,5.454545021057129,4.6311726570129395,7150
2012-02-08,5.727272987365723,5.727272987365723,5.363636016845703,5.454545021057129,4.6311726570129395,1540
2012-02-09,5.363636016845703,5.454545021057129,5.272727012634277,5.454545021057129,4.6311726570129395,4840
2012-02-10,5.43636417388916,5.454545021057129,5.43636417388916,5.454545021057129,4.6311726570129395,990
2012-02-13,5.363636016845703,5.454545021057129,5.363636016845703,5.454545021057129,4.6311726570129395,660
2012-02-14,5.454545021057129,5.454545021057129,5.454545021057129,5.454545021057129,4.6311726570129395,0
2012-02-15,5.363636016845703,5.454545021057129,5.272727012634277,5.454545021057129,4.6311726570129395,6270
2012-02-16,5.400000095367432,5.636363983154297,5.400000095367432,5.618182182312012,4.7701096534729,2640
2012-02-17,5.43636417388916,5.545454978942871,5.418181896209717,5.5363640785217285,4.7006425857543945,3960
2012-02-21,5.609090805053711,5.609090805053711,5.599999904632568,5.609090805053711,4.762392520904541,1980
2012-02-22,5.599999904632568,5.599999904632568,5.599999904632568,5.599999904632568,4.754673480987549,110
2012-02-23,5.400000095367432,5.636363983154297,5.345455169677734,5.636363983154297,4.785548686981201,3190
2012-02-24,5.636363983154297,5.636363983154297,5.636363983154297,5.636363983154297,4.785548686981201,0
2012-02-27,5.627273082733154,5.627273082733154,5.545454978942871,5.545454978942871,4.70836067199707,8470
2012-02-28,5.454545021057129,5.5,5.43636417388916,5.454545021057129,4.6311726570129395,4510
2012-02-29,5.427272796630859,5.681818008422852,5.409090995788574,5.681818008422852,4.824141502380371,2200
2012-03-01,5.681818008422852,5.681818008422852,5.681818008422852,5.681818008422852,4.824141502380371,0
2012-03-02,5.663636207580566,5.754545211791992,5.663636207580566,5.754545211791992,4.885890483856201,2310
2012-03-05,5.71818208694458,5.754545211791992,5.71818208694458,5.754545211791992,4.885890483856201,330
2012-03-06,5.754545211791992,5.754545211791992,5.509090900421143,5.754545211791992,4.885890483856201,2530
2012-03-07,5.71818208694458,5.71818208694458,5.71818208694458,5.71818208694458,4.855014801025391,220
2012-03-08,5.663636207580566,6.06363582611084,5.327272891998291,5.43636417388916,4.6157379150390625,37510
2012-03-09,5.490909099578857,5.490909099578857,5.318181991577148,5.454545021057129,4.6311726570129395,1760
2012-03-12,5.43636417388916,5.56363582611084,5.363636016845703,5.5,4.669766902923584,4070
2012-03-13,5.545454978942871,5.545454978942871,5.545454978942871,5.545454978942871,4.70836067199707,770
2012-03-14,5.554544925689697,5.599999904632568,5.545454978942871,5.599999904632568,4.754673480987549,2530
2012-03-15,5.609090805053711,5.636363983154297,5.545454978942871,5.636363983154297,4.785548686981201,4290
2012-03-16,5.581818103790283,5.672727108001709,5.581818103790283,5.654544830322266,4.800984859466553,1100
2012-03-19,5.56363582611084,5.636363983154297,5.363636016845703,5.636363983154297,4.785548686981201,7590
2012-03-20,5.599999904632568,5.636363983154297,5.454545021057129,5.636363983154297,4.785548686981201,1320
2012-03-21,5.5363640785217285,5.8545451164245605,5.5363640785217285,5.727272987365723,4.862733364105225,4400
2012-03-22,5.7090911865234375,5.7090911865234375,5.7090911865234375,5.7090911865234375,4.847296237945557,110
2012-03-23,5.690908908843994,5.900000095367432,5.454545021057129,5.7090911865234375,4.847296237945557,4070
2012-03-26,5.881817817687988,5.881817817687988,5.681818008422852,5.681818008422852,4.824141502380371,220
2012-03-27,5.681818008422852,5.681818008422852,5.681818008422852,5.681818008422852,4.824141502380371,0
2012-03-28,5.672727108001709,5.672727108001709,5.672727108001709,5.672727108001709,4.816421985626221,220
2012-03-29,5.663636207580566,5.663636207580566,5.663636207580566,5.663636207580566,4.808703899383545,110
2012-03-30,5.518181800842285,5.681818008422852,5.509090900421143,5.672727108001709,4.816421985626221,6380
2012-04-02,5.654544830322266,5.654544830322266,5.654544830322266,5.654544830322266,4.800984859466553,220
2012-04-03,5.518181800842285,5.681818008422852,5.490909099578857,5.681818008422852,4.824141502380371,21780
2012-04-04,5.618182182312012,5.618182182312012,5.599999904632568,5.618182182312012,4.7701096534729,660
2012-04-05,5.581818103790283,5.581818103790283,5.581818103790283,5.581818103790283,4.739236831665039,220
2012-04-09,5.581818103790283,5.581818103790283,5.581818103790283,5.581818103790283,4.739236831665039,0
2012-04-10,5.56363582611084,5.56363582611084,5.56363582611084,5.56363582611084,4.723797798156738,220
2012-04-11,5.56363582611084,5.56363582611084,5.56363582611084,5.56363582611084,4.723797798156738,0
2012-04-12,5.5,5.590909004211426,5.5,5.590909004211426,4.746953964233398,5720
2012-04-13,5.4636359214782715,5.5,5.427272796630859,5.5,4.669766902923584,770
2012-04-16,5.545454978942871,5.545454978942871,5.43636417388916,5.545454978942871,4.70836067199707,33220
2012-04-17,5.509090900421143,5.545454978942871,5.509090900421143,5.545454978942871,4.70836067199707,330
2012-04-18,5.590909004211426,5.590909004211426,5.590909004211426,5.590909004211426,4.746953964233398,330
2012-04-19,5.590909004211426,5.590909004211426,5.590909004211426,5.590909004211426,4.746953964233398,0
2012-04-20,5.590909004211426,5.590909004211426,5.590909004211426,5.590909004211426,4.746953964233398,0
2012-04-23,5.590909004211426,5.590909004211426,5.590909004211426,5.590909004211426,4.746953964233398,0
2012-04-24,5.445455074310303,5.727272987365723,5.445455074310303,5.636363983154297,4.785548686981201,51480
2012-04-25,5.56363582611084,5.727272987365723,5.509090900421143,5.681818008422852,4.824141502380371,9020
2012-04-26,5.454545021057129,5.5363640785217285,5.454545021057129,5.5363640785217285,4.7006425857543945,3410
2012-04-27,5.481818199157715,5.636363983154297,5.4636359214782715,5.636363983154297,4.785548686981201,5170
2012-04-30,5.609090805053711,5.627273082733154,5.609090805053711,5.627273082733154,4.777828216552734,330
2012-05-01,5.627273082733154,5.627273082733154,5.627273082733154,5.627273082733154,4.777828216552734,0
2012-05-02,5.581818103790283,5.618182182312012,5.509090900421143,5.545454978942871,4.70836067199707,7370
2012-05-03,5.581818103790283,5.818181991577148,5.5363640785217285,5.681818008422852,4.824141502380371,31900
2012-05-04,5.654544830322266,5.681818008422852,5.43636417388916,5.672727108001709,4.816421985626221,2200
2012-05-07,5.654544830322266,5.681818008422852,5.43636417388916,5.672727108001709,4.816421985626221,45100
2012-05-08,5.636363983154297,5.636363983154297,5.445455074310303,5.545454978942871,4.70836067199707,2530
2012-05-09,5.509090900421143,5.509090900421143,5.5,5.5,4.669766902923584,550
2012-05-10,5.6454548835754395,5.6454548835754395,5.6454548835754395,5.6454548835754395,4.793266773223877,110
2012-05-11,5.427272796630859,5.681818008422852,5.427272796630859,5.681818008422852,4.824141502380371,330
2012-05-14,5.618182182312012,5.672727108001709,5.427272796630859,5.672727108001709,4.816421985626221,2200
2012-05-15,5.454545021057129,5.5363640785217285,5.427272796630859,5.5363640785217285,4.7006425857543945,4290
2012-05-16,5.545454978942871,5.554544925689697,5.472726821899414,5.472726821899414,4.646611213684082,12650
2012-05-17,5.5,5.590909004211426,5.454545021057129,5.590909004211426,4.746953964233398,1430
2012-05-18,5.4636359214782715,5.636363983154297,5.454545021057129,5.636363983154297,4.785548686981201,880
2012-05-21,5.590909004211426,5.636363983154297,5.590909004211426,5.636363983154297,4.785548686981201,1100
2012-05-22,5.590909004211426,5.590909004211426,5.590909004211426,5.590909004211426,4.746953964233398,330
2012-05-23,5.590909004211426,5.609090805053711,5.372726917266846,5.609090805053711,4.762392520904541,14300
2012-05-24,5.527273178100586,5.636363983154297,5.527273178100586,5.627273082733154,4.777828216552734,4070
2012-05-25,5.56363582611084,5.636363983154297,5.454545021057129,5.454545021057129,4.6311726570129395,770
2012-05-29,5.636363983154297,5.636363983154297,5.618182182312012,5.618182182312012,4.7701096534729,220
2012-05-30,5.609090805053711,5.609090805053711,5.518181800842285,5.572727203369141,4.731516361236572,4290
2012-05-31,5.581818103790283,5.581818103790283,5.454545021057129,5.572727203369141,4.731516361236572,1210
2012-06-01,5.545454978942871,5.618182182312012,5.390909194946289,5.5363640785217285,4.7006425857543945,2200
2012-06-04,5.445455074310303,5.618182182312012,5.445455074310303,5.4636359214782715,4.638894081115723,1100
2012-06-05,5.481818199157715,5.609090805053711,5.454545021057129,5.4636359214782715,4.638894081115723,2310
2012-06-06,5.4636359214782715,5.636363983154297,5.454545021057129,5.472726821899414,4.646611213684082,3630
2012-06-07,5.409090995788574,5.545454978942871,5.372726917266846,5.527273178100586,4.692923545837402,3630
2012-06-08,5.4636359214782715,5.545454978942871,5.454545021057129,5.454545021057129,4.6311726570129395,4620
2012-06-11,5.527273178100586,5.5363640785217285,5.445455074310303,5.445455074310303,4.623456954956055,35090
2012-06-12,5.509090900421143,5.518181800842285,5.454545021057129,5.518181800842285,4.685206890106201,1540
2012-06-13,5.43636417388916,5.590909004211426,5.43636417388916,5.454545021057129,4.6311726570129395,19690
2012-06-14,5.390909194946289,5.518181800842285,5.390909194946289,5.518181800842285,4.685206890106201,2530
2012-06-15,5.518181800842285,5.518181800842285,5.372726917266846,5.381817817687988,4.569425582885742,1650
2012-06-18,5.390909194946289,5.518181800842285,5.390909194946289,5.409090995788574,4.592584133148193,880
2012-06-19,5.454545021057129,5.454545021057129,5.445455074310303,5.445455074310303,4.623456954956055,1870
2012-06-20,5.445455074310303,5.445455074310303,5.445455074310303,5.445455074310303,4.623456954956055,0
2012-06-21,5.445455074310303,5.445455074310303,5.445455074310303,5.445455074310303,4.623456954956055,0
2012-06-22,5.390909194946289,5.5,5.390909194946289,5.481818199157715,4.654331684112549,2420
2012-06-25,5.43636417388916,5.454545021057129,5.43636417388916,5.445455074310303,4.623456954956055,2090
2012-06-26,5.445455074310303,5.481818199157715,5.445455074310303,5.454545021057129,4.6311726570129395,7260
2012-06-27,5.481818199157715,5.481818199157715,5.445455074310303,5.4636359214782715,4.638894081115723,11770
2012-06-28,5.4636359214782715,5.481818199157715,5.454545021057129,5.454545021057129,4.6311726570129395,6050
2012-06-29,5.445455074310303,5.5363640785217285,5.445455074310303,5.454545021057129,4.6311726570129395,2970
2012-07-02,5.454545021057129,5.454545021057129,5.454545021057129,5.454545021057129,4.6311726570129395,0
2012-07-03,5.527273178100586,5.527273178100586,5.527273178100586,5.527273178100586,4.692923545837402,110
2012-07-05,5.527273178100586,5.527273178100586,5.527273178100586,5.527273178100586,4.692923545837402,0
2012-07-06,5.5363640785217285,5.5363640785217285,5.454545021057129,5.454545021057129,4.6311726570129395,990
2012-07-09,5.481818199157715,5.481818199157715,5.481818199157715,5.481818199157715,4.654331684112549,220
2012-07-10,5.472726821899414,5.481818199157715,5.454545021057129,5.481818199157715,4.654331684112549,8910
2012-07-11,5.4636359214782715,5.481818199157715,5.427272796630859,5.454545021057129,4.6311726570129395,3080
2012-07-12,5.372726917266846,5.481818199157715,5.372726917266846,5.472726821899414,4.646611213684082,4290
2012-07-13,5.418181896209717,5.4636359214782715,5.372726917266846,5.372726917266846,4.561707019805908,1210
2012-07-16,5.372726917266846,5.4636359214782715,5.372726917266846,5.4636359214782715,4.638894081115723,330
2012-07-17,5.43636417388916,5.454545021057129,5.43636417388916,5.454545021057129,4.6311726570129395,330
2012-07-18,5.454545021057129,5.454545021057129,5.454545021057129,5.454545021057129,4.6311726570129395,0
2012-07-19,5.481818199157715,5.481818199157715,5.481818199157715,5.481818199157715,4.654331684112549,110
2012-07-20,5.481818199157715,5.481818199157715,5.481818199157715,5.481818199157715,4.654331684112549,0
2012-07-23,5.381817817687988,5.454545021057129,5.372726917266846,5.372726917266846,4.561707019805908,1430
2012-07-24,5.4636359214782715,5.472726821899414,5.445455074310303,5.472726821899414,4.646611213684082,1540
2012-07-25,5.472726821899414,5.472726821899414,5.472726821899414,5.472726821899414,4.646611213684082,0
2012-07-26,5.400000095367432,5.43636417388916,5.272727012634277,5.43636417388916,4.6157379150390625,6820
2012-07-27,5.363636016845703,5.363636016845703,5.363636016845703,5.363636016845703,4.553988933563232,990
2012-07-30,5.2090911865234375,5.3545451164245605,5.045454978942871,5.345455169677734,4.538552284240723,5280
2012-07-31,5.336363792419434,5.427272796630859,5.190908908843994,5.427272796630859,4.6080169677734375,3850
2012-08-01,5.445455074310303,5.445455074310303,5.445455074310303,5.445455074310303,4.623456954956055,220
2012-08-02,5.43636417388916,5.445455074310303,5.43636417388916,5.445455074310303,4.623456954956055,220
2012-08-03,5.43636417388916,5.445455074310303,5.43636417388916,5.445455074310303,4.623456954956055,220
2012-08-06,5.445455074310303,5.445455074310303,5.445455074310303,5.445455074310303,4.623456954956055,0
2012-08-07,5.390909194946289,5.400000095367432,5.390909194946289,5.400000095367432,4.584862232208252,550
2012-08-08,5.409090995788574,5.409090995788574,5.409090995788574,5.409090995788574,4.592584133148193,110
2012-08-09,5.409090995788574,5.409090995788574,5.409090995788574,5.409090995788574,4.592584133148193,0
2012-08-10,5.43636417388916,5.454545021057129,5.409090995788574,5.454545021057129,4.6311726570129395,4840
2012-08-13,5.43636417388916,5.445455074310303,5.43636417388916,5.445455074310303,4.623456954956055,5500
2012-08-14,5.445455074310303,5.445455074310303,5.445455074310303,5.445455074310303,4.623456954956055,440
2012-08-15,5.445455074310303,5.445455074310303,5.445455074310303,5.445455074310303,4.623456954956055,330
2012-08-16,5.445455074310303,5.445455074310303,5.445455074310303,5.445455074310303,4.623456954956055,660
2012-08-17,5.445455074310303,5.445455074310303,5.445455074310303,5.445455074310303,4.623456954956055,330
2012-08-20,5.418181896209717,5.445455074310303,5.28181791305542,5.445455074310303,4.623456954956055,5060
2012-08-21,5.427272796630859,5.445455074310303,5.427272796630859,5.445455074310303,4.623456954956055,6270
2012-08-22,5.445455074310303,5.454545021057129,5.409090995788574,5.454545021057129,4.6311726570129395,6270
2012-08-23,5.445455074310303,5.445455074310303,5.300000190734863,5.445455074310303,4.623456954956055,1320
2012-08-24,5.445455074310303,5.445455074310303,5.445455074310303,5.445455074310303,4.623456954956055,8910
2012-08-27,5.427272796630859,5.43636417388916,5.272727012634277,5.409090995788574,4.592584133148193,3520
2012-08-28,5.43636417388916,5.43636417388916,5.409090995788574,5.409090995788574,4.592584133148193,440
2012-08-29,5.28181791305542,5.409090995788574,5.199999809265137,5.409090995788574,4.592584133148193,1870
2012-08-30,5.390909194946289,5.545454978942871,5.372726917266846,5.545454978942871,4.70836067199707,13200
2012-08-31,5.581818103790283,5.581818103790283,5.581818103790283,5.581818103790283,4.739236831665039,220
2012-09-04,5.581818103790283,5.581818103790283,5.581818103790283,5.581818103790283,4.739236831665039,0
2012-09-05,5.581818103790283,5.581818103790283,5.581818103790283,5.581818103790283,4.739236831665039,220
2012-09-06,5.481818199157715,5.590909004211426,5.481818199157715,5.590909004211426,4.746953964233398,11660
2012-09-07,5.590909004211426,5.590909004211426,5.590909004211426,5.590909004211426,4.746953964233398,0
2012-09-10,5.245454788208008,5.663636207580566,5.245454788208008,5.518181800842285,4.685206890106201,2530
2012-09-11,5.454545021057129,5.572727203369141,5.454545021057129,5.572727203369141,4.731516361236572,1540
2012-09-12,5.4636359214782715,5.5363640785217285,5.454545021057129,5.5363640785217285,4.7006425857543945,2310
2012-09-13,5.454545021057129,5.590909004211426,5.409090995788574,5.590909004211426,4.746953964233398,21010
2012-09-14,5.5363640785217285,5.590909004211426,5.5363640785217285,5.590909004211426,4.746953964233398,440
2012-09-17,5.454545021057129,5.572727203369141,5.454545021057129,5.518181800842285,4.685206890106201,8360
2012-09-18,5.490909099578857,5.590909004211426,5.454545021057129,5.590909004211426,4.746953964233398,1650
2012-09-19,5.5363640785217285,5.581818103790283,5.454545021057129,5.581818103790283,4.739236831665039,2860
2012-09-20,5.454545021057129,5.581818103790283,5.454545021057129,5.581818103790283,4.739236831665039,3410
2012-09-21,5.56363582611084,5.590909004211426,5.490909099578857,5.545454978942871,4.70836067199707,2640
2012-09-24,5.454545021057129,5.581818103790283,5.454545021057129,5.581818103790283,4.739236831665039,1650
2012-09-25,5.509090900421143,5.572727203369141,5.43636417388916,5.5363640785217285,4.7006425857543945,8580
2012-09-26,5.472726821899414,5.5363640785217285,5.390909194946289,5.400000095367432,4.584862232208252,4730
2012-09-27,5.509090900421143,5.5363640785217285,5.418181896209717,5.472726821899414,4.646611213684082,1870
2012-09-28,5.5363640785217285,5.572727203369141,5.5363640785217285,5.572727203369141,4.731516361236572,660
2012-10-01,5.554544925689697,5.572727203369141,5.554544925689697,5.572727203369141,4.731516361236572,330
2012-10-02,5.572727203369141,5.572727203369141,5.318181991577148,5.5,4.669766902923584,6270
2012-10-03,5.454545021057129,5.581818103790283,5.43636417388916,5.5363640785217285,4.7006425857543945,10230
2012-10-04,5.518181800842285,5.545454978942871,5.454545021057129,5.545454978942871,4.70836067199707,8360
2012-10-05,5.5,5.572727203369141,5.427272796630859,5.5363640785217285,4.7006425857543945,11000
2012-10-08,5.363636016845703,5.490909099578857,5.345455169677734,5.490909099578857,4.662050247192383,660
2012-10-09,5.4636359214782715,5.527273178100586,5.4636359214782715,5.527273178100586,4.692923545837402,990
2012-10-10,5.472726821899414,5.527273178100586,5.445455074310303,5.509090900421143,4.677487850189209,1430
2012-10-11,5.445455074310303,5.5,5.445455074310303,5.5,4.669766902923584,1870
2012-10-12,5.454545021057129,5.509090900421143,5.454545021057129,5.509090900421143,4.677487850189209,880
2012-10-15,5.481818199157715,5.5,5.454545021057129,5.5,4.669766902923584,7590
2012-10-16,5.472726821899414,5.5,5.381817817687988,5.472726821899414,4.646611213684082,1980
2012-10-17,5.472726821899414,5.472726821899414,5.472726821899414,5.472726821899414,4.646611213684082,0
2012-10-18,5.5363640785217285,5.5363640785217285,5.454545021057129,5.5,4.669766902923584,440
2012-10-19,5.490909099578857,5.5,5.490909099578857,5.5,4.669766902923584,5280
2012-10-22,5.5,5.5,5.5,5.5,4.669766902923584,0
2012-10-23,5.454545021057129,5.490909099578857,5.454545021057129,5.490909099578857,4.662050247192383,660
2012-10-24,5.5,5.5,5.5,5.5,4.669766902923584,220
2012-10-25,5.490909099578857,5.490909099578857,5.490909099578857,5.490909099578857,4.662050247192383,220
2012-10-26,5.490909099578857,5.490909099578857,5.490909099578857,5.490909099578857,4.662050247192383,0
2012-10-31,5.545454978942871,5.545454978942871,5.545454978942871,5.545454978942871,4.70836067199707,220
2012-11-01,5.545454978942871,5.545454978942871,5.545454978942871,5.545454978942871,4.70836067199707,220
2012-11-02,5.572727203369141,5.572727203369141,5.572727203369141,5.572727203369141,4.731516361236572,220
2012-11-05,5.590909004211426,5.590909004211426,5.590909004211426,5.590909004211426,4.746953964233398,220
2012-11-06,5.590909004211426,5.681818008422852,5.590909004211426,5.681818008422852,4.824141502380371,440
2012-11-07,5.6454548835754395,5.6454548835754395,5.6454548835754395,5.6454548835754395,4.793266773223877,110
2012-11-08,5.636363983154297,5.636363983154297,5.636363983154297,5.636363983154297,4.785548686981201,110
2012-11-09,5.609090805053711,5.672727108001709,5.609090805053711,5.672727108001709,4.816421985626221,330
2012-11-12,5.554544925689697,5.554544925689697,5.554544925689697,5.554544925689697,4.71607780456543,10230
2012-11-13,5.527273178100586,5.554544925689697,5.409090995788574,5.5363640785217285,4.7006425857543945,29260
2012-11-14,5.545454978942871,5.545454978942871,5.545454978942871,5.545454978942871,4.70836067199707,28600
2012-11-15,5.5,5.509090900421143,5.5,5.509090900421143,4.677487850189209,3300
2012-11-16,5.509090900421143,5.5363640785217285,5.390909194946289,5.409090995788574,4.592584133148193,11660
2012-11-19,5.5,5.5,5.5,5.5,4.669766902923584,770
2012-11-20,5.681818008422852,5.681818008422852,5.590909004211426,5.590909004211426,4.746953964233398,3630
2012-11-21,5.5,5.5,5.454545021057129,5.454545021057129,4.6311726570129395,660
2012-11-23,5.5,5.5,5.5,5.5,4.669766902923584,550
2012-11-26,5.472726821899414,5.627273082733154,5.390909194946289,5.490909099578857,4.662050247192383,5830
2012-11-27,5.490909099578857,5.490909099578857,5.490909099578857,5.490909099578857,4.662050247192383,330
2012-11-28,5.518181800842285,5.636363983154297,5.400000095367432,5.636363983154297,4.785548686981201,1430
2012-11-29,5.636363983154297,5.636363983154297,5.627273082733154,5.627273082733154,4.777828216552734,660
2012-11-30,5.590909004211426,5.590909004211426,5.590909004211426,5.590909004211426,4.746953964233398,220
2012-12-03,5.5363640785217285,5.5363640785217285,5.5363640785217285,5.5363640785217285,4.7006425857543945,330
2012-12-04,5.445455074310303,5.590909004211426,5.445455074310303,5.590909004211426,4.746953964233398,2420
2012-12-05,5.4636359214782715,5.581818103790283,5.43636417388916,5.572727203369141,4.731516361236572,6160
2012-12-06,5.572727203369141,5.572727203369141,5.572727203369141,5.572727203369141,4.731516361236572,0
2012-12-07,5.56363582611084,5.56363582611084,5.0,5.227272987365723,4.438209533691406,81950
2012-12-10,5.263636112213135,5.545454978942871,5.254545211791992,5.490909099578857,4.662050247192383,18480
2012-12-11,5.372726917266846,5.527273178100586,5.363636016845703,5.527273178100586,4.692923545837402,7040
2012-12-12,5.4636359214782715,5.5,5.381817817687988,5.5,4.669766902923584,660
2012-12-13,5.43636417388916,5.545454978942871,5.381817817687988,5.5,4.669766902923584,24860
2012-12-14,5.372726917266846,5.5363640785217285,5.363636016845703,5.490909099578857,4.662050247192383,5170
2012-12-17,5.490909099578857,5.490909099578857,5.2090911865234375,5.454545021057129,4.6311726570129395,8910
2012-12-18,5.43636417388916,5.454545021057129,5.409090995788574,5.454545021057129,4.6311726570129395,6050
2012-12-19,5.4636359214782715,5.472726821899414,5.363636016845703,5.472726821899414,4.646611213684082,4400
2012-12-20,5.4636359214782715,5.672727108001709,5.4636359214782715,5.672727108001709,4.816421985626221,26510
2012-12-21,5.481818199157715,5.663636207580566,5.481818199157715,5.663636207580566,4.808703899383545,4290
2012-12-24,5.672727108001709,5.672727108001709,5.672727108001709,5.672727108001709,4.816421985626221,110
2012-12-26,5.636363983154297,5.636363983154297,5.545454978942871,5.627273082733154,4.777828216552734,4620
2012-12-27,5.5,5.636363983154297,5.454545021057129,5.636363983154297,4.785548686981201,9790
2012-12-28,5.481818199157715,5.663636207580566,5.454545021057129,5.663636207580566,4.808703899383545,6380
2012-12-31,5.627273082733154,5.672727108001709,5.627273082733154,5.672727108001709,4.816421985626221,1320
2013-01-02,5.663636207580566,5.663636207580566,5.5,5.663636207580566,4.808703899383545,10340
2013-01-03,5.554544925689697,5.56363582611084,5.490909099578857,5.554544925689697,4.71607780456543,24310
2013-01-04,5.636363983154297,5.654544830322266,5.472726821899414,5.472726821899414,4.646611213684082,3300
2013-01-07,5.490909099578857,5.554544925689697,5.4636359214782715,5.554544925689697,4.71607780456543,2530
2013-01-08,5.527273178100586,5.527273178100586,5.445455074310303,5.454545021057129,4.6311726570129395,7150
2013-01-09,5.372726917266846,5.581818103790283,5.372726917266846,5.581818103790283,4.739236831665039,2860
2013-01-10,5.509090900421143,5.509090900421143,5.381817817687988,5.5,4.669766902923584,4840
2013-01-11,5.445455074310303,5.445455074310303,5.345455169677734,5.445455074310303,4.623456954956055,10010
2013-01-14,5.400000095367432,5.454545021057129,5.327272891998291,5.454545021057129,4.6311726570129395,5390
2013-01-15,5.345455169677734,5.445455074310303,5.318181991577148,5.445455074310303,4.623456954956055,3740
2013-01-16,5.409090995788574,5.454545021057129,5.363636016845703,5.445455074310303,4.623456954956055,4840
2013-01-17,5.472726821899414,5.581818103790283,5.454545021057129,5.581818103790283,4.739236831665039,13530
2013-01-18,5.454545021057129,5.581818103790283,5.454545021057129,5.5,4.669766902923584,10010
2013-01-22,5.509090900421143,5.509090900421143,5.509090900421143,5.509090900421143,4.677487850189209,1650
2013-01-23,5.527273178100586,5.590909004211426,5.454545021057129,5.590909004211426,4.746953964233398,9790
2013-01-24,5.572727203369141,5.654544830322266,5.4636359214782715,5.4636359214782715,4.638894081115723,41360
2013-01-25,5.599999904632568,5.599999904632568,5.481818199157715,5.581818103790283,4.739236831665039,1760
2013-01-28,5.618182182312012,5.618182182312012,5.618182182312012,5.618182182312012,4.7701096534729,110
2013-01-29,5.599999904632568,5.599999904632568,5.454545021057129,5.56363582611084,4.723797798156738,2530
2013-01-30,5.554544925689697,5.554544925689697,5.554544925689697,5.554544925689697,4.71607780456543,220
2013-01-31,5.590909004211426,5.590909004211426,5.590909004211426,5.590909004211426,4.746953964233398,220
2013-02-01,5.454545021057129,5.56363582611084,5.454545021057129,5.56363582611084,4.723797798156738,6820
2013-02-04,5.581818103790283,5.581818103790283,5.5,5.5,4.669766902923584,3520
2013-02-05,5.481818199157715,5.481818199157715,5.481818199157715,5.481818199157715,4.654331684112549,3520
2013-02-06,5.545454978942871,5.545454978942871,5.454545021057129,5.518181800842285,4.685206890106201,3850
2013-02-07,5.472726821899414,5.490909099578857,5.418181896209717,5.490909099578857,4.662050247192383,24090
2013-02-08,5.445455074310303,5.509090900421143,5.43636417388916,5.509090900421143,4.677487850189209,1100
2013-02-11,5.43636417388916,5.518181800842285,5.43636417388916,5.518181800842285,4.685206890106201,1210
2013-02-12,5.445455074310303,5.509090900421143,5.445455074310303,5.509090900421143,4.677487850189209,550
2013-02-13,5.472726821899414,5.518181800842285,5.445455074310303,5.518181800842285,4.685206890106201,3740
2013-02-14,5.490909099578857,5.490909099578857,5.490909099578857,5.490909099578857,4.662050247192383,440
2013-02-15,5.5363640785217285,5.56363582611084,5.454545021057129,5.454545021057129,4.6311726570129395,14080
2013-02-19,5.4636359214782715,5.527273178100586,5.454545021057129,5.481818199157715,4.654331684112549,12210
2013-02-20,5.454545021057129,5.518181800842285,5.454545021057129,5.5,4.669766902923584,8360
2013-02-21,5.454545021057129,5.454545021057129,5.445455074310303,5.445455074310303,4.623456954956055,16390
2013-02-22,5.43636417388916,5.490909099578857,5.43636417388916,5.490909099578857,4.662050247192383,14960
2013-02-25,5.445455074310303,5.509090900421143,5.372726917266846,5.472726821899414,4.646611213684082,18590
2013-02-26,5.481818199157715,5.481818199157715,5.445455074310303,5.472726821899414,4.646611213684082,8690
2013-02-27,5.472726821899414,5.5,5.445455074310303,5.490909099578857,4.662050247192383,9240
2013-02-28,5.527273178100586,5.527273178100586,5.445455074310303,5.472726821899414,4.646611213684082,2970
2013-03-01,5.445455074310303,5.490909099578857,5.445455074310303,5.490909099578857,4.662050247192383,2530
2013-03-04,5.454545021057129,5.636363983154297,5.454545021057129,5.472726821899414,4.646611213684082,28160
2013-03-05,5.554544925689697,5.6454548835754395,5.5,5.6454548835754395,4.793266773223877,15620
2013-03-06,5.599999904632568,5.636363983154297,5.572727203369141,5.627273082733154,4.777828216552734,9020
2013-03-07,5.527273178100586,5.527273178100586,5.527273178100586,5.527273178100586,4.692923545837402,110
2013-03-08,5.627273082733154,5.627273082733154,5.545454978942871,5.627273082733154,4.777828216552734,440
2013-03-11,5.609090805053711,5.890909194946289,5.590909004211426,5.827272891998291,4.947638988494873,23100
2013-03-12,5.954545021057129,5.9636359214782715,5.954545021057129,5.9636359214782715,5.063417434692383,330
2013-03-13,5.945455074310303,6.090909004211426,5.6454548835754395,5.6454548835754395,4.793266773223877,1100
2013-03-14,5.827272891998291,5.918181896209717,5.818181991577148,5.863636016845703,4.978512763977051,2310
2013-03-15,5.863636016845703,5.863636016845703,5.863636016845703,5.863636016845703,4.978512763977051,0
2013-03-18,5.863636016845703,5.863636016845703,5.863636016845703,5.863636016845703,4.978512763977051,0
2013-03-19,5.909090995788574,6.127273082733154,5.6454548835754395,6.06363582611084,5.148322582244873,1870
2013-03-20,5.918181896209717,5.918181896209717,5.918181896209717,5.918181896209717,5.024824142456055,220
2013-03-21,5.900000095367432,5.900000095367432,5.900000095367432,5.900000095367432,5.00938606262207,330
2013-03-22,5.900000095367432,5.900000095367432,5.900000095367432,5.900000095367432,5.00938606262207,770
2013-03-25,5.900000095367432,5.909090995788574,5.800000190734863,5.900000095367432,5.00938606262207,5720
2013-03-26,5.881817817687988,5.909090995788574,5.7090911865234375,5.909090995788574,5.017105579376221,1870
2013-03-27,5.8545451164245605,5.918181896209717,5.78181791305542,5.909090995788574,5.017105579376221,660
2013-03-28,5.6454548835754395,5.927272796630859,5.6454548835754395,5.918181896209717,5.024824142456055,770
2013-04-01,5.93636417388916,5.93636417388916,5.918181896209717,5.93636417388916,5.0402631759643555,11110
2013-04-02,5.93636417388916,5.93636417388916,5.93636417388916,5.93636417388916,5.0402631759643555,220
2013-04-03,5.827272891998291,5.93636417388916,5.827272891998291,5.93636417388916,5.0402631759643555,8800
2013-04-04,5.93636417388916,5.93636417388916,5.93636417388916,5.93636417388916,5.0402631759643555,220
2013-04-05,5.93636417388916,5.93636417388916,5.918181896209717,5.93636417388916,5.0402631759643555,440
2013-04-08,5.918181896209717,5.93636417388916,5.863636016845703,5.93636417388916,5.0402631759643555,4730
2013-04-09,5.918181896209717,5.927272796630859,5.809091091156006,5.927272796630859,5.032544136047363,440
2013-04-10,5.909090995788574,5.93636417388916,5.909090995788574,5.93636417388916,5.0402631759643555,2420
2013-04-11,5.818181991577148,5.93636417388916,5.818181991577148,5.93636417388916,5.0402631759643555,770
2013-04-12,5.93636417388916,5.93636417388916,5.7909088134765625,5.918181896209717,5.024824142456055,2750
2013-04-15,5.93636417388916,5.93636417388916,5.863636016845703,5.927272796630859,5.032544136047363,6600
2013-04-16,5.93636417388916,5.93636417388916,5.93636417388916,5.93636417388916,5.0402631759643555,220
2013-04-17,5.93636417388916,5.93636417388916,5.918181896209717,5.93636417388916,5.0402631759643555,990
2013-04-18,5.7909088134765625,6.136363983154297,5.654544830322266,6.127273082733154,5.202353477478027,7040
2013-04-19,6.254545211791992,6.254545211791992,6.254545211791992,6.254545211791992,5.310413360595703,770
2013-04-22,6.300000190734863,6.327272891998291,6.300000190734863,6.327272891998291,5.372164726257324,220
2013-04-23,6.272727012634277,6.363636016845703,6.272727012634277,6.363636016845703,5.403037071228027,660
2013-04-24,6.454545021057129,6.454545021057129,6.445455074310303,6.445455074310303,5.472506046295166,330
2013-04-25,6.3545451164245605,6.5,6.309091091156006,6.490909099578857,5.511099338531494,1320
2013-04-26,6.490909099578857,6.490909099578857,6.490909099578857,6.490909099578857,5.511099338531494,110
2013-04-29,6.490909099578857,6.490909099578857,6.490909099578857,6.490909099578857,5.511099338531494,880
2013-04-30,6.490909099578857,6.490909099578857,6.372726917266846,6.481818199157715,5.50338077545166,1650
2013-05-01,6.227272987365723,6.4636359214782715,6.227272987365723,6.454545021057129,5.480223655700684,2090
2013-05-02,6.363636016845703,6.4636359214782715,6.363636016845703,6.4636359214782715,5.487941741943359,550
2013-05-03,6.336363792419434,6.472726821899414,6.336363792419434,6.4636359214782715,5.487941741943359,550
2013-05-06,6.43636417388916,6.445455074310303,6.43636417388916,6.445455074310303,5.472506046295166,1100
2013-05-07,6.381817817687988,6.390909194946289,6.318181991577148,6.363636016845703,5.403037071228027,5940
2013-05-08,6.363636016845703,6.363636016845703,6.363636016845703,6.363636016845703,5.403037071228027,0
2013-05-09,6.345455169677734,6.454545021057129,6.327272891998291,6.43636417388916,5.464786529541016,660
2013-05-10,6.427272796630859,6.43636417388916,6.427272796630859,6.43636417388916,5.464786529541016,770
2013-05-13,6.409090995788574,6.409090995788574,6.400000095367432,6.400000095367432,5.4339118003845215,1100
2013-05-14,6.309091091156006,6.409090995788574,6.1454548835754395,6.409090995788574,5.4416303634643555,7370
2013-05-15,6.363636016845703,6.390909194946289,6.272727012634277,6.390909194946289,5.4261932373046875,660
2013-05-16,6.272727012634277,6.390909194946289,6.272727012634277,6.390909194946289,5.4261932373046875,660
2013-05-17,6.400000095367432,6.409090995788574,6.272727012634277,6.409090995788574,5.4416303634643555,1760
2013-05-20,6.272727012634277,6.390909194946289,6.272727012634277,6.390909194946289,5.4261932373046875,4620
2013-05-21,6.390909194946289,6.390909194946289,6.390909194946289,6.390909194946289,5.4261932373046875,110
2013-05-22,6.390909194946289,6.390909194946289,6.390909194946289,6.390909194946289,5.4261932373046875,0
2013-05-23,6.3545451164245605,6.3545451164245605,6.3545451164245605,6.3545451164245605,5.395318984985352,110
2013-05-24,6.363636016845703,6.363636016845703,6.363636016845703,6.363636016845703,5.403037071228027,220
2013-05-28,6.363636016845703,6.363636016845703,6.363636016845703,6.363636016845703,5.403037071228027,330
2013-05-29,6.272727012634277,6.363636016845703,6.227272987365723,6.363636016845703,5.403037071228027,6050
2013-05-30,6.3545451164245605,6.3545451164245605,6.263636112213135,6.3545451164245605,5.395318984985352,9020
2013-05-31,6.28181791305542,6.363636016845703,6.272727012634277,6.363636016845703,5.403037071228027,6820
2013-06-03,6.363636016845703,6.363636016845703,6.363636016845703,6.363636016845703,5.403037071228027,0
2013-06-04,6.309091091156006,6.363636016845703,6.309091091156006,6.363636016845703,5.403037071228027,330
2013-06-05,6.309091091156006,6.363636016845703,6.309091091156006,6.363636016845703,5.403037071228027,330
2013-06-06,6.318181991577148,6.863636016845703,6.318181991577148,6.418181896209717,5.4493489265441895,15510
2013-06-07,6.345455169677734,6.454545021057129,6.336363792419434,6.409090995788574,5.4416303634643555,4180
2013-06-10,6.409090995788574,6.581818103790283,6.318181991577148,6.409090995788574,5.4416303634643555,4840
2013-06-11,6.318181991577148,6.581818103790283,6.318181991577148,6.581818103790283,5.588284492492676,4180
2013-06-12,6.409090995788574,6.454545021057129,6.272727012634277,6.43636417388916,5.464786529541016,5060
2013-06-13,6.390909194946289,6.390909194946289,6.390909194946289,6.390909194946289,5.4338698387146,110
2013-06-14,6.390909194946289,6.390909194946289,6.390909194946289,6.390909194946289,5.4338698387146,110
2013-06-17,6.400000095367432,6.5,6.272727012634277,6.472726821899414,5.503433704376221,660
2013-06-18,6.445455074310303,6.454545021057129,6.272727012634277,6.272727012634277,5.333384990692139,4180
2013-06-19,6.363636016845703,6.454545021057129,6.2909088134765625,6.454545021057129,5.487973213195801,1210
2013-06-20,6.454545021057129,6.454545021057129,6.454545021057129,6.454545021057129,5.487973213195801,220
2013-06-21,6.363636016845703,6.445455074310303,5.690908908843994,6.372726917266846,5.418409824371338,12320
2013-06-24,6.490909099578857,6.490909099578857,6.472726821899414,6.472726821899414,5.503433704376221,220
2013-06-25,6.272727012634277,6.472726821899414,6.272727012634277,6.300000190734863,5.356574535369873,4070
2013-06-26,6.272727012634277,6.472726821899414,6.272727012634277,6.472726821899414,5.503433704376221,3740
2013-06-27,6.445455074310303,6.445455074310303,6.445455074310303,6.445455074310303,5.480246067047119,220
2013-06-28,6.454545021057129,6.454545021057129,6.454545021057129,6.454545021057129,5.487973213195801,1540
2013-07-01,6.445455074310303,6.445455074310303,6.409090995788574,6.427272796630859,5.464786052703857,880
2013-07-02,6.28181791305542,6.481818199157715,6.28181791305542,6.481818199157715,5.511164665222168,4180
2013-07-03,6.481818199157715,6.481818199157715,6.481818199157715,6.481818199157715,5.511164665222168,0
2013-07-05,6.5363640785217285,6.5363640785217285,6.518181800842285,6.518181800842285,5.5420823097229,330
2013-07-08,6.4636359214782715,6.590909004211426,6.4636359214782715,6.5,5.526623249053955,9020
2013-07-09,6.554544925689697,6.554544925689697,6.372726917266846,6.427272796630859,5.464786052703857,7370
2013-07-10,6.472726821899414,6.545454978942871,6.400000095367432,6.527273178100586,5.549813270568848,7590
2013-07-11,6.381817817687988,6.590909004211426,6.363636016845703,6.590909004211426,5.60391902923584,1870
2013-07-12,6.554544925689697,6.554544925689697,6.490909099578857,6.5,5.526623249053955,990
2013-07-15,6.545454978942871,6.545454978942871,6.545454978942871,6.545454978942871,5.56527042388916,110
2013-07-16,6.372726917266846,6.5363640785217285,6.372726917266846,6.5363640785217285,5.5575408935546875,990
2013-07-17,6.5363640785217285,6.5363640785217285,6.5363640785217285,6.5363640785217285,5.5575408935546875,0
2013-07-18,6.5363640785217285,6.5363640785217285,6.5363640785217285,6.5363640785217285,5.5575408935546875,0
2013-07-19,6.5363640785217285,6.5363640785217285,6.5363640785217285,6.5363640785217285,5.5575408935546875,0
2013-07-22,6.336363792419434,6.78181791305542,6.336363792419434,6.736363887786865,5.727590560913086,7370
2013-07-23,6.736363887786865,6.736363887786865,6.736363887786865,6.736363887786865,5.727590560913086,0
2013-07-24,6.763636112213135,7.390909194946289,6.736363887786865,6.872726917266846,5.843533039093018,5500
2013-07-25,6.909090995788574,7.2090911865234375,6.772727012634277,6.7909088134765625,5.773968696594238,2200
2013-07-26,6.672727108001709,7.06363582611084,6.590909004211426,6.590909004211426,5.60391902923584,5280
2013-07-29,6.590909004211426,6.590909004211426,6.590909004211426,6.590909004211426,5.60391902923584,0
2013-07-30,7.136363983154297,7.136363983154297,7.136363983154297,7.136363983154297,6.067691326141357,110
2013-07-31,7.136363983154297,7.263636112213135,6.618182182312012,7.263636112213135,6.1759033203125,880
2013-08-01,7.21818208694458,7.227272987365723,7.21818208694458,7.227272987365723,6.144985675811768,330
2013-08-02,7.199999809265137,7.199999809265137,7.199999809265137,7.199999809265137,6.121798038482666,330
2013-08-05,7.109090805053711,7.109090805053711,7.090909004211426,7.090909004211426,6.029042720794678,880
2013-08-06,7.099999904632568,7.099999904632568,7.099999904632568,7.099999904632568,6.036771774291992,220
2013-08-07,7.099999904632568,7.099999904632568,7.099999904632568,7.099999904632568,6.036771774291992,0
2013-08-08,7.254545211791992,7.254545211791992,7.136363983154297,7.2090911865234375,6.129528522491455,1210
2013-08-09,7.1454548835754395,7.1454548835754395,7.1454548835754395,7.1454548835754395,6.07542085647583,110
2013-08-12,7.1454548835754395,7.1454548835754395,7.1454548835754395,7.1454548835754395,6.07542085647583,0
2013-08-13,7.2090911865234375,7.2090911865234375,7.2090911865234375,7.2090911865234375,6.129528522491455,330
2013-08-14,7.21818208694458,7.227272987365723,6.618182182312012,6.7090911865234375,5.704402923583984,7700
2013-08-15,6.672727108001709,6.681818008422852,6.672727108001709,6.681818008422852,5.681213855743408,220
2013-08-16,6.954545021057129,7.090909004211426,6.772727012634277,6.836363792419434,5.812617778778076,7260
2013-08-19,6.918181896209717,6.918181896209717,6.918181896209717,6.918181896209717,5.882180690765381,110
2013-08-20,6.918181896209717,6.918181896209717,6.918181896209717,6.918181896209717,5.882180690765381,0
2013-08-21,6.9636359214782715,6.9636359214782715,6.9636359214782715,6.9636359214782715,5.920827865600586,110
2013-08-22,7.109090805053711,7.109090805053711,6.954545021057129,7.090909004211426,6.029042720794678,1320
2013-08-23,6.981818199157715,7.172727108001709,6.981818199157715,7.172727108001709,6.09860897064209,1430
2013-08-26,7.172727108001709,7.181818008422852,7.127273082733154,7.154544830322266,6.083150386810303,1100
2013-08-27,6.863636016845703,6.881817817687988,6.772727012634277,6.881817817687988,5.851263046264648,2640
2013-08-28,6.909090995788574,6.990909099578857,6.772727012634277,6.818181991577148,5.797155857086182,4510
2013-08-29,6.8545451164245605,7.072727203369141,6.8545451164245605,7.072727203369141,6.013582706451416,440
2013-08-30,6.981818199157715,7.045454978942871,6.981818199157715,7.045454978942871,5.990395545959473,440
2013-09-03,6.818181991577148,7.009090900421143,6.754545211791992,6.972726821899414,5.92855978012085,1210
2013-09-04,6.827272891998291,6.881817817687988,6.672727108001709,6.736363887786865,5.727590560913086,16610
2013-09-05,6.745454788208008,6.754545211791992,6.127273082733154,6.127273082733154,5.209712028503418,4840
2013-09-06,6.5363640785217285,6.990909099578857,6.5363640785217285,6.836363792419434,5.812617778778076,23430
2013-09-09,6.727272987365723,7.090909004211426,6.727272987365723,7.072727203369141,6.013582706451416,3410
2013-09-10,7.090909004211426,7.090909004211426,6.681818008422852,6.918181896209717,5.882180690765381,8030
2013-09-11,6.818181991577148,6.818181991577148,6.818181991577148,6.818181991577148,5.797155857086182,220
2013-09-12,6.754545211791992,7.181818008422852,6.727272987365723,6.9636359214782715,5.928734302520752,10560
2013-09-13,6.9636359214782715,6.9636359214782715,6.845455169677734,6.909090995788574,5.88229513168335,5280
2013-09-16,6.900000095367432,6.918181896209717,6.809091091156006,6.818181991577148,5.804895877838135,19470
2013-09-17,6.818181991577148,6.818181991577148,6.754545211791992,6.772727012634277,5.766197681427002,990
2013-09-18,6.772727012634277,6.772727012634277,6.772727012634277,6.772727012634277,5.766197681427002,0
2013-09-19,6.772727012634277,6.772727012634277,6.745454788208008,6.772727012634277,5.766197681427002,1320
2013-09-20,6.772727012634277,6.818181991577148,6.745454788208008,6.7909088134765625,5.781677722930908,2640
2013-09-23,6.818181991577148,6.818181991577148,6.818181991577148,6.818181991577148,5.804895877838135,330
2013-09-24,6.772727012634277,6.772727012634277,6.772727012634277,6.772727012634277,5.766197681427002,220
2013-09-25,6.772727012634277,6.772727012634277,6.772727012634277,6.772727012634277,5.766197681427002,1320
2013-09-26,6.818181991577148,6.818181991577148,6.818181991577148,6.818181991577148,5.804895877838135,330
2013-09-27,6.772727012634277,6.772727012634277,6.772727012634277,6.772727012634277,5.766197681427002,1210
2013-09-30,6.772727012634277,6.78181791305542,6.772727012634277,6.78181791305542,5.773936748504639,220
2013-10-01,6.78181791305542,6.78181791305542,6.78181791305542,6.78181791305542,5.773936748504639,0
2013-10-02,6.772727012634277,6.772727012634277,6.745454788208008,6.745454788208008,5.742978572845459,220
2013-10-03,6.745454788208008,6.745454788208008,6.745454788208008,6.745454788208008,5.742978572845459,0
2013-10-04,6.745454788208008,6.745454788208008,6.745454788208008,6.745454788208008,5.742978572845459,0
2013-10-07,6.745454788208008,6.745454788208008,6.745454788208008,6.745454788208008,5.742978572845459,0
2013-10-08,6.772727012634277,6.772727012634277,6.727272987365723,6.727272987365723,5.7274980545043945,770
2013-10-09,6.800000190734863,6.836363792419434,6.800000190734863,6.836363792419434,5.820377826690674,440
2013-10-10,6.599999904632568,6.727272987365723,6.454545021057129,6.56363582611084,5.588180065155029,10340
2013-10-11,6.5363640785217285,6.599999904632568,6.5363640785217285,6.599999904632568,5.619139194488525,2530
2013-10-14,6.636363983154297,6.681818008422852,6.454545021057129,6.681818008422852,5.688798427581787,770
2013-10-15,6.472726821899414,6.572727203369141,6.454545021057129,6.545454978942871,5.572700500488281,7370
2013-10-16,6.545454978942871,6.599999904632568,6.454545021057129,6.599999904632568,5.619139194488525,6160
2013-10-17,6.454545021057129,6.71818208694458,6.454545021057129,6.71818208694458,5.719758033752441,1100
2013-10-18,6.71818208694458,6.71818208694458,6.71818208694458,6.71818208694458,5.719758033752441,0
2013-10-21,6.609090805053711,6.609090805053711,6.609090805053711,6.609090805053711,5.62687873840332,330
2013-10-22,6.490909099578857,6.699999809265137,6.490909099578857,6.699999809265137,5.704277992248535,1100
2013-10-23,6.599999904632568,6.699999809265137,6.472726821899414,6.699999809265137,5.704277992248535,990
2013-10-24,6.599999904632568,6.599999904632568,6.490909099578857,6.527273178100586,5.557222366333008,3520
2013-10-25,6.572727203369141,6.590909004211426,6.5,6.590909004211426,5.611400604248047,1540
2013-10-28,6.545454978942871,6.545454978942871,6.545454978942871,6.545454978942871,5.572700500488281,2200
2013-10-29,6.590909004211426,6.590909004211426,6.590909004211426,6.590909004211426,5.611400604248047,110
2013-10-30,6.672727108001709,6.672727108001709,6.636363983154297,6.636363983154297,5.6501007080078125,2970
2013-10-31,6.727272987365723,6.736363887786865,6.727272987365723,6.736363887786865,5.735238075256348,8690
2013-11-01,6.809091091156006,6.836363792419434,6.809091091156006,6.827272891998291,5.8126373291015625,1540
2013-11-04,6.827272891998291,6.827272891998291,6.827272891998291,6.827272891998291,5.8126373291015625,0
2013-11-05,6.927272796630859,7.227272987365723,6.927272796630859,7.090909004211426,6.037093162536621,3960
2013-11-06,7.081818103790283,7.081818103790283,6.827272891998291,6.909090995788574,5.88229513168335,1980
2013-11-07,6.909090995788574,6.909090995788574,6.909090995788574,6.909090995788574,5.88229513168335,0
2013-11-08,7.0,7.027273178100586,6.990909099578857,6.990909099578857,5.951954364776611,2640
2013-11-11,6.990909099578857,6.990909099578857,6.990909099578857,6.990909099578857,5.951954364776611,0
2013-11-12,6.927272796630859,7.027273178100586,6.909090995788574,6.909090995788574,5.88229513168335,880
2013-11-13,6.909090995788574,6.909090995788574,6.909090995788574,6.909090995788574,5.88229513168335,0
2013-11-14,7.0363640785217285,7.0363640785217285,7.0363640785217285,7.0363640785217285,5.990656852722168,440
2013-11-15,7.045454978942871,7.045454978942871,7.045454978942871,7.045454978942871,5.9983930587768555,110
2013-11-18,6.8545451164245605,7.027273178100586,6.818181991577148,7.0,5.959694862365723,2970
2013-11-19,7.0,7.0,7.0,7.0,5.959694862365723,0
2013-11-20,6.918181896209717,7.045454978942871,6.909090995788574,6.954545021057129,5.920993328094482,10890
2013-11-21,6.954545021057129,6.954545021057129,6.954545021057129,6.954545021057129,5.920993328094482,0
2013-11-22,6.909090995788574,6.954545021057129,6.909090995788574,6.954545021057129,5.920993328094482,3740
2013-11-25,6.954545021057129,6.954545021057129,6.954545021057129,6.954545021057129,5.920993328094482,0
2013-11-26,7.045454978942871,7.06363582611084,6.954545021057129,6.954545021057129,5.920993328094482,8360
2013-11-27,7.163636207580566,7.163636207580566,7.127273082733154,7.127273082733154,6.068052768707275,3300
2013-11-29,6.981818199157715,7.154544830322266,6.954545021057129,7.154544830322266,6.091271877288818,17710
2013-12-02,7.072727203369141,7.172727108001709,6.954545021057129,7.136363983154297,6.075791358947754,7590
2013-12-03,7.054544925689697,7.190908908843994,7.054544925689697,7.181818008422852,6.1144914627075195,7150
2013-12-04,7.190908908843994,7.190908908843994,7.045454978942871,7.054544925689697,6.006133556365967,12100
2013-12-05,7.054544925689697,7.163636207580566,7.054544925689697,7.154544830322266,6.091271877288818,11880
2013-12-06,7.181818008422852,7.181818008422852,6.954545021057129,7.154544830322266,6.091271877288818,3190
2013-12-09,7.072727203369141,7.072727203369141,6.954545021057129,7.0,5.959694862365723,5390
2013-12-10,6.9636359214782715,6.981818199157715,6.954545021057129,6.9636359214782715,5.928734302520752,3080
2013-12-11,6.954545021057129,6.954545021057129,6.954545021057129,6.954545021057129,5.920993328094482,9790
2013-12-12,6.972726821899414,6.972726821899414,6.954545021057129,6.954545021057129,5.928743839263916,4400
2013-12-13,7.181818008422852,7.254545211791992,7.072727203369141,7.181818008422852,6.122495174407959,38830
2013-12-16,7.009090900421143,7.045454978942871,6.909090995788574,6.981818199157715,5.951994895935059,9130
2013-12-17,7.018181800842285,7.018181800842285,6.909090995788574,6.909090995788574,5.889995098114014,9790
2013-12-18,6.918181896209717,7.018181800842285,6.909090995788574,6.909090995788574,5.889995098114014,9020
2013-12-19,7.0,7.127273082733154,6.909090995788574,6.909090995788574,5.889995098114014,3190
2013-12-20,6.927272796630859,7.163636207580566,6.927272796630859,6.990909099578857,5.959744930267334,41690
2013-12-23,7.018181800842285,7.136363983154297,7.018181800842285,7.0363640785217285,5.998497009277344,660
2013-12-24,7.127273082733154,7.127273082733154,7.127273082733154,7.127273082733154,6.075993537902832,550
2013-12-26,7.018181800842285,7.018181800842285,6.945455074310303,6.945455074310303,5.920994281768799,4290
2013-12-27,7.0,7.0,6.909090995788574,6.909090995788574,5.889995098114014,34980
2013-12-30,6.9636359214782715,7.06363582611084,6.909090995788574,6.909090995788574,5.889995098114014,13200
2013-12-31,6.945455074310303,7.045454978942871,6.909090995788574,6.9636359214782715,5.93649435043335,7920
2014-01-02,7.018181800842285,7.018181800842285,7.018181800842285,7.018181800842285,5.9829936027526855,330
2014-01-03,7.018181800842285,7.0363640785217285,6.981818199157715,6.981818199157715,5.951994895935059,1870
2014-01-06,6.981818199157715,7.018181800842285,6.909090995788574,6.909090995788574,5.889995098114014,25740
2014-01-07,6.93636417388916,6.93636417388916,6.909090995788574,6.927272796630859,5.9054951667785645,1430
2014-01-08,7.0,7.0363640785217285,6.927272796630859,6.927272796630859,5.9054951667785645,2090
2014-01-09,7.0363640785217285,7.136363983154297,7.0,7.0,5.967495441436768,1430
2014-01-10,7.0,7.0,6.909090995788574,6.9636359214782715,5.93649435043335,6600
2014-01-13,6.954545021057129,6.981818199157715,6.954545021057129,6.981818199157715,5.951994895935059,1100
2014-01-14,7.027273178100586,7.118182182312012,6.93636417388916,6.93636417388916,5.913245677947998,2530
2014-01-15,7.045454978942871,7.136363983154297,7.0,7.0,5.967495441436768,1210
2014-01-16,7.018181800842285,7.045454978942871,7.018181800842285,7.045454978942871,6.006245136260986,880
2014-01-17,7.0,7.009090900421143,6.945455074310303,6.972726821899414,5.944243431091309,10010
2014-01-21,7.090909004211426,7.090909004211426,7.090909004211426,7.090909004211426,6.044994831085205,330
2014-01-22,7.090909004211426,7.090909004211426,7.090909004211426,7.090909004211426,6.044994831085205,0
2014-01-23,7.0363640785217285,7.0363640785217285,7.009090900421143,7.009090900421143,5.975244998931885,550
2014-01-24,6.954545021057129,6.990909099578857,6.954545021057129,6.990909099578857,5.959744930267334,4950
2014-01-27,6.954545021057129,6.954545021057129,6.954545021057129,6.954545021057129,5.928743839263916,2750
2014-01-28,6.909090995788574,6.909090995788574,6.909090995788574,6.909090995788574,5.889995098114014,4400
2014-01-29,7.0,7.0,6.909090995788574,6.909090995788574,5.889995098114014,1210
2014-01-30,7.090909004211426,7.109090805053711,7.081818103790283,7.090909004211426,6.044994831085205,6050
2014-01-31,7.0363640785217285,7.118182182312012,6.9636359214782715,7.072727203369141,6.029494762420654,8140
2014-02-03,7.0,7.009090900421143,7.0,7.0,5.967495441436768,8250
2014-02-04,7.0,7.0,7.0,7.0,5.967495441436768,0
2014-02-05,7.136363983154297,7.172727108001709,7.045454978942871,7.172727108001709,6.114744186401367,13970
2014-02-06,7.06363582611084,7.21818208694458,7.045454978942871,7.21818208694458,6.153495788574219,6380
2014-02-07,7.109090805053711,7.109090805053711,7.109090805053711,7.109090805053711,6.060494422912598,1650
2014-02-10,7.109090805053711,7.109090805053711,7.109090805053711,7.109090805053711,6.060494422912598,220
2014-02-11,7.21818208694458,7.227272987365723,7.21818208694458,7.227272987365723,6.161244869232178,1100
2014-02-12,7.181818008422852,7.181818008422852,7.127273082733154,7.136363983154297,6.083744525909424,5940
2014-02-13,7.118182182312012,7.1454548835754395,7.109090805053711,7.1454548835754395,6.091494083404541,1650
2014-02-14,7.1454548835754395,7.1454548835754395,7.1454548835754395,7.1454548835754395,6.091494083404541,0
2014-02-18,7.1454548835754395,7.1454548835754395,7.1454548835754395,7.1454548835754395,6.091494083404541,0
2014-02-19,7.118182182312012,7.118182182312012,7.118182182312012,7.118182182312012,6.068243980407715,660
2014-02-20,7.181818008422852,7.181818008422852,7.181818008422852,7.181818008422852,6.122495174407959,550
2014-02-21,7.136363983154297,7.1454548835754395,7.109090805053711,7.109090805053711,6.060494422912598,1320
2014-02-24,7.199999809265137,7.199999809265137,7.099999904632568,7.181818008422852,6.122495174407959,6160
2014-02-25,7.181818008422852,7.181818008422852,7.099999904632568,7.136363983154297,6.083744525909424,3520
2014-02-26,7.099999904632568,7.099999904632568,7.099999904632568,7.099999904632568,6.0527448654174805,110
2014-02-27,7.099999904632568,7.3545451164245605,7.090909004211426,7.118182182312012,6.068243980407715,6930
2014-02-28,7.109090805053711,7.245454788208008,6.56363582611084,7.109090805053711,6.060494422912598,10340
2014-03-03,7.154544830322266,7.154544830322266,7.109090805053711,7.109090805053711,6.060494422912598,770
2014-03-04,7.272727012634277,7.272727012634277,7.272727012634277,7.272727012634277,6.199994087219238,1760
2014-03-05,7.136363983154297,7.345455169677734,7.136363983154297,7.336363792419434,6.254244804382324,770
2014-03-06,7.163636207580566,7.172727108001709,7.090909004211426,7.090909004211426,6.044994831085205,7810
2014-03-07,7.181818008422852,7.300000190734863,7.181818008422852,7.300000190734863,6.2232441902160645,3740
2014-03-10,7.318181991577148,7.327272891998291,7.245454788208008,7.327272891998291,6.246494293212891,9130
2014-03-11,7.327272891998291,7.336363792419434,7.327272891998291,7.336363792419434,6.254244804382324,1430
2014-03-12,7.318181991577148,7.318181991577148,7.318181991577148,7.318181991577148,6.23874568939209,6600
2014-03-13,7.072727203369141,7.509090900421143,7.045454978942871,7.336363792419434,6.269821643829346,40480
2014-03-14,7.43636417388916,7.43636417388916,7.318181991577148,7.318181991577148,6.254283905029297,880
2014-03-17,7.427272796630859,7.427272796630859,7.272727012634277,7.363636016845703,6.293128967285156,1210
2014-03-18,7.272727012634277,7.327272891998291,7.272727012634277,7.327272891998291,6.262054443359375,1210
2014-03-19,7.318181991577148,7.318181991577148,7.272727012634277,7.272727012634277,6.215435981750488,7480
2014-03-20,7.272727012634277,7.272727012634277,7.272727012634277,7.272727012634277,6.215435981750488,660
2014-03-21,7.272727012634277,7.272727012634277,7.227272987365723,7.227272987365723,6.176590442657471,1760
2014-03-24,7.272727012634277,7.409090995788574,7.272727012634277,7.28181791305542,6.223207950592041,990
2014-03-25,7.272727012634277,7.309091091156006,7.272727012634277,7.272727012634277,6.215435981750488,1760
2014-03-26,7.272727012634277,7.272727012634277,6.845455169677734,7.245454788208008,6.192130088806152,14740
2014-03-27,7.272727012634277,7.272727012634277,7.263636112213135,7.263636112213135,6.207666873931885,1760
2014-03-28,7.272727012634277,7.272727012634277,7.190908908843994,7.263636112213135,6.207666873931885,5500
2014-03-31,7.263636112213135,7.272727012634277,7.190908908843994,7.227272987365723,6.176590442657471,1430
2014-04-01,7.236363887786865,7.28181791305542,7.227272987365723,7.272727012634277,6.215435981750488,2750
2014-04-02,7.272727012634277,7.272727012634277,7.227272987365723,7.227272987365723,6.176590442657471,6710
2014-04-03,7.236363887786865,7.236363887786865,7.227272987365723,7.227272987365723,6.176590442657471,660
2014-04-04,7.227272987365723,7.227272987365723,7.227272987365723,7.227272987365723,6.176590442657471,6490
2014-04-07,7.227272987365723,7.245454788208008,7.190908908843994,7.190908908843994,6.145513534545898,3960
2014-04-08,7.190908908843994,7.190908908843994,7.190908908843994,7.190908908843994,6.145513534545898,0
2014-04-09,7.199999809265137,7.199999809265137,7.199999809265137,7.199999809265137,6.1532816886901855,2420
2014-04-10,7.2090911865234375,7.227272987365723,7.199999809265137,7.2090911865234375,6.16105318069458,2420
2014-04-11,7.199999809265137,7.199999809265137,7.199999809265137,7.199999809265137,6.1532816886901855,110
2014-04-14,7.227272987365723,7.227272987365723,7.199999809265137,7.21818208694458,6.168822765350342,5060
2014-04-15,7.199999809265137,7.245454788208008,7.190908908843994,7.245454788208008,6.192130088806152,6160
2014-04-16,7.272727012634277,7.28181791305542,7.199999809265137,7.199999809265137,6.1532816886901855,23210
2014-04-17,7.227272987365723,7.254545211791992,7.227272987365723,7.254545211791992,6.199898719787598,3520
2014-04-21,7.381817817687988,7.890909194946289,7.227272987365723,7.472726821899414,6.386360168457031,16610
2014-04-22,7.472726821899414,7.472726821899414,7.472726821899414,7.472726821899414,6.386360168457031,0
2014-04-23,7.609090805053711,7.890909194946289,7.609090805053711,7.618182182312012,6.510669231414795,10780
2014-04-24,7.618182182312012,7.618182182312012,7.618182182312012,7.618182182312012,6.510669231414795,0
2014-04-25,7.818181991577148,7.818181991577148,7.818181991577148,7.818181991577148,6.681593894958496,440
2014-04-28,7.827272891998291,7.827272891998291,7.6454548835754395,7.6454548835754395,6.5339789390563965,1100
2014-04-29,7.6454548835754395,7.6454548835754395,7.636363983154297,7.636363983154297,6.526209354400635,3630
2014-04-30,7.636363983154297,7.772727012634277,7.636363983154297,7.772727012634277,6.642747402191162,17050
2014-05-01,7.636363983154297,7.809091091156006,7.636363983154297,7.809091091156006,6.673825740814209,19250
2014-05-02,7.818181991577148,7.818181991577148,7.772727012634277,7.772727012634277,6.642747402191162,10230
2014-05-05,7.772727012634277,7.818181991577148,7.754545211791992,7.818181991577148,6.681593894958496,18370
2014-05-06,7.818181991577148,7.818181991577148,7.818181991577148,7.818181991577148,6.681593894958496,24310
2014-05-07,7.845455169677734,8.03636360168457,7.681818008422852,7.681818008422852,6.565054893493652,6600
2014-05-08,7.772727012634277,7.772727012634277,7.6454548835754395,7.727272987365723,6.603901386260986,6820
2014-05-09,7.71818208694458,7.809091091156006,7.318181991577148,7.71818208694458,6.596133232116699,37070
2014-05-12,7.772727012634277,7.7909088134765625,7.690908908843994,7.763636112213135,6.634979248046875,27940
2014-05-13,7.772727012634277,7.818181991577148,7.772727012634277,7.772727012634277,6.642747402191162,20240
2014-05-14,7.827272891998291,7.827272891998291,7.772727012634277,7.78181791305542,6.650516033172607,21670
2014-05-15,7.809091091156006,7.863636016845703,7.800000190734863,7.827272891998291,6.689363479614258,13640
2014-05-16,7.590909004211426,7.818181991577148,7.590909004211426,7.818181991577148,6.681593894958496,3630
2014-05-19,7.590909004211426,7.763636112213135,7.590909004211426,7.763636112213135,6.634979248046875,880
2014-05-20,7.8545451164245605,7.863636016845703,7.745454788208008,7.818181991577148,6.681593894958496,12540
2014-05-21,7.818181991577148,7.836363792419434,7.809091091156006,7.836363792419434,6.697132587432861,13530
2014-05-22,7.818181991577148,7.818181991577148,7.78181791305542,7.818181991577148,6.681593894958496,11770
2014-05-23,7.818181991577148,7.818181991577148,7.818181991577148,7.818181991577148,6.681593894958496,15290
2014-05-27,7.818181991577148,7.818181991577148,7.727272987365723,7.818181991577148,6.681593894958496,15400
2014-05-28,7.8545451164245605,7.8545451164245605,7.727272987365723,7.827272891998291,6.689363479614258,13310
2014-05-29,7.845455169677734,7.845455169677734,7.809091091156006,7.809091091156006,6.673825740814209,19910
2014-05-30,7.827272891998291,7.827272891998291,7.827272891998291,7.827272891998291,6.689363479614258,110
2014-06-02,7.8545451164245605,7.8545451164245605,7.818181991577148,7.818181991577148,6.681593894958496,1870
2014-06-03,7.818181991577148,7.863636016845703,7.818181991577148,7.863636016845703,6.7204413414001465,12210
2014-06-04,7.8545451164245605,7.863636016845703,7.800000190734863,7.863636016845703,6.7204413414001465,21890
2014-06-05,7.872726917266846,7.872726917266846,7.872726917266846,7.872726917266846,6.728209972381592,220
2014-06-06,8.054545402526855,8.090909004211426,8.045454978942871,8.045454978942871,6.875828742980957,1430
2014-06-09,8.03636360168457,8.03636360168457,8.0,8.0,6.836979866027832,2750
2014-06-10,8.045454978942871,8.136363983154297,8.045454978942871,8.136363983154297,6.953519344329834,6160
2014-06-11,8.181818008422852,8.272727012634277,8.181818008422852,8.254545211791992,7.070320129394531,330
2014-06-12,8.254545211791992,8.254545211791992,8.136363983154297,8.136363983154297,6.96909236907959,2530
2014-06-13,8.263635635375977,8.363636016845703,8.145455360412598,8.163636207580566,6.992453098297119,4070
2014-06-16,8.154544830322266,8.154544830322266,8.154544830322266,8.154544830322266,6.984666347503662,330
2014-06-17,8.199999809265137,8.345455169677734,8.181818008422852,8.209091186523438,7.031386852264404,1100
2014-06-18,8.190909385681152,8.518181800842285,8.181818008422852,8.518181800842285,7.296133518218994,1980
2014-06-19,8.199999809265137,8.209091186523438,8.190909385681152,8.209091186523438,7.031386852264404,990
2014-06-20,8.181818008422852,8.5,8.181818008422852,8.5,7.280560493469238,5060
2014-06-23,8.5,8.5,8.5,8.5,7.280560493469238,0
2014-06-24,8.445454597473145,8.445454597473145,8.190909385681152,8.445454597473145,7.233842849731445,1210
2014-06-25,8.300000190734863,8.354544639587402,8.218181610107422,8.290908813476562,7.101465702056885,770
2014-06-26,8.5,8.5,8.190909385681152,8.190909385681152,7.015814304351807,8030
2014-06-27,8.199999809265137,8.43636417388916,8.190909385681152,8.190909385681152,7.015814304351807,1320
2014-06-30,8.218181610107422,8.527273178100586,8.181818008422852,8.43636417388916,7.2260565757751465,770
2014-07-01,8.209091186523438,8.263635635375977,8.181818008422852,8.181818008422852,7.008025646209717,2530
2014-07-02,8.181818008422852,8.181818008422852,8.181818008422852,8.181818008422852,7.008025646209717,1540
2014-07-03,8.181818008422852,8.254545211791992,8.181818008422852,8.254545211791992,7.070320129394531,1100
2014-07-07,8.263635635375977,8.263635635375977,8.181818008422852,8.181818008422852,7.008025646209717,2860
2014-07-08,8.181818008422852,8.181818008422852,8.181818008422852,8.181818008422852,7.008025646209717,0
2014-07-09,8.254545211791992,8.336363792419434,8.254545211791992,8.336363792419434,7.140401840209961,1980
2014-07-10,8.32727336883545,8.390909194946289,8.0,8.0,6.852292537689209,8690
2014-07-11,8.181818008422852,8.181818008422852,8.181818008422852,8.181818008422852,7.008025646209717,440
2014-07-14,8.181818008422852,8.227272987365723,8.181818008422852,8.227272987365723,7.04695987701416,1980
2014-07-15,8.227272987365723,8.227272987365723,8.227272987365723,8.227272987365723,7.04695987701416,0
2014-07-16,8.181818008422852,8.227272987365723,8.181818008422852,8.181818008422852,7.008025646209717,1870
2014-07-17,8.181818008422852,8.181818008422852,8.181818008422852,8.181818008422852,7.008025646209717,1650
2014-07-18,8.181818008422852,8.181818008422852,8.181818008422852,8.181818008422852,7.008025646209717,0
2014-07-21,8.181818008422852,8.181818008422852,8.181818008422852,8.181818008422852,7.008025646209717,220
2014-07-22,8.236364364624023,8.236364364624023,8.181818008422852,8.218181610107422,7.039173126220703,2750
2014-07-23,8.181818008422852,8.181818008422852,8.181818008422852,8.181818008422852,7.008025646209717,990
2014-07-24,8.227272987365723,8.409090995788574,8.227272987365723,8.318181991577148,7.1248273849487305,10120
2014-07-25,8.42727279663086,8.5,8.409090995788574,8.5,7.280560493469238,6600
2014-07-28,8.545454978942871,8.82727336883545,8.545454978942871,8.82727336883545,7.560883045196533,6820
2014-07-29,8.772727012634277,8.772727012634277,8.445454597473145,8.618182182312012,7.3817877769470215,5170
2014-07-30,8.918182373046875,8.918182373046875,8.181818008422852,8.181818008422852,7.008025646209717,4840
2014-07-31,8.181818008422852,8.245454788208008,8.17272663116455,8.245454788208008,7.062534809112549,2860
2014-08-01,8.181818008422852,8.181818008422852,8.181818008422852,8.181818008422852,7.008025646209717,770
2014-08-04,8.136363983154297,8.136363983154297,7.827272891998291,7.836363792419434,6.712131977081299,880
2014-08-05,8.0,8.545454978942871,8.0,8.199999809265137,7.023599624633789,22330
2014-08-06,8.136363983154297,8.218181610107422,7.927272796630859,7.990909099578857,6.844505786895752,15290
2014-08-07,8.154544830322266,8.17272663116455,8.154544830322266,8.17272663116455,7.000239372253418,660
2014-08-08,8.17272663116455,8.17272663116455,8.17272663116455,8.17272663116455,7.000239372253418,0
2014-08-11,8.17272663116455,8.17272663116455,8.17272663116455,8.17272663116455,7.000239372253418,0
2014-08-12,7.954545021057129,8.100000381469727,7.954545021057129,7.9636359214782715,6.821146011352539,6380
2014-08-13,8.0090913772583,8.127272605895996,7.827272891998291,7.954545021057129,6.813358783721924,22220
2014-08-14,7.954545021057129,8.136363983154297,7.954545021057129,8.081817626953125,6.922372817993164,12760
2014-08-15,8.045454978942871,8.181818008422852,8.018181800842285,8.045454978942871,6.891228199005127,12320
2014-08-18,8.018181800842285,8.281818389892578,8.0,8.127272605895996,6.961307525634766,13420
2014-08-19,7.918181896209717,8.300000190734863,7.909090995788574,8.118182182312012,6.953518867492676,17600
2014-08-20,8.090909004211426,8.118182182312012,7.954545021057129,8.090909004211426,6.930159568786621,5610
2014-08-21,7.954545021057129,7.954545021057129,7.954545021057129,7.954545021057129,6.813358783721924,110
2014-08-22,8.090909004211426,8.090909004211426,7.972726821899414,8.06363582611084,6.906799793243408,3740
2014-08-25,7.981818199157715,8.090909004211426,7.954545021057129,8.03636360168457,6.883440971374512,8250
2014-08-26,8.027273178100586,8.027273178100586,7.918181896209717,7.9636359214782715,6.821146011352539,15510
2014-08-27,7.863636016845703,8.045454978942871,7.863636016845703,8.045454978942871,6.891228199005127,14960
2014-08-28,7.900000095367432,8.0,7.599999904632568,7.990909099578857,6.844505786895752,12210
2014-08-29,7.954545021057129,8.154544830322266,7.93636417388916,8.154544830322266,6.984666347503662,2090
2014-09-02,8.163636207580566,8.17272663116455,7.890909194946289,8.03636360168457,6.883440971374512,9020
2014-09-03,8.0,8.17272663116455,8.0,8.17272663116455,7.000239372253418,10340
2014-09-04,8.181818008422852,8.409090995788574,8.181818008422852,8.363636016845703,7.163760662078857,44880
2014-09-05,8.32727336883545,8.381817817687988,8.181818008422852,8.372727394104004,7.171547889709473,23540
2014-09-08,8.381817817687988,8.409090995788574,8.181818008422852,8.409090995788574,7.202692985534668,5500
2014-09-09,8.372727394104004,8.409090995788574,8.0,8.409090995788574,7.202692985534668,17050
2014-09-10,8.272727012634277,8.409090995788574,8.272727012634277,8.409090995788574,7.226129531860352,9020
2014-09-11,8.281818389892578,8.42727279663086,8.236364364624023,8.42727279663086,7.241753578186035,23870
2014-09-12,8.409090995788574,8.42727279663086,8.236364364624023,8.409090995788574,7.226129531860352,15180
2014-09-15,8.318181991577148,8.727272987365723,8.236364364624023,8.727272987365723,7.4995503425598145,19470
2014-09-16,8.736364364624023,8.836363792419434,8.545454978942871,8.727272987365723,7.4995503425598145,35310
2014-09-17,8.181818008422852,8.863636016845703,8.181818008422852,8.82727336883545,7.585485935211182,4620
2014-09-18,8.82727336883545,8.863636016845703,8.727272987365723,8.736364364624023,7.507364273071289,2640
2014-09-19,8.681818008422852,8.800000190734863,8.381817817687988,8.5,7.3042497634887695,19690
2014-09-22,8.754545211791992,8.763635635375977,8.454545021057129,8.636363983154297,7.421433925628662,19140
2014-09-23,8.627272605895996,8.772727012634277,8.627272605895996,8.754545211791992,7.522986888885498,6490
2014-09-24,8.718181610107422,8.772727012634277,8.454545021057129,8.772727012634277,7.5386128425598145,8140
2014-09-25,8.772727012634277,8.772727012634277,8.481818199157715,8.763635635375977,7.5308003425598145,6490
2014-09-26,8.772727012634277,8.772727012634277,8.57272720336914,8.57272720336914,7.3667449951171875,2420
2014-09-29,8.318181991577148,8.545454978942871,8.318181991577148,8.545454978942871,7.343310832977295,1650
2014-09-30,8.554545402526855,8.772727012634277,8.454545021057129,8.754545211791992,7.522986888885498,5060
2014-10-01,8.772727012634277,8.772727012634277,8.518181800842285,8.727272987365723,7.4995503425598145,4730
2014-10-02,8.727272987365723,8.763635635375977,8.56363582611084,8.618182182312012,7.4058074951171875,6270
2014-10-03,8.636363983154297,8.772727012634277,8.354544639587402,8.399999618530273,7.218318462371826,4180
2014-10-06,8.590909004211426,8.590909004211426,8.300000190734863,8.399999618530273,7.218318462371826,2640
2014-10-07,8.263635635375977,8.5090913772583,8.263635635375977,8.318181991577148,7.148009777069092,9570
2014-10-08,8.318181991577148,8.318181991577148,8.090909004211426,8.181818008422852,7.030828475952148,10120
2014-10-09,8.181818008422852,8.181818008422852,8.181818008422852,8.181818008422852,7.030828475952148,440
2014-10-10,8.181818008422852,8.354544639587402,8.181818008422852,8.354544639587402,7.179256916046143,8030
2014-10-13,8.272727012634277,8.399999618530273,8.272727012634277,8.399999618530273,7.218318462371826,7700
2014-10-14,8.181818008422852,8.345455169677734,8.181818008422852,8.199999809265137,7.046453475952148,3520
2014-10-15,8.363636016845703,8.363636016845703,7.745454788208008,8.136363983154297,6.991769790649414,14850
2014-10-16,8.318181991577148,8.318181991577148,8.145455360412598,8.190909385681152,7.038642883300781,3080
2014-10-17,8.272727012634277,8.345455169677734,8.136363983154297,8.345455169677734,7.171446800231934,5500
2014-10-20,8.309090614318848,8.309090614318848,8.199999809265137,8.263635635375977,7.101137638092041,1760
2014-10-21,8.145455360412598,8.318181991577148,8.136363983154297,8.136363983154297,6.991769790649414,3960
2014-10-22,8.181818008422852,8.309090614318848,8.163636207580566,8.181818008422852,7.030828475952148,2200
2014-10-23,8.181818008422852,8.354544639587402,8.181818008422852,8.181818008422852,7.030828475952148,3080
2014-10-24,8.181818008422852,8.236364364624023,8.181818008422852,8.227272987365723,7.069891452789307,1210
2014-10-27,8.263635635375977,8.263635635375977,8.136363983154297,8.163636207580566,7.015204906463623,52360
2014-10-28,8.181818008422852,8.336363792419434,8.181818008422852,8.336363792419434,7.16363525390625,59070
2014-10-29,8.309090614318848,8.309090614318848,8.272727012634277,8.272727012634277,7.108950614929199,2310
2014-10-30,8.236364364624023,8.345455169677734,8.218181610107422,8.272727012634277,7.108950614929199,12760
2014-10-31,8.272727012634277,8.272727012634277,8.272727012634277,8.272727012634277,7.108950614929199,440
2014-11-03,8.272727012634277,8.345455169677734,8.218181610107422,8.236364364624023,7.077701568603516,12650
2014-11-04,8.236364364624023,8.345455169677734,8.127272605895996,8.272727012634277,7.108950614929199,8250
2014-11-05,8.272727012634277,9.100000381469727,8.272727012634277,8.772727012634277,7.5386128425598145,9460
2014-11-06,8.454545021057129,8.772727012634277,8.454545021057129,8.772727012634277,7.5386128425598145,660
2014-11-07,8.763635635375977,8.772727012634277,8.272727012634277,8.272727012634277,7.108950614929199,5720
2014-11-10,8.42727279663086,8.67272663116455,8.345455169677734,8.345455169677734,7.171446800231934,6600
2014-11-11,8.345455169677734,8.345455169677734,8.345455169677734,8.345455169677734,7.171446800231934,0
2014-11-12,8.181818008422852,8.181818008422852,8.181818008422852,8.181818008422852,7.030828475952148,440
2014-11-13,8.772727012634277,8.772727012634277,8.181818008422852,8.181818008422852,7.030828475952148,71610
2014-11-14,8.272727012634277,8.272727012634277,8.227272987365723,8.227272987365723,7.069891452789307,9130
2014-11-17,8.227272987365723,8.227272987365723,8.227272987365723,8.227272987365723,7.069891452789307,550
2014-11-18,8.227272987365723,8.227272987365723,8.227272987365723,8.227272987365723,7.069891452789307,0
2014-11-19,8.236364364624023,8.236364364624023,8.236364364624023,8.236364364624023,7.077701568603516,770
2014-11-20,8.236364364624023,8.236364364624023,8.236364364624023,8.236364364624023,7.077701568603516,0
2014-11-21,8.227272987365723,8.318181991577148,8.227272987365723,8.318181991577148,7.148009777069092,1430
2014-11-24,8.300000190734863,8.409090995788574,8.272727012634277,8.309090614318848,7.140198707580566,880
2014-11-25,8.345455169677734,8.363636016845703,8.345455169677734,8.363636016845703,7.187070846557617,1320
2014-11-26,8.363636016845703,8.363636016845703,8.363636016845703,8.363636016845703,7.187070846557617,0
2014-11-28,8.363636016845703,8.363636016845703,8.363636016845703,8.363636016845703,7.187070846557617,0
2014-12-01,8.381817817687988,8.590909004211426,8.227272987365723,8.236364364624023,7.077701568603516,4070
2014-12-02,8.254545211791992,8.254545211791992,8.181818008422852,8.181818008422852,7.030828475952148,1430
2014-12-03,8.045454978942871,8.545454978942871,7.4636359214782715,8.545454978942871,7.343310832977295,3740
2014-12-04,8.772727012634277,9.090909004211426,8.554545402526855,9.090909004211426,7.837044715881348,12430
2014-12-05,8.82727336883545,9.0,8.645455360412598,8.954545021057129,7.719486713409424,19140
2014-12-08,9.018181800842285,11.481818199157715,9.018181800842285,9.354544639587402,8.064319610595703,21010
2014-12-09,9.527273178100586,10.409090995788574,9.4909086227417,9.772727012634277,8.424824714660645,20020
2014-12-10,9.781818389892578,10.0,9.318181991577148,9.545454978942871,8.228897094726562,11660
2014-12-11,9.545454978942871,9.9909086227417,9.545454978942871,9.754545211791992,8.409148216247559,8030
2014-12-12,9.772727012634277,9.772727012634277,9.100000381469727,9.609090805053711,8.283758163452148,8800
2014-12-15,9.772727012634277,9.772727012634277,9.136363983154297,9.727272987365723,8.385635375976562,11770
2014-12-16,9.96363639831543,10.0,9.109090805053711,9.263635635375977,7.98594856262207,17710
2014-12-17,9.527273178100586,9.527273178100586,9.145455360412598,9.409090995788574,8.111344337463379,11440
2014-12-18,9.418182373046875,9.545454978942871,8.809090614318848,9.190909385681152,7.923253059387207,14080
2014-12-19,9.454545021057129,9.9909086227417,8.227272987365723,8.681818008422852,7.484376907348633,31680
2014-12-22,8.445454597473145,8.972726821899414,8.227272987365723,8.318181991577148,7.170896053314209,14740
2014-12-23,8.57272720336914,8.57272720336914,8.018181800842285,8.218181610107422,7.084687232971191,11440
2014-12-24,8.190909385681152,8.972726821899414,8.181818008422852,8.300000190734863,7.1552228927612305,3740
2014-12-26,8.981818199157715,8.981818199157715,8.227272987365723,8.82727336883545,7.609772205352783,24310
2014-12-29,8.954545021057129,9.07272720336914,8.236364364624023,8.363636016845703,7.210081577301025,7920
2014-12-30,8.281818389892578,8.699999809265137,8.190909385681152,8.43636417388916,7.272779941558838,2530
2014-12-31,8.581817626953125,8.581817626953125,8.409090995788574,8.57272720336914,7.390331268310547,660
2015-01-02,8.454545021057129,8.5,8.409090995788574,8.472726821899414,7.30412483215332,11220
2015-01-05,8.472726821899414,8.581817626953125,8.309090614318848,8.472726821899414,7.30412483215332,23870
2015-01-06,8.46363639831543,8.5090913772583,8.227272987365723,8.336363792419434,7.186570644378662,18480
2015-01-07,8.236364364624023,8.609090805053711,8.090909004211426,8.127272605895996,7.006319046020508,27060
2015-01-08,8.181818008422852,8.227272987365723,8.100000381469727,8.100000381469727,6.98280668258667,6930
2015-01-09,8.100000381469727,8.181818008422852,8.090909004211426,8.090909004211426,6.974969863891602,8580
2015-01-12,8.090909004211426,8.17272663116455,8.090909004211426,8.100000381469727,6.98280668258667,3080
2015-01-13,8.145455360412598,8.472726821899414,8.090909004211426,8.118182182312012,6.998480319976807,6490
2015-01-14,8.318181991577148,8.46363639831543,8.199999809265137,8.272727012634277,7.131711959838867,9790
2015-01-15,8.281818389892578,8.454545021057129,8.136363983154297,8.254545211791992,7.116037845611572,9350
2015-01-16,8.263635635375977,8.93636417388916,8.227272987365723,8.290908813476562,7.147383689880371,9350
2015-01-20,8.290908813476562,8.67272663116455,8.281818389892578,8.627272605895996,7.437356948852539,1760
2015-01-21,8.300000190734863,8.5090913772583,8.300000190734863,8.300000190734863,7.1552228927612305,3190
2015-01-22,8.527273178100586,8.527273178100586,8.227272987365723,8.254545211791992,7.116037845611572,5390
2015-01-23,8.409090995788574,8.42727279663086,8.309090614318848,8.363636016845703,7.210081577301025,1320
2015-01-26,8.281818389892578,8.281818389892578,8.281818389892578,8.281818389892578,7.139548301696777,440
2015-01-27,8.281818389892578,8.281818389892578,8.281818389892578,8.281818389892578,7.139548301696777,0
2015-01-28,8.309090614318848,8.354544639587402,8.254545211791992,8.263635635375977,7.123872756958008,2090
2015-01-29,8.318181991577148,8.745454788208008,8.318181991577148,8.336363792419434,7.186570644378662,5280
2015-01-30,8.32727336883545,8.32727336883545,8.32727336883545,8.32727336883545,7.1787333488464355,110
2015-02-02,8.5,9.090909004211426,8.5,8.909090995788574,7.680302143096924,28600
2015-02-03,8.754545211791992,8.872727394104004,8.67272663116455,8.872727394104004,7.648959159851074,660
2015-02-04,8.972726821899414,8.972726821899414,8.636363983154297,8.818181991577148,7.601937294006348,4290
2015-02-05,8.654544830322266,8.863636016845703,8.654544830322266,8.863636016845703,7.641117572784424,1430
2015-02-06,8.663636207580566,8.772727012634277,8.636363983154297,8.636363983154297,7.44519567489624,1100
2015-02-09,8.636363983154297,8.781818389892578,8.636363983154297,8.772727012634277,7.56274938583374,3300
2015-02-10,8.863636016845703,8.863636016845703,8.781818389892578,8.863636016845703,7.641117572784424,1980
2015-02-11,8.772727012634277,8.863636016845703,8.318181991577148,8.836363792419434,7.617609977722168,19910
2015-02-12,8.654544830322266,8.836363792419434,8.545454978942871,8.82727336883545,7.609772205352783,4840
2015-02-13,8.636363983154297,8.845455169677734,8.454545021057129,8.699999809265137,7.500053405761719,7590
2015-02-17,8.56363582611084,8.854544639587402,8.545454978942871,8.845455169677734,7.625445365905762,1100
2015-02-18,8.654544830322266,8.654544830322266,8.281818389892578,8.545454978942871,7.366821765899658,13970
2015-02-19,8.545454978942871,8.718181610107422,8.318181991577148,8.545454978942871,7.366821765899658,3520
2015-02-20,8.363636016845703,8.699999809265137,8.318181991577148,8.5090913772583,7.335473537445068,12210
2015-02-23,8.372727394104004,8.845455169677734,8.372727394104004,8.636363983154297,7.44519567489624,4290
2015-02-24,8.581817626953125,8.836363792419434,8.43636417388916,8.836363792419434,7.617609977722168,8800
2015-02-25,8.609090805053711,8.854544639587402,8.42727279663086,8.845455169677734,7.625445365905762,7590
2015-02-26,8.5090913772583,8.82727336883545,8.5090913772583,8.82727336883545,7.609772205352783,1100
2015-02-27,8.545454978942871,8.854544639587402,8.5090913772583,8.5090913772583,7.335473537445068,7480
2015-03-02,8.43636417388916,8.699999809265137,8.43636417388916,8.699999809265137,7.500053405761719,330
2015-03-03,8.772727012634277,8.82727336883545,8.272727012634277,8.318181991577148,7.170896053314209,22220
2015-03-04,8.336363792419434,8.418182373046875,8.318181991577148,8.390909194946289,7.233592987060547,3520
2015-03-05,8.32727336883545,8.42727279663086,8.272727012634277,8.318181991577148,7.170896053314209,11330
2015-03-06,8.409090995788574,8.618182182312012,8.281818389892578,8.390909194946289,7.233592987060547,32780
2015-03-09,8.300000190734863,8.46363639831543,8.300000190734863,8.318181991577148,7.170896053314209,4510
2015-03-10,8.390909194946289,8.5,8.272727012634277,8.272727012634277,7.131711959838867,27610
2015-03-11,8.190909385681152,8.609090805053711,8.181818008422852,8.272727012634277,7.131711959838867,7260
2015-03-12,8.318181991577148,8.409090995788574,8.318181991577148,8.318181991577148,7.194615364074707,1100
2015-03-13,8.300000190734863,8.318181991577148,8.281818389892578,8.281818389892578,7.1631622314453125,2420
2015-03-16,8.309090614318848,8.32727336883545,8.281818389892578,8.281818389892578,7.1631622314453125,2200
2015-03-17,8.281818389892578,8.354544639587402,8.17272663116455,8.181818008422852,7.076669692993164,6600
2015-03-18,8.281818389892578,8.281818389892578,8.118182182312012,8.136363983154297,7.037354946136475,17490
2015-03-19,8.163636207580566,8.181818008422852,8.154544830322266,8.163636207580566,7.060944080352783,880
2015-03-20,8.154544830322266,8.399999618530273,8.100000381469727,8.100000381469727,7.005903720855713,3300
2015-03-23,8.100000381469727,8.163636207580566,8.100000381469727,8.163636207580566,7.060944080352783,660
2015-03-24,8.209091186523438,8.209091186523438,8.163636207580566,8.163636207580566,7.060944080352783,1100
2015-03-25,8.100000381469727,8.100000381469727,8.081817626953125,8.081817626953125,6.99017858505249,330
2015-03-26,8.090909004211426,8.181818008422852,8.090909004211426,8.181818008422852,7.076669692993164,47960
2015-03-27,8.209091186523438,8.209091186523438,8.17272663116455,8.181818008422852,7.076669692993164,65670
2015-03-30,8.154544830322266,8.272727012634277,8.118182182312012,8.181818008422852,7.076669692993164,3520
2015-03-31,8.254545211791992,8.254545211791992,8.109090805053711,8.254545211791992,7.1395745277404785,5940
2015-04-01,8.272727012634277,8.272727012634277,8.181818008422852,8.181818008422852,7.076669692993164,46420
2015-04-02,8.181818008422852,8.227272987365723,8.181818008422852,8.181818008422852,7.076669692993164,20130
2015-04-06,8.181818008422852,8.245454788208008,8.181818008422852,8.181818008422852,7.076669692993164,1650
2015-04-07,8.181818008422852,8.181818008422852,8.181818008422852,8.181818008422852,7.076669692993164,0
2015-04-08,8.181818008422852,8.290908813476562,8.181818008422852,8.263635635375977,7.147438049316406,18480
2015-04-09,8.227272987365723,8.409090995788574,8.227272987365723,8.409090995788574,7.273244380950928,1760
2015-04-10,8.318181991577148,8.336363792419434,8.272727012634277,8.336363792419434,7.210342884063721,1540
2015-04-13,8.336363792419434,8.336363792419434,8.336363792419434,8.336363792419434,7.210342884063721,1540
2015-04-14,8.272727012634277,8.381817817687988,8.272727012634277,8.381817817687988,7.2496562004089355,330
2015-04-15,8.281818389892578,8.372727394104004,8.281818389892578,8.290908813476562,7.17102575302124,1100
2015-04-16,8.32727336883545,8.32727336883545,8.32727336883545,8.32727336883545,7.202477931976318,330
2015-04-17,8.281818389892578,8.281818389892578,8.281818389892578,8.281818389892578,7.1631622314453125,770
2015-04-20,8.281818389892578,8.281818389892578,8.281818389892578,8.281818389892578,7.1631622314453125,0
2015-04-21,8.272727012634277,8.272727012634277,8.272727012634277,8.272727012634277,7.155299663543701,440
2015-04-22,8.32727336883545,8.32727336883545,8.32727336883545,8.32727336883545,7.202477931976318,660
2015-04-23,8.454545021057129,8.4909086227417,8.43636417388916,8.454545021057129,7.312560558319092,4070
2015-04-24,8.363636016845703,8.454545021057129,8.363636016845703,8.454545021057129,7.312560558319092,1100
2015-04-27,8.454545021057129,8.454545021057129,8.454545021057129,8.454545021057129,7.312560558319092,0
2015-04-28,8.67272663116455,8.681818008422852,8.581817626953125,8.681818008422852,7.509133338928223,1760
2015-04-29,8.399999618530273,8.636363983154297,8.381817817687988,8.381817817687988,7.2496562004089355,6490
2015-04-30,8.42727279663086,8.481818199157715,8.42727279663086,8.481818199157715,7.336147785186768,440
2015-05-01,8.381817817687988,8.57272720336914,8.372727394104004,8.57272720336914,7.41477632522583,1760
2015-05-04,8.43636417388916,8.454545021057129,8.43636417388916,8.454545021057129,7.312560558319092,1540
2015-05-05,8.454545021057129,8.454545021057129,8.363636016845703,8.363636016845703,7.233929634094238,330
2015-05-06,8.372727394104004,8.372727394104004,8.363636016845703,8.363636016845703,7.233929634094238,770
2015-05-07,8.43636417388916,8.43636417388916,8.43636417388916,8.43636417388916,7.296834945678711,110
2015-05-08,8.454545021057129,8.454545021057129,8.363636016845703,8.363636016845703,7.233929634094238,12210
2015-05-11,8.354544639587402,8.363636016845703,8.318181991577148,8.363636016845703,7.233929634094238,18810
2015-05-12,8.381817817687988,8.381817817687988,8.381817817687988,8.381817817687988,7.2496562004089355,330
2015-05-13,8.381817817687988,8.381817817687988,8.381817817687988,8.381817817687988,7.2496562004089355,0
2015-05-14,8.399999618530273,8.418182373046875,8.363636016845703,8.363636016845703,7.233929634094238,1870
2015-05-15,8.363636016845703,8.418182373046875,8.363636016845703,8.418182373046875,7.281108379364014,7920
2015-05-18,8.418182373046875,8.418182373046875,8.399999618530273,8.399999618530273,7.265381336212158,660
2015-05-19,8.418182373046875,8.418182373046875,8.418182373046875,8.418182373046875,7.281108379364014,330
2015-05-20,8.418182373046875,8.418182373046875,8.418182373046875,8.418182373046875,7.281108379364014,110
2015-05-21,8.418182373046875,8.418182373046875,8.418182373046875,8.418182373046875,7.281108379364014,660
2015-05-22,8.418182373046875,8.418182373046875,8.418182373046875,8.418182373046875,7.281108379364014,0
2015-05-26,8.372727394104004,8.372727394104004,8.372727394104004,8.372727394104004,7.241792678833008,990
2015-05-27,8.372727394104004,8.372727394104004,8.372727394104004,8.372727394104004,7.241792678833008,0
2015-05-28,8.281818389892578,8.472726821899414,8.272727012634277,8.272727012634277,7.155299663543701,11770
2015-05-29,8.354544639587402,8.381817817687988,8.354544639587402,8.381817817687988,7.2496562004089355,770
2015-06-01,8.372727394104004,8.381817817687988,8.345455169677734,8.354544639587402,7.2260661125183105,6270
2015-06-02,8.354544639587402,8.56363582611084,8.354544639587402,8.545454978942871,7.391190052032471,1980
2015-06-03,8.399999618530273,8.481818199157715,8.363636016845703,8.472726821899414,7.3282856941223145,3080
2015-06-04,8.399999618530273,8.681818008422852,8.318181991577148,8.318181991577148,7.194615364074707,7810
2015-06-05,8.636363983154297,8.636363983154297,8.409090995788574,8.454545021057129,7.312560558319092,880
2015-06-08,8.681818008422852,8.681818008422852,8.527273178100586,8.56363582611084,7.406915187835693,1540
2015-06-09,8.600000381469727,8.618182182312012,8.5,8.527273178100586,7.375463962554932,1100
2015-06-10,8.418182373046875,8.57272720336914,8.409090995788574,8.5090913772583,7.359736442565918,4620
2015-06-11,8.590909004211426,8.590909004211426,8.46363639831543,8.46363639831543,7.343959808349609,1540
2015-06-12,8.527273178100586,8.545454978942871,8.518181800842285,8.527273178100586,7.399179458618164,550
2015-06-15,8.527273178100586,8.609090805053711,8.46363639831543,8.554545402526855,7.422843933105469,3740
2015-06-16,8.554545402526855,9.090909004211426,8.554545402526855,8.92727279663086,7.7462615966796875,161480
2015-06-17,9.090909004211426,9.090909004211426,8.863636016845703,8.872727394104004,7.69893217086792,3410
2015-06-18,8.918182373046875,8.918182373046875,8.863636016845703,8.872727394104004,7.69893217086792,3410
2015-06-19,8.772727012634277,9.090909004211426,8.772727012634277,8.863636016845703,7.691041946411133,51150
2015-06-22,8.872727394104004,8.981818199157715,8.863636016845703,8.945454597473145,7.762037754058838,6050
2015-06-23,8.945454597473145,8.945454597473145,8.872727394104004,8.872727394104004,7.69893217086792,17160
2015-06-24,8.872727394104004,8.890909194946289,8.872727394104004,8.872727394104004,7.69893217086792,1430
2015-06-25,8.863636016845703,8.881817817687988,8.863636016845703,8.863636016845703,7.691041946411133,1100
2015-06-26,8.863636016845703,8.863636016845703,8.863636016845703,8.863636016845703,7.691041946411133,51150
2015-06-29,8.863636016845703,8.890909194946289,8.863636016845703,8.863636016845703,7.691041946411133,59400
2015-06-30,9.027273178100586,9.090909004211426,8.899999618530273,8.899999618530273,7.722597599029541,440
2015-07-01,8.981818199157715,8.981818199157715,8.863636016845703,8.872727394104004,7.69893217086792,1540
2015-07-02,8.863636016845703,8.863636016845703,8.863636016845703,8.863636016845703,7.691041946411133,770
2015-07-06,9.027273178100586,9.027273178100586,8.872727394104004,8.872727394104004,7.69893217086792,440
2015-07-07,8.863636016845703,9.045454978942871,8.863636016845703,8.881817817687988,7.706823348999023,24860
2015-07-08,8.872727394104004,9.07272720336914,8.872727394104004,8.872727394104004,7.69893217086792,990
2015-07-09,8.872727394104004,8.954545021057129,8.863636016845703,8.863636016845703,7.691041946411133,3190
2015-07-10,8.863636016845703,8.863636016845703,8.863636016845703,8.863636016845703,7.691041946411133,0
2015-07-13,9.07272720336914,9.090909004211426,8.96363639831543,9.090909004211426,7.888249397277832,2970
2015-07-14,8.872727394104004,8.872727394104004,8.872727394104004,8.872727394104004,7.69893217086792,440
2015-07-15,8.890909194946289,8.890909194946289,8.863636016845703,8.872727394104004,7.69893217086792,2970
2015-07-16,8.863636016845703,8.872727394104004,8.863636016845703,8.863636016845703,7.691041946411133,1210
2015-07-17,8.863636016845703,8.872727394104004,8.863636016845703,8.863636016845703,7.691041946411133,5500
2015-07-20,8.863636016845703,9.090909004211426,8.845455169677734,9.06363582611084,7.8645853996276855,9240
2015-07-21,8.981818199157715,9.0,8.863636016845703,8.9909086227417,7.801479816436768,17380
2015-07-22,8.872727394104004,8.981818199157715,8.872727394104004,8.981818199157715,7.7935919761657715,4180
2015-07-23,9.045454978942871,9.06363582611084,9.045454978942871,9.045454978942871,7.8488078117370605,440
2015-07-24,8.863636016845703,8.918182373046875,8.863636016845703,8.918182373046875,7.73837423324585,550
2015-07-27,8.863636016845703,8.881817817687988,8.863636016845703,8.863636016845703,7.691041946411133,13420
2015-07-28,8.890909194946289,9.0,8.863636016845703,8.899999618530273,7.722597599029541,2750
2015-07-29,8.863636016845703,8.954545021057129,8.863636016845703,8.881817817687988,7.706823348999023,1100
2015-07-30,9.0,9.0,8.945454597473145,8.945454597473145,7.762037754058838,1980
2015-07-31,8.863636016845703,8.9909086227417,8.863636016845703,8.9909086227417,7.801479816436768,220
2015-08-03,8.9909086227417,8.9909086227417,8.909090995788574,8.909090995788574,7.7304840087890625,220
2015-08-04,8.872727394104004,8.881817817687988,8.863636016845703,8.863636016845703,7.691041946411133,5060
2015-08-05,8.863636016845703,8.863636016845703,8.863636016845703,8.863636016845703,7.691041946411133,0
2015-08-06,8.863636016845703,8.863636016845703,8.863636016845703,8.863636016845703,7.691041946411133,330
2015-08-07,8.863636016845703,8.863636016845703,8.863636016845703,8.863636016845703,7.691041946411133,0
2015-08-10,8.918182373046875,8.918182373046875,8.918182373046875,8.918182373046875,7.73837423324585,110
2015-08-11,8.872727394104004,8.890909194946289,8.863636016845703,8.890909194946289,7.714710235595703,1320
2015-08-12,8.890909194946289,8.890909194946289,8.890909194946289,8.890909194946289,7.714710235595703,0
2015-08-13,8.972726821899414,8.9909086227417,8.809090614318848,8.863636016845703,7.691041946411133,1320
2015-08-14,8.899999618530273,9.100000381469727,8.899999618530273,9.018181800842285,7.825141906738281,25960
2015-08-17,9.090909004211426,9.090909004211426,9.045454978942871,9.045454978942871,7.8488078117370605,330
2015-08-18,8.909090995788574,9.163636207580566,8.909090995788574,9.163636207580566,7.951356410980225,9240
2015-08-19,9.045454978942871,9.054545402526855,9.045454978942871,9.045454978942871,7.8488078117370605,4730
2015-08-20,9.045454978942871,9.054545402526855,9.045454978942871,9.054545402526855,7.856697082519531,1100
2015-08-21,9.045454978942871,9.06363582611084,8.818181991577148,8.863636016845703,7.691041946411133,5280
2015-08-24,9.045454978942871,9.06363582611084,8.663636207580566,8.663636207580566,7.517500877380371,2310
2015-08-25,8.654544830322266,8.654544830322266,8.654544830322266,8.654544830322266,7.509616374969482,110
2015-08-26,8.663636207580566,8.863636016845703,8.636363983154297,8.699999809265137,7.549056053161621,3300
2015-08-27,8.818181991577148,9.181818008422852,8.681818008422852,9.181818008422852,7.967133522033691,8800
2015-08-28,9.109090805053711,9.209091186523438,9.109090805053711,9.209091186523438,7.990799427032471,990
2015-08-31,8.854544639587402,9.209091186523438,8.854544639587402,9.209091186523438,7.990799427032471,770
2015-09-01,9.209091186523438,9.209091186523438,8.745454788208008,8.82727336883545,7.659492492675781,770
2015-09-02,9.090909004211426,9.090909004211426,8.809090614318848,8.863636016845703,7.691041946411133,17160
2015-09-03,8.818181991577148,8.82727336883545,8.818181991577148,8.82727336883545,7.659492492675781,1980
2015-09-04,8.82727336883545,9.07272720336914,8.82727336883545,9.07272720336914,7.8724775314331055,4400
2015-09-08,9.181818008422852,9.181818008422852,8.82727336883545,8.863636016845703,7.691041946411133,7370
2015-09-09,8.899999618530273,8.899999618530273,8.863636016845703,8.863636016845703,7.691041946411133,5610
2015-09-10,8.96363639831543,8.96363639831543,8.863636016845703,8.96363639831543,7.777814865112305,1540
2015-09-11,8.863636016845703,8.872727394104004,8.863636016845703,8.863636016845703,7.722369194030762,880
2015-09-14,8.899999618530273,8.899999618530273,8.863636016845703,8.863636016845703,7.722369194030762,4950
2015-09-15,8.818181991577148,8.899999618530273,8.818181991577148,8.863636016845703,7.722369194030762,6050
2015-09-16,8.890909194946289,8.909090995788574,8.872727394104004,8.899999618530273,7.754055023193359,5610
2015-09-17,8.863636016845703,8.863636016845703,8.863636016845703,8.863636016845703,7.722369194030762,770
2015-09-18,8.872727394104004,9.309090614318848,8.863636016845703,9.309090614318848,8.11047077178955,21780
2015-09-21,8.92727279663086,9.309090614318848,8.918182373046875,9.281818389892578,8.086712837219238,2640
2015-09-22,8.881817817687988,9.154544830322266,8.881817817687988,8.899999618530273,7.754055023193359,770
2015-09-23,8.890909194946289,8.890909194946289,8.890909194946289,8.890909194946289,7.746134281158447,330
2015-09-24,8.881817817687988,8.92727279663086,8.881817817687988,8.92727279663086,7.777813911437988,880
2015-09-25,8.9909086227417,9.0,8.872727394104004,8.872727394104004,7.730291843414307,3190
2015-09-28,8.863636016845703,8.9909086227417,8.863636016845703,8.9909086227417,7.833258628845215,2750
2015-09-29,8.9909086227417,9.0090913772583,8.872727394104004,8.872727394104004,7.730291843414307,770
2015-09-30,9.0090913772583,9.0090913772583,8.863636016845703,8.881817817687988,7.738216400146484,2750
2015-10-01,9.0,9.090909004211426,8.881817817687988,8.981818199157715,7.825337886810303,9350
2015-10-02,8.872727394104004,8.890909194946289,8.872727394104004,8.881817817687988,7.738216400146484,330
2015-10-05,8.972726821899414,8.972726821899414,8.972726821899414,8.972726821899414,7.817415714263916,660
2015-10-06,8.972726821899414,8.9909086227417,8.863636016845703,8.93636417388916,7.785736083984375,253550
2015-10-07,8.972726821899414,9.090909004211426,8.96363639831543,9.090909004211426,7.92038106918335,110110
2015-10-08,8.972726821899414,9.818181991577148,8.96363639831543,9.100000381469727,7.928304672241211,123420
2015-10-09,9.054545402526855,9.127272605895996,9.054545402526855,9.090909004211426,7.92038106918335,14740
2015-10-12,9.181818008422852,9.181818008422852,9.090909004211426,9.163636207580566,7.983743667602539,1870
2015-10-13,8.972726821899414,9.136363983154297,8.972726821899414,9.136363983154297,7.959983825683594,84480
2015-10-14,9.0,9.090909004211426,8.954545021057129,9.018181800842285,7.857016086578369,5170
2015-10-15,9.045454978942871,9.181818008422852,9.045454978942871,9.154544830322266,7.975822925567627,1320
2015-10-16,9.145455360412598,9.163636207580566,9.027273178100586,9.090909004211426,7.92038106918335,2970
2015-10-19,9.181818008422852,9.181818008422852,9.090909004211426,9.100000381469727,7.928304672241211,3740
2015-10-20,9.218181610107422,9.409090995788574,9.118182182312012,9.409090995788574,8.197596549987793,6710
2015-10-21,9.454545021057129,9.954545021057129,9.154544830322266,9.318181991577148,8.118392944335938,13860
2015-10-22,10.0,10.118182182312012,9.363636016845703,9.809090614318848,8.546092987060547,12320
2015-10-23,9.409090995788574,10.345455169677734,8.745454788208008,9.390909194946289,8.181753158569336,176000
2015-10-26,9.218181610107422,9.390909194946289,9.090909004211426,9.318181991577148,8.118392944335938,72600
2015-10-27,9.272727012634277,9.399999618530273,9.100000381469727,9.100000381469727,7.928304672241211,3960
2015-10-28,9.218181610107422,9.227272987365723,9.027273178100586,9.227272987365723,8.039186477661133,39270
2015-10-29,9.227272987365723,9.354544639587402,9.027273178100586,9.32727336883545,8.126313209533691,42350
2015-10-30,9.227272987365723,9.309090614318848,9.181818008422852,9.181818008422852,7.999586582183838,14740
2015-11-02,9.227272987365723,9.309090614318848,9.045454978942871,9.309090614318848,8.11047077178955,3190
2015-11-03,9.399999618530273,9.418182373046875,9.17272663116455,9.263635635375977,8.070868492126465,26290
2015-11-04,9.272727012634277,9.42727279663086,9.145455360412598,9.42727279663086,8.213435173034668,24970
2015-11-05,9.42727279663086,9.42727279663086,9.181818008422852,9.399999618530273,8.189674377441406,57530
2015-11-06,9.318181991577148,9.363636016845703,9.254545211791992,9.254545211791992,8.062946319580078,2310
2015-11-09,9.363636016845703,9.454545021057129,9.254545211791992,9.454545021057129,8.23719596862793,4620
2015-11-10,9.354544639587402,9.418182373046875,9.254545211791992,9.418182373046875,8.205514907836914,28710
2015-11-11,9.372727394104004,9.4909086227417,9.272727012634277,9.399999618530273,8.189674377441406,276980
2015-11-12,9.399999618530273,9.53636360168457,9.363636016845703,9.5090913772583,8.284722328186035,16500
2015-11-13,9.43636417388916,9.445454597473145,9.32727336883545,9.445454597473145,8.229279518127441,880
2015-11-16,9.42727279663086,9.481818199157715,9.318181991577148,9.354544639587402,8.150073051452637,5060
2015-11-17,9.363636016845703,9.4909086227417,9.363636016845703,9.445454597473145,8.229279518127441,1870
2015-11-18,9.46363639831543,9.53636360168457,9.290908813476562,9.32727336883545,8.126313209533691,40040
2015-11-19,9.300000190734863,9.372727394104004,9.272727012634277,9.272727012634277,8.078790664672852,4620
2015-11-20,9.354544639587402,9.399999618530273,9.272727012634277,9.272727012634277,8.078790664672852,1760
2015-11-23,9.363636016845703,9.409090995788574,9.254545211791992,9.399999618530273,8.189674377441406,8360
2015-11-24,9.318181991577148,9.318181991577148,9.309090614318848,9.318181991577148,8.118392944335938,46860
2015-11-25,9.399999618530273,9.545454978942871,9.300000190734863,9.53636360168457,8.308481216430664,13530
2015-11-27,9.42727279663086,9.42727279663086,9.254545211791992,9.399999618530273,8.189674377441406,1980
2015-11-30,9.42727279663086,9.5090913772583,9.399999618530273,9.42727279663086,8.213435173034668,5610
2015-12-01,9.472726821899414,9.545454978942871,9.409090995788574,9.454545021057129,8.23719596862793,40920
2015-12-02,9.399999618530273,9.409090995788574,9.372727394104004,9.372727394104004,8.165911674499512,1870
2015-12-03,9.281818389892578,9.381817817687988,9.263635635375977,9.263635635375977,8.070868492126465,2640
2015-12-04,9.399999618530273,10.154544830322266,9.354544639587402,9.636363983154297,8.39560604095459,8580
2015-12-07,9.781818389892578,10.363636016845703,9.772727012634277,9.96363639831543,8.680741310119629,12760
2015-12-08,10.109090805053711,10.145455360412598,9.645455360412598,10.018181800842285,8.728260040283203,4620
2015-12-09,10.136363983154297,10.454545021057129,9.899999618530273,10.263635635375977,8.942107200622559,16500
2015-12-10,10.263635635375977,10.272727012634277,9.890909194946289,10.06363582611084,8.767863273620605,16830
2015-12-11,10.154544830322266,10.227272987365723,9.836363792419434,9.899999618530273,8.656575202941895,27720
2015-12-14,9.872727394104004,10.045454978942871,9.236364364624023,9.399999618530273,8.21937370300293,15180
2015-12-15,9.399999618530273,9.772727012634277,9.363636016845703,9.627272605895996,8.418102264404297,14630
2015-12-16,9.32727336883545,9.636363983154297,9.254545211791992,9.399999618530273,8.21937370300293,44770
2015-12-17,9.527273178100586,9.53636360168457,9.390909194946289,9.527273178100586,8.330663681030273,7370
2015-12-18,9.527273178100586,9.53636360168457,9.445454597473145,9.518181800842285,8.322713851928711,12320
2015-12-21,9.545454978942871,9.545454978942871,9.409090995788574,9.46363639831543,8.275018692016602,21120
2015-12-22,9.42727279663086,9.454545021057129,9.32727336883545,9.381817817687988,8.203475952148438,7700
2015-12-23,9.418182373046875,10.354544639587402,9.372727394104004,10.136363983154297,8.863253593444824,41690
2015-12-24,9.818181991577148,10.145455360412598,9.727272987365723,10.145455360412598,8.87120246887207,10890
2015-12-28,10.07272720336914,10.42727279663086,10.07272720336914,10.32727336883545,9.030183792114258,4400
2015-12-29,10.43636417388916,10.872727394104004,10.32727336883545,10.727272987365723,9.379942893981934,10890
2015-12-30,10.772727012634277,11.636363983154297,10.772727012634277,11.045454978942871,9.658163070678711,5830
2015-12-31,11.154544830322266,11.82727336883545,10.772727012634277,11.336363792419434,9.912537574768066,15290
2016-01-04,10.781818389892578,11.600000381469727,10.781818389892578,10.96363639831543,9.58662223815918,7150
2016-01-05,11.272727012634277,11.318181991577148,10.854544639587402,11.318181991577148,9.896637916564941,9130
2016-01-06,11.336363792419434,12.318181991577148,11.336363792419434,11.863636016845703,10.373581886291504,11880
2016-01-07,11.818181991577148,11.972726821899414,11.363636016845703,11.818181991577148,10.333837509155273,15510
2016-01-08,12.0090913772583,12.090909004211426,11.372727394104004,11.645455360412598,10.182806015014648,23320
2016-01-11,11.627272605895996,11.899999618530273,11.627272605895996,11.82727336883545,10.341784477233887,8690
2016-01-12,12.199999809265137,12.272727012634277,11.699999809265137,12.045454978942871,10.532562255859375,30580
2016-01-13,12.03636360168457,12.363636016845703,11.454545021057129,11.736364364624023,10.26229476928711,45100
2016-01-14,11.727272987365723,12.06363582611084,11.163636207580566,11.754545211791992,10.278192520141602,15180
2016-01-15,11.627272605895996,12.363636016845703,11.627272605895996,11.636363983154297,10.174857139587402,10120
2016-01-19,11.363636016845703,12.0,11.145455360412598,11.381817817687988,9.952280044555664,11550
2016-01-20,11.372727394104004,11.390909194946289,10.645455360412598,10.881817817687988,9.515076637268066,9570
2016-01-21,10.654544830322266,11.018181800842285,10.545454978942871,10.618182182312012,9.284554481506348,10780
2016-01-22,11.600000381469727,11.600000381469727,10.236364364624023,10.709091186523438,9.364047050476074,13310
2016-01-25,10.645455360412598,11.199999809265137,10.645455360412598,11.127272605895996,9.729706764221191,22220
2016-01-26,11.081817626953125,11.127272605895996,10.118182182312012,10.272727012634277,8.982488632202148,3960
2016-01-27,10.363636016845703,11.136363983154297,10.154544830322266,10.372727394104004,9.069929122924805,5280
2016-01-28,10.372727394104004,10.527273178100586,10.318181991577148,10.418182373046875,9.109675407409668,6490
2016-01-29,10.863636016845703,10.909090995788574,10.309090614318848,10.481818199157715,9.16531753540039,11990
2016-02-01,10.67272663116455,10.67272663116455,10.32727336883545,10.354544639587402,9.054032325744629,10560
2016-02-02,10.554545402526855,10.554545402526855,10.181818008422852,10.472726821899414,9.157368659973145,1870
2016-02-03,10.181818008422852,10.236364364624023,10.090909004211426,10.199999809265137,8.918895721435547,10450
2016-02-04,10.318181991577148,10.318181991577148,9.281818389892578,9.445454597473145,8.259122848510742,8800
2016-02-05,9.254545211791992,10.909090995788574,9.254545211791992,9.345455169677734,8.171683311462402,12430
2016-02-08,9.545454978942871,10.0,9.218181610107422,9.800000190734863,8.569136619567871,15950
2016-02-09,9.518181800842285,9.981818199157715,9.454545021057129,9.618182182312012,8.410154342651367,2860
2016-02-10,9.699999809265137,10.109090805053711,9.545454978942871,9.545454978942871,8.346561431884766,1760
2016-02-11,9.318181991577148,9.863636016845703,9.218181610107422,9.272727012634277,8.108088493347168,8690
2016-02-12,9.754545211791992,9.82727336883545,9.272727012634277,9.290908813476562,8.123984336853027,4510
2016-02-16,9.245454788208008,9.318181991577148,9.181818008422852,9.300000190734863,8.131935119628906,9790
2016-02-17,9.300000190734863,9.300000190734863,9.100000381469727,9.290908813476562,8.123984336853027,2970
2016-02-18,9.145455360412598,9.336363792419434,9.145455360412598,9.281818389892578,8.116040229797363,13200
2016-02-19,9.281818389892578,9.290908813476562,9.090909004211426,9.118182182312012,7.972954750061035,13420
2016-02-22,9.281818389892578,9.318181991577148,9.127272605895996,9.181818008422852,8.028596878051758,9130
2016-02-23,9.227272987365723,9.309090614318848,9.045454978942871,9.07272720336914,7.933211803436279,11330
2016-02-24,9.054545402526855,9.054545402526855,8.945454597473145,8.945454597473145,7.8219194412231445,550
2016-02-25,9.045454978942871,9.272727012634277,8.745454788208008,8.96363639831543,7.8378190994262695,45430
2016-02-26,9.136363983154297,9.136363983154297,8.863636016845703,9.027273178100586,7.893459796905518,41250
2016-02-29,9.5090913772583,9.545454978942871,9.045454978942871,9.254545211791992,8.09218692779541,10340
2016-03-01,9.245454788208008,9.53636360168457,9.154544830322266,9.418182373046875,8.235272407531738,9130
2016-03-02,9.109090805053711,9.67272663116455,9.109090805053711,9.390909194946289,8.211424827575684,8250
2016-03-03,9.618182182312012,9.890909194946289,9.4909086227417,9.809090614318848,8.577085494995117,7040
2016-03-04,10.0,10.0,9.57272720336914,9.745454788208008,8.521439552307129,3080
2016-03-07,10.07272720336914,10.07272720336914,9.590909004211426,9.881817817687988,8.640676498413086,5170
2016-03-08,9.863636016845703,9.96363639831543,9.609090805053711,9.609090805053711,8.402207374572754,3740
2016-03-09,9.67272663116455,9.718181610107422,9.590909004211426,9.645455360412598,8.434002876281738,2970
2016-03-10,9.590909004211426,9.763635635375977,9.363636016845703,9.372727394104004,8.195526123046875,14960
2016-03-11,9.53636360168457,9.727272987365723,9.32727336883545,9.699999809265137,8.481694221496582,7480
2016-03-14,9.663636207580566,9.918182373046875,9.418182373046875,9.518181800842285,8.322713851928711,5720
2016-03-15,9.481818199157715,9.909090995788574,9.472726821899414,9.909090995788574,8.697755813598633,5940
2016-03-16,9.872727394104004,9.890909194946289,9.46363639831543,9.518181800842285,8.354631423950195,2310
2016-03-17,9.836363792419434,9.972726821899414,9.5,9.863636016845703,8.657856941223145,8910
2016-03-18,9.454545021057129,10.018181800842285,9.454545021057129,10.018181800842285,8.793508529663086,51920
2016-03-21,10.018181800842285,10.909090995788574,10.018181800842285,10.390909194946289,9.120674133300781,10890
2016-03-22,10.272727012634277,10.300000190734863,9.845455169677734,9.890909194946289,8.681795120239258,8910
2016-03-23,9.909090995788574,10.054545402526855,9.754545211791992,9.890909194946289,8.681795120239258,10340
2016-03-24,9.890909194946289,9.890909194946289,9.890909194946289,9.890909194946289,8.681795120239258,0
2016-03-28,9.763635635375977,10.136363983154297,9.699999809265137,9.781818389892578,8.586042404174805,9240
2016-03-29,10.0090913772583,10.181818008422852,9.67272663116455,9.82727336883545,8.625936508178711,11440
2016-03-30,10.472726821899414,10.472726821899414,9.909090995788574,10.354544639587402,9.088754653930664,26950
2016-03-31,10.209091186523438,10.481818199157715,10.209091186523438,10.336363792419434,9.072794914245605,19470
2016-04-01,10.43636417388916,10.454545021057129,10.227272987365723,10.318181991577148,9.056836128234863,15730
2016-04-04,10.554545402526855,10.82727336883545,10.318181991577148,10.454545021057129,9.176529884338379,24310
2016-04-05,10.454545021057129,10.454545021057129,10.199999809265137,10.300000190734863,9.040874481201172,24640
2016-04-06,10.445454597473145,10.909090995788574,10.43636417388916,10.854544639587402,9.527631759643555,18150
2016-04-07,10.545454978942871,10.56363582611084,10.545454978942871,10.545454978942871,9.25632381439209,2420
2016-04-08,10.363636016845703,10.372727394104004,10.345455169677734,10.372727394104004,9.104714393615723,440
2016-04-11,10.354544639587402,10.699999809265137,10.227272987365723,10.409090995788574,9.136631965637207,6710
2016-04-12,10.736364364624023,10.736364364624023,10.354544639587402,10.545454978942871,9.25632381439209,10890
2016-04-13,10.309090614318848,10.581817626953125,10.309090614318848,10.545454978942871,9.25632381439209,4290
2016-04-14,10.518181800842285,10.690909385681152,10.518181800842285,10.690909385681152,9.384001731872559,3410
2016-04-15,10.709091186523438,10.727272987365723,10.590909004211426,10.727272987365723,9.415914535522461,1320
2016-04-18,10.5090913772583,10.699999809265137,10.454545021057129,10.46363639831543,9.184511184692383,2200
2016-04-19,10.46363639831543,10.727272987365723,10.46363639831543,10.727272987365723,9.415914535522461,1320
2016-04-20,10.590909004211426,10.590909004211426,10.454545021057129,10.46363639831543,9.184511184692383,6380
2016-04-21,10.454545021057129,10.472726821899414,10.454545021057129,10.46363639831543,9.184511184692383,3520
2016-04-22,10.418182373046875,10.445454597473145,10.409090995788574,10.409090995788574,9.136631965637207,1100
2016-04-25,10.42727279663086,10.454545021057129,10.390909194946289,10.445454597473145,9.168548583984375,1100
2016-04-26,10.481818199157715,10.481818199157715,10.472726821899414,10.472726821899414,9.192488670349121,550
2016-04-27,10.454545021057129,10.472726821899414,10.42727279663086,10.42727279663086,9.152589797973633,6820
2016-04-28,10.454545021057129,10.709091186523438,10.445454597473145,10.690909385681152,9.384001731872559,11880
2016-04-29,10.481818199157715,10.481818199157715,10.481818199157715,10.481818199157715,9.200468063354492,440
2016-05-02,10.445454597473145,10.445454597473145,10.372727394104004,10.372727394104004,9.104714393615723,440
2016-05-03,10.372727394104004,10.372727394104004,10.372727394104004,10.372727394104004,9.104714393615723,0
2016-05-04,10.454545021057129,10.472726821899414,10.372727394104004,10.472726821899414,9.192488670349121,6930
2016-05-05,10.727272987365723,10.727272987365723,10.727272987365723,10.727272987365723,9.415914535522461,110
2016-05-06,10.745454788208008,10.745454788208008,10.736364364624023,10.736364364624023,9.423898696899414,660
2016-05-09,10.645455360412598,10.645455360412598,10.4909086227417,10.636363983154297,9.3361234664917,2310
2016-05-10,10.636363983154297,10.645455360412598,10.627272605895996,10.627272605895996,9.328142166137695,660
2016-05-11,10.554545402526855,10.636363983154297,10.554545402526855,10.636363983154297,9.3361234664917,2310
2016-05-12,10.609090805053711,10.636363983154297,10.554545402526855,10.554545402526855,9.264304161071777,11330
2016-05-13,10.645455360412598,10.736364364624023,10.554545402526855,10.727272987365723,9.415914535522461,1320
2016-05-16,10.663636207580566,10.690909385681152,10.636363983154297,10.690909385681152,9.384001731872559,2090
2016-05-17,10.600000381469727,10.654544830322266,10.545454978942871,10.581817626953125,9.288243293762207,6270
2016-05-18,10.690909385681152,10.690909385681152,10.545454978942871,10.609090805053711,9.312185287475586,6930
2016-05-19,10.590909004211426,10.590909004211426,10.590909004211426,10.590909004211426,9.296223640441895,550
2016-05-20,10.590909004211426,10.681818008422852,10.590909004211426,10.681818008422852,9.376022338867188,14410
2016-05-23,10.67272663116455,10.727272987365723,10.600000381469727,10.727272987365723,9.415914535522461,10890
2016-05-24,10.727272987365723,10.872727394104004,10.718181610107422,10.754545211791992,9.439855575561523,11110
2016-05-25,10.772727012634277,10.818181991577148,10.754545211791992,10.800000190734863,9.479756355285645,8910
2016-05-26,10.809090614318848,10.818181991577148,10.709091186523438,10.727272987365723,9.415914535522461,9570
2016-05-27,10.690909385681152,10.918182373046875,10.681818008422852,10.681818008422852,9.376022338867188,47850
2016-05-31,10.727272987365723,10.863636016845703,10.727272987365723,10.745454788208008,9.431876182556152,11330
2016-06-01,10.854544639587402,11.045454978942871,10.836363792419434,11.018181800842285,9.671262741088867,11330
2016-06-02,10.9909086227417,11.17272663116455,10.863636016845703,10.954545021057129,9.61540412902832,19250
2016-06-03,10.981818199157715,11.090909004211426,10.909090995788574,10.909090995788574,9.575511932373047,35640
2016-06-06,11.145455360412598,11.363636016845703,10.96363639831543,11.354544639587402,9.966506004333496,19470
2016-06-07,11.363636016845703,12.272727012634277,11.354544639587402,12.218181610107422,10.724569320678711,36080
2016-06-08,12.218181610107422,12.218181610107422,12.0,12.118182182312012,10.63679313659668,20570
2016-06-09,12.145455360412598,12.145455360412598,11.609090805053711,11.845455169677734,10.397406578063965,7150
2016-06-10,11.818181991577148,11.863636016845703,11.690909385681152,11.736364364624023,10.301651000976562,2530
2016-06-13,11.763635635375977,11.772727012634277,11.636363983154297,11.754545211791992,10.317610740661621,3190
2016-06-14,11.57272720336914,11.718181610107422,10.42727279663086,11.399999618530273,10.037456512451172,12980
2016-06-15,11.46363639831543,11.472726821899414,11.209091186523438,11.309090614318848,9.957415580749512,16170
2016-06-16,10.972726821899414,11.190909385681152,10.909090995788574,11.018181800842285,9.701273918151855,23540
2016-06-17,10.909090995788574,11.454545021057129,10.899999618530273,11.245454788208008,9.901386260986328,879230
2016-06-20,11.4909086227417,12.136363983154297,11.46363639831543,12.07272720336914,10.629779815673828,15730
2016-06-21,11.763635635375977,12.018181800842285,11.399999618530273,11.909090995788574,10.485703468322754,4950
2016-06-22,11.56363582611084,11.56363582611084,11.56363582611084,11.56363582611084,10.181535720825195,440
2016-06-23,11.699999809265137,11.863636016845703,11.363636016845703,11.763635635375977,10.357634544372559,17270
2016-06-24,11.545454978942871,11.681818008422852,11.363636016845703,11.5,10.125509262084961,21890
2016-06-27,11.209091186523438,11.618182182312012,11.181818008422852,11.354544639587402,9.997434616088867,11660
2016-06-28,11.418182373046875,11.890909194946289,11.372727394104004,11.872727394104004,10.45368480682373,9460
2016-06-29,11.772727012634277,11.845455169677734,11.481818199157715,11.527273178100586,10.14952278137207,14080
2016-06-30,11.545454978942871,12.027273178100586,11.545454978942871,11.554545402526855,10.173532485961914,13420
2016-07-01,11.590909004211426,11.800000190734863,11.545454978942871,11.800000190734863,10.389649391174316,7480
2016-07-05,11.627272605895996,11.772727012634277,11.518181800842285,11.53636360168457,10.157525062561035,10890
2016-07-06,11.627272605895996,11.727272987365723,11.518181800842285,11.654544830322266,10.261581420898438,12980
2016-07-07,11.636363983154297,11.818181991577148,11.53636360168457,11.645455360412598,10.253580093383789,17820
2016-07-08,11.727272987365723,11.809090614318848,11.645455360412598,11.809090614318848,10.397656440734863,1320
2016-07-11,11.890909194946289,11.890909194946289,11.545454978942871,11.690909385681152,10.293600082397461,4620
2016-07-12,11.709091186523438,11.818181991577148,11.363636016845703,11.636363983154297,10.24557113647461,36080
2016-07-13,11.518181800842285,11.627272605895996,11.518181800842285,11.56363582611084,10.181535720825195,2530
2016-07-14,11.654544830322266,11.654544830322266,11.46363639831543,11.5,10.125509262084961,4400
2016-07-15,11.581817626953125,11.609090805053711,11.472726821899414,11.5,10.125509262084961,6600
2016-07-18,11.46363639831543,11.56363582611084,11.46363639831543,11.46363639831543,10.093491554260254,9240
2016-07-19,11.518181800842285,11.590909004211426,11.363636016845703,11.46363639831543,10.093491554260254,11550
2016-07-20,11.590909004211426,11.681818008422852,11.43636417388916,11.681818008422852,10.28559684753418,7150
2016-07-21,11.681818008422852,11.681818008422852,11.46363639831543,11.5,10.125509262084961,1210
2016-07-22,11.56363582611084,11.600000381469727,11.518181800842285,11.600000381469727,10.213557243347168,770
2016-07-25,11.527273178100586,11.654544830322266,11.227272987365723,11.390909194946289,10.02945327758789,31460
2016-07-26,11.154544830322266,11.227272987365723,11.118182182312012,11.209091186523438,9.869368553161621,7370
2016-07-27,11.263635635375977,11.300000190734863,11.154544830322266,11.17272663116455,9.837350845336914,4180
2016-07-28,11.363636016845703,11.5090913772583,11.345455169677734,11.5,10.125509262084961,19250
2016-07-29,11.445454597473145,11.472726821899414,11.345455169677734,11.472726821899414,10.101491928100586,6160
2016-08-01,11.381817817687988,11.472726821899414,11.145455360412598,11.218181610107422,9.877371788024902,8580
2016-08-02,11.290908813476562,11.518181800842285,11.281818389892578,11.318181991577148,9.96541976928711,7150
2016-08-03,11.318181991577148,11.363636016845703,11.209091186523438,11.363636016845703,10.005440711975098,7810
2016-08-04,11.363636016845703,11.363636016845703,11.363636016845703,11.363636016845703,10.005440711975098,0
2016-08-05,11.090909004211426,11.363636016845703,11.090909004211426,11.336363792419434,9.981429100036621,7370
2016-08-08,11.363636016845703,11.690909385681152,11.254545211791992,11.363636016845703,10.005440711975098,14630
2016-08-09,11.154544830322266,11.363636016845703,11.145455360412598,11.199999809265137,9.861367225646973,6050
2016-08-10,11.254545211791992,11.272727012634277,11.163636207580566,11.272727012634277,9.925398826599121,3630
2016-08-11,11.272727012634277,11.309090614318848,11.254545211791992,11.300000190734863,9.949414253234863,9240
2016-08-12,11.318181991577148,11.363636016845703,11.272727012634277,11.363636016845703,10.005440711975098,2310
2016-08-15,11.363636016845703,11.409090995788574,11.363636016845703,11.363636016845703,10.005440711975098,4180
2016-08-16,11.363636016845703,11.409090995788574,11.281818389892578,11.372727394104004,10.013446807861328,8360
2016-08-17,11.363636016845703,11.445454597473145,11.363636016845703,11.390909194946289,10.02945327758789,4620
2016-08-18,11.363636016845703,11.5,11.363636016845703,11.363636016845703,10.005440711975098,4950
2016-08-19,11.309090614318848,11.5,11.190909385681152,11.354544639587402,9.997434616088867,4290
2016-08-22,11.4909086227417,11.5,11.181818008422852,11.227272987365723,9.88537883758545,14410
2016-08-23,11.272727012634277,11.345455169677734,11.272727012634277,11.290908813476562,9.941404342651367,4840
2016-08-24,11.245454788208008,11.4909086227417,11.245454788208008,11.42727279663086,10.06147289276123,2090
2016-08-25,11.42727279663086,11.800000190734863,11.42727279663086,11.636363983154297,10.24557113647461,7370
2016-08-26,11.554545402526855,11.636363983154297,11.42727279663086,11.42727279663086,10.06147289276123,3960
2016-08-29,11.409090995788574,11.818181991577148,11.409090995788574,11.600000381469727,10.213557243347168,4290
2016-08-30,11.636363983154297,12.0,11.618182182312012,11.909090995788574,10.485703468322754,57310
2016-08-31,12.0,12.0,11.472726821899414,11.809090614318848,10.397656440734863,13090
2016-09-01,11.93636417388916,11.93636417388916,11.763635635375977,11.772727012634277,10.365636825561523,2200
2016-09-02,11.809090614318848,11.899999618530273,11.809090614318848,11.899999618530273,10.477699279785156,6490
2016-09-06,11.890909194946289,12.181818008422852,11.82727336883545,11.918182373046875,10.493707656860352,13640
2016-09-07,11.92727279663086,11.96363639831543,11.854544639587402,11.872727394104004,10.45368480682373,12760
2016-09-08,11.918182373046875,12.081817626953125,11.854544639587402,12.07272720336914,10.629779815673828,7480
2016-09-09,11.918182373046875,11.945454597473145,11.854544639587402,11.854544639587402,10.477124214172363,4070
2016-09-12,11.718181610107422,11.981818199157715,11.718181610107422,11.918182373046875,10.533367156982422,14190
2016-09-13,12.449999809265137,12.880000114440918,12.079999923706055,12.350000381469727,10.91501235961914,37700
2016-09-14,12.369999885559082,12.789999961853027,12.350000381469727,12.600000381469727,11.13596248626709,14400
2016-09-15,12.600000381469727,12.779999732971191,12.510000228881836,12.5600004196167,11.100608825683594,3800
2016-09-16,12.5600004196167,12.649999618530273,12.220000267028809,12.25,10.826631546020508,28200
2016-09-19,12.420000076293945,12.460000038146973,12.170000076293945,12.1899995803833,10.773602485656738,9300
2016-09-20,12.1899995803833,12.1899995803833,12.100000381469727,12.130000114440918,10.720573425292969,11600
2016-09-21,12.100000381469727,12.199999809265137,11.949999809265137,12.199999809265137,10.782440185546875,5300
2016-09-22,12.199999809265137,12.199999809265137,12.170000076293945,12.170000076293945,10.755926132202148,900
2016-09-23,12.100000381469727,12.100000381469727,12.029999732971191,12.039999961853027,10.641031265258789,4000
2016-09-26,11.970000267028809,11.970000267028809,11.90999984741211,11.930000305175781,10.543810844421387,1200
2016-09-27,12.0,12.0,12.0,12.0,10.60567855834961,1100
2016-09-28,12.100000381469727,12.100000381469727,11.90999984741211,12.0,10.60567855834961,5300
2016-09-29,11.930000305175781,12.739999771118164,11.930000305175781,12.430000305175781,10.985715866088867,93400
2016-09-30,12.470000267028809,12.819999694824219,12.470000267028809,12.819999694824219,11.330398559570312,9400
2016-10-03,12.609999656677246,12.609999656677246,12.300000190734863,12.300000190734863,10.870820999145508,2700
2016-10-04,12.350000381469727,12.350000381469727,12.020000457763672,12.020000457763672,10.6233549118042,5500
2016-10-05,12.170000076293945,12.170000076293945,12.010000228881836,12.029999732971191,10.632192611694336,1700
2016-10-06,12.050000190734863,12.079999923706055,11.979999542236328,11.979999542236328,10.588000297546387,4000
2016-10-07,12.0,12.069999694824219,12.0,12.069999694824219,10.667540550231934,67700
2016-10-10,12.359999656677246,12.359999656677246,12.220000267028809,12.289999961853027,10.861982345581055,2300
2016-10-11,12.329999923706055,12.420000076293945,12.300000190734863,12.40999984741211,10.968037605285645,1300
2016-10-12,12.5,12.5,12.15999984741211,12.210000038146973,10.791277885437012,2500
2016-10-13,12.40999984741211,12.699999809265137,12.300000190734863,12.3100004196167,10.879657745361328,1000
2016-10-14,12.020000457763672,12.399999618530273,12.0,12.279999732971191,10.853144645690918,11200
2016-10-17,12.180000305175781,12.329999923706055,12.170000076293945,12.170000076293945,10.755926132202148,2500
2016-10-18,12.15999984741211,12.199999809265137,12.15999984741211,12.199999809265137,10.782440185546875,1200
2016-10-19,12.220000267028809,12.220000267028809,12.119999885559082,12.149999618530273,10.738247871398926,5100
2016-10-20,12.020000457763672,12.050000190734863,12.020000457763672,12.050000190734863,10.649871826171875,3600
2016-10-21,12.119999885559082,12.119999885559082,12.119999885559082,12.119999885559082,10.711732864379883,400
2016-10-24,11.850000381469727,12.149999618530273,11.850000381469727,12.100000381469727,10.694059371948242,8400
2016-10-25,11.949999809265137,12.350000381469727,11.949999809265137,12.300000190734863,10.870820999145508,7800
2016-10-26,12.5,12.5,12.350000381469727,12.350000381469727,10.91501235961914,4700
2016-10-27,12.300000190734863,12.449999809265137,12.300000190734863,12.350000381469727,10.91501235961914,2200
2016-10-28,12.149999618530273,12.350000381469727,12.149999618530273,12.25,10.826631546020508,1300
2016-10-31,12.25,12.350000381469727,12.25,12.300000190734863,10.870820999145508,1400
2016-11-01,12.25,12.350000381469727,12.25,12.34000015258789,10.906174659729004,3500
2016-11-02,12.100000381469727,12.100000381469727,12.100000381469727,12.100000381469727,10.694059371948242,600
2016-11-03,12.149999618530273,12.300000190734863,12.050000190734863,12.050000190734863,10.649871826171875,9500
2016-11-04,12.149999618530273,12.199999809265137,12.050000190734863,12.050000190734863,10.649871826171875,3600
2016-11-07,12.350000381469727,12.399999618530273,12.130000114440918,12.399999618530273,10.959199905395508,10000
2016-11-08,12.3100004196167,12.5,12.3100004196167,12.5,11.047584533691406,5300
2016-11-09,12.300000190734863,12.649999618530273,12.300000190734863,12.649999618530273,11.18015193939209,7500
2016-11-10,12.649999618530273,13.100000381469727,12.649999618530273,13.100000381469727,11.577866554260254,5600
2016-11-11,12.899999618530273,13.199999809265137,12.720000267028809,13.0,11.489484786987305,15800
2016-11-14,13.050000190734863,13.5,13.0,13.0,11.489484786987305,23600
2016-11-15,13.0,13.460000038146973,13.0,13.300000190734863,11.754627227783203,2700
2016-11-16,13.5,13.600000381469727,13.0,13.399999618530273,11.843008995056152,20500
2016-11-17,13.449999809265137,13.699999809265137,13.449999809265137,13.699999809265137,12.108147621154785,3200
2016-11-18,13.399999618530273,13.850000381469727,13.399999618530273,13.5600004196167,11.984417915344238,2500
2016-11-21,13.649999618530273,13.649999618530273,13.449999809265137,13.649999618530273,12.063957214355469,2600
2016-11-22,13.59000015258789,13.699999809265137,13.550000190734863,13.649999618530273,12.063957214355469,4600
2016-11-23,13.649999618530273,13.699999809265137,13.600000381469727,13.600000381469727,12.019768714904785,2100
2016-11-25,13.649999618530273,13.649999618530273,13.649999618530273,13.649999618530273,12.063957214355469,300
2016-11-28,13.449999809265137,13.600000381469727,13.25,13.600000381469727,12.019768714904785,7100
2016-11-29,13.600000381469727,13.600000381469727,13.600000381469727,13.600000381469727,12.019768714904785,200
2016-11-30,13.449999809265137,13.699999809265137,13.449999809265137,13.699999809265137,12.108147621154785,1700
2016-12-01,13.699999809265137,13.979999542236328,13.649999618530273,13.75,12.152338981628418,2800
2016-12-02,13.850000381469727,14.0,13.739999771118164,14.0,12.373291969299316,702500
2016-12-05,14.149999618530273,14.800000190734863,14.149999618530273,14.760000228881836,13.044981956481934,644100
2016-12-06,14.800000190734863,17.100000381469727,14.800000190734863,15.350000381469727,13.56643009185791,19600
2016-12-07,15.399999618530273,15.899999618530273,15.289999961853027,15.899999618530273,14.052522659301758,25600
2016-12-08,15.850000381469727,16.0,15.649999618530273,15.75,13.919955253601074,21200
2016-12-09,15.800000190734863,16.0,15.100000381469727,15.649999618530273,13.83156967163086,53000
2016-12-12,15.699999809265137,15.850000381469727,14.449999809265137,14.850000381469727,13.124527931213379,48100
2016-12-13,14.800000190734863,15.149999618530273,14.600000381469727,14.699999809265137,12.991954803466797,10100
2016-12-14,14.649999618530273,14.770000457763672,14.550000190734863,14.600000381469727,12.947612762451172,17600
2016-12-15,14.600000381469727,15.319999694824219,14.399999618530273,15.050000190734863,13.346681594848633,12700
2016-12-16,15.670000076293945,16.799999237060547,15.350000381469727,16.700000762939453,14.809944152832031,130700
2016-12-19,16.600000381469727,16.649999618530273,16.25,16.399999618530273,14.543895721435547,31400
2016-12-20,16.399999618530273,16.450000762939453,16.18000030517578,16.399999618530273,14.543895721435547,9200
2016-12-21,16.399999618530273,16.399999618530273,15.520000457763672,16.350000381469727,14.499552726745605,8100
2016-12-22,16.149999618530273,16.5,15.949999809265137,16.5,14.632577896118164,18700
2016-12-23,16.399999618530273,16.450000762939453,16.100000381469727,16.399999618530273,14.543895721435547,15400
2016-12-27,16.049999237060547,16.450000762939453,16.049999237060547,16.100000381469727,14.277849197387695,3300
2016-12-28,15.729999542236328,16.299999237060547,15.579999923706055,15.699999809265137,13.923120498657227,24700
2016-12-29,15.550000190734863,15.979999542236328,14.609999656677246,15.199999809265137,13.479705810546875,57400
2016-12-30,15.300000190734863,15.699999809265137,14.479999542236328,15.699999809265137,13.923120498657227,13700
2017-01-03,15.75,16.100000381469727,15.600000381469727,15.649999618530273,13.878777503967285,32100
2017-01-04,15.75,16.049999237060547,15.600000381469727,15.649999618530273,13.878777503967285,10800
2017-01-05,15.699999809265137,16.350000381469727,15.350000381469727,16.350000381469727,14.499552726745605,13500
2017-01-06,16.25,16.350000381469727,15.949999809265137,16.100000381469727,14.277849197387695,7200
2017-01-09,16.030000686645508,16.100000381469727,15.949999809265137,16.0,14.189164161682129,3900
2017-01-10,16.049999237060547,16.299999237060547,16.049999237060547,16.299999237060547,14.455217361450195,1200
2017-01-11,16.149999618530273,16.149999618530273,15.949999809265137,16.0,14.189164161682129,5300
2017-01-12,15.949999809265137,16.0,15.359999656677246,15.75,13.967461585998535,5100
2017-01-13,15.380000114440918,15.899999618530273,15.380000114440918,15.800000190734863,14.011801719665527,4200
2017-01-17,15.399999618530273,15.75,15.399999618530273,15.75,13.967461585998535,7300
2017-01-18,15.699999809265137,15.850000381469727,15.550000190734863,15.550000190734863,13.790096282958984,8700
2017-01-19,15.550000190734863,16.299999237060547,15.550000190734863,16.149999618530273,14.322189331054688,9300
2017-01-20,16.350000381469727,16.350000381469727,16.25,16.299999237060547,14.455217361450195,900
2017-01-23,16.299999237060547,16.850000381469727,15.5,16.549999237060547,14.676919937133789,32300
2017-01-24,16.549999237060547,16.549999237060547,16.450000762939453,16.5,14.632577896118164,4400
2017-01-25,16.049999237060547,16.549999237060547,15.800000190734863,16.350000381469727,14.499552726745605,5200
2017-01-26,16.549999237060547,16.899999618530273,16.40999984741211,16.600000381469727,14.72126293182373,7000
2017-01-27,16.600000381469727,16.600000381469727,16.43000030517578,16.600000381469727,14.72126293182373,2200
2017-01-30,16.600000381469727,16.600000381469727,16.299999237060547,16.5,14.632577896118164,6100
2017-01-31,16.420000076293945,16.5,16.350000381469727,16.450000762939453,14.588237762451172,11500
2017-02-01,16.850000381469727,16.850000381469727,16.5,16.700000762939453,14.809944152832031,16900
2017-02-02,16.799999237060547,17.25,16.700000762939453,16.799999237060547,14.898621559143066,14600
2017-02-03,16.75,16.950000762939453,16.5,16.649999618530273,14.765600204467773,8700
2017-02-06,16.700000762939453,17.5,16.700000762939453,17.399999618530273,15.430720329284668,12600
2017-02-07,17.5,18.0,17.450000762939453,17.5,15.519403457641602,13200
2017-02-08,17.5,17.649999618530273,17.299999237060547,17.399999618530273,15.430720329284668,15100
2017-02-09,17.600000381469727,17.600000381469727,17.0,17.25,15.297696113586426,5600
2017-02-10,17.850000381469727,17.899999618530273,16.43000030517578,17.25,15.297696113586426,4900
2017-02-13,17.799999237060547,17.799999237060547,17.049999237060547,17.200000762939453,15.253360748291016,5500
2017-02-14,17.5,17.5,16.950000762939453,17.149999618530273,15.209010124206543,109400
2017-02-15,17.100000381469727,17.399999618530273,16.5,16.899999618530273,14.987308502197266,37700
2017-02-16,16.850000381469727,17.010000228881836,16.399999618530273,16.75,14.85428237915039,15700
2017-02-17,16.950000762939453,17.049999237060547,16.829999923706055,17.0,15.075990676879883,6100
2017-02-21,17.079999923706055,17.149999618530273,16.399999618530273,16.549999237060547,14.676919937133789,9700
2017-02-22,16.5,17.0,16.450000762939453,16.950000762939453,15.031647682189941,6000
2017-02-23,16.989999771118164,16.989999771118164,16.850000381469727,16.850000381469727,14.942968368530273,4100
2017-02-24,16.899999618530273,17.0,16.8700008392334,17.0,15.075990676879883,4100
2017-02-27,16.950000762939453,17.100000381469727,16.899999618530273,17.0,15.075990676879883,11800
2017-02-28,17.100000381469727,17.100000381469727,16.799999237060547,16.899999618530273,14.987308502197266,6800
2017-03-01,17.0,17.200000762939453,16.75,16.950000762939453,15.031647682189941,75900
2017-03-02,16.75,16.899999618530273,16.700000762939453,16.75,14.85428237915039,3700
2017-03-03,16.75,17.25,16.600000381469727,17.200000762939453,15.253360748291016,8700
2017-03-06,16.899999618530273,17.450000762939453,16.760000228881836,17.450000762939453,15.47506332397461,4900
2017-03-07,17.309999465942383,17.600000381469727,17.25,17.399999618530273,15.430720329284668,9600
2017-03-08,17.399999618530273,17.510000228881836,17.110000610351562,17.25,15.297696113586426,9600
2017-03-09,17.399999618530273,17.75,17.299999237060547,17.399999618530273,15.430720329284668,9300
2017-03-10,17.5,17.5,17.399999618530273,17.399999618530273,15.430720329284668,6400
2017-03-13,17.299999237060547,17.549999237060547,17.100000381469727,17.350000381469727,15.386381149291992,14700
2017-03-14,17.299999237060547,17.549999237060547,17.25,17.25,15.297696113586426,68400
2017-03-15,17.25,17.350000381469727,16.799999237060547,16.799999237060547,14.941932678222656,17300
2017-03-16,17.0,17.049999237060547,16.850000381469727,17.0,15.119817733764648,7600
2017-03-17,17.0,17.149999618530273,16.399999618530273,16.399999618530273,14.586173057556152,50700
2017-03-20,16.649999618530273,16.799999237060547,16.600000381469727,16.799999237060547,14.941932678222656,8400
2017-03-21,16.559999465942383,16.799999237060547,16.0,16.149999618530273,14.363822937011719,16900
2017-03-22,16.200000762939453,16.200000762939453,15.5,15.649999618530273,13.919122695922852,14700
2017-03-23,15.699999809265137,16.1200008392334,15.600000381469727,15.800000190734863,14.052535057067871,3700
2017-03-24,16.600000381469727,16.600000381469727,16.350000381469727,16.350000381469727,14.541702270507812,3300
2017-03-27,16.850000381469727,17.0,16.549999237060547,17.0,15.119817733764648,5600
2017-03-28,16.829999923706055,17.049999237060547,16.799999237060547,16.899999618530273,15.030878067016602,211400
2017-03-29,16.850000381469727,17.0,16.549999237060547,16.899999618530273,15.030878067016602,15300
2017-03-30,16.899999618530273,17.0,16.5,16.700000762939453,14.852994918823242,23100
2017-03-31,16.950000762939453,17.0,16.75,16.950000762939453,15.075346946716309,6900
2017-04-03,16.75,16.950000762939453,16.549999237060547,16.549999237060547,14.719587326049805,12100
2017-04-04,16.700000762939453,16.899999618530273,16.6299991607666,16.799999237060547,14.941932678222656,5700
2017-04-05,16.799999237060547,16.899999618530273,16.25,16.299999237060547,14.497233390808105,10900
2017-04-06,16.299999237060547,16.399999618530273,16.200000762939453,16.299999237060547,14.497233390808105,2400
2017-04-07,16.450000762939453,16.75,16.450000762939453,16.75,14.897464752197266,2900
2017-04-10,16.75,16.850000381469727,16.600000381469727,16.75,14.897464752197266,12200
2017-04-11,16.649999618530273,16.850000381469727,16.610000610351562,16.799999237060547,14.941932678222656,22700
2017-04-12,16.850000381469727,16.850000381469727,16.75,16.850000381469727,14.986407279968262,2100
2017-04-13,16.75,16.850000381469727,16.75,16.799999237060547,14.941932678222656,15100
2017-04-17,16.75,16.75,16.649999618530273,16.75,14.897464752197266,4500
2017-04-18,16.790000915527344,16.799999237060547,16.450000762939453,16.549999237060547,14.719587326049805,8100
2017-04-19,16.75,16.75,16.399999618530273,16.5,14.675117492675781,4200
2017-04-20,16.5,16.5,16.350000381469727,16.350000381469727,14.541702270507812,8000
2017-04-21,16.399999618530273,16.5,16.350000381469727,16.399999618530273,14.586173057556152,6800
2017-04-24,16.399999618530273,16.75,16.399999618530273,16.649999618530273,14.808525085449219,20300
2017-04-25,16.799999237060547,16.899999618530273,16.600000381469727,16.850000381469727,14.986407279968262,23000
2017-04-26,17.049999237060547,17.049999237060547,16.799999237060547,16.799999237060547,14.941932678222656,6900
2017-04-27,16.780000686645508,16.899999618530273,16.600000381469727,16.600000381469727,14.764055252075195,3800
2017-04-28,16.649999618530273,16.75,16.25,16.350000381469727,14.541702270507812,4600
2017-05-01,16.200000762939453,16.399999618530273,15.850000381469727,16.25,14.452763557434082,11500
2017-05-02,16.100000381469727,16.270000457763672,16.049999237060547,16.149999618530273,14.363822937011719,9500
2017-05-03,16.149999618530273,16.149999618530273,15.899999618530273,16.100000381469727,14.319352149963379,5400
2017-05-04,16.31999969482422,16.350000381469727,16.149999618530273,16.25,14.452763557434082,11000
2017-05-05,16.350000381469727,16.549999237060547,16.25,16.5,14.675117492675781,10900
2017-05-08,16.350000381469727,16.5,16.350000381469727,16.450000762939453,14.630645751953125,6700
2017-05-09,16.549999237060547,16.56999969482422,16.399999618530273,16.450000762939453,14.630645751953125,6000
2017-05-10,16.649999618530273,16.700000762939453,16.5,16.649999618530273,14.808525085449219,3900
2017-05-11,16.600000381469727,16.600000381469727,16.299999237060547,16.299999237060547,14.497233390808105,11400
2017-05-12,16.350000381469727,16.350000381469727,16.0,16.25,14.452763557434082,22300
2017-05-15,16.350000381469727,16.350000381469727,16.25,16.299999237060547,14.497233390808105,1800
2017-05-16,16.399999618530273,16.549999237060547,16.350000381469727,16.5,14.675117492675781,5900
2017-05-17,16.450000762939453,16.450000762939453,16.059999465942383,16.350000381469727,14.541702270507812,9400
2017-05-18,16.299999237060547,16.299999237060547,16.209999084472656,16.229999542236328,14.434974670410156,5100
2017-05-19,16.469999313354492,16.469999313354492,16.149999618530273,16.350000381469727,14.541702270507812,6700
2017-05-22,16.299999237060547,16.399999618530273,16.100000381469727,16.25,14.452763557434082,6300
2017-05-23,16.059999465942383,16.399999618530273,16.059999465942383,16.25,14.452763557434082,10000
2017-05-24,16.399999618530273,16.399999618530273,16.100000381469727,16.100000381469727,14.319352149963379,6100
2017-05-25,16.149999618530273,16.18000030517578,16.049999237060547,16.149999618530273,14.363822937011719,4600
2017-05-26,16.25,16.350000381469727,16.049999237060547,16.200000762939453,14.408294677734375,4600
2017-05-30,16.299999237060547,16.350000381469727,16.049999237060547,16.200000762939453,14.408294677734375,5200
2017-05-31,16.059999465942383,16.100000381469727,15.449999809265137,15.949999809265137,14.185942649841309,8800
2017-06-01,15.949999809265137,16.299999237060547,15.850000381469727,16.149999618530273,14.363822937011719,13500
2017-06-02,16.299999237060547,16.299999237060547,16.049999237060547,16.149999618530273,14.363822937011719,12700
2017-06-05,15.399999618530273,16.299999237060547,15.350000381469727,16.25,14.452763557434082,26100
2017-06-06,16.100000381469727,16.25,15.5,15.800000190734863,14.052535057067871,18200
2017-06-07,16.149999618530273,16.25,15.949999809265137,16.149999618530273,14.363822937011719,10300
2017-06-08,16.350000381469727,16.350000381469727,16.079999923706055,16.149999618530273,14.363822937011719,11900
2017-06-09,16.149999618530273,16.5,16.149999618530273,16.450000762939453,14.630645751953125,8000
2017-06-12,16.1299991607666,16.299999237060547,16.049999237060547,16.100000381469727,14.319352149963379,15600
2017-06-13,16.149999618530273,16.399999618530273,16.049999237060547,16.25,14.506829261779785,15600
2017-06-14,16.299999237060547,16.399999618530273,16.25,16.25,14.506829261779785,14500
2017-06-15,16.350000381469727,16.450000762939453,16.299999237060547,16.450000762939453,14.685372352600098,19400
2017-06-16,16.450000762939453,16.549999237060547,16.350000381469727,16.350000381469727,14.596098899841309,8900
2017-06-19,16.600000381469727,16.600000381469727,16.479999542236328,16.549999237060547,14.774646759033203,115700
2017-06-20,16.600000381469727,16.700000762939453,16.579999923706055,16.649999618530273,14.86391830444336,11600
2017-06-21,16.700000762939453,16.75,16.600000381469727,16.600000381469727,14.819284439086914,14700
2017-06-22,16.700000762939453,16.700000762939453,16.549999237060547,16.549999237060547,14.774646759033203,26400
2017-06-23,16.549999237060547,16.700000762939453,16.450000762939453,16.649999618530273,14.86391830444336,830100
2017-06-26,16.600000381469727,16.799999237060547,16.600000381469727,16.649999618530273,14.86391830444336,28400
2017-06-27,16.649999618530273,17.049999237060547,16.649999618530273,16.950000762939453,15.13173770904541,45300
2017-06-28,16.950000762939453,17.0,16.799999237060547,17.0,15.176373481750488,13300
2017-06-29,17.0,17.0,16.899999618530273,17.0,15.176373481750488,12500
2017-06-30,17.0,17.25,17.0,17.200000762939453,15.3549222946167,8400
2017-07-03,17.350000381469727,17.399999618530273,17.25,17.399999618530273,15.533465385437012,9600
2017-07-05,17.950000762939453,17.950000762939453,17.399999618530273,17.450000762939453,15.578103065490723,16300
2017-07-06,17.450000762939453,17.5,17.399999618530273,17.5,15.622739791870117,16200
2017-07-07,17.5,17.5,17.5,17.5,15.622739791870117,5100
2017-07-10,17.5,17.850000381469727,17.399999618530273,17.75,15.845917701721191,20800
2017-07-11,17.799999237060547,17.950000762939453,17.799999237060547,17.899999618530273,15.979826927185059,21200
2017-07-12,18.0,18.100000381469727,17.950000762939453,18.100000381469727,16.158374786376953,10300
2017-07-13,18.100000381469727,18.299999237060547,18.049999237060547,18.299999237060547,16.3369197845459,9500
2017-07-14,18.299999237060547,18.299999237060547,17.950000762939453,18.049999237060547,16.113737106323242,7100
2017-07-17,17.950000762939453,18.0,17.799999237060547,18.0,16.06909942626953,7700
2017-07-18,17.850000381469727,18.0,17.850000381469727,17.950000762939453,16.024465560913086,3400
2017-07-19,18.149999618530273,18.200000762939453,18.0,18.100000381469727,16.158374786376953,10700
2017-07-20,18.049999237060547,18.049999237060547,17.899999618530273,17.950000762939453,16.024465560913086,17400
2017-07-21,18.0,18.0,17.799999237060547,17.899999618530273,15.979826927185059,12400
2017-07-24,17.850000381469727,17.899999618530273,17.799999237060547,17.899999618530273,15.979826927185059,9900
2017-07-25,17.799999237060547,18.25,17.799999237060547,18.200000762939453,16.247648239135742,10500
2017-07-26,18.299999237060547,18.299999237060547,18.049999237060547,18.200000762939453,16.247648239135742,7300
2017-07-27,18.200000762939453,18.399999618530273,17.850000381469727,18.350000381469727,16.381555557250977,6100
2017-07-28,18.299999237060547,18.399999618530273,18.299999237060547,18.299999237060547,16.3369197845459,3900
2017-07-31,18.399999618530273,18.600000381469727,18.350000381469727,18.5,16.515464782714844,10700
2017-08-01,18.700000762939453,18.700000762939453,18.700000762939453,18.700000762939453,16.694013595581055,2000
2017-08-02,18.75,18.850000381469727,18.75,18.799999237060547,16.78327751159668,3200
2017-08-03,18.899999618530273,18.899999618530273,18.649999618530273,18.649999618530273,16.64937400817871,2000
2017-08-04,18.5,18.5,18.5,18.5,16.515464782714844,1500
2017-08-07,18.299999237060547,18.299999237060547,17.899999618530273,17.950000762939453,16.024465560913086,3600
2017-08-08,18.0,18.25,17.899999618530273,18.100000381469727,16.158374786376953,3200
2017-08-09,17.75,17.850000381469727,17.75,17.75,15.845917701721191,1900
2017-08-10,17.700000762939453,17.700000762939453,16.899999618530273,16.950000762939453,15.13173770904541,7500
2017-08-11,17.049999237060547,17.049999237060547,16.649999618530273,16.850000381469727,15.042466163635254,6500
2017-08-14,16.899999618530273,17.0,16.899999618530273,17.0,15.176373481750488,4200
2017-08-15,17.100000381469727,17.149999618530273,17.030000686645508,17.149999618530273,15.310279846191406,4600
2017-08-16,17.200000762939453,17.200000762939453,17.049999237060547,17.100000381469727,15.265647888183594,2100
2017-08-17,17.200000762939453,17.200000762939453,16.549999237060547,16.649999618530273,14.86391830444336,6100
2017-08-18,16.399999618530273,17.5,16.399999618530273,17.100000381469727,15.265647888183594,10300
2017-08-21,16.950000762939453,17.350000381469727,16.950000762939453,17.25,15.399556159973145,9200
2017-08-22,17.299999237060547,17.299999237060547,17.299999237060547,17.299999237060547,15.444194793701172,1800
2017-08-23,17.100000381469727,17.549999237060547,17.100000381469727,17.5,15.622739791870117,8600
2017-08-24,17.75,17.950000762939453,17.700000762939453,17.700000762939453,15.801285743713379,7700
2017-08-25,17.25,17.549999237060547,17.25,17.549999237060547,15.667370796203613,2500
2017-08-28,17.450000762939453,17.450000762939453,17.149999618530273,17.399999618530273,15.533465385437012,7000
2017-08-29,17.200000762939453,17.690000534057617,17.200000762939453,17.5,15.622739791870117,3000
2017-08-30,17.350000381469727,17.5,17.149999618530273,17.299999237060547,15.444194793701172,4600
2017-08-31,17.399999618530273,17.450000762939453,17.0,17.350000381469727,15.4888277053833,10300
2017-09-01,17.5,17.5,17.350000381469727,17.5,15.622739791870117,3000
2017-09-05,17.450000762939453,17.5,17.200000762939453,17.25,15.399556159973145,6700
2017-09-06,17.200000762939453,17.299999237060547,17.100000381469727,17.25,15.399556159973145,3000
2017-09-07,17.350000381469727,17.399999618530273,16.950000762939453,17.350000381469727,15.4888277053833,3600
2017-09-08,17.399999618530273,17.450000762939453,17.299999237060547,17.350000381469727,15.4888277053833,2500
2017-09-11,17.549999237060547,17.770000457763672,17.5,17.700000762939453,15.801285743713379,24100
2017-09-12,16.149999618530273,18.100000381469727,16.149999618530273,18.100000381469727,16.158374786376953,10200
2017-09-13,17.350000381469727,18.200000762939453,17.350000381469727,18.200000762939453,16.247648239135742,8500
2017-09-14,18.149999618530273,18.200000762939453,18.100000381469727,18.200000762939453,16.301387786865234,7500
2017-09-15,18.25,18.649999618530273,18.100000381469727,18.600000381469727,16.65966033935547,28500
2017-09-18,18.649999618530273,18.850000381469727,18.600000381469727,18.850000381469727,16.883575439453125,8900
2017-09-19,18.950000762939453,18.950000762939453,18.399999618530273,18.799999237060547,16.838788986206055,18600
2017-09-20,18.899999618530273,18.899999618530273,18.600000381469727,18.649999618530273,16.704442977905273,9100
2017-09-21,18.75,18.75,18.350000381469727,18.600000381469727,16.65966033935547,6400
2017-09-22,18.600000381469727,18.700000762939453,18.600000381469727,18.700000762939453,16.749229431152344,4100
2017-09-25,18.700000762939453,18.950000762939453,18.600000381469727,18.950000762939453,16.97315216064453,18400
2017-09-26,18.799999237060547,19.450000762939453,18.799999237060547,19.25,17.241853713989258,16100
2017-09-27,19.25,20.0,19.25,20.0,17.913616180419922,25400
2017-09-28,19.950000762939453,20.399999618530273,19.899999618530273,20.200000762939453,18.092750549316406,15500
2017-09-29,20.350000381469727,20.350000381469727,19.799999237060547,19.799999237060547,17.734474182128906,6600
2017-10-02,19.75,19.899999618530273,19.670000076293945,19.899999618530273,17.82404327392578,13400
2017-10-03,20.049999237060547,20.049999237060547,19.399999618530273,19.899999618530273,17.82404327392578,12700
2017-10-04,19.700000762939453,20.010000228881836,19.549999237060547,19.850000381469727,17.779266357421875,12800
2017-10-05,20.0,20.049999237060547,19.399999618530273,20.049999237060547,17.958393096923828,7300
2017-10-06,20.049999237060547,20.049999237060547,19.5,19.799999237060547,17.734474182128906,12100
2017-10-09,19.5,19.799999237060547,19.5,19.799999237060547,17.734474182128906,9400
2017-10-10,19.850000381469727,20.200000762939453,19.850000381469727,20.049999237060547,17.958393096923828,81700
2017-10-11,20.049999237060547,20.25,20.0,20.049999237060547,17.958393096923828,10900
2017-10-12,20.200000762939453,20.200000762939453,19.899999618530273,19.899999618530273,17.82404327392578,10900
2017-10-13,19.899999618530273,19.950000762939453,19.700000762939453,19.950000762939453,17.86882972717285,11500
2017-10-16,20.049999237060547,20.100000381469727,19.850000381469727,20.0,17.913616180419922,14200
2017-10-17,19.799999237060547,19.90999984741211,19.75,19.899999618530273,17.82404327392578,3800
2017-10-18,19.950000762939453,20.049999237060547,19.700000762939453,19.799999237060547,17.734474182128906,16000
2017-10-19,19.850000381469727,20.049999237060547,19.850000381469727,20.0,17.913616180419922,23600
2017-10-20,20.0,20.18000030517578,19.850000381469727,19.950000762939453,17.86882972717285,16500
2017-10-23,20.0,20.0,19.649999618530273,19.799999237060547,17.734474182128906,15600
2017-10-24,20.0,20.049999237060547,19.799999237060547,19.799999237060547,17.734474182128906,4000
2017-10-25,19.75,20.0,19.600000381469727,19.799999237060547,17.734474182128906,24000
2017-10-26,19.5,19.950000762939453,19.450000762939453,19.850000381469727,17.779266357421875,17000
2017-10-27,19.600000381469727,20.020000457763672,19.600000381469727,19.899999618530273,17.82404327392578,39700
2017-10-30,19.899999618530273,19.899999618530273,19.700000762939453,19.75,17.6896915435791,12000
2017-10-31,19.899999618530273,20.149999618530273,19.75,19.75,17.6896915435791,25800
2017-11-01,19.899999618530273,19.950000762939453,19.75,19.799999237060547,17.734474182128906,7700
2017-11-02,19.850000381469727,19.950000762939453,19.799999237060547,19.899999618530273,17.82404327392578,22900
2017-11-03,19.899999618530273,19.899999618530273,19.75,19.799999237060547,17.734474182128906,7600
2017-11-06,19.850000381469727,19.850000381469727,19.5,19.600000381469727,17.555343627929688,2900
2017-11-07,19.649999618530273,19.700000762939453,19.0,19.350000381469727,17.331418991088867,14300
2017-11-08,19.25,19.700000762939453,19.149999618530273,19.649999618530273,17.600126266479492,9100
2017-11-09,19.5,19.700000762939453,19.450000762939453,19.649999618530273,17.600126266479492,10000
2017-11-10,19.649999618530273,20.0,19.549999237060547,19.549999237060547,17.51055335998535,8800
2017-11-13,19.399999618530273,19.799999237060547,19.350000381469727,19.600000381469727,17.555343627929688,4700
2017-11-14,19.600000381469727,19.649999618530273,19.5,19.600000381469727,17.555343627929688,4700
2017-11-15,19.549999237060547,19.760000228881836,19.549999237060547,19.649999618530273,17.600126266479492,8500
2017-11-16,19.950000762939453,20.149999618530273,19.899999618530273,20.0,17.913616180419922,32000
2017-11-17,19.950000762939453,20.149999618530273,19.799999237060547,20.149999618530273,18.047964096069336,66400
2017-11-20,20.100000381469727,20.200000762939453,20.049999237060547,20.200000762939453,18.092750549316406,9800
2017-11-21,20.299999237060547,20.450000762939453,20.25,20.399999618530273,18.27189064025879,11800
2017-11-22,20.399999618530273,20.450000762939453,20.350000381469727,20.350000381469727,18.227100372314453,7100
2017-11-24,20.399999618530273,20.450000762939453,20.3799991607666,20.450000762939453,18.316669464111328,5200
2017-11-27,20.399999618530273,20.450000762939453,20.350000381469727,20.450000762939453,18.316669464111328,3800
2017-11-28,20.450000762939453,20.700000762939453,20.450000762939453,20.700000762939453,18.54058265686035,15600
2017-11-29,20.0,20.850000381469727,20.0,20.850000381469727,18.67494010925293,16100
2017-11-30,20.549999237060547,20.899999618530273,20.549999237060547,20.75,18.58537483215332,11600
2017-12-01,20.450000762939453,20.75,20.299999237060547,20.549999237060547,18.406234741210938,20400
2017-12-04,20.75,20.75,20.5,20.600000381469727,18.451021194458008,4200
2017-12-05,20.350000381469727,20.579999923706055,20.25,20.25,18.13753318786621,7700
2017-12-06,20.350000381469727,20.5,20.25,20.25,18.13753318786621,5200
2017-12-07,20.200000762939453,20.350000381469727,20.200000762939453,20.25,18.13753318786621,29200
2017-12-08,19.959999084472656,20.450000762939453,19.959999084472656,20.25,18.13753318786621,3900
2017-12-11,20.200000762939453,20.399999618530273,20.200000762939453,20.200000762939453,18.092750549316406,9500
2017-12-12,20.559999465942383,20.600000381469727,20.260000228881836,20.549999237060547,18.406234741210938,10300
2017-12-13,20.649999618530273,20.700000762939453,20.25,20.450000762939453,18.316669464111328,32100
2017-12-14,20.510000228881836,20.700000762939453,20.25,20.25,18.190898895263672,12700
2017-12-15,20.149999618530273,20.850000381469727,20.149999618530273,20.700000762939453,18.595149993896484,29000
2017-12-18,20.899999618530273,20.950000762939453,20.75,20.850000381469727,18.729890823364258,9400
2017-12-19,20.549999237060547,20.799999237060547,20.549999237060547,20.600000381469727,18.505311965942383,9700
2017-12-20,20.600000381469727,20.700000762939453,20.399999618530273,20.549999237060547,18.46040153503418,5000
2017-12-21,20.350000381469727,20.600000381469727,20.299999237060547,20.450000762939453,18.370569229125977,14100
2017-12-22,20.299999237060547,20.399999618530273,20.200000762939453,20.200000762939453,18.145992279052734,5700
2017-12-26,20.25,20.399999618530273,20.200000762939453,20.200000762939453,18.145992279052734,3700
2017-12-27,20.200000762939453,20.399999618530273,20.149999618530273,20.149999618530273,18.10107421875,2400
2017-12-28,20.149999618530273,20.149999618530273,20.0,20.0,17.966325759887695,2400
2017-12-29,20.200000762939453,20.200000762939453,19.75,19.75,17.74174690246582,9600
2018-01-02,19.950000762939453,20.200000762939453,19.700000762939453,20.100000381469727,18.056156158447266,10500
2018-01-03,20.100000381469727,20.350000381469727,19.950000762939453,20.299999237060547,18.235824584960938,9200
2018-01-04,20.450000762939453,20.450000762939453,19.649999618530273,19.850000381469727,17.831579208374023,12900
2018-01-05,20.0,20.0,19.760000228881836,20.0,17.966325759887695,5600
2018-01-08,19.850000381469727,19.850000381469727,19.649999618530273,19.700000762939453,17.69683265686035,2200
2018-01-09,19.850000381469727,19.850000381469727,19.5,19.5,17.517168045043945,9700
2018-01-10,19.649999618530273,19.739999771118164,19.600000381469727,19.700000762939453,17.69683265686035,2100
2018-01-11,19.649999618530273,19.850000381469727,19.649999618530273,19.850000381469727,17.831579208374023,5600
2018-01-12,20.600000381469727,20.649999618530273,20.600000381469727,20.649999618530273,18.550230026245117,1300
2018-01-16,20.649999618530273,20.899999618530273,20.299999237060547,20.299999237060547,18.235824584960938,11200
2018-01-17,20.5,20.5,20.399999618530273,20.5,18.415485382080078,2800
2018-01-18,20.549999237060547,20.729999542236328,20.5,20.5,18.415485382080078,4500
2018-01-19,20.299999237060547,20.600000381469727,20.299999237060547,20.5,18.415485382080078,7200
2018-01-22,20.649999618530273,20.649999618530273,20.149999618530273,20.399999618530273,18.325651168823242,4700
2018-01-23,20.350000381469727,20.5,20.350000381469727,20.450000762939453,18.370569229125977,3200
2018-01-24,20.600000381469727,20.649999618530273,20.200000762939453,20.200000762939453,18.145992279052734,3700
2018-01-25,20.239999771118164,20.450000762939453,20.149999618530273,20.450000762939453,18.370569229125977,1600
2018-01-26,20.350000381469727,20.549999237060547,20.200000762939453,20.549999237060547,18.46040153503418,7300
2018-01-29,20.549999237060547,20.600000381469727,20.299999237060547,20.399999618530273,18.325651168823242,8800
2018-01-30,20.25,20.649999618530273,20.0,20.5,18.415485382080078,12900
2018-01-31,20.100000381469727,20.649999618530273,20.100000381469727,20.549999237060547,18.46040153503418,4100
2018-02-01,20.5,20.700000762939453,20.5,20.649999618530273,18.550230026245117,5000
2018-02-02,20.549999237060547,20.6299991607666,20.5,20.549999237060547,18.46040153503418,5600
2018-02-05,20.5,20.6200008392334,20.450000762939453,20.450000762939453,18.370569229125977,11900
2018-02-06,20.450000762939453,20.75,20.450000762939453,20.5,18.415485382080078,16800
2018-02-07,20.649999618530273,20.700000762939453,20.5,20.600000381469727,18.505311965942383,6200
2018-02-08,20.5,20.549999237060547,20.25,20.350000381469727,18.280738830566406,26200
2018-02-09,20.5,20.600000381469727,20.149999618530273,20.350000381469727,18.280738830566406,18100
2018-02-12,20.5,20.549999237060547,20.25,20.299999237060547,18.235824584960938,5700
2018-02-13,20.200000762939453,20.200000762939453,19.75,19.75,17.74174690246582,6400
2018-02-14,19.75,20.1200008392334,19.75,20.0,17.966325759887695,6700
2018-02-15,20.010000228881836,20.200000762939453,19.899999618530273,20.200000762939453,18.145992279052734,11000
2018-02-16,20.100000381469727,20.399999618530273,20.100000381469727,20.399999618530273,18.325651168823242,4600
2018-02-20,20.25,20.299999237060547,19.950000762939453,19.950000762939453,17.921415328979492,3900
2018-02-21,20.15999984741211,20.399999618530273,20.15999984741211,20.399999618530273,18.325651168823242,6000
2018-02-22,20.110000610351562,20.450000762939453,20.110000610351562,20.299999237060547,18.235824584960938,5100
2018-02-23,20.299999237060547,20.780000686645508,20.299999237060547,20.700000762939453,18.595149993896484,9200
2018-02-26,20.649999618530273,20.899999618530273,20.6299991607666,20.899999618530273,18.774810791015625,3000
2018-02-27,20.799999237060547,21.200000762939453,20.799999237060547,21.0,18.864639282226562,6500
2018-02-28,20.75,21.100000381469727,20.600000381469727,20.649999618530273,18.550230026245117,9200
2018-03-01,20.350000381469727,20.799999237060547,20.350000381469727,20.75,18.640060424804688,4300
2018-03-02,20.799999237060547,21.149999618530273,20.799999237060547,21.149999618530273,18.9993896484375,4800
2018-03-05,21.149999618530273,21.299999237060547,21.100000381469727,21.299999237060547,19.134132385253906,3100
2018-03-06,21.25,21.600000381469727,21.25,21.600000381469727,19.40363121032715,8000
2018-03-07,21.700000762939453,21.850000381469727,21.649999618530273,21.799999237060547,19.583293914794922,3300
2018-03-08,21.5,21.700000762939453,21.5,21.600000381469727,19.40363121032715,3300
2018-03-09,21.899999618530273,22.600000381469727,21.799999237060547,22.5,20.212112426757812,13900
2018-03-12,22.549999237060547,22.75,21.5,22.75,20.436689376831055,4200
2018-03-13,22.549999237060547,22.75,21.5,22.700000762939453,20.39177894592285,3900
2018-03-14,22.209999084472656,22.899999618530273,22.209999084472656,22.700000762939453,20.39177894592285,3500
2018-03-15,22.149999618530273,22.579999923706055,22.149999618530273,22.549999237060547,20.310714721679688,3100
2018-03-16,22.5,22.75,22.149999618530273,22.600000381469727,20.355754852294922,25800
2018-03-19,22.25,22.350000381469727,22.200000762939453,22.200000762939453,19.995479583740234,2600
2018-03-20,22.200000762939453,22.450000762939453,22.200000762939453,22.25,20.04050636291504,5000
2018-03-21,22.25,22.450000762939453,22.25,22.450000762939453,20.220645904541016,4300
2018-03-22,22.450000762939453,22.649999618530273,22.450000762939453,22.450000762939453,20.220645904541016,7100
2018-03-23,22.25,22.399999618530273,22.149999618530273,22.149999618530273,19.9504337310791,9000
2018-03-26,22.450000762939453,22.450000762939453,22.25,22.399999618530273,20.175615310668945,7200
2018-03-27,22.5,22.5,22.049999237060547,22.049999237060547,19.860368728637695,5200
2018-03-28,22.049999237060547,22.049999237060547,21.56999969482422,21.899999618530273,19.72526741027832,10600
2018-03-29,22.149999618530273,22.350000381469727,21.049999237060547,22.0,19.81533432006836,6700
2018-04-02,22.209999084472656,22.209999084472656,21.350000381469727,21.399999618530273,19.274919509887695,5100
2018-04-03,21.549999237060547,22.299999237060547,21.3799991607666,22.149999618530273,19.9504337310791,6100
2018-04-04,21.649999618530273,22.399999618530273,21.649999618530273,22.149999618530273,19.9504337310791,7400
2018-04-05,22.350000381469727,22.440000534057617,22.239999771118164,22.299999237060547,20.085542678833008,11300
2018-04-06,21.799999237060547,22.100000381469727,21.770000457763672,22.100000381469727,19.90540885925293,3600
2018-04-09,21.5,22.25,21.5,22.100000381469727,19.90540885925293,3600
2018-04-10,22.299999237060547,22.549999237060547,22.25,22.399999618530273,20.175615310668945,12100
2018-04-11,23.829999923706055,23.829999923706055,22.25,22.5,20.26568031311035,6100
2018-04-12,23.25,23.450000762939453,22.950000762939453,22.950000762939453,20.670991897583008,6600
2018-04-13,23.600000381469727,23.600000381469727,23.600000381469727,23.600000381469727,21.256450653076172,1000
2018-04-16,22.549999237060547,24.25,22.549999237060547,23.149999618530273,20.85113525390625,13800
2018-04-17,23.200000762939453,23.200000762939453,22.25,22.600000381469727,20.355754852294922,7000
2018-04-18,22.600000381469727,23.0,22.600000381469727,22.700000762939453,20.445823669433594,3900
2018-04-19,22.770000457763672,22.950000762939453,22.549999237060547,22.649999618530273,20.40078353881836,5800
2018-04-20,22.450000762939453,22.950000762939453,22.299999237060547,22.75,20.4908504486084,9500
2018-04-23,22.149999618530273,22.299999237060547,21.860000610351562,22.100000381469727,19.90540885925293,6900
2018-04-24,22.56999969482422,22.56999969482422,22.200000762939453,22.549999237060547,20.310714721679688,5200
2018-04-25,21.649999618530273,21.950000762939453,21.25,21.799999237060547,19.635190963745117,10300
2018-04-26,21.700000762939453,21.899999618530273,21.25,21.649999618530273,19.500089645385742,6500
2018-04-27,21.649999618530273,22.149999618530273,21.450000762939453,22.149999618530273,19.9504337310791,6300
2018-04-30,22.049999237060547,22.049999237060547,21.260000228881836,22.0,19.81533432006836,9500
2018-05-01,21.950000762939453,21.950000762939453,21.149999618530273,21.899999618530273,19.72526741027832,3400
2018-05-02,22.0,22.0,21.549999237060547,21.549999237060547,19.410018920898438,5100
2018-05-03,21.600000381469727,21.690000534057617,21.549999237060547,21.600000381469727,19.45505714416504,1700
2018-05-04,21.600000381469727,21.899999618530273,21.450000762939453,21.899999618530273,19.72526741027832,6400
2018-05-07,22.0,22.0,22.0,22.0,19.81533432006836,1300
2018-05-08,22.100000381469727,22.200000762939453,22.100000381469727,22.200000762939453,19.995479583740234,3300
2018-05-09,22.200000762939453,23.200000762939453,22.200000762939453,23.200000762939453,20.89617156982422,3900
2018-05-10,23.209999084472656,23.450000762939453,23.209999084472656,23.25,20.94120216369629,4500
2018-05-11,23.350000381469727,23.350000381469727,23.0,23.149999618530273,20.85113525390625,2600
2018-05-14,23.09000015258789,23.579999923706055,22.829999923706055,23.200000762939453,20.89617156982422,19500
2018-05-15,23.200000762939453,23.200000762939453,22.0,23.0,20.716032028198242,19000
2018-05-16,23.0,23.100000381469727,23.0,23.0,20.716032028198242,9700
2018-05-17,23.100000381469727,23.200000762939453,23.100000381469727,23.200000762939453,20.89617156982422,4700
2018-05-18,23.100000381469727,23.200000762939453,22.899999618530273,23.0,20.716032028198242,8300
2018-05-21,23.040000915527344,23.100000381469727,23.0,23.100000381469727,20.806102752685547,6000
2018-05-22,23.049999237060547,23.049999237060547,22.5,22.649999618530273,20.40078353881836,4600
2018-05-23,22.809999465942383,22.899999618530273,22.75,22.799999237060547,20.535886764526367,5700
2018-05-24,22.950000762939453,22.950000762939453,22.5,22.850000381469727,20.58092498779297,5300
2018-05-25,22.899999618530273,23.0,22.850000381469727,22.899999618530273,20.625961303710938,4500
2018-05-29,22.899999618530273,23.0,22.850000381469727,23.0,20.716032028198242,13400
2018-05-30,23.100000381469727,23.399999618530273,23.059999465942383,23.200000762939453,20.89617156982422,7800
2018-05-31,23.299999237060547,23.399999618530273,23.149999618530273,23.149999618530273,20.85113525390625,5600
2018-06-01,23.290000915527344,23.399999618530273,23.290000915527344,23.399999618530273,21.076309204101562,7100
2018-06-04,23.299999237060547,23.399999618530273,23.0,23.100000381469727,20.806102752685547,9900
2018-06-05,22.75,23.149999618530273,22.649999618530273,23.149999618530273,20.85113525390625,8200
2018-06-06,23.149999618530273,23.399999618530273,22.899999618530273,22.899999618530273,20.625961303710938,8300
2018-06-07,23.0,23.100000381469727,22.989999771118164,23.100000381469727,20.806102752685547,4700
2018-06-08,23.100000381469727,23.100000381469727,22.950000762939453,22.950000762939453,20.670991897583008,7500
2018-06-11,23.100000381469727,24.200000762939453,23.100000381469727,23.200000762939453,20.89617156982422,10400
2018-06-12,23.200000762939453,23.200000762939453,22.709999084472656,22.850000381469727,20.58092498779297,17300
2018-06-13,22.600000381469727,22.950000762939453,22.600000381469727,22.850000381469727,20.58092498779297,6400
2018-06-14,22.299999237060547,22.399999618530273,21.950000762939453,22.200000762939453,20.056921005249023,10600
2018-06-15,22.049999237060547,22.5,22.049999237060547,22.25,20.10208511352539,20400
2018-06-18,22.299999237060547,22.700000762939453,22.299999237060547,22.399999618530273,20.237613677978516,4000
2018-06-19,22.350000381469727,23.0,22.100000381469727,22.799999237060547,20.59899139404297,11200
2018-06-20,23.0,23.200000762939453,22.899999618530273,23.149999618530273,20.915206909179688,6200
2018-06-21,23.0,23.299999237060547,22.100000381469727,23.0,20.77968978881836,5900
2018-06-22,23.200000762939453,23.25,22.75,23.25,21.00555419921875,38300
2018-06-25,23.350000381469727,23.350000381469727,23.149999618530273,23.200000762939453,20.960384368896484,6100
2018-06-26,23.200000762939453,23.549999237060547,23.200000762939453,23.399999618530273,21.141077041625977,6000
2018-06-27,23.549999237060547,23.600000381469727,23.299999237060547,23.399999618530273,21.141077041625977,3600
2018-06-28,23.530000686645508,23.600000381469727,23.399999618530273,23.5,21.23141860961914,11900
2018-06-29,23.700000762939453,23.700000762939453,22.75,22.75,20.553817749023438,8500
2018-07-02,22.75,23.700000762939453,22.75,23.600000381469727,21.3217716217041,7800
2018-07-03,23.350000381469727,23.899999618530273,23.350000381469727,23.600000381469727,21.3217716217041,5800
2018-07-05,23.450000762939453,23.899999618530273,23.450000762939453,23.799999237060547,21.502464294433594,11900
2018-07-06,23.899999618530273,23.899999618530273,23.75,23.75,21.457290649414062,4200
2018-07-09,23.75,23.950000762939453,23.75,23.75,21.457290649414062,10400
2018-07-10,23.950000762939453,24.0,23.799999237060547,23.799999237060547,21.502464294433594,5500
2018-07-11,23.799999237060547,23.850000381469727,23.5,23.75,21.457290649414062,7600
2018-07-12,23.950000762939453,24.350000381469727,23.93000030517578,24.049999237060547,21.728321075439453,5600
2018-07-13,23.799999237060547,24.0,23.799999237060547,23.950000762939453,21.637981414794922,2900
2018-07-16,24.149999618530273,24.450000762939453,24.149999618530273,24.450000762939453,22.089712142944336,9900
2018-07-17,24.600000381469727,24.899999618530273,24.5,24.549999237060547,22.180055618286133,7600
2018-07-18,24.700000762939453,24.700000762939453,24.600000381469727,24.600000381469727,22.22523307800293,6500
2018-07-19,24.649999618530273,24.950000762939453,24.5,24.600000381469727,22.22523307800293,7900
2018-07-20,24.700000762939453,24.850000381469727,24.600000381469727,24.850000381469727,22.451095581054688,5000
2018-07-23,24.829999923706055,25.399999618530273,24.549999237060547,25.149999618530273,22.722139358520508,17900
2018-07-24,25.299999237060547,25.34000015258789,25.049999237060547,25.149999618530273,22.722139358520508,5900
2018-07-25,25.350000381469727,25.350000381469727,25.020000457763672,25.049999237060547,22.631784439086914,3900
2018-07-26,25.25,25.399999618530273,25.0,25.299999237060547,22.857656478881836,12300
2018-07-27,25.149999618530273,25.5,24.25,24.25,21.90902328491211,7800
2018-07-30,24.450000762939453,24.5,24.25,24.299999237060547,21.954187393188477,4800
2018-07-31,24.3799991607666,24.450000762939453,24.25,24.399999618530273,22.04453468322754,4800
2018-08-01,24.450000762939453,24.450000762939453,24.299999237060547,24.299999237060547,21.954187393188477,4900
2018-08-02,24.450000762939453,24.649999618530273,24.450000762939453,24.600000381469727,22.22523307800293,5400
2018-08-03,24.399999618530273,24.600000381469727,23.450000762939453,23.549999237060547,21.276596069335938,23000
2018-08-06,23.549999237060547,23.75,23.350000381469727,23.600000381469727,21.3217716217041,6100
2018-08-07,23.600000381469727,23.850000381469727,23.600000381469727,23.75,21.457290649414062,3400
2018-08-08,23.600000381469727,23.850000381469727,23.600000381469727,23.799999237060547,21.502464294433594,1600
2018-08-09,23.950000762939453,23.950000762939453,23.700000762939453,23.75,21.457290649414062,6500
2018-08-10,23.75,23.75,23.6299991607666,23.75,21.457290649414062,1300
2018-08-13,23.75,24.739999771118164,23.649999618530273,24.5,22.13488006591797,37300
2018-08-14,24.5,24.75,24.399999618530273,24.75,22.360750198364258,19600
2018-08-15,24.75,24.75,24.25,24.399999618530273,22.04453468322754,9000
2018-08-16,24.399999618530273,24.5,24.299999237060547,24.450000762939453,22.089712142944336,14800
2018-08-17,24.299999237060547,24.450000762939453,24.25,24.25,21.90902328491211,8100
2018-08-20,24.399999618530273,24.399999618530273,24.270000457763672,24.299999237060547,21.954187393188477,4300
2018-08-21,24.200000762939453,24.75,24.200000762939453,24.600000381469727,22.22523307800293,12700
2018-08-22,24.600000381469727,24.649999618530273,24.549999237060547,24.549999237060547,22.180055618286133,5500
2018-08-23,24.350000381469727,24.75,24.350000381469727,24.75,22.360750198364258,11100
2018-08-24,24.75,24.75,24.549999237060547,24.600000381469727,22.22523307800293,10500
2018-08-27,24.75,24.75,24.299999237060547,24.299999237060547,21.954187393188477,6300
2018-08-28,24.450000762939453,24.450000762939453,24.350000381469727,24.450000762939453,22.089712142944336,1700
2018-08-29,24.549999237060547,24.600000381469727,24.5,24.549999237060547,22.180055618286133,2700
2018-08-30,24.600000381469727,24.649999618530273,24.149999618530273,24.149999618530273,21.81867027282715,9400
2018-08-31,24.200000762939453,24.450000762939453,24.049999237060547,24.399999618530273,22.04453468322754,4400
2018-09-04,24.450000762939453,24.5,24.200000762939453,24.25,21.90902328491211,28100
2018-09-05,24.25,24.399999618530273,24.049999237060547,24.049999237060547,21.728321075439453,4100
2018-09-06,24.0,24.18000030517578,24.0,24.0,21.683149337768555,6100
2018-09-07,24.0,24.25,23.5,24.0,21.683149337768555,2800
2018-09-10,24.149999618530273,24.149999618530273,23.889999389648438,24.049999237060547,21.728321075439453,9000
2018-09-11,24.149999618530273,24.149999618530273,23.899999618530273,24.049999237060547,21.728321075439453,4600
2018-09-12,23.649999618530273,24.100000381469727,23.649999618530273,23.899999618530273,21.592805862426758,7000
2018-09-13,24.0,24.049999237060547,23.100000381469727,23.950000762939453,21.7015438079834,16800
2018-09-14,23.600000381469727,24.049999237060547,23.399999618530273,23.399999618530273,21.20317840576172,12100
2018-09-17,23.450000762939453,23.5,22.549999237060547,23.5,21.29378890991211,9600
2018-09-18,23.5,23.5,22.950000762939453,23.0,20.840726852416992,4800
2018-09-19,23.0,23.0,22.700000762939453,22.75,20.614192962646484,6200
2018-09-20,22.850000381469727,22.950000762939453,22.700000762939453,22.950000762939453,20.795419692993164,4000
2018-09-21,22.850000381469727,23.149999618530273,22.850000381469727,23.149999618530273,20.976648330688477,28100
2018-09-24,23.100000381469727,23.75,22.75,23.75,21.520315170288086,21300
2018-09-25,23.649999618530273,23.75,23.200000762939453,23.299999237060547,21.11256217956543,9000
2018-09-26,23.399999618530273,23.649999618530273,22.950000762939453,23.049999237060547,20.886037826538086,5900
2018-09-27,23.100000381469727,23.25,22.950000762939453,23.0,20.840726852416992,7900
2018-09-28,23.0,23.049999237060547,22.8799991607666,22.899999618530273,20.750110626220703,7500
2018-10-01,23.0,23.0,22.440000534057617,22.5,20.387666702270508,14200
2018-10-02,22.5,22.6299991607666,22.459999084472656,22.6299991607666,20.505460739135742,14500
2018-10-03,22.559999465942383,22.639999389648438,22.469999313354492,22.5,20.387666702270508,10000
2018-10-04,22.450000762939453,22.450000762939453,20.40999984741211,22.100000381469727,20.025222778320312,16700
2018-10-05,22.049999237060547,22.139999389648438,21.540000915527344,21.770000457763672,19.726205825805664,8700
2018-10-08,21.729999542236328,21.770000457763672,21.610000610351562,21.610000610351562,19.581226348876953,9400
2018-10-09,21.639999389648438,21.639999389648438,21.5,21.5,19.481552124023438,9400
2018-10-10,21.510000228881836,21.6299991607666,21.399999618530273,21.399999618530273,19.390939712524414,8900
2018-10-11,21.5,21.5,21.0,21.100000381469727,19.11910629272461,15400
2018-10-12,21.31999969482422,21.65999984741211,20.90999984741211,20.90999984741211,18.946941375732422,14000
2018-10-15,20.90999984741211,21.399999618530273,20.90999984741211,21.079999923706055,19.10097885131836,10900
2018-10-16,21.030000686645508,21.030000686645508,20.770000457763672,21.0,19.02848243713379,6700
2018-10-17,20.8799991607666,20.950000762939453,20.860000610351562,20.860000610351562,18.901634216308594,4400
2018-10-18,20.8799991607666,21.09000015258789,20.799999237060547,20.950000762939453,18.983186721801758,16900
2018-10-19,21.0,22.350000381469727,21.0,22.040000915527344,19.970855712890625,11300
2018-10-22,22.200000762939453,22.200000762939453,21.5,21.5,19.481552124023438,7200
2018-10-23,21.290000915527344,22.15999984741211,21.290000915527344,21.940000534057617,19.880245208740234,5500
2018-10-24,22.079999923706055,22.079999923706055,21.5,21.639999389648438,19.608402252197266,5800
2018-10-25,21.889999389648438,21.950000762939453,21.0,21.950000762939453,19.889301300048828,8000
2018-10-26,21.760000228881836,22.350000381469727,21.760000228881836,22.100000381469727,20.025222778320312,3700
2018-10-29,22.329999923706055,22.329999923706055,21.290000915527344,21.56999969482422,19.544979095458984,12400
2018-10-30,21.610000610351562,21.610000610351562,21.1200008392334,21.34000015258789,19.336570739746094,7300
2018-10-31,21.299999237060547,21.299999237060547,20.65999984741211,21.170000076293945,19.182531356811523,15900
2018-11-01,21.1200008392334,21.239999771118164,20.920000076293945,21.239999771118164,19.245952606201172,4700
2018-11-02,21.100000381469727,21.200000762939453,21.040000915527344,21.040000915527344,19.064735412597656,4600
2018-11-05,21.18000030517578,21.200000762939453,20.829999923706055,21.149999618530273,19.164409637451172,10600
2018-11-06,21.15999984741211,21.200000762939453,20.940000534057617,21.049999237060547,19.07379722595215,3100
2018-11-07,21.149999618530273,21.200000762939453,20.889999389648438,21.200000762939453,19.209718704223633,4900
2018-11-08,21.200000762939453,21.299999237060547,21.100000381469727,21.209999084472656,19.218769073486328,15000
2018-11-09,21.209999084472656,21.260000228881836,21.15999984741211,21.15999984741211,19.173465728759766,36300
2018-11-12,21.200000762939453,21.43000030517578,21.18000030517578,21.219999313354492,19.227834701538086,24600
2018-11-13,21.43000030517578,24.399999618530273,21.43000030517578,24.399999618530273,22.109296798706055,17500
2018-11-14,24.59000015258789,24.6200008392334,22.700000762939453,23.3799991607666,21.185054779052734,20900
2018-11-15,23.610000610351562,23.610000610351562,23.040000915527344,23.43000030517578,21.230356216430664,5900
2018-11-16,23.309999465942383,23.309999465942383,22.510000228881836,22.510000228881836,20.396732330322266,7900
2018-11-19,22.329999923706055,22.760000228881836,21.559999465942383,22.06999969482422,19.998037338256836,14100
2018-11-20,21.989999771118164,22.610000610351562,21.989999771118164,22.040000915527344,19.970855712890625,3200
2018-11-21,22.579999923706055,22.579999923706055,21.65999984741211,22.059999465942383,19.98897933959961,6100
2018-11-23,21.729999542236328,22.6200008392334,21.729999542236328,21.90999984741211,19.853059768676758,5700
2018-11-26,22.139999389648438,22.139999389648438,21.770000457763672,21.889999389648438,19.834936141967773,4400
2018-11-27,21.549999237060547,22.899999618530273,21.549999237060547,21.649999618530273,19.617464065551758,8500
2018-11-28,21.850000381469727,22.18000030517578,21.739999771118164,21.969999313354492,19.907428741455078,6900
2018-11-29,22.100000381469727,22.329999923706055,21.959999084472656,22.1200008392334,20.043344497680664,5100
2018-11-30,21.950000762939453,22.920000076293945,21.950000762939453,22.219999313354492,20.133953094482422,22800
2018-12-03,22.200000762939453,22.270000457763672,21.799999237060547,21.969999313354492,19.907428741455078,10500
2018-12-04,21.760000228881836,22.020000457763672,21.399999618530273,21.399999618530273,19.390939712524414,17400
2018-12-06,21.270000457763672,21.40999984741211,21.170000076293945,21.40999984741211,19.400001525878906,18100
2018-12-07,21.350000381469727,21.420000076293945,21.200000762939453,21.299999237060547,19.300323486328125,14300
2018-12-10,21.31999969482422,21.459999084472656,21.200000762939453,21.459999084472656,19.44530487060547,5000
2018-12-11,21.5,21.5,21.329999923706055,21.40999984741211,19.400001525878906,4600
2018-12-12,21.40999984741211,21.450000762939453,20.899999618530273,21.139999389648438,19.155344009399414,15100
2018-12-13,21.030000686645508,21.110000610351562,20.75,20.75,18.864425659179688,5500
2018-12-14,20.68000030517578,20.920000076293945,20.260000228881836,20.260000228881836,18.4189510345459,6800
2018-12-17,20.329999923706055,20.420000076293945,19.360000610351562,19.479999542236328,17.7098331451416,14000
2018-12-18,19.020000457763672,21.1200008392334,19.020000457763672,20.600000381469727,18.728055953979492,9900
2018-12-19,20.329999923706055,20.860000610351562,19.649999618530273,20.700000762939453,18.818973541259766,10000
2018-12-20,20.780000686645508,21.360000610351562,18.600000381469727,18.770000457763672,17.064350128173828,30800
2018-12-21,18.3799991607666,19.270000457763672,18.239999771118164,19.010000228881836,17.282543182373047,27900
2018-12-24,19.0,19.3799991607666,18.649999618530273,18.65999984741211,16.964344024658203,17000
2018-12-26,18.93000030517578,19.68000030517578,18.93000030517578,19.65999984741211,17.873477935791016,12600
2018-12-27,19.459999084472656,19.559999465942383,19.110000610351562,19.110000610351562,17.373451232910156,11000
2018-12-28,18.719999313354492,20.290000915527344,18.719999313354492,20.1299991607666,18.30076026916504,7400
2018-12-31,20.0,21.889999389648438,19.809999465942383,20.760000228881836,18.873516082763672,9600
2019-01-02,20.600000381469727,20.600000381469727,19.770000457763672,20.309999465942383,18.464412689208984,11500
2019-01-03,20.209999084472656,20.309999465942383,20.020000457763672,20.020000457763672,18.200763702392578,9100
2019-01-04,20.200000762939453,20.200000762939453,19.59000015258789,19.950000762939453,18.13711929321289,16100
2019-01-07,19.770000457763672,19.940000534057617,18.0,18.399999618530273,16.72797203063965,100400
2019-01-08,18.399999618530273,19.709999084472656,18.399999618530273,19.059999465942383,17.3279972076416,34300
2019-01-09,18.93000030517578,20.15999984741211,18.850000381469727,19.0,17.27345085144043,30700
2019-01-10,18.889999389648438,20.649999618530273,18.760000228881836,18.959999084472656,17.237083435058594,16700
2019-01-11,18.760000228881836,18.989999771118164,18.760000228881836,18.959999084472656,17.237083435058594,10800
2019-01-14,18.899999618530273,18.979999542236328,18.450000762939453,18.600000381469727,16.909801483154297,20600
2019-01-15,18.700000762939453,18.850000381469727,18.530000686645508,18.81999969482422,17.10980987548828,4700
2019-01-16,18.8799991607666,19.170000076293945,18.6200008392334,19.149999618530273,17.409818649291992,8400
2019-01-17,19.190000534057617,20.489999771118164,19.149999618530273,20.110000610351562,18.282583236694336,31000
2019-01-18,20.100000381469727,20.100000381469727,19.25,19.600000381469727,17.818927764892578,8400
2019-01-22,19.329999923706055,20.56999969482422,19.06999969482422,19.1200008392334,17.38254737854004,12500
2019-01-23,19.270000457763672,21.34000015258789,19.270000457763672,19.93000030517578,18.11893653869629,8400
2019-01-24,19.889999389648438,19.889999389648438,19.549999237060547,19.84000015258789,18.037120819091797,5800
2019-01-25,19.65999984741211,20.0,19.600000381469727,19.93000030517578,18.11893653869629,13400
2019-01-28,19.6200008392334,20.100000381469727,19.600000381469727,19.940000534057617,18.128034591674805,14300
2019-01-29,20.020000457763672,20.3799991607666,19.610000610351562,19.989999771118164,18.173492431640625,11500
2019-01-30,20.079999923706055,20.459999084472656,19.709999084472656,20.0,18.182580947875977,18300
2019-01-31,20.0,20.0,19.610000610351562,19.809999465942383,18.00984764099121,15600
2019-02-01,19.59000015258789,19.809999465942383,19.479999542236328,19.59000015258789,17.809837341308594,14900
2019-02-04,19.8700008392334,20.489999771118164,19.850000381469727,20.139999389648438,18.309858322143555,30300
2019-02-05,20.049999237060547,20.489999771118164,19.959999084472656,20.100000381469727,18.27349281311035,18200
2019-02-06,20.030000686645508,20.229999542236328,19.899999618530273,20.059999465942383,18.237125396728516,14100
2019-02-07,20.170000076293945,20.34000015258789,19.65999984741211,20.040000915527344,18.21894073486328,22200
2019-02-08,20.270000457763672,20.489999771118164,19.799999237060547,19.950000762939453,18.13711929321289,18600
2019-02-11,19.8799991607666,20.100000381469727,19.420000076293945,19.969999313354492,18.155303955078125,15700
2019-02-12,19.989999771118164,20.09000015258789,19.760000228881836,20.09000015258789,18.264400482177734,7000
2019-02-13,20.170000076293945,20.3700008392334,19.979999542236328,20.139999389648438,18.309858322143555,8700
2019-02-14,20.139999389648438,20.149999618530273,19.850000381469727,19.850000381469727,18.046207427978516,9000
2019-02-15,19.940000534057617,20.190000534057617,19.899999618530273,20.0,18.182580947875977,13000
2019-02-19,19.969999313354492,20.549999237060547,19.959999084472656,20.15999984741211,18.328039169311523,21600
2019-02-20,20.139999389648438,20.549999237060547,20.139999389648438,20.360000610351562,18.509870529174805,9600
2019-02-21,22.399999618530273,22.399999618530273,20.600000381469727,20.739999771118164,18.855331420898438,8000
2019-02-22,20.979999542236328,21.139999389648438,20.969999313354492,21.139999389648438,19.218982696533203,10300
2019-02-25,21.139999389648438,22.200000762939453,21.139999389648438,21.75,19.773548126220703,16300
2019-02-26,22.0,22.079999923706055,21.75,21.75,19.773548126220703,10200
2019-02-27,21.90999984741211,22.200000762939453,21.8799991607666,21.989999771118164,19.991748809814453,5400
2019-02-28,22.15999984741211,22.440000534057617,22.09000015258789,22.09000015258789,20.08266258239746,6000
2019-03-01,22.09000015258789,22.489999771118164,21.979999542236328,22.239999771118164,20.219026565551758,6900
2019-03-04,21.760000228881836,21.84000015258789,21.049999237060547,21.6200008392334,19.655370712280273,7500
2019-03-05,21.799999237060547,22.0,21.18000030517578,21.18000030517578,19.255353927612305,8300
2019-03-06,21.399999618530273,21.700000762939453,21.170000076293945,21.600000381469727,19.637189865112305,11800
2019-03-07,21.65999984741211,21.899999618530273,21.020000457763672,21.020000457763672,19.109893798828125,5000
2019-03-08,20.959999084472656,21.399999618530273,20.6200008392334,20.6200008392334,18.746238708496094,7300
2019-03-11,20.399999618530273,20.639999389648438,20.31999969482422,20.610000610351562,18.737150192260742,4600
2019-03-12,20.420000076293945,20.420000076293945,20.25,20.25,18.409854888916016,2000
2019-03-13,20.25,20.649999618530273,20.06999969482422,20.350000381469727,18.50077247619629,7300
2019-03-14,20.25,20.93000030517578,20.25,20.81999969482422,18.99339485168457,6700
2019-03-15,20.8799991607666,21.1299991607666,20.43000030517578,20.709999084472656,18.893049240112305,22100
2019-03-18,20.649999618530273,20.799999237060547,20.600000381469727,20.799999237060547,18.97515296936035,3900
2019-03-19,20.25,20.600000381469727,20.110000610351562,20.110000610351562,18.34568977355957,12700
2019-03-20,19.899999618530273,20.3700008392334,19.799999237060547,19.799999237060547,18.062885284423828,6500
2019-03-21,19.850000381469727,20.030000686645508,19.56999969482422,19.56999969482422,17.853065490722656,7400
2019-03-22,19.280000686645508,19.280000686645508,18.75,18.75,17.105003356933594,12600
2019-03-25,18.790000915527344,20.389999389648438,16.739999771118164,18.3700008392334,16.758344650268555,7400
2019-03-26,18.3700008392334,18.59000015258789,18.270000457763672,18.59000015258789,16.959043502807617,16100
2019-03-27,18.520000457763672,19.90999984741211,18.520000457763672,18.719999313354492,17.077632904052734,10900
2019-03-28,18.700000762939453,19.020000457763672,18.639999389648438,19.020000457763672,17.3513126373291,5000
2019-03-29,19.020000457763672,20.100000381469727,18.6200008392334,18.8799991607666,17.223604202270508,21200
2019-04-01,18.799999237060547,19.3700008392334,18.790000915527344,18.90999984741211,17.25096893310547,8300
2019-04-02,19.010000228881836,19.479999542236328,18.81999969482422,19.469999313354492,17.7618408203125,9800
2019-04-03,19.31999969482422,19.420000076293945,19.020000457763672,19.420000076293945,17.716224670410156,8800
2019-04-04,19.299999237060547,19.600000381469727,19.1200008392334,19.34000015258789,17.64324188232422,3300
2019-04-05,19.43000030517578,20.09000015258789,19.43000030517578,20.09000015258789,18.327442169189453,4300
2019-04-08,19.969999313354492,20.889999389648438,19.530000686645508,20.75,18.929534912109375,14000
2019-04-09,20.850000381469727,22.149999618530273,20.850000381469727,22.0,20.069875717163086,31200
2019-04-10,22.0,22.479999542236328,21.350000381469727,22.3799991607666,20.416534423828125,10600
2019-04-11,21.850000381469727,22.260000228881836,21.260000228881836,22.25,20.29793930053711,3300
2019-04-12,22.389999389648438,22.8700008392334,22.15999984741211,22.209999084472656,20.261449813842773,14300
2019-04-15,21.860000610351562,22.440000534057617,21.81999969482422,21.989999771118164,20.060752868652344,6600
2019-04-16,22.200000762939453,22.200000762939453,21.15999984741211,21.15999984741211,19.303564071655273,7400
2019-04-17,21.020000457763672,21.90999984741211,20.770000457763672,21.489999771118164,19.604616165161133,9900
2019-04-18,20.760000228881836,21.84000015258789,20.760000228881836,21.690000534057617,19.787076950073242,4200
2019-04-22,21.690000534057617,21.790000915527344,20.81999969482422,21.030000686645508,19.184974670410156,6400
2019-04-23,21.139999389648438,21.3799991607666,21.0,21.3799991607666,19.504268646240234,6800
2019-04-24,21.3799991607666,21.43000030517578,20.6200008392334,20.6200008392334,18.810945510864258,14100
2019-04-25,20.649999618530273,20.780000686645508,20.0,20.3700008392334,18.582881927490234,11300
2019-04-26,20.729999542236328,20.969999313354492,20.31999969482422,20.690000534057617,18.874807357788086,6000
2019-04-29,20.780000686645508,21.579999923706055,20.780000686645508,21.389999389648438,19.513391494750977,11600
2019-04-30,21.399999618530273,21.600000381469727,20.729999542236328,21.600000381469727,19.704973220825195,15400
2019-05-01,21.18000030517578,21.610000610351562,21.059999465942383,21.31999969482422,19.449533462524414,5200
2019-05-02,21.520000457763672,21.889999389648438,21.440000534057617,21.700000762939453,19.796192169189453,2000
2019-05-03,21.459999084472656,21.93000030517578,21.459999084472656,21.649999618530273,19.750577926635742,5300
2019-05-06,21.649999618530273,22.8700008392334,21.6200008392334,22.31999969482422,20.361801147460938,9300
2019-05-07,22.030000686645508,22.40999984741211,21.670000076293945,21.670000076293945,19.768823623657227,17600
2019-05-08,22.149999618530273,22.229999542236328,20.780000686645508,20.780000686645508,18.9569091796875,10500
2019-05-09,20.770000457763672,21.809999465942383,20.770000457763672,21.260000228881836,19.394794464111328,6500
2019-05-10,21.309999465942383,21.850000381469727,20.639999389648438,21.030000686645508,19.184974670410156,12500
2019-05-13,20.6299991607666,21.299999237060547,20.6200008392334,21.149999618530273,19.294448852539062,5600
2019-05-14,21.799999237060547,21.850000381469727,21.600000381469727,21.6200008392334,19.72321319580078,3300
2019-05-15,21.459999084472656,21.510000228881836,21.1299991607666,21.1299991607666,19.276201248168945,4100
2019-05-16,20.950000762939453,21.149999618530273,20.860000610351562,21.0,19.15760612487793,4000
2019-05-17,20.799999237060547,20.93000030517578,20.3700008392334,20.3700008392334,18.582881927490234,11400
2019-05-20,20.31999969482422,21.18000030517578,20.299999237060547,21.0,19.15760612487793,8500
2019-05-21,20.950000762939453,21.200000762939453,20.719999313354492,20.940000534057617,19.10287094116211,5500
2019-05-22,20.790000915527344,21.110000610351562,20.530000686645508,20.739999771118164,18.92041778564453,12500
2019-05-23,20.729999542236328,20.729999542236328,20.520000457763672,20.530000686645508,18.728839874267578,7300
2019-05-24,20.43000030517578,20.979999542236328,20.43000030517578,20.979999542236328,19.139362335205078,7100
2019-05-28,20.93000030517578,20.93000030517578,20.530000686645508,20.530000686645508,18.728839874267578,3900
2019-05-29,20.6200008392334,20.729999542236328,20.0,20.110000610351562,18.34568977355957,10700
2019-05-30,20.18000030517578,20.469999313354492,20.100000381469727,20.360000610351562,18.573759078979492,4200
2019-05-31,20.1200008392334,20.43000030517578,20.1200008392334,20.149999618530273,18.382177352905273,5900
2019-06-03,20.280000686645508,20.420000076293945,19.8700008392334,20.1299991607666,18.363929748535156,7700
2019-06-04,20.549999237060547,20.549999237060547,19.920000076293945,20.15999984741211,18.391300201416016,10200
2019-06-05,20.43000030517578,20.43000030517578,19.920000076293945,19.93000030517578,18.181480407714844,6300
2019-06-06,20.200000762939453,20.200000762939453,19.969999313354492,19.969999313354492,18.21796989440918,4200
2019-06-07,19.969999313354492,20.190000534057617,19.969999313354492,19.969999313354492,18.21796989440918,5000
2019-06-10,20.0,20.200000762939453,20.0,20.200000762939453,18.42779541015625,7300
2019-06-11,20.06999969482422,20.670000076293945,20.040000915527344,20.149999618530273,18.382177352905273,11400
2019-06-12,20.200000762939453,20.649999618530273,20.200000762939453,20.649999618530273,18.838314056396484,1000
2019-06-13,20.59000015258789,21.0,20.559999465942383,20.809999465942383,19.05810546875,6900
2019-06-14,20.989999771118164,21.09000015258789,20.6200008392334,20.739999771118164,18.994001388549805,4300
2019-06-17,21.420000076293945,21.420000076293945,20.860000610351562,20.860000610351562,19.103899002075195,2100
2019-06-18,21.170000076293945,21.170000076293945,20.610000610351562,20.75,19.003154754638672,4800
2019-06-19,20.510000228881836,20.75,20.440000534057617,20.75,19.003154754638672,2800
2019-06-20,20.75,20.75,20.520000457763672,20.530000686645508,18.801679611206055,6400
2019-06-21,20.3799991607666,20.860000610351562,20.299999237060547,20.860000610351562,19.103899002075195,17300
2019-06-24,20.889999389648438,20.899999618530273,20.600000381469727,20.700000762939453,18.95737075805664,5100
2019-06-25,20.65999984741211,20.860000610351562,20.600000381469727,20.75,19.003154754638672,3900
2019-06-26,20.75,20.8799991607666,20.75,20.799999237060547,19.048952102661133,4800
2019-06-27,20.899999618530273,22.059999465942383,20.850000381469727,22.059999465942383,20.202877044677734,20900
2019-06-28,21.899999618530273,24.059999465942383,21.479999542236328,22.700000762939453,20.788999557495117,77000
2019-07-01,22.559999465942383,22.559999465942383,21.889999389648438,22.0,20.147930145263672,9000
2019-07-02,21.6200008392334,21.920000076293945,20.899999618530273,21.5,19.690021514892578,3100
2019-07-03,21.399999618530273,21.799999237060547,21.399999618530273,21.799999237060547,19.964759826660156,2100
2019-07-05,21.670000076293945,21.790000915527344,21.65999984741211,21.65999984741211,19.8365478515625,1800
2019-07-08,21.739999771118164,21.739999771118164,21.260000228881836,21.260000228881836,19.470224380493164,1500
2019-07-09,21.389999389648438,21.649999618530273,21.3799991607666,21.3799991607666,19.580121994018555,5600
2019-07-10,21.559999465942383,21.770000457763672,21.459999084472656,21.459999084472656,19.653385162353516,10600
2019-07-11,21.549999237060547,21.760000228881836,21.309999465942383,21.600000381469727,19.78160285949707,10600
2019-07-12,21.309999465942383,21.600000381469727,21.309999465942383,21.309999465942383,19.516014099121094,4800
2019-07-15,21.049999237060547,21.59000015258789,21.049999237060547,21.469999313354492,19.66254234313965,2700
2019-07-16,21.709999084472656,22.110000610351562,21.350000381469727,21.549999237060547,19.735807418823242,3400
2019-07-17,21.709999084472656,21.709999084472656,21.200000762939453,21.200000762939453,19.41527557373047,3200
2019-07-18,21.219999313354492,21.270000457763672,21.0,21.0,19.232112884521484,12300
2019-07-19,20.760000228881836,21.559999465942383,20.760000228881836,21.0,19.232112884521484,8500
2019-07-22,20.809999465942383,21.290000915527344,20.809999465942383,20.950000762939453,19.18631935119629,4000
2019-07-23,22.299999237060547,22.299999237060547,21.0,21.049999237060547,19.277904510498047,5700
2019-07-24,22.299999237060547,22.299999237060547,20.809999465942383,20.809999465942383,19.05810546875,4500
2019-07-25,20.959999084472656,21.40999984741211,20.889999389648438,20.90999984741211,19.149690628051758,10000
2019-07-26,20.989999771118164,21.290000915527344,20.15999984741211,20.649999618530273,18.911577224731445,21300
2019-07-29,20.690000534057617,21.09000015258789,20.670000076293945,20.670000076293945,18.929893493652344,9100
2019-07-30,20.719999313354492,21.149999618530273,20.670000076293945,20.68000030517578,18.939054489135742,9100
2019-07-31,21.299999237060547,21.299999237060547,20.709999084472656,20.709999084472656,18.966527938842773,22800
2019-08-01,20.729999542236328,21.100000381469727,20.65999984741211,20.65999984741211,18.920732498168945,7200
2019-08-02,20.56999969482422,21.0,20.56999969482422,20.68000030517578,18.939054489135742,17700
2019-08-05,20.68000030517578,20.68000030517578,20.1200008392334,20.149999618530273,18.453670501708984,6800
2019-08-06,20.219999313354492,20.25,20.09000015258789,20.09000015258789,18.398719787597656,3600
2019-08-07,19.920000076293945,20.25,19.829999923706055,19.829999923706055,18.160612106323242,6500
2019-08-08,20.059999465942383,20.549999237060547,19.979999542236328,20.049999237060547,18.36208724975586,6800
2019-08-09,20.15999984741211,20.270000457763672,19.90999984741211,19.969999313354492,18.28882598876953,5500
2019-08-12,19.920000076293945,19.920000076293945,19.809999465942383,19.850000381469727,18.17892074584961,5400
2019-08-13,20.270000457763672,20.290000915527344,20.0,20.020000457763672,18.334617614746094,3400
2019-08-14,19.90999984741211,19.90999984741211,19.079999923706055,19.079999923706055,17.47374725341797,6100
2019-08-15,19.43000030517578,19.43000030517578,19.110000610351562,19.149999618530273,17.537851333618164,4500
2019-08-16,19.260000228881836,19.760000228881836,19.260000228881836,19.6200008392334,17.968290328979492,4600
2019-08-19,19.579999923706055,20.280000686645508,19.510000228881836,20.200000762939453,18.499460220336914,6900
2019-08-20,19.850000381469727,20.260000228881836,19.690000534057617,19.799999237060547,18.133136749267578,6500
2019-08-21,19.850000381469727,20.139999389648438,19.700000762939453,20.0,18.31629753112793,6300
2019-08-22,20.100000381469727,20.239999771118164,19.950000762939453,19.950000762939453,18.270505905151367,9400
2019-08-23,19.8700008392334,20.1299991607666,19.31999969482422,19.31999969482422,17.69354248046875,9100
2019-08-26,19.5,19.989999771118164,19.5,19.989999771118164,18.307140350341797,5600
2019-08-27,19.81999969482422,20.0,19.5,19.5,17.85839080810547,2500
2019-08-28,19.5,19.709999084472656,19.1200008392334,19.709999084472656,18.05071258544922,5100
2019-08-29,19.8700008392334,20.0,19.700000762939453,19.790000915527344,18.12397575378418,2100
2019-08-30,19.540000915527344,19.899999618530273,19.270000457763672,19.6299991607666,17.97744369506836,6200
2019-09-03,19.34000015258789,19.65999984741211,19.06999969482422,19.270000457763672,17.647754669189453,6800
2019-09-04,19.43000030517578,19.610000610351562,19.229999542236328,19.540000915527344,17.8950252532959,5300
2019-09-05,19.600000381469727,20.0,19.600000381469727,19.959999084472656,18.279661178588867,4300
2019-09-06,19.950000762939453,20.350000381469727,19.639999389648438,20.350000381469727,18.63683319091797,6900
2019-09-09,20.15999984741211,20.25,19.709999084472656,20.010000228881836,18.325454711914062,7400
2019-09-10,19.959999084472656,20.350000381469727,19.420000076293945,19.950000762939453,18.270505905151367,13100
2019-09-11,20.1200008392334,20.579999923706055,20.040000915527344,20.389999389648438,18.6734676361084,7600
2019-09-12,20.190000534057617,21.420000076293945,19.760000228881836,20.770000457763672,19.096397399902344,13000
2019-09-13,20.979999542236328,21.5,19.56999969482422,21.1200008392334,19.41819953918457,15300
2019-09-16,20.799999237060547,21.0,20.440000534057617,20.81999969482422,19.14237403869629,15200
2019-09-17,20.850000381469727,21.700000762939453,20.15999984741211,21.440000534057617,19.712411880493164,10400
2019-09-18,21.559999465942383,21.559999465942383,20.709999084472656,21.049999237060547,19.35383415222168,27300
2019-09-19,20.780000686645508,21.389999389648438,20.780000686645508,21.149999618530273,19.445775985717773,8200
2019-09-20,21.149999618530273,22.280000686645508,21.09000015258789,21.8700008392334,20.107765197753906,87700
2019-09-23,21.59000015258789,22.299999237060547,21.59000015258789,22.06999969482422,20.291645050048828,11500
2019-09-24,21.90999984741211,22.450000762939453,21.90999984741211,22.06999969482422,20.291645050048828,23900
2019-09-25,22.25,23.989999771118164,22.229999542236328,22.229999542236328,20.43875503540039,20700
2019-09-26,22.190000534057617,22.719999313354492,21.969999313354492,22.030000686645508,20.25487518310547,13400
2019-09-27,22.290000915527344,24.700000762939453,22.0,22.079999923706055,20.30084228515625,17500
2019-09-30,22.34000015258789,22.350000381469727,22.100000381469727,22.149999618530273,20.365201950073242,36500
2019-10-01,22.149999618530273,22.350000381469727,22.049999237060547,22.049999237060547,20.273256301879883,10200
2019-10-02,22.100000381469727,22.299999237060547,21.75,22.200000762939453,20.411176681518555,8700
2019-10-03,22.479999542236328,22.479999542236328,21.479999542236328,21.969999313354492,20.199705123901367,7300
2019-10-04,22.1200008392334,22.219999313354492,21.329999923706055,22.170000076293945,20.383594512939453,6300
2019-10-07,22.200000762939453,22.420000076293945,22.020000457763672,22.020000457763672,20.24567413330078,9800
2019-10-08,22.059999465942383,22.200000762939453,22.059999465942383,22.100000381469727,20.319229125976562,3200
2019-10-09,22.260000228881836,22.260000228881836,22.100000381469727,22.100000381469727,20.319229125976562,6600
2019-10-10,22.270000457763672,22.270000457763672,21.920000076293945,21.920000076293945,20.153732299804688,5600
2019-10-11,22.170000076293945,22.389999389648438,21.84000015258789,21.84000015258789,20.080181121826172,12000
2019-10-14,21.799999237060547,21.829999923706055,21.200000762939453,21.469999313354492,19.739992141723633,7600
2019-10-15,21.3700008392334,21.760000228881836,21.170000076293945,21.399999618530273,19.675634384155273,3800
2019-10-16,21.239999771118164,21.920000076293945,21.1200008392334,21.170000076293945,19.464170455932617,3100
2019-10-17,21.290000915527344,21.290000915527344,20.639999389648438,20.920000076293945,19.234312057495117,6000
2019-10-18,20.649999618530273,20.649999618530273,20.139999389648438,20.139999389648438,18.517162322998047,3400
2019-10-21,20.389999389648438,21.1299991607666,20.280000686645508,21.1299991607666,19.42738914489746,7700
2019-10-22,20.940000534057617,21.59000015258789,20.940000534057617,21.420000076293945,19.694019317626953,1600
2019-10-23,21.270000457763672,21.489999771118164,21.110000610351562,21.299999237060547,19.583690643310547,2800
2019-10-24,21.260000228881836,21.260000228881836,21.110000610351562,21.25,19.5377197265625,1800
2019-10-25,21.110000610351562,21.25,20.68000030517578,20.68000030517578,19.013654708862305,6400
2019-10-28,20.760000228881836,21.190000534057617,20.610000610351562,21.190000534057617,19.48255729675293,9200
2019-10-29,21.299999237060547,21.709999084472656,21.0,21.709999084472656,19.96065330505371,6300
2019-10-30,21.770000457763672,21.770000457763672,21.770000457763672,21.770000457763672,20.015817642211914,1200
2019-10-31,21.65999984741211,21.84000015258789,21.56999969482422,21.84000015258789,20.080181121826172,7200
2019-11-01,21.93000030517578,22.049999237060547,21.600000381469727,22.049999237060547,20.273256301879883,5100
2019-11-04,21.719999313354492,22.030000686645508,21.719999313354492,22.030000686645508,20.25487518310547,5200
2019-11-05,22.100000381469727,22.200000762939453,21.899999618530273,22.100000381469727,20.319229125976562,8400
2019-11-06,22.200000762939453,22.200000762939453,22.040000915527344,22.06999969482422,20.291645050048828,3900
2019-11-07,21.350000381469727,22.030000686645508,21.299999237060547,21.90999984741211,20.144542694091797,4100
2019-11-08,21.799999237060547,22.049999237060547,21.799999237060547,21.799999237060547,20.04340362548828,2600
2019-11-11,21.799999237060547,21.93000030517578,21.540000915527344,21.81999969482422,20.06178855895996,8300
2019-11-12,21.709999084472656,22.049999237060547,21.709999084472656,21.979999542236328,20.208898544311523,10900
2019-11-13,21.950000762939453,22.049999237060547,21.850000381469727,21.850000381469727,20.08937644958496,47600
2019-11-14,21.850000381469727,22.100000381469727,21.850000381469727,21.950000762939453,20.181318283081055,224200
2019-11-15,22.049999237060547,22.3799991607666,22.049999237060547,22.15999984741211,20.374399185180664,10900
2019-11-18,22.079999923706055,22.329999923706055,21.93000030517578,22.149999618530273,20.365201950073242,11400
2019-11-19,21.5,22.299999237060547,21.5,21.8799991607666,20.116960525512695,12600
2019-11-20,21.950000762939453,22.200000762939453,21.639999389648438,21.969999313354492,20.199705123901367,13800
2019-11-21,22.100000381469727,22.139999389648438,22.030000686645508,22.049999237060547,20.273256301879883,7600
2019-11-22,22.200000762939453,22.200000762939453,22.030000686645508,22.030000686645508,20.25487518310547,1600
2019-11-25,22.06999969482422,22.8700008392334,22.06999969482422,22.719999313354492,20.88927459716797,11800
2019-11-26,22.389999389648438,22.639999389648438,22.389999389648438,22.59000015258789,20.76975440979004,5000
2019-11-27,22.329999923706055,22.5,22.280000686645508,22.329999923706055,20.530698776245117,5900
2019-11-29,21.06999969482422,22.149999618530273,21.06999969482422,22.149999618530273,20.365201950073242,3000
2019-12-02,22.049999237060547,22.049999237060547,21.399999618530273,22.0,20.227293014526367,9100
2019-12-03,21.170000076293945,21.920000076293945,21.170000076293945,21.889999389648438,20.126150131225586,4200
2019-12-04,22.100000381469727,22.459999084472656,21.84000015258789,22.329999923706055,20.530698776245117,3500
2019-12-05,22.299999237060547,22.3700008392334,22.18000030517578,22.25,20.4571475982666,8500
2019-12-06,22.360000610351562,22.700000762939453,21.75,21.760000228881836,20.006628036499023,10700
2019-12-09,22.149999618530273,22.979999542236328,22.100000381469727,22.510000228881836,20.696197509765625,10600
2019-12-10,22.399999618530273,22.950000762939453,21.799999237060547,22.950000762939453,21.100738525390625,8100
2019-12-11,22.899999618530273,23.290000915527344,22.8700008392334,23.290000915527344,21.413347244262695,25900
2019-12-12,23.110000610351562,23.559999465942383,22.860000610351562,23.25,21.450244903564453,9600
2019-12-13,23.020000457763672,23.850000381469727,22.200000762939453,23.6200008392334,21.79161262512207,16800
2019-12-16,23.889999389648438,24.0,23.530000686645508,23.81999969482422,21.976123809814453,34900
2019-12-17,23.899999618530273,24.0,23.399999618530273,23.559999465942383,21.736248016357422,10900
2019-12-18,23.6200008392334,24.149999618530273,23.209999084472656,23.989999771118164,22.13296890258789,15200
2019-12-19,23.950000762939453,23.950000762939453,23.06999969482422,23.25,21.450244903564453,58800
2019-12-20,23.25,23.25,22.510000228881836,22.90999984741211,21.13656997680664,33100
2019-12-23,22.899999618530273,22.940000534057617,22.5,22.6299991607666,20.87824058532715,7300
2019-12-24,22.829999923706055,22.829999923706055,22.299999237060547,22.540000915527344,20.795207977294922,5900
2019-12-26,22.3700008392334,22.540000915527344,22.09000015258789,22.520000457763672,20.77675437927246,11600
2019-12-27,22.690000534057617,22.739999771118164,22.389999389648438,22.670000076293945,20.91514778137207,8000
2019-12-30,22.489999771118164,22.739999771118164,22.25,22.360000610351562,20.629140853881836,4300
2019-12-31,22.190000534057617,22.790000915527344,22.139999389648438,22.56999969482422,20.82288360595703,10500
2020-01-02,22.780000686645508,23.059999465942383,22.139999389648438,22.309999465942383,20.583009719848633,12100
2020-01-03,22.5,22.899999618530273,21.850000381469727,22.0,20.297012329101562,6700
2020-01-06,21.760000228881836,21.760000228881836,21.25,21.520000457763672,19.854162216186523,10700
2020-01-07,21.649999618530273,21.899999618530273,21.440000534057617,21.700000762939453,20.02022933959961,10300
2020-01-08,21.709999084472656,22.139999389648438,21.700000762939453,21.899999618530273,20.204748153686523,2300
2020-01-09,21.81999969482422,22.350000381469727,21.540000915527344,21.90999984741211,20.21397590637207,8400
2020-01-10,21.68000030517578,23.190000534057617,21.68000030517578,21.700000762939453,20.02022933959961,8100
2020-01-13,21.93000030517578,22.209999084472656,21.43000030517578,21.75,20.066362380981445,8800
2020-01-14,21.530000686645508,22.15999984741211,21.530000686645508,21.579999923706055,19.909515380859375,9800
2020-01-15,21.729999542236328,21.950000762939453,21.31999969482422,21.670000076293945,19.9925537109375,7400
2020-01-16,21.860000610351562,22.030000686645508,21.510000228881836,21.510000228881836,19.84494400024414,4300
2020-01-17,21.75,21.760000228881836,21.219999313354492,21.350000381469727,19.697324752807617,9800
2020-01-21,21.459999084472656,22.049999237060547,21.459999084472656,21.6200008392334,19.946422576904297,7100
2020-01-22,21.540000915527344,22.049999237060547,21.540000915527344,22.049999237060547,20.3431339263916,3000
2020-01-23,22.040000915527344,22.040000915527344,21.6200008392334,21.65999984741211,19.98332405090332,8800
2020-01-24,21.68000030517578,21.75,21.31999969482422,21.31999969482422,19.669647216796875,7100
2020-01-27,21.5,21.690000534057617,21.100000381469727,21.100000381469727,19.466676712036133,5600
2020-01-28,21.110000610351562,21.3700008392334,21.110000610351562,21.200000762939453,19.558937072753906,4800
2020-01-29,21.520000457763672,21.649999618530273,21.360000610351562,21.360000610351562,19.706546783447266,2200
2020-01-30,21.350000381469727,21.350000381469727,20.729999542236328,21.190000534057617,19.54970932006836,5700
2020-01-31,21.040000915527344,22.25,21.020000457763672,21.920000076293945,20.22319793701172,21600
2020-02-03,22.0,23.75,21.920000076293945,21.920000076293945,20.22319793701172,8600
2020-02-04,21.84000015258789,21.989999771118164,21.5,21.5,19.835710525512695,6300
2020-02-05,21.829999923706055,22.15999984741211,21.739999771118164,21.860000610351562,20.1678409576416,4700
2020-02-06,21.520000457763672,22.110000610351562,21.520000457763672,21.860000610351562,20.1678409576416,17200
2020-02-07,21.6200008392334,21.899999618530273,21.0,21.5,19.835710525512695,5600
2020-02-10,21.670000076293945,22.719999313354492,21.670000076293945,22.469999313354492,20.730628967285156,11300
2020-02-11,22.299999237060547,22.389999389648438,21.709999084472656,21.709999084472656,20.02945327758789,6000
2020-02-12,21.719999313354492,21.899999618530273,21.3700008392334,21.520000457763672,19.854162216186523,5300
2020-02-13,22.0,22.0,21.670000076293945,21.670000076293945,19.9925537109375,1500
2020-02-14,21.700000762939453,21.700000762939453,20.850000381469727,20.850000381469727,19.23602867126465,4200
2020-02-18,20.989999771118164,20.989999771118164,20.530000686645508,20.530000686645508,18.940797805786133,5300
2020-02-19,20.5,20.5,19.799999237060547,19.959999084472656,18.4149227142334,11900
2020-02-20,19.959999084472656,20.170000076293945,19.799999237060547,19.829999923706055,18.294986724853516,11400
2020-02-21,20.170000076293945,20.18000030517578,19.809999465942383,19.809999465942383,18.27653694152832,9300
2020-02-24,19.420000076293945,19.760000228881836,18.610000610351562,19.010000228881836,17.538461685180664,14600
2020-02-25,19.100000381469727,19.100000381469727,18.350000381469727,18.350000381469727,16.929548263549805,17500
2020-02-26,18.75,18.899999618530273,18.559999465942383,18.899999618530273,17.436975479125977,10900
2020-02-27,18.579999923706055,19.440000534057617,18.360000610351562,18.770000457763672,17.317041397094727,11800
2020-02-28,18.610000610351562,18.610000610351562,16.770000457763672,17.1299991607666,15.803991317749023,15100
2020-03-02,17.440000534057617,18.899999618530273,17.0,17.65999984741211,16.2929630279541,16200
2020-03-03,17.5,19.18000030517578,16.90999984741211,17.56999969482422,16.209924697875977,15400
2020-03-04,17.600000381469727,17.600000381469727,17.1200008392334,17.399999618530273,16.053091049194336,40500
2020-03-05,17.09000015258789,17.68000030517578,15.789999961853027,16.450000762939453,15.176628112792969,15700
2020-03-06,16.299999237060547,17.260000228881836,16.200000762939453,16.40999984741211,15.139723777770996,8600
2020-03-09,15.25,16.329999923706055,14.34000015258789,15.949999809265137,14.71533203125,31600
2020-03-10,16.0,16.989999771118164,15.510000228881836,16.760000228881836,15.462634086608887,19200
2020-03-11,16.549999237060547,17.600000381469727,16.350000381469727,16.510000228881836,15.231983184814453,21500
2020-03-12,15.670000076293945,17.0,14.890000343322754,14.890000343322754,13.804274559020996,26100
2020-03-13,14.899999618530273,16.399999618530273,14.890000343322754,16.270000457763672,15.083649635314941,19700
2020-03-16,16.469999313354492,16.469999313354492,10.680000305175781,10.680000305175781,9.901251792907715,14500
2020-03-17,13.579999923706055,14.84000015258789,12.350000381469727,14.84000015258789,13.757919311523438,24600
2020-03-18,14.84000015258789,15.65999984741211,11.460000038146973,11.460000038146973,10.62437629699707,11200
2020-03-19,11.90999984741211,16.549999237060547,11.90999984741211,16.209999084472656,15.028019905090332,17900
2020-03-20,16.15999984741211,16.15999984741211,12.350000381469727,12.350000381469727,11.449482917785645,29600
2020-03-23,12.069999694824219,12.489999771118164,9.479999542236328,11.319999694824219,10.494585037231445,21900
2020-03-24,11.4399995803833,11.75,11.229999542236328,11.75,10.893231391906738,26900
2020-03-25,11.369999885559082,11.8100004196167,11.319999694824219,11.739999771118164,10.883960723876953,45200
2020-03-26,11.729999542236328,12.0,11.6899995803833,11.75,10.893231391906738,60900
2020-03-27,11.75,11.75,11.270000457763672,11.289999961853027,10.46677303314209,14900
2020-03-30,11.649999618530273,11.649999618530273,11.260000228881836,11.649999618530273,10.800524711608887,6500
2020-03-31,11.649999618530273,11.75,11.5,11.699999809265137,10.84687614440918,9600
2020-04-01,11.239999771118164,11.270000457763672,10.149999618530273,10.149999618530273,9.409897804260254,28900
2020-04-02,10.199999809265137,10.449999809265137,8.760000228881836,10.149999618530273,9.409897804260254,33500
2020-04-03,10.180000305175781,10.199999809265137,9.800000190734863,9.890000343322754,9.168855667114258,27200
2020-04-06,10.210000038146973,10.5,9.930000305175781,10.149999618530273,9.409897804260254,25900
2020-04-07,10.25,10.300000190734863,9.75,9.869999885559082,9.15031623840332,43400
2020-04-08,10.229999542236328,10.5,9.84000015258789,10.489999771118164,9.725107192993164,67400
2020-04-09,10.489999771118164,13.0,10.489999771118164,12.890000343322754,11.950106620788574,35500
2020-04-13,12.520000457763672,12.699999809265137,11.760000228881836,12.510000228881836,11.597814559936523,18800
2020-04-14,12.479999542236328,13.979999542236328,12.479999542236328,13.149999618530273,12.191146850585938,14100
2020-04-15,12.319999694824219,12.319999694824219,11.350000381469727,11.630000114440918,10.781981468200684,22900
2020-04-16,11.399999618530273,11.779999732971191,11.010000228881836,11.739999771118164,10.883960723876953,37000
2020-04-17,12.15999984741211,13.319999694824219,12.15999984741211,12.760000228881836,11.82958698272705,21200
2020-04-20,12.5,13.0,11.760000228881836,11.800000190734863,10.939586639404297,20500
2020-04-21,11.229999542236328,12.180000305175781,11.020000457763672,11.5,10.66146183013916,24900
2020-04-22,12.010000228881836,12.25,11.100000381469727,11.75,10.893231391906738,10900
2020-04-23,11.529999732971191,12.0,11.359999656677246,11.65999984741211,10.809795379638672,13300
2020-04-24,11.520000457763672,12.529999732971191,11.470000267028809,12.34000015258789,11.44020938873291,5600
2020-04-27,13.130000114440918,13.970000267028809,12.270000457763672,13.970000267028809,12.951355934143066,17900
2020-04-28,14.390000343322754,14.920000076293945,14.119999885559082,14.640000343322754,13.572503089904785,29100
2020-04-29,15.149999618530273,17.1299991607666,15.149999618530273,16.93000030517578,15.695524215698242,36900
2020-04-30,16.139999389648438,17.1200008392334,13.710000038146973,14.359999656677246,13.312920570373535,56100
2020-05-01,14.670000076293945,16.209999084472656,14.359999656677246,15.470000267028809,14.341983795166016,32000
2020-05-04,14.720000267028809,15.460000038146973,14.220000267028809,14.960000038146973,13.869169235229492,43000
2020-05-05,14.550000190734863,15.5,14.100000381469727,14.529999732971191,13.470523834228516,36500
2020-05-06,14.510000228881836,14.75,13.319999694824219,13.899999618530273,12.886462211608887,40600
2020-05-07,14.3100004196167,14.3100004196167,13.350000381469727,13.550000190734863,12.561980247497559,66000
2020-05-08,13.850000381469727,15.260000228881836,13.699999809265137,14.649999618530273,13.581772804260254,28600
2020-05-11,14.380000114440918,14.869999885559082,13.75,14.289999961853027,13.24802303314209,26700
2020-05-12,14.529999732971191,14.529999732971191,13.199999809265137,13.390000343322754,12.41364860534668,18600
2020-05-13,13.210000038146973,13.210000038146973,12.75,13.199999809265137,12.237502098083496,79100
2020-05-14,12.850000381469727,13.050000190734863,12.539999961853027,12.9399995803833,11.9964599609375,24000
2020-05-15,12.819999694824219,13.880000114440918,12.819999694824219,13.600000381469727,12.608335494995117,29500
2020-05-18,13.960000038146973,14.859999656677246,13.960000038146973,14.84000015258789,13.757919311523438,33700
2020-05-19,14.550000190734863,14.770000457763672,13.510000228881836,13.75,12.747396469116211,69000
2020-05-20,14.039999961853027,14.770000457763672,13.8100004196167,14.579999923706055,13.516877174377441,13400
2020-05-21,13.75,14.979999542236328,13.75,14.0600004196167,13.034795761108398,6700
2020-05-22,13.819999694824219,14.369999885559082,13.819999694824219,14.369999885559082,13.322190284729004,4500
2020-05-26,14.720000267028809,15.399999618530273,14.489999771118164,15.279999732971191,14.165834426879883,21300
2020-05-27,15.729999542236328,15.90999984741211,15.100000381469727,15.8100004196167,14.657191276550293,22200
2020-05-28,15.960000038146973,15.960000038146973,15.020000457763672,15.020000457763672,13.924796104431152,13000
2020-05-29,15.0,15.0,14.220000267028809,14.3100004196167,13.266566276550293,5900
2020-06-01,14.550000190734863,15.069999694824219,14.239999771118164,14.949999809265137,13.859901428222656,20300
2020-06-02,14.789999961853027,16.0,14.3100004196167,14.359999656677246,13.312920570373535,14500
2020-06-03,14.75,15.380000114440918,14.5600004196167,15.010000228881836,13.91552448272705,16700
2020-06-04,14.899999618530273,15.5,14.75,15.460000038146973,14.332712173461914,25500
2020-06-05,16.0,16.670000076293945,15.289999961853027,16.110000610351562,14.935315132141113,25700
2020-06-08,16.510000228881836,16.68000030517578,16.239999771118164,16.440000534057617,15.241252899169922,15800
2020-06-09,16.100000381469727,16.209999084472656,15.479999542236328,15.779999732971191,14.629377365112305,16400
2020-06-10,15.539999961853027,15.6899995803833,14.770000457763672,14.930000305175781,13.84135913848877,10500
2020-06-11,14.09000015258789,14.130000114440918,13.800000190734863,13.850000381469727,12.909280776977539,33100
2020-06-12,14.739999771118164,14.739999771118164,13.539999961853027,14.260000228881836,13.291431427001953,14400
2020-06-15,13.739999771118164,15.869999885559082,13.510000228881836,15.579999923706055,14.521774291992188,26200
2020-06-16,15.850000381469727,16.100000381469727,14.920000076293945,14.930000305175781,13.915924072265625,12600
2020-06-17,14.630000114440918,14.75,13.930000305175781,13.949999809265137,13.002488136291504,9100
2020-06-18,13.880000114440918,14.899999618530273,13.520000457763672,14.0,13.049090385437012,9900
2020-06-19,14.319999694824219,14.319999694824219,13.739999771118164,14.050000190734863,13.095696449279785,29600
2020-06-22,13.649999618530273,14.619999885559082,13.649999618530273,14.069999694824219,13.114335060119629,4600
2020-06-23,14.0,14.0,13.75,13.75,12.816070556640625,6100
2020-06-24,13.75,13.869999885559082,13.199999809265137,13.430000305175781,12.517807960510254,13800
2020-06-25,13.40999984741211,13.890000343322754,13.399999618530273,13.770000457763672,12.834712982177734,10300
2020-06-26,13.600000381469727,13.880000114440918,12.84000015258789,13.210000038146973,12.312752723693848,40500
2020-06-29,13.380000114440918,14.510000228881836,13.130000114440918,14.510000228881836,13.52445125579834,15000
2020-06-30,14.210000038146973,14.300000190734863,13.239999771118164,14.300000190734863,13.328715324401855,13100
2020-07-01,14.220000267028809,14.5,13.869999885559082,14.489999771118164,13.505806922912598,7800
2020-07-02,14.619999885559082,15.0,14.039999961853027,14.039999961853027,13.086376190185547,6100
2020-07-06,14.399999618530273,14.779999732971191,13.279999732971191,13.479999542236328,12.564410209655762,15900
2020-07-07,12.699999809265137,13.970000267028809,12.699999809265137,13.020000457763672,12.135655403137207,11900
2020-07-08,13.050000190734863,13.140000343322754,12.529999732971191,13.130000114440918,12.23818302154541,8700
2020-07-09,13.0,13.0,12.140000343322754,12.869999885559082,11.995841979980469,18300
2020-07-10,12.6899995803833,13.140000343322754,12.3100004196167,13.140000343322754,12.247505187988281,11400
2020-07-13,13.199999809265137,13.199999809265137,12.699999809265137,13.0600004196167,12.172937393188477,6800
2020-07-14,13.0,13.800000190734863,13.0,13.630000114440918,12.7042236328125,16000
2020-07-15,13.899999618530273,14.289999961853027,13.569999694824219,13.8100004196167,12.87199878692627,17100
2020-07-16,13.8100004196167,13.8100004196167,13.449999809265137,13.640000343322754,12.713542938232422,4900
2020-07-17,13.09000015258789,13.779999732971191,13.09000015258789,13.319999694824219,12.415276527404785,3400
2020-07-20,13.210000038146973,13.760000228881836,13.210000038146973,13.760000228881836,12.825393676757812,2600
2020-07-21,13.869999885559082,13.960000038146973,13.270000457763672,13.960000038146973,13.011807441711426,4600
2020-07-22,13.739999771118164,13.9399995803833,13.739999771118164,13.9399995803833,12.993165969848633,3300
2020-07-23,14.0,14.399999618530273,13.90999984741211,14.399999618530273,13.421920776367188,4600
2020-07-24,14.399999618530273,14.579999923706055,13.84000015258789,13.84000015258789,12.899958610534668,31100
2020-07-27,14.050000190734863,14.119999885559082,13.550000190734863,13.670000076293945,12.741504669189453,4100
2020-07-28,13.550000190734863,14.1899995803833,13.40999984741211,13.5600004196167,12.638978004455566,7700
2020-07-29,13.579999923706055,13.739999771118164,13.5600004196167,13.569999694824219,12.648295402526855,61600
2020-07-30,13.5600004196167,13.600000381469727,12.850000381469727,13.25,12.350031852722168,23600
2020-07-31,13.079999923706055,13.079999923706055,12.510000228881836,12.510000228881836,11.660295486450195,13800
2020-08-03,12.75,12.800000190734863,12.279999732971191,12.5,11.65097427368164,72800
2020-08-04,12.6899995803833,12.829999923706055,12.350000381469727,12.489999771118164,11.64165210723877,14000
2020-08-05,12.510000228881836,12.899999618530273,12.420000076293945,12.5,11.65097427368164,20700
2020-08-06,12.609999656677246,12.84000015258789,12.5,12.829999923706055,11.958558082580566,23300
2020-08-07,12.859999656677246,13.569999694824219,12.859999656677246,13.569999694824219,12.648295402526855,11600
2020-08-10,13.520000457763672,13.75,13.430000305175781,13.5600004196167,12.638978004455566,63400
2020-08-11,13.75,13.75,13.260000228881836,13.260000228881836,12.359354019165039,15900
2020-08-12,13.399999618530273,13.930000305175781,13.399999618530273,13.930000305175781,12.983843803405762,17400
2020-08-13,13.779999732971191,14.050000190734863,13.779999732971191,14.0,13.049090385437012,18000
2020-08-14,13.960000038146973,14.220000267028809,13.90999984741211,14.220000267028809,13.25414752960205,28000
2020-08-17,14.220000267028809,14.569999694824219,14.220000267028809,14.539999961853027,13.552412033081055,3300
2020-08-18,14.289999961853027,14.5,13.699999809265137,13.699999809265137,12.769468307495117,26500
2020-08-19,13.75,14.020000457763672,13.550000190734863,14.020000457763672,13.067732810974121,3600
2020-08-20,13.789999961853027,13.789999961853027,13.390000343322754,13.710000038146973,12.778787612915039,11300
2020-08-21,13.59000015258789,13.800000190734863,13.239999771118164,13.239999771118164,12.340712547302246,8000
2020-08-24,13.119999885559082,13.779999732971191,13.119999885559082,13.279999732971191,12.377996444702148,3500
2020-08-25,13.449999809265137,13.479999542236328,13.069999694824219,13.479999542236328,12.564410209655762,4300
2020-08-26,13.619999885559082,13.619999885559082,13.119999885559082,13.199999809265137,12.303428649902344,9600
2020-08-27,13.390000343322754,13.600000381469727,13.210000038146973,13.5,12.583050727844238,6600
2020-08-28,13.609999656677246,13.699999809265137,13.449999809265137,13.699999809265137,12.769468307495117,16700
2020-08-31,13.699999809265137,13.869999885559082,13.199999809265137,13.279999732971191,12.377996444702148,13100
2020-09-01,13.279999732971191,13.65999984741211,13.199999809265137,13.65999984741211,12.732183456420898,9800
2020-09-02,13.539999961853027,13.729999542236328,13.529999732971191,13.630000114440918,12.7042236328125,26200
2020-09-03,13.609999656677246,13.949999809265137,12.899999618530273,13.09000015258789,12.200898170471191,22600
2020-09-04,13.100000381469727,13.220000267028809,12.899999618530273,13.130000114440918,12.23818302154541,63800
2020-09-08,13.079999923706055,13.100000381469727,12.789999961853027,12.9399995803833,12.061088562011719,16400
2020-09-09,13.0,13.149999618530273,12.510000228881836,12.6899995803833,11.828067779541016,27300
2020-09-10,12.569999694824219,12.739999771118164,12.199999809265137,12.289999961853027,11.527912139892578,48800
2020-09-11,12.380000114440918,12.380000114440918,12.050000190734863,12.140000343322754,11.387213706970215,10000
2020-09-14,12.180000305175781,12.699999809265137,12.15999984741211,12.619999885559082,11.837449073791504,4900
2020-09-15,12.75,13.0,12.510000228881836,12.800000190734863,12.006288528442383,12900
2020-09-16,12.869999885559082,12.869999885559082,12.699999809265137,12.699999809265137,11.91248893737793,14800
2020-09-17,12.630000114440918,14.279999732971191,12.390000343322754,13.829999923706055,12.972417831420898,60600
2020-09-18,14.539999961853027,15.0,12.25,12.6899995803833,11.903108596801758,66600
2020-09-21,12.369999885559082,12.470000267028809,11.390000343322754,11.600000381469727,10.880699157714844,35800
2020-09-22,11.75,11.970000267028809,10.729999542236328,11.210000038146973,10.51488208770752,30600
2020-09-23,11.420000076293945,11.649999618530273,10.670000076293945,10.90999984741211,10.233484268188477,31100
2020-09-24,10.989999771118164,11.050000190734863,10.800000190734863,10.960000038146973,10.280384063720703,19500
2020-09-25,10.949999809265137,11.199999809265137,10.90999984741211,11.069999694824219,10.383563041687012,16700
2020-09-28,11.100000381469727,11.420000076293945,11.020000457763672,11.140000343322754,10.449223518371582,26700
2020-09-29,11.039999961853027,11.3100004196167,10.5600004196167,11.270000457763672,10.571159362792969,10900
2020-09-30,11.079999923706055,11.609999656677246,11.079999923706055,11.579999923706055,10.8619384765625,5200
2020-10-01,11.649999618530273,11.90999984741211,11.649999618530273,11.720000267028809,10.993257522583008,6200
2020-10-02,11.550000190734863,12.279999732971191,11.40999984741211,12.069999694824219,11.321553230285645,15100
2020-10-05,12.210000038146973,12.510000228881836,12.079999923706055,12.510000228881836,11.734271049499512,13500
2020-10-06,12.600000381469727,12.770000457763672,11.960000038146973,11.960000038146973,11.218375205993652,15000
2020-10-07,12.0,12.800000190734863,12.0,12.739999771118164,11.950006484985352,30800
2020-10-08,12.899999618530273,13.180000305175781,12.539999961853027,13.119999885559082,12.306442260742188,17100
2020-10-09,13.239999771118164,13.239999771118164,12.8100004196167,12.890000343322754,12.090705871582031,2800
2020-10-12,12.850000381469727,13.220000267028809,12.850000381469727,12.899999618530273,12.100086212158203,8600
2020-10-13,12.890000343322754,13.100000381469727,12.420000076293945,12.970000267028809,12.165745735168457,7100
2020-10-14,12.899999618530273,13.25,12.899999618530273,12.90999984741211,12.109465599060059,6900
2020-10-15,12.829999923706055,13.489999771118164,12.829999923706055,13.449999809265137,12.615983009338379,10600
2020-10-16,13.289999961853027,13.600000381469727,13.199999809265137,13.460000038146973,12.625361442565918,10600
2020-10-19,13.600000381469727,13.600000381469727,13.199999809265137,13.199999809265137,12.38148307800293,3000
2020-10-20,13.210000038146973,13.5600004196167,13.180000305175781,13.550000190734863,12.709779739379883,3500
2020-10-21,13.489999771118164,14.5,13.039999961853027,14.0,13.131875991821289,60400
2020-10-22,14.0,14.0,13.65999984741211,13.65999984741211,12.812960624694824,17300
2020-10-23,13.699999809265137,14.149999618530273,13.699999809265137,13.859999656677246,13.000558853149414,16700
2020-10-26,13.789999961853027,14.199999809265137,13.649999618530273,14.15999984741211,13.281956672668457,7200
2020-10-27,14.220000267028809,14.479999542236328,13.920000076293945,14.369999885559082,13.478933334350586,17900
2020-10-28,14.149999618530273,14.25,13.539999961853027,13.699999809265137,12.850479125976562,15100
2020-10-29,13.640000343322754,14.0,13.510000228881836,14.0,13.131875991821289,10600
2020-10-30,13.899999618530273,14.140000343322754,13.739999771118164,14.020000457763672,13.150636672973633,11900
2020-11-02,14.109999656677246,15.0,14.109999656677246,14.949999809265137,14.022969245910645,36400
2020-11-03,15.0,15.649999618530273,14.800000190734863,14.819999694824219,13.901030540466309,28500
2020-11-04,14.680000305175781,15.289999961853027,14.529999732971191,14.529999732971191,13.629012107849121,10500
2020-11-05,14.600000381469727,15.149999618530273,14.600000381469727,15.0600004196167,14.126147270202637,8400
2020-11-06,15.100000381469727,15.380000114440918,14.579999923706055,14.579999923706055,13.675910949707031,7200
2020-11-09,15.380000114440918,17.34000015258789,15.380000114440918,15.9399995803833,14.951579093933105,41900
2020-11-10,16.299999237060547,16.790000915527344,16.200000762939453,16.489999771118164,15.467475891113281,24300
2020-11-11,16.049999237060547,16.690000534057617,16.049999237060547,16.59000015258789,15.56127643585205,15200
2020-11-12,16.25,16.34000015258789,15.65999984741211,15.720000267028809,14.745223045349121,17200
2020-11-13,15.760000228881836,17.25,15.760000228881836,16.850000381469727,15.805153846740723,11300
2020-11-16,17.139999389648438,18.079999923706055,16.729999542236328,17.530000686645508,16.442989349365234,24500
2020-11-17,17.3799991607666,17.829999923706055,17.049999237060547,17.049999237060547,15.992749214172363,8300
2020-11-18,17.280000686645508,17.729999542236328,17.280000686645508,17.549999237060547,16.461748123168945,15100
2020-11-19,17.649999618530273,17.649999618530273,16.610000610351562,17.399999618530273,16.3210506439209,30800
2020-11-20,17.079999923706055,17.110000610351562,16.68000030517578,17.110000610351562,16.049028396606445,13600
2020-11-23,17.1299991607666,18.520000457763672,16.729999542236328,17.049999237060547,15.992749214172363,16500
2020-11-24,17.170000076293945,17.899999618530273,16.989999771118164,17.270000457763672,16.199108123779297,24800
2020-11-25,17.270000457763672,18.3799991607666,17.020000457763672,18.3799991607666,17.240280151367188,33900
2020-11-27,18.260000228881836,18.84000015258789,18.18000030517578,18.579999923706055,17.427875518798828,7000
2020-11-30,18.229999542236328,18.229999542236328,16.739999771118164,17.59000015258789,16.499263763427734,35300
2020-12-01,17.709999084472656,18.010000228881836,17.510000228881836,17.639999389648438,16.54616355895996,15600
2020-12-02,17.700000762939453,17.979999542236328,17.600000381469727,17.639999389648438,16.54616355895996,15700
2020-12-03,17.739999771118164,17.739999771118164,17.030000686645508,17.270000457763672,16.199108123779297,8000
2020-12-04,17.440000534057617,18.0,17.440000534057617,17.989999771118164,16.874462127685547,14400
2020-12-07,17.989999771118164,18.43000030517578,17.399999618530273,18.09000015258789,16.968259811401367,11700
2020-12-08,17.8700008392334,18.299999237060547,17.8700008392334,18.209999084472656,17.08081817626953,12300
2020-12-09,18.209999084472656,18.5,18.079999923706055,18.440000534057617,17.296554565429688,13700
2020-12-10,18.34000015258789,18.709999084472656,18.25,18.639999389648438,17.484155654907227,18800
2020-12-11,18.450000762939453,18.90999984741211,18.389999389648438,18.639999389648438,17.484155654907227,20500
2020-12-14,18.639999389648438,18.889999389648438,18.049999237060547,18.049999237060547,16.930747985839844,54000
2020-12-15,18.139999389648438,18.639999389648438,18.139999389648438,18.399999618530273,17.2590389251709,15000
2020-12-16,18.469999313354492,18.469999313354492,17.860000610351562,17.860000610351562,16.825679779052734,8900
2020-12-17,17.93000030517578,17.93000030517578,17.6299991607666,17.799999237060547,16.769155502319336,9500
2020-12-18,17.799999237060547,18.040000915527344,17.510000228881836,17.510000228881836,16.49594497680664,42200
2020-12-21,17.360000610351562,17.489999771118164,15.970000267028809,17.299999237060547,16.29810905456543,11600
2020-12-22,17.0,17.270000457763672,16.200000762939453,16.440000534057617,15.48791217803955,10500
2020-12-23,16.450000762939453,17.010000228881836,16.450000762939453,16.899999618530273,15.921274185180664,20600
2020-12-24,17.850000381469727,17.850000381469727,16.950000762939453,17.270000457763672,16.269847869873047,5400
2020-12-28,17.5,17.5,17.020000457763672,17.020000457763672,16.034320831298828,14300
2020-12-29,17.200000762939453,17.200000762939453,16.84000015258789,17.18000030517578,16.185060501098633,60900
2020-12-30,17.110000610351562,17.5,16.90999984741211,17.5,16.486526489257812,10400
2020-12-31,17.3700008392334,17.700000762939453,17.3700008392334,17.549999237060547,16.533632278442383,12100
2021-01-04,17.6200008392334,17.8799991607666,17.399999618530273,17.530000686645508,16.51479148864746,17200
2021-01-05,17.670000076293945,17.920000076293945,17.59000015258789,17.709999084472656,16.68436050415039,10900
2021-01-06,17.8799991607666,19.59000015258789,17.8799991607666,18.780000686645508,17.692398071289062,18400
2021-01-07,18.989999771118164,19.889999389648438,18.790000915527344,19.3700008392334,18.248233795166016,36000
2021-01-08,19.3700008392334,19.90999984741211,19.110000610351562,19.639999389648438,18.502592086791992,16500
2021-01-11,19.450000762939453,20.1200008392334,19.450000762939453,19.959999084472656,18.804058074951172,17200
2021-01-12,19.8700008392334,20.3700008392334,19.760000228881836,20.06999969482422,18.907690048217773,27800
2021-01-13,20.0,20.489999771118164,19.729999542236328,19.950000762939453,18.794639587402344,30800
2021-01-14,19.950000762939453,20.760000228881836,18.540000915527344,20.25,19.077266693115234,26400
2021-01-15,19.950000762939453,20.079999923706055,19.5,19.719999313354492,18.577959060668945,14900
2021-01-19,20.0,20.530000686645508,19.209999084472656,19.59000015258789,18.455488204956055,13600
2021-01-20,19.520000457763672,20.540000915527344,18.270000457763672,18.40999984741211,17.343826293945312,32400
2021-01-21,18.350000381469727,18.690000534057617,17.75,18.06999969482422,17.023515701293945,17100
2021-01-22,17.75,19.3799991607666,17.200000762939453,19.3799991607666,18.25765037536621,24900
2021-01-25,19.549999237060547,19.559999465942383,18.350000381469727,19.360000610351562,18.238807678222656,28500
2021-01-26,19.5,19.5,18.760000228881836,19.399999618530273,18.276491165161133,22500
2021-01-27,18.889999389648438,19.5,17.709999084472656,19.360000610351562,18.238807678222656,27300
2021-01-28,19.360000610351562,19.5,18.799999237060547,19.110000610351562,18.00328826904297,28900
2021-01-29,19.110000610351562,19.280000686645508,18.209999084472656,18.799999237060547,17.711240768432617,19600
2021-02-01,18.8799991607666,19.149999618530273,18.31999969482422,18.540000915527344,17.466299057006836,16700
2021-02-02,18.8700008392334,19.34000015258789,18.600000381469727,19.190000534057617,18.078655242919922,15300
2021-02-03,19.18000030517578,19.31999969482422,18.639999389648438,19.31999969482422,18.201126098632812,21900
2021-02-04,19.209999084472656,19.6299991607666,18.8700008392334,19.450000762939453,18.323593139648438,30500
2021-02-05,19.639999389648438,19.75,19.399999618530273,19.690000534057617,18.549701690673828,24500
2021-02-08,19.75,20.479999542236328,19.68000030517578,20.290000915527344,19.114952087402344,25100
2021-02-09,20.190000534057617,20.239999771118164,19.81999969482422,20.200000762939453,19.030160903930664,16500
2021-02-10,20.190000534057617,20.209999084472656,19.5,19.5,18.370698928833008,15500
2021-02-11,19.760000228881836,19.760000228881836,18.75,18.989999771118164,17.890235900878906,49200
2021-02-12,18.969999313354492,19.56999969482422,18.969999313354492,19.010000228881836,17.909076690673828,15400
2021-02-16,19.40999984741211,19.43000030517578,19.18000030517578,19.299999237060547,18.182279586791992,20900
2021-02-17,19.190000534057617,19.34000015258789,19.059999465942383,19.100000381469727,17.99386978149414,40700
2021-02-18,19.040000915527344,19.1299991607666,18.81999969482422,18.889999389648438,17.79602813720703,11100
2021-02-19,18.829999923706055,19.15999984741211,18.829999923706055,19.15999984741211,18.050390243530273,14900
2021-02-22,19.1299991607666,19.790000915527344,19.1299991607666,19.5,18.370698928833008,20400
2021-02-23,19.6200008392334,19.899999618530273,19.0,19.34000015258789,18.2199649810791,33600
2021-02-24,19.530000686645508,20.510000228881836,19.530000686645508,20.139999389648438,18.973630905151367,42000
2021-02-25,20.290000915527344,20.450000762939453,19.950000762939453,19.950000762939453,18.794639587402344,20400
2021-02-26,19.950000762939453,19.950000762939453,19.510000228881836,19.850000381469727,18.700428009033203,11800
2021-03-01,20.100000381469727,20.389999389648438,19.920000076293945,20.0,18.841745376586914,32600
2021-03-02,19.950000762939453,20.209999084472656,19.770000457763672,20.0,18.841745376586914,19100
2021-03-03,20.329999923706055,20.989999771118164,20.200000762939453,20.6299991607666,19.435258865356445,20000
2021-03-04,20.780000686645508,21.809999465942383,20.75,21.40999984741211,20.170087814331055,42700
2021-03-05,21.520000457763672,21.799999237060547,20.610000610351562,21.389999389648438,20.151247024536133,37100
2021-03-08,21.489999771118164,22.889999389648438,21.399999618530273,22.280000686645508,20.989704132080078,102300
2021-03-09,22.399999618530273,22.479999542236328,22.040000915527344,22.15999984741211,20.87665367126465,24000
2021-03-10,22.170000076293945,22.440000534057617,21.739999771118164,21.959999084472656,20.688234329223633,138300
2021-03-11,22.049999237060547,22.059999465942383,21.729999542236328,22.0,20.801698684692383,87000
2021-03-12,22.049999237060547,22.979999542236328,22.049999237060547,22.799999237060547,21.558122634887695,35500
2021-03-15,22.68000030517578,23.059999465942383,22.3700008392334,23.020000457763672,21.766143798828125,39200
2021-03-16,23.0,23.0,21.65999984741211,21.770000457763672,20.584226608276367,19900
2021-03-17,21.8799991607666,21.8799991607666,21.059999465942383,21.700000762939453,20.51803970336914,25300
2021-03-18,21.709999084472656,22.690000534057617,21.709999084472656,21.969999313354492,20.77332878112793,26500
2021-03-19,22.079999923706055,22.420000076293945,21.5,21.600000381469727,20.423486709594727,116300
2021-03-22,21.31999969482422,21.510000228881836,20.93000030517578,21.34000015258789,20.17764663696289,26500
2021-03-23,21.31999969482422,21.31999969482422,20.389999389648438,20.739999771118164,19.610326766967773,26700
2021-03-24,20.940000534057617,21.43000030517578,20.530000686645508,20.559999465942383,19.440134048461914,22000
2021-03-25,20.6200008392334,23.3700008392334,20.270000457763672,22.18000030517578,20.971891403198242,41000
2021-03-26,22.479999542236328,22.639999389648438,21.479999542236328,21.8799991607666,20.688234329223633,31600
2021-03-29,21.84000015258789,22.360000610351562,21.329999923706055,21.34000015258789,20.17764663696289,20400
2021-03-30,21.610000610351562,22.270000457763672,21.309999465942383,22.09000015258789,20.886795043945312,51700
2021-03-31,22.09000015258789,22.3799991607666,22.0,22.0,20.801698684692383,97300
2021-04-01,21.989999771118164,22.25,21.5,21.600000381469727,20.423486709594727,15200
2021-04-05,22.010000228881836,22.18000030517578,20.989999771118164,21.149999618530273,19.99799919128418,22400
2021-04-06,21.25,21.25,20.760000228881836,20.969999313354492,19.827800750732422,21800
2021-04-07,20.829999923706055,21.049999237060547,20.389999389648438,20.739999771118164,19.610326766967773,97200
2021-04-08,20.8799991607666,21.079999923706055,20.549999237060547,21.079999923706055,19.931808471679688,12300
2021-04-09,20.979999542236328,21.329999923706055,20.600000381469727,21.049999237060547,19.9034423828125,17600
2021-04-12,21.0,21.329999923706055,20.75,21.010000228881836,19.865623474121094,19800
2021-04-13,21.079999923706055,21.5,20.399999618530273,20.56999969482422,19.449588775634766,11700
2021-04-14,20.450000762939453,20.770000457763672,20.31999969482422,20.709999084472656,19.58196258544922,15000
2021-04-15,20.979999542236328,21.059999465942383,20.31999969482422,20.639999389648438,19.51577377319336,18300
2021-04-16,21.079999923706055,22.59000015258789,20.770000457763672,21.90999984741211,20.716602325439453,38200
2021-04-19,22.0,22.6200008392334,21.6200008392334,21.969999313354492,20.77332878112793,24000
2021-04-20,21.899999618530273,22.31999969482422,21.170000076293945,21.290000915527344,20.130374908447266,47100
2021-04-21,21.270000457763672,21.530000686645508,21.010000228881836,21.25,20.092548370361328,29800
2021-04-22,21.270000457763672,21.68000030517578,21.1200008392334,21.399999618530273,20.234378814697266,24500
2021-04-23,21.459999084472656,21.84000015258789,21.309999465942383,21.43000030517578,20.26274299621582,16000
2021-04-26,21.600000381469727,21.81999969482422,21.270000457763672,21.31999969482422,20.158735275268555,22800
2021-04-27,21.440000534057617,21.770000457763672,21.399999618530273,21.600000381469727,20.423486709594727,17800
2021-04-28,21.579999923706055,21.75,21.510000228881836,21.649999618530273,20.47076416015625,16500
2021-04-29,21.75,22.0,21.5,21.770000457763672,20.584226608276367,23100
2021-04-30,21.75,22.18000030517578,21.690000534057617,22.049999237060547,20.848974227905273,44000
2021-05-03,22.049999237060547,23.329999923706055,21.850000381469727,23.079999923706055,21.822874069213867,25700
2021-05-04,22.950000762939453,23.09000015258789,22.649999618530273,22.899999618530273,21.65267562866211,24100
2021-05-05,22.850000381469727,23.209999084472656,22.770000457763672,23.030000686645508,21.77559471130371,22800
2021-05-06,23.09000015258789,23.09000015258789,22.75,23.020000457763672,21.766143798828125,21900
2021-05-07,22.780000686645508,23.170000076293945,22.440000534057617,22.649999618530273,21.416292190551758,26000
2021-05-10,22.600000381469727,23.8700008392334,22.219999313354492,23.549999237060547,22.26727294921875,47900
2021-05-11,23.149999618530273,23.489999771118164,22.190000534057617,22.31999969482422,21.104267120361328,43600
2021-05-12,22.329999923706055,23.059999465942383,22.329999923706055,22.360000610351562,21.14208984375,25800
2021-05-13,22.510000228881836,23.420000076293945,22.0,22.190000534057617,20.981351852416992,19600
2021-05-14,22.399999618530273,23.969999313354492,22.399999618530273,23.719999313354492,22.42801284790039,21800
2021-05-17,23.739999771118164,24.100000381469727,23.600000381469727,24.010000228881836,22.702219009399414,30600
2021-05-18,23.489999771118164,24.31999969482422,23.440000534057617,24.149999618530273,22.834592819213867,28800
2021-05-19,23.729999542236328,24.020000457763672,22.850000381469727,23.700000762939453,22.409103393554688,24600
2021-05-20,23.59000015258789,23.760000228881836,23.020000457763672,23.670000076293945,22.380735397338867,30800
2021-05-21,23.84000015258789,24.829999923706055,23.84000015258789,24.360000610351562,23.03315544128418,35000
2021-05-24,24.270000457763672,24.549999237060547,23.350000381469727,23.850000381469727,22.550935745239258,42600
2021-05-25,23.760000228881836,23.809999465942383,23.5,23.600000381469727,22.314552307128906,32900
2021-05-26,23.610000610351562,24.030000686645508,23.469999313354492,24.030000686645508,22.721128463745117,21500
2021-05-27,24.059999465942383,24.479999542236328,24.059999465942383,24.25,22.929147720336914,20200
2021-05-28,24.229999542236328,24.489999771118164,23.780000686645508,24.239999771118164,22.91969108581543,18900
2021-06-01,24.31999969482422,24.6200008392334,23.90999984741211,24.309999465942383,22.985872268676758,38200
2021-06-02,24.479999542236328,24.670000076293945,23.969999313354492,24.3799991607666,23.05206298828125,24600
2021-06-03,24.079999923706055,24.43000030517578,24.020000457763672,24.149999618530273,22.834592819213867,13700
2021-06-04,24.100000381469727,24.229999542236328,23.56999969482422,23.780000686645508,22.48474884033203,21300
2021-06-07,23.68000030517578,24.030000686645508,22.920000076293945,23.15999984741211,21.898513793945312,48000
2021-06-08,23.040000915527344,23.440000534057617,22.950000762939453,22.950000762939453,21.699953079223633,23400
2021-06-09,22.920000076293945,22.940000534057617,22.649999618530273,22.860000610351562,21.614856719970703,26500
2021-06-10,22.920000076293945,22.940000534057617,22.56999969482422,22.68000030517578,21.529422760009766,22600
2021-06-11,23.100000381469727,23.100000381469727,22.559999465942383,22.59000015258789,21.443984985351562,28500
2021-06-14,22.709999084472656,22.889999389648438,22.399999618530273,22.440000534057617,21.30159568786621,24700
2021-06-15,22.6200008392334,22.959999084472656,22.450000762939453,22.81999969482422,21.662317276000977,28900
2021-06-16,22.459999084472656,22.889999389648438,22.459999084472656,22.75,21.595869064331055,35600
2021-06-17,22.84000015258789,23.670000076293945,22.309999465942383,22.350000381469727,21.216161727905273,39000
2021-06-18,22.040000915527344,22.350000381469727,21.950000762939453,22.110000610351562,20.988338470458984,126500
2021-06-21,22.110000610351562,22.479999542236328,22.030000686645508,22.149999618530273,21.02631187438965,45400
2021-06-22,22.149999618530273,22.649999618530273,21.989999771118164,21.989999771118164,20.874427795410156,48700
2021-06-23,22.1200008392334,22.299999237060547,21.889999389648438,21.959999084472656,20.845949172973633,42400
2021-06-24,22.200000762939453,22.59000015258789,21.90999984741211,22.350000381469727,21.216161727905273,86900
2021-06-25,22.450000762939453,22.65999984741211,22.059999465942383,22.15999984741211,21.035802841186523,1132400
2021-06-28,22.170000076293945,22.959999084472656,22.020000457763672,22.34000015258789,21.20667266845703,51200
2021-06-29,22.420000076293945,22.489999771118164,22.040000915527344,22.149999618530273,21.02631187438965,29800
2021-06-30,22.100000381469727,22.1299991607666,21.950000762939453,22.049999237060547,20.931379318237305,33100
2021-07-01,22.18000030517578,22.200000762939453,22.049999237060547,22.1299991607666,21.007320404052734,17400
2021-07-02,22.1299991607666,22.239999771118164,22.0,22.040000915527344,20.921892166137695,26400
2021-07-06,22.049999237060547,22.18000030517578,21.860000610351562,21.8700008392334,20.760513305664062,25800
2021-07-07,21.889999389648438,21.889999389648438,21.700000762939453,21.700000762939453,20.599140167236328,17100
2021-07-08,21.610000610351562,21.65999984741211,21.31999969482422,21.31999969482422,20.238414764404297,37700
2021-07-09,21.469999313354492,22.200000762939453,21.459999084472656,22.200000762939453,21.073774337768555,24200
2021-07-12,22.06999969482422,22.520000457763672,21.899999618530273,22.239999771118164,21.111743927001953,13200
2021-07-13,22.280000686645508,22.280000686645508,21.959999084472656,22.0,20.88391876220703,15300
2021-07-14,22.190000534057617,22.610000610351562,22.190000534057617,22.510000228881836,21.368043899536133,8000
2021-07-15,22.520000457763672,23.600000381469727,22.3700008392334,23.299999237060547,22.117971420288086,15100
2021-07-16,23.299999237060547,23.299999237060547,23.0,23.0,21.833187103271484,14900
2021-07-19,22.850000381469727,22.920000076293945,22.5,22.5,21.35855484008789,23500
2021-07-20,22.420000076293945,23.969999313354492,22.420000076293945,23.649999618530273,22.450210571289062,37600
2021-07-21,23.520000457763672,23.889999389648438,23.329999923706055,23.329999923706055,22.146446228027344,39800
2021-07-22,23.34000015258789,23.34000015258789,22.530000686645508,23.09000015258789,21.918622970581055,38400
2021-07-23,23.0,23.06999969482422,22.709999084472656,22.8799991607666,21.71927261352539,11300
2021-07-26,22.700000762939453,22.8799991607666,22.309999465942383,22.530000686645508,21.38703155517578,17400
2021-07-27,22.540000915527344,22.559999465942383,22.3700008392334,22.440000534057617,21.30159568786621,7300
2021-07-28,22.450000762939453,22.59000015258789,22.360000610351562,22.549999237060547,21.406017303466797,10100
2021-07-29,22.5,22.690000534057617,22.40999984741211,22.59000015258789,21.443984985351562,18500
2021-07-30,22.530000686645508,22.700000762939453,22.209999084472656,22.209999084472656,21.083267211914062,31400
2021-08-02,22.219999313354492,22.790000915527344,22.219999313354492,22.639999389648438,21.4914493560791,23700
2021-08-03,22.540000915527344,22.719999313354492,22.270000457763672,22.6200008392334,21.47246551513672,11500
2021-08-04,22.520000457763672,22.579999923706055,22.1200008392334,22.260000228881836,21.1307315826416,37100
2021-08-05,22.350000381469727,22.600000381469727,22.34000015258789,22.420000076293945,21.282609939575195,21200
2021-08-06,22.489999771118164,22.850000381469727,22.3700008392334,22.84000015258789,21.681306838989258,35800
2021-08-09,22.829999923706055,23.0,22.75,22.84000015258789,21.681306838989258,13600
2021-08-10,23.0,23.549999237060547,22.969999313354492,23.3799991607666,22.193910598754883,11200
2021-08-11,23.18000030517578,25.5,22.540000915527344,23.850000381469727,22.64006805419922,130700
2021-08-12,23.65999984741211,24.309999465942383,23.489999771118164,23.770000457763672,22.56412696838379,11700
2021-08-13,23.389999389648438,23.780000686645508,23.290000915527344,23.360000610351562,22.1749267578125,5700
2021-08-16,23.709999084472656,23.969999313354492,23.459999084472656,23.799999237060547,22.59260368347168,11100
2021-08-17,23.229999542236328,23.719999313354492,23.149999618530273,23.469999313354492,22.27934455871582,15600
2021-08-18,23.229999542236328,23.729999542236328,23.06999969482422,23.729999542236328,22.526153564453125,4500
2021-08-19,23.6299991607666,23.6299991607666,22.75,23.010000228881836,21.842679977416992,19500
2021-08-20,23.459999084472656,23.8799991607666,22.899999618530273,23.399999618530273,22.2128963470459,11300
2021-08-23,23.610000610351562,23.610000610351562,22.969999313354492,23.290000915527344,22.108474731445312,6700
2021-08-24,23.239999771118164,23.299999237060547,22.950000762939453,22.950000762939453,21.78572654724121,10900
2021-08-25,22.84000015258789,23.40999984741211,22.84000015258789,23.020000457763672,21.852176666259766,20400
2021-08-26,23.190000534057617,23.190000534057617,22.889999389648438,23.079999923706055,21.909130096435547,7900
2021-08-27,23.190000534057617,23.479999542236328,23.139999389648438,23.290000915527344,22.108474731445312,5000
2021-08-30,23.5,23.5,22.780000686645508,22.81999969482422,21.662317276000977,15700
2021-08-31,23.030000686645508,23.459999084472656,22.5,22.850000381469727,21.690799713134766,30400
2021-09-01,23.059999465942383,23.059999465942383,22.670000076293945,22.799999237060547,21.643333435058594,11700
2021-09-02,23.030000686645508,23.270000457763672,22.860000610351562,23.170000076293945,21.99456024169922,9700
2021-09-03,23.18000030517578,23.479999542236328,22.850000381469727,23.479999542236328,22.288833618164062,6200
2021-09-07,23.3700008392334,23.3700008392334,23.0,23.18000030517578,22.004058837890625,24100
2021-09-08,23.360000610351562,23.360000610351562,22.799999237060547,22.940000534057617,21.77623176574707,11300
2021-09-09,22.84000015258789,22.899999618530273,22.700000762939453,22.770000457763672,21.69999122619629,7400
2021-09-10,23.25,23.270000457763672,22.530000686645508,22.549999237060547,21.490331649780273,11200
2021-09-13,22.850000381469727,22.850000381469727,22.290000915527344,22.709999084472656,21.642810821533203,17000
2021-09-14,22.719999313354492,22.719999313354492,22.309999465942383,22.360000610351562,21.30925750732422,8300
2021-09-15,22.190000534057617,22.56999969482422,22.190000534057617,22.489999771118164,21.433149337768555,8400
2021-09-16,22.649999618530273,22.770000457763672,22.3700008392334,22.579999923706055,21.518922805786133,9100
2021-09-17,22.479999542236328,23.5,22.299999237060547,23.280000686645508,22.1860294342041,44300
2021-09-20,23.139999389648438,23.139999389648438,22.770000457763672,22.940000534057617,21.862003326416016,9700
2021-09-21,22.90999984741211,23.0,22.75,22.75,21.680931091308594,5700
2021-09-22,22.84000015258789,22.93000030517578,22.719999313354492,22.899999618530273,21.823883056640625,2700
2021-09-23,23.270000457763672,23.270000457763672,22.899999618530273,22.979999542236328,21.900123596191406,6600
2021-09-24,22.93000030517578,23.09000015258789,22.899999618530273,23.020000457763672,21.938243865966797,3900
2021-09-27,23.309999465942383,23.690000534057617,23.309999465942383,23.5,22.39568519592285,10500
2021-09-28,23.25,23.860000610351562,23.049999237060547,23.459999084472656,22.357568740844727,6000
2021-09-29,23.440000534057617,23.5,23.360000610351562,23.399999618530273,22.300386428833008,2600
2021-09-30,23.5,23.5,23.25,23.399999618530273,22.300386428833008,4500
2021-10-01,23.350000381469727,24.040000915527344,23.0,23.40999984741211,22.309919357299805,34100
2021-10-04,23.600000381469727,23.600000381469727,23.25,23.260000228881836,22.166967391967773,3600
2021-10-05,23.43000030517578,23.600000381469727,23.25,23.40999984741211,22.309919357299805,7100
2021-10-06,23.149999618530273,23.520000457763672,23.100000381469727,23.520000457763672,22.414749145507812,21900
2021-10-07,23.790000915527344,24.139999389648438,23.6200008392334,23.899999618530273,22.77688980102539,6600
2021-10-08,23.889999389648438,24.1299991607666,23.5,23.920000076293945,22.795949935913086,6500
2021-10-11,24.229999542236328,24.229999542236328,23.780000686645508,24.0,22.872190475463867,5300
2021-10-12,24.1200008392334,24.1200008392334,23.34000015258789,23.850000381469727,22.72924041748047,6100
2021-10-13,23.829999923706055,23.899999618530273,23.540000915527344,23.690000534057617,22.57676124572754,3300
2021-10-14,24.299999237060547,24.389999389648438,23.8799991607666,24.0,22.872190475463867,6600
2021-10-15,24.239999771118164,25.600000381469727,24.239999771118164,25.260000228881836,24.072980880737305,18000
2021-10-18,25.31999969482422,25.950000762939453,25.219999313354492,25.899999618530273,24.682903289794922,6200
2021-10-19,25.75,27.31999969482422,25.700000762939453,26.8700008392334,25.607322692871094,15100
2021-10-20,27.0,27.0,26.209999084472656,26.25,25.01645851135254,8600
2021-10-21,25.75,27.0,25.450000762939453,27.0,25.73121452331543,25600
2021-10-22,26.790000915527344,26.84000015258789,25.959999084472656,25.959999084472656,24.74008560180664,9900
2021-10-25,26.31999969482422,26.31999969482422,25.219999313354492,25.229999542236328,24.04439353942871,12000
2021-10-26,25.450000762939453,25.450000762939453,24.780000686645508,25.219999313354492,24.034862518310547,6500
2021-10-27,25.049999237060547,25.18000030517578,24.84000015258789,24.959999084472656,23.787076950073242,6300
2021-10-28,25.200000762939453,25.75,25.049999237060547,25.479999542236328,24.282642364501953,6200
2021-10-29,25.56999969482422,26.0,25.170000076293945,25.350000381469727,24.158750534057617,5200
2021-11-01,25.510000228881836,26.950000762939453,24.559999465942383,26.299999237060547,25.06410789489746,22200
2021-11-02,26.600000381469727,27.510000228881836,26.309999465942383,26.600000381469727,25.350013732910156,13100
2021-11-03,26.639999389648438,26.940000534057617,26.0,26.469999313354492,25.226119995117188,6600
2021-11-04,26.780000686645508,27.489999771118164,26.079999923706055,27.489999771118164,26.198190689086914,19500
2021-11-05,27.450000762939453,27.75,26.920000076293945,26.969999313354492,25.70262336730957,5200
2021-11-08,26.90999984741211,27.5,26.5,27.25,25.969467163085938,14600
2021-11-09,27.170000076293945,27.190000534057617,26.15999984741211,27.0,25.73121452331543,18700
2021-11-10,26.579999923706055,27.450000762939453,26.5,26.75,25.492961883544922,6500
2021-11-11,27.100000381469727,27.329999923706055,26.600000381469727,26.979999542236328,25.712156295776367,67300
2021-11-12,26.979999542236328,28.90999984741211,26.68000030517578,27.399999618530273,26.1124210357666,11700
2021-11-15,27.579999923706055,27.989999771118164,26.6200008392334,27.06999969482422,25.797929763793945,11900
2021-11-16,26.799999237060547,27.610000610351562,26.010000228881836,26.739999771118164,25.48343276977539,21600
2021-11-17,26.809999465942383,26.809999465942383,26.5,26.56999969482422,25.321422576904297,10500
2021-11-18,26.829999923706055,27.700000762939453,26.56999969482422,27.0,25.73121452331543,14500
2021-11-19,26.899999618530273,27.639999389648438,26.549999237060547,26.989999771118164,25.72168731689453,6800
2021-11-22,26.850000381469727,27.440000534057617,26.639999389648438,26.770000457763672,25.512022018432617,8700
2021-11-23,27.0,27.0,26.420000076293945,26.420000076293945,25.178468704223633,3200
2021-11-24,26.549999237060547,26.700000762939453,26.1299991607666,26.5,25.25470733642578,5700
2021-11-26,26.280000686645508,26.450000762939453,25.5,26.450000762939453,25.207061767578125,4500
2021-11-29,26.450000762939453,26.719999313354492,26.0,26.25,25.01645851135254,10200
2021-11-30,26.280000686645508,26.34000015258789,25.020000457763672,26.0,24.77820587158203,9700
2021-12-01,26.049999237060547,26.739999771118164,25.5,25.530000686645508,24.33029556274414,13900
2021-12-02,25.670000076293945,26.09000015258789,25.549999237060547,25.780000686645508,24.56854820251465,5800
2021-12-03,25.940000534057617,26.229999542236328,24.56999969482422,25.280000686645508,24.092041015625,8100
2021-12-06,25.299999237060547,25.889999389648438,25.149999618530273,25.15999984741211,23.97768211364746,5500
2021-12-07,25.530000686645508,26.43000030517578,25.170000076293945,25.850000381469727,24.635255813598633,10400
2021-12-08,26.149999618530273,26.739999771118164,25.8700008392334,26.479999542236328,25.23564910888672,7200
2021-12-09,26.299999237060547,26.5,25.5,26.079999923706055,24.854446411132812,7100
2021-12-10,26.299999237060547,26.299999237060547,25.549999237060547,25.979999542236328,24.759145736694336,9400
2021-12-13,25.979999542236328,25.979999542236328,25.09000015258789,25.25,24.063453674316406,7700
2021-12-14,25.049999237060547,25.479999542236328,24.93000030517578,25.100000381469727,23.920501708984375,21700
2021-12-15,25.520000457763672,26.0,25.1299991607666,25.899999618530273,24.682903289794922,27400
2021-12-16,25.860000610351562,26.420000076293945,25.280000686645508,25.75,24.63507080078125,7400
2021-12-17,25.93000030517578,25.93000030517578,25.25,25.25,24.156723022460938,11500
2021-12-20,25.239999771118164,25.489999771118164,24.530000686645508,25.3700008392334,24.271526336669922,12300
2021-12-21,25.8700008392334,26.0,25.350000381469727,25.5,24.395893096923828,9700
2021-12-22,25.5,25.81999969482422,25.040000915527344,25.270000457763672,24.175853729248047,7300
2021-12-23,25.489999771118164,25.690000534057617,25.270000457763672,25.31999969482422,24.223691940307617,11400
2021-12-27,25.5,25.719999313354492,25.0,25.6299991607666,24.520263671875,12700
2021-12-28,25.540000915527344,26.559999465942383,25.360000610351562,26.200000762939453,25.065589904785156,9800
2021-12-29,26.010000228881836,26.649999618530273,26.010000228881836,26.530000686645508,25.38129997253418,5600
2021-12-30,26.360000610351562,26.989999771118164,25.700000762939453,26.010000228881836,24.883813858032227,31700
2021-12-31,26.139999389648438,26.329999923706055,25.75,26.25,25.113422393798828,3900
2022-01-03,26.25,26.920000076293945,26.190000534057617,26.610000610351562,25.45783805847168,7100
2022-01-04,26.709999084472656,26.940000534057617,26.610000610351562,26.889999389648438,25.725711822509766,56600
2022-01-05,26.700000762939453,26.989999771118164,26.649999618530273,26.889999389648438,25.725711822509766,1700
2022-01-06,26.739999771118164,28.329999923706055,26.739999771118164,27.639999389648438,26.4432373046875,15600
2022-01-07,27.8700008392334,29.829999923706055,27.719999313354492,29.5,28.222705841064453,17500
2022-01-10,30.0,31.309999465942383,30.0,30.5,29.17940330505371,19300
2022-01-11,31.0,31.3700008392334,29.540000915527344,29.8700008392334,28.576683044433594,38300
2022-01-12,29.610000610351562,29.719999313354492,28.6200008392334,28.979999542236328,27.7252197265625,17800
2022-01-13,28.989999771118164,29.5,28.739999771118164,29.0,27.744352340698242,11100
2022-01-14,28.75,29.420000076293945,28.700000762939453,28.799999237060547,27.55301284790039,9500
2022-01-18,28.700000762939453,28.829999923706055,28.110000610351562,28.5,27.266002655029297,17700
2022-01-19,28.25,28.3799991607666,26.81999969482422,27.649999618530273,26.452802658081055,44400
2022-01-20,27.899999618530273,28.719999313354492,27.25,27.75,26.548471450805664,26400
2022-01-21,27.5,28.989999771118164,27.5,28.399999618530273,27.170331954956055,17800
2022-01-24,28.100000381469727,29.0,26.739999771118164,28.989999771118164,27.734785079956055,19000
2022-01-25,28.639999389648438,29.940000534057617,28.639999389648438,29.18000030517578,27.91655731201172,36200
2022-01-26,29.25,30.260000228881836,29.0,30.020000457763672,28.720191955566406,103000
2022-01-27,29.780000686645508,30.5,29.739999771118164,30.06999969482422,28.768024444580078,38700
2022-01-28,29.780000686645508,30.049999237060547,29.299999237060547,29.6299991607666,28.347074508666992,16000
2022-01-31,29.6299991607666,29.84000015258789,29.0,29.739999771118164,28.452312469482422,26500
2022-02-01,29.350000381469727,29.920000076293945,29.329999923706055,29.5,28.222705841064453,18700
2022-02-02,29.329999923706055,30.18000030517578,29.010000228881836,29.110000610351562,27.849592208862305,35000
2022-02-03,28.899999618530273,30.020000457763672,28.780000686645508,29.06999969482422,27.811323165893555,32300
2022-02-04,29.100000381469727,29.559999465942383,29.0,29.5,28.222705841064453,16000
2022-02-07,29.34000015258789,29.639999389648438,29.049999237060547,29.469999313354492,28.194002151489258,15500
2022-02-08,29.790000915527344,29.90999984741211,29.40999984741211,29.5,28.222705841064453,12500
2022-02-09,29.6200008392334,30.0,29.600000381469727,29.959999084472656,28.662784576416016,32500
2022-02-10,29.850000381469727,30.239999771118164,29.260000228881836,29.459999084472656,28.18443489074707,15100
2022-02-11,29.229999542236328,29.799999237060547,28.729999542236328,28.959999084472656,27.70608139038086,30700
2022-02-14,29.280000686645508,29.459999084472656,28.639999389648438,28.860000610351562,27.610414505004883,13300
2022-02-15,29.0,29.06999969482422,28.940000534057617,29.0,27.744352340698242,28400
2022-02-16,29.110000610351562,29.600000381469727,28.950000762939453,28.979999542236328,27.7252197265625,41300
2022-02-17,28.700000762939453,29.0,28.610000610351562,28.959999084472656,27.70608139038086,19300
2022-02-18,28.920000076293945,29.0,28.75,28.75,27.505176544189453,8400
2022-02-22,28.600000381469727,28.979999542236328,28.530000686645508,28.899999618530273,27.648679733276367,11700
2022-02-23,28.90999984741211,29.0,28.600000381469727,28.600000381469727,27.36167335510254,15200
2022-02-24,28.290000915527344,29.0,27.239999771118164,28.940000534057617,27.686952590942383,19700
2022-02-25,28.75,29.0,28.600000381469727,28.600000381469727,27.36167335510254,5900
2022-02-28,28.260000228881836,28.8799991607666,27.950000762939453,28.350000381469727,27.12249755859375,27900
2022-03-01,28.149999618530273,28.489999771118164,27.540000915527344,27.6299991607666,26.433670043945312,15500
2022-03-02,27.989999771118164,28.93000030517578,27.989999771118164,28.43000030517578,27.199031829833984,13800
2022-03-03,28.5,28.5,27.700000762939453,28.0,26.78765296936035,28300
2022-03-04,27.75,27.81999969482422,27.56999969482422,27.75,26.548471450805664,16200
2022-03-07,27.75,27.940000534057617,27.020000457763672,27.190000534057617,26.01272201538086,19500
2022-03-08,27.100000381469727,27.8799991607666,27.100000381469727,27.190000534057617,26.01272201538086,14700
2022-03-09,27.739999771118164,27.780000686645508,27.190000534057617,27.540000915527344,26.347566604614258,6700
2022-03-10,27.469999313354492,27.8700008392334,27.469999313354492,27.780000686645508,26.674036026000977,6100
2022-03-11,27.780000686645508,28.280000686645508,27.59000015258789,27.799999237060547,26.693235397338867,10900
2022-03-14,27.780000686645508,28.770000457763672,27.780000686645508,28.299999237060547,27.17332649230957,15800
2022-03-15,28.68000030517578,28.950000762939453,28.18000030517578,28.18000030517578,27.058109283447266,8000
2022-03-16,28.510000228881836,28.950000762939453,28.479999542236328,28.579999923706055,27.442182540893555,4900
2022-03-17,28.219999313354492,28.709999084472656,28.219999313354492,28.420000076293945,27.288549423217773,10400
2022-03-18,28.420000076293945,28.690000534057617,28.0,28.489999771118164,27.355764389038086,23500
2022-03-21,28.5,28.5,28.139999389648438,28.280000686645508,27.15412712097168,15000
2022-03-22,28.5,28.5,28.270000457763672,28.3700008392334,27.24054527282715,10500
2022-03-23,28.0,28.3700008392334,27.43000030517578,28.110000610351562,26.990890502929688,18900
2022-03-24,28.139999389648438,28.84000015258789,28.139999389648438,28.709999084472656,27.567001342773438,11500
2022-03-25,28.850000381469727,28.969999313354492,28.3700008392334,28.3700008392334,27.24054527282715,5000
2022-03-28,28.440000534057617,28.729999542236328,28.139999389648438,28.520000457763672,27.384571075439453,7500
2022-03-29,28.510000228881836,28.829999923706055,28.420000076293945,28.530000686645508,27.394176483154297,14000
2022-03-30,28.350000381469727,28.3799991607666,27.84000015258789,28.139999389648438,27.019695281982422,8400
2022-03-31,28.0,28.329999923706055,27.799999237060547,27.979999542236328,26.866065979003906,6000
2022-04-01,28.360000610351562,28.360000610351562,27.729999542236328,27.75,26.645227432250977,13300
2022-04-04,27.899999618530273,28.010000228881836,27.3700008392334,27.559999465942383,26.462791442871094,21400
2022-04-05,27.510000228881836,27.770000457763672,27.299999237060547,27.399999618530273,26.309162139892578,10100
2022-04-06,27.5,27.780000686645508,26.93000030517578,27.25,26.165130615234375,14500
2022-04-07,27.520000457763672,27.600000381469727,27.139999389648438,27.299999237060547,26.2131404876709,17800
2022-04-08,27.200000762939453,28.399999618530273,27.200000762939453,28.079999923706055,26.96208953857422,24200
2022-04-11,27.989999771118164,28.639999389648438,27.850000381469727,27.959999084472656,26.846864700317383,18900
2022-04-12,27.8799991607666,28.25,27.850000381469727,28.059999465942383,26.942882537841797,16000
2022-04-13,27.8799991607666,28.270000457763672,27.850000381469727,28.020000457763672,26.904478073120117,13400
2022-04-14,28.049999237060547,29.0,28.049999237060547,28.350000381469727,27.22134017944336,19100
2022-04-18,28.059999465942383,29.0,28.059999465942383,28.979999542236328,27.82625961303711,27900
2022-04-19,28.790000915527344,29.780000686645508,28.790000915527344,29.559999465942383,28.383167266845703,48500
2022-04-20,29.459999084472656,30.0,29.360000610351562,29.5,28.325557708740234,50300
2022-04-21,29.43000030517578,29.610000610351562,28.670000076293945,29.09000015258789,27.9318790435791,158900
2022-04-22,29.280000686645508,29.440000534057617,28.950000762939453,29.1200008392334,27.96068572998047,15500
2022-04-25,28.920000076293945,29.450000762939453,28.540000915527344,29.059999465942383,27.9030704498291,26700
2022-04-26,28.84000015258789,29.260000228881836,28.739999771118164,28.93000030517578,27.77825164794922,22500
2022-04-27,28.850000381469727,29.1299991607666,28.799999237060547,28.8799991607666,27.730236053466797,40100
2022-04-28,28.829999923706055,28.989999771118164,28.649999618530273,28.899999618530273,27.749441146850586,32100
2022-04-29,28.700000762939453,29.0,28.700000762939453,28.850000381469727,27.701433181762695,61500
2022-05-02,28.75,28.989999771118164,28.549999237060547,28.81999969482422,27.672624588012695,32200
2022-05-03,28.850000381469727,28.93000030517578,28.200000762939453,28.549999237060547,27.413375854492188,388600
2022-05-04,28.600000381469727,29.049999237060547,28.459999084472656,28.700000762939453,27.55740737915039,53600
2022-05-05,28.6299991607666,28.709999084472656,28.200000762939453,28.549999237060547,27.413375854492188,57900
2022-05-06,28.450000762939453,28.6200008392334,28.010000228881836,28.25,27.125316619873047,49900
2022-05-09,28.18000030517578,28.3799991607666,28.040000915527344,28.290000915527344,27.163728713989258,32600
2022-05-10,28.200000762939453,28.25,27.579999923706055,28.0,26.885272979736328,36400
2022-05-11,28.25,28.25,27.8700008392334,27.979999542236328,26.866065979003906,38100
2022-05-12,28.06999969482422,28.1200008392334,27.6200008392334,28.100000381469727,26.981292724609375,48100
2022-05-13,28.190000534057617,28.299999237060547,28.010000228881836,28.190000534057617,27.06770896911621,33100
2022-05-16,28.100000381469727,28.350000381469727,27.84000015258789,27.989999771118164,26.87567138671875,37600
2022-05-17,28.209999084472656,28.43000030517578,28.18000030517578,28.200000762939453,27.07731056213379,22100
2022-05-18,28.1200008392334,28.239999771118164,27.90999984741211,28.06999969482422,26.95248794555664,20100
2022-05-19,28.0,28.1200008392334,27.700000762939453,27.75,26.645227432250977,30200
2022-05-20,27.850000381469727,28.059999465942383,27.559999465942383,27.65999984741211,26.558807373046875,16400
2022-05-23,27.760000228881836,28.079999923706055,27.700000762939453,27.860000610351562,26.7508487701416,37200
2022-05-24,27.299999237060547,28.1299991607666,27.299999237060547,28.06999969482422,26.95248794555664,40900
2022-05-25,28.25,28.43000030517578,28.0,28.18000030517578,27.058109283447266,83400
2022-05-26,28.299999237060547,28.709999084472656,28.280000686645508,28.530000686645508,27.394176483154297,37200
2022-05-27,28.600000381469727,28.760000228881836,28.360000610351562,28.399999618530273,27.26934814453125,28500
2022-05-31,28.25,29.149999618530273,28.25,29.0,27.845460891723633,100100
2022-06-01,29.09000015258789,29.309999465942383,28.950000762939453,29.25,28.085508346557617,73600
2022-06-02,29.139999389648438,29.5,29.1299991607666,29.270000457763672,28.10471534729004,29600
2022-06-03,29.18000030517578,29.43000030517578,29.18000030517578,29.389999389648438,28.219932556152344,29200
2022-06-06,29.360000610351562,29.579999923706055,28.520000457763672,28.709999084472656,27.567001342773438,79800
2022-06-07,28.5,28.81999969482422,28.270000457763672,28.59000015258789,27.451784133911133,74300
2022-06-08,28.68000030517578,29.1299991607666,28.360000610351562,28.59000015258789,27.451784133911133,29200
2022-06-09,28.360000610351562,28.459999084472656,28.010000228881836,28.200000762939453,27.18189239501953,64500
2022-06-10,28.079999923706055,28.079999923706055,27.649999618530273,27.90999984741211,26.90236473083496,33900
2022-06-13,27.75,27.770000457763672,26.940000534057617,26.940000534057617,25.967384338378906,62600
2022-06-14,26.950000762939453,27.520000457763672,26.950000762939453,27.1299991607666,26.150522232055664,43200
2022-06-15,27.1200008392334,28.40999984741211,27.1200008392334,27.34000015258789,26.352941513061523,60200
2022-06-16,27.260000228881836,27.530000686645508,26.799999237060547,26.799999237060547,25.832435607910156,109900
2022-06-17,26.979999542236328,27.31999969482422,26.790000915527344,27.239999771118164,26.256549835205078,59200
2022-06-21,27.329999923706055,27.579999923706055,26.989999771118164,26.989999771118164,26.015579223632812,56100
2022-06-22,26.93000030517578,27.100000381469727,26.639999389648438,26.75,25.784242630004883,59800
2022-06-23,26.670000076293945,26.860000610351562,26.18000030517578,26.25,25.30229377746582,78000
2022-06-24,26.459999084472656,27.25,25.729999542236328,25.81999969482422,24.887821197509766,901600
2022-06-27,26.079999923706055,27.209999084472656,25.950000762939453,27.139999389648438,26.1601619720459,97200
2022-06-28,27.309999465942383,27.760000228881836,26.760000228881836,27.0,26.02521514892578,42200
2022-06-29,26.940000534057617,27.34000015258789,26.3799991607666,26.510000228881836,25.552906036376953,65200
2022-06-30,26.25,26.56999969482422,25.8799991607666,26.479999542236328,25.523988723754883,116300
2022-07-01,26.520000457763672,26.8700008392334,26.25,26.799999237060547,25.832435607910156,44800
2022-07-05,26.5,27.280000686645508,26.299999237060547,27.239999771118164,26.256549835205078,60300
2022-07-06,27.260000228881836,27.290000915527344,26.829999923706055,26.84000015258789,25.870994567871094,27900
2022-07-07,26.780000686645508,27.239999771118164,26.639999389648438,26.639999389648438,25.678213119506836,22600
2022-07-08,26.65999984741211,26.8700008392334,26.549999237060547,26.84000015258789,25.870994567871094,51800
2022-07-11,26.760000228881836,27.459999084472656,26.649999618530273,27.170000076293945,26.18907928466797,39800
2022-07-12,27.200000762939453,27.6200008392334,27.09000015258789,27.18000030517578,26.198719024658203,32800
2022-07-13,27.1200008392334,27.579999923706055,26.579999923706055,26.920000076293945,25.948101043701172,21000
2022-07-14,27.139999389648438,27.850000381469727,26.299999237060547,26.65999984741211,25.697492599487305,39600
2022-07-15,26.979999542236328,27.209999084472656,26.75,26.8700008392334,25.899906158447266,30500
2022-07-18,26.809999465942383,27.139999389648438,26.739999771118164,26.81999969482422,25.851713180541992,30600
2022-07-19,26.940000534057617,27.389999389648438,26.940000534057617,27.149999618530273,26.1697998046875,35600
2022-07-20,27.110000610351562,27.260000228881836,26.770000457763672,27.170000076293945,26.18907928466797,56400
2022-07-21,27.18000030517578,27.219999313354492,27.030000686645508,27.149999618530273,26.1697998046875,18700
2022-07-22,27.010000228881836,27.299999237060547,26.799999237060547,26.889999389648438,25.919187545776367,20000
2022-07-25,27.06999969482422,27.579999923706055,27.049999237060547,27.43000030517578,26.4396915435791,31400
2022-07-26,27.520000457763672,27.559999465942383,27.329999923706055,27.40999984741211,26.420413970947266,17700
2022-07-27,27.329999923706055,27.940000534057617,27.329999923706055,27.649999618530273,26.65174674987793,25100
2022-07-28,27.530000686645508,28.09000015258789,27.479999542236328,27.809999465942383,26.805971145629883,11900
2022-07-29,27.969999313354492,28.270000457763672,27.75,28.020000457763672,27.008392333984375,20400
2022-08-01,27.950000762939453,28.260000228881836,27.75,28.010000228881836,26.99875259399414,38000
2022-08-02,27.979999542236328,28.030000686645508,27.75,27.75,26.748140335083008,17200
2022-08-03,27.700000762939453,27.829999923706055,27.639999389648438,27.739999771118164,26.73849868774414,19300
2022-08-04,27.690000534057617,27.93000030517578,27.690000534057617,27.850000381469727,26.844526290893555,12700
2022-08-05,27.799999237060547,28.0,27.75,27.950000762939453,26.94091796875,20700
2022-08-08,28.0,28.139999389648438,28.0,28.0,26.989112854003906,26700
2022-08-09,28.1299991607666,28.5,28.1299991607666,28.43000030517578,27.403587341308594,16300
2022-08-10,28.469999313354492,28.6200008392334,28.110000610351562,28.18000030517578,27.162616729736328,16200
2022-08-11,28.290000915527344,28.389999389648438,27.989999771118164,28.100000381469727,27.08550262451172,38200
2022-08-12,28.190000534057617,28.3799991607666,28.079999923706055,28.3700008392334,27.34575843811035,27800
2022-08-15,28.350000381469727,29.0,28.350000381469727,28.940000534057617,27.895177841186523,29100
2022-08-16,28.81999969482422,29.809999465942383,28.81999969482422,29.479999542236328,28.415678024291992,19900
2022-08-17,29.530000686645508,29.6200008392334,29.040000915527344,29.420000076293945,28.357847213745117,11900
2022-08-18,29.6200008392334,29.8700008392334,29.399999618530273,29.6299991607666,28.56026268005371,12600
2022-08-19,29.559999465942383,29.780000686645508,29.420000076293945,29.65999984741211,28.58917999267578,33600
2022-08-22,29.549999237060547,29.6200008392334,28.8799991607666,29.09000015258789,28.03976058959961,18800
2022-08-23,29.280000686645508,29.280000686645508,29.0,29.0,27.95301055908203,15000
2022-08-24,29.020000457763672,29.15999984741211,28.469999313354492,28.860000610351562,27.818063735961914,34100
2022-08-25,29.040000915527344,29.209999084472656,28.829999923706055,29.1299991607666,28.078317642211914,11000
2022-08-26,29.0,29.0,28.639999389648438,28.709999084472656,27.67347526550293,11700
2022-08-29,28.709999084472656,28.75,28.200000762939453,28.299999237060547,27.278278350830078,23200
2022-08-30,28.0,28.309999465942383,28.0,28.260000228881836,27.23972511291504,6900
2022-08-31,28.239999771118164,28.540000915527344,27.829999923706055,28.030000686645508,27.018030166625977,20500
2022-09-01,28.06999969482422,28.06999969482422,27.510000228881836,27.59000015258789,26.593915939331055,22000
2022-09-02,27.510000228881836,27.690000534057617,27.15999984741211,27.489999771118164,26.49752426147461,22100
2022-09-06,27.549999237060547,27.549999237060547,26.989999771118164,27.1299991607666,26.150522232055664,19400
2022-09-07,27.209999084472656,27.3799991607666,26.90999984741211,27.3700008392334,26.381858825683594,10700
2022-09-08,27.270000457763672,27.450000762939453,27.09000015258789,27.450000762939453,26.56574058532715,5100
2022-09-09,27.899999618530273,27.899999618530273,27.610000610351562,27.700000762939453,26.80768585205078,9900
2022-09-12,27.700000762939453,27.959999084472656,27.610000610351562,27.610000610351562,26.7205867767334,13300
2022-09-13,27.459999084472656,27.530000686645508,26.760000228881836,26.84000015258789,25.97538948059082,16700
2022-09-14,27.0,27.0,26.450000762939453,26.579999923706055,25.723764419555664,15700
2022-09-15,26.700000762939453,27.350000381469727,26.549999237060547,26.8799991607666,26.014101028442383,18600
2022-09-16,26.649999618530273,27.1200008392334,26.1299991607666,26.299999237060547,25.45277976989746,78500
2022-09-19,26.299999237060547,26.889999389648438,26.110000610351562,26.860000610351562,25.994747161865234,25200
2022-09-20,26.760000228881836,26.760000228881836,26.360000610351562,26.6200008392334,25.762474060058594,14000
2022-09-21,26.489999771118164,27.100000381469727,26.360000610351562,26.399999618530273,25.549560546875,16700
2022-09-22,26.479999542236328,26.479999542236328,25.850000381469727,26.09000015258789,25.249549865722656,12800
2022-09-23,25.950000762939453,25.950000762939453,25.520000457763672,25.799999237060547,24.968889236450195,11600
2022-09-26,25.6200008392334,25.790000915527344,25.299999237060547,25.40999984741211,24.591455459594727,21300
2022-09-27,25.3799991607666,25.420000076293945,24.799999237060547,25.06999969482422,24.262407302856445,28500
2022-09-28,25.170000076293945,25.790000915527344,25.0,25.459999084472656,24.639841079711914,21200
2022-09-29,25.260000228881836,25.579999923706055,25.170000076293945,25.43000030517578,24.610807418823242,13000
2022-09-30,25.559999465942383,25.6299991607666,25.110000610351562,25.110000610351562,24.301118850708008,116300
2022-10-03,25.469999313354492,25.5,25.25,25.479999542236328,24.659196853637695,17300
2022-10-04,25.6200008392334,26.260000228881836,25.6200008392334,26.200000762939453,25.35600471496582,18500
2022-10-05,26.09000015258789,26.200000762939453,25.8700008392334,26.079999923706055,25.239870071411133,11700
2022-10-06,26.030000686645508,26.540000915527344,25.6299991607666,25.75,24.92049789428711,10400
2022-10-07,25.739999771118164,26.049999237060547,25.010000228881836,25.25,24.43661117553711,24900
2022-10-10,25.270000457763672,25.360000610351562,25.049999237060547,25.209999084472656,24.39789390563965,7600
2022-10-11,25.229999542236328,25.56999969482422,25.020000457763672,25.1200008392334,24.3107967376709,7900
2022-10-12,25.110000610351562,25.389999389648438,25.110000610351562,25.25,24.43661117553711,48400
2022-10-13,24.899999618530273,25.81999969482422,24.899999618530273,25.600000381469727,24.775331497192383,45500
2022-10-14,25.75,26.239999771118164,25.520000457763672,25.969999313354492,25.133411407470703,27000
2022-10-17,26.0,26.979999542236328,26.0,26.959999084472656,26.091524124145508,29600
2022-10-18,27.25,27.56999969482422,26.899999618530273,27.1200008392334,26.246368408203125,10700
2022-10-19,27.329999923706055,27.329999923706055,26.600000381469727,27.170000076293945,26.294757843017578,9700
2022-10-20,27.100000381469727,27.450000762939453,26.530000686645508,26.719999313354492,25.8592529296875,11300
2022-10-21,26.799999237060547,27.149999618530273,26.6200008392334,26.940000534057617,26.072168350219727,10400
2022-10-24,27.290000915527344,27.5,27.1200008392334,27.440000534057617,26.556058883666992,10100
2022-10-25,27.5,27.920000076293945,27.489999771118164,27.90999984741211,27.010921478271484,15800
2022-10-26,27.950000762939453,28.350000381469727,27.719999313354492,27.90999984741211,27.010921478271484,8900
2022-10-27,28.170000076293945,28.190000534057617,27.829999923706055,28.010000228881836,27.107698440551758,11200
2022-10-28,28.040000915527344,28.3700008392334,27.829999923706055,28.18000030517578,27.27222442626953,27200
2022-10-31,28.18000030517578,28.790000915527344,28.040000915527344,28.65999984741211,27.736757278442383,18000
2022-11-01,28.860000610351562,28.899999618530273,28.5,28.649999618530273,27.727081298828125,20800
2022-11-02,28.489999771118164,28.8700008392334,28.100000381469727,28.260000228881836,27.34964370727539,18200
2022-11-03,28.149999618530273,28.420000076293945,27.93000030517578,28.09000015258789,27.18511962890625,12500
2022-11-04,28.5,28.719999313354492,28.139999389648438,28.690000534057617,27.765792846679688,13200
2022-11-07,28.899999618530273,28.899999618530273,28.1299991607666,28.209999084472656,27.30125617980957,27600
2022-11-08,28.3700008392334,28.3700008392334,28.040000915527344,28.049999237060547,27.14640998840332,9300
2022-11-09,28.1299991607666,28.65999984741211,27.799999237060547,28.200000762939453,27.29157829284668,11800
2022-11-10,28.75,29.540000915527344,28.25,28.959999084472656,28.0270938873291,23000
2022-11-11,29.149999618530273,29.8799991607666,27.770000457763672,28.719999313354492,27.794828414916992,28400
2022-11-14,28.75,28.75,28.360000610351562,28.440000534057617,27.523845672607422,14200
2022-11-15,28.5,28.700000762939453,28.299999237060547,28.479999542236328,27.562559127807617,60800
2022-11-16,28.6299991607666,28.899999618530273,28.299999237060547,28.489999771118164,27.572235107421875,13800
2022-11-17,28.450000762939453,28.639999389648438,28.020000457763672,28.530000686645508,27.610950469970703,13200
2022-11-18,28.549999237060547,28.90999984741211,28.450000762939453,28.5,27.581912994384766,11600
2022-11-21,28.600000381469727,28.65999984741211,28.350000381469727,28.5,27.581912994384766,15500
2022-11-22,28.600000381469727,28.780000686645508,28.489999771118164,28.579999923706055,27.65933609008789,19600
2022-11-23,28.600000381469727,28.600000381469727,28.31999969482422,28.40999984741211,27.49481201171875,6200
2022-11-25,28.280000686645508,28.5,28.190000534057617,28.5,27.581912994384766,13600
2022-11-28,28.5,28.579999923706055,28.1200008392334,28.18000030517578,27.27222442626953,16300
2022-11-29,28.299999237060547,28.3799991607666,28.09000015258789,28.1200008392334,27.214153289794922,12300
2022-11-30,27.780000686645508,28.65999984741211,27.649999618530273,28.510000228881836,27.591590881347656,15700
2022-12-01,28.420000076293945,28.690000534057617,28.389999389648438,28.549999237060547,27.630300521850586,9400
2022-12-02,28.420000076293945,28.829999923706055,28.260000228881836,28.6200008392334,27.698049545288086,8200
2022-12-05,28.290000915527344,28.3799991607666,27.81999969482422,28.06999969482422,27.1657657623291,14300
2022-12-06,29.200000762939453,29.200000762939453,27.850000381469727,28.100000381469727,27.194799423217773,26000
2022-12-07,28.010000228881836,28.110000610351562,27.709999084472656,27.90999984741211,27.010921478271484,6000
2022-12-08,27.75,27.84000015258789,27.18000030517578,27.459999084472656,26.575414657592773,16400
2022-12-09,27.309999465942383,27.520000457763672,27.290000915527344,27.3700008392334,26.48831558227539,8400
2022-12-12,27.399999618530273,27.459999084472656,27.010000228881836,27.399999618530273,26.517349243164062,14200
2022-12-13,27.56999969482422,27.690000534057617,27.09000015258789,27.280000686645508,26.401212692260742,26900
2022-12-14,27.270000457763672,27.270000457763672,26.719999313354492,26.81999969482422,25.956031799316406,23300
2022-12-15,26.940000534057617,26.940000534057617,26.5,26.68000030517578,25.9268798828125,14300
2022-12-16,26.68000030517578,27.209999084472656,26.40999984741211,26.700000762939453,25.946313858032227,94900
2022-12-19,26.59000015258789,26.860000610351562,26.469999313354492,26.729999542236328,25.975465774536133,16000
2022-12-20,27.020000457763672,27.020000457763672,26.549999237060547,26.690000534057617,25.936595916748047,34800
2022-12-21,26.899999618530273,27.43000030517578,26.899999618530273,27.389999389648438,26.61683464050293,23800
2022-12-22,27.3799991607666,27.3799991607666,27.1299991607666,27.239999771118164,26.4710693359375,9100
2022-12-23,27.399999618530273,27.40999984741211,27.34000015258789,27.350000381469727,26.577966690063477,6300
2022-12-27,27.389999389648438,27.389999389648438,27.1299991607666,27.1299991607666,26.36417579650879,5600
2022-12-28,27.020000457763672,27.1200008392334,26.719999313354492,27.010000228881836,26.2475643157959,25900
2022-12-29,27.1299991607666,27.399999618530273,27.1299991607666,27.290000915527344,26.51966094970703,5300
2022-12-30,27.299999237060547,27.389999389648438,27.09000015258789,27.329999923706055,26.558530807495117,8500
2023-01-03,27.299999237060547,27.299999237060547,26.68000030517578,26.719999313354492,25.965749740600586,11200
2023-01-04,26.959999084472656,27.059999465942383,26.520000457763672,26.520000457763672,25.77139663696289,11400
2023-01-05,26.520000457763672,26.520000457763672,26.25,26.3700008392334,25.62563133239746,14700
2023-01-06,26.510000228881836,26.75,26.5,26.600000381469727,25.849138259887695,16000
2023-01-09,26.600000381469727,26.860000610351562,26.100000381469727,26.3799991607666,25.635345458984375,77400
2023-01-10,26.299999237060547,26.68000030517578,26.139999389648438,26.399999618530273,25.654781341552734,32200
2023-01-11,26.59000015258789,26.59000015258789,26.040000915527344,26.489999771118164,25.74224281311035,48000
2023-01-12,26.59000015258789,27.360000610351562,26.59000015258789,27.09000015258789,26.325307846069336,10000
2023-01-13,27.09000015258789,27.329999923706055,26.510000228881836,27.1200008392334,26.35445785522461,21500
2023-01-17,27.239999771118164,27.239999771118164,26.469999313354492,26.600000381469727,25.849138259887695,18000
2023-01-18,26.5,26.639999389648438,26.239999771118164,26.260000228881836,25.51873779296875,31000
2023-01-19,26.149999618530273,26.399999618530273,26.0,26.170000076293945,25.431272506713867,13800
2023-01-20,26.290000915527344,26.420000076293945,26.139999389648438,26.399999618530273,25.654781341552734,16700
2023-01-23,26.290000915527344,26.530000686645508,26.15999984741211,26.25,25.509014129638672,23700
2023-01-24,26.65999984741211,26.65999984741211,26.020000457763672,26.049999237060547,25.314661026000977,11400
2023-01-25,26.040000915527344,26.139999389648438,25.899999618530273,26.1299991607666,25.392404556274414,28700
2023-01-26,26.229999542236328,26.260000228881836,25.950000762939453,26.190000534057617,25.450712203979492,31100
2023-01-27,26.200000762939453,26.389999389648438,26.200000762939453,26.260000228881836,25.51873779296875,8800
2023-01-30,25.959999084472656,26.389999389648438,25.959999084472656,26.1299991607666,25.392404556274414,24500
2023-01-31,26.25,26.489999771118164,26.25,26.469999313354492,25.722806930541992,15000
2023-02-01,26.479999542236328,26.739999771118164,26.329999923706055,26.540000915527344,25.790830612182617,16700
2023-02-02,26.739999771118164,27.1299991607666,26.65999984741211,27.1299991607666,26.36417579650879,18200
2023-02-03,27.100000381469727,27.530000686645508,27.100000381469727,27.459999084472656,26.684858322143555,17500
2023-02-06,27.0,27.65999984741211,26.959999084472656,27.110000610351562,26.34473991394043,20900
2023-02-07,27.25,27.270000457763672,27.06999969482422,27.239999771118164,26.4710693359375,93400
2023-02-08,27.219999313354492,27.309999465942383,27.18000030517578,27.200000762939453,26.432199478149414,10800
2023-02-09,27.350000381469727,27.43000030517578,26.920000076293945,27.100000381469727,26.335023880004883,18300
2023-02-10,27.0,27.0,26.770000457763672,26.860000610351562,26.101797103881836,12900
2023-02-13,26.84000015258789,26.979999542236328,26.709999084472656,26.780000686645508,26.024057388305664,9000
2023-02-14,26.610000610351562,26.889999389648438,26.350000381469727,26.639999389648438,25.88800621032715,34600
2023-02-15,26.639999389648438,26.780000686645508,26.5,26.649999618530273,25.89772605895996,6300
2023-02-16,26.649999618530273,26.65999984741211,26.520000457763672,26.65999984741211,25.907442092895508,7100
2023-02-17,26.84000015258789,26.979999542236328,26.530000686645508,26.579999923706055,25.829700469970703,10500
2023-02-21,26.579999923706055,27.5,26.389999389648438,26.530000686645508,25.78111457824707,18400
2023-02-22,26.479999542236328,26.600000381469727,26.350000381469727,26.389999389648438,25.645065307617188,15600
2023-02-23,26.540000915527344,26.600000381469727,26.540000915527344,26.600000381469727,25.849138259887695,4600
2023-02-24,26.6200008392334,26.6200008392334,26.110000610351562,26.389999389648438,25.645065307617188,15400
2023-02-27,26.6200008392334,26.6200008392334,26.309999465942383,26.399999618530273,25.654781341552734,8700
2023-02-28,26.610000610351562,26.610000610351562,26.40999984741211,26.40999984741211,25.664501190185547,10900
2023-03-01,26.25,26.649999618530273,26.200000762939453,26.3700008392334,25.62563133239746,15900
2023-03-02,26.469999313354492,26.469999313354492,26.219999313354492,26.360000610351562,25.61591148376465,9400
2023-03-03,26.34000015258789,26.43000030517578,26.229999542236328,26.389999389648438,25.645065307617188,14500
2023-03-06,26.540000915527344,26.540000915527344,26.209999084472656,26.229999542236328,25.489578247070312,29900
2023-03-07,26.1299991607666,26.3700008392334,26.0,26.1299991607666,25.392404556274414,11400
2023-03-08,26.200000762939453,26.25,25.920000076293945,25.989999771118164,25.25635528564453,27900
2023-03-09,25.6299991607666,25.809999465942383,24.889999389648438,24.889999389648438,24.299602508544922,33500
2023-03-10,24.8799991607666,25.020000457763672,23.850000381469727,24.34000015258789,23.76264762878418,88300
2023-03-13,24.0,25.1299991607666,21.700000762939453,22.329999923706055,21.800325393676758,111900
2023-03-14,23.459999084472656,25.8799991607666,23.010000228881836,23.43000030517578,22.87423324584961,58300
2023-03-15,23.0,23.90999984741211,22.75,23.18000030517578,22.630165100097656,35700
2023-03-16,23.010000228881836,24.040000915527344,22.75,23.549999237060547,22.99138641357422,47300
2023-03-17,23.530000686645508,23.639999389648438,23.200000762939453,23.530000686645508,22.971860885620117,69400
2023-03-20,23.709999084472656,24.15999984741211,23.399999618530273,23.520000457763672,22.962099075317383,148300
2023-03-21,23.809999465942383,23.90999984741211,23.760000228881836,23.8700008392334,23.303796768188477,18000
2023-03-22,23.860000610351562,24.290000915527344,23.200000762939453,23.280000686645508,22.727792739868164,15600
2023-03-23,23.489999771118164,23.489999771118164,22.709999084472656,22.81999969482422,22.278703689575195,16700
2023-03-24,22.690000534057617,23.200000762939453,22.59000015258789,22.940000534057617,22.395858764648438,16600
2023-03-27,23.1299991607666,23.600000381469727,22.959999084472656,23.030000686645508,22.483722686767578,16800
2023-03-28,22.899999618530273,23.309999465942383,22.850000381469727,22.959999084472656,22.415380477905273,6300
2023-03-29,23.030000686645508,23.200000762939453,22.75,22.940000534057617,22.395858764648438,17200
2023-03-30,23.09000015258789,23.09000015258789,22.239999771118164,22.43000030517578,21.8979549407959,19300
2023-03-31,22.420000076293945,22.899999618530273,22.40999984741211,22.809999465942383,22.268939971923828,24300
2023-04-03,22.770000457763672,23.1299991607666,22.649999618530273,23.010000228881836,22.464195251464844,255300
2023-04-04,23.18000030517578,23.18000030517578,22.1299991607666,22.309999465942383,21.780799865722656,22500
2023-04-05,22.0,22.34000015258789,21.93000030517578,22.09000015258789,21.56601905822754,17600
2023-04-06,22.020000457763672,22.280000686645508,22.020000457763672,22.110000610351562,21.585546493530273,11000
2023-04-10,22.260000228881836,22.520000457763672,22.010000228881836,22.1299991607666,21.60506820678711,18000
2023-04-11,22.079999923706055,22.479999542236328,22.020000457763672,22.280000686645508,21.751510620117188,18800
2023-04-12,22.729999542236328,22.729999542236328,22.020000457763672,22.260000228881836,21.731985092163086,17600
2023-04-13,22.260000228881836,22.399999618530273,22.040000915527344,22.200000762939453,21.673410415649414,22500
2023-04-14,22.34000015258789,22.489999771118164,21.8700008392334,22.15999984741211,21.63435935974121,33400
2023-04-17,22.489999771118164,22.65999984741211,21.920000076293945,22.559999465942383,22.024869918823242,22000
2023-04-18,22.760000228881836,22.850000381469727,22.420000076293945,22.540000915527344,22.00534439086914,14100
2023-04-19,22.610000610351562,23.270000457763672,22.549999237060547,23.1299991607666,22.581350326538086,19500
2023-04-20,23.06999969482422,23.760000228881836,23.020000457763672,23.43000030517578,22.87423324584961,24600
2023-04-21,23.40999984741211,23.420000076293945,23.170000076293945,23.25,22.698505401611328,16300
2023-04-24,23.280000686645508,23.56999969482422,23.280000686645508,23.350000381469727,22.796131134033203,29300
2023-04-25,23.350000381469727,23.610000610351562,22.6299991607666,22.799999237060547,22.25917625427246,23100
2023-04-26,22.799999237060547,22.90999984741211,22.3700008392334,22.559999465942383,22.024869918823242,41200
2023-04-27,22.6200008392334,22.639999389648438,22.3799991607666,22.5,21.96629524230957,14300
2023-04-28,22.670000076293945,23.190000534057617,22.399999618530273,23.149999618530273,22.600873947143555,14000
2023-05-01,23.200000762939453,23.3700008392334,22.700000762939453,22.709999084472656,22.171310424804688,17100
2023-05-02,22.889999389648438,22.889999389648438,21.040000915527344,21.200000762939453,20.69713020324707,25700
2023-05-03,21.3799991607666,21.899999618530273,21.139999389648438,21.239999771118164,20.736181259155273,17700
2023-05-04,21.020000457763672,21.020000457763672,20.010000228881836,20.639999389648438,20.15041160583496,23300
2023-05-05,21.059999465942383,22.979999542236328,21.059999465942383,21.420000076293945,20.91191291809082,26800
2023-05-08,21.579999923706055,22.1200008392334,20.700000762939453,21.6200008392334,21.107168197631836,42800
2023-05-09,21.530000686645508,21.780000686645508,21.1200008392334,21.399999618530273,20.892385482788086,26200
2023-05-10,21.520000457763672,21.719999313354492,21.139999389648438,21.5,20.990013122558594,19600
2023-05-11,21.5,21.739999771118164,21.09000015258789,21.190000534057617,20.687368392944336,12100
2023-05-12,21.34000015258789,21.350000381469727,21.0,21.219999313354492,20.71665382385254,13700
2023-05-15,21.280000686645508,21.610000610351562,21.280000686645508,21.549999237060547,21.03882598876953,26500
2023-05-16,21.6200008392334,21.700000762939453,21.299999237060547,21.299999237060547,20.794755935668945,10700
2023-05-17,21.469999313354492,21.989999771118164,21.399999618530273,21.989999771118164,21.46839141845703,20100
2023-05-18,21.829999923706055,22.149999618530273,21.829999923706055,22.1299991607666,21.60506820678711,14300
2023-05-19,22.270000457763672,22.270000457763672,21.899999618530273,22.0,21.478153228759766,11400
2023-05-22,22.1200008392334,22.31999969482422,21.940000534057617,22.25,21.72222328186035,9700
2023-05-23,22.389999389648438,22.770000457763672,22.329999923706055,22.700000762939453,22.16154670715332,16300
2023-05-24,22.530000686645508,22.889999389648438,22.530000686645508,22.700000762939453,22.16154670715332,11000
2023-05-25,22.8700008392334,22.8700008392334,22.5,22.75,22.210363388061523,21200
2023-05-26,22.700000762939453,22.850000381469727,22.600000381469727,22.709999084472656,22.171310424804688,18000
2023-05-30,22.8700008392334,22.899999618530273,22.6200008392334,22.760000228881836,22.22012710571289,24700
2023-05-31,22.700000762939453,22.899999618530273,22.639999389648438,22.75,22.210363388061523,13500
2023-06-01,22.93000030517578,22.959999084472656,22.75,22.760000228881836,22.22012710571289,20200
2023-06-02,22.799999237060547,23.440000534057617,22.799999237060547,23.389999389648438,22.835180282592773,24000
2023-06-05,23.309999465942383,23.43000030517578,22.760000228881836,22.799999237060547,22.25917625427246,12600
2023-06-06,22.920000076293945,23.899999618530273,22.920000076293945,23.729999542236328,23.167116165161133,26300
2023-06-07,24.34000015258789,24.34000015258789,23.899999618530273,24.329999923706055,23.752885818481445,49900
2023-06-08,24.290000915527344,24.290000915527344,23.719999313354492,24.040000915527344,23.586095809936523,19700
2023-06-09,24.0,24.100000381469727,23.600000381469727,23.8799991607666,23.429115295410156,19400
2023-06-12,24.040000915527344,24.170000076293945,23.690000534057617,23.75,23.301570892333984,12100
2023-06-13,23.600000381469727,24.059999465942383,23.219999313354492,23.739999771118164,23.291757583618164,26000
2023-06-14,23.700000762939453,23.899999618530273,23.530000686645508,23.780000686645508,23.331003189086914,20700
2023-06-15,23.760000228881836,23.940000534057617,23.6299991607666,23.889999389648438,23.438926696777344,25500
2023-06-16,24.049999237060547,24.309999465942383,23.690000534057617,23.899999618530273,23.4487361907959,61900
2023-06-20,24.149999618530273,24.149999618530273,23.5,23.649999618530273,23.203458786010742,14700
2023-06-21,23.520000457763672,23.760000228881836,23.43000030517578,23.479999542236328,23.03666877746582,18000
2023-06-22,23.219999313354492,23.290000915527344,22.65999984741211,22.889999389648438,22.457809448242188,14200
2023-06-23,22.75,24.139999389648438,22.700000762939453,23.559999465942383,23.115156173706055,131700
2023-06-26,23.3700008392334,24.290000915527344,23.149999618530273,23.299999237060547,22.86006736755371,32700
2023-06-27,23.309999465942383,23.920000076293945,23.200000762939453,23.81999969482422,23.370250701904297,28000
2023-06-28,23.829999923706055,23.860000610351562,23.540000915527344,23.6299991607666,23.1838321685791,14900
2023-06-29,24.1299991607666,24.1299991607666,23.600000381469727,23.860000610351562,23.409494400024414,10100
2023-06-30,23.799999237060547,23.940000534057617,23.540000915527344,23.59000015258789,23.144590377807617,12100
2023-07-03,23.579999923706055,23.760000228881836,23.309999465942383,23.760000228881836,23.311382293701172,7200
2023-07-05,23.6299991607666,23.68000030517578,23.239999771118164,23.270000457763672,22.83063316345215,14600
2023-07-06,23.15999984741211,23.15999984741211,22.489999771118164,22.780000686645508,22.349885940551758,21700
2023-07-07,22.850000381469727,23.31999969482422,22.850000381469727,23.260000228881836,22.82082176208496,31600
2023-07-10,23.360000610351562,23.360000610351562,22.799999237060547,22.84000015258789,22.40875244140625,10700
2023-07-11,22.809999465942383,23.18000030517578,22.610000610351562,23.09000015258789,22.65403175354004,11200
2023-07-12,23.239999771118164,23.299999237060547,22.850000381469727,23.010000228881836,22.57554054260254,17300
2023-07-13,23.239999771118164,23.299999237060547,23.0,23.110000610351562,22.673654556274414,17900
2023-07-14,23.219999313354492,24.469999313354492,23.1200008392334,24.350000381469727,23.890243530273438,37000
2023-07-17,24.170000076293945,25.690000534057617,23.559999465942383,25.18000030517578,24.704572677612305,18600
2023-07-18,25.84000015258789,26.3700008392334,25.149999618530273,25.479999542236328,24.998905181884766,26100
2023-07-19,25.780000686645508,26.68000030517578,25.649999618530273,26.3700008392334,25.872100830078125,30000
2023-07-20,26.389999389648438,26.5,25.709999084472656,25.979999542236328,25.489463806152344,18000
2023-07-21,26.06999969482422,26.829999923706055,26.06999969482422,26.40999984741211,25.911344528198242,11600
2023-07-24,26.540000915527344,27.15999984741211,26.540000915527344,27.15999984741211,26.647184371948242,18400
2023-07-25,27.09000015258789,27.09000015258789,26.260000228881836,26.260000228881836,25.764177322387695,17200
2023-07-26,26.479999542236328,27.520000457763672,26.239999771118164,26.5,25.999645233154297,25100
2023-07-27,26.690000534057617,26.700000762939453,26.139999389648438,26.5,25.999645233154297,17700
2023-07-28,26.479999542236328,26.5,25.920000076293945,26.170000076293945,25.675878524780273,15600
2023-07-31,27.110000610351562,27.110000610351562,25.65999984741211,26.520000457763672,26.019269943237305,12100
2023-08-01,26.3799991607666,26.850000381469727,26.170000076293945,26.709999084472656,26.205678939819336,12700
2023-08-02,26.479999542236328,27.219999313354492,26.350000381469727,26.610000610351562,26.10757064819336,15400
2023-08-03,26.65999984741211,27.030000686645508,26.56999969482422,26.719999313354492,26.215490341186523,9800
2023-08-04,26.889999389648438,26.969999313354492,26.270000457763672,26.350000381469727,25.85247802734375,10100
2023-08-07,26.489999771118164,26.68000030517578,26.25,26.68000030517578,26.17624855041504,9000
2023-08-08,26.360000610351562,27.18000030517578,26.290000915527344,27.18000030517578,26.666807174682617,6300
2023-08-09,26.899999618530273,26.899999618530273,26.170000076293945,26.40999984741211,25.911344528198242,10500
2023-08-10,26.780000686645508,26.780000686645508,26.299999237060547,26.299999237060547,25.803421020507812,5600
2023-08-11,26.030000686645508,26.489999771118164,25.93000030517578,26.3799991607666,25.88191032409668,12100
2023-08-14,26.100000381469727,26.100000381469727,25.68000030517578,25.68000030517578,25.19512939453125,6800
2023-08-15,25.5,25.5,25.079999923706055,25.09000015258789,24.616270065307617,6400
2023-08-16,24.6200008392334,24.6200008392334,24.59000015258789,24.59000015258789,24.125709533691406,7000
2023-08-17,24.59000015258789,24.799999237060547,24.549999237060547,24.719999313354492,24.25325584411621,6900
2023-08-18,24.549999237060547,25.440000534057617,24.18000030517578,24.18000030517578,23.72344970703125,41600
2023-08-21,24.43000030517578,24.43000030517578,24.1299991607666,24.25,23.79212760925293,7200
2023-08-22,24.15999984741211,24.170000076293945,23.899999618530273,23.969999313354492,23.517412185668945,12900
2023-08-23,23.920000076293945,24.290000915527344,23.899999618530273,24.280000686645508,23.821563720703125,10500
2023-08-24,24.139999389648438,24.600000381469727,24.139999389648438,24.469999313354492,24.007976531982422,10300
2023-08-25,24.5,24.520000457763672,24.299999237060547,24.389999389648438,23.929485321044922,4500
2023-08-28,24.579999923706055,24.579999923706055,24.25,24.40999984741211,23.949108123779297,6300
2023-08-29,24.290000915527344,24.5,24.290000915527344,24.489999771118164,24.02759552001953,7000
2023-08-30,24.270000457763672,24.469999313354492,24.139999389648438,24.469999313354492,24.007976531982422,11600
2023-08-31,24.5,24.5,23.920000076293945,24.170000076293945,23.713640213012695,14600
2023-09-01,24.25,24.68000030517578,24.25,24.65999984741211,24.19438934326172,7600
2023-09-05,24.389999389648438,24.420000076293945,24.360000610351562,24.360000610351562,23.90005111694336,3100
2023-09-06,24.110000610351562,24.1299991607666,23.81999969482422,23.81999969482422,23.370250701904297,10200
2023-09-07,23.709999084472656,23.75,23.309999465942383,23.31999969482422,22.995534896850586,40700
2023-09-08,23.40999984741211,23.8700008392334,23.40999984741211,23.829999923706055,23.49843978881836,6100
2023-09-11,23.68000030517578,23.899999618530273,23.65999984741211,23.65999984741211,23.3308048248291,4000
2023-09-12,23.860000610351562,24.399999618530273,23.860000610351562,24.040000915527344,23.70551872253418,11700
2023-09-13,23.950000762939453,24.149999618530273,23.950000762939453,24.010000228881836,23.675935745239258,8600
2023-09-14,24.020000457763672,25.729999542236328,24.020000457763672,25.079999923706055,24.731046676635742,35000
2023-09-15,25.110000610351562,25.110000610351562,23.56999969482422,23.770000457763672,23.43927574157715,73900
2023-09-18,23.93000030517578,23.93000030517578,23.649999618530273,23.729999542236328,23.399829864501953,8500
2023-09-19,23.649999618530273,23.850000381469727,23.559999465942383,23.56999969482422,23.24205780029297,14600
2023-09-20,24.06999969482422,24.06999969482422,23.59000015258789,23.59000015258789,23.26177978515625,8200
2023-09-21,23.540000915527344,23.940000534057617,23.540000915527344,23.940000534057617,23.606910705566406,10400
2023-09-22,23.899999618530273,23.899999618530273,23.360000610351562,23.3799991607666,23.05470085144043,10200
2023-09-25,23.399999618530273,24.190000534057617,23.399999618530273,23.809999465942383,23.478717803955078,5800
2023-09-26,23.709999084472656,24.299999237060547,23.579999923706055,23.610000610351562,23.2814998626709,14800
2023-09-27,23.399999618530273,23.850000381469727,23.399999618530273,23.719999313354492,23.389970779418945,9300
2023-09-28,23.889999389648438,23.940000534057617,23.809999465942383,23.81999969482422,23.48857879638672,12400
2023-09-29,23.90999984741211,23.90999984741211,23.389999389648438,23.43000030517578,23.104005813598633,12400
2023-10-02,23.34000015258789,23.6200008392334,23.34000015258789,23.43000030517578,23.104005813598633,12000
2023-10-03,23.270000457763672,23.350000381469727,23.1200008392334,23.1200008392334,22.798320770263672,8000
2023-10-04,23.18000030517578,23.600000381469727,23.18000030517578,23.520000457763672,23.192752838134766,13200
2023-10-05,23.520000457763672,23.90999984741211,23.5,23.770000457763672,23.43927574157715,17300
2023-10-06,23.530000686645508,23.850000381469727,23.5,23.850000381469727,23.518163681030273,8700
2023-10-09,23.549999237060547,23.8799991607666,23.489999771118164,23.649999618530273,23.32094383239746,30100
2023-10-10,23.75,24.040000915527344,23.520000457763672,23.520000457763672,23.192752838134766,29700
2023-10-11,23.579999923706055,23.75,23.25,23.639999389648438,23.31108283996582,18000
2023-10-12,23.459999084472656,23.739999771118164,23.200000762939453,23.549999237060547,23.222333908081055,17200
2023-10-13,23.8799991607666,23.8799991607666,23.549999237060547,23.739999771118164,23.40968894958496,37100
2023-10-16,23.799999237060547,23.799999237060547,23.299999237060547,23.299999237060547,22.975812911987305,21400
2023-10-17,23.3799991607666,23.8700008392334,23.350000381469727,23.5,23.17302894592285,34300
2023-10-18,23.440000534057617,23.520000457763672,23.139999389648438,23.229999542236328,22.906787872314453,13600
2023-10-19,23.149999618530273,23.329999923706055,23.030000686645508,23.030000686645508,22.709571838378906,14100
2023-10-20,23.09000015258789,23.09000015258789,22.700000762939453,22.780000686645508,22.46304702758789,19900
2023-10-23,22.65999984741211,23.149999618530273,22.6299991607666,22.90999984741211,22.591238021850586,21700
2023-10-24,23.030000686645508,23.059999465942383,22.6200008392334,22.670000076293945,22.354578018188477,11000
2023-10-25,22.65999984741211,23.100000381469727,22.5,22.799999237060547,22.482769012451172,19200
2023-10-26,22.75,23.520000457763672,22.75,23.520000457763672,23.192752838134766,9800
2023-10-27,23.3799991607666,23.450000762939453,22.770000457763672,23.0,22.679988861083984,10500
2023-10-30,23.1299991607666,24.530000686645508,23.1299991607666,23.969999313354492,23.636489868164062,18200
2023-10-31,24.5,24.5,23.700000762939453,24.059999465942383,23.725238800048828,11100
2023-11-01,23.920000076293945,23.920000076293945,23.719999313354492,23.850000381469727,23.518163681030273,8400
2023-11-02,24.34000015258789,24.729999542236328,24.1200008392334,24.729999542236328,24.38591766357422,6400
2023-11-03,25.209999084472656,25.530000686645508,24.389999389648438,25.389999389648438,25.036733627319336,7600
2023-11-06,25.15999984741211,25.540000915527344,25.15999984741211,25.420000076293945,25.066316604614258,6000
2023-11-07,25.420000076293945,25.59000015258789,24.420000076293945,25.200000762939453,24.84937858581543,8100
2023-11-08,24.90999984741211,25.049999237060547,24.639999389648438,25.049999237060547,24.701465606689453,7400
2023-11-09,24.739999771118164,24.950000762939453,24.739999771118164,24.850000381469727,24.504247665405273,6900
2023-11-10,25.25,25.389999389648438,24.850000381469727,25.170000076293945,24.819795608520508,8700
2023-11-13,25.170000076293945,25.420000076293945,25.010000228881836,25.299999237060547,24.947986602783203,7100
2023-11-14,25.93000030517578,27.170000076293945,25.93000030517578,26.90999984741211,26.535585403442383,14100
2023-11-15,27.31999969482422,27.31999969482422,26.68000030517578,26.68000030517578,26.308786392211914,6600
2023-11-16,26.43000030517578,26.440000534057617,25.969999313354492,26.440000534057617,26.072126388549805,4400
2023-11-17,26.860000610351562,26.860000610351562,25.8799991607666,26.790000915527344,26.417255401611328,11600
2023-11-20,26.8799991607666,26.8799991607666,26.40999984741211,26.489999771118164,26.121431350708008,5700
2023-11-21,26.510000228881836,26.510000228881836,25.969999313354492,25.969999313354492,25.60866355895996,5000
2023-11-22,26.260000228881836,26.530000686645508,26.260000228881836,26.520000457763672,26.151012420654297,5900
2023-11-24,26.56999969482422,26.8799991607666,26.56999969482422,26.6299991607666,26.25948143005371,2900
2023-11-27,26.700000762939453,27.0,26.40999984741211,27.0,26.624332427978516,10300
2023-11-28,26.90999984741211,27.34000015258789,26.309999465942383,26.770000457763672,26.39753532409668,11400
2023-11-29,27.3700008392334,27.75,27.3700008392334,27.739999771118164,27.35403823852539,17900
2023-11-30,27.75,27.940000534057617,27.40999984741211,27.43000030517578,27.048351287841797,20200
2023-12-01,27.84000015258789,28.18000030517578,27.6200008392334,28.020000457763672,27.630144119262695,23700
2023-12-04,27.8700008392334,28.350000381469727,27.56999969482422,28.149999618530273,27.758333206176758,11600
2023-12-05,28.190000534057617,28.399999618530273,28.0,28.110000610351562,27.718889236450195,5600
2023-12-06,27.989999771118164,28.040000915527344,27.229999542236328,27.399999618530273,27.018768310546875,13500
2023-12-07,27.399999618530273,27.59000015258789,27.0,27.559999465942383,27.176542282104492,8400
2023-12-08,27.530000686645508,28.010000228881836,27.520000457763672,27.719999313354492,27.334314346313477,7400
2023-12-11,27.889999389648438,27.889999389648438,26.68000030517578,26.68000030517578,26.308786392211914,21000
2023-12-12,26.719999313354492,26.8799991607666,25.690000534057617,26.65999984741211,26.2890625,12700
2023-12-13,26.510000228881836,27.899999618530273,26.510000228881836,27.34000015258789,26.95960235595703,23900
2023-12-14,27.700000762939453,28.280000686645508,27.25,27.540000915527344,27.27654266357422,25500
2023-12-15,27.639999389648438,27.799999237060547,26.739999771118164,27.670000076293945,27.405298233032227,69500
2023-12-18,27.6299991607666,27.8799991607666,27.079999923706055,27.84000015258789,27.573673248291016,41100
2023-12-19,27.719999313354492,28.489999771118164,27.700000762939453,27.920000076293945,27.65290641784668,33100
2023-12-20,28.190000534057617,28.93000030517578,27.709999084472656,28.020000457763672,27.751951217651367,40100
2023-12-21,27.739999771118164,28.799999237060547,27.739999771118164,28.690000534057617,28.41554069519043,27000
2023-12-22,28.700000762939453,29.149999618530273,28.290000915527344,28.68000030517578,28.405635833740234,44900
2023-12-26,28.43000030517578,29.280000686645508,28.25,29.280000686645508,28.999897003173828,23500
2023-12-27,28.8799991607666,29.209999084472656,28.770000457763672,29.200000762939453,28.92066192626953,12600
2023-12-28,29.18000030517578,29.75,29.0,29.68000030517578,29.39607048034668,17000
2023-12-29,29.780000686645508,29.8799991607666,29.450000762939453,29.59000015258789,29.306930541992188,11100
2024-01-02,29.420000076293945,29.829999923706055,28.889999389648438,28.889999389648438,28.61362648010254,32600
2024-01-03,28.93000030517578,28.93000030517578,28.34000015258789,28.43000030517578,28.15802764892578,9700
2024-01-04,28.559999465942383,28.940000534057617,28.260000228881836,28.260000228881836,27.989654541015625,14300
2024-01-05,28.219999313354492,28.700000762939453,28.219999313354492,28.56999969482422,28.296688079833984,24800
2024-01-08,28.43000030517578,28.6299991607666,28.350000381469727,28.610000610351562,28.336305618286133,10200
2024-01-09,28.459999084472656,28.690000534057617,28.299999237060547,28.299999237060547,28.02927017211914,11400
2024-01-10,28.450000762939453,28.469999313354492,28.010000228881836,28.170000076293945,27.900514602661133,19900
2024-01-11,28.1200008392334,28.290000915527344,27.200000762939453,27.610000610351562,27.34587287902832,12200
2024-01-12,28.399999618530273,28.399999618530273,27.540000915527344,27.920000076293945,27.65290641784668,10700
2024-01-16,27.989999771118164,28.459999084472656,27.639999389648438,28.450000762939453,28.177837371826172,11900
2024-01-17,28.3700008392334,28.3700008392334,27.510000228881836,28.020000457763672,27.751951217651367,34000
2024-01-18,27.850000381469727,28.34000015258789,27.469999313354492,28.229999542236328,27.959941864013672,34200
2024-01-19,28.34000015258789,29.8700008392334,27.850000381469727,29.280000686645508,28.999897003173828,43900
2024-01-22,29.59000015258789,30.700000762939453,29.59000015258789,30.700000762939453,30.406312942504883,21900
2024-01-23,30.5,30.5,29.549999237060547,29.549999237060547,29.26731300354004,17900
2024-01-24,29.940000534057617,30.0,29.40999984741211,29.40999984741211,29.128652572631836,4600
2024-01-25,29.81999969482422,30.0,29.200000762939453,29.780000686645508,29.495113372802734,14600
2024-01-26,29.989999771118164,29.989999771118164,29.5,29.68000030517578,29.39607048034668,7100
2024-01-29,29.829999923706055,30.1299991607666,29.68000030517578,29.989999771118164,29.703102111816406,36700
2024-01-30,29.760000228881836,30.049999237060547,29.639999389648438,29.639999389648438,29.3564510345459,10100
2024-01-31,29.450000762939453,29.799999237060547,27.1299991607666,27.389999389648438,27.127975463867188,19300
2024-02-01,27.5,27.81999969482422,27.200000762939453,27.579999923706055,27.316160202026367,11900
2024-02-02,27.290000915527344,27.90999984741211,27.139999389648438,27.260000228881836,26.99921989440918,8800
2024-02-05,27.200000762939453,27.3799991607666,26.68000030517578,26.889999389648438,26.63275909423828,18200
2024-02-06,26.700000762939453,26.829999923706055,25.709999084472656,26.200000762939453,25.949359893798828,24300
2024-02-07,26.209999084472656,27.309999465942383,25.329999923706055,26.75,26.49410057067871,20100
2024-02-08,26.5,27.1200008392334,26.5,26.93000030517578,26.67237663269043,8400
2024-02-09,27.15999984741211,27.639999389648438,27.1200008392334,27.229999542236328,26.969507217407227,8500
2024-02-12,27.5,28.510000228881836,27.5,27.920000076293945,27.65290641784668,13100
2024-02-13,27.200000762939453,27.200000762939453,26.219999313354492,26.219999313354492,25.969167709350586,21900
2024-02-14,26.239999771118164,27.799999237060547,26.209999084472656,27.280000686645508,27.01902961730957,11900
2024-02-15,28.260000228881836,28.469999313354492,27.399999618530273,28.049999237060547,27.781661987304688,12300
2024-02-16,27.899999618530273,27.899999618530273,27.260000228881836,27.260000228881836,26.99921989440918,7600
2024-02-20,26.899999618530273,27.639999389648438,26.899999618530273,27.06999969482422,26.811037063598633,11000
2024-02-21,26.780000686645508,27.6299991607666,26.559999465942383,27.559999465942383,27.296350479125977,15700
2024-02-22,27.6299991607666,27.979999542236328,27.399999618530273,27.399999618530273,27.137880325317383,8400
2024-02-23,27.6299991607666,27.6299991607666,27.440000534057617,27.469999313354492,27.207210540771484,4700
2024-02-26,27.5,28.209999084472656,27.18000030517578,27.18000030517578,26.919984817504883,7000
2024-02-27,28.0,28.0,27.25,27.719999313354492,27.454818725585938,11200
2024-02-28,27.479999542236328,27.479999542236328,26.34000015258789,26.530000686645508,26.276203155517578,13300
2024-02-29,26.8700008392334,27.700000762939453,26.170000076293945,27.3799991607666,27.118072509765625,13000
2024-03-01,27.239999771118164,27.600000381469727,26.31999969482422,26.75,26.49410057067871,80800
2024-03-04,26.84000015258789,27.299999237060547,26.459999084472656,27.110000610351562,26.85065460205078,10000
2024-03-05,27.110000610351562,27.559999465942383,27.0,27.399999618530273,27.137880325317383,11700
2024-03-06,27.56999969482422,27.56999969482422,27.030000686645508,27.34000015258789,27.078454971313477,6800
2024-03-07,27.059999465942383,28.010000228881836,27.059999465942383,27.6299991607666,27.365678787231445,12100
2024-03-08,27.780000686645508,27.790000915527344,27.549999237060547,27.75,27.48453140258789,6900
2024-03-11,27.889999389648438,28.149999618530273,27.239999771118164,27.65999984741211,27.39539337158203,9600
2024-03-12,27.700000762939453,27.760000228881836,27.299999237060547,27.299999237060547,27.038837432861328,6000
2024-03-13,27.700000762939453,27.81999969482422,27.600000381469727,27.690000534057617,27.425107955932617,8700
2024-03-14,27.90999984741211,27.90999984741211,26.1200008392334,26.799999237060547,26.668825149536133,24000
2024-03-15,26.40999984741211,28.020000457763672,26.40999984741211,28.020000457763672,27.882854461669922,38900
2024-03-18,27.93000030517578,28.110000610351562,27.31999969482422,27.31999969482422,27.186281204223633,13400
2024-03-19,27.350000381469727,27.81999969482422,26.950000762939453,27.030000686645508,26.897701263427734,6600
2024-03-20,27.0,28.18000030517578,26.780000686645508,27.799999237060547,27.663930892944336,19600
2024-03-21,27.75,29.8700008392334,26.850000381469727,29.700000762939453,29.55463218688965,82200
2024-03-22,29.700000762939453,29.700000762939453,28.68000030517578,28.68000030517578,28.53962516784668,21800
2024-03-25,28.940000534057617,28.940000534057617,27.479999542236328,27.479999542236328,27.345497131347656,23800
2024-03-26,27.479999542236328,27.540000915527344,27.030000686645508,27.3799991607666,27.245986938476562,13800
2024-03-27,27.889999389648438,28.270000457763672,27.25,27.850000381469727,27.713687896728516,83500
2024-03-28,27.799999237060547,27.850000381469727,27.360000610351562,27.600000381469727,27.46491050720215,15900
2024-04-01,27.440000534057617,28.100000381469727,26.790000915527344,27.700000762939453,27.564420700073242,44400
2024-04-02,27.350000381469727,28.290000915527344,26.809999465942383,27.010000228881836,26.877798080444336,7700
2024-04-03,26.889999389648438,26.899999618530273,26.350000381469727,26.700000762939453,26.569316864013672,9400
2024-04-04,26.8700008392334,26.8799991607666,26.8700008392334,26.8799991607666,26.74843406677246,5400
2024-04-05,26.65999984741211,26.889999389648438,26.600000381469727,26.68000030517578,26.549413681030273,4700
2024-04-08,27.0,27.0,26.280000686645508,26.350000381469727,26.22102928161621,6100
2024-04-09,26.350000381469727,26.350000381469727,26.350000381469727,26.350000381469727,26.22102928161621,4000
2024-04-10,26.110000610351562,26.600000381469727,25.670000076293945,26.34000015258789,26.211076736450195,21100
2024-04-11,26.0,26.260000228881836,25.729999542236328,26.0,25.87274169921875,8000
2024-04-12,26.5,26.700000762939453,26.020000457763672,26.280000686645508,26.151371002197266,35400
2024-04-15,26.34000015258789,26.700000762939453,26.329999923706055,26.43000030517578,26.300636291503906,16100
2024-04-16,26.260000228881836,26.450000762939453,26.260000228881836,26.399999618530273,26.270782470703125,5500
2024-04-17,26.3799991607666,26.469999313354492,26.280000686645508,26.280000686645508,26.151371002197266,25700
2024-04-18,26.469999313354492,26.479999542236328,26.399999618530273,26.399999618530273,26.270782470703125,11200
2024-04-19,26.290000915527344,26.90999984741211,26.290000915527344,26.90999984741211,26.778287887573242,8300
2024-04-22,26.59000015258789,27.579999923706055,26.59000015258789,27.510000228881836,27.375350952148438,13800
2024-04-23,27.329999923706055,27.84000015258789,27.329999923706055,27.6299991607666,27.494762420654297,7200
2024-04-24,27.31999969482422,27.739999771118164,27.25,27.739999771118164,27.604225158691406,9300
2024-04-25,26.959999084472656,27.25,26.799999237060547,27.25,27.116622924804688,12100
2024-04-26,27.25,27.6200008392334,27.25,27.6200008392334,27.484813690185547,4700
2024-04-29,26.8799991607666,27.010000228881836,26.8799991607666,27.010000228881836,26.877798080444336,2900
2024-04-30,26.799999237060547,26.920000076293945,26.549999237060547,26.920000076293945,26.788238525390625,14000
2024-05-01,27.030000686645508,27.530000686645508,27.0,27.270000457763672,27.136526107788086,28100
2024-05-02,27.219999313354492,27.540000915527344,27.219999313354492,27.440000534057617,27.305694580078125,10000
2024-05-03,27.43000030517578,27.700000762939453,27.139999389648438,27.700000762939453,27.564420700073242,3600
2024-05-06,27.989999771118164,28.0,27.360000610351562,27.360000610351562,27.226085662841797,6400
2024-05-07,27.299999237060547,27.899999618530273,26.790000915527344,27.100000381469727,26.967357635498047,8400
2024-05-08,27.010000228881836,27.549999237060547,27.010000228881836,27.549999237060547,27.41515350341797,6800
2024-05-09,27.739999771118164,27.959999084472656,27.510000228881836,27.850000381469727,27.713687896728516,8500
2024-05-10,27.940000534057617,27.940000534057617,27.6200008392334,27.649999618530273,27.514665603637695,5100
2024-05-13,27.700000762939453,27.81999969482422,27.100000381469727,27.100000381469727,26.967357635498047,5100
2024-05-14,27.389999389648438,27.459999084472656,26.8799991607666,26.8799991607666,26.74843406677246,5300
2024-05-15,27.010000228881836,27.600000381469727,26.75,27.600000381469727,27.46491050720215,21200
2024-05-16,27.459999084472656,27.84000015258789,27.459999084472656,27.700000762939453,27.564420700073242,10100
2024-05-17,28.049999237060547,28.09000015258789,27.81999969482422,27.940000534057617,27.803247451782227,7300
2024-05-20,28.989999771118164,28.989999771118164,26.90999984741211,26.90999984741211,26.778287887573242,19700
2024-05-21,27.329999923706055,27.6299991607666,26.90999984741211,27.5,27.365400314331055,24000
2024-05-22,27.40999984741211,27.780000686645508,27.40999984741211,27.6200008392334,27.484813690185547,10500
2024-05-23,27.780000686645508,27.809999465942383,27.270000457763672,27.459999084472656,27.325593948364258,14300
2024-05-24,27.829999923706055,27.8799991607666,27.469999313354492,27.8799991607666,27.743539810180664,9400
2024-05-28,27.690000534057617,27.979999542236328,27.420000076293945,27.420000076293945,27.285791397094727,12100
2024-05-29,27.309999465942383,27.799999237060547,27.309999465942383,27.56999969482422,27.435056686401367,12500
2024-05-30,27.540000915527344,27.920000076293945,27.43000030517578,27.43000030517578,27.29574203491211,9400
2024-05-31,27.780000686645508,28.0,27.700000762939453,27.979999542236328,27.843050003051758,9200
2024-06-03,28.350000381469727,28.350000381469727,27.0,27.06999969482422,26.937503814697266,11700
2024-06-04,27.0,27.0,26.510000228881836,26.790000915527344,26.658876419067383,10000
2024-06-05,26.579999923706055,26.700000762939453,26.5,26.700000762939453,26.569316864013672,8800
2024-06-06,26.530000686645508,27.020000457763672,26.360000610351562,26.559999465942383,26.43000030517578,9200
2024-06-07,26.459999084472656,26.489999771118164,26.290000915527344,26.290000915527344,26.290000915527344,12900
2024-06-10,26.299999237060547,26.309999465942383,26.059999465942383,26.219999313354492,26.219999313354492,18200
2024-06-11,26.059999465942383,26.360000610351562,26.059999465942383,26.360000610351562,26.360000610351562,11100
2024-06-12,26.940000534057617,27.260000228881836,26.06999969482422,26.700000762939453,26.700000762939453,14900
2024-06-13,26.31999969482422,26.329999923706055,26.31999969482422,26.329999923706055,26.329999923706055,3600
2024-06-14,26.059999465942383,26.059999465942383,25.65999984741211,25.760000228881836,25.760000228881836,17100
2024-06-17,26.059999465942383,26.329999923706055,25.899999618530273,26.280000686645508,26.280000686645508,6800
2024-06-18,26.850000381469727,27.709999084472656,26.219999313354492,26.559999465942383,26.559999465942383,20400
2024-06-20,26.459999084472656,27.329999923706055,25.920000076293945,25.93000030517578,25.93000030517578,41200
2024-06-21,26.049999237060547,26.139999389648438,25.600000381469727,25.90999984741211,25.90999984741211,44100
2024-06-24,25.75,26.510000228881836,25.75,26.489999771118164,26.489999771118164,28000
2024-06-25,26.149999618530273,27.049999237060547,26.149999618530273,26.649999618530273,26.649999618530273,7700
2024-06-26,26.510000228881836,27.489999771118164,26.389999389648438,26.920000076293945,26.920000076293945,16600
2024-06-27,27.31999969482422,27.8700008392334,27.31999969482422,27.8700008392334,27.8700008392334,9300
2024-06-28,28.020000457763672,29.729999542236328,27.989999771118164,29.56999969482422,29.56999969482422,65200
2024-07-01,29.549999237060547,29.549999237060547,28.850000381469727,28.850000381469727,28.850000381469727,11800
2024-07-02,29.020000457763672,29.049999237060547,28.450000762939453,28.579999923706055,28.579999923706055,6900
2024-07-03,28.399999618530273,28.399999618530273,27.969999313354492,27.969999313354492,27.969999313354492,3400
2024-07-05,27.799999237060547,27.799999237060547,27.06999969482422,27.100000381469727,27.100000381469727,25300
2024-07-08,27.209999084472656,27.56999969482422,26.270000457763672,27.31999969482422,27.31999969482422,16100
2024-07-09,27.399999618530273,27.510000228881836,27.139999389648438,27.399999618530273,27.399999618530273,17800
2024-07-10,27.56999969482422,28.149999618530273,27.5,28.149999618530273,28.149999618530273,12000
2024-07-11,28.81999969482422,29.639999389648438,28.149999618530273,29.149999618530273,29.149999618530273,23000
2024-07-12,29.760000228881836,31.440000534057617,29.079999923706055,30.170000076293945,30.170000076293945,46500
2024-07-15,31.1200008392334,31.610000610351562,30.780000686645508,31.290000915527344,31.290000915527344,39600
2024-07-16,31.479999542236328,32.5099983215332,31.3700008392334,31.56999969482422,31.56999969482422,54500
2024-07-17,31.399999618530273,34.470001220703125,31.399999618530273,34.470001220703125,34.470001220703125,27500
2024-07-18,34.310001373291016,34.310001373291016,33.70000076293945,34.08000183105469,34.08000183105469,35800
2024-07-19,34.209999084472656,34.470001220703125,33.91999816894531,34.25,34.25,17000
2024-07-22,33.0,34.5,32.43000030517578,34.27000045776367,34.27000045776367,78300
2024-07-23,34.0,35.65999984741211,33.810001373291016,35.0,35.0,22400
2024-07-24,34.810001373291016,35.5,34.5,34.5,34.5,17800
2024-07-25,34.349998474121094,35.150001525878906,33.810001373291016,34.66999816894531,34.66999816894531,39800
2024-07-26,35.04999923706055,35.599998474121094,34.34000015258789,35.560001373291016,35.560001373291016,30700
2024-07-29,35.349998474121094,35.349998474121094,33.790000915527344,34.130001068115234,34.130001068115234,27300
2024-07-30,34.040000915527344,34.470001220703125,34.040000915527344,34.369998931884766,34.369998931884766,13500
2024-07-31,34.40999984741211,35.31999969482422,34.279998779296875,34.619998931884766,34.619998931884766,13300
2024-08-01,35.099998474121094,35.099998474121094,33.900001525878906,34.11000061035156,34.11000061035156,30500
2024-08-02,32.939998626708984,33.970001220703125,32.310001373291016,33.529998779296875,33.529998779296875,24900
2024-08-05,32.54999923706055,32.65999984741211,31.520000457763672,31.8799991607666,31.8799991607666,24200
2024-08-06,31.799999237060547,31.799999237060547,31.100000381469727,31.100000381469727,31.100000381469727,21500
2024-08-07,31.25,31.25,30.81999969482422,31.010000228881836,31.010000228881836,45100
2024-08-08,31.25,31.350000381469727,31.100000381469727,31.239999771118164,31.239999771118164,10000
2024-08-09,31.149999618530273,31.200000762939453,30.989999771118164,31.139999389648438,31.139999389648438,8631
