Date,Open,High,Low,Close,Adj Close,Volume
2021-05-14,11.890000343322754,13.149999618530273,11.300000190734863,11.5,11.5,646300
2021-05-17,11.5,12.289999961853027,11.390000343322754,12.25,12.25,78800
2021-05-18,12.25,12.350000381469727,11.760000228881836,12.350000381469727,12.350000381469727,11900
2021-05-19,12.569999694824219,16.110000610351562,11.880000114440918,15.260000228881836,15.260000228881836,75200
2021-05-20,15.0,26.969999313354492,14.880000114440918,19.360000610351562,19.360000610351562,592500
2021-05-21,18.389999389648438,20.049999237060547,18.38800048828125,19.75,19.75,69700
2021-05-24,20.200000762939453,21.5,19.010000228881836,19.969999313354492,19.969999313354492,93300
2021-05-25,20.0,20.309999465942383,19.5,19.739999771118164,19.739999771118164,37900
2021-05-26,19.6200008392334,20.0,19.18000030517578,19.5,19.5,12900
2021-05-27,19.5,19.5,16.350000381469727,18.420000076293945,18.420000076293945,76300
2021-05-28,18.780000686645508,18.850000381469727,16.219999313354492,17.25,17.25,28600
2021-06-01,17.25,17.540000915527344,15.489999771118164,15.550000190734863,15.550000190734863,32900
2021-06-02,15.600000381469727,16.1299991607666,15.529999732971191,15.720000267028809,15.720000267028809,23000
2021-06-03,15.0,15.911999702453613,14.149999618530273,14.850000381469727,14.850000381469727,11900
2021-06-04,14.350000381469727,15.300000190734863,14.350000381469727,14.710000038146973,14.710000038146973,11500
2021-06-07,15.069999694824219,15.069999694824219,13.010000228881836,13.449999809265137,13.449999809265137,22400
2021-06-08,14.760000228881836,18.75,14.579999923706055,14.970000267028809,14.970000267028809,176700
2021-06-09,15.40999984741211,15.972999572753906,14.63599967956543,15.25,15.25,43800
2021-06-10,15.149999618530273,15.5,14.65999984741211,14.970000267028809,14.970000267028809,13400
2021-06-11,15.289999961853027,15.289999961853027,14.600000381469727,14.609999656677246,14.609999656677246,15600
2021-06-14,14.899999618530273,15.572999954223633,14.640000343322754,15.430000305175781,15.430000305175781,36100
2021-06-15,15.0600004196167,16.02199935913086,14.989999771118164,16.0,16.0,80100
2021-06-16,15.859999656677246,16.0,15.260000228881836,15.770000457763672,15.770000457763672,39400
2021-06-17,15.40999984741211,15.829999923706055,15.260000228881836,15.420000076293945,15.420000076293945,17800
2021-06-18,15.369999885559082,15.699999809265137,14.0600004196167,14.09000015258789,14.09000015258789,86000
2021-06-21,14.260000228881836,14.800000190734863,14.0,14.25,14.25,40400
2021-06-22,15.329999923706055,16.4689998626709,14.050000190734863,15.84000015258789,15.84000015258789,21700
2021-06-23,15.430000305175781,15.850000381469727,15.300000190734863,15.850000381469727,15.850000381469727,14000
2021-06-24,15.369999885559082,15.494999885559082,14.529999732971191,14.65999984741211,14.65999984741211,16200
2021-06-25,14.789999961853027,15.194999694824219,14.520000457763672,14.649999618530273,14.649999618530273,4200
2021-06-28,14.510000228881836,15.170000076293945,14.399999618530273,14.399999618530273,14.399999618530273,31500
2021-06-29,14.5,14.800000190734863,13.510000228881836,13.699999809265137,13.699999809265137,30900
2021-06-30,13.899999618530273,13.994999885559082,13.010000228881836,13.260000228881836,13.260000228881836,28200
2021-07-01,13.279999732971191,14.342000007629395,13.149999618530273,13.710000038146973,13.710000038146973,18500
2021-07-02,14.140000343322754,14.430000305175781,13.5,14.0600004196167,14.0600004196167,6200
2021-07-06,14.0,14.449999809265137,13.699999809265137,14.289999961853027,14.289999961853027,3000
2021-07-07,14.5,15.100000381469727,14.069999694824219,14.199999809265137,14.199999809265137,9400
2021-07-08,13.5,15.0,13.5,14.5,14.5,10100
2021-07-09,14.550000190734863,14.550000190734863,13.510000228881836,13.920000076293945,13.920000076293945,2300
2021-07-12,14.0,14.970000267028809,14.0,14.890000343322754,14.890000343322754,4000
2021-07-13,14.232000350952148,14.970000267028809,14.232000350952148,14.869999885559082,14.869999885559082,7900
2021-07-14,14.470000267028809,14.956999778747559,13.65999984741211,14.4399995803833,14.4399995803833,6800
2021-07-15,14.869999885559082,14.899999618530273,14.675000190734863,14.899999618530273,14.899999618530273,5100
2021-07-16,14.949999809265137,15.579999923706055,14.503999710083008,14.850000381469727,14.850000381469727,8100
2021-07-19,15.0,15.979999542236328,14.800000190734863,15.979999542236328,15.979999542236328,9300
2021-07-20,15.899999618530273,16.670000076293945,15.793999671936035,16.5,16.5,13300
2021-07-21,16.700000762939453,17.010000228881836,16.25,16.5,16.5,10000
2021-07-22,17.040000915527344,17.549999237060547,16.128000259399414,16.579999923706055,16.579999923706055,5300
2021-07-23,17.329999923706055,17.90999984741211,17.0,17.600000381469727,17.600000381469727,4300
2021-07-26,17.600000381469727,18.0,17.02899932861328,17.850000381469727,17.850000381469727,5800
2021-07-27,17.530000686645508,18.0,17.0,17.6299991607666,17.6299991607666,11200
2021-07-28,17.5,18.0,17.25,17.899999618530273,17.899999618530273,29700
2021-07-29,17.871999740600586,18.0,17.625,18.0,18.0,18000
2021-07-30,17.579999923706055,18.0,17.09000015258789,18.0,18.0,4800
2021-08-02,17.989999771118164,17.989999771118164,17.190000534057617,17.399999618530273,17.399999618530273,3600
2021-08-03,17.139999389648438,17.350000381469727,16.75,17.25,17.25,9700
2021-08-04,17.229999542236328,17.5,16.510000228881836,17.06999969482422,17.06999969482422,27200
2021-08-05,17.100000381469727,17.5,16.934999465942383,17.100000381469727,17.100000381469727,23400
2021-08-06,17.200000762939453,17.489999771118164,16.68000030517578,17.489999771118164,17.489999771118164,6700
2021-08-09,17.33300018310547,17.489999771118164,16.670000076293945,16.670000076293945,16.670000076293945,14000
2021-08-10,16.81999969482422,17.391000747680664,16.510000228881836,17.059999465942383,17.059999465942383,2900
2021-08-11,16.860000610351562,17.43000030517578,16.510000228881836,16.700000762939453,16.700000762939453,26700
2021-08-12,16.6299991607666,17.0,16.559999465942383,16.760000228881836,16.760000228881836,2200
2021-08-13,16.538000106811523,17.0,16.538000106811523,16.940000534057617,16.940000534057617,6500
2021-08-16,17.0,17.0,16.530000686645508,17.0,17.0,3000
2021-08-17,16.68000030517578,17.0,16.520000457763672,16.989999771118164,16.989999771118164,14200
2021-08-18,16.940000534057617,17.860000610351562,16.709999084472656,17.5,17.5,9900
2021-08-19,16.68400001525879,17.0,16.510000228881836,17.0,17.0,7600
2021-08-20,18.0,18.989999771118164,17.0,18.899999618530273,18.899999618530273,10300
2021-08-23,19.0,19.5,18.290000915527344,18.290000915527344,18.290000915527344,11600
2021-08-24,18.280000686645508,18.649999618530273,17.450000762939453,17.450000762939453,17.450000762939453,5800
2021-08-25,16.799999237060547,17.790000915527344,16.670000076293945,17.0,17.0,7800
2021-08-26,16.729999542236328,17.0,14.0,14.25,14.25,17600
2021-08-27,14.800000190734863,17.020000457763672,14.770000457763672,15.90999984741211,15.90999984741211,27600
2021-08-30,16.5,17.174999237060547,14.260000228881836,14.800000190734863,14.800000190734863,19500
2021-08-31,14.5,15.925000190734863,14.5,14.739999771118164,14.739999771118164,12200
2021-09-01,15.079999923706055,16.868999481201172,14.739999771118164,16.139999389648438,16.139999389648438,31300
2021-09-02,16.329999923706055,19.479999542236328,15.947999954223633,19.440000534057617,19.440000534057617,60900
2021-09-03,19.979999542236328,28.743000030517578,18.260000228881836,25.799999237060547,25.799999237060547,351400
2021-09-07,25.690000534057617,27.0,23.0,25.719999313354492,25.719999313354492,113000
2021-09-08,24.90999984741211,28.0,24.0,24.760000228881836,24.760000228881836,93000
2021-09-09,24.670000076293945,29.25,24.670000076293945,25.739999771118164,25.739999771118164,69900
2021-09-10,26.200000762939453,29.0,24.520000457763672,26.1299991607666,26.1299991607666,67700
2021-09-13,27.229999542236328,27.459999084472656,25.75,26.440000534057617,26.440000534057617,58400
2021-09-14,26.75,28.649999618530273,26.479999542236328,27.15999984741211,27.15999984741211,85100
2021-09-15,26.649999618530273,31.40999984741211,26.43000030517578,30.600000381469727,30.600000381469727,186000
2021-09-16,30.6200008392334,33.45000076293945,21.06999969482422,22.479999542236328,22.479999542236328,271400
2021-09-17,21.670000076293945,22.718000411987305,18.0,20.93000030517578,20.93000030517578,911600
2021-09-20,20.200000762939453,20.277000427246094,16.729999542236328,17.75,17.75,158500
2021-09-21,17.600000381469727,18.006999969482422,15.5,16.360000610351562,16.360000610351562,173300
2021-09-22,17.40999984741211,17.75,15.140000343322754,15.920000076293945,15.920000076293945,134300
2021-09-23,16.1299991607666,17.540000915527344,15.859999656677246,17.34000015258789,17.34000015258789,187100
2021-09-24,16.84000015258789,17.43600082397461,16.200000762939453,16.799999237060547,16.799999237060547,149600
2021-09-27,16.81999969482422,18.100000381469727,16.329999923706055,17.43000030517578,17.43000030517578,148800
2021-09-28,17.18000030517578,17.510000228881836,15.970000267028809,16.059999465942383,16.059999465942383,68300
2021-09-29,16.010000228881836,17.459999084472656,16.010000228881836,16.43000030517578,16.43000030517578,36300
2021-09-30,16.690000534057617,17.399999618530273,16.06999969482422,17.350000381469727,17.350000381469727,44000
2021-10-01,17.459999084472656,18.299999237060547,16.719999313354492,18.18000030517578,18.18000030517578,54800
2021-10-04,18.1299991607666,18.1299991607666,14.59000015258789,16.8799991607666,16.8799991607666,136200
2021-10-05,16.700000762939453,18.25,15.40999984741211,15.430000305175781,15.430000305175781,76600
2021-10-06,15.5,16.59000015258789,14.979999542236328,15.619999885559082,15.619999885559082,38300
2021-10-07,15.619999885559082,17.0,15.619999885559082,16.299999237060547,16.299999237060547,22400
2021-10-08,16.469999313354492,16.469999313354492,15.0,15.3100004196167,15.3100004196167,16000
2021-10-11,15.069999694824219,16.600000381469727,15.069999694824219,16.09000015258789,16.09000015258789,37700
2021-10-12,15.880000114440918,17.790000915527344,15.270000457763672,17.700000762939453,17.700000762939453,62100
2021-10-13,17.299999237060547,18.5,16.360000610351562,17.6299991607666,17.6299991607666,36600
2021-10-14,17.670000076293945,18.190000534057617,16.239999771118164,16.31999969482422,16.31999969482422,41500
2021-10-15,16.90999984741211,17.530000686645508,14.430000305175781,15.010000228881836,15.010000228881836,72900
2021-10-18,15.010000228881836,16.610000610351562,14.739999771118164,16.309999465942383,16.309999465942383,34700
2021-10-19,16.469999313354492,17.200000762939453,15.6899995803833,16.920000076293945,16.920000076293945,39300
2021-10-20,16.68000030517578,17.489999771118164,16.28499984741211,17.34000015258789,17.34000015258789,34100
2021-10-21,17.020000457763672,17.170000076293945,15.770999908447266,16.549999237060547,16.549999237060547,18900
2021-10-22,16.43000030517578,17.440000534057617,16.215999603271484,17.09000015258789,17.09000015258789,16000
2021-10-25,16.8799991607666,17.479999542236328,16.450000762939453,17.450000762939453,17.450000762939453,13300
2021-10-26,17.209999084472656,19.31999969482422,16.84000015258789,18.68000030517578,18.68000030517578,34800
2021-10-27,18.760000228881836,18.760000228881836,17.010000228881836,17.170000076293945,17.170000076293945,18700
2021-10-28,16.9950008392334,18.329999923706055,16.974000930786133,17.639999389648438,17.639999389648438,10600
2021-10-29,18.360000610351562,19.989999771118164,17.149999618530273,19.350000381469727,19.350000381469727,39800
2021-11-01,19.34000015258789,19.34000015258789,17.260000228881836,17.709999084472656,17.709999084472656,18500
2021-11-02,17.600000381469727,18.3700008392334,17.31800079345703,17.799999237060547,17.799999237060547,19400
2021-11-03,17.969999313354492,19.290000915527344,17.700000762939453,19.049999237060547,19.049999237060547,16000
2021-11-04,19.229999542236328,19.229999542236328,17.389999389648438,17.799999237060547,17.799999237060547,31800
2021-11-05,18.0,21.0,18.0,19.75,19.75,57400
2021-11-08,19.700000762939453,20.917999267578125,18.89299964904785,20.3700008392334,20.3700008392334,14600
2021-11-09,20.450000762939453,25.729999542236328,19.1299991607666,25.190000534057617,25.190000534057617,36300
2021-11-10,25.1299991607666,27.989999771118164,21.075000762939453,23.530000686645508,23.530000686645508,70400
2021-11-11,22.106000900268555,25.034000396728516,20.209999084472656,22.260000228881836,22.260000228881836,46500
2021-11-12,21.20599937438965,24.34000015258789,20.976999282836914,22.510000228881836,22.510000228881836,51800
2021-11-15,22.540000915527344,23.65999984741211,21.600000381469727,23.399999618530273,23.399999618530273,32400
2021-11-16,23.0,25.0,22.540000915527344,24.549999237060547,24.549999237060547,55400
2021-11-17,24.549999237060547,24.940000534057617,22.09000015258789,24.75,24.75,45300
2021-11-18,25.100000381469727,28.8799991607666,23.371000289916992,28.43000030517578,28.43000030517578,62700
2021-11-19,28.469999313354492,32.757999420166016,27.030000686645508,31.200000762939453,31.200000762939453,82100
2021-11-22,30.829999923706055,32.875,26.059999465942383,26.889999389648438,26.889999389648438,50000
2021-11-23,27.010000228881836,28.739999771118164,24.81999969482422,25.59000015258789,25.59000015258789,39600
2021-11-24,25.989999771118164,27.0,25.239999771118164,26.5,26.5,14600
2021-11-26,28.139999389648438,33.27000045776367,25.030000686645508,30.0,30.0,45100
2021-11-29,29.610000610351562,32.7400016784668,28.579999923706055,31.469999313354492,31.469999313354492,74000
2021-11-30,31.84000015258789,35.79999923706055,30.329999923706055,35.79999923706055,35.79999923706055,58300
2021-12-01,36.0,37.11000061035156,31.420000076293945,33.279998779296875,33.279998779296875,62600
2021-12-02,33.279998779296875,34.63999938964844,27.719999313354492,28.5,28.5,39000
2021-12-03,27.950000762939453,29.0,26.18000030517578,28.049999237060547,28.049999237060547,38100
2021-12-06,28.549999237060547,32.395999908447266,26.719999313354492,30.579999923706055,30.579999923706055,43000
2021-12-07,30.579999923706055,31.200000762939453,27.860000610351562,28.889999389648438,28.889999389648438,46600
2021-12-08,28.850000381469727,28.850000381469727,23.655000686645508,24.1299991607666,24.1299991607666,86100
2021-12-09,24.15999984741211,26.43600082397461,23.540000915527344,24.5,24.5,77100
2021-12-10,24.149999618530273,25.219999313354492,23.649999618530273,24.360000610351562,24.360000610351562,36900
2021-12-13,24.959999084472656,25.610000610351562,23.3700008392334,23.799999237060547,23.799999237060547,62200
2021-12-14,23.690000534057617,23.950000762939453,22.0,22.790000915527344,22.790000915527344,43500
2021-12-15,23.670000076293945,23.670000076293945,20.81999969482422,22.510000228881836,22.510000228881836,68800
2021-12-16,22.96500015258789,22.96500015258789,20.329999923706055,22.200000762939453,22.200000762939453,121300
2021-12-17,22.079999923706055,25.350000381469727,20.110000610351562,24.739999771118164,24.739999771118164,404000
2021-12-20,23.100000381469727,24.59000015258789,19.59000015258789,20.270000457763672,20.270000457763672,266600
2021-12-21,20.010000228881836,21.076000213623047,19.420000076293945,20.299999237060547,20.299999237060547,190900
2021-12-22,20.31999969482422,21.434999465942383,19.459999084472656,20.6299991607666,20.6299991607666,126900
2021-12-23,20.25,23.0,19.420000076293945,22.84000015258789,22.84000015258789,66300
2021-12-27,22.959999084472656,23.040000915527344,21.170000076293945,22.56999969482422,22.56999969482422,26900
2021-12-28,22.350000381469727,24.450000762939453,22.350000381469727,23.989999771118164,23.989999771118164,35100
2021-12-29,23.84000015258789,26.020000457763672,22.200000762939453,25.030000686645508,25.030000686645508,59500
2021-12-30,25.219999313354492,27.969999313354492,24.16200065612793,25.299999237060547,25.299999237060547,48500
2021-12-31,25.299999237060547,27.829999923706055,25.299999237060547,26.719999313354492,26.719999313354492,58400
2022-01-03,27.06999969482422,28.5,24.65999984741211,28.059999465942383,28.059999465942383,68400
2022-01-04,27.739999771118164,29.200000762939453,24.780000686645508,27.040000915527344,27.040000915527344,50000
2022-01-05,26.8700008392334,26.8700008392334,21.770000457763672,22.31999969482422,22.31999969482422,51900
2022-01-06,22.450000762939453,24.31999969482422,20.280000686645508,23.709999084472656,23.709999084472656,81900
2022-01-07,22.56999969482422,22.96500015258789,20.399999618530273,21.139999389648438,21.139999389648438,56900
2022-01-10,21.450000762939453,22.6299991607666,20.510000228881836,21.75,21.75,45200
2022-01-11,21.31999969482422,23.40999984741211,20.979999542236328,22.350000381469727,22.350000381469727,54800
2022-01-12,21.889999389648438,23.5,20.420000076293945,22.0,22.0,55100
2022-01-13,22.440000534057617,22.56999969482422,20.549999237060547,20.56999969482422,20.56999969482422,66400
2022-01-14,20.010000228881836,20.81999969482422,19.2450008392334,19.989999771118164,19.989999771118164,58300
2022-01-18,19.0,20.6299991607666,18.25,19.540000915527344,19.540000915527344,52000
2022-01-19,20.020000457763672,21.719999313354492,19.1299991607666,19.850000381469727,19.850000381469727,50400
2022-01-20,19.18000030517578,21.25,18.549999237060547,19.600000381469727,19.600000381469727,68200
2022-01-21,19.030000686645508,20.969999313354492,18.979999542236328,19.06999969482422,19.06999969482422,47700
2022-01-24,18.940000534057617,20.799999237060547,18.1200008392334,19.559999465942383,19.559999465942383,53500
2022-01-25,18.969999313354492,20.15999984741211,18.459999084472656,19.31999969482422,19.31999969482422,26500
2022-01-26,19.770000457763672,19.770000457763672,18.649999618530273,19.040000915527344,19.040000915527344,53800
2022-01-27,19.18000030517578,20.575000762939453,18.415000915527344,20.020000457763672,20.020000457763672,46200
2022-01-28,20.010000228881836,20.010000228881836,18.0,19.489999771118164,19.489999771118164,69800
2022-01-31,19.209999084472656,20.614999771118164,18.540000915527344,19.93000030517578,19.93000030517578,53800
2022-02-01,19.950000762939453,20.329999923706055,19.18000030517578,20.110000610351562,20.110000610351562,23200
2022-02-02,20.229999542236328,20.229999542236328,18.80500030517578,19.0,19.0,34900
2022-02-03,18.65999984741211,19.19700050354004,18.0,18.850000381469727,18.850000381469727,40600
2022-02-04,18.610000610351562,19.049999237060547,18.18000030517578,18.90999984741211,18.90999984741211,81800
2022-02-07,18.719999313354492,20.72800064086914,18.719999313354492,20.3700008392334,20.3700008392334,35000
2022-02-08,18.0,21.46500015258789,17.940000534057617,20.854999542236328,20.854999542236328,189600
2022-02-09,22.885000228881836,22.885000228881836,18.899999618530273,19.049999237060547,19.049999237060547,196500
2022-02-10,18.729999542236328,18.93000030517578,16.5,17.799999237060547,17.799999237060547,1196500
2022-02-11,18.09000015258789,19.790000915527344,17.520000457763672,18.56999969482422,18.56999969482422,140800
2022-02-14,18.549999237060547,20.5,17.665000915527344,19.139999389648438,19.139999389648438,199900
2022-02-15,19.59000015258789,20.485000610351562,18.899999618530273,19.829999923706055,19.829999923706055,157400
2022-02-16,20.010000228881836,21.225000381469727,19.469999313354492,20.940000534057617,20.940000534057617,137800
2022-02-17,20.420000076293945,21.489999771118164,20.010000228881836,20.989999771118164,20.989999771118164,123600
2022-02-18,20.600000381469727,22.829999923706055,20.600000381469727,21.84000015258789,21.84000015258789,67400
2022-02-22,21.690000534057617,22.8700008392334,21.100000381469727,22.149999618530273,22.149999618530273,106400
2022-02-23,21.940000534057617,23.1299991607666,21.459999084472656,21.670000076293945,21.670000076293945,75100
2022-02-24,21.479999542236328,22.0,20.489999771118164,21.469999313354492,21.469999313354492,52400
2022-02-25,21.510000228881836,23.18000030517578,20.6299991607666,22.950000762939453,22.950000762939453,100300
2022-02-28,23.1299991607666,24.239999771118164,22.3700008392334,23.209999084472656,23.209999084472656,125300
2022-03-01,23.485000610351562,23.5,21.8700008392334,22.8799991607666,22.8799991607666,99300
2022-03-02,22.729999542236328,23.790000915527344,22.18000030517578,22.59000015258789,22.59000015258789,87200
2022-03-03,22.8700008392334,23.360000610351562,21.559999465942383,22.239999771118164,22.239999771118164,88200
2022-03-04,22.270000457763672,23.8799991607666,21.8799991607666,22.850000381469727,22.850000381469727,64400
2022-03-07,23.1200008392334,23.770000457763672,21.020000457763672,21.389999389648438,21.389999389648438,131200
2022-03-08,21.040000915527344,23.225000381469727,20.6200008392334,22.170000076293945,22.170000076293945,89800
2022-03-09,22.200000762939453,23.225000381469727,22.200000762939453,23.040000915527344,23.040000915527344,60200
2022-03-10,22.809999465942383,24.350000381469727,22.43000030517578,23.81999969482422,23.81999969482422,87200
2022-03-11,23.649999618530273,24.125,22.709999084472656,23.450000762939453,23.450000762939453,122200
2022-03-14,23.719999313354492,24.100000381469727,22.889999389648438,23.030000686645508,23.030000686645508,63100
2022-03-15,23.170000076293945,24.280000686645508,21.3799991607666,24.010000228881836,24.010000228881836,74600
2022-03-16,24.079999923706055,24.950000762939453,23.450000762939453,24.100000381469727,24.100000381469727,122900
2022-03-17,24.690000534057617,24.979999542236328,23.010000228881836,23.780000686645508,23.780000686645508,138900
2022-03-18,24.40999984741211,24.94499969482422,22.579999923706055,23.0,23.0,745600
2022-03-21,22.299999237060547,22.670000076293945,21.040000915527344,21.31999969482422,21.31999969482422,74000
2022-03-22,21.200000762939453,22.5,20.104999542236328,22.229999542236328,22.229999542236328,89200
2022-03-23,21.950000762939453,22.40999984741211,20.239999771118164,20.6200008392334,20.6200008392334,47800
2022-03-24,20.360000610351562,21.639999389648438,19.440000534057617,21.600000381469727,21.600000381469727,55400
2022-03-25,21.989999771118164,23.125,21.65999984741211,22.719999313354492,22.719999313354492,37100
2022-03-28,22.950000762939453,22.97100067138672,21.510000228881836,22.100000381469727,22.100000381469727,37800
2022-03-29,22.280000686645508,24.0,22.280000686645508,22.920000076293945,22.920000076293945,42200
2022-03-30,22.75,23.56999969482422,22.479999542236328,22.600000381469727,22.600000381469727,29600
2022-03-31,22.790000915527344,24.940000534057617,22.260000228881836,23.489999771118164,23.489999771118164,91800
2022-04-01,23.360000610351562,23.577999114990234,22.280000686645508,22.860000610351562,22.860000610351562,87600
2022-04-04,22.197999954223633,23.010000228881836,22.190000534057617,22.850000381469727,22.850000381469727,27300
2022-04-05,23.329999923706055,24.719999313354492,22.9950008392334,23.18000030517578,23.18000030517578,55900
2022-04-06,23.1299991607666,23.270000457763672,22.040000915527344,22.81999969482422,22.81999969482422,116300
2022-04-07,22.81999969482422,22.826000213623047,21.790000915527344,22.690000534057617,22.690000534057617,40200
2022-04-08,22.520000457763672,23.219999313354492,22.520000457763672,23.09000015258789,23.09000015258789,21500
2022-04-11,23.110000610351562,24.530000686645508,22.309999465942383,23.020000457763672,23.020000457763672,39900
2022-04-12,23.489999771118164,23.489999771118164,22.440000534057617,22.540000915527344,22.540000915527344,16600
2022-04-13,22.780000686645508,23.74799919128418,22.200000762939453,22.989999771118164,22.989999771118164,47700
2022-04-14,23.360000610351562,23.77199935913086,22.610000610351562,23.1200008392334,23.1200008392334,34400
2022-04-18,23.0,23.940000534057617,22.8799991607666,23.25,23.25,44500
2022-04-19,24.559999465942383,24.59000015258789,23.010000228881836,23.399999618530273,23.399999618530273,115200
2022-04-20,23.469999313354492,23.540000915527344,22.329999923706055,23.040000915527344,23.040000915527344,119800
2022-04-21,22.920000076293945,23.1299991607666,21.809999465942383,22.209999084472656,22.209999084472656,58100
2022-04-22,22.06999969482422,22.06999969482422,21.06999969482422,21.690000534057617,21.690000534057617,45900
2022-04-25,21.290000915527344,22.600000381469727,20.979999542236328,21.18000030517578,21.18000030517578,508300
2022-04-26,21.0,21.0,19.53499984741211,20.459999084472656,20.459999084472656,52700
2022-04-27,20.219999313354492,22.469999313354492,19.81999969482422,19.950000762939453,19.950000762939453,36900
2022-04-28,20.280000686645508,20.739999771118164,19.700000762939453,20.450000762939453,20.450000762939453,37200
2022-04-29,20.1299991607666,20.420000076293945,19.485000610351562,20.0,20.0,35800
2022-05-02,21.1299991607666,21.1299991607666,18.5,20.139999389648438,20.139999389648438,59400
2022-05-03,20.030000686645508,20.075000762939453,18.59000015258789,19.0,19.0,32000
2022-05-04,18.850000381469727,19.0,18.010000228881836,18.81999969482422,18.81999969482422,59300
2022-05-05,18.5,18.760000228881836,18.100000381469727,18.59000015258789,18.59000015258789,57700
2022-05-06,18.729999542236328,18.729999542236328,18.209999084472656,18.510000228881836,18.510000228881836,57800
2022-05-09,18.450000762939453,18.549999237060547,16.530000686645508,16.6200008392334,16.6200008392334,267800
2022-05-10,16.889999389648438,17.350000381469727,15.710000038146973,16.959999084472656,16.959999084472656,122300
2022-05-11,16.950000762939453,17.1299991607666,15.109999656677246,15.140000343322754,15.140000343322754,119000
2022-05-12,14.970000267028809,15.774999618530273,13.579999923706055,14.510000228881836,14.510000228881836,124000
2022-05-13,14.680000305175781,16.0,14.680000305175781,15.289999961853027,15.289999961853027,240200
2022-05-16,15.069999694824219,16.190000534057617,14.050000190734863,15.829999923706055,15.829999923706055,101300
2022-05-17,16.1200008392334,17.799999237060547,16.1200008392334,17.68000030517578,17.68000030517578,159700
2022-05-18,17.389999389648438,17.76099967956543,16.15999984741211,16.40999984741211,16.40999984741211,71600
2022-05-19,16.170000076293945,16.735000610351562,15.395000457763672,16.459999084472656,16.459999084472656,83300
2022-05-20,16.84000015258789,17.6299991607666,16.31999969482422,17.030000686645508,17.030000686645508,63700
2022-05-23,17.010000228881836,17.34000015258789,14.380000114440918,14.850000381469727,14.850000381469727,84100
2022-05-24,14.869999885559082,16.280000686645508,14.510000228881836,16.139999389648438,16.139999389648438,66400
2022-05-25,16.0,16.239999771118164,14.5,14.890000343322754,14.890000343322754,60200
2022-05-26,14.9399995803833,15.074999809265137,14.5,14.84000015258789,14.84000015258789,38500
2022-05-27,15.100000381469727,16.235000610351562,15.050000190734863,15.890000343322754,15.890000343322754,60600
2022-05-31,15.649999618530273,15.760000228881836,14.265000343322754,14.539999961853027,14.539999961853027,261100
2022-06-01,14.619999885559082,14.819999694824219,13.329999923706055,14.020000457763672,14.020000457763672,106000
2022-06-02,14.100000381469727,14.510000228881836,13.970000267028809,14.25,14.25,90800
2022-06-03,14.25,15.0600004196167,14.079999923706055,14.279999732971191,14.279999732971191,77500
2022-06-06,14.420000076293945,14.609999656677246,13.079000473022461,13.569999694824219,13.569999694824219,72200
2022-06-07,13.59000015258789,14.289999961853027,13.579999923706055,13.829999923706055,13.829999923706055,105600
2022-06-08,13.75,14.989999771118164,13.5,13.699999809265137,13.699999809265137,41500
2022-06-09,13.779999732971191,14.100000381469727,13.529999732971191,13.880000114440918,13.880000114440918,183100
2022-06-10,13.579999923706055,14.34000015258789,13.359999656677246,13.989999771118164,13.989999771118164,122000
2022-06-13,13.619999885559082,13.619999885559082,12.28499984741211,12.989999771118164,12.989999771118164,93500
2022-06-14,12.39900016784668,13.130000114440918,12.39900016784668,12.819999694824219,12.819999694824219,21800
2022-06-15,13.050000190734863,14.28499984741211,13.050000190734863,13.989999771118164,13.989999771118164,62300
2022-06-16,13.510000228881836,13.649999618530273,12.529999732971191,13.329999923706055,13.329999923706055,39200
2022-06-17,13.5,15.569999694824219,13.5,13.920000076293945,13.920000076293945,171900
2022-06-21,14.050000190734863,14.994999885559082,14.050000190734863,14.350000381469727,14.350000381469727,136900
2022-06-22,14.140000343322754,15.119999885559082,14.020000457763672,14.220000267028809,14.220000267028809,135100
2022-06-23,14.210000038146973,14.25,13.279999732971191,13.619999885559082,13.619999885559082,44000
2022-06-24,13.899999618530273,14.680000305175781,13.539999961853027,14.199999809265137,14.199999809265137,269800
2022-06-27,14.420000076293945,14.569999694824219,13.619999885559082,13.75,13.75,56100
2022-06-28,13.920000076293945,13.920000076293945,13.020000457763672,13.319999694824219,13.319999694824219,66900
2022-06-29,13.319999694824219,13.470000267028809,12.289999961853027,13.350000381469727,13.350000381469727,80100
2022-06-30,13.09000015258789,14.050000190734863,13.09000015258789,13.609999656677246,13.609999656677246,73900
2022-07-01,13.609999656677246,13.765000343322754,13.029999732971191,13.270000457763672,13.270000457763672,59800
2022-07-05,12.960000038146973,14.260000228881836,12.960000038146973,13.949999809265137,13.949999809265137,116200
2022-07-06,14.670000076293945,14.979999542236328,13.710000038146973,14.0,14.0,80300
2022-07-07,14.279999732971191,15.890000343322754,14.279999732971191,14.899999618530273,14.899999618530273,74300
2022-07-08,14.75,14.989999771118164,14.444999694824219,14.6899995803833,14.6899995803833,40600
2022-07-11,14.050000190734863,14.329999923706055,13.449999809265137,13.510000228881836,13.510000228881836,31300
2022-07-12,14.369999885559082,14.59000015258789,13.069999694824219,14.210000038146973,14.210000038146973,79300
2022-07-13,14.069999694824219,14.975000381469727,13.835000038146973,14.880000114440918,14.880000114440918,104500
2022-07-14,14.609999656677246,15.600000381469727,14.609999656677246,15.489999771118164,15.489999771118164,94600
2022-07-15,15.930000305175781,16.709999084472656,15.5,15.949999809265137,15.949999809265137,53500
2022-07-18,16.1200008392334,16.1200008392334,15.619999885559082,15.739999771118164,15.739999771118164,63500
2022-07-19,15.90999984741211,16.549999237060547,15.460000038146973,16.190000534057617,16.190000534057617,76400
2022-07-20,16.18000030517578,18.0,16.18000030517578,16.760000228881836,16.760000228881836,53700
2022-07-21,16.799999237060547,17.0,15.937999725341797,16.3799991607666,16.3799991607666,51000
2022-07-22,16.690000534057617,17.809999465942383,16.190000534057617,16.229999542236328,16.229999542236328,37300
2022-07-25,16.309999465942383,16.40999984741211,15.5,16.34000015258789,16.34000015258789,67900
2022-07-26,16.399999618530273,17.469999313354492,16.200000762939453,17.0,17.0,75200
2022-07-27,17.280000686645508,17.889999389648438,17.219999313354492,17.84000015258789,17.84000015258789,45400
2022-07-28,17.760000228881836,17.760000228881836,17.0,17.6299991607666,17.6299991607666,35200
2022-07-29,17.25,17.5049991607666,17.09000015258789,17.25,17.25,37200
2022-08-01,17.049999237060547,17.7549991607666,16.850000381469727,17.020000457763672,17.020000457763672,63900
2022-08-02,16.959999084472656,17.5,16.559999465942383,16.75,16.75,29100
2022-08-03,16.809999465942383,18.1299991607666,16.809999465942383,17.540000915527344,17.540000915527344,47700
2022-08-04,17.729999542236328,18.399999618530273,17.700000762939453,18.15999984741211,18.15999984741211,50900
2022-08-05,18.479999542236328,19.790000915527344,18.209999084472656,18.31999969482422,18.31999969482422,68800
2022-08-08,18.3700008392334,19.399999618530273,17.09000015258789,17.989999771118164,17.989999771118164,72400
2022-08-09,17.950000762939453,18.299999237060547,16.270000457763672,17.950000762939453,17.950000762939453,88400
2022-08-10,18.709999084472656,20.0,18.69499969482422,19.56999969482422,19.56999969482422,101000
2022-08-11,19.56999969482422,19.610000610351562,18.479999542236328,19.350000381469727,19.350000381469727,53500
2022-08-12,19.049999237060547,20.690000534057617,19.020000457763672,20.350000381469727,20.350000381469727,92600
2022-08-15,20.43000030517578,21.969999313354492,20.31999969482422,21.649999618530273,21.649999618530273,52300
2022-08-16,21.75,21.75,20.850000381469727,20.979999542236328,20.979999542236328,68900
2022-08-17,20.600000381469727,21.100000381469727,19.739999771118164,19.8799991607666,19.8799991607666,48400
2022-08-18,19.770000457763672,20.700000762939453,19.770000457763672,20.239999771118164,20.239999771118164,43500
2022-08-19,19.8700008392334,20.25,18.239999771118164,18.600000381469727,18.600000381469727,281700
2022-08-22,20.329999923706055,20.329999923706055,17.9950008392334,18.209999084472656,18.209999084472656,46800
2022-08-23,17.849000930786133,19.5,17.849000930786133,18.649999618530273,18.649999618530273,28300
2022-08-24,18.899999618530273,21.479999542236328,18.860000610351562,20.3799991607666,20.3799991607666,60000
2022-08-25,20.520000457763672,21.149999618530273,20.170000076293945,20.600000381469727,20.600000381469727,110600
2022-08-26,20.40999984741211,20.950000762939453,19.100000381469727,19.639999389648438,19.639999389648438,99400
2022-08-29,19.0,22.31999969482422,19.0,21.81999969482422,21.81999969482422,251800
2022-08-30,21.889999389648438,22.600000381469727,20.040000915527344,20.510000228881836,20.510000228881836,227600
2022-08-31,20.459999084472656,21.790000915527344,20.43000030517578,21.729999542236328,21.729999542236328,113900
2022-09-01,21.260000228881836,21.75,20.670000076293945,21.399999618530273,21.399999618530273,101000
2022-09-02,21.600000381469727,21.969999313354492,18.969999313354492,19.209999084472656,19.209999084472656,128000
2022-09-06,19.209999084472656,19.790000915527344,18.5,19.06999969482422,19.06999969482422,42800
2022-09-07,18.6299991607666,20.299999237060547,18.6299991607666,20.200000762939453,20.200000762939453,277300
2022-09-08,20.760000228881836,20.989999771118164,20.0,20.610000610351562,20.610000610351562,60700
2022-09-09,20.43000030517578,20.71500015258789,19.670000076293945,20.0,20.0,61300
2022-09-12,20.020000457763672,21.18000030517578,19.440000534057617,21.09000015258789,21.09000015258789,62600
2022-09-13,20.329999923706055,22.229999542236328,19.81999969482422,20.899999618530273,20.899999618530273,115400
2022-09-14,20.950000762939453,21.795000076293945,20.655000686645508,21.1299991607666,21.1299991607666,39800
2022-09-15,21.049999237060547,22.309999465942383,20.709999084472656,21.3700008392334,21.3700008392334,50300
2022-09-16,21.209999084472656,22.190000534057617,20.1200008392334,20.920000076293945,20.920000076293945,312000
2022-09-19,20.420000076293945,21.03499984741211,19.850000381469727,20.8700008392334,20.8700008392334,53200
2022-09-20,20.3799991607666,21.059999465942383,19.829999923706055,20.899999618530273,20.899999618530273,67400
2022-09-21,21.0,23.100000381469727,20.549999237060547,22.309999465942383,22.309999465942383,88800
2022-09-22,22.459999084472656,22.75,21.68000030517578,21.899999618530273,21.899999618530273,65900
2022-09-23,21.5,22.350000381469727,20.899999618530273,21.989999771118164,21.989999771118164,76200
2022-09-26,22.15999984741211,23.389999389648438,20.3799991607666,20.489999771118164,20.489999771118164,115600
2022-09-27,20.729999542236328,22.427000045776367,20.420000076293945,21.770000457763672,21.770000457763672,114800
2022-09-28,22.1200008392334,22.420000076293945,19.979999542236328,21.690000534057617,21.690000534057617,97500
2022-09-29,21.610000610351562,21.610000610351562,20.649999618530273,20.8700008392334,20.8700008392334,65600
2022-09-30,20.81999969482422,22.84000015258789,20.81999969482422,21.309999465942383,21.309999465942383,81200
2022-10-03,21.530000686645508,21.530000686645508,19.579999923706055,20.40999984741211,20.40999984741211,95500
2022-10-04,20.59000015258789,22.790000915527344,19.950000762939453,22.190000534057617,22.190000534057617,168200
2022-10-05,21.639999389648438,22.420000076293945,20.729999542236328,20.920000076293945,20.920000076293945,73200
2022-10-06,20.809999465942383,20.979999542236328,20.110000610351562,20.3700008392334,20.3700008392334,33700
2022-10-07,20.219999313354492,20.219999313354492,19.2450008392334,19.959999084472656,19.959999084472656,81000
2022-10-10,19.940000534057617,20.40999984741211,19.452999114990234,20.110000610351562,20.110000610351562,40400
2022-10-11,20.040000915527344,20.90999984741211,19.395999908447266,20.0,20.0,43300
2022-10-12,20.1299991607666,20.854999542236328,19.815000534057617,19.969999313354492,19.969999313354492,65200
2022-10-13,19.479999542236328,20.735000610351562,19.479999542236328,20.18000030517578,20.18000030517578,51400
2022-10-14,20.43000030517578,20.43000030517578,19.100000381469727,19.18000030517578,19.18000030517578,23100
2022-10-17,19.059999465942383,20.350000381469727,19.059999465942383,19.700000762939453,19.700000762939453,59400
2022-10-18,20.299999237060547,20.299999237060547,19.049999237060547,19.1200008392334,19.1200008392334,63800
2022-10-19,19.170000076293945,19.170000076293945,18.469999313354492,18.549999237060547,18.549999237060547,39200
2022-10-20,18.579999923706055,18.780000686645508,18.170000076293945,18.5,18.5,74700
2022-10-21,18.780000686645508,19.030000686645508,16.860000610351562,17.639999389648438,17.639999389648438,112300
2022-10-24,17.770000457763672,18.389999389648438,17.719999313354492,18.239999771118164,18.239999771118164,28700
2022-10-25,18.139999389648438,18.860000610351562,17.90999984741211,18.579999923706055,18.579999923706055,163100
2022-10-26,18.700000762939453,19.059999465942383,17.950000762939453,18.030000686645508,18.030000686645508,190400
2022-10-27,18.149999618530273,18.649999618530273,17.489999771118164,18.139999389648438,18.139999389648438,74200
2022-10-28,18.170000076293945,19.149999618530273,16.510000228881836,18.639999389648438,18.639999389648438,162600
2022-10-31,18.600000381469727,19.0,17.969999313354492,18.639999389648438,18.639999389648438,56800
2022-11-01,18.780000686645508,19.299999237060547,18.0,18.34000015258789,18.34000015258789,116900
2022-11-02,18.219999313354492,18.729999542236328,17.209999084472656,17.479999542236328,17.479999542236328,148300
2022-11-03,17.299999237060547,18.25,16.920000076293945,17.260000228881836,17.260000228881836,153900
2022-11-04,16.959999084472656,17.209999084472656,16.3799991607666,16.950000762939453,16.950000762939453,161100
2022-11-07,17.0,18.149999618530273,17.0,17.299999237060547,17.299999237060547,86100
2022-11-08,17.290000915527344,17.690000534057617,16.360000610351562,16.81999969482422,16.81999969482422,132900
2022-11-09,16.540000915527344,16.540000915527344,15.260000228881836,15.8100004196167,15.8100004196167,109800
2022-11-10,16.850000381469727,17.524999618530273,15.619999885559082,16.290000915527344,16.290000915527344,178900
2022-11-11,16.110000610351562,16.704999923706055,15.850000381469727,16.3799991607666,16.3799991607666,157500
2022-11-14,16.40999984741211,16.825000762939453,15.229999542236328,16.18000030517578,16.18000030517578,207100
2022-11-15,16.219999313354492,17.524999618530273,16.219999313354492,16.850000381469727,16.850000381469727,114600
2022-11-16,16.809999465942383,17.200000762939453,16.079999923706055,16.25,16.25,149800
2022-11-17,15.779999732971191,16.579999923706055,15.220000267028809,16.0,16.0,252300
2022-11-18,16.8799991607666,17.920000076293945,16.219999313354492,16.229999542236328,16.229999542236328,159700
2022-11-21,16.479999542236328,16.889999389648438,15.345000267028809,15.930000305175781,15.930000305175781,101700
2022-11-22,15.930000305175781,16.6200008392334,15.744999885559082,16.40999984741211,16.40999984741211,114500
2022-11-23,16.420000076293945,16.729999542236328,16.15999984741211,16.5,16.5,96700
2022-11-25,16.885000228881836,16.885000228881836,15.8100004196167,16.350000381469727,16.350000381469727,31700
2022-11-28,16.290000915527344,16.290000915527344,15.649999618530273,15.8100004196167,15.8100004196167,72200
2022-11-29,15.760000228881836,16.084999084472656,15.300000190734863,15.739999771118164,15.739999771118164,91700
2022-11-30,15.829999923706055,17.06999969482422,15.4399995803833,16.700000762939453,16.700000762939453,249100
2022-12-01,16.489999771118164,16.739999771118164,15.729999542236328,16.350000381469727,16.350000381469727,95800
2022-12-02,16.2549991607666,16.533000946044922,15.84000015258789,16.299999237060547,16.299999237060547,127900
2022-12-05,16.209999084472656,16.53499984741211,15.329999923706055,16.190000534057617,16.190000534057617,273600
2022-12-06,16.049999237060547,16.899999618530273,15.920000076293945,16.639999389648438,16.639999389648438,274700
2022-12-07,16.469999313354492,17.100000381469727,15.949999809265137,16.299999237060547,16.299999237060547,598700
2022-12-08,16.415000915527344,16.59000015258789,15.760000228881836,16.520000457763672,16.520000457763672,381500
2022-12-09,16.610000610351562,16.989999771118164,16.290000915527344,16.469999313354492,16.469999313354492,99400
2022-12-12,16.5,18.625,16.5,17.8700008392334,17.8700008392334,208000
2022-12-13,18.190000534057617,19.799999237060547,17.75,19.5,19.5,218100
2022-12-14,19.559999465942383,21.020000457763672,19.520000457763672,20.280000686645508,20.280000686645508,155700
2022-12-15,20.280000686645508,20.834999084472656,18.610000610351562,19.170000076293945,19.170000076293945,78100
2022-12-16,18.889999389648438,20.610000610351562,18.81999969482422,20.510000228881836,20.510000228881836,170000
2022-12-19,20.610000610351562,20.610000610351562,18.520000457763672,18.709999084472656,18.709999084472656,141400
2022-12-20,18.579999923706055,19.139999389648438,18.110000610351562,18.739999771118164,18.739999771118164,79600
2022-12-21,18.770000457763672,19.889999389648438,18.690000534057617,19.760000228881836,19.760000228881836,164700
2022-12-22,19.65999984741211,20.260000228881836,19.260000228881836,19.780000686645508,19.780000686645508,141400
2022-12-23,19.719999313354492,20.299999237060547,19.290000915527344,19.899999618530273,19.899999618530273,60500
2022-12-27,19.90999984741211,20.1200008392334,18.989999771118164,19.15999984741211,19.15999984741211,142200
2022-12-28,19.5,19.860000610351562,19.0,19.329999923706055,19.329999923706055,81100
2022-12-29,19.520000457763672,20.30500030517578,19.399999618530273,19.440000534057617,19.440000534057617,158700
2022-12-30,19.389999389648438,19.61400032043457,18.829999923706055,19.350000381469727,19.350000381469727,87400
2023-01-03,19.3700008392334,19.549999237060547,17.530000686645508,18.299999237060547,18.299999237060547,3044200
2023-01-04,7.150000095367432,8.100000381469727,6.210000038146973,6.460000038146973,6.460000038146973,8359300
2023-01-05,6.199999809265137,6.210000038146973,5.5,5.599999904632568,5.599999904632568,2394800
2023-01-06,5.5,6.0,5.199999809265137,5.480000019073486,5.480000019073486,1882000
2023-01-09,5.389999866485596,5.650000095367432,5.329999923706055,5.409999847412109,5.409999847412109,953700
2023-01-10,5.349999904632568,5.96999979019165,5.349999904632568,5.840000152587891,5.840000152587891,1046500
2023-01-11,5.78000020980835,6.150000095367432,5.710000038146973,5.909999847412109,5.909999847412109,1061900
2023-01-12,5.880000114440918,6.059999942779541,5.619999885559082,6.019999980926514,6.019999980926514,836500
2023-01-13,5.989999771118164,6.78000020980835,5.943999767303467,6.739999771118164,6.739999771118164,1050300
2023-01-17,6.730000019073486,7.659999847412109,6.510000228881836,7.650000095367432,7.650000095367432,1399900
2023-01-18,7.650000095367432,8.949999809265137,7.559999942779541,8.649999618530273,8.649999618530273,1542500
2023-01-19,8.5,8.890000343322754,8.210000038146973,8.550000190734863,8.550000190734863,725200
2023-01-20,8.680000305175781,9.0,8.220000267028809,8.989999771118164,8.989999771118164,577400
2023-01-23,9.0,9.180000305175781,8.489999771118164,9.130000114440918,9.130000114440918,750700
2023-01-24,9.130000114440918,9.420000076293945,8.979999542236328,9.140000343322754,9.140000343322754,449400
2023-01-25,9.109999656677246,9.210000038146973,8.86299991607666,9.0600004196167,9.0600004196167,316600
2023-01-26,9.1899995803833,9.734000205993652,9.050000190734863,9.140000343322754,9.140000343322754,523100
2023-01-27,9.149999618530273,9.510000228881836,8.479999542236328,8.739999771118164,8.739999771118164,492900
2023-01-30,7.420000076293945,8.569999694824219,7.420000076293945,8.210000038146973,8.210000038146973,1224500
2023-01-31,8.289999961853027,8.6899995803833,8.140000343322754,8.479999542236328,8.479999542236328,367900
2023-02-01,8.470000267028809,8.640000343322754,8.210000038146973,8.489999771118164,8.489999771118164,265700
2023-02-02,7.130000114440918,7.5,7.039999961853027,7.15500020980835,7.15500020980835,3688900
2023-02-03,7.070000171661377,7.309999942779541,7.050000190734863,7.230000019073486,7.230000019073486,958800
2023-02-06,7.199999809265137,7.291999816894531,6.849999904632568,6.96999979019165,6.96999979019165,1210400
2023-02-07,7.010000228881836,7.320000171661377,6.949999809265137,7.119999885559082,7.119999885559082,665800
2023-02-08,7.150000095367432,7.380000114440918,7.059999942779541,7.239999771118164,7.239999771118164,927100
2023-02-09,7.730000019073486,7.880000114440918,7.230000019073486,7.28000020980835,7.28000020980835,1023900
2023-02-10,7.53000020980835,7.590000152587891,7.320000171661377,7.46999979019165,7.46999979019165,704100
2023-02-13,7.53000020980835,7.599999904632568,7.070000171661377,7.5,7.5,535800
2023-02-14,7.480000019073486,7.860000133514404,7.322999954223633,7.829999923706055,7.829999923706055,526200
2023-02-15,7.769999980926514,7.900000095367432,7.635000228881836,7.869999885559082,7.869999885559082,318600
2023-02-16,7.860000133514404,8.343999862670898,7.78000020980835,8.010000228881836,8.010000228881836,701400
2023-02-17,7.960000038146973,8.640000343322754,7.699999809265137,8.380000114440918,8.380000114440918,551600
2023-02-21,8.4399995803833,8.640000343322754,7.965000152587891,8.039999961853027,8.039999961853027,367000
2023-02-22,8.050000190734863,8.279999732971191,7.679999828338623,7.840000152587891,7.840000152587891,472300
2023-02-23,7.829999923706055,7.829999923706055,7.21999979019165,7.570000171661377,7.570000171661377,868700
2023-02-24,7.5,7.840000152587891,7.40500020980835,7.480000019073486,7.480000019073486,284100
2023-02-27,7.489999771118164,7.630000114440918,7.304999828338623,7.449999809265137,7.449999809265137,232500
2023-02-28,7.599999904632568,7.599999904632568,7.320000171661377,7.429999828338623,7.429999828338623,223800
2023-03-01,7.449999809265137,7.559999942779541,7.21999979019165,7.400000095367432,7.400000095367432,378000
2023-03-02,7.320000171661377,7.409999847412109,7.179999828338623,7.239999771118164,7.239999771118164,314200
2023-03-03,7.25,7.539999961853027,7.14900016784668,7.53000020980835,7.53000020980835,372900
2023-03-06,7.769999980926514,8.479999542236328,7.630000114440918,8.359999656677246,8.359999656677246,659100
2023-03-07,8.34000015258789,8.614999771118164,8.210000038146973,8.279999732971191,8.279999732971191,387700
2023-03-08,8.34000015258789,8.442999839782715,7.849999904632568,8.09000015258789,8.09000015258789,233800
2023-03-09,8.109999656677246,8.210000038146973,7.619999885559082,7.71999979019165,7.71999979019165,376900
2023-03-10,7.71999979019165,7.940000057220459,7.050000190734863,7.369999885559082,7.369999885559082,1364100
2023-03-13,7.269999980926514,7.730000019073486,7.230000019073486,7.360000133514404,7.360000133514404,347600
2023-03-14,7.400000095367432,7.639999866485596,6.96999979019165,7.159999847412109,7.159999847412109,550500
2023-03-15,7.21999979019165,7.304999828338623,6.949999809265137,7.130000114440918,7.130000114440918,699700
2023-03-16,7.0,7.349999904632568,6.829999923706055,7.260000228881836,7.260000228881836,584800
2023-03-17,7.260000228881836,7.289999961853027,6.960000038146973,7.130000114440918,7.130000114440918,1689300
2023-03-20,7.230000019073486,7.679999828338623,7.119999885559082,7.480000019073486,7.480000019073486,592000
2023-03-21,7.5,7.690000057220459,7.360000133514404,7.429999828338623,7.429999828338623,277800
2023-03-22,7.639999866485596,7.829999923706055,7.380000114440918,7.389999866485596,7.389999866485596,386200
2023-03-23,7.369999885559082,7.75,7.289999961853027,7.46999979019165,7.46999979019165,422300
2023-03-24,7.460000038146973,7.539999961853027,7.190000057220459,7.510000228881836,7.510000228881836,380700
2023-03-27,7.480000019073486,7.690000057220459,7.170000076293945,7.300000190734863,7.300000190734863,346600
2023-03-28,7.269999980926514,7.389999866485596,7.159999847412109,7.260000228881836,7.260000228881836,321100
2023-03-29,7.289999961853027,8.25,7.205999851226807,7.619999885559082,7.619999885559082,416400
2023-03-30,7.699999809265137,7.855000019073486,7.199999809265137,7.440000057220459,7.440000057220459,246100
2023-03-31,7.619999885559082,7.989999771118164,7.550000190734863,7.760000228881836,7.760000228881836,397400
2023-04-03,7.769999980926514,7.90500020980835,7.429999828338623,7.559999942779541,7.559999942779541,339000
2023-04-04,7.699999809265137,7.699999809265137,7.01800012588501,7.130000114440918,7.130000114440918,271600
2023-04-05,7.099999904632568,7.130000114440918,6.449999809265137,6.579999923706055,6.579999923706055,553300
2023-04-06,6.550000190734863,6.590000152587891,6.090000152587891,6.110000133514404,6.110000133514404,492400
2023-04-10,6.110000133514404,6.28000020980835,5.949999809265137,6.25,6.25,464600
2023-04-11,6.199999809265137,6.449999809265137,6.050000190734863,6.139999866485596,6.139999866485596,310200
2023-04-12,6.25,6.369999885559082,6.110000133514404,6.230000019073486,6.230000019073486,747000
2023-04-13,6.230000019073486,6.599999904632568,6.230000019073486,6.440000057220459,6.440000057220459,378300
2023-04-14,6.400000095367432,6.440999984741211,6.050000190734863,6.269999980926514,6.269999980926514,478800
2023-04-17,6.289999961853027,6.570000171661377,6.25,6.380000114440918,6.380000114440918,199700
2023-04-18,6.400000095367432,6.400000095367432,6.179999828338623,6.400000095367432,6.400000095367432,211500
2023-04-19,6.320000171661377,6.559999942779541,6.320000171661377,6.519999980926514,6.519999980926514,181700
2023-04-20,6.489999771118164,6.619999885559082,6.199999809265137,6.260000228881836,6.260000228881836,161900
2023-04-21,6.230000019073486,6.570000171661377,6.159999847412109,6.53000020980835,6.53000020980835,369900
2023-04-24,6.53000020980835,6.545000076293945,6.210000038146973,6.400000095367432,6.400000095367432,194700
2023-04-25,6.349999904632568,6.59499979019165,6.21999979019165,6.329999923706055,6.329999923706055,216300
2023-04-26,6.329999923706055,6.460000038146973,6.239999771118164,6.340000152587891,6.340000152587891,840100
2023-04-27,6.360000133514404,6.559999942779541,6.239999771118164,6.260000228881836,6.260000228881836,139800
2023-04-28,6.230000019073486,6.710000038146973,6.070000171661377,6.650000095367432,6.650000095367432,739000
2023-05-01,6.679999828338623,7.039999961853027,6.679999828338623,6.949999809265137,6.949999809265137,211700
2023-05-02,6.920000076293945,6.920000076293945,6.400000095367432,6.75,6.75,314300
2023-05-03,6.699999809265137,7.170000076293945,6.699999809265137,7.070000171661377,7.070000171661377,219800
2023-05-04,7.090000152587891,7.400000095367432,6.929999828338623,7.269999980926514,7.269999980926514,170800
2023-05-05,7.309999942779541,7.659999847412109,7.309999942779541,7.440000057220459,7.440000057220459,211300
2023-05-08,7.460000038146973,8.100000381469727,7.389999866485596,7.559999942779541,7.559999942779541,440400
2023-05-09,7.489999771118164,7.829999923706055,7.349999904632568,7.639999866485596,7.639999866485596,158800
2023-05-10,7.699999809265137,7.835000038146973,7.550000190734863,7.699999809265137,7.699999809265137,218300
2023-05-11,7.679999828338623,7.929999828338623,7.199999809265137,7.550000190734863,7.550000190734863,341100
2023-05-12,7.559999942779541,8.039999961853027,7.409999847412109,7.570000171661377,7.570000171661377,308300
2023-05-15,7.590000152587891,8.270000457763672,7.550000190734863,7.96999979019165,7.96999979019165,411100
2023-05-16,7.849999904632568,7.96999979019165,7.505000114440918,7.699999809265137,7.699999809265137,270500
2023-05-17,7.760000228881836,7.760000228881836,7.489999771118164,7.590000152587891,7.590000152587891,176300
2023-05-18,7.570000171661377,7.625,7.130000114440918,7.400000095367432,7.400000095367432,216000
2023-05-19,7.5,7.900000095367432,7.5,7.860000133514404,7.860000133514404,304300
2023-05-22,7.860000133514404,8.1899995803833,7.75,8.119999885559082,8.119999885559082,357300
2023-05-23,8.119999885559082,8.420000076293945,8.0,8.0600004196167,8.0600004196167,327300
2023-05-24,8.020000457763672,8.020000457763672,7.480000019073486,7.53000020980835,7.53000020980835,186700
2023-05-25,7.53000020980835,7.53000020980835,7.159999847412109,7.190000057220459,7.190000057220459,141200
2023-05-26,7.159999847412109,7.630000114440918,7.099999904632568,7.610000133514404,7.610000133514404,227200
2023-05-30,7.639999866485596,8.15999984741211,7.639999866485596,8.010000228881836,8.010000228881836,716700
2023-05-31,8.0,8.65999984741211,7.920000076293945,8.350000381469727,8.350000381469727,591800
2023-06-01,8.350000381469727,9.029999732971191,8.140000343322754,8.949999809265137,8.949999809265137,239000
2023-06-02,9.130000114440918,9.479999542236328,8.960000038146973,9.3100004196167,9.3100004196167,193700
2023-06-05,9.3100004196167,9.614999771118164,8.920000076293945,9.0,9.0,261500
2023-06-06,8.989999771118164,9.300000190734863,8.5,9.079999923706055,9.079999923706055,217700
2023-06-07,9.119999885559082,9.5600004196167,8.6899995803833,9.0,9.0,621200
2023-06-08,9.010000228881836,9.300000190734863,8.640000343322754,8.699999809265137,8.699999809265137,643000
2023-06-09,8.699999809265137,8.843000411987305,7.730000019073486,7.769999980926514,7.769999980926514,213000
2023-06-12,8.600000381469727,9.704999923706055,8.479999542236328,9.0,9.0,3891700
2023-06-13,8.899999618530273,11.0600004196167,8.899999618530273,11.0,11.0,1462000
2023-06-14,11.020000457763672,15.020000457763672,11.020000457763672,13.350000381469727,13.350000381469727,4361000
2023-06-15,12.9399995803833,13.020000457763672,12.069999694824219,12.720000267028809,12.720000267028809,913900
2023-06-16,13.020000457763672,13.960000038146973,12.5,12.869999885559082,12.869999885559082,1062600
2023-06-20,14.600000381469727,15.899999618530273,13.880000114440918,15.050000190734863,15.050000190734863,3667600
2023-06-21,15.0,16.600000381469727,14.779999732971191,15.619999885559082,15.619999885559082,886800
2023-06-22,15.539999961853027,15.805000305175781,14.960000038146973,15.75,15.75,787400
2023-06-23,16.31999969482422,17.68000030517578,16.170000076293945,17.270000457763672,17.270000457763672,3990400
2023-06-26,17.350000381469727,17.84000015258789,16.549999237060547,17.479999542236328,17.479999542236328,772100
2023-06-27,17.469999313354492,17.899999618530273,16.860000610351562,17.540000915527344,17.540000915527344,1744300
2023-06-28,17.540000915527344,18.350000381469727,17.280000686645508,17.829999923706055,17.829999923706055,836200
2023-06-29,17.889999389648438,18.301000595092773,16.6299991607666,16.989999771118164,16.989999771118164,803100
2023-06-30,17.25,17.43000030517578,15.960000038146973,16.049999237060547,16.049999237060547,858400
2023-07-03,16.040000915527344,16.469999313354492,15.647000312805176,15.890000343322754,15.890000343322754,320600
2023-07-05,15.899999618530273,16.44499969482422,15.619999885559082,16.079999923706055,16.079999923706055,567900
2023-07-06,15.890000343322754,15.890000343322754,14.869999885559082,15.1899995803833,15.1899995803833,485500
2023-07-07,15.229999542236328,16.139999389648438,15.1899995803833,15.979999542236328,15.979999542236328,747600
2023-07-10,16.010000228881836,16.790000915527344,15.649999618530273,16.3799991607666,16.3799991607666,384900
2023-07-11,16.3799991607666,16.989999771118164,15.8100004196167,16.979999542236328,16.979999542236328,323700
2023-07-12,17.280000686645508,17.56999969482422,16.420000076293945,16.489999771118164,16.489999771118164,518600
2023-07-13,16.520000457763672,16.989999771118164,16.420000076293945,16.809999465942383,16.809999465942383,222900
2023-07-14,16.850000381469727,17.149999618530273,16.44499969482422,16.940000534057617,16.940000534057617,163600
2023-07-17,16.940000534057617,17.385000228881836,16.649999618530273,17.010000228881836,17.010000228881836,448100
2023-07-18,17.059999465942383,17.959999084472656,16.989999771118164,17.309999465942383,17.309999465942383,519900
2023-07-19,17.399999618530273,17.6200008392334,16.5,16.59000015258789,16.59000015258789,361600
2023-07-20,16.510000228881836,17.139999389648438,16.5,16.959999084472656,16.959999084472656,363100
2023-07-21,17.0,17.299999237060547,16.670000076293945,16.709999084472656,16.709999084472656,202000
2023-07-24,16.760000228881836,17.200000762939453,15.520000457763672,15.569999694824219,15.569999694824219,525700
2023-07-25,15.569999694824219,16.030000686645508,15.380000114440918,15.789999961853027,15.789999961853027,267300
2023-07-26,15.789999961853027,16.309999465942383,15.739999771118164,16.18000030517578,16.18000030517578,150100
2023-07-27,16.290000915527344,17.06999969482422,16.290000915527344,16.780000686645508,16.780000686645508,908800
2023-07-28,16.90999984741211,17.40999984741211,16.889999389648438,17.200000762939453,17.200000762939453,345300
2023-07-31,17.299999237060547,18.850000381469727,17.104999542236328,18.770000457763672,18.770000457763672,566400
2023-08-01,18.780000686645508,19.530000686645508,18.309999465942383,19.079999923706055,19.079999923706055,535200
2023-08-02,18.860000610351562,18.959999084472656,17.889999389648438,18.40999984741211,18.40999984741211,382000
2023-08-03,18.329999923706055,18.899999618530273,17.69700050354004,18.200000762939453,18.200000762939453,546500
2023-08-04,18.229999542236328,18.5,17.899999618530273,18.09000015258789,18.09000015258789,242500
2023-08-07,18.15999984741211,18.31999969482422,17.010000228881836,18.0,18.0,379300
2023-08-08,18.010000228881836,18.459999084472656,17.850000381469727,18.40999984741211,18.40999984741211,242200
2023-08-09,18.43000030517578,18.700000762939453,18.149999618530273,18.489999771118164,18.489999771118164,197100
2023-08-10,18.700000762939453,20.100000381469727,18.610000610351562,19.639999389648438,19.639999389648438,428400
2023-08-11,19.709999084472656,20.229999542236328,18.40999984741211,18.469999313354492,18.469999313354492,353700
2023-08-14,18.43000030517578,18.43000030517578,17.540000915527344,17.799999237060547,17.799999237060547,384700
2023-08-15,17.75,18.3799991607666,17.520000457763672,17.690000534057617,17.690000534057617,290800
2023-08-16,17.860000610351562,18.229999542236328,17.170000076293945,17.200000762939453,17.200000762939453,340800
2023-08-17,17.280000686645508,17.799999237060547,17.014999389648438,17.110000610351562,17.110000610351562,368000
2023-08-18,16.829999923706055,17.489999771118164,16.520000457763672,17.18000030517578,17.18000030517578,216700
2023-08-21,16.649999618530273,18.25,16.649999618530273,18.010000228881836,18.010000228881836,392300
2023-08-22,18.40999984741211,18.420000076293945,17.65999984741211,18.079999923706055,18.079999923706055,218600
2023-08-23,18.239999771118164,18.489999771118164,17.649999618530273,17.700000762939453,17.700000762939453,381400
2023-08-24,17.670000076293945,17.889999389648438,17.229999542236328,17.559999465942383,17.559999465942383,193100
2023-08-25,17.639999389648438,18.170000076293945,17.360000610351562,17.90999984741211,17.90999984741211,334300
2023-08-28,17.989999771118164,19.170000076293945,17.850000381469727,18.940000534057617,18.940000534057617,256600
2023-08-29,18.969999313354492,19.329999923706055,18.75,18.790000915527344,18.790000915527344,375700
2023-08-30,18.709999084472656,19.2450008392334,18.600000381469727,18.760000228881836,18.760000228881836,201400
2023-08-31,18.75,18.889999389648438,17.549999237060547,17.690000534057617,17.690000534057617,690200
2023-09-01,17.770000457763672,18.56999969482422,17.670000076293945,18.540000915527344,18.540000915527344,329700
2023-09-05,18.549999237060547,18.979999542236328,18.18000030517578,18.59000015258789,18.59000015258789,444500
2023-09-06,18.670000076293945,18.75,18.31999969482422,18.719999313354492,18.719999313354492,608800
2023-09-07,18.889999389648438,19.118000030517578,18.25,18.579999923706055,18.579999923706055,482300
2023-09-08,18.579999923706055,19.170000076293945,18.325000762939453,18.479999542236328,18.479999542236328,337000
2023-09-11,18.770000457763672,19.420000076293945,18.475000381469727,19.0,19.0,567900
2023-09-12,18.979999542236328,19.420000076293945,17.899999618530273,17.940000534057617,17.940000534057617,518200
2023-09-13,17.920000076293945,18.190000534057617,16.729999542236328,16.84000015258789,16.84000015258789,571100
2023-09-14,17.010000228881836,17.334999084472656,16.459999084472656,16.549999237060547,16.549999237060547,680000
2023-09-15,16.579999923706055,17.360000610351562,16.329999923706055,17.09000015258789,17.09000015258789,3319700
2023-09-18,16.920000076293945,17.010000228881836,16.290000915527344,16.690000534057617,16.690000534057617,658800
2023-09-19,16.739999771118164,16.90999984741211,16.270000457763672,16.549999237060547,16.549999237060547,400900
2023-09-20,16.520000457763672,16.899999618530273,16.280000686645508,16.389999389648438,16.389999389648438,195300
2023-09-21,16.149999618530273,16.149999618530273,14.869999885559082,14.899999618530273,14.899999618530273,711200
2023-09-22,14.9399995803833,15.0,14.270000457763672,14.520000457763672,14.520000457763672,466200
2023-09-25,14.470000267028809,14.770000457763672,14.15999984741211,14.220000267028809,14.220000267028809,568600
2023-09-26,14.949999809265137,16.114999771118164,14.899999618530273,15.829999923706055,15.829999923706055,594000
2023-09-27,16.030000686645508,16.530000686645508,14.890000343322754,15.050000190734863,15.050000190734863,352200
2023-09-28,14.989999771118164,15.154999732971191,13.720000267028809,13.880000114440918,13.880000114440918,665100
2023-09-29,13.90999984741211,14.180000305175781,13.399999618530273,13.710000038146973,13.710000038146973,685500
2023-10-02,13.640000343322754,13.640000343322754,12.5600004196167,12.949999809265137,12.949999809265137,716200
2023-10-03,13.0600004196167,13.119999885559082,12.529999732971191,12.859999656677246,12.859999656677246,408600
2023-10-04,12.880000114440918,13.199999809265137,12.600000381469727,12.970000267028809,12.970000267028809,342200
2023-10-05,12.930000305175781,13.600000381469727,12.8100004196167,13.470000267028809,13.470000267028809,546800
2023-10-06,13.260000228881836,13.380000114440918,12.229999542236328,12.380000114440918,12.380000114440918,464800
2023-10-09,12.300000190734863,12.449999809265137,12.0600004196167,12.229999542236328,12.229999542236328,529400
2023-10-10,12.229999542236328,12.5,11.739999771118164,11.90999984741211,11.90999984741211,557200
2023-10-11,11.770000457763672,11.914999961853027,10.720000267028809,10.979999542236328,10.979999542236328,624200
2023-10-12,10.84000015258789,11.274999618530273,10.229999542236328,10.399999618530273,10.399999618530273,625600
2023-10-13,10.699999809265137,10.765000343322754,10.1899995803833,10.640000343322754,10.640000343322754,342600
2023-10-16,10.619999885559082,10.75,10.270000457763672,10.34000015258789,10.34000015258789,570400
2023-10-17,10.289999961853027,11.069999694824219,10.289999961853027,10.800000190734863,10.800000190734863,546700
2023-10-18,10.760000228881836,11.6899995803833,10.100000381469727,10.25,10.25,880800
2023-10-19,10.260000228881836,10.260000228881836,9.680000305175781,9.779999732971191,9.779999732971191,559700
2023-10-20,9.8100004196167,10.180000305175781,9.449999809265137,9.84000015258789,9.84000015258789,628300
2023-10-23,9.699999809265137,9.8149995803833,9.239999771118164,9.289999961853027,9.289999961853027,611700
2023-10-24,9.329999923706055,10.119999885559082,9.329999923706055,10.0600004196167,10.0600004196167,692900
2023-10-25,10.0,10.0600004196167,9.59000015258789,9.890000343322754,9.890000343322754,731600
2023-10-26,9.930000305175781,10.640000343322754,9.800000190734863,10.229999542236328,10.229999542236328,861900
2023-10-27,10.369999885559082,10.430000305175781,9.920000076293945,9.979999542236328,9.979999542236328,540400
2023-10-30,10.029999732971191,11.010000228881836,9.954999923706055,10.8100004196167,10.8100004196167,750200
2023-10-31,10.710000038146973,11.130000114440918,10.239999771118164,10.420000076293945,10.420000076293945,529900
2023-11-01,10.420000076293945,10.989999771118164,10.109999656677246,10.930000305175781,10.930000305175781,1012200
2023-11-02,11.260000228881836,11.260000228881836,9.680000305175781,10.029999732971191,10.029999732971191,889700
2023-11-03,10.100000381469727,10.763999938964844,9.829999923706055,10.520000457763672,10.520000457763672,308600
2023-11-06,10.569999694824219,10.989999771118164,9.880000114440918,10.34000015258789,10.34000015258789,615600
2023-11-07,10.479999542236328,11.069999694824219,9.989999771118164,11.0,11.0,508400
2023-11-08,11.130000114440918,11.970000267028809,10.5,11.520000457763672,11.520000457763672,664900
2023-11-09,11.279999732971191,12.020000457763672,10.789999961853027,11.510000228881836,11.510000228881836,836100
2023-11-10,13.0,13.880000114440918,11.729999542236328,12.140000343322754,12.140000343322754,1113000
2023-11-13,12.119999885559082,12.989999771118164,11.6899995803833,12.760000228881836,12.760000228881836,611000
2023-11-14,13.300000190734863,13.630000114440918,12.880000114440918,13.619999885559082,13.619999885559082,718400
2023-11-15,13.720000267028809,14.270000457763672,13.319999694824219,13.359999656677246,13.359999656677246,430600
2023-11-16,13.380000114440918,13.720000267028809,12.9399995803833,13.220000267028809,13.220000267028809,357500
2023-11-17,13.300000190734863,13.880000114440918,12.880000114440918,13.6899995803833,13.6899995803833,357300
2023-11-20,13.630000114440918,13.8149995803833,13.289999961853027,13.5,13.5,322000
2023-11-21,13.239999771118164,13.90999984741211,13.029999732971191,13.529999732971191,13.529999732971191,348300
2023-11-22,13.800000190734863,13.8100004196167,12.920000076293945,13.15999984741211,13.15999984741211,503500
2023-11-24,13.260000228881836,13.89799976348877,13.25,13.510000228881836,13.510000228881836,269500
2023-11-27,13.59000015258789,13.59000015258789,12.279999732971191,12.9399995803833,12.9399995803833,436800
2023-11-28,12.800000190734863,13.15999984741211,12.579999923706055,13.0,13.0,237000
2023-11-29,13.050000190734863,13.479999542236328,13.010000228881836,13.350000381469727,13.350000381469727,244900
2023-11-30,13.779999732971191,13.880000114440918,13.154999732971191,13.550000190734863,13.550000190734863,393600
2023-12-01,13.430000305175781,13.979999542236328,13.069999694824219,13.84000015258789,13.84000015258789,325500
2023-12-04,13.800000190734863,14.300000190734863,13.6899995803833,13.869999885559082,13.869999885559082,218100
2023-12-05,13.779999732971191,14.204999923706055,13.420000076293945,13.5,13.5,248100
2023-12-06,13.630000114440918,14.0600004196167,13.460000038146973,13.850000381469727,13.850000381469727,271800
2023-12-07,13.970000267028809,14.373000144958496,13.75,14.149999618530273,14.149999618530273,350400
2023-12-08,14.039999961853027,14.239999771118164,13.649999618530273,13.699999809265137,13.699999809265137,267600
2023-12-11,13.859999656677246,13.859999656677246,13.09000015258789,13.640000343322754,13.640000343322754,320300
2023-12-12,13.609999656677246,13.699999809265137,13.180000305175781,13.550000190734863,13.550000190734863,372100
2023-12-13,13.59000015258789,14.675000190734863,13.59000015258789,14.489999771118164,14.489999771118164,493400
2023-12-14,14.670000076293945,15.010000228881836,14.079999923706055,14.720000267028809,14.720000267028809,598900
2023-12-15,14.960000038146973,16.299999237060547,14.864999771118164,16.0,16.0,1456900
2023-12-18,16.6200008392334,16.785999298095703,15.569999694824219,15.640000343322754,15.640000343322754,505200
2023-12-19,15.920000076293945,16.100000381469727,15.520000457763672,16.0,16.0,419600
2023-12-20,15.899999618530273,16.06999969482422,15.130000114440918,15.1899995803833,15.1899995803833,353400
2023-12-21,15.479999542236328,15.739999771118164,15.15999984741211,15.25,15.25,279700
2023-12-22,15.420000076293945,16.040000915527344,15.420000076293945,15.850000381469727,15.850000381469727,394900
2023-12-26,16.09000015258789,16.280000686645508,15.829999923706055,15.979999542236328,15.979999542236328,379800
2023-12-27,16.1200008392334,16.899999618530273,15.800000190734863,15.930000305175781,15.930000305175781,416900
2023-12-28,15.899999618530273,16.200000762939453,15.289999961853027,15.970000267028809,15.970000267028809,436800
2023-12-29,15.979999542236328,16.170000076293945,15.069999694824219,15.380000114440918,15.380000114440918,561600
2024-01-02,15.199999809265137,16.0,14.770000457763672,15.609999656677246,15.609999656677246,232800
2024-01-03,15.390000343322754,15.9399995803833,15.270000457763672,15.359999656677246,15.359999656677246,328600
2024-01-04,15.460000038146973,15.710000038146973,15.079999923706055,15.5,15.5,306900
2024-01-05,15.380000114440918,15.680000305175781,14.779999732971191,15.529999732971191,15.529999732971191,206900
2024-01-08,15.619999885559082,18.31999969482422,15.020000457763672,18.1299991607666,18.1299991607666,899100
2024-01-09,17.959999084472656,20.229999542236328,17.770000457763672,19.229999542236328,19.229999542236328,2275700
2024-01-10,19.350000381469727,20.040000915527344,18.93000030517578,19.190000534057617,19.190000534057617,1429200
2024-01-11,19.09000015258789,19.520000457763672,18.350000381469727,18.829999923706055,18.829999923706055,797500
2024-01-12,18.940000534057617,19.350000381469727,18.079999923706055,18.950000762939453,18.950000762939453,445900
2024-01-16,18.350000381469727,18.618000030517578,16.18000030517578,16.799999237060547,16.799999237060547,752200
2024-01-17,16.309999465942383,16.59000015258789,15.392999649047852,15.65999984741211,15.65999984741211,785100
2024-01-18,15.470000267028809,16.0049991607666,14.600000381469727,14.90999984741211,14.90999984741211,854800
2024-01-19,14.619999885559082,15.350000381469727,14.199999809265137,14.930000305175781,14.930000305175781,459600
2024-01-22,15.520000457763672,16.350000381469727,15.369999885559082,16.299999237060547,16.299999237060547,595500
2024-01-23,16.670000076293945,18.010000228881836,16.3799991607666,17.040000915527344,17.040000915527344,1767100
2024-01-24,17.350000381469727,17.899999618530273,16.84000015258789,17.020000457763672,17.020000457763672,956600
2024-01-25,22.260000228881836,26.666000366210938,20.479999542236328,25.309999465942383,25.309999465942383,11508400
2024-01-26,27.100000381469727,33.189998626708984,26.899999618530273,30.18000030517578,30.18000030517578,5238700
2024-01-29,29.850000381469727,35.40999984741211,29.334999084472656,33.63999938964844,33.63999938964844,3895300
2024-01-30,34.90999984741211,36.375,32.744998931884766,34.5099983215332,34.5099983215332,3526100
2024-01-31,34.25,37.61000061035156,33.970001220703125,36.41999816894531,36.41999816894531,1975500
2024-02-01,36.5,39.459999084472656,36.04999923706055,38.0,38.0,1337300
2024-02-02,38.849998474121094,39.619998931884766,38.040000915527344,39.150001525878906,39.150001525878906,951100
2024-02-05,38.11000061035156,39.59600067138672,36.0099983215332,37.0099983215332,37.0099983215332,1686600
2024-02-06,36.88999938964844,38.529998779296875,36.599998474121094,38.04999923706055,38.04999923706055,1097800
2024-02-07,38.0,39.17499923706055,37.060001373291016,37.5099983215332,37.5099983215332,1090000
2024-02-08,37.599998474121094,38.58000183105469,37.5099983215332,37.560001373291016,37.560001373291016,949600
2024-02-09,37.72999954223633,43.279998779296875,37.72999954223633,43.209999084472656,43.209999084472656,1385000
2024-02-12,43.790000915527344,46.59000015258789,43.619998931884766,44.88999938964844,44.88999938964844,1685900
2024-02-13,43.20000076293945,44.689998626708984,40.13999938964844,43.16999816894531,43.16999816894531,1636600
2024-02-14,43.88999938964844,45.77000045776367,43.79999923706055,44.130001068115234,44.130001068115234,963500
2024-02-15,44.130001068115234,46.209999084472656,43.099998474121094,45.5099983215332,45.5099983215332,950200
2024-02-16,45.29999923706055,46.79999923706055,44.630001068115234,45.959999084472656,45.959999084472656,637300
2024-02-20,45.599998474121094,46.435001373291016,43.650001525878906,44.689998626708984,44.689998626708984,667500
2024-02-21,44.099998474121094,45.099998474121094,43.4900016784668,44.54999923706055,44.54999923706055,975000
2024-02-22,44.45000076293945,49.869998931884766,44.43000030517578,49.0,49.0,1600000
2024-02-23,49.5,50.689998626708984,46.119998931884766,47.45000076293945,47.45000076293945,1039600
2024-02-26,47.400001525878906,48.457000732421875,45.22999954223633,46.349998474121094,46.349998474121094,842700
2024-02-27,46.66999816894531,49.15999984741211,46.45000076293945,48.13999938964844,48.13999938964844,982200
2024-02-28,47.599998474121094,49.42399978637695,45.61000061035156,45.939998626708984,45.939998626708984,513800
2024-02-29,48.90999984741211,48.90999984741211,45.2599983215332,47.08000183105469,47.08000183105469,931500
2024-03-01,47.9900016784668,50.779998779296875,47.85499954223633,49.13999938964844,49.13999938964844,2039100
2024-03-04,50.029998779296875,50.09000015258789,45.900001525878906,46.540000915527344,46.540000915527344,906500
2024-03-05,45.040000915527344,47.29999923706055,43.83000183105469,45.150001525878906,45.150001525878906,1255400
2024-03-06,46.790000915527344,47.97999954223633,45.400001525878906,45.869998931884766,45.869998931884766,784800
2024-03-07,46.0099983215332,47.650001525878906,43.15999984741211,43.29999923706055,43.29999923706055,1108500
2024-03-08,44.130001068115234,45.9900016784668,42.52000045776367,44.29999923706055,44.29999923706055,717000
2024-03-11,43.900001525878906,44.65999984741211,43.0,43.18000030517578,43.18000030517578,413600
2024-03-12,43.52000045776367,46.09000015258789,43.52000045776367,44.189998626708984,44.189998626708984,561100
2024-03-13,44.2400016784668,45.38999938964844,43.130001068115234,45.22999954223633,45.22999954223633,556300
2024-03-14,44.709999084472656,44.779998779296875,42.369998931884766,43.5,43.5,739500
2024-03-15,43.209999084472656,45.084999084472656,42.9900016784668,43.25,43.25,1619300
2024-03-18,42.9900016784668,43.88999938964844,41.27000045776367,41.470001220703125,41.470001220703125,475800
2024-03-19,41.209999084472656,43.4900016784668,40.790000915527344,43.41999816894531,43.41999816894531,667900
2024-03-20,42.650001525878906,46.33000183105469,41.83000183105469,45.33000183105469,45.33000183105469,788100
2024-03-21,46.470001220703125,47.683998107910156,40.81999969482422,42.869998931884766,42.869998931884766,1139100
2024-03-22,42.56999969482422,42.56999969482422,40.09000015258789,41.0,41.0,1116300
2024-03-25,41.15999984741211,42.869998931884766,40.5,41.18000030517578,41.18000030517578,1024900
2024-03-26,40.439998626708984,42.358001708984375,39.380001068115234,41.58000183105469,41.58000183105469,505600
2024-03-27,42.33000183105469,44.02000045776367,41.310001373291016,43.83000183105469,43.83000183105469,515300
2024-03-28,43.84000015258789,44.435001373291016,42.380001068115234,43.119998931884766,43.119998931884766,666500
2024-04-01,42.97999954223633,43.30500030517578,41.762001037597656,42.349998474121094,42.349998474121094,448700
2024-04-02,40.79999923706055,41.66999816894531,39.630001068115234,40.849998474121094,40.849998474121094,620100
2024-04-03,40.29999923706055,40.38999938964844,37.529998779296875,39.599998474121094,39.599998474121094,859600
2024-04-04,40.0,40.77000045776367,37.31999969482422,37.40999984741211,37.40999984741211,1293500
2024-04-05,37.13999938964844,38.505001068115234,36.72999954223633,37.52000045776367,37.52000045776367,936400
2024-04-08,36.630001068115234,39.529998779296875,36.597999572753906,38.630001068115234,38.630001068115234,790300
2024-04-09,38.81999969482422,39.11000061035156,37.130001068115234,37.90999984741211,37.90999984741211,782600
2024-04-10,36.529998779296875,42.54499816894531,35.85499954223633,41.619998931884766,41.619998931884766,2238400
2024-04-11,42.2599983215332,49.290000915527344,41.630001068115234,48.81999969482422,48.81999969482422,4634800
2024-04-12,48.70000076293945,50.650001525878906,46.25,47.970001220703125,47.970001220703125,2166200
2024-04-15,47.459999084472656,47.880001068115234,45.744998931884766,46.529998779296875,46.529998779296875,1344000
2024-04-16,45.91999816894531,47.150001525878906,42.220001220703125,42.56999969482422,42.56999969482422,1315600
2024-04-17,42.650001525878906,42.650001525878906,40.0099983215332,40.0099983215332,40.0099983215332,1069800
2024-04-18,39.630001068115234,40.709999084472656,38.83000183105469,39.47999954223633,39.47999954223633,857000
2024-04-19,39.5099983215332,40.34000015258789,36.334999084472656,38.0,38.0,1376000
2024-04-22,38.400001525878906,39.790000915527344,37.79999923706055,39.130001068115234,39.130001068115234,714100
2024-04-23,39.369998931884766,43.04999923706055,39.150001525878906,39.52000045776367,39.52000045776367,1216300
2024-04-24,39.650001525878906,40.72700119018555,38.20000076293945,39.95000076293945,39.95000076293945,773100
2024-04-25,38.25,39.88999938964844,37.84000015258789,38.689998626708984,38.689998626708984,850200
2024-04-26,38.75,40.25,38.400001525878906,39.650001525878906,39.650001525878906,856800
2024-04-29,40.209999084472656,42.08000183105469,40.16999816894531,41.380001068115234,41.380001068115234,661000
2024-04-30,40.900001525878906,41.75,38.849998474121094,39.5099983215332,39.5099983215332,1085300
2024-05-01,39.540000915527344,43.849998474121094,39.540000915527344,42.31999969482422,42.31999969482422,1492100
2024-05-02,42.91999816894531,43.77000045776367,41.52199935913086,43.5,43.5,1084700
2024-05-03,44.959999084472656,45.47999954223633,43.400001525878906,43.439998626708984,43.439998626708984,884400
2024-05-06,43.65999984741211,45.900001525878906,42.75,45.540000915527344,45.540000915527344,602000
2024-05-07,46.58000183105469,48.5099983215332,43.0099983215332,45.0,45.0,1183000
2024-05-08,44.31999969482422,45.04999923706055,43.099998474121094,44.939998626708984,44.939998626708984,602800
2024-05-09,43.650001525878906,45.20000076293945,41.52000045776367,42.33000183105469,42.33000183105469,644800
2024-05-10,43.13999938964844,43.59000015258789,39.95000076293945,41.31999969482422,41.31999969482422,947000
2024-05-13,41.630001068115234,41.630001068115234,39.66999816894531,40.75,40.75,642800
2024-05-14,40.880001068115234,41.52000045776367,40.369998931884766,40.869998931884766,40.869998931884766,373400
2024-05-15,41.97999954223633,43.810001373291016,41.404998779296875,42.689998626708984,42.689998626708984,433800
2024-05-16,42.66999816894531,43.400001525878906,41.72999954223633,41.939998626708984,41.939998626708984,478600
2024-05-17,42.11000061035156,42.2599983215332,40.91999816894531,41.38999938964844,41.38999938964844,447200
2024-05-20,40.22999954223633,41.16999816894531,38.02000045776367,40.9900016784668,40.9900016784668,515900
2024-05-21,40.93000030517578,41.66999816894531,39.15999984741211,39.7599983215332,39.7599983215332,650200
2024-05-22,39.779998779296875,39.86000061035156,37.779998779296875,37.970001220703125,37.970001220703125,703300
2024-05-23,38.22999954223633,39.40999984741211,36.970001220703125,37.08000183105469,37.08000183105469,874900
2024-05-24,37.310001373291016,39.38999938964844,36.54499816894531,37.11000061035156,37.11000061035156,873200
2024-05-28,39.02000045776367,39.369998931884766,36.099998474121094,37.130001068115234,37.130001068115234,1058800
2024-05-29,36.15999984741211,37.560001373291016,36.0,37.119998931884766,37.119998931884766,663200
2024-05-30,37.189998626708984,37.334999084472656,35.90999984741211,36.95000076293945,36.95000076293945,871900
2024-05-31,37.619998931884766,38.400001525878906,37.150001525878906,37.9900016784668,37.9900016784668,916900
2024-06-03,39.369998931884766,41.58000183105469,38.15999984741211,40.27000045776367,40.27000045776367,871600
2024-06-04,39.91999816894531,41.060001373291016,38.630001068115234,39.470001220703125,39.470001220703125,653000
2024-06-05,39.56999969482422,42.040000915527344,39.04499816894531,41.18000030517578,41.18000030517578,681300
2024-06-06,39.400001525878906,39.540000915527344,36.20000076293945,38.02000045776367,38.02000045776367,1293000
2024-06-07,38.16999816894531,39.17499923706055,37.18000030517578,38.5,38.5,638700
2024-06-10,37.709999084472656,39.279998779296875,37.150001525878906,38.97999954223633,38.97999954223633,594300
2024-06-11,38.400001525878906,39.165000915527344,37.650001525878906,38.43000030517578,38.43000030517578,589100
2024-06-12,39.5,39.52000045776367,37.5099983215332,38.0,38.0,702100
2024-06-13,37.56999969482422,38.41999816894531,36.81999969482422,37.400001525878906,37.400001525878906,483000
2024-06-14,36.540000915527344,37.2599983215332,35.060001373291016,36.02000045776367,36.02000045776367,648200
2024-06-17,35.970001220703125,36.25,34.880001068115234,35.720001220703125,35.720001220703125,418500
2024-06-18,35.43000030517578,35.689998626708984,34.650001525878906,35.529998779296875,35.529998779296875,360300
2024-06-20,35.459999084472656,36.0,34.79499816894531,35.65999984741211,35.65999984741211,423300
2024-06-21,35.790000915527344,36.08000183105469,34.380001068115234,35.88999938964844,35.88999938964844,1869300
2024-06-24,35.61000061035156,36.33000183105469,34.720001220703125,34.88999938964844,34.88999938964844,1226300
2024-06-25,34.849998474121094,35.97999954223633,34.31999969482422,35.22999954223633,35.22999954223633,1179200
2024-06-26,35.15999984741211,35.52000045776367,32.9900016784668,33.720001220703125,33.720001220703125,614800
2024-06-27,33.7400016784668,34.869998931884766,32.650001525878906,34.65999984741211,34.65999984741211,379800
2024-06-28,35.349998474121094,36.63999938964844,34.880001068115234,36.18000030517578,36.18000030517578,1911900
2024-07-01,36.189998626708984,37.77000045776367,36.11000061035156,36.290000915527344,36.290000915527344,474800
2024-07-02,35.93000030517578,36.0,34.59000015258789,34.93000030517578,34.93000030517578,335000
2024-07-03,35.099998474121094,35.33000183105469,34.4900016784668,34.88999938964844,34.88999938964844,375900
2024-07-05,34.900001525878906,35.79999923706055,33.970001220703125,35.630001068115234,35.630001068115234,270600
2024-07-08,35.970001220703125,36.66999816894531,35.41999816894531,35.97999954223633,35.97999954223633,286100
2024-07-09,35.90999984741211,36.63999938964844,34.85499954223633,35.060001373291016,35.060001373291016,623000
2024-07-10,34.95000076293945,36.54999923706055,34.95000076293945,36.540000915527344,36.540000915527344,313300
2024-07-11,37.59000015258789,39.119998931884766,36.70000076293945,37.56999969482422,37.56999969482422,555700
2024-07-12,38.02000045776367,38.81999969482422,36.54499816894531,36.619998931884766,36.619998931884766,464200
2024-07-15,37.08000183105469,38.025001525878906,36.380001068115234,36.75,36.75,1123200
2024-07-16,37.06999969482422,38.400001525878906,36.834999084472656,37.2400016784668,37.2400016784668,1074000
2024-07-17,36.599998474121094,36.72999954223633,34.915000915527344,35.189998626708984,35.189998626708984,707800
2024-07-18,35.25,36.15999984741211,33.810001373291016,34.81999969482422,34.81999969482422,615800
2024-07-19,34.97999954223633,35.400001525878906,34.05699920654297,34.650001525878906,34.650001525878906,371300
2024-07-22,34.349998474121094,35.349998474121094,33.904998779296875,34.09000015258789,34.09000015258789,618900
2024-07-23,33.880001068115234,35.65399932861328,33.689998626708984,35.06999969482422,35.06999969482422,241600
2024-07-24,34.779998779296875,36.18000030517578,34.494998931884766,35.25,35.25,266800
2024-07-25,35.560001373291016,37.310001373291016,34.70000076293945,36.84000015258789,36.84000015258789,832700
2024-07-26,37.66999816894531,37.959999084472656,36.189998626708984,36.70000076293945,36.70000076293945,444700
2024-07-29,37.220001220703125,37.29999923706055,34.97999954223633,35.83000183105469,35.83000183105469,438600
2024-07-30,36.08000183105469,36.47999954223633,34.209999084472656,34.619998931884766,34.619998931884766,288500
2024-07-31,35.459999084472656,37.470001220703125,34.869998931884766,36.59000015258789,36.59000015258789,510600
2024-08-01,36.560001373291016,38.15999984741211,36.209999084472656,37.619998931884766,37.619998931884766,673900
2024-08-02,35.63999938964844,37.84000015258789,34.790000915527344,37.38999938964844,37.38999938964844,763700
2024-08-05,35.150001525878906,37.08000183105469,34.025001525878906,36.0,36.0,491600
2024-08-06,36.18000030517578,38.09000015258789,35.13800048828125,37.439998626708984,37.439998626708984,481300
2024-08-07,37.95000076293945,37.95000076293945,35.630001068115234,35.650001525878906,35.650001525878906,406500
2024-08-08,36.380001068115234,36.380001068115234,34.85499954223633,35.849998474121094,35.849998474121094,447600
2024-08-09,34.86000061035156,36.40999984741211,34.50600051879883,35.97999954223633,35.97999954223633,425100
2024-08-12,35.86000061035156,36.56999969482422,35.18000030517578,35.84000015258789,35.84000015258789,332900
2024-08-13,35.810001373291016,38.15999984741211,35.220001220703125,37.95000076293945,37.95000076293945,373600
2024-08-14,38.380001068115234,38.380001068115234,37.060001373291016,37.900001525878906,37.900001525878906,333500
2024-08-15,38.849998474121094,39.20000076293945,36.900001525878906,37.2400016784668,37.2400016784668,525100
2024-08-16,37.27000045776367,38.81999969482422,37.06999969482422,37.630001068115234,37.630001068115234,383200
2024-08-19,37.349998474121094,39.45000076293945,37.29999923706055,39.400001525878906,39.400001525878906,507500
2024-08-20,39.45000076293945,40.79999923706055,38.81999969482422,40.209999084472656,40.209999084472656,411500
2024-08-21,40.189998626708984,40.7400016784668,38.82500076293945,39.939998626708984,39.939998626708984,464600
2024-08-22,40.099998474121094,40.689998626708984,38.83000183105469,39.119998931884766,39.119998931884766,257500
2024-08-23,39.59000015258789,40.33000183105469,38.7599983215332,39.29999923706055,39.29999923706055,301400
2024-08-26,39.290000915527344,39.52000045776367,38.619998931884766,38.720001220703125,38.720001220703125,205200
2024-08-27,38.7400016784668,39.18000030517578,37.04999923706055,37.650001525878906,37.650001525878906,315200
2024-08-28,37.38999938964844,37.65999984741211,36.400001525878906,36.70000076293945,36.70000076293945,368000
2024-08-29,37.0,37.959999084472656,36.25,36.779998779296875,36.779998779296875,384400
2024-08-30,37.279998779296875,37.88999938964844,36.5099983215332,37.81999969482422,37.81999969482422,242500
2024-09-03,38.560001373291016,40.79999923706055,37.32500076293945,38.36000061035156,38.36000061035156,791200
2024-09-04,38.040000915527344,38.95000076293945,37.63999938964844,38.400001525878906,38.400001525878906,199900
2024-09-05,38.70000076293945,38.83000183105469,37.7400016784668,38.15999984741211,38.15999984741211,302800
2024-09-06,38.36000061035156,38.55500030517578,35.939998626708984,37.20000076293945,37.20000076293945,327100
2024-09-09,37.380001068115234,38.90999984741211,37.36000061035156,38.290000915527344,38.290000915527344,279300
2024-09-10,38.41999816894531,38.86000061035156,36.849998474121094,37.54999923706055,37.54999923706055,714400
2024-09-11,37.20000076293945,38.060001373291016,36.84000015258789,37.56999969482422,37.56999969482422,345700
2024-09-12,37.599998474121094,38.064998626708984,35.29999923706055,35.65999984741211,35.65999984741211,634800
2024-09-13,36.130001068115234,38.060001373291016,35.810001373291016,37.5099983215332,37.5099983215332,553400
2024-09-16,37.619998931884766,40.91999816894531,37.06999969482422,40.099998474121094,40.099998474121094,734900
2024-09-17,40.619998931884766,40.63999938964844,37.77000045776367,40.02000045776367,40.02000045776367,711400
2024-09-18,40.09000015258789,42.084999084472656,39.27000045776367,40.33000183105469,40.33000183105469,562100
2024-09-19,41.119998931884766,42.79999923706055,40.95500183105469,41.9900016784668,41.9900016784668,731200
2024-09-20,42.04999923706055,43.02000045776367,41.5099983215332,42.779998779296875,42.779998779296875,1316400
2024-09-23,42.58000183105469,45.290000915527344,41.90999984741211,44.560001373291016,44.560001373291016,1677500
2024-09-24,44.77000045776367,46.81999969482422,42.93000030517578,46.709999084472656,46.709999084472656,543700
2024-09-25,46.849998474121094,47.29999923706055,44.83000183105469,44.91999816894531,44.91999816894531,628600
2024-09-26,45.43000030517578,46.07500076293945,44.90999984741211,45.65999984741211,45.65999984741211,460000
2024-09-27,46.119998931884766,46.119998931884766,42.380001068115234,43.439998626708984,43.439998626708984,691900
2024-09-30,43.400001525878906,46.595001220703125,42.349998474121094,44.20000076293945,44.20000076293945,975900
2024-10-01,43.77000045776367,43.77000045776367,40.47999954223633,42.83000183105469,42.83000183105469,708500
2024-10-02,42.33000183105469,42.779998779296875,40.595001220703125,41.75,41.75,688500
2024-10-03,41.65999984741211,41.65999984741211,40.119998931884766,40.4900016784668,40.4900016784668,740200
2024-10-04,40.93000030517578,41.529998779296875,39.91999816894531,40.84000015258789,40.84000015258789,456900
