Date,Open,High,Low,Close,Adj Close,Volume
2021-07-01,16.0,16.0,9.130000114440918,10.850000381469727,10.850000381469727,632900
2021-07-02,23.760000228881836,30.0,18.5,18.790000915527344,18.790000915527344,16035100
2021-07-06,20.6200008392334,20.690000534057617,16.549999237060547,18.65999984741211,18.65999984741211,1561900
2021-07-07,17.520000457763672,17.780000686645508,14.744999885559082,14.850000381469727,14.850000381469727,355000
2021-07-08,13.399999618530273,17.246000289916992,13.399999618530273,14.649999618530273,14.649999618530273,688700
2021-07-09,15.069999694824219,15.069999694824219,14.0,14.0,14.0,157500
2021-07-12,13.380000114440918,13.819999694824219,11.84000015258789,11.960000038146973,11.960000038146973,391000
2021-07-13,11.609999656677246,13.979999542236328,11.0,12.369999885559082,12.369999885559082,311800
2021-07-14,12.800000190734863,12.979999542236328,11.640000343322754,11.920000076293945,11.920000076293945,162300
2021-07-15,11.5600004196167,11.579999923706055,10.5600004196167,10.640000343322754,10.640000343322754,156800
2021-07-16,10.819999694824219,11.380000114440918,10.329999923706055,10.479999542236328,10.479999542236328,41500
2021-07-19,10.449999809265137,10.539999961853027,9.390000343322754,9.569999694824219,9.569999694824219,125800
2021-07-20,9.640000343322754,10.399999618530273,9.510000228881836,9.819999694824219,9.819999694824219,60100
2021-07-21,9.989999771118164,10.38700008392334,9.59000015258789,10.095000267028809,10.095000267028809,50200
2021-07-22,10.137999534606934,11.748000144958496,10.010000228881836,10.289999961853027,10.289999961853027,156000
2021-07-23,10.199999809265137,10.199999809265137,9.15999984741211,9.369999885559082,9.369999885559082,55100
2021-07-26,9.359999656677246,9.699999809265137,9.211000442504883,9.229999542236328,9.229999542236328,30400
2021-07-27,9.270000457763672,9.59000015258789,8.510000228881836,8.569999694824219,8.569999694824219,33600
2021-07-28,9.029999732971191,9.243000030517578,8.619999885559082,9.15999984741211,9.15999984741211,34800
2021-07-29,8.770000457763672,9.119999885559082,8.699999809265137,8.770000457763672,8.770000457763672,18000
2021-07-30,8.890000343322754,9.039999961853027,8.050000190734863,8.140000343322754,8.140000343322754,60700
2021-08-02,8.539999961853027,8.869999885559082,8.192000389099121,8.260000228881836,8.260000228881836,23800
2021-08-03,8.520000457763672,8.57699966430664,8.210000038146973,8.319999694824219,8.319999694824219,18000
2021-08-04,8.350000381469727,8.579999923706055,8.350000381469727,8.369999885559082,8.369999885559082,25800
2021-08-05,8.5,8.649999618530273,8.149999618530273,8.350000381469727,8.350000381469727,27300
2021-08-06,8.319999694824219,8.729999542236328,8.180000305175781,8.569999694824219,8.569999694824219,16000
2021-08-09,8.609999656677246,8.729999542236328,8.385000228881836,8.510000228881836,8.510000228881836,16300
2021-08-10,8.699999809265137,8.699999809265137,8.130000114440918,8.210000038146973,8.210000038146973,21800
2021-08-11,8.510000228881836,8.618000030517578,8.100000381469727,8.1899995803833,8.1899995803833,14100
2021-08-12,8.355999946594238,8.355999946594238,8.0,8.100000381469727,8.100000381469727,14400
2021-08-13,8.15999984741211,8.4399995803833,8.100000381469727,8.210000038146973,8.210000038146973,8700
2021-08-16,8.1899995803833,8.300000190734863,8.0600004196167,8.119999885559082,8.119999885559082,33300
2021-08-17,8.220000267028809,11.010000228881836,8.220000267028809,9.59000015258789,9.59000015258789,1318800
2021-08-18,9.300000190734863,9.75,8.25,8.369999885559082,8.369999885559082,150500
2021-08-19,8.180000305175781,8.90999984741211,8.020000457763672,8.060999870300293,8.060999870300293,88700
2021-08-20,8.010000228881836,8.281000137329102,7.5,7.760000228881836,7.760000228881836,42000
2021-08-23,7.739999771118164,8.0,7.590000152587891,7.690000057220459,7.690000057220459,27300
2021-08-24,7.690000057220459,8.140000343322754,7.690000057220459,7.909999847412109,7.909999847412109,38100
2021-08-25,7.900000095367432,8.130000114440918,7.690000057220459,8.130000114440918,8.130000114440918,25100
2021-08-26,8.140000343322754,8.220000267028809,7.679999828338623,7.679999828338623,7.679999828338623,27800
2021-08-27,7.71999979019165,7.894999980926514,7.650000095367432,7.739999771118164,7.739999771118164,25500
2021-08-30,7.75,7.840000152587891,7.599999904632568,7.599999904632568,7.599999904632568,32700
2021-08-31,7.619999885559082,7.920000076293945,7.619999885559082,7.760000228881836,7.760000228881836,40800
2021-09-01,7.699999809265137,7.949999809265137,7.610000133514404,7.940000057220459,7.940000057220459,20200
2021-09-02,7.78000020980835,8.829999923706055,7.78000020980835,8.600000381469727,8.600000381469727,59200
2021-09-03,8.489999771118164,8.729999542236328,8.119999885559082,8.329999923706055,8.329999923706055,12700
2021-09-07,8.470000267028809,8.550000190734863,8.0,8.029999732971191,8.029999732971191,39900
2021-09-08,8.199999809265137,8.34000015258789,7.624000072479248,8.0,8.0,24000
2021-09-09,7.880000114440918,8.093000411987305,7.71999979019165,7.784999847412109,7.784999847412109,9800
2021-09-10,7.920000076293945,8.199999809265137,7.789999961853027,7.800000190734863,7.800000190734863,16900
2021-09-13,7.96999979019165,8.1899995803833,7.809000015258789,8.055000305175781,8.055000305175781,21700
2021-09-14,8.079999923706055,8.079999923706055,7.5,7.5,7.5,36900
2021-09-15,7.539999961853027,7.75,7.510000228881836,7.699999809265137,7.699999809265137,23000
2021-09-16,7.710000038146973,7.840000152587891,7.710000038146973,7.71999979019165,7.71999979019165,5700
2021-09-17,7.690000057220459,7.929999828338623,7.659999847412109,7.929999828338623,7.929999828338623,20500
2021-09-20,7.599999904632568,7.989999771118164,7.599999904632568,7.650000095367432,7.650000095367432,14600
2021-09-21,7.699999809265137,7.909999847412109,7.550000190734863,7.75,7.75,8800
2021-09-22,7.730000019073486,8.0,7.610000133514404,7.630000114440918,7.630000114440918,7200
2021-09-23,7.71999979019165,7.78000020980835,7.599999904632568,7.71999979019165,7.71999979019165,13200
2021-09-24,7.953999996185303,7.953999996185303,7.703999996185303,7.820000171661377,7.820000171661377,2800
2021-09-27,7.929999828338623,8.27400016784668,7.679999828338623,7.679999828338623,7.679999828338623,17100
2021-09-28,7.889999866485596,7.920000076293945,7.639999866485596,7.639999866485596,7.639999866485596,12400
2021-09-29,7.690000057220459,7.900000095367432,7.599999904632568,7.650000095367432,7.650000095367432,29800
2021-09-30,7.699999809265137,7.815000057220459,6.260000228881836,6.809999942779541,6.809999942779541,74900
2021-10-01,7.050000190734863,7.050000190734863,6.519999980926514,6.739999771118164,6.739999771118164,10200
2021-10-04,6.949999809265137,6.989999771118164,6.453000068664551,6.610000133514404,6.610000133514404,10600
2021-10-05,6.5,6.699999809265137,6.25,6.355000019073486,6.355000019073486,17100
2021-10-06,6.599999904632568,6.599999904632568,6.392000198364258,6.5,6.5,6700
2021-10-07,6.510000228881836,6.776000022888184,6.349999904632568,6.510000228881836,6.510000228881836,10200
2021-10-08,6.46999979019165,6.809999942779541,6.300000190734863,6.809999942779541,6.809999942779541,13200
2021-10-11,7.0,7.696000099182129,6.75,6.75,6.75,48100
2021-10-12,6.730000019073486,6.947000026702881,6.599999904632568,6.650000095367432,6.650000095367432,11900
2021-10-13,6.670000076293945,7.0,6.619999885559082,7.0,7.0,26300
2021-10-14,7.119999885559082,7.599999904632568,7.059999942779541,7.440000057220459,7.440000057220459,26900
2021-10-15,7.03000020980835,7.5370001792907715,7.03000020980835,7.5,7.5,19100
2021-10-18,7.5,7.5,7.179999828338623,7.179999828338623,7.179999828338623,6800
2021-10-19,7.25,7.5,7.203000068664551,7.2179999351501465,7.2179999351501465,4600
2021-10-20,7.5,7.579999923706055,7.320000171661377,7.400000095367432,7.400000095367432,10800
2021-10-21,7.400000095367432,7.510000228881836,7.300000190734863,7.46999979019165,7.46999979019165,6400
2021-10-22,7.480000019073486,7.480000019073486,6.5,6.979000091552734,6.979000091552734,18000
2021-10-25,6.989999771118164,7.130000114440918,6.849999904632568,6.894999980926514,6.894999980926514,5900
2021-10-26,7.110000133514404,7.130000114440918,6.800000190734863,6.864999771118164,6.864999771118164,7600
2021-10-27,6.789999961853027,6.815000057220459,6.209000110626221,6.300000190734863,6.300000190734863,31100
2021-10-28,6.619999885559082,6.949999809265137,6.389999866485596,6.590000152587891,6.590000152587891,33000
2021-10-29,6.690000057220459,6.900000095367432,6.5,6.699999809265137,6.699999809265137,21000
2021-11-01,7.309999942779541,7.309999942779541,6.880000114440918,7.139999866485596,7.139999866485596,13100
2021-11-02,7.070000171661377,7.150000095367432,7.0,7.010000228881836,7.010000228881836,10800
2021-11-03,7.150000095367432,7.150000095367432,7.019999980926514,7.065000057220459,7.065000057220459,6300
2021-11-04,7.099999904632568,7.139999866485596,7.0,7.0,7.0,3800
2021-11-05,7.202000141143799,7.202000141143799,6.563000202178955,6.989999771118164,6.989999771118164,14500
2021-11-08,7.139999866485596,8.329999923706055,6.630000114440918,7.610000133514404,7.610000133514404,90300
2021-11-09,7.849999904632568,7.849999904632568,6.78000020980835,7.295000076293945,7.295000076293945,33700
2021-11-10,7.139999866485596,7.296000003814697,7.0,7.0,7.0,11600
2021-11-11,7.0,7.070000171661377,6.769999980926514,7.0,7.0,10600
2021-11-12,7.059999942779541,7.059999942779541,6.610000133514404,6.920000076293945,6.920000076293945,9200
2021-11-15,7.039999961853027,7.039999961853027,6.659999847412109,6.789999961853027,6.789999961853027,13000
2021-11-16,6.980000019073486,7.019999980926514,6.660999774932861,6.730000019073486,6.730000019073486,24500
2021-11-17,6.75,6.920000076293945,6.560999870300293,6.650000095367432,6.650000095367432,7900
2021-11-18,6.659999847412109,6.800000190734863,6.5,6.510000228881836,6.510000228881836,6300
2021-11-19,6.829999923706055,6.829999923706055,6.585999965667725,6.585999965667725,6.585999965667725,6500
2021-11-22,6.599999904632568,6.639999866485596,6.369999885559082,6.510000228881836,6.510000228881836,10500
2021-11-23,6.614999771118164,6.730000019073486,6.510000228881836,6.730000019073486,6.730000019073486,13800
2021-11-24,6.679999828338623,6.699999809265137,6.349999904632568,6.699999809265137,6.699999809265137,6500
2021-11-26,6.440000057220459,6.739999771118164,6.309000015258789,6.638000011444092,6.638000011444092,27000
2021-11-29,6.53000020980835,6.670000076293945,6.360000133514404,6.414999961853027,6.414999961853027,8500
2021-11-30,6.650000095367432,6.650000095367432,6.163000106811523,6.639999866485596,6.639999866485596,13400
2021-12-01,6.25,6.560999870300293,6.019999980926514,6.302999973297119,6.302999973297119,19000
2021-12-02,6.050000190734863,6.307000160217285,6.050000190734863,6.144999980926514,6.144999980926514,17100
2021-12-03,5.929999828338623,5.929999828338623,5.340000152587891,5.449999809265137,5.449999809265137,12400
2021-12-06,5.489999771118164,5.53000020980835,5.170000076293945,5.218999862670898,5.218999862670898,7300
2021-12-07,5.360000133514404,5.449999809265137,4.949999809265137,5.199999809265137,5.199999809265137,14400
2021-12-08,5.21999979019165,5.855000019073486,5.21999979019165,5.614999771118164,5.614999771118164,27000
2021-12-09,5.820000171661377,5.820000171661377,5.580999851226807,5.730000019073486,5.730000019073486,8000
2021-12-10,5.849999904632568,6.0,5.704999923706055,5.78000020980835,5.78000020980835,8000
2021-12-13,5.718999862670898,5.718999862670898,5.449999809265137,5.449999809265137,5.449999809265137,3500
2021-12-14,5.289999961853027,5.289999961853027,5.239999771118164,5.25,5.25,3800
2021-12-15,5.199999809265137,5.239999771118164,5.0,5.190000057220459,5.190000057220459,5200
2021-12-16,5.21999979019165,5.25,5.0,5.039999961853027,5.039999961853027,4200
2021-12-17,5.079999923706055,5.599999904632568,5.03000020980835,5.110000133514404,5.110000133514404,8100
2021-12-20,5.110000133514404,5.199999809265137,5.017000198364258,5.199999809265137,5.199999809265137,7900
2021-12-21,5.050000190734863,5.190000057220459,5.0,5.190000057220459,5.190000057220459,3500
2021-12-22,5.03000020980835,5.059999942779541,4.859000205993652,5.039999961853027,5.039999961853027,10500
2021-12-23,5.150000095367432,5.525000095367432,5.019999980926514,5.190000057220459,5.190000057220459,13600
2021-12-27,5.079999923706055,5.300000190734863,4.989999771118164,4.989999771118164,4.989999771118164,8800
2021-12-28,5.125999927520752,5.125999927520752,4.71999979019165,4.739999771118164,4.739999771118164,5100
2021-12-29,4.869999885559082,5.070000171661377,4.760000228881836,4.789999961853027,4.789999961853027,10000
2021-12-30,4.757999897003174,4.859000205993652,4.46999979019165,4.489999771118164,4.489999771118164,19800
2021-12-31,4.675000190734863,4.679999828338623,4.242000102996826,4.309999942779541,4.309999942779541,18300
2022-01-03,4.519999980926514,6.0,4.300000190734863,6.0,6.0,1189200
2022-01-04,5.190000057220459,5.940000057220459,5.190000057220459,5.920000076293945,5.920000076293945,109000
2022-01-05,6.010000228881836,6.189000129699707,5.21999979019165,5.570000171661377,5.570000171661377,74500
2022-01-06,5.395999908447266,5.659999847412109,5.0,5.5,5.5,58500
2022-01-07,5.5,5.889999866485596,5.460000038146973,5.519999980926514,5.519999980926514,17400
2022-01-10,5.869999885559082,5.869999885559082,5.179999828338623,5.269999980926514,5.269999980926514,22600
2022-01-11,5.321000099182129,5.440000057220459,5.21999979019165,5.329999923706055,5.329999923706055,7500
2022-01-12,5.329999923706055,5.690000057220459,5.039999961853027,5.570000171661377,5.570000171661377,59200
2022-01-13,5.440000057220459,5.550000190734863,5.199999809265137,5.369999885559082,5.369999885559082,3200
2022-01-14,5.449999809265137,5.449999809265137,5.150000095367432,5.300000190734863,5.300000190734863,19400
2022-01-18,5.190000057220459,5.190000057220459,4.389999866485596,4.590000152587891,4.590000152587891,35600
2022-01-19,4.960000038146973,4.960000038146973,4.610000133514404,4.699999809265137,4.699999809265137,22300
2022-01-20,4.840000152587891,5.139999866485596,4.78000020980835,4.989999771118164,4.989999771118164,22300
2022-01-21,5.190000057220459,6.760000228881836,5.09499979019165,5.809999942779541,5.809999942779541,617500
2022-01-24,5.409999847412109,5.690000057220459,4.880000114440918,5.289999961853027,5.289999961853027,56400
2022-01-25,5.289999961853027,5.869999885559082,5.289999961853027,5.739999771118164,5.739999771118164,67700
2022-01-26,5.760000228881836,6.190000057220459,5.559999942779541,5.71999979019165,5.71999979019165,29300
2022-01-27,5.800000190734863,6.550000190734863,5.71999979019165,6.5,6.5,83500
2022-01-28,6.599999904632568,6.599999904632568,6.150000095367432,6.400000095367432,6.400000095367432,42200
2022-01-31,6.25,6.5,5.800000190734863,6.210000038146973,6.210000038146973,94700
2022-02-01,5.909999847412109,6.5,5.840000152587891,6.170000076293945,6.170000076293945,52200
2022-02-02,6.329999923706055,6.329999923706055,6.138000011444092,6.260000228881836,6.260000228881836,16600
2022-02-03,6.309999942779541,6.920000076293945,6.179999828338623,6.800000190734863,6.800000190734863,41100
2022-02-04,6.710000038146973,6.730000019073486,6.510000228881836,6.679999828338623,6.679999828338623,20600
2022-02-07,6.699999809265137,7.0,6.420000076293945,6.71999979019165,6.71999979019165,10800
2022-02-08,6.670000076293945,6.75,6.519999980926514,6.65500020980835,6.65500020980835,5800
2022-02-09,6.74399995803833,7.449999809265137,6.5279998779296875,7.150000095367432,7.150000095367432,53900
2022-02-10,7.059999942779541,7.059999942779541,6.510000228881836,6.849999904632568,6.849999904632568,17500
2022-02-11,6.960000038146973,7.039999961853027,6.53000020980835,6.880000114440918,6.880000114440918,19500
2022-02-14,6.800000190734863,6.800000190734863,6.070000171661377,6.099999904632568,6.099999904632568,24000
2022-02-15,6.409999847412109,6.414999961853027,6.369999885559082,6.400000095367432,6.400000095367432,2000
2022-02-16,6.420000076293945,6.420000076293945,5.840000152587891,6.170000076293945,6.170000076293945,12300
2022-02-17,6.110000133514404,6.110000133514404,5.254000186920166,5.300000190734863,5.300000190734863,24000
2022-02-18,5.800000190734863,5.860000133514404,4.679999828338623,4.920000076293945,4.920000076293945,38400
2022-02-22,4.949999809265137,5.309999942779541,4.949999809265137,4.960000038146973,4.960000038146973,19000
2022-02-23,5.079999923706055,5.619999885559082,5.050000190734863,5.559999942779541,5.559999942779541,16300
2022-02-24,5.269999980926514,5.485000133514404,5.050000190734863,5.050000190734863,5.050000190734863,9000
2022-02-25,5.25,5.449999809265137,4.769999980926514,5.03000020980835,5.03000020980835,23400
2022-02-28,4.820000171661377,4.820000171661377,4.440000057220459,4.519999980926514,4.519999980926514,51600
2022-03-01,4.53000020980835,4.607999801635742,4.239999771118164,4.340000152587891,4.340000152587891,15500
2022-03-02,4.199999809265137,4.349999904632568,3.7699999809265137,4.119999885559082,4.119999885559082,33600
2022-03-03,3.799999952316284,4.099999904632568,3.4089999198913574,3.640000104904175,3.640000104904175,36100
2022-03-04,3.4100000858306885,3.5329999923706055,3.2699999809265137,3.3399999141693115,3.3399999141693115,37300
2022-03-07,3.359999895095825,4.179999828338623,3.2799999713897705,3.9100000858306885,3.9100000858306885,82700
2022-03-08,4.010000228881836,7.699999809265137,4.010000228881836,5.900000095367432,5.900000095367432,1241300
2022-03-09,5.900000095367432,5.965000152587891,4.71999979019165,5.0,5.0,176700
2022-03-10,5.429999828338623,7.800000190734863,5.199999809265137,6.260000228881836,6.260000228881836,6976000
2022-03-11,5.940000057220459,5.96999979019165,4.829999923706055,5.380000114440918,5.380000114440918,274200
2022-03-14,5.159999847412109,5.360000133514404,4.550000190734863,5.010000228881836,5.010000228881836,194400
2022-03-15,4.820000171661377,4.980000019073486,4.409999847412109,4.630000114440918,4.630000114440918,112100
2022-03-16,4.900000095367432,5.045000076293945,4.360000133514404,4.670000076293945,4.670000076293945,91300
2022-03-17,4.78000020980835,5.130000114440918,4.579999923706055,4.760000228881836,4.760000228881836,77600
2022-03-18,4.849999904632568,5.070000171661377,4.699999809265137,4.900000095367432,4.900000095367432,70100
2022-03-21,5.079999923706055,5.079999923706055,4.75,4.840000152587891,4.840000152587891,12300
2022-03-22,4.900000095367432,4.929999828338623,4.650000095367432,4.840000152587891,4.840000152587891,15800
2022-03-23,4.769999980926514,4.980000019073486,4.699999809265137,4.840000152587891,4.840000152587891,33900
2022-03-24,4.920000076293945,5.0,4.75,4.75,4.75,7700
2022-03-25,4.869999885559082,4.980000019073486,4.769999980926514,4.929999828338623,4.929999828338623,9500
2022-03-28,4.980000019073486,5.440000057220459,4.820000171661377,5.2270002365112305,5.2270002365112305,45300
2022-03-29,5.349999904632568,5.349999904632568,5.110000133514404,5.179999828338623,5.179999828338623,17900
2022-03-30,5.179999828338623,5.650000095367432,5.139999866485596,5.53000020980835,5.53000020980835,38300
2022-03-31,5.650000095367432,5.75,5.329999923706055,5.349999904632568,5.349999904632568,42900
2022-04-01,5.75,5.75,5.369999885559082,5.679999828338623,5.679999828338623,23700
2022-04-04,5.75,6.0,5.696000099182129,5.860000133514404,5.860000133514404,44000
2022-04-05,5.840000152587891,6.239999771118164,5.840000152587891,6.039999961853027,6.039999961853027,30400
2022-04-06,6.059999942779541,6.159999847412109,5.810999870300293,5.989999771118164,5.989999771118164,25000
2022-04-07,6.190000057220459,6.190000057220459,5.730000019073486,5.889999866485596,5.889999866485596,23900
2022-04-08,5.940000057220459,6.190000057220459,5.710000038146973,6.039999961853027,6.039999961853027,14000
2022-04-11,6.079999923706055,6.300000190734863,5.909999847412109,6.184999942779541,6.184999942779541,32300
2022-04-12,6.179999828338623,6.5,6.179999828338623,6.349999904632568,6.349999904632568,18700
2022-04-13,6.489999771118164,6.489999771118164,6.070000171661377,6.239999771118164,6.239999771118164,19700
2022-04-14,6.480000019073486,6.480000019073486,6.052999973297119,6.139999866485596,6.139999866485596,9900
2022-04-18,6.260000228881836,6.321000099182129,6.059999942779541,6.25,6.25,7500
2022-04-19,6.010000228881836,6.480000019073486,6.010000228881836,6.300000190734863,6.300000190734863,12800
2022-04-20,6.150000095367432,6.289999961853027,5.989999771118164,6.019999980926514,6.019999980926514,19200
2022-04-21,5.940000057220459,5.940000057220459,5.650000095367432,5.75,5.75,12200
2022-04-22,5.690000057220459,5.989999771118164,5.590000152587891,5.929999828338623,5.929999828338623,25500
2022-04-25,5.5,5.870999813079834,5.25,5.619999885559082,5.619999885559082,33300
2022-04-26,5.460000038146973,5.480000019073486,5.269999980926514,5.28000020980835,5.28000020980835,10600
2022-04-27,5.25,5.25,5.099999904632568,5.179999828338623,5.179999828338623,14800
2022-04-28,5.099999904632568,5.099999904632568,4.849999904632568,4.920000076293945,4.920000076293945,17500
2022-04-29,4.800000190734863,4.980000019073486,4.78000020980835,4.960000038146973,4.960000038146973,4500
2022-05-02,4.849999904632568,4.960000038146973,4.829999923706055,4.860000133514404,4.860000133514404,5100
2022-05-03,4.795000076293945,4.795000076293945,4.510000228881836,4.510000228881836,4.510000228881836,9100
2022-05-04,5.03000020980835,5.03000020980835,4.5,4.809999942779541,4.809999942779541,9300
2022-05-05,4.900000095367432,4.900000095367432,4.119999885559082,4.300000190734863,4.300000190734863,18900
2022-05-06,4.289999961853027,4.289999961853027,3.7799999713897705,3.9000000953674316,3.9000000953674316,28700
2022-05-09,3.9000000953674316,4.380000114440918,3.7899999618530273,3.799999952316284,3.799999952316284,12800
2022-05-10,3.799999952316284,3.9000000953674316,3.434999942779541,3.5,3.5,14100
2022-05-11,3.5999999046325684,4.340000152587891,3.5999999046325684,3.809999942779541,3.809999942779541,15000
2022-05-12,3.809999942779541,3.940000057220459,3.5,3.549999952316284,3.549999952316284,9100
2022-05-13,3.880000114440918,4.139999866485596,3.430000066757202,3.440000057220459,3.440000057220459,10300
2022-05-16,3.509999990463257,4.0,3.509999990463257,3.7200000286102295,3.7200000286102295,6600
2022-05-17,3.877000093460083,3.9700000286102295,3.799999952316284,3.799999952316284,3.799999952316284,6800
2022-05-18,3.759999990463257,3.999000072479248,3.509999990463257,3.509999990463257,3.509999990463257,6000
2022-05-19,3.811000108718872,3.9600000381469727,3.7200000286102295,3.805000066757202,3.805000066757202,10400
2022-05-20,3.940000057220459,4.380000114440918,3.809999942779541,3.950000047683716,3.950000047683716,15000
2022-05-23,4.0,4.010000228881836,3.940000057220459,4.0,4.0,10800
2022-05-24,4.0,4.0,3.7100000381469727,3.75,3.75,16800
2022-05-25,3.809999942779541,3.9649999141693115,3.809999942779541,3.9649999141693115,3.9649999141693115,3300
2022-05-26,3.940000057220459,4.090000152587891,3.630000114440918,3.940000057220459,3.940000057220459,34300
2022-05-27,3.9700000286102295,3.9700000286102295,3.8399999141693115,3.940000057220459,3.940000057220459,9200
2022-05-31,3.930000066757202,4.050000190734863,3.869999885559082,4.0,4.0,6600
2022-06-01,4.090000152587891,4.090000152587891,3.8399999141693115,3.8399999141693115,3.8399999141693115,6900
2022-06-02,3.859999895095825,4.09499979019165,3.8499999046325684,4.09499979019165,4.09499979019165,8500
2022-06-03,4.269999980926514,4.349999904632568,4.098999977111816,4.199999809265137,4.199999809265137,5100
2022-06-06,4.409999847412109,4.565000057220459,4.131999969482422,4.309999942779541,4.309999942779541,6900
2022-06-07,4.730000019073486,4.730000019073486,4.340000152587891,4.380000114440918,4.380000114440918,9400
2022-06-08,4.480000019073486,4.480000019073486,3.8499999046325684,3.930000066757202,3.930000066757202,28300
2022-06-09,3.8499999046325684,3.930000066757202,3.813999891281128,3.819999933242798,3.819999933242798,4000
2022-06-10,3.7200000286102295,3.990000009536743,3.619999885559082,3.740000009536743,3.740000009536743,12100
2022-06-13,3.619999885559082,3.7899999618530273,3.4800000190734863,3.5,3.5,10100
2022-06-14,3.509999990463257,3.700000047683716,3.4779999256134033,3.5899999141693115,3.5899999141693115,4600
2022-06-15,3.6070001125335693,3.740000009536743,3.5999999046325684,3.690000057220459,3.690000057220459,5500
2022-06-16,3.700000047683716,3.7100000381469727,3.4700000286102295,3.7100000381469727,3.7100000381469727,19900
2022-06-17,3.680000066757202,3.740000009536743,3.5999999046325684,3.7300000190734863,3.7300000190734863,5800
2022-06-21,3.75,4.159999847412109,3.740000009536743,4.130000114440918,4.130000114440918,12400
2022-06-22,4.110000133514404,4.320000171661377,4.110000133514404,4.289999961853027,4.289999961853027,11200
2022-06-23,4.349999904632568,4.460000038146973,4.199999809265137,4.320000171661377,4.320000171661377,12100
2022-06-24,4.364999771118164,4.364999771118164,4.059999942779541,4.090000152587891,4.090000152587891,18500
2022-06-27,4.204999923706055,4.269999980926514,4.019999980926514,4.21999979019165,4.21999979019165,6300
2022-06-28,4.380000114440918,4.800000190734863,4.300000190734863,4.420000076293945,4.420000076293945,17000
2022-06-29,4.309999942779541,4.460000038146973,4.150000095367432,4.257999897003174,4.257999897003174,23000
2022-06-30,4.559999942779541,4.559999942779541,4.150000095367432,4.239999771118164,4.239999771118164,10600
2022-07-01,4.559999942779541,4.559999942779541,4.25,4.409999847412109,4.409999847412109,3400
2022-07-05,4.440000057220459,4.46999979019165,4.329999923706055,4.400000095367432,4.400000095367432,4500
2022-07-06,4.74399995803833,4.909999847412109,4.51200008392334,4.71999979019165,4.71999979019165,28000
2022-07-07,4.880000114440918,4.880000114440918,4.5,4.559999942779541,4.559999942779541,16500
2022-07-08,4.449999809265137,4.559999942779541,4.099999904632568,4.099999904632568,4.099999904632568,21200
2022-07-11,4.289999961853027,4.429999828338623,4.199999809265137,4.380000114440918,4.380000114440918,8600
2022-07-12,4.513000011444092,4.513000011444092,4.3480000495910645,4.420000076293945,4.420000076293945,1800
2022-07-13,4.440000057220459,4.5,4.389999866485596,4.5,4.5,4200
2022-07-14,4.429999828338623,4.4679999351501465,4.329999923706055,4.414999961853027,4.414999961853027,4400
2022-07-15,4.489999771118164,4.489999771118164,4.329999923706055,4.364999771118164,4.364999771118164,10100
2022-07-18,4.489999771118164,4.5,4.329999923706055,4.329999923706055,4.329999923706055,5200
2022-07-19,4.341000080108643,4.355000019073486,4.260000228881836,4.355000019073486,4.355000019073486,9600
2022-07-20,4.400000095367432,4.681000232696533,4.380000114440918,4.544000148773193,4.544000148773193,28700
2022-07-21,4.360000133514404,4.619999885559082,4.360000133514404,4.460000038146973,4.460000038146973,5700
2022-07-22,4.599999904632568,4.639999866485596,4.400000095367432,4.460000038146973,4.460000038146973,7100
2022-07-25,4.590000152587891,4.590000152587891,4.348999977111816,4.348999977111816,4.348999977111816,3300
2022-07-26,4.420000076293945,4.420000076293945,4.260000228881836,4.349999904632568,4.349999904632568,4200
2022-07-27,4.289999961853027,4.570000171661377,4.289999961853027,4.349999904632568,4.349999904632568,10400
2022-07-28,4.349999904632568,4.5,4.300000190734863,4.5,4.5,5800
2022-07-29,4.53000020980835,4.800000190734863,3.990000009536743,4.691999912261963,4.691999912261963,56100
2022-08-01,4.699999809265137,4.909999847412109,4.590000152587891,4.909999847412109,4.909999847412109,12700
2022-08-02,4.949999809265137,4.949999809265137,4.260000228881836,4.5,4.5,22100
2022-08-03,4.5920000076293945,4.619999885559082,4.440000057220459,4.525000095367432,4.525000095367432,4100
2022-08-04,4.460000038146973,4.900000095367432,4.460000038146973,4.619999885559082,4.619999885559082,8000
2022-08-05,4.679999828338623,4.849999904632568,4.6620001792907715,4.670000076293945,4.670000076293945,6900
2022-08-08,4.869999885559082,5.150000095367432,4.788000106811523,5.054999828338623,5.054999828338623,25500
2022-08-09,5.0,5.460000038146973,4.900000095367432,5.0,5.0,37300
2022-08-10,4.900000095367432,4.900000095367432,4.639999866485596,4.900000095367432,4.900000095367432,20500
2022-08-11,5.5,5.599999904632568,4.739999771118164,5.283999919891357,5.283999919891357,12300
2022-08-12,5.440000057220459,5.800000190734863,5.440000057220459,5.71999979019165,5.71999979019165,57000
2022-08-15,5.800000190734863,6.699999809265137,5.800000190734863,6.0,6.0,98200
2022-08-16,5.900000095367432,6.0,5.409999847412109,5.695000171661377,5.695000171661377,26600
2022-08-17,5.699999809265137,5.699999809265137,4.769999980926514,5.010000228881836,5.010000228881836,24700
2022-08-18,5.150000095367432,5.199999809265137,5.150000095367432,5.195000171661377,5.195000171661377,5900
2022-08-19,5.199999809265137,5.199999809265137,4.519999980926514,4.800000190734863,4.800000190734863,15000
2022-08-22,4.900000095367432,4.900000095367432,4.625,4.800000190734863,4.800000190734863,2800
2022-08-23,4.949999809265137,5.0,4.75,4.861000061035156,4.861000061035156,16000
2022-08-24,4.929999828338623,5.059999942779541,4.889999866485596,4.889999866485596,4.889999866485596,6500
2022-08-25,4.800000190734863,4.900000095367432,4.715000152587891,4.73199987411499,4.73199987411499,10500
2022-08-26,4.710000038146973,4.909999847412109,4.449999809265137,4.5,4.5,11400
2022-08-29,4.449999809265137,4.585999965667725,4.394999980926514,4.420000076293945,4.420000076293945,17600
2022-08-30,4.590000152587891,4.840000152587891,4.409999847412109,4.64300012588501,4.64300012588501,10500
2022-08-31,4.570000171661377,5.0,4.400000095367432,4.635000228881836,4.635000228881836,22800
2022-09-01,4.599999904632568,4.599999904632568,4.25,4.329999923706055,4.329999923706055,6300
2022-09-02,4.329999923706055,4.749000072479248,4.329999923706055,4.580999851226807,4.580999851226807,4400
2022-09-06,4.510000228881836,4.579999923706055,4.474999904632568,4.519999980926514,4.519999980926514,8300
2022-09-07,4.510000228881836,4.510000228881836,4.300000190734863,4.329999923706055,4.329999923706055,5600
2022-09-08,4.409999847412109,4.590000152587891,4.340000152587891,4.349999904632568,4.349999904632568,3900
2022-09-09,4.349999904632568,4.375999927520752,4.011000156402588,4.199999809265137,4.199999809265137,22900
2022-09-12,4.239999771118164,4.239999771118164,3.9200000762939453,4.199999809265137,4.199999809265137,17800
2022-09-13,4.059999942779541,4.074999809265137,3.9200000762939453,3.9200000762939453,3.9200000762939453,7300
2022-09-14,3.799999952316284,3.8499999046325684,3.6500000953674316,3.700000047683716,3.700000047683716,14000
2022-09-15,3.7200000286102295,4.090000152587891,3.7200000286102295,3.7899999618530273,3.7899999618530273,2100
2022-09-16,3.799999952316284,4.01800012588501,3.799999952316284,3.9000000953674316,3.9000000953674316,3400
2022-09-19,3.809999942779541,4.019999980926514,3.809999942779541,4.019999980926514,4.019999980926514,10500
2022-09-20,4.010000228881836,4.039999961853027,4.0,4.010000228881836,4.010000228881836,5700
2022-09-21,3.934999942779541,4.0,3.799999952316284,3.809999942779541,3.809999942779541,4200
2022-09-22,3.880000114440918,3.880000114440918,3.799999952316284,3.815000057220459,3.815000057220459,2700
2022-09-23,3.799999952316284,3.934000015258789,3.6500000953674316,3.690000057220459,3.690000057220459,10400
2022-09-26,3.7890000343322754,3.989000082015991,3.7890000343322754,3.7899999618530273,3.7899999618530273,5800
2022-09-27,3.9700000286102295,3.9700000286102295,3.7300000190734863,3.755000114440918,3.755000114440918,4400
2022-09-28,3.7200000286102295,4.03000020980835,3.7200000286102295,3.7699999809265137,3.7699999809265137,10400
2022-09-29,3.700000047683716,3.990000009536743,3.700000047683716,3.7899999618530273,3.7899999618530273,6300
2022-09-30,3.799999952316284,3.9800000190734863,3.799999952316284,3.8499999046325684,3.8499999046325684,5000
2022-10-03,3.9700000286102295,4.059999942779541,3.859999895095825,3.9649999141693115,3.9649999141693115,3300
2022-10-04,3.9100000858306885,4.210000038146973,3.9000000953674316,3.984999895095825,3.984999895095825,5200
2022-10-05,4.019999980926514,4.105000019073486,3.934999942779541,3.934999942779541,3.934999942779541,6000
2022-10-06,3.940000057220459,4.025000095367432,3.8949999809265137,3.8949999809265137,3.8949999809265137,3100
2022-10-07,4.03000020980835,4.03000020980835,3.9100000858306885,3.934000015258789,3.934000015258789,8400
2022-10-10,3.9000000953674316,3.9200000762939453,3.8550000190734863,3.8550000190734863,3.8550000190734863,6500
2022-10-11,3.8299999237060547,3.930000066757202,3.7669999599456787,3.809999942779541,3.809999942779541,9100
2022-10-12,3.7899999618530273,4.0269999504089355,3.7899999618530273,3.819999933242798,3.819999933242798,2800
2022-10-13,3.8499999046325684,3.9800000190734863,3.5999999046325684,3.609999895095825,3.609999895095825,16000
2022-10-14,3.809999942779541,3.809999942779541,3.630000114440918,3.694999933242798,3.694999933242798,6900
2022-10-17,3.75,3.890000104904175,3.75,3.890000104904175,3.890000104904175,3200
2022-10-18,3.9000000953674316,3.9000000953674316,3.6500000953674316,3.740000009536743,3.740000009536743,5400
2022-10-19,3.7799999713897705,3.9149999618530273,3.740000009536743,3.7799999713897705,3.7799999713897705,7500
2022-10-20,3.8299999237060547,3.990000009536743,3.8299999237060547,3.9700000286102295,3.9700000286102295,13200
2022-10-21,3.9800000190734863,3.990000009536743,3.9700000286102295,3.9800000190734863,3.9800000190734863,2700
2022-10-24,3.940000057220459,3.9719998836517334,3.75,3.815999984741211,3.815999984741211,8400
2022-10-25,3.7860000133514404,3.9600000381469727,3.7860000133514404,3.9600000381469727,3.9600000381469727,1200
2022-10-26,3.9700000286102295,4.0,3.884999990463257,3.9649999141693115,3.9649999141693115,3000
2022-10-27,3.809999942779541,4.019999980926514,3.809999942779541,4.019999980926514,4.019999980926514,2300
2022-10-28,4.039999961853027,4.039999961853027,3.930000066757202,3.994999885559082,3.994999885559082,1800
2022-10-31,4.059999942779541,4.150000095367432,4.0,4.03000020980835,4.03000020980835,7300
2022-11-01,4.150000095367432,4.170000076293945,4.046000003814697,4.169000148773193,4.169000148773193,2600
2022-11-02,4.099999904632568,4.099999904632568,4.099999904632568,4.099999904632568,4.099999904632568,1000
2022-11-03,4.0,4.070000171661377,4.0,4.050000190734863,4.050000190734863,2300
2022-11-04,4.0,4.039999961853027,4.0,4.033999919891357,4.033999919891357,2000
2022-11-07,4.0,4.039999961853027,3.811000108718872,3.984999895095825,3.984999895095825,10000
2022-11-08,3.9049999713897705,3.9049999713897705,3.8299999237060547,3.878999948501587,3.878999948501587,1300
2022-11-09,3.875999927520752,3.875999927520752,3.809999942779541,3.8499999046325684,3.8499999046325684,2200
2022-11-10,3.809999942779541,4.039999961853027,3.809999942779541,3.927999973297119,3.927999973297119,1300
2022-11-11,3.819999933242798,3.9000000953674316,3.7899999618530273,3.890000104904175,3.890000104904175,5800
2022-11-14,3.809999942779541,4.0,3.809999942779541,3.990000009536743,3.990000009536743,2900
2022-11-15,3.9000000953674316,3.9000000953674316,3.809999942779541,3.8239998817443848,3.8239998817443848,2000
2022-11-16,3.859999895095825,3.9749999046325684,3.8450000286102295,3.9749999046325684,3.9749999046325684,900
2022-11-17,3.859999895095825,3.859999895095825,3.799999952316284,3.809999942779541,3.809999942779541,2400
2022-11-18,3.8299999237060547,4.039999961853027,3.8299999237060547,3.9760000705718994,3.9760000705718994,1200
2022-11-21,3.950000047683716,4.0,3.7669999599456787,3.9649999141693115,3.9649999141693115,8700
2022-11-22,4.0,4.019999980926514,4.0,4.0,4.0,1300
2022-11-23,4.050000190734863,4.25,4.0,4.139999866485596,4.139999866485596,48800
2022-11-25,4.210000038146973,4.360000133514404,4.135000228881836,4.135000228881836,4.135000228881836,4200
2022-11-28,4.050000190734863,4.739999771118164,4.050000190734863,4.599999904632568,4.599999904632568,30900
2022-11-29,4.599999904632568,4.941999912261963,4.059999942779541,4.159999847412109,4.159999847412109,17400
2022-11-30,4.159999847412109,4.570000171661377,4.159999847412109,4.329999923706055,4.329999923706055,21600
2022-12-01,4.400000095367432,4.400000095367432,4.110000133514404,4.199999809265137,4.199999809265137,10800
2022-12-02,4.199999809265137,4.389999866485596,4.199999809265137,4.340000152587891,4.340000152587891,1100
2022-12-05,4.269999980926514,4.269999980926514,4.170000076293945,4.184999942779541,4.184999942779541,4300
2022-12-06,4.210000038146973,4.360000133514404,4.210000038146973,4.360000133514404,4.360000133514404,4000
2022-12-07,4.400000095367432,4.400000095367432,4.21999979019165,4.304999828338623,4.304999828338623,2000
2022-12-08,4.400000095367432,4.550000190734863,4.179999828338623,4.230000019073486,4.230000019073486,41800
2022-12-09,4.210000038146973,4.619999885559082,4.210000038146973,4.263999938964844,4.263999938964844,4200
2022-12-12,4.400000095367432,4.61899995803833,4.119999885559082,4.550000190734863,4.550000190734863,21600
2022-12-13,4.789999961853027,4.789999961853027,4.129000186920166,4.320000171661377,4.320000171661377,18300
2022-12-14,4.230000019073486,4.489999771118164,4.111999988555908,4.119999885559082,4.119999885559082,6700
2022-12-15,4.25,4.46999979019165,4.199999809265137,4.309999942779541,4.309999942779541,2200
2022-12-16,4.25,4.25,4.190000057220459,4.190000057220459,4.190000057220459,1700
2022-12-19,4.349999904632568,4.449999809265137,3.799999952316284,3.828000068664551,3.828000068664551,13100
2022-12-20,3.799999952316284,3.8910000324249268,3.75,3.8910000324249268,3.8910000324249268,4600
2022-12-21,3.75,3.924999952316284,3.700000047683716,3.7200000286102295,3.7200000286102295,8700
2022-12-22,3.75,3.9000000953674316,3.5999999046325684,3.619999885559082,3.619999885559082,8400
2022-12-23,3.8559999465942383,3.859999895095825,3.5999999046325684,3.5999999046325684,3.5999999046325684,6500
2022-12-27,3.4600000381469727,3.5250000953674316,3.319999933242798,3.319999933242798,3.319999933242798,17800
2022-12-28,3.4000000953674316,3.4000000953674316,3.109999895095825,3.2799999713897705,3.2799999713897705,20100
2022-12-29,3.200000047683716,3.450000047683716,2.5250000953674316,2.930000066757202,2.930000066757202,39000
2022-12-30,3.0899999141693115,3.0999999046325684,2.9769999980926514,2.9769999980926514,2.9769999980926514,8500
2023-01-03,3.0799999237060547,3.0999999046325684,3.009999990463257,3.009999990463257,3.009999990463257,9200
2023-01-04,3.052000045776367,3.0999999046325684,3.009999990463257,3.0299999713897705,3.0299999713897705,5900
2023-01-05,3.0329999923706055,3.0940001010894775,3.0280001163482666,3.0940001010894775,3.0940001010894775,2000
2023-01-06,3.0899999141693115,3.0999999046325684,3.0160000324249268,3.0399999618530273,3.0399999618530273,5900
2023-01-09,3.009999990463257,3.049999952316284,3.0,3.049999952316284,3.049999952316284,2700
2023-01-10,3.009999990463257,3.0899999141693115,3.009999990463257,3.0899999141693115,3.0899999141693115,2600
2023-01-11,3.0989999771118164,3.0989999771118164,3.009999990463257,3.068000078201294,3.068000078201294,5600
2023-01-12,3.0999999046325684,3.5799999237060547,3.0299999713897705,3.559999942779541,3.559999942779541,12300
2023-01-13,3.990000009536743,3.990000009536743,3.7300000190734863,3.8450000286102295,3.8450000286102295,16200
2023-01-17,3.950000047683716,3.950000047683716,3.6050000190734863,3.822999954223633,3.822999954223633,12500
2023-01-18,3.859999895095825,3.859999895095825,3.7300000190734863,3.7300000190734863,3.7300000190734863,8400
2023-01-19,3.880000114440918,3.880000114440918,3.618000030517578,3.7799999713897705,3.7799999713897705,8300
2023-01-20,3.9000000953674316,3.9000000953674316,3.694999933242798,3.694999933242798,3.694999933242798,2000
2023-01-23,3.799999952316284,3.9000000953674316,3.7899999618530273,3.8559999465942383,3.8559999465942383,3100
2023-01-24,3.940000057220459,3.950000047683716,3.8499999046325684,3.950000047683716,3.950000047683716,2500
2023-01-25,3.9000000953674316,3.9230000972747803,3.878000020980835,3.878000020980835,3.878000020980835,1600
2023-01-26,3.8299999237060547,3.940000057220459,3.799999952316284,3.8399999141693115,3.8399999141693115,7200
2023-01-27,3.7100000381469727,3.9159998893737793,3.700000047683716,3.8299999237060547,3.8299999237060547,4500
2023-01-30,3.869999885559082,3.9200000762939453,3.3949999809265137,3.7109999656677246,3.7109999656677246,39900
2023-01-31,3.950000047683716,3.950000047683716,3.615999937057495,3.615999937057495,3.615999937057495,2200
2023-02-01,3.609999895095825,3.7799999713897705,3.559999942779541,3.7799999713897705,3.7799999713897705,5500
2023-02-02,3.740000009536743,3.99399995803833,3.6600000858306885,3.9690001010894775,3.9690001010894775,3200
2023-02-03,3.700000047683716,3.938999891281128,3.700000047683716,3.819999933242798,3.819999933242798,3100
2023-02-06,3.759999990463257,3.759999990463257,3.4839999675750732,3.640000104904175,3.640000104904175,4300
2023-02-07,3.7300000190734863,3.8480000495910645,3.5,3.759999990463257,3.759999990463257,3700
2023-02-08,3.7149999141693115,3.871999979019165,3.630000114440918,3.630000114440918,3.630000114440918,1500
2023-02-09,3.568000078201294,3.614000082015991,3.4700000286102295,3.509999990463257,3.509999990463257,3300
2023-02-10,3.5,3.74399995803833,3.5,3.627000093460083,3.627000093460083,4300
2023-02-13,3.549999952316284,3.700000047683716,3.4800000190734863,3.6700000762939453,3.6700000762939453,2900
2023-02-14,3.700000047683716,3.9000000953674316,3.5190000534057617,3.549999952316284,3.549999952316284,3400
2023-02-15,3.700000047683716,3.700000047683716,3.505000114440918,3.509999990463257,3.509999990463257,6800
2023-02-16,3.490000009536743,3.700000047683716,3.4800000190734863,3.5,3.5,8200
2023-02-17,3.5,3.687999963760376,3.5,3.5799999237060547,3.5799999237060547,3600
2023-02-21,3.5439999103546143,3.569999933242798,3.490000009536743,3.569999933242798,3.569999933242798,6400
2023-02-22,3.4800000190734863,3.490000009536743,3.4600000381469727,3.4600000381469727,3.4600000381469727,3000
2023-02-23,3.4600000381469727,3.63100004196167,3.4600000381469727,3.63100004196167,3.63100004196167,6800
2023-02-24,3.569999933242798,3.569999933242798,3.309999942779541,3.3399999141693115,3.3399999141693115,3000
2023-02-27,3.430000066757202,3.5199999809265137,3.3399999141693115,3.4079999923706055,3.4079999923706055,2100
2023-02-28,3.640000104904175,3.640000104904175,3.5829999446868896,3.5829999446868896,3.5829999446868896,700
2023-03-01,3.561000108718872,3.561000108718872,3.4000000953674316,3.4000000953674316,3.4000000953674316,800
2023-03-02,3.5399999618530273,3.5399999618530273,3.2300000190734863,3.390000104904175,3.390000104904175,9500
2023-03-03,3.5299999713897705,3.5399999618530273,3.5299999713897705,3.5299999713897705,3.5299999713897705,4200
2023-03-06,3.5299999713897705,3.5999999046325684,3.4100000858306885,3.5999999046325684,3.5999999046325684,4100
2023-03-07,3.4100000858306885,3.4649999141693115,3.2209999561309814,3.369999885559082,3.369999885559082,3400
2023-03-08,3.309999942779541,3.3499999046325684,3.197999954223633,3.200000047683716,3.200000047683716,4000
2023-03-09,3.200000047683716,3.549999952316284,3.190000057220459,3.305000066757202,3.305000066757202,3000
2023-03-10,3.569999933242798,3.569999933242798,3.140000104904175,3.240000009536743,3.240000009536743,2600
2023-03-13,3.390000104904175,3.4700000286102295,3.000999927520752,3.049999952316284,3.049999952316284,2300
2023-03-14,3.0399999618530273,3.181999921798706,3.0399999618530273,3.0899999141693115,3.0899999141693115,700
2023-03-15,3.0299999713897705,3.0299999713897705,2.8399999141693115,2.861999988555908,2.861999988555908,7800
2023-03-16,3.0199999809265137,3.0799999237060547,3.0199999809265137,3.0409998893737793,3.0409998893737793,3100
2023-03-17,2.700000047683716,2.950000047683716,2.700000047683716,2.8399999141693115,2.8399999141693115,5400
2023-03-20,2.890000104904175,2.9100000858306885,2.805000066757202,2.805000066757202,2.805000066757202,1500
2023-03-21,2.765000104904175,2.809999942779541,2.6059999465942383,2.7209999561309814,2.7209999561309814,5400
2023-03-22,2.799999952316284,2.8970000743865967,2.799999952316284,2.799999952316284,2.799999952316284,2000
2023-03-23,2.9709999561309814,2.9709999561309814,2.75,2.9600000381469727,2.9600000381469727,1400
2023-03-24,2.9000000953674316,2.9000000953674316,2.819999933242798,2.819999933242798,2.819999933242798,700
2023-03-27,2.609999895095825,3.1500000953674316,2.609999895095825,2.9000000953674316,2.9000000953674316,6000
2023-03-28,2.8499999046325684,2.8499999046325684,2.8399999141693115,2.8399999141693115,2.8399999141693115,700
2023-03-29,2.759999990463257,2.809999942779541,2.5999999046325684,2.799999952316284,2.799999952316284,8100
2023-03-30,2.5999999046325684,2.799999952316284,2.5899999141693115,2.609999895095825,2.609999895095825,4500
2023-03-31,2.630000114440918,2.8499999046325684,2.630000114440918,2.799999952316284,2.799999952316284,9300
2023-04-03,2.799999952316284,2.930000066757202,2.799999952316284,2.8499999046325684,2.8499999046325684,3200
2023-04-04,2.990000009536743,2.990000009536743,2.75,2.799999952316284,2.799999952316284,3000
2023-04-05,2.9000000953674316,2.9000000953674316,2.75,2.759999990463257,2.759999990463257,2900
2023-04-06,2.799999952316284,2.799999952316284,2.75,2.75,2.75,2500
2023-04-10,2.75,2.890000104904175,2.75,2.8259999752044678,2.8259999752044678,2300
2023-04-11,2.75,2.990000009536743,2.75,2.8499999046325684,2.8499999046325684,18300
2023-04-12,2.819999933242798,2.9800000190734863,2.75,2.75,2.75,18900
2023-04-13,2.759999990463257,2.9000000953674316,2.759999990463257,2.7699999809265137,2.7699999809265137,20200
2023-04-14,2.930000066757202,2.930000066757202,2.759999990463257,2.759999990463257,2.759999990463257,2700
2023-04-17,2.9700000286102295,2.990000009536743,2.859999895095825,2.869999885559082,2.869999885559082,6200
2023-04-18,2.9800000190734863,2.990000009536743,2.759999990463257,2.9000000953674316,2.9000000953674316,2400
2023-04-19,2.763000011444092,2.9200000762939453,2.759999990463257,2.7699999809265137,2.7699999809265137,1800
2023-04-20,2.7699999809265137,2.7699999809265137,2.75,2.7699999809265137,2.7699999809265137,2500
2023-04-21,2.799999952316284,2.941999912261963,2.7899999618530273,2.8410000801086426,2.8410000801086426,4100
2023-04-24,2.890000104904175,2.890000104904175,2.7699999809265137,2.7699999809265137,2.7699999809265137,3400
2023-04-25,2.7799999713897705,2.8499999046325684,2.7699999809265137,2.802000045776367,2.802000045776367,4500
2023-04-26,2.799999952316284,2.8410000801086426,2.799999952316284,2.8410000801086426,2.8410000801086426,800
2023-04-27,2.8499999046325684,2.8499999046325684,2.8399999141693115,2.8499999046325684,2.8499999046325684,2300
2023-04-28,2.8499999046325684,2.8499999046325684,2.7699999809265137,2.815000057220459,2.815000057220459,2500
2023-05-01,2.8299999237060547,2.865000009536743,2.7699999809265137,2.7699999809265137,2.7699999809265137,5400
2023-05-02,2.869999885559082,2.878999948501587,2.799999952316284,2.799999952316284,2.799999952316284,1700
2023-05-03,2.799999952316284,2.869999885559082,2.799999952316284,2.869999885559082,2.869999885559082,500
2023-05-04,2.950000047683716,3.140000104904175,2.934999942779541,2.9700000286102295,2.9700000286102295,12500
2023-05-05,3.0,3.059999942779541,2.6700000762939453,2.7100000381469727,2.7100000381469727,27000
2023-05-08,2.690000057220459,2.7300000190734863,2.6700000762939453,2.6700000762939453,2.6700000762939453,2600
2023-05-09,2.694000005722046,2.8299999237060547,2.690000057220459,2.8299999237060547,2.8299999237060547,2100
2023-05-10,2.869999885559082,2.940000057220459,2.859999895095825,2.930000066757202,2.930000066757202,2700
2023-05-11,2.930000066757202,3.3299999237060547,2.930000066757202,3.1050000190734863,3.1050000190734863,21400
2023-05-12,2.9800000190734863,3.140000104904175,2.9800000190734863,3.0899999141693115,3.0899999141693115,2800
2023-05-15,3.0199999809265137,3.0199999809265137,2.934999942779541,2.934999942779541,2.934999942779541,4200
2023-05-16,2.990000009536743,2.990000009536743,2.9000000953674316,2.950000047683716,2.950000047683716,3000
2023-05-17,2.9000000953674316,3.069999933242798,2.890000104904175,2.9100000858306885,2.9100000858306885,11200
2023-05-18,2.9100000858306885,3.069999933242798,2.9000000953674316,2.9159998893737793,2.9159998893737793,4800
2023-05-19,2.990000009536743,3.0,2.9860000610351562,3.0,3.0,2500
2023-05-22,3.0,3.0,2.9000000953674316,2.930000066757202,2.930000066757202,17500
2023-05-23,2.930000066757202,2.930000066757202,2.9110000133514404,2.9110000133514404,2.9110000133514404,2100
2023-05-24,2.9100000858306885,2.9600000381469727,2.880000114440918,2.9100000858306885,2.9100000858306885,4500
2023-05-25,2.950000047683716,3.0,2.9000000953674316,2.9000000953674316,2.9000000953674316,1800
2023-05-26,2.940000057220459,3.200000047683716,2.940000057220459,3.190000057220459,3.190000057220459,12600
2023-05-30,3.1500000953674316,3.1700000762939453,3.0,3.1700000762939453,3.1700000762939453,6200
2023-05-31,3.059999942779541,3.200000047683716,2.9820001125335693,3.072999954223633,3.072999954223633,4800
2023-06-01,3.069999933242798,3.190000057220459,3.0450000762939453,3.190000057220459,3.190000057220459,1000
2023-06-02,3.200000047683716,3.3299999237060547,3.190000057220459,3.319999933242798,3.319999933242798,1900
2023-06-05,3.2100000381469727,3.3299999237060547,3.2100000381469727,3.3299999237060547,3.3299999237060547,2300
2023-06-06,3.25,3.25,3.130000114440918,3.1730000972747803,3.1730000972747803,4400
2023-06-07,3.1110000610351562,3.1110000610351562,2.880000114440918,3.009999990463257,3.009999990463257,10500
2023-06-08,3.0,3.0199999809265137,2.8499999046325684,2.9000000953674316,2.9000000953674316,6000
2023-06-09,2.9000000953674316,2.9000000953674316,2.8499999046325684,2.8929998874664307,2.8929998874664307,3500
2023-06-12,2.8499999046325684,2.890000104904175,2.75,2.7639999389648438,2.7639999389648438,6800
2023-06-13,2.759999990463257,2.759999990463257,2.7149999141693115,2.7149999141693115,2.7149999141693115,3400
2023-06-14,2.6700000762939453,2.6700000762939453,2.4100000858306885,2.4100000858306885,2.4100000858306885,18000
2023-06-15,2.450000047683716,2.5,2.375,2.450000047683716,2.450000047683716,17300
2023-06-16,2.4600000381469727,2.5399999618530273,2.319999933242798,2.5399999618530273,2.5399999618530273,4400
2023-06-20,2.5799999237060547,2.8239998817443848,2.4200000762939453,2.5999999046325684,2.5999999046325684,15400
2023-06-21,2.5999999046325684,2.628999948501587,2.3299999237060547,2.380000114440918,2.380000114440918,15500
2023-06-22,2.319999933242798,2.630000114440918,2.200000047683716,2.200000047683716,2.200000047683716,17700
2023-06-23,2.1500000953674316,2.4159998893737793,1.687999963760376,1.9900000095367432,1.9900000095367432,481700
2023-06-26,2.0899999141693115,2.11899995803833,1.7100000381469727,1.840000033378601,1.840000033378601,313900
2023-06-27,1.840000033378601,1.840000033378601,1.5499999523162842,1.7000000476837158,1.7000000476837158,36900
2023-06-28,1.628000020980835,1.6950000524520874,1.4299999475479126,1.600000023841858,1.600000023841858,799500
2023-06-29,2.200000047683716,2.559999942779541,1.850000023841858,2.450000047683716,2.450000047683716,8720900
2023-06-30,2.259999990463257,2.6500000953674316,2.1700000762939453,2.5,2.5,844700
2023-07-03,2.430000066757202,2.75,2.380000114440918,2.640000104904175,2.640000104904175,255500
2023-07-05,2.640000104904175,2.7300000190734863,2.049999952316284,2.2200000286102295,2.2200000286102295,186400
2023-07-06,2.2100000381469727,2.9200000762939453,2.119999885559082,2.740000009536743,2.740000009536743,303300
2023-07-07,2.7100000381469727,3.0999999046325684,2.5299999713897705,2.9200000762939453,2.9200000762939453,141500
2023-07-10,2.9000000953674316,3.0399999618530273,2.75,2.880000114440918,2.880000114440918,74400
2023-07-11,3.009999990463257,3.009999990463257,2.7100000381469727,2.890000104904175,2.890000104904175,89500
2023-07-12,3.0,3.0,2.5399999618530273,2.7200000286102295,2.7200000286102295,85400
2023-07-13,2.819999933242798,2.950000047683716,2.809999942779541,2.8399999141693115,2.8399999141693115,27600
2023-07-14,2.809999942779541,2.8399999141693115,2.619999885559082,2.690000057220459,2.690000057220459,11300
2023-07-17,2.7300000190734863,2.7300000190734863,2.4800000190734863,2.4800000190734863,2.4800000190734863,21100
2023-07-18,2.450000047683716,2.680000066757202,2.430000066757202,2.5899999141693115,2.5899999141693115,17400
2023-07-19,2.75,2.9579999446868896,2.75,2.8499999046325684,2.8499999046325684,29500
2023-07-20,2.8499999046325684,2.890000104904175,2.759999990463257,2.759999990463257,2.759999990463257,16300
2023-07-21,2.799999952316284,2.880000114440918,2.7100000381469727,2.7799999713897705,2.7799999713897705,116700
2023-07-24,2.759999990463257,2.859999895095825,2.5,2.5999999046325684,2.5999999046325684,96700
2023-07-25,2.5999999046325684,2.690000057220459,2.5199999809265137,2.5799999237060547,2.5799999237060547,104800
2023-07-26,2.700000047683716,2.7100000381469727,2.549999952316284,2.619999885559082,2.619999885559082,21200
2023-07-27,2.5899999141693115,2.6449999809265137,2.430000066757202,2.450000047683716,2.450000047683716,46200
2023-07-28,2.7200000286102295,2.7200000286102295,2.4100000858306885,2.559999942779541,2.559999942779541,11800
2023-07-31,2.4700000286102295,2.625,2.450000047683716,2.450000047683716,2.450000047683716,8500
2023-08-01,2.450000047683716,2.640000104904175,2.4070000648498535,2.640000104904175,2.640000104904175,13400
2023-08-02,2.4600000381469727,2.609999895095825,2.369999885559082,2.4000000953674316,2.4000000953674316,28900
2023-08-03,2.4000000953674316,2.509999990463257,2.369999885559082,2.369999885559082,2.369999885559082,12000
2023-08-04,2.369999885559082,2.638000011444092,2.369999885559082,2.490000009536743,2.490000009536743,13100
2023-08-07,2.5199999809265137,2.569999933242798,2.444000005722046,2.5299999713897705,2.5299999713897705,13700
2023-08-08,2.5,2.5799999237060547,2.490000009536743,2.5,2.5,2800
2023-08-09,2.490000009536743,2.569999933242798,2.4200000762939453,2.4200000762939453,2.4200000762939453,6200
2023-08-10,2.4730000495910645,2.5299999713897705,2.3499999046325684,2.359999895095825,2.359999895095825,54100
2023-08-11,2.319999933242798,2.510999917984009,2.319999933242798,2.359999895095825,2.359999895095825,4800
2023-08-14,2.4000000953674316,2.4700000286102295,2.3399999141693115,2.4200000762939453,2.4200000762939453,5300
2023-08-15,2.359999895095825,2.430000066757202,2.359999895095825,2.380000114440918,2.380000114440918,10700
2023-08-16,2.4000000953674316,2.4000000953674316,2.25,2.319999933242798,2.319999933242798,10700
2023-08-17,2.3299999237060547,2.440000057220459,2.309999942779541,2.3299999237060547,2.3299999237060547,13200
2023-08-18,2.2939999103546143,2.299999952316284,2.25,2.259999990463257,2.259999990463257,7300
2023-08-21,2.2899999618530273,2.313999891281128,2.259999990463257,2.2699999809265137,2.2699999809265137,3300
2023-08-22,2.3299999237060547,2.3499999046325684,1.899999976158142,2.0199999809265137,2.0199999809265137,62300
2023-08-23,2.0899999141693115,2.309999942779541,2.049999952316284,2.2899999618530273,2.2899999618530273,11200
2023-08-24,2.3299999237060547,2.3299999237060547,2.130000114440918,2.180000066757202,2.180000066757202,4200
2023-08-25,2.2200000286102295,2.25,2.2100000381469727,2.2100000381469727,2.2100000381469727,2300
2023-08-28,2.180000066757202,2.240000009536743,1.9800000190734863,1.9800000190734863,1.9800000190734863,8900
2023-08-29,2.071000099182129,2.2639999389648438,2.071000099182129,2.1600000858306885,2.1600000858306885,4100
2023-08-30,2.180000066757202,2.309999942779541,2.1500000953674316,2.25,2.25,10100
2023-08-31,2.2899999618530273,2.2920000553131104,2.1679999828338623,2.240000009536743,2.240000009536743,9100
2023-09-01,2.2899999618530273,2.428999900817871,2.2699999809265137,2.319999933242798,2.319999933242798,27600
2023-09-05,2.4700000286102295,2.486999988555908,2.4000000953674316,2.430000066757202,2.430000066757202,9700
2023-09-06,2.2100000381469727,2.380000114440918,2.200000047683716,2.2300000190734863,2.2300000190734863,27300
2023-09-07,2.200000047683716,2.3299999237060547,2.180000066757202,2.2850000858306885,2.2850000858306885,4300
2023-09-08,2.2100000381469727,2.380000114440918,2.2100000381469727,2.299999952316284,2.299999952316284,1600
2023-09-11,2.2699999809265137,2.4200000762939453,2.244999885559082,2.3399999141693115,2.3399999141693115,9100
2023-09-12,2.2799999713897705,2.2799999713897705,2.180000066757202,2.180000066757202,2.180000066757202,7900
2023-09-13,2.190000057220459,2.2899999618530273,2.190000057220459,2.2100000381469727,2.2100000381469727,2100
2023-09-14,2.1500000953674316,2.25,2.1500000953674316,2.2300000190734863,2.2300000190734863,2300
2023-09-15,2.2699999809265137,2.2699999809265137,2.200000047683716,2.200000047683716,2.200000047683716,1100
2023-09-18,2.200000047683716,2.200000047683716,2.1500000953674316,2.1500000953674316,2.1500000953674316,4300
2023-09-19,2.1500000953674316,2.384999990463257,2.1500000953674316,2.3499999046325684,2.3499999046325684,19200
2023-09-20,2.309999942779541,2.5,2.309999942779541,2.490000009536743,2.490000009536743,19800
2023-09-21,2.4100000858306885,2.4100000858306885,2.2320001125335693,2.309999942779541,2.309999942779541,3800
2023-09-22,2.2300000190734863,2.619999885559082,2.2300000190734863,2.450000047683716,2.450000047683716,4000
2023-09-25,2.4800000190734863,2.5999999046325684,2.240000009536743,2.5299999713897705,2.5299999713897705,12000
2023-09-26,2.609999895095825,2.7899999618530273,2.5480000972747803,2.7899999618530273,2.7899999618530273,12500
2023-09-27,2.7799999713897705,2.940000057220459,2.693000078201294,2.75,2.75,13900
2023-09-28,2.700000047683716,2.7179999351501465,2.318000078201294,2.5199999809265137,2.5199999809265137,6500
2023-09-29,2.6700000762939453,2.8499999046325684,2.3499999046325684,2.8499999046325684,2.8499999046325684,15400
2023-10-02,2.7300000190734863,2.869999885559082,2.630000114440918,2.8499999046325684,2.8499999046325684,10100
2023-10-03,2.6500000953674316,2.799999952316284,2.630000114440918,2.759999990463257,2.759999990463257,3800
2023-10-04,2.690000057220459,2.890000104904175,2.6600000858306885,2.890000104904175,2.890000104904175,15300
2023-10-05,2.890000104904175,2.890000104904175,2.4600000381469727,2.880000114440918,2.880000114440918,5400
2023-10-06,2.890000104904175,2.924999952316284,2.700000047683716,2.9100000858306885,2.9100000858306885,6700
2023-10-09,2.9100000858306885,2.990000009536743,2.9000000953674316,2.9820001125335693,2.9820001125335693,17600
2023-10-10,2.947000026702881,2.9700000286102295,2.8399999141693115,2.9700000286102295,2.9700000286102295,6600
2023-10-11,2.9700000286102295,2.9700000286102295,2.8399999141693115,2.950000047683716,2.950000047683716,4100
2023-10-12,2.8399999141693115,2.859999895095825,2.700000047683716,2.759999990463257,2.759999990463257,3300
2023-10-13,2.940000057220459,2.940000057220459,2.700000047683716,2.700000047683716,2.700000047683716,7700
2023-10-16,2.7300000190734863,2.7950000762939453,2.7170000076293945,2.7170000076293945,2.7170000076293945,2300
2023-10-17,2.8499999046325684,2.890000104904175,2.51200008392334,2.5799999237060547,2.5799999237060547,13400
2023-10-18,2.690000057220459,2.75,2.609999895095825,2.6600000858306885,2.6600000858306885,8600
2023-10-19,2.6600000858306885,2.6600000858306885,2.4000000953674316,2.5940001010894775,2.5940001010894775,5400
2023-10-20,2.619999885559082,2.7200000286102295,2.509999990463257,2.5199999809265137,2.5199999809265137,5200
2023-10-23,2.5,2.5,2.3499999046325684,2.437999963760376,2.437999963760376,9900
2023-10-24,2.359999895095825,2.490000009536743,2.359999895095825,2.490000009536743,2.490000009536743,1700
2023-10-25,2.490000009536743,2.490000009536743,2.3499999046325684,2.450000047683716,2.450000047683716,3300
2023-10-26,2.490000009536743,2.490000009536743,2.3499999046325684,2.440000057220459,2.440000057220459,3500
2023-10-27,2.359999895095825,2.369999885559082,2.3499999046325684,2.3499999046325684,2.3499999046325684,4600
2023-10-30,2.369999885559082,2.390000104904175,2.3499999046325684,2.390000104904175,2.390000104904175,2600
2023-10-31,2.36299991607666,2.380000114440918,2.3499999046325684,2.3499999046325684,2.3499999046325684,900
2023-11-01,2.3499999046325684,2.4600000381469727,2.3499999046325684,2.369999885559082,2.369999885559082,2000
2023-11-02,2.450000047683716,2.486999988555908,2.440000057220459,2.4700000286102295,2.4700000286102295,2800
2023-11-03,2.4700000286102295,2.4800000190734863,2.4000000953674316,2.4549999237060547,2.4549999237060547,3000
2023-11-06,2.390000104904175,2.430000066757202,2.319999933242798,2.369999885559082,2.369999885559082,1800
2023-11-07,2.299999952316284,2.4000000953674316,2.2899999618530273,2.390000104904175,2.390000104904175,2100
2023-11-08,2.299999952316284,2.4210000038146973,2.259999990463257,2.259999990463257,2.259999990463257,12500
2023-11-09,2.259999990463257,2.371000051498413,2.259999990463257,2.2799999713897705,2.2799999713897705,1600
2023-11-10,2.25,2.25,2.0899999141693115,2.0899999141693115,2.0899999141693115,5000
2023-11-13,2.1700000762939453,2.2200000286102295,1.649999976158142,1.9299999475479126,1.9299999475479126,16300
2023-11-14,1.8600000143051147,2.119999885559082,1.8600000143051147,1.9500000476837158,1.9500000476837158,6300
2023-11-15,2.009999990463257,2.009999990463257,1.8200000524520874,1.9199999570846558,1.9199999570846558,5500
2023-11-16,1.9800000190734863,1.9900000095367432,1.899999976158142,1.9170000553131104,1.9170000553131104,8200
2023-11-17,1.9500000476837158,1.9910000562667847,1.9500000476837158,1.9500000476837158,1.9500000476837158,3800
2023-11-20,1.899999976158142,1.909999966621399,1.809999942779541,1.809999942779541,1.809999942779541,8400
2023-11-21,1.805999994277954,1.809999942779541,1.7200000286102295,1.7200000286102295,1.7200000286102295,6200
2023-11-22,1.6799999475479126,1.6799999475479126,1.5,1.649999976158142,1.649999976158142,9600
2023-11-24,1.649999976158142,1.649999976158142,1.6100000143051147,1.6200000047683716,1.6200000047683716,2500
2023-11-27,1.6699999570846558,1.7000000476837158,1.649999976158142,1.649999976158142,1.649999976158142,11400
2023-11-28,1.7200000286102295,1.7200000286102295,1.649999976158142,1.649999976158142,1.649999976158142,6600
2023-11-29,1.6299999952316284,1.684999942779541,1.5700000524520874,1.6699999570846558,1.6699999570846558,11100
2023-11-30,1.7300000190734863,1.7300000190734863,1.5499999523162842,1.6200000047683716,1.6200000047683716,11300
2023-12-01,1.6399999856948853,1.7000000476837158,1.6150000095367432,1.6200000047683716,1.6200000047683716,8000
2023-12-04,1.649999976158142,1.649999976158142,1.5800000429153442,1.649999976158142,1.649999976158142,4200
2023-12-05,1.6100000143051147,1.6649999618530273,1.5099999904632568,1.5099999904632568,1.5099999904632568,44500
2023-12-06,1.5099999904632568,1.5399999618530273,1.25,1.4199999570846558,1.4199999570846558,22000
2023-12-07,1.409999966621399,1.4199999570846558,1.350000023841858,1.399999976158142,1.399999976158142,12200
2023-12-08,1.399999976158142,1.399999976158142,1.3079999685287476,1.350000023841858,1.350000023841858,12500
2023-12-11,1.3200000524520874,1.3300000429153442,1.2100000381469727,1.2699999809265137,1.2699999809265137,28900
2023-12-12,1.2300000190734863,1.2999999523162842,1.2300000190734863,1.25,1.25,8700
2023-12-13,1.2000000476837158,1.3600000143051147,1.2000000476837158,1.3600000143051147,1.3600000143051147,19300
2023-12-14,1.2999999523162842,1.3550000190734863,1.25,1.25,1.25,23700
2023-12-15,1.2400000095367432,1.2890000343322754,1.2400000095367432,1.25,1.25,14900
2023-12-18,1.2799999713897705,1.281000018119812,1.25,1.25,1.25,8800
2023-12-19,1.2599999904632568,1.2599999904632568,1.2050000429153442,1.2050000429153442,1.2050000429153442,6600
2023-12-20,1.190000057220459,1.190000057220459,1.0099999904632568,1.0499999523162842,1.0499999523162842,47100
2023-12-21,1.059999942779541,1.2999999523162842,1.059999942779541,1.090000033378601,1.090000033378601,48600
2023-12-22,1.100000023841858,1.3200000524520874,1.100000023841858,1.309999942779541,1.309999942779541,46800
2023-12-26,1.2400000095367432,1.2799999713897705,1.2350000143051147,1.2599999904632568,1.2599999904632568,14300
2023-12-27,1.2799999713897705,1.2899999618530273,1.2419999837875366,1.2640000581741333,1.2640000581741333,7400
2023-12-28,1.2699999809265137,1.2899999618530273,1.159999966621399,1.2699999809265137,1.2699999809265137,17400
2023-12-29,1.190000057220459,1.2899999618530273,1.190000057220459,1.2400000095367432,1.2400000095367432,10600
2024-01-02,1.2799999713897705,1.5299999713897705,1.2799999713897705,1.5099999904632568,1.5099999904632568,21400
2024-01-03,1.5399999618530273,1.649999976158142,1.409999966621399,1.649999976158142,1.649999976158142,59700
2024-01-04,1.75,1.7699999809265137,1.690000057220459,1.7400000095367432,1.7400000095367432,37600
2024-01-05,1.7400000095367432,1.7699999809265137,1.6100000143051147,1.7699999809265137,1.7699999809265137,31900
2024-01-08,1.75,1.75,1.6100000143051147,1.649999976158142,1.649999976158142,9100
2024-01-09,1.6119999885559082,1.6299999952316284,1.5199999809265137,1.5399999618530273,1.5399999618530273,8600
2024-01-10,1.6399999856948853,1.7369999885559082,1.5499999523162842,1.7000000476837158,1.7000000476837158,13100
2024-01-11,1.7000000476837158,1.75,1.684000015258789,1.7000000476837158,1.7000000476837158,20800
2024-01-12,1.6699999570846558,1.7419999837875366,1.5809999704360962,1.7400000095367432,1.7400000095367432,8200
2024-01-16,1.7000000476837158,1.7000000476837158,1.6200000047683716,1.6200000047683716,1.6200000047683716,4100
2024-01-17,1.6699999570846558,1.6699999570846558,1.5240000486373901,1.649999976158142,1.649999976158142,10300
2024-01-18,1.5499999523162842,1.6299999952316284,1.5169999599456787,1.6299999952316284,1.6299999952316284,5600
2024-01-19,1.5299999713897705,1.5399999618530273,1.4850000143051147,1.4900000095367432,1.4900000095367432,8500
2024-01-22,1.4500000476837158,1.559999942779541,1.4010000228881836,1.4010000228881836,1.4010000228881836,5700
2024-01-23,1.440000057220459,1.440000057220459,1.3550000190734863,1.409999966621399,1.409999966621399,3100
2024-01-24,1.399999976158142,1.399999976158142,1.3799999952316284,1.38100004196167,1.38100004196167,6700
2024-01-25,1.3300000429153442,1.3300000429153442,1.2599999904632568,1.309999942779541,1.309999942779541,5300
2024-01-26,1.340000033378601,1.4220000505447388,1.340000033378601,1.4220000505447388,1.4220000505447388,4400
2024-01-29,1.399999976158142,1.399999976158142,1.340000033378601,1.340000033378601,1.340000033378601,1800
2024-01-30,1.3300000429153442,1.4700000286102295,1.3300000429153442,1.399999976158142,1.399999976158142,2600
2024-01-31,1.5199999809265137,1.5199999809265137,1.440000057220459,1.4500000476837158,1.4500000476837158,3900
2024-02-01,1.340000033378601,1.4700000286102295,1.340000033378601,1.4500000476837158,1.4500000476837158,5100
2024-02-02,1.4800000190734863,1.4800000190734863,1.3799999952316284,1.4609999656677246,1.4609999656677246,2400
2024-02-05,1.5099999904632568,1.5099999904632568,1.440000057220459,1.440000057220459,1.440000057220459,4300
2024-02-06,1.5,1.5,1.4149999618530273,1.4550000429153442,1.4550000429153442,3800
2024-02-07,1.4199999570846558,1.4550000429153442,1.399999976158142,1.4249999523162842,1.4249999523162842,6100
2024-02-08,1.409999966621399,1.4800000190734863,1.399999976158142,1.399999976158142,1.399999976158142,2600
2024-02-09,1.4500000476837158,1.5529999732971191,1.399999976158142,1.4500000476837158,1.4500000476837158,13200
2024-02-12,1.4700000286102295,1.4850000143051147,1.434999942779541,1.4700000286102295,1.4700000286102295,4300
2024-02-13,1.5049999952316284,1.5049999952316284,1.350000023841858,1.375,1.375,4600
2024-02-14,1.3600000143051147,1.465999960899353,1.3600000143051147,1.399999976158142,1.399999976158142,4900
2024-02-15,1.3899999856948853,1.440000057220459,1.3600000143051147,1.440000057220459,1.440000057220459,1900
2024-02-16,1.437999963760376,1.4700000286102295,1.4010000228881836,1.4500000476837158,1.4500000476837158,2500
2024-02-20,1.4299999475479126,1.4500000476837158,1.38100004196167,1.4320000410079956,1.4320000410079956,2500
2024-02-21,1.3799999952316284,1.4500000476837158,1.3799999952316284,1.440000057220459,1.440000057220459,3600
2024-02-22,1.4040000438690186,1.472000002861023,1.4040000438690186,1.4279999732971191,1.4279999732971191,3100
2024-02-23,1.465999960899353,1.4800000190734863,1.4290000200271606,1.4800000190734863,1.4800000190734863,2400
2024-02-26,1.4800000190734863,1.4800000190734863,1.4299999475479126,1.4299999475479126,1.4299999475479126,6600
2024-02-27,1.399999976158142,1.399999976158142,1.3329999446868896,1.350000023841858,1.350000023841858,5600
2024-02-28,1.3200000524520874,1.3200000524520874,1.2999999523162842,1.309999942779541,1.309999942779541,10500
2024-02-29,1.309999942779541,1.3200000524520874,1.25,1.2860000133514404,1.2860000133514404,23500
2024-03-01,1.2799999713897705,1.4199999570846558,1.2799999713897705,1.3849999904632568,1.3849999904632568,9200
2024-03-04,1.440000057220459,1.4600000381469727,1.399999976158142,1.4299999475479126,1.4299999475479126,3800
2024-03-05,1.4900000095367432,1.4900000095367432,1.350000023841858,1.350000023841858,1.350000023841858,5600
2024-03-06,1.3300000429153442,1.440000057220459,1.309999942779541,1.3200000524520874,1.3200000524520874,9100
2024-03-07,1.309999942779541,1.3669999837875366,1.309999942779541,1.309999942779541,1.309999942779541,6000
2024-03-08,1.3700000047683716,1.3700000047683716,1.3179999589920044,1.340000033378601,1.340000033378601,2400
2024-03-11,1.309999942779541,1.3899999856948853,1.309999942779541,1.3600000143051147,1.3600000143051147,16900
2024-03-12,1.3799999952316284,1.3799999952316284,1.3600000143051147,1.3600000143051147,1.3600000143051147,2000
2024-03-13,1.3799999952316284,1.3799999952316284,1.2999999523162842,1.309000015258789,1.309000015258789,4600
2024-03-14,1.284999966621399,1.2999999523162842,1.1799999475479126,1.190000057220459,1.190000057220459,14100
2024-03-15,1.2300000190734863,1.2699999809265137,1.2300000190734863,1.25,1.25,2300
2024-03-18,1.2400000095367432,1.2899999618530273,1.1749999523162842,1.1979999542236328,1.1979999542236328,14100
2024-03-19,1.159999966621399,1.1799999475479126,1.159999966621399,1.159999966621399,1.159999966621399,1200
2024-03-20,1.159999966621399,1.190000057220459,1.149999976158142,1.1749999523162842,1.1749999523162842,5800
2024-03-21,1.1699999570846558,1.1699999570846558,1.1100000143051147,1.1200000047683716,1.1200000047683716,12100
2024-03-22,1.2100000381469727,1.2100000381469727,1.1100000143051147,1.1200000047683716,1.1200000047683716,5900
2024-03-25,1.100000023841858,1.1200000047683716,1.0800000429153442,1.090000033378601,1.090000033378601,13500
2024-03-26,1.0800000429153442,1.0800000429153442,1.0399999618530273,1.0399999618530273,1.0399999618530273,5300
2024-03-27,1.0499999523162842,1.0499999523162842,1.0299999713897705,1.0390000343322754,1.0390000343322754,8500
2024-03-28,1.0299999713897705,1.0499999523162842,1.0299999713897705,1.0399999618530273,1.0399999618530273,8400
2024-04-01,1.1799999475479126,1.309999942779541,1.0099999904632568,1.1699999570846558,1.1699999570846558,346900
2024-04-02,1.1100000143051147,1.2599999904632568,1.0800000429153442,1.159999966621399,1.159999966621399,123500
2024-04-03,1.1799999475479126,1.2100000381469727,1.090000033378601,1.184000015258789,1.184000015258789,15500
2024-04-04,1.1299999952316284,1.25,1.1299999952316284,1.25,1.25,14900
2024-04-05,1.2000000476837158,1.340000033378601,1.2000000476837158,1.340000033378601,1.340000033378601,9800
2024-04-08,1.3799999952316284,4.25,1.309999942779541,4.199999809265137,4.199999809265137,36596000
2024-04-09,3.4200000762939453,3.430000066757202,2.630000114440918,3.009999990463257,3.009999990463257,2570600
2024-04-10,3.009999990463257,4.940000057220459,2.75,3.6600000858306885,3.6600000858306885,21557000
2024-04-11,3.6600000858306885,4.5,3.2100000381469727,3.5999999046325684,3.5999999046325684,2736000
2024-04-12,3.6600000858306885,3.950000047683716,3.3499999046325684,3.700000047683716,3.700000047683716,536500
2024-04-15,3.880000114440918,4.190000057220459,3.359999895095825,3.950000047683716,3.950000047683716,837200
2024-04-16,3.940000057220459,4.070000171661377,3.5999999046325684,3.990000009536743,3.990000009536743,200700
2024-04-17,4.059999942779541,4.059999942779541,3.6500000953674316,3.890000104904175,3.890000104904175,158800
2024-04-18,3.7899999618530273,3.7899999618530273,3.509999990463257,3.630000114440918,3.630000114440918,118200
2024-04-19,3.630000114440918,4.349999904632568,3.630000114440918,4.099999904632568,4.099999904632568,285500
2024-04-22,3.9800000190734863,4.019999980926514,3.5199999809265137,3.700000047683716,3.700000047683716,119100
2024-04-23,3.549999952316284,3.7899999618530273,3.5199999809265137,3.5199999809265137,3.5199999809265137,42600
2024-04-24,3.509999990463257,3.631999969482422,3.259999990463257,3.4000000953674316,3.4000000953674316,100000
2024-04-25,3.3299999237060547,3.3499999046325684,3.2300000190734863,3.240000009536743,3.240000009536743,30700
2024-04-26,3.180000066757202,3.180000066757202,2.609999895095825,2.740000009536743,2.740000009536743,110100
2024-04-29,2.6600000858306885,2.680000066757202,2.4100000858306885,2.440000057220459,2.440000057220459,76200
2024-04-30,2.4100000858306885,2.740000009536743,2.4000000953674316,2.4700000286102295,2.4700000286102295,73500
2024-05-01,2.4600000381469727,2.869999885559082,2.4600000381469727,2.700000047683716,2.700000047683716,55800
2024-05-02,2.7799999713897705,3.4600000381469727,2.6700000762939453,3.190000057220459,3.190000057220459,148800
2024-05-03,3.299999952316284,3.549999952316284,2.9600000381469727,3.1500000953674316,3.1500000953674316,110100
2024-05-06,3.0899999141693115,3.256999969482422,2.9700000286102295,3.1500000953674316,3.1500000953674316,24600
2024-05-07,3.259999990463257,3.265000104904175,3.109999895095825,3.200000047683716,3.200000047683716,14000
2024-05-08,3.2300000190734863,3.549999952316284,3.2070000171661377,3.4800000190734863,3.4800000190734863,41800
2024-05-09,3.4600000381469727,3.5360000133514404,3.311000108718872,3.319999933242798,3.319999933242798,33900
2024-05-10,3.450000047683716,3.450000047683716,3.0899999141693115,3.180000066757202,3.180000066757202,28200
2024-05-13,3.200000047683716,3.509999990463257,3.200000047683716,3.309999942779541,3.309999942779541,29900
2024-05-14,3.319999933242798,3.3350000381469727,3.25,3.299999952316284,3.299999952316284,7000
2024-05-15,3.380000114440918,3.4100000858306885,3.059999942779541,3.130000114440918,3.130000114440918,56200
2024-05-16,3.1500000953674316,3.380000114440918,3.0,3.059999942779541,3.059999942779541,18300
2024-05-17,3.069999933242798,3.180000066757202,2.9700000286102295,3.0199999809265137,3.0199999809265137,17900
2024-05-20,3.0999999046325684,3.3399999141693115,3.0199999809265137,3.3399999141693115,3.3399999141693115,28900
2024-05-21,3.2899999618530273,3.2899999618530273,3.0299999713897705,3.119999885559082,3.119999885559082,16400
2024-05-22,3.3399999141693115,3.4070000648498535,3.130000114440918,3.1500000953674316,3.1500000953674316,11600
2024-05-23,3.1500000953674316,3.4000000953674316,3.059999942779541,3.4000000953674316,3.4000000953674316,15700
2024-05-24,3.4000000953674316,3.490000009536743,3.140000104904175,3.200000047683716,3.200000047683716,18300
2024-05-28,3.200000047683716,3.5199999809265137,3.200000047683716,3.4100000858306885,3.4100000858306885,53300
2024-05-29,3.4000000953674316,3.5,3.2769999504089355,3.359999895095825,3.359999895095825,13900
2024-05-30,3.359999895095825,3.5,3.319999933242798,3.4100000858306885,3.4100000858306885,13400
2024-05-31,3.5,3.9200000762939453,3.4549999237060547,3.9200000762939453,3.9200000762939453,77700
2024-06-03,3.9600000381469727,3.990000009536743,3.740000009536743,3.799999952316284,3.799999952316284,33900
2024-06-04,3.880000114440918,3.880000114440918,3.130000114440918,3.509999990463257,3.509999990463257,44200
2024-06-05,3.440000057220459,3.558000087738037,3.3399999141693115,3.509999990463257,3.509999990463257,7100
2024-06-06,3.549999952316284,3.700000047683716,3.5199999809265137,3.609999895095825,3.609999895095825,12300
2024-06-07,3.4800000190734863,3.549999952316284,3.3299999237060547,3.5399999618530273,3.5399999618530273,21900
2024-06-10,3.5899999141693115,3.700000047683716,3.430000066757202,3.450000047683716,3.450000047683716,17000
2024-06-11,3.4800000190734863,3.680000066757202,3.4130001068115234,3.450000047683716,3.450000047683716,2300
2024-06-12,3.5999999046325684,3.5999999046325684,3.369999885559082,3.4000000953674316,3.4000000953674316,7700
2024-06-13,3.369999885559082,3.640000104904175,3.25,3.309999942779541,3.309999942779541,8200
2024-06-14,3.3499999046325684,3.5299999713897705,3.3299999237060547,3.359999895095825,3.359999895095825,5600
2024-06-17,3.390000104904175,3.490000009536743,3.2699999809265137,3.3989999294281006,3.3989999294281006,29300
2024-06-18,3.380000114440918,3.380000114440918,2.9200000762939453,2.9800000190734863,2.9800000190734863,23600
2024-06-20,2.9700000286102295,2.9700000286102295,2.200000047683716,2.2100000381469727,2.2100000381469727,96500
2024-06-21,2.2699999809265137,2.7200000286102295,2.2699999809265137,2.509999990463257,2.509999990463257,45000
2024-06-24,2.569999933242798,2.759999990463257,2.5,2.502000093460083,2.502000093460083,25900
2024-06-25,2.5,2.569999933242798,2.5,2.552000045776367,2.552000045776367,8600
2024-06-26,2.559999942779541,2.680000066757202,2.509999990463257,2.5840001106262207,2.5840001106262207,12100
2024-06-27,2.619999885559082,2.7200000286102295,2.619999885559082,2.7200000286102295,2.7200000286102295,10000
2024-06-28,2.75,2.930000066757202,2.5,2.9200000762939453,2.9200000762939453,19500
2024-07-01,2.9600000381469727,2.9600000381469727,2.609999895095825,2.8399999141693115,2.8399999141693115,12900
2024-07-02,2.869999885559082,2.880000114440918,2.369999885559082,2.6679999828338623,2.6679999828338623,12400
2024-07-03,2.619999885559082,2.740000009536743,2.619999885559082,2.7219998836517334,2.7219998836517334,1300
2024-07-05,2.569999933242798,2.690000057220459,2.569999933242798,2.690000057220459,2.690000057220459,3900
2024-07-08,2.700000047683716,2.7200000286102295,2.559999942779541,2.559999942779541,2.559999942779541,8800
2024-07-09,2.5799999237060547,2.5799999237060547,2.5,2.5399999618530273,2.5399999618530273,4700
2024-07-10,2.4000000953674316,2.4600000381469727,2.4000000953674316,2.4549999237060547,2.4549999237060547,13000
2024-07-11,2.450000047683716,2.563999891281128,2.450000047683716,2.5199999809265137,2.5199999809265137,8800
2024-07-12,2.5,2.680000066757202,2.5,2.6600000858306885,2.6600000858306885,6000
2024-07-15,2.6600000858306885,2.7899999618530273,2.559999942779541,2.6700000762939453,2.6700000762939453,4700
2024-07-16,2.7699999809265137,2.8399999141693115,2.569999933242798,2.640000104904175,2.640000104904175,8300
2024-07-17,2.6500000953674316,2.678999900817871,2.5,2.549999952316284,2.549999952316284,12300
2024-07-18,2.630000114440918,2.630000114440918,2.390000104904175,2.428999900817871,2.428999900817871,25000
2024-07-19,2.4700000286102295,2.700000047683716,2.4200000762939453,2.494999885559082,2.494999885559082,5000
2024-07-22,2.690000057220459,2.75,2.5239999294281006,2.5299999713897705,2.5299999713897705,8500
2024-07-23,2.5,2.5,2.4000000953674316,2.4600000381469727,2.4600000381469727,5500
2024-07-24,2.450000047683716,2.5799999237060547,2.450000047683716,2.5,2.5,4800
2024-07-25,2.5299999713897705,2.5999999046325684,2.4700000286102295,2.4700000286102295,2.4700000286102295,3300
2024-07-26,2.5199999809265137,2.5999999046325684,2.509999990463257,2.509999990463257,2.509999990463257,8500
2024-07-29,2.5999999046325684,2.700000047683716,2.502000093460083,2.6989998817443848,2.6989998817443848,11500
2024-07-30,2.700000047683716,2.9700000286102295,2.6600000858306885,2.9700000286102295,2.9700000286102295,13000
2024-07-31,2.9000000953674316,2.9700000286102295,2.799999952316284,2.880000114440918,2.880000114440918,25500
2024-08-01,2.9000000953674316,3.009999990463257,2.8499999046325684,3.009999990463257,3.009999990463257,19800
2024-08-02,2.9700000286102295,3.009999990463257,2.799999952316284,2.990000009536743,2.990000009536743,8900
2024-08-05,2.859999895095825,3.0899999141693115,2.700000047683716,3.0799999237060547,3.0799999237060547,17100
2024-08-06,3.0999999046325684,3.390000104904175,3.0450000762939453,3.2100000381469727,3.2100000381469727,43700
2024-08-07,3.299999952316284,3.562999963760376,3.299999952316284,3.3399999141693115,3.3399999141693115,21400
2024-08-08,3.6700000762939453,4.03000020980835,3.5,3.8399999141693115,3.8399999141693115,32700
2024-08-09,3.8399999141693115,3.950000047683716,3.500999927520752,3.7100000381469727,3.7100000381469727,49300
2024-08-12,3.7799999713897705,3.7799999713897705,3.309999942779541,3.5299999713897705,3.5299999713897705,26400
2024-08-13,3.4000000953674316,3.4000000953674316,3.180000066757202,3.180000066757202,3.180000066757202,15900
2024-08-14,3.180000066757202,3.5299999713897705,3.180000066757202,3.5,3.5,6700
2024-08-15,3.740000009536743,3.75,3.509999990463257,3.5999999046325684,3.5999999046325684,8600
2024-08-16,3.640000104904175,3.950000047683716,3.5,3.549999952316284,3.549999952316284,9500
2024-08-19,3.5999999046325684,3.7100000381469727,3.440000057220459,3.6500000953674316,3.6500000953674316,4400
2024-08-20,3.6500000953674316,3.7100000381469727,3.5,3.680000066757202,3.680000066757202,4500
2024-08-21,3.690000057220459,3.7799999713897705,3.5,3.5850000381469727,3.5850000381469727,27700
2024-08-22,3.5799999237060547,3.690000057220459,3.3499999046325684,3.446000099182129,3.446000099182129,9000
2024-08-23,3.5299999713897705,3.690000057220459,3.49399995803833,3.630000114440918,3.630000114440918,15000
2024-08-26,3.680000066757202,3.989000082015991,3.6500000953674316,3.9000000953674316,3.9000000953674316,52100
2024-08-27,4.130000114440918,4.170000076293945,3.7009999752044678,4.139999866485596,4.139999866485596,31000
2024-08-28,4.150000095367432,4.170000076293945,3.799999952316284,4.099999904632568,4.099999904632568,13200
