Date,Open,High,Low,Close,Adj Close,Volume
2021-07-23,11.199999809265137,12.90999984741211,10.989999771118164,12.25,12.25,4026300
2021-07-26,12.489999771118164,13.100000381469727,12.25,12.300000190734863,12.300000190734863,232900
2021-07-27,12.40999984741211,12.470000267028809,11.84000015258789,12.109999656677246,12.109999656677246,195700
2021-07-28,12.100000381469727,12.100000381469727,11.5,11.949999809265137,11.949999809265137,157900
2021-07-29,11.9399995803833,12.100000381469727,11.5,11.699999809265137,11.699999809265137,157000
2021-07-30,11.710000038146973,11.850000381469727,11.529999732971191,11.720000267028809,11.720000267028809,81200
2021-08-02,11.6899995803833,11.989999771118164,11.527000427246094,11.600000381469727,11.600000381469727,103900
2021-08-03,11.600000381469727,11.800000190734863,11.5,11.5,11.5,49000
2021-08-04,11.5,11.725000381469727,11.0,11.5,11.5,104000
2021-08-05,11.399999618530273,12.109999656677246,11.26099967956543,12.09000015258789,12.09000015258789,151200
2021-08-06,12.0,12.109999656677246,11.75,11.979999542236328,11.979999542236328,62300
2021-08-09,12.130000114440918,12.149999618530273,11.510000228881836,11.979999542236328,11.979999542236328,85500
2021-08-10,11.84000015258789,12.079999923706055,11.5600004196167,11.989999771118164,11.989999771118164,34600
2021-08-11,11.779999732971191,12.029999732971191,11.600000381469727,11.850000381469727,11.850000381469727,37800
2021-08-12,11.920000076293945,11.960000038146973,11.699999809265137,11.9399995803833,11.9399995803833,19000
2021-08-13,11.899999618530273,11.9399995803833,11.40999984741211,11.770000457763672,11.770000457763672,160300
2021-08-16,11.800000190734863,11.880000114440918,11.399999618530273,11.800000190734863,11.800000190734863,91200
2021-08-17,11.90999984741211,11.920000076293945,10.4399995803833,11.239999771118164,11.239999771118164,380800
2021-08-18,11.239999771118164,12.050000190734863,11.109999656677246,11.90999984741211,11.90999984741211,262500
2021-08-19,11.800000190734863,12.0,11.65999984741211,12.0,12.0,600400
2021-08-20,12.039999961853027,12.4399995803833,11.579999923706055,12.0,12.0,265200
2021-08-23,12.0,12.25,11.399999618530273,11.529999732971191,11.529999732971191,168300
2021-08-24,11.579999923706055,11.897000312805176,11.40999984741211,11.869999885559082,11.869999885559082,95100
2021-08-25,11.670000076293945,11.670000076293945,10.75,11.390000343322754,11.390000343322754,331000
2021-08-26,11.300000190734863,11.300000190734863,10.899999618530273,11.140000343322754,11.140000343322754,123400
2021-08-27,11.15999984741211,12.149999618530273,11.149999618530273,11.949999809265137,11.949999809265137,136100
2021-08-30,12.010000228881836,12.010000228881836,10.670000076293945,11.4399995803833,11.4399995803833,222500
2021-08-31,11.34000015258789,11.369999885559082,10.75,10.800000190734863,10.800000190734863,158600
2021-09-01,10.850000381469727,11.880000114440918,10.84000015258789,11.699999809265137,11.699999809265137,208800
2021-09-02,11.600000381469727,11.989999771118164,11.079999923706055,11.800000190734863,11.800000190734863,75000
2021-09-03,11.640000343322754,12.0,11.260000228881836,11.850000381469727,11.850000381469727,90500
2021-09-07,11.850000381469727,11.949999809265137,10.850000381469727,10.859999656677246,10.859999656677246,140600
2021-09-08,11.029999732971191,11.03499984741211,10.770000457763672,10.8100004196167,10.8100004196167,64400
2021-09-09,10.670000076293945,10.930000305175781,10.670000076293945,10.699999809265137,10.699999809265137,98300
2021-09-10,10.880000114440918,11.116000175476074,10.704999923706055,10.779999732971191,10.779999732971191,101500
2021-09-13,10.899999618530273,11.020000457763672,10.25,10.449999809265137,10.449999809265137,109800
2021-09-14,10.739999771118164,10.979999542236328,10.449999809265137,10.829999923706055,10.829999923706055,200200
2021-09-15,10.640000343322754,11.619999885559082,10.63700008392334,11.619999885559082,11.619999885559082,204600
2021-09-16,11.880000114440918,12.260000228881836,11.84000015258789,12.1899995803833,12.1899995803833,275400
2021-09-17,12.15999984741211,12.25,10.930000305175781,11.210000038146973,11.210000038146973,1197100
2021-09-20,11.319999694824219,11.449999809265137,9.989999771118164,10.149999618530273,10.149999618530273,403600
2021-09-21,10.170000076293945,10.449999809265137,9.869999885559082,10.34000015258789,10.34000015258789,169500
2021-09-22,11.420000076293945,11.979999542236328,11.100000381469727,11.15999984741211,11.15999984741211,263600
2021-09-23,11.180000305175781,11.6899995803833,11.130000114440918,11.539999961853027,11.539999961853027,57000
2021-09-24,11.550000190734863,11.90999984741211,11.329999923706055,11.84000015258789,11.84000015258789,51900
2021-09-27,11.979999542236328,12.199999809265137,11.600000381469727,12.140000343322754,12.140000343322754,104300
2021-09-28,12.199999809265137,12.569999694824219,11.8100004196167,12.399999618530273,12.399999618530273,170000
2021-09-29,12.5,12.869999885559082,12.303999900817871,12.720000267028809,12.720000267028809,225700
2021-09-30,12.529999732971191,12.789999961853027,12.199999809265137,12.6899995803833,12.6899995803833,167300
2021-10-01,12.75,13.340999603271484,12.510000228881836,13.279999732971191,13.279999732971191,135400
2021-10-04,13.59000015258789,13.718999862670898,13.359999656677246,13.369999885559082,13.369999885559082,231300
2021-10-05,13.5,13.71399974822998,12.8100004196167,12.890000343322754,12.890000343322754,152700
2021-10-06,12.789999961853027,12.789999961853027,12.300000190734863,12.329999923706055,12.329999923706055,254500
2021-10-07,12.350000381469727,12.907999992370605,12.21500015258789,12.8100004196167,12.8100004196167,443300
2021-10-08,13.100000381469727,14.0,12.562000274658203,13.930000305175781,13.930000305175781,420700
2021-10-11,14.0,14.289999961853027,13.789999961853027,13.979999542236328,13.979999542236328,108800
2021-10-12,14.010000228881836,14.109999656677246,13.449999809265137,13.59000015258789,13.59000015258789,102200
2021-10-13,13.84000015258789,13.84000015258789,13.329999923706055,13.6899995803833,13.6899995803833,344900
2021-10-14,13.850000381469727,17.299999237060547,13.850000381469727,16.540000915527344,16.540000915527344,745500
2021-10-15,16.799999237060547,17.399999618530273,15.5,15.869999885559082,15.869999885559082,786000
2021-10-18,15.819999694824219,18.770000457763672,14.869999885559082,15.470000267028809,15.470000267028809,2589300
2021-10-19,15.420000076293945,16.540000915527344,15.420000076293945,15.949999809265137,15.949999809265137,218100
2021-10-20,16.190000534057617,16.420000076293945,15.630000114440918,16.1200008392334,16.1200008392334,128600
2021-10-21,15.380000114440918,16.270000457763672,15.0600004196167,16.18000030517578,16.18000030517578,193800
2021-10-22,16.049999237060547,16.440000534057617,15.800000190734863,16.110000610351562,16.110000610351562,114000
2021-10-25,16.1200008392334,16.409000396728516,15.0,15.109999656677246,15.109999656677246,195900
2021-10-26,15.210000038146973,16.489999771118164,14.751999855041504,15.979999542236328,15.979999542236328,173700
2021-10-27,15.899999618530273,16.0,15.32699966430664,15.510000228881836,15.510000228881836,86700
2021-10-28,15.800000190734863,16.190000534057617,15.392000198364258,15.9399995803833,15.9399995803833,128000
2021-10-29,15.960000038146973,17.08300018310547,15.930000305175781,16.899999618530273,16.899999618530273,133600
2021-11-01,17.020000457763672,17.260000228881836,16.559999465942383,17.100000381469727,17.100000381469727,113500
2021-11-02,17.219999313354492,17.219999313354492,16.18000030517578,16.600000381469727,16.600000381469727,64100
2021-11-03,16.309999465942383,18.469999313354492,16.200000762939453,17.889999389648438,17.889999389648438,151400
2021-11-04,18.709999084472656,19.299999237060547,17.190000534057617,17.200000762939453,17.200000762939453,936700
2021-11-05,17.81999969482422,19.160999298095703,17.670000076293945,18.559999465942383,18.559999465942383,569000
2021-11-08,18.739999771118164,19.864999771118164,18.309999465942383,19.65999984741211,19.65999984741211,211900
2021-11-09,19.770000457763672,20.239999771118164,18.399999618530273,18.799999237060547,18.799999237060547,168500
2021-11-10,18.850000381469727,19.139999389648438,18.299999237060547,18.950000762939453,18.950000762939453,154000
2021-11-11,18.56999969482422,20.290000915527344,18.299999237060547,19.530000686645508,19.530000686645508,245400
2021-11-12,22.899999618530273,24.729999542236328,21.739999771118164,23.600000381469727,23.600000381469727,1492900
2021-11-15,24.110000610351562,24.309999465942383,22.610000610351562,23.100000381469727,23.100000381469727,226300
2021-11-16,23.639999389648438,23.757999420166016,22.229999542236328,23.15999984741211,23.15999984741211,185000
2021-11-17,22.90999984741211,23.229999542236328,21.959999084472656,22.600000381469727,22.600000381469727,74900
2021-11-18,22.610000610351562,23.209999084472656,21.860000610351562,22.559999465942383,22.559999465942383,187300
2021-11-19,22.270000457763672,22.940000534057617,21.950000762939453,22.56999969482422,22.56999969482422,106300
2021-11-22,22.790000915527344,23.479999542236328,21.149999618530273,21.790000915527344,21.790000915527344,115500
2021-11-23,21.790000915527344,22.1299991607666,20.650999069213867,21.84000015258789,21.84000015258789,104300
2021-11-24,21.450000762939453,22.489999771118164,21.450000762939453,21.81999969482422,21.81999969482422,43000
2021-11-26,20.75,21.0,19.565000534057617,19.690000534057617,19.690000534057617,125000
2021-11-29,19.719999313354492,21.670000076293945,19.059999465942383,20.100000381469727,20.100000381469727,152400
2021-11-30,19.809999465942383,19.940000534057617,18.59000015258789,19.450000762939453,19.450000762939453,89600
2021-12-01,20.229999542236328,20.709999084472656,18.639999389648438,18.760000228881836,18.760000228881836,76200
2021-12-02,18.68000030517578,20.360000610351562,18.510000228881836,20.270000457763672,20.270000457763672,101600
2021-12-03,20.149999618530273,21.520000457763672,19.940000534057617,20.309999465942383,20.309999465942383,334900
2021-12-06,20.559999465942383,22.950000762939453,19.5,21.649999618530273,21.649999618530273,238400
2021-12-07,22.3700008392334,23.485000610351562,22.3700008392334,23.09000015258789,23.09000015258789,392300
2021-12-08,23.15999984741211,24.440000534057617,23.100000381469727,24.18000030517578,24.18000030517578,127700
2021-12-09,24.200000762939453,24.200000762939453,22.3700008392334,22.739999771118164,22.739999771118164,80700
2021-12-10,23.389999389648438,23.389999389648438,21.40999984741211,22.020000457763672,22.020000457763672,96200
2021-12-13,21.670000076293945,21.690000534057617,19.780000686645508,20.030000686645508,20.030000686645508,94400
2021-12-14,19.670000076293945,20.219999313354492,19.149999618530273,19.299999237060547,19.299999237060547,77300
2021-12-15,19.309999465942383,19.780000686645508,18.34000015258789,19.149999618530273,19.149999618530273,153400
2021-12-16,19.579999923706055,19.579999923706055,17.639999389648438,18.139999389648438,18.139999389648438,225100
2021-12-17,17.959999084472656,19.642000198364258,17.709999084472656,19.3799991607666,19.3799991607666,320000
2021-12-20,19.0,19.31999969482422,17.768999099731445,18.5,18.5,164500
2021-12-21,18.899999618530273,20.40999984741211,18.790000915527344,19.200000762939453,19.200000762939453,105300
2021-12-22,19.170000076293945,20.124000549316406,18.65999984741211,20.020000457763672,20.020000457763672,115200
2021-12-23,20.270000457763672,20.610000610351562,19.559999465942383,20.56999969482422,20.56999969482422,100900
2021-12-27,20.59000015258789,21.200000762939453,20.299999237060547,20.969999313354492,20.969999313354492,40800
2021-12-28,20.90999984741211,21.44700050354004,20.280000686645508,20.68000030517578,20.68000030517578,70100
2021-12-29,20.729999542236328,21.3799991607666,19.850000381469727,20.149999618530273,20.149999618530273,50400
2021-12-30,19.979999542236328,20.770000457763672,19.979999542236328,20.309999465942383,20.309999465942383,62800
2021-12-31,20.280000686645508,20.979999542236328,19.5,20.440000534057617,20.440000534057617,52600
2022-01-03,20.75,21.559999465942383,20.280000686645508,20.81999969482422,20.81999969482422,76200
2022-01-04,21.010000228881836,22.479999542236328,20.030000686645508,20.739999771118164,20.739999771118164,95500
2022-01-05,20.719999313354492,20.719999313354492,18.979999542236328,19.299999237060547,19.299999237060547,118800
2022-01-06,19.06999969482422,19.90999984741211,17.780000686645508,18.469999313354492,18.469999313354492,261000
2022-01-07,18.209999084472656,19.459999084472656,17.139999389648438,17.65999984741211,17.65999984741211,238200
2022-01-10,17.489999771118164,17.489999771118164,16.5,17.020000457763672,17.020000457763672,146200
2022-01-11,17.5,17.5,16.010000228881836,16.75,16.75,274800
2022-01-12,16.790000915527344,17.360000610351562,16.399999618530273,16.479999542236328,16.479999542236328,298800
2022-01-13,16.5,16.969999313354492,15.40999984741211,15.5600004196167,15.5600004196167,167900
2022-01-14,15.220000267028809,15.729999542236328,13.729999542236328,14.319999694824219,14.319999694824219,566000
2022-01-18,14.329999923706055,14.329999923706055,12.902000427246094,13.680000305175781,13.680000305175781,417100
2022-01-19,13.90999984741211,15.5600004196167,13.529999732971191,15.100000381469727,15.100000381469727,530600
2022-01-20,15.199999809265137,16.989999771118164,15.109999656677246,16.020000457763672,16.020000457763672,279500
2022-01-21,15.579999923706055,16.540000915527344,15.109999656677246,15.829999923706055,15.829999923706055,144800
2022-01-24,15.449999809265137,17.43000030517578,14.75100040435791,17.059999465942383,17.059999465942383,178300
2022-01-25,16.75,17.6200008392334,15.5,16.350000381469727,16.350000381469727,178600
2022-01-26,16.829999923706055,17.829999923706055,16.139999389648438,16.43000030517578,16.43000030517578,120600
2022-01-27,16.600000381469727,17.083999633789062,15.489999771118164,15.899999618530273,15.899999618530273,141000
2022-01-28,15.859999656677246,17.350000381469727,15.670000076293945,16.989999771118164,16.989999771118164,97800
2022-01-31,16.93000030517578,17.895000457763672,16.700000762939453,17.459999084472656,17.459999084472656,136100
2022-02-01,17.600000381469727,17.868000030517578,16.3700008392334,17.469999313354492,17.469999313354492,83600
2022-02-02,17.6299991607666,17.760000228881836,16.65999984741211,17.59000015258789,17.59000015258789,75400
2022-02-03,17.200000762939453,17.93000030517578,16.940000534057617,17.5,17.5,114900
2022-02-04,17.34000015258789,18.6200008392334,16.65999984741211,18.43000030517578,18.43000030517578,162700
2022-02-07,18.399999618530273,19.06999969482422,17.6200008392334,18.079999923706055,18.079999923706055,128700
2022-02-08,18.190000534057617,19.8700008392334,17.729999542236328,19.209999084472656,19.209999084472656,108800
2022-02-09,19.559999465942383,19.950000762939453,19.459999084472656,19.700000762939453,19.700000762939453,69300
2022-02-10,18.68000030517578,19.844999313354492,18.030000686645508,19.270000457763672,19.270000457763672,87000
2022-02-11,19.139999389648438,19.799999237060547,18.90999984741211,19.309999465942383,19.309999465942383,143700
2022-02-14,19.270000457763672,19.729999542236328,18.559999465942383,19.31999969482422,19.31999969482422,113100
2022-02-15,19.690000534057617,21.65999984741211,19.540000915527344,21.520000457763672,21.520000457763672,311600
2022-02-16,21.299999237060547,21.940000534057617,19.719999313354492,20.110000610351562,20.110000610351562,107400
2022-02-17,19.5,20.489999771118164,19.131000518798828,19.489999771118164,19.489999771118164,73700
2022-02-18,19.31999969482422,20.010000228881836,18.735000610351562,19.90999984741211,19.90999984741211,70600
2022-02-22,19.829999923706055,21.299999237060547,19.829999923706055,20.969999313354492,20.969999313354492,207300
2022-02-23,21.18000030517578,21.395000457763672,19.549999237060547,19.65999984741211,19.65999984741211,129400
2022-02-24,18.709999084472656,20.709999084472656,18.020000457763672,20.690000534057617,20.690000534057617,162300
2022-02-25,20.700000762939453,21.459999084472656,20.010000228881836,21.25,21.25,74400
2022-02-28,21.100000381469727,21.989999771118164,20.635000228881836,20.940000534057617,20.940000534057617,227100
2022-03-01,20.979999542236328,21.420000076293945,19.31999969482422,19.579999923706055,19.579999923706055,61000
2022-03-02,19.729999542236328,21.360000610351562,19.729999542236328,21.040000915527344,21.040000915527344,72900
2022-03-03,21.309999465942383,21.735000610351562,20.0,20.489999771118164,20.489999771118164,109400
2022-03-04,20.079999923706055,20.399999618530273,19.1299991607666,19.540000915527344,19.540000915527344,95100
2022-03-07,20.15999984741211,21.280000686645508,17.899999618530273,18.020000457763672,18.020000457763672,313700
2022-03-08,18.100000381469727,20.450000762939453,17.510000228881836,19.399999618530273,19.399999618530273,176200
2022-03-09,19.969999313354492,20.649999618530273,19.510000228881836,19.920000076293945,19.920000076293945,76400
2022-03-10,19.299999237060547,20.139999389648438,18.739999771118164,20.010000228881836,20.010000228881836,72100
2022-03-11,20.34000015258789,20.55500030517578,19.799999237060547,19.850000381469727,19.850000381469727,75000
2022-03-14,21.0,21.350000381469727,19.466999053955078,20.020000457763672,20.020000457763672,178300
2022-03-15,20.770000457763672,21.520000457763672,20.18000030517578,20.93000030517578,20.93000030517578,149700
2022-03-16,20.950000762939453,24.290000915527344,20.950000762939453,24.229999542236328,24.229999542236328,398500
2022-03-17,23.6299991607666,25.110000610351562,23.010000228881836,23.270000457763672,23.270000457763672,264800
2022-03-18,23.770000457763672,24.559999465942383,22.68000030517578,22.719999313354492,22.719999313354492,585100
2022-03-21,22.649999618530273,24.040000915527344,22.211000442504883,23.350000381469727,23.350000381469727,237300
2022-03-22,23.309999465942383,24.030000686645508,22.010000228881836,22.15999984741211,22.15999984741211,259300
2022-03-23,22.040000915527344,22.683000564575195,21.253999710083008,22.200000762939453,22.200000762939453,230400
2022-03-24,22.200000762939453,23.950000762939453,21.1200008392334,23.360000610351562,23.360000610351562,466500
2022-03-25,23.450000762939453,23.729999542236328,22.5,23.68000030517578,23.68000030517578,339300
2022-03-28,23.5,26.420000076293945,23.139999389648438,26.0,26.0,678800
2022-03-29,26.420000076293945,26.8799991607666,24.43000030517578,25.549999237060547,25.549999237060547,277300
2022-03-30,25.889999389648438,26.899999618530273,22.760000228881836,24.040000915527344,24.040000915527344,238700
2022-03-31,23.809999465942383,24.56999969482422,23.329999923706055,23.440000534057617,23.440000534057617,99700
2022-04-01,23.549999237060547,23.700000762939453,22.260000228881836,23.65999984741211,23.65999984741211,192200
2022-04-04,23.719999313354492,23.969999313354492,23.059999465942383,23.6299991607666,23.6299991607666,184000
2022-04-05,21.760000228881836,22.06999969482422,20.399999618530273,21.020000457763672,21.020000457763672,1094900
2022-04-06,20.459999084472656,21.020000457763672,20.170000076293945,20.610000610351562,20.610000610351562,669500
2022-04-07,21.299999237060547,22.549999237060547,20.739999771118164,22.0,22.0,3365700
2022-04-08,22.059999465942383,23.049999237060547,21.450000762939453,22.469999313354492,22.469999313354492,550300
2022-04-11,21.989999771118164,22.899999618530273,21.65999984741211,22.549999237060547,22.549999237060547,383600
2022-04-12,22.709999084472656,23.0,22.309999465942383,22.3700008392334,22.3700008392334,362500
2022-04-13,22.5,23.0,22.094999313354492,22.5,22.5,470300
2022-04-14,22.299999237060547,23.0,21.65999984741211,22.270000457763672,22.270000457763672,343800
2022-04-18,22.139999389648438,22.899999618530273,22.049999237060547,22.809999465942383,22.809999465942383,406600
2022-04-19,22.850000381469727,23.479999542236328,22.260000228881836,22.459999084472656,22.459999084472656,531600
2022-04-20,22.700000762939453,24.18000030517578,22.59600067138672,24.1200008392334,24.1200008392334,837600
2022-04-21,24.25,25.489999771118164,23.809999465942383,24.549999237060547,24.549999237060547,658400
2022-04-22,24.440000534057617,24.799999237060547,23.3700008392334,23.5,23.5,371800
2022-04-25,23.110000610351562,23.5,22.475000381469727,23.450000762939453,23.450000762939453,301800
2022-04-26,23.309999465942383,23.325000762939453,21.209999084472656,21.309999465942383,21.309999465942383,271300
2022-04-27,21.299999237060547,21.959999084472656,20.739999771118164,21.149999618530273,21.149999618530273,217500
2022-04-28,21.600000381469727,21.93000030517578,20.959999084472656,21.770000457763672,21.770000457763672,262000
2022-04-29,21.760000228881836,22.200000762939453,20.489999771118164,20.719999313354492,20.719999313354492,160700
2022-05-02,20.719999313354492,21.690000534057617,20.0,21.260000228881836,21.260000228881836,182800
2022-05-03,21.270000457763672,21.489999771118164,20.1299991607666,21.389999389648438,21.389999389648438,129200
2022-05-04,21.479999542236328,21.524999618530273,19.295000076293945,21.200000762939453,21.200000762939453,286600
2022-05-05,20.739999771118164,20.739999771118164,17.8799991607666,18.350000381469727,18.350000381469727,491800
2022-05-06,18.100000381469727,18.100000381469727,16.579999923706055,17.1200008392334,17.1200008392334,521900
2022-05-09,16.600000381469727,16.850000381469727,15.510000228881836,16.25,16.25,273500
2022-05-10,16.700000762939453,17.040000915527344,15.789999961853027,16.18000030517578,16.18000030517578,161800
2022-05-11,16.149999618530273,16.75,15.779999732971191,15.949999809265137,15.949999809265137,211000
2022-05-12,15.75,17.040000915527344,15.510000228881836,16.6299991607666,16.6299991607666,580500
2022-05-13,16.549999237060547,16.770000457763672,13.369999885559082,14.369999885559082,14.369999885559082,1741400
2022-05-16,14.170000076293945,15.140000343322754,14.0600004196167,14.899999618530273,14.899999618530273,524500
2022-05-17,15.050000190734863,16.299999237060547,15.050000190734863,16.25,16.25,318800
2022-05-18,15.970000267028809,16.84000015258789,15.529999732971191,16.399999618530273,16.399999618530273,558700
2022-05-19,16.030000686645508,16.80900001525879,15.979999542236328,16.459999084472656,16.459999084472656,348800
2022-05-20,16.600000381469727,16.899999618530273,15.300000190734863,15.670000076293945,15.670000076293945,555200
2022-05-23,15.829999923706055,16.6299991607666,15.039999961853027,16.389999389648438,16.389999389648438,284500
2022-05-24,16.25,16.25,15.149999618530273,15.199999809265137,15.199999809265137,388100
2022-05-25,14.989999771118164,16.34000015258789,14.989999771118164,16.31999969482422,16.31999969482422,265800
2022-05-26,16.479999542236328,17.600000381469727,16.149999618530273,17.100000381469727,17.100000381469727,209200
2022-05-27,17.229999542236328,18.709999084472656,17.229999542236328,18.459999084472656,18.459999084472656,156400
2022-05-31,18.3799991607666,19.079999923706055,17.899999618530273,18.8799991607666,18.8799991607666,193100
2022-06-01,18.84000015258789,18.950000762939453,18.0,18.059999465942383,18.059999465942383,226800
2022-06-02,18.110000610351562,18.90999984741211,17.836000442504883,18.690000534057617,18.690000534057617,198200
2022-06-03,18.450000762939453,19.0,18.25,18.530000686645508,18.530000686645508,90100
2022-06-06,18.8700008392334,18.8700008392334,17.0,17.1299991607666,17.1299991607666,191400
2022-06-07,16.989999771118164,17.020000457763672,16.200000762939453,16.6299991607666,16.6299991607666,301600
2022-06-08,16.770000457763672,16.940000534057617,16.260000228881836,16.760000228881836,16.760000228881836,160200
2022-06-09,16.809999465942383,16.94499969482422,16.350000381469727,16.530000686645508,16.530000686645508,123600
2022-06-10,16.280000686645508,16.610000610351562,15.579999923706055,15.619999885559082,15.619999885559082,130300
2022-06-13,15.050000190734863,15.59000015258789,14.5600004196167,14.770000457763672,14.770000457763672,160400
2022-06-14,14.829999923706055,15.329999923706055,13.416999816894531,14.010000228881836,14.010000228881836,458000
2022-06-15,14.25,14.760000228881836,13.930000305175781,14.449999809265137,14.449999809265137,278600
2022-06-16,14.130000114440918,14.130000114440918,13.020000457763672,13.170000076293945,13.170000076293945,186800
2022-06-17,13.109999656677246,13.475000381469727,12.789999961853027,12.789999961853027,12.789999961853027,482800
2022-06-21,13.109999656677246,13.5600004196167,12.829999923706055,12.84000015258789,12.84000015258789,268600
2022-06-22,12.649999618530273,13.039999961853027,11.630000114440918,11.760000228881836,11.760000228881836,395000
2022-06-23,11.770000457763672,12.09000015258789,11.196999549865723,11.829999923706055,11.829999923706055,638100
2022-06-24,11.949999809265137,12.6899995803833,11.819999694824219,12.479999542236328,12.479999542236328,1069000
2022-06-27,12.520000457763672,13.039999961853027,12.350000381469727,12.960000038146973,12.960000038146973,240100
2022-06-28,13.0600004196167,13.75,12.899999618530273,12.90999984741211,12.90999984741211,294300
2022-06-29,12.920000076293945,13.0600004196167,12.300000190734863,12.430000305175781,12.430000305175781,173800
2022-06-30,12.100000381469727,12.815999984741211,12.079999923706055,12.5600004196167,12.5600004196167,195000
2022-07-01,12.359999656677246,12.970000267028809,12.220000267028809,12.9399995803833,12.9399995803833,131400
2022-07-05,12.569999694824219,13.260000228881836,12.295000076293945,13.15999984741211,13.15999984741211,261000
2022-07-06,13.25,13.279999732971191,12.664999961853027,13.010000228881836,13.010000228881836,178500
2022-07-07,13.1899995803833,13.630000114440918,13.050000190734863,13.579999923706055,13.579999923706055,159400
2022-07-08,13.5,13.824999809265137,13.194999694824219,13.710000038146973,13.710000038146973,111100
2022-07-11,13.369999885559082,13.420000076293945,13.0,13.010000228881836,13.010000228881836,122500
2022-07-12,13.050000190734863,13.359999656677246,12.930000305175781,13.020000457763672,13.020000457763672,83600
2022-07-13,13.020000457763672,13.479999542236328,12.805000305175781,13.180000305175781,13.180000305175781,110000
2022-07-14,13.0600004196167,13.260000228881836,12.84000015258789,13.229999542236328,13.229999542236328,222800
2022-07-15,13.619999885559082,13.899999618530273,13.279999732971191,13.720000267028809,13.720000267028809,96000
2022-07-18,13.819999694824219,14.489999771118164,13.4399995803833,13.569999694824219,13.569999694824219,117800
2022-07-19,13.770000457763672,14.130000114440918,13.539999961853027,14.09000015258789,14.09000015258789,126000
2022-07-20,13.989999771118164,14.28499984741211,13.930000305175781,14.130000114440918,14.130000114440918,101900
2022-07-21,14.079999923706055,14.119999885559082,13.430000305175781,13.880000114440918,13.880000114440918,106400
2022-07-22,13.9399995803833,14.17300033569336,13.0600004196167,13.25,13.25,136300
2022-07-25,13.359999656677246,13.71500015258789,12.869999885559082,12.979999542236328,12.979999542236328,135100
2022-07-26,12.960000038146973,12.960000038146973,12.319999694824219,12.430000305175781,12.430000305175781,77700
2022-07-27,12.5600004196167,13.529999732971191,12.510000228881836,13.4399995803833,13.4399995803833,211500
2022-07-28,13.390000343322754,14.390000343322754,13.390000343322754,14.350000381469727,14.350000381469727,107100
2022-07-29,14.199999809265137,14.979999542236328,14.170000076293945,14.84000015258789,14.84000015258789,152700
2022-08-01,14.779999732971191,14.845000267028809,14.119999885559082,14.640000343322754,14.640000343322754,116600
2022-08-02,14.609999656677246,15.34000015258789,14.609999656677246,15.260000228881836,15.260000228881836,69900
2022-08-03,15.40999984741211,16.139999389648438,15.239999771118164,16.030000686645508,16.030000686645508,81600
2022-08-04,15.9399995803833,16.6200008392334,15.725000381469727,16.540000915527344,16.540000915527344,75500
2022-08-05,16.229999542236328,16.790000915527344,15.770000457763672,15.800000190734863,15.800000190734863,72900
2022-08-08,15.800000190734863,16.665000915527344,15.800000190734863,15.960000038146973,15.960000038146973,100600
2022-08-09,15.819999694824219,16.40999984741211,15.319999694824219,15.579999923706055,15.579999923706055,101600
2022-08-10,16.0,16.774999618530273,15.914999961853027,16.170000076293945,16.170000076293945,151600
2022-08-11,16.530000686645508,16.549999237060547,16.139999389648438,16.290000915527344,16.290000915527344,92600
2022-08-12,18.65999984741211,20.469999313354492,18.104999542236328,19.299999237060547,19.299999237060547,903100
2022-08-15,19.0,20.059999465942383,18.82900047302246,19.899999618530273,19.899999618530273,354900
2022-08-16,19.940000534057617,20.729999542236328,19.770000457763672,20.479999542236328,20.479999542236328,309600
2022-08-17,20.260000228881836,20.579999923706055,19.889999389648438,20.09000015258789,20.09000015258789,290100
2022-08-18,19.8799991607666,20.18000030517578,18.56999969482422,19.420000076293945,19.420000076293945,111400
2022-08-19,19.31999969482422,19.34000015258789,18.530000686645508,18.549999237060547,18.549999237060547,109100
2022-08-22,18.170000076293945,18.719999313354492,18.09000015258789,18.190000534057617,18.190000534057617,143300
2022-08-23,18.3799991607666,19.25,18.3700008392334,18.40999984741211,18.40999984741211,122800
2022-08-24,18.40999984741211,19.239999771118164,18.40999984741211,19.09000015258789,19.09000015258789,87400
2022-08-25,19.170000076293945,19.375,18.540000915527344,18.950000762939453,18.950000762939453,73300
2022-08-26,18.950000762939453,19.027000427246094,18.299999237060547,18.40999984741211,18.40999984741211,39900
2022-08-29,18.1299991607666,18.959999084472656,18.094999313354492,18.649999618530273,18.649999618530273,72700
2022-08-30,18.760000228881836,18.790000915527344,18.270000457763672,18.5,18.5,62800
2022-08-31,18.510000228881836,18.780000686645508,18.239999771118164,18.329999923706055,18.329999923706055,52100
2022-09-01,18.06999969482422,18.809999465942383,17.889999389648438,18.770000457763672,18.770000457763672,164400
2022-09-02,18.829999923706055,19.469999313354492,18.600000381469727,18.799999237060547,18.799999237060547,150900
2022-09-06,18.81999969482422,19.34000015258789,18.56999969482422,19.309999465942383,19.309999465942383,179000
2022-09-07,19.079999923706055,20.219999313354492,19.079999923706055,19.84000015258789,19.84000015258789,115000
2022-09-08,19.510000228881836,20.0,19.48200035095215,19.799999237060547,19.799999237060547,73500
2022-09-09,19.8799991607666,20.270000457763672,19.450000762939453,19.889999389648438,19.889999389648438,78700
2022-09-12,20.040000915527344,20.229999542236328,19.510000228881836,19.989999771118164,19.989999771118164,129400
2022-09-13,19.309999465942383,20.1299991607666,19.110000610351562,19.780000686645508,19.780000686645508,228200
2022-09-14,19.829999923706055,20.200000762939453,19.68000030517578,20.020000457763672,20.020000457763672,217400
2022-09-15,20.729999542236328,21.31100082397461,19.731000900268555,19.8799991607666,19.8799991607666,230500
2022-09-16,19.520000457763672,19.520000457763672,18.510000228881836,19.030000686645508,19.030000686645508,473500
2022-09-19,18.760000228881836,19.219999313354492,18.700000762939453,18.84000015258789,18.84000015258789,87800
2022-09-20,18.579999923706055,19.5,18.579999923706055,19.31999969482422,19.31999969482422,105100
2022-09-21,19.549999237060547,20.410999298095703,19.30500030517578,19.6299991607666,19.6299991607666,232700
2022-09-22,19.600000381469727,19.600000381469727,18.34000015258789,18.940000534057617,18.940000534057617,198900
2022-09-23,18.56999969482422,18.90999984741211,17.170000076293945,17.34000015258789,17.34000015258789,179400
2022-09-26,17.209999084472656,18.299999237060547,17.209999084472656,17.59000015258789,17.59000015258789,96200
2022-09-27,18.0,18.579999923706055,17.649999618530273,18.239999771118164,18.239999771118164,157000
2022-09-28,18.200000762939453,19.170000076293945,17.56999969482422,18.709999084472656,18.709999084472656,252600
2022-09-29,18.360000610351562,18.479999542236328,17.399999618530273,17.8799991607666,17.8799991607666,159400
2022-09-30,17.799999237060547,18.729999542236328,17.75,18.260000228881836,18.260000228881836,99000
2022-10-03,18.670000076293945,19.575000762939453,18.270000457763672,19.09000015258789,19.09000015258789,158900
2022-10-04,19.530000686645508,20.40999984741211,19.530000686645508,20.020000457763672,20.020000457763672,494700
2022-10-05,19.700000762939453,19.989999771118164,19.170000076293945,19.229999542236328,19.229999542236328,145100
2022-10-06,19.059999465942383,19.834999084472656,19.059999465942383,19.530000686645508,19.530000686645508,94700
2022-10-07,19.290000915527344,19.850000381469727,18.989999771118164,19.799999237060547,19.799999237060547,154600
2022-10-10,19.90999984741211,20.1200008392334,19.209999084472656,19.309999465942383,19.309999465942383,195200
2022-10-11,19.200000762939453,19.261999130249023,18.325000762939453,18.809999465942383,18.809999465942383,150200
2022-10-12,19.030000686645508,19.274999618530273,18.6299991607666,18.860000610351562,18.860000610351562,117100
2022-10-13,18.440000534057617,19.21500015258789,17.88599967956543,19.200000762939453,19.200000762939453,152600
2022-10-14,19.25,19.770000457763672,18.229999542236328,18.309999465942383,18.309999465942383,136200
2022-10-17,19.010000228881836,19.239999771118164,18.56999969482422,19.030000686645508,19.030000686645508,112300
2022-10-18,19.84000015258789,19.84000015258789,19.065000534057617,19.190000534057617,19.190000534057617,100100
2022-10-19,18.84000015258789,19.59000015258789,18.709999084472656,19.18000030517578,19.18000030517578,132800
2022-10-20,19.360000610351562,19.920000076293945,19.059999465942383,19.139999389648438,19.139999389648438,103000
2022-10-21,19.239999771118164,19.584999084472656,18.899999618530273,19.469999313354492,19.469999313354492,105400
2022-10-24,19.649999618530273,19.8799991607666,19.149999618530273,19.670000076293945,19.670000076293945,71800
2022-10-25,19.479999542236328,20.780000686645508,19.479999542236328,20.010000228881836,20.010000228881836,150700
2022-10-26,20.18000030517578,20.549999237060547,19.530000686645508,19.989999771118164,19.989999771118164,255100
2022-10-27,20.25,20.459999084472656,19.600000381469727,20.100000381469727,20.100000381469727,82300
2022-10-28,19.899999618530273,20.280000686645508,19.280000686645508,19.600000381469727,19.600000381469727,276500
2022-10-31,19.459999084472656,19.670000076293945,18.940000534057617,19.350000381469727,19.350000381469727,340800
2022-11-01,19.809999465942383,20.100000381469727,18.959999084472656,19.059999465942383,19.059999465942383,174500
2022-11-02,19.059999465942383,19.139999389648438,17.8700008392334,18.040000915527344,18.040000915527344,221900
2022-11-03,17.899999618530273,18.190000534057617,17.25,17.5,17.5,219200
2022-11-04,17.90999984741211,17.90999984741211,16.969999313354492,17.520000457763672,17.520000457763672,271600
2022-11-07,17.729999542236328,17.822999954223633,16.969999313354492,17.600000381469727,17.600000381469727,375000
2022-11-08,17.979999542236328,18.600000381469727,17.549999237060547,18.40999984741211,18.40999984741211,424100
2022-11-09,18.229999542236328,19.350000381469727,17.729999542236328,18.010000228881836,18.010000228881836,228000
2022-11-10,19.170000076293945,20.219999313354492,18.799999237060547,19.889999389648438,19.889999389648438,410700
2022-11-11,22.530000686645508,22.670000076293945,20.559999465942383,20.75,20.75,599500
2022-11-14,21.020000457763672,22.25,21.020000457763672,21.709999084472656,21.709999084472656,488700
2022-11-15,22.420000076293945,22.510000228881836,21.427000045776367,21.950000762939453,21.950000762939453,310000
2022-11-16,21.56999969482422,21.92799949645996,20.829999923706055,21.479999542236328,21.479999542236328,178100
2022-11-17,21.239999771118164,22.649999618530273,20.829999923706055,22.15999984741211,22.15999984741211,327700
2022-11-18,22.770000457763672,23.0,21.170000076293945,21.469999313354492,21.469999313354492,191000
2022-11-21,21.239999771118164,21.780000686645508,21.010000228881836,21.639999389648438,21.639999389648438,162600
2022-11-22,21.799999237060547,21.799999237060547,20.920000076293945,21.270000457763672,21.270000457763672,108400
2022-11-23,21.18000030517578,21.829999923706055,21.18000030517578,21.420000076293945,21.420000076293945,87600
2022-11-25,21.280000686645508,22.125,21.280000686645508,21.8700008392334,21.8700008392334,57900
2022-11-28,21.860000610351562,21.860000610351562,21.350000381469727,21.489999771118164,21.489999771118164,120100
2022-11-29,21.399999618530273,21.893999099731445,21.399999618530273,21.59000015258789,21.59000015258789,120400
2022-11-30,21.719999313354492,22.40999984741211,21.5,22.139999389648438,22.139999389648438,505700
2022-12-01,22.3799991607666,22.829999923706055,21.850000381469727,21.969999313354492,21.969999313354492,151900
2022-12-02,21.84000015258789,22.799999237060547,21.530000686645508,22.350000381469727,22.350000381469727,288000
2022-12-05,22.350000381469727,23.09000015258789,22.045000076293945,22.469999313354492,22.469999313354492,441000
2022-12-06,23.5,23.826000213623047,21.889999389648438,22.25,22.25,204700
2022-12-07,22.1299991607666,22.389999389648438,21.479999542236328,22.0,22.0,128500
2022-12-08,22.1299991607666,22.3700008392334,21.350000381469727,22.059999465942383,22.059999465942383,249700
2022-12-09,21.860000610351562,22.309999465942383,21.68000030517578,21.989999771118164,21.989999771118164,180300
2022-12-12,22.06999969482422,22.06999969482422,21.5,21.959999084472656,21.959999084472656,180200
2022-12-13,22.010000228881836,22.929000854492188,22.010000228881836,22.399999618530273,22.399999618530273,362900
2022-12-14,22.420000076293945,22.93000030517578,21.764999389648438,22.170000076293945,22.170000076293945,274500
2022-12-15,21.829999923706055,22.1200008392334,21.415000915527344,21.739999771118164,21.739999771118164,133600
2022-12-16,21.540000915527344,22.079999923706055,21.440000534057617,21.829999923706055,21.829999923706055,282300
2022-12-19,21.8700008392334,21.8700008392334,20.760000228881836,20.940000534057617,20.940000534057617,136900
2022-12-20,20.8700008392334,21.600000381469727,20.670000076293945,21.25,21.25,117000
2022-12-21,21.3700008392334,22.719999313354492,21.31999969482422,22.520000457763672,22.520000457763672,371600
2022-12-22,22.1200008392334,22.360000610351562,21.649999618530273,21.799999237060547,21.799999237060547,135700
2022-12-23,21.780000686645508,22.989999771118164,21.709999084472656,22.860000610351562,22.860000610351562,102100
2022-12-27,22.700000762939453,23.010000228881836,22.440000534057617,22.540000915527344,22.540000915527344,129000
2022-12-28,22.5,22.670000076293945,22.149999618530273,22.209999084472656,22.209999084472656,158800
2022-12-29,22.5,23.450000762939453,22.229999542236328,22.770000457763672,22.770000457763672,313900
2022-12-30,22.549999237060547,23.0,22.209999084472656,22.93000030517578,22.93000030517578,236200
2023-01-03,23.100000381469727,23.299999237060547,22.420000076293945,22.68000030517578,22.68000030517578,230200
2023-01-04,23.020000457763672,23.065000534057617,22.110000610351562,22.3700008392334,22.3700008392334,176000
2023-01-05,22.3700008392334,23.649999618530273,22.010000228881836,23.309999465942383,23.309999465942383,274000
2023-01-06,23.59000015258789,25.09000015258789,23.389999389648438,24.690000534057617,24.690000534057617,632100
2023-01-09,25.725000381469727,26.860000610351562,24.65999984741211,26.239999771118164,26.239999771118164,902700
2023-01-10,26.739999771118164,26.8700008392334,25.549999237060547,26.1200008392334,26.1200008392334,364800
2023-01-11,26.059999465942383,26.450000762939453,25.114999771118164,26.239999771118164,26.239999771118164,256300
2023-01-12,26.520000457763672,26.520000457763672,25.4950008392334,25.6299991607666,25.6299991607666,217500
2023-01-13,26.06999969482422,26.520000457763672,24.270000457763672,24.579999923706055,24.579999923706055,345000
2023-01-17,24.600000381469727,25.489999771118164,24.059999465942383,25.049999237060547,25.049999237060547,209100
2023-01-18,25.479999542236328,26.100000381469727,25.010000228881836,25.3799991607666,25.3799991607666,268400
2023-01-19,25.219999313354492,25.799999237060547,25.100000381469727,25.65999984741211,25.65999984741211,171400
2023-01-20,25.950000762939453,26.320999145507812,25.549999237060547,25.639999389648438,25.639999389648438,146000
2023-01-23,25.649999618530273,25.649999618530273,23.290000915527344,23.829999923706055,23.829999923706055,440300
2023-01-24,23.540000915527344,24.09000015258789,22.989999771118164,23.81999969482422,23.81999969482422,301400
2023-01-25,23.1299991607666,24.860000610351562,22.690000534057617,24.81999969482422,24.81999969482422,215700
2023-01-26,25.040000915527344,25.549999237060547,24.799999237060547,25.489999771118164,25.489999771118164,134500
2023-01-27,25.829999923706055,27.8799991607666,25.756999969482422,27.15999984741211,27.15999984741211,457400
2023-01-30,26.8700008392334,27.360000610351562,26.145000457763672,26.579999923706055,26.579999923706055,341600
2023-01-31,26.780000686645508,28.31599998474121,26.690000534057617,27.479999542236328,27.479999542236328,277100
2023-02-01,27.31999969482422,28.030000686645508,26.649999618530273,27.84000015258789,27.84000015258789,214100
2023-02-02,28.170000076293945,28.594999313354492,27.549999237060547,27.850000381469727,27.850000381469727,182500
2023-02-03,27.25,28.19499969482422,27.079999923706055,27.709999084472656,27.709999084472656,156700
2023-02-06,27.639999389648438,28.059999465942383,27.1200008392334,27.959999084472656,27.959999084472656,159900
2023-02-07,27.809999465942383,27.950000762939453,27.049999237060547,27.84000015258789,27.84000015258789,130500
2023-02-08,24.68000030517578,24.885000228881836,24.0,24.079999923706055,24.079999923706055,3079200
2023-02-09,24.530000686645508,24.540000915527344,23.190000534057617,23.760000228881836,23.760000228881836,1010900
2023-02-10,23.8700008392334,24.450000762939453,23.450000762939453,24.079999923706055,24.079999923706055,973900
2023-02-13,23.950000762939453,24.809999465942383,23.950000762939453,24.690000534057617,24.690000534057617,863700
2023-02-14,24.6200008392334,24.950000762939453,24.299999237060547,24.809999465942383,24.809999465942383,654900
2023-02-15,25.149999618530273,26.5,24.56999969482422,26.010000228881836,26.010000228881836,1293000
2023-02-16,25.8700008392334,26.43000030517578,25.489999771118164,25.829999923706055,25.829999923706055,518400
2023-02-17,25.860000610351562,26.389999389648438,25.059999465942383,26.239999771118164,26.239999771118164,411900
2023-02-21,25.829999923706055,26.18000030517578,24.709999084472656,24.899999618530273,24.899999618530273,523800
2023-02-22,24.920000076293945,25.094999313354492,24.049999237060547,24.68000030517578,24.68000030517578,609900
2023-02-23,25.0,26.059999465942383,25.0,25.829999923706055,25.829999923706055,423600
2023-02-24,25.479999542236328,25.950000762939453,25.34000015258789,25.93000030517578,25.93000030517578,431300
2023-02-27,26.1200008392334,26.399999618530273,25.290000915527344,25.520000457763672,25.520000457763672,340900
2023-02-28,25.479999542236328,26.100000381469727,25.229999542236328,25.389999389648438,25.389999389648438,560600
2023-03-01,25.389999389648438,25.899999618530273,24.610000610351562,25.389999389648438,25.389999389648438,567800
2023-03-02,24.8799991607666,25.969999313354492,24.55500030517578,25.25,25.25,584600
2023-03-03,29.139999389648438,29.864999771118164,27.81999969482422,29.31999969482422,29.31999969482422,2472900
2023-03-06,29.280000686645508,30.700000762939453,28.6299991607666,30.489999771118164,30.489999771118164,1483500
2023-03-07,30.5,30.639999389648438,28.684999465942383,29.479999542236328,29.479999542236328,874800
2023-03-08,29.549999237060547,29.549999237060547,28.5,28.639999389648438,28.639999389648438,459900
2023-03-09,28.719999313354492,29.149999618530273,28.3700008392334,28.700000762939453,28.700000762939453,827900
2023-03-10,28.6200008392334,28.6200008392334,27.350000381469727,27.639999389648438,27.639999389648438,530900
2023-03-13,27.280000686645508,27.68000030517578,26.479999542236328,27.329999923706055,27.329999923706055,489200
2023-03-14,28.25,28.514999389648438,27.25,27.520000457763672,27.520000457763672,600600
2023-03-15,27.270000457763672,27.6299991607666,26.684999465942383,27.06999969482422,27.06999969482422,330900
2023-03-16,26.700000762939453,27.864999771118164,26.3700008392334,27.729999542236328,27.729999542236328,406400
2023-03-17,27.670000076293945,27.770000457763672,26.549999237060547,26.690000534057617,26.690000534057617,988700
2023-03-20,26.709999084472656,27.3799991607666,26.709999084472656,27.049999237060547,27.049999237060547,424200
2023-03-21,27.579999923706055,28.350000381469727,27.405000686645508,27.899999618530273,27.899999618530273,362000
2023-03-22,27.790000915527344,28.139999389648438,27.489999771118164,27.5,27.5,337900
2023-03-23,27.709999084472656,28.34000015258789,27.549999237060547,27.93000030517578,27.93000030517578,563000
2023-03-24,27.56999969482422,29.014999389648438,27.3700008392334,28.899999618530273,28.899999618530273,502300
2023-03-27,29.200000762939453,29.469999313354492,28.639999389648438,29.15999984741211,29.15999984741211,525600
2023-03-28,29.280000686645508,29.649999618530273,28.600000381469727,28.969999313354492,28.969999313354492,468100
2023-03-29,29.079999923706055,29.43000030517578,28.540000915527344,28.920000076293945,28.920000076293945,528900
2023-03-30,29.0,29.729999542236328,28.940000534057617,29.270000457763672,29.270000457763672,438900
2023-03-31,29.56999969482422,30.510000228881836,29.200000762939453,30.389999389648438,30.389999389648438,722600
2023-04-03,30.139999389648438,31.780000686645508,30.139999389648438,31.610000610351562,31.610000610351562,642100
2023-04-04,31.75,31.850000381469727,30.700000762939453,31.1299991607666,31.1299991607666,540700
2023-04-05,29.5,29.81999969482422,28.299999237060547,29.420000076293945,29.420000076293945,833600
2023-04-06,29.3700008392334,31.149999618530273,28.915000915527344,30.1299991607666,30.1299991607666,826500
2023-04-10,30.200000762939453,31.459999084472656,29.799999237060547,31.43000030517578,31.43000030517578,535700
2023-04-11,31.850000381469727,32.18000030517578,31.260000228881836,31.690000534057617,31.690000534057617,734300
2023-04-12,31.829999923706055,32.25,30.799999237060547,30.899999618530273,30.899999618530273,321900
2023-04-13,31.350000381469727,31.610000610351562,30.959999084472656,31.510000228881836,31.510000228881836,226100
2023-04-14,31.43000030517578,32.029998779296875,31.1299991607666,31.329999923706055,31.329999923706055,306300
2023-04-17,31.8799991607666,32.369998931884766,31.6299991607666,32.099998474121094,32.099998474121094,554300
2023-04-18,32.279998779296875,32.79899978637695,32.0,32.720001220703125,32.720001220703125,626200
2023-04-19,32.56999969482422,33.005001068115234,32.34000015258789,32.95000076293945,32.95000076293945,542900
2023-04-20,32.689998626708984,33.209999084472656,32.29999923706055,32.369998931884766,32.369998931884766,278900
2023-04-21,32.27000045776367,32.63999938964844,31.899999618530273,32.58000183105469,32.58000183105469,487800
2023-04-24,32.5,32.970001220703125,32.06999969482422,32.880001068115234,32.880001068115234,330800
2023-04-25,32.79999923706055,32.834999084472656,31.940000534057617,31.950000762939453,31.950000762939453,322800
2023-04-26,32.77000045776367,33.505001068115234,32.28099822998047,32.70000076293945,32.70000076293945,586200
2023-04-27,32.849998474121094,33.005001068115234,31.8799991607666,32.380001068115234,32.380001068115234,289100
2023-04-28,32.18000030517578,33.4900016784668,31.8700008392334,33.08000183105469,33.08000183105469,495100
2023-05-01,33.040000915527344,33.58000183105469,32.54999923706055,32.88999938964844,32.88999938964844,468600
2023-05-02,33.0,33.099998474121094,32.52000045776367,32.79999923706055,32.79999923706055,458100
2023-05-03,32.5,32.93000030517578,32.25,32.5099983215332,32.5099983215332,323000
2023-05-04,32.130001068115234,32.459999084472656,30.579999923706055,31.040000915527344,31.040000915527344,1036600
2023-05-05,33.349998474121094,33.4900016784668,27.760000228881836,29.65999984741211,29.65999984741211,1517200
2023-05-08,29.950000762939453,30.149999618530273,28.65999984741211,28.940000534057617,28.940000534057617,504100
2023-05-09,28.799999237060547,29.209999084472656,28.440000534057617,28.700000762939453,28.700000762939453,674700
2023-05-10,29.0,29.690000534057617,28.84000015258789,29.690000534057617,29.690000534057617,416500
2023-05-11,29.459999084472656,29.459999084472656,28.260000228881836,28.739999771118164,28.739999771118164,430400
2023-05-12,28.850000381469727,28.889999389648438,27.959999084472656,28.780000686645508,28.780000686645508,253000
2023-05-15,28.920000076293945,29.3799991607666,28.65999984741211,29.3799991607666,29.3799991607666,369000
2023-05-16,29.270000457763672,29.5,27.65999984741211,27.989999771118164,27.989999771118164,501400
2023-05-17,28.020000457763672,28.649999618530273,27.899999618530273,27.959999084472656,27.959999084472656,371100
2023-05-18,27.959999084472656,28.520000457763672,27.65999984741211,27.93000030517578,27.93000030517578,329500
2023-05-19,28.209999084472656,28.260000228881836,27.65999984741211,27.969999313354492,27.969999313354492,389400
2023-05-22,28.049999237060547,28.049999237060547,27.0,27.700000762939453,27.700000762939453,600800
2023-05-23,27.719999313354492,27.950000762939453,26.309999465942383,26.5,26.5,734000
2023-05-24,25.940000534057617,26.170000076293945,25.31999969482422,25.59000015258789,25.59000015258789,914000
2023-05-25,25.8799991607666,26.040000915527344,24.65999984741211,24.760000228881836,24.760000228881836,783900
2023-05-26,24.690000534057617,26.899999618530273,24.690000534057617,26.530000686645508,26.530000686645508,653700
2023-05-30,26.610000610351562,27.415000915527344,26.280000686645508,26.489999771118164,26.489999771118164,557900
2023-05-31,26.329999923706055,27.139999389648438,25.920000076293945,26.489999771118164,26.489999771118164,787200
2023-06-01,26.579999923706055,26.809999465942383,26.149999618530273,26.34000015258789,26.34000015258789,597100
2023-06-02,26.670000076293945,26.989999771118164,25.469999313354492,25.93000030517578,25.93000030517578,610900
2023-06-05,25.959999084472656,26.200000762939453,25.40999984741211,25.540000915527344,25.540000915527344,412000
2023-06-06,25.700000762939453,26.690000534057617,25.549999237060547,26.030000686645508,26.030000686645508,837200
2023-06-07,26.059999465942383,26.440000534057617,25.690000534057617,26.059999465942383,26.059999465942383,552300
2023-06-08,26.0,26.0,24.579999923706055,25.09000015258789,25.09000015258789,490400
2023-06-09,25.219999313354492,26.739999771118164,25.079999923706055,26.40999984741211,26.40999984741211,676700
2023-06-12,26.6299991607666,27.65999984741211,26.399999618530273,27.309999465942383,27.309999465942383,905400
2023-06-13,27.43000030517578,28.5,27.299999237060547,28.329999923706055,28.329999923706055,720600
2023-06-14,28.450000762939453,29.15999984741211,28.344999313354492,28.959999084472656,28.959999084472656,828000
2023-06-15,28.760000228881836,28.850000381469727,27.219999313354492,28.3799991607666,28.3799991607666,800100
2023-06-16,28.6200008392334,28.6200008392334,27.68000030517578,28.079999923706055,28.079999923706055,690100
2023-06-20,27.84000015258789,28.190000534057617,26.309999465942383,26.600000381469727,26.600000381469727,541400
2023-06-21,26.549999237060547,27.139999389648438,26.260000228881836,26.850000381469727,26.850000381469727,440300
2023-06-22,26.270000457763672,26.489999771118164,25.434999465942383,26.040000915527344,26.040000915527344,588800
2023-06-23,25.43000030517578,25.68000030517578,25.010000228881836,25.600000381469727,25.600000381469727,1654100
2023-06-26,25.540000915527344,26.1200008392334,24.93000030517578,25.110000610351562,25.110000610351562,1182900
2023-06-27,19.700000762939453,20.479999542236328,14.510000228881836,15.720000267028809,15.720000267028809,12543600
2023-06-28,18.520000457763672,19.18000030517578,16.940000534057617,17.1299991607666,17.1299991607666,7852200
2023-06-29,17.579999923706055,18.290000915527344,17.100000381469727,18.049999237060547,18.049999237060547,2399200
2023-06-30,17.985000610351562,17.985000610351562,16.90999984741211,17.25,17.25,1848600
2023-07-03,17.25,17.809999465942383,17.06999969482422,17.5,17.5,713600
2023-07-05,17.489999771118164,17.6299991607666,16.399999618530273,16.93000030517578,16.93000030517578,1687200
2023-07-06,16.920000076293945,17.920000076293945,16.440000534057617,17.670000076293945,17.670000076293945,1842700
2023-07-07,17.540000915527344,17.989999771118164,17.3700008392334,17.549999237060547,17.549999237060547,1171700
2023-07-10,17.399999618530273,19.100000381469727,17.290000915527344,18.979999542236328,18.979999542236328,1271300
2023-07-11,18.799999237060547,19.514999389648438,18.645000457763672,19.440000534057617,19.440000534057617,1296400
2023-07-12,19.799999237060547,20.329999923706055,19.469999313354492,20.31999969482422,20.31999969482422,1053300
2023-07-13,20.360000610351562,20.719999313354492,20.010000228881836,20.65999984741211,20.65999984741211,1058900
2023-07-14,20.639999389648438,20.639999389648438,19.540000915527344,19.850000381469727,19.850000381469727,1091000
2023-07-17,19.610000610351562,20.3700008392334,19.610000610351562,20.31999969482422,20.31999969482422,484500
2023-07-18,20.43000030517578,20.81999969482422,20.315000534057617,20.709999084472656,20.709999084472656,504000
2023-07-19,20.809999465942383,21.350000381469727,20.520000457763672,20.690000534057617,20.690000534057617,964400
2023-07-20,20.540000915527344,20.68199920654297,19.600000381469727,19.829999923706055,19.829999923706055,379900
2023-07-21,20.079999923706055,20.118999481201172,19.479999542236328,19.610000610351562,19.610000610351562,430100
2023-07-24,19.700000762939453,20.1200008392334,19.4950008392334,19.639999389648438,19.639999389648438,385200
2023-07-25,19.540000915527344,19.96500015258789,19.399999618530273,19.899999618530273,19.899999618530273,363800
2023-07-26,19.75,19.899999618530273,19.43000030517578,19.889999389648438,19.889999389648438,324100
2023-07-27,20.170000076293945,20.559999465942383,19.55500030517578,19.6299991607666,19.6299991607666,399700
2023-07-28,19.809999465942383,20.469999313354492,19.809999465942383,20.40999984741211,20.40999984741211,464300
2023-07-31,20.31999969482422,21.1299991607666,20.31999969482422,21.1200008392334,21.1200008392334,706100
2023-08-01,20.799999237060547,21.479999542236328,20.75,21.309999465942383,21.309999465942383,538000
2023-08-02,21.25,21.729999542236328,21.049999237060547,21.15999984741211,21.15999984741211,768200
2023-08-03,21.0,21.959999084472656,20.459999084472656,20.6299991607666,20.6299991607666,1297400
2023-08-04,24.0,24.0,19.1299991607666,19.610000610351562,19.610000610351562,1583200
2023-08-07,19.899999618530273,20.600000381469727,19.31999969482422,19.90999984741211,19.90999984741211,1048900
2023-08-08,19.829999923706055,20.239999771118164,19.639999389648438,19.899999618530273,19.899999618530273,548900
2023-08-09,20.649999618530273,20.770000457763672,20.209999084472656,20.450000762939453,20.450000762939453,526500
2023-08-10,20.399999618530273,21.770000457763672,20.399999618530273,21.75,21.75,943600
2023-08-11,21.75,22.0,21.100000381469727,21.190000534057617,21.190000534057617,792600
2023-08-14,22.75,22.75,21.6299991607666,22.200000762939453,22.200000762939453,922000
2023-08-15,22.389999389648438,23.110000610351562,22.299999237060547,22.790000915527344,22.790000915527344,749300
2023-08-16,23.8700008392334,23.93000030517578,22.420000076293945,22.440000534057617,22.440000534057617,511400
2023-08-17,22.549999237060547,22.889999389648438,21.780000686645508,21.8700008392334,21.8700008392334,513000
2023-08-18,21.610000610351562,22.110000610351562,21.360000610351562,21.809999465942383,21.809999465942383,626100
2023-08-21,21.639999389648438,22.030000686645508,21.239999771118164,21.479999542236328,21.479999542236328,574300
2023-08-22,21.84000015258789,22.3799991607666,21.510000228881836,21.610000610351562,21.610000610351562,403600
2023-08-23,21.610000610351562,22.100000381469727,21.110000610351562,21.979999542236328,21.979999542236328,378700
2023-08-24,21.829999923706055,21.860000610351562,20.110000610351562,20.110000610351562,20.110000610351562,674700
2023-08-25,20.139999389648438,20.780000686645508,20.139999389648438,20.559999465942383,20.559999465942383,884600
2023-08-28,20.56999969482422,20.959999084472656,20.325000762939453,20.440000534057617,20.440000534057617,463000
2023-08-29,20.25,20.93000030517578,20.25,20.690000534057617,20.690000534057617,975800
2023-08-30,20.649999618530273,21.1200008392334,20.649999618530273,20.850000381469727,20.850000381469727,618900
2023-08-31,20.90999984741211,22.0,20.756000518798828,21.65999984741211,21.65999984741211,722000
2023-09-01,21.6200008392334,22.299999237060547,21.6200008392334,22.280000686645508,22.280000686645508,624100
2023-09-05,21.850000381469727,22.895000457763672,21.780000686645508,22.530000686645508,22.530000686645508,742500
2023-09-06,23.739999771118164,23.739999771118164,18.940000534057617,19.06999969482422,19.06999969482422,2325500
2023-09-07,19.010000228881836,20.19499969482422,18.59000015258789,19.239999771118164,19.239999771118164,1456700
2023-09-08,19.190000534057617,19.829999923706055,18.8700008392334,18.920000076293945,18.920000076293945,706800
2023-09-11,19.030000686645508,19.295000076293945,18.790000915527344,19.25,19.25,586800
2023-09-12,18.93000030517578,19.309999465942383,18.6200008392334,19.219999313354492,19.219999313354492,475200
2023-09-13,19.1200008392334,19.170000076293945,18.200000762939453,18.260000228881836,18.260000228881836,896200
2023-09-14,18.290000915527344,18.959999084472656,17.940000534057617,18.75,18.75,614300
2023-09-15,18.739999771118164,18.899999618530273,17.809999465942383,18.049999237060547,18.049999237060547,1158200
2023-09-18,17.860000610351562,18.1299991607666,17.200000762939453,17.34000015258789,17.34000015258789,1160700
2023-09-19,17.350000381469727,17.81999969482422,16.81999969482422,17.31999969482422,17.31999969482422,1004600
2023-09-20,17.479999542236328,17.889999389648438,16.65999984741211,16.729999542236328,16.729999542236328,1015400
2023-09-21,16.540000915527344,16.8700008392334,16.239999771118164,16.479999542236328,16.479999542236328,660500
2023-09-22,16.530000686645508,16.690000534057617,15.899999618530273,16.110000610351562,16.110000610351562,729600
2023-09-25,16.030000686645508,16.700000762939453,16.030000686645508,16.360000610351562,16.360000610351562,637500
2023-09-26,16.309999465942383,16.575000762939453,15.329999923706055,15.4399995803833,15.4399995803833,753100
2023-09-27,15.75,16.40999984741211,15.420000076293945,16.229999542236328,16.229999542236328,1163600
2023-09-28,15.680000305175781,16.170000076293945,15.475000381469727,15.520000457763672,15.520000457763672,613500
2023-09-29,15.670000076293945,15.725000381469727,15.199999809265137,15.5,15.5,667400
2023-10-02,15.470000267028809,15.760000228881836,15.369999885559082,15.5600004196167,15.5600004196167,532500
2023-10-03,15.399999618530273,15.729999542236328,15.199999809265137,15.65999984741211,15.65999984741211,529200
2023-10-04,15.779999732971191,16.0049991607666,15.380000114440918,15.6899995803833,15.6899995803833,399600
2023-10-05,15.680000305175781,15.850000381469727,15.15999984741211,15.489999771118164,15.489999771118164,402000
2023-10-06,15.3100004196167,15.9399995803833,15.199999809265137,15.789999961853027,15.789999961853027,288200
2023-10-09,15.4399995803833,15.5600004196167,15.100000381469727,15.40999984741211,15.40999984741211,310200
2023-10-10,15.460000038146973,15.850000381469727,15.375,15.420000076293945,15.420000076293945,479700
2023-10-11,15.5,15.635000228881836,14.609999656677246,14.880000114440918,14.880000114440918,519600
2023-10-12,14.850000381469727,14.890000343322754,14.579999923706055,14.760000228881836,14.760000228881836,477900
2023-10-13,14.319999694824219,14.729999542236328,13.739999771118164,13.75,13.75,886600
2023-10-16,13.920000076293945,14.390000343322754,13.779999732971191,14.279999732971191,14.279999732971191,316500
2023-10-17,14.140000343322754,14.739999771118164,14.130000114440918,14.380000114440918,14.380000114440918,320600
2023-10-18,14.319999694824219,14.319999694824219,13.90999984741211,14.020000457763672,14.020000457763672,374500
2023-10-19,14.109999656677246,14.229999542236328,13.760000228881836,14.0,14.0,266100
2023-10-20,13.859999656677246,14.279999732971191,13.8149995803833,14.039999961853027,14.039999961853027,297600
2023-10-23,13.90999984741211,14.40999984741211,13.8100004196167,13.970000267028809,13.970000267028809,338600
2023-10-24,14.100000381469727,14.489999771118164,13.90999984741211,14.4399995803833,14.4399995803833,290800
2023-10-25,14.300000190734863,14.489999771118164,14.130000114440918,14.359999656677246,14.359999656677246,269500
2023-10-26,14.359999656677246,14.579999923706055,13.875,14.15999984741211,14.15999984741211,306100
2023-10-27,14.229999542236328,14.289999961853027,13.710000038146973,13.800000190734863,13.800000190734863,337800
2023-10-30,13.930000305175781,14.100000381469727,13.640000343322754,14.0,14.0,315900
2023-10-31,14.029999732971191,14.604999542236328,13.800000190734863,14.270000457763672,14.270000457763672,289700
2023-11-01,13.020000457763672,13.460000038146973,11.3100004196167,13.109999656677246,13.109999656677246,2502300
2023-11-02,13.430000305175781,14.479999542236328,13.199999809265137,14.34000015258789,14.34000015258789,669000
2023-11-03,14.920000076293945,14.920000076293945,14.010000228881836,14.220000267028809,14.220000267028809,486800
2023-11-06,14.220000267028809,14.460000038146973,13.850000381469727,14.460000038146973,14.460000038146973,551700
2023-11-07,14.619999885559082,15.140000343322754,14.270000457763672,15.0,15.0,614600
2023-11-08,14.899999618530273,15.25,13.609999656677246,14.0,14.0,706300
2023-11-09,14.050000190734863,14.319999694824219,12.970000267028809,13.0,13.0,623000
2023-11-10,13.029999732971191,13.399999618530273,12.949999809265137,13.3100004196167,13.3100004196167,465300
2023-11-13,13.319999694824219,13.40999984741211,13.100000381469727,13.140000343322754,13.140000343322754,372500
2023-11-14,13.569999694824219,13.880000114440918,13.399999618530273,13.569999694824219,13.569999694824219,743900
2023-11-15,13.59000015258789,14.460000038146973,13.59000015258789,14.0,14.0,736100
2023-11-16,13.90999984741211,13.9399995803833,13.265000343322754,13.510000228881836,13.510000228881836,540700
2023-11-17,13.649999618530273,14.329999923706055,13.619999885559082,14.25,14.25,607600
2023-11-20,14.170000076293945,14.46500015258789,13.979999542236328,14.34000015258789,14.34000015258789,339800
2023-11-21,14.210000038146973,14.210000038146973,13.645000457763672,14.0,14.0,421100
2023-11-22,14.180000305175781,14.270000457763672,13.859999656677246,14.079999923706055,14.079999923706055,282500
2023-11-24,14.3100004196167,14.420000076293945,14.100000381469727,14.270000457763672,14.270000457763672,120200
2023-11-27,14.079999923706055,14.649999618530273,14.079999923706055,14.199999809265137,14.199999809265137,512700
2023-11-28,14.100000381469727,14.100000381469727,13.5600004196167,13.729999542236328,13.729999542236328,949400
2023-11-29,13.979999542236328,14.164999961853027,13.760000228881836,13.84000015258789,13.84000015258789,545300
2023-11-30,13.869999885559082,13.869999885559082,13.5,13.65999984741211,13.65999984741211,431000
2023-12-01,13.760000228881836,14.449999809265137,13.699999809265137,14.430000305175781,14.430000305175781,475000
2023-12-04,14.5600004196167,14.970000267028809,14.069999694824219,14.229999542236328,14.229999542236328,373800
2023-12-05,14.229999542236328,14.239999771118164,13.710000038146973,13.75,13.75,396600
2023-12-06,13.920000076293945,14.100000381469727,13.550000190734863,13.59000015258789,13.59000015258789,364300
2023-12-07,13.399999618530273,13.595000267028809,12.170000076293945,12.1899995803833,12.1899995803833,1433200
2023-12-08,12.289999961853027,12.300000190734863,10.239999771118164,10.600000381469727,10.600000381469727,2666400
2023-12-11,9.989999771118164,10.1899995803833,8.619999885559082,8.989999771118164,8.989999771118164,2758300
2023-12-12,9.0600004196167,9.239999771118164,8.300000190734863,9.220000267028809,9.220000267028809,3015400
2023-12-13,9.8100004196167,10.869999885559082,9.649999618530273,10.609999656677246,10.609999656677246,2518600
2023-12-14,10.760000228881836,11.720000267028809,10.618000030517578,11.65999984741211,11.65999984741211,1329000
2023-12-15,11.710000038146973,11.859999656677246,11.180000305175781,11.1899995803833,11.1899995803833,1069300
2023-12-18,11.170000076293945,11.279999732971191,10.850000381469727,11.09000015258789,11.09000015258789,789700
2023-12-19,11.279999732971191,11.930000305175781,11.09000015258789,11.930000305175781,11.930000305175781,875100
2023-12-20,11.895000457763672,12.600000381469727,11.725000381469727,12.050000190734863,12.050000190734863,1007000
2023-12-21,12.430000305175781,12.5600004196167,11.9399995803833,11.9399995803833,11.9399995803833,508500
2023-12-22,11.890000343322754,11.960000038146973,11.520000457763672,11.729999542236328,11.729999542236328,776000
2023-12-26,11.930000305175781,12.069000244140625,11.729999542236328,12.0,12.0,318600
2023-12-27,11.800000190734863,12.619999885559082,11.65999984741211,12.449999809265137,12.449999809265137,573800
2023-12-28,12.260000228881836,12.920000076293945,12.260000228881836,12.920000076293945,12.920000076293945,432100
2023-12-29,12.899999618530273,13.192999839782715,12.869999885559082,12.890000343322754,12.890000343322754,672800
2024-01-02,12.8100004196167,12.989999771118164,12.5,12.649999618530273,12.649999618530273,503700
2024-01-03,11.510000228881836,12.670000076293945,10.880000114440918,11.3100004196167,11.3100004196167,1590800
2024-01-04,11.289999961853027,11.539999961853027,10.869999885559082,11.149999618530273,11.149999618530273,1036700
2024-01-05,11.119999885559082,11.550000190734863,10.869999885559082,11.430000305175781,11.430000305175781,918500
2024-01-08,11.380000114440918,11.520000457763672,11.079999923706055,11.270000457763672,11.270000457763672,488000
2024-01-09,11.180000305175781,12.739999771118164,10.970000267028809,12.170000076293945,12.170000076293945,650400
2024-01-10,12.020000457763672,12.210000038146973,11.680000305175781,11.899999618530273,11.899999618530273,756600
2024-01-11,12.100000381469727,12.489999771118164,11.59000015258789,12.319999694824219,12.319999694824219,480100
2024-01-12,12.40999984741211,12.720000267028809,11.850000381469727,12.029999732971191,12.029999732971191,469100
2024-01-16,12.0,12.479999542236328,11.640000343322754,12.399999618530273,12.399999618530273,476200
2024-01-17,12.0600004196167,12.210000038146973,11.390000343322754,11.460000038146973,11.460000038146973,338500
2024-01-18,11.479999542236328,11.829999923706055,11.34000015258789,11.609999656677246,11.609999656677246,266900
2024-01-19,11.59000015258789,11.649999618530273,10.949999809265137,11.640000343322754,11.640000343322754,401000
2024-01-22,11.739999771118164,11.904999732971191,11.430000305175781,11.720000267028809,11.720000267028809,323800
2024-01-23,11.779999732971191,12.140000343322754,11.779999732971191,12.069999694824219,12.069999694824219,290400
2024-01-24,12.279999732971191,12.359999656677246,11.739999771118164,11.739999771118164,11.739999771118164,291500
2024-01-25,11.899999618530273,12.050000190734863,11.6899995803833,11.890000343322754,11.890000343322754,200100
2024-01-26,12.0600004196167,12.09000015258789,11.6899995803833,11.729999542236328,11.729999542236328,157500
2024-01-29,11.710000038146973,12.079999923706055,11.539999961853027,12.069999694824219,12.069999694824219,257700
2024-01-30,11.930000305175781,11.958999633789062,11.529999732971191,11.619999885559082,11.619999885559082,240400
2024-01-31,11.609999656677246,11.680000305175781,11.029999732971191,11.0600004196167,11.0600004196167,300400
2024-02-01,11.050000190734863,11.350000381469727,10.9399995803833,11.329999923706055,11.329999923706055,331400
2024-02-02,11.15999984741211,11.220000267028809,10.925000190734863,11.149999618530273,11.149999618530273,237800
2024-02-05,11.050000190734863,11.050000190734863,10.645000457763672,10.84000015258789,10.84000015258789,358400
2024-02-06,10.850000381469727,11.149999618530273,10.699999809265137,10.84000015258789,10.84000015258789,626700
2024-02-07,10.949999809265137,10.960000038146973,10.326000213623047,10.4399995803833,10.4399995803833,647900
2024-02-08,10.270000457763672,10.699999809265137,10.069999694824219,10.600000381469727,10.600000381469727,610300
2024-02-09,10.789999961853027,11.539999961853027,10.5600004196167,11.1899995803833,11.1899995803833,545600
2024-02-12,11.069999694824219,11.385000228881836,10.9399995803833,11.260000228881836,11.260000228881836,328000
2024-02-13,10.65999984741211,10.770000457763672,10.239999771118164,10.300000190734863,10.300000190734863,512600
2024-02-14,10.550000190734863,10.9399995803833,10.390000343322754,10.819999694824219,10.819999694824219,402100
2024-02-15,10.989999771118164,11.170000076293945,10.710000038146973,10.75,10.75,294300
2024-02-16,10.640000343322754,10.84000015258789,10.520000457763672,10.579999923706055,10.579999923706055,289200
2024-02-20,10.5,10.569999694824219,9.609999656677246,9.640000343322754,9.640000343322754,594500
2024-02-21,9.510000228881836,9.888999938964844,9.300000190734863,9.630000114440918,9.630000114440918,796300
2024-02-22,9.760000228881836,9.760000228881836,9.34000015258789,9.359999656677246,9.359999656677246,677300
2024-02-23,9.34000015258789,9.859999656677246,9.25,9.760000228881836,9.760000228881836,509600
2024-02-26,9.760000228881836,10.140000343322754,9.630000114440918,9.6899995803833,9.6899995803833,447700
2024-02-27,9.720000267028809,10.34000015258789,9.670000076293945,9.6899995803833,9.6899995803833,666300
2024-02-28,9.550000190734863,10.239999771118164,9.529999732971191,9.739999771118164,9.739999771118164,950800
2024-02-29,9.989999771118164,10.319999694824219,9.739999771118164,10.079999923706055,10.079999923706055,1888400
2024-03-01,11.149999618530273,14.899999618530273,10.850000381469727,14.050000190734863,14.050000190734863,7046600
2024-03-04,14.039999961853027,14.0600004196167,12.36400032043457,12.9399995803833,12.9399995803833,1650600
2024-03-05,13.180000305175781,14.170000076293945,13.010000228881836,13.529999732971191,13.529999732971191,784300
2024-03-06,13.699999809265137,14.40999984741211,13.3100004196167,13.970000267028809,13.970000267028809,919700
2024-03-07,14.09000015258789,14.439000129699707,13.59000015258789,13.829999923706055,13.829999923706055,569700
2024-03-08,14.0,14.359999656677246,13.5600004196167,13.770000457763672,13.770000457763672,340300
2024-03-11,13.789999961853027,14.015000343322754,13.539999961853027,13.6899995803833,13.6899995803833,618400
2024-03-12,13.649999618530273,15.385000228881836,13.619999885559082,15.260000228881836,15.260000228881836,954300
2024-03-13,15.350000381469727,15.6899995803833,14.760000228881836,15.0600004196167,15.0600004196167,856600
2024-03-14,15.170000076293945,15.520000457763672,14.850000381469727,14.899999618530273,14.899999618530273,624400
2024-03-15,14.65999984741211,15.84000015258789,14.420000076293945,15.270000457763672,15.270000457763672,782500
2024-03-18,15.149999618530273,15.369999885559082,14.470000267028809,14.510000228881836,14.510000228881836,602600
2024-03-19,14.260000228881836,15.031000137329102,14.109999656677246,14.680000305175781,14.680000305175781,398500
2024-03-20,14.75,15.319999694824219,14.369999885559082,15.149999618530273,15.149999618530273,637000
2024-03-21,15.25,15.4399995803833,14.880000114440918,14.9399995803833,14.9399995803833,412400
2024-03-22,14.899999618530273,15.5,14.770000457763672,15.1899995803833,15.1899995803833,499800
2024-03-25,15.239999771118164,15.770000457763672,15.229999542236328,15.489999771118164,15.489999771118164,371800
2024-03-26,15.619999885559082,16.434999465942383,15.5,16.219999313354492,16.219999313354492,772800
2024-03-27,16.329999923706055,16.3700008392334,15.78499984741211,16.0,16.0,512600
2024-03-28,16.0,17.0,16.0,16.540000915527344,16.540000915527344,475800
2024-04-01,16.709999084472656,16.780000686645508,15.979999542236328,16.190000534057617,16.190000534057617,386000
2024-04-02,15.890000343322754,16.290000915527344,15.470000267028809,15.649999618530273,15.649999618530273,434600
2024-04-03,15.420000076293945,15.600000381469727,14.8100004196167,14.869999885559082,14.869999885559082,919900
2024-04-04,15.140000343322754,15.279999732971191,14.569999694824219,14.670000076293945,14.670000076293945,552800
2024-04-05,14.670000076293945,14.949999809265137,14.550000190734863,14.850000381469727,14.850000381469727,544000
2024-04-08,15.1899995803833,15.460000038146973,14.970000267028809,15.079999923706055,15.079999923706055,383900
2024-04-09,15.09000015258789,15.979999542236328,15.020000457763672,15.449999809265137,15.449999809265137,391800
2024-04-10,14.970000267028809,15.595000267028809,14.569999694824219,15.0600004196167,15.0600004196167,604600
2024-04-11,15.15999984741211,15.15999984741211,14.640000343322754,14.869999885559082,14.869999885559082,481100
2024-04-12,15.029999732971191,15.100000381469727,14.21500015258789,14.390000343322754,14.390000343322754,450200
2024-04-15,14.4399995803833,14.664999961853027,14.170000076293945,14.270000457763672,14.270000457763672,311200
2024-04-16,14.09000015258789,14.09000015258789,13.579999923706055,13.630000114440918,13.630000114440918,595400
2024-04-17,13.699999809265137,13.770000457763672,12.989999771118164,13.180000305175781,13.180000305175781,663400
2024-04-18,13.260000228881836,13.319999694824219,12.720000267028809,13.109999656677246,13.109999656677246,603900
2024-04-19,12.989999771118164,13.609999656677246,12.989999771118164,13.149999618530273,13.149999618530273,537600
2024-04-22,13.09000015258789,13.180000305175781,12.4399995803833,12.699999809265137,12.699999809265137,1044600
2024-04-23,12.770000457763672,12.9399995803833,12.470000267028809,12.59000015258789,12.59000015258789,1479300
2024-04-24,12.59000015258789,12.829999923706055,12.430000305175781,12.550000190734863,12.550000190734863,565900
2024-04-25,12.289999961853027,12.569999694824219,12.135000228881836,12.470000267028809,12.470000267028809,564500
2024-04-26,12.5,13.039999961853027,12.369999885559082,12.8100004196167,12.8100004196167,464400
2024-04-29,12.890000343322754,13.4399995803833,12.800000190734863,13.0,13.0,467000
2024-04-30,13.0,13.1899995803833,12.630000114440918,12.75,12.75,559600
2024-05-01,12.680000305175781,13.550000190734863,12.40999984741211,13.010000228881836,13.010000228881836,732700
2024-05-02,13.279999732971191,13.494999885559082,12.84000015258789,13.430000305175781,13.430000305175781,1059400
2024-05-03,13.170000076293945,13.710000038146973,11.220000267028809,11.529999732971191,11.529999732971191,1694700
2024-05-06,11.640000343322754,12.5600004196167,11.640000343322754,12.170000076293945,12.170000076293945,572100
2024-05-07,12.069999694824219,12.489999771118164,11.680000305175781,11.920000076293945,11.920000076293945,970600
2024-05-08,11.65999984741211,11.970000267028809,11.616000175476074,11.970000267028809,11.970000267028809,599200
2024-05-09,11.869999885559082,12.430000305175781,11.869999885559082,12.369999885559082,12.369999885559082,377400
2024-05-10,12.359999656677246,12.359999656677246,7.489999771118164,8.479999542236328,8.479999542236328,3120400
2024-05-13,8.069999694824219,9.579999923706055,7.400000095367432,9.4399995803833,9.4399995803833,4051200
2024-05-14,9.649999618530273,9.729999542236328,8.270000457763672,8.869999885559082,8.869999885559082,2960300
2024-05-15,9.0600004196167,9.239999771118164,8.420000076293945,8.84000015258789,8.84000015258789,1272600
2024-05-16,8.800000190734863,9.0600004196167,8.6899995803833,8.970000267028809,8.970000267028809,897700
2024-05-17,8.739999771118164,8.954999923706055,8.520000457763672,8.800000190734863,8.800000190734863,1043900
2024-05-20,8.59000015258789,8.689000129699707,8.277999877929688,8.510000228881836,8.510000228881836,1336000
2024-05-21,8.449999809265137,9.210000038146973,8.399999618530273,9.149999618530273,9.149999618530273,1011300
2024-05-22,9.149999618530273,9.3100004196167,9.0,9.140000343322754,9.140000343322754,1084700
2024-05-23,9.140000343322754,9.199999809265137,8.6899995803833,8.779999732971191,8.779999732971191,764200
2024-05-24,8.800000190734863,9.25,8.6899995803833,9.100000381469727,9.100000381469727,507000
2024-05-28,9.25,9.710000038146973,9.130000114440918,9.5,9.5,704300
2024-05-29,9.350000381469727,9.550000190734863,9.029999732971191,9.430000305175781,9.430000305175781,844600
2024-05-30,9.479999542236328,9.510000228881836,9.180000305175781,9.350000381469727,9.350000381469727,617700
2024-05-31,9.430000305175781,9.449999809265137,8.890000343322754,9.0600004196167,9.0600004196167,693700
2024-06-03,9.130000114440918,9.3100004196167,9.024999618530273,9.210000038146973,9.210000038146973,465000
2024-06-04,9.279999732971191,9.399999618530273,9.09000015258789,9.279999732971191,9.279999732971191,444900
2024-06-05,9.350000381469727,9.920000076293945,9.154999732971191,9.850000381469727,9.850000381469727,1049500
2024-06-06,9.789999961853027,11.75,9.789999961853027,11.329999923706055,11.329999923706055,1635800
2024-06-07,11.0600004196167,11.380000114440918,10.835000038146973,11.09000015258789,11.09000015258789,575200
2024-06-10,11.020000457763672,11.510000228881836,10.994999885559082,11.119999885559082,11.119999885559082,446600
2024-06-11,11.050000190734863,11.449999809265137,10.8100004196167,11.319999694824219,11.319999694824219,474400
2024-06-12,11.579999923706055,11.779999732971191,11.319999694824219,11.420000076293945,11.420000076293945,542600
2024-06-13,11.4399995803833,11.720000267028809,11.09000015258789,11.649999618530273,11.649999618530273,546900
2024-06-14,11.520000457763672,11.600000381469727,11.260000228881836,11.270000457763672,11.270000457763672,550900
2024-06-17,12.34000015258789,15.65999984741211,12.329999923706055,15.130000114440918,15.130000114440918,2847900
2024-06-18,15.350000381469727,16.09000015258789,14.8149995803833,15.050000190734863,15.050000190734863,1431600
2024-06-20,15.039999961853027,16.5,14.789999961853027,15.739999771118164,15.739999771118164,1634000
2024-06-21,15.720000267028809,16.559999465942383,15.619999885559082,16.3700008392334,16.3700008392334,936900
2024-06-24,16.34000015258789,16.420000076293945,15.5,15.890000343322754,15.890000343322754,638600
2024-06-25,15.9399995803833,16.0,15.595999717712402,15.680000305175781,15.680000305175781,465000
2024-06-26,15.550000190734863,15.699999809265137,15.020000457763672,15.390000343322754,15.390000343322754,722500
2024-06-27,15.5,15.609999656677246,14.979999542236328,15.5,15.5,885100
2024-06-28,15.680000305175781,16.389999389648438,15.430000305175781,15.600000381469727,15.600000381469727,904800
2024-07-01,15.600000381469727,15.789999961853027,15.050000190734863,15.079999923706055,15.079999923706055,454300
2024-07-02,15.220000267028809,16.360000610351562,15.220000267028809,16.049999237060547,16.049999237060547,498900
2024-07-03,16.030000686645508,16.09000015258789,15.460000038146973,15.75,15.75,287100
2024-07-05,15.760000228881836,16.43000030517578,15.600000381469727,16.350000381469727,16.350000381469727,529000
2024-07-08,16.170000076293945,17.1200008392334,15.9399995803833,16.959999084472656,16.959999084472656,808000
2024-07-09,16.899999618530273,16.979999542236328,15.75,15.859999656677246,15.859999656677246,638400
2024-07-10,15.930000305175781,16.299999237060547,15.609999656677246,15.989999771118164,15.989999771118164,477900
2024-07-11,16.170000076293945,16.56999969482422,15.670000076293945,16.329999923706055,16.329999923706055,610100
2024-07-12,16.520000457763672,16.829999923706055,16.229999542236328,16.510000228881836,16.510000228881836,474300
2024-07-15,16.6299991607666,17.790000915527344,16.364999771118164,17.709999084472656,17.709999084472656,575100
2024-07-16,17.809999465942383,18.479999542236328,17.5,18.15999984741211,18.15999984741211,682600
2024-07-17,17.850000381469727,18.709999084472656,17.6299991607666,18.40999984741211,18.40999984741211,1092700
2024-07-18,18.309999465942383,18.950000762939453,18.190000534057617,18.399999618530273,18.399999618530273,1005000
2024-07-19,18.459999084472656,18.725000381469727,17.799999237060547,18.0,18.0,565200
2024-07-22,18.020000457763672,18.530000686645508,17.5,17.809999465942383,17.809999465942383,759000
2024-07-23,17.690000534057617,18.43000030517578,17.690000534057617,17.760000228881836,17.760000228881836,618300
2024-07-24,17.690000534057617,18.030000686645508,17.020000457763672,17.549999237060547,17.549999237060547,384400
2024-07-25,17.6299991607666,18.15999984741211,17.360000610351562,17.459999084472656,17.459999084472656,347900
2024-07-26,17.719999313354492,17.93000030517578,17.280000686645508,17.799999237060547,17.799999237060547,268600
2024-07-29,17.899999618530273,17.950000762939453,17.420000076293945,17.889999389648438,17.889999389648438,457000
2024-07-30,18.0,18.5,16.860000610351562,17.3799991607666,17.3799991607666,432000
2024-07-31,17.770000457763672,17.88800048828125,17.100000381469727,17.170000076293945,17.170000076293945,381500
2024-08-01,17.40999984741211,17.559999465942383,16.34000015258789,17.030000686645508,17.030000686645508,641200
2024-08-02,10.0,14.479999542236328,9.0,13.130000114440918,13.130000114440918,4795800
2024-08-05,12.489999771118164,13.850000381469727,12.220000267028809,13.710000038146973,13.710000038146973,1699300
2024-08-06,13.789999961853027,14.619999885559082,13.5,13.859999656677246,13.859999656677246,1092500
2024-08-07,14.140000343322754,14.369999885559082,12.930000305175781,12.9399995803833,12.9399995803833,629100
2024-08-08,12.899999618530273,14.710000038146973,12.729999542236328,14.390000343322754,14.390000343322754,754700
2024-08-09,14.430000305175781,14.920000076293945,14.069999694824219,14.319999694824219,14.319999694824219,433600
2024-08-12,14.319999694824219,14.319999694824219,13.75,14.119999885559082,14.119999885559082,394500
2024-08-13,14.270000457763672,14.479999542236328,13.729999542236328,13.84000015258789,13.84000015258789,440000
2024-08-14,13.90999984741211,14.15999984741211,13.449999809265137,13.5,13.5,397200
2024-08-15,13.899999618530273,14.0600004196167,13.520000457763672,13.529999732971191,13.529999732971191,285300
2024-08-16,13.4399995803833,14.109999656677246,13.369999885559082,13.609999656677246,13.609999656677246,405100
2024-08-19,13.649999618530273,14.354999542236328,13.479999542236328,14.25,14.25,286800
2024-08-20,14.180000305175781,14.359999656677246,13.75,13.760000228881836,13.760000228881836,215600
2024-08-21,13.850000381469727,14.614999771118164,13.720000267028809,14.260000228881836,14.260000228881836,253500
2024-08-22,14.399999618530273,14.520000457763672,13.930000305175781,13.949999809265137,13.949999809265137,197100
2024-08-23,14.010000228881836,14.640000343322754,14.010000228881836,14.5,14.5,262400
2024-08-26,14.6899995803833,14.729999542236328,14.119999885559082,14.199999809265137,14.199999809265137,234500
2024-08-27,14.0600004196167,14.114999771118164,12.875,13.279999732971191,13.279999732971191,574100
2024-08-28,13.1899995803833,13.359999656677246,12.710000038146973,12.710000038146973,12.710000038146973,422200
2024-08-29,12.84000015258789,13.154999732971191,12.550000190734863,13.130000114440918,13.130000114440918,262400
2024-08-30,13.170000076293945,13.276000022888184,12.579999923706055,12.920000076293945,12.920000076293945,357300
